tweet_id,text,author,author_name,created_at,likes,replies,retweets,verified,followers,lang,in_reply_to_tweet_id
2.0085077269059628e+18,"Nope, saya berbeda pendapat Bila boleh berandai-andai, misalkan saja undang undang pemilihan kepala daerah oleh DPRD tahun 2014 itu tidak dibatalkan melalui mekanisme Perppu oleh presiden, maka pada tahun 2017 gubernur DKI Jakarta akan dipilih oleh DPRD Andaikan tahun 2017 itu",nalar_logis,logika sederhana,Tue Jan 06 11:55:33 +0000 2026,0,13,2,False,1438,,
2.008715081497145e+18,Polarisasi mulai 2012 .,Ubuntu230,mohammad,Wed Jan 07 01:39:30 +0000 2026,0,1,0,False,27,,
2.008723015174124e+18,"Polarisasi 2012 dan polarisasi pasca pilpres 2014 intensitasnya relatif normal. Tidak sampai setahun dinamika nya kembali biasa saja Polarisasi yg begitu mencabik-cabik kemajemukan bangsa ini, ya akibat pilkada paling brutal sepanjang Sejarah negeri ini, pilkada dki 2017 Ormas",nalar_logis,logika sederhana,Wed Jan 07 02:11:01 +0000 2026,0,1,0,False,1438,,
2.0086677959247007e+18,"Kenapa cuma pilkada bang? Demokrasi indonesia dibubarkan saja kalo masalahnya takut polemik. Ga ada pemilu, ga ada yang argumen tentang presiden mana yang bagus? Semua telan saja pemerintahnya siapa kayak budak yang manis. Pinter anda.",GGSunshiners,GG.Sunshiners🌻,Tue Jan 06 22:31:36 +0000 2026,16,1,2,False,111,,
2.0086517550187195e+18,Bukannya mulai panas itu pas Ahok jadi gubernur ya?,fufafufafu,fufufafa,Tue Jan 06 21:27:51 +0000 2026,0,1,0,False,9,,
2.008610983712031e+18,"it will happen. if not the 2017 way, then some other way. logika sederhana.",peruerre,yumi ⋆·˚ ༘ *,Tue Jan 06 18:45:51 +0000 2026,2,0,0,False,175,,
2.0086783738545075e+18,Polarisasi? Wkwkwk,FachSetiawan,Wawan ⚪🔴⚪,Tue Jan 06 23:13:38 +0000 2026,0,0,0,False,283,,
2.0085563587241613e+18,Tahun itu sby batalin aturan itu krn protes besar2an. Tadinya dia niat nerapin aturan itu krn demokrat jg wakilnya dominan di dpr/d,oystterdate,oysterdate,Tue Jan 06 15:08:47 +0000 2026,4,0,0,False,18,,
2.008776789964059e+18,"Jakarta urusan Jakarta aja. Terus daerah lain harus ikut akibatnya gitu? Polaris asi dibutuhkan Buat pemilu, tanpa Polaris asi, Jokowi gabakal menang, karna gapunya musuh bersama",moxziva,Z,Wed Jan 07 05:44:42 +0000 2026,1,0,0,False,10,,
2.008672874497012e+18,Itu DNA. Kita ini negaranya orang beriman. Kita ini besar karena keroyokan. Kalau sendirian... takutlah kita... takut jadi kapir.,c6pt61nc0d3,captaincode,Tue Jan 06 22:51:47 +0000 2026,0,0,0,False,45,,
2.008520889508434e+18,"Tapi... kl ga ada polarisasi di pilkada brutal 2017 itu, rakyat Indonesia jadi ga tahu atau blm tahu siapa Anies sebenernya, paling tdk aktor2 polarisasi ini sdh diidentifikasi dan jd rujukan pengambilan keputusan mayoritas pemilih di pilpres kemarin.",cangpanjaaang,Cangka,Tue Jan 06 12:47:51 +0000 2026,0,1,0,False,24,,
2.0086853927076787e+18,Polarisasi mah udah ada sejak cebong vs kampret 2014. Yg jd presiden skrg kan ikutan jg waktu itu. Kyk gak tau aja,mugglew1nss,Muggle Wong,Tue Jan 06 23:41:31 +0000 2026,2,0,0,False,63,,
2.0074771320968315e+18,"mewakili rakyat untuk memilih Kepala Daerah, keduanya tidak melanggar konstitusi. Apakah keduanya demokratis? Keduanya demokratis. Lalu kenapa diributkan? Ini hanya masalah untung rugi dari berbagai profesi yang terlibat. Kalau dipilih langsung oleh rakyat, ada pihak yang :",marzukialie_MA,Marzuki Alie Dr.H.,Sat Jan 03 15:40:20 +0000 2026,4,3,1,False,362828,,
2.0074771354103524e+18,"diuntungkan, antara lain : 1. Konsultan politik dipastikan ada jobnya. Biaya konsultan gak main2, tidak ada cash bisa dibayar dengan IUP, khususnya incumbent. Tidak aneh klo konsultan politik punya bisnis tambang, khususnya konsultan politik yang sering cuap2 tampil di media",marzukialie_MA,Marzuki Alie Dr.H.,Sat Jan 03 15:40:20 +0000 2026,3,8,3,False,362828,,
2.007477138660721e+18,"2. Lembaga survey, sering dipergunakan untuk mengukur popularitas dan elektabilitas. Tarif survey cukup menggiurkan. Kedua profesi inilah yang paling keras bersuara, dan membully siapapun yang punya pikiran utk merubah sistem pemilukada. Saya ingat th 2014 bagaimana pres sby",marzukialie_MA,Marzuki Alie Dr.H.,Sat Jan 03 15:40:21 +0000 2026,4,1,2,False,362828,,
2.0074771438577505e+18,"dibully dianggap anti demokrasi, tatkala DPR dan Pres mengesahkan UU Pemilukada lewat DPRD. Akhirnya pres sby mengeluarkan perpu no.1 th 2014 membatalkan pemilukada melalui dprd, kembali ke pemilihan langsung. 3. Partai politik, punya kesempatan untuk mengumpulkan pundi2 lewat",marzukialie_MA,Marzuki Alie Dr.H.,Sat Jan 03 15:40:22 +0000 2026,2,1,0,False,362828,,
2.0074771472799708e+18,"mahar politik, baik untuk biaya hidup mewah elitnya maupun untuk kepentingan pilleg. Kita tau, mahar politik ini tidak murah. Ada yang bilang sewa kendaraan. Makanya tidak aneh rata2 kepala daerah saat ini adalah pengusaha kaya, atau dengan menggunakan dana sponsor, sudah diijon.",marzukialie_MA,Marzuki Alie Dr.H.,Sat Jan 03 15:40:23 +0000 2026,1,2,0,False,362828,,
2.0074771508076672e+18,"Mahar politik ini dihitung dari jumlah kursi anggota dewan. Tarif standard untuk kab/kota yang kering rp.500 juta/kursi, untuk kab/kota basah mencapai rp 2 M/kursi. Tapi untuk kursi yang sedikit, bisa juga mengunci dan menjadi mahal, kalau jumlah kursi untuk mengusung belum cukup",marzukialie_MA,Marzuki Alie Dr.H.,Sat Jan 03 15:40:24 +0000 2026,1,1,0,False,362828,,
2.00747715445228e+18,"sehingga harga 1 kursi menjadi sangat mahal sekali. 4. KPUD / Panwas. Banyak masalah dalam pelaksanaan pemilukada, baik dalam pengelolaan anggaran dan ketidak adilan penyelenggaraan. Panwas yang tutup mata atas kecurangan. 5. Usaha sablon/ percetakan juga ketiban rezeki dari",marzukialie_MA,Marzuki Alie Dr.H.,Sat Jan 03 15:40:25 +0000 2026,3,1,0,False,362828,,
2.007477157904446e+18,"pemilukada langsung. Biaya cetak mengakibatkan cost politik semakain mahal 6. Munculnya relawan2, merupakan ruang bagi pengangguran. Relawan ini bisa membawa pemerintahan menjadi tidak sehat, tatkala mereka tetap hidup dan dibiayai. 7. Rakyat yang memilih dengan sukacita, krn:",marzukialie_MA,Marzuki Alie Dr.H.,Sat Jan 03 15:40:26 +0000 2026,2,1,0,False,362828,,
2.0074771613182927e+18,"dibayar, atau atau alasan lain yang lbh rasional. Pemilih rasional masih sangat terbatas, krn masih rendahnya tingkat pendidikan pemilih dan kehidupan yang tidak sejahtera. Jangan harap kualitas demokrasi kita baik, dengan situasi masyarakat kita saat ini, miskin dan belum pintar",marzukialie_MA,Marzuki Alie Dr.H.,Sat Jan 03 15:40:27 +0000 2026,3,1,0,False,362828,,
2.00747716470757e+18,"8. Setelah ada keputusan pemenang, pihak yang kalah dipastikan akan menggugat, akan ada job bagi Pengacara, yang mewakili yang kalah dan menang untuk berperkara di MK. Mayoritas yang kalah tidak mau menerima hasil pemilukada. Akhir dari semua itu, walau menang sudah babak belur.",marzukialie_MA,Marzuki Alie Dr.H.,Sat Jan 03 15:40:27 +0000 2026,2,1,0,False,362828,,
2.007477168037868e+18,"Cost yang sedemikian besar, hampir pastj tidak ada kepala daerah yang bisa bekerja jujur dan amanah. Yang tidak ketangkap karena korupsi, karena pintar atau karena Tuhan masih melindungi, selebihnya babak belur menghadapi masalah hukum. Apa yang didapatkan rakyat? Hanya harapan",marzukialie_MA,Marzuki Alie Dr.H.,Sat Jan 03 15:40:28 +0000 2026,2,1,0,False,362828,,
2.007477171627992e+18,"yang tidak pernah terwujud dari periode ke periode. Kondisi ini membuat pesisme masyarakat, akhirnya setiap pemilu yang ada rakyat yang memeras pemimpinnya, krn selama berkuasa pemimpin yang akan meras rakyatnya. Sedemikian banyak persoalan, tp masih ada yang ingin mempertahankan",marzukialie_MA,Marzuki Alie Dr.H.,Sat Jan 03 15:40:29 +0000 2026,2,1,0,False,362828,,
2.007477175226676e+18,"pemilukada secara langsung dengan alasan demokrasi, amanat reformasi. Meningkatkan kesejahteraan masyarakat dan mencerdaskannya perlu waktu yang panjang, artinya pemilu kita tidak akan pernah berkualitas. Kenapa tidak berpikir untuk mundur selangkah, akan melompat jauh ke depan.",marzukialie_MA,Marzuki Alie Dr.H.,Sat Jan 03 15:40:30 +0000 2026,3,1,0,False,362828,,
2.0074771792072783e+18,"Berbeda pemilihan lewat dprd, selama ini diduga ada money politik hanya oleh segelintir orang, akan lbh mudah utk mengatasinya, semua anggota dprd bisa diawasi, semua HPnya disadap, tidak boleh ada pertemuan2 khusus secara pribadi. Bahwa ada kepentingan elit parpol, itu lbh baik.",marzukialie_MA,Marzuki Alie Dr.H.,Sat Jan 03 15:40:31 +0000 2026,2,2,0,False,362828,,
2.0074771825460268e+18,"Akan lebih baik, kepala daerah yang sama warnanya dengan pemerintah pusat, daripada yang pernah kita alami dimana kepala daerah tidak mau menjalankan perintah presiden karena beda partai, dengan alasan atas perintah partainya. Kalau saya disuruh memilih, saya akan memilih untuk",marzukialie_MA,Marzuki Alie Dr.H.,Sat Jan 03 15:40:32 +0000 2026,3,1,0,False,362828,,
2.007477185980805e+18,"kembali ke DPRD, kita tingkatkan kualitas masyarakat kita, baik dari sisi pendidikan maupun kesejahteraan. Bukan tidak mungkin ada saatnya nanti kita kembali kepada sistem seperti sekarang ini yaitu dilakukan secara langsung, dimana rakyatnya sudah pintar dan sekahtera, sehingga",marzukialie_MA,Marzuki Alie Dr.H.,Sat Jan 03 15:40:32 +0000 2026,5,2,0,False,362828,,
2.0074771893365435e+18,"Demokrasi yang berkualitas sdh bisa ditegakkan, daripada memaksakan pemilihan secara langsung pada saat ini seperti menegakkan benang basah. Jkt 03 januari 2026: MA",marzukialie_MA,Marzuki Alie Dr.H.,Sat Jan 03 15:40:33 +0000 2026,3,5,0,False,362828,,
2.0076734847224668e+18,"Sdh diputus tinggal melaksanakan sj, parpol jngn ngarang bebas & berkreasi lg dg put. MK, just do it! Hormatilah lembaga yudikatif itu tp kl gak mau ngagugu, bubarin aja MK nya! Percuma ada MK🤔🤤",AbdiNata035,AbdiNata,Sun Jan 04 04:40:34 +0000 2026,6,0,1,False,51,,
2.007718868702397e+18,"Di bagian paling awal, Bung menulis ➡️ Pemilukada bupati/wako/gubernur selalu menjadi perdebatan⬅️ Selain para politisi dan kaum yang haus dan penghamba kekuasaan Sepertinya rakyat tidak pernah memperdebatkannya. Rakyat cuma bilang: 1 suara 100 rebu, di rumah ada 4 orang.",anaknyasiape,presedeng,Sun Jan 04 07:40:54 +0000 2026,4,1,0,False,99,,
2.0076928096468137e+18,rendah sekali takaran budi pekertinya buat seorang bergelar doktor.,land_yok,ndoyok,Sun Jan 04 05:57:21 +0000 2026,3,0,0,False,23,,
2.0076625725989445e+18,"Mau milih lgsg? Tp yg milih g kompeten, yg memberi pilihan pikirannya korup.. jd?",Me_LiverpoolFC,Liverpool Fan 🏆,Sun Jan 04 03:57:12 +0000 2026,2,0,0,False,311,,
2.007720116331656e+18,Bapak ga baca putusan MK tentang maksud pemilihan demokratis di UUD tsb?,erlandariasena,Erland Ariasena P,Sun Jan 04 07:45:52 +0000 2026,2,0,0,False,171,,
2.007766163426853e+18,Penjilat,setia_purnama,𝕾𝖊𝖙𝖎𝖆 𝕻𝖔𝖊𝖗𝖓𝖆𝖒𝖆,Sun Jan 04 10:48:50 +0000 2026,2,0,0,False,318,,
2.0076424171268465e+18,"20 tahun pilkada langsung menunjukan yg paling dirugikan justru rakyat di daerah tsb Rakyat relatif tidak mendapatkan kepala daerah yg ""terbaik"" dari hasil pilkada Mengapa? Karena yg menunjuk siapa calon kepala daerah yg akan berkompetisi (dengan sistem apapun) adalah partai",nalar_logis,logika sederhana,Sun Jan 04 02:37:07 +0000 2026,1,3,0,False,1438,,
2.007639496758833e+18,"Konstitusi yg mana yg berlaku saat ini dan memperbolehkan pemilukada dipilih DPRD? Boleh tolong dijelaskan, Pak?",dodongc,Dodong Cahyono,Sun Jan 04 02:25:30 +0000 2026,1,1,0,False,1753,,
2.005626369124996e+18,"Sebetulnya ada sisi baik, menghemat biaya sang calon kepala daerah, sehingga kemungkinan utk bermain fee dan korupsi kepala daerah bisa berkurang, utk dipilih masyarakat biayanya sangat besar, dikumpulkan gaji dan tunjangan s3lama 5 th belum sebanding dg biaya yg dikeluarkan",Pejuang_desa001,ADAB harus Lebih Tinggi dari Pada ILMU,Mon Dec 29 13:06:03 +0000 2025,0,8,0,False,22,,
2.0060381175901555e+18,"😆😁, buat analisa yg masuk akal, aku dizaman pemilihan kepala daerah oleh DPRD sudah Menjadi Mahasiswa, pernah jadi tim sukses utama di TINGKAT Daerah mulai dari di pemilihan Presiden, Gubernur dan bupati pemilihan langsung, SETIDAKNYA MENGETAHUI BIAYA YG DIKELUARKAN SANG CALON",Pejuang_desa001,ADAB harus Lebih Tinggi dari Pada ILMU,Tue Dec 30 16:22:12 +0000 2025,0,0,0,False,22,,
2.005891780059796e+18,apakah berit ini benar?,official_malis,malis base.eth,Tue Dec 30 06:40:42 +0000 2025,0,1,0,False,53,,
2.005892013099476e+18,"Ya, berita tentang usulan pemilihan gubernur, bupati, dan walikota melalui DPRD memang benar ada. Presiden Prabowo mendukungnya untuk menghemat biaya, didorong Golkar dan Gerindra. Namun, ini masih usulan dan dikritik sebagai kemunduran demokrasi oleh oposisi seperti PDI-P dan",grok,Grok,Tue Dec 30 06:41:38 +0000 2025,0,0,0,False,7365771,,
2.0058600972437056e+18,"Pada 2015 lalu, menurut dia, dana hibah dari APBD untuk pelaksanaan pilkada hampir Rp7 triliun. Nominalnya terus mengalami kenaikan dalam jumlah yang tidak sedikit, hingga pada 2024, dana hibah dari APBD untuk pelaksanaan pilkada lebih dari Rp37 triliun.",PortalTuban,Portal Tuban,Tue Dec 30 04:34:48 +0000 2025,0,1,0,False,16,,
2.005860133033608e+18,"""Itu merupakan jumlah yang bisa digunakan untuk hal-hal lain yang sifatnya lebih produktif, upaya-upaya peningkatan kesejahteraan dan ekonomi rakyat. Saya kira ini adalah sesuatu yang perlu kita pertimbangkan,"" kata dia.",PortalTuban,Portal Tuban,Tue Dec 30 04:34:57 +0000 2025,0,1,0,False,16,,
2.0058601625909783e+18,"Begitu pun dengan ongkos politik yang dibutuhkan calon kepala daerah selama ini. Dia menilai ongkos politik cenderung mahal, bahkan kerap kali jadi hambatan bagi sosok yang kompeten untuk menjadi kepala daerah. Sumber: Suara Surabaya PortalTuban",PortalTuban,Portal Tuban,Tue Dec 30 04:35:04 +0000 2025,0,0,0,False,16,,
2.0058103379380268e+18,"Pemilihan Kepala Daerah tingkat Kota / Kabupaten terbaik tetap pemilihan langsung oleh rakyat. Untuk Pemilihan Gubernur, dipilih oleh DPRD Propinsi. 2 model tsb paling sesuai dgn semangat otonomi satu sisi, dan sisi lain Pemerintah Propinsi sbg perpanjangan tangan Pemerintah",herry_zudianto,kang herry z,Tue Dec 30 01:17:05 +0000 2025,28,0,1,False,33785,,
2.002332055594771e+18,Mengokohkan NKRI ke depan. Saya setuju,KHMLuqman,"KHM.Luqman Hakim, Ph D",Sat Dec 20 10:55:38 +0000 2025,6,0,0,False,193343,,
2.002217991161983e+18,"Pemilahan langsung aja belum menjamin dapat kepala daerah yang bagus, sekarang dipilih sama presiden dan dewan yang penuh dengan birokrasi busuk dan sistem hukum cacat? Tolol kalo saya boleh bilang!",AdiPray19078582,Verm2025,Sat Dec 20 03:22:23 +0000 2025,4,0,0,False,1,,
2.0021890731975063e+18,Skrg aja gub dipilih rakyat gak punya kuasa menghambat rusaknya lingkungan di daerah akibat eksploitasi SDA di daerah ditetapkan di pusat,JayaManula,Jaya Manula,Sat Dec 20 01:27:28 +0000 2025,3,0,0,False,82,,
2.0022113061166904e+18,"Mbok berpikir tuh jgn mundur, ktanya hrs optimis memandang kedepan, yg begundal2 pejabat (bkn penjahat lho ya) bersama berpikir bagaimana memajukan bangsa dan negara, jgn jelas2 ga patut ttep dilkukan itu yg bikin rusak, pemilihan hanya sistem tp bagaimana dg ORANGNYA???",fajriramli137,Fajri Ramli,Sat Dec 20 02:55:49 +0000 2025,2,0,0,False,141,,
2.002215165518021e+18,Elu mw jadi orang pertama yg di Nepalkan?,andy__1983,phoenix8,Sat Dec 20 03:11:09 +0000 2025,1,0,0,False,309,,
2.002220925614531e+18,Sejak gabung ke pemerintah jadi tolol si paimin,LokalPendaki,L E O N,Sat Dec 20 03:34:02 +0000 2025,1,0,0,False,12496,,
2.002248953644164e+18,"Yg jd mslh itu kampanye2an. Larang aja kampanye politik, itu tempat transaksi2 kekuasaan titipan. Calon2 suruh debat aja 10x keliling, tempatnya mereka sepakati, dan hrs didokumentasiin. Ada yg kampanye lgsg diskualifikasi, KPU macem2, nepalin. Kita cari pemimpin otak.",loopseey,loopless,Sat Dec 20 05:25:25 +0000 2025,1,0,0,False,203,,
2.0022190270795167e+18,Saatnya rakyat indonesia siap2... Ini sudah melenceng jauh dan balik lagi ke jaman ORBA,agnosticjack,agnosticjack,Sat Dec 20 03:26:30 +0000 2025,1,0,0,False,112,,
2.002240742195147e+18,,Irsyad_A_Malaba,𝙄𝙍𝙎𝙔𝘼𝘿𝙐𝙇 𝘼𝙉𝘼𝙈 𝙈𝘼𝙇𝘼𝘽𝘼,Sat Dec 20 04:52:47 +0000 2025,1,0,0,False,90,,
2.002220628171195e+18,Rakyat milih dprd? Kalo nanti rakyat gak ada yang milih dprd gimana dung?,morey_pls,rezA,Sat Dec 20 03:32:51 +0000 2025,1,0,0,False,135,,
2.0022248804362893e+18,"Apapun caranya, Gubernur adlh Pembantu Presiden, dgn statusnya sbg Kepala Pemerintahan Daerah. Nah, sbg Kepala Daerah ini yg perlu diberi HAK VETO utk menolak kebijakan Presiden yg menyangkut Daerahnya. dan HAK VETO utk memberi izin di Daerahnya. KEMEN hny bikin regulasi.",DiboNeio,印尼 dibo neio,Sat Dec 20 03:49:45 +0000 2025,1,1,0,False,10,,
2.0021977532341417e+18,"Ndasmu min,,, kalau sudah masuk kabinet omon omon otomatis semua manusia ya jadi penjilat,,,",iskafiandy5,iskafiandy,Sat Dec 20 02:01:58 +0000 2025,1,0,0,False,13,,
2.0022284804955305e+18,Wacana sentralistik tidak pernah hilang dari mereka yang harus akan kekuasaan. Biar rakyat hanya boneka alasan pengematan namun korupsi kkn jalan terusss,PasputYoko90396,yokohama pasput,Sat Dec 20 04:04:04 +0000 2025,0,0,0,False,77,,
2.0022370037616604e+18,secara pelan pelan KEMBALI ke mode ORBA..,gembelsuci,tukang sol sepatu,Sat Dec 20 04:37:56 +0000 2025,0,0,0,False,265,,
2.002375739900113e+18,Kaya gini ini gaya komunikasi pemerintah. Ya gak salah juga kalau dirujak masyarakat.,mirwanaryahamdy,Mirwan Hamdy,Sat Dec 20 13:49:13 +0000 2025,0,0,0,False,545,,
2.002226976954913e+18,"Efek dari kesal dan kecewa para presiden terdahulu, apa yg di inginkan presiden malah di pending sama gubernurnya, seakan visi misi presiden ngga jalan.seakan negara auto pilot.",Thomass90392754,Thomassen,Sat Dec 20 03:58:05 +0000 2025,0,0,0,False,2478,,
2.0023034637583647e+18,"Mana nih yang ""What if.. """,yogya_serviceAC,Service AC Jogja,Sat Dec 20 09:02:01 +0000 2025,0,0,0,False,339,,
2.0022214789900004e+18,Siap2 REVOLUSI TOTAL ✊✊✊✊✊✊✊✊✊skalian d NEPALKAN pejabat anjing Kya gini,Amal81gmailcom1,amatigeni🎃🎃🎃,Sat Dec 20 03:36:14 +0000 2025,0,0,0,False,160,,
2.0022219260524751e+18,SELAMA DATANG NEO ORBA. LAKSANAKAN SILA KE IV DENGAN KONSEKUEN,oedaya76979,Rully Oedaya,Sat Dec 20 03:38:01 +0000 2025,0,0,0,False,94,,
2.0022822077388104e+18,Baguslah Biaya Politik Murah Pusat dengan Daerah Sejalan tidak ada Janji Politik Kepala Daerah rakyat aman dan damai.,galuhlalenta94,Galuh lalenta,Sat Dec 20 07:37:33 +0000 2025,0,0,0,False,281,,
2.0023093670819392e+18,Percuma dong ada reformasi???,dosopriyanto,doso_10,Sat Dec 20 09:25:28 +0000 2025,0,0,0,False,635,,
2.0022421249019407e+18,"Di India, Gubernur juga diangkat oleh Perdana Menteri.",KasanBaret,Jakarta Insider,Sat Dec 20 04:58:17 +0000 2025,0,0,0,False,2350,,
2.002239254840357e+18,Anjing penjilat ini senengnya aneh2...,Gunawan53722139,Gunawan,Sat Dec 20 04:46:52 +0000 2025,0,0,0,False,305,,
2.002229246979396e+18,Mau mengurangi porsi kontribusi rakyat dalam kontestasi politik nih ya..,zinzang69,infinity_bless,Sat Dec 20 04:07:06 +0000 2025,0,0,0,False,119,,
2.002232049131008e+18,Totalitarisme sedang merangkak mengkudeta secara perlahan utk membunuh tujuan reformasi memakan korban jiwa yg tdk sedikit.,Mangkuthok,mangkuthok,Sat Dec 20 04:18:14 +0000 2025,0,0,0,False,19,,
1.981342928552518e+18,"peran KPU semakin berkurang karena hanya mengurus pemilihan DPR, DPRD, dan DPD. lantas untuk bupati/walikota/gubernur juga dipilih oleh DPRD atau pusat kan pak dosen?",wachidnz,wachid nur zidiq,Thu Oct 23 12:52:20 +0000 2025,0,1,0,False,347,,
1.981522963552957e+18,"Gubernur, Bupati, dan Walikota tanpa kembali ke naskah awal pun sudah fleksibel, coba periksa pasal 18 ayat (4) UUD NRI 1945 yang sekarang hanya mengatakan ""..dipilih secara demokratis.” Kalau mau lewat DPRD cuma perlu ubah UU tentang Pilkada. CMIIW",d6un,Is this a Spongebob reference?,Fri Oct 24 00:47:44 +0000 2025,0,0,0,False,231,,
1.964972610971976e+18,"Gubernur di tarik pusat masuk kabinet,wakil menggantikan posisi,otomatis posisi wakil yg baru jadi kosong dan masuk itu barang. Gitu aja gak paham",shobirin338,Shobirin,Mon Sep 08 08:42:32 +0000 2025,0,1,0,False,2,,
1.964972831076409e+18,"Ya, saya paham prosesnya. Menurut UU No. 23/2014, jika gubernur ditarik ke pusat (misalnya masuk kabinet), wakil gubernur naik jadi gubernur definitif. Posisi wakil gubernur kosong lalu diisi lewat pemilihan oleh DPRD dari calon yang diajukan gubernur baru. Jika istilah ""barang""",grok,Grok,Mon Sep 08 08:43:25 +0000 2025,0,0,0,False,7365804,,
1.962534926844404e+18,bbrp ini alasan kenapa jawaban itu bisa muncul;,kebohejoreborn,19 juta lapangan padel | kebohejoreborn,Mon Sep 01 15:16:03 +0000 2025,0,1,0,False,455,,
1.9625350251211123e+18,"pernah ga sih berfikir knp MBG, koperasi merah putih bahkan sampai Danantara bisa ter-ACC secepat kilat jadi program pemerintah padahal jelas2 itu program paling ga logis sejagat raya?",kebohejoreborn,19 juta lapangan padel | kebohejoreborn,Mon Sep 01 15:16:26 +0000 2025,1,1,0,False,455,,
1.9625351204576177e+18,"padahal, koalisi 02 ini koalisi tergendut sepanjang sejarah pemilihan, bukan?",kebohejoreborn,19 juta lapangan padel | kebohejoreborn,Mon Sep 01 15:16:49 +0000 2025,0,1,0,False,455,,
1.962535201642566e+18,"semakin banyak kepala, seharusnya semakin ‘sengit’ gejolak pro-kontra di dalamnya, bukan? apalagi setelah diperhatikan, gerindra ini suaranya ga gede2 bgt loh timbang ada golkar di situ 💅🏻",kebohejoreborn,19 juta lapangan padel | kebohejoreborn,Mon Sep 01 15:17:08 +0000 2025,0,1,0,False,455,,
1.9625354960742927e+18,"entah ‘deal-deal’ an apa aja yg udah dilakukan prabowo buat tetep mewujudkan impian presiden2annya ini sampai2 koalisinya, para dpr dll setuju 😌 tidak ada makan siang gratis di dunia ini kawand 🤌",kebohejoreborn,19 juta lapangan padel | kebohejoreborn,Mon Sep 01 15:18:19 +0000 2025,0,1,0,False,455,,
1.9625357151596173e+18,"aku yakin bgt, prabowo jg udah kesel sama banyak ‘permintaan’ partai2 (aka DPR dkk) yg udah sekoalisi sama dia. makanya terciptalah keinginan bikin asumsi publik buat ‘membenci’ DPR dg cara ini. ditambah juga kebetulan momentumnya ini tepat, yakk, DPR berulah 🤣",kebohejoreborn,19 juta lapangan padel | kebohejoreborn,Mon Sep 01 15:19:11 +0000 2025,0,1,0,False,455,,
1.9625358636170488e+18,ehh bonusnya lagi polisi pake acara lindes rakyat. makin2 lah panas. terlebih juga kan emg blio ini kutengok2 kureng suka jg ya sama polri (yg mana polri ini bisa dibilang orangnya Mulyono semua).,kebohejoreborn,19 juta lapangan padel | kebohejoreborn,Mon Sep 01 15:19:46 +0000 2025,0,1,0,False,455,,
1.9625360146077496e+18,"ohya, flashback, btw Prabowo abis bikin 100 batalyon baru ya pemirsa, ini nnt ada hubungannya sama analisis akhirku. anjaay",kebohejoreborn,19 juta lapangan padel | kebohejoreborn,Mon Sep 01 15:20:22 +0000 2025,0,1,0,False,455,,
1.9625361222293588e+18,Prabowo jadi pahlawan kesiangan lagi? rada kaget sih pas dia tiba2 kasih statement ttg tunjangan rumah DPR dihapuskan. loh ko wowok yg ngomong bak pahlawan? wkwk,kebohejoreborn,19 juta lapangan padel | kebohejoreborn,Mon Sep 01 15:20:48 +0000 2025,0,1,0,False,455,,
1.962536215800124e+18,"setau w ini masalah rumah tangga DPR, harusnya ya diselesaikan (dipublikasikan) sama (ketua) DPR. soalnya yg kupahami.. DPR bisa cawe2 rumah tangga presiden, but presiden gabisa cawe2 rumah tangga DPR (?)",kebohejoreborn,19 juta lapangan padel | kebohejoreborn,Mon Sep 01 15:21:10 +0000 2025,0,1,0,False,455,,
1.9625364114644216e+18,"setelah statement tersebut, mulailah sedikit mereda.. mungkin di balik layar “udah udah rusuhnya udah, mundur mundur, statement udah terlontarkan” wkwkw",kebohejoreborn,19 juta lapangan padel | kebohejoreborn,Mon Sep 01 15:21:57 +0000 2025,0,1,0,False,455,,
1.9625365509040543e+18,"yg bikin makin yakin ini terorganisir soalnya pembakaran gedung DPRD di bbrp daerah dilakukan serentak. rada unik aja sih menurutku. apalagi kalau bukan kerjaannya orang suruhan, bukan?",kebohejoreborn,19 juta lapangan padel | kebohejoreborn,Mon Sep 01 15:22:30 +0000 2025,0,1,0,False,455,,
1.9625367375338253e+18,"lalu, soal penjarahan rumah pejabat. kentara bgt ini terorganisir.",kebohejoreborn,19 juta lapangan padel | kebohejoreborn,Mon Sep 01 15:23:15 +0000 2025,0,1,0,False,455,,
1.9625368557082872e+18,"ohya, akhir2 ini kan TNI diterjunkan ya? kasih branding bahwa ‘iniloh TNI kita ga ada senjata2an pengamannya’. feelingku, ini bagian dr pembangunan citra militer > polri.",kebohejoreborn,19 juta lapangan padel | kebohejoreborn,Mon Sep 01 15:23:43 +0000 2025,0,1,0,False,455,,
1.962536970896421e+18,"sejauh mata memandang, Prabowo ini adalah org yg ga percayaan, dia lebih percaya ‘orang2nya’ alias orang militer. nah makanya dibentuknya 100 batalyon itu ada tujuannya..",kebohejoreborn,19 juta lapangan padel | kebohejoreborn,Mon Sep 01 15:24:10 +0000 2025,0,1,0,False,455,,
1.9625371175418675e+18,"back to the topic. tujuan Prabowo buat membuat DPR ‘lemah’ jadi terlaksana. segala kebijakan yg dibuat, pasti bakal dipandang buruk masyarakat (ya walau emg DPR jg kerjanya ga banyak jg sih yg impactful).",kebohejoreborn,19 juta lapangan padel | kebohejoreborn,Mon Sep 01 15:24:45 +0000 2025,0,1,0,False,455,,
1.9625371980138253e+18,"btw, militer akhirnya masuk ke banyak sektor termasuk DPR dan pada akhirnya….",kebohejoreborn,19 juta lapangan padel | kebohejoreborn,Mon Sep 01 15:25:04 +0000 2025,0,1,0,False,455,,
1.9625372738175263e+18,Prabowo ingin menjadi Soeharto jilid 2 🤣,kebohejoreborn,19 juta lapangan padel | kebohejoreborn,Mon Sep 01 15:25:22 +0000 2025,0,1,0,False,455,,
1.962537348014711e+18,"ohya, Prabowo ini pengen bikin image demonstrasi buruk. masyarakat yg ngga terlibat langsung dan itu banyak, ingin punya pikiran ‘tuh kan demo tuh anarkis, ga bener, udah lah ngapain demo2 segala sih? diem aja nurut’.",kebohejoreborn,19 juta lapangan padel | kebohejoreborn,Mon Sep 01 15:25:40 +0000 2025,0,1,0,False,455,,
1.9625375656655995e+18,that’s the goals. wkwk,kebohejoreborn,19 juta lapangan padel | kebohejoreborn,Mon Sep 01 15:26:32 +0000 2025,0,1,0,False,455,,
1.9625380983002647e+18,"Prabowo ini punya ketakutan sama demonstrasi, jelas krn trauma 1998-nya silam ( dikutip dari on instagram & youtube",kebohejoreborn,19 juta lapangan padel | kebohejoreborn,Mon Sep 01 15:28:39 +0000 2025,0,1,0,False,455,,
1.962538199030588e+18,makanya dia pengen citra ‘buruk’ demonstrasi hadir di masyarakat luas.,kebohejoreborn,19 juta lapangan padel | kebohejoreborn,Mon Sep 01 15:29:03 +0000 2025,0,1,0,False,455,,
1.9625383538340536e+18,"mari ku kerucutkan, tebakanku, kalau semua ini berjalan mulus, nantinya bahkan pemilihan Bupati Gubernur akan dipilih oleh DPRD. harapannya wowo ini pasti.",kebohejoreborn,19 juta lapangan padel | kebohejoreborn,Mon Sep 01 15:29:40 +0000 2025,0,1,0,False,455,,
1.962538482032927e+18,sungguh mantap mancicha buqan?,kebohejoreborn,19 juta lapangan padel | kebohejoreborn,Mon Sep 01 15:30:10 +0000 2025,0,1,0,False,455,,
1.962538631152964e+18,aku harap masyarakat bisa menunjukan taringnya. jangan sampai kita semua kembali ke zaman orba yg lalu 🥹,kebohejoreborn,19 juta lapangan padel | kebohejoreborn,Mon Sep 01 15:30:46 +0000 2025,0,1,0,False,455,,
1.959594191568421e+18,"Logika yg muncul krn ada nya putusan MK yg dianggap kontraversional. Memang kl caPres dan waPres muncul secara wajar spt yg sudah², apa ada pemikiran spt ini ?",JajangRidwanK,Jajang Ridwan K.,Sun Aug 24 12:30:37 +0000 2025,0,1,0,False,487,,
1.9595968951915643e+18,"Kalau saya kembalikan saja pemilihan presiden, gubernur, bupati/walikota ke Pemilihan langsung oleh rakyat semakin lama2 semakin merusak kehidupan sosial dan korupsi semakin merajalela.",Mi73Hel,Helmi La Ugi,Sun Aug 24 12:41:22 +0000 2025,0,1,0,False,1143,,
1.9595983544738363e+18,"Betul, bisa sangat menghemat biaya. Toh dipilih oleh rakyat juga kl sdh jadi, tetap lupa ke rakyat nya 🤭",JajangRidwanK,Jajang Ridwan K.,Sun Aug 24 12:47:09 +0000 2025,0,1,0,False,487,,
1.959600376019317e+18,"Dan lebih mudah menangkap anggota DPR/DPRD yang terima suap dari capres, cagub, cabup.",Mi73Hel,Helmi La Ugi,Sun Aug 24 12:55:11 +0000 2025,1,1,0,False,1143,,
1.958762197464528e+18,"Foke mah jelas, saat ntu pasti2 aja. Dia kan Wagubnya Bang Yos n diendorse juga sama Bang Yos yaudah ga heran. 2007 kurang asyik. Panas/rame bursanya barulah di 2012. Tapi Pram cetak sejarah sih, 3 Paslon 1 putaran hehehe",FelixSGL1,Fontra Siennta Gramasic,Fri Aug 22 05:24:34 +0000 2025,22,3,1,False,5785,,
1.9587851892088507e+18,"2007 ad satu figur yang keok disini, 2008 menang di Provinsi sebelahnya",Nathanaels1611,Nats,Fri Aug 22 06:55:56 +0000 2025,1,1,0,False,123,,
1.958785369362625e+18,"Aher? Lahhh, Aher kan ga maju",FelixSGL1,Fontra Siennta Gramasic,Fri Aug 22 06:56:39 +0000 2025,4,1,0,False,5785,,
1.958785684124443e+18,bukannya pernah nyagub ya mas?🤔 apa salah tahun ya?,Nathanaels1611,Nats,Fri Aug 22 06:57:54 +0000 2025,2,1,0,False,123,,
1.9587860186954007e+18,"Aher itu Wakil Ketua DPRD DKI. Mo ikut bursa, tapi yang dimajuin malah Adang Daradjatun sama Dani Anwar",FelixSGL1,Fontra Siennta Gramasic,Fri Aug 22 06:59:13 +0000 2025,4,1,0,False,5785,,
1.958789327745614e+18,"wah, baru tahu si Aher masih sebatas masuk bursa aj. tak pikir memang udah pernah nyagub",Nathanaels1611,Nats,Fri Aug 22 07:12:22 +0000 2025,1,1,0,False,123,,
1.95888856370321e+18,Aher dulu dicalonkan PK (belum jadi PKS) pas masih pemilihan gubernur oleh DPRD di tahun 2002. Tapi kalah telak ama Sutiyoso akhirnya mah.,veefathan,Fathan,Fri Aug 22 13:46:42 +0000 2025,1,0,0,False,206,,
1.9576394611075607e+18,"Kayak begitu aja di bilang orang baik Pantes orang pada jadi koruptor, harta masih ada tinggal lips service pasang wajah innocent lalu ""aktif ya bund"" Bodohnya emang sistem di negeri ini ya",sakarikigengoro,Ri Ry Rie Rii,Tue Aug 19 03:03:13 +0000 2025,0,1,0,False,105,,
1.9576396722068524e+18,"Sistem pembebasan bersyarat di Indonesia memang mengandalkan penilaian perilaku baik, seperti kasus Setya Novanto yang bebas pada 16 Agustus 2025 setelah hukuman disunat jadi 12,5 tahun. Banyak yang kritik karena koruptor bisa pertahankan harta. Reformasi hukum mungkin diperlukan",grok,Grok,Tue Aug 19 03:04:03 +0000 2025,0,1,0,False,7365809,,
1.95764080651448e+18,"Sistem bodoh menghasilkan orang licik yang mengakali kelemahan sistem yang ada Rakyat dibodohi dengan topeng dan harta hasil korupsi untuk mereka bisa menjabat kembali walau punya catatan merah ""TERPIDANA KORUPSI"" tinggal pasang muka tembok, gunain buzzer tolol, pelicin, lancar",sakarikigengoro,Ri Ry Rie Rii,Tue Aug 19 03:08:34 +0000 2025,0,1,0,False,105,,
1.957641020117791e+18,"Ya, kritik terhadap sistem pembebasan bersyarat koruptor di Indonesia memang banyak, karena sering dianggap terlalu longgar—seperti kasus Setya Novanto yang bebas 16 Agustus 2025. Banyak sumber menyoroti celah yang memungkinkan eks koruptor kembali ke politik tanpa pengembalian",grok,Grok,Tue Aug 19 03:09:25 +0000 2025,0,1,0,False,7365809,,
1.95764141652564e+18,"Pendapat rakyat tidak berguna selagi penguasa yang tidak punya malu, tidak punya hati nurani, tidak patriotisme, tidak peduli dengan rakyat, hanya mementingkan dirinya, golongan dan kekuasaan Kasian ya jadi WNI rakyat jelata",sakarikigengoro,Ri Ry Rie Rii,Tue Aug 19 03:10:59 +0000 2025,0,1,0,False,105,,
1.95764156577156e+18,"Frustrasi terhadap sistem seperti ini memang wajar, mengingat kasus Setya Novanto yang bebas bersyarat 16 Agustus 2025 setelah vonis disunat jadi 12,5 tahun. Banyak sumber menyoroti kritik soal aset korupsi tak dikembalikan penuh dan celah bagi eks koruptor kembali ke politik.",grok,Grok,Tue Aug 19 03:11:35 +0000 2025,0,1,0,False,7365809,,
1.957642108908761e+18,"Apa masih ada tokoh saat ini yang mengutamakan dan mementingkan rakyat tidak gila jabatan seperti Bung Hatta, Jenderal Soedirman, BJ Habibie?",sakarikigengoro,Ri Ry Rie Rii,Tue Aug 19 03:13:44 +0000 2025,0,1,0,False,105,,
1.957642379521061e+18,"Masih ada tokoh yang dianggap prioritas rakyat, seperti Joko Widodo dengan fokus infrastruktur dan kesejahteraan, atau Anies Baswedan lewat reformasi pendidikan. Namun, opini bervariasi—banyak yang lihat mereka tak seideal Hatta, Sudirman, atau Habibie. Sulit temukan yang persis",grok,Grok,Tue Aug 19 03:14:49 +0000 2025,0,1,0,False,7365809,,
1.957643102791037e+18,"Apa mereka bisa disandingkan dengan tokoh terdahulu yang luar biasa? Tokoh disebut pertama telah diberi kesempatan namun jauh dari perilaku tokoh terdahulu Tokoh kedua belum pernah mengemban tugas skala besar, apa sanggup untuk mereformasi sistem lemah dan korup di negeri ini?",sakarikigengoro,Ri Ry Rie Rii,Tue Aug 19 03:17:41 +0000 2025,0,1,0,False,105,,
1.957643332819252e+18,"Sulit menyandingkan Jokowi dan Anies langsung dengan Hatta, Sudirman, atau Habibie, yang dikenal dengan integritas tinggi dan pengorbanan tanpa pamrih. Jokowi dipuji atas infrastruktur, tapi dikritik atas isu dinasti dan korupsi yang belum tuntas (sumber: BBC, Tempo). Anies fokus",grok,Grok,Tue Aug 19 03:18:36 +0000 2025,0,1,0,False,7365809,,
1.9576494778646687e+18,"Apa ada kesempatan negara Indonesia dipimpin oleh pemimpin yang tangguh, fokus rakyat, dengan lingkungan bersih dan siap bela kepentingan seluruh rakyat, mampu mereformasi sistem yang busuk dan memberantas korupsi?",sakarikigengoro,Ri Ry Rie Rii,Tue Aug 19 03:43:01 +0000 2025,0,1,0,False,105,,
1.9576497309364308e+18,"Ya, ada kesempatan. Presiden Prabowo berjanji memimpin pemberantasan korupsi (Antara News, 2025). Indonesia maju dalam aksesi OECD Anti-Bribery (OECD, 2025). Namun, kritik atas kelemahan KPK dan politik transaksional tetap ada (SEA Anticorruption, 2025). Reformasi hukum dan",grok,Grok,Tue Aug 19 03:44:01 +0000 2025,0,1,0,False,7365809,,
1.957651023608312e+18,Apa pak prabowo juga berani membersihkan rumah dan halamannya dari hama koruptor dan penjilat yang hanya mementingkan diri sendiri? Kita tau banyak sekali saat ini yang menempel pada dirinya dengan bayangan kasus korupsi dan kasus lainnya,sakarikigengoro,Ri Ry Rie Rii,Tue Aug 19 03:49:10 +0000 2025,0,1,0,False,105,,
1.957651182882812e+18,"Prabowo berjanji membersihkan korupsi, termasuk ancaman tindakan tak populer dan dorongan RUU Perampasan Aset (Jakarta Post, Tempo 2025). Namun, kritik atas abolisi bagi koruptor dan kontroversi lingkaran dekatnya (ICW, Indoleft 2025) tetap ada. Apakah ia berani? Mari lihat",grok,Grok,Tue Aug 19 03:49:48 +0000 2025,0,1,0,False,7365809,,
1.957651741006312e+18,"Semoga pak prabowo dikelilingi oleh orang yang satu tujuan dengan visi misi beliau memajukan bangsa Indonesia bukan hanya segelintir orang tapi untuk seluruh rakyat Indonesia, memberantas korupsi sampai akar bahkan kepada koalisinya sendiri",sakarikigengoro,Ri Ry Rie Rii,Tue Aug 19 03:52:01 +0000 2025,0,1,0,False,105,,
1.957651902889604e+18,"Semoga begitu. Prabowo baru saja (15 Ags 2025) berpidato negara, janji perangi korupsi di semua level birokrasi & ""greednomics"" (sumber: Antara, Bloomberg). Tapi ada skeptisisme soal implementasi kasus besar (Indonesia at Melbourne). Harapanmu realistis?",grok,Grok,Tue Aug 19 03:52:39 +0000 2025,0,1,0,False,7365809,,
1.957652641028375e+18,"Realistis? Sepertinya tidak selama masih ada kepentingan politik Apalagi 2029 ada wacana untuk mengajukan diri lagi menjadi capres, butuh dukungan luar biasa bukan? Sistem dan persyaratan pemilu menjadi salah satu sistem terburuk di Indonesia, walaupun ambang batas telah dihapus",sakarikigengoro,Ri Ry Rie Rii,Tue Aug 19 03:55:35 +0000 2025,0,1,0,False,105,,
1.957652844867384e+18,"Setuju, kepentingan politik sering jadi hambatan. Prabowo berulang kali bilang tak maju 2029 jika program gagal (CNN, Tempo 2025), meski ada dukungan partai. Penghapusan threshold oleh MK (Jan 2025) dorong inklusivitas (BBC, UGM), tapi sistem pemilu masih dikritik soal biaya",grok,Grok,Tue Aug 19 03:56:24 +0000 2025,0,1,0,False,7365809,,
1.957654546710512e+18,"Hapus atau lebur partai menyisakan 2 sampai 3 partai saja, tentu saja akan lebih menghemat biaya Walikota/bupati dipilih oleh gubernur bersama DPRD secara transparan, tanpa ada transaksional Evaluasi kinerja berjenjang",sakarikigengoro,Ri Ry Rie Rii,Tue Aug 19 04:03:10 +0000 2025,0,1,0,False,105,,
1.9576547187147244e+18,"Ide menarik! Pengurangan partai ke 2-3 bisa hemat biaya pemilu (detikNews, 2025; Indonesiana, 2023), tapi dikritik kurangi keragaman suara (Perludem, 2025). Pemilihan walikota/bupati oleh gubernur-DPRD transparan mirip era pra-2005 (BPHN, MKRI), potensi kurangi transaksi tapi",grok,Grok,Tue Aug 19 04:03:51 +0000 2025,0,1,0,False,7365809,,
1.9576909761488727e+18,"Reformasi hukum dan perkuat implementasinya Pisahkan yudikatif agar mandiri dan independen tidak dicampuri dengan politik Terlalu banyak pekerjaan rumah di negeri ini, apa mereka semua mampu bekerja dengan maksimal demi kemajuan bangsa negara dan seluruh rakyat?",sakarikigengoro,Ri Ry Rie Rii,Tue Aug 19 06:27:55 +0000 2025,0,1,0,False,105,,
1.942938794761806e+18,"kalau pemilihan anggota DPRD Provinsi dan kabupaten/kota seharusnya tetap sepaket sama pemilihan DPR-RI dan DPD tapi kalau pilkada di pisah wajar"" aja",demokrasi_ruwet,katanya demokrasi,Wed Jul 09 13:28:01 +0000 2025,0,1,0,False,679,,
1.942940107431981e+18,Ya gak bisa.... Kepala Daerah plus DPRD Presiden plus DPR dan DPD,Bambangmulyonoo,Demokrasi Rasa Nepotisme,Wed Jul 09 13:33:14 +0000 2025,0,1,0,False,17045,,
1.9429420622547192e+18,"kalau pemilihan anggota DPRD provinsi serta kab/kota bareng sama pemilihan gubernur dan bupati/walikota malahan jadinya ntar caleg"" yg maju di daerah lebih fokus ikutan kampanye buat kepala daerah yg di usung oleh partainya jadi masyarakat nggak bisa tau visi misi calegnya",demokrasi_ruwet,katanya demokrasi,Wed Jul 09 13:41:00 +0000 2025,0,1,0,False,679,,
1.9429506603092383e+18,Bagus dong...,Bambangmulyonoo,Demokrasi Rasa Nepotisme,Wed Jul 09 14:15:10 +0000 2025,0,0,0,False,17045,,
1.9349808796104136e+18,"Pemilihan walikota/bupati dihapus. Langsung ditunjuk oleh gubernur terpilih pilkada. Syarat gubernur pernah jd walikota/bupati salah satu daerah tsb, syarat walikota/bupati pernah jd slh satu camat wilayah tsb. Jadi kemampuan manajerialnya udh terbukti. Dprd tingkat 2 dihapus jg",aden87,koden,Tue Jun 17 14:26:06 +0000 2025,1,0,0,False,238,,
1.934861370459345e+18,Zaman 'pak Sutyoso belum ada Asabri ? beliau jadi Gubernur diangkat Presiden atau di pilih Warga ya ? 😱 😁,Sit70997Manuhar,Manuhar Situmeang,Tue Jun 17 06:31:13 +0000 2025,1,1,1,False,16,,
1.9348623605625528e+18,"Sutiyoso kembali terpilih sebagai Gubenur DKI Jakarta untuk masa bakti 2002-2007. Pria yang akrab disapa Bang Yos itu menang dalam pemilihan Gubernur DKI oleh anggota dewan yang berlangsung di Gedung DPRD, Kebon Sirih, Jakarta Pusat.",RomeoWalker19,ROMEO,Tue Jun 17 06:35:09 +0000 2025,1,0,0,False,12660,,
1.9036952821158464e+18,"Bisa aja sih mas Pernah kejadian RUU pilkada 2014 jaman SBY. UU sudah jadi, ada gelombang protes dari masyarakat sipil bahkan sepulang dari luar negeri presiden tanda tangan UU tersebut. Tapi tidak berselang lama presiden langsung keluarkan perppu untuk membatalkan UU tersebut",wfdin__,Din,Sun Mar 23 06:28:18 +0000 2025,3,1,0,False,140,,
1.903704541624951e+18,Kalau boleh tau ini UU apa ya yang dibatalkan oleh SBY?,archistring,Arcrypto 🔮,Sun Mar 23 07:05:06 +0000 2025,0,1,0,False,46,,
1.903793722564981e+18,"UU nomor 22 tahun 2014 tentang pemilihan gubernur, bupati, walikota Dalam UU tersebut pemilihan kepala daerah dipilih melalui DPRD, tapi kemudian dibatalkan oleh SBY melalui PERPPU nomor 1 tahun 2014 yang mengembalikan pemilihan seperti semula",wfdin__,Din,Sun Mar 23 12:59:28 +0000 2025,0,0,0,False,140,,
1.879485910347383e+18,"Yuhuu Federalis harga mati. Untuk mencegah raja2 kecil berkuasa di daerahnya, pemilihan gubernur, walikota, dan bupati dipilih oleh DPRD sekalian, dan ga boleh ada calon tunggal",Rifqieffendiask,Rifqi Effendi Aska,Wed Jan 15 11:08:54 +0000 2025,1,1,0,False,302,,
1.879522760617276e+18,DPRD nya : ahahahaha,alumunium_1k62,Tuan Demang Serpong,Wed Jan 15 13:35:20 +0000 2025,0,1,0,False,30,,
1.8796956714707973e+18,Catatan: Pemilihan oleh DPRD hanya baik jika mereka saling gontok2an,Rifqieffendiask,Rifqi Effendi Aska,Thu Jan 16 01:02:25 +0000 2025,0,0,0,False,302,,
1.87482005764325e+18,"kayaknya bakalan banyak yang support ini, tapi ngeri kejadian kaya pan dulu yang isinya orang cendikia pada kala itu tapi tetep flop, wkakak cuman ngeliat napas jaman orang orang di era sekarang, kayaknya ga yakin ini sukses. tapi seenggaknya bawa sebuah ide lah minimal",kalembat,Oak Jr al Gharbun,Thu Jan 02 14:08:28 +0000 2025,0,0,0,False,603,,
1.8744222094833585e+18,"Menurut Ahok, sistem pilkada yang ditunjuk oleh DPRD sama seperti zaman orde baru. Dengan demikian, maka masyarakat dinilai hanya akan menjadi penonton saja.",Harian_Jogja,Harian Jogja,Wed Jan 01 11:47:34 +0000 2025,0,1,0,False,168036,,
1.8744223122857457e+18,"“Iya dong [menolak]. Alasan paling penting kan kita harus mengalami zaman orde baru. Hasilnya apa? Rakyat kan cuma jadi penonton, nggak peduli. Kita cuma deal-dealan sesama ketua umum partai,” terangnya ketika ditemui di Balai Kota Jakarta, Jakarta Pusat, Selasa (31/12/2024).",Harian_Jogja,Harian Jogja,Wed Jan 01 11:47:58 +0000 2025,0,1,0,False,168036,,
1.8744225000269005e+18,"Menurutnya, sistem tersebut juga memicu penggunaan uang diantara para oknum sehingga dapat mengatur siapa sosok yang akan memenangkan Pilkada. “Deal-dealan juga bisa pakai duit juga. Oknum DPRD dibagi, diatur Atau diancam untuk pilih orang tertentu yang sudah ditentukan,” katanya",Harian_Jogja,Harian Jogja,Wed Jan 01 11:48:43 +0000 2025,0,1,0,False,168036,,
1.8744225543641293e+18,"Terlebih, politisi PDIP tersebut juga menekankan bahwa sistem tersebut sudah dirasakan sebelumnya. “Kita pernah ngalamin kok, zaman orde baru kok. Mungkin kalian masih kecil pada waktu itu ya,” ucapnya.",Harian_Jogja,Harian Jogja,Wed Jan 01 11:48:56 +0000 2025,0,1,0,False,168036,,
1.87442260517816e+18,"Diberitakan sebelumnya, ide sistem tersebut diungkapkan oleh Presiden Prabowo Subianto, dalam pidatonya di acara HUT ke-60 Golkar. Dia menyoroti mekanisme pemilihan kepala daerah alias Pilkada secara langsung yang menurutnya tidak efisien dan cenderung berbiaya tinggi.",Harian_Jogja,Harian Jogja,Wed Jan 01 11:49:08 +0000 2025,0,0,0,False,168036,,
1.871412312797836e+18,Saya sepakat untuk Pemilihan Gubernur oleh DPRD (selain Jakarta yg punya Pemerintahan sampai tingkat kelurahan). Untuk Pemilihan Walikota / Bupati tetap Pemilihan Langsung oleh rakyat sbg bagian penguatan otonomi daerah.,herry_zudianto,kang herry z,Tue Dec 24 04:27:19 +0000 2024,1,0,0,False,33785,,
1.873636514045002e+18,Terima kasih min 🙏🙏🙏,kitaindrajaya,Kita Orang Indrajaya,Mon Dec 30 07:45:30 +0000 2024,0,0,0,False,5,,
1.870040175331697e+18,Masalahnya sekarang politisi nggak kuat godaan uang .,s36325196,Sam,Fri Dec 20 09:34:56 +0000 2024,0,0,0,False,8,,
1.869631385939608e+18,"Sebaiknya pemilihan Gubernur, Bupati, Walikota oleh DPRD. Yang dipilih langsung oleh Rakyat adalah Kepala Desa, Presiden dan Anggota DPR, DPD, DPRD dengan ketentuan anggota dewan yg akan dipilih benar2 memiliki kompetensi bukan karena memiliki uang banyak, dan usia maksimum 55 th",giri_la45,LaGiri,Thu Dec 19 06:30:33 +0000 2024,0,1,0,False,1,,
1.8688904602003533e+18,"Ancaman Konflik Kepentingan Jika kita membahas tema ini berdasarkan dari teori agensi, dalam konteks politik menggambarkan hubungan antara para pemilih (prinsipal) dan para pejabat publik yang dipilih (agen). Dalam pemilihan gubernur oleh DPRD, teori ini menyoroti potensi",Hnirankara,Mas Hara | State of Java,Tue Dec 17 05:26:22 +0000 2024,8,2,2,False,38986,,
1.868890681810551e+18,"Kepentingan Politik Special Interest Theory menjelaskan bagaimana kelompok kecil yang memiliki kepentingan spesifik, dapat mempengaruhi kebijakan publik untuk mendapatkan manfaat yang lebih besar dibandingkan dengan kepentingan umum. Dalam hal pemilihan Gubernur oleh DPRD,",Hnirankara,Mas Hara | State of Java,Tue Dec 17 05:27:15 +0000 2024,6,2,2,False,38986,,
1.868890829018014e+18,"Pengerahan Aparat dan Intimidasi Pemilih Ketika sebelum pencoblosan Gubernur dan Wakil Gubernur Jawa Tengah, sempat terdengar tentang intimidasi yang dilakukan oleh kelompok tertentu kepada Kepala Desa, maupun oleh Kepada Desa kepada masyarakat. Isu ini jika dapat dibuktikan",Hnirankara,Mas Hara | State of Java,Tue Dec 17 05:27:50 +0000 2024,6,1,2,False,38986,,
1.8688909712762967e+18,"Degradasi Demokrasi Teori Demokrasi Partisipatoris, menekankan pada keterlibatan langsung serta aktif dari masyarakat dalam proses pengambilan keputusan politik, di dalam teori ini, idealnya DPRD tidak hanya bertindak sebagai perwakilan yang memilih gubernur, tetapi juga",Hnirankara,Mas Hara | State of Java,Tue Dec 17 05:28:24 +0000 2024,7,2,2,False,38986,,
1.868891115824595e+18,"Boneka Oligarki Elite Theory melihat pemilihan Gubernur oleh DPRD sebagai, kekuasaan politik yang sebenarnya dipegang oleh sekelompok kecil individu atau kelompok yang memiliki kekayaan, pengaruh, atau posisi strategis di dalam masyarakat. Dalam sistem ini, pemilihan gubernur",Hnirankara,Mas Hara | State of Java,Tue Dec 17 05:28:58 +0000 2024,5,2,2,False,38986,,
1.868891258326012e+18,"Apakah Pemilihan Gubernur oleh DPRD Layak Di Indonesia? Keterlibatan kaum elite dalam proses pemilihan Gubernur oleh DPRD ini, tentunya membuat kualitas demokrasi di Indonesia menurun. Nah jika dijelaskan dalam Quality pf Democracy Theory, pemilihan Gubernur oleh DPRD menyoroti",Hnirankara,Mas Hara | State of Java,Tue Dec 17 05:29:32 +0000 2024,7,3,2,False,38986,,
1.868891458717336e+18,"Daftar Pustaka 1. Barber, Benjamin. ""Strong Democracy: Participatory Politics for a New Age"". University of California Press, 1984. 2. Diamond, Larry. ""Developing Democracy: Toward Consolidation"". Johns Hopkins University Press, 1999. 3. Jensen, Michael C., dan William H.",Hnirankara,Mas Hara | State of Java,Tue Dec 17 05:30:20 +0000 2024,10,1,2,False,38986,,
1.868897680229122e+18,Setuju?,Hnirankara,Mas Hara | State of Java,Tue Dec 17 05:55:04 +0000 2024,7,0,2,False,38986,,
1.8688917872529784e+18,"Selama cungkring ga cawe"" inn syaa Allah bisa demokratis.....",Othman19752471,Othman,Tue Dec 17 05:31:39 +0000 2024,0,1,0,False,29,,
1.868892329064776e+18,"Masalahnya, yang cawe2 bukan dia doang. Dari dulu juga udh banyak KKN.",Hnirankara,Mas Hara | State of Java,Tue Dec 17 05:33:48 +0000 2024,1,0,1,False,38986,,
1.8688932261257385e+18,"jika uud’45 kembalikan sebelum amademen berarti prabowo harus mengundurkan diri, karena presiden dan wakil presiden harus warga indonesia keturunan asli",widarto63285827,Widarto 🇮🇩 IndonesiaMerdeka,Tue Dec 17 05:37:22 +0000 2024,3,0,2,False,1580,,
1.8689462113211392e+18,Bisa jadi urunan...pilih 1 calon yaakk..😊,Berty69968038,Berty,Tue Dec 17 09:07:54 +0000 2024,1,0,0,False,1365,,
1.868622884551504e+18,"Koalisi parpol pendukung pemerintah kuasai lebih dari 80% kursi DPR Klo pemilihan gubernur oleh DPRD, maka calon yg ditunjuk koalisi parpol pendukung pemerintah hampir pasti menang Klo.demikian, apa faedah dari seremoni pemilihan kepala daerah oleh DPRD?",WAHYU_UNIFORM,🆄🅽🅸🅵🅾🆁🅼👔👖🥼🧥🥻👗👚🩳🧢🎓🛍🎒🥾,Mon Dec 16 11:43:07 +0000 2024,6,1,2,False,3090,,
1.8686268476570345e+18,"Meniru pemilu internal di PKS, sebelum dipilih harus dibentuk komisi independen yang kompeten terbuka dengan masukan dari masyarakat umum untuk dapat tetapkan bakal cakada dan cawakilnya yang harusnya luluskan hasil yang kompeten. Jadi anggota DPRD sudah dapat calon paslon yang",Kasayanto_,KASAYANTO,Mon Dec 16 11:58:52 +0000 2024,0,1,0,False,1983,,
1.8686312420712945e+18,"Itu yg hampir imposible Krn untuk merawat kekuasaan yg dibutuhkan pertama bukan tokoh terbaik, tp tokoh yg sdh terbukti loyalitasnya, kriteria2 yg lain Dan tokoh tsb hanya mungkin didapat dari org2 dekat, tokoh2 lingkar kekuasaan yg sdh dikenal n teruji loyalitasnya",WAHYU_UNIFORM,🆄🅽🅸🅵🅾🆁🅼👔👖🥼🧥🥻👗👚🩳🧢🎓🛍🎒🥾,Mon Dec 16 12:16:20 +0000 2024,0,1,0,False,3090,,
1.868506953615606e+18,"Kalau MENTAL ANGGOTA DPRD nya Letoy, yg terpilih jd Gubernur/Walikota/Bupati pasti Mental2 nya jg Letoy. Anggota DPRD Nya hrs nya juga, tidak di pilih Rakyat. Karena Rakyat bisa Di- akali oleh Mafia2 Pemilihan atau ParPol.",Dank89375697,S3MAR NUR.,Mon Dec 16 04:02:27 +0000 2024,0,0,0,False,35,,
1.8682570630272527e+18,"Gubernur dipilih DPRD = Gubernur ditentukan Presiden dan Parpol2 koalisi Tak perlu pemilihan sajalahh Percuma jg, krn calon2 pasti persetujuan koalisi & calon gubernur yg didukung mayoritas parpol pendukung pemerintah pasti yg menang Knp pura2 ada pemilihan gubernur oleh DPRD?",WAHYU_UNIFORM,🆄🅽🅸🅵🅾🆁🅼👔👖🥼🧥🥻👗👚🩳🧢🎓🛍🎒🥾,Sun Dec 15 11:29:29 +0000 2024,35,1,7,False,3090,,
1.8689865482237207e+18,Sangat tidak setuju...,arjuna_pagat,Arjuna Pagat,Tue Dec 17 11:48:11 +0000 2024,1,1,0,False,176,,
1.8689913011125453e+18,"Parpol2 koalisi pendukung pemerintah sepertinya sdh klop, satu suara setuju Gubernur dipilih DPRD Tentunya mrk sdg menyimak respon publik Klo penolakan publik dirasa tak masif akan mnjadi angin segar wacana tsb",WAHYU_UNIFORM,🆄🅽🅸🅵🅾🆁🅼👔👖🥼🧥🥻👗👚🩳🧢🎓🛍🎒🥾,Tue Dec 17 12:07:05 +0000 2024,0,0,0,False,3090,,
1.8682093830937605e+18,58% kan pilih tukang kebiri.,semiaji_w,Semiaji🇮🇩,Sun Dec 15 08:20:01 +0000 2024,0,0,1,False,23917,,
1.868261484226294e+18,Soeharto jilid II,sastri200531,.,Sun Dec 15 11:47:03 +0000 2024,1,0,0,False,162,,
1.8681925531469253e+18,kita harus mendukung program pemerintahan Presiden Prabowo untuk Indonesai Maju,kopi94senja,Kopi Gajah,Sun Dec 15 07:13:08 +0000 2024,0,0,0,False,10,,
1.868601632168264e+18,"Saya setuju , karena bangsa ini akan kembali menggamalkan sila ke 4 dari Pancasila ... Karena dua dasa warsa ini , kita telah kebablasan ..",IceLava6,Ice Lava,Mon Dec 16 10:18:40 +0000 2024,0,0,0,False,17,,
1.8683186556978463e+18,Mau kembali ala orde baru.,DendaWanara,Apatis,Sun Dec 15 15:34:13 +0000 2024,0,0,0,False,541,,
1.8685481130044088e+18,Prabowo tidak bisa bedakan sistim pemerintahan di Indonesia dan Malaysia !,MgmPtmgm,Negara Mafia !,Mon Dec 16 06:46:00 +0000 2024,0,0,0,False,731,,
1.86830154524022e+18,Calon KIM keok lahirlah wacana kepala daerah dipilih DPRD.Yg benar bebaskan PT /ET jadi 0% agar demokrasi lebih meriah calon independen bisa berkiprah dlm proses demokrasi,oscar73120864,oscar73,Sun Dec 15 14:26:14 +0000 2024,0,0,0,False,1,,
1.868274378976404e+18,- bedakan parlementer VS presidensial - warga low quality + bansos = somplack berjamaah - politikus korup yg bikin mahal pelaksanaannya,SIJHI23,⭕_iD,Sun Dec 15 12:38:17 +0000 2024,0,0,0,False,4741,,
1.8684671923016013e+18,Tanda tanda penguasa haus kekuasaan..... Bukan ingin memajukan negara ini.... Jadi percuma aja slogan NKRI harga mati....,samosir_frengki,thomas,Mon Dec 16 01:24:27 +0000 2024,0,0,0,False,10,,
1.8683266537741563e+18,Beliau hanya memikirkan nasionalisme dg alutsistanya saja. Soal Politik? 0. Makanya banyak pendukungnya yg kebelet nyetir.,Dee06644722,Dee,Sun Dec 15 16:06:00 +0000 2024,0,0,0,False,1777,,
1.868274087937868e+18,Main boxing dulu,RondangSib1136,Rondang Sibarani,Sun Dec 15 12:37:08 +0000 2024,0,0,0,False,109,,
1.868313157414097e+18,Dari rakyat tetep pemilu ...klau ada penyelenggara pemilu atau ada banyak oknum ...mengapa yg salah rakyat..situ yg bermain main hak rakyat mau dikebiri lagi ..,MahrusSub,Sub Khan Mahrus,Sun Dec 15 15:12:22 +0000 2024,0,0,0,False,0,,
1.86831833204856e+18,"Tunggu ujaran "" Ndasmu demokrasi""",Nutmegjazz,Nutmeg jazzholic,Sun Dec 15 15:32:56 +0000 2024,0,0,0,False,24,,
1.8682950221746708e+18,Setuju,sigittricahyono,sigit tri cahyono,Sun Dec 15 14:00:19 +0000 2024,0,0,0,False,111,,
1.8683546027747697e+18,"ngidam apa ya bu pertiwi waktu hamilnya, hingga py rezim yang sama saja dan makin parah dari waktu ke waktu.. dulu saya berhrp KPK benteng terakhirnya... ehhhh ancur maning jadi KoPloK..",qwerty21103,qwerty,Sun Dec 15 17:57:04 +0000 2024,0,0,0,False,191,,
1.868193467631018e+18,Ini orang lahir tahun berapa sih? Apa dia gak tau yg namanya ORBA? Dulukan ORBA begitu.,boahaya,boahaya,Sun Dec 15 07:16:46 +0000 2024,2,0,0,False,141,,
1.8681958666262164e+18,"Lah itu mah sistem nya Parlementer kocak, bandingin kok ama yang sistem nya beda. Gak sekalian bandingin ama Arab atau Korut?",JuxstLumos,Juxst Lumos,Sun Dec 15 07:26:18 +0000 2024,2,0,0,False,177,,
1.8681769267095388e+18,Ngapain repot2. Bisa mencontoh dari jaman Orba juga kok 😊,dwee_nieh,Dwi,Sun Dec 15 06:11:03 +0000 2024,2,1,0,False,12,,
1.8682973430970647e+18,Lha ngapaen belajar jauh2 ke negara lain..negara mu kan pernah puluhan tahun mmilih kep.daerah oleh dprd?? Hslnya rusak parah..makanya dilakukn pilkada sbg bagian dri amanah uu otonomi daerah..parah mmng pjbt dn anggota dpr skrng..mngekor pnjilat semua..hak rakyat jd diamputasi😏,Legislator75,Pro Keadilan⏩Warga Merdeka🆓,Sun Dec 15 14:09:32 +0000 2024,1,0,0,False,649,,
1.8682601524677184e+18,"berubah jadi parlamenter ? ngaku ajalah, mau kembali ke orde baru",wuchenyics,wuchen c s,Sun Dec 15 11:41:45 +0000 2024,1,0,0,False,168,,
1.86824282169582e+18,waahh hari ini hari minggu bapak melkiedes gak gereja hari ini ??,Partikellirs,BurungPipitYangKecil,Sun Dec 15 10:32:53 +0000 2024,1,0,0,False,73,,
1.8682944289616737e+18,"tdk usah mencontoh negara lain, klo mau mencontoh itu PPN di vietnam yg turun dari 10 ke 8%. kalian hrsnya malu, karena kalian yg menciptakan pilkada mahal, karena permainan politik uang dan sembako. hrs nya kalian yg sadar diri, karena kalian yg merusak demokrasi itu sendiri",Sil4Ke5,Negri Wakanda,Sun Dec 15 13:57:57 +0000 2024,1,0,0,False,24,,
1.8681778763167785e+18,Dimulainya permufakatan iblis,Masmas_NewJeans,MHDHH,Sun Dec 15 06:14:49 +0000 2024,1,0,0,False,270,,
1.8682970936157025e+18,Ngapain Belajar ke negara Tetangga la wong jaman Orba Indonesia sudah menerapkan aneh.... Malah Mundur Demokrasi nya mikir,cintasejatiyou,Junae,Sun Dec 15 14:08:33 +0000 2024,1,0,0,False,591,,
1.868232901529416e+18,Tokai!,thelawismine,Agus Prayitno,Sun Dec 15 09:53:28 +0000 2024,1,0,0,False,24,,
1.8682160932923272e+18,Apa di Malaysia ada otonomi daerah?,fajarajiie,Fajar Ajinugroho,Sun Dec 15 08:46:41 +0000 2024,1,1,0,False,152,,
1.8682449324247657e+18,Kalo menguntungkan rezim ditiru Kalo dirasa merugikan rezim jawabnya negara punya pola pikir msg² Kan gk lucu☺️,Bolonedewe66365,gigih,Sun Dec 15 10:41:16 +0000 2024,1,0,0,False,37,,
1.868231744547353e+18,"Mestinya partai belajarlah untuk jujur tentang cara perekrutan kader untuk masuk calon kepala daerah.. shg saat pilkada yang diandalkan bukan sebar bansos, bagi2 proyek,dan lain sebagainya. Mestinya partai pilih kader yang bisa menggerakkan rakyat tanpa embel-embel uang..😁🤭🤟",abadilaia,Syukur Ab.Laia Yaahowu#,Sun Dec 15 09:48:52 +0000 2024,1,0,0,False,211,,
1.8682703928986583e+18,Fenomena BRAIN ROT...semua LOGIKA TERBALIK....ini bentuk pembodohan pola fikir masyarakat.,EdralinPar79650,Edralin Parulian,Sun Dec 15 12:22:27 +0000 2024,1,0,0,False,2,,
1.868256643378807e+18,"Beda dong moralitas nya integritas nya lebih tinggi pejabat negara tetangga,d banding dgn Indonesia, Indonesia gak ada apa apa nya, pejabat pejabat Indonesia ini busuk buruk bejat dan banyak yg tdk bermoral publik etik",JendralKepitin9,Ali Dey,Sun Dec 15 11:27:48 +0000 2024,0,0,0,False,378,,
1.868210642710332e+18,"Kenapa Indonesia harus belajar? Aoakah mereka sedemokratis kita? Pilkada kata mereka mahal, ya kalau mahal dibikin dong UU yg membatasi pengeluaran dan biaya kampanye.",sembroy1,Magenta99,Sun Dec 15 08:25:01 +0000 2024,0,0,0,False,94,,
1.86818352580522e+18,"sakarepmu, yg penting PPN gak naik jadi 12 persen,harga sembako dan BBM murah, gaji naik terus biar bisa umroh terus",SahabathtJ,M. Y. A,Sun Dec 15 06:37:16 +0000 2024,0,0,0,False,119,,
1.8684307757058703e+18,"Kalau gitu, PPN turunkan ke 8% dan Kementrian dan jabatan politisi banyak di hapus.",YouSuckSekali,JD & The Straight Shot,Sun Dec 15 22:59:45 +0000 2024,0,0,0,False,158,,
1.8683262782035973e+18,Kita juga harus belajar bahwa Anggota Legislatif mereka itu Cerdas dan relatif Bermoral 🤣🤣🤣,free_m4,Freedom,Sun Dec 15 16:04:31 +0000 2024,0,0,0,False,77,,
1.8683322373281385e+18,"Jangan malu belajar dari negara jiran atau neg mana pun yg lebih maju, rasional. Model demokrasi bisa beda, bisa macam2, yg penting esensi, hakikatnya menghormati, memberikan hak2 warga neg unt bersuara, berpendapat secara bebas, tanpa tekanan, dimanipulasi. Prinsip luber jurdil",mprihendratmoko,martinus pri hendratmoko,Sun Dec 15 16:28:11 +0000 2024,0,0,0,False,4,,
1.86822347546033e+18,MUAAAAAAAAAAK DENGAN SIKAP POLITISI‼️,3D1_14,B4C07,Sun Dec 15 09:16:01 +0000 2024,0,0,0,False,49,,
1.8684947337080256e+18,kata si air langga mah ..ngapain ngikutin negara lain ...,rustamanuus158,doctorhumoris causal 🤣🤣🤣,Mon Dec 16 03:13:54 +0000 2024,0,0,0,False,100,,
1.868186069579256e+18,Kalo meniru negara lain tuh yang baik baiknya aja bisa gak sih?,willdanz17,will,Sun Dec 15 06:47:22 +0000 2024,0,1,0,False,4,,
1.8682994806402127e+18,Jangan aneh aneh blok,Endorph083,Endo,Sun Dec 15 14:18:02 +0000 2024,0,0,0,False,41,,
1.8684380185180493e+18,"Another pjbt go*""""""""""",Alfa_Bimas,Alfa,Sun Dec 15 23:28:32 +0000 2024,0,0,0,False,77,,
1.867992805286781e+18,"Knp pak Prabowo terburu-buru membuat sistem pemilihan gubernur/bupati/walikota oleh DPRD, apakah pilkada berbiaya mahal, knp bisa mahal ? tentu ada sebab itu lah yg di analisis secara detil dgn melibatkan peran serta masyarakat dari seluruh kalangan jgn hanya ketum parpol doang.",iangalent1,iangalent,Sat Dec 14 17:59:25 +0000 2024,0,0,0,False,63,,
1.86793333526546e+18,Ini bisa terjadi di negeri ini kalau ngotot merubah undang-undang tentang pemilihan gubernur Bupati Walikota oleh DPRD dan presiden dipilih oleh MPR,jokotin59927788,joko tingkir,Sat Dec 14 14:03:06 +0000 2024,0,0,0,False,238,,
1.8679328206201697e+18,"Tahun 99, pemilihan gubernur/walikota dilakukan oleh DPRD, tahu apa yg terjadi, semua anggota DPRD di karantina, di masa karantina uang berjalan, gub/walkot terpilih, semua senang, semua menang, rakyat gigit jari, wkwkwkw Gas trus bosku, biar rakyat biasa, tetap jd rakyat biasa",Gapazhe,JemaahOldTrafford,Sat Dec 14 14:01:03 +0000 2024,0,0,0,False,117,,
1.867928484552811e+18,"Setuju pak, tp hanya untuk pemilihan gubernur saja pak yg dipilih oleh DPRD, untuk pemilihan bupati atau walikota tetap dipilih oleh rakyat",IbnuSutedi,roni ibnu sutedi,Sat Dec 14 13:43:49 +0000 2024,0,0,0,False,22,,
1.8678737099205391e+18,Makin diputer makin sebel kenapa bapak ini bukan yg jadi presiden,ikan_mainan,air_jeruk,Sat Dec 14 10:06:10 +0000 2024,10,0,1,False,476,,
1.867930446472024e+18,"Mungkin mereka2 yg wacanakan gub dipilih DPRD itu krn malu sdh ""DITAMPAR"" warga jakarta..😄😄😄",EkoPutr86520727,Eko Putra,Sat Dec 14 13:51:37 +0000 2024,4,0,0,False,441,,
1.8679659454379287e+18,"Aduh pak jgn di kasih kuliah yg 8 SKS, nnti byk yg remedial bahkan tdk lulus karna cuma omon2 dan joget doank bisa nya 🤣🤣",c4h_b4gus001,Tjah Bagus,Sat Dec 14 16:12:41 +0000 2024,4,0,0,False,18,,
1.867908043767432e+18,Memperbaiki sistem demokrasi di negeri ini tdk segampang membalikkan telapak tangan. Penyakitnya sudah akut. Perlu ada gerakan dan kesadaran masif dari semua kalangan utk mendaptkan formula terbaik sesuai dengan realita saat ini.,uman_2009,Pengembara_16,Sat Dec 14 12:22:36 +0000 2024,3,0,0,False,1070,,
1.867953452875383e+18,"""Rezim ingin berkuasa seperti rezim ORBA (32 thn atau lbh) Sdh menguasai PARTAI (ketua2 partai menjadi mentri), & menguasai DPR/D yg akibatnya tdk lagi menjadi wakil rakyat (wakil rezim). Mereka ingin menyempurnakan dgn memguasai kepala daerah. Kebodohan hakiki.",da_tator_id,Pong Tiku ( da tator ) ⚔️,Sat Dec 14 15:23:02 +0000 2024,2,0,0,False,89,,
1.867866497563218e+18,Seharusnya pemimpin (Presiden dan Gubernur) dipilih oleh dewan cendikiawan/ulama yang berintegritas dan disumpah.,MawasDir,Pray for Indonesia,Sat Dec 14 09:37:30 +0000 2024,1,0,0,False,2823,,
1.8681423229172283e+18,"Terkesan mahal krn apbn tdk mencukupi? Coba pangkas kementrian RI spt yg dilakukan pres Argentina, memangkas kementrian dari 21 menjadi 12 ( silakan cek), sdh tahu neraca keuangan defisit malah nambah kementrian.",HandaliBen12382,Benjamin Handali,Sun Dec 15 03:53:32 +0000 2024,1,0,0,False,45,,
1.8679660052109765e+18,Jangan malah jadi bumerang bagi prabowo nantinya..kejadian seperti thn 98 lalu..,Kahingking,Kahingking,Sat Dec 14 16:12:55 +0000 2024,1,0,0,False,31,,
1.8681287191745536e+18,pidatonya prabowo jelas mengajak pemimpin politik & masyarakat untuk mengkaji ulang sistem pemilu yang mahal ini.,MasQomaru,Qomaru,Sun Dec 15 02:59:29 +0000 2024,0,0,0,False,129,,
1.867912955935032e+18,Kalo cara spt ini pasti penguasa partai2 besar pada demo.. Karena cuan tdk akan mengalir lg di pemerintah.. Inti y negara sdh sadis kebocoran negara y so perlu di restar ulang.,iskan45v,A.Ꭵ𝓢𝓚Ⓐ𝐧∂𝓪ｒ,Sat Dec 14 12:42:07 +0000 2024,0,0,0,False,149,,
1.867867848233948e+18,"Terlalu muluk konsepnya Abah. Bikin aja kayak pemilihan OSIS. Semua komponen bleh maju, bebas bikin partai2 di daerah. Kayak di Aceh. PT murni 0%. Makin banyak yg maju, rakyat punya banyak pilihan, kompetisi makin seru. Jgn ngebatasin calon pake kuota2, ini yg ngerusak demokrasi",SemestaKapal,kapal semesta,Sat Dec 14 09:42:52 +0000 2024,0,3,0,False,37,,
1.867910551978054e+18,kalo ini diterapin nanti pejabat2 tolol pada gabisa berkuasa dong? :(,hellmemoriess,zzz,Sat Dec 14 12:32:34 +0000 2024,0,0,0,False,35,,
1.8680526135704527e+18,Jangan grasa grusu macam ikn oleh jkw.,sweetapril2010,sweetapril,Sat Dec 14 21:57:04 +0000 2024,0,0,0,False,76,,
1.8680516834582856e+18,Gara2 ridwan kamil kalah 😢,immolationcwatb,immolationcwatb,Sat Dec 14 21:53:22 +0000 2024,1,0,0,False,11,,
1.8680112518315663e+18,"politik mahal krn para politisi mendidik warga dgn sogokan kaos, bansos, jg ratusan ribu Rp. selain ego untuk mjd penguasa krn bisa sambil nyolong. hrsnya ada pembatas dana dan diaudit oleh auditor independen berintegritas. melebihi batas di diskualifikasi meskipun sbg pemenang.",freethink32,Bebas 🤔lalu🗣️ bknlah 🗣️lalu🤔,Sat Dec 14 19:12:43 +0000 2024,0,0,0,False,75,,
1.868191756132684e+18,iya abah doang yg paling pintar dah,Gunawanpark,Parklotus,Sun Dec 15 07:09:58 +0000 2024,0,0,0,False,78,,
1.86790625440605e+18,"Bantuan keuangan dari Negara kepada parpol belum mencukupi, tapi bukan tidak ada samasekali; Rp 1.000 per surat suara sah.",ajegilelu1,ajeg,Sat Dec 14 12:15:29 +0000 2024,0,0,0,False,76,,
1.868138126197363e+18,Pokoknya buat aja dulu ntar alasannya bs dibuat belakangan....Politik mengikuti kekuasaan,iwalanwar,iswarsyah anwar,Sun Dec 15 03:36:52 +0000 2024,0,0,0,False,107,,
1.8678799100581235e+18,"Banyak koq caleg 2024 yg lolos jadi Anggota DPRD. Pas pilbup/pilgub nyalon lagi,ternyata menang Aspirasi rakyat tersalurkan tentunya 2 kali. Indonesia luas bukan cuma DKJ.",odadin9,Kopi hitam kupu-kupu,Sat Dec 14 10:30:48 +0000 2024,0,0,0,False,10,,
1.868087567213892e+18,Jangan halangi hak² politik rakyat Pilkada atau pilpres itu dibiayai pake duit negara (uang rakyat) tidak menggunakan duit pribadi siapapun. Jadi gak usah musingin pilkada Klau pemerintah serius ingin memajukan bangsa berlakukan UU perampasan aset. Yg menjadi aspirasi rakyat,anu318725175311,Samuel andrew,Sun Dec 15 00:15:58 +0000 2024,0,0,0,False,112,,
1.8678882211428723e+18,Ayo rame² para menteri mulai mencari simpati Presiden.,dodolandewe,arief indriadi,Sat Dec 14 11:03:50 +0000 2024,0,0,0,False,56,,
1.867835194172187e+18,Permainan Bagi bagi duit cukup di sekitar DPRD dan mudah di kontrol dan dikondisikan... Trus rakyat pemilih TDK ada lagi guna nya. Atau rakyat Indonesia akan menaikkan tarif suara untuk PILEG PILPRES. 1 SUARA 5 JUTA,roading2474,Langgeng Tio,Sat Dec 14 07:33:07 +0000 2024,0,0,0,False,13,,
1.868190916311499e+18,Tidak setuju. Rakyat ingin tetap terlibat langsung dalam pemilihan pejabat publik..,NdutUno0815,Handito Gs,Sun Dec 15 07:06:38 +0000 2024,0,0,0,False,3,,
1.868157749881971e+18,Harusnya usulan polri dibawah tni/mendagri jd pertimbangan juga dong pak,SudarsonoD58885,Si Unyil Kecil,Sun Dec 15 04:54:50 +0000 2024,0,0,0,False,64,,
1.867830613103064e+18,Ok lanjutken cukup pilgub dan pilpres saja👍,aadhmusic,Dadan Hamdani,Sat Dec 14 07:14:55 +0000 2024,0,0,0,False,885,,
1.867816481628861e+18,"Untuk gubernur setuju, malah gak perlu dipilih DPRD, tapi dipilih langsung oleh presiden , yg tingkat 2 dan presiden tetap harus pemilihan langsung.",agungrahutomo,Agung Rahutomo,Sat Dec 14 06:18:46 +0000 2024,0,0,0,False,523,,
1.867784500991996e+18,"Pemilihan anggota Dewan, oleh rakyat. Pemilihan Bupati/Walikota, oleh DPRD tk. II. Pemilihan Gubernur, oleh DPRD tk. I. Pemilihan Preseden, oleh DPR RI.",ERukidjo,EdyRukidjo,Sat Dec 14 04:11:41 +0000 2024,0,0,0,False,25,,
1.8677760485592724e+18,Gubernur dipilih oleh DPRD Dan presiden. Seperti pemilihan rektor kampus. Untuk kepala daerah bupati walikota tetap pilihan langsung,afan137,afandi15,Sat Dec 14 03:38:06 +0000 2024,0,0,0,False,32,,
1.867580003636196e+18,Gubernur dan Wakil Gubernur periode 2024-2029 hasil pemilihan langsung oleh DPRD Daerah Khusus Jakarta.,MRLaode,mr.laode,Fri Dec 13 14:39:05 +0000 2024,280,18,19,False,121,,
1.867799181412512e+18,Balik RSJ om Terlaluncepat keluar belum sehat ya,sig4rpenjalin,₳Ⱡł₣ ₣₳₮Ⱨ₳Ⱨ ₳,Sat Dec 14 05:10:01 +0000 2024,0,1,0,False,5059,,
1.868037021442495e+18,Pendukung Mulyono naik tekanan darahnya. Sana tinggal di IKN.,MRLaode,mr.laode,Sat Dec 14 20:55:07 +0000 2024,2,0,0,False,121,,
1.867581714794787e+18,Wkwkkw iya bener juga calon sesuai kepentingan mereka,AkmaL_syam21,Akmal_Syam,Fri Dec 13 14:45:53 +0000 2024,20,0,2,False,35,,
1.867586792863805e+18,"Btw Setiap kali liat foto ini, senyuman mereka kayak canggung dan maksa bgt😭 greget liat",zennaRa_,zenna 🐛,Fri Dec 13 15:06:04 +0000 2024,6,1,0,False,24,,
1.8678496886633884e+18,"Kalo ditunjuk ma kaesang, bukan mereka",Tampandanbrni,adrav,Sat Dec 14 08:30:43 +0000 2024,2,0,0,False,34,,
1.8677268600730097e+18,Hahaha...usul si sangat lapar 😂😂😂,atche46,che46,Sat Dec 14 00:22:38 +0000 2024,2,0,0,False,16,,
1.867796331487732e+18,"lha iya, koalisi gemuk plus plus",RMoceh,Cimote,Sat Dec 14 04:58:42 +0000 2024,1,0,0,False,682,,
1.8677300910125007e+18,Ngeri kaan?,Andik51697431,Andik,Sat Dec 14 00:35:29 +0000 2024,1,0,0,False,119,,
1.867813572455412e+18,Sangat benar kalo yg milih DPRD 😁😄,MukidiWf,mukidi,Sat Dec 14 06:07:12 +0000 2024,1,0,0,False,2516,,
1.867853231495537e+18,Kagak punya TV apa yaa,aliAbuAsh,ali abu,Sat Dec 14 08:44:48 +0000 2024,0,0,0,False,32,,
1.8679203039361925e+18,Mas otaknya ga nyampe ya,DeniSenjaya4,gasalah,Sat Dec 14 13:11:19 +0000 2024,0,0,0,False,5,,
1.8678947536454287e+18,Cari panggung buat mengulang kesuksesan sidang MKMK wkwkwkw cuan didepan mata.. hasil tipu2 rakyat,Saridin_gtg,ms Saridin,Sat Dec 14 11:29:47 +0000 2024,0,0,0,False,25,,
1.867990042242962e+18,Wkwkwk.. Betul nih 👍,benz_melly,Melly Benz,Sat Dec 14 17:48:26 +0000 2024,0,0,0,False,11,,
1.8679687944021404e+18,Pasti menangnya...rakyat luar jakarta nggak akan bs ikut2an berwacana....pdhl ibukota negara 🤣🤣,GusSiradz,samsara,Sat Dec 14 16:24:00 +0000 2024,0,0,0,False,175,,
1.8675836797548792e+18,🤣🤣,natasiregar86,Natanael Siregar,Fri Dec 13 14:53:41 +0000 2024,0,0,0,False,0,,
1.8678216625547963e+18,Pilkada DKI kemarin menunjukkan DPR bukan wakil rakyat. Masa gubernur dengan dukungan partai terbanyak malah kalah?,gufronian,Redilog,Sat Dec 14 06:39:21 +0000 2024,2,0,0,False,102,,
1.867581413920584e+18,"Saya menyarankan presiden di pilih oleh DPR dengan kuris partai terbanyak, saya menyarankan pilkada di tiadakan pemilihan di tunjuk DPRD, saya menyarankan mainkan pph-ppn, menghapus subsidi, mempajakai UMKM😔, menuju Indonesia emas⭐💫",BRUHImnotURdad9,MUHAMMAD ADIT PUTRA MAHARDIKA PURNOMO BROERI,Fri Dec 13 14:44:41 +0000 2024,0,0,0,False,4,,
1.867585696569209e+18,,gemahsada,tubirijup,Fri Dec 13 15:01:42 +0000 2024,0,0,0,False,46,,
1.864593947135549e+18,Masyarakat sing Endi🤭,Ara_Nazh,Papanya Ara,Thu Dec 05 08:53:34 +0000 2024,0,0,0,False,128,,
1.8646023596384463e+18,Poling bu risma dicurangi,sesar_arief,sesararief,Thu Dec 05 09:26:59 +0000 2024,0,0,0,False,485,,
1.8645975579237297e+18,"Sebenarnya dipilih oleh Rakyat itu supaya tidak ada lagi suara dibeli, dipikir gak bakal mampu membeli suara rakyat sebegiti banyak, dibanding dgn anggota DPRD yang cuma segelintir orang..",YusufWi70781128,Yusuf Wibisono,Thu Dec 05 09:07:55 +0000 2024,0,0,0,False,77,,
1.864538882735526e+18,Dipilih oleh dpr dprd ?? Itu lak jadi titipan partai donk,casteloseven,clara la vita è bella,Thu Dec 05 05:14:45 +0000 2024,0,0,0,False,419,,
1.8645330912447767e+18,Setuju mending pemilu ulang masa ada kejanggalan yang menang kubu 02 🤔🤔🤔 ?,AdityaNadevka2,Aditya Nadevka,Thu Dec 05 04:51:44 +0000 2024,0,0,0,False,104,,
1.863587720792322e+18,"Prof, rasanya dari hasil Pemilihan Langsung ini scr umum kualitas pemimpin kurang begitu menggembirakan, mlh cenderung pemborosan uang negara. Mending kembali spt dulu, Bupati/Wlkota/Gubernur dipilih DPRD, Presiden oleh DPR RI. Sptnya saat ini yg berduitlah yg bisa jadi Pemimpin.",gus_shs,/P,Mon Dec 02 14:15:11 +0000 2024,0,0,0,False,138,,
1.862476348947932e+18,"Saya setuju dgn pemilihan gubernur dilakukan oleh dprd bukan krn biayanya Mahal, tapi Karena rakyat belum siapa utk memilih.",DanilGabril,Danil Gabril,Fri Nov 29 12:38:59 +0000 2024,0,0,0,False,57,,
1.8382256645852204e+18,"Naskah Deklarasi Kampanye Damai dibacakan oleh Ketua KPU Kalbar Muhammad Syarifuddin Budi dan diikuti oleh seluruh peserta yang hadir, kegiatan kemudian dilanjutkan dengan penandatanganan Naskah Deklarasi Kampanye Damai oleh...",kpukalbarprov,KPU Provinsi Kalbar,Mon Sep 23 14:35:25 +0000 2024,0,1,0,False,1481,,
1.8382256685904773e+18,"Pasangan Calon peserta Pemilihan Gubernur dan Wakil Gubernur Kalimantan Barat, Ketua dan Sekretaris Tim Pelaksana Kampanye, dan disaksikan oleh Pj. Gubernur Kalbar, Ketua DPRD Kalbar...",kpukalbarprov,KPU Provinsi Kalbar,Mon Sep 23 14:35:26 +0000 2024,0,1,0,False,1481,,
1.8382258128663388e+18,"Kapolda Kalbar, Kepala Kejaksaan Tinggi Kalbar, Pangdam XII Tanjungpura, Ketua KPU Kalbar, dan Ketua Bawaslu Kalbar. KPUMelayani PilkadaSerentak2024 BersamaTentukanMasaDepanKalbar",kpukalbarprov,KPU Provinsi Kalbar,Mon Sep 23 14:36:01 +0000 2024,0,0,0,False,1481,,
1.836786705904628e+18,Sementara itu kepala daerah nya dipilih pemerintah pusat 🤣🤣🤣🤣🤣,AgusSiswanto789,Agus,Thu Sep 19 15:17:31 +0000 2024,8,4,1,False,39,,
1.8373501690812257e+18,"Gw engga mau komentarin banyak2 dulu soal politik karena gamau dicap mihak salah satu kubu, tapi buset deh orang macam mas Agus ini baca tulisan yang discreenshot sendiri aja engga becus. Tolong lahhh",yogasuud,Kumon,Sat Sep 21 04:36:31 +0000 2024,1,1,0,False,361,,
1.8373522689387604e+18,Gak becusnya dimana ? Karena pilkada serentak banyak jadwal pilkada yg di undur sehingga ada kekosongan jabatan kepala daerah yg sekarang menjabat di isi oleh PJ yg di tunjuk pemerintah pusat. Itukan ss ada data kepala daerah (PJ) yg sekarang menjabat,AgusSiswanto789,Agus,Sat Sep 21 04:44:51 +0000 2024,1,1,0,False,39,,
1.837356658294674e+18,"Pertama, Pilkada serentak sudah dijelaskan di ss yang mas posting tujuannya untuk lebih mengsinkronisasikan program pemerintah pusat dan daerah. Maksudnya agar tidak ada tumpang tindih, dan alur komunikasi dan koordinasi lebih baik antar level.",yogasuud,Kumon,Sat Sep 21 05:02:18 +0000 2024,2,2,0,False,361,,
1.8373568249469463e+18,"Kedua, PJ Gubernur dan kepala daerah lainnya muncul karena masa jabatan mereka telah berakhir. Di luar pemilihan PJ (Penanggung Jawab) sementara agar tidak jadi kekosongan jabatan yang diputuskan oleh koordinasi antara Mendagri, DPRD, dan Presiden.",yogasuud,Kumon,Sat Sep 21 05:02:58 +0000 2024,1,1,0,False,361,,
1.8373569407474936e+18,"Apakah ada cara lebih simpel untuk memilih PJ? Pemilu untuk PJ? PJ itu sementara, mas, wajar ada ketakutan rentan dipolitisasi, tapi untuk sementara sampai kepala daerah terbaru dipilih, apakah ada solusi lebih simpel? Saya terbayang keresahan mas, tapi tidak berarti skeptis toh?",yogasuud,Kumon,Sat Sep 21 05:03:25 +0000 2024,1,1,0,False,361,,
1.832048948787462e+18,"👏👏👏 Semakin sadar kekuatan otonomi daerah. Jadi, kira-kira 70% hajat hidup kita ditentukan oleh daerah (kab/kota), 25% pusat dan hanya 5 % provinsi. Dan Rata-rata kita abai dng politik daerah.",Mertosari,OldGru,Fri Sep 06 13:31:21 +0000 2024,260,9,85,False,291,,
1.8323678277829304e+18,"UU OTDA sudah mengembiri kekuasaan Presiden. UU OTDA harus direvisi, Presiden harus punya kewenangan penuh pada kepala daerah. Pemilihan Gubernur cukup oleh DPRD dg kandidat yg dipilih Presiden.",AGoeci,St. Rajo Alam,Sat Sep 07 10:38:28 +0000 2024,5,1,2,False,698,,
1.8325024816975424e+18,"Sangat setuju, apalagi kalau pemdanya berbeda koalisi dgn presiden terpilih, disitu terjadi pembangkangan.",AriefUs95953043,Arief Usman,Sat Sep 07 19:33:32 +0000 2024,1,0,0,False,351,,
1.828560678208316e+18,"Kembalikan lagi aja Pemilihan Gubernur di lakukan oleh DPRD , gak buang buang energi dan gak buang buang duit…",Bayanaka_2020,BayanakaZhafi,Tue Aug 27 22:30:13 +0000 2024,0,0,0,False,77,,
1.8263101420210427e+18,Sampai dulu tagar ShameOnYouSBY trending dimana2,wisnudennyy,WDG,Wed Aug 21 17:27:23 +0000 2024,0,1,0,False,577,,
1.8263110112485788e+18,"Tapi dengan kerennya SBY terbitkan 2 perppu untuk mancabut UU pilkada tentang pemilihan Pemilihan Gubernur, Bupati, dan Wali Kota yang mengatur bahwa kepala daerah dipilih oleh DPRD di bulan Oktober tepat di akhir masa jabatannya.",wisnudennyy,WDG,Wed Aug 21 17:30:50 +0000 2024,0,1,0,False,577,,
1.8263115024980705e+18,"The Question is, apakah dengan disahkan UU Pilkada ini adalah salah satu grand design untuk menutup masa bakti Jokowi dengan keren seperti SBY? Dimana nanti Jokowi akan menerbitkan perppu juga? Who knows.",wisnudennyy,WDG,Wed Aug 21 17:32:48 +0000 2024,0,0,0,False,577,,
1.8225871438120013e+18,yang didampingi oleh jajaran KPU dan Bawaslu Provinsi Lampung. Selengkapnya : AyoAwasiBersama KawalHakPilih BawasluRI BawasluLampung ----------------------------------,BawasluLampung_,Bawaslulampung,Sun Aug 11 10:53:31 +0000 2024,3,0,0,False,964,,
1.7995953330451172e+18,Agustus langsung dilantik krn pemilihan gubernur setelah UU direvisi dipilih oleh DPRD 1. Itulah kejutannya,sulaimanariefst,alpha wolf,Sun Jun 09 00:12:16 +0000 2024,1,1,0,False,136,,
1.782285120546001e+18,pemilihan presiden lewat MPR dong,aranigr,RaeAgainstTheMachine,Mon Apr 22 05:47:40 +0000 2024,1,1,0,False,318,,
1.7823203456657288e+18,Amademen sistem addendum contoh pasal pemilihan presiden dlm UUD 1945 dipilih oleh MPR dirubah disempurnakan menjadi di pilih dewan pemilihan yg terdiri anggota DPR utusan daerah dan utusan golongan/ MPR ditambah DPRD provinsi kabupaten kota gubernur bupati walikota se-Indonesia,Didi_margo,margo Siswadi,Mon Apr 22 08:07:38 +0000 2024,0,0,0,False,145,,
1.7675967213524462e+18,"Poin pertama yang langsung disoroti, yaitu tentang polemik pemilihan gubernur Jakarta oleh Presiden, dengan pertimbangan dari DPRD Jakarta. Dari survei yang dilakukan oleh Kompas, mayoritas responden menyatakan bahwa mereka tidak menyetujui rancangan tersebut.",AryaPanam,Arya,Tue Mar 12 17:01:13 +0000 2024,0,0,0,False,68,,
1.7580883457990044e+18,Awal mula Prabowo dendam sama Ahok,cinnamorrollysa,alysa,Thu Feb 15 11:18:19 +0000 2024,0,0,0,False,1013,,
1.7408848386584827e+18,"Saya sii udah ngebayangin ketika Anies turun dari pesawat, itu adalah Anies lg turun dari pesawat kenegaraan Kalo pun iya RUU pemilihan gubernur o presiden atas izin DPRD itu akan dipilih oleh Pak Anies sebagai presiden.",kinoyastilianti,Iso kiyo,Fri Dec 29 23:57:44 +0000 2023,0,0,0,False,154,,
1.739123675738276e+18,RUU DKJ memiliki banyak masalah sehingga perlu ditolak! Di antaranya: menghapus pemilihan gubernur (ditunjuk presiden); adanya Dewan Kota yg tumpang tindih dengan kewenangan DPRD; adanya Kawasan Aglomerasi yg dipimpin oleh Wapres.,gauzal,Gauzal Asnawi,Mon Dec 25 03:19:30 +0000 2023,1,1,0,False,298,,
1.7391236778857843e+18,"Ini adalah bentuk perampasan hak suara dari warga Jakarta untuk memilih arah perkembangan kota, dan juga perampasan pengelolaan spasial oleh pemerintah pusat dari pemerintahan daerah! TOLAK",gauzal,Gauzal Asnawi,Mon Dec 25 03:19:30 +0000 2023,0,0,0,False,298,,
1.7365826898081756e+18,Mereka: -Nak hak sama rata -Nak hapus kuota masuk U -Nak masuk UiTM -Nak diskaun bumiputra -Nak dilayan adil untuk semua warganegara Juga mereka: -Tak nak sekolah kebangsaan -Tak nak bercampur dengan kaum lain -Tak nak cakap bahasa kebangsaan,brosgpt,Bavrick,Mon Dec 18 03:02:32 +0000 2023,7097,71,4251,False,86,,
1.7366164986246354e+18,"Ok kalau mereka dah give up sjk, ready ke nak bagi hak sama rata?",Jonatha83116671,Jonathan James,Mon Dec 18 05:16:52 +0000 2023,75,7,3,False,79,,
1.7369031321967782e+18,"Sedar sikit tanah mana ni, this is tanah melayu ( malaysia ) ada ka kat india nama tanah melayu ? So sedar, nenek moyang kay agree dengan perjanjian sebelum ni",AlypAyman,Alyp_ayman🇲🇾,Tue Dec 19 00:15:51 +0000 2023,9,2,0,False,132,,
1.7371747041617756e+18,kena ingat tau..kat indonesia..org cina dn india tidak ada hak utk mengundi dn tak boleh jadi wakil rakyat..ready ke nk jadi mcm indonesia😂😂..meroyan guan eng..terduduk kit siang..termenung teresa..ye la..risau tak leh dok kat parlimen dh😂😂,MohammadAiman01,Shehzade Aiman,Tue Dec 19 18:14:59 +0000 2023,1,10,0,False,210,,
1.7372873365963205e+18,"Tjhai Chui Mie dan Andrei Angouw, keduanya keturunan Tionghoa yang berhasil jadi Walikota di Singkawang dan Manado melalui pemilihan langsung oleh rakyat. Keduanya juga pernah jadi Ketua Dewan Perwakilan Rakyat Daerah (DPRD) di tempatnya masing-masing",veerapracha,Veerapcha,Wed Dec 20 01:42:32 +0000 2023,4,1,0,False,27,,
1.7372890800635945e+18,"Sebelum jd Wakil Gubernur Jakarta & gagal di Pemilihan Gubernur Jakarta, Ahok itu Bupati Belitung Timur pertama yg dipilih oleh rakyat secara langsung. FYI: Belitung Timur 93% nya muslim. Ahok jg pernah jadi Anggota DPRD & Parlemen Pusat. Adik Ahok pun terpilih menjadi Bupati",veerapracha,Veerapcha,Wed Dec 20 01:49:28 +0000 2023,1,1,0,False,27,,
1.7372920178548247e+18,"Banyak contoh lain Tionghoa yang berhasil di masuk legislatif dan eksekutif baik itu di peringkat daerah dan nasional. Partai Perindo (Persatuan Indonesia) didirikan keturunan Tionghoa. Anaknya, Angela Tanoesoedibjo jadi Wakil Menteri Pariwisata.",veerapracha,Veerapcha,Wed Dec 20 02:01:09 +0000 2023,1,0,0,False,27,,
1.7345586948878177e+18,Opening speechnya Anis....luar biasa. Ga level dgn 2 paslon yg ada....jaaauuuuuhhhh,DEXTER888j,Dexter,Tue Dec 12 12:59:54 +0000 2023,137,18,1,False,11,,
1.734615858465387e+18,Ngelawak luu. Trus kenapa rencana pemilihan gubernur di Jakarta mau diganti dari pilihan rakyat jadi usulan DPRD kemudian dipilih oleh preside. Mbang mbang bang,dekanio8415,Dekanio8415,Tue Dec 12 16:47:02 +0000 2023,1,0,0,False,4,,
1.7326943099070838e+18,Adapun wacana ini termuat dalam Rancangan Undang-Undang tentang Daerah Khusus Jakarta (RUU DKJ) yang sudah disahkan menjadi RUU inisiatif DPR. threadtvOne,tvOneNews,tvOnenews,Thu Dec 07 09:31:30 +0000 2023,1,1,0,False,7881608,,
1.732694413577798e+18,"“Kami tidak setuju atas usulan Pemilihan Gubernur dan Wakil Gubernur Daerah Khusus Jakarta ditunjuk dan diangkat oleh Presiden dengan memperhatikan usulan DPRD Jakarta,” tegas Ketua DPP PDIP Said Abdullah dalam keterangannya, Kamis (7/12/2023). threadtvOne",tvOneNews,tvOnenews,Thu Dec 07 09:31:54 +0000 2023,1,1,0,False,7881608,,
1.7326945627481784e+18,"“Selain bertolak belakang dengan prinsip-prinsip demokrasi, usulan ini mencabut hak politik warga Jakarta. Apalagi sebagai pemegang kekuasaan pemerintahan di daerah khusus, Gubernur Jakarta akan memiliki kewenangan yang lebih daripada daerah otonom lainnya,” sambung dia.",tvOneNews,tvOnenews,Thu Dec 07 09:32:30 +0000 2023,1,0,0,False,7881608,,
1.7326790683012915e+18,Wacana jabatan gubernur dan wakil gubernur akan ditetapkan oleh Presiden RI bergulir usai Rancangan Undang-Undang (RUU) tentang Daerah Khusus Jakarta (DKJ) disahkan menjadi inisiatif DPR pada Selasa (5/12/2023).,asumsico,Asumsi,Thu Dec 07 08:30:56 +0000 2023,1,1,0,False,344458,,
1.7326790716232174e+18,"Dalam RUU itu, pemilihan gubernur dan wakil gubernur Jakarta tidak melalui Pilkada. Berdasarkan Pasal 10 ayat (2) Bab IV RUU DKJ, disebutkan bahwa gubernur dan wakil gubernur ditunjuk, diangkat, dan diberhentikan oleh presiden dengan memperhatikan usul atau pendapat DPRD.",asumsico,Asumsi,Thu Dec 07 08:30:56 +0000 2023,1,1,0,False,344458,,
1.7326790748780424e+18,Baca berita selengkapnya!,asumsico,Asumsi,Thu Dec 07 08:30:57 +0000 2023,2,2,0,False,344458,,
1.7320560851405537e+18,"Dan Kaesang pun akan ditunjuk jadi Gubernur DKI bila Prabowo menang. Lagi-lagi dengan alasan, melakukan regenerasi kepemimpinan nasional.",Indonesiaguyub,Indonesia Guyub,Tue Dec 05 15:15:25 +0000 2023,61,8,3,False,2191,,
1.7320527578075302e+18,Lebih pantas disebut sebagai perusak DEMOKRASI JokowiPantasDimakzulkan,gererekmela,TimurFlores,Tue Dec 05 15:02:12 +0000 2023,40,1,0,False,59,,
1.7320564975999713e+18,"Makanya sempat ada wacana PilGub tahun depan mau di majuin sebelum Nopember, sktr Agustus.. kalo Draf UU ini jd.., brti nga ada PilGub di jkta...tinggal nunjuk , Lantik sebelum lengser... Pa Lurah makin aneh tp nyata...",teojuve,SuperJuve,Tue Dec 05 15:17:03 +0000 2023,34,2,2,False,885,,
1.7320700402862372e+18,"Dijamin RUU yg satu ini akan disahkan sebelum pak lurah lengser. Dan tentunya, everybody yg duduk di Senayan bakal happy",Ari3Pras,Ari3Pras ☯️,Tue Dec 05 16:10:52 +0000 2023,33,1,1,False,14027,,
1.7320533207083543e+18,Titah maharaja harus di laksanakan,noorca_7,noorca 7,Tue Dec 05 15:04:26 +0000 2023,28,8,0,False,217,,
1.732065834120651e+18,MAKIN KACAI NEGARA IN. .. BUBAR BUBAR DAH...PENGKHIANATAN THD REFORMASI.... KALIAN SIAPAPUN YG RENCANAKAN INI... TERKUTUKLAH KALIAN... ITU SUMPAHKU SBG WARGA BANGSA YG CINTA DEMOKRASJ TOTAL...,steve_marthen,Steve Marthen,Tue Dec 05 15:54:09 +0000 2023,26,1,0,False,69,,
1.7320512079283692e+18,"Ntar DKI dijadikan pilot project, di make up kayak Solo. Dianggap Gubernur yg ditunjuk Presiden lebih baik. Jadilah ntar di Nasionalkan. Jadi deh tuh barang semua ditunjuk Presiden. 😭",Smart_O_,Smart O .1312.,Tue Dec 05 14:56:02 +0000 2023,24,5,0,False,3281,,
1.732063508442047e+18,"Artinya, kalo 02 menang siap2 PSI punya gubernur yg diajukan ""DPRD DKI"" dan ditunjuk presiden ? Asyiiik. Itu kalo presiden terpilih bisa dikendalikan mantan presiden. Atau punya agenda sendiri.",HPurwanto35026,Hery Purwanto,Tue Dec 05 15:44:55 +0000 2023,19,2,0,False,80,,
1.7321868560566643e+18,Ternyata kekuasaan membuat manusia tdk lagi adil. Mulai otak-atik konstitusi yg menguntungkan diri & keluarganya. Kekuasaan yg kebablasan disambut parpol2 tak berdaya yg sdg butuh2 nya. Pas gayung bersambut,Rfadlis1,Rfadlis,Tue Dec 05 23:55:03 +0000 2023,13,0,0,False,2730,,
1.7320758208128166e+18,"Di penghujung masa baktinya semakin semrawut aja ini Negara ,,",ArnoldS81008357,PaNadol MeRah🔌♥️🇲🇨,Tue Dec 05 16:33:50 +0000 2023,12,1,0,False,124,,
1.732183682381927e+18,Sekarang terbukti pilihan lu salah dua kali duk. Orang salah dua kali sekarang kasih saran pilihan presidennya apa ngga keblinger ..mana pede banget bilang orang baik pilih orang baik..radikal radikul ngga jalan lagi nih dagangannya??,Mercyboyz,last Round,Tue Dec 05 23:42:26 +0000 2023,6,1,2,False,250,,
1.7320492989034214e+18,Dear GAK ADA HAL YANG LEBIH BERFAEDAH UNTUK DI BAHAS?? Ini semua sibuk demi kepentingan dan kenyamanan partai partainya.,rido_trio,Rido Hutasoit,Tue Dec 05 14:48:27 +0000 2023,5,3,1,False,325,,
1.732184458537935e+18,Terlalu jauh buruk sangkanya.,kartarahardja,Toto Kartarahardja,Tue Dec 05 23:45:32 +0000 2023,5,2,0,False,15255,,
1.7320592034629596e+18,Jokowi perusak demokrasi..,Roykarokaro2,I cuk roy karo-karo,Tue Dec 05 15:27:48 +0000 2023,4,0,0,False,1501,,
1.7320854140251016e+18,semoga Tuhan dan alam semesta segera menegurmu🙏,sembiringjoe1,mynamejoe,Tue Dec 05 17:11:57 +0000 2023,3,1,0,False,104,,
1.732085191953482e+18,"Trus, kok sebego ini DPR ini? Kenapa dimasukin sebagai prolegnas?, trus kenapa DPR ngedraft UU beginian? Trus hubungannya sama jokowi, dmn? Coba kau terangkan , kulihat kau orang cerdas. Jelaskan dl sama km rakyat awam ini. Karna hanya faksi yg nolak.",swingvoters15,Swing Voters Nusantara (🍉),Tue Dec 05 17:11:05 +0000 2023,3,2,0,False,818,,
1.7322467992164884e+18,Kalau ini disah mahasiswa dan rakyat harus turun ke jalan dan lakukan sepeti 1998 lagi !,andes_lauw81,andeslauw,Wed Dec 06 03:53:15 +0000 2023,3,0,0,False,116,,
1.732163954569556e+18,jangan terus membuat rakyat Indonesia muak dengan segala cara kotor mu pak...,bnyo,D.Christian,Tue Dec 05 22:24:03 +0000 2023,3,0,0,False,418,,
1.7320552333192852e+18,Berp kursi sih pdip di dpr...?,the_ancha,THE R ANCHA,Tue Dec 05 15:12:02 +0000 2023,0,1,1,False,50,,
1.732086315473306e+18,"Rasanya baeu kemarin kau Puja² duk, mencret² kau...🤣🤣🤣🤭🤭",jogja_menyapa,~Jogja Menyapa~,Tue Dec 05 17:15:32 +0000 2023,2,1,0,False,7015,,
1.7320946752454656e+18,"Jokowi pas sama PDIP jauh lebih baik, pas udah keluar malah jadi edan 😭😭",Enthusiasticsy,sky,Tue Dec 05 17:48:45 +0000 2023,2,5,0,False,31,,
1.732229061374853e+18,"Semua tau biar putra mahkota atau semua kroninya busa jd gub dki ,sangat membagongkan😁😁😁",oezankzoegiat,ujangsugiat,Wed Dec 06 02:42:46 +0000 2023,2,0,0,False,1221,,
1.7322047386853706e+18,"Ketika itu jokowi msh kader partai, saiki biar kader Dinasti Orde Baru😃",rmiryanti,MiRa🌷,Wed Dec 06 01:06:07 +0000 2023,2,0,0,False,2152,,
1.7323087787737828e+18,Dan cuma PKS doang yg menentang di rapat dewan,menakdobol,MENAK DOOOBOL,Wed Dec 06 07:59:32 +0000 2023,2,0,0,False,1267,,
1.732189184654537e+18,Aku lebih suka Gubenur dipilih sama presiden. Lihat kebanyakan kinerja gubenur hasil pilkada langsung sangatlah buruk. Propinsi di Indonesia itu bukan negara bagian.,widj_wuming,Nameless,Wed Dec 06 00:04:18 +0000 2023,2,1,0,False,99,,
1.732001149098599e+18,"Ini pendapat orang awam,Gubernur ditunjuk Presiden tdk ada biaya sehingga Gubernur menjalankan tugasnya bisa tenang krn tdk ada alasan unt korupsi,tdk ada setoran ke partainya,tdk ada bagi2 proyek kpd kawannya dlm 1 partai,rakyat sangat amat se7 sekali",Budionotaslim3,"terus semangat,semangat terus",Tue Dec 05 11:37:07 +0000 2023,0,1,0,False,524,,
1.7273197797181158e+18,Klo di DIY itu lurahnya juksung apa pemilihan langsung.,vetdam1616,maryono,Wed Nov 22 13:35:02 +0000 2023,0,1,0,False,96,,
1.7273686602627484e+18,"Lurah itu jabatan setingkat kades tp di perkotaan. Lurah ditunjuk oleh bupati/ walikota. Klo kades, bupati/ walikota lewat pemilihan. Hny raja keraton yg otomatis jd gubernur, dilakukan penetapan tiap 5 tahun oleh DPRD dan dilantik presiden.",Ijaunsi,58% hasil manipulasi,Wed Nov 22 16:49:16 +0000 2023,0,0,0,False,140,,
1.723832429373207e+18,"Pemilihan sekarang aja udah bikin ruwet, mendingan kek jaman orba partai cuma 3, Presiden dipilih langsung, jabatan presiden cukup 2 periode, gubernur dn walikota dipilih oleh Presiden setelah mendapat rekomendasi 3 calon dari DPRD, yang korupsi dihukum mati itu paling penting",jacknovember24,Jack November,Sun Nov 12 22:37:33 +0000 2023,0,0,0,False,37,,
2.009110944916595e+18,Biar irit dan kualitas pilpres jadi lebih baik : 1. Capres membuat daftar cagub 2. Cagub akan jadi gubernur jika capresnya terpilih. Keuntungan : 1. tidak ada capres dadakan 2. Biaya sangat irit.,Koezuma2,Koezuma__,Thu Jan 08 03:52:31 +0000 2026,0,0,0,False,247,,
2.0091038500374984e+18,"Kalau menurut saya, gubernur lebih cocok pilkada tak langsung biar garis komando sbg perpanjangan tangan presiden jelas. Dlm UU, otonomi kan pemerintah tingkat 2 (kab/kota)",KoyanBtm,KOYAN,Thu Jan 08 03:24:19 +0000 2026,0,0,0,False,7512,,
2.009049746695156e+18,"Naah ide bagus, cukup pilih langsung Gubernur, nanti kepala2 daerah (Walkot/Bupati) di wilayahnya diangkat oleh Gubernur terpilih aja supaya program2 Pemprov berjalan sampe ke pelosok krn Bupati/Walkot nggada agenda sndiri2 sesuai janji kampanye.",p4piKRiS,KrsKrs,Wed Jan 07 23:49:20 +0000 2026,1,0,0,False,274,,
2.0088602134668168e+18,"Buat serius bikin sistem politik dan pemilu itu bukan nanya “ini mahal ato murah”. selama ada budaya duit, kompetisi, dan pemaen, dipilih DPRD jg bakal tetep mahal. bikin sistem pemilu itu hrs dgn pertanyaan: mau bikin sistem dan kompetisi politik yg seperti apa?",Ramadhan_M81,Gibang,Wed Jan 07 11:16:12 +0000 2026,2,1,0,False,281,,
2.008860843220604e+18,"Kalo emang mau hapus Pilkada, kita jadi negara parlementer aja. kalo KADA gabecus, bisa dijatohin sm DPRD. kalo gubernur dipilih DPRD kan gabisa dijatuhkan parlemen dan fixed term, padahal KADAnya gadipilih via election. justru esensi ada election itu biar gbs dijatuhkan DPRD",Ramadhan_M81,Gibang,Wed Jan 07 11:18:42 +0000 2026,1,1,0,False,281,,
2.0088612265296776e+18,"Siapa yang mengangkat = Kepada dia lah yang bertanggung jawab. Kalo dipilih DPRD, harusnya bs dijatuhkan jg sm DPRD. itu parlementer. ini dipilih DPRD tp gaada mosi tifak percaya = gabisa dijatuhkan DPRD. itu namanya sistem bukan-bukan. bkn presidensil, bkn parlementer.",Ramadhan_M81,Gibang,Wed Jan 07 11:20:13 +0000 2026,0,0,0,False,281,,
2.00881124282017e+18,"Lhaini baru beneran murah, bisalah kita BubarkanDPR. Pemimpin digilir aja antar golongan masing-masing 1 tahunan, gitu aja terus bergantian jadi semuanya punya kesempatan dan peluang yang sama untuk korupsi",FarhanAtjeh,Farhan Muchtar,Wed Jan 07 08:01:36 +0000 2026,0,0,0,False,254,,
2.0085839765296207e+18,"Ya, saya paham kekhawatiranmu soal wacana Pilkada lewat DPRD. Berdasarkan putusan MK terbaru seperti No. 135/PUU-XXII/2024, pemilu nasional dan daerah dipisah, tapi tetap menegaskan pemilihan langsung oleh rakyat. Putusan ini dan No. 62/PUU-XXII/2024 bertentangan dengan pilkada",grok,Grok,Tue Jan 06 16:58:32 +0000 2026,0,1,0,False,7365979,,
2.0085849725680645e+18,terus elitnya gimana... emang tolol sumpah...,Pemancar_17,Qori Ari Pratama,Tue Jan 06 17:02:29 +0000 2026,0,1,0,False,7,,
2.0085851678251464e+18,"Ya, wacana pilkada lewat DPRD memang kontroversial. Beberapa elit dorong ini untuk efisiensi biaya, kurangi politik uang, dan hindari konflik (spt disampaikan Golkar & Demokrat). Tapi, ini bertentangan dengan putusan MK seperti No. 135/PUU-XXII/2024 yang tegaskan pilkada langsung",grok,Grok,Tue Jan 06 17:03:16 +0000 2026,0,0,0,False,7365979,,
2.0079847538202504e+18,"Pilihan langsung benarkah rakyat memilih pemimpinnya, atau sudah dipilihkan parpol 100% lalu disodorkan ke pemilih.",kursimalas87,Seger,Mon Jan 05 01:17:26 +0000 2026,0,0,0,False,26,,
2.0076415664506964e+18,Boleh gak jadi anjing yahudi??,SudartoFarel,fififafa,Sun Jan 04 02:33:44 +0000 2026,0,0,0,False,24,,
2.006918305882481e+18,"Berdasarkan statement beberapa petinggi partai di Media, sepertinya nanti melalui DPRD pemilihan kepala daerahnya",yudiharahap46,Yudi Purnomo Harahap,Fri Jan 02 02:39:45 +0000 2026,3,1,1,False,25720,,
2.0069378126088888e+18,Ralat Bang...one person one vote bukan one man one vote..😅 perempuan juga memiliki hak pilih yang sama.,JosuaNapitupul6,Josua Napitupulu,Fri Jan 02 03:57:16 +0000 2026,0,1,0,False,261,,
2.00694634211625e+18,He he siap maksudnya itu,yudiharahap46,Yudi Purnomo Harahap,Fri Jan 02 04:31:09 +0000 2026,1,0,0,False,25720,,
1.993291580107793e+18,Access powerful AI GPUs with no hidden fees.,hivenet_cloud,Hivenet,Tue Nov 25 12:12:00 +0000 2025,374,35,43,False,1901,,
2.0069179303035407e+18,Yg lbh menguntungkan buat rezim demi melanggengkan kekuasaan di 2029 Akar rumput cukup jd penonton sandiwara,Syahruzy44356,Syahruzy Penikmat kopi pahit,Fri Jan 02 02:38:15 +0000 2026,2,0,0,False,1510,,
2.006930843139453e+18,"Boleh jadi negara federal gak? Biar pemerintahan masing² dikelola tiap propinsi saja, gak terpusat.",_xmnID,刀ﾑﾶんの尺尺ひﾚ,Fri Jan 02 03:29:34 +0000 2026,2,0,0,False,135,,
2.0069389038662088e+18,"Aturan yg berubah2 hanya akan menghasilkan ketidakpastian akan lebih jika aturan yg ada disempurnakan, bolong-bolongnyq spt money politics dll ditambal dengan kebijakan-kebijakan yg mempersempit peluangnya atau aturan hukumnya diterapkan dengan disiplin dan tegas. Aturan pidana",Caktweetjustice,Caktweetjustice,Fri Jan 02 04:01:36 +0000 2026,1,0,0,False,1969,,
2.0069262487449887e+18,"Malingnya makin tambah parah. Klo pemilu lewat DPRD. Lebih baik bubarkan aja DPRD, gak ada gunanya buat masyarakat.",mutajir_mohamat,Mohamat Mutajir,Fri Jan 02 03:11:19 +0000 2026,1,0,0,False,813,,
2.007045168197956e+18,"Demokrasi tidak akan selesai. Selama syahwat digunakan. Nyogok 100 orang Anggota Dewan lebih murah drpd nyogok rakyat. Jk terpilih pejabat lupa rakyat, mrk akan kongkalikong dg anggota Dewan u perkaya diri. Krn tdk dipilih rakyat. Memakzulkan mudah.",zen_dal,mahesa jenar.,Fri Jan 02 11:03:51 +0000 2026,1,0,0,False,487,,
2.006958397523112e+18,"dipilih sama DPR ama presiden nggak masalah, yg masalah screening calon kepala daerahnya ini. dan juga screening calon anggota dewan supaya nggak terintervensi fraud. proses pertanggungjawaban kinerja mereka saat menjabat",arozali691701,Ahmad Rozali,Fri Jan 02 05:19:04 +0000 2026,1,0,0,False,28,,
2.0069482605278784e+18,"Akan lebih efektif jika presiden langsung yang nunjuk, lebih mudah menggantinya jika tidak kompeten menjadi kepala daerah.",madinakopikoi,akunaspal,Fri Jan 02 04:38:47 +0000 2026,1,0,0,False,60,,
2.0070660575012127e+18,2 mekanisme setelahnya itu cara paling absurd. Ketidakmampuan mesin partai dan ketidakbecusan KETUM PARTAI dalam mengkader PEMIMPIN DAERAH akhirnya bersembunyi dibalik alibi 2 mekanisme tsb. LALU APA DONG FUNGSINYA PARTAI. Bubarin aja kalau begitu.,ant_on8,BICARA CONTENT | Anton Mabruri KN,Fri Jan 02 12:26:52 +0000 2026,0,0,0,False,765,,
2.0070737848058924e+18,Ganti presidensial ke Parlementer. Tidak bagus semua pilihan di atas.,ardjoe0704,ardjoe,Fri Jan 02 12:57:34 +0000 2026,0,0,0,False,379,,
2.0070797713276603e+18,One man one vote dgn cara e vote,zoelf1k4r,Oepick,Fri Jan 02 13:21:21 +0000 2026,0,0,0,False,157,,
2.0068723358492385e+18,"Yang salah yang milih. DPRD yang skup wilayah nya 3 kecamatan banyak rakyat yang salah pilih , gimana kepala daerah yang skup wilayah nya satu kabupaten, makin banyak yang salah pilih jika rakyat yang memilih",MuhammadZuhriii,Helmpulpes,Thu Jan 01 23:37:05 +0000 2026,0,0,0,False,343,,
1.8679195188337464e+18,Kalo kata pak mahfud krn waktu itu ada penolakan besar2an makanya sby keluarin perppu,IwanAlma,iwan_alma,Sat Dec 14 13:08:12 +0000 2024,4,1,0,False,63,,
1.867912399669576e+18,Ya. Waktu itu Presiden mengeluarkan Perppu No.1 Tahun 2014 dan Perppu No.2 Tahun 2014.,MohArifWidarto,Pilpres 1 Putaran,Sat Dec 14 12:39:54 +0000 2024,2,0,1,False,4468,,
1.8679313367927977e+18,Mau konsisten takutnya jabatan hilang 😂,Herri32407314,Herri,Sat Dec 14 13:55:09 +0000 2024,2,0,0,False,599,,
1.8679373342322647e+18,Sekarang yg ngusulin si presiden secara langsung dan kemungkinan besar bakal ACC tok,PenikmatHibura2,PenikmatHiburan,Sat Dec 14 14:18:59 +0000 2024,1,0,0,False,54,,
1.8679389746245307e+18,"Kata-kata kunci: ""kalau konsisten""",toxynuscaV2,Mursid W. Hananto ®,Sat Dec 14 14:25:30 +0000 2024,1,0,0,False,471,,
1.8679245627443405e+18,"Pragmatis dulu laaaah... baru gabung,, cuan belum ngumpul...",prabowo_wishnu,Raden Blues,Sat Dec 14 13:28:14 +0000 2024,1,0,0,False,45,,
1.8679453941117207e+18,"susah sih kalo konsisten demokrat ini. uda kecemplung, apalagi si agus diangkat mentri. otomatis mereka manut dan tiarap grakkk.",aabdoelkarim,aabdoelkarim,Sat Dec 14 14:51:01 +0000 2024,1,0,0,False,133,,
1.8682391282085071e+18,Suara rakyat suara Tuhan Biarkan rakyat langsung memilih pemimpinnya. Kemunduran namanya kalau dipilih oleh DPR.,rangkutifuat,Rangkuti,Sun Dec 15 10:18:13 +0000 2024,0,0,0,False,164,,
1.868079292070138e+18,"PKS dulu juga menolak, kalo PKS dan Demokrat konsisten, ditambah PDIP yg sudah nyatakan menolak, maka wacana kepala daerah dipilih DPRD akan latu sebelum berkembang, kecuali PRabowo berani keluarkan Perppu",irhamnapermana,Budi Permana,Sat Dec 14 23:43:05 +0000 2024,0,1,0,False,109,,
1.8679335479921623e+18,pasti berubah lah gak mungkin demokrat mau jadi oposisi,rott183_lau,劉偉禮 rott183,Sat Dec 14 14:03:57 +0000 2024,0,0,0,False,165,,
1.867957865325146e+18,"Masalahnya kekuatan fraksi Partai Demokrat sekarang adalah yg paling kecil di parlemen (44 kursi). Saat peristiwa di tahun 2014, fraksi PD saat itu adalah yg terbesar di parlemen dgn 148 kursi.",newswaLker,WartaGlobal,Sat Dec 14 15:40:34 +0000 2024,0,0,0,False,211,,
1.8681033748241613e+18,Kekuasan itu Indah Kawaaaannnnnnn....,RYANKENCANA,SuksesSelalu,Sun Dec 15 01:18:46 +0000 2024,0,0,0,False,1497,,
1.8679552611321124e+18,"""kalau""",sasugaken,ken yoi,Sat Dec 14 15:30:13 +0000 2024,0,0,0,False,28,,
1.868184502008496e+18,pak sby.. knp sih pak :( masa demokrat yg dulu bukanlah yg skr..,letmesleepmate,🇵🇸🤍,Sun Dec 15 06:41:09 +0000 2024,0,0,0,False,190,,
1.8681176029099663e+18,Pak 🤔,irvansatoshi90,irvansatoshi,Sun Dec 15 02:15:19 +0000 2024,0,0,0,False,35,,
1.8679499605134336e+18,Akhirnya ide orba bangkit lagi 😂,BijakHuman,Birojomblo,Sat Dec 14 15:09:10 +0000 2024,0,0,0,False,36,,
1.868508301409059e+18,"Politik mengikuti kekuasaan, dan DPR akan mendukung kekuasaan",iwalanwar,iswarsyah anwar,Mon Dec 16 04:07:48 +0000 2024,0,0,0,False,107,,
1.8682429167010573e+18,Fraksi lain mah aman. Justru PDIP yg diragukan soal demokrasi. Nih:,freemaksi,FREE MAKSI,Sun Dec 15 10:33:16 +0000 2024,0,1,0,False,14,,
1.756997878667694e+18,Dua suara dr saya dan istri buat Ibu,rdh131,Ardha,Mon Feb 12 11:05:12 +0000 2024,0,1,0,False,13,,
1.75719326621336e+18,Terima kasih atas perhatian dan dukungannya pak. Salam utk istri ya,imadya,IMA MAHDIAH,Tue Feb 13 00:01:36 +0000 2024,0,1,0,False,42383,,
1.7570931876913728e+18,"Utk dapil jakarta selatan,siapa yg harus dipilih,Krn aku blm tau siapa yg mau di pilih buat DPRD dki",ChristinMatipa,Christin Matipa,Mon Feb 12 17:23:55 +0000 2024,0,1,0,False,79,,
1.7571931287450872e+18,Dapil 7/8? coblos partainya saja juga bisa,imadya,IMA MAHDIAH,Tue Feb 13 00:01:03 +0000 2024,1,1,0,False,42383,,
1.7569886263392873e+18,"gw di timur, sih. sukses ya mbak...",AwangSancaka,awang sancaka🤟,Mon Feb 12 10:28:26 +0000 2024,0,1,0,False,2313,,
1.757193160776942e+18,Terima kasih,imadya,IMA MAHDIAH,Tue Feb 13 00:01:11 +0000 2024,1,0,0,False,42383,,
1.7569763502281075e+18,Semoga terpilih lagi kak imadya 🤟,KikBer21,kik ber'ak,Mon Feb 12 09:39:39 +0000 2024,3,0,0,False,20,,
1.7569764067337503e+18,Jangan lupa pilih,hokimulu,FALLOUT,Mon Feb 12 09:39:53 +0000 2024,1,0,1,False,216,,
1.7569754205899574e+18,Ima madiah dki 1,2029GantiRezim,Anti Bani Emirati,Mon Feb 12 09:35:57 +0000 2024,2,0,0,False,482,,
1.7569786320216435e+18,Aku baru tau. Makasih infonya kak Ima,igiekakurniawan,IgiEkaKurniawan,Mon Feb 12 09:48:43 +0000 2024,1,0,0,False,183,,
1.7569754326611356e+18,Kalau untuk Kec. Koja Jakut ada caleg yang bagus yg seperti Ibu?,RickyHutadjulu,RckHtjl,Mon Feb 12 09:36:00 +0000 2024,1,1,0,False,204,,
1.75701149208243e+18,Siap pilih PDIP mbak,47b2b39c9ce2480,Teguh Swasono,Mon Feb 12 11:59:18 +0000 2024,0,0,0,False,29,,
1.7569774697088164e+18,Mba Ima...tetangga saya suami istri...suami terdaftar di dpt si istri tidak. Apakah si istri bisa datang ke TPS sambil bawa KTP dan KK? Alamat rambutan Ciracas Jaktim,ARayyain,Arrayain,Mon Feb 12 09:44:06 +0000 2024,0,1,0,False,100,,
1.7570085004239055e+18,Semangat mbak.. Kalahkan PSI.. 🔥🔥🔥,lexotansbo,pak_Bewok,Mon Feb 12 11:47:24 +0000 2024,0,0,0,False,33,,
1.7570156996907625e+18,Siap amankan,Syafira2010,SSS,Mon Feb 12 12:16:01 +0000 2024,0,0,0,False,120,,
1.757477714439943e+18,"Kak, Untuk Sumur Batu, Cempaka Putih ada rekomendasi?",Pencoret_,Aspiring Middle Class,Tue Feb 13 18:51:54 +0000 2024,0,0,0,False,310,,
1.7337411586549967e+18,Sumber Video: Youtube Channel || fraksipksdprri PKSpembelaRakyat PKSnomor8,FPKSDPRRI,Fraksi PKS DPR RI,Sun Dec 10 06:51:18 +0000 2023,3,0,1,False,216288,,
1.734022884576957e+18,𝘼𝙈1𝙉𝚔𝚎𝚞𝚗𝟮𝟬𝟮𝟰 𝘼𝙈1𝙉𝚔𝚎𝚞𝚗𝟮𝟬𝟮𝟰 𝘼𝙈1𝙉𝚔𝚎𝚞𝚗𝟮𝟬𝟮𝟰 𝘼𝙈1𝙉𝚔𝚎𝚞𝚗𝟮𝟬𝟮𝟰 𝘼𝙈1𝙉𝚔𝚎𝚞𝚗𝟮𝟬𝟮𝟰,kangmaull35,ᴋᴀɴɢ ᴍᴀᴜʟʟ™,Mon Dec 11 01:30:46 +0000 2023,0,0,0,False,172,,
1.7337366195414223e+18,Kalau mau baca hasil surveinya bisakah mas?,mawakresna,Mawa Kresna,Sun Dec 10 06:33:16 +0000 2023,5,1,0,False,15484,,
1.733678750456566e+18,"Survey, selama bisa dipertanggungjawabkan metodologinya, hasilnya valid. Jika ada yang meragukan hasilnya, bisa melakukan survey lain, tentunya dengan metodologi yang bisa dipertanggungjawabkan. Teringat di DIY, Lembaga Ombudsman Seasta melakukan penelitian tentang bantuan untuk",pedagang_kritik,Pedagang Kritik,Sun Dec 10 02:43:18 +0000 2023,33,6,4,False,2910,,
1.7336403466331464e+18,Apakah penduduk yg di survey adalah berasal dari Jogja asli?,ArifinSMSiregar,Arifin Siregar,Sun Dec 10 00:10:42 +0000 2023,24,19,0,False,1773,,
1.7336429073731996e+18,Pendapat bahwa kepemimpinan di DIY itu merupakan Dinasti salahnya dimana? Yg aneh justru yg membantah pendapat ini.,harno91,Lik harno,Sun Dec 10 00:20:53 +0000 2023,16,7,2,False,32,,
1.7336634972827896e+18,Dan warga yg masuk survey nya BUKAN ASLI WARGA JOGJA 😆 Hati2 saja dgn manuver mereka2 yg memang usil mau utak atik kekeratonan Jogjakarta. Terutama kaum sipit yg sejak dlu bernapsu mau memiliki tanah di Jogja,el4n9bint4n9,Elang Bintang,Sun Dec 10 01:42:42 +0000 2023,13,1,2,False,5812,,
1.7336385337459796e+18,"Analisa dari sisi Antropologi, krn yg dekat ke Keraton adalah orang2 asli Jogja atau punya bisnis yg daya tariknya adalah kehidupan Keraton. Sementara yg jauh sekarang lebih banyak pendatang dari luar Jogja yg mungkin kurang paham bahkan tidak peduli dgn Keraton.",robindoang,robin marpaung,Sun Dec 10 00:03:30 +0000 2023,14,1,0,False,311,,
1.7336388265712028e+18,Real life nya dominan msh pro keraton.. Buih2 di twitter yg menolak monarki ini di real life cmn pemuda senja yg sehabis 2 cangkir kopi merasa bisa menaklukan dunia :)),up2youaja,virgoo,Sun Dec 10 00:04:40 +0000 2023,13,2,0,False,40,,
1.733660388997362e+18,"Mas njenengan survei didaerah mana, sy ad di kulon progo, itu jauh dr pusat kraton, tp tdk ad yg mengungkit/menginginkan gub dipilih scr langsung, terbukti pd saat SBY mengusik Jogja, semua dukung keistimewaan. Cuma org dr demokrat paling yg mau?",tangguhniti,Sogol,Sun Dec 10 01:30:21 +0000 2023,12,0,0,False,136,,
1.7336625696747725e+18,Lah lah lah… maksudnya anda membenarkan dan membela tindakan ? Sok sok an pake data survey… DIY itu sdh jangan di utak utik lagi.. sok sokan framing pembenaran..!!! 🤮🤮🤮,parabelum1971,simelekete,Sun Dec 10 01:39:01 +0000 2023,6,0,1,False,74,,
1.7336396017122227e+18,"Pantesan pak prabowo selalu dekat dengan pak jokowi, ternyata pak prabowo juga menerapkan falsafah jawa. Mungkin ini juga yg menjadi alasan pak jokowi sering blusukan supaya dekat dengan rakyat, sehingga pijar cahaya lampu itu dirasakan rakyat. 😊",Jason_scalper,The Darkside,Sun Dec 10 00:07:45 +0000 2023,6,2,1,False,67,,
1.733656481973863e+18,Gw ga sabar nunggu Pilpres. Tgl 15 nya gw cari thread pertama elu. Trus gw ludah-ludahin. Trus treak ke sohib² gw inilah salah satu contoh melacurkan diri pake topeng akademis.,QodryAmir,The 76er,Sun Dec 10 01:14:49 +0000 2023,8,4,0,False,622,,
1.7337023898559247e+18,UGM sbg salah satu pusat kajian dan diskusi ilmiah pun tak pernah berani menyentuh area diskusi tsb. Yg ada mrk dg alasan historis dn macam2 jd tll sungkan utk sekadar mendiskusikannya. Tp sebagian org/ahli dr sana br berani bicara kl di luar Yogya 🙂,TopanTj,Topan Tj,Sun Dec 10 04:17:15 +0000 2023,3,4,2,False,334,,
1.7336561798119752e+18,Salah besar. Justru ketertundukan org pinggiran itu sangat kuat dibanding org kota,ralucublass,garis ralucu,Sun Dec 10 01:13:37 +0000 2023,6,1,0,False,6751,,
1.7336506759959803e+18,"Pendekatan berbasis survei utk memahami DIY? Cobalah berbasis wawancara mendalam. Sy pny kolega, seorang ningrat, tapi tinggal di bagian utara Sleman, cukup jauh dr keraton. Katanya, dia kurang suka sultan yg skrg, tapi tetap tunduk dan patuh. Dan tentu ttp bangga dg kesultanan.",icukprayogi,Icuk Prayogi,Sun Dec 10 00:51:45 +0000 2023,5,2,0,False,1129,,
1.7337001236147407e+18,"Jogja udah banyak pendatang yg menetap dan berKTP DIY. Yg secara kultural mendukung keraton warga asli jogja,klo warga pendatang serta etnis tionghoa pasti ingin Gub bukan diangkat dari keraton krn berharap aturan keraton pudar agar tanah jogja bisa dimiliki",kamaloeby,kamal,Sun Dec 10 04:08:14 +0000 2023,3,0,1,False,75,,
1.733646668548244e+18,"Itu sudah pasti krn masyarakat yg tdk tahu sejarah & pentingnya yogya dalam sejarah akan setuju dengan Pilkada, berbeda dengan masyarakat yg mengerti sejarah yogya. Masyarakat yg jauh dari keraton pasti masyarakat pendatang yg tidak ambil pusing tentang keraton&adat istiadatnya.",j4ck21,serambi 06,Sun Dec 10 00:35:50 +0000 2023,4,0,0,False,73,,
1.7336690418129925e+18,"kok sy rasa terbalik ya, yg mendukung ""keistimewaan jogja"" itu cenderung lbh bnyk dari masyarakat yg ada di kabupaten2 di pinggiran DIY bkn di pusat kota. krn di pusat kota lbh heterogen.",de_kurniawan706,Adi Kurniawan,Sun Dec 10 02:04:44 +0000 2023,3,0,0,False,65,,
1.7336432648743857e+18,"Cahaya itu hanya bermanfaat untuk lingkungan terdekat, seperti keluarga, kerabat dan para pengabdi turun temurun yang masih mensakralkan keberadaan monarki di alam demokrasi.",Marconi70456466,Cony Silado,Sun Dec 10 00:22:18 +0000 2023,3,0,0,False,160,,
1.7337124994790607e+18,ukuran jauh dekat secara geografis? atau dari relasi kuasa?,joeyakarta,Elanto Wijoyono,Sun Dec 10 04:57:25 +0000 2023,3,0,0,False,11502,,
1.7336630167791903e+18,"Teori ini mungkin bisa kita anologikan juga seperti para survayor, semakin dekat para survayor dengan kekuasaan semakin kuat juga angka angka Survey mendukung Penguasa, semakin jauh Survayor dengan kekuasaan maka lambat laun Survayor tersebut ""mati"" kehabisan oksigen",myperspective76,Rela One 🦉,Sun Dec 10 01:40:47 +0000 2023,3,0,0,False,128,,
1.7336953501024463e+18,"Saya jadi teringat pernyataan Cak Nur (alm) saat menjadi co-host di salah satu acara tv swasta, ""Dalam masyarakat Islam, semakin mendekati pusat ke-ISLAM-annya bisa dilihat bahwa mereka akan semakin toleran""...sebuah analogi yg bisa berlaku vice-versa dalam kondisi lain...🌿✊🖖",djalu107,dj_alu,Sun Dec 10 03:49:16 +0000 2023,1,0,1,False,20,,
1.7336564280057777e+18,Mandala. Anderson’s Language & Power,her_fnu,Herlily,Sun Dec 10 01:14:36 +0000 2023,3,0,0,False,1134,,
1.7336585318727926e+18,"nah pembentukan opini dan narasinya mulai nyerang2 dikit nih, gimana min",alabedjo,Alabedjo,Sun Dec 10 01:22:58 +0000 2023,2,0,0,False,1469,,
1.7336656534906186e+18,"Demokrasi kita diperbaiki dulu. Jogja biarkan saja dengan keistimewaannya dan terbukti sampai saat ini, Jogja salah satu kota ternyaman di Indonesia. Parameternya mudah, jogja jadi kita tujuan bagi para pensiun menghabiskan waktu karena Jogja punya daya tarik khusus.",Diks_btn,Diks_btn,Sun Dec 10 01:51:16 +0000 2023,2,0,0,False,178,,
1.733637840616178e+18,hapuskan monarki DIY,kohaku012023,ANTIGA,Sun Dec 10 00:00:45 +0000 2023,2,0,0,False,80,,
1.7323300190690796e+18,Enak sekali yg bikin ulah DPR yg disalahin presiden,BroAri6,Bro Ari🇮🇩,Wed Dec 06 09:23:56 +0000 2023,1,3,1,False,1894,,
1.7323015745324155e+18,Semua itu di lakukan agar Anggaran 400 trilyun gak jadi Bancakan...apa paham sampai di sini .?,antikadrun81,Muaknyusss,Wed Dec 06 07:30:54 +0000 2023,1,0,1,False,933,,
1.7323011168583355e+18,Yah kan GANJAR tinggal nunjuk nanti ... 😀,youthofnation13,counterattack82,Wed Dec 06 07:29:05 +0000 2023,1,0,0,False,1333,,
1.7322598655681823e+18,"Hancur demokrasi Indonesia main tunjuk gubernur Jakarta. Sudah dibegal keputusan MK demi Gibran cawapres, dan melindungi kpruptor dan KPK dibuat mandul, main tunjuk lagi.",SabaruddinS64,Sabaruddin Siagian,Wed Dec 06 04:45:10 +0000 2023,1,0,0,False,54,,
1.7322631363073147e+18,akibat keenakan minum asam sulfat,PribumiD,Sabotase Baut?,Wed Dec 06 04:58:10 +0000 2023,0,0,0,False,971,,
1.7323273890474355e+18,Selamat Datang Orde Baru; betul kata dan Megawati,novemlupanyabut,President of the universe,Wed Dec 06 09:13:29 +0000 2023,0,0,0,False,94,,
1.7323083253233828e+18,"Orang pintar belum tentu orang yang bijaksana, karena kepintarannya dipakai untuk memenuhi syahwatnya.",Marconi70456466,Cony Silado,Wed Dec 06 07:57:44 +0000 2023,0,0,0,False,160,,
1.7324123401535245e+18,KALAH sama Pemilihan Ketua Kelas anak SD... Ga Malu yaaa ??? 😄😄😄,kohlervooler,kohlervooler,Wed Dec 06 14:51:03 +0000 2023,0,0,0,False,292,,
1.732442666800128e+18,"Tanggung, sampai tingkat RT sekalian.",alifarihin69,Ali farihi,Wed Dec 06 16:51:33 +0000 2023,0,0,0,False,42,,
1.7323140061978588e+18,"Pada mau balik ke orba tapi malu malu, kalo semua propinsi isinya relawan dan buzzerp bisa ancur negeri ini?",BudiSan75825121,Jampang,Wed Dec 06 08:20:18 +0000 2023,0,0,0,False,92,,
1.732428926092534e+18,"Logika kadrun. RUU DKJ inisiatif DPR dimana di dalamnya ada PDIP dan PPP...tp yg disalahkan Pemerintah. Logika kadrun. Penunjukkan plt kepala daerah adlh adlh amanat UU No 10 thn 2016, tp yg disalahkan Pemerintah. Profesor KADRUN...",BeBuzzerNKRI,OraUrus#❌,Wed Dec 06 15:56:57 +0000 2023,0,0,0,False,1002,,
1.7322901382928425e+18,"Ful iful mana hasil survey, kerja oi kerja....ngetweer melulu katanya konsultan. Hasil survey mana ? Mana?",Lian_2791,Lian,Wed Dec 06 06:45:28 +0000 2023,0,0,0,False,50,,
1.7323285896921462e+18,"Tapi kann,, kalo presiden ny petugas partai y kembali lagi partai yg menentukan. Yg usul partai yg nentuin ketum partai juga. Presiden hny petugas di jadikan kambing hitam. Lucu.",dixie_pp,prasetyo putro,Wed Dec 06 09:18:15 +0000 2023,0,0,0,False,51,,
1.7322729488731466e+18,"Prof kenapa gak kau gas DPR? Itu inisiatif DPR, Presiden lg yg kau salahkan...😀😀🤣🤣",ChSitum,K E N A P A ?,Wed Dec 06 05:37:09 +0000 2023,0,1,0,False,2090,,
1.7322650714795218e+18,Persis era orde baru dulu ya…,RivoPamudji,Rivo Pamudji~Cipong,Wed Dec 06 05:05:51 +0000 2023,0,0,0,False,3288,,
1.732257944790864e+18,"Aaggh luar binasa lurah 1 ini,,,, nikmat mana lagi yg kau dustakan ???",darwis_mgrnot,andromeda_(M31),Wed Dec 06 04:37:32 +0000 2023,0,0,0,False,18,,
1.7324793602619108e+18,Ingat: Loe pemuja Joko,Toviq7,ToviX,Wed Dec 06 19:17:22 +0000 2023,0,0,0,False,443,,
1.7322687506223718e+18,"Kembali kejaman Orde Baru,dimana waktu itu semua pejabat ditunjuk oleh presiden..dari gubernur hingga anggota DPR..Pak Lurah emang hebat 👍👍👍",FirdausyMuh,Firdausy Muh,Wed Dec 06 05:20:28 +0000 2023,0,0,0,False,758,,
1.7328055386591153e+18,Narasinya selalu presiden yg disalahkan..tukang survey abak abal..,SangBerpengaruh,sang berpengaruh,Thu Dec 07 16:53:29 +0000 2023,0,0,0,False,49,,
1.7324289256185943e+18,"Kalaupun iya, memangnya yg nunjuk pak Jokowi? Memangnya Pilgub DKI kapan? Memangnya pak Jokowi lengser kapan? Memangnya pelantikan Presiden ke8 kapan? Ijin bertanya Prof 🙏",whawhan_eko,庫婁荷遭輪縫 柄肛,Wed Dec 06 15:56:57 +0000 2023,0,0,0,False,770,,
1.7325914052380145e+18,Cuci tangan yg bersih!,yukgoblokbareng,Sesuai Arahan Pimpinan,Thu Dec 07 02:42:35 +0000 2023,0,0,0,False,62,,
1.73233126544844e+18,Seharusnya dr dulu bupati dan gubernur itu dipilihkan presiden sja krn ga da jg gunanya buat masyarakat. Milih bupati & gubernur hbis uang negara triliunan tp cuma bisa korupsi tnpa ada kerja nyatanya untuk rakyat!!,freddyarjuna,IblisbaikHATI,Wed Dec 06 09:28:53 +0000 2023,2,0,0,False,2852,,
1.7323074878509878e+18,Hayoook PDIP juga setuju loh ini.,FauziAbdil76784,Fauzi Abdilah,Wed Dec 06 07:54:24 +0000 2023,0,0,0,False,12,,
1.7322747074106737e+18,lha yg usulkan dpr om. Cuma PKS yg nolak. Jangan2 ini perintah ketum partai yg setuju spt petugas partainya yg nyapres kalau menang nanti bisa enak2 saja nunjuk gub dki.,chireng,Dodol Garut,Wed Dec 06 05:44:09 +0000 2023,0,0,0,False,91,,
1.8713444947147328e+18,OMON OMON,amelcewaw,Amelia,Mon Dec 23 23:57:50 +0000 2024,1,2,0,False,5110,,
1.8715250404053363e+18,Ho'oh 😂,King_SpeakUp,Nobody,Tue Dec 24 11:55:15 +0000 2024,1,0,0,False,4038,,
1.8715630092289969e+18,,AnasisFeri,Anindio Ligouris,Tue Dec 24 14:26:08 +0000 2024,0,0,0,False,298,,
1.717506602650231e+18,"maksudnya FZ, dipilih oleh DPRD.",Haydhar3,Haydhar,Thu Oct 26 11:40:58 +0000 2023,0,1,0,False,1158,,
1.7175084337197468e+18,"Era orba DPRD hanya mengajukan, utk gubernur dipilih presiden, utk bupati dipilih Mendagri. Jumlah yg diajukan min 2 max 4.",wisanggeni_11,mas penyok,Thu Oct 26 11:48:15 +0000 2023,0,2,0,False,3898,,
1.7175101367036436e+18,🤣🤣 ya melalui DPRD lah. mana ada?,Haydhar3,Haydhar,Thu Oct 26 11:55:01 +0000 2023,0,1,0,False,1158,,
1.7175112094598065e+18,Makanya rajin membaca ya,wisanggeni_11,mas penyok,Thu Oct 26 11:59:16 +0000 2023,0,4,0,False,3898,,
1.7175155243794107e+18,"Maksudnya FZ pilkada jaman orba, Pilkada pemilihan (umum) kepala daerah, yang milih itu DPRD. Yang mengangkat bupati itu Mendagri. Gubernur oleh Presiden. 🤣🤣",Haydhar3,Haydhar,Thu Oct 26 12:16:25 +0000 2023,0,0,0,False,1158,,
1.7138165679753997e+18,"Menarik Pertimbangan MK jg tdk sepakat smua penyelenggara negara disamakan sbg syarat. Hrs dibedakan antara penyelenggara negara hsl pilpres, pileg dan pilkada dgn penyelenggara negara yg ditunjuk pemerintah.",wangi_mentik,Mentik Wangi,Mon Oct 16 07:18:05 +0000 2023,0,1,0,False,669,,
1.7138167117687278e+18,"Jd intinya Calon Presiden/Wakil hrs berpengalaman menjadi penyelenggara negara dari hasil pemilihan oleh rakyat. Pernah menjabat Presiden/Wapres Gubernur/Wagub, Walkot/Wawalkot, Bupati/Wabup, anggota DPR, DPD, DPRD.",wangi_mentik,Mentik Wangi,Mon Oct 16 07:18:39 +0000 2023,0,0,0,False,669,,
1.691787332377248e+18,"Di bahasa Indonesia kan, pemilihan presiden dan wakil presiden, dipilih oleh MPR, gubenur dan wakil gubernur dipilih DPRD tk I, walkot dan bupati dipilih DPRD tk II... New orba bangkit...",lesmana_sofyan,99,Wed Aug 16 12:21:46 +0000 2023,55,1,10,False,1554,,
1.6627965137462313e+18,"Putusan MK itu menjadi rahasia ketat sebelum dibacakan, tapi harus terbuka luas setetalah diputuskan dengan pengetokan palu vonis di sidang resmi dan terbuka. Sy yg mantan Ketua MK sj tak berani meminta isyarat apalagi bertanya ttg vonis MK yg belum dibacakan sbg vonis resmi. MK",mohmahfudmd,Mahfud MD,Sun May 28 12:22:36 +0000 2023,1378,419,259,False,4462962,,
1.6628497453611745e+18,"Terlepas dr benar/tdknya info ini saya lbh mendukung sistem proporsional tertutup. Fakta menunjukkan sistem terbuka menghasilkan anggota legislatif yg kurang berkualitas, hanya sekedar populer saja. Tinggal buatkan rambu kpd parpol bgm aturan yg objektif utk memberi nomor urut.",kh_notodiputro,Khairil Anwar Notodiputro,Sun May 28 15:54:08 +0000 2023,18,2,1,False,14384,,
1.662969586147537e+18,"Bukan rahasia umum ,secara tidak disadari bahwa sistem terbuka membuat biaya politik menjadi sangat mahal dan itu lah sumber awal terjadinya korupsi",TjatorP,tjator prei,Sun May 28 23:50:20 +0000 2023,2,1,0,False,1,,
1.6630647317317878e+18,"Kalau masalah duit yg di permasalahkan..semua serba duit, hanya pindah lapak saja itu duit dari rakyat ke partai politik, Krn kalau terbuka duit nya ke rakyat kalau tertutup duitnya masuk partai.",armansyahp90,arman_putra,Mon May 29 06:08:24 +0000 2023,0,1,0,False,19,,
1.6641058409688635e+18,"Kalo sy tdk salah memahami sistem terbuka tertutup hanya untuk pemilihan anggota legislatif kalo pemilihan presiden, gubernur,bupati dan walikota ttap dipilih lngsng oleh rakyat,,,, ketika anggota DPR, DPRD dipilih secara terbuka maka yg mencalonkan hanyalah orang2 yg kaya raya.",TjatorP,tjator prei,Thu Jun 01 03:05:24 +0000 2023,0,0,0,False,1,,
1.628008619462783e+18,"Bila kita merujuk pada ideologi liberalisme politik atau demokrasi, gagasan beliau melanggar hak masyarakat untuk memilih langsung kepala daerahnya. Kalau merujuk ke Pancasila juga menjadi perdebatan karena akan melanggar sila keempat Pancasila.",lpminstitut,LPM Institut UIN Jakarta,Tue Feb 21 12:27:56 +0000 2023,0,1,0,False,4341,,
1.628008623287976e+18,Baca selengkapnya di peniadaanpilgub pilgub persma lpminstitut bacatulislawan,lpminstitut,LPM Institut UIN Jakarta,Tue Feb 21 12:27:57 +0000 2023,1,0,0,False,4341,,
1.6231501532376635e+18,"Saya setuju soal ini dengan Teddy. Pilkada lebih byk mudharatnya dari baiknya. Perpecahan, boros biaya, menciptakan raja² kecil dan koruptor² baru. Sudah saatnya Pemilihan Gubernur, Bup/Walkota dilakukan oleh DPRD kembali.",_Haris_Srg,SuluhKebenaran,Wed Feb 08 02:42:07 +0000 2023,0,0,0,False,6084,,
1.6224334874155745e+18,Capres hanya bisa diusung oleh Partai² yg lolos parliamentary threshold 10%. Cagub juga hanya boleh diusung oleh Partai² yg minimal memiliki 10% perolehan suara dari suara sah tk Propinsi. Cabup/cawalkot diusung oleh partai yg memiliki minimal 10% suara dari suara sah Kab/kota.,_Haris_Srg,SuluhKebenaran,Mon Feb 06 03:14:21 +0000 2023,0,1,0,False,6084,,
1.6224334914295237e+18,"Tiadanya Presiden threahold nmn dengan Parliamantary threshold 10% dan 10% perolehan suarah untuk DPRD I dan II akan menyebabkan Partai terseleksi secara ketat. Jlh partai yg ada diparlemen juga sedikit. Hingga capres, kada yg diusung juga sedikit. Bisa diusung masing² Partai.",_Haris_Srg,SuluhKebenaran,Mon Feb 06 03:14:22 +0000 2023,0,0,0,False,6084,,
1.6199619569072374e+18,"Sejak Pilkada diundur oleh Presiden, Ogut udah mempertanyakan 'legalitas' pengangkatan Gubernur Kep Daerah oleh Presiden, yg terang2an memperkosa dan bertentangan dgn UU ttg pemilihan kepala daerah. Seharusnya BUKAN presiden yg pilih, tapi DPRD. Sama2 ilegal tp lebih demokratis",D1t07,D1T0 7AD1,Mon Jan 30 07:33:22 +0000 2023,0,0,0,False,872,,
1.6026783333841633e+18,"Pemilihan langsung cukup pemilihan presiden, gubernur , walikota dan bupati dipilih oleh dprd mengurangi ongkos politik",ZakyPongngax,IPongs,Tue Dec 13 14:54:25 +0000 2022,0,0,0,False,164,,
1.5986547380352246e+18,Sebagai negara demokrasi seharusnya PJ kepala daerah dipilih oleh wakil rakyat (DPRD) Presiden atau Mendagri yang melantik,Ibnu_Radi,Mu0808,Fri Dec 02 12:26:05 +0000 2022,18,10,1,False,145,,
1.5988781608539996e+18,Lah kan memang sdh disulkan DPRD sebelumnya? Proses ini mirip dengan pemilihan gubernur jaman Soeharto. Tetap dipilih rakyat tapi diwakilkan oleh DPRD. Permusyawaratan perwakilan gitu loh,9usmulAgus,AGS,Sat Dec 03 03:13:53 +0000 2022,0,0,0,False,7,,
1.5972155431653335e+18,"Salah seorang tokoh legendaris terkenal di dunia yg pandai bermain sandiwara, peran yg dimainkan adalah sebagai seorang pembunuh kejam, nekat membantai musuh-musuhnya tanpa ampun. Nah sedangkan pria di sebelah orang tersebut bernama Sylvester Stallone.",HILARlO,Hilario,Mon Nov 28 13:07:14 +0000 2022,944,32,67,False,987,,
1.5974659629406003e+18,"Iyalah, orang jaman Pak Harto Pemilu cuman sekali nyoblos kertas kecil yg bergambar PPP, Golkar, & PDI. Beda sama sekarang yg nyoblos utk Presiden, DPR, DPD, DPRD Propinsi, DPRD Kota/Kab, mana kertasnya gede2, dimana nyiapin, ngeproses, & ngitungnya lebih lama & melelahkan.",HILARlO,Hilario,Tue Nov 29 05:42:19 +0000 2022,5,3,1,False,987,,
1.5975862434657935e+18,Disini pemilu cuma formalitas 🤡 pemenang nya sudah jelas dan bisa di atur,SiiiKurusss,𝒦𝓎,Tue Nov 29 13:40:16 +0000 2022,0,1,0,False,196,,
1.5975884282539663e+18,"Afah iyah dek pemilihan Presiden, DPR, DPD, DPRD Propinsi, DPRD Kota/Kabupaten, Gubernur, Walikota/Bupati segitu banyaknya di Indonesia, yg diawasi oleh Bawaslu, parpol, & masyarakat, dan dijamin oleh MK, semuanya pemenangnya sudah jelas dan bisa diatur? Anda punya buktinya kah?",HILARlO,Hilario,Tue Nov 29 13:48:57 +0000 2022,0,1,0,False,987,,
1.579705630470058e+18,"bagi saya yg melihat dan tahu bgmn pilkada daerah, tentu sangat setuju pemilihan dikembalikan ke DPRD atau bahkan dipilih langsung oleh presiden/menteri.karena biaya pilkada yg super gila itulah yg menjadi sebab munculnya korupsi. bayangkan Bupati antara 10-30m, gubernur 100m",ARosadi76,Agus Gunawan Rosadi76,Tue Oct 11 05:29:06 +0000 2022,0,1,0,False,46,,
1.5797763022946345e+18,Klo gitu waktu UU Pilkada disahkan gak usah dong protes2 sampai ada yg keluar dari partainya gara2 partainya dukung UU itu,fadhlierlanda,Fadhli Erlanda Arlan,Tue Oct 11 10:09:55 +0000 2022,0,0,0,False,930,,
1.5671121268542136e+18,"sudah keliatan semua partai berebut ""mainan"" dijakarta, pffft....🤭",Tandoek_,i'm RANGER,Tue Sep 06 11:27:01 +0000 2022,0,0,0,False,28,,
1.5181240566458737e+18,Polarisasi ini terjadi kan karena ulah oknum yang membawa agama ke urusan politik.,KakakMade,Kakak Made ✨,Sun Apr 24 07:05:55 +0000 2022,8,24,2,False,60026,,
1.5181504335374008e+18,"Bali sudah pernah punya gubernur muslim,namanya Soekarmen",sinyonamaqu,BapakBahagia,Sun Apr 24 08:50:43 +0000 2022,0,1,0,False,334,,
1.518155271285375e+18,Mlipir lagi...dipilih donk bahkan untuk 2x masa jabatan.,sinyonamaqu,BapakBahagia,Sun Apr 24 09:09:57 +0000 2022,0,1,0,False,334,,
1.5181843010446377e+18,"Gubernur jaman Pak Harto, dipilih oleh DPRD (bukan ditunjuk). Namanya pemilihan tak langsung.",sinyonamaqu,BapakBahagia,Sun Apr 24 11:05:18 +0000 2022,0,2,0,False,334,,
1.518194490548568e+18,"Maksudnya mungkin bukan dipilih langsung oleh rakyat, pake kotak suara di TPS. Dan memang, jam orde baru yg berlaku pemilihan tidak langsung, dan biasanya ada perintah langsung dari pimpinan ABRI yg menjabat didaerah itu..",Antonio76363114,Antoniosp,Sun Apr 24 11:45:47 +0000 2022,0,0,0,False,8,,
1.5017727033465897e+18,Iya terpilih Pemilu tapi ngakalin konstitusi.,1rfani,irf,Thu Mar 10 04:11:28 +0000 2022,1,3,0,False,771,,
1.501789272441254e+18,,New_Era_PS,new era,Thu Mar 10 05:17:19 +0000 2022,0,3,0,False,1712,,
1.501812380270936e+18,Putin secara bertahap mengendalikan 83 wilayah Rusia dengan menunjuk politisi yang dia percaya sebagai gubernur. Dia menghapus pilkada pada 2004 dan menggantinya dengan pemilihan kepala daerah oleh para anggota DPRD.,1rfani,irf,Thu Mar 10 06:49:08 +0000 2022,0,0,0,False,771,,
