post_code,post_url,author_username,author_display_name,author_is_verified,text_content,like_count,reply_count,repost_count,quote_count,share_count,view_count,created_at,scraped_at,item_type,reply_id,author_profile_pic_url,author_profile_url,created_at_timestamp,is_liked_by_author,reply_to_username,media_type,has_audio,mentions,hashtags,reply_url
DS_-j_TE1z3,https://www.threads.com/@verdianb/post/DS_-j_TE1z3/setelah-itu-presiden-d-pilih-dpr-kelar-deh,verdianb,Verdian B Yudo,False,"Setelah itu presiden d pilih DPR , kelar deh 😆😁",1,38,9,0,0.0,92.0,2026-01-02T07:18:37.000Z,2026-01-09T05:24:01.057247,original_post,,,,,,,,,,,
,https://www.threads.com/@verdianb/post/DS_-j_TE1z3/setelah-itu-presiden-d-pilih-dpr-kelar-deh,fenryconk,cønk,False,"Sistem politik jaman orba itu paling bagus , asal di hilangkan praktik KKN nya",6,2,0,0,,,2026-01-02T03:19:36.000Z,2026-01-09T05:24:01.057247,reply,DS_jNWskpg1,https://scontent-iad3-2.cdninstagram.com/v/t51.2885-19/604242002_17934070473116616_3860171162531861582_n.jpg?stp=dst-jpg_s150x150_tt6&efg=eyJ2ZW5jb2RlX3RhZyI6InByb2ZpbGVfcGljLmRqYW5nby4xMDgwLmMyIn0&_nc_ht=scontent-iad3-2.cdninstagram.com&_nc_cat=100&_nc_oc=Q6cZ2QGKyAu0_oApUfz7BvO3xsHRnzgMpu9LV7JYhkbw70rWelcQBkq5lM_Hi1-gpYTLUhM&_nc_ohc=4tLFLSGaPcAQ7kNvwE7ztaZ&_nc_gid=S5gLdJoNHt55A_hEWkxNWg&edm=APs17CUBAAAA&ccb=7-5&oh=00_Afo-GzuJTiHRX7dBrmn06ku6RAPuLjUkX9e5oBZO5vqD5A&oe=6965FF8D&_nc_sid=10d13b,https://www.threads.com/@fenryconk,1767323976.0,False,disinisadat,19.0,False,[],[],https://www.threads.com/@fenryconk/post/DS_jNWskpg1
,https://www.threads.com/@verdianb/post/DS_-j_TE1z3/setelah-itu-presiden-d-pilih-dpr-kelar-deh,moodpagiku,MoodPagi,False,"Termasuk PDIP, yg mengusulkan pemilu tertutup, dimana calon yg lolos itu partai yg menentukan. Jadi rakyat pilih partai, bukan pilih orang.",11,1,0,0,,,2026-01-02T02:40:19.000Z,2026-01-09T05:24:01.057247,reply,DS_etpKAQAN,https://scontent-iad3-2.cdninstagram.com/v/t51.2885-19/455164228_422048830855200_7617530510643430525_n.jpg?stp=dst-jpg_s150x150_tt6&efg=eyJ2ZW5jb2RlX3RhZyI6InByb2ZpbGVfcGljLmRqYW5nby4xMDgwLmMyIn0&_nc_ht=scontent-iad3-2.cdninstagram.com&_nc_cat=100&_nc_oc=Q6cZ2QGKyAu0_oApUfz7BvO3xsHRnzgMpu9LV7JYhkbw70rWelcQBkq5lM_Hi1-gpYTLUhM&_nc_ohc=woIPwuCHVBQQ7kNvwG3WY7R&_nc_gid=S5gLdJoNHt55A_hEWkxNWg&edm=APs17CUBAAAA&ccb=7-5&oh=00_AfpL6-BZdQCcyLqAxr4TUtzMt4UUDHb6XlnFDW7JVqwP1w&oe=69661416&_nc_sid=10d13b,https://www.threads.com/@moodpagiku,1767321619.0,False,disinisadat,19.0,False,[],[],https://www.threads.com/@moodpagiku/post/DS_etpKAQAN
,https://www.threads.com/@verdianb/post/DS_-j_TE1z3/setelah-itu-presiden-d-pilih-dpr-kelar-deh,mister_kopet,Kopet,False,"Setuju pilkada lewat DPRD, atau tak perlu pilkada samasekali, BISA, contohnya gubernur DIY, tak masalah. Pilkada langsung cuma menyetak pemimpin daerah korup.",5,1,0,0,,,2026-01-02T06:09:49.000Z,2026-01-09T05:24:01.057247,reply,DS_2sBUE_3l,https://scontent-iad3-1.cdninstagram.com/v/t51.2885-19/501993393_17842081365508401_8040182503606454979_n.jpg?stp=dst-jpg_s150x150_tt6&efg=eyJ2ZW5jb2RlX3RhZyI6InByb2ZpbGVfcGljLmRqYW5nby43MjAuYzIifQ&_nc_ht=scontent-iad3-1.cdninstagram.com&_nc_cat=109&_nc_oc=Q6cZ2QGKyAu0_oApUfz7BvO3xsHRnzgMpu9LV7JYhkbw70rWelcQBkq5lM_Hi1-gpYTLUhM&_nc_ohc=gFjvk4yh8wEQ7kNvwFN1G1v&_nc_gid=S5gLdJoNHt55A_hEWkxNWg&edm=APs17CUBAAAA&ccb=7-5&oh=00_Afrm_NcOmXuu35MJXaVNOk8ytsDMFBcPXjjQd5s3JTBd1g&oe=6965F66A&_nc_sid=10d13b,https://www.threads.com/@mister_kopet,1767334189.0,False,disinisadat,19.0,False,[],[],https://www.threads.com/@mister_kopet/post/DS_2sBUE_3l
,https://www.threads.com/@verdianb/post/DS_-j_TE1z3/setelah-itu-presiden-d-pilih-dpr-kelar-deh,kekeezzsenomb,Desika Kristanti,False,"Sumber masalah di negeri ini PARPOL....suka TDK suka itu FAKTA!! Dengan wakil duduk di DPR Senayan , bukan mewakili rakyat!!!",5,1,0,0,,,2026-01-02T05:55:31.000Z,2026-01-09T05:24:01.057247,reply,DS_1DW8AQ6h,https://scontent-iad3-1.cdninstagram.com/v/t51.2885-19/452710425_1177346940131534_7761057659886308612_n.jpg?stp=dst-jpg_s150x150_tt6&efg=eyJ2ZW5jb2RlX3RhZyI6InByb2ZpbGVfcGljLmRqYW5nby4xMDgwLmMyIn0&_nc_ht=scontent-iad3-1.cdninstagram.com&_nc_cat=102&_nc_oc=Q6cZ2QGKyAu0_oApUfz7BvO3xsHRnzgMpu9LV7JYhkbw70rWelcQBkq5lM_Hi1-gpYTLUhM&_nc_ohc=BPfdFlKgOD4Q7kNvwFsjGdL&_nc_gid=S5gLdJoNHt55A_hEWkxNWg&edm=APs17CUBAAAA&ccb=7-5&oh=00_AfrcyRwmE-jnmgHpq03QFEokx14zGF7v9u2gOeWK7u82wA&oe=696604C8&_nc_sid=10d13b,https://www.threads.com/@kekeezzsenomb,1767333331.0,False,disinisadat,19.0,False,[],[],https://www.threads.com/@kekeezzsenomb/post/DS_1DW8AQ6h
,https://www.threads.com/@verdianb/post/DS_-j_TE1z3/setelah-itu-presiden-d-pilih-dpr-kelar-deh,iradescamps,Ira Salassa,False,"Kalau mereka revisi UU pilkada, rakyat jangan ikut pilih DPRD, jadi biarkan tdk ada DPRD",1,0,0,0,,,2026-01-02T11:47:29.000Z,2026-01-09T05:24:01.057247,reply,DTAdVNdiFuP,https://scontent-iad3-2.cdninstagram.com/v/t51.2885-19/452640264_956220033182406_1432860225659752538_n.jpg?stp=dst-jpg_s150x150_tt6&efg=eyJ2ZW5jb2RlX3RhZyI6InByb2ZpbGVfcGljLmRqYW5nby4xMDgwLmMyIn0&_nc_ht=scontent-iad3-2.cdninstagram.com&_nc_cat=106&_nc_oc=Q6cZ2QGKyAu0_oApUfz7BvO3xsHRnzgMpu9LV7JYhkbw70rWelcQBkq5lM_Hi1-gpYTLUhM&_nc_ohc=glL9g5Dj7_AQ7kNvwGeSViL&_nc_gid=S5gLdJoNHt55A_hEWkxNWg&edm=APs17CUBAAAA&ccb=7-5&oh=00_Afo7bX1JyagU8LHYV1YfP5V8gBBpa0LoxstpTbjgyl63qg&oe=6965FEDF&_nc_sid=10d13b,https://www.threads.com/@iradescamps,1767354449.0,False,disinisadat,19.0,False,[],[],https://www.threads.com/@iradescamps/post/DTAdVNdiFuP
,https://www.threads.com/@verdianb/post/DS_-j_TE1z3/setelah-itu-presiden-d-pilih-dpr-kelar-deh,arrasyidri,Ku RI,False,"Ya kali PAN Mau bersebrangan, ga bakal mungkin",1,1,0,0,,,2026-01-02T06:30:36.000Z,2026-01-09T05:24:01.057247,reply,DS_5EUHkmKT,https://scontent-iad3-2.cdninstagram.com/v/t51.2885-19/450820679_3929340207333935_4888674097518081565_n.jpg?stp=dst-jpg_s150x150_tt6&efg=eyJ2ZW5jb2RlX3RhZyI6InByb2ZpbGVfcGljLmRqYW5nby4xMDgwLmMyIn0&_nc_ht=scontent-iad3-2.cdninstagram.com&_nc_cat=111&_nc_oc=Q6cZ2QGKyAu0_oApUfz7BvO3xsHRnzgMpu9LV7JYhkbw70rWelcQBkq5lM_Hi1-gpYTLUhM&_nc_ohc=X6SONnb4jdMQ7kNvwHTQPTV&_nc_gid=S5gLdJoNHt55A_hEWkxNWg&edm=APs17CUBAAAA&ccb=7-5&oh=00_Afpm3tuvuV4XgK1Ln-4OIgNVr4DxO0S-iUPew18_Ei6c1g&oe=6965F54E&_nc_sid=10d13b,https://www.threads.com/@arrasyidri,1767335436.0,False,disinisadat,19.0,False,[],[],https://www.threads.com/@arrasyidri/post/DS_5EUHkmKT
,https://www.threads.com/@verdianb/post/DS_-j_TE1z3/setelah-itu-presiden-d-pilih-dpr-kelar-deh,aris.rindu,Arisrindu Penakluk Dunia,False,"Kalau Gubernur dipilih DPRD sih menurut saya gpp, seperti di Jogja yg gak ada Pilkada Gubernur. Kalau Bupati&Walikota harus Pilkada langsung, karena otonomi daerah kan berlaku di tingkat kab/kota",0,0,0,0,,,2026-01-02T09:56:31.000Z,2026-01-09T05:24:01.057247,reply,DTAQofnD348,https://scontent-iad3-1.cdninstagram.com/v/t51.2885-19/371438111_2852494528225963_2737447684056085724_n.jpg?stp=dst-jpg_s150x150_tt6&efg=eyJ2ZW5jb2RlX3RhZyI6InByb2ZpbGVfcGljLmRqYW5nby45NzUuYzIifQ&_nc_ht=scontent-iad3-1.cdninstagram.com&_nc_cat=107&_nc_oc=Q6cZ2QGKyAu0_oApUfz7BvO3xsHRnzgMpu9LV7JYhkbw70rWelcQBkq5lM_Hi1-gpYTLUhM&_nc_ohc=BE_e5nmq0I4Q7kNvwENnQwd&_nc_gid=S5gLdJoNHt55A_hEWkxNWg&edm=APs17CUBAAAA&ccb=7-5&oh=00_AfoouPgrnU3YcW1vo4kpahJsNV17f3kkqiQs2Rvc3NcuYA&oe=6965E5AF&_nc_sid=10d13b,https://www.threads.com/@aris.rindu,1767347791.0,False,disinisadat,19.0,False,[],[],https://www.threads.com/@aris.rindu/post/DTAQofnD348
,https://www.threads.com/@verdianb/post/DS_-j_TE1z3/setelah-itu-presiden-d-pilih-dpr-kelar-deh,ari516513,Ari Sapari,False,Masih ada yg percaya partai politik dengan para politikus nya yg koplak?,1,0,0,0,,,2026-01-02T02:56:17.000Z,2026-01-09T05:24:01.057247,reply,DS_gilSEkJO,https://instagram.fxap4-1.fna.fbcdn.net/v/t51.2885-19/573323465_1219825463302212_7278921664109726296_n.png?stp=dst-jpg_e0_s150x150_tt6&efg=eyJ2ZW5jb2RlX3RhZyI6InByb2ZpbGVfcGljLmRqYW5nby4xNTAuYzIifQ&_nc_ht=instagram.fxap4-1.fna.fbcdn.net&_nc_cat=1&_nc_oc=Q6cZ2QEnOXqZeOmHJI1U4y5qdSNA-F73LDPCzHuFs_9Hzf3CFmq_N628n_rtL86SZkO6-e4&_nc_ohc=jFezCB5ZvcgQ7kNvwHwpD5t&_nc_gid=UyVyyFGP6tWqX_ftMqsQLQ&edm=ALlQn9MBAAAA&ccb=7-5&ig_cache_key=YW5vbnltb3VzX3Byb2ZpbGVfcGlj.3-ccb7-5&oh=00_AfrRn-Iszu5UVOm9ccvyrVtBD-JcxjOWjpHaLhNXC83jZQ&oe=6965FFEA&_nc_sid=e7f676,https://www.threads.com/@ari516513,1767322577.0,False,disinisadat,19.0,False,[],[],https://www.threads.com/@ari516513/post/DS_gilSEkJO
,https://www.threads.com/@verdianb/post/DS_-j_TE1z3/setelah-itu-presiden-d-pilih-dpr-kelar-deh,heru_sri,Heru Sri Hariyanto,False,"Pilkada langsung juga hasilnya korup karena biaya politik yg tinggi, selain uang buat lobi parpol agar bisa nyalon juga mesti siap dana buat beli suara masyarakat, akibatnya saat menjadi KaDa malah sibuk cari ganti dari APBD",1,1,0,0,,,2026-01-02T03:59:46.000Z,2026-01-09T05:24:01.057247,reply,DS_nzfTEYQt,https://scontent-iad3-1.cdninstagram.com/v/t51.2885-19/409536959_1063177828065028_3227781607261826966_n.jpg?stp=dst-jpg_s150x150_tt6&efg=eyJ2ZW5jb2RlX3RhZyI6InByb2ZpbGVfcGljLmRqYW5nby4xMDgwLmMyIn0&_nc_ht=scontent-iad3-1.cdninstagram.com&_nc_cat=104&_nc_oc=Q6cZ2QGKyAu0_oApUfz7BvO3xsHRnzgMpu9LV7JYhkbw70rWelcQBkq5lM_Hi1-gpYTLUhM&_nc_ohc=7YdXq5QdTHMQ7kNvwHC3dGu&_nc_gid=S5gLdJoNHt55A_hEWkxNWg&edm=APs17CUBAAAA&ccb=7-5&oh=00_AfrBGxC403thS9b-H_1eqipSSstgtNiofmF1WCk7mSsiyA&oe=69660EAC&_nc_sid=10d13b,https://www.threads.com/@heru_sri,1767326386.0,False,disinisadat,19.0,False,[],[],https://www.threads.com/@heru_sri/post/DS_nzfTEYQt
,https://www.threads.com/@verdianb/post/DS_-j_TE1z3/setelah-itu-presiden-d-pilih-dpr-kelar-deh,ve.views,vesahaja,False,Paling chaos.,1,0,0,0,,,2026-01-02T02:55:13.000Z,2026-01-09T05:24:01.057247,reply,DS_gax7klTu,https://scontent-iad3-2.cdninstagram.com/v/t51.2885-19/609212030_17843152527670337_3705241258425663451_n.jpg?stp=dst-jpg_s150x150_tt6&efg=eyJ2ZW5jb2RlX3RhZyI6InByb2ZpbGVfcGljLmRqYW5nby4xMDgwLmMyIn0&_nc_ht=scontent-iad3-2.cdninstagram.com&_nc_cat=105&_nc_oc=Q6cZ2QGKyAu0_oApUfz7BvO3xsHRnzgMpu9LV7JYhkbw70rWelcQBkq5lM_Hi1-gpYTLUhM&_nc_ohc=KyXuIOd-EeAQ7kNvwHyGR_h&_nc_gid=S5gLdJoNHt55A_hEWkxNWg&edm=APs17CUBAAAA&ccb=7-5&oh=00_AfoFzZRhL3OV9od-C-N666PAF_GWftOTNfHjHNR88qn1sw&oe=6965F532&_nc_sid=10d13b,https://www.threads.com/@ve.views,1767322513.0,False,disinisadat,19.0,False,[],[],https://www.threads.com/@ve.views/post/DS_gax7klTu
,https://www.threads.com/@verdianb/post/DS_-j_TE1z3/setelah-itu-presiden-d-pilih-dpr-kelar-deh,syamsi_marsaoly,Syamsi Rabo,False,PAN mendukung.. pada paripurna nanti semua partai koalisi mendukung,0,0,0,0,,,2026-01-02T12:22:51.000Z,2026-01-09T05:24:01.057247,reply,DTAhYRaiY9k,https://instagram.fxap4-1.fna.fbcdn.net/v/t51.2885-19/573323465_1219825463302212_7278921664109726296_n.png?stp=dst-jpg_e0_s150x150_tt6&efg=eyJ2ZW5jb2RlX3RhZyI6InByb2ZpbGVfcGljLmRqYW5nby4xNTAuYzIifQ&_nc_ht=instagram.fxap4-1.fna.fbcdn.net&_nc_cat=1&_nc_oc=Q6cZ2QEnOXqZeOmHJI1U4y5qdSNA-F73LDPCzHuFs_9Hzf3CFmq_N628n_rtL86SZkO6-e4&_nc_ohc=jFezCB5ZvcgQ7kNvwHwpD5t&_nc_gid=UyVyyFGP6tWqX_ftMqsQLQ&edm=ALlQn9MBAAAA&ccb=7-5&ig_cache_key=YW5vbnltb3VzX3Byb2ZpbGVfcGlj.3-ccb7-5&oh=00_AfrRn-Iszu5UVOm9ccvyrVtBD-JcxjOWjpHaLhNXC83jZQ&oe=6965FFEA&_nc_sid=e7f676,https://www.threads.com/@syamsi_marsaoly,1767356571.0,False,disinisadat,19.0,False,[],[],https://www.threads.com/@syamsi_marsaoly/post/DTAhYRaiY9k
,https://www.threads.com/@verdianb/post/DS_-j_TE1z3/setelah-itu-presiden-d-pilih-dpr-kelar-deh,khaerud.amr,haeruddin,False,Baguslah kembali sistem yang dulu,1,0,0,0,,,2026-01-02T06:38:34.000Z,2026-01-09T05:24:01.057247,reply,DS_5-oGEyTD,https://instagram.fxap4-1.fna.fbcdn.net/v/t51.2885-19/573323465_1219825463302212_7278921664109726296_n.png?stp=dst-jpg_e0_s150x150_tt6&efg=eyJ2ZW5jb2RlX3RhZyI6InByb2ZpbGVfcGljLmRqYW5nby4xNTAuYzIifQ&_nc_ht=instagram.fxap4-1.fna.fbcdn.net&_nc_cat=1&_nc_oc=Q6cZ2QEnOXqZeOmHJI1U4y5qdSNA-F73LDPCzHuFs_9Hzf3CFmq_N628n_rtL86SZkO6-e4&_nc_ohc=jFezCB5ZvcgQ7kNvwHwpD5t&_nc_gid=UyVyyFGP6tWqX_ftMqsQLQ&edm=ALlQn9MBAAAA&ccb=7-5&ig_cache_key=YW5vbnltb3VzX3Byb2ZpbGVfcGlj.3-ccb7-5&oh=00_AfrRn-Iszu5UVOm9ccvyrVtBD-JcxjOWjpHaLhNXC83jZQ&oe=6965FFEA&_nc_sid=e7f676,https://www.threads.com/@khaerud.amr,1767335914.0,False,disinisadat,19.0,False,[],[],https://www.threads.com/@khaerud.amr/post/DS_5-oGEyTD
,https://www.threads.com/@verdianb/post/DS_-j_TE1z3/setelah-itu-presiden-d-pilih-dpr-kelar-deh,akhmad.wicaksono,Akhmad Wicaksono,False,Yang lebih paling penting: SEMOGA SI SUBI DAN SI UMING SEGERA LENGSER.,1,0,0,0,,,2026-01-02T03:45:34.000Z,2026-01-09T05:24:01.057247,reply,DS_mLfck6QH,https://scontent-iad3-2.cdninstagram.com/v/t51.2885-19/540686754_17846821437556575_8291650577871143139_n.jpg?stp=dst-jpg_s150x150_tt6&efg=eyJ2ZW5jb2RlX3RhZyI6InByb2ZpbGVfcGljLmRqYW5nby4xMDgwLmMyIn0&_nc_ht=scontent-iad3-2.cdninstagram.com&_nc_cat=103&_nc_oc=Q6cZ2QGKyAu0_oApUfz7BvO3xsHRnzgMpu9LV7JYhkbw70rWelcQBkq5lM_Hi1-gpYTLUhM&_nc_ohc=jrf7JdxEEhUQ7kNvwFjzLmr&_nc_gid=S5gLdJoNHt55A_hEWkxNWg&edm=APs17CUBAAAA&ccb=7-5&oh=00_Afq86DmX3pUVzzTSj7NLS24FR59O89-yuYZLHSMKBm3xSA&oe=69660919&_nc_sid=10d13b,https://www.threads.com/@akhmad.wicaksono,1767325534.0,False,disinisadat,19.0,False,[],[],https://www.threads.com/@akhmad.wicaksono/post/DS_mLfck6QH
,https://www.threads.com/@verdianb/post/DS_-j_TE1z3/setelah-itu-presiden-d-pilih-dpr-kelar-deh,wannabefree90,mikusobanda,False,"Aq setuju... Modal nya jadi bupati dan gubernur, terlalu besar.. akhirnya setelah menjabat yg dipikir gimana caranya balik modal... Ya realistis sajalah... Dipilih langsung oleh rakyat atau dprd, gak beda kok bagi saya pribadi",0,0,0,0,,,2026-01-02T07:22:04.000Z,2026-01-09T05:24:01.057247,reply,DS_-9OAEaYP,https://scontent-iad3-1.cdninstagram.com/v/t51.2885-19/486090900_3579171532392112_2846145337465675709_n.jpg?stp=dst-jpg_s150x150_tt6&efg=eyJ2ZW5jb2RlX3RhZyI6InByb2ZpbGVfcGljLmRqYW5nby4xMDgwLmMyIn0&_nc_ht=scontent-iad3-1.cdninstagram.com&_nc_cat=104&_nc_oc=Q6cZ2QGKyAu0_oApUfz7BvO3xsHRnzgMpu9LV7JYhkbw70rWelcQBkq5lM_Hi1-gpYTLUhM&_nc_ohc=vX6mrudTrSwQ7kNvwHJ8H8L&_nc_gid=S5gLdJoNHt55A_hEWkxNWg&edm=APs17CUBAAAA&ccb=7-5&oh=00_Afo2958ORu0lW_FbZbn1ZhWl9YS6ZBn6LS3BgQL-DvS1_w&oe=69661819&_nc_sid=10d13b,https://www.threads.com/@wannabefree90,1767338524.0,False,disinisadat,19.0,False,[],[],https://www.threads.com/@wannabefree90/post/DS_-9OAEaYP
,https://www.threads.com/@verdianb/post/DS_-j_TE1z3/setelah-itu-presiden-d-pilih-dpr-kelar-deh,adidhina,Adi Dhina,False,325....dari masa partai.....belum tentu masyarakat......coba saja di sahkan.....apa gak rusuh...,0,0,0,0,,,2026-01-02T06:22:55.000Z,2026-01-09T05:24:01.057247,reply,DS_4L9fAIXH,https://scontent-iad3-1.cdninstagram.com/v/t51.2885-19/462955826_1230132358296752_4794339994132292553_n.jpg?stp=dst-jpg_s150x150_tt6&efg=eyJ2ZW5jb2RlX3RhZyI6InByb2ZpbGVfcGljLmRqYW5nby4yMDAuYzIifQ&_nc_ht=scontent-iad3-1.cdninstagram.com&_nc_cat=108&_nc_oc=Q6cZ2QGKyAu0_oApUfz7BvO3xsHRnzgMpu9LV7JYhkbw70rWelcQBkq5lM_Hi1-gpYTLUhM&_nc_ohc=CLAccy3Uy60Q7kNvwGSLFVO&_nc_gid=S5gLdJoNHt55A_hEWkxNWg&edm=APs17CUBAAAA&ccb=7-5&oh=00_AfpxVgqYMEbCA3F7dql0R50HLrRxTDZQvgPbFH4tI_qIaQ&oe=696600AB&_nc_sid=10d13b,https://www.threads.com/@adidhina,1767334975.0,False,disinisadat,19.0,False,[],[],https://www.threads.com/@adidhina/post/DS_4L9fAIXH
,https://www.threads.com/@verdianb/post/DS_-j_TE1z3/setelah-itu-presiden-d-pilih-dpr-kelar-deh,kirokiroppii_,kirokiroppii_,False,"Sy pribadi sih ga setuju kalo pilkada langsung dihilangkan, tapi kalo pdip yang menolak yaudah deh ikut setuju aja🤭🤭🤭",0,0,0,0,,,2026-01-03T09:18:33.000Z,2026-01-09T05:24:01.057247,reply,DTCxFSkE6i1,https://scontent-iad3-1.cdninstagram.com/v/t51.2885-19/491497376_1837974303714049_2523052814152847410_n.jpg?stp=dst-jpg_s150x150_tt6&efg=eyJ2ZW5jb2RlX3RhZyI6InByb2ZpbGVfcGljLmRqYW5nby4xMDgwLmMyIn0&_nc_ht=scontent-iad3-1.cdninstagram.com&_nc_cat=101&_nc_oc=Q6cZ2QGKyAu0_oApUfz7BvO3xsHRnzgMpu9LV7JYhkbw70rWelcQBkq5lM_Hi1-gpYTLUhM&_nc_ohc=xiW5fYW5xisQ7kNvwHrm53p&_nc_gid=S5gLdJoNHt55A_hEWkxNWg&edm=APs17CUBAAAA&ccb=7-5&oh=00_AfrpD-DGVXoYqcEtgBBxFLqu-IeL5pbv0A3KpLz85u9ZxQ&oe=69661A27&_nc_sid=10d13b,https://www.threads.com/@kirokiroppii_,1767431913.0,False,disinisadat,19.0,False,[],[],https://www.threads.com/@kirokiroppii_/post/DTCxFSkE6i1
,https://www.threads.com/@verdianb/post/DS_-j_TE1z3/setelah-itu-presiden-d-pilih-dpr-kelar-deh,abujiwa,Udin Awal,False,"Yg tidak mihak masih lihat, juragan berani bayar berapa buat suara mereka",0,0,0,0,,,2026-01-02T06:37:08.000Z,2026-01-09T05:24:01.057247,reply,DS_50Glib7n,https://scontent-iad3-2.cdninstagram.com/v/t51.2885-19/481012028_602882559212711_8591595710066579195_n.jpg?stp=dst-jpg_s150x150_tt6&efg=eyJ2ZW5jb2RlX3RhZyI6InByb2ZpbGVfcGljLmRqYW5nby42NDAuYzIifQ&_nc_ht=scontent-iad3-2.cdninstagram.com&_nc_cat=111&_nc_oc=Q6cZ2QGKyAu0_oApUfz7BvO3xsHRnzgMpu9LV7JYhkbw70rWelcQBkq5lM_Hi1-gpYTLUhM&_nc_ohc=J_DHrzuBym0Q7kNvwHQLL2C&_nc_gid=S5gLdJoNHt55A_hEWkxNWg&edm=APs17CUBAAAA&ccb=7-5&oh=00_Afoiou5MbDBpZ2ocu6COSVixpRw6s7d1deZ4MTkFChC6_Q&oe=6965EF6B&_nc_sid=10d13b,https://www.threads.com/@abujiwa,1767335828.0,False,disinisadat,19.0,False,[],[],https://www.threads.com/@abujiwa/post/DS_50Glib7n
,https://www.threads.com/@verdianb/post/DS_-j_TE1z3/setelah-itu-presiden-d-pilih-dpr-kelar-deh,buce_iswara,Buce Iswara,False,"Gw sih bodo amat mau dipilih sama rakyat atau sama anggota parlemen, kagak ngaruh..",0,0,0,0,,,2026-01-02T06:27:57.000Z,2026-01-09T05:24:01.057247,reply,DS_4wz0EyTS,https://scontent-iad3-1.cdninstagram.com/v/t51.2885-19/358522527_303601628691355_4974436081413006609_n.jpg?stp=dst-jpg_s150x150_tt6&efg=eyJ2ZW5jb2RlX3RhZyI6InByb2ZpbGVfcGljLmRqYW5nby4xMDgwLmMyIn0&_nc_ht=scontent-iad3-1.cdninstagram.com&_nc_cat=107&_nc_oc=Q6cZ2QGKyAu0_oApUfz7BvO3xsHRnzgMpu9LV7JYhkbw70rWelcQBkq5lM_Hi1-gpYTLUhM&_nc_ohc=T5TGnwzZ4vAQ7kNvwELujaC&_nc_gid=S5gLdJoNHt55A_hEWkxNWg&edm=APs17CUBAAAA&ccb=7-5&oh=00_AfqD-KlQ8itnPeH3JVpeLYSybDA341QcDQMHDhVgcFJjMw&oe=696615EF&_nc_sid=10d13b,https://www.threads.com/@buce_iswara,1767335277.0,False,disinisadat,19.0,False,[],[],https://www.threads.com/@buce_iswara/post/DS_4wz0EyTS
,https://www.threads.com/@verdianb/post/DS_-j_TE1z3/setelah-itu-presiden-d-pilih-dpr-kelar-deh,arirahmadi0,Ari Rahmadi,False,Hukum partai yg mendukung,0,0,0,0,,,2026-01-02T20:22:32.000Z,2026-01-09T05:24:01.057247,reply,DTBYRkuE40g,https://scontent-iad3-1.cdninstagram.com/v/t51.2885-19/487952105_1412154210143260_8923166774936423488_n.jpg?stp=dst-jpg_s150x150_tt6&efg=eyJ2ZW5jb2RlX3RhZyI6InByb2ZpbGVfcGljLmRqYW5nby4xMDgwLmMyIn0&_nc_ht=scontent-iad3-1.cdninstagram.com&_nc_cat=104&_nc_oc=Q6cZ2QGKyAu0_oApUfz7BvO3xsHRnzgMpu9LV7JYhkbw70rWelcQBkq5lM_Hi1-gpYTLUhM&_nc_ohc=-xwTC7KN4s4Q7kNvwEKiEwL&_nc_gid=S5gLdJoNHt55A_hEWkxNWg&edm=APs17CUBAAAA&ccb=7-5&oh=00_AfodSwL1tvqU-8D6pp0TDDPNy857crWHdJyv7fEsaGbxMg&oe=6965E53B&_nc_sid=10d13b,https://www.threads.com/@arirahmadi0,1767385352.0,False,disinisadat,19.0,False,[],[],https://www.threads.com/@arirahmadi0/post/DTBYRkuE40g
,https://www.threads.com/@verdianb/post/DS_-j_TE1z3/setelah-itu-presiden-d-pilih-dpr-kelar-deh,nadfa2004,nadfa2004,False,Menandakan Indonesia memang sedang dalam cengkeraman figur yang tidak napak tanah dan sulit disentuh hukum,1,0,0,0,,,2026-01-02T04:02:42.000Z,2026-01-09T05:24:01.057247,reply,DS_oJDikQeO,https://scontent-iad3-1.cdninstagram.com/v/t51.2885-19/358033896_660747008854713_2993471314810533176_n.jpg?stp=dst-jpg_s150x150_tt6&efg=eyJ2ZW5jb2RlX3RhZyI6InByb2ZpbGVfcGljLmRqYW5nby4xMDc5LmMyIn0&_nc_ht=scontent-iad3-1.cdninstagram.com&_nc_cat=109&_nc_oc=Q6cZ2QGKyAu0_oApUfz7BvO3xsHRnzgMpu9LV7JYhkbw70rWelcQBkq5lM_Hi1-gpYTLUhM&_nc_ohc=zrGDDu75kJQQ7kNvwEUEzQU&_nc_gid=S5gLdJoNHt55A_hEWkxNWg&edm=APs17CUBAAAA&ccb=7-5&oh=00_AfqtIQ4N9VEF8L0ZjSnhSSFgi4VhOzYygr4PASG2HebcYQ&oe=6965EEF9&_nc_sid=10d13b,https://www.threads.com/@nadfa2004,1767326562.0,False,disinisadat,19.0,False,[],[],https://www.threads.com/@nadfa2004/post/DS_oJDikQeO
,https://www.threads.com/@verdianb/post/DS_-j_TE1z3/setelah-itu-presiden-d-pilih-dpr-kelar-deh,jokontol_art,Yasa Gede,False,Berarti demi ini,0,0,0,0,,,2026-01-02T08:07:07.000Z,2026-01-09T05:24:01.057247,reply,DTAEHJ5EtD1,https://scontent-iad3-1.cdninstagram.com/v/t51.2885-19/363299380_3491351424469490_6536365314964627067_n.jpg?stp=dst-jpg_s150x150_tt6&efg=eyJ2ZW5jb2RlX3RhZyI6InByb2ZpbGVfcGljLmRqYW5nby4xMDgwLmMyIn0&_nc_ht=scontent-iad3-1.cdninstagram.com&_nc_cat=102&_nc_oc=Q6cZ2QGKyAu0_oApUfz7BvO3xsHRnzgMpu9LV7JYhkbw70rWelcQBkq5lM_Hi1-gpYTLUhM&_nc_ohc=yqL40M8Tn-AQ7kNvwEIDf5t&_nc_gid=S5gLdJoNHt55A_hEWkxNWg&edm=APs17CUBAAAA&ccb=7-5&oh=00_Afo5i6nQ8EBd28_W5Pp5Zt2s_dmQmkR3DOR_amubMxvVtQ&oe=6965F5FF&_nc_sid=10d13b,https://www.threads.com/@jokontol_art,1767341227.0,False,disinisadat,19.0,False,[],[],https://www.threads.com/@jokontol_art/post/DTAEHJ5EtD1
DTAPqOplJmB,https://www.threads.com/@djemi_lassa/post/DTAPqOplJmB/fix-pilkada-pemilihan-bupati-pemilihan-gubernur-oleh-dprd-beta-setuju-sekali,djemi_lassa,djemi_lassa,False,"Fix 90% Pilkada, Pemilihan Bupati, Pemilihan Gubernur 2021 oleh DPRD. Beta setuju sekali, maka Pemilihan DPRD harus benar benar orang yang dipercaya. fyp",1,0,0,1,0.0,97.0,2026-01-02T09:48:01.000Z,2026-01-09T05:24:59.350250,original_post,,,,,,,,,,,
DTFcDvjkTEp,https://www.threads.com/@danielhutahaean/post/DTFcDvjkTEp/kang-dedi-gimana-pendapatnya-tentang-pemilihan-kepala-daerah-kedepannya-oleh,danielhutahaean,Daniel Raymond Hutahaean,True,"Kang Dedi, gimana pendapatnya tentang pemilihan kepala daerah kedepannya oleh DPRD yang diusulkan partai kang Dedi sendiri Gerindra, Kang Dedi setuju??",4377,936,61,6,0.0,13.0,2026-01-04T10:12:34.000Z,2026-01-09T05:25:56.480231,original_post,,,,,,,,,,,
,https://www.threads.com/@danielhutahaean/post/DTFcDvjkTEp/kang-dedi-gimana-pendapatnya-tentang-pemilihan-kepala-daerah-kedepannya-oleh,unholy_aura88,Ahmad Adyarso Wibowo,False,"Padahal mah Pandji cuma ngomong fakta. Orang Jabar suka milih figur artis. Tidak sedang membicarakan kinerja KDM, tidak menjelekkan, tidak mengkritik. Hanya membuat jokes dari fenomena ramainya kandidat berlatar belakang artis di pilkada Jabar. Gak usah baper KDM. Saran saya mah, menuju ke 2029 kurang-kurangin ngontennya apalagi yang setingan noh. Supaya image pemimpinnya lebih kuat dari image artis youtubenya KDM. Iziiiiin cuma ngasih pandangan ajaa 🙏",500,79,8,0,,,2026-01-04T02:58:58.000Z,2026-01-09T05:25:56.480231,reply,DTEqb9UkyuK,https://scontent-iad3-1.cdninstagram.com/v/t51.2885-19/531288800_17894797731276166_2727831747703264663_n.jpg?stp=dst-jpg_s150x150_tt6&efg=eyJ2ZW5jb2RlX3RhZyI6InByb2ZpbGVfcGljLmRqYW5nby4xMDgwLmMyIn0&_nc_ht=scontent-iad3-1.cdninstagram.com&_nc_cat=110&_nc_oc=Q6cZ2QELVWMLZ2SCfv1aBQiSYikXlWmYYXiXXp5lqqdf-shczAZjN4iPEW18OpmtCegFjvg&_nc_ohc=ixkE4brCVIgQ7kNvwGUyiJo&_nc_gid=PJuwlIYhqikyUpGk458MWg&edm=APs17CUBAAAA&ccb=7-5&oh=00_AfqvzM7S2ksgFqpmTvUW95sy3Wj1S44_Swk7e4fq7hs8dw&oe=6965EB13&_nc_sid=10d13b,https://www.threads.com/@unholy_aura88,1767495538.0,False,dedimulyadi71,19.0,False,[],[],https://www.threads.com/@unholy_aura88/post/DTEqb9UkyuK
,https://www.threads.com/@danielhutahaean/post/DTFcDvjkTEp/kang-dedi-gimana-pendapatnya-tentang-pemilihan-kepala-daerah-kedepannya-oleh,fredydavid,Fredy,False,"Panji ga sekalian kritik anis, lu diem2 bae pas anis jd gubernur pdhl ga ada prestasinya anyiiiing",134,7,0,0,,,2026-01-04T03:45:23.000Z,2026-01-09T05:25:56.480231,reply,DTEvv7SD0fB,https://scontent-iad3-2.cdninstagram.com/v/t51.2885-19/473432821_628764036480084_3237189882183672221_n.jpg?stp=dst-jpg_s150x150_tt6&efg=eyJ2ZW5jb2RlX3RhZyI6InByb2ZpbGVfcGljLmRqYW5nby4xMDgwLmMyIn0&_nc_ht=scontent-iad3-2.cdninstagram.com&_nc_cat=100&_nc_oc=Q6cZ2QELVWMLZ2SCfv1aBQiSYikXlWmYYXiXXp5lqqdf-shczAZjN4iPEW18OpmtCegFjvg&_nc_ohc=yyAHsFyMlHUQ7kNvwGIylDK&_nc_gid=PJuwlIYhqikyUpGk458MWg&edm=APs17CUBAAAA&ccb=7-5&oh=00_AfoPkoXFrVsB-bXRuv18oeRrU-Yhv1rJtnCPTlenoNb7eQ&oe=6966158E&_nc_sid=10d13b,https://www.threads.com/@fredydavid,1767498323.0,False,dedimulyadi71,19.0,False,[],[],https://www.threads.com/@fredydavid/post/DTEvv7SD0fB
,https://www.threads.com/@danielhutahaean/post/DTFcDvjkTEp/kang-dedi-gimana-pendapatnya-tentang-pemilihan-kepala-daerah-kedepannya-oleh,fida01283,Ida parida,False,Pa Dedi mulyadi,0,0,0,0,,,2026-01-04T17:13:08.000Z,2026-01-09T05:25:56.480231,reply,DTGMMBvCDnV,https://scontent-iad3-1.cdninstagram.com/v/t51.2885-19/520210405_17932175880067687_2699350618903632882_n.jpg?stp=dst-jpg_s150x150_tt6&efg=eyJ2ZW5jb2RlX3RhZyI6InByb2ZpbGVfcGljLmRqYW5nby4xMDgwLmMyIn0&_nc_ht=scontent-iad3-1.cdninstagram.com&_nc_cat=107&_nc_oc=Q6cZ2QELVWMLZ2SCfv1aBQiSYikXlWmYYXiXXp5lqqdf-shczAZjN4iPEW18OpmtCegFjvg&_nc_ohc=7d2in73Al7kQ7kNvwHL9rXG&_nc_gid=PJuwlIYhqikyUpGk458MWg&edm=APs17CUBAAAA&ccb=7-5&oh=00_Afrj4XKr22Vm2NESgU3XOEvvC8rnz9rQCS03MbrPEhWxCA&oe=6965EE86&_nc_sid=10d13b,https://www.threads.com/@fida01283,1767546788.0,False,dedimulyadi71,19.0,False,[],[],https://www.threads.com/@fida01283/post/DTGMMBvCDnV
,https://www.threads.com/@danielhutahaean/post/DTFcDvjkTEp/kang-dedi-gimana-pendapatnya-tentang-pemilihan-kepala-daerah-kedepannya-oleh,pakde_somplak,Galang Sutoyo,False,,199,20,16,0,,,2026-01-04T03:27:51.000Z,2026-01-09T05:25:56.480231,reply,DTEthxKE7aK,https://scontent-iad3-2.cdninstagram.com/v/t51.2885-19/424429109_929152412110155_8412792668566276456_n.jpg?stp=dst-jpg_s150x150_tt6&efg=eyJ2ZW5jb2RlX3RhZyI6InByb2ZpbGVfcGljLmRqYW5nby4xMDgwLmMyIn0&_nc_ht=scontent-iad3-2.cdninstagram.com&_nc_cat=103&_nc_oc=Q6cZ2QELVWMLZ2SCfv1aBQiSYikXlWmYYXiXXp5lqqdf-shczAZjN4iPEW18OpmtCegFjvg&_nc_ohc=m7exgqp38-EQ7kNvwF47MLA&_nc_gid=PJuwlIYhqikyUpGk458MWg&edm=APs17CUBAAAA&ccb=7-5&oh=00_Afopw9pBg3MVgXLPGaDhrfPBWqq0lIoSQBoho5H7G-Cwig&oe=69661C79&_nc_sid=10d13b,https://www.threads.com/@pakde_somplak,1767497271.0,False,dedimulyadi71,2.0,True,[],[],https://www.threads.com/@pakde_somplak/post/DTEthxKE7aK
,https://www.threads.com/@danielhutahaean/post/DTFcDvjkTEp/kang-dedi-gimana-pendapatnya-tentang-pemilihan-kepala-daerah-kedepannya-oleh,januar.ah41,Uncle Dick,False,"Emang bener si pandji, trbukti si KDM malah dipuja2 krna pencitraannya, gk kapok2 dgn jurus pencitraan busuk, jelas2 si KDM tu termul jg, bego jgn dipiara woy 🤣",120,9,1,0,,,2026-01-04T02:47:30.000Z,2026-01-09T05:25:56.480231,reply,DTEpIAjCTOz,https://scontent-iad3-2.cdninstagram.com/v/t51.2885-19/588534052_17844193056664001_3836730232832646149_n.jpg?stp=dst-jpg_s150x150_tt6&efg=eyJ2ZW5jb2RlX3RhZyI6InByb2ZpbGVfcGljLmRqYW5nby4xMDI0LmMyIn0&_nc_ht=scontent-iad3-2.cdninstagram.com&_nc_cat=105&_nc_oc=Q6cZ2QELVWMLZ2SCfv1aBQiSYikXlWmYYXiXXp5lqqdf-shczAZjN4iPEW18OpmtCegFjvg&_nc_ohc=l1h9KlccbyEQ7kNvwFRgbBr&_nc_gid=PJuwlIYhqikyUpGk458MWg&edm=APs17CUBAAAA&ccb=7-5&oh=00_AfqIck1I-p0m7BLG1A9icqptj_cAfv8JU9WO0xenIpRIVg&oe=69660D29&_nc_sid=10d13b,https://www.threads.com/@januar.ah41,1767494850.0,False,dedimulyadi71,19.0,False,[],[],https://www.threads.com/@januar.ah41/post/DTEpIAjCTOz
,https://www.threads.com/@danielhutahaean/post/DTFcDvjkTEp/kang-dedi-gimana-pendapatnya-tentang-pemilihan-kepala-daerah-kedepannya-oleh,nick_ncx,Nicholas Gusti Nugroho,False,Salam sehat ya Mas Pandji,0,0,0,0,,,2026-01-05T00:43:22.000Z,2026-01-09T05:25:56.480231,reply,DTG_tuTE2Wi,https://scontent-iad3-1.cdninstagram.com/v/t51.2885-19/556310264_17843071746586292_3353920771620085302_n.jpg?stp=dst-jpg_s150x150_tt6&efg=eyJ2ZW5jb2RlX3RhZyI6InByb2ZpbGVfcGljLmRqYW5nby4xMDgwLmMyIn0&_nc_ht=scontent-iad3-1.cdninstagram.com&_nc_cat=108&_nc_oc=Q6cZ2QELVWMLZ2SCfv1aBQiSYikXlWmYYXiXXp5lqqdf-shczAZjN4iPEW18OpmtCegFjvg&_nc_ohc=l4pKnyXCHLoQ7kNvwGTG10H&_nc_gid=PJuwlIYhqikyUpGk458MWg&edm=APs17CUBAAAA&ccb=7-5&oh=00_AfosWzWgIkdaQEfKyYs966nTuPwQ0f5RsPaOjdid5Igsog&oe=6965EBDA&_nc_sid=10d13b,https://www.threads.com/@nick_ncx,1767573802.0,False,dedimulyadi71,19.0,False,[],[],https://www.threads.com/@nick_ncx/post/DTG_tuTE2Wi
,https://www.threads.com/@danielhutahaean/post/DTFcDvjkTEp/kang-dedi-gimana-pendapatnya-tentang-pemilihan-kepala-daerah-kedepannya-oleh,raznis_family,Rano Kusmayanto,False,Ameng ka bandung kang urg ngobrol jeung urg Sunda.. Punten Abdi mah tara uny*ng.. Any*ng..,0,0,0,0,,,2026-01-04T02:39:50.000Z,2026-01-09T05:25:56.480231,reply,DTEoP5Vj5kY,https://scontent-iad3-2.cdninstagram.com/v/t51.2885-19/465717801_2243485506022176_4183554319616429059_n.jpg?stp=dst-jpg_s150x150_tt6&efg=eyJ2ZW5jb2RlX3RhZyI6InByb2ZpbGVfcGljLmRqYW5nby41MjMuYzIifQ&_nc_ht=scontent-iad3-2.cdninstagram.com&_nc_cat=100&_nc_oc=Q6cZ2QELVWMLZ2SCfv1aBQiSYikXlWmYYXiXXp5lqqdf-shczAZjN4iPEW18OpmtCegFjvg&_nc_ohc=RbVGrw0Kj2gQ7kNvwHMTw--&_nc_gid=PJuwlIYhqikyUpGk458MWg&edm=APs17CUBAAAA&ccb=7-5&oh=00_AfqHykbmTBeKoCC-BS5q6jt2mk0Dz0eyLfkQwIEf51DEzg&oe=696602D1&_nc_sid=10d13b,https://www.threads.com/@raznis_family,1767494390.0,False,dedimulyadi71,19.0,False,[{'username': 'pandji.pragiwaksono'}],[],https://www.threads.com/@raznis_family/post/DTEoP5Vj5kY
,https://www.threads.com/@danielhutahaean/post/DTFcDvjkTEp/kang-dedi-gimana-pendapatnya-tentang-pemilihan-kepala-daerah-kedepannya-oleh,haji_ossa,Ossa Romansa,False,"Maaf nih pak gub , gimana ya ngomong nya. Klip yg di comot pak gub itu bukan tentang kinerja loh. Udah ah, serem netizen pak gub mah.",146,7,0,0,,,2026-01-04T02:34:23.000Z,2026-01-09T05:25:56.480231,reply,DTEnn6VEzHm,https://scontent-iad3-1.cdninstagram.com/v/t51.2885-19/358350489_1149468479779150_2726944176978384638_n.jpg?stp=dst-jpg_s150x150_tt6&efg=eyJ2ZW5jb2RlX3RhZyI6InByb2ZpbGVfcGljLmRqYW5nby4xMDcwLmMyIn0&_nc_ht=scontent-iad3-1.cdninstagram.com&_nc_cat=110&_nc_oc=Q6cZ2QELVWMLZ2SCfv1aBQiSYikXlWmYYXiXXp5lqqdf-shczAZjN4iPEW18OpmtCegFjvg&_nc_ohc=ZkQjdZ-Y-DcQ7kNvwFDkk_F&_nc_gid=PJuwlIYhqikyUpGk458MWg&edm=APs17CUBAAAA&ccb=7-5&oh=00_AfptYfw2VD_kjvdgJeT3JpCcRkqoLt6K1CSSkktJElYTjg&oe=6965F875&_nc_sid=10d13b,https://www.threads.com/@haji_ossa,1767494063.0,False,dedimulyadi71,19.0,False,[{'username': 'dedimulyadi71'}],[],https://www.threads.com/@haji_ossa/post/DTEnn6VEzHm
,https://www.threads.com/@danielhutahaean/post/DTFcDvjkTEp/kang-dedi-gimana-pendapatnya-tentang-pemilihan-kepala-daerah-kedepannya-oleh,ernanarso,Erna Narso,False,hanya orang sirik yg ga suka,0,0,0,0,,,2026-01-05T04:47:26.000Z,2026-01-09T05:25:56.480231,reply,DTHbpPHEZ2j,https://scontent-iad3-2.cdninstagram.com/v/t51.2885-19/551201081_17847844875565347_7020940719806186441_n.jpg?stp=dst-jpg_s150x150_tt6&efg=eyJ2ZW5jb2RlX3RhZyI6InByb2ZpbGVfcGljLmRqYW5nby4xMDgwLmMyIn0&_nc_ht=scontent-iad3-2.cdninstagram.com&_nc_cat=103&_nc_oc=Q6cZ2QELVWMLZ2SCfv1aBQiSYikXlWmYYXiXXp5lqqdf-shczAZjN4iPEW18OpmtCegFjvg&_nc_ohc=ElS2zFmLFIMQ7kNvwHoQF8Y&_nc_gid=PJuwlIYhqikyUpGk458MWg&edm=APs17CUBAAAA&ccb=7-5&oh=00_Afp01GYPUyp6qWawJiGs778LNr6sS-1zUL_WYo4W4UgGAQ&oe=6965F707&_nc_sid=10d13b,https://www.threads.com/@ernanarso,1767588446.0,False,dedimulyadi71,19.0,False,[],[],https://www.threads.com/@ernanarso/post/DTHbpPHEZ2j
,https://www.threads.com/@danielhutahaean/post/DTFcDvjkTEp/kang-dedi-gimana-pendapatnya-tentang-pemilihan-kepala-daerah-kedepannya-oleh,samsuri_abd,Samsuri | Tools AI untuk UMKM,False,"Kenapa banyak yang baper?, jangan pernah ngefans 100% pada pejabat, siapapun dia, SIAPAPUN DIA, sisakan ruang waspada. Apalagi sampai mendewa dewakan.",147,7,0,0,,,2026-01-04T03:26:28.000Z,2026-01-09T05:25:56.480231,reply,DTEtlblEiyE,https://scontent-iad3-2.cdninstagram.com/v/t51.2885-19/588078526_17872211919464513_7530650147798866157_n.jpg?stp=dst-jpg_s150x150_tt6&efg=eyJ2ZW5jb2RlX3RhZyI6InByb2ZpbGVfcGljLmRqYW5nby4xMDgwLmMyIn0&_nc_ht=scontent-iad3-2.cdninstagram.com&_nc_cat=105&_nc_oc=Q6cZ2QELVWMLZ2SCfv1aBQiSYikXlWmYYXiXXp5lqqdf-shczAZjN4iPEW18OpmtCegFjvg&_nc_ohc=49KniyiwV7wQ7kNvwHuD3GG&_nc_gid=PJuwlIYhqikyUpGk458MWg&edm=APs17CUBAAAA&ccb=7-5&oh=00_AfqwQAqwBn5YcB8uTHD9Aj-Ekdk2tGX8JmHx3zK2M2rx_A&oe=6965F3EA&_nc_sid=10d13b,https://www.threads.com/@samsuri_abd,1767497188.0,False,dedimulyadi71,19.0,False,[],[],https://www.threads.com/@samsuri_abd/post/DTEtlblEiyE
,https://www.threads.com/@danielhutahaean/post/DTFcDvjkTEp/kang-dedi-gimana-pendapatnya-tentang-pemilihan-kepala-daerah-kedepannya-oleh,mstfbiszry,abigail,False,"bang pandji maen2 ke Jabar, keliling lewatin jalan jalan provinsi, biar tau jalan provinsi nya ancur, banyak lubang2 besar sampe bikin macet tiap hari, terutama yg saya singgung adalah jalur pantura Cikampek-Cikalong",99,11,1,0,,,2026-01-04T02:16:46.000Z,2026-01-09T05:25:56.480231,reply,DTElm7lD7q9,https://scontent-iad3-1.cdninstagram.com/v/t51.2885-19/358167673_1664127384092180_8232108663025639665_n.jpg?stp=dst-jpg_s150x150_tt6&efg=eyJ2ZW5jb2RlX3RhZyI6InByb2ZpbGVfcGljLmRqYW5nby43MjAuYzIifQ&_nc_ht=scontent-iad3-1.cdninstagram.com&_nc_cat=108&_nc_oc=Q6cZ2QELVWMLZ2SCfv1aBQiSYikXlWmYYXiXXp5lqqdf-shczAZjN4iPEW18OpmtCegFjvg&_nc_ohc=7O4CbRPExSUQ7kNvwEYf0EN&_nc_gid=PJuwlIYhqikyUpGk458MWg&edm=APs17CUBAAAA&ccb=7-5&oh=00_AfrbmsK0cyqwVM6U4z2st-nYmsVQ5jK2v3FKk6N6hGGQTA&oe=6965F14D&_nc_sid=10d13b,https://www.threads.com/@mstfbiszry,1767493006.0,False,dedimulyadi71,19.0,False,"[{'username': 'dedimulyadi71'}, {'username': 'pandji.pragiwaksono'}]",[],https://www.threads.com/@mstfbiszry/post/DTElm7lD7q9
,https://www.threads.com/@danielhutahaean/post/DTFcDvjkTEp/kang-dedi-gimana-pendapatnya-tentang-pemilihan-kepala-daerah-kedepannya-oleh,rayicik,Ray Cornel Andhang Febriantara,True,"Pak Dedi... jalanan Pantura Karawang, sepanjang Klari - Tamelang banyak banget lobangnya td pagi saya hampir jatuh, terimakasih banyak pak Dedi",51,4,0,0,,,2026-01-04T02:26:10.000Z,2026-01-09T05:25:56.480231,reply,DTEmrr_gV0T,https://scontent-iad3-1.cdninstagram.com/v/t51.2885-19/365214044_1206984423314252_487824158596698980_n.jpg?stp=dst-jpg_s150x150_tt6&efg=eyJ2ZW5jb2RlX3RhZyI6InByb2ZpbGVfcGljLmRqYW5nby44NTMuYzIifQ&_nc_ht=scontent-iad3-1.cdninstagram.com&_nc_cat=108&_nc_oc=Q6cZ2QELVWMLZ2SCfv1aBQiSYikXlWmYYXiXXp5lqqdf-shczAZjN4iPEW18OpmtCegFjvg&_nc_ohc=KI5yMFuSSsoQ7kNvwE5fbiu&_nc_gid=PJuwlIYhqikyUpGk458MWg&edm=APs17CUBAAAA&ccb=7-5&oh=00_Afq3DQTxJ8LiBOjccEOzYZwWCj1kJ8Zw_Gumo6omZ2jjxg&oe=6965F571&_nc_sid=10d13b,https://www.threads.com/@rayicik,1767493570.0,False,dedimulyadi71,19.0,False,[],[],https://www.threads.com/@rayicik/post/DTEmrr_gV0T
,https://www.threads.com/@danielhutahaean/post/DTFcDvjkTEp/kang-dedi-gimana-pendapatnya-tentang-pemilihan-kepala-daerah-kedepannya-oleh,suherman.al76,Suherman,False,Orang ini cuma bisa kritik...coba suruh kerja blm tentu bisa,101,37,0,0,,,2026-01-04T01:47:35.000Z,2026-01-09T05:25:56.480231,reply,DTEiRLCj0lv,https://scontent-iad3-2.cdninstagram.com/v/t51.2885-19/491901994_18058153673173931_5351506331112704632_n.jpg?stp=dst-jpg_s150x150_tt6&efg=eyJ2ZW5jb2RlX3RhZyI6InByb2ZpbGVfcGljLmRqYW5nby45NjAuYzIifQ&_nc_ht=scontent-iad3-2.cdninstagram.com&_nc_cat=111&_nc_oc=Q6cZ2QELVWMLZ2SCfv1aBQiSYikXlWmYYXiXXp5lqqdf-shczAZjN4iPEW18OpmtCegFjvg&_nc_ohc=NwhXa8GhW6EQ7kNvwGBSz7c&_nc_gid=PJuwlIYhqikyUpGk458MWg&edm=APs17CUBAAAA&ccb=7-5&oh=00_AfqgXdqUlE91FaqbJp_TX1KrHmjPw_NlrjkAJIWfmMxBcQ&oe=6966112B&_nc_sid=10d13b,https://www.threads.com/@suherman.al76,1767491255.0,False,dedimulyadi71,19.0,False,[],[],https://www.threads.com/@suherman.al76/post/DTEiRLCj0lv
,https://www.threads.com/@danielhutahaean/post/DTFcDvjkTEp/kang-dedi-gimana-pendapatnya-tentang-pemilihan-kepala-daerah-kedepannya-oleh,wida_rohendi,Wida Rohendi,False,"Jaman sekarang buat dosa berjamaah,orang menghina orang, memfitnah jadi candaan dan di ia kan dg penonton yg sama2 tertawa puas,,, astaghfirullah,,sayang pada pinter tapi tak jeli dan tidak bisa membedakan mana edukasi dan yg mana propoksi😡",0,0,0,0,,,2026-01-05T06:54:42.000Z,2026-01-09T05:25:56.480231,reply,DTHqNZEkpB8,https://scontent-iad3-2.cdninstagram.com/v/t51.2885-19/518655616_18085154746825463_728625427592645130_n.jpg?stp=dst-jpg_s150x150_tt6&efg=eyJ2ZW5jb2RlX3RhZyI6InByb2ZpbGVfcGljLmRqYW5nby45NTQuYzIifQ&_nc_ht=scontent-iad3-2.cdninstagram.com&_nc_cat=111&_nc_oc=Q6cZ2QELVWMLZ2SCfv1aBQiSYikXlWmYYXiXXp5lqqdf-shczAZjN4iPEW18OpmtCegFjvg&_nc_ohc=2hSq4AjPJMQQ7kNvwE99jyx&_nc_gid=PJuwlIYhqikyUpGk458MWg&edm=APs17CUBAAAA&ccb=7-5&oh=00_Afod4Gzfi-UoWSCtRuzT25Msk5ypRdqyvj4v34dsQeHTgg&oe=69661D2C&_nc_sid=10d13b,https://www.threads.com/@wida_rohendi,1767596082.0,False,dedimulyadi71,19.0,False,[],[],https://www.threads.com/@wida_rohendi/post/DTHqNZEkpB8
,https://www.threads.com/@danielhutahaean/post/DTFcDvjkTEp/kang-dedi-gimana-pendapatnya-tentang-pemilihan-kepala-daerah-kedepannya-oleh,buchroni7,Buchroni,False,,85,3,4,0,,,2026-01-04T04:44:54.000Z,2026-01-09T05:25:56.480231,reply,DTE2Y4Wkt5x,https://instagram.ffor27-1.fna.fbcdn.net/v/t51.2885-19/573323465_1219825463302212_7278921664109726296_n.png?stp=dst-jpg_e0_s150x150_tt6&efg=eyJ2ZW5jb2RlX3RhZyI6InByb2ZpbGVfcGljLmRqYW5nby4xNTAuYzIifQ&_nc_ht=instagram.ffor27-1.fna.fbcdn.net&_nc_cat=1&_nc_oc=Q6cZ2QHMuI_AOLkwYegyez8rpo-w3CTwGXo4ZSKiB-np42zDvY-z8CER92kEiSukxwR6xsXfu97MGUc2uW-rgq4IKJWy&_nc_ohc=jFezCB5ZvcgQ7kNvwHzx4Ww&_nc_gid=xiAw34TT2Xf5MVv4qcus_g&edm=AJ9x6zYBAAAA&ccb=7-5&ig_cache_key=YW5vbnltb3VzX3Byb2ZpbGVfcGlj.3-ccb7-5&oh=00_Afr9K1pGTX4IwdoPMeGAy-Zn3kq5TUKqHz2CfGq1l-dDqw&oe=6965FFEA&_nc_sid=65462d,https://www.threads.com/@buchroni7,1767501894.0,False,dedimulyadi71,2.0,True,[],[],https://www.threads.com/@buchroni7/post/DTE2Y4Wkt5x
,https://www.threads.com/@danielhutahaean/post/DTFcDvjkTEp/kang-dedi-gimana-pendapatnya-tentang-pemilihan-kepala-daerah-kedepannya-oleh,lev1athan__,Levi,False,"Makin memvalidasi beliau anti kritik, padahal videonya kalo di cerna baik baik itu cuma lagi ngomongin fakta buka kinerja. Track record pemimpin artis itu emang buruk, misal ada 10 artis jadi pemimpin yang bagus cuma 2 sisanya jelek. Masa yang di ambil contoh 2 artis ini? Terus warga jabar gue paham kalian kalo udah ngefans nalar pun mati kayak ke persib but it’s ok,tapi pls lah khusus pemimpin daerah ayuk lebih kritis lagi 😌",66,2,0,0,,,2026-01-04T03:57:36.000Z,2026-01-09T05:25:56.480231,reply,DTExJbUkvUq,https://scontent-iad3-2.cdninstagram.com/v/t51.2885-19/573538172_17915159280212079_4752430020815717898_n.jpg?stp=dst-jpg_s150x150_tt6&efg=eyJ2ZW5jb2RlX3RhZyI6InByb2ZpbGVfcGljLmRqYW5nby45MTYuYzIifQ&_nc_ht=scontent-iad3-2.cdninstagram.com&_nc_cat=103&_nc_oc=Q6cZ2QELVWMLZ2SCfv1aBQiSYikXlWmYYXiXXp5lqqdf-shczAZjN4iPEW18OpmtCegFjvg&_nc_ohc=xmosmGztQ78Q7kNvwH9xBDQ&_nc_gid=PJuwlIYhqikyUpGk458MWg&edm=APs17CUBAAAA&ccb=7-5&oh=00_AfpxsivIKNHWyx97FVuAodI6xgBJY7onn28IQFk3wKeXXQ&oe=6965ED5D&_nc_sid=10d13b,https://www.threads.com/@lev1athan__,1767499056.0,False,dedimulyadi71,19.0,False,[],[],https://www.threads.com/@lev1athan__/post/DTExJbUkvUq
,https://www.threads.com/@danielhutahaean/post/DTFcDvjkTEp/kang-dedi-gimana-pendapatnya-tentang-pemilihan-kepala-daerah-kedepannya-oleh,pancarambuanarki,Panca Rambu Anarki,False,Klo anda tdk suka sama jawa barat.. knp anda sekolah di bandung.,0,0,0,0,,,2026-01-05T00:24:35.000Z,2026-01-09T05:25:56.480231,reply,DTG9kIEk6BB,https://scontent-iad3-1.cdninstagram.com/v/t51.2885-19/497403853_18505319860065428_7725501411887468413_n.jpg?stp=dst-jpg_s150x150_tt6&efg=eyJ2ZW5jb2RlX3RhZyI6InByb2ZpbGVfcGljLmRqYW5nby45NTYuYzIifQ&_nc_ht=scontent-iad3-1.cdninstagram.com&_nc_cat=108&_nc_oc=Q6cZ2QELVWMLZ2SCfv1aBQiSYikXlWmYYXiXXp5lqqdf-shczAZjN4iPEW18OpmtCegFjvg&_nc_ohc=-EqrG-anR7IQ7kNvwFFNyQD&_nc_gid=PJuwlIYhqikyUpGk458MWg&edm=APs17CUBAAAA&ccb=7-5&oh=00_AfpqVzPybaa-USxtmMjijdWTVYthU-sD936JKDra_tOdzA&oe=6965F046&_nc_sid=10d13b,https://www.threads.com/@pancarambuanarki,1767572675.0,False,dedimulyadi71,19.0,False,[],[],https://www.threads.com/@pancarambuanarki/post/DTG9kIEk6BB
,https://www.threads.com/@danielhutahaean/post/DTFcDvjkTEp/kang-dedi-gimana-pendapatnya-tentang-pemilihan-kepala-daerah-kedepannya-oleh,biefebriant31,Bie Febriant,False,GAK USAH BAWA RAS WOY,0,0,0,0,,,2026-01-05T06:23:09.000Z,2026-01-09T05:25:56.480231,reply,DTHmmS4EQU3,https://scontent-iad3-1.cdninstagram.com/v/t51.2885-19/481397687_1020577953336261_676239755496057634_n.jpg?stp=dst-jpg_s150x150_tt6&efg=eyJ2ZW5jb2RlX3RhZyI6InByb2ZpbGVfcGljLmRqYW5nby45NTMuYzIifQ&_nc_ht=scontent-iad3-1.cdninstagram.com&_nc_cat=109&_nc_oc=Q6cZ2QELVWMLZ2SCfv1aBQiSYikXlWmYYXiXXp5lqqdf-shczAZjN4iPEW18OpmtCegFjvg&_nc_ohc=-XRTTSHekY8Q7kNvwHrM2Mq&_nc_gid=PJuwlIYhqikyUpGk458MWg&edm=APs17CUBAAAA&ccb=7-5&oh=00_AfqUeJKYUknLDK9L9MHOXn5WiNzHOSVF_EI3X90TpGGQRA&oe=69660C05&_nc_sid=10d13b,https://www.threads.com/@biefebriant31,1767594189.0,False,dedimulyadi71,19.0,False,[{'username': 'pandji.pragiwaksono'}],[],https://www.threads.com/@biefebriant31/post/DTHmmS4EQU3
,https://www.threads.com/@danielhutahaean/post/DTFcDvjkTEp/kang-dedi-gimana-pendapatnya-tentang-pemilihan-kepala-daerah-kedepannya-oleh,ci.amy,ci.amy,False,Bagus kang.. tunjukan terus perbaikan di jawa barat..,1,0,0,0,,,2026-01-04T02:42:59.000Z,2026-01-09T05:25:56.480231,reply,DTEom-GEyyr,https://scontent-iad3-2.cdninstagram.com/v/t51.2885-19/469488537_1236749414221835_3192327490379615160_n.jpg?stp=dst-jpg_s150x150_tt6&efg=eyJ2ZW5jb2RlX3RhZyI6InByb2ZpbGVfcGljLmRqYW5nby4xMDgwLmMyIn0&_nc_ht=scontent-iad3-2.cdninstagram.com&_nc_cat=111&_nc_oc=Q6cZ2QELVWMLZ2SCfv1aBQiSYikXlWmYYXiXXp5lqqdf-shczAZjN4iPEW18OpmtCegFjvg&_nc_ohc=MNNaVi4gBCMQ7kNvwG2mjmu&_nc_gid=PJuwlIYhqikyUpGk458MWg&edm=APs17CUBAAAA&ccb=7-5&oh=00_Afq9pinuPeVRKUncJ7RiMmupK3kW7lViLqq8LrtmKb-3EA&oe=69660E42&_nc_sid=10d13b,https://www.threads.com/@ci.amy,1767494579.0,False,dedimulyadi71,19.0,False,[],[],https://www.threads.com/@ci.amy/post/DTEom-GEyyr
,https://www.threads.com/@danielhutahaean/post/DTFcDvjkTEp/kang-dedi-gimana-pendapatnya-tentang-pemilihan-kepala-daerah-kedepannya-oleh,onno_kers,Onno Kers,False,"Klo bawa2 Ras jujur Gw gak suka, karena gw orang Sunda , gw gak pernah milih siapa2 selama pemilu.tetapi siapaun pemimpinnya yg benar2 mementingkan rakyat gw dukung..Jangan bawa2 suku ya bang Tolong.",27,14,0,0,,,2026-01-04T02:20:31.000Z,2026-01-09T05:25:56.480231,reply,DTEmCUBEjp3,https://scontent-iad3-1.cdninstagram.com/v/t51.2885-19/501580593_18255047236304785_2467995081260249932_n.jpg?stp=dst-jpg_s150x150_tt6&efg=eyJ2ZW5jb2RlX3RhZyI6InByb2ZpbGVfcGljLmRqYW5nby43MjAuYzIifQ&_nc_ht=scontent-iad3-1.cdninstagram.com&_nc_cat=101&_nc_oc=Q6cZ2QELVWMLZ2SCfv1aBQiSYikXlWmYYXiXXp5lqqdf-shczAZjN4iPEW18OpmtCegFjvg&_nc_ohc=B0DZKophGsIQ7kNvwFMGPcq&_nc_gid=PJuwlIYhqikyUpGk458MWg&edm=APs17CUBAAAA&ccb=7-5&oh=00_AfpW_HvGP0IUKTl_79TiT7yILp8-Q_gEtvmQerQYaMtGLQ&oe=6965EC16&_nc_sid=10d13b,https://www.threads.com/@onno_kers,1767493231.0,False,dedimulyadi71,19.0,False,[],[],https://www.threads.com/@onno_kers/post/DTEmCUBEjp3
,https://www.threads.com/@danielhutahaean/post/DTFcDvjkTEp/kang-dedi-gimana-pendapatnya-tentang-pemilihan-kepala-daerah-kedepannya-oleh,oneted76,Oneted AL Firdaus,False,"Tetap semangat Bapa aing, kantun audit para kades na pa",0,0,0,0,,,2026-01-04T15:20:24.000Z,2026-01-09T05:25:56.480231,reply,DTF_SXrmHKd,https://scontent-iad3-2.cdninstagram.com/v/t51.2885-19/487492167_1566505517346647_7665384920608176160_n.jpg?stp=dst-jpg_s150x150_tt6&efg=eyJ2ZW5jb2RlX3RhZyI6InByb2ZpbGVfcGljLmRqYW5nby4xMDgwLmMyIn0&_nc_ht=scontent-iad3-2.cdninstagram.com&_nc_cat=111&_nc_oc=Q6cZ2QELVWMLZ2SCfv1aBQiSYikXlWmYYXiXXp5lqqdf-shczAZjN4iPEW18OpmtCegFjvg&_nc_ohc=lJETcGjvohkQ7kNvwFJm_EY&_nc_gid=PJuwlIYhqikyUpGk458MWg&edm=APs17CUBAAAA&ccb=7-5&oh=00_AfpnpfygbFCxjToole3-T94igCUyVA-5rUvTHWrmbnUYig&oe=6965EECF&_nc_sid=10d13b,https://www.threads.com/@oneted76,1767540024.0,False,dedimulyadi71,19.0,False,[],[],https://www.threads.com/@oneted76/post/DTF_SXrmHKd
,https://www.threads.com/@danielhutahaean/post/DTFcDvjkTEp/kang-dedi-gimana-pendapatnya-tentang-pemilihan-kepala-daerah-kedepannya-oleh,kokomkomariah4232,Kokom Komariah,False,Panji gebleg,0,0,0,0,,,2026-01-04T07:12:13.000Z,2026-01-09T05:25:56.480231,reply,DTFHa4cEwDG,https://instagram.ffor27-1.fna.fbcdn.net/v/t51.2885-19/573323465_1219825463302212_7278921664109726296_n.png?stp=dst-jpg_e0_s150x150_tt6&efg=eyJ2ZW5jb2RlX3RhZyI6InByb2ZpbGVfcGljLmRqYW5nby4xNTAuYzIifQ&_nc_ht=instagram.ffor27-1.fna.fbcdn.net&_nc_cat=1&_nc_oc=Q6cZ2QHMuI_AOLkwYegyez8rpo-w3CTwGXo4ZSKiB-np42zDvY-z8CER92kEiSukxwR6xsXfu97MGUc2uW-rgq4IKJWy&_nc_ohc=jFezCB5ZvcgQ7kNvwHzx4Ww&_nc_gid=xiAw34TT2Xf5MVv4qcus_g&edm=AJ9x6zYBAAAA&ccb=7-5&ig_cache_key=YW5vbnltb3VzX3Byb2ZpbGVfcGlj.3-ccb7-5&oh=00_Afr9K1pGTX4IwdoPMeGAy-Zn3kq5TUKqHz2CfGq1l-dDqw&oe=6965FFEA&_nc_sid=65462d,https://www.threads.com/@kokomkomariah4232,1767510733.0,False,dedimulyadi71,19.0,False,[],[],https://www.threads.com/@kokomkomariah4232/post/DTFHa4cEwDG
DTAhU3xkZDK,https://www.threads.com/@neni1783/post/DTAhU3xkZDK/video-kalau-pilkada-dipilih-dprd-ini-nekad-dieksekusi-bagaimana-kira-kira-masa-depan,neni1783,Neni Nur Hayati,True,"Kalau Pilkada Dipilih DPRD ini nekad dieksekusi, bagaimana kira-kira masa depan demokrasi Indonesia? demokrasi pilkadadipilihdprd partaipolitik prabowosubianto indonesia",29,2,0,0,0.0,522.0,2026-01-02T12:22:25.000Z,2026-01-09T05:26:51.152546,original_post,,,,,,,,,,,
,https://www.threads.com/@neni1783/post/DTAhU3xkZDK/video-kalau-pilkada-dipilih-dprd-ini-nekad-dieksekusi-bagaimana-kira-kira-masa-depan,helminayeng,Helmina Yeng,False,"Kalau aturan ini d loloskan Gubernur, Walikota,Camat, Bupati d pilih oleh DPR. Siap siapin aja yg duit yg byk bagi yg ingin jadi gubernur, walikota, Camat, Bupati untuk nyogok anggota DPR. Yg upetinya yg besar pasti menang...",0,0,0,0,,,2026-01-02T12:52:20.000Z,2026-01-09T05:26:51.152546,reply,DTAkwNaiSju,https://scontent-iad3-2.cdninstagram.com/v/t51.2885-19/482802506_616659381253131_222432532035316797_n.jpg?stp=dst-jpg_s150x150_tt6&efg=eyJ2ZW5jb2RlX3RhZyI6InByb2ZpbGVfcGljLmRqYW5nby4xMDgwLmMyIn0&_nc_ht=scontent-iad3-2.cdninstagram.com&_nc_cat=103&_nc_oc=Q6cZ2QH3_3zU4mQkHfWK6sMoeGWCnEO4X9qJVM7Hbucm6zO7iaCJmRxf3mHPE6TEeFVQcPE&_nc_ohc=e-MAlQZyIxcQ7kNvwFgzXq2&_nc_gid=pCxiUFCEMDPG9iywzipGnQ&edm=APs17CUBAAAA&ccb=7-5&oh=00_AfpbpRxvY3QJqKw1AYJFJa3H172ps7hj-fkUCgRAZ6_0nw&oe=696613BA&_nc_sid=10d13b,https://www.threads.com/@helminayeng,1767358340.0,False,neni1783,19.0,False,[],[],https://www.threads.com/@helminayeng/post/DTAkwNaiSju
,https://www.threads.com/@neni1783/post/DTAhU3xkZDK/video-kalau-pilkada-dipilih-dprd-ini-nekad-dieksekusi-bagaimana-kira-kira-masa-depan,yurian781,Yurian R,False,Kalau pilkada langsung di hapus ya waktu pileg rakyat gak usah milih anggota DPR /DPRD tiadakan juga pemilu legislatif biar rakyat gak cape2 datang ke TPS,0,0,0,0,,,2026-01-02T12:51:27.000Z,2026-01-09T05:26:51.152546,reply,DTAkpwnk7Nh,https://scontent-iad3-2.cdninstagram.com/v/t51.2885-19/586674790_17871009492467835_6834775502354924783_n.jpg?stp=dst-jpg_s150x150_tt6&efg=eyJ2ZW5jb2RlX3RhZyI6InByb2ZpbGVfcGljLmRqYW5nby4xMDgwLmMyIn0&_nc_ht=scontent-iad3-2.cdninstagram.com&_nc_cat=103&_nc_oc=Q6cZ2QH3_3zU4mQkHfWK6sMoeGWCnEO4X9qJVM7Hbucm6zO7iaCJmRxf3mHPE6TEeFVQcPE&_nc_ohc=2HPuWvArwcAQ7kNvwH9ZV-N&_nc_gid=pCxiUFCEMDPG9iywzipGnQ&edm=APs17CUBAAAA&ccb=7-5&oh=00_AfpyKuuVOvvgCCY4HM7z_O4TVt-zvVKRfViUaG9n-9MR0g&oe=6965F95B&_nc_sid=10d13b,https://www.threads.com/@yurian781,1767358287.0,False,neni1783,19.0,False,[],[],https://www.threads.com/@yurian781/post/DTAkpwnk7Nh
DS3sVRGk4X9,https://www.threads.com/@saepudinsyarif/post/DS3sVRGk4X9/video-golkar-mengusulkan-pilkada-lewat-dprd-bukan-dipilih-langsung-oleh-rakyat-di,saepudinsyarif,Saepudin Syarif,False,"Golkar mengusulkan pilkada lewat DPRD, bukan dipilih langsung oleh rakyat. Di saat rakyat sedang susah karena bencana, elit justru sibuk mengatur kekuasaan. Alasan efisiensi terdengar palsu karena yang terjadi justru perampasan hak pilih rakyat. Ini ancaman serius bagi demokrasi dan harus ditolak bersama. BAGAIMANA MENURUT KALIAN??? 𝗟𝗔𝗪𝗔𝗡 𝗚𝗢𝗟𝗞𝗔𝗥...‼️‼️‼️🔥🔥🔥 Sorotan semua orang pengikut",52,52,12,1,0.0,1979.0,2025-12-30T02:05:27.000Z,2026-01-09T05:27:46.953060,original_post,,,,,,,,,,,
,https://www.threads.com/@saepudinsyarif/post/DS3sVRGk4X9/video-golkar-mengusulkan-pilkada-lewat-dprd-bukan-dipilih-langsung-oleh-rakyat-di,basribanang1973,Basri Basri,False,"Pilkada lewat DPR. Tidak banyak lagi dong yang mau di suap SM calon pemimpin . Berarti biayanya nanti sedikit dan korupsi, kolusi dan nepotisme ya bisa lebih aman dan lancar. Sebaiknya DPR saja yang ditiadakan cuma Jadi beban negara. Cukup mentri2 yang berkualitas dan bisa memperhatkan kemajuan hidup masyarakat keseluruhan yang jadi mitra dan pembantu presiden",3,1,0,0,,,2025-12-30T03:04:58.000Z,2026-01-09T05:27:46.953060,reply,DS3zJlLgcFL,https://instagram.fpei3-1.fna.fbcdn.net/v/t51.2885-19/573323465_1219825463302212_7278921664109726296_n.png?stp=dst-jpg_e0_s150x150_tt6&efg=eyJ2ZW5jb2RlX3RhZyI6InByb2ZpbGVfcGljLmRqYW5nby4xNTAuYzIifQ&_nc_ht=instagram.fpei3-1.fna.fbcdn.net&_nc_cat=1&_nc_oc=Q6cZ2QFeqjji82efk7Z4x7Dr9pMGq2M0UHQV8IsCFDFpJcZ_n9Y-v58djILDIBcL-KWcm-_TV1z-5DrJPpFQCQzpiXrw&_nc_ohc=jFezCB5ZvcgQ7kNvwFco6Fw&_nc_gid=v_1v3Z_-CUnYgKiGcMDK3g&edm=AJ9x6zYBAAAA&ccb=7-5&ig_cache_key=YW5vbnltb3VzX3Byb2ZpbGVfcGlj.3-ccb7-5&oh=00_AfoDUYGGSNm_-ehCTeiXSCJSg-x7gL_aury0XNAX-wy1lA&oe=6965FFEA&_nc_sid=65462d,https://www.threads.com/@basribanang1973,1767063898.0,False,saepudinsyarif,19.0,False,[],[],https://www.threads.com/@basribanang1973/post/DS3zJlLgcFL
,https://www.threads.com/@saepudinsyarif/post/DS3sVRGk4X9/video-golkar-mengusulkan-pilkada-lewat-dprd-bukan-dipilih-langsung-oleh-rakyat-di,kaharudinsanggi,Kaharudin Sanggi,False,Inilah partai politik dikuasai para garong...buat aturan untuk kepentingan golongannya...,3,0,0,0,,,2025-12-30T02:22:30.000Z,2026-01-09T05:27:46.953060,reply,DS3uSeYEjFG,https://scontent-iad3-2.cdninstagram.com/v/t51.2885-19/372757427_249280834176096_7805268668365700456_n.jpg?stp=dst-jpg_s150x150_tt6&efg=eyJ2ZW5jb2RlX3RhZyI6InByb2ZpbGVfcGljLmRqYW5nby4xMDgwLmMyIn0&_nc_ht=scontent-iad3-2.cdninstagram.com&_nc_cat=100&_nc_oc=Q6cZ2QGoR6mpqe1cogg8P5yapKQxXEsaztiE6H1faDLu-d3ngblVMj0Btcq0iCVZ2Nd4j7c&_nc_ohc=EIXZeD0ZYNgQ7kNvwEuu0iE&_nc_gid=NI9FCL6nvliFiryyf5Ek1w&edm=APs17CUBAAAA&ccb=7-5&oh=00_AfqbT7P_56IzhQJYSBryFJN1OEdQSanH5LtOTqJLqGHfyg&oe=6965FCDB&_nc_sid=10d13b,https://www.threads.com/@kaharudinsanggi,1767061350.0,False,saepudinsyarif,19.0,False,[],[],https://www.threads.com/@kaharudinsanggi/post/DS3uSeYEjFG
,https://www.threads.com/@saepudinsyarif/post/DS3sVRGk4X9/video-golkar-mengusulkan-pilkada-lewat-dprd-bukan-dipilih-langsung-oleh-rakyat-di,_imaasulfaaa,ulfaaimaas,False,Idolaaa kauu nih,0,0,0,0,,,2025-12-30T02:10:02.000Z,2026-01-09T05:27:46.953060,reply,DS3s3QOk550,https://scontent-iad3-2.cdninstagram.com/v/t51.2885-19/533190297_18132561520436880_6228393566136279459_n.jpg?stp=dst-jpg_s150x150_tt6&efg=eyJ2ZW5jb2RlX3RhZyI6InByb2ZpbGVfcGljLmRqYW5nby4xMDgwLmMyIn0&_nc_ht=scontent-iad3-2.cdninstagram.com&_nc_cat=100&_nc_oc=Q6cZ2QGoR6mpqe1cogg8P5yapKQxXEsaztiE6H1faDLu-d3ngblVMj0Btcq0iCVZ2Nd4j7c&_nc_ohc=gsG4Vw46cQ4Q7kNvwHYlvBM&_nc_gid=NI9FCL6nvliFiryyf5Ek1w&edm=APs17CUBAAAA&ccb=7-5&oh=00_AfpedhVReP_p8j-fMsKfg3IfngZDUdO1fUPChWJKzwDucQ&oe=6965FEF3&_nc_sid=10d13b,https://www.threads.com/@_imaasulfaaa,1767060602.0,False,saepudinsyarif,19.0,False,[{'username': 'chipoy99.chicharitopapoy'}],[],https://www.threads.com/@_imaasulfaaa/post/DS3s3QOk550
,https://www.threads.com/@saepudinsyarif/post/DS3sVRGk4X9/video-golkar-mengusulkan-pilkada-lewat-dprd-bukan-dipilih-langsung-oleh-rakyat-di,agusibrahim1956,Agus Ibrahim,False,Nepalkan,2,0,0,0,,,2025-12-30T02:23:29.000Z,2026-01-09T05:27:46.953060,reply,DS3uZwbidaX,https://scontent-iad3-2.cdninstagram.com/v/t51.2885-19/516122029_17845601958520755_2546630802333477222_n.jpg?stp=dst-jpg_s150x150_tt6&efg=eyJ2ZW5jb2RlX3RhZyI6InByb2ZpbGVfcGljLmRqYW5nby43MTQuYzIifQ&_nc_ht=scontent-iad3-2.cdninstagram.com&_nc_cat=103&_nc_oc=Q6cZ2QGoR6mpqe1cogg8P5yapKQxXEsaztiE6H1faDLu-d3ngblVMj0Btcq0iCVZ2Nd4j7c&_nc_ohc=fUi5e2Bhx3kQ7kNvwE9aIhN&_nc_gid=NI9FCL6nvliFiryyf5Ek1w&edm=APs17CUBAAAA&ccb=7-5&oh=00_AfrLzwZeRWNYxAHzF-e7MZMAePIW1rc6DjilFwTwiLWf6A&oe=6965FE47&_nc_sid=10d13b,https://www.threads.com/@agusibrahim1956,1767061409.0,False,saepudinsyarif,19.0,False,[],[],https://www.threads.com/@agusibrahim1956/post/DS3uZwbidaX
,https://www.threads.com/@saepudinsyarif/post/DS3sVRGk4X9/video-golkar-mengusulkan-pilkada-lewat-dprd-bukan-dipilih-langsung-oleh-rakyat-di,mujiarto.mujiarto.9678,Mujiarto,False,Pilihan langsung selalu dimenangkan yang amplop tebal ujung ujungnya korupsi semakin menjadi,1,1,0,0,,,2025-12-30T03:01:00.000Z,2026-01-09T05:27:46.953060,reply,DS3ysg1EVr9,https://scontent-iad3-2.cdninstagram.com/v/t51.2885-19/503642044_18032156834672153_3757955403518309194_n.jpg?stp=dst-jpg_s150x150_tt6&efg=eyJ2ZW5jb2RlX3RhZyI6InByb2ZpbGVfcGljLmRqYW5nby4xMDgwLmMyIn0&_nc_ht=scontent-iad3-2.cdninstagram.com&_nc_cat=105&_nc_oc=Q6cZ2QGoR6mpqe1cogg8P5yapKQxXEsaztiE6H1faDLu-d3ngblVMj0Btcq0iCVZ2Nd4j7c&_nc_ohc=GI4ZOTPxfp8Q7kNvwE7uRUn&_nc_gid=NI9FCL6nvliFiryyf5Ek1w&edm=APs17CUBAAAA&ccb=7-5&oh=00_Afr5AVaGvrnO0PLxj67CuOMGlyG_CmIVnqji6iknRWNFZQ&oe=6965EBF0&_nc_sid=10d13b,https://www.threads.com/@mujiarto.mujiarto.9678,1767063660.0,False,saepudinsyarif,19.0,False,[],[],https://www.threads.com/@mujiarto.mujiarto.9678/post/DS3ysg1EVr9
,https://www.threads.com/@saepudinsyarif/post/DS3sVRGk4X9/video-golkar-mengusulkan-pilkada-lewat-dprd-bukan-dipilih-langsung-oleh-rakyat-di,tambunanclub.tambunanclub,Jul Fahri Tambunan,False,Ini hanya pengalihan isu supaya rakyat Indonesia tidak fokus terhadap bencana alam yang ada di Indonesia yang tidak di buat nya bencana nasional,1,0,0,0,,,2025-12-30T03:01:29.000Z,2026-01-09T05:27:46.953060,reply,DS3ywCWk8b7,https://scontent-iad3-1.cdninstagram.com/v/t51.2885-19/462912267_596615429590282_2828424706643079725_n.jpg?stp=dst-jpg_s150x150_tt6&efg=eyJ2ZW5jb2RlX3RhZyI6InByb2ZpbGVfcGljLmRqYW5nby45MDAuYzIifQ&_nc_ht=scontent-iad3-1.cdninstagram.com&_nc_cat=110&_nc_oc=Q6cZ2QGoR6mpqe1cogg8P5yapKQxXEsaztiE6H1faDLu-d3ngblVMj0Btcq0iCVZ2Nd4j7c&_nc_ohc=dC184jAUQZwQ7kNvwEB0vH6&_nc_gid=NI9FCL6nvliFiryyf5Ek1w&edm=APs17CUBAAAA&ccb=7-5&oh=00_Afpum92vle2XSnD5gAlz7z-oB13-YaELFj9nbFbOf2prYw&oe=69660D27&_nc_sid=10d13b,https://www.threads.com/@tambunanclub.tambunanclub,1767063689.0,False,saepudinsyarif,19.0,False,[],[],https://www.threads.com/@tambunanclub.tambunanclub/post/DS3ywCWk8b7
,https://www.threads.com/@saepudinsyarif/post/DS3sVRGk4X9/video-golkar-mengusulkan-pilkada-lewat-dprd-bukan-dipilih-langsung-oleh-rakyat-di,gu_nawan3747,Gun Awan,False,Bubarkan partai Golkar,1,2,0,0,,,2025-12-30T02:43:36.000Z,2026-01-09T05:27:46.953060,reply,DS3wtDvD0BJ,https://scontent-iad3-2.cdninstagram.com/v/t51.2885-19/471920464_1576697023216763_9066412253779399895_n.jpg?stp=dst-jpg_s150x150_tt6&efg=eyJ2ZW5jb2RlX3RhZyI6InByb2ZpbGVfcGljLmRqYW5nby43MjAuYzIifQ&_nc_ht=scontent-iad3-2.cdninstagram.com&_nc_cat=111&_nc_oc=Q6cZ2QGoR6mpqe1cogg8P5yapKQxXEsaztiE6H1faDLu-d3ngblVMj0Btcq0iCVZ2Nd4j7c&_nc_ohc=fb1fPa3LGPUQ7kNvwGo7HG_&_nc_gid=NI9FCL6nvliFiryyf5Ek1w&edm=APs17CUBAAAA&ccb=7-5&oh=00_AfoYOau-UEQCIVHauf-SmsRgvTpVTWPEq3sJCpFASvoMNw&oe=6966044B&_nc_sid=10d13b,https://www.threads.com/@gu_nawan3747,1767062616.0,False,saepudinsyarif,19.0,False,[],[],https://www.threads.com/@gu_nawan3747/post/DS3wtDvD0BJ
,https://www.threads.com/@saepudinsyarif/post/DS3sVRGk4X9/video-golkar-mengusulkan-pilkada-lewat-dprd-bukan-dipilih-langsung-oleh-rakyat-di,heri.susanto7777,Heri Suntix,False,"Otaknya Bagaimana Cara Terus Berkuasa... Di sanalah kumpulan Orang"" Rakus..",1,0,0,0,,,2025-12-30T02:39:58.000Z,2026-01-09T05:27:46.953060,reply,DS3wSYrE8cl,https://scontent-iad3-2.cdninstagram.com/v/t51.2885-19/580025118_17844417030610841_6267386328551398285_n.jpg?stp=dst-jpg_s150x150_tt6&efg=eyJ2ZW5jb2RlX3RhZyI6InByb2ZpbGVfcGljLmRqYW5nby43MjAuYzIifQ&_nc_ht=scontent-iad3-2.cdninstagram.com&_nc_cat=105&_nc_oc=Q6cZ2QGoR6mpqe1cogg8P5yapKQxXEsaztiE6H1faDLu-d3ngblVMj0Btcq0iCVZ2Nd4j7c&_nc_ohc=tWCsSLIUarsQ7kNvwGKXIyy&_nc_gid=NI9FCL6nvliFiryyf5Ek1w&edm=APs17CUBAAAA&ccb=7-5&oh=00_AfpZJdjWcExAuOJo-GaOyPmym6tc9pT_0lvUzrY9bqhjWw&oe=696618F7&_nc_sid=10d13b,https://www.threads.com/@heri.susanto7777,1767062398.0,False,saepudinsyarif,19.0,False,[],[],https://www.threads.com/@heri.susanto7777/post/DS3wSYrE8cl
,https://www.threads.com/@saepudinsyarif/post/DS3sVRGk4X9/video-golkar-mengusulkan-pilkada-lewat-dprd-bukan-dipilih-langsung-oleh-rakyat-di,sairulamrip.saragih6667,Sairul Amri P Saragih,False,"Artinya Orde Baru Benar dan Reformasi Gagal. Sebab bedanya Orde Baru dan Reformasi cuma tipis Pemilihan Langsung, sisanya Lebih Parah Reformasi.",0,0,0,0,,,2025-12-30T03:03:05.000Z,2026-01-09T05:27:46.953060,reply,DS3y7y0D4Cv,https://scontent-iad3-2.cdninstagram.com/v/t51.2885-19/481838951_531612442745736_5847328283043622769_n.jpg?stp=dst-jpg_s150x150_tt6&efg=eyJ2ZW5jb2RlX3RhZyI6InByb2ZpbGVfcGljLmRqYW5nby43MjAuYzIifQ&_nc_ht=scontent-iad3-2.cdninstagram.com&_nc_cat=100&_nc_oc=Q6cZ2QGoR6mpqe1cogg8P5yapKQxXEsaztiE6H1faDLu-d3ngblVMj0Btcq0iCVZ2Nd4j7c&_nc_ohc=2CpRPkxZgmIQ7kNvwEWbxkP&_nc_gid=NI9FCL6nvliFiryyf5Ek1w&edm=APs17CUBAAAA&ccb=7-5&oh=00_AfqQlC9xtCBRIpzRv2MDN1bhgds8HihOelT0dBi2HHPGTw&oe=69661857&_nc_sid=10d13b,https://www.threads.com/@sairulamrip.saragih6667,1767063785.0,False,saepudinsyarif,19.0,False,[],[],https://www.threads.com/@sairulamrip.saragih6667/post/DS3y7y0D4Cv
,https://www.threads.com/@saepudinsyarif/post/DS3sVRGk4X9/video-golkar-mengusulkan-pilkada-lewat-dprd-bukan-dipilih-langsung-oleh-rakyat-di,iwlunakey3,Tadho theLuVaz,False,bubarkangolkar,1,0,0,0,,,2025-12-30T02:45:23.000Z,2026-01-09T05:27:46.953060,reply,DS3w6LOEwgv,https://scontent-iad3-1.cdninstagram.com/v/t51.2885-19/457882402_409534761749854_1986841244999129823_n.jpg?stp=dst-jpg_s150x150_tt6&efg=eyJ2ZW5jb2RlX3RhZyI6InByb2ZpbGVfcGljLmRqYW5nby45MDAuYzIifQ&_nc_ht=scontent-iad3-1.cdninstagram.com&_nc_cat=110&_nc_oc=Q6cZ2QGoR6mpqe1cogg8P5yapKQxXEsaztiE6H1faDLu-d3ngblVMj0Btcq0iCVZ2Nd4j7c&_nc_ohc=ufZXs0W7dr0Q7kNvwHj4_dC&_nc_gid=NI9FCL6nvliFiryyf5Ek1w&edm=APs17CUBAAAA&ccb=7-5&oh=00_Afq-yqMVQc7Pf-oVeZTS5DbRrqbUoT3V5s_uB0LKne1nWg&oe=6966034C&_nc_sid=10d13b,https://www.threads.com/@iwlunakey3,1767062723.0,False,saepudinsyarif,19.0,False,[],['bubarkangolkar'],https://www.threads.com/@iwlunakey3/post/DS3w6LOEwgv
,https://www.threads.com/@saepudinsyarif/post/DS3sVRGk4X9/video-golkar-mengusulkan-pilkada-lewat-dprd-bukan-dipilih-langsung-oleh-rakyat-di,kittyberbulu,Sari Tabah Nuraeni,False,"Itu artinya kembali ke jaman ordebaru...Golkar dengan rezim otoriter arogan ingin kembali hati2...penjara akan penuh dengan para aktivis dan jurnalis...akan para mahasiswa ,aktifis dan jurnalis yg kritis akan menghilang entah dikubur dimana..hati hati...hati hati 💖",0,0,0,0,,,2025-12-30T04:50:56.000Z,2026-01-09T05:27:46.953060,reply,DS3_RnREZ3V,https://scontent-iad3-2.cdninstagram.com/v/t51.2885-19/530022013_17915680239151056_6256541646295712376_n.jpg?stp=dst-jpg_s150x150_tt6&efg=eyJ2ZW5jb2RlX3RhZyI6InByb2ZpbGVfcGljLmRqYW5nby43MjAuYzIifQ&_nc_ht=scontent-iad3-2.cdninstagram.com&_nc_cat=100&_nc_oc=Q6cZ2QGoR6mpqe1cogg8P5yapKQxXEsaztiE6H1faDLu-d3ngblVMj0Btcq0iCVZ2Nd4j7c&_nc_ohc=WFRHdzE-HMMQ7kNvwHQikaM&_nc_gid=NI9FCL6nvliFiryyf5Ek1w&edm=APs17CUBAAAA&ccb=7-5&oh=00_AfpNaPk2s4RUlSiz4tuQa7Ulti1D0dXUqovGq6yCTrHy7g&oe=69661A32&_nc_sid=10d13b,https://www.threads.com/@kittyberbulu,1767070256.0,False,saepudinsyarif,19.0,False,[],[],https://www.threads.com/@kittyberbulu/post/DS3_RnREZ3V
,https://www.threads.com/@saepudinsyarif/post/DS3sVRGk4X9/video-golkar-mengusulkan-pilkada-lewat-dprd-bukan-dipilih-langsung-oleh-rakyat-di,nabilasyahputri,Nabila,False,jgn sampai sejarah mengulang seperti di negara tetangga sebelah.. dimana rakyat sudah dititik muak. menganggap pejabat sbg penjajah yg nyata yg wajib digulingkan seperti b2 guling🫵🏻,0,0,0,0,,,2025-12-30T04:25:54.000Z,2026-01-09T05:27:46.953060,reply,DS38aYUkSq_,https://scontent-iad3-1.cdninstagram.com/v/t51.2885-19/491517930_4769746996584974_2922772771561451529_n.jpg?stp=dst-jpg_s150x150_tt6&efg=eyJ2ZW5jb2RlX3RhZyI6InByb2ZpbGVfcGljLmRqYW5nby44MjguYzIifQ&_nc_ht=scontent-iad3-1.cdninstagram.com&_nc_cat=102&_nc_oc=Q6cZ2QGoR6mpqe1cogg8P5yapKQxXEsaztiE6H1faDLu-d3ngblVMj0Btcq0iCVZ2Nd4j7c&_nc_ohc=nfJfEnqzW0gQ7kNvwHyUEle&_nc_gid=NI9FCL6nvliFiryyf5Ek1w&edm=APs17CUBAAAA&ccb=7-5&oh=00_AfpC2rR__2DMK5Pr_NMbIcHT3suaK-RedSfEhxCzy5jr7Q&oe=69660A13&_nc_sid=10d13b,https://www.threads.com/@nabilasyahputri,1767068754.0,False,saepudinsyarif,19.0,False,[],[],https://www.threads.com/@nabilasyahputri/post/DS38aYUkSq_
,https://www.threads.com/@saepudinsyarif/post/DS3sVRGk4X9/video-golkar-mengusulkan-pilkada-lewat-dprd-bukan-dipilih-langsung-oleh-rakyat-di,nisa345262020,Anita,False,Tolak tidak mau kami mau memilih sendiri wakil kami,0,0,0,0,,,2025-12-30T05:36:05.000Z,2026-01-09T05:27:46.953060,reply,DS4EcUMEXhY,https://scontent-iad3-1.cdninstagram.com/v/t51.2885-19/532947540_18065868266229266_3690462767081693437_n.jpg?stp=dst-jpg_s150x150_tt6&efg=eyJ2ZW5jb2RlX3RhZyI6InByb2ZpbGVfcGljLmRqYW5nby40NTAuYzIifQ&_nc_ht=scontent-iad3-1.cdninstagram.com&_nc_cat=102&_nc_oc=Q6cZ2QGoR6mpqe1cogg8P5yapKQxXEsaztiE6H1faDLu-d3ngblVMj0Btcq0iCVZ2Nd4j7c&_nc_ohc=Zl5SXeXE-osQ7kNvwFw4_A0&_nc_gid=NI9FCL6nvliFiryyf5Ek1w&edm=APs17CUBAAAA&ccb=7-5&oh=00_AfqgctJQcde4pA5nZRBVaS_4UcihMtlcRhm-TapP8s7C-Q&oe=69661763&_nc_sid=10d13b,https://www.threads.com/@nisa345262020,1767072965.0,False,saepudinsyarif,19.0,False,[],[],https://www.threads.com/@nisa345262020/post/DS4EcUMEXhY
,https://www.threads.com/@saepudinsyarif/post/DS3sVRGk4X9/video-golkar-mengusulkan-pilkada-lewat-dprd-bukan-dipilih-langsung-oleh-rakyat-di,rewerysiahaan,Rewery Siahaan,False,Bubar kan semua partai dan DPR cukup 2 partai satu partai yang ber kuasa satu lagi oposisi kayak yang di negara USA klau banyak partai banyak pula biaya habis untuk partai lagi pula senator nya suatu saat klau dak becus bisa di pecat jadi kerja nya senator benar2 boleh dipertanggung jawab kan tidak kayak skrng DPR nya bisa tidur2 an dan gaji terus ber jalan jadi model ind skrng DPR nya sdh ke babelasan dan tidur2 an gaji jalan terus,0,0,0,0,,,2025-12-30T04:05:39.000Z,2026-01-09T05:27:46.953060,reply,DS36GAPE4nL,https://scontent-iad3-1.cdninstagram.com/v/t51.2885-19/474107835_633650899101529_8637728304399004819_n.jpg?stp=dst-jpg_s150x150_tt6&efg=eyJ2ZW5jb2RlX3RhZyI6InByb2ZpbGVfcGljLmRqYW5nby45NTYuYzIifQ&_nc_ht=scontent-iad3-1.cdninstagram.com&_nc_cat=101&_nc_oc=Q6cZ2QGoR6mpqe1cogg8P5yapKQxXEsaztiE6H1faDLu-d3ngblVMj0Btcq0iCVZ2Nd4j7c&_nc_ohc=xc0amHDFTWsQ7kNvwFQ5ENS&_nc_gid=NI9FCL6nvliFiryyf5Ek1w&edm=APs17CUBAAAA&ccb=7-5&oh=00_Afoty3wb0UNiHUYVTIuMAOvLVaZcej3bw_Hx0E2bT6ibmA&oe=69661208&_nc_sid=10d13b,https://www.threads.com/@rewerysiahaan,1767067539.0,False,saepudinsyarif,19.0,False,[],[],https://www.threads.com/@rewerysiahaan/post/DS36GAPE4nL
,https://www.threads.com/@saepudinsyarif/post/DS3sVRGk4X9/video-golkar-mengusulkan-pilkada-lewat-dprd-bukan-dipilih-langsung-oleh-rakyat-di,sharnety,Sarwani Harnety,False,Begitu kalian tahu partai mana yg tidak pro Rakyat jangan di pilih partainya....ataupun calegnya.....jangan di senggol.....,0,0,0,0,,,2025-12-30T05:47:10.000Z,2026-01-09T05:27:46.953060,reply,DS4Fte3EwX6,https://scontent-iad3-1.cdninstagram.com/v/t51.2885-19/476885191_1645229256412171_172159751813457031_n.jpg?stp=dst-jpg_s150x150_tt6&efg=eyJ2ZW5jb2RlX3RhZyI6InByb2ZpbGVfcGljLmRqYW5nby45NTYuYzIifQ&_nc_ht=scontent-iad3-1.cdninstagram.com&_nc_cat=107&_nc_oc=Q6cZ2QGoR6mpqe1cogg8P5yapKQxXEsaztiE6H1faDLu-d3ngblVMj0Btcq0iCVZ2Nd4j7c&_nc_ohc=eMNeb8ty-lEQ7kNvwFkBQ_9&_nc_gid=NI9FCL6nvliFiryyf5Ek1w&edm=APs17CUBAAAA&ccb=7-5&oh=00_AfoapJImHIadYpkxJt1m3WumFVrz9R4dIytkW9ZMhSX2Jw&oe=6965ECB7&_nc_sid=10d13b,https://www.threads.com/@sharnety,1767073630.0,False,saepudinsyarif,19.0,False,[],[],https://www.threads.com/@sharnety/post/DS4Fte3EwX6
,https://www.threads.com/@saepudinsyarif/post/DS3sVRGk4X9/video-golkar-mengusulkan-pilkada-lewat-dprd-bukan-dipilih-langsung-oleh-rakyat-di,beng4tony1dray,Wandray Beng Fatony,False,Ya setuju pemilihan kepala daerah oleh DPRD untuk lebih efisiesi dan tertib administrasi serta ketentraman dan kedamaian,0,0,0,0,,,2025-12-30T05:59:14.000Z,2026-01-09T05:27:46.953060,reply,DS4HF4NiUSN,https://scontent-iad3-1.cdninstagram.com/v/t51.2885-19/467648020_923911559180419_1789729689121467926_n.jpg?stp=dst-jpg_s150x150_tt6&efg=eyJ2ZW5jb2RlX3RhZyI6InByb2ZpbGVfcGljLmRqYW5nby4yOTUuYzIifQ&_nc_ht=scontent-iad3-1.cdninstagram.com&_nc_cat=107&_nc_oc=Q6cZ2QGoR6mpqe1cogg8P5yapKQxXEsaztiE6H1faDLu-d3ngblVMj0Btcq0iCVZ2Nd4j7c&_nc_ohc=DwTplpErd-wQ7kNvwGRWVP3&_nc_gid=NI9FCL6nvliFiryyf5Ek1w&edm=APs17CUBAAAA&ccb=7-5&oh=00_AfrbIuiqhAgaCBpo3aqGA208ID5nFrZLQKhJL1gT38wwPQ&oe=69661A13&_nc_sid=10d13b,https://www.threads.com/@beng4tony1dray,1767074354.0,False,saepudinsyarif,19.0,False,[],[],https://www.threads.com/@beng4tony1dray/post/DS4HF4NiUSN
,https://www.threads.com/@saepudinsyarif/post/DS3sVRGk4X9/video-golkar-mengusulkan-pilkada-lewat-dprd-bukan-dipilih-langsung-oleh-rakyat-di,jesweetsanto,J Santo FX Sipahutar,False,"Partai mana yang mendukung Pemilihan Gubernur, Bupati dan Walikota melalui DPRD ya... Rakyat sudah tahulah harus apa. Ya JANGAN DIPILIH Calon dan Partainya. Habis Perkara.",0,0,0,0,,,2025-12-30T03:39:50.000Z,2026-01-09T05:27:46.953060,reply,DS33I7Ok34O,https://scontent-iad3-2.cdninstagram.com/v/t51.2885-19/502471242_18044243171622228_511546876493898929_n.jpg?stp=dst-jpg_s150x150_tt6&efg=eyJ2ZW5jb2RlX3RhZyI6InByb2ZpbGVfcGljLmRqYW5nby45NDEuYzIifQ&_nc_ht=scontent-iad3-2.cdninstagram.com&_nc_cat=100&_nc_oc=Q6cZ2QGoR6mpqe1cogg8P5yapKQxXEsaztiE6H1faDLu-d3ngblVMj0Btcq0iCVZ2Nd4j7c&_nc_ohc=DIkp3LpmeR0Q7kNvwH9G4qM&_nc_gid=NI9FCL6nvliFiryyf5Ek1w&edm=APs17CUBAAAA&ccb=7-5&oh=00_AfqF0nVyI501E7keEcFRU1n8vcQuMOC4JwrH8Y3ZBrUbqw&oe=6965EFE5&_nc_sid=10d13b,https://www.threads.com/@jesweetsanto,1767065990.0,False,saepudinsyarif,19.0,False,[],[],https://www.threads.com/@jesweetsanto/post/DS33I7Ok34O
,https://www.threads.com/@saepudinsyarif/post/DS3sVRGk4X9/video-golkar-mengusulkan-pilkada-lewat-dprd-bukan-dipilih-langsung-oleh-rakyat-di,muhammadhidayah89,Agus Salim,False,Bubarkan partai kalau negara ini mau maju cukup 3 partai semua ketua partai kurup maling,0,0,0,0,,,2025-12-30T03:32:17.000Z,2026-01-09T05:27:46.953060,reply,DS32RmSgaYI,https://scontent-iad3-2.cdninstagram.com/v/t51.2885-19/505746555_18323867629207290_245276839969097827_n.jpg?stp=dst-jpg_s150x150_tt6&efg=eyJ2ZW5jb2RlX3RhZyI6InByb2ZpbGVfcGljLmRqYW5nby45NTcuYzIifQ&_nc_ht=scontent-iad3-2.cdninstagram.com&_nc_cat=106&_nc_oc=Q6cZ2QGoR6mpqe1cogg8P5yapKQxXEsaztiE6H1faDLu-d3ngblVMj0Btcq0iCVZ2Nd4j7c&_nc_ohc=OUwGUFH6-p8Q7kNvwEN3tPd&_nc_gid=NI9FCL6nvliFiryyf5Ek1w&edm=APs17CUBAAAA&ccb=7-5&oh=00_AfoXzRJP22DKh9pODXT229oJtq2sONlxhEUYMFcKTiAu_A&oe=6965ED42&_nc_sid=10d13b,https://www.threads.com/@muhammadhidayah89,1767065537.0,False,saepudinsyarif,19.0,False,[],[],https://www.threads.com/@muhammadhidayah89/post/DS32RmSgaYI
,https://www.threads.com/@saepudinsyarif/post/DS3sVRGk4X9/video-golkar-mengusulkan-pilkada-lewat-dprd-bukan-dipilih-langsung-oleh-rakyat-di,nisa345262020,Anita,False,Tolak tidak mau kami mau memilih sendiri wakil kami,0,0,0,0,,,2025-12-30T05:36:22.000Z,2026-01-09T05:27:46.953060,reply,DS4EecNkcQ1,https://scontent-iad3-1.cdninstagram.com/v/t51.2885-19/532947540_18065868266229266_3690462767081693437_n.jpg?stp=dst-jpg_s150x150_tt6&efg=eyJ2ZW5jb2RlX3RhZyI6InByb2ZpbGVfcGljLmRqYW5nby40NTAuYzIifQ&_nc_ht=scontent-iad3-1.cdninstagram.com&_nc_cat=102&_nc_oc=Q6cZ2QGoR6mpqe1cogg8P5yapKQxXEsaztiE6H1faDLu-d3ngblVMj0Btcq0iCVZ2Nd4j7c&_nc_ohc=Zl5SXeXE-osQ7kNvwFw4_A0&_nc_gid=NI9FCL6nvliFiryyf5Ek1w&edm=APs17CUBAAAA&ccb=7-5&oh=00_AfqgctJQcde4pA5nZRBVaS_4UcihMtlcRhm-TapP8s7C-Q&oe=69661763&_nc_sid=10d13b,https://www.threads.com/@nisa345262020,1767072982.0,False,saepudinsyarif,19.0,False,[],[],https://www.threads.com/@nisa345262020/post/DS4EecNkcQ1
,https://www.threads.com/@saepudinsyarif/post/DS3sVRGk4X9/video-golkar-mengusulkan-pilkada-lewat-dprd-bukan-dipilih-langsung-oleh-rakyat-di,jurianto.yanto,Jurianto Yanto,False,Aku bilang bubarin tuh DPR...,0,0,0,0,,,2025-12-30T03:24:06.000Z,2026-01-09T05:27:46.953060,reply,DS31Vo5k_xX,https://instagram.fpei3-1.fna.fbcdn.net/v/t51.2885-19/573323465_1219825463302212_7278921664109726296_n.png?stp=dst-jpg_e0_s150x150_tt6&efg=eyJ2ZW5jb2RlX3RhZyI6InByb2ZpbGVfcGljLmRqYW5nby4xNTAuYzIifQ&_nc_ht=instagram.fpei3-1.fna.fbcdn.net&_nc_cat=1&_nc_oc=Q6cZ2QFeqjji82efk7Z4x7Dr9pMGq2M0UHQV8IsCFDFpJcZ_n9Y-v58djILDIBcL-KWcm-_TV1z-5DrJPpFQCQzpiXrw&_nc_ohc=jFezCB5ZvcgQ7kNvwFco6Fw&_nc_gid=v_1v3Z_-CUnYgKiGcMDK3g&edm=AJ9x6zYBAAAA&ccb=7-5&ig_cache_key=YW5vbnltb3VzX3Byb2ZpbGVfcGlj.3-ccb7-5&oh=00_AfoDUYGGSNm_-ehCTeiXSCJSg-x7gL_aury0XNAX-wy1lA&oe=6965FFEA&_nc_sid=65462d,https://www.threads.com/@jurianto.yanto,1767065046.0,False,saepudinsyarif,19.0,False,[],[],https://www.threads.com/@jurianto.yanto/post/DS31Vo5k_xX
,https://www.threads.com/@saepudinsyarif/post/DS3sVRGk4X9/video-golkar-mengusulkan-pilkada-lewat-dprd-bukan-dipilih-langsung-oleh-rakyat-di,vandi_mas,raka,False,Boikot,0,0,0,0,,,2025-12-30T03:16:58.000Z,2026-01-09T05:27:46.953060,reply,DS30hffkQeA,https://instagram.fpei3-1.fna.fbcdn.net/v/t51.2885-19/573323465_1219825463302212_7278921664109726296_n.png?stp=dst-jpg_e0_s150x150_tt6&efg=eyJ2ZW5jb2RlX3RhZyI6InByb2ZpbGVfcGljLmRqYW5nby4xNTAuYzIifQ&_nc_ht=instagram.fpei3-1.fna.fbcdn.net&_nc_cat=1&_nc_oc=Q6cZ2QFeqjji82efk7Z4x7Dr9pMGq2M0UHQV8IsCFDFpJcZ_n9Y-v58djILDIBcL-KWcm-_TV1z-5DrJPpFQCQzpiXrw&_nc_ohc=jFezCB5ZvcgQ7kNvwFco6Fw&_nc_gid=v_1v3Z_-CUnYgKiGcMDK3g&edm=AJ9x6zYBAAAA&ccb=7-5&ig_cache_key=YW5vbnltb3VzX3Byb2ZpbGVfcGlj.3-ccb7-5&oh=00_AfoDUYGGSNm_-ehCTeiXSCJSg-x7gL_aury0XNAX-wy1lA&oe=6965FFEA&_nc_sid=65462d,https://www.threads.com/@vandi_mas,1767064618.0,False,saepudinsyarif,19.0,False,[],[],https://www.threads.com/@vandi_mas/post/DS30hffkQeA
,https://www.threads.com/@saepudinsyarif/post/DS3sVRGk4X9/video-golkar-mengusulkan-pilkada-lewat-dprd-bukan-dipilih-langsung-oleh-rakyat-di,mn.acien,Mhd Nasier,False,Woi.... rakyat saksikan ini bagaimana mereka dgn masif mengkerdilkan suara rakyat....satu kata lawan!!! Nanti datang ke TPS coblos sampai hancur tuh surat pemilihan 🔥🔥🔥,0,0,0,0,,,2025-12-30T03:56:41.000Z,2026-01-09T05:27:46.953060,reply,DS35EUjknet,https://instagram.fpei3-1.fna.fbcdn.net/v/t51.2885-19/573323465_1219825463302212_7278921664109726296_n.png?stp=dst-jpg_e0_s150x150_tt6&efg=eyJ2ZW5jb2RlX3RhZyI6InByb2ZpbGVfcGljLmRqYW5nby4xNTAuYzIifQ&_nc_ht=instagram.fpei3-1.fna.fbcdn.net&_nc_cat=1&_nc_oc=Q6cZ2QFeqjji82efk7Z4x7Dr9pMGq2M0UHQV8IsCFDFpJcZ_n9Y-v58djILDIBcL-KWcm-_TV1z-5DrJPpFQCQzpiXrw&_nc_ohc=jFezCB5ZvcgQ7kNvwFco6Fw&_nc_gid=v_1v3Z_-CUnYgKiGcMDK3g&edm=AJ9x6zYBAAAA&ccb=7-5&ig_cache_key=YW5vbnltb3VzX3Byb2ZpbGVfcGlj.3-ccb7-5&oh=00_AfoDUYGGSNm_-ehCTeiXSCJSg-x7gL_aury0XNAX-wy1lA&oe=6965FFEA&_nc_sid=65462d,https://www.threads.com/@mn.acien,1767067001.0,False,saepudinsyarif,19.0,False,[],[],https://www.threads.com/@mn.acien/post/DS35EUjknet
,https://www.threads.com/@saepudinsyarif/post/DS3sVRGk4X9/video-golkar-mengusulkan-pilkada-lewat-dprd-bukan-dipilih-langsung-oleh-rakyat-di,mayangsarirainnova,Mayangsari Ade Rainnova,False,Dalam waras,0,0,0,0,,,2025-12-30T03:27:27.000Z,2026-01-09T05:27:46.953060,reply,DS31uLjkkY9,https://scontent-iad3-1.cdninstagram.com/v/t51.2885-19/573819145_17846863488592624_5994875587321339659_n.jpg?stp=dst-jpg_s150x150_tt6&efg=eyJ2ZW5jb2RlX3RhZyI6InByb2ZpbGVfcGljLmRqYW5nby43MjAuYzIifQ&_nc_ht=scontent-iad3-1.cdninstagram.com&_nc_cat=104&_nc_oc=Q6cZ2QGoR6mpqe1cogg8P5yapKQxXEsaztiE6H1faDLu-d3ngblVMj0Btcq0iCVZ2Nd4j7c&_nc_ohc=s2u0G5vdqxAQ7kNvwFj592d&_nc_gid=NI9FCL6nvliFiryyf5Ek1w&edm=APs17CUBAAAA&ccb=7-5&oh=00_AfoenBsK78RXplc4hAPYO61PAI43rHWdNf0MvE-x8x1DUw&oe=69660AB2&_nc_sid=10d13b,https://www.threads.com/@mayangsarirainnova,1767065247.0,False,saepudinsyarif,19.0,False,[],[],https://www.threads.com/@mayangsarirainnova/post/DS31uLjkkY9
DTMZtH2E-ZO,https://www.threads.com/@endang_creart/post/DTMZtH2E-ZO/itu-soal-mekanisme-yg-harus-dibenerin-tapi-bukan-dengan-menghilangkan-pemilihan,endang_creart,Endang Rinasih Pakso Wati,False,"Itu soal mekanisme yg harus dibenerin, tapi bukan dengan menghilangkan pemilihan langsung.",188,217,0,2,0.0,49.0,2026-01-07T03:06:41.000Z,2026-01-09T05:28:45.317298,original_post,,,,,,,,,,,
DTKpjl8k0y9,https://www.threads.com/@dppprojo/post/DTKpjl8k0y9/httpssatunusanewspolitikprojo-setujui-kompromi-pilkada-gubernur-dipilih-dprd-bup,dppprojo,Dewan Pimpinan Pusat PROJO,False,,0,0,0,0,0.0,24.0,2026-01-06T10:46:45.000Z,2026-01-09T05:29:43.605620,original_post,,,,,,,,,,,
DDtzbgQoJFd,https://www.threads.com/@hariankompas/post/DDtzbgQoJFd,hariankompas,Harian Kompas,True,Pemilihan kepala daerah tidak langsung untuk gubernur melalui DPRD dinilai perlu kajian mendalam tanpa mengabaikan prinsip demokrasi. Polhuk AdadiKompas,1,0,0,0,0.0,259.0,2024-12-18T10:04:10.000Z,2026-01-09T05:30:42.119350,original_post,,,,,,,,,,,
DTNUpl8ki5h,https://www.threads.com/@tribunnews/post/DTNUpl8ki5h/ketua-dpp-pdip-deddy-sitorus-mengungkap-adanya-lobi-politik-dari-partai-koalisi,tribunnews,Tribunnews.com,True,"Ketua DPP PDIP Deddy Sitorus mengungkap adanya lobi politik dari partai koalisi pemerintah agar PDIP ikut mendukung usulan Pemilihan Kepala Daerah (Pilkada) melalui DPRD. Usulan ini bukan sekadar wacana, melainkan akan dimasukkan dalam revisi Undang-Undang (UU) Pilkada yang sedang disiapkan DPR RI.",0,0,0,0,0.0,190.0,2026-01-07T11:41:45.000Z,2026-01-09T05:31:40.348628,original_post,,,,,,,,,,,
DTMw8WQgQuA,https://www.threads.com/@dr.hendarasena/post/DTMw8WQgQuA/kalo-dprpd-nya-pinter-pinter-dan-amanah-sih-oke-oke-aja-lha-dprd-nya-mohon-maaf,dr.hendarasena,Henda Rasena,False,kalo dprpd nya pinter pinter dan amanah sih oke oke aja lha dprd nya mohon maaf kualitasnya kurang..,373,170,8,2,0.0,29.0,2026-01-07T06:29:44.000Z,2026-01-09T05:32:36.296996,original_post,,,,,,,,,,,
,https://www.threads.com/@dr.hendarasena/post/DTMw8WQgQuA/kalo-dprpd-nya-pinter-pinter-dan-amanah-sih-oke-oke-aja-lha-dprd-nya-mohon-maaf,serahadiwa,serahadiwa,False,"Wacana ini timbul alasannya untuk mengurangi anggaran alias efisiensi. Tapi kemungkinan ongkos politik pasti tetap mahal untuk melobi elite partai, seperti di awal tahun 2000an dulu. Bedanya lebih tertutup aja. 🫣",28,3,1,0,,,2026-01-06T10:05:30.000Z,2026-01-09T05:32:36.296996,reply,DTKk1xcgb2W,https://scontent-iad3-1.cdninstagram.com/v/t51.2885-19/491468768_1371451997225473_3785385323649244605_n.jpg?stp=dst-jpg_s150x150_tt6&efg=eyJ2ZW5jb2RlX3RhZyI6InByb2ZpbGVfcGljLmRqYW5nby4xMDgwLmMyIn0&_nc_ht=scontent-iad3-1.cdninstagram.com&_nc_cat=101&_nc_oc=Q6cZ2QGUdK5OJRvszrIJ34KOFQCM-GSCskveOT4Wwh2GB3EIPGnPUenTgkl1ME_YWDmZ_ds&_nc_ohc=8YXfJKcx6OMQ7kNvwHPFq3U&_nc_gid=T8apzIn33jC5KId2EZgznA&edm=APs17CUBAAAA&ccb=7-5&oh=00_AfqQxNV7qnG2m1VxbeHWTsh7AobMrPttBn0Ui-ilnVWrbw&oe=696602C8&_nc_sid=10d13b,https://www.threads.com/@serahadiwa,1767693930.0,False,serahadiwa,1.0,False,[],[],https://www.threads.com/@serahadiwa/post/DTKk1xcgb2W
,https://www.threads.com/@dr.hendarasena/post/DTMw8WQgQuA/kalo-dprpd-nya-pinter-pinter-dan-amanah-sih-oke-oke-aja-lha-dprd-nya-mohon-maaf,firmanfma,Firmansyah,False,"Kalo Pilkada lewat DPRD, yang jadi Gubernur DKI Jakarta Ridwan Kamil, bukan Pramono Anung 😌",133,5,5,0,,,2026-01-06T12:06:22.000Z,2026-01-09T05:32:36.296996,reply,DTKyrBdk9hV,https://scontent-iad3-2.cdninstagram.com/v/t51.2885-19/564360635_17842091439599790_1026417782637679493_n.jpg?stp=dst-jpg_s150x150_tt6&efg=eyJ2ZW5jb2RlX3RhZyI6InByb2ZpbGVfcGljLmRqYW5nby4xMDgwLmMyIn0&_nc_ht=scontent-iad3-2.cdninstagram.com&_nc_cat=106&_nc_oc=Q6cZ2QGUdK5OJRvszrIJ34KOFQCM-GSCskveOT4Wwh2GB3EIPGnPUenTgkl1ME_YWDmZ_ds&_nc_ohc=d1WctB1JdT4Q7kNvwEg_Ao5&_nc_gid=T8apzIn33jC5KId2EZgznA&edm=APs17CUBAAAA&ccb=7-5&oh=00_Afp_Sdc7AuxzNAxt7-F0rS5wja5V8NtlSZSmnSFQqoYj6w&oe=6965F1B9&_nc_sid=10d13b,https://www.threads.com/@firmanfma,1767701182.0,False,serahadiwa,19.0,False,[],[],https://www.threads.com/@firmanfma/post/DTKyrBdk9hV
,https://www.threads.com/@dr.hendarasena/post/DTMw8WQgQuA/kalo-dprpd-nya-pinter-pinter-dan-amanah-sih-oke-oke-aja-lha-dprd-nya-mohon-maaf,toko_berkahsejahtera,TokoBerkahSejahtera,False,"Org indo tdk percaya klo yg skrg jd presiden Orde Baru akan berkuasa lagi..awal, militer mulai banyak pegang jab sipil, soeharto jd pahlawan nasional, habis itu kepala daerah dipilih DPRD, trus nnti DPRD pilih tentara atau polisi utk jd kepala daerah, dan setelah sadar semua..akhirnya kita kembali lagi ke jaman sblm 1998..penak jaman ku toh le?..nikmatin setiap prosesnya..oke gas..oke gas..,",7,2,0,0,,,2026-01-07T05:06:14.000Z,2026-01-09T05:32:36.296996,reply,DTMnYuTDyYu,https://scontent-iad3-1.cdninstagram.com/v/t51.2885-19/483966828_530828299621783_4518479183117589187_n.jpg?stp=dst-jpg_s150x150_tt6&efg=eyJ2ZW5jb2RlX3RhZyI6InByb2ZpbGVfcGljLmRqYW5nby41NzYuYzIifQ&_nc_ht=scontent-iad3-1.cdninstagram.com&_nc_cat=107&_nc_oc=Q6cZ2QGUdK5OJRvszrIJ34KOFQCM-GSCskveOT4Wwh2GB3EIPGnPUenTgkl1ME_YWDmZ_ds&_nc_ohc=BFtcb_Jdo_YQ7kNvwFS5ijN&_nc_gid=T8apzIn33jC5KId2EZgznA&edm=APs17CUBAAAA&ccb=7-5&oh=00_Afr9XRU3bvaZf_1NEK-LuZ3GnFuUwX5bdLmuzJgLCe2rog&oe=69660EBB&_nc_sid=10d13b,https://www.threads.com/@toko_berkahsejahtera,1767762374.0,False,serahadiwa,19.0,False,[],[],https://www.threads.com/@toko_berkahsejahtera/post/DTMnYuTDyYu
,https://www.threads.com/@dr.hendarasena/post/DTMw8WQgQuA/kalo-dprpd-nya-pinter-pinter-dan-amanah-sih-oke-oke-aja-lha-dprd-nya-mohon-maaf,nicholasclementino,Nicholas Clementino,False,Lawan. Anak2 98 sdh berdarah melawan orba skrng mau dibikin orba lg. Uang akan berputar di dpr. Siapa yg berani bayar dia akan terpilih. Boong kl efisiensi. Rakyat lg yg akan dikorbankan. Dah waktunya rakyat turun kembali. Sampai kapan kita diam?,52,8,3,0,,,2026-01-06T12:17:00.000Z,2026-01-09T05:32:36.296996,reply,DTKz44qkq7B,https://instagram.fthe19-1.fna.fbcdn.net/v/t51.2885-19/573323465_1219825463302212_7278921664109726296_n.png?stp=dst-jpg_e0_s150x150_tt6&efg=eyJ2ZW5jb2RlX3RhZyI6InByb2ZpbGVfcGljLmRqYW5nby4xNTAuYzIifQ&_nc_ht=instagram.fthe19-1.fna.fbcdn.net&_nc_cat=1&_nc_oc=Q6cZ2QF21JYOcpMCcdU3VceE3tBsOwmCV3wmn8ihaq2qpUaaJ5tw_nI5AD9ES_NIgWtlPbM&_nc_ohc=jFezCB5ZvcgQ7kNvwGsH0rD&_nc_gid=SJ3ppEvBBXoFCHDkGFrxcA&edm=AJ9x6zYBAAAA&ccb=7-5&ig_cache_key=YW5vbnltb3VzX3Byb2ZpbGVfcGlj.3-ccb7-5&oh=00_AfoiVKJnAfW4r4aue3QAUldOX_WGdtBsYqNOKcIvU54-xg&oe=6965FFEA&_nc_sid=65462d,https://www.threads.com/@nicholasclementino,1767701820.0,False,serahadiwa,19.0,False,[],[],https://www.threads.com/@nicholasclementino/post/DTKz44qkq7B
,https://www.threads.com/@dr.hendarasena/post/DTMw8WQgQuA/kalo-dprpd-nya-pinter-pinter-dan-amanah-sih-oke-oke-aja-lha-dprd-nya-mohon-maaf,adjienainggolan,Adjie Nugroho Nainggolan,False,Alasan Gue Masih simpati sama PDI P. Ngga sempurna ... Tapi Masih ada point point yg Masih memihak ke Rakyat Dan berdasarkan konstitusi. Dulu sempet berharap ke PSI eh ternyata...,18,2,0,0,,,2026-01-07T00:31:18.000Z,2026-01-09T05:32:36.296996,reply,DTMH7BSExfn,https://scontent-iad3-1.cdninstagram.com/v/t51.2885-19/499071743_17912359077114595_5414695787384139613_n.jpg?stp=dst-jpg_s150x150_tt6&efg=eyJ2ZW5jb2RlX3RhZyI6InByb2ZpbGVfcGljLmRqYW5nby4xMDgwLmMyIn0&_nc_ht=scontent-iad3-1.cdninstagram.com&_nc_cat=107&_nc_oc=Q6cZ2QGUdK5OJRvszrIJ34KOFQCM-GSCskveOT4Wwh2GB3EIPGnPUenTgkl1ME_YWDmZ_ds&_nc_ohc=-er-yoZApGkQ7kNvwGrT5e6&_nc_gid=T8apzIn33jC5KId2EZgznA&edm=APs17CUBAAAA&ccb=7-5&oh=00_AfpvNwg01KFgyAa8TE08I_0ur8-9LjvnwhxhAgWQdUE81Q&oe=696615C4&_nc_sid=10d13b,https://www.threads.com/@adjienainggolan,1767745878.0,False,serahadiwa,19.0,False,[],[],https://www.threads.com/@adjienainggolan/post/DTMH7BSExfn
,https://www.threads.com/@dr.hendarasena/post/DTMw8WQgQuA/kalo-dprpd-nya-pinter-pinter-dan-amanah-sih-oke-oke-aja-lha-dprd-nya-mohon-maaf,bangpoerslalu,Bang Poer New,True,"Walaupun masih mengkaji tapi hasil akhirnya tetap PKS mendukung pilkada oleh DPRD, mereka hanya nunggu bargaining yg belum deal aja. Jadi komposisinya PDIP (110 kursi) lawan 7 Fraksi (465 kursi) TolakPilkadaOlehDPRD",9,3,1,0,,,2026-01-07T00:55:38.000Z,2026-01-09T05:32:36.296996,reply,DTMKtTbk4nb,https://scontent-iad3-2.cdninstagram.com/v/t51.2885-19/298193977_632359058279705_6454462851162561509_n.jpg?stp=dst-jpg_s150x150_tt6&efg=eyJ2ZW5jb2RlX3RhZyI6InByb2ZpbGVfcGljLmRqYW5nby42NDAuYzIifQ&_nc_ht=scontent-iad3-2.cdninstagram.com&_nc_cat=105&_nc_oc=Q6cZ2QGUdK5OJRvszrIJ34KOFQCM-GSCskveOT4Wwh2GB3EIPGnPUenTgkl1ME_YWDmZ_ds&_nc_ohc=EjtLhJ-zAa4Q7kNvwGcwOJu&_nc_gid=T8apzIn33jC5KId2EZgznA&edm=APs17CUBAAAA&ccb=7-5&oh=00_AfqDvQAHz6GpqhCo7BpyOudpJv6gfOFg8noSJL6U3hX4JA&oe=6965ED32&_nc_sid=10d13b,https://www.threads.com/@bangpoerslalu,1767747338.0,False,serahadiwa,1.0,False,[{'username': 'pk_sejahtera'}],['TolakPilkadaOlehDPRD'],https://www.threads.com/@bangpoerslalu/post/DTMKtTbk4nb
,https://www.threads.com/@dr.hendarasena/post/DTMw8WQgQuA/kalo-dprpd-nya-pinter-pinter-dan-amanah-sih-oke-oke-aja-lha-dprd-nya-mohon-maaf,roys.ok2020,Roys Ok,False,Nah itu...panji sebenar nya di bayar pemerintah buat nyamarin itu..,5,2,0,0,,,2026-01-06T14:30:13.000Z,2026-01-09T05:32:36.296996,reply,DTLDIirkwGG,https://scontent-iad3-1.cdninstagram.com/v/t51.2885-19/521343983_18063952403334344_6936495358645774863_n.jpg?stp=dst-jpg_s150x150_tt6&efg=eyJ2ZW5jb2RlX3RhZyI6InByb2ZpbGVfcGljLmRqYW5nby4xMDgwLmMyIn0&_nc_ht=scontent-iad3-1.cdninstagram.com&_nc_cat=108&_nc_oc=Q6cZ2QGUdK5OJRvszrIJ34KOFQCM-GSCskveOT4Wwh2GB3EIPGnPUenTgkl1ME_YWDmZ_ds&_nc_ohc=xkiYpIhlTH0Q7kNvwGt_7hz&_nc_gid=T8apzIn33jC5KId2EZgznA&edm=APs17CUBAAAA&ccb=7-5&oh=00_AfrwHjbpQ9vNvEPiBiu56wB-9seCs6oekxn_3d5puGkilA&oe=6965EDE7&_nc_sid=10d13b,https://www.threads.com/@roys.ok2020,1767709813.0,False,serahadiwa,19.0,False,[],[],https://www.threads.com/@roys.ok2020/post/DTLDIirkwGG
,https://www.threads.com/@dr.hendarasena/post/DTMw8WQgQuA/kalo-dprpd-nya-pinter-pinter-dan-amanah-sih-oke-oke-aja-lha-dprd-nya-mohon-maaf,scandraventure,Sianti Candra,False,Ini operasi senyap yah... 🤔,3,1,0,0,,,2026-01-06T20:07:04.000Z,2026-01-09T05:32:36.296996,reply,DTLprzWE6Xa,https://scontent-iad3-1.cdninstagram.com/v/t51.2885-19/358504271_295808969773430_8234101561848512299_n.jpg?stp=dst-jpg_s150x150_tt6&efg=eyJ2ZW5jb2RlX3RhZyI6InByb2ZpbGVfcGljLmRqYW5nby4xMDgwLmMyIn0&_nc_ht=scontent-iad3-1.cdninstagram.com&_nc_cat=102&_nc_oc=Q6cZ2QGUdK5OJRvszrIJ34KOFQCM-GSCskveOT4Wwh2GB3EIPGnPUenTgkl1ME_YWDmZ_ds&_nc_ohc=hhUCfF5BPaEQ7kNvwGgvhq0&_nc_gid=T8apzIn33jC5KId2EZgznA&edm=APs17CUBAAAA&ccb=7-5&oh=00_AfqnHUluvRcywQu25xAd0bQsZLtd6I_itiN_hQu_rOPGyw&oe=6965F0D9&_nc_sid=10d13b,https://www.threads.com/@scandraventure,1767730024.0,False,serahadiwa,19.0,False,[],[],https://www.threads.com/@scandraventure/post/DTLprzWE6Xa
,https://www.threads.com/@dr.hendarasena/post/DTMw8WQgQuA/kalo-dprpd-nya-pinter-pinter-dan-amanah-sih-oke-oke-aja-lha-dprd-nya-mohon-maaf,dkoes7,d'koes,False,"Setuju tidak ada pemilu, anggaran pemilu akan jauh lebih bermanfaat untuk menghidupkan roda ekonomi, pemilu boleh saja ada, semua calon wakil rakyat harus INDEPENDEN, tanpa campur tangan partai... Rusak sudah negeri ini oleh partai..",3,2,0,0,,,2026-01-06T14:22:53.000Z,2026-01-09T05:32:36.296996,reply,DTLCS0yD9PI,https://scontent-iad3-1.cdninstagram.com/v/t51.2885-19/461615010_2295875820778845_5570938622816765363_n.jpg?stp=dst-jpg_s150x150_tt6&efg=eyJ2ZW5jb2RlX3RhZyI6InByb2ZpbGVfcGljLmRqYW5nby4xMDgwLmMyIn0&_nc_ht=scontent-iad3-1.cdninstagram.com&_nc_cat=109&_nc_oc=Q6cZ2QGUdK5OJRvszrIJ34KOFQCM-GSCskveOT4Wwh2GB3EIPGnPUenTgkl1ME_YWDmZ_ds&_nc_ohc=7qIUgNGurGQQ7kNvwFpu8q5&_nc_gid=T8apzIn33jC5KId2EZgznA&edm=APs17CUBAAAA&ccb=7-5&oh=00_AfoJXsKeW5j5d7Y7-uMzByjE0ImTzN1UkJ6B5ygykNftUg&oe=6965F756&_nc_sid=10d13b,https://www.threads.com/@dkoes7,1767709373.0,False,serahadiwa,19.0,False,[],[],https://www.threads.com/@dkoes7/post/DTLCS0yD9PI
,https://www.threads.com/@dr.hendarasena/post/DTMw8WQgQuA/kalo-dprpd-nya-pinter-pinter-dan-amanah-sih-oke-oke-aja-lha-dprd-nya-mohon-maaf,david.suwardi,dsw,False,Karena dprd diisi partai pemenang dan saat ini pdip ga jadi pemenang. Semua partai sama saja mikirinnya kepentingan partai dikemas dgn embel2 demi rakyat.,5,2,0,0,,,2026-01-06T12:15:36.000Z,2026-01-09T05:32:36.296996,reply,DTKzuoYkWs9,https://instagram.fthe19-1.fna.fbcdn.net/v/t51.2885-19/573323465_1219825463302212_7278921664109726296_n.png?stp=dst-jpg_e0_s150x150_tt6&efg=eyJ2ZW5jb2RlX3RhZyI6InByb2ZpbGVfcGljLmRqYW5nby4xNTAuYzIifQ&_nc_ht=instagram.fthe19-1.fna.fbcdn.net&_nc_cat=1&_nc_oc=Q6cZ2QF21JYOcpMCcdU3VceE3tBsOwmCV3wmn8ihaq2qpUaaJ5tw_nI5AD9ES_NIgWtlPbM&_nc_ohc=jFezCB5ZvcgQ7kNvwGsH0rD&_nc_gid=SJ3ppEvBBXoFCHDkGFrxcA&edm=AJ9x6zYBAAAA&ccb=7-5&ig_cache_key=YW5vbnltb3VzX3Byb2ZpbGVfcGlj.3-ccb7-5&oh=00_AfoiVKJnAfW4r4aue3QAUldOX_WGdtBsYqNOKcIvU54-xg&oe=6965FFEA&_nc_sid=65462d,https://www.threads.com/@david.suwardi,1767701736.0,False,serahadiwa,19.0,False,[],[],https://www.threads.com/@david.suwardi/post/DTKzuoYkWs9
,https://www.threads.com/@dr.hendarasena/post/DTMw8WQgQuA/kalo-dprpd-nya-pinter-pinter-dan-amanah-sih-oke-oke-aja-lha-dprd-nya-mohon-maaf,darkiemakassar,darkiemakassar,False,"Siapa tidak kenal gaya berpolitik nya Bapa dan anak 11-12 MENCLA MENCLE .... Makanya Partai ini tidak akan kemana-mana dan perhitungan saya,P Demokrat akan dikalahkan oleh",4,0,0,0,,,2026-01-06T13:03:27.000Z,2026-01-09T05:32:36.296996,reply,DTK5NDskhKB,https://scontent-iad3-2.cdninstagram.com/v/t51.2885-19/359749017_1431302184387051_5228193167685888607_n.jpg?stp=dst-jpg_s150x150_tt6&efg=eyJ2ZW5jb2RlX3RhZyI6InByb2ZpbGVfcGljLmRqYW5nby40NjEuYzIifQ&_nc_ht=scontent-iad3-2.cdninstagram.com&_nc_cat=103&_nc_oc=Q6cZ2QGUdK5OJRvszrIJ34KOFQCM-GSCskveOT4Wwh2GB3EIPGnPUenTgkl1ME_YWDmZ_ds&_nc_ohc=Z2rdViZ3m9QQ7kNvwFFdk6n&_nc_gid=T8apzIn33jC5KId2EZgznA&edm=APs17CUBAAAA&ccb=7-5&oh=00_AfpuXbhvhyrE3J3Wtil_ijj6BimQHuUdAxTB65U4T-iUTA&oe=69660484&_nc_sid=10d13b,https://www.threads.com/@darkiemakassar,1767704607.0,False,serahadiwa,19.0,False,"[{'username': 'pdemokrat'}, {'username': 'psi_id'}]",[],https://www.threads.com/@darkiemakassar/post/DTK5NDskhKB
,https://www.threads.com/@dr.hendarasena/post/DTMw8WQgQuA/kalo-dprpd-nya-pinter-pinter-dan-amanah-sih-oke-oke-aja-lha-dprd-nya-mohon-maaf,pratindah,Indah Pratiwi,False,Gak ada yg mau demo apanih?,0,0,0,0,,,2026-01-07T05:03:00.000Z,2026-01-09T05:32:36.296996,reply,DTMnBG6k3YF,https://scontent-iad3-2.cdninstagram.com/v/t51.2885-19/611201800_17936760957114258_4253213750543384647_n.jpg?stp=dst-jpg_s150x150_tt6&efg=eyJ2ZW5jb2RlX3RhZyI6InByb2ZpbGVfcGljLmRqYW5nby44MjguYzIifQ&_nc_ht=scontent-iad3-2.cdninstagram.com&_nc_cat=106&_nc_oc=Q6cZ2QGUdK5OJRvszrIJ34KOFQCM-GSCskveOT4Wwh2GB3EIPGnPUenTgkl1ME_YWDmZ_ds&_nc_ohc=XlM2oIj-oP8Q7kNvwFQl08l&_nc_gid=T8apzIn33jC5KId2EZgznA&edm=APs17CUBAAAA&ccb=7-5&oh=00_Afoi-nHoDnnzF9PSFcXdA7VIZHsjGydTEB5O9D8_WGB08A&oe=69660BFA&_nc_sid=10d13b,https://www.threads.com/@pratindah,1767762180.0,False,serahadiwa,19.0,False,[],[],https://www.threads.com/@pratindah/post/DTMnBG6k3YF
,https://www.threads.com/@dr.hendarasena/post/DTMw8WQgQuA/kalo-dprpd-nya-pinter-pinter-dan-amanah-sih-oke-oke-aja-lha-dprd-nya-mohon-maaf,iraagg96,Agung Irawan,False,"Alasan berhemat, sejatinya hanya bagi2 kekuasaan.... Kalau mau hemat, yg di ubah teknis pemilu nya, cari formula yg tepat, tapi ah sudahlah...",22,0,0,0,,,2026-01-06T12:29:25.000Z,2026-01-09T05:32:36.296996,reply,DTK1TxikygQ,https://scontent-iad3-2.cdninstagram.com/v/t51.2885-19/514537024_18389982394140707_6567055335042133375_n.jpg?stp=dst-jpg_s150x150_tt6&efg=eyJ2ZW5jb2RlX3RhZyI6InByb2ZpbGVfcGljLmRqYW5nby45NjAuYzIifQ&_nc_ht=scontent-iad3-2.cdninstagram.com&_nc_cat=111&_nc_oc=Q6cZ2QGUdK5OJRvszrIJ34KOFQCM-GSCskveOT4Wwh2GB3EIPGnPUenTgkl1ME_YWDmZ_ds&_nc_ohc=tAWL0k6hzVoQ7kNvwG-Pfao&_nc_gid=T8apzIn33jC5KId2EZgznA&edm=APs17CUBAAAA&ccb=7-5&oh=00_AfpkhwZFDPXsm8Q3veoPmx2awCgWTMk7o6kKfeNRKA3uvg&oe=69661DB3&_nc_sid=10d13b,https://www.threads.com/@iraagg96,1767702565.0,False,serahadiwa,19.0,False,[],[],https://www.threads.com/@iraagg96/post/DTK1TxikygQ
,https://www.threads.com/@dr.hendarasena/post/DTMw8WQgQuA/kalo-dprpd-nya-pinter-pinter-dan-amanah-sih-oke-oke-aja-lha-dprd-nya-mohon-maaf,kenjiwaindonesia,Fatoni Khoirul Fatoni,False,Neo orba,0,1,0,0,,,2026-01-06T23:47:53.000Z,2026-01-09T05:32:36.296996,reply,DTMC9BaE125,https://scontent-iad3-2.cdninstagram.com/v/t51.2885-19/358191033_796690012054866_7322617525028110459_n.jpg?stp=dst-jpg_s150x150_tt6&efg=eyJ2ZW5jb2RlX3RhZyI6InByb2ZpbGVfcGljLmRqYW5nby40MDAuYzIifQ&_nc_ht=scontent-iad3-2.cdninstagram.com&_nc_cat=106&_nc_oc=Q6cZ2QGUdK5OJRvszrIJ34KOFQCM-GSCskveOT4Wwh2GB3EIPGnPUenTgkl1ME_YWDmZ_ds&_nc_ohc=y6qYkbEfj9EQ7kNvwFTUYQJ&_nc_gid=T8apzIn33jC5KId2EZgznA&edm=APs17CUBAAAA&ccb=7-5&oh=00_AfprVhU3bG08JKYuIQmosjUk7xNhy9DuED-ZZ83KbXQODQ&oe=69661A1C&_nc_sid=10d13b,https://www.threads.com/@kenjiwaindonesia,1767743273.0,False,serahadiwa,19.0,False,[],[],https://www.threads.com/@kenjiwaindonesia/post/DTMC9BaE125
,https://www.threads.com/@dr.hendarasena/post/DTMw8WQgQuA/kalo-dprpd-nya-pinter-pinter-dan-amanah-sih-oke-oke-aja-lha-dprd-nya-mohon-maaf,michael.octavianus,Michael Octavianus Depari,False,"Sedih sih, dipilih sama rakyat, rakyatnya diabaikan, apalagi gak dipilih rakyat, makin gak peduli toh, karena kepentingan mereka bukan lagi di rakyat",1,0,0,0,,,2026-01-07T08:45:07.000Z,2026-01-09T05:32:36.296996,reply,DTNAb7JEcka,https://scontent-iad3-1.cdninstagram.com/v/t51.2885-19/489762858_1021718549359732_7428680206777031846_n.jpg?stp=dst-jpg_s150x150_tt6&efg=eyJ2ZW5jb2RlX3RhZyI6InByb2ZpbGVfcGljLmRqYW5nby4xMDgwLmMyIn0&_nc_ht=scontent-iad3-1.cdninstagram.com&_nc_cat=104&_nc_oc=Q6cZ2QGUdK5OJRvszrIJ34KOFQCM-GSCskveOT4Wwh2GB3EIPGnPUenTgkl1ME_YWDmZ_ds&_nc_ohc=R1_vklNAtAAQ7kNvwEJNchC&_nc_gid=T8apzIn33jC5KId2EZgznA&edm=APs17CUBAAAA&ccb=7-5&oh=00_AfpKfchTOIv2xDmb1YwJGfaLoYGm44FBf9GLE0BuvkG-qg&oe=6965FFD4&_nc_sid=10d13b,https://www.threads.com/@michael.octavianus,1767775507.0,False,serahadiwa,19.0,False,[],[],https://www.threads.com/@michael.octavianus/post/DTNAb7JEcka
,https://www.threads.com/@dr.hendarasena/post/DTMw8WQgQuA/kalo-dprpd-nya-pinter-pinter-dan-amanah-sih-oke-oke-aja-lha-dprd-nya-mohon-maaf,david.sebastian74,David,False,"Setahu saya wacana gubenur dipilih oleh DPRD sdh ada sjk jaman pak SBY meski kemudian digagalkan.Gua sih setuju sebagian. Alasannya, Gubenur adalah tangan pemerintah pusat di daerah kecuali untuk daerah dng status khusus (Jakarta,Aceh,Jogja),tugasnya mengawasi proyek pusat di daerah jd ya lbh baik diserahkan ke pemerintah/DPRD sedang untuk kepala daerah (walikota/bupati) baru diadakan pilkada krn dia wakil rakyat daerah.",0,0,0,0,,,2026-01-07T07:28:29.000Z,2026-01-09T05:32:36.296996,reply,DTM3qi7E6qU,https://scontent-iad3-2.cdninstagram.com/v/t51.2885-19/473045788_1320738136009371_7472531873081172728_n.jpg?stp=dst-jpg_s150x150_tt6&efg=eyJ2ZW5jb2RlX3RhZyI6InByb2ZpbGVfcGljLmRqYW5nby43MjAuYzIifQ&_nc_ht=scontent-iad3-2.cdninstagram.com&_nc_cat=103&_nc_oc=Q6cZ2QGUdK5OJRvszrIJ34KOFQCM-GSCskveOT4Wwh2GB3EIPGnPUenTgkl1ME_YWDmZ_ds&_nc_ohc=vruH35R5VC0Q7kNvwHib1YB&_nc_gid=T8apzIn33jC5KId2EZgznA&edm=APs17CUBAAAA&ccb=7-5&oh=00_AfriOB0IGkq2RgLlaGSteVY_s5Ar6u5ZQ_1W4mmqHt5Bnw&oe=6965EC01&_nc_sid=10d13b,https://www.threads.com/@david.sebastian74,1767770909.0,False,serahadiwa,19.0,False,[],[],https://www.threads.com/@david.sebastian74/post/DTM3qi7E6qU
,https://www.threads.com/@dr.hendarasena/post/DTMw8WQgQuA/kalo-dprpd-nya-pinter-pinter-dan-amanah-sih-oke-oke-aja-lha-dprd-nya-mohon-maaf,gw9917266,Gunawan Wibisono,False,"DPRD Merasa iri dgn rakyat,setiap pilkada rakyat bisa dapat cuan dari calon pesrta pilkada. Kalaupun ada cuan yg masuk,itu akan masuk ke parpolnya. Kalau akhirnya DPRD yg memilih, setiap anggota DPRD pasti berharap dapat cuan langsung dari calon.",5,1,0,0,,,2026-01-06T12:46:31.000Z,2026-01-09T05:32:36.296996,reply,DTK3RBnEr5-,https://scontent-iad3-1.cdninstagram.com/v/t51.2885-19/481432793_1708775720078041_7717429170529428170_n.jpg?stp=dst-jpg_s150x150_tt6&efg=eyJ2ZW5jb2RlX3RhZyI6InByb2ZpbGVfcGljLmRqYW5nby43MjAuYzIifQ&_nc_ht=scontent-iad3-1.cdninstagram.com&_nc_cat=101&_nc_oc=Q6cZ2QGUdK5OJRvszrIJ34KOFQCM-GSCskveOT4Wwh2GB3EIPGnPUenTgkl1ME_YWDmZ_ds&_nc_ohc=rE6CYnsU7AQQ7kNvwGXvptH&_nc_gid=T8apzIn33jC5KId2EZgznA&edm=APs17CUBAAAA&ccb=7-5&oh=00_Afrv8Z0Vk9kC2-Y7zY6vdyFh0c-tMCWiYcVY9jOUAprhVg&oe=6965F3EC&_nc_sid=10d13b,https://www.threads.com/@gw9917266,1767703591.0,False,serahadiwa,19.0,False,[],[],https://www.threads.com/@gw9917266/post/DTK3RBnEr5-
,https://www.threads.com/@dr.hendarasena/post/DTMw8WQgQuA/kalo-dprpd-nya-pinter-pinter-dan-amanah-sih-oke-oke-aja-lha-dprd-nya-mohon-maaf,mutia_rahman,Mutia Rahman,False,Welcome orba jilid 2 😌,2,0,0,0,,,2026-01-06T17:59:24.000Z,2026-01-09T05:32:36.296996,reply,DTLbEp4EgzV,https://scontent-iad3-2.cdninstagram.com/v/t51.2885-19/452326679_3799861676969885_2391183375356210289_n.jpg?stp=dst-jpg_s150x150_tt6&efg=eyJ2ZW5jb2RlX3RhZyI6InByb2ZpbGVfcGljLmRqYW5nby43MzYuYzIifQ&_nc_ht=scontent-iad3-2.cdninstagram.com&_nc_cat=105&_nc_oc=Q6cZ2QGUdK5OJRvszrIJ34KOFQCM-GSCskveOT4Wwh2GB3EIPGnPUenTgkl1ME_YWDmZ_ds&_nc_ohc=Yag0F9NBbQAQ7kNvwF32nTp&_nc_gid=T8apzIn33jC5KId2EZgznA&edm=APs17CUBAAAA&ccb=7-5&oh=00_Afo9Wou0nhGV8UIbTSVb8yfMAetOliePCkjOtOZNRIZRSg&oe=696605B1&_nc_sid=10d13b,https://www.threads.com/@mutia_rahman,1767722364.0,False,serahadiwa,19.0,False,[],[],https://www.threads.com/@mutia_rahman/post/DTLbEp4EgzV
,https://www.threads.com/@dr.hendarasena/post/DTMw8WQgQuA/kalo-dprpd-nya-pinter-pinter-dan-amanah-sih-oke-oke-aja-lha-dprd-nya-mohon-maaf,thanel11,Thanel,False,"lah anggota2 dprd aja dianggap ga mewakili rakyat kok, malah mrk disuruh milih pemimpin daerah.. makin ngawur aja 🤭",8,0,0,0,,,2026-01-06T13:20:36.000Z,2026-01-09T05:32:36.296996,reply,DTK7Ku_EVIv,https://scontent-iad3-2.cdninstagram.com/v/t51.2885-19/357858317_620241270092874_4361936261041375779_n.jpg?stp=dst-jpg_s150x150_tt6&efg=eyJ2ZW5jb2RlX3RhZyI6InByb2ZpbGVfcGljLmRqYW5nby4xMDgwLmMyIn0&_nc_ht=scontent-iad3-2.cdninstagram.com&_nc_cat=106&_nc_oc=Q6cZ2QGUdK5OJRvszrIJ34KOFQCM-GSCskveOT4Wwh2GB3EIPGnPUenTgkl1ME_YWDmZ_ds&_nc_ohc=IVnnICpZ6UQQ7kNvwGAyVzv&_nc_gid=T8apzIn33jC5KId2EZgznA&edm=APs17CUBAAAA&ccb=7-5&oh=00_Afqf3y26IgS6V3FZZnFwnQUAFllwECUq9Uks48_1euwYzA&oe=69660561&_nc_sid=10d13b,https://www.threads.com/@thanel11,1767705636.0,False,serahadiwa,19.0,False,[],[],https://www.threads.com/@thanel11/post/DTK7Ku_EVIv
,https://www.threads.com/@dr.hendarasena/post/DTMw8WQgQuA/kalo-dprpd-nya-pinter-pinter-dan-amanah-sih-oke-oke-aja-lha-dprd-nya-mohon-maaf,ymuzjjjj,Yusny Muzakki,False,Rakyat??,0,0,0,0,,,2026-01-07T08:18:21.000Z,2026-01-09T05:32:36.296996,reply,DTM9X4OATft,https://instagram.fthe19-1.fna.fbcdn.net/v/t51.2885-19/573323465_1219825463302212_7278921664109726296_n.png?stp=dst-jpg_e0_s150x150_tt6&efg=eyJ2ZW5jb2RlX3RhZyI6InByb2ZpbGVfcGljLmRqYW5nby4xNTAuYzIifQ&_nc_ht=instagram.fthe19-1.fna.fbcdn.net&_nc_cat=1&_nc_oc=Q6cZ2QF21JYOcpMCcdU3VceE3tBsOwmCV3wmn8ihaq2qpUaaJ5tw_nI5AD9ES_NIgWtlPbM&_nc_ohc=jFezCB5ZvcgQ7kNvwGsH0rD&_nc_gid=SJ3ppEvBBXoFCHDkGFrxcA&edm=AJ9x6zYBAAAA&ccb=7-5&ig_cache_key=YW5vbnltb3VzX3Byb2ZpbGVfcGlj.3-ccb7-5&oh=00_AfoiVKJnAfW4r4aue3QAUldOX_WGdtBsYqNOKcIvU54-xg&oe=6965FFEA&_nc_sid=65462d,https://www.threads.com/@ymuzjjjj,1767773901.0,False,serahadiwa,19.0,False,[],[],https://www.threads.com/@ymuzjjjj/post/DTM9X4OATft
,https://www.threads.com/@dr.hendarasena/post/DTMw8WQgQuA/kalo-dprpd-nya-pinter-pinter-dan-amanah-sih-oke-oke-aja-lha-dprd-nya-mohon-maaf,ekopriianto,Eko Budi Prianto,False,"Nggk,, Alasan Udah Gila itu Partai Partai,, cuma gara2 pengen Efisien Hak Rakyat jadi Korban,,, padahal yg bikin biaya tinggi mereka2 juga partai dan para calon, rakyat dibego2in pake duit biar kepilih giliran kalah ngamook nyalahin rakyat.",1,0,0,0,,,2026-01-07T01:54:35.000Z,2026-01-09T05:32:36.296996,reply,DTMRdFwkumS,https://scontent-iad3-1.cdninstagram.com/v/t51.2885-19/455703449_1290753718759570_8589150391144308760_n.jpg?stp=dst-jpg_s150x150_tt6&efg=eyJ2ZW5jb2RlX3RhZyI6InByb2ZpbGVfcGljLmRqYW5nby43MjIuYzIifQ&_nc_ht=scontent-iad3-1.cdninstagram.com&_nc_cat=110&_nc_oc=Q6cZ2QGUdK5OJRvszrIJ34KOFQCM-GSCskveOT4Wwh2GB3EIPGnPUenTgkl1ME_YWDmZ_ds&_nc_ohc=iF1uOr9PO84Q7kNvwFRoz-R&_nc_gid=T8apzIn33jC5KId2EZgznA&edm=APs17CUBAAAA&ccb=7-5&oh=00_AfoVO2665LYjZlB9OCqQ81a7uroCCgiGoLEq089Ee86z2A&oe=6965F4A6&_nc_sid=10d13b,https://www.threads.com/@ekopriianto,1767750875.0,False,serahadiwa,19.0,False,[],[],https://www.threads.com/@ekopriianto/post/DTMRdFwkumS
,https://www.threads.com/@dr.hendarasena/post/DTMw8WQgQuA/kalo-dprpd-nya-pinter-pinter-dan-amanah-sih-oke-oke-aja-lha-dprd-nya-mohon-maaf,jaton.tri,Jaton Tri,False,"PDIP nolak karena mereka bisa kalah telak jika ini terjadi, karena target PDIP selalu pucuk, kalau sampai ini terjadi PDIP mau ga mau harus tunduk dan masuk koalisi Prabowo",2,0,0,0,,,2026-01-07T02:55:50.000Z,2026-01-09T05:32:36.296996,reply,DTMYdpbElue,https://instagram.fthe19-1.fna.fbcdn.net/v/t51.2885-19/573323465_1219825463302212_7278921664109726296_n.png?stp=dst-jpg_e0_s150x150_tt6&efg=eyJ2ZW5jb2RlX3RhZyI6InByb2ZpbGVfcGljLmRqYW5nby4xNTAuYzIifQ&_nc_ht=instagram.fthe19-1.fna.fbcdn.net&_nc_cat=1&_nc_oc=Q6cZ2QF21JYOcpMCcdU3VceE3tBsOwmCV3wmn8ihaq2qpUaaJ5tw_nI5AD9ES_NIgWtlPbM&_nc_ohc=jFezCB5ZvcgQ7kNvwGsH0rD&_nc_gid=SJ3ppEvBBXoFCHDkGFrxcA&edm=AJ9x6zYBAAAA&ccb=7-5&ig_cache_key=YW5vbnltb3VzX3Byb2ZpbGVfcGlj.3-ccb7-5&oh=00_AfoiVKJnAfW4r4aue3QAUldOX_WGdtBsYqNOKcIvU54-xg&oe=6965FFEA&_nc_sid=65462d,https://www.threads.com/@jaton.tri,1767754550.0,False,serahadiwa,19.0,False,[],[],https://www.threads.com/@jaton.tri/post/DTMYdpbElue
,https://www.threads.com/@dr.hendarasena/post/DTMw8WQgQuA/kalo-dprpd-nya-pinter-pinter-dan-amanah-sih-oke-oke-aja-lha-dprd-nya-mohon-maaf,tojil,Rifqi Ichsan Nuraziizi,False,"Sebelumnya saya setuju, biar rakyat ngga capek capek diaduk aduk Mulu buat kepentingan mereka. Tapi kalo melihat keadaan akhir akhir ini, kok mengenaskan",0,0,0,0,,,2026-01-07T00:32:48.000Z,2026-01-09T05:32:36.296996,reply,DTMIGArEzGy,https://scontent-iad3-1.cdninstagram.com/v/t51.2885-19/453924137_1486845165281817_3325631847236986222_n.jpg?stp=dst-jpg_s150x150_tt6&efg=eyJ2ZW5jb2RlX3RhZyI6InByb2ZpbGVfcGljLmRqYW5nby4xMDgwLmMyIn0&_nc_ht=scontent-iad3-1.cdninstagram.com&_nc_cat=109&_nc_oc=Q6cZ2QGUdK5OJRvszrIJ34KOFQCM-GSCskveOT4Wwh2GB3EIPGnPUenTgkl1ME_YWDmZ_ds&_nc_ohc=G5WUyhCCHYIQ7kNvwFGj_eW&_nc_gid=T8apzIn33jC5KId2EZgznA&edm=APs17CUBAAAA&ccb=7-5&oh=00_AfoP8vpEm5Of51eG2jeuYCyXNMStNqUFTWv-mHcKBorSCA&oe=696603A8&_nc_sid=10d13b,https://www.threads.com/@tojil,1767745968.0,False,serahadiwa,19.0,False,[],[],https://www.threads.com/@tojil/post/DTMIGArEzGy
DTFZAqDEmnp,https://www.threads.com/@tomiluqmanhakimxxiv/post/DTFZAqDEmnp/setuju,tomiluqmanhakimxxiv,Tomi Luqman Hakim,False,Setuju 🔥🔥🔥,641,148,22,1,0.0,32.0,2026-01-04T09:45:56.000Z,2026-01-09T05:33:33.241836,original_post,,,,,,,,,,,
,https://www.threads.com/@tomiluqmanhakimxxiv/post/DTFZAqDEmnp/setuju,aldii5909,Aldi Dinata,False,"Saya pikir PDI-P partai yg buruk saat berkuasa, ternyata GERINDRA lebih buruk lebih busuk saat berkuasa.",123,4,0,0,,,2026-01-02T14:02:53.000Z,2026-01-09T05:33:33.241836,reply,DTAs09SEQvP,https://scontent-iad3-1.cdninstagram.com/v/t51.2885-19/485889512_1381478072989072_7760913960381197961_n.jpg?stp=dst-jpg_s150x150_tt6&efg=eyJ2ZW5jb2RlX3RhZyI6InByb2ZpbGVfcGljLmRqYW5nby4xMDgwLmMyIn0&_nc_ht=scontent-iad3-1.cdninstagram.com&_nc_cat=104&_nc_oc=Q6cZ2QH9Pte6_ZXEcn3xqTl2xG3GrvKAfcyAHSzwtrkUB3ARkPrCLse6-9Clcwipa3Iwxbk&_nc_ohc=tKkrpydSPGwQ7kNvwG2MUCA&_nc_gid=RXjygqL9lwjzqU47_O0Ewg&edm=APs17CUBAAAA&ccb=7-5&oh=00_AfrvM9ns7tf_GHaWyD1cbCtKydeImbELAb1rNu5OQdvi1g&oe=69660474&_nc_sid=10d13b,https://www.threads.com/@aldii5909,1767362573.0,False,voxantaranews,19.0,False,[],[],https://www.threads.com/@aldii5909/post/DTAs09SEQvP
,https://www.threads.com/@tomiluqmanhakimxxiv/post/DTFZAqDEmnp/setuju,kobat_antagonis,Kobat Antagonis,False,"Pemilu seharusnya hanya untuk memilih perwakilan rakyat di legislatif, selanjut nya legislatif memilih kepala daerah sampai Presiden. Itu baru selaras dgn Pancasila ke. 4 ,hemat anggaran, demokrasi searah dan terkontrol. Lagian ngapain rakyat harus memilih semua seperti gado2 ? Demokrasi jadi blunder,rakyat hilang arah mo nuntut ke mana. Akhir nya rakyat ditinggalkan dan mereka semua hanya mengatasnamakan rakyat .",25,10,0,0,,,2026-01-02T16:52:14.000Z,2026-01-09T05:33:33.241836,reply,DTBANM4k3hR,https://scontent-iad3-2.cdninstagram.com/v/t51.2885-19/396863771_1429269621292289_7325353887137392670_n.jpg?stp=dst-jpg_s150x150_tt6&efg=eyJ2ZW5jb2RlX3RhZyI6InByb2ZpbGVfcGljLmRqYW5nby4xMDgwLmMyIn0&_nc_ht=scontent-iad3-2.cdninstagram.com&_nc_cat=105&_nc_oc=Q6cZ2QH9Pte6_ZXEcn3xqTl2xG3GrvKAfcyAHSzwtrkUB3ARkPrCLse6-9Clcwipa3Iwxbk&_nc_ohc=laQ7ZNMTWZQQ7kNvwGUR2Xn&_nc_gid=RXjygqL9lwjzqU47_O0Ewg&edm=APs17CUBAAAA&ccb=7-5&oh=00_Afo_5uJvrKhi-pYuFEugPAINsH0SDeIpT8JSb04cVOc4fg&oe=69660A25&_nc_sid=10d13b,https://www.threads.com/@kobat_antagonis,1767372734.0,False,voxantaranews,19.0,False,[],[],https://www.threads.com/@kobat_antagonis/post/DTBANM4k3hR
,https://www.threads.com/@tomiluqmanhakimxxiv/post/DTFZAqDEmnp/setuju,dido_mainake,Dido Mainake,False,"Iya.. sekaligus dengan Anggota DPR,, tidak boleh dari pengusaha,, mau jadi anggota DPR harus di tes selayaknya ASN",1,0,0,0,,,2026-01-03T12:22:19.000Z,2026-01-09T05:33:33.241836,reply,DTDGHJOkp8K,https://scontent-iad3-2.cdninstagram.com/v/t51.2885-19/468226372_2255041438206051_5886318328588009972_n.jpg?stp=dst-jpg_s150x150_tt6&efg=eyJ2ZW5jb2RlX3RhZyI6InByb2ZpbGVfcGljLmRqYW5nby40ODAuYzIifQ&_nc_ht=scontent-iad3-2.cdninstagram.com&_nc_cat=103&_nc_oc=Q6cZ2QH9Pte6_ZXEcn3xqTl2xG3GrvKAfcyAHSzwtrkUB3ARkPrCLse6-9Clcwipa3Iwxbk&_nc_ohc=CmYqpjgC328Q7kNvwH-peKS&_nc_gid=RXjygqL9lwjzqU47_O0Ewg&edm=APs17CUBAAAA&ccb=7-5&oh=00_AfprX5nLygasUXd2mhpcfcRIa16sL_rQ5cqaMVgqRUQAYA&oe=6965E9C9&_nc_sid=10d13b,https://www.threads.com/@dido_mainake,1767442939.0,False,voxantaranews,19.0,False,[],[],https://www.threads.com/@dido_mainake/post/DTDGHJOkp8K
,https://www.threads.com/@tomiluqmanhakimxxiv/post/DTFZAqDEmnp/setuju,kendikristofol,ibrahim,False,Setuju,0,0,0,0,,,2026-01-03T08:31:11.000Z,2026-01-09T05:33:33.241836,reply,DTCrqRXgS5a,https://scontent-iad3-1.cdninstagram.com/v/t51.2885-19/466620589_1498496644192885_7007687274043106408_n.jpg?stp=dst-jpg_s150x150_tt6&efg=eyJ2ZW5jb2RlX3RhZyI6InByb2ZpbGVfcGljLmRqYW5nby4xMDgwLmMyIn0&_nc_ht=scontent-iad3-1.cdninstagram.com&_nc_cat=101&_nc_oc=Q6cZ2QH9Pte6_ZXEcn3xqTl2xG3GrvKAfcyAHSzwtrkUB3ARkPrCLse6-9Clcwipa3Iwxbk&_nc_ohc=bepwhaQXINoQ7kNvwF4fLb9&_nc_gid=RXjygqL9lwjzqU47_O0Ewg&edm=APs17CUBAAAA&ccb=7-5&oh=00_Afo3bwb35wKN0yKxAjO_yMJVC063Xzc8Pv_jw2UUid4Aig&oe=696612FD&_nc_sid=10d13b,https://www.threads.com/@kendikristofol,1767429071.0,False,voxantaranews,19.0,False,[],[],https://www.threads.com/@kendikristofol/post/DTCrqRXgS5a
,https://www.threads.com/@tomiluqmanhakimxxiv/post/DTFZAqDEmnp/setuju,sanimsantono,Anton Pino,False,"KALAU SAYA SETUJU ""PEMILIHAN KEPALA DAERAH DIPILIH OLEH ANGGOTA DPRD PROVINSI/ DPRD JABUPATEN, ALASAN; 1. BIAYA PILKADA YANG BESAR SEKARANG INI BISA DIARAHKAN UNTUK PEMBANGUNAN DAERAH, SUBSIDI ATAU BEA SISWA , 2. ASN TIDAK TERPECAH2 ASN YANG BERPRESTASI BISA KARIERNYA NAIK, SEKARANG BERPRESTASI ATAU TIDAK KALAU TIDAK MENDUKUNG CALON YANG JADI PASTI DIPINGGIRKAN.",10,5,0,0,,,2026-01-02T22:41:51.000Z,2026-01-09T05:33:33.241836,reply,DTBoN3ck-Ag,https://scontent-iad3-1.cdninstagram.com/v/t51.2885-19/454635502_1056889519105670_8828451321281184045_n.jpg?stp=dst-jpg_s150x150_tt6&efg=eyJ2ZW5jb2RlX3RhZyI6InByb2ZpbGVfcGljLmRqYW5nby40NjcuYzIifQ&_nc_ht=scontent-iad3-1.cdninstagram.com&_nc_cat=102&_nc_oc=Q6cZ2QH9Pte6_ZXEcn3xqTl2xG3GrvKAfcyAHSzwtrkUB3ARkPrCLse6-9Clcwipa3Iwxbk&_nc_ohc=j9xUMGnzuxcQ7kNvwFTiqLr&_nc_gid=RXjygqL9lwjzqU47_O0Ewg&edm=APs17CUBAAAA&ccb=7-5&oh=00_AfrHTaFwY_oFRLvBSF7zhemBMjItdKYNVnMsZuD4Axj3tQ&oe=696614B6&_nc_sid=10d13b,https://www.threads.com/@sanimsantono,1767393711.0,False,voxantaranews,19.0,False,[],[],https://www.threads.com/@sanimsantono/post/DTBoN3ck-Ag
,https://www.threads.com/@tomiluqmanhakimxxiv/post/DTFZAqDEmnp/setuju,sinukaban_chandra,Chandra Sinukaban,False,Saya sih setuju 1000% PNS aja yg jali kepala DAerah. Banyak kepala daerah khususnya timgkat 2 yg ga punya kualitas/pengalaman hanya bermodal punya duit jdi kader partai mencalonkan jdi bupati/walikota dan menang.,5,0,0,0,,,2026-01-03T10:51:16.000Z,2026-01-09T05:33:33.241836,reply,DTC7sXsgZAW,https://scontent-iad3-1.cdninstagram.com/v/t51.2885-19/475318193_3744633752515144_8698543955294721522_n.jpg?stp=dst-jpg_s150x150_tt6&efg=eyJ2ZW5jb2RlX3RhZyI6InByb2ZpbGVfcGljLmRqYW5nby4xMDgwLmMyIn0&_nc_ht=scontent-iad3-1.cdninstagram.com&_nc_cat=104&_nc_oc=Q6cZ2QH9Pte6_ZXEcn3xqTl2xG3GrvKAfcyAHSzwtrkUB3ARkPrCLse6-9Clcwipa3Iwxbk&_nc_ohc=qInwpFBmXcsQ7kNvwGWxarW&_nc_gid=RXjygqL9lwjzqU47_O0Ewg&edm=APs17CUBAAAA&ccb=7-5&oh=00_Afq2rfEA3xJ7RsqPXSmpsbNWtYNHTmPUm6lULOAQ5x744Q&oe=6965F6CC&_nc_sid=10d13b,https://www.threads.com/@sinukaban_chandra,1767437476.0,False,voxantaranews,19.0,False,[],[],https://www.threads.com/@sinukaban_chandra/post/DTC7sXsgZAW
,https://www.threads.com/@tomiluqmanhakimxxiv/post/DTFZAqDEmnp/setuju,jumadiponti,Jumadi,False,Manfaat bagi elite tak bermanfaat bagi rakya,0,0,0,0,,,2026-01-03T08:02:59.000Z,2026-01-09T05:33:33.241836,reply,DTCobwpEebs,https://instagram.fcpq7-1.fna.fbcdn.net/v/t51.2885-19/573323465_1219825463302212_7278921664109726296_n.png?stp=dst-jpg_e0_s150x150_tt6&efg=eyJ2ZW5jb2RlX3RhZyI6InByb2ZpbGVfcGljLmRqYW5nby4xNTAuYzIifQ&_nc_ht=instagram.fcpq7-1.fna.fbcdn.net&_nc_cat=1&_nc_oc=Q6cZ2QFjzl6Kqp7mgiDDO9sYPo5SLmo-5oj1pJuaxLTZpToV_Kb__ml9cz2yztTCnvxhb9LY-iFwH-e3yKR_qHO3tasV&_nc_ohc=jFezCB5ZvcgQ7kNvwFwWgyR&_nc_gid=Y2fMGxfEHrqPxO9e0vk2SA&edm=AL4D0a4BAAAA&ccb=7-5&ig_cache_key=YW5vbnltb3VzX3Byb2ZpbGVfcGlj.3-ccb7-5&oh=00_AfoaFVwvpg6aIzQIENFaJU8VF6ArtU6tzFYt2qpnw7eDVg&oe=6965FFEA&_nc_sid=9e8221,https://www.threads.com/@jumadiponti,1767427379.0,False,voxantaranews,19.0,False,[],[],https://www.threads.com/@jumadiponti/post/DTCobwpEebs
,https://www.threads.com/@tomiluqmanhakimxxiv/post/DTFZAqDEmnp/setuju,rolymakauli,Roly Makauli,False,"Setuju. Angkat PNS/ASN jadi Gubernur, Bupati/walikota. Sangat tepat. Semoga.",7,0,0,0,,,2026-01-03T01:10:21.000Z,2026-01-09T05:33:33.241836,reply,DTB5Nk8EqL4,https://scontent-iad3-1.cdninstagram.com/v/t51.2885-19/475429630_1366023307720981_2695803726529418645_n.jpg?stp=dst-jpg_s150x150_tt6&efg=eyJ2ZW5jb2RlX3RhZyI6InByb2ZpbGVfcGljLmRqYW5nby40MDUuYzIifQ&_nc_ht=scontent-iad3-1.cdninstagram.com&_nc_cat=101&_nc_oc=Q6cZ2QH9Pte6_ZXEcn3xqTl2xG3GrvKAfcyAHSzwtrkUB3ARkPrCLse6-9Clcwipa3Iwxbk&_nc_ohc=QA0HKcBbDaYQ7kNvwGbrEEP&_nc_gid=RXjygqL9lwjzqU47_O0Ewg&edm=APs17CUBAAAA&ccb=7-5&oh=00_AfpknJ2X2mdD_LsfFqLnuvdKNwacdWPgOR2a3hhF1ZiF-w&oe=69661A30&_nc_sid=10d13b,https://www.threads.com/@rolymakauli,1767402621.0,False,voxantaranews,19.0,False,[],[],https://www.threads.com/@rolymakauli/post/DTB5Nk8EqL4
,https://www.threads.com/@tomiluqmanhakimxxiv/post/DTFZAqDEmnp/setuju,sumarno4006,Sumarno Marno,False,"Betul sekali jadi dimanfaatkan lulusan STPDN .lha sekarang di daetahku orang PLKB, Dinkes,Pu,Guru SD ada yang jadi camat",27,0,0,0,,,2026-01-02T11:01:04.000Z,2026-01-09T05:33:33.241836,reply,DTAYBRHAdRf,https://scontent-iad3-1.cdninstagram.com/v/t51.2885-19/572523243_17848858542588938_1446953198825492113_n.jpg?stp=dst-jpg_s150x150_tt6&efg=eyJ2ZW5jb2RlX3RhZyI6InByb2ZpbGVfcGljLmRqYW5nby41OTguYzIifQ&_nc_ht=scontent-iad3-1.cdninstagram.com&_nc_cat=102&_nc_oc=Q6cZ2QH9Pte6_ZXEcn3xqTl2xG3GrvKAfcyAHSzwtrkUB3ARkPrCLse6-9Clcwipa3Iwxbk&_nc_ohc=M9H7evTEkXUQ7kNvwFwAKos&_nc_gid=RXjygqL9lwjzqU47_O0Ewg&edm=APs17CUBAAAA&ccb=7-5&oh=00_AfprgBQqeMowTuvn0jWTeCAMSHtFws21X2MkwLORi4iPWw&oe=6965E827&_nc_sid=10d13b,https://www.threads.com/@sumarno4006,1767351664.0,False,voxantaranews,19.0,False,[],[],https://www.threads.com/@sumarno4006/post/DTAYBRHAdRf
,https://www.threads.com/@tomiluqmanhakimxxiv/post/DTFZAqDEmnp/setuju,lutf1san,Lutfi San,False,Ni org kmren ngomong apa yah. Gw lupa,0,0,0,0,,,2026-01-03T05:50:41.000Z,2026-01-09T05:33:33.241836,reply,DTCZSziEobI,https://instagram.fcpq7-1.fna.fbcdn.net/v/t51.2885-19/573323465_1219825463302212_7278921664109726296_n.png?stp=dst-jpg_e0_s150x150_tt6&efg=eyJ2ZW5jb2RlX3RhZyI6InByb2ZpbGVfcGljLmRqYW5nby4xNTAuYzIifQ&_nc_ht=instagram.fcpq7-1.fna.fbcdn.net&_nc_cat=1&_nc_oc=Q6cZ2QFjzl6Kqp7mgiDDO9sYPo5SLmo-5oj1pJuaxLTZpToV_Kb__ml9cz2yztTCnvxhb9LY-iFwH-e3yKR_qHO3tasV&_nc_ohc=jFezCB5ZvcgQ7kNvwFwWgyR&_nc_gid=Y2fMGxfEHrqPxO9e0vk2SA&edm=AL4D0a4BAAAA&ccb=7-5&ig_cache_key=YW5vbnltb3VzX3Byb2ZpbGVfcGlj.3-ccb7-5&oh=00_AfoaFVwvpg6aIzQIENFaJU8VF6ArtU6tzFYt2qpnw7eDVg&oe=6965FFEA&_nc_sid=9e8221,https://www.threads.com/@lutf1san,1767419441.0,False,voxantaranews,19.0,False,[],[],https://www.threads.com/@lutf1san/post/DTCZSziEobI
,https://www.threads.com/@tomiluqmanhakimxxiv/post/DTFZAqDEmnp/setuju,m.sastrasoebaja,Djatnika Tri,False,"Setuju pak, banyak lulusan perguruan tinggi jurusan ilmu pemerintahan, seperti IPDN, IIP, IISIP, dan lulusan perguruan tinggi negri atau swasta dengan jurusan ilmu sosial politik, dan ilmu pemerintahan,",3,0,0,0,,,2026-01-03T01:15:07.000Z,2026-01-09T05:33:33.241836,reply,DTB5whFk79r,https://scontent-iad3-1.cdninstagram.com/v/t51.2885-19/481756539_2255487681515323_3414019736421142640_n.jpg?stp=dst-jpg_s150x150_tt6&efg=eyJ2ZW5jb2RlX3RhZyI6InByb2ZpbGVfcGljLmRqYW5nby40MTYuYzIifQ&_nc_ht=scontent-iad3-1.cdninstagram.com&_nc_cat=107&_nc_oc=Q6cZ2QH9Pte6_ZXEcn3xqTl2xG3GrvKAfcyAHSzwtrkUB3ARkPrCLse6-9Clcwipa3Iwxbk&_nc_ohc=AnuJMAbzqTkQ7kNvwFtAqGn&_nc_gid=RXjygqL9lwjzqU47_O0Ewg&edm=APs17CUBAAAA&ccb=7-5&oh=00_Afp-7m_1-iKajwG38VU1MuG1zfBZO2zXG-mcpUjr1skyMQ&oe=6966029A&_nc_sid=10d13b,https://www.threads.com/@m.sastrasoebaja,1767402907.0,False,voxantaranews,19.0,False,[],[],https://www.threads.com/@m.sastrasoebaja/post/DTB5whFk79r
,https://www.threads.com/@tomiluqmanhakimxxiv/post/DTFZAqDEmnp/setuju,isidiq29,I Sidiq,False,"betul sekali, daerah lebih tepat di pimpin lulusan pemerintahan daripada orang politik, makin ngaco dan amburadul negeri ini",36,0,0,0,,,2026-01-02T14:21:15.000Z,2026-01-09T05:33:33.241836,reply,DTAu7eoAaW4,https://scontent-iad3-1.cdninstagram.com/v/t51.2885-19/465278305_2570678006461843_6399711299190076447_n.jpg?stp=dst-jpg_s150x150_tt6&efg=eyJ2ZW5jb2RlX3RhZyI6InByb2ZpbGVfcGljLmRqYW5nby4xMDgwLmMyIn0&_nc_ht=scontent-iad3-1.cdninstagram.com&_nc_cat=107&_nc_oc=Q6cZ2QH9Pte6_ZXEcn3xqTl2xG3GrvKAfcyAHSzwtrkUB3ARkPrCLse6-9Clcwipa3Iwxbk&_nc_ohc=AlgNt519Q8oQ7kNvwEm8jxV&_nc_gid=RXjygqL9lwjzqU47_O0Ewg&edm=APs17CUBAAAA&ccb=7-5&oh=00_AfoTdD0KqjSbVMuNsuBRG4FvGYR4yz8zs8b4YFBndL_iPw&oe=696609BD&_nc_sid=10d13b,https://www.threads.com/@isidiq29,1767363675.0,False,voxantaranews,19.0,False,[],[],https://www.threads.com/@isidiq29/post/DTAu7eoAaW4
,https://www.threads.com/@tomiluqmanhakimxxiv/post/DTFZAqDEmnp/setuju,mangasasandro,sandro mangasa,False,"Benar, seperti walikota di jakarta dari PNS",6,0,0,0,,,2026-01-03T06:27:28.000Z,2026-01-09T05:33:33.241836,reply,DTCdgPTkiCB,https://instagram.fcpq7-1.fna.fbcdn.net/v/t51.2885-19/573323465_1219825463302212_7278921664109726296_n.png?stp=dst-jpg_e0_s150x150_tt6&efg=eyJ2ZW5jb2RlX3RhZyI6InByb2ZpbGVfcGljLmRqYW5nby4xNTAuYzIifQ&_nc_ht=instagram.fcpq7-1.fna.fbcdn.net&_nc_cat=1&_nc_oc=Q6cZ2QFjzl6Kqp7mgiDDO9sYPo5SLmo-5oj1pJuaxLTZpToV_Kb__ml9cz2yztTCnvxhb9LY-iFwH-e3yKR_qHO3tasV&_nc_ohc=jFezCB5ZvcgQ7kNvwFwWgyR&_nc_gid=Y2fMGxfEHrqPxO9e0vk2SA&edm=AL4D0a4BAAAA&ccb=7-5&ig_cache_key=YW5vbnltb3VzX3Byb2ZpbGVfcGlj.3-ccb7-5&oh=00_AfoaFVwvpg6aIzQIENFaJU8VF6ArtU6tzFYt2qpnw7eDVg&oe=6965FFEA&_nc_sid=9e8221,https://www.threads.com/@mangasasandro,1767421648.0,False,voxantaranews,19.0,False,[],[],https://www.threads.com/@mangasasandro/post/DTCdgPTkiCB
,https://www.threads.com/@tomiluqmanhakimxxiv/post/DTFZAqDEmnp/setuju,yonasdude,Yonasdude Alor,False,setuju pak,0,0,0,0,,,2026-01-03T04:37:00.000Z,2026-01-09T05:33:33.241836,reply,DTCQ3G5EncP,https://scontent-iad3-1.cdninstagram.com/v/t51.2885-19/605818770_17843545389665641_7478854682745513000_n.jpg?stp=dst-jpg_s150x150_tt6&efg=eyJ2ZW5jb2RlX3RhZyI6InByb2ZpbGVfcGljLmRqYW5nby42NzcuYzIifQ&_nc_ht=scontent-iad3-1.cdninstagram.com&_nc_cat=101&_nc_oc=Q6cZ2QH9Pte6_ZXEcn3xqTl2xG3GrvKAfcyAHSzwtrkUB3ARkPrCLse6-9Clcwipa3Iwxbk&_nc_ohc=YderAFWgdzUQ7kNvwFrL3aq&_nc_gid=RXjygqL9lwjzqU47_O0Ewg&edm=APs17CUBAAAA&ccb=7-5&oh=00_Afq1zgQM5PblW5u6Rwd-I-I5ODydQOrPMcnoRHXWe9E8qQ&oe=6965EB4C&_nc_sid=10d13b,https://www.threads.com/@yonasdude,1767415020.0,False,voxantaranews,19.0,False,[],[],https://www.threads.com/@yonasdude/post/DTCQ3G5EncP
,https://www.threads.com/@tomiluqmanhakimxxiv/post/DTFZAqDEmnp/setuju,mrberi90,Mr Bee,False,"Angakt saja polri , mereka kan maha sempurna",0,0,0,0,,,2026-01-02T13:33:07.000Z,2026-01-09T05:33:33.241836,reply,DTApa21EbuS,https://scontent-iad3-1.cdninstagram.com/v/t51.2885-19/468716166_1724383375079642_642594762518544622_n.jpg?stp=dst-jpg_s150x150_tt6&efg=eyJ2ZW5jb2RlX3RhZyI6InByb2ZpbGVfcGljLmRqYW5nby43NDcuYzIifQ&_nc_ht=scontent-iad3-1.cdninstagram.com&_nc_cat=102&_nc_oc=Q6cZ2QH9Pte6_ZXEcn3xqTl2xG3GrvKAfcyAHSzwtrkUB3ARkPrCLse6-9Clcwipa3Iwxbk&_nc_ohc=DHe-1X-oFRMQ7kNvwFfAWtd&_nc_gid=RXjygqL9lwjzqU47_O0Ewg&edm=APs17CUBAAAA&ccb=7-5&oh=00_AfrTeimMuMV3GgNq5IhWYKKfzegMgQ-pmk481OQVVOZCqg&oe=6965FD1A&_nc_sid=10d13b,https://www.threads.com/@mrberi90,1767360787.0,False,voxantaranews,19.0,False,[],[],https://www.threads.com/@mrberi90/post/DTApa21EbuS
,https://www.threads.com/@tomiluqmanhakimxxiv/post/DTFZAqDEmnp/setuju,ib08.01,Iman Budiman,False,"Jadi jabatan karir PNS, kayak di Polri/TNI jadi bukan lagi jabatan politis, dan mereka lebih tau lapangan dan Mentri juga jabatan karir dari kementerian, Sistim lelang dan proses fit&proper, jadi militer polri gak bisa masuk, cuma bisa di kemhan dan Lemhanas",13,0,0,0,,,2026-01-02T12:13:31.000Z,2026-01-09T05:33:33.241836,reply,DTAgT5gE5-y,https://scontent-iad3-2.cdninstagram.com/v/t51.2885-19/481009858_1050901330178388_822333610595076299_n.jpg?stp=dst-jpg_s150x150_tt6&efg=eyJ2ZW5jb2RlX3RhZyI6InByb2ZpbGVfcGljLmRqYW5nby43MjAuYzIifQ&_nc_ht=scontent-iad3-2.cdninstagram.com&_nc_cat=100&_nc_oc=Q6cZ2QH9Pte6_ZXEcn3xqTl2xG3GrvKAfcyAHSzwtrkUB3ARkPrCLse6-9Clcwipa3Iwxbk&_nc_ohc=UEJ5f9_JuzgQ7kNvwHWZHXi&_nc_gid=RXjygqL9lwjzqU47_O0Ewg&edm=APs17CUBAAAA&ccb=7-5&oh=00_AfquBQz30aSBn1znO72zbcI56m_JHRXEgsqkVUcLU54neQ&oe=696603FB&_nc_sid=10d13b,https://www.threads.com/@ib08.01,1767356011.0,False,voxantaranews,19.0,False,[],[],https://www.threads.com/@ib08.01/post/DTAgT5gE5-y
,https://www.threads.com/@tomiluqmanhakimxxiv/post/DTFZAqDEmnp/setuju,sulistyawan.prambanan,Sulistyawan Dibyosuwarno,False,Nah ini Justru usulan Cerdas. harusnya Memang Jabatan ASN sampai Kementrian itu jabatan karier bukan Politik. Dan Parpol itu harusnya tidak digaji Pemerintah. Tapi Mandiri !!,8,0,0,0,,,2026-01-03T04:22:46.000Z,2026-01-09T05:33:33.241836,reply,DTCPO0yE6EG,https://scontent-iad3-2.cdninstagram.com/v/t51.2885-19/361565605_943360880064102_6392987631064194757_n.jpg?stp=dst-jpg_s150x150_tt6&efg=eyJ2ZW5jb2RlX3RhZyI6InByb2ZpbGVfcGljLmRqYW5nby42MzcuYzIifQ&_nc_ht=scontent-iad3-2.cdninstagram.com&_nc_cat=106&_nc_oc=Q6cZ2QH9Pte6_ZXEcn3xqTl2xG3GrvKAfcyAHSzwtrkUB3ARkPrCLse6-9Clcwipa3Iwxbk&_nc_ohc=MDnGm5JuL6kQ7kNvwGZ3Fa6&_nc_gid=RXjygqL9lwjzqU47_O0Ewg&edm=APs17CUBAAAA&ccb=7-5&oh=00_AfoA8UoZmwIR3VUNJmXgT2ta1RtByVG3dx78QyRiz6jYlQ&oe=69661821&_nc_sid=10d13b,https://www.threads.com/@sulistyawan.prambanan,1767414166.0,False,voxantaranews,19.0,False,[],[],https://www.threads.com/@sulistyawan.prambanan/post/DTCPO0yE6EG
,https://www.threads.com/@tomiluqmanhakimxxiv/post/DTFZAqDEmnp/setuju,yusufkusparman,Maulana Yusuf Kusparman,False,"PNS walau stigma di masyarakat udah jelek, tapi setidaknya banyak yang dilahirkan dari sekolah kedinasan. Kalo kepala daerah kebanyakan orang antah berantah, punya modal dan power masuklah ke partai. Lalu turun ke lapangan dengan tunjuk2 seolah2 mereka ahlinya. PNS banyak yang bagus juga entah itu hal teknis atau manajerial nya saja",3,0,0,0,,,2026-01-03T05:11:47.000Z,2026-01-09T05:33:33.241836,reply,DTCU172Ehfl,https://scontent-iad3-1.cdninstagram.com/v/t51.2885-19/483595597_427085010465381_3924539933787300898_n.jpg?stp=dst-jpg_s150x150_tt6&efg=eyJ2ZW5jb2RlX3RhZyI6InByb2ZpbGVfcGljLmRqYW5nby4xMDgwLmMyIn0&_nc_ht=scontent-iad3-1.cdninstagram.com&_nc_cat=109&_nc_oc=Q6cZ2QH9Pte6_ZXEcn3xqTl2xG3GrvKAfcyAHSzwtrkUB3ARkPrCLse6-9Clcwipa3Iwxbk&_nc_ohc=cd7Z9wwRDf4Q7kNvwGonN6g&_nc_gid=RXjygqL9lwjzqU47_O0Ewg&edm=APs17CUBAAAA&ccb=7-5&oh=00_AfpnQk1m0vDBZ7BtSdd_ZVpD96L5jKyg3eOXfXqpXAZgYw&oe=6965F766&_nc_sid=10d13b,https://www.threads.com/@yusufkusparman,1767417107.0,False,voxantaranews,19.0,False,[],[],https://www.threads.com/@yusufkusparman/post/DTCU172Ehfl
,https://www.threads.com/@tomiluqmanhakimxxiv/post/DTFZAqDEmnp/setuju,desaba_21,Desaba,False,"Usul bagus kepala Daerah dari PNS karir supaya netral dan fokus membangun daerahnya, kalau orang politik semuanya dibikin ribet harus ada setoran dan segala macam serta pelaksanaannya berbiaya tinggi tapi pasti tdk akan terealisasi krn yg duduk di dewan sbg pembuat UU tdk akan setuju",2,0,0,0,,,2026-01-03T09:15:17.000Z,2026-01-09T05:33:33.241836,reply,DTCwtSlktY0,https://scontent-iad3-2.cdninstagram.com/v/t51.2885-19/450132610_1782962412229073_5335961657506505155_n.jpg?stp=dst-jpg_s150x150_tt6&efg=eyJ2ZW5jb2RlX3RhZyI6InByb2ZpbGVfcGljLmRqYW5nby42NjMuYzIifQ&_nc_ht=scontent-iad3-2.cdninstagram.com&_nc_cat=105&_nc_oc=Q6cZ2QH9Pte6_ZXEcn3xqTl2xG3GrvKAfcyAHSzwtrkUB3ARkPrCLse6-9Clcwipa3Iwxbk&_nc_ohc=iimhJV0AG-cQ7kNvwFCnSA0&_nc_gid=RXjygqL9lwjzqU47_O0Ewg&edm=APs17CUBAAAA&ccb=7-5&oh=00_AfqbeYrTMF3n1G5Bhb8xvXKWLTXiU8ujgmc-a_ACHoKnxg&oe=696618BB&_nc_sid=10d13b,https://www.threads.com/@desaba_21,1767431717.0,False,voxantaranews,19.0,False,[],[],https://www.threads.com/@desaba_21/post/DTCwtSlktY0
,https://www.threads.com/@tomiluqmanhakimxxiv/post/DTFZAqDEmnp/setuju,novianto.harry,Novianto Harry,False,"Banyak pejabat daerah yg hanya bermodal dukungan parpol dan duit, tapi otak kosong. Ujungnya korupsi utk balik modal.",4,0,0,0,,,2026-01-03T01:41:30.000Z,2026-01-09T05:33:33.241836,reply,DTB8xtRElTN,https://scontent-iad3-2.cdninstagram.com/v/t51.2885-19/473025240_1155586509388794_2916198112316224234_n.jpg?stp=dst-jpg_s150x150_tt6&efg=eyJ2ZW5jb2RlX3RhZyI6InByb2ZpbGVfcGljLmRqYW5nby4xNTAuYzIifQ&_nc_ht=scontent-iad3-2.cdninstagram.com&_nc_cat=106&_nc_oc=Q6cZ2QH9Pte6_ZXEcn3xqTl2xG3GrvKAfcyAHSzwtrkUB3ARkPrCLse6-9Clcwipa3Iwxbk&_nc_ohc=LVqeQMREdRIQ7kNvwECe1kv&_nc_gid=RXjygqL9lwjzqU47_O0Ewg&edm=APs17CUBAAAA&ccb=7-5&oh=00_Afr6ScQA8lJy5YMG95utMkRh1OzBqnjpblArh72jy9w90g&oe=6965F9A3&_nc_sid=10d13b,https://www.threads.com/@novianto.harry,1767404490.0,False,voxantaranews,19.0,False,[],[],https://www.threads.com/@novianto.harry/post/DTB8xtRElTN
,https://www.threads.com/@tomiluqmanhakimxxiv/post/DTFZAqDEmnp/setuju,sukasiomay.id,sukasiomay.id,False,"sepakat sekali, mendukung meritokrasi. PNS yang lulus itu pinter pinter, harusnya yang mimpin juga. bukan malah melayani orang yang nggak tau jalannya mau kemana, alih alih bisa jalan sendiri kebanyakan disetir dan setor partainya. akhirnya pimpinan daerah hanya jadi simbol yang kerja ya sekda dan seterusnya. padahal ada STPDN yang lulusannya diproyeksikan untuk itu.",11,0,0,0,,,2026-01-02T19:26:20.000Z,2026-01-09T05:33:33.241836,reply,DTBR128Enb6,https://instagram.fcpq7-1.fna.fbcdn.net/v/t51.2885-19/573323465_1219825463302212_7278921664109726296_n.png?stp=dst-jpg_e0_s150x150_tt6&efg=eyJ2ZW5jb2RlX3RhZyI6InByb2ZpbGVfcGljLmRqYW5nby4xNTAuYzIifQ&_nc_ht=instagram.fcpq7-1.fna.fbcdn.net&_nc_cat=1&_nc_oc=Q6cZ2QFjzl6Kqp7mgiDDO9sYPo5SLmo-5oj1pJuaxLTZpToV_Kb__ml9cz2yztTCnvxhb9LY-iFwH-e3yKR_qHO3tasV&_nc_ohc=jFezCB5ZvcgQ7kNvwFwWgyR&_nc_gid=Y2fMGxfEHrqPxO9e0vk2SA&edm=AL4D0a4BAAAA&ccb=7-5&ig_cache_key=YW5vbnltb3VzX3Byb2ZpbGVfcGlj.3-ccb7-5&oh=00_AfoaFVwvpg6aIzQIENFaJU8VF6ArtU6tzFYt2qpnw7eDVg&oe=6965FFEA&_nc_sid=9e8221,https://www.threads.com/@sukasiomay.id,1767381980.0,False,voxantaranews,19.0,False,[],[],https://www.threads.com/@sukasiomay.id/post/DTBR128Enb6
,https://www.threads.com/@tomiluqmanhakimxxiv/post/DTFZAqDEmnp/setuju,tennoheik,Tenno Heika,False,Pasti sdh tau jalur birokrasi dan faham pemerintahan,8,0,1,0,,,2026-01-02T13:39:45.000Z,2026-01-09T05:33:33.241836,reply,DTAqLaOFBYr,https://scontent-iad3-1.cdninstagram.com/v/t51.2885-19/468231796_933119745361544_7448216770474422110_n.jpg?stp=dst-jpg_s150x150_tt6&efg=eyJ2ZW5jb2RlX3RhZyI6InByb2ZpbGVfcGljLmRqYW5nby4xMDgwLmMyIn0&_nc_ht=scontent-iad3-1.cdninstagram.com&_nc_cat=108&_nc_oc=Q6cZ2QH9Pte6_ZXEcn3xqTl2xG3GrvKAfcyAHSzwtrkUB3ARkPrCLse6-9Clcwipa3Iwxbk&_nc_ohc=lU8vvqvI8ZEQ7kNvwFGAMXM&_nc_gid=RXjygqL9lwjzqU47_O0Ewg&edm=APs17CUBAAAA&ccb=7-5&oh=00_Afpu0owTwGVc0dkW4PmswX3ksFaGB8z-L5EFWlcA2lDWTQ&oe=69660102&_nc_sid=10d13b,https://www.threads.com/@tennoheik,1767361185.0,False,voxantaranews,19.0,False,[],[],https://www.threads.com/@tennoheik/post/DTAqLaOFBYr
,https://www.threads.com/@tomiluqmanhakimxxiv/post/DTFZAqDEmnp/setuju,romeo_alfa999h,Rif'an Romeo,False,"BERARTI SEBENARNYA DEDY SITORUS SETUJU DG SISTEM PEMILU JAMAN ORBA… PARPOL CUKUP 3 SAJA, SUKUR2 CUMA 2 PARPOL SAJA",4,1,1,0,,,2026-01-02T16:22:45.000Z,2026-01-09T05:33:33.241836,reply,DTA81XdkmXo,https://scontent-iad3-2.cdninstagram.com/v/t51.2885-19/526987256_18519079384008567_8217204761023402778_n.jpg?stp=dst-jpg_s150x150_tt6&efg=eyJ2ZW5jb2RlX3RhZyI6InByb2ZpbGVfcGljLmRqYW5nby4xMDgwLmMyIn0&_nc_ht=scontent-iad3-2.cdninstagram.com&_nc_cat=103&_nc_oc=Q6cZ2QH9Pte6_ZXEcn3xqTl2xG3GrvKAfcyAHSzwtrkUB3ARkPrCLse6-9Clcwipa3Iwxbk&_nc_ohc=bkBH6yDyf1cQ7kNvwHGjk34&_nc_gid=RXjygqL9lwjzqU47_O0Ewg&edm=APs17CUBAAAA&ccb=7-5&oh=00_AfqacLRIcPKFUUrwT5-ADwDZFMktfCTaKr8sxKu_9VG2SA&oe=69660A43&_nc_sid=10d13b,https://www.threads.com/@romeo_alfa999h,1767370965.0,False,voxantaranews,19.0,False,[],[],https://www.threads.com/@romeo_alfa999h/post/DTA81XdkmXo
DTMIt7rk5jy,https://www.threads.com/@endang_creart/post/DTMIt7rk5jy/dukung-pdip-menolak-kalau-dibiarin-pilpres-pun-akan-kembali-nggak-dipilih,endang_creart,Endang Rinasih Pakso Wati,False,Dukung PDIP MENOLAK…kalau dibiarin pilpres pun akan kembali nggak dipilih langsung….orba is back in full power 😡,188,217,0,2,0.0,4135.0,2026-01-07T00:38:15.000Z,2026-01-09T05:34:29.556680,original_post,,,,,,,,,,,
,https://www.threads.com/@endang_creart/post/DTMIt7rk5jy/dukung-pdip-menolak-kalau-dibiarin-pilpres-pun-akan-kembali-nggak-dipilih,agusp1973,Agus Partono,False,"Pilkada langsung = butuh duit banyak, butuh sponsor.. akhirnya menang pun disetir sponsor. Pilkada tdk langsung = jadi tempat bargain politik antar sesama parpol. Siapa yg mau, bayar ke mafia politik itu. 2 2 nya banyak mudharatnya.",20,5,0,0,,,2026-01-07T01:02:05.000Z,2026-01-09T05:34:29.556680,reply,DTMLce7E3o7,https://scontent-iad3-2.cdninstagram.com/v/t51.2885-19/599237397_17916713400245190_8319889332186619448_n.jpg?stp=dst-jpg_s150x150_tt6&efg=eyJ2ZW5jb2RlX3RhZyI6InByb2ZpbGVfcGljLmRqYW5nby4xMDgwLmMyIn0&_nc_ht=scontent-iad3-2.cdninstagram.com&_nc_cat=106&_nc_oc=Q6cZ2QGUCAw9Mn-bREJ8d1GzGUfpVtKNsmzbSkS2q0WZgEVKpH6gB8uXSnuERhIxmw_obOA&_nc_ohc=00giWpZz8VsQ7kNvwG7XdML&_nc_gid=CDTT-nOvTEN3bZlW4qwpJg&edm=APs17CUBAAAA&ccb=7-5&oh=00_Afopx1r1qgBUKHIYo9oVDNyylJCkQvvvOnfu-4fQyAgkuQ&oe=6966183D&_nc_sid=10d13b,https://www.threads.com/@agusp1973,1767747725.0,False,endang_creart,19.0,False,[],[],https://www.threads.com/@agusp1973/post/DTMLce7E3o7
,https://www.threads.com/@endang_creart/post/DTMIt7rk5jy/dukung-pdip-menolak-kalau-dibiarin-pilpres-pun-akan-kembali-nggak-dipilih,fauzanmddd_,Zan,False,"Gini ya endang, kalo pilkada langsung keuangannya akan sangat boros bahkan level korupsinya bisa sampe kalangan bawah. Kalo dipilih sama DPRD seengganga korupsinya keliatan cuma disitu-situ aja dan bisa lebih dikendalikan.",1,4,0,0,,,2026-01-07T03:36:20.000Z,2026-01-09T05:34:29.556680,reply,DTMdGUfjzT6,https://scontent-iad3-1.cdninstagram.com/v/t51.2885-19/479497483_649262607580018_8877239743795646898_n.jpg?stp=dst-jpg_s150x150_tt6&efg=eyJ2ZW5jb2RlX3RhZyI6InByb2ZpbGVfcGljLmRqYW5nby4xMDgwLmMyIn0&_nc_ht=scontent-iad3-1.cdninstagram.com&_nc_cat=110&_nc_oc=Q6cZ2QGUCAw9Mn-bREJ8d1GzGUfpVtKNsmzbSkS2q0WZgEVKpH6gB8uXSnuERhIxmw_obOA&_nc_ohc=lRdMADzlc2EQ7kNvwFln928&_nc_gid=CDTT-nOvTEN3bZlW4qwpJg&edm=APs17CUBAAAA&ccb=7-5&oh=00_AfpiZYrjtLaqcZgI_UAE_hRL8xrw_kGQOpqOSj7ogbHpuw&oe=6965EA98&_nc_sid=10d13b,https://www.threads.com/@fauzanmddd_,1767756980.0,False,endang_creart,19.0,False,[],[],https://www.threads.com/@fauzanmddd_/post/DTMdGUfjzT6
,https://www.threads.com/@endang_creart/post/DTMIt7rk5jy/dukung-pdip-menolak-kalau-dibiarin-pilpres-pun-akan-kembali-nggak-dipilih,sendaljoscollection,Sendal JOS Collection,False,"Apa setelah Reformasi Indonesia jadi lebih baik ? Saya rasa tidak ya. Ekonomi jelek, korupsi di mana-mana. Saya setuju kembali ke jaman Orba supaya negara lebih teratur",1,1,0,0,,,2026-01-07T21:26:52.000Z,2026-01-09T05:34:29.556680,reply,DTOXnIPE814,https://scontent-iad3-1.cdninstagram.com/v/t51.2885-19/386907756_1458466518271036_4763191054821302704_n.jpg?stp=dst-jpg_s150x150_tt6&efg=eyJ2ZW5jb2RlX3RhZyI6InByb2ZpbGVfcGljLmRqYW5nby44MDAuYzIifQ&_nc_ht=scontent-iad3-1.cdninstagram.com&_nc_cat=104&_nc_oc=Q6cZ2QGUCAw9Mn-bREJ8d1GzGUfpVtKNsmzbSkS2q0WZgEVKpH6gB8uXSnuERhIxmw_obOA&_nc_ohc=whw2uTzZKy4Q7kNvwGcUHR9&_nc_gid=CDTT-nOvTEN3bZlW4qwpJg&edm=APs17CUBAAAA&ccb=7-5&oh=00_AfrsGb3eMEUMDJBdgyn-UPRcpXDQ0bpr1EVE9q-wIeW32Q&oe=696619F2&_nc_sid=10d13b,https://www.threads.com/@sendaljoscollection,1767821212.0,False,endang_creart,19.0,False,[],[],https://www.threads.com/@sendaljoscollection/post/DTOXnIPE814
,https://www.threads.com/@endang_creart/post/DTMIt7rk5jy/dukung-pdip-menolak-kalau-dibiarin-pilpres-pun-akan-kembali-nggak-dipilih,zuliande,Zuliande Zidan,False,Menurutku baik idenya dipilih DPRD. Karena rakyat malas meneliti background sebelum mencoblos dan mudah disogok lewat serangan fajar. Suara rakyat yg rajin cek background kalah sama suara rakyat yg milihnya asal kenal kaya artis atau krn lucu gemoy tapi merusak. Saya setuju dengan syarat rasa percaya rakyat ke DPRD minimal sama seperti rakyat percaya Damkar.,1,2,0,0,,,2026-01-07T18:09:18.000Z,2026-01-09T05:34:29.556680,reply,DTOBADJk3zg,https://scontent-iad3-2.cdninstagram.com/v/t51.2885-19/491440659_466849146454467_1436399683646598319_n.jpg?stp=dst-jpg_s150x150_tt6&efg=eyJ2ZW5jb2RlX3RhZyI6InByb2ZpbGVfcGljLmRqYW5nby4xMDgwLmMyIn0&_nc_ht=scontent-iad3-2.cdninstagram.com&_nc_cat=103&_nc_oc=Q6cZ2QGUCAw9Mn-bREJ8d1GzGUfpVtKNsmzbSkS2q0WZgEVKpH6gB8uXSnuERhIxmw_obOA&_nc_ohc=eLR2aXE4E78Q7kNvwFGtdLE&_nc_gid=CDTT-nOvTEN3bZlW4qwpJg&edm=APs17CUBAAAA&ccb=7-5&oh=00_AfqPbMHTox04RhSBs9vABXevj4LmHNOPbCo15iFYvS2H_Q&oe=6965EF1D&_nc_sid=10d13b,https://www.threads.com/@zuliande,1767809358.0,False,endang_creart,19.0,False,[],[],https://www.threads.com/@zuliande/post/DTOBADJk3zg
,https://www.threads.com/@endang_creart/post/DTMIt7rk5jy/dukung-pdip-menolak-kalau-dibiarin-pilpres-pun-akan-kembali-nggak-dipilih,andiajaarchitect,Andi Aja,False,"Itu hanya permulaan. Pada akhirnya akan mengerucut ke pemilihan presiden by DPR/MPR. Lalu kita akan kembali disuguhkan kucing dlm karung. Orba punya Golkar dan Soeharto, hari ini mereka akan digantikan koalisi partai dan anonim. Dan sepertinya PDIP dan PKS ga akan berkutik... Siap2 gaeesss. Soeharto tumbang oleh milenial, akankah menantunya tumbang oleh Gen Z + Milenial?? Kalo iya, inilah the one and only kesempatan merubah Indonesia.",4,3,0,0,,,2026-01-07T02:19:51.000Z,2026-01-09T05:34:29.556680,reply,DTMUWI7Eleq,https://scontent-iad3-1.cdninstagram.com/v/t51.2885-19/455753143_7441160159318626_1988466551148345093_n.jpg?stp=dst-jpg_s150x150_tt6&efg=eyJ2ZW5jb2RlX3RhZyI6InByb2ZpbGVfcGljLmRqYW5nby42NzQuYzIifQ&_nc_ht=scontent-iad3-1.cdninstagram.com&_nc_cat=110&_nc_oc=Q6cZ2QGUCAw9Mn-bREJ8d1GzGUfpVtKNsmzbSkS2q0WZgEVKpH6gB8uXSnuERhIxmw_obOA&_nc_ohc=Ifj5LeoC5ccQ7kNvwFZl2Vg&_nc_gid=CDTT-nOvTEN3bZlW4qwpJg&edm=APs17CUBAAAA&ccb=7-5&oh=00_Afqgq9-69RjRs4fBLg-J39M_1qzaFjeXBWLGf2iZ3NkchQ&oe=6965F843&_nc_sid=10d13b,https://www.threads.com/@andiajaarchitect,1767752391.0,False,endang_creart,19.0,False,[],[],https://www.threads.com/@andiajaarchitect/post/DTMUWI7Eleq
,https://www.threads.com/@endang_creart/post/DTMIt7rk5jy/dukung-pdip-menolak-kalau-dibiarin-pilpres-pun-akan-kembali-nggak-dipilih,darkiemakassar,darkiemakassar,False,"Tidak ada dampak karena PDiP akan kalah saat voting di DPR. Yang bisa merubah arah negara ini adalah GEN Z seperti yang terjadi di NEPAL, BULGARIA dan IRAN",5,2,1,0,,,2026-01-07T04:12:03.000Z,2026-01-09T05:34:29.556680,reply,DTMhL3XjwXC,https://scontent-iad3-2.cdninstagram.com/v/t51.2885-19/359749017_1431302184387051_5228193167685888607_n.jpg?stp=dst-jpg_s150x150_tt6&efg=eyJ2ZW5jb2RlX3RhZyI6InByb2ZpbGVfcGljLmRqYW5nby40NjEuYzIifQ&_nc_ht=scontent-iad3-2.cdninstagram.com&_nc_cat=103&_nc_oc=Q6cZ2QGUCAw9Mn-bREJ8d1GzGUfpVtKNsmzbSkS2q0WZgEVKpH6gB8uXSnuERhIxmw_obOA&_nc_ohc=Z2rdViZ3m9QQ7kNvwEheksb&_nc_gid=CDTT-nOvTEN3bZlW4qwpJg&edm=APs17CUBAAAA&ccb=7-5&oh=00_AfpaxzMHCx1y3xN0VH1MXTslZ5Mnishtpk_uGdb9AFCXkg&oe=69660484&_nc_sid=10d13b,https://www.threads.com/@darkiemakassar,1767759123.0,False,endang_creart,19.0,False,[],[],https://www.threads.com/@darkiemakassar/post/DTMhL3XjwXC
,https://www.threads.com/@endang_creart/post/DTMIt7rk5jy/dukung-pdip-menolak-kalau-dibiarin-pilpres-pun-akan-kembali-nggak-dipilih,ros_hi_ma,Mos,False,"kali ini saya di pihak mak banteng, hidup Mega",1,0,0,0,,,2026-01-07T16:39:44.000Z,2026-01-09T05:34:29.556680,reply,DTN2wEQkzbB,https://scontent-iad3-1.cdninstagram.com/v/t51.2885-19/370571944_671616048357130_803420848004044256_n.jpg?stp=dst-jpg_s150x150_tt6&efg=eyJ2ZW5jb2RlX3RhZyI6InByb2ZpbGVfcGljLmRqYW5nby4xMDgwLmMyIn0&_nc_ht=scontent-iad3-1.cdninstagram.com&_nc_cat=110&_nc_oc=Q6cZ2QGUCAw9Mn-bREJ8d1GzGUfpVtKNsmzbSkS2q0WZgEVKpH6gB8uXSnuERhIxmw_obOA&_nc_ohc=tHUe0IL7uRMQ7kNvwHVOQCA&_nc_gid=CDTT-nOvTEN3bZlW4qwpJg&edm=APs17CUBAAAA&ccb=7-5&oh=00_Afr4963rxN-8qdQzxD1RJ21Mf1tCAKauPt0SYmn8cP98XQ&oe=69660B7E&_nc_sid=10d13b,https://www.threads.com/@ros_hi_ma,1767803984.0,True,endang_creart,19.0,False,[],[],https://www.threads.com/@ros_hi_ma/post/DTN2wEQkzbB
,https://www.threads.com/@endang_creart/post/DTMIt7rk5jy/dukung-pdip-menolak-kalau-dibiarin-pilpres-pun-akan-kembali-nggak-dipilih,pardedepahala,Pahala Pardede,False,Solid menolak Non Pilkada Langsung,0,1,0,0,,,2026-01-07T09:08:19.000Z,2026-01-09T05:34:29.556680,reply,DTNDF2RkzMb,https://scontent-iad3-1.cdninstagram.com/v/t51.2885-19/472901147_1652088862043888_1201666131288168037_n.jpg?stp=dst-jpg_s150x150_tt6&efg=eyJ2ZW5jb2RlX3RhZyI6InByb2ZpbGVfcGljLmRqYW5nby4xMDgwLmMyIn0&_nc_ht=scontent-iad3-1.cdninstagram.com&_nc_cat=108&_nc_oc=Q6cZ2QGUCAw9Mn-bREJ8d1GzGUfpVtKNsmzbSkS2q0WZgEVKpH6gB8uXSnuERhIxmw_obOA&_nc_ohc=as_oevRTvTEQ7kNvwGKKIlL&_nc_gid=CDTT-nOvTEN3bZlW4qwpJg&edm=APs17CUBAAAA&ccb=7-5&oh=00_AfoV1nhFd9aElxe2r_g3tdlhMMgQnLpkCYs4I6E0yu3Rbw&oe=6966036E&_nc_sid=10d13b,https://www.threads.com/@pardedepahala,1767776899.0,False,endang_creart,19.0,False,[],[],https://www.threads.com/@pardedepahala/post/DTNDF2RkzMb
,https://www.threads.com/@endang_creart/post/DTMIt7rk5jy/dukung-pdip-menolak-kalau-dibiarin-pilpres-pun-akan-kembali-nggak-dipilih,cepicipoi,Cepi,False,"Diantara sekian puluh partai PDIP paling konsisten. Ketika orba akan kembali lewat pilkada tak langsung PDIP tetap menolak. Semangat PDIP, tetap konsisten dukung rakyat.",1,1,0,0,,,2026-01-07T22:52:09.000Z,2026-01-09T05:34:29.556680,reply,DTOhXt9EzAy,https://instagram.fcgb3-1.fna.fbcdn.net/v/t51.2885-19/573323465_1219825463302212_7278921664109726296_n.png?stp=dst-jpg_e0_s150x150_tt6&efg=eyJ2ZW5jb2RlX3RhZyI6InByb2ZpbGVfcGljLmRqYW5nby4xNTAuYzIifQ&_nc_ht=instagram.fcgb3-1.fna.fbcdn.net&_nc_cat=1&_nc_oc=Q6cZ2QFmieJwQoVnQzie0ie2RODfOnDNQlyRRH25_-qaLGZhClRCCjiF0M3PhzngidaWnLc26nb67ziHzjBRUQsBaJBi&_nc_ohc=jFezCB5ZvcgQ7kNvwHckC38&_nc_gid=hshkILWxXfZnf6DFvixoRA&edm=AEaYFD0BAAAA&ccb=7-5&ig_cache_key=YW5vbnltb3VzX3Byb2ZpbGVfcGlj.3-ccb7-5&oh=00_AfqHIUcsmDs8kYXD3xndqTIYdqS5Ja5T4RRmuoRxKDr-oA&oe=6965FFEA&_nc_sid=de718f,https://www.threads.com/@cepicipoi,1767826329.0,True,endang_creart,19.0,False,[],[],https://www.threads.com/@cepicipoi/post/DTOhXt9EzAy
,https://www.threads.com/@endang_creart/post/DTMIt7rk5jy/dukung-pdip-menolak-kalau-dibiarin-pilpres-pun-akan-kembali-nggak-dipilih,teh_hangatmu,Teh Hangat || Bude Agribisnis ☕🌱,False,Bisa ga si.. dari republik ke serikat aja? Atau monarchi?? Kita ni demokrasi tapi g bisa 100% demokrasi,5,4,0,0,,,2026-01-07T01:37:54.000Z,2026-01-09T05:34:29.556680,reply,DTMPi0KgaW-,https://scontent-iad3-1.cdninstagram.com/v/t51.2885-19/601655868_17901201123341781_7902322481850006178_n.jpg?stp=dst-jpg_s150x150_tt6&efg=eyJ2ZW5jb2RlX3RhZyI6InByb2ZpbGVfcGljLmRqYW5nby4xMDgwLmMyIn0&_nc_ht=scontent-iad3-1.cdninstagram.com&_nc_cat=109&_nc_oc=Q6cZ2QGUCAw9Mn-bREJ8d1GzGUfpVtKNsmzbSkS2q0WZgEVKpH6gB8uXSnuERhIxmw_obOA&_nc_ohc=B_yXGoVg-GoQ7kNvwE-B_iE&_nc_gid=CDTT-nOvTEN3bZlW4qwpJg&edm=APs17CUBAAAA&ccb=7-5&oh=00_AfrqmumnPjew2HZlWs5EcFxhpOIFPlSKfl-Ls4PdvMXIng&oe=6965EEF6&_nc_sid=10d13b,https://www.threads.com/@teh_hangatmu,1767749874.0,False,endang_creart,19.0,False,[],[],https://www.threads.com/@teh_hangatmu/post/DTMPi0KgaW-
,https://www.threads.com/@endang_creart/post/DTMIt7rk5jy/dukung-pdip-menolak-kalau-dibiarin-pilpres-pun-akan-kembali-nggak-dipilih,willranmalae,Wilhelmus Will Ranmalae,False,Dilema bagi yg nolak Pilkada dipilih DPRD tapi gak suka PDIP,0,1,0,0,,,2026-01-08T04:16:37.000Z,2026-01-09T05:34:29.556680,reply,DTPGgORj-BZ,https://scontent-iad3-1.cdninstagram.com/v/t51.2885-19/501278340_17877218940342142_8813568210959082798_n.jpg?stp=dst-jpg_s150x150_tt6&efg=eyJ2ZW5jb2RlX3RhZyI6InByb2ZpbGVfcGljLmRqYW5nby4xMDI0LmMyIn0&_nc_ht=scontent-iad3-1.cdninstagram.com&_nc_cat=110&_nc_oc=Q6cZ2QGUCAw9Mn-bREJ8d1GzGUfpVtKNsmzbSkS2q0WZgEVKpH6gB8uXSnuERhIxmw_obOA&_nc_ohc=aSjtxJX6BgYQ7kNvwFAWnpW&_nc_gid=CDTT-nOvTEN3bZlW4qwpJg&edm=APs17CUBAAAA&ccb=7-5&oh=00_AfrLopidiN-X0VVjancReHl9BWxaJ4vmCaYzd4x0k6HAeA&oe=6966088A&_nc_sid=10d13b,https://www.threads.com/@willranmalae,1767845797.0,False,endang_creart,19.0,False,[],[],https://www.threads.com/@willranmalae/post/DTPGgORj-BZ
,https://www.threads.com/@endang_creart/post/DTMIt7rk5jy/dukung-pdip-menolak-kalau-dibiarin-pilpres-pun-akan-kembali-nggak-dipilih,javanicus.indonesiensis,Homo Javanicus Indonesiensis,False,Pemilu lansung masih jauh lebih baik daripada kasak kusuk anggota parlemen! Tidak ingatkah sejak jaman Demokrasi Terpimpin sampai Orba bagaimana Presiden kekuasaannya nyaris tak terbatas? Atau tidak ingatkah kelakuan kelompok Poros Tengah mengakali suara rakyat saat pemilihan Presiden pas masa transisi???,5,2,0,0,,,2026-01-07T06:27:28.000Z,2026-01-09T05:34:29.556680,reply,DTMwrucj8CV,https://scontent-iad3-1.cdninstagram.com/v/t51.2885-19/557833265_17843524074587194_7228906913005041309_n.jpg?stp=dst-jpg_s150x150_tt6&efg=eyJ2ZW5jb2RlX3RhZyI6InByb2ZpbGVfcGljLmRqYW5nby4xMDI0LmMyIn0&_nc_ht=scontent-iad3-1.cdninstagram.com&_nc_cat=110&_nc_oc=Q6cZ2QGUCAw9Mn-bREJ8d1GzGUfpVtKNsmzbSkS2q0WZgEVKpH6gB8uXSnuERhIxmw_obOA&_nc_ohc=GdlWwhNkYboQ7kNvwG8LAc4&_nc_gid=CDTT-nOvTEN3bZlW4qwpJg&edm=APs17CUBAAAA&ccb=7-5&oh=00_AfoyobR1ATKVJFQ3sjGoPYnsxP5pycGgD-iV1FvKMdqHgg&oe=6965EE33&_nc_sid=10d13b,https://www.threads.com/@javanicus.indonesiensis,1767767248.0,True,endang_creart,19.0,False,[],[],https://www.threads.com/@javanicus.indonesiensis/post/DTMwrucj8CV
,https://www.threads.com/@endang_creart/post/DTMIt7rk5jy/dukung-pdip-menolak-kalau-dibiarin-pilpres-pun-akan-kembali-nggak-dipilih,kris_tjahajaning_tyas,Kris Tjahajaning Tyas,False,Tetap suport PDIP…. Pemilihan langsung adalah hak politik rakyat,1,1,0,0,,,2026-01-08T00:15:05.000Z,2026-01-09T05:34:29.556680,reply,DTOq3LtEu-A,https://scontent-iad3-1.cdninstagram.com/v/t51.2885-19/550412151_17890332669343078_5775338609200618486_n.jpg?stp=dst-jpg_s150x150_tt6&efg=eyJ2ZW5jb2RlX3RhZyI6InByb2ZpbGVfcGljLmRqYW5nby44OTYuYzIifQ&_nc_ht=scontent-iad3-1.cdninstagram.com&_nc_cat=110&_nc_oc=Q6cZ2QGUCAw9Mn-bREJ8d1GzGUfpVtKNsmzbSkS2q0WZgEVKpH6gB8uXSnuERhIxmw_obOA&_nc_ohc=YYY4jxWeebQQ7kNvwG5FdB7&_nc_gid=CDTT-nOvTEN3bZlW4qwpJg&edm=APs17CUBAAAA&ccb=7-5&oh=00_Afq2jM9vVL5nBgGaKafzgUqGtfdAKVwf2ebw_0ZT7t_R9w&oe=6965EF13&_nc_sid=10d13b,https://www.threads.com/@kris_tjahajaning_tyas,1767831305.0,True,endang_creart,19.0,False,[],[],https://www.threads.com/@kris_tjahajaning_tyas/post/DTOq3LtEu-A
,https://www.threads.com/@endang_creart/post/DTMIt7rk5jy/dukung-pdip-menolak-kalau-dibiarin-pilpres-pun-akan-kembali-nggak-dipilih,luciole_band,Luciole Band Semarang,False,lah menteri dan wakil menteri sekarang yang dari PDIP aja ada kok,0,1,0,0,,,2026-01-07T12:03:28.000Z,2026-01-09T05:34:29.556680,reply,DTNXIoAk6SH,https://instagram.fcgb3-1.fna.fbcdn.net/v/t51.2885-19/573323465_1219825463302212_7278921664109726296_n.png?stp=dst-jpg_e0_s150x150_tt6&efg=eyJ2ZW5jb2RlX3RhZyI6InByb2ZpbGVfcGljLmRqYW5nby4xNTAuYzIifQ&_nc_ht=instagram.fcgb3-1.fna.fbcdn.net&_nc_cat=1&_nc_oc=Q6cZ2QFmieJwQoVnQzie0ie2RODfOnDNQlyRRH25_-qaLGZhClRCCjiF0M3PhzngidaWnLc26nb67ziHzjBRUQsBaJBi&_nc_ohc=jFezCB5ZvcgQ7kNvwHckC38&_nc_gid=hshkILWxXfZnf6DFvixoRA&edm=AEaYFD0BAAAA&ccb=7-5&ig_cache_key=YW5vbnltb3VzX3Byb2ZpbGVfcGlj.3-ccb7-5&oh=00_AfqHIUcsmDs8kYXD3xndqTIYdqS5Ja5T4RRmuoRxKDr-oA&oe=6965FFEA&_nc_sid=de718f,https://www.threads.com/@luciole_band,1767787408.0,False,endang_creart,19.0,False,[],[],https://www.threads.com/@luciole_band/post/DTNXIoAk6SH
,https://www.threads.com/@endang_creart/post/DTMIt7rk5jy/dukung-pdip-menolak-kalau-dibiarin-pilpres-pun-akan-kembali-nggak-dipilih,mytrip_myfestival,Rey Tanjung,False,"tragedi trisakti, penculikan aktivis, kerusuhan 98, mau terulang lagi?? era reformasi di perjuangkan agar rakyat mengenal pimpinannya, menggunakan hak nya untuk memilih. bukan kembali ke zaman batu lagi. sementara berapa persen masyarakat mengenal anggota dpr dan dprd? untuk ini saya mendukung PDIP",3,2,0,0,,,2026-01-07T10:53:55.000Z,2026-01-09T05:34:29.556680,reply,DTNPLLwAZIr,https://scontent-iad3-2.cdninstagram.com/v/t51.2885-19/505379469_18508982932008570_2899888207262054344_n.jpg?stp=dst-jpg_s150x150_tt6&efg=eyJ2ZW5jb2RlX3RhZyI6InByb2ZpbGVfcGljLmRqYW5nby4xMDgwLmMyIn0&_nc_ht=scontent-iad3-2.cdninstagram.com&_nc_cat=106&_nc_oc=Q6cZ2QGUCAw9Mn-bREJ8d1GzGUfpVtKNsmzbSkS2q0WZgEVKpH6gB8uXSnuERhIxmw_obOA&_nc_ohc=9l2a6pM7MYMQ7kNvwEd_YLE&_nc_gid=CDTT-nOvTEN3bZlW4qwpJg&edm=APs17CUBAAAA&ccb=7-5&oh=00_AfrwaZcdnzCB8XXzQnXZkdHPeJaXWDoZZSs5a99w74U6Lw&oe=6965F886&_nc_sid=10d13b,https://www.threads.com/@mytrip_myfestival,1767783235.0,False,endang_creart,19.0,False,[],[],https://www.threads.com/@mytrip_myfestival/post/DTNPLLwAZIr
,https://www.threads.com/@endang_creart/post/DTMIt7rk5jy/dukung-pdip-menolak-kalau-dibiarin-pilpres-pun-akan-kembali-nggak-dipilih,weindyjo,Weindy Jonatan,False,PKS kemana?,0,1,0,0,,,2026-01-07T18:09:27.000Z,2026-01-09T05:34:29.556680,reply,DTOBBJTEuZ4,https://scontent-iad3-2.cdninstagram.com/v/t51.2885-19/499415469_18496525375051943_4048217415519506298_n.jpg?stp=dst-jpg_s150x150_tt6&efg=eyJ2ZW5jb2RlX3RhZyI6InByb2ZpbGVfcGljLmRqYW5nby4xNTAuYzIifQ&_nc_ht=scontent-iad3-2.cdninstagram.com&_nc_cat=111&_nc_oc=Q6cZ2QGUCAw9Mn-bREJ8d1GzGUfpVtKNsmzbSkS2q0WZgEVKpH6gB8uXSnuERhIxmw_obOA&_nc_ohc=OLGWW3iuHMEQ7kNvwE2o9DI&_nc_gid=CDTT-nOvTEN3bZlW4qwpJg&edm=APs17CUBAAAA&ccb=7-5&oh=00_AfpJeOTFOnjXvv3kI5he051xFyTj7LHGoX-yvisCCxV97A&oe=6965F350&_nc_sid=10d13b,https://www.threads.com/@weindyjo,1767809367.0,False,endang_creart,19.0,False,[],[],https://www.threads.com/@weindyjo/post/DTOBBJTEuZ4
,https://www.threads.com/@endang_creart/post/DTMIt7rk5jy/dukung-pdip-menolak-kalau-dibiarin-pilpres-pun-akan-kembali-nggak-dipilih,andi_ghondil,Andi Himawan,False,"Bisa gak sih mendukung pilkada langsung tanpa mendukung PDIP nya, bagi saya kalian semua partai politik sama aja ...",1,1,0,0,,,2026-01-07T09:46:09.000Z,2026-01-09T05:34:29.556680,reply,DTNHa5IkWM5,https://scontent-iad3-2.cdninstagram.com/v/t51.2885-19/482039492_1673933919996690_1430460140750046623_n.jpg?stp=dst-jpg_s150x150_tt6&efg=eyJ2ZW5jb2RlX3RhZyI6InByb2ZpbGVfcGljLmRqYW5nby4xMDgwLmMyIn0&_nc_ht=scontent-iad3-2.cdninstagram.com&_nc_cat=106&_nc_oc=Q6cZ2QGUCAw9Mn-bREJ8d1GzGUfpVtKNsmzbSkS2q0WZgEVKpH6gB8uXSnuERhIxmw_obOA&_nc_ohc=SIi9LZsMP78Q7kNvwF0F2Fe&_nc_gid=CDTT-nOvTEN3bZlW4qwpJg&edm=APs17CUBAAAA&ccb=7-5&oh=00_Afo5RURCpXTogpTpUpqaIs8ipHPndUhiL3QmFieaI8XYtw&oe=696617A7&_nc_sid=10d13b,https://www.threads.com/@andi_ghondil,1767779169.0,False,endang_creart,19.0,False,[],[],https://www.threads.com/@andi_ghondil/post/DTNHa5IkWM5
,https://www.threads.com/@endang_creart/post/DTMIt7rk5jy/dukung-pdip-menolak-kalau-dibiarin-pilpres-pun-akan-kembali-nggak-dipilih,dimasdkw,S Kurniawan Dimas,False,"Yang ikut pilkada pun semua udah dipilihin, pilkada itu sekarang cuma penunjukan partai dibumbui drama, tapi emang butuh oposisi si",2,1,0,0,,,2026-01-07T04:46:31.000Z,2026-01-09T05:34:29.556680,reply,DTMlIUhkfjN,https://scontent-iad3-1.cdninstagram.com/v/t51.2885-19/470683669_1270670117386065_8014803432218783874_n.jpg?stp=dst-jpg_s150x150_tt6&efg=eyJ2ZW5jb2RlX3RhZyI6InByb2ZpbGVfcGljLmRqYW5nby4xMDgwLmMyIn0&_nc_ht=scontent-iad3-1.cdninstagram.com&_nc_cat=109&_nc_oc=Q6cZ2QGUCAw9Mn-bREJ8d1GzGUfpVtKNsmzbSkS2q0WZgEVKpH6gB8uXSnuERhIxmw_obOA&_nc_ohc=nR6TaIp7TRkQ7kNvwEQbPKg&_nc_gid=CDTT-nOvTEN3bZlW4qwpJg&edm=APs17CUBAAAA&ccb=7-5&oh=00_AfrPBSesPjKkaJ1Axdz2ATVaYNG0gdIHOvGkvFNjnZuQZg&oe=69660D02&_nc_sid=10d13b,https://www.threads.com/@dimasdkw,1767761191.0,False,endang_creart,19.0,False,[],[],https://www.threads.com/@dimasdkw/post/DTMlIUhkfjN
,https://www.threads.com/@endang_creart/post/DTMIt7rk5jy/dukung-pdip-menolak-kalau-dibiarin-pilpres-pun-akan-kembali-nggak-dipilih,syarifmanar,syarifmanar,False,Tinggal suara PKS yg belum ya? Mestinya sih nolak.,1,1,0,0,,,2026-01-07T09:16:57.000Z,2026-01-09T05:34:29.556680,reply,DTNEFDKEqxA,https://scontent-iad3-1.cdninstagram.com/v/t51.2885-19/484502551_611641521783128_817991475369910012_n.jpg?stp=dst-jpg_s150x150_tt6&efg=eyJ2ZW5jb2RlX3RhZyI6InByb2ZpbGVfcGljLmRqYW5nby4xMDgwLmMyIn0&_nc_ht=scontent-iad3-1.cdninstagram.com&_nc_cat=108&_nc_oc=Q6cZ2QGUCAw9Mn-bREJ8d1GzGUfpVtKNsmzbSkS2q0WZgEVKpH6gB8uXSnuERhIxmw_obOA&_nc_ohc=GmpMzLjFnrEQ7kNvwHbxYSx&_nc_gid=CDTT-nOvTEN3bZlW4qwpJg&edm=APs17CUBAAAA&ccb=7-5&oh=00_AfrLa0V6DCM5lcJfASy6Qp4xpi2Cq9DsYNgmenrdHus2rw&oe=69660E56&_nc_sid=10d13b,https://www.threads.com/@syarifmanar,1767777417.0,True,endang_creart,19.0,False,[],[],https://www.threads.com/@syarifmanar/post/DTNEFDKEqxA
,https://www.threads.com/@endang_creart/post/DTMIt7rk5jy/dukung-pdip-menolak-kalau-dibiarin-pilpres-pun-akan-kembali-nggak-dipilih,_diyuda,Yuda,False,Ini gara2 partai2 kyk pdip gagal mendidik kader2 pro rakyat dan gagal mendidik rakyat. Ya salah dia.,2,1,0,0,,,2026-01-07T02:43:58.000Z,2026-01-09T05:34:29.556680,reply,DTMXGtKgbRk,https://scontent-iad3-1.cdninstagram.com/v/t51.2885-19/563919643_17902654770269821_5072963535868450772_n.jpg?stp=dst-jpg_s150x150_tt6&efg=eyJ2ZW5jb2RlX3RhZyI6InByb2ZpbGVfcGljLmRqYW5nby4xMDgwLmMyIn0&_nc_ht=scontent-iad3-1.cdninstagram.com&_nc_cat=101&_nc_oc=Q6cZ2QGUCAw9Mn-bREJ8d1GzGUfpVtKNsmzbSkS2q0WZgEVKpH6gB8uXSnuERhIxmw_obOA&_nc_ohc=0j-TvEDbcAQQ7kNvwGOAoyd&_nc_gid=CDTT-nOvTEN3bZlW4qwpJg&edm=APs17CUBAAAA&ccb=7-5&oh=00_Afp3hgP4AVCYsE6Q8S64FfA2u6hp3NMoVVW4XrrlOPXW_Q&oe=6965EA51&_nc_sid=10d13b,https://www.threads.com/@_diyuda,1767753838.0,False,endang_creart,19.0,False,[],[],https://www.threads.com/@_diyuda/post/DTMXGtKgbRk
,https://www.threads.com/@endang_creart/post/DTMIt7rk5jy/dukung-pdip-menolak-kalau-dibiarin-pilpres-pun-akan-kembali-nggak-dipilih,kristiono_2212,Kristiono,False,"Gak ngaruh....DPR isinya pencoleng semua, buat apa dibelain. Udah bener omongan Mahfud MD, biar aja sekalian hancur negara ini...dan gw setuju.",2,1,0,0,,,2026-01-07T03:49:16.000Z,2026-01-09T05:34:29.556680,reply,DTMek_xgf3O,https://scontent-iad3-1.cdninstagram.com/v/t51.2885-19/528738993_18497741506067545_8511935212475678930_n.jpg?stp=dst-jpg_s150x150_tt6&efg=eyJ2ZW5jb2RlX3RhZyI6InByb2ZpbGVfcGljLmRqYW5nby4xMDgwLmMyIn0&_nc_ht=scontent-iad3-1.cdninstagram.com&_nc_cat=101&_nc_oc=Q6cZ2QGUCAw9Mn-bREJ8d1GzGUfpVtKNsmzbSkS2q0WZgEVKpH6gB8uXSnuERhIxmw_obOA&_nc_ohc=aB8c78gykw4Q7kNvwFPjQOM&_nc_gid=CDTT-nOvTEN3bZlW4qwpJg&edm=APs17CUBAAAA&ccb=7-5&oh=00_AfqQP1IwcW5wLRkwRklzU2-9g38uUfvOuxDP_ACQEUFCqw&oe=6965EF4B&_nc_sid=10d13b,https://www.threads.com/@kristiono_2212,1767757756.0,False,endang_creart,19.0,False,[],[],https://www.threads.com/@kristiono_2212/post/DTMek_xgf3O
,https://www.threads.com/@endang_creart/post/DTMIt7rk5jy/dukung-pdip-menolak-kalau-dibiarin-pilpres-pun-akan-kembali-nggak-dipilih,dienodin,Dino camping,False,"Mau dipilih DPR ataupun dipilih rakyat, kalo masih diisi orang2 rakus kekuasaan juga ga akan ada bedanya",1,1,0,0,,,2026-01-07T03:11:52.000Z,2026-01-09T05:34:29.556680,reply,DTMaTDAkw6f,https://scontent-iad3-1.cdninstagram.com/v/t51.2885-19/514866192_17912721894114908_3462404822359437869_n.jpg?stp=dst-jpg_s150x150_tt6&efg=eyJ2ZW5jb2RlX3RhZyI6InByb2ZpbGVfcGljLmRqYW5nby41MTYuYzIifQ&_nc_ht=scontent-iad3-1.cdninstagram.com&_nc_cat=108&_nc_oc=Q6cZ2QGUCAw9Mn-bREJ8d1GzGUfpVtKNsmzbSkS2q0WZgEVKpH6gB8uXSnuERhIxmw_obOA&_nc_ohc=kb6wigytp2MQ7kNvwFmyX8R&_nc_gid=CDTT-nOvTEN3bZlW4qwpJg&edm=APs17CUBAAAA&ccb=7-5&oh=00_Afrk04lVOBkXY_x_c2XE88xIMYeMYih6BKuhsktJpunNUQ&oe=6966072D&_nc_sid=10d13b,https://www.threads.com/@dienodin,1767755512.0,False,endang_creart,19.0,False,[],[],https://www.threads.com/@dienodin/post/DTMaTDAkw6f
DTMRdFwkumS,https://www.threads.com/@ekopriianto/post/DTMRdFwkumS/nggk-alasan-udah-gila-itu-partai-partai-cuma-gara-pengen-efisien-hak-rakyat,ekopriianto,Eko Budi Prianto,False,"Nggk,, Alasan Udah Gila itu Partai Partai,, cuma gara2 pengen Efisien Hak Rakyat jadi Korban,,, padahal yg bikin biaya tinggi mereka2 juga partai dan para calon, rakyat dibego2in pake duit biar kepilih giliran kalah ngamook nyalahin rakyat.",1,170,8,2,0.0,84.0,2026-01-07T01:54:35.000Z,2026-01-09T05:35:25.769342,original_post,,,,,,,,,,,
,https://www.threads.com/@ekopriianto/post/DTMRdFwkumS/nggk-alasan-udah-gila-itu-partai-partai-cuma-gara-pengen-efisien-hak-rakyat,serahadiwa,serahadiwa,False,"Wacana ini timbul alasannya untuk mengurangi anggaran alias efisiensi. Tapi kemungkinan ongkos politik pasti tetap mahal untuk melobi elite partai, seperti di awal tahun 2000an dulu. Bedanya lebih tertutup aja. 🫣",28,3,1,0,,,2026-01-06T10:05:30.000Z,2026-01-09T05:35:25.769342,reply,DTKk1xcgb2W,https://scontent-iad3-1.cdninstagram.com/v/t51.2885-19/491468768_1371451997225473_3785385323649244605_n.jpg?stp=dst-jpg_s150x150_tt6&efg=eyJ2ZW5jb2RlX3RhZyI6InByb2ZpbGVfcGljLmRqYW5nby4xMDgwLmMyIn0&_nc_ht=scontent-iad3-1.cdninstagram.com&_nc_cat=101&_nc_oc=Q6cZ2QF0-Cz4RStgo-Ryg9zbLJpQZ-ji6gcXCp8i7QLolkIQJVFuOUs4nqq9Pu7TnDWoPM0&_nc_ohc=8YXfJKcx6OMQ7kNvwHPFq3U&_nc_gid=2m0niiKoN-lNaugb3nxfmg&edm=APs17CUBAAAA&ccb=7-5&oh=00_AfqKax8upm9xCvq7_clEgH-V8UoPJDuq2kMoqotIGy1kGA&oe=696602C8&_nc_sid=10d13b,https://www.threads.com/@serahadiwa,1767693930.0,False,serahadiwa,1.0,False,[],[],https://www.threads.com/@serahadiwa/post/DTKk1xcgb2W
,https://www.threads.com/@ekopriianto/post/DTMRdFwkumS/nggk-alasan-udah-gila-itu-partai-partai-cuma-gara-pengen-efisien-hak-rakyat,firmanfma,Firmansyah,False,"Kalo Pilkada lewat DPRD, yang jadi Gubernur DKI Jakarta Ridwan Kamil, bukan Pramono Anung 😌",133,5,5,0,,,2026-01-06T12:06:22.000Z,2026-01-09T05:35:25.769342,reply,DTKyrBdk9hV,https://scontent-iad3-2.cdninstagram.com/v/t51.2885-19/564360635_17842091439599790_1026417782637679493_n.jpg?stp=dst-jpg_s150x150_tt6&efg=eyJ2ZW5jb2RlX3RhZyI6InByb2ZpbGVfcGljLmRqYW5nby4xMDgwLmMyIn0&_nc_ht=scontent-iad3-2.cdninstagram.com&_nc_cat=106&_nc_oc=Q6cZ2QF0-Cz4RStgo-Ryg9zbLJpQZ-ji6gcXCp8i7QLolkIQJVFuOUs4nqq9Pu7TnDWoPM0&_nc_ohc=d1WctB1JdT4Q7kNvwEg_Ao5&_nc_gid=2m0niiKoN-lNaugb3nxfmg&edm=APs17CUBAAAA&ccb=7-5&oh=00_AfqsMlydz3L1gHraOnym4ohNPKzFHd0lPLJDk21f8rE9EQ&oe=6965F1B9&_nc_sid=10d13b,https://www.threads.com/@firmanfma,1767701182.0,False,serahadiwa,19.0,False,[],[],https://www.threads.com/@firmanfma/post/DTKyrBdk9hV
,https://www.threads.com/@ekopriianto/post/DTMRdFwkumS/nggk-alasan-udah-gila-itu-partai-partai-cuma-gara-pengen-efisien-hak-rakyat,nicholasclementino,Nicholas Clementino,False,Lawan. Anak2 98 sdh berdarah melawan orba skrng mau dibikin orba lg. Uang akan berputar di dpr. Siapa yg berani bayar dia akan terpilih. Boong kl efisiensi. Rakyat lg yg akan dikorbankan. Dah waktunya rakyat turun kembali. Sampai kapan kita diam?,52,8,3,0,,,2026-01-06T12:17:00.000Z,2026-01-09T05:35:25.769342,reply,DTKz44qkq7B,https://instagram.fjpa12-1.fna.fbcdn.net/v/t51.2885-19/573323465_1219825463302212_7278921664109726296_n.png?stp=dst-jpg_e0_s150x150_tt6&efg=eyJ2ZW5jb2RlX3RhZyI6InByb2ZpbGVfcGljLmRqYW5nby4xNTAuYzIifQ&_nc_ht=instagram.fjpa12-1.fna.fbcdn.net&_nc_cat=1&_nc_oc=Q6cZ2QGcbnJm_Iha8gheeeDlvg1iefBNpH6RbHx5wJBhMrds5qjEpse1tHJ6YlCd259MS60&_nc_ohc=jFezCB5ZvcgQ7kNvwEjQsnN&_nc_gid=37zLfZhtvxhRCZSXLT5bYA&edm=AKRuJuEBAAAA&ccb=7-5&ig_cache_key=YW5vbnltb3VzX3Byb2ZpbGVfcGlj.3-ccb7-5&oh=00_Afo7xcLIg8xHS5TbzTHplXVhHFEwFQXYfvY6tDIKYhC8tA&oe=6965FFEA&_nc_sid=280a74,https://www.threads.com/@nicholasclementino,1767701820.0,False,serahadiwa,19.0,False,[],[],https://www.threads.com/@nicholasclementino/post/DTKz44qkq7B
,https://www.threads.com/@ekopriianto/post/DTMRdFwkumS/nggk-alasan-udah-gila-itu-partai-partai-cuma-gara-pengen-efisien-hak-rakyat,adjienainggolan,Adjie Nugroho Nainggolan,False,Alasan Gue Masih simpati sama PDI P. Ngga sempurna ... Tapi Masih ada point point yg Masih memihak ke Rakyat Dan berdasarkan konstitusi. Dulu sempet berharap ke PSI eh ternyata...,18,2,0,0,,,2026-01-07T00:31:18.000Z,2026-01-09T05:35:25.769342,reply,DTMH7BSExfn,https://scontent-iad3-1.cdninstagram.com/v/t51.2885-19/499071743_17912359077114595_5414695787384139613_n.jpg?stp=dst-jpg_s150x150_tt6&efg=eyJ2ZW5jb2RlX3RhZyI6InByb2ZpbGVfcGljLmRqYW5nby4xMDgwLmMyIn0&_nc_ht=scontent-iad3-1.cdninstagram.com&_nc_cat=107&_nc_oc=Q6cZ2QF0-Cz4RStgo-Ryg9zbLJpQZ-ji6gcXCp8i7QLolkIQJVFuOUs4nqq9Pu7TnDWoPM0&_nc_ohc=-er-yoZApGkQ7kNvwGrT5e6&_nc_gid=2m0niiKoN-lNaugb3nxfmg&edm=APs17CUBAAAA&ccb=7-5&oh=00_AfpRQIEaiTNH3XhA3c2NaiPk8mGZw9OQUZExvmAFuWjlJA&oe=696615C4&_nc_sid=10d13b,https://www.threads.com/@adjienainggolan,1767745878.0,False,serahadiwa,19.0,False,[],[],https://www.threads.com/@adjienainggolan/post/DTMH7BSExfn
,https://www.threads.com/@ekopriianto/post/DTMRdFwkumS/nggk-alasan-udah-gila-itu-partai-partai-cuma-gara-pengen-efisien-hak-rakyat,roys.ok2020,Roys Ok,False,Nah itu...panji sebenar nya di bayar pemerintah buat nyamarin itu..,5,2,0,0,,,2026-01-06T14:30:13.000Z,2026-01-09T05:35:25.769342,reply,DTLDIirkwGG,https://scontent-iad3-1.cdninstagram.com/v/t51.2885-19/521343983_18063952403334344_6936495358645774863_n.jpg?stp=dst-jpg_s150x150_tt6&efg=eyJ2ZW5jb2RlX3RhZyI6InByb2ZpbGVfcGljLmRqYW5nby4xMDgwLmMyIn0&_nc_ht=scontent-iad3-1.cdninstagram.com&_nc_cat=108&_nc_oc=Q6cZ2QF0-Cz4RStgo-Ryg9zbLJpQZ-ji6gcXCp8i7QLolkIQJVFuOUs4nqq9Pu7TnDWoPM0&_nc_ohc=xkiYpIhlTH0Q7kNvwGt_7hz&_nc_gid=2m0niiKoN-lNaugb3nxfmg&edm=APs17CUBAAAA&ccb=7-5&oh=00_Afr1yVyCfSA2DlbY-s4fl_qNprjhlf0xLCrbRALpVleHuQ&oe=6965EDE7&_nc_sid=10d13b,https://www.threads.com/@roys.ok2020,1767709813.0,False,serahadiwa,19.0,False,[],[],https://www.threads.com/@roys.ok2020/post/DTLDIirkwGG
,https://www.threads.com/@ekopriianto/post/DTMRdFwkumS/nggk-alasan-udah-gila-itu-partai-partai-cuma-gara-pengen-efisien-hak-rakyat,toko_berkahsejahtera,TokoBerkahSejahtera,False,"Org indo tdk percaya klo yg skrg jd presiden Orde Baru akan berkuasa lagi..awal, militer mulai banyak pegang jab sipil, soeharto jd pahlawan nasional, habis itu kepala daerah dipilih DPRD, trus nnti DPRD pilih tentara atau polisi utk jd kepala daerah, dan setelah sadar semua..akhirnya kita kembali lagi ke jaman sblm 1998..penak jaman ku toh le?..nikmatin setiap prosesnya..oke gas..oke gas..,",7,2,0,0,,,2026-01-07T05:06:14.000Z,2026-01-09T05:35:25.769342,reply,DTMnYuTDyYu,https://scontent-iad3-1.cdninstagram.com/v/t51.2885-19/483966828_530828299621783_4518479183117589187_n.jpg?stp=dst-jpg_s150x150_tt6&efg=eyJ2ZW5jb2RlX3RhZyI6InByb2ZpbGVfcGljLmRqYW5nby41NzYuYzIifQ&_nc_ht=scontent-iad3-1.cdninstagram.com&_nc_cat=107&_nc_oc=Q6cZ2QF0-Cz4RStgo-Ryg9zbLJpQZ-ji6gcXCp8i7QLolkIQJVFuOUs4nqq9Pu7TnDWoPM0&_nc_ohc=BFtcb_Jdo_YQ7kNvwFS5ijN&_nc_gid=2m0niiKoN-lNaugb3nxfmg&edm=APs17CUBAAAA&ccb=7-5&oh=00_AfoaUVK-FIGBBZhip8Dys_w7vhDS-KG2FYPSTsrOucyWsg&oe=69660EBB&_nc_sid=10d13b,https://www.threads.com/@toko_berkahsejahtera,1767762374.0,False,serahadiwa,19.0,False,[],[],https://www.threads.com/@toko_berkahsejahtera/post/DTMnYuTDyYu
,https://www.threads.com/@ekopriianto/post/DTMRdFwkumS/nggk-alasan-udah-gila-itu-partai-partai-cuma-gara-pengen-efisien-hak-rakyat,bangpoerslalu,Bang Poer New,True,"Walaupun masih mengkaji tapi hasil akhirnya tetap PKS mendukung pilkada oleh DPRD, mereka hanya nunggu bargaining yg belum deal aja. Jadi komposisinya PDIP (110 kursi) lawan 7 Fraksi (465 kursi) TolakPilkadaOlehDPRD",9,3,1,0,,,2026-01-07T00:55:38.000Z,2026-01-09T05:35:25.769342,reply,DTMKtTbk4nb,https://scontent-iad3-2.cdninstagram.com/v/t51.2885-19/298193977_632359058279705_6454462851162561509_n.jpg?stp=dst-jpg_s150x150_tt6&efg=eyJ2ZW5jb2RlX3RhZyI6InByb2ZpbGVfcGljLmRqYW5nby42NDAuYzIifQ&_nc_ht=scontent-iad3-2.cdninstagram.com&_nc_cat=105&_nc_oc=Q6cZ2QF0-Cz4RStgo-Ryg9zbLJpQZ-ji6gcXCp8i7QLolkIQJVFuOUs4nqq9Pu7TnDWoPM0&_nc_ohc=EjtLhJ-zAa4Q7kNvwGcwOJu&_nc_gid=2m0niiKoN-lNaugb3nxfmg&edm=APs17CUBAAAA&ccb=7-5&oh=00_Afrs5O5ssDdMsmSDo9Rgpt-QKE_s7qNgKCpJgxKoaOzDdw&oe=6965ED32&_nc_sid=10d13b,https://www.threads.com/@bangpoerslalu,1767747338.0,False,serahadiwa,1.0,False,[{'username': 'pk_sejahtera'}],['TolakPilkadaOlehDPRD'],https://www.threads.com/@bangpoerslalu/post/DTMKtTbk4nb
,https://www.threads.com/@ekopriianto/post/DTMRdFwkumS/nggk-alasan-udah-gila-itu-partai-partai-cuma-gara-pengen-efisien-hak-rakyat,iraagg96,Agung Irawan,False,"Alasan berhemat, sejatinya hanya bagi2 kekuasaan.... Kalau mau hemat, yg di ubah teknis pemilu nya, cari formula yg tepat, tapi ah sudahlah...",22,0,0,0,,,2026-01-06T12:29:25.000Z,2026-01-09T05:35:25.769342,reply,DTK1TxikygQ,https://scontent-iad3-2.cdninstagram.com/v/t51.2885-19/514537024_18389982394140707_6567055335042133375_n.jpg?stp=dst-jpg_s150x150_tt6&efg=eyJ2ZW5jb2RlX3RhZyI6InByb2ZpbGVfcGljLmRqYW5nby45NjAuYzIifQ&_nc_ht=scontent-iad3-2.cdninstagram.com&_nc_cat=111&_nc_oc=Q6cZ2QF0-Cz4RStgo-Ryg9zbLJpQZ-ji6gcXCp8i7QLolkIQJVFuOUs4nqq9Pu7TnDWoPM0&_nc_ohc=tAWL0k6hzVoQ7kNvwG-Pfao&_nc_gid=2m0niiKoN-lNaugb3nxfmg&edm=APs17CUBAAAA&ccb=7-5&oh=00_Afqsf4Ad4XEcnTQbXDa5hi2yL6hH6zgFDRmLROpuTxkdjw&oe=69661DB3&_nc_sid=10d13b,https://www.threads.com/@iraagg96,1767702565.0,False,serahadiwa,19.0,False,[],[],https://www.threads.com/@iraagg96/post/DTK1TxikygQ
,https://www.threads.com/@ekopriianto/post/DTMRdFwkumS/nggk-alasan-udah-gila-itu-partai-partai-cuma-gara-pengen-efisien-hak-rakyat,dkoes7,d'koes,False,"Setuju tidak ada pemilu, anggaran pemilu akan jauh lebih bermanfaat untuk menghidupkan roda ekonomi, pemilu boleh saja ada, semua calon wakil rakyat harus INDEPENDEN, tanpa campur tangan partai... Rusak sudah negeri ini oleh partai..",3,2,0,0,,,2026-01-06T14:22:53.000Z,2026-01-09T05:35:25.769342,reply,DTLCS0yD9PI,https://scontent-iad3-1.cdninstagram.com/v/t51.2885-19/461615010_2295875820778845_5570938622816765363_n.jpg?stp=dst-jpg_s150x150_tt6&efg=eyJ2ZW5jb2RlX3RhZyI6InByb2ZpbGVfcGljLmRqYW5nby4xMDgwLmMyIn0&_nc_ht=scontent-iad3-1.cdninstagram.com&_nc_cat=109&_nc_oc=Q6cZ2QF0-Cz4RStgo-Ryg9zbLJpQZ-ji6gcXCp8i7QLolkIQJVFuOUs4nqq9Pu7TnDWoPM0&_nc_ohc=7qIUgNGurGQQ7kNvwFpu8q5&_nc_gid=2m0niiKoN-lNaugb3nxfmg&edm=APs17CUBAAAA&ccb=7-5&oh=00_AfoumCSXuAZABEPf1ZEIHMGD18H5DCNiJlcCf2fobg-kiQ&oe=6965F756&_nc_sid=10d13b,https://www.threads.com/@dkoes7,1767709373.0,False,serahadiwa,19.0,False,[],[],https://www.threads.com/@dkoes7/post/DTLCS0yD9PI
,https://www.threads.com/@ekopriianto/post/DTMRdFwkumS/nggk-alasan-udah-gila-itu-partai-partai-cuma-gara-pengen-efisien-hak-rakyat,david.suwardi,dsw,False,Karena dprd diisi partai pemenang dan saat ini pdip ga jadi pemenang. Semua partai sama saja mikirinnya kepentingan partai dikemas dgn embel2 demi rakyat.,5,2,0,0,,,2026-01-06T12:15:36.000Z,2026-01-09T05:35:25.769342,reply,DTKzuoYkWs9,https://instagram.fjpa12-1.fna.fbcdn.net/v/t51.2885-19/573323465_1219825463302212_7278921664109726296_n.png?stp=dst-jpg_e0_s150x150_tt6&efg=eyJ2ZW5jb2RlX3RhZyI6InByb2ZpbGVfcGljLmRqYW5nby4xNTAuYzIifQ&_nc_ht=instagram.fjpa12-1.fna.fbcdn.net&_nc_cat=1&_nc_oc=Q6cZ2QGcbnJm_Iha8gheeeDlvg1iefBNpH6RbHx5wJBhMrds5qjEpse1tHJ6YlCd259MS60&_nc_ohc=jFezCB5ZvcgQ7kNvwEjQsnN&_nc_gid=37zLfZhtvxhRCZSXLT5bYA&edm=AKRuJuEBAAAA&ccb=7-5&ig_cache_key=YW5vbnltb3VzX3Byb2ZpbGVfcGlj.3-ccb7-5&oh=00_Afo7xcLIg8xHS5TbzTHplXVhHFEwFQXYfvY6tDIKYhC8tA&oe=6965FFEA&_nc_sid=280a74,https://www.threads.com/@david.suwardi,1767701736.0,False,serahadiwa,19.0,False,[],[],https://www.threads.com/@david.suwardi/post/DTKzuoYkWs9
,https://www.threads.com/@ekopriianto/post/DTMRdFwkumS/nggk-alasan-udah-gila-itu-partai-partai-cuma-gara-pengen-efisien-hak-rakyat,husodo2189061,husodo 2189061,False,Kagak usah banyak parpol dah biar ongkos politik gak kemahalan,0,0,0,0,,,2026-01-07T07:20:37.000Z,2026-01-09T05:35:25.769342,reply,DTM2w_9EjFz,https://scontent-iad3-2.cdninstagram.com/v/t51.2885-19/568287966_17842443051602915_8037961434870909997_n.jpg?stp=dst-jpg_s150x150_tt6&efg=eyJ2ZW5jb2RlX3RhZyI6InByb2ZpbGVfcGljLmRqYW5nby4xMDgwLmMyIn0&_nc_ht=scontent-iad3-2.cdninstagram.com&_nc_cat=111&_nc_oc=Q6cZ2QF0-Cz4RStgo-Ryg9zbLJpQZ-ji6gcXCp8i7QLolkIQJVFuOUs4nqq9Pu7TnDWoPM0&_nc_ohc=UgT-6XgxbMQQ7kNvwGqiBl4&_nc_gid=2m0niiKoN-lNaugb3nxfmg&edm=APs17CUBAAAA&ccb=7-5&oh=00_Afq99g0mG1FN9tzvIkU1Ul5oXrjdpgN9Oq51UaVm7yr_Bg&oe=69660619&_nc_sid=10d13b,https://www.threads.com/@husodo2189061,1767770437.0,False,serahadiwa,19.0,False,[],[],https://www.threads.com/@husodo2189061/post/DTM2w_9EjFz
,https://www.threads.com/@ekopriianto/post/DTMRdFwkumS/nggk-alasan-udah-gila-itu-partai-partai-cuma-gara-pengen-efisien-hak-rakyat,abdrosyid954,Abdul Rasyid,False,"Kalau mau hemat parpol pemenang pemilu legislatif di daerah setempat berhak jadi kepala daerah tanpa wakil , kalau kepala daerah berhalangan diwakili sekda. artinya siapapun yg jadi kepala daerah tetap pilihan rakyat. tanpa kongkalikong elit",5,0,0,0,,,2026-01-06T13:08:40.000Z,2026-01-09T05:35:25.769342,reply,DTK5zPyEnAZ,https://scontent-iad3-2.cdninstagram.com/v/t51.2885-19/515458818_18376134844126841_8025011919266439749_n.jpg?stp=dst-jpg_s150x150_tt6&efg=eyJ2ZW5jb2RlX3RhZyI6InByb2ZpbGVfcGljLmRqYW5nby43MTEuYzIifQ&_nc_ht=scontent-iad3-2.cdninstagram.com&_nc_cat=105&_nc_oc=Q6cZ2QF0-Cz4RStgo-Ryg9zbLJpQZ-ji6gcXCp8i7QLolkIQJVFuOUs4nqq9Pu7TnDWoPM0&_nc_ohc=m9WLuySAq3UQ7kNvwHAqXJp&_nc_gid=2m0niiKoN-lNaugb3nxfmg&edm=APs17CUBAAAA&ccb=7-5&oh=00_AfpiZctcs5iNPDfiX7P_sCpYq-nSqfQrtvlb_TLnSTt-FA&oe=696608E0&_nc_sid=10d13b,https://www.threads.com/@abdrosyid954,1767704920.0,False,serahadiwa,19.0,False,[],[],https://www.threads.com/@abdrosyid954/post/DTK5zPyEnAZ
,https://www.threads.com/@ekopriianto/post/DTMRdFwkumS/nggk-alasan-udah-gila-itu-partai-partai-cuma-gara-pengen-efisien-hak-rakyat,david.sebastian74,David,False,"Setahu saya wacana gubenur dipilih oleh DPRD sdh ada sjk jaman pak SBY meski kemudian digagalkan.Gua sih setuju sebagian. Alasannya, Gubenur adalah tangan pemerintah pusat di daerah kecuali untuk daerah dng status khusus (Jakarta,Aceh,Jogja),tugasnya mengawasi proyek pusat di daerah jd ya lbh baik diserahkan ke pemerintah/DPRD sedang untuk kepala daerah (walikota/bupati) baru diadakan pilkada krn dia wakil rakyat daerah.",0,0,0,0,,,2026-01-07T07:28:29.000Z,2026-01-09T05:35:25.769342,reply,DTM3qi7E6qU,https://scontent-iad3-2.cdninstagram.com/v/t51.2885-19/473045788_1320738136009371_7472531873081172728_n.jpg?stp=dst-jpg_s150x150_tt6&efg=eyJ2ZW5jb2RlX3RhZyI6InByb2ZpbGVfcGljLmRqYW5nby43MjAuYzIifQ&_nc_ht=scontent-iad3-2.cdninstagram.com&_nc_cat=103&_nc_oc=Q6cZ2QF0-Cz4RStgo-Ryg9zbLJpQZ-ji6gcXCp8i7QLolkIQJVFuOUs4nqq9Pu7TnDWoPM0&_nc_ohc=vruH35R5VC0Q7kNvwHib1YB&_nc_gid=2m0niiKoN-lNaugb3nxfmg&edm=APs17CUBAAAA&ccb=7-5&oh=00_AfpI8Ly0eswSwiMaY1oWFAf5n4xp0zjJBUkHTpEnKQBqvg&oe=6965EC01&_nc_sid=10d13b,https://www.threads.com/@david.sebastian74,1767770909.0,False,serahadiwa,19.0,False,[],[],https://www.threads.com/@david.sebastian74/post/DTM3qi7E6qU
,https://www.threads.com/@ekopriianto/post/DTMRdFwkumS/nggk-alasan-udah-gila-itu-partai-partai-cuma-gara-pengen-efisien-hak-rakyat,gw9917266,Gunawan Wibisono,False,"DPRD Merasa iri dgn rakyat,setiap pilkada rakyat bisa dapat cuan dari calon pesrta pilkada. Kalaupun ada cuan yg masuk,itu akan masuk ke parpolnya. Kalau akhirnya DPRD yg memilih, setiap anggota DPRD pasti berharap dapat cuan langsung dari calon.",5,1,0,0,,,2026-01-06T12:46:31.000Z,2026-01-09T05:35:25.769342,reply,DTK3RBnEr5-,https://scontent-iad3-1.cdninstagram.com/v/t51.2885-19/481432793_1708775720078041_7717429170529428170_n.jpg?stp=dst-jpg_s150x150_tt6&efg=eyJ2ZW5jb2RlX3RhZyI6InByb2ZpbGVfcGljLmRqYW5nby43MjAuYzIifQ&_nc_ht=scontent-iad3-1.cdninstagram.com&_nc_cat=101&_nc_oc=Q6cZ2QF0-Cz4RStgo-Ryg9zbLJpQZ-ji6gcXCp8i7QLolkIQJVFuOUs4nqq9Pu7TnDWoPM0&_nc_ohc=rE6CYnsU7AQQ7kNvwGXvptH&_nc_gid=2m0niiKoN-lNaugb3nxfmg&edm=APs17CUBAAAA&ccb=7-5&oh=00_AfoJ7IW7Z9grQoAReN6cxLTFbzDy9qd99NDSs-Es88wl1Q&oe=6965F3EC&_nc_sid=10d13b,https://www.threads.com/@gw9917266,1767703591.0,False,serahadiwa,19.0,False,[],[],https://www.threads.com/@gw9917266/post/DTK3RBnEr5-
,https://www.threads.com/@ekopriianto/post/DTMRdFwkumS/nggk-alasan-udah-gila-itu-partai-partai-cuma-gara-pengen-efisien-hak-rakyat,thanel11,Thanel,False,"lah anggota2 dprd aja dianggap ga mewakili rakyat kok, malah mrk disuruh milih pemimpin daerah.. makin ngawur aja 🤭",8,0,0,0,,,2026-01-06T13:20:36.000Z,2026-01-09T05:35:25.769342,reply,DTK7Ku_EVIv,https://scontent-iad3-2.cdninstagram.com/v/t51.2885-19/357858317_620241270092874_4361936261041375779_n.jpg?stp=dst-jpg_s150x150_tt6&efg=eyJ2ZW5jb2RlX3RhZyI6InByb2ZpbGVfcGljLmRqYW5nby4xMDgwLmMyIn0&_nc_ht=scontent-iad3-2.cdninstagram.com&_nc_cat=106&_nc_oc=Q6cZ2QF0-Cz4RStgo-Ryg9zbLJpQZ-ji6gcXCp8i7QLolkIQJVFuOUs4nqq9Pu7TnDWoPM0&_nc_ohc=IVnnICpZ6UQQ7kNvwGAyVzv&_nc_gid=2m0niiKoN-lNaugb3nxfmg&edm=APs17CUBAAAA&ccb=7-5&oh=00_AfpphD6VkdZZqk4ftpAS4ptPvbe4ENPxnKGd8euueTKv-w&oe=69660561&_nc_sid=10d13b,https://www.threads.com/@thanel11,1767705636.0,False,serahadiwa,19.0,False,[],[],https://www.threads.com/@thanel11/post/DTK7Ku_EVIv
,https://www.threads.com/@ekopriianto/post/DTMRdFwkumS/nggk-alasan-udah-gila-itu-partai-partai-cuma-gara-pengen-efisien-hak-rakyat,jaton.tri,Jaton Tri,False,"PDIP nolak karena mereka bisa kalah telak jika ini terjadi, karena target PDIP selalu pucuk, kalau sampai ini terjadi PDIP mau ga mau harus tunduk dan masuk koalisi Prabowo",2,0,0,0,,,2026-01-07T02:55:50.000Z,2026-01-09T05:35:25.769342,reply,DTMYdpbElue,https://instagram.fjpa12-1.fna.fbcdn.net/v/t51.2885-19/573323465_1219825463302212_7278921664109726296_n.png?stp=dst-jpg_e0_s150x150_tt6&efg=eyJ2ZW5jb2RlX3RhZyI6InByb2ZpbGVfcGljLmRqYW5nby4xNTAuYzIifQ&_nc_ht=instagram.fjpa12-1.fna.fbcdn.net&_nc_cat=1&_nc_oc=Q6cZ2QGcbnJm_Iha8gheeeDlvg1iefBNpH6RbHx5wJBhMrds5qjEpse1tHJ6YlCd259MS60&_nc_ohc=jFezCB5ZvcgQ7kNvwEjQsnN&_nc_gid=37zLfZhtvxhRCZSXLT5bYA&edm=AKRuJuEBAAAA&ccb=7-5&ig_cache_key=YW5vbnltb3VzX3Byb2ZpbGVfcGlj.3-ccb7-5&oh=00_Afo7xcLIg8xHS5TbzTHplXVhHFEwFQXYfvY6tDIKYhC8tA&oe=6965FFEA&_nc_sid=280a74,https://www.threads.com/@jaton.tri,1767754550.0,False,serahadiwa,19.0,False,[],[],https://www.threads.com/@jaton.tri/post/DTMYdpbElue
,https://www.threads.com/@ekopriianto/post/DTMRdFwkumS/nggk-alasan-udah-gila-itu-partai-partai-cuma-gara-pengen-efisien-hak-rakyat,scandraventure,Sianti Candra,False,Ini operasi senyap yah... 🤔,3,1,0,0,,,2026-01-06T20:07:04.000Z,2026-01-09T05:35:25.769342,reply,DTLprzWE6Xa,https://scontent-iad3-1.cdninstagram.com/v/t51.2885-19/358504271_295808969773430_8234101561848512299_n.jpg?stp=dst-jpg_s150x150_tt6&efg=eyJ2ZW5jb2RlX3RhZyI6InByb2ZpbGVfcGljLmRqYW5nby4xMDgwLmMyIn0&_nc_ht=scontent-iad3-1.cdninstagram.com&_nc_cat=102&_nc_oc=Q6cZ2QF0-Cz4RStgo-Ryg9zbLJpQZ-ji6gcXCp8i7QLolkIQJVFuOUs4nqq9Pu7TnDWoPM0&_nc_ohc=hhUCfF5BPaEQ7kNvwGgvhq0&_nc_gid=2m0niiKoN-lNaugb3nxfmg&edm=APs17CUBAAAA&ccb=7-5&oh=00_AfowQo4DflOKlcNQmudXuaSibchqS2EPiIMr-Na2MMl-Pg&oe=6965F0D9&_nc_sid=10d13b,https://www.threads.com/@scandraventure,1767730024.0,False,serahadiwa,19.0,False,[],[],https://www.threads.com/@scandraventure/post/DTLprzWE6Xa
,https://www.threads.com/@ekopriianto/post/DTMRdFwkumS/nggk-alasan-udah-gila-itu-partai-partai-cuma-gara-pengen-efisien-hak-rakyat,dr.hendarasena,Henda Rasena,False,kalo dprpd nya pinter pinter dan amanah sih oke oke aja lha dprd nya mohon maaf kualitasnya kurang..,0,0,0,0,,,2026-01-07T06:29:44.000Z,2026-01-09T05:35:25.769342,reply,DTMw8WQgQuA,https://scontent-iad3-1.cdninstagram.com/v/t51.2885-19/590401646_17903284851309649_191814983452366593_n.jpg?stp=dst-jpg_s150x150_tt6&efg=eyJ2ZW5jb2RlX3RhZyI6InByb2ZpbGVfcGljLmRqYW5nby4xMDgwLmMyIn0&_nc_ht=scontent-iad3-1.cdninstagram.com&_nc_cat=101&_nc_oc=Q6cZ2QF0-Cz4RStgo-Ryg9zbLJpQZ-ji6gcXCp8i7QLolkIQJVFuOUs4nqq9Pu7TnDWoPM0&_nc_ohc=u1DlvwEOxy0Q7kNvwHMbDMX&_nc_gid=2m0niiKoN-lNaugb3nxfmg&edm=APs17CUBAAAA&ccb=7-5&oh=00_Afp55W5SMICmcz9vxH4Gg2ELMPIY3e9eFlvsIqAl5vjipw&oe=6965F235&_nc_sid=10d13b,https://www.threads.com/@dr.hendarasena,1767767384.0,False,serahadiwa,19.0,False,[],[],https://www.threads.com/@dr.hendarasena/post/DTMw8WQgQuA
,https://www.threads.com/@ekopriianto/post/DTMRdFwkumS/nggk-alasan-udah-gila-itu-partai-partai-cuma-gara-pengen-efisien-hak-rakyat,pratindah,Indah Pratiwi,False,Gak ada yg mau demo apanih?,0,0,0,0,,,2026-01-07T05:03:00.000Z,2026-01-09T05:35:25.769342,reply,DTMnBG6k3YF,https://scontent-iad3-2.cdninstagram.com/v/t51.2885-19/611201800_17936760957114258_4253213750543384647_n.jpg?stp=dst-jpg_s150x150_tt6&efg=eyJ2ZW5jb2RlX3RhZyI6InByb2ZpbGVfcGljLmRqYW5nby44MjguYzIifQ&_nc_ht=scontent-iad3-2.cdninstagram.com&_nc_cat=106&_nc_oc=Q6cZ2QF0-Cz4RStgo-Ryg9zbLJpQZ-ji6gcXCp8i7QLolkIQJVFuOUs4nqq9Pu7TnDWoPM0&_nc_ohc=XlM2oIj-oP8Q7kNvwFQl08l&_nc_gid=2m0niiKoN-lNaugb3nxfmg&edm=APs17CUBAAAA&ccb=7-5&oh=00_AfqCVPYn-KBuZ9delXAqDSAuVBxpRfI3nRUh4A1Q_2OjNQ&oe=69660BFA&_nc_sid=10d13b,https://www.threads.com/@pratindah,1767762180.0,False,serahadiwa,19.0,False,[],[],https://www.threads.com/@pratindah/post/DTMnBG6k3YF
,https://www.threads.com/@ekopriianto/post/DTMRdFwkumS/nggk-alasan-udah-gila-itu-partai-partai-cuma-gara-pengen-efisien-hak-rakyat,michael.octavianus,Michael Octavianus Depari,False,"Sedih sih, dipilih sama rakyat, rakyatnya diabaikan, apalagi gak dipilih rakyat, makin gak peduli toh, karena kepentingan mereka bukan lagi di rakyat",1,0,0,0,,,2026-01-07T08:45:07.000Z,2026-01-09T05:35:25.769342,reply,DTNAb7JEcka,https://scontent-iad3-1.cdninstagram.com/v/t51.2885-19/489762858_1021718549359732_7428680206777031846_n.jpg?stp=dst-jpg_s150x150_tt6&efg=eyJ2ZW5jb2RlX3RhZyI6InByb2ZpbGVfcGljLmRqYW5nby4xMDgwLmMyIn0&_nc_ht=scontent-iad3-1.cdninstagram.com&_nc_cat=104&_nc_oc=Q6cZ2QF0-Cz4RStgo-Ryg9zbLJpQZ-ji6gcXCp8i7QLolkIQJVFuOUs4nqq9Pu7TnDWoPM0&_nc_ohc=R1_vklNAtAAQ7kNvwEJNchC&_nc_gid=2m0niiKoN-lNaugb3nxfmg&edm=APs17CUBAAAA&ccb=7-5&oh=00_Afo-0MnthjF1Oc8k5mhDlJIA2LA7q7ugMFnkGWY5yf2vwA&oe=6965FFD4&_nc_sid=10d13b,https://www.threads.com/@michael.octavianus,1767775507.0,False,serahadiwa,19.0,False,[],[],https://www.threads.com/@michael.octavianus/post/DTNAb7JEcka
,https://www.threads.com/@ekopriianto/post/DTMRdFwkumS/nggk-alasan-udah-gila-itu-partai-partai-cuma-gara-pengen-efisien-hak-rakyat,kris_tjahajaning_tyas,Kris Tjahajaning Tyas,False,"Gak setuju Pilkada lewat DPRD, wijudkan pemilihan langsung…. Klo dibilang gak efisien, noh lihat gemuknya kabinet yg udh jelas2 gak efisien",1,0,0,0,,,2026-01-07T07:01:57.000Z,2026-01-09T05:35:25.769342,reply,DTM0oS9Ei_h,https://scontent-iad3-1.cdninstagram.com/v/t51.2885-19/550412151_17890332669343078_5775338609200618486_n.jpg?stp=dst-jpg_s150x150_tt6&efg=eyJ2ZW5jb2RlX3RhZyI6InByb2ZpbGVfcGljLmRqYW5nby44OTYuYzIifQ&_nc_ht=scontent-iad3-1.cdninstagram.com&_nc_cat=110&_nc_oc=Q6cZ2QF0-Cz4RStgo-Ryg9zbLJpQZ-ji6gcXCp8i7QLolkIQJVFuOUs4nqq9Pu7TnDWoPM0&_nc_ohc=YYY4jxWeebQQ7kNvwHFkeCD&_nc_gid=2m0niiKoN-lNaugb3nxfmg&edm=APs17CUBAAAA&ccb=7-5&oh=00_AfrCZjkUpUKFh9s6SM5UifgFGgkFx2MRC0Hvz29Xn2SstA&oe=6965EF13&_nc_sid=10d13b,https://www.threads.com/@kris_tjahajaning_tyas,1767769317.0,False,serahadiwa,19.0,False,[],[],https://www.threads.com/@kris_tjahajaning_tyas/post/DTM0oS9Ei_h
,https://www.threads.com/@ekopriianto/post/DTMRdFwkumS/nggk-alasan-udah-gila-itu-partai-partai-cuma-gara-pengen-efisien-hak-rakyat,sambuluran,Sam Buluran,False,Jgn pilih caleg dpr dan dprd,1,1,0,0,,,2026-01-06T10:51:04.000Z,2026-01-09T05:35:25.769342,reply,DTKqDe9Ewxl,https://scontent-iad3-1.cdninstagram.com/v/t51.2885-19/472489145_1519419918749048_7578254016062719113_n.jpg?stp=dst-jpg_s150x150_tt6&efg=eyJ2ZW5jb2RlX3RhZyI6InByb2ZpbGVfcGljLmRqYW5nby4xNTAuYzIifQ&_nc_ht=scontent-iad3-1.cdninstagram.com&_nc_cat=108&_nc_oc=Q6cZ2QF0-Cz4RStgo-Ryg9zbLJpQZ-ji6gcXCp8i7QLolkIQJVFuOUs4nqq9Pu7TnDWoPM0&_nc_ohc=WxNU25hDvGQQ7kNvwHaJcSJ&_nc_gid=2m0niiKoN-lNaugb3nxfmg&edm=APs17CUBAAAA&ccb=7-5&oh=00_AfqrrI9g_gvSTTNx3Wu_26e7szLWahX-IDBqRjEK7OO8jg&oe=6965EFF7&_nc_sid=10d13b,https://www.threads.com/@sambuluran,1767696664.0,False,serahadiwa,19.0,False,[],[],https://www.threads.com/@sambuluran/post/DTKqDe9Ewxl
DS8b3wHE8H8,https://www.threads.com/@laurel_heydir/post/DS8b3wHE8H8/selamat-ya,laurel_heydir,Laurel Heydir,False,Selamat ya 🎉,21,3,0,0,0.0,22.0,2025-12-31T22:17:46.000Z,2026-01-09T05:36:19.152681,original_post,,,,,,,,,,,
,https://www.threads.com/@laurel_heydir/post/DS8b3wHE8H8/selamat-ya,ida_sudirman,Ida Nurhayati,False,Aamiin,0,0,0,0,,,2025-12-31T13:13:11.000Z,2026-01-09T05:36:19.152681,reply,DS7djJjEtPe,https://instagram.fltx1-1.fna.fbcdn.net/v/t51.2885-19/573323465_1219825463302212_7278921664109726296_n.png?stp=dst-jpg_e0_s150x150_tt6&efg=eyJ2ZW5jb2RlX3RhZyI6InByb2ZpbGVfcGljLmRqYW5nby4xNTAuYzIifQ&_nc_ht=instagram.fltx1-1.fna.fbcdn.net&_nc_cat=1&_nc_oc=Q6cZ2QGHdeoQJlZOmZ1LxsSCDoNR45F6jkUC5f6CTk3dbLsxktmL1LY5D9hbZAfC42bBOrA&_nc_ohc=jFezCB5ZvcgQ7kNvwFj9B3M&_nc_gid=uURQ6TTLcrA8Cta32YliqA&edm=AEaYFD0BAAAA&ccb=7-5&ig_cache_key=YW5vbnltb3VzX3Byb2ZpbGVfcGlj.3-ccb7-5&oh=00_Afo04c8VB8XMduWbuwyi19LeT0qb29ydchQIQq6GlfOmUA&oe=6965FFEA&_nc_sid=de718f,https://www.threads.com/@ida_sudirman,1767186791.0,False,iqraks,19.0,False,[],[],https://www.threads.com/@ida_sudirman/post/DS7djJjEtPe
,https://www.threads.com/@laurel_heydir/post/DS8b3wHE8H8/selamat-ya,bennyulfi,Benny Ulfi,False,Bravo Prof.Josias🔥👍,0,0,0,0,,,2025-12-31T11:28:28.000Z,2026-01-09T05:36:19.152681,reply,DS7RkHSARev,https://scontent-iad3-2.cdninstagram.com/v/t51.2885-19/424574405_931207208554788_3718842965535273106_n.jpg?stp=dst-jpg_s150x150_tt6&efg=eyJ2ZW5jb2RlX3RhZyI6InByb2ZpbGVfcGljLmRqYW5nby43NTYuYzIifQ&_nc_ht=scontent-iad3-2.cdninstagram.com&_nc_cat=100&_nc_oc=Q6cZ2QGKXQKeLtn-8nk4ahFKyW9fAHpB5not4jOxRbjCfoGckmvAmzvW0bdzf4RAA_xUW7M&_nc_ohc=uU4R8SnPAKoQ7kNvwFgxtwO&_nc_gid=IQO9uP_g7YWbYI21ZDZPkg&edm=APs17CUBAAAA&ccb=7-5&oh=00_AfppgFRVdYhaxnW3rI6MgAGoWbmGtk7gQWku_8p0ol4HXw&oe=6965E801&_nc_sid=10d13b,https://www.threads.com/@bennyulfi,1767180508.0,False,iqraks,19.0,False,[],[],https://www.threads.com/@bennyulfi/post/DS7RkHSARev
DTMSemujpf9,https://www.threads.com/@d10n_w4hyu/post/DTMSemujpf9/video-muhamad-khozin-debat-dengan-bang-fery-asas-pemilu-langsung-umum-bebas-rahasia,d10n_w4hyu,d1on_w4hyu,False,"Muhamad Khozin Debat dengan Bang Fery Asas Pemilu Langsung Umum Bebas Rahasia sebagaimana di Maksud Pasal 22 E UUD 1945 Kagak Paham , ya Gak Bakalan Nyambung ges. TolakpilkadadipilihDPRD",92,23,12,1,0.0,7650.0,2026-01-07T02:03:33.000Z,2026-01-09T05:37:13.580670,original_post,,,,,,,,,,,
,https://www.threads.com/@d10n_w4hyu/post/DTMSemujpf9/video-muhamad-khozin-debat-dengan-bang-fery-asas-pemilu-langsung-umum-bebas-rahasia,bangpoerslalu,Bang Poer New,True,"Saya memilih anggota DPRD itu untuk fungsi Legislasi, Anggaran dan Pengawasan bukan mewakili saya untuk memilih eksekutif Bupati Walikota atau Gubernur. TolakPilkadaLewatDPRD TolakPilkadaOlehDPRD TolakPilkadaAkal2an TolakPilkadaPerwakilan DukungPilkadaLangsung PilkadaLangsung",19,0,0,0,,,2026-01-07T02:18:32.000Z,2026-01-09T05:37:13.580670,reply,DTMUMblk0Nq,https://scontent-iad3-2.cdninstagram.com/v/t51.2885-19/298193977_632359058279705_6454462851162561509_n.jpg?stp=dst-jpg_s150x150_tt6&efg=eyJ2ZW5jb2RlX3RhZyI6InByb2ZpbGVfcGljLmRqYW5nby42NDAuYzIifQ&_nc_ht=scontent-iad3-2.cdninstagram.com&_nc_cat=105&_nc_oc=Q6cZ2QF1VGElPam6F6l1L6jMSy_MMf_7kArH4hpJdx31Tle4kNVifg1noMJ_00qxGO5_ypg&_nc_ohc=3S8SkVjAhwsQ7kNvwH0BxN2&_nc_gid=LQ1LmVk_2Xzyt084yuA_4g&edm=APs17CUBAAAA&ccb=7-5&oh=00_AfrD9UZADFHZooHVf1azowW9pr81U0WDNNrEkgiSrIJfjw&oe=6965ED32&_nc_sid=10d13b,https://www.threads.com/@bangpoerslalu,1767752312.0,False,d10n_w4hyu,19.0,False,[],"['TolakPilkadaLewatDPRD', 'TolakPilkadaOlehDPRD', 'TolakPilkadaAkal2an', 'TolakPilkadaPerwakilan', 'DukungPilkadaLangsung', 'PilkadaLangsung']",https://www.threads.com/@bangpoerslalu/post/DTMUMblk0Nq
,https://www.threads.com/@d10n_w4hyu/post/DTMSemujpf9/video-muhamad-khozin-debat-dengan-bang-fery-asas-pemilu-langsung-umum-bebas-rahasia,jaunkjiunk,Jaunk Bin Jhiunk,False,"Ga perlu Pinter² emang di Konoha, Diutamakan Harus Jago Ngeles+Ngotot😅",13,0,0,0,,,2026-01-07T10:00:16.000Z,2026-01-09T05:37:13.580670,reply,DTNJCPkj4ZJ,https://scontent-iad3-1.cdninstagram.com/v/t51.2885-19/601484373_17936037642107594_8503382327283387258_n.jpg?stp=dst-jpg_s150x150_tt6&efg=eyJ2ZW5jb2RlX3RhZyI6InByb2ZpbGVfcGljLmRqYW5nby4xMDgwLmMyIn0&_nc_ht=scontent-iad3-1.cdninstagram.com&_nc_cat=102&_nc_oc=Q6cZ2QF1VGElPam6F6l1L6jMSy_MMf_7kArH4hpJdx31Tle4kNVifg1noMJ_00qxGO5_ypg&_nc_ohc=b717XFnbQSgQ7kNvwFP3E4K&_nc_gid=LQ1LmVk_2Xzyt084yuA_4g&edm=APs17CUBAAAA&ccb=7-5&oh=00_Afp9mXH44Og1YLODvQszNhOHqplBoWzcXtOrjkSJOJYlpw&oe=696611C7&_nc_sid=10d13b,https://www.threads.com/@jaunkjiunk,1767780016.0,False,d10n_w4hyu,19.0,False,[],[],https://www.threads.com/@jaunkjiunk/post/DTNJCPkj4ZJ
,https://www.threads.com/@d10n_w4hyu/post/DTMSemujpf9/video-muhamad-khozin-debat-dengan-bang-fery-asas-pemilu-langsung-umum-bebas-rahasia,indranawit12,indra gunawan,False,"Gus saya pernah ketemu jenengan , jangan gt lah masa memaksakan pendapat yg keliru",7,0,0,0,,,2026-01-07T10:16:04.000Z,2026-01-09T05:37:13.580670,reply,DTNK1-lknJ3,https://scontent-iad3-2.cdninstagram.com/v/t51.2885-19/472245678_576500478340092_4050785224667993388_n.jpg?stp=dst-jpg_s150x150_tt6&efg=eyJ2ZW5jb2RlX3RhZyI6InByb2ZpbGVfcGljLmRqYW5nby4xNTAuYzIifQ&_nc_ht=scontent-iad3-2.cdninstagram.com&_nc_cat=100&_nc_oc=Q6cZ2QF1VGElPam6F6l1L6jMSy_MMf_7kArH4hpJdx31Tle4kNVifg1noMJ_00qxGO5_ypg&_nc_ohc=ES8kLNa8ZsAQ7kNvwHcXKE4&_nc_gid=LQ1LmVk_2Xzyt084yuA_4g&edm=APs17CUBAAAA&ccb=7-5&oh=00_AfqcPEUjhAnUKsJuNtuzZwdiiPNN1LFJbLUFNz2TRvrn4w&oe=69660B1F&_nc_sid=10d13b,https://www.threads.com/@indranawit12,1767780964.0,False,d10n_w4hyu,19.0,False,[],[],https://www.threads.com/@indranawit12/post/DTNK1-lknJ3
,https://www.threads.com/@d10n_w4hyu/post/DTMSemujpf9/video-muhamad-khozin-debat-dengan-bang-fery-asas-pemilu-langsung-umum-bebas-rahasia,adi_mr_bels,Adi,False,Yu bisa yu ga usah datang ke TPS kl pileg. Biar gedung DPR kosong. Dipilih jg bikin rusak negara aja. Gw udah dr 2009 ga pernah sekali pun datang ke TPS buat nyoblos.. ga ada gunanya gaji sampah di gedung DPR,3,1,0,0,,,2026-01-07T12:03:43.000Z,2026-01-09T05:37:13.580670,reply,DTNXKbZD-JW,https://scontent-iad3-2.cdninstagram.com/v/t51.2885-19/573323465_1219825463302212_7278921664109726296_n.png?stp=dst-jpg_s150x150_tt6&efg=eyJ2ZW5jb2RlX3RhZyI6InByb2ZpbGVfcGljLmRqYW5nby4xNTAuYzIifQ&_nc_ht=scontent-iad3-2.cdninstagram.com&_nc_cat=1&_nc_oc=Q6cZ2QF1VGElPam6F6l1L6jMSy_MMf_7kArH4hpJdx31Tle4kNVifg1noMJ_00qxGO5_ypg&_nc_ohc=jFezCB5ZvcgQ7kNvwFtE-aU&_nc_gid=LQ1LmVk_2Xzyt084yuA_4g&edm=APs17CUBAAAA&ccb=7-5&ig_cache_key=YW5vbnltb3VzX3Byb2ZpbGVfcGlj.3-ccb7-5&oh=00_AfrMTjZL6r4AmMaZveKL3WhQM0hkP-EwO2PFWSfxmVOJeA&oe=6965FFEA&_nc_sid=10d13b,https://www.threads.com/@adi_mr_bels,1767787423.0,False,d10n_w4hyu,19.0,False,[],[],https://www.threads.com/@adi_mr_bels/post/DTNXKbZD-JW
,https://www.threads.com/@d10n_w4hyu/post/DTMSemujpf9/video-muhamad-khozin-debat-dengan-bang-fery-asas-pemilu-langsung-umum-bebas-rahasia,okkieadhi,Adhi Okkie,False,Gini jadinya jadi kalau pemilihan anggota dewan tidak pakai tes wawasan kebangsaan. Pakainya tes wawasan keuangan maksudnya uangnya buat nyalon kemarin keluar berapa .,3,1,0,0,,,2026-01-07T13:16:57.000Z,2026-01-09T05:37:13.580670,reply,DTNfi07E6WB,https://scontent-iad3-1.cdninstagram.com/v/t51.2885-19/510450146_18502764388036269_2165857673894567822_n.jpg?stp=dst-jpg_s150x150_tt6&efg=eyJ2ZW5jb2RlX3RhZyI6InByb2ZpbGVfcGljLmRqYW5nby4zOTEuYzIifQ&_nc_ht=scontent-iad3-1.cdninstagram.com&_nc_cat=109&_nc_oc=Q6cZ2QF1VGElPam6F6l1L6jMSy_MMf_7kArH4hpJdx31Tle4kNVifg1noMJ_00qxGO5_ypg&_nc_ohc=LCRUwZ3vdogQ7kNvwHSjO5w&_nc_gid=LQ1LmVk_2Xzyt084yuA_4g&edm=APs17CUBAAAA&ccb=7-5&oh=00_AfpYjALRnRKynjo6mKqTvjKhdHyR4lPsElSEV6b7HcHO6w&oe=69661951&_nc_sid=10d13b,https://www.threads.com/@okkieadhi,1767791817.0,False,d10n_w4hyu,19.0,False,[],[],https://www.threads.com/@okkieadhi/post/DTNfi07E6WB
,https://www.threads.com/@d10n_w4hyu/post/DTMSemujpf9/video-muhamad-khozin-debat-dengan-bang-fery-asas-pemilu-langsung-umum-bebas-rahasia,w2n1981,Tonight,False,NEGARA INI BUKAN FOKUS UTK KESEJAHTERAAN RAKYAT MALAH BAHAS BAGI BAGI KEKUASAAN...MEMANG KONTOL,12,0,0,0,,,2026-01-07T09:50:48.000Z,2026-01-09T05:37:13.580670,reply,DTNH8_0kfqq,https://scontent-iad3-2.cdninstagram.com/v/t51.2885-19/526722719_17858556642465005_1640044830891566006_n.jpg?stp=dst-jpg_s150x150_tt6&efg=eyJ2ZW5jb2RlX3RhZyI6InByb2ZpbGVfcGljLmRqYW5nby4xMDgwLmMyIn0&_nc_ht=scontent-iad3-2.cdninstagram.com&_nc_cat=105&_nc_oc=Q6cZ2QF1VGElPam6F6l1L6jMSy_MMf_7kArH4hpJdx31Tle4kNVifg1noMJ_00qxGO5_ypg&_nc_ohc=nkH8ZUYJ_AEQ7kNvwGpMRyW&_nc_gid=LQ1LmVk_2Xzyt084yuA_4g&edm=APs17CUBAAAA&ccb=7-5&oh=00_AfqC9xVxo363Vkx0UbwBuiPWJTgdadUSd223CkjerK-ClQ&oe=6966108E&_nc_sid=10d13b,https://www.threads.com/@w2n1981,1767779448.0,False,d10n_w4hyu,19.0,False,[],[],https://www.threads.com/@w2n1981/post/DTNH8_0kfqq
,https://www.threads.com/@d10n_w4hyu/post/DTMSemujpf9/video-muhamad-khozin-debat-dengan-bang-fery-asas-pemilu-langsung-umum-bebas-rahasia,yahdian.1234,Yahdian Noor,False,"Saya tidak setuju pilkada oleh DPRD. Kita perbaiki sistemnya, bgmana proses pencalonan oleh parpol dan oleh masyarakat itu agar tidak dg bayar mahar. Tp betul oleh kader parpol atau orang yg memang berkompeten.",1,0,0,0,,,2026-01-07T13:18:28.000Z,2026-01-09T05:37:13.580670,reply,DTNft9Dk5lR,https://scontent-iad3-2.cdninstagram.com/v/t51.2885-19/573323465_1219825463302212_7278921664109726296_n.png?stp=dst-jpg_s150x150_tt6&efg=eyJ2ZW5jb2RlX3RhZyI6InByb2ZpbGVfcGljLmRqYW5nby4xNTAuYzIifQ&_nc_ht=scontent-iad3-2.cdninstagram.com&_nc_cat=1&_nc_oc=Q6cZ2QF1VGElPam6F6l1L6jMSy_MMf_7kArH4hpJdx31Tle4kNVifg1noMJ_00qxGO5_ypg&_nc_ohc=jFezCB5ZvcgQ7kNvwFtE-aU&_nc_gid=LQ1LmVk_2Xzyt084yuA_4g&edm=APs17CUBAAAA&ccb=7-5&ig_cache_key=YW5vbnltb3VzX3Byb2ZpbGVfcGlj.3-ccb7-5&oh=00_AfrMTjZL6r4AmMaZveKL3WhQM0hkP-EwO2PFWSfxmVOJeA&oe=6965FFEA&_nc_sid=10d13b,https://www.threads.com/@yahdian.1234,1767791908.0,False,d10n_w4hyu,19.0,False,[],[],https://www.threads.com/@yahdian.1234/post/DTNft9Dk5lR
,https://www.threads.com/@d10n_w4hyu/post/DTMSemujpf9/video-muhamad-khozin-debat-dengan-bang-fery-asas-pemilu-langsung-umum-bebas-rahasia,dwinanto_0305,Dony Dwinanto,False,"Gengsi kegedean sih org org Partai, apa karena mereka org Partai trus seenaknya Tafsir semua pasal semau mereka ???, emang rusak rusaaaaakk",1,0,0,0,,,2026-01-07T11:58:48.000Z,2026-01-09T05:37:13.580670,reply,DTNWmfbDwu9,https://scontent-iad3-1.cdninstagram.com/v/t51.2885-19/601765157_17843671695656306_6408746135467783006_n.jpg?stp=dst-jpg_s150x150_tt6&efg=eyJ2ZW5jb2RlX3RhZyI6InByb2ZpbGVfcGljLmRqYW5nby4xMDgwLmMyIn0&_nc_ht=scontent-iad3-1.cdninstagram.com&_nc_cat=102&_nc_oc=Q6cZ2QF1VGElPam6F6l1L6jMSy_MMf_7kArH4hpJdx31Tle4kNVifg1noMJ_00qxGO5_ypg&_nc_ohc=U71li3f6TnIQ7kNvwHhzbBq&_nc_gid=LQ1LmVk_2Xzyt084yuA_4g&edm=APs17CUBAAAA&ccb=7-5&oh=00_AfpUgDyt1ifKXwrLxTDts1sy7mKMCVEDx7Kx7iYMnbNzKQ&oe=69661B10&_nc_sid=10d13b,https://www.threads.com/@dwinanto_0305,1767787128.0,False,d10n_w4hyu,19.0,False,[],[],https://www.threads.com/@dwinanto_0305/post/DTNWmfbDwu9
,https://www.threads.com/@d10n_w4hyu/post/DTMSemujpf9/video-muhamad-khozin-debat-dengan-bang-fery-asas-pemilu-langsung-umum-bebas-rahasia,ridayantot,tono ridayanto,False,G bljr pmp kali,0,0,0,0,,,2026-01-07T15:21:14.000Z,2026-01-09T05:37:13.580670,reply,DTNtxJME_Dl,https://scontent-iad3-2.cdninstagram.com/v/t51.2885-19/573323465_1219825463302212_7278921664109726296_n.png?stp=dst-jpg_s150x150_tt6&efg=eyJ2ZW5jb2RlX3RhZyI6InByb2ZpbGVfcGljLmRqYW5nby4xNTAuYzIifQ&_nc_ht=scontent-iad3-2.cdninstagram.com&_nc_cat=1&_nc_oc=Q6cZ2QF1VGElPam6F6l1L6jMSy_MMf_7kArH4hpJdx31Tle4kNVifg1noMJ_00qxGO5_ypg&_nc_ohc=jFezCB5ZvcgQ7kNvwFtE-aU&_nc_gid=LQ1LmVk_2Xzyt084yuA_4g&edm=APs17CUBAAAA&ccb=7-5&ig_cache_key=YW5vbnltb3VzX3Byb2ZpbGVfcGlj.3-ccb7-5&oh=00_AfrMTjZL6r4AmMaZveKL3WhQM0hkP-EwO2PFWSfxmVOJeA&oe=6965FFEA&_nc_sid=10d13b,https://www.threads.com/@ridayantot,1767799274.0,False,d10n_w4hyu,19.0,False,[],[],https://www.threads.com/@ridayantot/post/DTNtxJME_Dl
,https://www.threads.com/@d10n_w4hyu/post/DTMSemujpf9/video-muhamad-khozin-debat-dengan-bang-fery-asas-pemilu-langsung-umum-bebas-rahasia,adrian_wahyudi,Adrian Wahyudi,False,Menafsirkan UU aja salah masih ngotot.. yg begini contoh wakil rakyat dan pemerintah sekarang.. gimana gak tambah mundur Indonesia..,0,0,0,0,,,2026-01-07T14:03:03.000Z,2026-01-09T05:37:13.580670,reply,DTNk0dCkt3i,https://scontent-iad3-1.cdninstagram.com/v/t51.2885-19/475840970_564090160116823_4396847599426639403_n.jpg?stp=dst-jpg_s150x150_tt6&efg=eyJ2ZW5jb2RlX3RhZyI6InByb2ZpbGVfcGljLmRqYW5nby4xNTAuYzIifQ&_nc_ht=scontent-iad3-1.cdninstagram.com&_nc_cat=107&_nc_oc=Q6cZ2QF1VGElPam6F6l1L6jMSy_MMf_7kArH4hpJdx31Tle4kNVifg1noMJ_00qxGO5_ypg&_nc_ohc=WOjRMT50C48Q7kNvwHZOUGM&_nc_gid=LQ1LmVk_2Xzyt084yuA_4g&edm=APs17CUBAAAA&ccb=7-5&oh=00_AfohGewL18BNF6NAXzASWSXLOV4QZZbOh8CSfJ6hBiMxUQ&oe=69660588&_nc_sid=10d13b,https://www.threads.com/@adrian_wahyudi,1767794583.0,False,d10n_w4hyu,19.0,False,[],[],https://www.threads.com/@adrian_wahyudi/post/DTNk0dCkt3i
,https://www.threads.com/@d10n_w4hyu/post/DTMSemujpf9/video-muhamad-khozin-debat-dengan-bang-fery-asas-pemilu-langsung-umum-bebas-rahasia,paremangmotor,Paremang Motor,False,"Mereka yg mau merubah sistem pemilu via dewan adalah koruptor, mereka mau menerima semua money politik dari para kandidat. Beda sama pilihan langsung kandidat bagi2 uang ke masyarakat jadi mereka ngga dpt banyak",0,0,0,0,,,2026-01-07T14:00:43.000Z,2026-01-09T05:37:13.580670,reply,DTNkjW2j5Mj,https://scontent-iad3-2.cdninstagram.com/v/t51.2885-19/483375873_1120824636454128_1410113689904267539_n.jpg?stp=dst-jpg_s150x150_tt6&efg=eyJ2ZW5jb2RlX3RhZyI6InByb2ZpbGVfcGljLmRqYW5nby4xMDgwLmMyIn0&_nc_ht=scontent-iad3-2.cdninstagram.com&_nc_cat=100&_nc_oc=Q6cZ2QF1VGElPam6F6l1L6jMSy_MMf_7kArH4hpJdx31Tle4kNVifg1noMJ_00qxGO5_ypg&_nc_ohc=X2nqnraEAxMQ7kNvwFefSfi&_nc_gid=LQ1LmVk_2Xzyt084yuA_4g&edm=APs17CUBAAAA&ccb=7-5&oh=00_Afq_oy9IJ7JIH4eG9ozp4q7CqRFnx727Ypli08kk4PJG_Q&oe=696608C4&_nc_sid=10d13b,https://www.threads.com/@paremangmotor,1767794443.0,False,d10n_w4hyu,19.0,False,[],[],https://www.threads.com/@paremangmotor/post/DTNkjW2j5Mj
,https://www.threads.com/@d10n_w4hyu/post/DTMSemujpf9/video-muhamad-khozin-debat-dengan-bang-fery-asas-pemilu-langsung-umum-bebas-rahasia,erwien_djb,Erwien,False,Kocak neh orang... Artinya memilih sesuai dg kepentingan pejabat dan penguasa oleh DPR dan DPRD tidak langsung oleh rakyat dan masyarakat... Artinya..... 🤣🤣🤣🤣,0,0,0,0,,,2026-01-07T16:02:09.000Z,2026-01-09T05:37:13.580670,reply,DTNyc1qCcIL,https://scontent-iad3-2.cdninstagram.com/v/t51.2885-19/481178877_1368488714601479_4251773600494087216_n.jpg?stp=dst-jpg_s150x150_tt6&efg=eyJ2ZW5jb2RlX3RhZyI6InByb2ZpbGVfcGljLmRqYW5nby44MzEuYzIifQ&_nc_ht=scontent-iad3-2.cdninstagram.com&_nc_cat=111&_nc_oc=Q6cZ2QF1VGElPam6F6l1L6jMSy_MMf_7kArH4hpJdx31Tle4kNVifg1noMJ_00qxGO5_ypg&_nc_ohc=Xit-Ht1j0NkQ7kNvwEeQHOa&_nc_gid=LQ1LmVk_2Xzyt084yuA_4g&edm=APs17CUBAAAA&ccb=7-5&oh=00_Afrr5i72mSWlozvWwGpKRlHxczXwhi-Vy4fD4xyomP3b3A&oe=6965F3BE&_nc_sid=10d13b,https://www.threads.com/@erwien_djb,1767801729.0,False,d10n_w4hyu,19.0,False,[],[],https://www.threads.com/@erwien_djb/post/DTNyc1qCcIL
,https://www.threads.com/@d10n_w4hyu/post/DTMSemujpf9/video-muhamad-khozin-debat-dengan-bang-fery-asas-pemilu-langsung-umum-bebas-rahasia,hdityag,Aditya,False,"Klo omongannya bener, berarti SBY, jokowi, prabowo gak dah dong",0,0,0,0,,,2026-01-07T15:24:30.000Z,2026-01-09T05:37:13.580670,reply,DTNuJG6j-FO,https://scontent-iad3-2.cdninstagram.com/v/t51.2885-19/573323465_1219825463302212_7278921664109726296_n.png?stp=dst-jpg_s150x150_tt6&efg=eyJ2ZW5jb2RlX3RhZyI6InByb2ZpbGVfcGljLmRqYW5nby4xNTAuYzIifQ&_nc_ht=scontent-iad3-2.cdninstagram.com&_nc_cat=1&_nc_oc=Q6cZ2QF1VGElPam6F6l1L6jMSy_MMf_7kArH4hpJdx31Tle4kNVifg1noMJ_00qxGO5_ypg&_nc_ohc=jFezCB5ZvcgQ7kNvwFtE-aU&_nc_gid=LQ1LmVk_2Xzyt084yuA_4g&edm=APs17CUBAAAA&ccb=7-5&ig_cache_key=YW5vbnltb3VzX3Byb2ZpbGVfcGlj.3-ccb7-5&oh=00_AfrMTjZL6r4AmMaZveKL3WhQM0hkP-EwO2PFWSfxmVOJeA&oe=6965FFEA&_nc_sid=10d13b,https://www.threads.com/@hdityag,1767799470.0,False,d10n_w4hyu,19.0,False,[],[],https://www.threads.com/@hdityag/post/DTNuJG6j-FO
,https://www.threads.com/@d10n_w4hyu/post/DTMSemujpf9/video-muhamad-khozin-debat-dengan-bang-fery-asas-pemilu-langsung-umum-bebas-rahasia,kang_hill,Pak Cik Hilman,False,"zin, saya baru tau asas pemilu itu demokrasi,",0,0,0,0,,,2026-01-07T12:17:59.000Z,2026-01-09T05:37:13.580670,reply,DTNYy98gbxv,https://scontent-iad3-2.cdninstagram.com/v/t51.2885-19/448573302_812352707512271_3005489996550776915_n.jpg?stp=dst-jpg_s150x150_tt6&efg=eyJ2ZW5jb2RlX3RhZyI6InByb2ZpbGVfcGljLmRqYW5nby4xMDgwLmMyIn0&_nc_ht=scontent-iad3-2.cdninstagram.com&_nc_cat=111&_nc_oc=Q6cZ2QF1VGElPam6F6l1L6jMSy_MMf_7kArH4hpJdx31Tle4kNVifg1noMJ_00qxGO5_ypg&_nc_ohc=138V82VcPIYQ7kNvwErNi2N&_nc_gid=LQ1LmVk_2Xzyt084yuA_4g&edm=APs17CUBAAAA&ccb=7-5&oh=00_AfpJTA33KjpszS89cUSoiNi_oOFYFQLNLGSRE5buX85VWQ&oe=69661822&_nc_sid=10d13b,https://www.threads.com/@kang_hill,1767788279.0,False,d10n_w4hyu,19.0,False,[],[],https://www.threads.com/@kang_hill/post/DTNYy98gbxv
,https://www.threads.com/@d10n_w4hyu/post/DTMSemujpf9/video-muhamad-khozin-debat-dengan-bang-fery-asas-pemilu-langsung-umum-bebas-rahasia,surpraba71,paijo wibowo,False,DPR kok nda faham Hukum Ketatanegaraan,0,0,0,0,,,2026-01-07T14:38:35.000Z,2026-01-09T05:37:13.580670,reply,DTNo4sPkgz2,https://scontent-iad3-2.cdninstagram.com/v/t51.2885-19/573323465_1219825463302212_7278921664109726296_n.png?stp=dst-jpg_s150x150_tt6&efg=eyJ2ZW5jb2RlX3RhZyI6InByb2ZpbGVfcGljLmRqYW5nby4xNTAuYzIifQ&_nc_ht=scontent-iad3-2.cdninstagram.com&_nc_cat=1&_nc_oc=Q6cZ2QF1VGElPam6F6l1L6jMSy_MMf_7kArH4hpJdx31Tle4kNVifg1noMJ_00qxGO5_ypg&_nc_ohc=jFezCB5ZvcgQ7kNvwFtE-aU&_nc_gid=LQ1LmVk_2Xzyt084yuA_4g&edm=APs17CUBAAAA&ccb=7-5&ig_cache_key=YW5vbnltb3VzX3Byb2ZpbGVfcGlj.3-ccb7-5&oh=00_AfrMTjZL6r4AmMaZveKL3WhQM0hkP-EwO2PFWSfxmVOJeA&oe=6965FFEA&_nc_sid=10d13b,https://www.threads.com/@surpraba71,1767796715.0,False,d10n_w4hyu,19.0,False,[],[],https://www.threads.com/@surpraba71/post/DTNo4sPkgz2
,https://www.threads.com/@d10n_w4hyu/post/DTMSemujpf9/video-muhamad-khozin-debat-dengan-bang-fery-asas-pemilu-langsung-umum-bebas-rahasia,sugengmujianto,Sugeng Mujianto,False,Gak nyambung sdh la bang fery guru bernegara sekarang masih hidup kalau uu yg mengalangi uunya yg diganti,0,0,0,0,,,2026-01-07T22:46:23.000Z,2026-01-09T05:37:13.580670,reply,DTOgtgYknhH,https://scontent-iad3-2.cdninstagram.com/v/t51.2885-19/527574964_17882914509357389_7024360851255746078_n.jpg?stp=dst-jpg_s150x150_tt6&efg=eyJ2ZW5jb2RlX3RhZyI6InByb2ZpbGVfcGljLmRqYW5nby43OTQuYzIifQ&_nc_ht=scontent-iad3-2.cdninstagram.com&_nc_cat=105&_nc_oc=Q6cZ2QF1VGElPam6F6l1L6jMSy_MMf_7kArH4hpJdx31Tle4kNVifg1noMJ_00qxGO5_ypg&_nc_ohc=WuNuvjCLtl0Q7kNvwGb-RFZ&_nc_gid=LQ1LmVk_2Xzyt084yuA_4g&edm=APs17CUBAAAA&ccb=7-5&oh=00_Afp9amrS9JMhNoWBfiKepDUuVIhG2NIwjvR6YdEZsSUh3Q&oe=696609D5&_nc_sid=10d13b,https://www.threads.com/@sugengmujianto,1767825983.0,False,d10n_w4hyu,19.0,False,[],[],https://www.threads.com/@sugengmujianto/post/DTOgtgYknhH
,https://www.threads.com/@d10n_w4hyu/post/DTMSemujpf9/video-muhamad-khozin-debat-dengan-bang-fery-asas-pemilu-langsung-umum-bebas-rahasia,indranawit12,indra gunawan,False,"Gus saya pernah ketemu jenengan , jangan gt lah masa memaksakan pendapat yg keliru",0,0,0,0,,,2026-01-07T10:14:34.000Z,2026-01-09T05:37:13.580670,reply,DTNKrCxklV1,https://scontent-iad3-2.cdninstagram.com/v/t51.2885-19/472245678_576500478340092_4050785224667993388_n.jpg?stp=dst-jpg_s150x150_tt6&efg=eyJ2ZW5jb2RlX3RhZyI6InByb2ZpbGVfcGljLmRqYW5nby4xNTAuYzIifQ&_nc_ht=scontent-iad3-2.cdninstagram.com&_nc_cat=100&_nc_oc=Q6cZ2QF1VGElPam6F6l1L6jMSy_MMf_7kArH4hpJdx31Tle4kNVifg1noMJ_00qxGO5_ypg&_nc_ohc=ES8kLNa8ZsAQ7kNvwHcXKE4&_nc_gid=LQ1LmVk_2Xzyt084yuA_4g&edm=APs17CUBAAAA&ccb=7-5&oh=00_AfqcPEUjhAnUKsJuNtuzZwdiiPNN1LFJbLUFNz2TRvrn4w&oe=69660B1F&_nc_sid=10d13b,https://www.threads.com/@indranawit12,1767780874.0,False,d10n_w4hyu,19.0,False,[],[],https://www.threads.com/@indranawit12/post/DTNKrCxklV1
,https://www.threads.com/@d10n_w4hyu/post/DTMSemujpf9/video-muhamad-khozin-debat-dengan-bang-fery-asas-pemilu-langsung-umum-bebas-rahasia,paremangmotor,Paremang Motor,False,Cukur aja tub jenggot,0,0,0,0,,,2026-01-07T13:58:19.000Z,2026-01-09T05:37:13.580670,reply,DTNkR3rD8bu,https://scontent-iad3-2.cdninstagram.com/v/t51.2885-19/483375873_1120824636454128_1410113689904267539_n.jpg?stp=dst-jpg_s150x150_tt6&efg=eyJ2ZW5jb2RlX3RhZyI6InByb2ZpbGVfcGljLmRqYW5nby4xMDgwLmMyIn0&_nc_ht=scontent-iad3-2.cdninstagram.com&_nc_cat=100&_nc_oc=Q6cZ2QF1VGElPam6F6l1L6jMSy_MMf_7kArH4hpJdx31Tle4kNVifg1noMJ_00qxGO5_ypg&_nc_ohc=X2nqnraEAxMQ7kNvwFefSfi&_nc_gid=LQ1LmVk_2Xzyt084yuA_4g&edm=APs17CUBAAAA&ccb=7-5&oh=00_Afq_oy9IJ7JIH4eG9ozp4q7CqRFnx727Ypli08kk4PJG_Q&oe=696608C4&_nc_sid=10d13b,https://www.threads.com/@paremangmotor,1767794299.0,False,d10n_w4hyu,19.0,False,[],[],https://www.threads.com/@paremangmotor/post/DTNkR3rD8bu
,https://www.threads.com/@d10n_w4hyu/post/DTMSemujpf9/video-muhamad-khozin-debat-dengan-bang-fery-asas-pemilu-langsung-umum-bebas-rahasia,pangielazgia,Pangie Lazgia,False,"Gak nyambung, sudahlah bang Fery jangan meladeni orang tolol. Percuma dia bodoh interpretasi Undang Undang.",0,0,0,0,,,2026-01-07T11:46:43.000Z,2026-01-09T05:37:13.580670,reply,DTNVN-gEpmq,https://scontent-iad3-2.cdninstagram.com/v/t51.2885-19/469200507_598126786076075_3127487122914778482_n.jpg?stp=dst-jpg_s150x150_tt6&efg=eyJ2ZW5jb2RlX3RhZyI6InByb2ZpbGVfcGljLmRqYW5nby43MTIuYzIifQ&_nc_ht=scontent-iad3-2.cdninstagram.com&_nc_cat=111&_nc_oc=Q6cZ2QF1VGElPam6F6l1L6jMSy_MMf_7kArH4hpJdx31Tle4kNVifg1noMJ_00qxGO5_ypg&_nc_ohc=0GAre6cwGXkQ7kNvwHRGamU&_nc_gid=LQ1LmVk_2Xzyt084yuA_4g&edm=APs17CUBAAAA&ccb=7-5&oh=00_Afr0o4tyGmI3nnZsfm8X40lBBCN5bYBbr4XSewZleLOznQ&oe=6966149F&_nc_sid=10d13b,https://www.threads.com/@pangielazgia,1767786403.0,False,d10n_w4hyu,19.0,False,[],[],https://www.threads.com/@pangielazgia/post/DTNVN-gEpmq
,https://www.threads.com/@d10n_w4hyu/post/DTMSemujpf9/video-muhamad-khozin-debat-dengan-bang-fery-asas-pemilu-langsung-umum-bebas-rahasia,anggur4315,anggur merah,False,Gak ada manfaatnya debat dengan orang bodoh keras kepala...,3,0,0,0,,,2026-01-07T03:15:04.000Z,2026-01-09T05:37:13.580670,reply,DTMaqfKEbzO,https://scontent-iad3-2.cdninstagram.com/v/t51.2885-19/541555390_17842152243573617_3652987548840435762_n.jpg?stp=dst-jpg_s150x150_tt6&efg=eyJ2ZW5jb2RlX3RhZyI6InByb2ZpbGVfcGljLmRqYW5nby42MDAuYzIifQ&_nc_ht=scontent-iad3-2.cdninstagram.com&_nc_cat=105&_nc_oc=Q6cZ2QF1VGElPam6F6l1L6jMSy_MMf_7kArH4hpJdx31Tle4kNVifg1noMJ_00qxGO5_ypg&_nc_ohc=t1I9vdze1IUQ7kNvwG9nAql&_nc_gid=LQ1LmVk_2Xzyt084yuA_4g&edm=APs17CUBAAAA&ccb=7-5&oh=00_AfotfoGhurfryEfgZgbbAU3_qVqE3jitllCgY8sbxlAvhg&oe=69660590&_nc_sid=10d13b,https://www.threads.com/@anggur4315,1767755704.0,False,d10n_w4hyu,19.0,False,[],[],https://www.threads.com/@anggur4315/post/DTMaqfKEbzO
DPtIvXfE0EI,https://www.threads.com/@yudanagaramy/post/DPtIvXfE0EI/video-pemilu-langsung-mahal-bikin-berantem-mending-gubernur-ditunjuk-bupati-dipilih-dp,yudanagaramy,Yudanagara M. Yusup,False,"Pemilu langsung mahal & bikin berantem. Mending GUBERNUR ditunjuk, Bupati dipilih DPRD. Efisiensi! Setuju? demokrasi pilkada gubernur",0,0,0,0,0.0,4.0,2025-10-12T10:07:51.000Z,2026-01-09T05:38:12.038531,original_post,,,,,,,,,,,
DTNUw5YklS6,https://www.threads.com/@tribunnews/post/DTNUw5YklS6/gubernur-jawa-barat-dedi-mulyadi-merespons-kritik-yang-disampaikan-komika-pandji,tribunnews,Tribunnews.com,True,"Gubernur Jawa Barat, Dedi Mulyadi, merespons kritik yang disampaikan komika Pandji Pragiwaksono dalam materi stand up comedy Mens Rea. Dalam pertunjukan tersebut, Pandji menyebut masyarakat Jawa Barat, khususnya orang Sunda, memiliki kecenderungan memilih pemimpin yang berlatar belakang artis.",0,0,0,0,0.0,628.0,2026-01-07T11:42:45.000Z,2026-01-09T05:39:12.774886,original_post,,,,,,,,,,,
DR_T3ZCknXm,https://www.threads.com/@happeningbiz/post/DR_T3ZCknXm/wacana-perubahan-sistem-pilkada-kembali-mencuat-menteri-bahlil-menyampaikan,happeningbiz,Yang Lagi Happening di Bisnis Saham Crypto Politik,False,"🔥 Wacana perubahan sistem Pilkada kembali mencuat! Menteri Bahlil menyampaikan usulan agar kepala daerah tidak lagi dipilih langsung oleh rakyat, tetapi oleh DPRD. Alasan yang muncul antara lain efisiensi biaya Pilkada, meminimalkan politik uang, serta memperkuat kontrol legislatif.",0,2,0,0,0.0,1012.0,2025-12-08T04:34:08.000Z,2026-01-09T05:40:06.862383,original_post,,,,,,,,,,,
,https://www.threads.com/@happeningbiz/post/DR_T3ZCknXm/wacana-perubahan-sistem-pilkada-kembali-mencuat-menteri-bahlil-menyampaikan,happeningbiz,Yang Lagi Happening di Bisnis Saham Crypto Politik,False,"Namun, banyak pihak menilai ini berpotensi mengurangi keterlibatan publik dan melemahkan prinsip demokrasi langsung. Menurutmu, apakah sistem ini lebih efektif atau justru mundur dari demokrasi?",0,0,0,0,,,2025-12-08T04:35:15.000Z,2026-01-09T05:40:06.862383,reply,DR_T_iKif7u,https://scontent-iad3-2.cdninstagram.com/v/t51.2885-19/573519356_17844326283606000_4608914380820774551_n.jpg?stp=dst-jpg_s150x150_tt6&efg=eyJ2ZW5jb2RlX3RhZyI6InByb2ZpbGVfcGljLmRqYW5nby41MDAuYzIifQ&_nc_ht=scontent-iad3-2.cdninstagram.com&_nc_cat=100&_nc_oc=Q6cZ2QHqIqSx0XfdXZx3ObMuG5btUP-lJBs5wxKpH_wtP5ItcWc4sjpf1ORLoudgnL1v2JQ&_nc_ohc=JKAgPnSA4d0Q7kNvwGeRD6F&_nc_gid=OYtqdLTC104bOOrH5_aEGg&edm=APs17CUBAAAA&ccb=7-5&oh=00_AfqFYeF1xwd8nKVMd27BpDMi5ynxii1j1_fune8sJ40QZQ&oe=6965EF87&_nc_sid=10d13b,https://www.threads.com/@happeningbiz,1765168515.0,False,happeningbiz,19.0,False,[],[],https://www.threads.com/@happeningbiz/post/DR_T_iKif7u
,https://www.threads.com/@happeningbiz/post/DR_T3ZCknXm/wacana-perubahan-sistem-pilkada-kembali-mencuat-menteri-bahlil-menyampaikan,daniel_cute_silitonga,Daniel Silitonga,False,Ya juga sih. Tapi DPR dan DPRD nya dipilih pake AI aja biar lebih murah lagi dan pasti anti politik uang😀,0,0,0,0,,,2025-12-08T05:18:26.000Z,2026-01-09T05:40:06.862383,reply,DR_Y7ycCRDu,https://scontent-iad3-1.cdninstagram.com/v/t51.2885-19/573323465_1219825463302212_7278921664109726296_n.png?stp=dst-jpg_e0_s150x150_tt6&efg=eyJ2ZW5jb2RlX3RhZyI6InByb2ZpbGVfcGljLmRqYW5nby4xNTAuYzIifQ&_nc_ht=scontent-iad3-1.cdninstagram.com&_nc_cat=1&_nc_oc=Q6cZ2QEhdbFjKMlhR37hFJFdHRi54zQilNXKewz1v8b2FYyTIkBMouLBD-czZsSo5xnj1rQ&_nc_ohc=jFezCB5ZvcgQ7kNvwFzhiDi&_nc_gid=tEJO_JcvqjPJke2GBty0fw&edm=ABMDkqEBAAAA&ccb=7-5&ig_cache_key=YW5vbnltb3VzX3Byb2ZpbGVfcGlj.3-ccb7-5&oh=00_Afrd6cLqvR6jeMA1FU1xaMNDNRDZyEG_OQlhFVzfcvXxGA&oe=6965FFEA&_nc_sid=ed2046,https://www.threads.com/@daniel_cute_silitonga,1765171106.0,False,happeningbiz,19.0,False,[],[],https://www.threads.com/@daniel_cute_silitonga/post/DR_Y7ycCRDu
DR_T_iKif7u,https://www.threads.com/@happeningbiz/post/DR_T_iKif7u/namun-banyak-pihak-menilai-ini-berpotensi-mengurangi-keterlibatan-publik-dan,happeningbiz,Yang Lagi Happening di Bisnis Saham Crypto Politik,False,"Namun, banyak pihak menilai ini berpotensi mengurangi keterlibatan publik dan melemahkan prinsip demokrasi langsung. Menurutmu, apakah sistem ini lebih efektif atau justru mundur dari demokrasi?",0,2,0,0,0.0,26.0,2025-12-08T04:35:15.000Z,2026-01-09T05:40:59.789939,original_post,,,,,,,,,,,
,https://www.threads.com/@happeningbiz/post/DR_T_iKif7u/namun-banyak-pihak-menilai-ini-berpotensi-mengurangi-keterlibatan-publik-dan,daniel_cute_silitonga,Daniel Silitonga,False,Ya juga sih. Tapi DPR dan DPRD nya dipilih pake AI aja biar lebih murah lagi dan pasti anti politik uang😀,0,0,0,0,,,2025-12-08T05:18:26.000Z,2026-01-09T05:40:59.789939,reply,DR_Y7ycCRDu,https://instagram.fscl37-1.fna.fbcdn.net/v/t51.2885-19/573323465_1219825463302212_7278921664109726296_n.png?stp=dst-jpg_s150x150_tt6&efg=eyJ2ZW5jb2RlX3RhZyI6InByb2ZpbGVfcGljLmRqYW5nby4xNTAuYzIifQ&_nc_ht=instagram.fscl37-1.fna.fbcdn.net&_nc_cat=1&_nc_oc=Q6cZ2QFRbheiLe5b_CQ4MWqEFVm9w5Pqe1nFu5g_nxhc_07CNfoy3UvK9jGLYCiAaVut1bU&_nc_ohc=jFezCB5ZvcgQ7kNvwEVYVD3&_nc_gid=mBaD5cY3q_0ThrU3jZJf0A&edm=AKvmLXMBAAAA&ccb=7-5&ig_cache_key=YW5vbnltb3VzX3Byb2ZpbGVfcGlj.3-ccb7-5&oh=00_AfpAlIe45KwCoEPiRmwoPrOma1VT0jv9uymAvdaXheqpXA&oe=6965FFEA&_nc_sid=eeeda2,https://www.threads.com/@daniel_cute_silitonga,1765171106.0,False,happeningbiz,19.0,False,[],[],https://www.threads.com/@daniel_cute_silitonga/post/DR_Y7ycCRDu
DTNTJdfEnsN,https://www.threads.com/@nalarlogika.id/post/DTNTJdfEnsN/buat-aturan-baru-agar-dapat-melindungi-aturan-lama-dan-kembali-pada-mode-orde,nalarlogika.id,Nalar Logika,False,"BUAT ATURAN BARU, AGAR DAPAT MELINDUNGI ATURAN LAMA DAN KEMBALI PADA MODE ORDE BARU! Selamat tahun baru dengan aturan baru, dan selamat datang sistem lama di zaman orde paling baru! | 𝗡𝗮𝗹𝗮𝗿𝗟𝗼𝗴𝗶𝗸𝗮.𝗶𝗱 𝘔𝘢𝘴𝘺𝘢𝘳𝘢𝘬𝘢𝘵 𝘚𝘪𝘱𝘪𝘭 𝘠𝘢𝘯𝘨 𝘔𝘦𝘯𝘰𝘭𝘢𝘬 𝘉𝘰𝘥𝘰𝘩 nalarlogikaid nalarlogikanews nalarlogika_ negeriparapendongeng masyarakatsipilyangmenolakbodoh prayforaceh prayforsumaterabarat prayforsumaterautara indonesia selamattahunbaru2026",2,0,0,0,0.0,105.0,2026-01-07T11:28:38.000Z,2026-01-09T05:41:58.672976,original_post,,,,,,,,,,,
DTK_syjEiSn,https://www.threads.com/@nalarlogika.id/post/DTK_syjEiSn/selamat-datang-di-negeri-para-pendongeng-ditengah-tengah-kekacauan-iklim,nalarlogika.id,Nalar Logika,False,"SELAMAT DATANG DI NEGERI PARA PENDONGENG! Ditengah tengah kekacauan iklim geopolitik yang sedang mempersiapkan segala kemungkinan terburuk eskalasi perang dunia ke-3 terjadi, di negeri para pendongeng masih sibuk dengan perubahan sistem Pilkada. | 𝗡𝗮𝗹𝗮𝗿𝗟𝗼𝗴𝗶𝗸𝗮.𝗶𝗱 𝘔𝘢𝘴𝘺𝘢𝘳𝘢𝘬𝘢𝘵 𝘚𝘪𝘱𝘪𝘭 𝘠𝘢𝘯𝘨 𝘔𝘦𝘯𝘰𝘭𝘢𝘬 𝘉𝘰𝘥𝘰𝘩 nalarlogikaid nalarlogikanews nalarlogika_ negeriparapendongeng masyarakatsipilyangmenolakbodoh prayforaceh prayforsumaterabarat prayforsumaterautara indonesia selamattahunbaru2026",2,0,0,0,0.0,108.0,2026-01-06T14:00:12.000Z,2026-01-09T05:42:57.179779,original_post,,,,,,,,,,,
DCQqFwTg6dY,https://www.threads.com/@nalarlogika.id/post/DCQqFwTg6dY,nalarlogika.id,Nalar Logika,False,Membahas 3 Isu Penting Dunia. 1. Security Global (Keamanan Dunia) 2. Environmental Ethics (Etika Lingkungan) 3. Human Solidarity (Kemanusiaan) 3 Isu Penting yang akan menjadi sorotan utama perkembangan dunia kedepan. RockyGerung nalarlogika_ nalarlogikanews tvnalarlogika politikindonesia,44,1,6,1,0.0,975.0,2024-11-12T05:57:28.000Z,2026-01-09T05:43:50.125264,original_post,,,,,,,,,,,
,https://www.threads.com/@nalarlogika.id/post/DCQqFwTg6dY,diraelmunawar_oh06,Dhira R Munawar,False,Salam akal sehat,0,0,0,0,,,2024-11-13T11:40:31.000Z,2026-01-09T05:43:50.125264,reply,DCT2pAgTszb,https://scontent-iad3-2.cdninstagram.com/v/t51.2885-19/609438062_17909423631275375_3730307276318637917_n.jpg?stp=dst-jpg_s150x150_tt6&efg=eyJ2ZW5jb2RlX3RhZyI6InByb2ZpbGVfcGljLmRqYW5nby4xMDgwLmMyIn0&_nc_ht=scontent-iad3-2.cdninstagram.com&_nc_cat=111&_nc_oc=Q6cZ2QGQkwU1FRYoe0m3smaVrGI1BTr4qtAOKUW6a0_k_RkHbhqsv0etT9R_3-u2dDwKSYk&_nc_ohc=P3X7KMIu83IQ7kNvwH4r103&_nc_gid=uvA2m9U-_saZ0rYneWVZAw&edm=APs17CUBAAAA&ccb=7-5&oh=00_Afru-7UFMmDBq3bozowVhIc9pxomEoh6snZqUflUgfe4ZQ&oe=6966180D&_nc_sid=10d13b,https://www.threads.com/@diraelmunawar_oh06,1731498031.0,False,nalarlogika.id,19.0,False,[],[],https://www.threads.com/@diraelmunawar_oh06/post/DCT2pAgTszb
DTNkfKREiT6,https://www.threads.com/@nalarlogika.id/post/DTNkfKREiT6/kacung-siapa-sih-mereka-nalar-logika-id-masyarakat-sipil-yang-menolak-bodoh,nalarlogika.id,Nalar Logika,False,Kacung siapa sih mereka? | 𝗡𝗮𝗹𝗮𝗿𝗟𝗼𝗴𝗶𝗸𝗮.𝗶𝗱 𝘔𝘢𝘴𝘺𝘢𝘳𝘢𝘬𝘢𝘵 𝘚𝘪𝘱𝘪𝘭 𝘠𝘢𝘯𝘨 𝘔𝘦𝘯𝘰𝘭𝘢𝘬 𝘉𝘰𝘥𝘰𝘩 nalarlogikaid nalarlogikanews nalarlogika_ negeriparapendongeng masyarakatsipilyangmenolakbodoh prayforaceh prayforsumaterabarat prayforsumaterautara indonesia selamattahunbaru2026,63,1,3,1,0.0,1555.0,2026-01-07T14:00:09.000Z,2026-01-09T05:44:42.073427,original_post,,,,,,,,,,,
,https://www.threads.com/@nalarlogika.id/post/DTNkfKREiT6/kacung-siapa-sih-mereka-nalar-logika-id-masyarakat-sipil-yang-menolak-bodoh,johanes.budiman.1828,Johanes Budiman,False,Penguasaha !,0,0,0,0,,,2026-01-08T02:10:35.000Z,2026-01-09T05:44:42.073427,reply,DTO4FDME5I1,https://scontent-lga3-3.cdninstagram.com/v/t51.2885-19/573323465_1219825463302212_7278921664109726296_n.png?stp=dst-jpg_e0_s150x150_tt6&efg=eyJ2ZW5jb2RlX3RhZyI6InByb2ZpbGVfcGljLmRqYW5nby4xNTAuYzIifQ&_nc_ht=scontent-lga3-3.cdninstagram.com&_nc_cat=1&_nc_oc=Q6cZ2QFmZoIo6g0ekywyL43yyWlUGTCduxnIpnClPvIBL3phnGZPsR14esh_af1ucG3N3HY&_nc_ohc=jFezCB5ZvcgQ7kNvwEm9yzB&_nc_gid=k88B5mEabFfT1_fUrPeF9A&edm=AJ1X7eQBAAAA&ccb=7-5&ig_cache_key=YW5vbnltb3VzX3Byb2ZpbGVfcGlj.3-ccb7-5&oh=00_Afojm3MNqwTaLKnkNyDChHOI7OB-3fKUPvUBo2JbJFDWtg&oe=6965FFEA&_nc_sid=1cea78,https://www.threads.com/@johanes.budiman.1828,1767838235.0,False,nalarlogika.id,19.0,False,[],[],https://www.threads.com/@johanes.budiman.1828/post/DTO4FDME5I1
DHneqDjS4uM,https://www.threads.com/@jccnetwork.id/post/DHneqDjS4uM/video-bahrain-takjub-atau-sindir-pelatih-dragan-talajic-soroti-kebijakan-timnas-indone,jccnetwork.id,Akun Resmi JCC Network,False,Bahrain Takjub atau Sindir? Pelatih Dragan Talajic Soroti Kebijakan Timnas Indonesia! TimnasIndonesia BahrainvsIndonesia FIFAMatchday,1,0,0,0,0.0,59.0,2025-03-25T09:12:45.000Z,2026-01-09T05:46:19.307817,original_post,,,,,,,,,,,
DTPByLIktY5,https://www.threads.com/@tribunnews/post/DTPByLIktY5/wacana-pemilihan-kepala-daerah-melalui-dprd-sebenarnya-tidak-baru-digaungkan,tribunnews,Tribunnews.com,True,"Wacana pemilihan kepala daerah melalui DPRD sebenarnya tidak baru digaungkan belakangan ini saja. Bahkan, mekanisme semacam itu sempat disahkan oleh DPR melalui revisi UU Pilkada saat tahun 2014 silam.",1,0,1,0,0.0,3994.0,2026-01-08T03:35:23.000Z,2026-01-09T05:47:16.152608,original_post,,,,,,,,,,,
C-9tUvovS69,https://www.threads.com/@hariankompas/post/C-9tUvovS69,hariankompas,Harian Kompas,True,Revisi UU Pilkada hanya makan waktu sekitar tujuh jam. Sejumlah materi revisi bertolak belakang dengan putusan MK. Sebanyak delapan fraksi di DPR dan pemerintah setuju terhadap revisi Undang-Undang Nomor 10 Tahun 2016. Hanya Fraksi PDI-P yang menyatakan tidak sependapat terhadap revisi undang-undang tersebut dan akan menyampaikan nota keberatan dalam rapat paripurna pengesahan Revisi UU Pilkada. Simak Kompas Brief selengkapnya di komp.as/3XdWHJo,42,1,2,1,0.0,1950.0,2024-08-22T07:41:38.000Z,2026-01-09T05:48:18.116653,original_post,,,,,,,,,,,
,https://www.threads.com/@hariankompas/post/C-9tUvovS69,tiknostikn,Tikno STikn,False,Bahas uu kaya bahas belanja bumbu dapur 😎😎😎,0,0,0,0,,,2024-08-23T07:41:27.000Z,2026-01-09T05:48:18.116653,reply,C_ASGX7SyHz,https://scontent-iad3-1.cdninstagram.com/v/t51.2885-19/461255513_1625131911365656_3706630043446920481_n.jpg?stp=dst-jpg_s150x150_tt6&efg=eyJ2ZW5jb2RlX3RhZyI6InByb2ZpbGVfcGljLmRqYW5nby40NDQuYzIifQ&_nc_ht=scontent-iad3-1.cdninstagram.com&_nc_cat=104&_nc_oc=Q6cZ2QFOXib-FtzJSX0fKL6IUy4FAmV4sbmWLmA0i1sBzI4HO2AXt4Ju9cCxHJYIxDoFXWc&_nc_ohc=Z3-ceGEKXCYQ7kNvwEwJ78z&_nc_gid=W-WB33vP9Q13AkGADGRAIQ&edm=APs17CUBAAAA&ccb=7-5&oh=00_AfqAUFcV0cifW50tAdTtC-37OigKIVD5BBUu9AV4mzg5mA&oe=6966016A&_nc_sid=10d13b,https://www.threads.com/@tiknostikn,1724398887.0,False,hariankompas,19.0,False,[],[],https://www.threads.com/@tiknostikn/post/C_ASGX7SyHz
DS6SJeGDv8E,https://www.threads.com/@beritasatu/post/DS6SJeGDv8E/komisi-ii-dpr-belum-bahas-revisi-uu-pilkada-meski-didukung-parpol-utm-medium,beritasatu,BeritaSatu,True,Komisi II DPR Belum Bahas Revisi UU Pilkada meski Didukung Parpol,0,0,0,0,0.0,350.0,2025-12-31T02:15:12.000Z,2026-01-09T05:49:15.971660,original_post,,,,,,,,,,,
DS-G0EQlD5A,https://www.threads.com/@kompasdata/post/DS-G0EQlD5A/para-anggota-fraksi-di-dpr-tengah-menunggu-arahan-dari-pimpinan-partai-masing,kompasdata,KompasData,False,Para anggota fraksi di DPR tengah menunggu arahan dari pimpinan partai masing-masing. Pertemuan ini diharapkan memberikan langkah konkret jelang Pemilu 2029. Polhuk AdadiKompas,0,0,0,0,0.0,130.0,2026-01-01T13:53:13.000Z,2026-01-09T05:50:13.627510,original_post,,,,,,,,,,,
DS9tMfujk56,https://www.threads.com/@kompasdata/post/DS9tMfujk56/jika-persoalannya-sistemik-maka-solusinya-tidak-bisa-parsial-penyelenggaraan,kompasdata,KompasData,False,"Jika persoalannya sistemik, maka solusinya tidak bisa parsial. Penyelenggaraan pilkada perlu ditata ulang secara menyeluruh, bukan sekadar direvisi secara teknis. Opini AdadiKompas",0,0,0,0,0.0,13.0,2026-01-01T10:09:16.000Z,2026-01-09T05:51:11.519860,original_post,,,,,,,,,,,
DS4fLMSjtBR,https://www.threads.com/@investordailyid/post/DS4fLMSjtBR/ada-desakan-revisi-uu-p-ilkada-komisi-ii-dpr-belum-ada-pembahasan-utm-medium,investordailyid,Investor Daily Indonesia,False,"Ada Desakan Revisi UU PIlkada, Komisi II DPR: Belum Ada Pembahasan",0,0,0,0,0.0,93.0,2025-12-30T09:31:20.000Z,2026-01-09T05:52:08.548204,original_post,,,,,,,,,,,
DS_ACLcjlfq,https://www.threads.com/@kompasdata/post/DS_ACLcjlfq/mk-membuktikan-dirinya-sebagai-penjaga-demokrasi-bangsa-sepanjang-banyak,kompasdata,KompasData,False,MK membuktikan dirinya sebagai penjaga demokrasi bangsa sepanjang 2025. Banyak putusan yang menentukan corak dan warna kehidupan masyarakat di masa mendatang. Polhuk AdadiKompas,0,0,0,0,0.0,43.0,2026-01-01T22:13:13.000Z,2026-01-09T05:53:06.195217,original_post,,,,,,,,,,,
C_AQXFUv75C,https://www.threads.com/@hariankompas/post/C_AQXFUv75C,hariankompas,Harian Kompas,True,"Wakil Ketua DPR dari Fraksi Partai Gerindra, Sufmi Dasco Ahmad melalui unggahan di akun resminya di platform X mengumumkan pembatalan revisi UU Pilkada pada Kamis (22/8). Oleh karenanya, pada 27-29 Agustus nanti, atau saat pendaftaran bakal calon kepala-wakil kepala daerah, yang menjadi dasar hukum untuk syarat pencalonan adalah putusan MK terbaru. Simak Kompas Brief selengkapnya di komp.as/3YX6gO1",3,0,0,0,0.0,834.0,2024-08-23T07:26:16.000Z,2026-01-09T05:54:03.314978,original_post,,,,,,,,,,,
DS_002Xj3JQ,https://www.threads.com/@yosi.hs/post/DS_002Xj3JQ/itu-pileg-bukan-pilkada,yosi.hs,Yosi Hendarsjah,False,"Itu pileg, bukan pilkada.",1,1,9,0,0.0,131.0,2026-01-02T05:53:32.000Z,2026-01-09T05:55:26.629646,original_post,,,,,,,,,,,
,https://www.threads.com/@yosi.hs/post/DS_002Xj3JQ/itu-pileg-bukan-pilkada,moodpagiku,MoodPagi,False,Pileg yg nantinya akan milih kepala daerah...,0,0,0,0,,,2026-01-04T16:14:57.000Z,2026-01-09T05:55:26.629646,reply,DTGFh31gRop,https://scontent-iad3-2.cdninstagram.com/v/t51.2885-19/455164228_422048830855200_7617530510643430525_n.jpg?stp=dst-jpg_s150x150_tt6&efg=eyJ2ZW5jb2RlX3RhZyI6InByb2ZpbGVfcGljLmRqYW5nby4xMDgwLmMyIn0&_nc_ht=scontent-iad3-2.cdninstagram.com&_nc_cat=100&_nc_oc=Q6cZ2QEnpK_QkZJI62DbkoLA1nS-j3ZwM5A0KhQfTke5_k4Kw5gk3ld0t557J0R2muFE0c4&_nc_ohc=woIPwuCHVBQQ7kNvwFWPkZN&_nc_gid=56XR2n3zcAXlTKqTr3gYJQ&edm=APs17CUBAAAA&ccb=7-5&oh=00_AfrrxEPbTkuRU4ZwwZd9XFJX1bJ9lc74a1SP4Y6EqKNgLw&oe=69661416&_nc_sid=10d13b,https://www.threads.com/@moodpagiku,1767543297.0,False,yosi.hs,19.0,False,[],[],https://www.threads.com/@moodpagiku/post/DTGFh31gRop
DS6SXpFDpvy,https://www.threads.com/@beritasatu/post/DS6SXpFDpvy/pilkada-lewat-dprd-mengembalikan-muruah-demokrasi-utm-medium-threads,beritasatu,BeritaSatu,True,Pilkada lewat DPRD Mengembalikan Muruah Demokrasi,0,0,1,0,0.0,461.0,2025-12-31T02:17:15.000Z,2026-01-09T05:56:24.321457,original_post,,,,,,,,,,,
DTPhgvSDuTy,https://www.threads.com/@idntimes/post/DTPhgvSDuTy/lsi-denny-ja-persen-responden-tolak-usul-pilkada-dprd,idntimes,IDN Times,True,LSI Denny JA: 66 Persen Responden Tolak Usul Pilkada DPRD,0,0,0,0,0.0,241.0,2026-01-08T08:17:17.000Z,2026-01-09T05:57:22.524557,original_post,,,,,,,,,,,
DTFUTG6AZfV,https://www.threads.com/@kompascom/post/DTFUTG6AZfV/wacana-pilkada-lewat-dprd-dinilai-bertentangan-dengan-konstitusi-ari-nurcahyo,kompascom,Kompas.com,True,"Wacana pilkada lewat DPRD dinilai bertentangan dengan konstitusi. Ari Nurcahyo menilai skema ini melemahkan presidensialisme dan desentralisasi. Dalam republik, mandat kekuasaan harus datang dari rakyat. Baca selengkapnya: _RKD wacana pilkada DPRD",4,0,0,0,0.0,428.0,2026-01-04T09:04:45.000Z,2026-01-09T05:58:21.120769,original_post,,,,,,,,,,,
DSrwp9XAZbx,https://www.threads.com/@murianewscom/post/DSrwp9XAZbx/wacana-pilkada-lewat-dprd-kembali-muncul-dengan-alasan-efisiensi-biaya-namun-din,murianewscom,Murianews.com,False,"Wacana Pilkada lewat DPRD kembali muncul dengan alasan efisiensi biaya, namun dinilai rawan dikendalikan elite dan menggerus hak pilih rakyat. Menurut kamu, Pilkada sebaiknya tetap langsung atau lewat DPRD? Redaktur: Zulkifli Fahmi Dapatkan informasi terkini di WhatsApp channel Murianews.com murianews pilkada dprd demokrasi pilkadalewatdprd",1,1,0,0,0.0,179.0,2025-12-25T10:52:17.000Z,2026-01-09T05:59:14.993432,original_post,,,,,,,,,,,
,https://www.threads.com/@murianewscom/post/DSrwp9XAZbx/wacana-pilkada-lewat-dprd-kembali-muncul-dengan-alasan-efisiensi-biaya-namun-din,gae_anku,Tri,False,Kenapa tidak membuat alat elektronik sederhana untuk proses pemilihan dan penghitungan jadi tidak perlu membuang buang kertas dan biaya yang besar selain itu duga dapat di gunakan kembali dengan menggan ti gambar calon di setiap slot pemilihan,1,0,0,0,,,2025-12-25T11:35:44.000Z,2026-01-09T05:59:14.993432,reply,DSr1oHsgRII,https://instagram.fmcz1-2.fna.fbcdn.net/v/t51.2885-19/573323465_1219825463302212_7278921664109726296_n.png?stp=dst-jpg_e0_s150x150_tt6&efg=eyJ2ZW5jb2RlX3RhZyI6InByb2ZpbGVfcGljLmRqYW5nby4xNTAuYzIifQ&_nc_ht=instagram.fmcz1-2.fna.fbcdn.net&_nc_cat=1&_nc_oc=Q6cZ2QGd-n6jEde5emShHBbvRMzXS86zJuCnYDyrokr2UWmK0kEoqS20QBle3hfAAeyIAps&_nc_ohc=jFezCB5ZvcgQ7kNvwF-rksr&_nc_gid=p0nGEIf3yatWwwZwTiHkNw&edm=AEaYFD0BAAAA&ccb=7-5&ig_cache_key=YW5vbnltb3VzX3Byb2ZpbGVfcGlj.3-ccb7-5&oh=00_AfpdYM0TZOKVSaZkidW8pSOz9Vn_77vSjjRrQtopVvX0gg&oe=6965FFEA&_nc_sid=de718f,https://www.threads.com/@gae_anku,1766662544.0,False,murianewscom,19.0,False,[],[],https://www.threads.com/@gae_anku/post/DSr1oHsgRII
DTAJWVaAY0n,https://www.threads.com/@nandangsutisnachannel/post/DTAJWVaAY0n/video-tolak-wacana-pilkada-oleh-dprd-itu-bukan-untuk-penghematan-tapi-akal-akalan,nandangsutisnachannel,Nandang Sutisna,True,"Tolak wacana Pilkada oleh DPRD, itu bukan untuk penghematan tapi akal-akalan. pilkada dprd kotakkosong",44,8,2,0,0.0,478.0,2026-01-02T08:52:55.000Z,2026-01-09T06:00:08.914028,original_post,,,,,,,,,,,
,https://www.threads.com/@nandangsutisnachannel/post/DTAJWVaAY0n/video-tolak-wacana-pilkada-oleh-dprd-itu-bukan-untuk-penghematan-tapi-akal-akalan,ir_ato_s,Ato S,False,"Terlalu teoritis tidak sesuai fakta, fakta dilapangan justru demokrasi dinegara berkembang merusak segalanya, termasuk yg anda ucapkan.justru itu karena sistem demokrasi seperti sekarang di Indonesia. Sistemnya harus dirubah, kami mengusulkan rakyat bukan sebagai obyek untuk disuap dan dirayu untuk memilih, tetapi Rakyat sebagai Subyek untuk dapat dipilih, dengan seleksi full digital yg berbiaya nol rupiah.",0,2,0,0,,,2026-01-02T22:47:06.000Z,2026-01-09T06:00:08.914028,reply,DTBo0VME9Q5,https://scontent-iad3-2.cdninstagram.com/v/t51.2885-19/524925316_17998738169802066_2660306554475950410_n.jpg?stp=dst-jpg_s150x150_tt6&efg=eyJ2ZW5jb2RlX3RhZyI6InByb2ZpbGVfcGljLmRqYW5nby4xMDgwLmMyIn0&_nc_ht=scontent-iad3-2.cdninstagram.com&_nc_cat=106&_nc_oc=Q6cZ2QGFZKCQD7AJF1OjOoWC4yt4xdwDrHk9cU_iE6SD7dxpJnalhlomt_ma_q3yNiNhSGY&_nc_ohc=vJRGS9OghvYQ7kNvwGgkRHY&_nc_gid=fBoeerlFUAXS-RwDbSIBVQ&edm=APs17CUBAAAA&ccb=7-5&oh=00_Afpx9yemKiCFQAQicR9YyelDQ7s5RM37v1xjciLYI7DB0A&oe=69660F69&_nc_sid=10d13b,https://www.threads.com/@ir_ato_s,1767394026.0,False,nandangsutisnachannel,19.0,False,[],[],https://www.threads.com/@ir_ato_s/post/DTBo0VME9Q5
,https://www.threads.com/@nandangsutisnachannel/post/DTAJWVaAY0n/video-tolak-wacana-pilkada-oleh-dprd-itu-bukan-untuk-penghematan-tapi-akal-akalan,brillian4riel,Riccardo Kaka Aril,False,Biaya amplop dari OLIGARKI lebih ringan untuk menitip calon yg di inginkan wkwkwkw. Yg skrg aja masih bnyk amplop tp modal harus besar.,0,0,0,0,,,2026-01-02T10:15:35.000Z,2026-01-09T06:00:08.914028,reply,DTAS0C3CeKi,https://scontent-iad3-1.cdninstagram.com/v/t51.2885-19/462857865_868284942059482_8376866862696048253_n.jpg?stp=dst-jpg_s150x150_tt6&efg=eyJ2ZW5jb2RlX3RhZyI6InByb2ZpbGVfcGljLmRqYW5nby43MjAuYzIifQ&_nc_ht=scontent-iad3-1.cdninstagram.com&_nc_cat=110&_nc_oc=Q6cZ2QGFZKCQD7AJF1OjOoWC4yt4xdwDrHk9cU_iE6SD7dxpJnalhlomt_ma_q3yNiNhSGY&_nc_ohc=818GvhqB56QQ7kNvwGl8QYw&_nc_gid=fBoeerlFUAXS-RwDbSIBVQ&edm=APs17CUBAAAA&ccb=7-5&oh=00_AfpSYyXR7Jn0SG8xiSmJURHlBlTaExebMS4kEe4nYqT7dg&oe=69660151&_nc_sid=10d13b,https://www.threads.com/@brillian4riel,1767348935.0,False,nandangsutisnachannel,19.0,False,[],[],https://www.threads.com/@brillian4riel/post/DTAS0C3CeKi
,https://www.threads.com/@nandangsutisnachannel/post/DTAJWVaAY0n/video-tolak-wacana-pilkada-oleh-dprd-itu-bukan-untuk-penghematan-tapi-akal-akalan,djayaj,Djaya Jay,False,tolak pilkada lewat DPRD,0,0,0,0,,,2026-01-02T09:36:53.000Z,2026-01-09T06:00:08.914028,reply,DTAOYswkioj,https://scontent-iad3-1.cdninstagram.com/v/t51.2885-19/527648258_18324908017226494_6399174332979526966_n.jpg?stp=dst-jpg_s150x150_tt6&efg=eyJ2ZW5jb2RlX3RhZyI6InByb2ZpbGVfcGljLmRqYW5nby43MjAuYzIifQ&_nc_ht=scontent-iad3-1.cdninstagram.com&_nc_cat=110&_nc_oc=Q6cZ2QGFZKCQD7AJF1OjOoWC4yt4xdwDrHk9cU_iE6SD7dxpJnalhlomt_ma_q3yNiNhSGY&_nc_ohc=Cr4lDMSyYkQQ7kNvwHx5qOR&_nc_gid=fBoeerlFUAXS-RwDbSIBVQ&edm=APs17CUBAAAA&ccb=7-5&oh=00_AfqXdPCD1kulfL2SM6q9dgwGV-INvz_MlraMv70ZmV0F7g&oe=6965FCC0&_nc_sid=10d13b,https://www.threads.com/@djayaj,1767346613.0,False,nandangsutisnachannel,19.0,False,[],[],https://www.threads.com/@djayaj/post/DTAOYswkioj
,https://www.threads.com/@nandangsutisnachannel/post/DTAJWVaAY0n/video-tolak-wacana-pilkada-oleh-dprd-itu-bukan-untuk-penghematan-tapi-akal-akalan,om.thopan,Thopan Thopan,False,Tolak pilkada oleh DPRD,0,0,0,0,,,2026-01-02T09:20:57.000Z,2026-01-09T06:00:08.914028,reply,DTAMj9ND1l_,https://scontent-iad3-1.cdninstagram.com/v/t51.2885-19/609153616_17901325740349852_1845544708477474213_n.jpg?stp=dst-jpg_s150x150_tt6&efg=eyJ2ZW5jb2RlX3RhZyI6InByb2ZpbGVfcGljLmRqYW5nby4xMDgwLmMyIn0&_nc_ht=scontent-iad3-1.cdninstagram.com&_nc_cat=104&_nc_oc=Q6cZ2QGFZKCQD7AJF1OjOoWC4yt4xdwDrHk9cU_iE6SD7dxpJnalhlomt_ma_q3yNiNhSGY&_nc_ohc=Ysxwdc21l0AQ7kNvwFY4AAh&_nc_gid=fBoeerlFUAXS-RwDbSIBVQ&edm=APs17CUBAAAA&ccb=7-5&oh=00_Afq4DXF6n12kxhy2NPY2CJj23BvWJThcFi-qHN4vp-i92w&oe=69660FEA&_nc_sid=10d13b,https://www.threads.com/@om.thopan,1767345657.0,False,nandangsutisnachannel,19.0,False,[],[],https://www.threads.com/@om.thopan/post/DTAMj9ND1l_
