facebookUrl,pageId,postId,pageName,url,time,timestamp,likes,comments,shares,text,topLevelUrl,facebookId,postFacebookId,link,thumb,author,post_id,action_id,create_time,post_url,like_count,comment_count,share_count,view_count,reaction_map,play_count,image_list,video_list,video_cover_image,durationInSec,type,author_username,author_user_id,author_profile_url,author_avatar
https://www.facebook.com/paulus.p.manalu,1326837001,10233266880637178,Paulus Posma Manalu,https://www.facebook.com/paulus.p.manalu/posts/pfbid02tcALyn3vNmSusk77hcjNd29YZUuYubXWMEufDfTjFpVhVcbwtw6JdS7fTSojzQPCl,2026-01-07 12:28:06,1767785286.0,21.0,2,1,"Saya kwatir,  jika pilkada langsung ditiadakan dan DPRD memilih kepala daerah, kedaulatan itu hanya ada di ketua partai politik. Mereka akan seperti penjajah Eropa dulu, membagi dan mengkapling daerah kekuasaan. Mereka akan mengontrol semua SDA dan kekayaan negara ini. #pilkadalangsung #pilkadadprd #kedaulatanrakyat #reformasi Komsos Keuskupan Sibolga",https://www.facebook.com/1326837001/posts/10233266880637178,1326837001,10233266880637178,,,,,,,,,,,,,,,,,,,,,,
https://www.facebook.com/videotribunnews,100064323387053,1303454168475350,Tribun Video,https://www.facebook.com/videotribunnews/posts/pfbid02sNQm3PYtbadHkLdxg9gqPf3Xk8Y44zz1yV4K8h94QdtHeALgejJT21K1NEioHmmSl,2026-01-07 15:50:25,1767797425.0,1235.0,516,171,"Menko Yusril: Pemilu 2029 Ikut Arahan Mahkamah Konstitusi, Tidak Ada Istilah Pilkada

TRIBUNNEWS.COM, JAKARTA - Menteri Koordinator Bidang Hukum, HAM, Imigrasi, dan Pemasyarakatan Yusril Ihza Mahendra menyebut pemerintah harus menyiapkan mekanisme Pemilu 2029 sesuai dengan putusan Mahkamah Konstitusi (MK).

Dengan mekanisme itu, tidak akan ada lagi istilah pemilihan kepala daerah atau pilkada.

Namun begitu, hingga saat ini Yusril masih belum mendapat gambaran jelas terkait mekanisme pemilu mendatang.

Terkait mengalirnya wacana proses pilkada dipilih DPRD, Yursil menyebut hal tersebut masih berkembang.

Apa putusan MK?

Sebagai informasi, melalui Putusan Nomor 135/PUU-XXII/2024 menetapkan pemilu nasional (presiden, DPR, dan DPRD) dan pemilu daerah (pilkada, DPRD) harus dipisah dengan jarak waktu minimal dua tahun dan maksimal 2,5 tahun setelah pelantikan pejabat nasional.

Isi Putusan MK tentang Pemilu Dipisah

Format baru Pemilu 2029:

Pemilu Nasional: mencakup pemilihan Presiden/Wakil Presiden, anggota DPR RI, dan anggota DPD.
Pemilu Daerah: mencakup pemilihan kepala daerah (gubernur, bupati, wali kota) serta DPRD provinsi/kabupaten/kota.
Alasan MK:

Pemilu serentak lima kotak (2019 dan 2024) menimbulkan beban berat bagi pemilih, partai politik, dan penyelenggara pemilu.
Isu pembangunan daerah tenggelam oleh dominasi isu nasional.
Pemilih berpotensi jenuh karena harus memilih banyak calon sekaligus.
Kualitas demokrasi dinilai menurun karena fokus lebih pada isu nasional daripada lokal.
Jadwal baru:

Pemilu nasional dan daerah tetap serentak dalam jenisnya, tetapi dilaksanakan terpisah.
Jarak waktu antara keduanya ditetapkan paling singkat 2 tahun dan paling lama 2,5 tahun setelah pelantikan DPR, DPD, atau Presiden/Wakil Presiden

https://www.tribunnews.com/nasional/7775917/menko-yusril-pemilu-2029-ikut-arahan-mahkamah-konstitusi-tidak-ada-istilah-pilkada",https://www.facebook.com/100064323387053/posts/1303454168475350,100064323387053,1303454168475350,https://www.facebook.com/photo/?fbid=1303454055142028&set=a.633631702124270,https://scontent-ams2-1.xx.fbcdn.net/v/t39.30808-6/611356044_1303454065142027_8831238480521466917_n.jpg?stp=dst-jpg_s960x960_tt6&_nc_cat=1&ccb=1-7&_nc_sid=127cfc&_nc_ohc=WjcHZW4hKBUQ7kNvwHteUTS&_nc_oc=AdnIzCodjTcd4u6o-PRelbkVEdTFG6ulsQnEsZWBzFZOau9MlSXhie5nntqlHOC0fX0&_nc_zt=23&_nc_ht=scontent-ams2-1.xx&_nc_gid=SlMlP8XIjBieDUrG2YPToQ&oh=00_Afo9GSdCXHDeXliQQygB_f6vVktAlT8d_DMGqQo6koYSxA&oe=6965B3DD,,,,,,,,,,,,,,,,,,,,
https://www.facebook.com/anggun.sugar.3,100022487601306,2072740660152167,Anggun Ar-Rahman,https://www.facebook.com/anggun.sugar.3/posts/pfbid02dkPHGXSLcKn19VRBhJUNdKPGHJGeJXYYFUdqMREarm89CRsqKzZF4J7WYQbTq9s1l,2026-01-08 12:13:45,1767870825.0,24.0,20,7,"Saya sangat setuju dan mendukung penuh wacana pemerintah terkait pemilihan kepala daerah oleh DPRD pada 2029 mendatang.

Menurut keyakinan saya, ini merupakan suatu terobosan yang luar biasa maju. 

Nampaknya kebijakan ini memang akan segera terealisasi. Banyak dari partai politik dan para elite sudah menyatakan dukungan.

Alasannya pun mulia: lebih efisien dan hemat anggaran. Mirip seperti proyek MBG yang berhasil “menghemat” anggaran, hanya sekitar Rp1,2 triliun per hari. Sangat hemat, bukan?

*******

Kita semua tentu paham, harga untuk menduduki satu kursi wakil rakyat tidaklah murah. Nilainya bisa mencapai miliaran, bahkan triliunan rupiah.

Muslim Ayub, DPR RI dari Fraksi NasDem pun membenarkan hal itu. Katanya, “Biaya kontestasi politik minimal Rp20 miliar ke atas. Belum balik modal, masa jabatan lima tahun akan segera berakhir lagi... Jadi tidak salah kan kalau sepuluh tahun sekali?” imbuhnya...

Menurut keyakinan saya, itu benar. Tidak salah sama sekali. Sekalian saja, mengapa tidak diajukan masa jabatan seumur hidup? Biar urusan balik modal tidak setengah-setengah.

Lagipula, dengan pilkada melalui DPRD, jual beli jabatan dan perputaran kekuasaan bisa lebih rapi dan eksklusif, cukup beredar di lingkaran mereka sendiri. Tentunya, ini juga akan membuat segalanya lebih mudah diatur, lebih tertib, dan tidak merepotkan rakyat.

Sebab pada akhirnya, rakyat memang kerap menjadi beban: beban kampanye, beban logistik, dan beban biaya politik yang sungguh memberatkan para pejabat kita.

Maka dari itu, marilah kita berempati. Mengasihani mereka yang lelah menghadapi rakyatnya sendiri.

Mari bersama-sama terus mendukung wacana pilkada dipilih oleh DPRD. Sekalian saja, dengan masa jabatan seumur hidup.

Agar efisiensi anggaran politik benar-benar tercapai, dan rakyat tak perlu lagi repot dianggap penting.

Kita cukup menjadi penonton terbaik kala elite sedang bermain kekuasaan.

Kalau menurut kamu gimana ?
.
.
.
.
~A

Baubau, 8 Januari 2026

#Pilkada2029 #PilkadaDPRD #DemokrasiElit #EfisiensiVersiElite #JualBeliKekuasaan #LingkaranMereka #KuasaiKursi #DemokrasiTanpaRakyat
#PemilihanpilkadaolehDPR #Pilkada #DPR",https://www.facebook.com/100022487601306/posts/2072740660152167,100022487601306,2072740660152167,https://www.facebook.com/photo/?fbid=2072740623485504&set=a.126544928105093,https://scontent-ams2-1.xx.fbcdn.net/v/t39.30808-6/612407264_2072740626818837_8382073827895890892_n.jpg?stp=dst-jpg_p526x296_tt6&_nc_cat=101&ccb=1-7&_nc_sid=833d8c&_nc_ohc=ZH60uBo_3qIQ7kNvwHNiQvT&_nc_oc=Adkw-4aOEs7MoMxTws7rUd68WQTw7pUiSWcUrkJlckM0dolVNNnYAeoQtdAubRE8Z5I&_nc_zt=23&_nc_ht=scontent-ams2-1.xx&_nc_gid=SlMlP8XIjBieDUrG2YPToQ&oh=00_AfpRZ2NufpBzALgf1JI6APwYdmxFDJ8xbRJ7Uxl5hlbdcg&oe=6965C4FE,,,,,,,,,,,,,,,,,,,,
https://www.facebook.com/profile.php?id=61564699212916,61564699212916,122191697738489973,Timenyala ID,https://www.facebook.com/permalink.php?story_fbid=pfbid02g6MLrr5kRzYd3A4DHmxYRVMmRy8AcbHnpE5MAuJuA3d8rUMiDVuYM85BzkTbfuccl&id=61564699212916,2026-01-08 09:14:09,1767860049.0,14.0,4,1,"🏴‍☠️🤠⚠️
Wacana pengembalian mekanisme Pilkada ke DPRD bukan sekadar soal efisiensi biaya politik. Bagi Aceh, hal ini berisiko menggeser kendali demokrasi lokal ke tangan partai-partai pusat di Jakarta, mengancam otonomi dan aspirasi rakyat.

Dampak Langsung terhadap Aceh
Aceh yang memiliki sejarah panjang perjuangan demokrasi dan otonomi khusus berpotensi kehilangan suara dalam memilih pemimpin lokal. Kepala daerah bisa saja ditentukan oleh kesepakatan elit partai di ibu kota, bukan aspirasi rakyat Aceh.

Risiko Relasi Kekuasaan Transaksional
Pilkada DPRD berpotensi merubah relasi legislatif–eksekutif dari mekanisme checks and balances menjadi politik transaksi, di mana keputusan politik lebih bergantung pada kesepakatan elite daripada kepentingan publik.Krisis Legitimasi
Data survei menunjukkan publik menolak perubahan mekanisme Pilkada tanpa mandat. Untuk Aceh, mengabaikan aspirasi rakyat bisa memicu ketidakpercayaan terhadap kepala daerah, konflik sosial, dan ketegangan politik baru.

Pertimbangan Ekonomi vs. Demokrasi
Klaim “efisiensi biaya politik” sering dijadikan alasan. Namun, kehilangan legitimasi dan partisipasi publik jauh lebih mahal daripada biaya Pilkada langsung. Demokrasi lokal adalah investasi politik yang tidak bisa digantikan dengan hitungan anggaran semata.
Perubahan mekanisme Pilkada harus memperhatikan aspirasi rakyat Aceh. Tanpa suara publik, efisiensi politik akan menelan harga mahal berupa krisis legitimasi, pelemahan otonomi, dan maraknya politik transaksional.
Aceh sedang memberi peringatan: demokrasi lokal tidak boleh dipangkas demi efisiensi anggaran atau kesepakatan elit pusat.
#fyp #foto #aceh #pilkada #dpr
👆👇👉",https://www.facebook.com/61564699212916/posts/122191697738489973,61564699212916,122191697738489973,https://www.facebook.com/photo/?fbid=122191697726489973&set=a.122161148696489973,https://scontent-ams2-1.xx.fbcdn.net/v/t51.82787-15/613557762_18080952101465862_7078568448010005969_n.webp?stp=dst-jpg_s640x640_tt6&_nc_cat=109&ccb=1-7&_nc_sid=127cfc&_nc_ohc=FhnkwA_X-iMQ7kNvwEeDlGw&_nc_oc=AdkROFPrQAh_J2Stn9W9HbQ3UIUVT5SwqmBILTOE2u_6hWzieF650kNIl3D1SFXeWvk&_nc_zt=23&_nc_ht=scontent-ams2-1.xx&_nc_gid=SlMlP8XIjBieDUrG2YPToQ&oh=00_AfqsO38zlZNnatlQLQW5btZuvTYjNQ5PFP0ulktiDfXOUA&oe=69659661,,,,,,,,,,,,,,,,,,,,
https://www.facebook.com/Husni.Difinubun,1383038157,25696620659957300,Bintang Evav,https://www.facebook.com/groups/417146658331382/permalink/25696620659957300/,2026-01-03 07:31:20,1767421880.0,116.0,96,7,"𝗧𝗼𝗹𝗮𝗸 𝗣𝗶𝗹𝗸𝗮𝗱𝗮 𝗟𝗲𝘄𝗮𝘁 𝗗𝗣𝗥𝗗 = 𝗣𝗲𝗹𝗶𝗵𝗮𝗿𝗮 𝗗𝗲𝗺𝗼𝗸𝗿𝗮𝘀𝗶 𝗠𝗮𝗵𝗮𝗹 𝗱𝗮𝗻 𝗞𝗼𝗿𝘂𝗽.
(Husni Difinubun) 

JAYAPURA, Penolakan terhadap usulan pemilihan kepala daerah melalui DPRD semakin membuka wajah asli kelompok-kelompok yang selama ini diuntungkan oleh mahalnya demokrasi langsung. Usulan Ketua Umum Partai Golkar Bahlil Lahadalia jelas sah secara konstitusional, namun justru diserang oleh pihak-pihak yang tampak alergi terhadap upaya menekan biaya politik.

Dukungan Partai Gerindra, Partai Amanat Nasional (PAN), dan Partai Kebangkitan Bangsa (PKB) memperlihatkan bahwa wacana ini bukan agenda sepihak, melainkan kesepakatan politik rasional demi menyelamatkan keuangan negara dan moral demokrasi.

Kelompok penolak terus berteriak “kemunduran demokrasi” tanpa pernah menjawab fakta paling telanjang: Pilkada langsung adalah mesin pembakar uang. Anggaran negara terkuras, kandidat terjerat utang politik, dan rakyat dijadikan objek mobilisasi transaksional. Mereka yang menolak tidak pernah jujur menjelaskan, siapa sebenarnya yang diuntungkan dari sistem mahal ini?

Lebih buruk lagi, Pilkada langsung telah melahirkan lingkaran setan korupsi.

Kepala daerah terpilih sibuk mengembalikan modal, membayar sponsor politik, dan mengamankan jaringan pendukung. Inilah realitas yang terus disangkal oleh para penolak, seolah-olah menutup mata adalah bentuk keberpihakan pada demokrasi.

Pemilihan melalui DPRD justru mengembalikan demokrasi ke jalur konstitusi. DPRD adalah lembaga representatif hasil pemilu rakyat.

Menolak peran DPRD sama saja dengan merendahkan suara rakyat yang telah memilih wakilnya secara sah.

Kelompok penolak kerap menjual narasi seakan rakyat akan kehilangan hak pilih. Ini adalah ketakutan buatan yang sengaja diproduksi untuk mempertahankan status quo. Hak politik rakyat tetap ada melalui pemilu legislatif. Yang dipangkas hanyalah biaya politik liar dan praktik transaksional.

Ketua Umum Golkar Bahlil Lahadalia dengan lugas menyasar inti persoalan: demokrasi tidak boleh disandera oleh ongkos politik yang tidak masuk akal. Negara berhak dan wajib melakukan koreksi. Menolak koreksi ini berarti memelihara sistem rusak yang telah terbukti gagal.

Dukungan Gerindra, PAN, dan PKB mempertegas bahwa pemerintah memiliki legitimasi politik yang kuat. Kini publik patut bertanya: apakah penolakan ini benar demi rakyat, atau demi kepentingan elite dan cukong politik?

Sudah saatnya Indonesia berhenti dikendalikan oleh romantisme demokrasi mahal. Pilkada lewat DPRD adalah pilihan konstitusional, rasional, dan berani. Siapa pun yang menolak tanpa argumen jujur, patut dicurigai sedang mempertahankan ladang bisnis politik...

#PilkadaDPRD 

#pilkada",https://www.facebook.com/1383038157/posts/25696620659957300,1383038157,25696620659957300,https://www.facebook.com/photo/?fbid=10239182852534652&set=gm.25696620659957300&idorvanity=417146658331382,https://scontent-ams2-1.xx.fbcdn.net/v/t39.30808-6/607092082_10239182852574653_5055231725959578501_n.jpg?stp=dst-jpg_s720x720_tt6&_nc_cat=111&ccb=1-7&_nc_sid=aa7b47&_nc_ohc=b8at-YOER2kQ7kNvwFDx3Bp&_nc_oc=AdlgFueWHDvAxzjdyC8VKsS18qeQ_ytPOC0XUozSdRf0Hh-AdHZxgA05xN2MQKwgf-Q&_nc_zt=23&_nc_ht=scontent-ams2-1.xx&_nc_gid=SlMlP8XIjBieDUrG2YPToQ&oh=00_Afoc3_0Z3MO7goSmujGYGheBCkY3PrvPUWS4kwgk5uIgnw&oe=6965B4E0,,,,,,,,,,,,,,,,,,,,
https://www.facebook.com/BersamaPresidenJokowi,100064510607568,1275223997971275,Pendukung Merah Putih,https://www.facebook.com/BersamaPresidenJokowi/posts/pfbid0yjYPps6PkqydSqGyNjij6yxPbp6YsnkzA7G91KuVX2ZtmfhCW8KeFedMXyKsvEj8l,2026-01-08 00:27:26,1767828446.0,21.0,13,1,"Like untuk PDI Perjuangan 
Love untul Partai Pendukung Pilkada Bupati dan Gubernur di Pilih Anggota DPRD
#PilkadaLangsung
#PilkadaDPRD
#Rakyat
#DPRD",https://www.facebook.com/100064510607568/posts/1275223997971275,100064510607568,1275223997971275,https://www.facebook.com/photo/?fbid=1275223971304611&set=a.410113974482286,https://scontent-ams2-1.xx.fbcdn.net/v/t39.30808-6/613651956_1275223974637944_4600406756076731799_n.jpg?stp=dst-jpg_s640x640_tt6&_nc_cat=100&ccb=1-7&_nc_sid=833d8c&_nc_ohc=cSOnIRa1yEoQ7kNvwGm2wNu&_nc_oc=Adm0Kb1K78h3XTR89Cr-kG5mzUWNRpCoA58uyrYppVcNSkr0SME36etc9FvPqSXcEPI&_nc_zt=23&_nc_ht=scontent-ams2-1.xx&_nc_gid=SlMlP8XIjBieDUrG2YPToQ&oh=00_Afr69Lcx1vT4YxDY2QoaO2ciUkpCX-wGGpUteTy5BsjDiA&oe=6965B0F7,,,,,,,,,,,,,,,,,,,,
https://www.facebook.com/tribunpekanbarufanspage,100064932870014,1327868956054188,Tribun Pekanbaru,https://www.facebook.com/tribunpekanbarufanspage/posts/pfbid0sxV7P5ZqX3ZwzS4M6oRWoEK3Uv8bqxZ6iSykE9mRcrxvVdTN729rGgFPYqBetTWql,2026-01-07 14:22:58,1767792178.0,452.0,588,20,"Prabowo Usulkan Pilkada Dihapus dan Kepala Daerah Dipilih DPRD, Bukan Dipilih Rakyat, Pakar: Pertanda Orde Baru Hidup Kembali",https://www.facebook.com/100064932870014/posts/1327868956054188,100064932870014,1327868956054188,,,,,,,,,,,,,,,,,,,,,,
https://www.facebook.com/mediadakwah13,100050630463198,1437166401314362,Hijrah Ku,https://www.facebook.com/reel/1539806723945397/,2026-01-07 05:00:28,1767758428.0,27.0,0,1,"""JILAT LUDAH SENDIRI!"" Demokrat Putar Haluan Dukung Pilkada DPRD, Khianati SBY? 🤮

#Demokrat #SBY #PilkadaDPRD #JilatLudah #KhianatiDemokrasi #PartaiLabil #KembaliKeOrba #SuaraRakyatMahal #ViralPolitik #MenolakLupa #Trending #Netizen62 #ReelsFB #ViralIndonesia #TrendingTopic #BeritaTerkini #InfoUpdate #KabarTerbaru #NetizenBersuara #ViralHariIni #InfoViral  #Warga62 #Viral #Fyp #Reels #VideoViral #FacebookPro  #FypDong",https://www.facebook.com/100050630463198/posts/1437166401314362,100050630463198,1437166401314362,https://www.facebook.com/reel/1539806723945397/,,,,,,,,,,,,,,,,,,,,,
https://www.facebook.com/lombokvibes.dotcom,100041614150086,1959424742121312,Lombok Vibes,https://www.facebook.com/lombokvibes.dotcom/posts/pfbid0wFpc49rz2Lo4guhg2nUHJroHjTx8rG5MaHiW2MeDQLkVZJcbBK1oMZwjzQkBKtJwl,2026-01-07 11:31:10,1767781870.0,13.0,7,10,"Hasi survey LSI Denny JA: 66.1% menolak Pilkada ditentukan DPRD. Mayoritas penolak adalah milenial dan Gen Z. 

#PilkadaDPRD #news #survey",https://www.facebook.com/100041614150086/posts/1959424742121312,100041614150086,1959424742121312,,,,,,,,,,,,,,,,,,,,,,
https://www.facebook.com/framingntv,1761311468,10215276301378423,Framing Newstv,https://www.facebook.com/framingntv/posts/pfbid04wQ9NG5dCdtzW4aedzBFzZjQ9VKkSMDaP8GA2qMdjrA7AdkeJN7EvFunJQFtn9tpl,2025-12-30 02:27:12,1767058032.0,193.0,301,12,"NasDem Buka Pintu Pilkada DPRD: Dinilai Sah Konstitusi dan Sejalan Nilai Pancasila

JAKARTA, Framing NewsTV - Fraksi Partai NasDem DPR RI menegaskan bahwa pemilihan kepala daerah (pilkada) melalui Dewan Perwakilan Rakyat Daerah (DPRD) memiliki pijakan konstitusional yang kuat dan tidak bertentangan dengan prinsip demokrasi di Indonesia.

Ketua Fraksi Partai NasDem DPR RI, Viktor Bungtilu Laiskodat, menyatakan bahwa Undang-Undang Dasar 1945 tidak membatasi demokrasi pada satu model pemilihan kepala daerah.

“Konstitusi kita tidak mengunci demokrasi pada satu model. Pilkada melalui DPRD memiliki dasar konstitusional yang sah dan tetap berada dalam koridor demokrasi,” kata Viktor dalam keterangannya di Jakarta, Selasa.

Demokrasi Perwakilan Tetap Konstitusional

Viktor menjelaskan bahwa mekanisme pilkada melalui DPRD merupakan bentuk demokrasi perwakilan yang sah secara konstitusi. Menurutnya, perubahan mekanisme pemilihan kepala daerah bukan dimaksudkan untuk melemahkan demokrasi, melainkan menjaga agar demokrasi tetap sehat dan substansial.

“Demokrasi yang hidup adalah demokrasi yang mampu beradaptasi, memperbaiki diri, dan tetap menjamin keterwakilan rakyat. Selama partisipasi, akuntabilitas, dan kontrol publik dijaga, demokrasi justru diperkuat,” ujarnya.

Ia menegaskan bahwa demokrasi tidak boleh direduksi sekadar menjadi ritual elektoral lima tahunan, tetapi harus mampu melahirkan kepemimpinan daerah yang berintegritas dan efektif.

Sejalan dengan Nilai Pancasila

Lebih lanjut, Viktor menyebut gagasan pilkada melalui DPRD sejalan dengan nilai Pancasila, khususnya sila keempat tentang kerakyatan yang dipimpin oleh hikmat kebijaksanaan dalam permusyawaratan/perwakilan.

Menurutnya, demokrasi Indonesia sejak awal dirancang tidak hanya sebagai demokrasi elektoral, tetapi juga demokrasi yang menempatkan musyawarah dan perwakilan sebagai fondasi utama pengambilan keputusan politik.

“DPRD adalah lembaga perwakilan yang lahir dari mandat rakyat. Mekanisme pilkada melalui DPRD dapat menghadirkan kepemimpinan daerah yang lahir dari proses permusyawaratan dan tanggung jawab kolektif,” kata Viktor.

Kasus Kepala Daerah Jadi Bahan Evaluasi Sistem

Viktor juga menyinggung maraknya kasus hukum yang menjerat kepala daerah dalam beberapa waktu terakhir. Menurutnya, persoalan tersebut harus menjadi refleksi bersama untuk melakukan pembenahan sistem politik di tingkat daerah.

“Kita tidak bisa hanya menuntut integritas individu, sementara sistem politiknya masih mahal, kompetitif secara tidak sehat, dan rentan mendorong penyalahgunaan kekuasaan,” tegasnya.

Ajak Jaga Persatuan dan Stabilitas Politik

NasDem menilai bahwa perbedaan pandangan terkait sistem pilkada merupakan hal yang wajar dalam demokrasi. Namun, Viktor mengingatkan agar perbedaan tersebut tidak berkembang menjadi polarisasi politik yang mengganggu persatuan nasional.

“Perbedaan pandangan boleh ada, tapi jangan sampai mengganggu persatuan dan arah kemajuan bangsa,” ujarnya.

Ia pun mengajak seluruh elemen bangsa untuk menyikapi wacana pilkada melalui DPRD dengan kejernihan nalar dan kedewasaan sikap, serta tetap berpegang pada nilai-nilai konstitusi sebagai pijakan bersama.

“Demokrasi harus mampu menghasilkan kepemimpinan daerah yang stabil, bertanggung jawab, dan bebas dari tekanan sistemik yang menjauhkan kekuasaan dari kepentingan rakyat,” pungkas Viktor.

#nasdem #pilkada #dprd #politiknasional

========
Sahabat Framing NewsTV, jangan lupa Like, Comment, Ikuti dan Share Facebook Framing NewsTV, serta aktifkan Lonceng Notifikasi agar tidak ketinggalan update isu-isu terkini di Indonesia.",https://www.facebook.com/1761311468/posts/10215276301378423,1761311468,10215276301378423,https://www.facebook.com/photo/?fbid=10215276299338372&set=a.10200742705007597,https://scontent-ams2-1.xx.fbcdn.net/v/t39.30808-6/605690968_10215276299378373_3575962669397928971_n.jpg?stp=dst-jpg_s640x640_tt6&_nc_cat=109&ccb=1-7&_nc_sid=127cfc&_nc_ohc=b5kzKwzEXRAQ7kNvwEmmSa1&_nc_oc=AdkbJqhDgqtbbVGRr6BvBJlGmzimrH_cZbO5gwSpepuTTgbD3XVq1T3t9qFWXEFFJpM&_nc_zt=23&_nc_ht=scontent-ams2-1.xx&_nc_gid=Cxp1imVd2vewv1ynmUHo5Q&oh=00_Afqay5mSfksG8S2XJchBKFnvCx_eiMUD4erTPFVqj5EM3w&oe=6965C304,,,,,,,,,,,,,,,,,,,,
https://www.facebook.com/KOMPAScom,100064383715647,1403418238480953,Kompas.com,https://www.facebook.com/KOMPAScom/posts/pfbid01FnUbqpTK8khbpLY5LRBEU8rUkU64UhGTqGYGv9TmKHmLoqBKqNaPdsJtPBoTMwil,2025-12-31 12:09:43,1767179383.0,489.0,1848,131,"Fraksi Partai Gerindra menilai wacana pilkada melalui DPRD bukanlah langkah mundur demokrasi, melainkan upaya menyempurnakan sistem demokrasi agar bekerja lebih efektif dan berpihak kepada rakyat.

Baca di sini: https://nasional.kompas.com/read/2025/12/31/17463441/gerindra-sebut-pilkada-via-dprd-untuk-penyempurnaan-demokrasi-bukan

~TA #Gerindra #Pilkada #DPRD",https://www.facebook.com/100064383715647/posts/1403418238480953,100064383715647,1403418238480953,https://www.facebook.com/photo/?fbid=1403418071814303&set=a.609291657893619,https://scontent-ams2-1.xx.fbcdn.net/v/t39.30808-6/605245921_1403418078480969_8406523157252355768_n.jpg?stp=dst-jpg_p526x296_tt6&_nc_cat=109&ccb=1-7&_nc_sid=127cfc&_nc_ohc=7Y2gChqG6KgQ7kNvwHa5ufE&_nc_oc=AdlGK1KzYciJjGsfRFAkeTmJ6KBG7E7AxRDSM5RxmhKrD4PGtdP5AWyrmgS9Qqt9YnQ&_nc_zt=23&_nc_ht=scontent-ams2-1.xx&_nc_gid=Cxp1imVd2vewv1ynmUHo5Q&oh=00_AfpS66VUEbDDAhLOo6Rg4n4vG3V5jeNFPLvDYt_PB6tA7A&oe=69659A66,,,,,,,,,,,,,,,,,,,,
https://www.facebook.com/sibnewsnetwork,100063584393553,2053418222144411,SIB News Network,https://www.facebook.com/groups/hariansib/permalink/2053418222144411/,2025-12-09 07:16:42,1765261002.0,19.0,15,1,"Viktor Silaen: Wacana Pilkada Dipilih DPRD Layak Dikaji Secara Objektif, Jangan Ditolak Secara Emosional

    Anggota DPRD Sumut Viktor Silaen SE MM menilai usulan Presiden Prabowo Subianto dan Ketua Umum Partai Golkar Bahlil Lahadalia, agar pemilihan kepala daerah dilakukan melalui DPRD, bukan secara langsung, merupakan wacana yang layak dikaji secara objektif, mendalam dan rasional,  jangan  ditolak secara emosional.

     ""Mekanisme pemilihan kepala daerah melalui DPRD ini  berpotensi besar menekan anggaran daerah, memperkecil politik uang, serta meningkatkan kualitas kepemimpinan di daerah,"" ujar Viktor Silaen kepada wartawan, Selasa (9/12/2025), melalui telepon dari Medan.

      Bahkan yang terpenting, tambah Viktor,  bukan siapa yang memilih, tetapi apakah sistem itu mampu menghasilkan pemimpin yang berkualitas dan efektif bekerja, sehingga usulan ini layak dikaji secara terbuka.

     Seperti diketahui, ujar Viktor, Pilkada langsung membutuhkan anggaran yang sangat besar dan sering membebani daerah, karena  harus menghabiskan ratusan miliar rupiah hanya untuk satu kali pemilihan.

     “Dengan pemilihan melalui DPRD, beban anggaran bisa ditekan. Dana ratusan miliar itu bisa dialihkan untuk pembangunan, pendidikan, infrastruktur, atau penanganan bencana yang lebih mendesak bagi rakyat,” kata Viktor sembari menambahkan,  efisiensi anggaran merupakan alasan logis yang tidak boleh diabaikan dalam kajian sistem politik ke depan.

     Selain efisiensi, Viktor menilai mekanisme pemilihan oleh DPRD berpotensi menekan praktik politik uang yang selama ini masif dalam Pilkada langsung. Transaksi politik berskala besar bisa berkurang,  konflik horizontal antarpendukung yang selalu muncul dalam Pilkada langsung, bisa diminimalisir.

     Politisi Partai Golkar Sumut ini menegaskan, pemimpin yang dipilih melalui DPRD tetap memiliki legitimasi, selama prosesnya transparan dan sesuai undang-undang.

     Namun demikian, katanya, meski melihat banyak kelebihan,  tidak menutup mata bahwa perubahan sistem ini tetap memerlukan perbaikan budaya politik di legislatif, dengan memperkuat integritas DPRD, prosesnya harus transparan, akuntabel dan membuka ruang partisipasi publik.

     Viktor menyimpulkan DPRD Sumut pada prinsipnya terbuka terhadap kajian nasional mengenai mekanisme pemilihan kepala daerah. Jika sistem baru terbukti lebih efisien, lebih stabil dan menghasilkan pemimpin daerah yang lebih berkualitas, tidak ada salahnya dibahas demi kepentingan rakyat, bukan kepentingan politik sesaat.(*)

#PilkadaLangsung #PilkadaDPRD #PresidenRI #PrabowoSubianto #BahlilLahadalia #DPRDSumut #ViktorSilaen #SNN #SIBNewsNetWork",https://www.facebook.com/100063584393553/posts/2053418222144411,100063584393553,2053418222144411,https://www.facebook.com/photo/?fbid=1515252047270927&set=gm.2053418222144411&idorvanity=654940535325527,https://scontent-ams2-1.xx.fbcdn.net/v/t39.30808-6/596493138_1515251763937622_6327708192334629646_n.jpg?stp=dst-jpg_p180x540_tt6&_nc_cat=110&ccb=1-7&_nc_sid=aa7b47&_nc_ohc=tutUeMseddQQ7kNvwFTWJgv&_nc_oc=Adnu3Qzc5w_GfuIvwj23-bpDkDlP4KKcdjBaVPvJD88aj2RpDHwSYhi2BytHoWuHrLw&_nc_zt=23&_nc_ht=scontent-ams2-1.xx&_nc_gid=Cxp1imVd2vewv1ynmUHo5Q&oh=00_Afr6rZ58aHn4HXTJxdQNYaSSh8hIWCYaHgHb8WCwsANQog&oe=69659737,,,,,,,,,,,,,,,,,,,,
https://www.facebook.com/andi.dahrul,1161231317,10236859186237053,Andi Dahrul,https://www.facebook.com/andi.dahrul/posts/pfbid0b568PZ6yuKYRHJtLfLfX36TjGbu8K1FRcQd3dXefmg62Pf4tNnqupLvynEMj1BcVl,2025-12-29 00:30:23,1766964623.0,17.0,6,1,"Pilkada DPRD dan Masa Depan Kedaulatan Rakyat

Oleh: Andi Dahrul

Wacana mengembalikan pemilihan kepala daerah (Pilkada) ke DPRD kembali menguat. Di permukaan ia tampak sebagai upaya efisiensi anggaran dan stabilitas politik. Namun di lapisan yang lebih dalam, perdebatan ini menyentuh jantung demokrasi kita: siapa sesungguhnya pemilik sah kekuasaan—rakyat atau elite politik?

Jean-Jacques Rousseau telah mengingatkan sejak awal demokrasi modern:
“La souveraineté ne peut être représentée, pour la même raison qu’elle ne peut être aliénée.”
Kedaulatan tidak dapat diwakilkan, sebagaimana ia tidak dapat dialihkan.
(Du Contrat Social, Buku II, Bab I, hlm. 64, Édition Garnier, 1964)

Ketika hak rakyat memilih pemimpin daerah dipindahkan sepenuhnya ke DPRD, yang terkikis bukan sekadar prosedur, melainkan hakikat kedaulatan itu sendiri.

Robert A. Dahl menempatkan partisipasi luas dan kompetisi terbuka sebagai fondasi demokrasi:
“A key characteristic of a democracy is the continued responsiveness of the government to the preferences of its citizens, considered as political equals.”
Ciri utama demokrasi adalah respons berkelanjutan pemerintah terhadap preferensi warga sebagai pihak yang setara secara politik.
(Polyarchy: Participation and Opposition, hlm. 1, Yale University Press, 1971)

Pilkada langsung memenuhi dua prinsip tersebut. Pilkada melalui DPRD, sebaliknya, mempersempit partisipasi rakyat dan mendorong demokrasi ke arah oligarki perwakilan, di mana keputusan strategis dipusatkan pada segelintir elite politik.

John Locke menegaskan bahwa kekuasaan hanya sah bila bersumber dari persetujuan rakyat:
“The power of the society… can never be supposed to extend farther than the common good.”
Kekuasaan politik tidak boleh melampaui kepentingan umum.
(Second Treatise of Government, §131, hlm. 357, Cambridge Edition, 1988)
Pilkada langsung merupakan bentuk konkret consent of the governed di tingkat lokal. Menghapusnya berarti mengganti legitimasi sosial dengan legitimasi prosedural elite.

Max Weber mengingatkan bahwa stabilitas kekuasaan berdiri di atas legitimasi:
“Every system of authority attempts to establish and cultivate the belief in its legitimacy.”
Setiap sistem kekuasaan berusaha menanamkan keyakinan atas legitimasinya.
(Economy and Society, Vol. I, hlm. 212, University of California Press, 1978)
Tanpa mandat rakyat, kepemimpinan daerah akan rapuh sejak dari awal. 

Pemerintah mengalokasikan sekitar Rp71,3 triliun untuk Pemilu 2024 yang mencakup Pilkada di banyak daerah. Biaya besar ini sering dijadikan alasan utama untuk mencari sistem yang “lebih murah”.

Demokrasi memang leaving expensive. Ia bukan pengeluaran biasa, melainkan investasi legitimasi. Pengalaman Indonesia menunjukkan bahwa Pilkada langsung tetap menghadirkan partisipasi puluhan juta warga. Modal sosial inilah yang tidak dapat digantikan oleh keputusan DPRD.

Ironisnya, berbagai laporan lembaga antikorupsi menunjukkan bahwa dana hibah Pilkada dari APBD rawan disalahgunakan. Masalahnya bukan pada sistem langsung, melainkan pada tata kelola politik dan pendanaan kampanye yang belum sehat.

Teori public choice memperingatkan: semakin kecil lingkar pengambil keputusan, semakin besar peluang rent-seeking dan transaksi tertutup. Memindahkan Pilkada ke DPRD tidak menghilangkan biaya politik; ia hanya memindahkannya ke ruang yang lebih gelap dan sulit diawasi publik.

Pasal 1 ayat (2) UUD 1945 menegaskan:
“Kedaulatan berada di tangan rakyat dan dilaksanakan menurut Undang-Undang Dasar.”
Pilkada langsung adalah pengejawantahan paling nyata prinsip tersebut di tingkat lokal. Menariknya kembali ke DPRD berarti mempersempit makna kedaulatan yang diperjuangkan sejak Reformasi.

Demokrasi memang mahal, berisik, dan melelahkan. Namun demokrasi yang dipermudah dengan mengurangi peran rakyat jauh lebih mahal biayanya: krisis legitimasi, defisit kepercayaan, dan menjauhnya negara dari warga.

Ketika hak rakyat memilih pemimpin daerah ditarik kembali ke tangan elite, kita tidak sedang menyempurnakan demokrasi. Kita sedang mengubah arah sejarah politik Indonesia.

Dan pada titik itulah pertanyaan mendasarnya muncul:
apakah kita menginginkan demokrasi yang efisien bagi elite, atau demokrasi yang bermakna bagi rakyat?

@sorotan",https://www.facebook.com/1161231317/posts/10236859186237053,1161231317,10236859186237053,,,,,,,,,,,,,,,,,,,,,,
https://www.facebook.com/videotribunnews,100064323387053,1297145562439544,Tribun Video,https://www.facebook.com/videotribunnews/posts/pfbid0Q1hTBHYbauqwPVhv3TiXmGUB2nZZrF2hd9nZyEAfBzfVhqpadyJhCuCbBMneQtYel,2025-12-30 05:00:08,1767067208.0,1200.0,3948,445,"Peta Politik di DPR Saat Ini: Fraksi Pendukung Pilkada Lewat DPRD Bakal Menang

TRIBUNVIDEO.COM - Wacana Partai Golkar mengusulkan Pilkada dilakukan melalui Dewan Perwakilan Rakyat Daerah (DPRD) bisa jadi terlaksana.

Hal itu merujuk dari peta politik sikap fraksi (perpanjangan tangan partai politik) yang ada di DPR RI. 

Hingga saat ini mayoritas fraksi di DPR tampaknya setuju pemilihan kepala daerah (Pilkada) melalui DPRD.

Kepala daerah dimaksud adalah bupati, wali kota, dan gubernur.

Pada masa Orde Baru hingga sebelum Reformasi, kepala daerah dipilih oleh DPRD. 

Pilkada langsung oleh rakyat dengan mencoblos gambar calon kepala daerah di TPS (tempat pemungutan suara) baru pertama kali digelar pada Juni 2005 hingga Pilkada 2024 lalu.

Pilkada via DPRD dilakukan dengan merevisi UU Pilkada.

Jika mayoritas fraksi di Dewan setuju maka Pilkada di tahun mendatang akan dilakukan melalui DPRD.

Peta politik di DPR yang setuju Pilkada via DPRD
DPR RI Periode 2024–2029 terdiri dari 8 fraksi dengan jumlah anggota 580 orang.

-PKB =  68 Anggota DPR  (11,72 persen dari 580 total anggota DPR)
-Gerindra = 86 Anggota DPR (14,83 persen dari 580 total anggota DPR)
-PDI-P = 110 Anggota DPR (18,97 persen dari 580 total anggota DPR)
-Golkar  =  102  Anggota DPR (17,59 persen dari 580 total anggota DPR)
-NasDem = 69 Anggota DPR  (11,90 persen dari  580 total anggota DPR)
-PKS   =  53  Anggota DPR (9,14 persen dari  580 total anggota DPR)
-PAN    =  48 Anggota DPR  (8,28 persen dari  580 total anggota DPR)
-Demokrat = 44 Anggota DPR (7,59 persen dari  580 total anggota DPR)
Saat ini ada 4 partai yang  setuju Pilkada via DPRD yakni Partai Golkar, PKB, Partai Gerindra, dan PAN.

Jika empat partai itu kompak di DPR maka suaranya mencapai 304 anggota atau sekitar  52,4 persen dari total 580 anggota dewan.

Maka apabila dilakukan voting pemilihan keputusan dengan suara terbanyak maka usul Pilkada via DPRD bisa terealisasi melalui keputusan di DPR RI.

Dengan demikian nantinya rakyat tidak lagi memilih gambar calon kepala daerah  di TPS.

Anggota DPRD lah yang akan memilih kepala daerah baik gubernur, bupati, dan wali kota.

Yang mengejutkan Fraksi Nasdem tampaknya setuju dengan wacana pilkada via DPRD meski partai ini berada di luar pemerintahan.

Penulis: Hasanudin Aco

BACA ARTIKEL SELENGKAPNYA>> https://www.tribunnews.com/nasional/7772729/peta-politik-di-dpr-saat-ini-fraksi-pendukung-pilkada-lewat-dprd-bakal-menang

FOTO: Sejumlah Anggota DPR mengikuti Rapat Paripurna ke-5 DPR RI Masa Sidang I Tahun Sidang 2025-2026 di Kompleks Parlemen, Senayan, Jakarta, Selasa (23/9/2025). (Sumber foto: TRIBUNNEWS/IRWAN RISMAWAN).",https://www.facebook.com/100064323387053/posts/1297145562439544,100064323387053,1297145562439544,https://www.facebook.com/photo/?fbid=1297145542439546&set=a.633631702124270,https://scontent-ams2-1.xx.fbcdn.net/v/t39.30808-6/608064833_1297070282447072_2817023916016128262_n.webp?stp=dst-jpg_s960x960_tt6&_nc_cat=101&ccb=1-7&_nc_sid=127cfc&_nc_ohc=utwSRTf3Z5sQ7kNvwEQH1OG&_nc_oc=Adkd25ZyRb4WZsgHJXiiSKbss5eFZtGil1irbDn7WQvIoXBQ0NNfLOGZ5NLJqLPuqfM&_nc_zt=23&_nc_ht=scontent-ams2-1.xx&_nc_gid=ZFn-42LdUR5r2bAAjNTRzQ&oh=00_Afo0jAylQ3FlTTcx1sA4H1UrH8YxZ75vkd1Tkd_FG8NX5Q&oe=6965B105,,,,,,,,,,,,,,,,,,,,
https://www.facebook.com/malwin.sitompul,1546663941,25492958970362695,Malwin Sitompul,https://www.facebook.com/groups/menujutapanuliutara1/permalink/25492958970362695/,2025-12-29 13:18:22,1767010702.0,1.0,0,0,"Ketua DPP Partai Gerindra Prasetyo Hadi menilai dukungan partainya terhadap usulan pemilihan kepala daerah melalui DPRD merupakan langkah berani untuk memperbaiki sistem dan mekanisme pilkada yang selama ini berjalan.

Menurut Prasetyo, kajian internal partai menunjukkan bahwa pilkada langsung masih memiliki sejumlah kelemahan, terutama tingginya ongkos politik yang kerap menjadi kendala bagi calon kepala daerah, mulai dari bupati, wali kota, hingga gubernur. 

",https://www.facebook.com/1546663941/posts/25492958970362695,1546663941,25492958970362695,,,,,,,,,,,,,,,,,,,,,,
https://www.facebook.com/KOMPAScom,100064383715647,1402148205274623,Kompas.com,https://www.facebook.com/KOMPAScom/posts/pfbid02cKiH3sTqzimpaPyD6WVpFNzvTcaPEaRi8YdHnJ3Dzgw79oFe1FTtcS6Ujzoi9Z9fl,2025-12-30 01:06:35,1767053195.0,407.0,307,54,Wacana pilkada via DPRD dinilai mengamputasi hak rakyat dan tidak menjawab persoalan money politics,https://www.facebook.com/100064383715647/posts/1402148205274623,100064383715647,1402148205274623,,,,,,,,,,,,,,,,,,,,,,
https://www.facebook.com/KOMPAScom,100064383715647,1402111975278246,Kompas.com,https://www.facebook.com/KOMPAScom/posts/pfbid02MN3C6ujXwW5uvBfGBkxzyc6779hAEZjoHvrqSdE6sTgHb2r26um7zRVWjnjCgoUWl,2025-12-29 23:45:35,1767048335.0,190.0,470,19,Nasdem menilai pilkada melalui DPRD konstitusional dan selaras Pancasila. Mekanisme ini dinilai bentuk demokrasi perwakilan yang sehat.,https://www.facebook.com/100064383715647/posts/1402111975278246,100064383715647,1402111975278246,,,,,,,,,,,,,,,,,,,,,,
https://www.facebook.com/tribunnews.lampung,100064252317076,1326281456190252,Tribun Lampung,https://www.facebook.com/tribunnews.lampung/posts/pfbid02j852Mhp2LY2sMvHCYKV2g4ydTptSWsLyTBZEpjkKg34RLYRKvjYtVFbBs6s3XdUMl,2025-12-30 05:43:43,1767069823.0,162.0,301,5,"Golkar, Gerindra, PAN, dan PKB Kompak Dukung Pilkada Lewat DPRD",https://www.facebook.com/100064252317076/posts/1326281456190252,100064252317076,1326281456190252,,,,,,,,,,,,,,,,,,,,,,
https://www.facebook.com/afni.zulkifli.3,1108360493,10229866832910828,Afni Z,https://www.facebook.com/afni.zulkifli.3/posts/pfbid0oJ5fZGqrsrFW8aZhwGRNvKxmCw2sspzXj2jxYCrmwhEdXNbtDJkVa9UtLKZXD5Njl,2026-01-08 02:49:58,1767836998.0,753.0,45,8,"Silahturahmi dengan Menteri Desa dan Pembangunan Daerah Tertinggal, Bapak Yandri Susanto di kediaman beliau. Menjadi lengkap karena didampingi sahabat baik saya yang selalu ngasi semangat dan nasehat, istri beliau yang juga Bupati Serang Ibu Ratu Rachmatuzakiyah.  

Turut hadir sahabat-sahabat dari Fraksi PAN DPRD Provinsi Riau, Bang Fairus. Juga anggota Fraksi PAN DPRD Siak, Bapak Ridha Alwis Effendi, Bpk H. Budi Yuwono, dan Bpk Salman Alfarisi. Selain juga ada Sekda beserta Kabag Hukum dan Bapperida, juga saya ajak Penghulu Dayun.

Malam tadi kami kompak sekali menyuarakan berbagai kepentingan rakyat Siak. Diantaranya:

1. Nasib puluhan Desa/Kampung dalam kawasan (HTI, HGU, BMN, BUMN)
2. Akses infrastruktur dan hak dasar masyarakat desa/kampung akibat terfragmentasi ijin konsesi. 
3. Alokasi Dana Desa/Kampung perlu ditingkatkan, bukan dikurangi
4. Lahan Koperasi Merah Putih yang masih sulit tersedia.
5. Banyaknya Desa/Kampung yang terkena batas 100 meter kanan kiri jalan masuk BMN. Memohon disampaikan untuk bisa mendapatkan diskresi Bapak Presiden karena masalah ini lintas Kabupaten, dengan jumlah terdampak nasib ratusan ribu orang.
6. Memohon bantuan untuk Ambulance Laut bagi Desa/Kampung/Dusun terpencil di Sungai Apit (Teluk Lanus, Mungkal, dll). 
7. Memastikan bahwa lahan-lahan HTI, HGU, BMN, dan BUMN dapat diakses dalam bentuk pinjam pakai untuk mendukung ketahanan pangan. Selain mewujudkan kemandirian pangan juga untuk menjadi rantai pasok dapur MBG.
8. Dll berbagai isu krusial lainnya

Kami saling berdiskusi hangat, dan tentu sesekali tertumpah tawa mengenang masa-masa Pilkada. Dulu mungkin kami berseberang jalan, namun begitu Pilkada usai, kami akhirnya bergandengan tangan untuk bersama-sama mengisi pembangunan. 

Kami sudah move on. Semoga yang masih belum, bisa menyusul demi Siak kita...😊",https://www.facebook.com/1108360493/posts/10229866832910828,1108360493,10229866832910828,,,,,,,,,,,,,,,,,,,,,,
https://www.facebook.com/KOMPAScom,100064383715647,1401531145336329,Kompas.com,https://www.facebook.com/KOMPAScom/posts/pfbid0XCt3VUdfxbZa5rz2bzbnn4XSMAFsTc32kqaWGcsuUMxZMFdJKFzqF6tt4C1oM6XKl,2025-12-29 07:33:36,1766990016.0,160.0,140,20,Politikus PDI-P Guntur Romli menolak usulan pemilihan kepala daerah (pilkada) dipilih DPRD. Ia menegaskan PDI-P tetap menginginkan pilkada langsung oleh rakyat.,https://www.facebook.com/100064383715647/posts/1401531145336329,100064383715647,1401531145336329,,,,,,,,,,,,,,,,,,,,,,
https://www.facebook.com/detikcom,100064777748241,1412296947606217,detikcom,https://www.facebook.com/detikcom/posts/pfbid032foL9bpseptQ38iRVQddgxc5iH5Q2V3SXiqGJKwYc4wjZBqgoCvNkyxrTMeqHP79l,2025-12-29 11:35:53,1767004553.0,125.0,297,6,Partai Golkar mengusulkan pilkada lewat DPRD untuk kurangi ongkos politik. Gerindra setuju mendorong perubahan sistem demi efisiensi dan partisipasi publik.,https://www.facebook.com/100064777748241/posts/1412296947606217,100064777748241,1412296947606217,,,,,,,,,,,,,,,,,,,,,,
https://www.facebook.com/detikcom,100064777748241,1412810114221567,detikcom,https://www.facebook.com/detikcom/posts/pfbid0coEaRQCKDcM7fBZgfXbZpvQEzR6SF92TcDDk6se21FuDEP5nnvUR6SPfPe5CcJAol,2025-12-30 03:27:44,1767061664.0,46.0,116,5,"Ketua Fraksi NasDem DPR RI, Viktor Bungtilu Laiskodat, menilai pilkada melalui DPRD tak bertentangan dengan UUD 1945 serta nilai Pancasila.",https://www.facebook.com/100064777748241/posts/1412810114221567,100064777748241,1412810114221567,,,,,,,,,,,,,,,,,,,,,,
https://www.facebook.com/igusti.p.artha,100001430229889,25746189938345328,I Gusti Putu Artha,https://www.facebook.com/igusti.p.artha/posts/pfbid0317vGfa3FmTyGLfEhV7TQDX3jybxEJXMEKV4wraXpsrvNA5kpeateD9q2SjHU8hadl,2026-01-08 10:54:34,1767866074.0,83.0,78,0,"Jika begini gelagatnya, prediksi saya Pileg 2029 sistem tertutup (coblos partai), Pilkada 2031 kandidat dipilih DPRD!",https://www.facebook.com/100001430229889/posts/25746189938345328,100001430229889,25746189938345328,,,,,,,,,,,,,,,,,,,,,,
https://www.facebook.com/profile.php?id=61572677684273,61572677684273,122178860096755922,Padang TV News,https://www.facebook.com/permalink.php?story_fbid=pfbid02BuFt5GYw3XEyKgJGaJF6oJoKmoLMdguMLYcn9yRcYkyePtDLP3EUBzAbftoEcXuYl&id=61572677684273,2026-01-08 07:56:01,1767855361.0,653.0,232,15,"Di tengah dorongan sejumlah fraksi untuk mengembalikan Pilkada lewat DPRD, PDI Perjuangan justru berdiri sendiri menyatakan penolakan tegas. Enam fraksi mendukung mekanisme tanpa suara langsung rakyat, sementara PDI Perjuangan konsisten menjaga Pilkada tetap dipilih oleh rakyat. PDI Perjuangan menilai Pilkada langsung adalah wujud kedaulatan rakyat yang tidak boleh dikorbankan. Alasan efisiensi biaya dan isu politik uang tidak bisa dijadikan pembenaran untuk memangkas hak rakyat dalam menentukan pemimpinnya sendiri. Anggota Komisi II DPR RI Fraksi PDI Perjuangan, Komarudin Watubun menegaskan komitmen PDI Perjuangan menjaga demokrasi agar Pilkada tetap melibatkan rakyat secara langsung. Senada, Deddy Sitorus menilai alasan yang dikemukakan para pengusung Pilkada lewat DPRD mencerminkan minimnya kemauan berpikir serius dalam memperkuat demokrasi.",https://www.facebook.com/61572677684273/posts/122178860096755922,61572677684273,122178860096755922,https://www.facebook.com/photo/?fbid=122178860072755922&set=a.122122180190755922,https://scontent-ams2-1.xx.fbcdn.net/v/t39.30808-6/612005509_122178860078755922_449378264997201468_n.jpg?stp=dst-jpg_s640x640_tt6&_nc_cat=111&ccb=1-7&_nc_sid=127cfc&_nc_ohc=eocsNusPdlgQ7kNvwHPyKYU&_nc_oc=AdmjXl3B9QeaB86Y5X5QL1kN9zFPPBdUltY9eeKIgh8olnG6NOs-mxS2fMjg7rLKg38&_nc_zt=23&_nc_ht=scontent-ams2-1.xx&_nc_gid=wYk6dqm0LkC6bR-Ek85buQ&oh=00_AfpAJztGaWWKI_QqW81wyiywo5X0NqIi7A3jxHj24wi5zw&oe=6965C0F7,,,,,,,,,,,,,,,,,,,,
https://www.facebook.com/tribuntimurdotcom,100064857965614,1354539096718010,Tribun Timur Berita Online Makassar,https://www.facebook.com/tribuntimurdotcom/posts/pfbid0J9cmgwfJog2mvCJAw5MGXrHM6ZJS2Hk3XVPTA5dj4f7sPzgadGW2oqikmAnGmZgAl,2025-12-29 14:51:54,1767016314.0,211.0,274,11,"Alasan ongkos Pilkada dan Pembiayaan Negara Jadi alasan Gerindra Setuju Pilkada Lewat DPRD

Baca selengkapnya: https://makassar.tribunnews.com/news/1823615/gerindra-setuju-pilkada-melalui-dprd-prasetyo-hadi-sentil-ongkos-dan-biaya-dari-negara

#pilkada #partaigerindra",https://www.facebook.com/100064857965614/posts/1354539096718010,100064857965614,1354539096718010,,,,,,,,,,,,,,,,,,,,,,
https://www.facebook.com/viena.effendy,1354266635,10240957403056347,Viena Effendy Kok,https://www.facebook.com/viena.effendy/posts/pfbid036GVxgu8BmV9UJfD7SoBjnHF14EXm5yZpkjSPeURZwKV7SRdbcbVEM3SmVRuCDFVRl,2026-01-07 01:07:53,1767744473.0,55.0,82,6,"Sptnya Pilkada sih sdh positif akan dipilih DPRD ya. Jadi kemungkinan utk mendapatkan Kepala Daerah pilihan rakyat sih makin pupus 😀 
Ini juga bisa menuju Pilpres dipilih jg oleh DPR kelak 😀",https://www.facebook.com/1354266635/posts/10240957403056347,1354266635,10240957403056347,,,,,,,,,,,,,,,,,,,,,,
https://www.facebook.com/KOMPAScom,100064383715647,1401764175313026,Kompas.com,https://www.facebook.com/KOMPAScom/posts/pfbid0a5eKbiURjkmweJfAkW886NGamjWM5ZAuwqtGdc9qD9ZdQ3ghYteCufSqGuMr1adcl,2025-12-29 13:28:14,1767011294.0,19.0,69,1,"PAN menilai usulan pilkada dipilih DPRD layak dipertimbangkan untuk mengatasi politik uang, dinasti, dan identitas yang kian intens dalam pilkada langsung.",https://www.facebook.com/100064383715647/posts/1401764175313026,100064383715647,1401764175313026,,,,,,,,,,,,,,,,,,,,,,
https://www.facebook.com/sewordcom,100063710970274,1211909157609439,Seword.com,https://www.facebook.com/sewordcom/posts/pfbid02RybwySqNSmLPuAa7qALqu4FJoPUexyNG6YaRTpvkeoEJd7d3ch2t2p3wPFARKPgal,2025-12-29 13:05:03,1767009903.0,33.0,16,2,Ada yang ngotot mau Pilkada lewat DPRD nih. ,https://www.facebook.com/100063710970274/posts/1211909157609439,100063710970274,1211909157609439,,,,,,,,,,,,,,,,,,,,,,
https://www.facebook.com/TribunnewsForum,100061028420491,1456585206385746,Tribunnews Forum,https://www.facebook.com/TribunnewsForum/posts/pfbid02QU1vxuY7thvHEXyJrVPdC35ZVy7CwHVHhoyhVMdryQa7wbKskguJmK5UuMUarMs2l,2025-12-30 02:40:30,1767058830.0,290.0,662,44,"Peta Politik di DPR Saat Ini: Fraksi Pendukung Pilkada Lewat DPRD Bakal Menang

Wacana Partai Golkar mengusulkan Pilkada dilakukan melalui Dewan Perwakilan Rakyat Daerah (DPRD) bisa jadi terlaksana.

Hal itu merujuk dari peta politik sikap fraksi (perpanjangan tangan partai politik) yang ada di DPR RI. 

Hingga saat ini mayoritas fraksi di DPR tampaknya setuju pemilihan kepala daerah (Pilkada) melalui DPRD.

Kepala daerah dimaksud adalah bupati, wali kota, dan gubernur.

Pada masa Orde Baru hingga sebelum Reformasi, kepala daerah dipilih oleh DPRD. 

Pilkada langsung oleh rakyat dengan mencoblos gambar calon kepala daerah di TPS (tempat pemungutan suara) baru pertama kali digelar pada Juni 2005 hingga Pilkada 2024 lalu.

Pilkada via DPRD dilakukan dengan merevisi UU Pilkada.

Jika mayoritas fraksi di Dewan setuju maka Pilkada di tahun mendatang akan dilakukan melalui DPRD.

Peta politik di DPR yang setuju Pilkada via DPRD

DPR RI Periode 2024–2029 terdiri dari 8 fraksi dengan jumlah anggota 580 orang.

PKB =  68 Anggota DPR  (11,72 persen dari 580 total anggota DPR)
Gerindra = 86 Anggota DPR (14,83 persen dari 580 total anggota DPR)
PDI-P = 110 Anggota DPR (18,97 persen dari 580 total anggota DPR)
Golkar  =  102  Anggota DPR (17,59 persen dari 580 total anggota DPR)
NasDem = 69 Anggota DPR  (11,90 persen dari  580 total anggota DPR)
PKS   =  53  Anggota DPR (9,14 persen dari  580 total anggota DPR)
PAN    =  48 Anggota DPR  (8,28 persen dari  580 total anggota DPR)
Demokrat = 44 Anggota DPR (7,59 persen dari  580 total anggota DPR)
Saat ini ada 4 partai yang  setuju Pilkada via DPRD yakni Partai Golkar, PKB, Partai Gerindra, dan PAN.

Jika empat partai itu kompak di DPR maka suaranya mencapai 304 anggota atau sekitar  52,4 persen dari total 580 anggota dewan.

Maka apabila dilakukan voting pemilihan keputusan dengan suara terbanyak maka usul Pilkada via DPRD bisa terealisasi melalui keputusan di DPR RI.

Dengan demikian nantinya rakyat tidak lagi memilih gambar calon kepala daerah  di TPS.

Anggota DPRD lah yang akan memilih kepala daerah baik gubernur, bupati, dan wali kota.

Yang mengejutkan Fraksi Nasdem tampaknya setuju dengan wacana pilkada via DPRD meski partai ini berada di luar pemerintahan.

Sumber Tribunnews.com melaporkan sejumlah elite partai politik bertemu pada Minggu (28/12/2025) malam.

Mereka yang hadir adalah pihak yang setuju Pilkada via DPRD yakni Ketua Harian DPP Partai Gerindra Sufmi Dasco Ahmad, Ketua Umum Partai Golkar Bahlil Lahadalia, Ketua Umum DPP PKB Muhaimin Iskandar (Cak Imin), dan Ketua Umum DPP PAN Zulkifli Hasan (Zulhas).

Pertemuan digelar di rumah dinas Bahlil.",https://www.facebook.com/100061028420491/posts/1456585206385746,100061028420491,1456585206385746,https://www.facebook.com/photo/?fbid=1456585076385759&set=a.569038225140453,https://scontent-ams2-1.xx.fbcdn.net/v/t39.30808-6/605502710_1456585079719092_4733554482445751242_n.jpg?_nc_cat=108&ccb=1-7&_nc_sid=127cfc&_nc_ohc=WqfkRTS_69wQ7kNvwGHrdx7&_nc_oc=Adn4lbYI-I6DoMUlVAvwmaxUiT8te5867DryHFA_Wfq2Dk19EQBoVjLhJUMk9h-ec3E&_nc_zt=23&_nc_ht=scontent-ams2-1.xx&_nc_gid=Gya5KpgeJxPziFS1XMANQA&oh=00_AfrrSIhV3lAQ5jjbu6tV3WlvqBRD1XmVgbVdJHbvVRrvhQ&oe=6965CA07,,,,,,,,,,,,,,,,,,,,
https://www.facebook.com/profile.php?id=61555922711042,61555922711042,1586831262313829,Yedi Rahman,https://www.facebook.com/groups/1230154627981496/permalink/1586831262313829/,2026-01-08 14:26:40,1767878800.0,3.0,0,0,"Di tengah dorongan sejumlah fraksi untuk mengembalikan Pilkada lewat DPRD, PDI Perjuangan justru berdiri sendiri menyatakan penolakan tegas. Enam fraksi mendukung mekanisme tanpa suara langsung rakyat, sementara PDI Perjuangan konsisten menjaga Pilkada tetap dipilih oleh rakyat.

PDI Perjuangan menilai Pilkada langsung adalah wujud kedaulatan rakyat yang tidak boleh dikorbankan. Alasan efisiensi biaya dan isu politik uang tidak bisa dijadikan pembenaran untuk memangkas hak rakyat dalam menentukan pemimpinnya sendiri.

Anggota Komisi II DPR RI Fraksi PDI Perjuangan, Komarudin Watubun menegaskan komitmen PDI Perjuangan menjaga demokrasi agar Pilkada tetap melibatkan rakyat secara langsung. Senada, Deddy Sitorus menilai alasan yang dikemukakan para pengusung Pilkada lewat DPRD mencerminkan minimnya kemauan berpikir serius dalam memperkuat demokrasi.
#dprd #pdiperjuangan #megawati #beritaviral",https://www.facebook.com/61555922711042/posts/1586831262313829,61555922711042,1586831262313829,https://www.facebook.com/photo/?fbid=122290654148197423&set=gm.1586831262313829&idorvanity=1230154627981496,https://scontent-ams2-1.xx.fbcdn.net/v/t39.30808-6/612924205_122290653626197423_6457384976065728131_n.jpg?stp=dst-jpg_s640x640_tt6&_nc_cat=103&ccb=1-7&_nc_sid=aa7b47&_nc_ohc=UFJE7_7CI-oQ7kNvwF3RDp4&_nc_oc=AdnYpt34pNhboKO-hBI05tZ7IEPdZbisA0QBJdy62-j_FE3flAo0QzfVdKoViVXZ8d8&_nc_zt=23&_nc_ht=scontent-ams2-1.xx&_nc_gid=nWbRl4txlRQcninavHjcyA&oh=00_AfroJYe88HBKoqvdjvTc1QMIGUR_k4Cf3J_fqgD3SMBcJA&oe=6965C8B5,,,,,,,,,,,,,,,,,,,,
https://www.facebook.com/tribunupdate,100089459616188,878773021781344,Tribunnews Update,https://www.facebook.com/tribunupdate/posts/pfbid02tLSCRMjGrEQDnC5W1NnjmxGY7hijk5N9N8kALLJDHDg3NiDdm2hGmXDQweU8vRe3l,2026-01-07 14:47:06,1767793626.0,849.0,614,40,"Tolak Ajakan Dukung Pilkada Lewat DPRD, PDIP: Kami Enggak Mungkin Meninggalkan Rakyat

Ketua DPP PDIP Deddy Sitorus mengungkapkan, partainya menolak ajakan dari partai politik (parpol) lain, untuk mendukung pemilihan kepala daerah (pilkada) kembali dipilih oleh DPRD.

PDIP, kata Deddy, tidak akan meninggalkan rakyat yang mayoritas masih menginginkan pilkada secara langsung.

""Kita enggak mungkin meninggalkan rakyat,"" kata Deddy kepada wartawan, Rabu (7/1/2026).

Deddy menegaskan, rakyat pada dasarnya hanya memiliki satu instrumen harapan dalam demokrasi, yakni hak suara.

Sebab itu, ia menilai tidak masuk akal jika hak tersebut justru diambil kembali melalui wacana pengembalian pemilihan kepala daerah oleh DPRD.

""Rakyat itu punya apanya sih yang berharap? Rakyat itu kan suaranya. Masa itu juga mau diambil?,"" ujarnya.

Deddy menegaskan, sikap PDIP tidak akan berubah terkait mekanisme pemilihan kepala daerah. 

Bagi PDIP, pilkada langsung merupakan hal fundamental dalam demokrasi yang telah diperjuangkan dan dijalankan selama ini.

“Saya kira itulah. Jadi enggak ada lah kita enggak akan berubah. Karena itu hal yang fundamental,” ucap anggota Komisi II DPR RI itu.

Lebih lanjut, Deddy mengingatkan bahwa Indonesia pernah mengalami sistem pemilihan kepala daerah melalui DPRD, namun mekanisme tersebut telah ditinggalkan setelah melalui proses evaluasi dan revisi kebijakan.

“Kita sudah pernah mengalami pemilihan oleh DPRD dan kita buang itu, kita revisi,” katanya.

Deddy menambahkan, berbagai alasan yang dikemukakan oleh pihak-pihak yang mendorong kembalinya pemilihan kepala daerah oleh DPRD tidak memiliki dasar yang kuat dan mudah dipatahkan.

“Dan semua alasan yang dikemukakan itu tentang kenapa harus kembali dipilih oleh DPRD itu kan dengan sangat mudah dibantah. Alasannya kurang kuat,” pungkasnya.

Untuk diketahui sejumlah parpol, yakni Golkar, Gerindra, PAN, PKB, NasDem, dan Demokrat mendukung wacana pilkada kembali dipilih DPRD.

Golkar mengusulkan Pilkada melalui Dewan DPRD sebagai wujud pelaksanaan kedaulatan rakyat, dengan menitik beratkan pada keterlibatan dan partisipasi publik dalam proses pelaksanaannya. 

“Kami yakin pilkada lewat DPRD lebih tepat. Tapi ini perlu kajian mendalam,” kata Bahlil dalam sambutannya di puncak HUT ke-61Partai Golkar di Istora Senayan, Jakarta, Jumat (5/12/2025).

Sementara itu PKB menilai pemilihan kepala daerah (Pilkada) melalui DPRD bisa menekan kasus-kasus korupsi di tingkat daerah. 

""Perubahan sistem ini akan menekan kasus-kasus korupsi kepala daerah,"" kata Daniel kepada wartawan, Senin (22/12/2025).

Partai Gerindra menyatakan sikapnya mendukung usulan pemilihan kepala daerah level gubernur hingga bupati/wali kota oleh DPRD.

Sekjen DPP Partai Gerindra Sugiono mengatakan pemilihan kepala daerah oleh DPRD patut dipertimbangkan untuk diterapkan.

“Gerindra ada dalam posisi mendukung upaya ataupun rencana untuk melaksanakan pemilukada ini oleh DPRD di tingkat bupati, wali kota ataupun di tingkat gubernur,” ujar Sugiono Senin (29/12/2025).

Terkini, Sekretaris Jenderal DPP Partai Demokrat, Herman Khaeron, menyatakan partainya satu barisan dengan Presiden Prabowo Subianto mengenai sistem pemilihan kepala daerah (pilkada).

""Partai Demokrat berada dalam satu barisan dengan Presiden Prabowo Subianto dalam menyikapi sistem pemilihan kepala daerah,"" kata Herman kepada wartawan, Selasa (6/1/2026).

Baca juga: PDIP Konsisten Tolak Ide Calon Kepala Daerah Dipilih oleh DPRD

Herman menjelaskan, sikap ini berangkat dari ketentuan Undang-Undang Dasar 1945 yang memberikan kewenangan kepada negara untuk mengatur mekanisme pilkada melalui undang-undang (UU).",https://www.facebook.com/100089459616188/posts/878773021781344,100089459616188,878773021781344,https://www.facebook.com/photo/?fbid=878772461781400&set=a.202545242737462,https://scontent-ams2-1.xx.fbcdn.net/v/t39.30808-6/613139941_878772465114733_6511967925927482700_n.jpg?stp=dst-jpg_s960x960_tt6&_nc_cat=102&ccb=1-7&_nc_sid=127cfc&_nc_ohc=mFnCIrKri4UQ7kNvwG4bx65&_nc_oc=Admc3D9baK51AdkHy2Q7Ecd2K0XE-_Jaw-7uPn5p5xQR8LoX-m53wlTPRnF10LE6G1o&_nc_zt=23&_nc_ht=scontent-ams2-1.xx&_nc_gid=nWbRl4txlRQcninavHjcyA&oh=00_AfqyMm_vK8DlQ8-1VrFob1tUlia4n6YktqfWCgnuEdKU7A&oe=6965B172,,,,,,,,,,,,,,,,,,,,
https://www.facebook.com/budi.juliansyah.2025,100089543714015,1601908307686294,Budi Juliansyah,https://www.facebook.com/groups/174798273730645/permalink/1601908307686294/,2026-01-08 11:28:43,1767868123.0,14.0,8,0,"𝗦𝗔𝗛! 𝟳𝟰% 𝗗𝗣𝗥 𝗥𝗜 𝗦𝗘𝗧𝗨𝗝𝗨 — 𝗣𝗜𝗟𝗞𝗔𝗗𝗔 𝗟𝗘𝗪𝗔𝗧 𝗗𝗣𝗥𝗗 𝗕𝗨𝗞𝗔𝗡 𝗪𝗔𝗖𝗔𝗡𝗔, 𝗧𝗔𝗣𝗜 𝗞𝗘𝗡𝗬𝗔𝗧𝗔𝗔𝗡 𝗣𝗢𝗟𝗜𝗧𝗜𝗞.
Akhirnya terang benderang. 

Ketika Demokrat menyatakan sejalan dengan Golkar dan Gerindra, maka peta politik tak lagi abu-abu. Sebanyak 74% kekuatan DPR RI resmi berada di barisan pendukung Pilkada lewat DPRD.

Ini bukan klaim sepihak. Ini angka politik.

Ini fakta parlemen. Yang masih menolak kini berada di posisi minoritas—keras bersuara, tapi lemah secara representasi.

""𝙈𝙖𝙮𝙤𝙧𝙞𝙩𝙖𝙨 𝙎𝙪𝙙𝙖𝙝 𝙅𝙖𝙡𝙖𝙣, 𝙋𝙚𝙣𝙤𝙡𝙖𝙠𝙖𝙣 𝙏𝙞𝙣𝙜𝙜𝙖𝙡 𝙂𝙚𝙢𝙖""

Menariknya, kelompok penolak terus berteriak soal “kemunduran demokrasi”, seolah lupa bahwa DPRD adalah lembaga hasil pemilu langsung rakyat. Jika DPRD dianggap tak layak memilih kepala daerah, lalu untuk apa rakyat memilih anggota DPRD?

Menolak Pilkada lewat DPRD sambil mengaku paling demokratis adalah kontradiksi telanjang.

74% Itu Mandat, Bukan Kebetulan

Angka 74% bukan sekadar statistik.

Ia adalah mandat politik nasional untuk mengoreksi sistem Pilkada langsung yang : mahal, penuh transaksi, rawan konflik dan sarat politik uang. 

Jika sistem lama benar-benar sehat, mengapa kepala daerah berguguran di meja KPK ?

Yang Menolak, Sedang Membela Apa?

Pertanyaan publik kini sederhana : 

Apakah penolakan ini murni demi demokrasi?

Atau demi kenyamanan elite dalam sistem lama yang terbukti rusak?

Saat mayoritas parlemen sudah memilih jalan koreksi, menolak tanpa solusi adalah bentuk pembangkangan terhadap realitas.

Pilkada lewat DPRD SAH secara konstitusi. Didukung mayoritas fraksi dan kursi DPR RI. Penolakan yang tersisa bukan lagi arus utama—melainkan sisa romantisme demokrasi yang gagal menjawab fakta..

𝘿𝙚𝙢𝙤𝙠𝙧𝙖𝙨𝙞 𝙩𝙞𝙙𝙖𝙠 𝙙𝙞𝙪𝙠𝙪𝙧 𝙙𝙖𝙧𝙞 𝙧𝙞𝙗𝙪𝙩𝙣𝙮𝙖 𝙥𝙚𝙢𝙞𝙡𝙞𝙝𝙖𝙣, 𝙩𝙖𝙥𝙞 𝙙𝙖𝙧𝙞 𝙗𝙚𝙧𝙨𝙞𝙝𝙣𝙮𝙖 𝙝𝙖𝙨𝙞𝙡.",https://www.facebook.com/100089543714015/posts/1601908307686294,100089543714015,1601908307686294,https://www.facebook.com/photo/?fbid=825577383770378&set=gm.1601908307686294&idorvanity=174798273730645,https://scontent-ams2-1.xx.fbcdn.net/v/t39.30808-6/611361688_825577387103711_6246080812478514350_n.jpg?stp=dst-jpg_s640x640_tt6&_nc_cat=109&ccb=1-7&_nc_sid=aa7b47&_nc_ohc=v0GGgj9fmfgQ7kNvwEtPdWc&_nc_oc=Adlt0vVPR7IexTVQ84QCt0Sz8QWHfG-3KYfqE7iFQU3_OHUvNeNTccGQFBKFoDxZFck&_nc_zt=23&_nc_ht=scontent-ams2-1.xx&_nc_gid=nWbRl4txlRQcninavHjcyA&oh=00_AfqtgxQJ6UnlFHYEDQJNoliizx21pN9z9cvj5DjoqpdenA&oe=6965B7D9,,,,,,,,,,,,,,,,,,,,
https://www.facebook.com/tribunupdate,100089459616188,879018891756757,Tribunnews Update,https://www.facebook.com/tribunupdate/posts/pfbid02WoQ8igTxvgq9g8Kw3zbcG6H4ubVmdgRPr1F1d2F8Hy18VwsP9jNJxi2ptWEJirQtl,2026-01-07 21:40:02,1767818402.0,91.0,146,55,"Cuitan Lama SBY Viral! Publik Pertanyakan Perubahan Sikap yang Setuju soal Pilkada Lewat DPRD

TRIBUN-VIDEO.COM - Pernyataan lama Presiden ke-6 RI Susilo Bambang Yudhoyono (SBY) soal penolakan Pilkada melalui DPRD kembali menjadi sorotan publik seusai cuitannya pada 2014 diunggah ulang oleh Susi Pudjiastuti melalui akun X miliknya pada Rabu (7/1/2026).

Dalam cuitannya, SBY menegaskan bahwa Pilkada harus dipilih langsung oleh rakyat karena menyangkut kedaulatan rakyat, bahkan saat itu ia menerbitkan Perppu untuk menolak Pilkada tidak langsung.

Sorotan ini mencuat lantaran sikap SBY dan Partai Demokrat kini berbalik arah dengan mendukung kebijakan Presiden Prabowo yang membuka opsi Pilkada melalui DPRD.

Perubahan sikap ini memicu pertanyaan publik, sementara pengamat politik Ray Rangkuti menilai ada faktor tekanan kekuasaan dan kepentingan politik yang membuat Partai Demokrat meninggalkan sikap lamanya dalam memperjuangkan Pilkada langsung.

Editor: Fitriana SekarAyu
Baca selengkapnya: https://video.tribunnews.com/news/901776/cuitan-lama-sby-viral-publik-pertanyakan-perubahan-sikap-yang-setuju-soal-pilkada-lewat-dprd
Foto: Nitis Hawaroh/Tribunnews.com, X/ susipudjiastuti

#sby #susilobambangyudhoyono #dpr #pilkada #presidenke6 #sby",https://www.facebook.com/100089459616188/posts/879018891756757,100089459616188,879018891756757,,,,,,,,,,,,,,,,,,,,,,
https://www.facebook.com/Husni.Difinubun,1383038157,10239235000278313,Bintang Evav,https://www.facebook.com/Husni.Difinubun/posts/pfbid0vTQYvnTfdHHjNDKs9MqF3qno7pV3J4ywGhGUFdxMPWRc8srgiac6mEapJqqLTStRl,2026-01-07 00:33:38,1767742418.0,1260.0,3402,149,"𝗦𝗔𝗛! 𝟳𝟰% 𝗗𝗣𝗥 𝗥𝗜 𝗦𝗘𝗧𝗨𝗝𝗨 — 𝗣𝗜𝗟𝗞𝗔𝗗𝗔 𝗟𝗘𝗪𝗔𝗧 𝗗𝗣𝗥𝗗 𝗕𝗨𝗞𝗔𝗡 𝗪𝗔𝗖𝗔𝗡𝗔, 𝗧𝗔𝗣𝗜 𝗞𝗘𝗡𝗬𝗔𝗧𝗔𝗔𝗡 𝗣𝗢𝗟𝗜𝗧𝗜𝗞.

Akhirnya terang benderang. 
Ketika Demokrat menyatakan sejalan dengan Golkar dan Gerindra, maka peta politik tak lagi abu-abu. Sebanyak 74% kekuatan DPR RI resmi berada di barisan pendukung Pilkada lewat DPRD.
Ini bukan klaim sepihak. Ini angka politik.
Ini fakta parlemen. Yang masih menolak kini berada di posisi minoritas—keras bersuara, tapi lemah secara representasi.

""𝙈𝙖𝙮𝙤𝙧𝙞𝙩𝙖𝙨 𝙎𝙪𝙙𝙖𝙝 𝙅𝙖𝙡𝙖𝙣, 𝙋𝙚𝙣𝙤𝙡𝙖𝙠𝙖𝙣 𝙏𝙞𝙣𝙜𝙜𝙖𝙡 𝙂𝙚𝙢𝙖""
Menariknya, kelompok penolak terus berteriak soal “kemunduran demokrasi”, seolah lupa bahwa DPRD adalah lembaga hasil pemilu langsung rakyat. Jika DPRD dianggap tak layak memilih kepala daerah, lalu untuk apa rakyat memilih anggota DPRD?
Menolak Pilkada lewat DPRD sambil mengaku paling demokratis adalah kontradiksi telanjang.

74% Itu Mandat, Bukan Kebetulan
Angka 74% bukan sekadar statistik.
Ia adalah mandat politik nasional untuk mengoreksi sistem Pilkada langsung yang : mahal, penuh transaksi, rawan konflik dan sarat politik uang. 

Jika sistem lama benar-benar sehat, mengapa kepala daerah berguguran di meja KPK ?

Yang Menolak, Sedang Membela Apa?
Pertanyaan publik kini sederhana : 
Apakah penolakan ini murni demi demokrasi?

Atau demi kenyamanan elite dalam sistem lama yang terbukti rusak?
Saat mayoritas parlemen sudah memilih jalan koreksi, menolak tanpa solusi adalah bentuk pembangkangan terhadap realitas.

Pilkada lewat DPRD SAH secara konstitusi. Didukung mayoritas fraksi dan kursi DPR RI. Penolakan yang tersisa bukan lagi arus utama—melainkan sisa romantisme demokrasi yang gagal menjawab fakta..

𝘿𝙚𝙢𝙤𝙠𝙧𝙖𝙨𝙞 𝙩𝙞𝙙𝙖𝙠 𝙙𝙞𝙪𝙠𝙪𝙧 𝙙𝙖𝙧𝙞 𝙧𝙞𝙗𝙪𝙩𝙣𝙮𝙖 𝙥𝙚𝙢𝙞𝙡𝙞𝙝𝙖𝙣, 𝙩𝙖𝙥𝙞 𝙙𝙖𝙧𝙞 𝙗𝙚𝙧𝙨𝙞𝙝𝙣𝙮𝙖 𝙝𝙖𝙨𝙞𝙡.

#dpr #dprd #pilkada #beritaterkini #beritaviral #beritaindonesia #viralindonesia #faktaterbaru #infoterkini #updateberita #breakingnews #hotnews #trendingindonesia #fypindonesia #fyp #shorts #reels #newsupdate #beritahariini #kabarviral #isuhangat #faktaviral #indonesiatoday #viral #fyp #trending #beritapolitik #news",https://www.facebook.com/1383038157/posts/10239235000278313,1383038157,10239235000278313,https://www.facebook.com/photo/?fbid=10239234999758300&set=a.1174637491103,https://scontent-ams2-1.xx.fbcdn.net/v/t39.30808-6/609006480_10239234999798301_1390459854336447810_n.jpg?stp=dst-jpg_s720x720_tt6&_nc_cat=101&ccb=1-7&_nc_sid=127cfc&_nc_ohc=9tpBH_1CmMUQ7kNvwF2haSI&_nc_oc=AdmMloutngkvbLOzXcyYBc5lIMoXObydLvmjHfNfLGgDotnFiWSj_gWM3W4aECb0zj8&_nc_zt=23&_nc_ht=scontent-ams2-1.xx&_nc_gid=nWbRl4txlRQcninavHjcyA&oh=00_AfqAjAdpUXqzKhFIPIYwSK0ifZRoEkfJLdVohIAXhgiUDg&oe=6965C840,,,,,,,,,,,,,,,,,,,,
https://www.facebook.com/RajaBaneManalu,100063695700916,1489230569876786,Bane Raja Manalu,https://www.facebook.com/RajaBaneManalu/posts/pfbid037NVmaRm1xK3QvkZx3RfawedzrwDUEjDaZ85xTwggXFMs1EJE5MYn866KbKcKvFAgl,2026-01-07 10:41:09,1767778869.0,789.0,374,26,"Kalau Pilkada diserahkan pada Anggota DPRD. Maka: 
1. Calon independen tak ada lagi. 
2. Tukang sablon berkurang penghasilannya.
3. Tukang baliho berkurang penghasilannya
4. Iklan koran, radio, online berkurang penghasilannya.
5. Putaran ekonomi jadinya LLD (liat liat di DPRD)

Mau?

(Caption saya edit di pkl 19.42)

#pilkada #UntukRakyat #BaneBergerak #bagak",https://www.facebook.com/100063695700916/posts/1489230569876786,100063695700916,1489230569876786,https://www.facebook.com/photo/?fbid=1489230296543480&set=a.514619777337875,https://scontent-ams2-1.xx.fbcdn.net/v/t39.30808-6/612420120_1489230303210146_4996651806360682233_n.jpg?stp=dst-jpg_p526x296_tt6&_nc_cat=111&ccb=1-7&_nc_sid=833d8c&_nc_ohc=vHzWm5-iEQwQ7kNvwGCMXl2&_nc_oc=AdnLtAe-8Q7yqudrBO9BYjJe19yfhVBF1Av-JqGl6MhUgeUPMITW7DBrjPwDSbBIT0A&_nc_zt=23&_nc_ht=scontent-ams2-1.xx&_nc_gid=nWbRl4txlRQcninavHjcyA&oh=00_AfrXt_F4DDIXkU48dP-JW_SSXNbq0n9rFUiFqum3jtz1zw&oe=6965B21A,,,,,,,,,,,,,,,,,,,,
https://www.facebook.com/detikcom,100064777748241,1407472511421994,detikcom,https://www.facebook.com/detikcom/posts/pfbid0mWmXRYs4dvgn3VJNrj7cu7KENSPC6CNJjqids14XfDdSwwrGrVPFn3e4vNZovGxal,2025-12-23 04:58:56,1766462336.0,24.0,18,0,"Waketum Demokrat, Benny K Harman, menanggapi usulan Golkar tentang pilkada melalui DPRD. Ia tekankan pentingnya diskusi serius dan perbaikan UU Pilkada.",https://www.facebook.com/100064777748241/posts/1407472511421994,100064777748241,1407472511421994,,,,,,,,,,,,,,,,,,,,,,
https://www.facebook.com/Springcoil,100001233555929,25933514492939648,Saiful Ma'ruf,https://www.facebook.com/Springcoil/posts/pfbid034vQzYkrE9LX4LL3Wi3eWKcpYzDXWWcDg8JyJRiaM3Pi5rurYxr8LS5ZmYGPo2hGYl,2026-01-07 16:00:40,1767798040.0,118.0,166,3,"WACANA PILKADA LEWAT DPRD...
ADA 6 FRAKSI SUDAH BERGABUNG

Wacana pemilihan kepala daerah (pilkada) lewat DPRD berpeluang terealisasi setelah Partai Demokrat tegas menyatakan berada satu barisan dengan Presiden Prabowo Subianto.

Total ada enam fraksi yang tegas menyatakan dukungan usulan tersebut, yakni Fraksi Gerindra, Golkar, PKB, NasDem, PAN, dan Demokrat.

Sementara itu PKS ingin agar pilkada via DPRD hanya berlaku untuk tingkat kabupaten, sedangkan untuk gubernur dan wali kota tetap dipilih secara langsung
#beritaviral",https://www.facebook.com/100001233555929/posts/25933514492939648,100001233555929,25933514492939648,https://www.facebook.com/photo/?fbid=25933509552940142&set=a.552972194753894,https://scontent-ams2-1.xx.fbcdn.net/v/t39.30808-6/611755214_25933509566273474_1269499233005869572_n.jpg?stp=dst-jpg_p526x296_tt6&_nc_cat=1&ccb=1-7&_nc_sid=127cfc&_nc_ohc=nUWy4CGYBMgQ7kNvwGRJ7tV&_nc_oc=AdkmRVWfLCs6viiYI2zk64znABQfzjSULmJ29axXdh0LH32omC19HjeSvw53ifEJ2XA&_nc_zt=23&_nc_ht=scontent-ams2-1.xx&_nc_gid=R80Vv0YzCnDV0uAbv41HcA&oh=00_Afqz8-iMlHo-xAY76iz35uL-sv81HzwwFAVTAZwIDItuxw&oe=6965BCB2,,,,,,,,,,,,,,,,,,,,
https://www.facebook.com/jawaposradarbromo,100064912351089,1313518937488506,Radar Bromo,https://www.facebook.com/jawaposradarbromo/posts/pfbid0DVDKs8wLADJyj8jEYGNSGeebVJBLTiJm88y97ZChh4XFSWxfAGs1PNxA8ULJtzhDl,2025-12-29 11:07:31,1767002851.0,19.0,20,2,"Gerindra mendukung wacana pilkada dipilih DPRD demi efisiensi anggaran, menekan ongkos politik, dan mengurangi polarisasi di masyarakat.

",https://www.facebook.com/100064912351089/posts/1313518937488506,100064912351089,1313518937488506,,,,,,,,,,,,,,,,,,,,,,
https://www.facebook.com/BeritaManado,100064536106381,1299838725510652,BeritaManado,https://www.facebook.com/BeritaManado/posts/pfbid02gJUQv7Dde76UkS75jg6RmRqr2qRgPsr28UX22Q5KLiHWjPcQihf6c35B7VYyqXmZl,2025-12-30 15:11:24,1767103884.0,33.0,80,5,"Hak pilih rakyat kembali diperdebatkan.
Pilkada lewat DPRD menguat di akhir 2025.

Golkar & Gerindra sepakat. PDIP tegas menolak.

Demokrasi lokal di persimpangan.

Setuju atau tidak? 👇

#Pilkada #Demokrasi #sulawesiutara #sulut",https://www.facebook.com/100064536106381/posts/1299838725510652,100064536106381,1299838725510652,https://www.facebook.com/photo/?fbid=1299838688843989&set=a.593201369507728,https://scontent-ams2-1.xx.fbcdn.net/v/t51.82787-15/608387977_18067125464417616_249259486793439071_n.jpg?stp=dst-jpg_p526x296_tt6&_nc_cat=106&ccb=1-7&_nc_sid=127cfc&_nc_ohc=y6do-Z215OoQ7kNvwGSMS_m&_nc_oc=AdmWIPYaFEwbD9bZtoQ0_yYbH9RQQ-8XyA65EzMOrBtzRIq1U0S8ACboz1ucx2V2WEQ&_nc_zt=23&_nc_ht=scontent-ams2-1.xx&_nc_gid=R80Vv0YzCnDV0uAbv41HcA&oh=00_AfpVNaNO-FJSZzT2ztux7LkdukmM0d9aUJCgEZjMvofd3A&oe=6965A4D7,,,,,,,,,,,,,,,,,,,,
https://www.facebook.com/profile.php?id=61575653436389,61575653436389,122155650404855114,Gerakan Rakyat,https://www.facebook.com/permalink.php?story_fbid=pfbid0SMmpiaJgVggLFwoLswGYCvtkJtCHmxbZgAV7ofKQehDzCs7dRtttoxMqaMYNcSi9l&id=61575653436389,2025-12-30 14:16:28,1767100588.0,3132.0,541,142,"Wacana pemilihan kepala daerah melalui DPRD kembali menuai penolakan. PDI Perjuangan dan Gerakan Rakyat secara tegas menyatakan sikap menolak pilkada tidak langsung karena dinilai bertentangan dengan prinsip demokrasi dan kedaulatan rakyat.

PDI Perjuangan menegaskan pilkada langsung merupakan amanat Reformasi yang memberikan hak penuh kepada rakyat untuk memilih pemimpinnya. Alasan efisiensi anggaran dinilai tidak relevan jika harus dibayar dengan pencabutan hak politik warga negara.

Senada, Gerakan Rakyat menilai pengalihan pilkada ke DPRD berisiko mempersempit partisipasi publik dan memperkuat dominasi elite politik. Di tengah krisis kepercayaan terhadap lembaga perwakilan, mekanisme tertutup justru dinilai membuka ruang politik transaksional.

Menjaga Pilkada Langsung berarti menjaga Reformasi dan masa depan demokrasi.
Rakyat harus tetap memilih pemimpinnya sendiri.

#gerakanrakyat #pdip",https://www.facebook.com/61575653436389/posts/122155650404855114,61575653436389,122155650404855114,https://www.facebook.com/photo/?fbid=122155650374855114&set=a.122102170988855114,https://scontent-ams2-1.xx.fbcdn.net/v/t51.82787-15/608008644_17993797088889336_6296746861271775936_n.jpg?stp=dst-jpg_s640x640_tt6&_nc_cat=108&ccb=1-7&_nc_sid=127cfc&_nc_ohc=lrbZOxiMADIQ7kNvwHjQKpf&_nc_oc=Adn3ic5hJB_EjgFMPucuDjxbTQVg2zq2fr2K1P9DzPDcyjDndR2CO75DWpmqMVkuTUw&_nc_zt=23&_nc_ht=scontent-ams2-1.xx&_nc_gid=R80Vv0YzCnDV0uAbv41HcA&oh=00_AfoGnu4uleqRqUbdBvbQ7uDbxJZ3amEGh-qehR3qdViwfQ&oe=6965BBD4,,,,,,,,,,,,,,,,,,,,
https://www.facebook.com/TribunStyle,100064655982957,1299013512263836,Tribun Style,https://www.facebook.com/TribunStyle/posts/pfbid025i4mTvsHUNPjtkaLwC5buZVFCaRHRrYM1fbaSSkhGL3n1RxQgoopxvHW95w1A5LPl,2025-12-30 07:30:04,1767076204.0,22.0,82,4,"Wacana Pilkada Lewat DPRD Jadi Sorotan, Rakyat Terancam Tak Lagi Nyoblos Kepala Daerah 

Mayoritas fraksi di DPR sepakat mengubah sistem Pilkada dari pemilihan langsung oleh rakyat menjadi dipilih DPRD.

Jika disahkan melalui revisi UU Pilkada, rakyat tak lagi mencoblos kepala daerah di TPS.

Pilkada langsung pertama kali digelar pada tahun 2005 melalui lahirnya Undang-Undang Nomor 32 Tahun 2004, yang mengatur tentang pemilihan kepala daerah secara langsung oleh rayat.

Apakah Pilkada akan dipilih DPRD?
Bisa iya. Empat partai politik di DPR RI secara terbuka mendukung Pilkada melalui DPRD, sementara partai lain masih mengkaji dan belum menolak.

Jika dilakukan voting, potensi perubahan undang-undang  terbuka lebar.

Partai apa saja yang mendukung Pilkada via DPRD?
Golkar, Gerindra, PKB, dan PAN.

Apa dampaknya bagi masyarakat?
Masyarakat tidak lagi mencoblos langsung calon kepala daerah. Hak memilih dialihkan ke DPRD sebagai wakil rakyat.

Peta politik di DPR 
 
Inilah peta politik DPR RI Periode 2024–2029 terdiri dari 8 fraksi dengan jumlah anggota 580 orang.

-PKB =  68 Anggota DPR  (11,72 persen dari 580 total anggota DPR)
-Gerindra = 86 Anggota DPR (14,83 persen dari 580 total anggota DPR)
-PDI-P = 110 Anggota DPR (18,97 persen dari 580 total anggota DPR)
-Golkar  =  102  Anggota DPR (17,59 persen dari 580 total anggota DPR)
-NasDem = 69 Anggota DPR  (11,90 persen dari  580 total anggota DPR)
-PKS   =  53  Anggota DPR (9,14 persen dari  580 total anggota DPR)
-PAN    =  48 Anggota DPR  (8,28 persen dari  580 total anggota DPR)
-Demokrat = 44 Anggota DPR (7,59 persen dari  580 total anggota DPR)

Partai setuju Pilkada via DPR
Saat ini ada 4 partai yang  setuju Pilkada via DPRD yakni

-Partai Golkar
-PKB
-Partai Gerindra
-PAN.

Jika empat partai itu kompak di DPR maka suaranya mencapai 304 anggota atau sekitar  52,4 persen dari total 580 anggota dewan.

Maka apabila dilakukan voting pemilihan keputusan dengan suara terbanyak maka usul Pilkada via DPRD bisa terealisasi melalui keputusan di DPR RI.

Dengan demikian nantinya rakyat tidak lagi memilih gambar calon kepala daerah  di TPS.

Sumber Tribunnews.com melaporkan sejumlah elite partai politik bertemu pada Minggu (28/12/2025) malam.

Mereka yang hadir adalah pihak yang setuju Pilkada via DPRD yakni Ketua Harian DPP Partai Gerindra Sufmi Dasco Ahmad, Ketua Umum Partai Golkar Bahlil Lahadalia, Ketua Umum DPP PKB Muhaimin Iskandar (Cak Imin), dan Ketua Umum DPP PAN Zulkifli Hasan (Zulhas).

Pertemuan digelar di rumah dinas Bahlil. Partai lainnya belum menolak masih mengkaji

Empat partai lainnya seperti PKS, PDIP, dan Demokrat, belum langsung menolak usulan Pilkada via DPRD dan saat ini masih mengkaji usulan tersebut.

Apa yang Berubah Jika Disahkan?
Jika Pilkada via DPRD diterapkan:

1.Tidak ada lagi pencoblosan langsung oleh rakyat
2. Kepala daerah dipilih oleh anggota DPRD
3. Sistem demokrasi berubah dari langsung ke perwakilan
4. Alasan utama: efisiensi anggaran dan menekan ongkos politik (TribunBatam.id )

Foto 1: Pilkada berpotensi kembali dipilih DPRD.Empat partai menyatakan dukungan terbuka. Total suara pendukung mencapai lebih dari 50 persen anggota DPR RI.(Tribun Network)
Foto 2: Wacana Pilkada melalui DPRD menuai polemik di kalangan masyarakat. (Youtube Kompas TV)
Foto 3: Rakyat terancam tidak lagi memilih langsung kepala daerah di TPS. (Tribun Network)",https://www.facebook.com/100064655982957/posts/1299013512263836,100064655982957,1299013512263836,,,,,,,,,,,,,,,,,,,,,,
https://www.facebook.com/pojokjabarcom,100064025371212,1330428225768011,Pojokjabarcom,https://www.facebook.com/pojokjabarcom/posts/pfbid0MeRNzXqtdPF53YXq4cr4LXLfSZA5uAc4vSQ3JVx1FuBvBCVbuMBTKvpuz3P21gsdl,2026-01-08 08:00:02,1767855602.0,27.0,38,2,"Survei terbaru dari LSI Denny JA menunjukkan bahwa sekitar 66% masyarakat Indonesia menolak wacana Pilkada dipilih DPRD, karena dinilai bisa mengancam peran serta rakyat dalam demokrasi.

Menurut kamu, pilkada langsung vs lewat DPRD mana yang lebih baik untuk masa depan demokrasi Indonesia?",https://www.facebook.com/100064025371212/posts/1330428225768011,100064025371212,1330428225768011,https://www.facebook.com/photo/?fbid=1330428189101348&set=a.650330153777825,https://scontent-ams2-1.xx.fbcdn.net/v/t39.30808-6/611743448_1330177125793121_5669985155823361540_n.jpg?stp=dst-jpg_s640x640_tt6&_nc_cat=110&ccb=1-7&_nc_sid=127cfc&_nc_ohc=2GelovyQ7QcQ7kNvwEnoNcg&_nc_oc=Adm2xCYknoF5gFC6IOL-qVVg55hKPNUtaocsRH3d5EAeNspM4wKguRRYz4ScdDFFM7Y&_nc_zt=23&_nc_ht=scontent-ams2-1.xx&_nc_gid=6QPQ-c5SwJiwTgvrDJuyYg&oh=00_AfpncSz6pSk8sFAX_QHe4OlXA4s4SYKevz7CCClGokTgfg&oe=6965C67D,,,,,,,,,,,,,,,,,,,,
https://www.facebook.com/marhotjon.raja.gukguk.2025,100076574507261,3618923748248079,Marhotjon Raja Gukguk,https://www.facebook.com/groups/1258613127612498/permalink/3618923748248079/,2026-01-08 09:47:45,1767862065.0,4.0,15,0,"Bubarkan saja partai pendukung pilkada lewat DPRD,Mereka hanya ingin menguasai pemerintahan lewat jual beli suara Dewan.",https://www.facebook.com/100076574507261/posts/3618923748248079,100076574507261,3618923748248079,,,,,,,,,,,,,,,,,,,,,,
https://www.facebook.com/pageKataKita,100072467585380,911888741236704,KataKita,https://www.facebook.com/pageKataKita/posts/pfbid02Zxysn8Y1gEdsu5tdsTGstbUfJJ3a9dG9aH9ueQpSgB6zG489DrJjdbjjV5rEKS2Ul,2026-01-05 03:49:46,1767581386.0,1034.0,783,330,"Pilkada Mau Ditarik, Rakyat Mau Diparkir

Tukang sablon, tukang jahit, pemasang baliho, digital printing, biro iklan, pengincar amplop, ngumpul di sini sebentar. Soalnya, Prabowo and the geng, akan mengubah Pilkada tidak lagi secara langsung, melainkan cukup dipilih DPRD. Kalau ini gol, semua kalian akan gigit jari, tak ada order lagi macam dulu. Order itu diperuntukkan bagi wakil rakyat yang jumlah puluhan orang itu, dan para ketum parpol di pusat. Simak narasinya sambil seruput Koptagul, wak!

Indonesia memang negara dengan bakat istimewa, menghidupkan kembali ide mati lalu menyebutnya “terobosan.” Demokrasi di sini seperti kaset lawas dangdut koplo, kalau sudah tidak laku, diputar ulang, diberi remix, lalu dijual lagi ke publik yang sama. Di penghujung 2025, ketika rakyat sibuk menghitung sisa saldo dan tekanan darah, elite politik justru sibuk merancang sulap akbar, pilkada langsung mau ditarik dari tangan rakyat dan diserahkan kembali ke DPRD. Katanya demi efisiensi. Biasanya, kata “efisiensi” itu kode rahasia, ada yang mau dipermudah, tapi bukan hidup rakyat.

Adegan ini sebenarnya bukan baru. Kita pernah nonton musim sebelumnya tahun 2014, era SBY. Waktu itu DPR sudah hampir sukses mengubur pilkada langsung dengan dalih biaya mahal dan konflik sosial. Untung ada Perppu yang datang seperti deus ex machina, menyelamatkan hak pilih rakyat di detik terakhir. Tapi rupanya, ide buruk itu bukan mati, hanya disimpan di lemari arsip kekuasaan, menunggu momen ketika mayoritas kursi sudah aman dan suara rakyat dianggap terlalu berisik.

Kini momennya datang. Presiden Prabowo melempar wacana ini di panggung HUT Golkar, dan seperti konspirasi yang rapi, bola itu langsung disambar. Golkar gaspol, Gerindra mengangguk penuh cinta, PKB dan PAN nimbrung sambil bilang “layak dikaji.” PDIP dan Demokrat menolak, tapi suaranya terdengar seperti protes di konser musik, ada, tapi tenggelam oleh dentuman bass kekuasaan. PKS masih menunggu arah angin.

Alasan resmi terdengar sangat mulia, nyaris religius. Pilkada langsung mahal. Rakyat terlalu terpolarisasi. Kepala daerah korup karena ingin balik modal. Solusinya? Cabut saja hak pilih rakyat, serahkan ke DPRD. Logika ini seperti mengatakan, “karena banyak kecelakaan, mari kita larang semua orang menyetir dan serahkan mobil ke sopir bayaran elite.” Aman? Belum tentu. Murah? Tergantung siapa yang bayar.

Golkar bahkan menawarkan versi “demokrasi diet” rakyat boleh ikut konvensi di awal, setelah itu silakan menonton DPRD memilih. Katanya transparan, katanya sesuai UUD. Tapi publik yang punya memori panjang tahu, ruang DPRD itu bukan ruang steril. Ia penuh aroma lobi, kompromi, dan amplop yang tidak pernah tercantum di APBD.

Di balik layar, konspirasinya terasa rapi. Koalisi pemerintah sedang dominan di DPR dan DPRD. Mengontrol kepala daerah lewat DPRD jauh lebih efisien ketimbang berhadapan langsung dengan rakyat yang kadang suka bikin kejutan. Pilkada langsung itu liar, tak bisa diprediksi. DPRD lebih jinak, bisa diajak bicara, diajak makan siang, diajak “musyawarah.”

Para pengamat pun angkat bicara, meski sering hanya jadi bumbu diskusi. Ada yang bilang ini kehendak elite, bukan rakyat. Ada yang mengingatkan, money politics tidak hilang, hanya pindah dari lapangan terbuka ke ruang VIP. Ada yang menyebut rakyat akan jadi “fitur non-aktif” dalam demokrasi. Bahkan ada yang terang-terangan bilang, ini bukan penghematan, ini pembagian kekuasaan.

Tentu ada juga yang membela. Katanya sesuai demokrasi perwakilan, sesuai Pancasila, lebih tertib. Tapi sejarah kita mencatat, pilkada via DPRD dulu adalah ladang korupsi yang subur, tempat kepala daerah lahir dengan utang politik, bukan mandat rakyat.

Lucu? Iya. Tragis? Juga. Karena di negeri ini, reformasi sering kali hanya mimpi yang dibangunkan paksa oleh alarm oligarki. Setiap kali itu terjadi, kita selalu disuruh percaya, ini demi kebaikan bersama.

Foto Ai hanya ilustrasi

Rosadi Jamani
Ketua Satupena Kalbar
#camanewak
#jurnalismeyangmenyapa
#JYM",https://www.facebook.com/100072467585380/posts/911888741236704,100072467585380,911888741236704,https://www.facebook.com/photo/?fbid=911888721236706&set=a.290126776746240,https://scontent-ams2-1.xx.fbcdn.net/v/t39.30808-6/608022868_911888724570039_3319829023755533238_n.jpg?stp=dst-jpg_s640x640_tt6&_nc_cat=108&ccb=1-7&_nc_sid=833d8c&_nc_ohc=IdtO6YeFlUUQ7kNvwHaIKcX&_nc_oc=Adkq0yzAH-_tEKWpucZV_Xjif1EDOoyT_35i1BmddA4vDMbtsonef73NQkQzOyGVLAI&_nc_zt=23&_nc_ht=scontent-ams2-1.xx&_nc_gid=6QPQ-c5SwJiwTgvrDJuyYg&oh=00_AfrS9CUo-y9P221RccFRgA1yY2_eAYyWOdY1giaeu1-3uA&oe=6965B030,,,,,,,,,,,,,,,,,,,,
https://www.facebook.com/tribunupdate,100089459616188,877645305227449,Tribunnews Update,https://www.facebook.com/tribunupdate/posts/pfbid0uNPkV5cooEWHmJstQfcS6MnAWUoeaLVpgVdsoP76ZHmDkQrbDPAqHxXRPnPfK95pl,2026-01-06 05:11:07,1767672667.0,264.0,110,57,"Politisi PDIP: Siapa Bilang Pilkada Melalui DPRD Tidak Melanggar Konstitusi?

Politisi Partai Demokrasi Indonesia Perjuangan (PDIP) Andreas Hugo Pereira menegaskan, mekanisme pemilihan kepala daerah (Pilkada) secara tidak langsung via DPRD jelas-jelas melanggar konstitusi.

Menurutnya, sudah ada Putusan Mahkamah Konstitusi (MK) Nomor 110/PUU-XXIII/2025 yang memperkuat Pasal 18 Ayat 4 dan Pasal 22E Ayat 1 dalam Undang-Undang Dasar (UUD) 1945 Hasil Amandemen.

Bahwa, kata Hugo, Putusan MK tersebut memberi penegasan bahwa Pemilihan Umum (Pemilu), termasuk Pilkada, harus dilaksanakan secara langsung, dipilih oleh rakyat.

Sebab, kedua pasal dalam UUD 1945 itu masih membuka celah bahwa Pemilu dan/atau Pilkada dapat dilaksanakan secara tidak langsung, di mana rakyat memilih wakil-wakil mereka untuk duduk di lembaga perwakilan (seperti DPR/DPRD).

Adapun berikut isi kedua pasal dalam UUD 1945 tersebut

Pasal 18 ayat (4) UUD NRI 1945 menyatakan bahwa, “Gubernur, Bupati, dan Wali kota masing-masing sebagai kepala pemerintah daerah provinsi, kabupaten, dan kota dipilih secara demokratis.”
Pasal 22E ayat (1) UUD NRI 1945 yang menyatakan bahwa, “Pemilihan umum dilaksanakan secara langsung, umum, bebas, rahasia, jujur, dan adil setiap lima tahun sekali.”
""Siapa bilang tidak melanggar [konstitusi]?"" kata Hugo, dalam wawancara di program Sapa Indonesia Pagi yang diunggah di kanal YouTube KompasTV, Senin (5/1/2026).

""Ini kan kalau kita bicara soal konstitusi, di Pasal 18 Ayat 4 Undang-Undang Dasar 1945 hasil amandemen menegaskan bahwa kepala daerah, gubernur, bupati, wali kota dipilih secara demokratis.""

""Kemudian di Pasal 22E Ayat 1 Undang-Undang Dasar 1945 hasil amandemen mengatur bahwa pemilu dilaksanakan secara langsung, umum, bebas, rahasia, jujur, dan adil setiap 5 tahun.""

""Debat ini sudah lama sebenarnya soal yang berkaitan dengan pemilu langsung, tidak langsung, gitu kan?""

""Nah, kemudian keputusan Mahkamah Konstitusi ini memberikan penafsiran terhadap dua pasal tadi di Undang-Undang Dasar, yang memungkinkan bahwa ini bisa dilaksanakan secara tidak langsung oleh DPRD.""

Andreas Hugo Pereira yang juga menjabat sebagai Wakil Ketua Komisi XIII DPR RI itu menjelaskan, dengan adanya Putusan MK Nomor 110/PUU-XXIII/2025, maka mekanisme Pilkada berada di bawah naungan Rezim Pemilu, bukan Rezim Pemerintahan Daerah (Pemda).

Sehingga, permasalahannya adalah apakah pemerintah nanti bersedia mengikuti Putusan MK tersebut atau tidak, bukan soal Pilkada via DPRD tidak melanggar konstitusi.

""Keputusan Mahkamah Konstitusi Nomor 110/PUU-XXIII/2025 baru-baru ini menegaskan bahwa Pilkada adalah rezim pemilu, bukan rezim pemda, bukan rezim rezim pemerintahan daerah,"" tegas Hugo.

""Jadi, rezim pemilu itu artinya merujuk pada Pasal 22E Ayat 1 bahwa pemilu itu dilaksanakan secara langsung umum, bebas, dan rahasia, gitu. Langsung umum, bebas, dan rahasia.""

""Jadi, ini sebenarnya sudah jelas gitu putusan Mahkamah Konstitusi itu memberikan arahan bahwa Pemilu, termasuk Pilkada, itu adalah langsung oleh rakyat, gitu.""

""Persoalannya, kita mau ikut keputusan Mahkamah Konstitusi atau tidak?""

Adapun wacana pemilihan kepala daerah melalui DPRD mengemuka kembali saat disampaikan oleh Presiden RI Prabowo Subianto dalam acara HUT ke-60 Partai Golkar, di Sentul Bogor, Kamis (12/12/2024) lalu.

Saat itu, Prabowo mengkritik sistem pemilu di Indonesia yang dinilai terlalu mahal, sehingga menurutnya harus diperbaiki. 

Ia pun mengusulkan agar kepala daerah seperti gubernur hingga bupati dan wali kota hendaknya kembali dipilih oleh DPRD, serupa dengan pemilu di negara tetangga, seperti Malaysia, Singapura, dan India yang menurutnya lebih efisien karena kepala daerah dipilih oleh DPRD.

“Menurut saya kita harus perbaiki sistem kita, dan kita tidak boleh malu untuk mengakui bahwa kemungkinan sistem ini terlalu mahal,” kata Prabowo.

""Saya lihat negara-negara tetangga kita efisien. Malaysia, Singapura, India, sekali milih anggota DPRD, sekali milih, ya sudah DPRD itu lah yang milih gubernur, yang milih bupati.""

Usulan Prabowo agar kepala daerah dipilih DPRD ini pun mendapat dukungan dari sederet partai politik, seperti Partai Gerindra (Gerakan Indonesia Raya), Partai Golkar (Golongan Karya), Partai Kebangkitan Bangsa (PKB), Partai Ummat, Partai NasDem (Nasional Demokrat), sedangkan Partai Amanat Nasional (PAN) menyebutnya layak dipertimbangkan.

Soal Biaya, yang Diperbaiki Seharusnya Sistemnya, Bukan Mengambil Hak Rakyat Bersuara

Wacana Pilkada melalui DPRD mengemuka dengan alasan utama karena biaya yang dinilai terlalu mahal.

Alasan ini pun dikritik oleh politisi PDIP Andreas Hugo Pereira dalam kesempatan wawancara yang sama.

Menurutnya, yang seharusnya diperbaiki adalah sistem pemilihan umumnya, sehingga dapat menekan biaya yang dinilai terlalu tinggi, bukan mengambil hak demokrasi rakyat untuk menggunakan suaranya.

""Nah, soal biaya, itu lain urusan lagi. Menurut pihak kami di PDI Perjuangan, soal biaya, kita perbaiki di dalam sistem pemilihan umum ini,"" tutur Hugo.

Hugo menjelaskan, ada beberapa aspek dalam Pemilu atau Pilkada yang bisa dihemat.

Misalnya, partai politik tidak boleh mematok mahar atau setoran yang harus dibayar oleh calon legislatif untuk mendapatkan dukungan

""Misalnya yang membuat biaya itu mahal itu apa?"" kata Hugo.

""Sekarang yang membuat biaya itu mahal seringkali dimulai dari partai politik dulu. Mahar kepada partai politik.""

""Ketika calon itu mau maju, harus bayar dulu gitu dan kadang-kadang gila-gilaan, harga per kursi itu, untuk memenuhi kuota yang untuk bisa mencalonkan diri, kemudian, ketika proses kampanye.""

Selanjutnya, Hugo menjelaskan biaya Pilkada yang bisa dihemat adalah proses pelaksanaannya yang bisa dibarengkan dengan Pemilu Legislatif (Pileg).

""Ketika Pilkada langsung itu berlangsung sendiri, tidak bersamaan dengan Pileg atau Pemilu, tentu biaya tersendiri juga gitu,"" ucap Hugo.

""Jadi perlu kita perbaiki di dalam proses pelaksanaan pemilunya, misalnya Pilkada dengan Pileg daerah itu dilangsungkan bersamaan, itu tentu akan mengurangi biaya pelaksanaan pemilu.""

Hugo juga menjelaskan, konsekuensi atau sanksi tegas untuk partai politik yang mematok mahar kepada calon legislatif bisa menghemat biaya Pilkada.

""Pelaksanaan dari pemilu itu sendiri harus diatur secara tegas dengan konsekuensi, hukuman, punishment yang jelas terhadap pelanggaran-pelanggaran di dalam proses pemilu,"" tutur Hugo.

""Partai-partai politik jangan tarik mahar gitu. Kalau yang tarik mahar langsung di-skors, tidak [boleh] ikut gitu.""

""Jadi banyak hal yang bisa diefisienkan, dari pemilihan langsung itu, untuk diatur sehingga biaya pemilu menjadi lebih murah, lebih efisien.""

Menurut Hugo, biaya pemilu bisa dihemat, dengan mengefisiensikan banyak aspek, tetapi tetap menjalankan Pemilu atau Pilkada dengan rakyat memilih secara langsung.

Bukannya dengan mengambil hak rakyat untuk menggunakan suaranya.

""Harga mengambil kembali hak rakyat itu terlalu mahal. Apa yang sudah kita berikan kepada rakyat, kita ambil kembali itu terlalu mahal, lebih mahal dari biaya politik itu,"" tegas Hugo.",https://www.facebook.com/100089459616188/posts/877645305227449,100089459616188,877645305227449,https://www.facebook.com/photo/?fbid=877645235227456&set=a.202545242737462,https://scontent-ams2-1.xx.fbcdn.net/v/t39.30808-6/612233994_877645238560789_3496419448010114832_n.jpg?stp=dst-jpg_s960x960_tt6&_nc_cat=106&ccb=1-7&_nc_sid=127cfc&_nc_ohc=AL11-yA1gagQ7kNvwF0d56B&_nc_oc=AdlaVJYTKVdmoYiCcKbK7ABraU0p84Fk_R_yoeJuWKjb0DU2SKJrsB0FfDm2tvPYfUY&_nc_zt=23&_nc_ht=scontent-ams2-1.xx&_nc_gid=6QPQ-c5SwJiwTgvrDJuyYg&oh=00_Afpk1JkUbJ3QzdghDkRp7nduvpoANP8yteeti4FPZb316w&oe=6965A716,,,,,,,,,,,,,,,,,,,,
https://www.facebook.com/Infopublikcom,100054082796980,1340391724440241,Info Publik,https://www.facebook.com/reel/881468444293123/,2026-01-07 06:18:01,1767763081.0,258.0,117,13,"Guntur Romli tegas menolak Pilkada melalui DPRD. Menurutnya, demokrasi sejati berarti kedaulatan rakyat dari rakyat, oleh rakyat, dan untuk rakyat.",https://www.facebook.com/100054082796980/posts/1340391724440241,100054082796980,1340391724440241,https://www.facebook.com/reel/881468444293123/,,,,,,,,,,,,,,,,,,,,,
https://www.facebook.com/kabarr.sulsel,100047923122114,1376624563944968,Kabarr Sulsel,https://www.facebook.com/kabarr.sulsel/posts/pfbid02cARtwsx6vWcpRWkA9u5PBHq1ATbf4FuUU7ZrU84bdKUF8cTg1bAW6rL3ftBFu16wl,2026-01-08 09:11:37,1767859897.0,15.0,7,0,"Sebut Kemunduran Demokrasi, PDI Perjuangan Makassar Tegas Tolak Pilkada Melalui DPRD

#PDIPerjuangan #PDIMakassar #TolakPilkadaDPRD #Demokrasi #PilkadaLangsung #PolitikMakassar #IsuDemokrasi #Sulsel #SulawesiSelatan #BeritaPolitik #MakassarTerkini #Viral #Trending #FYP #Makassar #Gowa #Maros #Pangkep #SulSel #SulawesiSelatan #reel #fyp #reelsfb #trending #viral #Jangkauan #JangkauanLuas

Sumber & Link berita ada di komentar 👇👇👇",https://www.facebook.com/100047923122114/posts/1376624563944968,100047923122114,1376624563944968,https://www.facebook.com/photo/?fbid=1376624533944971&set=a.108721147401989,https://scontent-ams2-1.xx.fbcdn.net/v/t39.30808-6/610752851_1376624543944970_4295436408166661871_n.jpg?stp=dst-jpg_p526x296_tt6&_nc_cat=102&ccb=1-7&_nc_sid=833d8c&_nc_ohc=JjPWzqtu1ZAQ7kNvwEp_3j1&_nc_oc=Adl9apYI6ysNfNsViF4KWylNB86QZMXRzdBqaF5RIDBT_QL173Hy0mscdsnFmUt8AQ0&_nc_zt=23&_nc_ht=scontent-ams2-1.xx&_nc_gid=6QPQ-c5SwJiwTgvrDJuyYg&oh=00_Afq1di6qhLKisT1X68JM3aPGDsgMgx3JJzzy_EjSGC51pQ&oe=6965C021,,,,,,,,,,,,,,,,,,,,
https://www.facebook.com/jheronpetleng1234,100000098457465,26228788773374380,Fritz-Alorboy Makanlehi,https://www.facebook.com/reel/1243361287703584/,2026-01-05 02:33:29,1767576809.0,178.0,52,40,"DPR RI mulai buat sensasi 2026.
Wacana pilkadah dipilih DPRD, apakah anda setuju? bukankah dipilih oleh dprd ibarat pembungkaman hak  prerogatif rakyat utk menentukan pemimpinnya? #fritzalorboy #dprd #pilkada Advokat Fritz Alor Boy",https://www.facebook.com/100000098457465/posts/26228788773374380,100000098457465,26228788773374380,https://www.facebook.com/reel/1243361287703584/,,,,,,,,,,,,,,,,,,,,,
https://www.facebook.com/profile.php?id=61579641402828,61579641402828,1571791067148314,Sisil Sia,https://www.facebook.com/groups/770374860623276/permalink/1571791067148314/,2025-10-15 18:23:04,1760545384.0,209.0,71,2,"ketua DPRD kb Malaka Adrianus bria seran 
SH,(ABS) di tetapkan sebagai tersangka terkait dugaan kasus penganiayaan terhadap warga desa lasaen Alfons leki",https://www.facebook.com/61579641402828/posts/1571791067148314,61579641402828,1571791067148314,https://www.facebook.com/photo/?fbid=122120213240988046&set=gm.1571791067148314&idorvanity=770374860623276,https://scontent-ams2-1.xx.fbcdn.net/v/t39.30808-6/561354259_122120213246988046_4597668498243670674_n.jpg?stp=dst-jpg_p526x296_tt6&_nc_cat=109&ccb=1-7&_nc_sid=aa7b47&_nc_ohc=7hgEm20yKSwQ7kNvwGPcMmA&_nc_oc=Adn6vAdL8DZdSAMphMvmnjB78Le9v4FJlha4zuVEk6Eyq2T-sxWspzVGMPVREwSi3pI&_nc_zt=23&_nc_ht=scontent-ams2-1.xx&_nc_gid=Y8pLK-8ZNrtyXI9R7s0cgA&oh=00_Afp2g5fFjIBPx_Y8K3wENHG2BNcpUwUORmvPuSlAVEVQzA&oe=696597B8,,,,,,,,,,,,,,,,,,,,
https://www.facebook.com/kapret.suandana,100023096675597,1994142491365621,Kapret Suandana,https://www.facebook.com/kapret.suandana/posts/pfbid033LtyCA2C1YFAtgtQvnAWtzKmXj5uAwQ6S9Y41cPgSMsNhJq6dQdtK1hav7K3D3oAl,2026-01-08 12:33:15,1767871995.0,11.0,15,6,"Partai PDI PERJUANGAN  tegas menolak pemilihan PILKADA dipilih oleh DPRD....!!!
kami menjungjung tinggi DEMOKRASI dan kami tidak akan pernah setuju suara rakyat atau pilihan rakyat di wakilkan oleh siapapun...?!!! Sungguh tegas stetment partai berlambangkan BANTENG INI...!!!
#kabar
#berita
#info",https://www.facebook.com/100023096675597/posts/1994142491365621,100023096675597,1994142491365621,https://www.facebook.com/photo/?fbid=1994142451365625&set=a.114719982641224,https://scontent-ams2-1.xx.fbcdn.net/v/t39.30808-6/610779576_1994142458032291_7933684602304370042_n.jpg?stp=dst-jpg_s640x640_tt6&_nc_cat=107&ccb=1-7&_nc_sid=833d8c&_nc_ohc=EMeA_eIDFVwQ7kNvwF2I_1_&_nc_oc=AdneP95cUFnJPCFm5-C8BNemWOPVq4Hqr8myuHy3efTyOWpBsRXCMlb7Yz63RGJ1GRU&_nc_zt=23&_nc_ht=scontent-ams2-1.xx&_nc_gid=Y8pLK-8ZNrtyXI9R7s0cgA&oh=00_Afo_yep_QQenF4_BwkHaIKFyUnJ1fak__DW8yYg1EPaxYA&oe=69659A1C,,,,,,,,,,,,,,,,,,,,
https://www.facebook.com/framingntv,1761311468,10215295428256583,Framing Newstv,https://www.facebook.com/framingntv/posts/pfbid028ssBHnSt5e3vGmcXvMYhixMQqzyFqq293TezgvqfrdMxc33RgPxptR6jbFjv9CcBl,2026-01-02 06:23:16,1767331396.0,592.0,1502,40,"Cak Imin Nilai Pilkada Langsung Mahal dan Sarat Kecurangan, PKB Dorong Kepala Daerah Dipilih DPRD

JAKARTA, Framing NewsTV - Ketua Umum Partai Kebangkitan Bangsa (PKB), Abdul Muhaimin Iskandar atau Cak Imin, secara terbuka menyatakan dukungan terhadap perubahan sistem pemilihan kepala daerah dari pemilihan langsung oleh rakyat menjadi melalui Dewan Perwakilan Rakyat Daerah (DPRD). Menurutnya, sistem pilkada langsung yang selama ini diterapkan justru menimbulkan banyak persoalan serius.

Cak Imin menilai pilkada langsung membutuhkan biaya politik yang sangat mahal dan rawan kecurangan. Selain itu, ia juga menyoroti persoalan netralitas aparatur negara yang dinilainya belum sepenuhnya terjaga.

“Alasannya sederhana, berbiaya mahal dan penuh kecurangan, juga aparatur belum banyak yang bisa netral,” ujar Cak Imin melalui unggahan di media sosial X @cakimiNOW, Kamis, 1 Januari 2026.

Menteri Koordinator Bidang Pemberdayaan Masyarakat itu juga berpendapat bahwa pilkada langsung tidak banyak melahirkan kepala daerah yang kuat dan mandiri. Dengan berbagai pertimbangan tersebut, ia meyakini sistem pilkada tidak langsung melalui DPRD lebih relevan untuk diterapkan di Indonesia saat ini.

Cak Imin menegaskan sikap PKB dalam isu ini bersifat konsisten dan telah diperjuangkan sejak masa pemerintahan Presiden ke-6 Republik Indonesia, Susilo Bambang Yudhoyono (SBY). Bahkan, menurutnya, wacana pilkada lewat DPRD sempat berhasil disahkan menjadi undang-undang.

Namun, pada 2014, fraksi PKB di DPR justru tercatat berada di kubu yang menolak pilkada tidak langsung bersama Partai Demokrasi Indonesia Perjuangan (PDIP) dan Partai Hanura. Saat itu, fraksi Partai Golkar, Partai Gerindra, Partai Keadilan Sejahtera (PKS), Partai Amanat Nasional (PAN), dan Partai Persatuan Pembangunan (PPP) unggul dalam voting pengesahan Undang-Undang Pemilihan Gubernur, Bupati, dan Wali Kota yang mengatur pilkada melalui DPRD.

Pengesahan undang-undang tersebut menuai penolakan luas dari masyarakat. Presiden SBY kemudian menerbitkan Peraturan Pemerintah Pengganti Undang-Undang (Perpu) Pilkada dan Perpu Pemerintahan Daerah yang mengembalikan mekanisme pilkada langsung.

“Sikap PKB soal pilkada dipilih oleh DPRD sama sejak pemerintahan Pak SBY dan bahkan sudah berhasil dijadikan UU. Sayangnya kemudian dibatalkan oleh Perpu,” kata Cak Imin.

Wacana menghidupkan kembali pilkada tidak langsung kini kembali mengemuka seiring konsolidasi partai-partai politik pendukung pemerintahan Presiden Prabowo Subianto. Sejumlah partai yang menyatakan dukungan terhadap pilkada lewat DPRD antara lain Partai Golkar, Partai Gerindra, PKB, dan PAN.

Elite keempat partai tersebut, termasuk Cak Imin, diketahui sempat berkumpul di rumah Ketua Umum Partai Golkar, Bahlil Lahadalia, di Jakarta pada Ahad, 28 Desember 2025. Pertemuan itu diduga membahas agenda perubahan sistem pilkada.

Partai Golkar sendiri secara terbuka telah beberapa kali mengangkat isu pilkada lewat DPRD, termasuk dalam perayaan ulang tahun partai pada 2024 dan 2025. Hasil Rapat Pimpinan Nasional Partai Golkar pada 20 Desember 2025 memutuskan untuk mendukung pilkada tidak langsung dan akan mengusulkannya dalam pembahasan paket Undang-Undang Pemilu pada 2026.

Di sisi lain, Koalisi Masyarakat Sipil untuk Kodifikasi Undang-Undang Pemilu menolak keras wacana tersebut. Koalisi menilai alasan mahalnya pilkada tidak dapat dijadikan dasar untuk mencabut hak rakyat memilih kepala daerah secara langsung.

Perwakilan koalisi, Usep Hasan Sadikin, menyatakan bahwa mahalnya ongkos politik lebih disebabkan oleh tingginya biaya kandidasi, seperti mahar politik dan praktik politik uang, serta proses pencalonan yang tidak transparan dan tidak akuntabel.

“Mengembalikan pilkada dipilih DPRD sama saja dengan melanggengkan nepotisme dan melahirkan otoritarianisme baru,” ujar Usep.

Peneliti dari Perkumpulan untuk Pemilu dan Demokrasi (Perludem) itu menekankan bahwa DPR dan pemerintah seharusnya fokus memperbaiki tata kelola kepemiluan. Langkah tersebut meliputi penguatan aturan dana kampanye, peningkatan efektivitas penegakan hukum, perbaikan sistem audit, transparansi pendanaan politik, serta pelembagaan partai politik yang lebih demokratis.

“Pilkada dipilih DPRD bertentangan dengan prinsip konstitusional, mereduksi kedaulatan rakyat, dan membuka ruang transaksi politik yang lebih gelap di balik pintu tertutup DPRD,” pungkasnya.

#pilkadalewatdprd #cakinim #pkb #revisiuupemilu #politiknasional

========
Sahabat Framing NewsTV, jangan lupa Like, Comment, Ikuti dan Share Facebook Framing NewsTV, serta aktifkan Lonceng Notifikasi agar tidak ketinggalan update isu-isu terkini di Indonesia.",https://www.facebook.com/1761311468/posts/10215295428256583,1761311468,10215295428256583,https://www.facebook.com/photo/?fbid=10215295425216507&set=a.10200742705007597,https://scontent-ams2-1.xx.fbcdn.net/v/t39.30808-6/606514254_10215295425256508_1010996468997913898_n.jpg?stp=dst-jpg_s640x640_tt6&_nc_cat=109&ccb=1-7&_nc_sid=127cfc&_nc_ohc=D074Nj6VtNYQ7kNvwEQYHal&_nc_oc=AdnwnRJYXWCdyawMA8Q1c85PpgH_FwMtHQVeBLOAOdvOVA5D7ViIbsYEpz7jW0IBZsI&_nc_zt=23&_nc_ht=scontent-ams2-1.xx&_nc_gid=Y8pLK-8ZNrtyXI9R7s0cgA&oh=00_AfptXnGUbwEnAkuVgZCWiLMGidWnFa7U6dKmLpRcImRTTg&oe=6965C095,,,,,,,,,,,,,,,,,,,,
https://www.facebook.com/rendii.psg,100008030527353,4224031947874448,Renddy Suherllan,https://www.facebook.com/rendii.psg/posts/pfbid02aSq6PozYQnsE3bsqiCqDCxGbf54NVt2FM1zG2sokm6StjPjc9BjecW6MnZ1yccNQl,2026-01-07 13:00:57,1767787257.0,12.0,22,0,"Cuman satu partai PDI Perjuangan MENOLAK Pilkada dipilih oleh DPRD. Kedaulatan ada di tangan rakyat, bukan di ruang elite. 

Pilkada harus tetap dipilih langsung oleh rakyat. Awas Kebangkitan NEO ORBA!

Menurut kalian gimana???
#pdipbantenbersamarakyat
#pdipbantenmenang 
#solidbergerak",https://www.facebook.com/100008030527353/posts/4224031947874448,100008030527353,4224031947874448,https://www.facebook.com/photo/?fbid=4224031894541120&set=a.1479503882327282,https://scontent-ams2-1.xx.fbcdn.net/v/t39.30808-6/612298266_4224031901207786_1796000037937886913_n.jpg?stp=dst-jpg_s640x640_tt6&_nc_cat=102&ccb=1-7&_nc_sid=833d8c&_nc_ohc=XmT69BT-hiMQ7kNvwHEFxEJ&_nc_oc=AdnrcpXcbGcd_snr12XO4CQqVsRdcYH_zeNtcqFEZldpzC39LCv0xsLxK4k_FrhLKWI&_nc_zt=23&_nc_ht=scontent-ams2-1.xx&_nc_gid=Y8pLK-8ZNrtyXI9R7s0cgA&oh=00_Afru5NZK7OD2tx3jDoNfWhYqlmsIO6JpLcPbHlT6VvyDUg&oe=6965B29A,,,,,,,,,,,,,,,,,,,,
https://www.facebook.com/profile.php?id=61583103064489,61583103064489,24644202988583785,Aisyah Roqiyah,https://www.facebook.com/groups/2033191890111550/permalink/24644202988583785/,2025-11-04 02:21:09,1762219269.0,864.0,84,1,"Dulu..... ia mengabdikan dirinya mewakili suara rakyat kususnya dapil 2, yang sekarang sudah menjadi wilayah dapil 3.  Argo V Sumaiku seorang anggota DPRD yang bekerja tulus  tanpa banyak bicara, dari setiap langkah yang penuh niat baik, Murni dem ingin  daerahnya maju"" 
 Hari ini, beliau menyadarkan  saya sebagai rakyat,  bahwa  amanah itu tumbuh  dari kursi dewan menuju tanggung jawab yang lebih besar sebagai Wakil Bupati...,

 Kerja tulus dan amanah memang selalu menemukan jalannya sendiri. Semoga pak wabub Argo V Sumaiku selalu dalam keberkahan, semoga tetap rendah hati dan tetap menjadi suara yang lahir dari hati rakyat.",https://www.facebook.com/61583103064489/posts/24644202988583785,61583103064489,24644202988583785,,,,,,,,,,,,,,,,,,,,,,
https://www.facebook.com/NUSANTARAMedanLaeArt,100063650996667,3500697823403845,Bumi Nusantara,https://www.facebook.com/groups/229441697196157/permalink/3500697823403845/,2025-12-31 03:22:40,1767147760.0,100.0,177,2,"Wacana pemilihan kepala daerah (pilkada) melalui DPRD kembali menguat setelah Partai Golkar dan Partai Amanat Nasional (PAN) menyuarakan penghapusan pilkada langsung. Sikap tersebut kini disusul Partai Gerindra yang menyatakan persetujuan terhadap mekanisme pilkada tidak langsung.

Ketua DPP Partai Gerindra, Prasetyo Hadi, menilai perlunya perubahan sistem pilkada karena mahalnya ongkos politik. Menurutnya, proses demokrasi perlu terus dievaluasi seiring perjalanan waktu dan pengalaman pelaksanaannya. “Kalau kami berpendapat, sekali lagi kami sebagai pengurus partai, salah satu pimpinan di partai, kami berpendapat memang kita harus berani. Harus berani untuk melakukan perubahan dari sistem,” kata Prasetyo di Lanud Halim Perdanakusuma, Jakarta, Senin (29/12/2025).

Prasetyo menyebut sistem pilkada langsung saat ini memiliki sejumlah sisi negatif, salah satunya tingginya biaya politik yg harus dikeluarkan calon kepala daerah. Selain itu, negara juga menanggung pembiayaan besar dalam setiap penyelenggaraan pilkada. “Untuk menjadi seorang kepala daerah, baik bupati, wali kota, maupun gubernur, itu ongkosnya sangat besar,” ujarnya.

Berdasarkan kajian internal, Gerindra mendorong agar pemilihan kepala daerah dikembalikan melalui mekanisme DPRD. “Kami memang terus terang salah satu yg mengusulkan atau berpendapat bahwa kita berkehendak untuk mengembalikan sistem pemilihan kepala daerah itu melalui mekanisme di DPRD,” kata Prasetyo.

Sebelumnya, Partai Golkar melalui Rapimnas I Tahun 2025 juga mengusulkan pilkada dilaksanakan melalui DPRD. Namun, wacana ini menuai penolakan dari sejumlah partai politik lain, seperti PDI Perjuangan dan Partai Demokrat, yang menilai pilkada langsung merupakan bagian penting dari demokrasi dan kedaulatan rakyat.",https://www.facebook.com/100063650996667/posts/3500697823403845,100063650996667,3500697823403845,https://www.facebook.com/photo/?fbid=1520632396735112&set=gm.3500697823403845&idorvanity=229441697196157,https://scontent-ams2-1.xx.fbcdn.net/v/t39.30808-6/605873693_1520631773401841_2180955736711475041_n.jpg?stp=dst-jpg_p180x540_tt6&_nc_cat=103&ccb=1-7&_nc_sid=aa7b47&_nc_ohc=mlh9vZ5ct2oQ7kNvwG0kR5i&_nc_oc=AdliMshS5xnjZ3wDXcPuHu6sYwPjjiT2BGVKvFYp2Do_SUhg7wDHkNMXHFeeebjaFXU&_nc_zt=23&_nc_ht=scontent-ams2-1.xx&_nc_gid=X6xQYKt7S44hHBLLCuo1Kg&oh=00_AfoOnvshAGFqTsmKpZBzvPHi9aRMabxfzbYtU03P4ec4dg&oe=6965C817,,,,,,,,,,,,,,,,,,,,
https://www.facebook.com/ardan.bx,100018283301931,1883940478892044,Ardan,https://www.facebook.com/ardan.bx/posts/pfbid0Z5SDzvqekrWb4Uy15MBUjxK3kryxDpMENP3TwaArAH4Rr712Drg2wRnyYBR733Ygl,2026-01-07 13:58:43,1767790723.0,25.0,13,3,"PEMILIHAN KEPALA DAERAH DI PILIH DPRD MERUPAKAN ANGIN SEGAR

Memang betul tidak ada jaminan kepala daerah yang di pilih DPRD itu lebih baik dari hasil pemilihan langsung dari masyarakat, namun setidaknya kalau kita berkaca dari setiap pemilihan kepala daerah sejatinya masyarakat kita pada umumnya belum siap untuk itu, alhasil apa? Kepala daerah yang terpilih jauh dari harapan, di tambah lagi dalam setiap momentum penyelenggaran pilkada mengunakan anggaran yang cukup fantastis puluhan miliyar untuk setiap daerah.
Dengan pilkada di pilih DPRD setidaknya kita dapat menghindari konflik horizontal  di tengah masyarakat hanya karna persoalan beda pilihan, tidak ada kepala daerah milik golongan tertentu, dan tidak ada pula wilayah2 yang di anak tirikan hanya karna alasan kurangnya pendukung di wilayah tersebut.

Pilkada di pilih DPRD bukan bencana bagi demokrasi namun ikhtiar menuju perbaikan.

Ardan
Rabu 7 Januari 2026",https://www.facebook.com/100018283301931/posts/1883940478892044,100018283301931,1883940478892044,,,,,,,,,,,,,,,,,,,,,,
https://www.facebook.com/KOMPAScom,100064383715647,1409368167885960,Kompas.com,https://www.facebook.com/KOMPAScom/posts/pfbid0UMs65FEDCC3Q6C4PMXy8EWZvwgvNtUxWoF38tExE9EjLytMcmHx9uerpgqWs36orl,2026-01-07 09:27:43,1767774463.0,30.0,105,3,"Halo Sahabat Kompas.com,
Wacana pemilihan kepala daerah (pilkada) dipilih oleh Dewan Perwakilan Rakyat Daerah (DPRD) kembali mencuat dan langsung memantik perdebatan publik.

Pemerintah dan sejumlah partai politik menilai skema ini bisa menjadi solusi efisiensi anggaran, mengingat Pilkada langsung selama ini dinilai mahal, rawan politik uang, serta memicu konflik horizontal di daerah.

Namun di sisi lain, kritik keras juga bermunculan. Banyak pihak menilai pemilihan kepala daerah lewat DPRD berpotensi menjadi kemunduran demokrasi, karena memangkas hak rakyat untuk memilih pemimpinnya secara langsung. Kekhawatiran lain adalah munculnya transaksi politik elite, di mana kepala daerah lebih loyal pada partai atau fraksi ketimbang kepentingan warga.

Live: 
https://www.youtube.com/live/_Dqx8tOuTnU

📅 : Rabu, 7 Januari 2025   
⏰: 16.00
📍 : facebook, Tiktok, X, Instagram dan Youtube 
@kompascom

~AA #Pilkada #DPRD #ObrolanNewsroom",https://www.facebook.com/100064383715647/posts/1409368167885960,100064383715647,1409368167885960,https://www.facebook.com/photo/?fbid=1409367954552648&set=a.609291661226952,https://scontent-ams2-1.xx.fbcdn.net/v/t39.30808-6/611558148_1409367957885981_5722917965173582768_n.jpg?stp=dst-jpg_p526x296_tt6&_nc_cat=102&ccb=1-7&_nc_sid=833d8c&_nc_ohc=HAO5gOZrW04Q7kNvwHUCHxy&_nc_oc=Adlz6F40A_CSHRnj0DfvUdDXCPqO0nAvpCuJAGRwuJxW6s4EBUcau4U5WIyjTWuUf7w&_nc_zt=23&_nc_ht=scontent-ams2-1.xx&_nc_gid=CqZ9aJx97t6h7Lg-lfUHkg&oh=00_AfrG0Q4pCYF3feME0ADui4mIQauCwrm6iwGXY-psJC4Tdg&oe=6965AB3C,,,,,,,,,,,,,,,,,,,,
https://www.facebook.com/KOMPAScom,100064383715647,728718403637599,Kompas.com,https://www.facebook.com/KOMPAScom/videos/728718403637599/,2026-01-07 09:58:46,1767776326.0,15.0,10,5,"Wacana pemilihan kepala daerah (pilkada) dipilih oleh Dewan Perwakilan Rakyat Daerah (DPRD) kembali mencuat dan langsung memantik perdebatan publik.

Pemerintah dan sejumlah partai politik menilai skema ini bisa menjadi solusi efisiensi anggaran, mengingat Pilkada langsung selama ini dinilai mahal, rawan politik uang, serta memicu konflik horizontal di daerah.

Namun di sisi lain, kritik keras juga bermunculan. Banyak pihak menilai pemilihan kepala daerah lewat DPRD berpotensi menjadi kemunduran demokrasi, karena memangkas hak rakyat untuk memilih pemimpinnya secara langsung. Kekhawatiran lain adalah munculnya transaksi politik elite, di mana kepala daerah lebih loyal pada partai atau fraksi ketimbang kepentingan warga.

Simak diskusinya dalam Obrolan Newsroom pukul 16.00 WIB.

Host: Jessica Emmanuella dan Servina Viviene
Produser: Adil Pradipta
Ast. Produser: Monica Arum
Kreatif: Anggita Viandhini
Streamer: Muhammad Kahfi
Grafis: Tania
Makeup Artist: Syifa Fauziyyah
Vidografer: Dicky Ardani, Miftahul Rizky, Antonius Aditya Mahendra, Muhammad Iqbal Nur Ihsan, Rizki Fauzan

 #Pilkada #DPRD #ObrolanNewsroom",https://www.facebook.com/100064383715647/posts/728718403637599,100064383715647,728718403637599,https://www.facebook.com/KOMPAScom/videos/728718403637599/,,,,,,,,,,,,,,,,,,,,,
https://www.facebook.com/sifaoita.buulolo.stb.i,100077926591467,893838353223710,Sifaoita Buulolo Stb I,https://www.facebook.com/sifaoita.buulolo.stb.i/posts/pfbid0qjBS97xgL8nAxvdENjZWaqUdjw91MacXK533DiSw6GBLv76yVLdis32KbADYtctCl,2026-01-07 05:36:24,1767760584.0,440.0,334,1,"Menurut hemat saya pemilihan kepala daerah dikembalikan ke DPRD jauh lebih bagus karna  kost politik mengecil baik dari segi anggaran ketimbang pemilihan Langsung kepala daerah oleh masyarakat.kenapa kita mengatakan demikian karna masyarakat sekarang memilih kepala daerah bukan berdasarkan hati nurani tapi berdasarkan Siapa yang banyak #KUAH. Itu sebabnya kepala daerah tidak maksimal bekerja untuk rakyat  karna kepala daerah juga memikirkan bagaimana mengembalikan uangnya yang sudah ditaburkan dilapangan. jadi dr efek #KuahNya politik  sehingga para kepala daerah banyak yang terjaring OTT KPK....

Cc cocok kam Rasa mas Rambo Agus Gari 

pengikut 
@sorotan",https://www.facebook.com/100077926591467/posts/893838353223710,100077926591467,893838353223710,,,,,,,,,,,,,,,,,,,,,,
https://www.facebook.com/TribunStyle,100064655982957,1305929008238953,Tribun Style,https://www.facebook.com/TribunStyle/posts/pfbid0xMVQo5EVRc8Nn8y4h9b4wjqiG3jiJoCjqQyvEQEXtnHStdGVSfPiQjTBAd8h7n3Ll,2026-01-08 10:30:02,1767864602.0,9.0,55,1,"Pengamat Tanggapi Wacana Kepala Daerah Dipilih DPRD: Nanti Gak Ada Orang Kayak Jokowi dan Anies
 

Direktur Eksekutif Aljabar Strategic Indonesia, Arifki Chaniago menyoroti wacana Kepala Daerah dipilih oleh DPRD. 

Menurutnya, jika hal itu terwujud maka akan menutup peluang tokoh potensial meniti karier di pemerintahan sebagai kepala daerah.

Seperti sulit mencari tokoh seperti Joko Widodo dan Anies Baswedan.

Arifki mengungkapkan, karier Jokowi berawal dari Wali Kota Solo, lalu Gubernur DKI Jakarta hingga menjadi Presiden RI. 

Sementara itu, Anies Baswedan pernah menjabat sebagai Gubernur DKI Jakarta hingga ikut berkontestasi pada Pilpres 2024 meskipun kalah. 

Ia menyatakan, Jokowi dan Anies bisa berada di titik tersebut karena adanya pemilihan langsung. 

Tak hanya itu, kedua sosok tersebut cukup dikenal dekat oleh masyarakat. 

Lebih lanjut, Arifki menyebut, pemilihan kepala daerah melalui DPRD nantinya terikat melalui partai politik (parpol) maupun para elite.

Pernyataan itu disampaikan Arifki dalam acara On Focus yang tayang di YouTube Tribunnews, Rabu (7/1/2026).

""Ketika misalnya ada kepala daerah yang sukses di level bupati atau kepala daerah dua periode, yaitu wali kota untuk meloncat ke gubernur atau jadi calon presiden ini mungkin sulit nantinya.""

""Tidak ada orang yang kayak Jokowi, kayak Anies (Baswedan) yang tiba-tiba bisa meloncat karena memang dia harus diikat oleh kekuatan yang ada di parpol maupun di elite."" 

Sebelumnya, sejak Prabowo Subianto menjabat Presiden sekira dua bulan, ia ingin kepala daerah dipilih langsung oleh DPRD. 

Hal itu menurutnya serupa dengan pemilu di negara tetangga. 

Yakni, seperti Malaysia, Singapura, dan India yang menurutnya lebih efisien karena kepala daerah dipilih oleh DPRD.  (Tribun-Video.com)

Foto 1: Pengamat menilai, ke depan bakal sulit muncul orang-orang seperti Joko Widodo (Jokowi) dan Anies Baswedan. (Tribun Network)

Foto 2: wacana pemilihan kepala daerah melalui DPRD akan menutup peluang tokoh potensial meniti karier di pemerintahan sebagai kepala daerah. (Tribun Network)

Foto 3: Wacara Pilkada dipilih oleh DPRD menuai pro kontra. (Tribun Network)",https://www.facebook.com/100064655982957/posts/1305929008238953,100064655982957,1305929008238953,,,,,,,,,,,,,,,,,,,,,,
https://www.facebook.com/videotribunnews,100064323387053,1303708711783229,Tribun Video,https://www.facebook.com/videotribunnews/posts/pfbid02ZbFNboLrvxXdaWWx1qyuQjFxSFjkWPu28YhjwpWNVfU9QMVML1YEKRFtrWtsM67jl,2026-01-08 00:00:05,1767826805.0,262.0,307,24,"Penolakan Terhadap Wacana Pilkada Melalui DPRD Menguat, Publik Menginginkan Tetap Pilih Langsung

TRIBUNVIDEO.COM - Penolakan terhadap wacana pemilihan kepala daerah (Pilkada) lewat mekanisme suara terbanyak di DPRD terus bergulir.

Penolakan publik terhadap wacana pengembalian pemilihan kepala daerah ke DPRD didasari oleh kekhawatiran akan hilangnya hak konstitusional rakyat dalam menentukan pemimpinnya secara langsung.

Selain masalah prinsip demokrasi, penolakan ini juga dipicu oleh kekhawatiran akan meningkatnya praktik politik transaksional di lingkungan DPRD dan penguatan oligarki lokal. 

Sikap publik dalam menolak wacana ini juga tercermin dari hasil survei nasional LSI Denny JA.

Peneliti LSI Denny JA Ardian Sopa mengatakan, sebanyak 66,1 persen responden secara nasional menyatakan tidak setuju jika kepala daerah dipilih oleh DPRD.  Hanya 28,6 persen yang setuju, sementara 5,3 persen menyatakan tidak tahu/tidak menjawab. 

""Ini bukan sekadar mayoritas tipis, melainkan mayoritas kuat, melampaui ambang psikologis 60% yang dalam ilmu opini publik menandai penolakan sistemik, bukan fluktuasi sesaat,"" katanya, Rabu (7/1/2025).

Lebih penting lagi, sambung dia, penolakan ini tidak terkonsentrasi pada satu kelompok, melainkan menyebar merata di hampir seluruh lapisan masyarakat Indonesia.

Mayoritas konstituen hampir semua partai politik juga menolak Pilkada DPRD, bahkan di partai-partai besar, angka penolakan berkisar 56–95% tergantung basisnya. 

""Ini berarti dukungan elektoral tidak otomatis berbanding lurus dengan persetujuan atas perubahan sistem demokrasi,"" katanya.

Isu yang rawan ini segera akan dimanfaatkan opisisi bersama dengan civil society dan mayoritas publik yang kecewa. 

Dalam konteks inilah, data survei menjadi alarm dini bagi pembuat kebijakan: setiap langkah mengubah arsitektur Pilkada tanpa mandat publik berisiko memicu krisis legitimasi yang jauh lebih mahal.

Ardian Sopa menambahkan, survei dilakukan terhadap 1.200 responden, mewakili pemilih Indonesia dengan metode multi-stage random sampling dan dilengkapi dengan wawancara tatap muka dengan kuesioner terstruktur.

Survei ini mempunyai margin of error ±2,9% dilakukan pada 10–19 Oktober 2025.

Penulis: Malvyandie Haryadi

BACA ARTIKEL SELENGKAPNYA>> https://www.tribunnews.com/nasional/7775800/penolakan-terhadap-wacana-pilkada-melalui-dprd-menguat-publik-menginginkan-tetap-pilih-langsung

FOTO: Penolakan terhadap wacana pemilihan kepala daerah (Pilkada) lewat mekanisme suara terbanyak di DPRD terus bergulir. (Sumber foto: Tribunnews.com).",https://www.facebook.com/100064323387053/posts/1303708711783229,100064323387053,1303708711783229,https://www.facebook.com/photo/?fbid=1303708681783232&set=a.633631702124270,https://scontent-ams2-1.xx.fbcdn.net/v/t39.30808-6/608552948_1303247081829392_1499251468289226700_n.webp?stp=dst-jpg_s960x960_tt6&_nc_cat=107&ccb=1-7&_nc_sid=127cfc&_nc_ohc=Yuy-XBNbAmsQ7kNvwGoFmlS&_nc_oc=Adlo-fjxaHD4n3Js-goWsDaXgJzIiIggiGmBi7EicwY3C8DUJZJ5PhXPjQf0Pzq6AC4&_nc_zt=23&_nc_ht=scontent-ams2-1.xx&_nc_gid=CqZ9aJx97t6h7Lg-lfUHkg&oh=00_AfrXVJgJmVuQtqdDTvo0Ycq-R0ldLVZ-11swZ86zteVa7Q&oe=6965C410,,,,,,,,,,,,,,,,,,,,
https://www.facebook.com/harian.tribun.sumsel,100064303435166,1335446978608737,Tribun Sumsel,https://www.facebook.com/reel/1401833234661746/,2026-01-06 16:29:57,1767713397.0,111.0,254,2,"Sikap politik Partai Demokrat terkait wacana perubahan mekanisme pemilihan kepala daerah (pilkada) kembali menjadi sorotan. Partai berlambang bintang mercy itu kini mendukung opsi pilkada melalui Dewan Perwakilan Rakyat Daerah (DPRD). 

Skema yang satu dekade lalu justru digagalkan oleh Presiden keenam RI sekaligus Ketua Majelis Tinggi Partai Demokrat, Susilo Bambang Yudhoyono (SBY) pada 2014 yang lalu. 

Dukungan itu disampaikan Demokrat seiring dengan sikap Presiden Prabowo Subianto yang membuka kembali wacana perubahan sistem pilkada, termasuk kemungkinan pemilihan kepala daerah dilakukan oleh DPRD.

Sekretaris Jenderal Partai Demokrat Herman Khaeron mengatakan, Demokrat berada pada barisan yang sama dengan Presiden Prabowo dalam menyikapi wacana tersebut. 

Demokrat, kata Herman, didasarkan pada ketentuan Undang-Undang Dasar (UUD) 1945 yang memberikan kewenangan kepada negara, untuk mengatur mekanisme pemilihan kepala daerah melalui undang-undang. 

“Karena itu, baik pemilihan langsung maupun melalui DPRD merupakan pilihan yang sah dalam sistem demokrasi Indonesia,” kata Herman dalam keterangan resminya, Selasa (6/1/2026).",https://www.facebook.com/100064303435166/posts/1335446978608737,100064303435166,1335446978608737,https://www.facebook.com/reel/1401833234661746/,,,,,,,,,,,,,,,,,,,,,
https://www.facebook.com/profile.php?id=100087059107993,100087059107993,846494541595842,Dapur Indonesia,https://www.facebook.com/permalink.php?story_fbid=pfbid033aYicFivDYtRH3fX5v4G7PjGLQULsqgshXFcYF6CtQZmWvcpgxgZFqi6esgo9EyZl&id=100087059107993,2026-01-07 01:37:08,1767746228.0,626.0,777,83,"Pilkada 2029 yang Dipilih oleh DPRD
Apakah ini kemunduran demokrasi?
 
Pada tahun 2029, rencana untuk memilih kepala daerah melalui mekanisme DPRD kembali menjadi perbincangan hangat di tengah masyarakat. Banyak pihak mengungkapkan kekhawatiran bahwa langkah ini merupakan kemunduran dalam perkembangan demokrasi di Indonesia, yang selama ini telah mengenalkan sistem pemilihan langsung (pemilu) kepala daerah sebagai wujud kedaulatan rakyat.
 
Latar Belakang
Sistem pemilihan kepala daerah oleh DPRD pernah diterapkan sebelum era otonomi daerah yang lebih luas. Namun, sejak diberlakukannya Undang-Undang Nomor 32 Tahun 2004 tentang Pemerintahan Daerah, pemilihan langsung menjadi pilihan utama untuk memberikan hak kepada rakyat dalam menentukan pemimpin daerahnya sendiri. Pengusulan kembali sistem pemilihan oleh DPRD pada Pilkada 2029 muncul dengan berbagai alasan, antara lain upaya untuk mengurangi biaya pemilu yang dianggap besar, serta meningkatkan sinergi antara eksekutif dan legislatif daerah.
 
Argumen yang Menyatakan Demokrasi Mundur
- Pengurangan Peran Rakyat: Pemilihan oleh DPRD berpotensi membuat rakyat kehilangan kesempatan langsung untuk memilih pemimpin yang mereka percayai. Kedaulatan yang seharusnya berada di tangan rakyat menjadi lebih terpusat pada anggota dewan, yang mungkin tidak selalu mewakili aspirasi seluruh lapisan masyarakat.
- Risiko Praktik Politik yang Tidak Sehat: Tanpa pengawasan langsung dari rakyat, terdapat kekhawatiran akan meningkatnya praktik politik uang, kolusi, atau kepentingan kelompok tertentu dalam proses pemilihan oleh DPRD.
- Pemutusan Hubungan Langsung antara Pemimpin dan Rakyat: Pemimpin yang dipilih oleh DPRD cenderung lebih fokus pada kepentingan dewan daripada kebutuhan masyarakat luas, sehingga mengurangi akuntabilitasnya terhadap rakyat.
 
Pandangan yang Berbeda
- Efisiensi Biaya: Pendukung sistem ini menyatakan bahwa pemilihan oleh DPRD dapat menghemat anggaran yang biasanya dikeluarkan untuk penyelenggaraan pemilu langsung, yang kemudian bisa dialokasikan untuk pembangunan daerah.
- Kualitas Pemimpin yang Lebih Baik: Mereka berargumen bahwa anggota DPRD memiliki wawasan lebih mendalam tentang profil dan kapasitas calon kepala daerah, sehingga dapat memilih orang yang paling kompeten dan sesuai dengan kebutuhan daerah.
- Sinergi Eksekutif dan Legislatif: Pemilihan oleh DPRD diharapkan dapat menciptakan kerja sama yang lebih baik antara pemerintah daerah dan dewan, sehingga kebijakan pembangunan dapat terlaksana dengan lebih lancar.
 
Pernyataan bahwa Pilkada 2029 yang dipilih oleh DPRD merupakan kemunduran demokrasi tidak dapat dijadikan kesimpulan mutlak. Isu ini melibatkan berbagai perspektif yang perlu dipertimbangkan secara matang, mulai dari nilai-nilai demokrasi, efisiensi biaya, hingga kualitas pemerintahan daerah. Yang paling penting adalah proses pengambilan keputusan ini harus melibatkan partisipasi luas masyarakat, serta memastikan bahwa setiap langkah yang diambil tetap berlandaskan pada prinsip kedaulatan rakyat dan kesejahteraan masyarakat luas

Apakah kalian berdiri di pihak yang ingin menjaga hak rakyat memilih langsung, ataukah di pihak yang melihat potensi efisiensi dan kualitas pemerintahan dari pemilihan oleh DPRD?

#Pilkada2029SiapaPemilikSuara
#PilkadaDPRDAtauPemiluLangsung
#RakyatHakPilihLangsung  #JagaPemiluLangsun
#Pilkada2029 #PemiluLangsungAtauDPRD #SiapaPemilikSuara 
#AyoPilihSisiMu",https://www.facebook.com/100087059107993/posts/846494541595842,100087059107993,846494541595842,https://www.facebook.com/photo/?fbid=846494498262513&set=a.102743585970945,https://scontent-ams2-1.xx.fbcdn.net/v/t39.30808-6/611629126_846494504929179_3173773854114653724_n.jpg?stp=dst-jpg_s640x640_tt6&_nc_cat=104&ccb=1-7&_nc_sid=833d8c&_nc_ohc=yLsEh-j9X6sQ7kNvwEKB_KZ&_nc_oc=AdlhmIkY8tVkYL0-L_84gyBbQ0_HGFp0u2FBe-PLy41kbL6WzBHNPQY8hkjifJbihy8&_nc_zt=23&_nc_ht=scontent-ams2-1.xx&_nc_gid=UTdyXlovr2bp4y5xUUqDsw&oh=00_AfohbGGmOnAnS18170lGaeqObPlALHWt4-96mzfRJAnKQA&oe=6965C1FD,,,,,,,,,,,,,,,,,,,,
https://www.facebook.com/sumbarkitanews,100063999583879,1352045836938723,Sumbarkita.id,https://www.facebook.com/sumbarkitanews/posts/pfbid0p7ohqqfNaAzGfWqiiwVgzFyUUbPV1vXkb3pwYbApbgarM6cHj6Drh8nBxkezZtxgl,2026-01-08 03:36:44,1767839804.0,282.0,576,103,"Majelis Ulama Indonesia (MUI) menyatakan dukungan terhadap wacana pemilihan kepala daerah melalui Dewan Perwakilan Rakyat Daerah (DPRD). Ketua MUI Bidang Fatwa Asrorun Niam Sholeh menegaskan bahwa setiap kebijakan politik dalam urusan publik harus berorientasi pada kemaslahatan masyarakat luas dan dijalankan dengan prinsip keadaban.

Menurut Asrorun, dari perspektif keagamaan, kebijakan yang ditetapkan oleh pemimpin atau ulil amri wajib mempertimbangkan manfaat dan mudarat bagi kepentingan publik. Ia menekankan bahwa sistem politik seharusnya mampu menciptakan tatanan pemerintahan yang sehat, adil, serta mendorong kemajuan bangsa secara berkelanjutan.

Asrorun menyebutkan, MUI telah melakukan kajian terhadap sistem pemilihan kepala daerah secara langsung dalam Ijtima Ulama Komisi Fatwa MUI 2012. Hasil kajian tersebut menilai pilkada langsung menimbulkan berbagai dampak negatif yang perlu dievaluasi secara serius.

Salah satu dampak yang disoroti adalah kerentanan pilkada langsung terhadap praktik politik uang, ekonomi biaya tinggi, serta potensi kerusakan moral di tengah masyarakat. Menurut Asrorun, kondisi tersebut dapat merusak akal sehat dan nilai-nilai keadaban publik, sehingga MUI tetap berpendirian mendukung pemilihan kepala daerah melalui DPRD.

sumber: kompascom

klik sumbarkita.id untuk informasi lainnya",https://www.facebook.com/100063999583879/posts/1352045836938723,100063999583879,1352045836938723,https://www.facebook.com/photo/?fbid=1352045506938756&set=a.472400678236581,https://scontent-ams2-1.xx.fbcdn.net/v/t39.30808-6/611662691_1352045510272089_4089996659268637656_n.jpg?stp=dst-jpg_s640x640_tt6&_nc_cat=104&ccb=1-7&_nc_sid=127cfc&_nc_ohc=wgnSbT1iQzEQ7kNvwGspfDe&_nc_oc=AdmKQBLkhCvLKeZQNAMSkQIvOOpQBOT_ofcgRV8chQ_NmY2BjwZJYtsYGsj5bvBs4E0&_nc_zt=23&_nc_ht=scontent-ams2-1.xx&_nc_gid=UTdyXlovr2bp4y5xUUqDsw&oh=00_AfoLdKzoE2rpdF6ryzfajccOLdivxwiSHelAWod1PxwEnA&oe=6965CC13,,,,,,,,,,,,,,,,,,,,
https://www.facebook.com/hariankompas,100064555905382,1306425544852630,Harian Kompas,https://www.facebook.com/hariankompas/posts/pfbid025oJoqf6U2xwTkdgLd3ctf4NqJVsxr1rJpZPys82ka62ouRuGQVv6skJCaxtpT4K4l,2026-01-08 08:35:37,1767857737.0,9.0,9,1,"Partai Golkar dan PAN secara terbuka kembali mengusulkan agar kepala daerah dipilih lewat DPRD. Usulan ini didukung Presiden Prabowo, yang berarti didukung Partai Gerindra. Alasannya klasik, pilkada langsung berbiaya mahal (money politics) sehingga kepala daerah melakukan korupsi. Alasan lain, pilkada langsung hanya memberi tempat bagi orang berduit sehingga calon berkapabilitas tidak bisa bertarung dan menang.

Manuver pilkada lewat DPRD adalah manuver klasik dengan alasan klasik. Secara logika, politik, dan hukum, manuver ini memiliki banyak masalah. Kalau diteruskan akan menimbulkan banyak kegaduhan. Jika partai-partai koalisi yang kekuatannya supermayoritas di DPR tetap memaksakannya, itu berarti melupakan publik. Bisa jadi partai-partai koalisi akan berhadapan dengan oposisi publik.

Secara logika, menghubungkan kepala daerah yang terkena kasus korupsi dengan sistem pemilihan langsung sulit diterima. Logika yang dibangun adalah sistem pemilihan memiliki hubungan sebab akibat dengan terjadi atau tidak terjadinya korupsi.

Manuver Pilkada DPRD
Opini 8 Desember 2026

Ditulis oleh Djayadi Hanan (@djayadihanan)
Dosen Ilmu Politik Universitas Islam Internasional Indonesia (UIII)/Direktur Eksekutif Lembaga Survei Indonesia (LSI)

#HarianKompas #Kompasid #OpiniKompas #PilkadaDPRD",https://www.facebook.com/100064555905382/posts/1306425544852630,100064555905382,1306425544852630,,,,,,,,,,,,,,,,,,,,,,
https://www.facebook.com/profile.php?id=100076438293921,100076438293921,910905491467386,Kabar Kalbar,https://www.facebook.com/permalink.php?story_fbid=pfbid0258Rp8GmbhQQLbACqaZqyGNBpT2k867WhCtMbbQuCgdT5XXctbt6dxpbz2N5aYRGwl&id=100076438293921,2026-01-08 14:13:57,1767878037.0,36.0,41,3,"Apakah kalian setuju hak suara memilih presiden,gubernur/wali kota/bupati dikembalikan ke DPRD?

Wacana perubahan mekanisme pemilihan kepala daerah (pilkada) dari pemilihan langsung kembali ke tangan DPRD memicu perdebatan hangat di parlemen. Usulan yang berawal dari Rapimnas Partai Golkar 2025 ini mendapatkan respons beragam dari delapan partai politik yang memiliki kursi di DPR RI.

Hingga Kamis (8/1/2026), mayoritas partai di koalisi pemerintah cenderung mendukung usulan tersebut dengan alasan efisiensi, sementara partai oposisi memberikan catatan kritis mengenai keterlibatan rakyat.

Setidaknya sudah 6 partai secara terbuka menyatakan dukungan atau mempertimbangkan serius opsi pemilihan melalui DPRD. Yakni Golkar, Gerindra, Nasdem, PKB, PAN, dan Demokrat. Untuk PKS masih melakukan kajian. Sementara PDI Perjuangan tegas menolak wacana tersebut. 

Partai Politik sudah setuju Pilkada lewat DPRD demi efisiensi anggaran dan alasan-alasan lainnya.",https://www.facebook.com/100076438293921/posts/910905491467386,100076438293921,910905491467386,https://www.facebook.com/photo/?fbid=910905461467389&set=a.192389493318993,https://scontent-ams2-1.xx.fbcdn.net/v/t39.30808-6/612617950_910905464800722_600142115614886956_n.jpg?stp=dst-jpg_s590x590_tt6&_nc_cat=105&ccb=1-7&_nc_sid=833d8c&_nc_ohc=XReNHPLDQJQQ7kNvwE7_reA&_nc_oc=AdmhAPUQvm4KUHzYc1iqPWfM-cyVj8ywv9BDuZY-bxnHYWPXdBjCBRXAWRguus6lcvA&_nc_zt=23&_nc_ht=scontent-ams2-1.xx&_nc_gid=UTdyXlovr2bp4y5xUUqDsw&oh=00_AfrYKzyiYDblvy9LUaNj0bqsE8MHgNGomG5Ma_NvUkFTYA&oe=69659EA2,,,,,,,,,,,,,,,,,,,,
https://www.facebook.com/andiasriady.as,100000847689552,25693578570253714,Andi Asriady As,https://www.facebook.com/andiasriady.as/posts/pfbid027K7VcbuGSkGGcHAMX9oXoaZvkpaWkGrqhmZwjLG8CfGzsMAZZTD2QmijjF1yvDyol,2026-01-08 13:30:22,1767875422.0,9.0,9,0,"Pendapat pribadi.
Rencana pemilihan kepala daerah melalui DPRD adl rencana para elite partai utk menanamkan kekuasaan sampai ke tingkat daerah.krn pada pelaksanaannya nanti,anggota DPRD harus mengikuti perintah ketum partai.jadi siapapun yg diarahkan oleh ketum Partai,maka itulah yg harus di pilih.jadi para calon kepala daerah cukup melobi saja para elite partai di pusat.krn yg di daerah pasti akan ikut perintah dari pusat.
Bisa jadi juga ini adl jalan utk mengembalikan sistem demokrasi di masa orde baru.dimana kekuasaan terpusat di pemerintah pusat.pemerintah daerah baik gubernur maupun bupati otomatis harus tunduk pada perintah ketum Partai yg mengusungnya.
Berikutnya ini juga bisa jadi cara ampuh utk melanggengkan kekuasaan dlm waktu yang lama.krn dengan mengendalikan semua kepala daerah,maka peluang utk memenangkan pertarungan di daerah akan terbuka lebar.
Berikutnya lagi,bisa jadi juga ini jalan utk memutus pengaruh mulyono.krn Mulyono tidak punya partai,maka akan sangat sulit menanamkan kukunya di daerah2.
Tapi dari segi non politiknya,ini bisa sangat menghemat anggaran.krn biaya pilkada otomatis hilang.lembaga KPU dan Bawaslu mulai dr pusat sampai ke daerah akan di bubarkan.yg mana anggaran utk menggaji perangkat KPU dan Bawaslu akan di tiadakan.dan itu jumlahnya tidak sedikit.
#prediksipribadi",https://www.facebook.com/100000847689552/posts/25693578570253714,100000847689552,25693578570253714,,,,,,,,,,,,,,,,,,,,,,
https://www.facebook.com/igusti.p.artha,100001430229889,25743981505232838,I Gusti Putu Artha,https://www.facebook.com/igusti.p.artha/posts/pfbid029XeqB9E18rBmeM6N3qMVkCWugoDZ44M5QAc54ACo6utTxcB1Ssp9UTmBwEVTrz99l,2026-01-08 04:06:50,1767841610.0,22.0,14,0,"PILKADA LANGSUNG ATAU DIPILIH DPRD?
(Bagian Pertama)

Sejak kemerdekaan, negara kita mengenal empat format pengisian jabatan kepala daerah dan wakil  kepala daerah. Pertama, Presiden mengangkat langsung gubernur, bupati dan walikota. Kedua, Presiden melalui Mendagri memilih salah satu dari tiga nama yang diusulkan DPRD setempat. Ketiga, Mendagri melantik satu nama yang mendapat suara terbanyak dalam pemilihan oleh anggota DPRD. Dan keempat, pemilihan langsung paket kepala dan wakil kepala daerah oleh rakyat.

Wacana yang berkembang saat ini memperhadapkan format ketiga dan keempat. Kepala Daerah yang dipilih oleh DPRD dan dipilih langsung oleh rakyat. Posisi politik saat ini parpol pendukung Pilkada tak langsung (dipilih DPRD) yaitu Gerindra, Golkar, PAN, PKB, NasDem dan Demokrat. Sementara PDI Perjuangan menentang. Sikap PKS belum tampak. PKS belum.menentukan sikap.

Bagian Kedua : Sisi Positif dan Negatif Pilkada DPRD.",https://www.facebook.com/100001430229889/posts/25743981505232838,100001430229889,25743981505232838,,,,,,,,,,,,,,,,,,,,,,
https://www.facebook.com/BeritaPolitikRI,100064307154896,1316916103795282,Berita Politik,https://www.facebook.com/BeritaPolitikRI/posts/pfbid02seaF8ctdqX4ShDhgkeKZKdjTzJ6mrekyCiJcGXZADLL2vNoRHEhDrBmowkKguvn9l,2026-01-08 08:23:15,1767856995.0,24.0,56,2,"Sempat menolak pemilihan kepala daerah atau pilkada melalui DPRD, sikap Partai Demokrat kini berbalik.",https://www.facebook.com/100064307154896/posts/1316916103795282,100064307154896,1316916103795282,,,,,,,,,,,,,,,,,,,,,,
https://www.facebook.com/bengkulutoday,100064141925830,1311312187683500,Bengkulutoday.com,https://www.facebook.com/bengkulutoday/posts/pfbid02eZzzAtW5NwZxw12EqcjDFDtNXCTgVpZrqBK66jGgccSuTDYoZe6rj5fYTFaTLfVJl,2026-01-07 23:30:10,1767825010.0,223.0,716,37,"MUI Dukung Wacana Kepala Daerah Dipilih DPRD, Dinilai Lebih Bermaslahat

Bengkulutoday.com - Ketua Majelis Ulama Indonesia (MUI) Bidang Fatwa, Asrorun Niam Sholeh, menyatakan dukungan terhadap wacana pemilihan kepala daerah melalui Dewan Perwakilan Rakyat Daerah (DPRD). Ia menilai wacana tersebut sejalan dengan hasil Ijtima Ulama Komisi Fatwa MUI tahun 2012.

Menurut Asrorun, dalam perspektif keagamaan, kebijakan yang diambil oleh pemimpin atau ulil amri dalam urusan publik wajib menghadirkan kemaslahatan bagi masyarakat luas.

“MUI memandang kebijakan politik harus berorientasi pada kemaslahatan publik, serta dijalankan dengan prinsip keadaban dan upaya meminimalkan potensi destruktif,” kata Asrorun, dikutip dari laman resmi MUI, Selasa (6/1/2026).

Ia menjelaskan, MUI telah melakukan kajian mendalam terhadap sistem pemilihan kepala daerah secara langsung dalam Ijtima Ulama Komisi Fatwa MUI 2012. Hasil kajian tersebut menilai bahwa pilkada langsung memunculkan berbagai dampak negatif yang perlu dievaluasi secara serius.

“MUI memandang pilkada langsung menimbulkan banyak mafsadat (kerusakan),” ujarnya.

Asrorun menambahkan, pilkada langsung dinilai rawan praktik politik uang, menimbulkan ekonomi biaya tinggi, serta berpotensi merusak akal sehat dan moralitas masyarakat.

“Selain itu, juga menimbulkan ekonomi biaya tinggi serta praktik politik uang yang merusak akal sehat dan moralitas masyarakat,” tegasnya.

Lebih lanjut, Asrorun menegaskan bahwa hasil Ijtima Ulama 2012 tersebut masih relevan hingga saat ini. Karena itu, MUI tetap berpendirian mendukung sistem pemilihan kepala daerah melalui DPRD sebagai bagian dari ikhtiar memperbaiki tata kelola demokrasi.

“Bangsa yang beradab adalah bangsa yang ingin maju. Bangsa yang maju harus belajar dari sejarah. Yang baik kita pertahankan, yang buruk kita evaluasi dan kita perbaiki. Tidak ada hal yang tidak mungkin jika kita berorientasi pada kemaslahatan publik,” pungkasnya.",https://www.facebook.com/100064141925830/posts/1311312187683500,100064141925830,1311312187683500,https://www.facebook.com/photo/?fbid=1311311997683519&set=a.452856350195759,https://scontent-ams2-1.xx.fbcdn.net/v/t39.30808-6/611715651_1311312001016852_164736698852270849_n.jpg?stp=dst-jpg_s600x600_tt6&_nc_cat=102&ccb=1-7&_nc_sid=127cfc&_nc_ohc=KVG7IXAGiSIQ7kNvwGt_DYC&_nc_oc=AdlFd-iyUxDH0yMz_9CO17hKinso8KZL4yzPG3n9nDyz6XaVJw-ROvWdNCQEcEqI-R8&_nc_zt=23&_nc_ht=scontent-ams2-1.xx&_nc_gid=d47eHw4H4uNV5oxzE2uwSw&oh=00_AfqHNW1zTFiTe_tTPE611_enQqkHupY7c-uYgNqIHDIgJA&oe=6965B61D,,,,,,,,,,,,,,,,,,,,
https://www.facebook.com/Murianewscom,100064028290065,1339820128162251,Murianews.com,https://www.facebook.com/Murianewscom/posts/pfbid037w9iUG4jNoFW9tKB4VGCwAMgS5CxDjroFZuRihzJDzun2pEw8gdW1JScCf2uJAG8l,2026-01-08 12:45:00,1767872700.0,29.0,22,1,"PDIP Kudus Tolak Wacana Pilkada Lewat DPRD: Rampas Hak Rakyat

Ketua DPC Partai Demokrasi Indonesia Perjuangan (PDIP Kudus), Achmad Yusuf Roni, menegaskan penolakan terhadap wacana pemilihan kepala daerah melalui DPRD.

Ia menyatakan, sikap PDI Perjuangan sudah jelas dan tegak lurus dengan keputusan DPP bahwa sistem tersebut merupakan bentuk perampasan hak demokrasi masyarakat.
 https://berita.murianews.com/muhamad-fatkhul-huda/457693/pdip-kudus-tolak-wacana-pilkada-lewat-dprd-rampas-hak-rakyat .",https://www.facebook.com/100064028290065/posts/1339820128162251,100064028290065,1339820128162251,https://www.facebook.com/photo/?fbid=1339820088162255&set=a.621027273374877,https://scontent-ams2-1.xx.fbcdn.net/v/t39.30808-6/611907806_1339820098162254_8636104139160652861_n.jpg?_nc_cat=102&ccb=1-7&_nc_sid=833d8c&_nc_ohc=ZmINGSH56fsQ7kNvwGCnTyF&_nc_oc=AdlN7LhGPwpq3A95pHUJ8GYYYKm_bIsEWVsy5YtR8fvl4II5orvCxIMyZTtHUm2bdOI&_nc_zt=23&_nc_ht=scontent-ams2-1.xx&_nc_gid=d47eHw4H4uNV5oxzE2uwSw&oh=00_AfpR44t8FLUGns4aVM1gilCVLrLN-IMeC2CUKkK6qCOfgw&oe=6965CC51,,,,,,,,,,,,,,,,,,,,
https://www.facebook.com/rifqikarsayuda,100058224481727,1262098719074266,M Rifqinizamy Karsayuda,https://www.facebook.com/reel/1125133682869593/,2026-01-06 00:22:08,1767655328.0,1044.0,684,140,"Perihal Pilkada melalui DPRD!

Tadi malam dalam sebuah talkshow di TV One, Saya menyampaikan beberapa hal terkait usulan berberapa Parpol agar mekanisme Pemilihan Kepala Daerah dilakukan melalui DPRD.",https://www.facebook.com/100058224481727/posts/1262098719074266,100058224481727,1262098719074266,https://www.facebook.com/reel/1125133682869593/,,,,,,,,,,,,,,,,,,,,,
https://www.facebook.com/mandelands,100063747586021,25997680863190402,Mandelands,https://www.facebook.com/groups/1179085618809937/permalink/25997680863190402/,2026-01-08 04:00:21,1767841221.0,11.0,1,3,"Wacana pemilihan kepala daerah oleh DPRD bukan sekadar perubahan mekanisme. Ia mengubah medan pertarungan politik secara total. Dari arena publik menjadi arena elit. Dari popularitas menjadi kalkulasi kursi. Dan di titik ini, tidak semua figur diuntungkan.

Vasco Ruseimy adalah contoh paling nyata. Dalam skema pilkada langsung, Vasco diuntungkan oleh eksposur, mobilisasi publik, dan narasi personal. Ia rajin turun ke lapangan, aktif di ruang media, dan membangun pengenalan diri secara konsisten. Strategi ini efektif ketika suara rakyat menjadi penentu utama.

Namun jika kepala daerah dipilih oleh DPRD, logikanya berubah. Popularitas publik tidak lagi menjadi faktor dominan. Yang menentukan justru kekuatan fraksi, disiplin partai, dan kesepakatan elit politik. Di sini, figur yang terlalu menonjol secara personal justru bisa menjadi masalah.

Bagi DPRD, calon ideal bukan yang paling dikenal publik, melainkan yang paling aman bagi keseimbangan koalisi. Figur yang tidak mengancam posisi partai lain, tidak membawa beban elektoral berlebihan, dan mudah dikendalikan secara politik. Dalam skema ini, partai besar dengan struktur solid seperti PKS memiliki keunggulan, meski tanpa mempopulerkan calon sejak dini.

Jika Vasco gagal masuk dalam skema kekuasaan DPRD, dampaknya tidak berhenti di satu periode. Ia berpotensi kehilangan panggung strategis untuk membangun rekam jejak eksekutif. Tanpa jabatan kepala daerah, modal politiknya menuju Pilgub periode berikutnya akan melemah. Popularitas tanpa posisi kekuasaan sering kali cepat aus.

Lebih jauh, jika DPRD berhasil mengusung figur kompromi dari internal partai besar, maka ruang Vasco bisa menyempit. Ia bukan hanya kalah secara mekanisme, tapi juga kehilangan momentum politik. Dan dalam politik, momentum sering kali lebih menentukan daripada niat baik dan kerja keras.

Kesimpulannya sederhana. Jika kepala daerah dipilih DPRD, maka politik tidak lagi dimenangkan oleh siapa yang paling rajin turun ke rakyat, melainkan oleh siapa yang paling rapi mengunci ruang elite. Dalam kondisi itu, Vasco bukan tidak punya peluang tetapi jalannya menuju Gubernur jelas menjadi lebih terjal.",https://www.facebook.com/100063747586021/posts/25997680863190402,100063747586021,25997680863190402,https://www.facebook.com/photo/?fbid=1469190168549222&set=gm.25997680863190402&idorvanity=1179085618809937,https://scontent-ams2-1.xx.fbcdn.net/v/t39.30808-6/611256805_1468957805239125_6244272650375828215_n.jpg?stp=dst-jpg_s640x640_tt6&_nc_cat=105&ccb=1-7&_nc_sid=aa7b47&_nc_ohc=FZZK4b0sxJcQ7kNvwF62FtA&_nc_oc=AdlYH5YAx3njcDCkKRUs8FliNKjV86ym9f0bpEneqxDm03ldTQPOCQhnHy-ZDqirjlQ&_nc_zt=23&_nc_ht=scontent-ams2-1.xx&_nc_gid=k948XvPwDKzBlILN8YOD9A&oh=00_Afo9WE-K6ZFjvyrs8RTfmk4UdaZhpVw7MpA5oRqK25xNfw&oe=696599B9,,,,,,,,,,,,,,,,,,,,
https://www.facebook.com/golkaridn,100083681834152,860218910110829,DPP Partai Golkar,https://www.facebook.com/golkaridn/posts/pfbid0P13yBDcXDDEniTmhUHU5smcPTVvSoZDTccThmiCPkpeYrj55DrZGoyV6ZEHAgzaal,2026-01-08 11:28:37,1767868117.0,33.0,28,0,"Sekretaris Jenderal Partai Golkar, M. Sarmuji, menyampaikan pandangan terkait wacana mekanisme pemilihan kepala daerah. Beliau menawarkan sebuah “Desain Baru” di mana pemilihan melalui DPRD tetap mengadopsi elemen-elemen positif dari sistem Pilkada langsung.

Langkah ini bertujuan untuk mencari formula demokrasi terbaik yang efektif dan tetap aspiratif.

#PartaiGolkar #FraksiGolkar #GolkarIndonesia #GolonganKarya #Golkar",https://www.facebook.com/100083681834152/posts/860218910110829,100083681834152,860218910110829,https://www.facebook.com/photo/?fbid=860218886777498&set=a.131515346314526,https://scontent-ams2-1.xx.fbcdn.net/v/t51.82787-15/613152424_18020595896796946_8963257541230670535_n.jpg?stp=dst-jpg_s640x640_tt6&_nc_cat=111&ccb=1-7&_nc_sid=127cfc&_nc_ohc=_O8eKTyDuXcQ7kNvwEB4xzs&_nc_oc=AdlWDrwEC8CFoyGzliPgP8zstcQBzQvEjeqJd7BCtj6250GI2rd6ju7vV257klfHnng&_nc_zt=23&_nc_ht=scontent-ams2-1.xx&_nc_gid=k948XvPwDKzBlILN8YOD9A&oh=00_AfojoJXqlnCSQrbLNkHRrYiiJx_J7B7H6a_IUjea_6Xbqw&oe=6965C967,,,,,,,,,,,,,,,,,,,,
https://www.facebook.com/melihatindonesia.id,100064213295147,1280212124129219,Melihat Indonesia,https://www.facebook.com/melihatindonesia.id/posts/pfbid0i52JGsTGedCfuTi4Q53chywGWBhGCqkLVBs4PbX7GC9LCGvypZYNt6QbaiVJiAypl,2026-01-04 11:08:29,1767521309.0,1260.0,583,53,"Ancaman Reformasi! Partai Buruh Pasang Badan Tolak Pilkada Lewat DPRD

Partai Buruh menolak wacana pemilihan kepala daerah melalui DPRD yang kembali didorong sejumlah fraksi di DPR.

Partai Buruh menegaskan sikap untuk mempertahankan pilkada langsung yang dipilih oleh rakyat.

Presiden Partai Buruh Said Iqbal menyatakan pilkada langsung merupakan amanat Reformasi dan wujud kedaulatan rakyat.

Ia menilai rakyat berhak menentukan pemimpinnya secara langsung dengan menilai rekam jejak kandidat dari berbagai sumber, termasuk media sosial.

Said Iqbal membantah anggapan bahwa pilkada lewat DPRD dapat menekan praktik politik uang.

Menurutnya, pilkada tidak langsung justru berpotensi meningkatkan politik transaksional karena hanya melibatkan segelintir anggota DPRD.

Ia menyebut praktik politik uang selama ini bukan disebabkan oleh mekanisme pemilihan langsung, melainkan oleh perilaku politik para elite.

Partai Buruh juga mengingatkan bahwa pilkada langsung lahir dari perjuangan panjang Reformasi yang melibatkan pengorbanan rakyat, mahasiswa, dan buruh.

Said Iqbal menilai kembali ke sistem pilkada lewat DPRD berarti mundur ke mekanisme lama yang pernah dinilai gagal.

Wacana pilkada tidak langsung kembali mencuat setelah Rapimnas Partai Golkar yang merekomendasikan pemilihan kepala daerah melalui DPRD dan koalisi permanen.

Sejumlah fraksi seperti Golkar, Gerindra, PAN, PKB, dan NasDem mendukung usulan tersebut, sementara PDIP dan Demokrat menolak.

PKS mengusulkan skema campuran dengan pilkada tidak langsung hanya diterapkan di tingkat kabupaten.",https://www.facebook.com/100064213295147/posts/1280212124129219,100064213295147,1280212124129219,https://www.facebook.com/photo/?fbid=1280211784129253&set=a.442955491188224,https://scontent-ams2-1.xx.fbcdn.net/v/t39.30808-6/610925850_1280211787462586_8358728046518177525_n.jpg?stp=dst-jpg_s640x640_tt6&_nc_cat=102&ccb=1-7&_nc_sid=127cfc&_nc_ohc=Aka-3y9DuzAQ7kNvwFzIBll&_nc_oc=AdlOIzVSIDlLOST91lAIhSfkZpptFcitIL0h4CNzfpXqLkScmnxnISKio9rcavsnP04&_nc_zt=23&_nc_ht=scontent-ams2-1.xx&_nc_gid=k948XvPwDKzBlILN8YOD9A&oh=00_AfrdlgA4cTbD4886hrAj5m9piEV-hAuN1Wz9WMmzZTJHrg&oe=6965C505,,,,,,,,,,,,,,,,,,,,
https://www.facebook.com/yulianus.henock.sumual.2025,100088408736062,861897723433844,Yulianus Henock Sumual,https://www.facebook.com/yulianus.henock.sumual.2025/posts/pfbid022hmP5EfsxXZhCy6sm3KLJWMGSeVC1Q2nZWYYVeK5duGRfYpysCM9VcWJP7kf8hc1l,2026-01-07 03:20:55,1767752455.0,302.0,546,1,"Pilih yg mana?
Pemilihan Kepala Daerah dipilih oleh DPRD atau Langsung oleh Rakyat?",https://www.facebook.com/100088408736062/posts/861897723433844,100088408736062,861897723433844,,,,,,,,,,,,,,,,,,,,,,
https://www.facebook.com/abu.mnh,100005023328356,3121841797993234,Abu Benba,https://www.facebook.com/abu.mnh/posts/pfbid0jBZoWeW5KRpDvDEjvzgtXWhmoqN8GXRLKxThddTq2G5Zn85fg4XXZDVqGEL7Y5c2l,2026-01-07 18:30:54,1767807054.0,15.0,10,0,"Pemilihan Kepala Daerah oleh DPRD?
""Kami menyambut dengan gembira dan bahagia""",https://www.facebook.com/100005023328356/posts/3121841797993234,100005023328356,3121841797993234,,,,,,,,,,,,,,,,,,,,,,
https://www.facebook.com/PksKelapaDuaTangerang,100064515919327,1308336097993575,PKS Kelapa Dua Tangerang,https://www.facebook.com/PksKelapaDuaTangerang/posts/pfbid0kbh7P44bT3ncsp9mGLA13Fp65fLhKPw7XgWXidEL7b7LYuo338HAZx6sdSRYCd2ol,2026-01-07 18:48:49,1767808129.0,68.0,34,5,"PKS: Secara Yuridis, Pilkada Via DPRD Tetap Konstitusional.

JAKARTA, KOMPAS.com - Partai Keadilan Sejahtera (PKS) menyatakan bahwa pemilihan kepala daerah (Pilkada) melalui Dewan Perwakilan Rakyat Daerah (DPRD) tetap sejalan dengan konstitusi. 

Sekretaris Jenderal (Sekjen) PKS M Kholid mengatakan bahwa Undang-Undang Dasar (UUD) 1945 tidak melarang suatu cara atau sistem terkait Pilkada, termasuk untuk opsi melalui wakil rakyat di daerah. 

""Secara yuridis atau aturan hukum, pemilihan kepala daerah secara langsung maupun tidak langsung oleh DPRD, keduanya sama-sama konstitusional, dibolehkan oleh UUD NKRI 1945 dan sama-sama demokratis,"" ujar Kholid dalam keterangan resminya, Rabu (7/1/2026).

Menurut Kholid, konstitusi hanya tidak memperbolehkan pemilihan tidak langsung untuk presiden dan wakil presiden. Oleh karena itu, Pilpres tetap harus dijalankan dengan sistem ‘one man one vote’.

Meski begitu, Kholid menegaskan bahwa PKS belum menentukan sikap resmi soal usulan Pilkada melalui DPRD. Sebab, PKS merasa tetap perlu melakukan kajian dan mendengarkan masukan dari berbagai pihak, termasuk akademisi.

""Tinggal nanti dikaji dan dievaluasi secara menyeluruh dan mendalam, mana yang paling maslahat (mendatangkan kebaikan) lebih besar bagi masa depan demokrasi dan penyelenggaraan kehidupan bernegara dan berbangsa,"" kata Kholid. ""Kami sendiri masih ingin mendengar banyak masukan dari publik. Baik dari kampus, ormas, NGO, tokoh-tokoh bangsa, pimpinan partai politik dan tentunya pandangan masyarakat secara umum,"" pungkasnya.

Sumber : https://nasional.kompas.com/read/2026/01/07/16124771/pks-secara-yuridis-pilkada-via-dprd-tetap-konstitusional.",https://www.facebook.com/100064515919327/posts/1308336097993575,100064515919327,1308336097993575,https://www.facebook.com/photo/?fbid=1308332884660563&set=a.223595669800962,https://scontent-ams2-1.xx.fbcdn.net/v/t39.30808-6/612502279_1308332891327229_3575868829795013602_n.jpg?stp=cp6_dst-jpg_tt6&_nc_cat=111&ccb=1-7&_nc_sid=127cfc&_nc_ohc=5zNIoPhr7goQ7kNvwHA-I26&_nc_oc=AdnNDAODNJIiIrDqfUxABvLxUhaUC519zdrfuxH1F72jimh21tLMV_NC57NhoR4k_io&_nc_zt=23&_nc_ht=scontent-ams2-1.xx&_nc_gid=k948XvPwDKzBlILN8YOD9A&oh=00_AfpmHYwaEniT_SfbNA5LlV3WQOl-sgTEl18DHkwGKSwomg&oe=6965CA42,,,,,,,,,,,,,,,,,,,,
https://www.facebook.com/hailotim,100053518546263,1570313224762614,HAI LOTIM,https://www.facebook.com/hailotim/posts/pfbid025iq79M9hyM6bHPZPMwBHLUHWg1khJjVDA6LcC4jnhn3T38t65cPD8m5MnyGvWHBpl,2026-01-07 08:31:19,1767771079.0,288.0,213,18,"Wacana pemilihan kepala daerah melalui DPRD kembali menghangat di Senayan. Dari total 575 kursi DPR RI, sebanyak 373 kursi berasal dari partai-partai yang menyatakan setuju pilkada tidak langsung, memicu perdebatan arah demokrasi lokal Indonesia.

Dukungan mayoritas ini datang dari partai-partai besar. Golkar menjadi pengusul utama, disusul Gerindra, NasDem, PKB, PAN, dan Demokrat. Mereka menilai mekanisme pilkada lewat DPRD lebih efisien, menekan biaya politik, serta mengurangi konflik horizontal di daerah.

Di sisi lain, PDI Perjuangan mengambil sikap tegas menolak. Dengan 110 kursi, PDIP menjadi kekuatan utama penentang wacana tersebut. Sementara PKS memilih bersikap hati-hati dan belum menentukan posisi final.

Penolakan juga datang dari masyarakat sipil. Kelompok “Masyarakat Selamatkan Demokrasi” mengajukan permohonan audiensi dan petisi ke DPP PDIP, menegaskan bahwa kedaulatan berada di tangan rakyat dan pilkada merupakan bagian dari pemilu langsung.

Mereka merujuk pada sejumlah putusan Mahkamah Konstitusi yang menegaskan pilkada harus dilakukan secara langsung. Meski dukungan politik di parlemen tampak dominan, perdebatan publik terus bergulir soal siapa yang seharusnya menentukan pemimpin daerah: rakyat atau DPRD.

#hailotim
sumber: AFU.ID",https://www.facebook.com/100053518546263/posts/1570313224762614,100053518546263,1570313224762614,https://www.facebook.com/photo/?fbid=1570313188095951&set=a.565663335227613,https://scontent-ams2-1.xx.fbcdn.net/v/t51.82787-15/611237247_18083845628150506_6586315713386652310_n.webp?stp=dst-jpg_s640x640_tt6&_nc_cat=100&ccb=1-7&_nc_sid=127cfc&_nc_ohc=ZLUNrPmJ24cQ7kNvwFxQbVp&_nc_oc=Adn3VT1eR0bb5LUuwVNXiAiNI7j-ShmaRxRxu_q-HckCr1L2qQPOGJqDrkSk22eb23U&_nc_zt=23&_nc_ht=scontent-ams2-1.xx&_nc_gid=80BNfxv_8rv8_eJ21cDEqw&oh=00_AfpEyRLHYfsumK1E92k9llAvExG1EfVZ3ygUrEUKnQeP-A&oe=6965BC77,,,,,,,,,,,,,,,,,,,,
https://www.facebook.com/roy.friyatna.saputra,61577851568984,4279303772288780,ROY FRIYATNA  SAPUTRA,https://www.facebook.com/groups/3339618509590649/permalink/4279303772288780/,2026-01-07 20:28:02,1767814082.0,428.0,242,62,"POLITIK
MAHKAMAH KONSTITUSI (MK)
Akan Membubarkan Partai Politik yang Mendukung Pemilihan Kepala Daerah (PILKADA) Yang ditunjuk oleh DPRD, atau PILKADA tidak dipilih oleh Masyarakat Secara Langsung. 
MK : Pemilihan Kepala Daerah (PILKADA) yang dipilih langsung sudah tidak bisa diganggu gugat lagi, karena itu sudah keputusan bersama dan Sudah di sahkan Undang undangnya.
MK : Jangan Mempermainkan Undang undang hanya sebatas mengejar kekuasaan.
MK  : Masyarakat Pemilih jangan dijadikan korban dan jangan dijadikan alasan, dengan adanya PILKADA Langsung itu Merugikan keuangan Negara.

Kita tunggu komitmen MK
Apakah Undang undang PILKADA Langsung akan dipertahankan atau harus dirubah lagi, dengan desakan Penguasa.

Masyarakat hanya ingin Punya Pemimpin yang Patuh dan taat terhadap Peraturan (Undang undang sang sah ), bukan demi kekuasan.

Semoga Negeri kita Semakin baik, Siapapun yang jadi Pemimpin, baik itu pemimpin yang didaerah atau Pemimpin yang di tingkat Nasional.",https://www.facebook.com/61577851568984/posts/4279303772288780,61577851568984,4279303772288780,https://www.facebook.com/photo/?fbid=122151525980928385&set=gm.4279303772288780&idorvanity=3339618509590649,https://scontent-ams2-1.xx.fbcdn.net/v/t39.30808-6/612057667_122151525986928385_8426096502432225016_n.jpg?_nc_cat=100&ccb=1-7&_nc_sid=aa7b47&_nc_ohc=biIZ-k4yFxgQ7kNvwHj0nxy&_nc_oc=AdlVPIJQPB5gy4ydBBc4zqZG1WwjnKFMCdXpDxCPDPRbHaFcrMsnZlZCtgQZYEnQ2Mk&_nc_zt=23&_nc_ht=scontent-ams2-1.xx&_nc_gid=80BNfxv_8rv8_eJ21cDEqw&oh=00_Afr4IhJxwMJEGbRREnLCM4K7UIJrJBfnmyw-cxaVBFn4EA&oe=6965B8CC,,,,,,,,,,,,,,,,,,,,
https://www.facebook.com/jejaktakwa,100039841449144,1788942825129478,Nana Shopp,https://www.facebook.com/groups/289731861717256/permalink/1788942825129478/,2026-01-08 15:42:04,1767883324.0,0.0,1,0,Waduh waduh,https://www.facebook.com/100039841449144/posts/1788942825129478,100039841449144,1788942825129478,,,,,,,,,,,,,,,,,,,,,,
https://www.facebook.com/Volkinfo,100048018078488,1551856869758234,Volkinfo,https://www.facebook.com/Volkinfo/posts/pfbid0hxgtdt3ExxdtMVwNhv9YgKEjV63Eeay72WXtF4vCWmWS7YTX9rBobQzRGX4VQW6hl,2026-01-07 06:41:47,1767764507.0,18.0,18,0,"Partai Demokrasi Indonesia Perjuangan atau PDIP menolak usul pemilihan kepala daerah kembali digelar melalui dewan perwakilan rakyat daerah atau pilkada lewat DPRD.

Ketua Dewan Pimpinan Pusat Bidang Kehormatan PDIP Komarudin Watubun mengatakan sikap partainya tak berubah dengan yang diputuskan pada 2014, yaitu mendorong pilkada tetap dihelat secara langsung oleh rakyat.

""Kami tetap konsisten menjaga demokrasi. Pilkada harus langsung melibatkan rakyat,"" kata Komarudin melalui pesan WhatsApp, Kamis, 1 Januari 2026.

Dalam sejarahnya, pilkada secara langsung atau pemilihan oleh rakyat di Indonesia dilakukan perdana pada 2004 setelah Dewan Perwakilan Rakyat mengesahkan Undang-Undang Nomor 32 Tahun 2004 tentang Pemerintahan Daerah.

Wacana pengembalian mekanisme Pilkada ke DPRD terus bergulir di Senayan. Berdasarkan data terbaru, mayoritas suara telah memberikan sikap: 373 Kursi menyatakan mendukung. 97 Kursi masih dalam tahap mengkaji. 110 Kursi menyatakan menolak.

Dengan dominasi lebih dari 60% kursi yang mendukung, akankah mekanisme pemilihan langsung segera berakhir?

Sumber: Tempo & AFU.id

#volkinfo #pdip #golkar #gerindra",https://www.facebook.com/100048018078488/posts/1551856869758234,100048018078488,1551856869758234,,,,,,,,,,,,,,,,,,,,,,
https://www.facebook.com/pojokbekasi,100064832615247,1345663350938073,Pojok Bekasi,https://www.facebook.com/pojokbekasi/posts/pfbid0e4QTTxEDPAyYVZGwDgkUsGzoYxB29E6htErdgdxtL8dcLnMdrKxwaTMn87wjaeJvl,2026-01-08 11:30:41,1767868241.0,47.0,18,0,"Mantan Gubernur DKI Jakarta Basuki Tjahaja Purnama alias Ahok kembali menjadi sorotan setelah mengeluarkan pernyataan keras menyangkut wacana pengembalian pemilihan kepala daerah melalui DPRD. Dalam podcast Curhat Bang dari Denny Sumargo tersebut, Ahok menegaskan bahwa wacana itu tidak hanya mundur ke belakang, tetapi juga merupakan bentuk perampasan hak rakyat.

Menurut kamu, pilkada lewat DPRD itu adil atau merampas hak rakyat?",https://www.facebook.com/100064832615247/posts/1345663350938073,100064832615247,1345663350938073,https://www.facebook.com/photo/?fbid=1345660714271670&set=a.610753411095741,https://scontent-ams2-1.xx.fbcdn.net/v/t39.30808-6/612647892_1345660717605003_3916252612776766356_n.jpg?stp=dst-jpg_s640x640_tt6&_nc_cat=106&ccb=1-7&_nc_sid=127cfc&_nc_ohc=xg_ce-Z0idgQ7kNvwHNfrit&_nc_oc=AdlOUnZf8K51mOo0bZP0WTeX33zd1QieBWcyGMyMBfmajPoyOXA5ciLLh3e7_fGD3VQ&_nc_zt=23&_nc_ht=scontent-ams2-1.xx&_nc_gid=80BNfxv_8rv8_eJ21cDEqw&oh=00_Afr2Ldg52Ss8RVZm1flFbF_BZs_E8CFDOEnvZ-eN3K8bXQ&oe=6965BA85,,,,,,,,,,,,,,,,,,,,
https://www.facebook.com/jhonsar.lumbantoruan.7,1648184990,25905350152421691,Jhonsar Lumbantoruan,https://www.facebook.com/groups/humbanghasundutandoloksanggul/permalink/25905350152421691/,2026-01-08 09:10:08,1767859808.0,30.0,10,0,"Pilkada Tidak Ada Lagi 

Putusan MK Nomor 124/PUU-XXIII/2025 tentang pemisahan Pemilihan Nasional dan Pemilihan daerah. Putusan MK mengharuskan bahwa Pemilihan Nasional( Presiden, DPR, DPD) diselenggarakan terpisah dengan pemilihan daerah( Gubernur, Bupati DPRD Provinsi, DPRD Kabupaten/Kota). 

Penyelenggaraan Pemilihan Daerah dilakukan paling cepat dua tahun dan paling lambat dua setengah tahun setelah pelantikan hasil pemilihan nasional. 

Dalam mempersiapkan UU Pemilihan Nasional dan pemilihan daerah sebagai konsekuensi yuridis keputusan MK, koalisi pemerintah melempar wacana: agar Pilkada dipilih oleh DPRD. lalu muncul pertanyaan, DPRD mana yang akan memilih Gubernur dan Bupati/walikota. 

Bila yang dimaksud  adalah DPRD sekarang( Hasil pemilu 2024) sesuai dengan masa periode mereka, maka masa jabatannya akan berakhir pada tahun 2029. Sementara, berdasarkan keputusan MK, Pemilu daerah paling cepat dilaksanakan pada tahun 2031. 

sekiranya, anggota DPRD sekarang diperpanjang masa tugasnya hingga 2031, pada saat kapan dilaksanakan Pemilihan kepala daerah, karena  defenisi pemilu serentak adalah diselenggarakan di hari yang sama. 

Bila pemilu daerah dilaksanakan pada tahun 2031, yakni memilih Gubernur, Bupati/ walikota, DPRD provinsi/ kabupaten/ kota, tentu dilaksanakan pada hari yang sama. Lalu, bagaimana mekanisme pemilihannya bila dipilih oleh DPRD. 

Bila Pemilihan kepala daerah dilakukan pada hari yang berbeda dengan DPRD, maka putusan MK tentang pemilihan serentak akan dilanggar. 

Saya katakan,  dalam pengambilan kebijakan, pemerintah tidak pernah berpikir holistik, konsisten, maju, dan berkelanjutan. Ia sangat dipengaruhi oleh kepentingan politik sesaat, tanpa mau mempertimbangkan demokrasi  Bangsa  yang lebih besar.",https://www.facebook.com/1648184990/posts/25905350152421691,1648184990,25905350152421691,,,,,,,,,,,,,,,,,,,,,,
https://www.facebook.com/bang.feris.ndruru,100006749567048,4328542600714016,Ferisman Ndruru,https://www.facebook.com/bang.feris.ndruru/posts/pfbid0gukR2ntzwKUzB3mVzdRJV5DkEcQxbZ5zbVxa1EhvKpvV5iGepWi6rkDtqAaecr2xl,2026-01-07 02:53:56,1767750836.0,153.0,29,0,"PDI Perjuangan secara konsisten memegang prinsip bahwa kedaulatan berada di tangan rakyat. Pemilihan kepala daerah secara langsung bukan sekadar mekanisme elektoral, melainkan perwujudan hak konstitusional warga negara untuk menentukan pemimpinnya sendiri. Dalam pandangan ini, rakyat bukan objek politik, tetapi subjek utama demokrasi.
Menyerahkan kembali pemilihan kepala daerah kepada DPRD berisiko menjauhkan rakyat dari proses pengambilan keputusan yang menyangkut masa depan daerahnya. Demokrasi akan kehilangan ruhnya ketika partisipasi rakyat dipersempit dalam ruang-ruang formal kekuasaan.
Sikap ini bukan tentang menegasikan pandangan politik lain, melainkan menjaga marwah demokrasi agar tetap berpijak pada kehendak rakyat. Karena pemimpin yang lahir dari pilihan rakyat akan memiliki legitimasi moral, tanggung jawab publik, dan ikatan langsung dengan aspirasi masyarakat yang dipimpinnya.
Demokrasi yang kuat adalah demokrasi yang memberi ruang seluas-luasnya bagi rakyat untuk berdaulat🤟🤟🤟",https://www.facebook.com/100006749567048/posts/4328542600714016,100006749567048,4328542600714016,,,,,,,,,,,,,,,,,,,,,,
https://www.facebook.com/setiya.jogja,1148408524,10236523431162959,Setiya Jogja,https://www.facebook.com/setiya.jogja/posts/pfbid024r3i97CWHMF2Yipp3A3KwDhYDr7N3rzvnhQYhwjGHfE34RephFp1vCAaB1tQGSQRl,2026-01-07 11:44:37,1767782677.0,25.0,32,14,"RAKYAT BAKAL KEHILANGAN DAULAT? 

Wacana pemilihan kepala daerah melalui DPRD nada-nadanya akan menjadi nyata. Mengapa? Lantaran partai yang mendukung jumlah suaranya sudah mendekati dominan. Hanya tersisa PDIP yang secara tegas menolak. 

Daulat rakyat, secara perlahan akan dipangkas, diambil oleh elit politik. Kepala daerah yang semula harus mendapatkan mandat secara langsung oleh rakyat, kemungkinan besar akan selesai di tingkat partai. 

Apakah hal itu akan secara langsung menghapus politik uang? Kita semua tahu jawabannya : TIDAK! Ia hanya akan memindahkan cost politik dari rakyat menjadi elit. Menjadi kepala daerah tetap akan mahal, hanya kepada siapa ""membayarnya"". Kepada rakyat atau elit politik. Yang pasti, daulat rakyat akan diambil. 

Dan, bila ""uji coba"" ini sukses, bukan tidak mungkin wacana pemilihan presiden melalui MPR akan muncul. Lalu, daulat rakyat akan makin tipis, setipis dompet hari-hari ini. Demokrasi tinggal stempel, prosedur semata dan kehilangan substansi. 

#daulat 
#rakyat 
#demokrasi",https://www.facebook.com/1148408524/posts/10236523431162959,1148408524,10236523431162959,https://www.facebook.com/photo/?fbid=10236523430922953&set=a.10200455219200202,https://scontent-ams2-1.xx.fbcdn.net/v/t39.30808-6/611019070_10236523430962954_7774120448915282382_n.jpg?stp=dst-jpg_s640x640_tt6&_nc_cat=111&ccb=1-7&_nc_sid=833d8c&_nc_ohc=04knoT0n7fYQ7kNvwHILCGB&_nc_oc=AdmrpDPSd16wD4UGhaeHB6oCaXXmyU5YfjoTpkqtFtMBU3pgnueAmdh5L5Ly6oeamos&_nc_zt=23&_nc_ht=scontent-ams2-1.xx&_nc_gid=Fn20cfndwVLHXGjAS8gFcQ&oh=00_AfqFMo1_ZaSok2mq3Hgt6xHXXV8ggNjGZMUaRUyKV6OasA&oe=6965BFEE,,,,,,,,,,,,,,,,,,,,
https://www.facebook.com/InfoDuniaID,100072063022776,886662460412513,Info Dunia,https://www.facebook.com/InfoDuniaID/posts/pfbid0aizcX2bMF5Cn77JF1u5ihXPiQFQuL8dSg6MhbyQjmB3y3X27nsrp7K87Jgpxzxrrl,2026-01-08 05:30:01,1767846601.0,51.0,199,3,"Ketua Umum PKB Abdul Muhaimin Iskandar (Cak Imin) secara terbuka menyatakan dukungannya terhadap perubahan sistem pemilihan kepala daerah melalui DPRD. Ia menilai pilkada langsung selama ini menimbulkan banyak masalah, mulai dari biaya politik yang mahal, kecurangan, hingga aparatur yang belum netral, serta dinilai gagal melahirkan kepala daerah yang kuat dan mandiri. Cak Imin menegaskan sikap ini konsisten sejak era Presiden SBY, meski sempat kandas setelah pilkada tak langsung dibatalkan melalui Perpu. Wacana ini kembali menguat seiring dukungan partai-partai koalisi pemerintahan Prabowo seperti Golkar, Gerindra, PKB, dan PAN, yang bahkan telah membahasnya secara tertutup dan berencana mengusulkannya dalam revisi paket UU Pemilu 2026.

Namun, rencana tersebut menuai penolakan keras dari koalisi masyarakat sipil. Mereka menilai alasan mahalnya pilkada justru bersumber dari buruknya tata kelola pendanaan politik dan kandidasi, bukan dari sistem pemilihan langsung. Koalisi menegaskan bahwa pilkada melalui DPRD berisiko melanggengkan nepotisme, transaksi politik tertutup, serta mereduksi kedaulatan rakyat. Alih-alih mengubah sistem, mereka mendesak DPR dan pemerintah memperbaiki aturan pemilu, memperketat dana kampanye, memperkuat penegakan hukum, dan mendorong partai politik yang lebih transparan dan demokratis.

#CakImin #infodunia",https://www.facebook.com/100072063022776/posts/886662460412513,100072063022776,886662460412513,https://www.facebook.com/photo/?fbid=886662303745862&set=a.193342593077840,https://scontent-ams2-1.xx.fbcdn.net/v/t39.30808-6/611349517_886313743780718_6566618479339535062_n.jpg?stp=dst-jpg_s640x640_tt6&_nc_cat=105&ccb=1-7&_nc_sid=127cfc&_nc_ohc=xGG9JF7o8QAQ7kNvwEhbm8k&_nc_oc=AdlcpJe1FTu33OY8nIwGvngMcpfmGTo-oAXIBNIW9p_gw3TUPetOI-ybx68S854-eps&_nc_zt=23&_nc_ht=scontent-ams2-1.xx&_nc_gid=Fn20cfndwVLHXGjAS8gFcQ&oh=00_AfqY0cCo9pNd3yzMOKfz5uXz_yIeTlcXyME0qfbkYU9NPw&oe=69659B07,,,,,,,,,,,,,,,,,,,,
https://www.facebook.com/MuraldanKaligrafi,100032122874859,1504182137329201,Mural Dan Kaligrafi,https://www.facebook.com/MuraldanKaligrafi/posts/pfbid02HaR9HLxkzGmZnwkmhPNuCM86ezSUZWw9xRGWFPxNAvxwfKDHYDPhNV7gmqjb1HqZl,2026-01-07 08:12:52,1767769972.0,24.0,13,0,"Secara Pribadi, Tidak mendukung Pemilihan Kepala Daerah dipilih DPRD karena Kemunduran Bagi Demokrasi",https://www.facebook.com/100032122874859/posts/1504182137329201,100032122874859,1504182137329201,,,,,,,,,,,,,,,,,,,,,,
https://www.facebook.com/louis.pailang,1202227759,10238272422728449,Louis Steven,https://www.facebook.com/louis.pailang/posts/pfbid0uMJPDpRxg4i6cU22XczTfGiU6dG3XqvxWLWcwYGYWbru51JrYSNLgCUbQJTAf96Gl,2026-01-08 13:04:01,1767873841.0,16.0,3,3,"Pemilihan serentak tampa melakukan pemilihan. 
Menurut Abunawas, kepala daerah yang dipilih oleh DPRD itu ibarat jodoh hasil musyawarah keluarga besar: rakyat sudah datang ke pesta, tapi yang menentukan pasangan tetap para paman yang duduk di ruang tamu.
Secara akademis, Abunawas merumuskannya begini:
“Jika demokrasi adalah partisipasi publik, maka pemilihan oleh DPRD adalah efisiensi prosedural—rakyat dihemat dari antrean, elit dihemat dari kejutan.”
Dan dengan gaya khasnya yang satir, ia menutup:
“Rakyat tak perlu bingung memilih pemimpin, cukup percaya—bahwa mereka yang sudah lama duduk, paling paham siapa yang pantas terus berdiri.”
#Abunawas
#tapiBank
#kataPurbaya
#Viral",https://www.facebook.com/1202227759/posts/10238272422728449,1202227759,10238272422728449,https://www.facebook.com/photo/?fbid=10238272422368440&set=a.1051196159120,https://scontent-ams2-1.xx.fbcdn.net/v/t39.30808-6/611154165_10238272422408441_6286317460091964632_n.jpg?stp=dst-jpg_p526x296_tt6&_nc_cat=110&ccb=1-7&_nc_sid=127cfc&_nc_ohc=Le4ykl_0NwEQ7kNvwEUfzuu&_nc_oc=AdlWqCbVC3gsKFTT6bbbfYCdxiGOV2fGeNhFa6KC0iUptH1lxin0_VwRPUtyhk0W53Y&_nc_zt=23&_nc_ht=scontent-ams2-1.xx&_nc_gid=Fn20cfndwVLHXGjAS8gFcQ&oh=00_Afp8T6AIGM0FAopwtmvrn3NvW3cCTNkfOaKXA-qW-bcEog&oe=6965999D,,,,,,,,,,,,,,,,,,,,
https://www.facebook.com/debierwin.koalisi,100028967774915,1680712572904319,Debi Erwin,https://www.facebook.com/debierwin.koalisi/posts/pfbid02J8k4bLN3nb5Y99QkZPqqD5fBR5wRdFRhkyFqxsESb4rcMQ5XabK3DGTAxxLfzFmYl,2026-01-08 07:49:11,1767854951.0,12.0,23,11,"Wacana Pemilihan kepala Daerah oleh DPR,
Apakah Setuju.?

1. Presiden dan DPR RI Tetap di pilih langsung oleh Rakyat. (Wakil presiden hak Preogratif Presiden Terpilih)

2. MPR di pilih DPR-RI 

3. DPRD di pilih langsung oleh Rakyat 

4. Kepala daerah (Gub dan Bup/walikota) di pilih DPRD",https://www.facebook.com/100028967774915/posts/1680712572904319,100028967774915,1680712572904319,https://www.facebook.com/photo/?fbid=1680712546237655&set=a.117959329179659,https://scontent-ams2-1.xx.fbcdn.net/v/t39.30808-6/611153072_1680712606237649_6066430686989196325_n.jpg?stp=dst-jpg_s720x720_tt6&_nc_cat=105&ccb=1-7&_nc_sid=833d8c&_nc_ohc=Vecp2QL_wmUQ7kNvwG6QyHH&_nc_oc=AdlRRuaVyeTseXGlCLFiM1rGy9FkmF7vwMGNkmI5Kq5tabBHkYz1-MIL7Q5vvF_DcEY&_nc_zt=23&_nc_ht=scontent-ams2-1.xx&_nc_gid=Fn20cfndwVLHXGjAS8gFcQ&oh=00_AfoKBcrukLiFORAZ9VjM0a-AMPNC_zQFGW_1eV8trrP0pg&oe=6965B222,,,,,,,,,,,,,,,,,,,,
https://www.facebook.com/profile.php?id=61583297511650,61583297511650,122115590265109917,Safitri Wijayanti,https://www.facebook.com/permalink.php?story_fbid=pfbid0b4emRWSnMB2SN5gZTZPu26CgFabBvzGzGxX6JvtHkhpDCqmQcsYRRg3pMRkMTDnPl&id=61583297511650,2026-01-08 01:35:03,1767832503.0,11.0,8,6,"Berdasarkan data Indonesia Corruption Watch (ICW), sebanyak 545 anggota DPRD di Indonesia tercatat terjerat kasus korupsi sepanjang tahun 2010-2024. Angka ini mencerminkan persoalan serius dalam tata kelola dan integritas lembaga perwakilan daerah. Di tengah kondisi tersebut, pemerintah menggulirkan wacana pemilihan kepala daerah oleh anggota DPRD, bukan melalui pemilihan langsung oleh rakyat. Wacana ini menuai sorotan publik, mengingat rekam jejak korupsi di tubuh DPRD yang masih tinggi.",https://www.facebook.com/61583297511650/posts/122115590265109917,61583297511650,122115590265109917,https://www.facebook.com/photo/?fbid=122115590235109917&set=a.122093506785109917,https://scontent-ams2-1.xx.fbcdn.net/v/t39.30808-6/611631311_122115590241109917_8717445989831647254_n.jpg?stp=dst-jpg_s640x640_tt6&_nc_cat=109&ccb=1-7&_nc_sid=833d8c&_nc_ohc=VfVb8Qz3nMYQ7kNvwEjAcks&_nc_oc=Adm8lSRcFpZvo1tItCXoiFSNAAOlepRHe1_ZeiEGDe5PFQbSrVWN5qrpzGUlZuQxcr0&_nc_zt=23&_nc_ht=scontent-ams2-1.xx&_nc_gid=FqS_30ZBTpGMOPfS7621VA&oh=00_AfrcIGs1lKmibxgz9rwVlspXM88o6TXjrNiv3x8e7SHROw&oe=69659DD1,,,,,,,,,,,,,,,,,,,,
https://www.facebook.com/advokat.guntur,1660116643,10227831228160373,Guntur ,https://www.facebook.com/advokat.guntur/posts/pfbid0327UPQNnV21cNxdrXWFxJwqF1chKEpZ9EPq3htUf8YQCVM4uakiyoRH8F93BLo72ul,2026-01-07 04:40:45,1767757245.0,15.0,7,1,Udah pas pemilihan Kepala Daerah Di pilih DPRD.  Dari pada dipilih rakyat lupa janji dan  menang kotak kosong makin arogan.,https://www.facebook.com/1660116643/posts/10227831228160373,1660116643,10227831228160373,,,,,,,,,,,,,,,,,,,,,,
https://www.facebook.com/framingntv,1761311468,10215301330404133,Framing Newstv,https://www.facebook.com/framingntv/posts/pfbid0JdggWGGVEcZ7fkr1R7aUCDQvjZC8fh93j3Fix8EE8spCfWE1QfQXBTZMKKm16aNNl,2026-01-03 06:52:10,1767419530.0,293.0,153,55,"Mahfud MD Bunyikan Alarm Demokrasi: Kita Tak Inginkan Kepala Daerah Dipilih DPRD

JAKARTA, Framing NewsTV — Mantan Ketua Mahkamah Konstitusi (MK) sekaligus mantan Menteri Koordinator Bidang Politik, Hukum, dan Keamanan, Mahfud MD, menegaskan bahwa masyarakat Indonesia secara luas tidak menginginkan kepala daerah kembali dipilih melalui Dewan Perwakilan Rakyat Daerah (DPRD). Menurutnya, wacana tersebut berpotensi menjadi langkah mundur bagi kualitas demokrasi di Indonesia.

Mahfud menyampaikan pandangannya dengan merujuk pada Putusan Mahkamah Konstitusi yang mengamanatkan pemisahan antara pemilihan umum tingkat nasional dan pemilihan di tingkat lokal. Ia mengingatkan, jika semangat putusan tersebut “dibongkar”, maka terbuka peluang untuk kembali ke sistem pemilihan kepala daerah secara tidak langsung.

“Kalau ini (putusan MK) dibongkar, bisakah sekarang kembali saja tidak usah pilkada langsung? Kita tidak menginginkan itu terjadi. Mungkin itu akan terjadi. Mungkin itu akan terjadi kemunduran (berdemokrasi),” kata Mahfud dalam video yang diunggah di kanal pribadinya, Mahfud MD Official, Sabtu (3/1/2026).

Meski demikian, Mahfud menegaskan bahwa pemilihan kepala daerah secara tidak langsung tidak dilarang oleh konstitusi. Putusan MK, kata dia, hanya mengatur pemisahan antara pemilu nasional dan lokal, sementara mekanisme pemilihan—langsung atau tidak langsung—tidak diatur secara eksplisit dalam konstitusi dan diserahkan kepada pembentuk undang-undang.

“Karena Anda sudah memilih langsung, ini caranya. Tapi kalau Anda kembali ke tidak langsung itu tidak dilarang. Tinggal pilihan politik kita,” ujar Mahfud.

Mahfud juga mengingatkan bahwa perdebatan soal pemilihan langsung atau melalui DPRD berpotensi memicu dinamika politik yang tidak sederhana, terutama jika elite politik tidak menunjukkan kedewasaan dalam menyikapinya. Oleh karena itu, ia menilai penting bagi pemerintah dan DPR untuk segera memulai proses revisi Undang-Undang Pemilu dan Pilkada.

Menurut Mahfud, percepatan pembahasan revisi undang-undang tersebut diperlukan agar perdebatan mengenai sistem pemilihan kepala daerah memiliki ruang diskusi yang luas dan waktu yang cukup, sehingga tidak dilakukan secara tergesa-gesa.

“Sehingga nanti pada saat pembahasan kita semua sudah siap,” tuturnya.

Sementara itu, wacana pemilihan kepala daerah melalui DPRD kembali menghangat setelah digulirkan oleh Partai Gerindra. Melalui Sekretaris Jenderalnya, Sugiono, partai berlambang kepala garuda tersebut menyatakan dukungan terhadap mekanisme pilkada lewat DPRD.

Sugiono beralasan, pemilihan kepala daerah melalui DPRD dinilai lebih efisien dari sisi anggaran negara. Selain itu, mekanisme tersebut dianggap lebih sederhana dalam penjaringan kandidat, proses pemilihan, pengendalian ongkos politik, hingga pelaksanaan pemilihan itu sendiri.

Wacana ini pun kembali memicu perdebatan publik mengenai arah demokrasi lokal di Indonesia, antara efisiensi tata kelola pemerintahan dan partisipasi langsung rakyat dalam memilih pemimpinnya.

#mahfudmd #tolakpilkadadprd #demokrasilokal #pilkada #politiknasional
Simak selengkapnya hanya di fremingnewstv.com

========
Sahabat Framing NewsTV, jangan lupa Like, Comment, Ikuti dan Share Facebook Framing NewsTV, serta aktifkan Lonceng Notifikasi agar tidak ketinggalan update isu-isu terkini di Indonesia.",https://www.facebook.com/1761311468/posts/10215301330404133,1761311468,10215301330404133,https://www.facebook.com/photo/?fbid=10215301329284105&set=a.10200742705007597,https://scontent-ams2-1.xx.fbcdn.net/v/t39.30808-6/609016625_10215301329324106_5892418835551250761_n.jpg?stp=dst-jpg_s640x640_tt6&_nc_cat=106&ccb=1-7&_nc_sid=127cfc&_nc_ohc=BUiwIkKVo7EQ7kNvwFCumcL&_nc_oc=AdnsqYtIVlctzdhir9R7-B3TDNX9VY4mOMxz_ZCp74Sujps3SsHUJsJi1X014S-tcqc&_nc_zt=23&_nc_ht=scontent-ams2-1.xx&_nc_gid=FqS_30ZBTpGMOPfS7621VA&oh=00_Afpa_l7wDN5qU8sJIaLZ8hbMAZEpM3CZdi2-wuucXueasA&oe=6965B00A,,,,,,,,,,,,,,,,,,,,
https://www.facebook.com/kuteng804,100077115315725,893595606554275,Mas Bejok,https://www.facebook.com/kuteng804/posts/pfbid02F8fNQHKHxtqCkSWYMm8UL44Po5xxJTDqjKHHjHVPtM91YvcUaGTwpWWNUkjZjq1Ll,2026-01-07 03:51:28,1767754288.0,16.0,23,2,"👉 Wacana perubahan sistem pemilihan kepala daerah kembali mencuat ke ruang publik. Jika selama ini gubernur, bupati, dan wali kota dipilih langsung oleh rakyat melalui pemilihan kepala daerah (pilkada), kini muncul gagasan agar pemilihan tersebut kembali dilakukan oleh Dewan Perwakilan Rakyat Daerah (DPRD). Isu ini mendapat perhatian luas karena menyangkut arah demokrasi lokal di Indonesia.

👉Partai Demokrat menyatakan sikapnya yang kini sejalan dengan Presiden Prabowo Subianto terkait wacana tersebut. Pimpinan Demokrat menegaskan bahwa mekanisme pemilihan kepala daerah, baik secara langsung maupun melalui DPRD, sama-sama memiliki dasar konstitusional. Menurut Demokrat, Undang-Undang Dasar 1945 tidak mengatur secara rinci mekanisme pilkada, sehingga model pemilihan dapat ditentukan melalui undang-undang.

👉Sikap ini dinilai menarik karena secara historis pilkada langsung justru diberlakukan pada masa pemerintahan Presiden Susilo Bambang Yudhoyono (SBY), yang juga merupakan tokoh sentral Partai Demokrat. Saat itu, pilkada langsung dipandang sebagai langkah maju untuk memperkuat kedaulatan rakyat dan meningkatkan legitimasi kepala daerah.

👉Dalam wacana terbaru ini, alasan efisiensi anggaran dan tingginya biaya politik menjadi salah satu pertimbangan utama. Pendukung pemilihan kepala daerah melalui DPRD berpendapat bahwa pilkada langsung membutuhkan biaya besar, baik dari sisi penyelenggaraan negara maupun dari kandidat yang bertarung. Kondisi tersebut dinilai kerap memicu praktik politik uang dan transaksi kepentingan.

👉Meski demikian, tidak sedikit pihak yang mengingatkan potensi risiko jika pemilihan kepala daerah dikembalikan ke DPRD. Sejumlah pengamat menilai langkah tersebut bisa mengurangi partisipasi langsung masyarakat dalam menentukan pemimpin daerahnya. Pemilihan melalui DPRD juga dikhawatirkan membuka ruang lobi
politik tertutup yang kurang transparan.

👉Demokrat menegaskan bahwa dukungannya terhadap wacana ini bukan berarti menafikan prinsip demokrasi. Partai berlambang bintang mercy itu menyebut bahwa demokrasi tidak hanya diukur dari mekanisme pemilihan langsung, tetapi juga dari kualitas pemerintahan, akuntabilitas, serta keberpihakan kepada kepentingan rakyat.

👉Hingga kini, wacana perubahan sistem pilkada masih berada pada tahap diskusi dan kajian. Pemerintah dan DPR diharapkan membuka ruang dialog yang luas dengan masyarakat, akademisi, dan kelompok sipil sebelum mengambil keputusan besar yang akan menentukan masa depan demokrasi daerah di Indonesia.

suara com

#berita #viral #fyp  #breakingnews 
#beritapolitik  #infoterkini
#trendingnews #beritaviral 
#facebookpost #beritaterkini 
#beritahariini #trending
#beritaupdate  #masbejok",https://www.facebook.com/100077115315725/posts/893595606554275,100077115315725,893595606554275,https://www.facebook.com/photo/?fbid=893595576554278&set=a.107299311850579,https://scontent-ams2-1.xx.fbcdn.net/v/t39.30808-6/611916461_893595586554277_4263529123575248505_n.jpg?stp=dst-jpg_p552x414_tt6&_nc_cat=102&ccb=1-7&_nc_sid=833d8c&_nc_ohc=1-QuTS9-XpwQ7kNvwGpRi-T&_nc_oc=Adnb8qKEQSSQcLIOrxaNOpT76GE-WzXdBM8zZMQcoQECalOQ1kpg7z-LHfMMnCrIs9c&_nc_zt=23&_nc_ht=scontent-ams2-1.xx&_nc_gid=FqS_30ZBTpGMOPfS7621VA&oh=00_AfpH9Ry5XMCg5NPo4lDDf-jNLKxB8DlHKIMf77HZQ3yjtA&oe=6965A2A0,,,,,,,,,,,,,,,,,,,,
https://www.facebook.com/su.mardin.90810,100090942344667,1948084525783286,Su Mardin,https://www.facebook.com/groups/813141705944246/permalink/1948084525783286/,2026-01-07 07:49:59,1767768599.0,0.0,0,1,"Pemilihan kepala daerah melalui DPRD (Dewan Perwakilan Rakyat Daerah) terkait dengan sila ke-4 Pancasila, yaitu ""Kerakyatan yang Dipimpin oleh Hikmat Kebijaksanaan dalam Permusyawaratan/Perwakilan"".

Dalam konteks ini, DPRD sebagai lembaga perwakilan rakyat memiliki peran penting dalam memilih kepala daerah (gubernur, bupati, atau walikota) dalam sistem politik Indonesia. Proses ini mencerminkan prinsip musyawarah dan perwakilan, di mana anggota DPRD yang dipilih oleh rakyat mewakili suara rakyat dalam memilih kepala daerah.

Jadi, pemilihan kepala daerah melalui DPRD adalah salah satu contoh implementasi sila ke-4 Pancasila, yaitu kerakyatan yang dipimpin oleh hikmat kebijaksanaan dalam permusyawaratan/perwakilan 😊.
#DukungPilkadaMelaluiDPRD🇮🇩",https://www.facebook.com/100090942344667/posts/1948084525783286,100090942344667,1948084525783286,https://www.facebook.com/photo/?fbid=822993810742023&set=gm.1948084525783286&idorvanity=813141705944246,https://scontent-ams2-1.xx.fbcdn.net/v/t39.30808-6/612200980_822993507408720_7725869614910720316_n.jpg?_nc_cat=104&ccb=1-7&_nc_sid=aa7b47&_nc_ohc=eNxY3q4GuVAQ7kNvwHvtl1u&_nc_oc=AdmBW4Qf91Pf28zI-ZLhqiYG16prkOKQyrESxLPRvFAsmk5cPnpCWTpVQ6XRheXyRDk&_nc_zt=23&_nc_ht=scontent-ams2-1.xx&_nc_gid=FqS_30ZBTpGMOPfS7621VA&oh=00_Afok1oHFvFPOjRyykA0EuV_SDeB3cfgVvoQcqjsqsE7reQ&oe=6965A770,,,,,,,,,,,,,,,,,,,,
https://www.facebook.com/ilyas.amusa.165,100041797480367,887941017045441,Ilyas AMusa,https://www.facebook.com/groups/255476050291944/permalink/887941017045441/,2026-01-08 12:21:31,1767871291.0,1.0,0,0,".
Partai Demokrat
Sulawesi Selatan

Pemilihan Langsung maupun
melalui DPRD merupakan 
pilihan Sah dalam Demokrasi
Indonesia, Sikap ini BERANGKAT
dari ketentuan Undang Undang
Dasar 1945 yang memberikan
KEWENANGAN Kepada Negara
Untuk mengatur MEKANISME
Pemilihan Kepala Daerah melalui
UNDANG UNDANG

#demokratsiap
#demokratjaya
#demokratbersamarakyat
#AHYketumdemokrat
#nimatullahKetuadpdsulsel

Mkssulselindonesia-8-1-2026",https://www.facebook.com/100041797480367/posts/887941017045441,100041797480367,887941017045441,,,,,,,,,,,,,,,,,,,,,,
https://www.facebook.com/Taufikelhasybuani,100006495991677,4897668173793001,Taufik Elhasybuani,https://www.facebook.com/Taufikelhasybuani/posts/pfbid02WMqw9FrhgpT4RFjpguPpg3ov4b25seBntvXqe4Vco28wb8rSWMvLByFmQxFEma2Zl,2026-01-08 07:12:15,1767852735.0,11.0,9,2,"Kepala Daerah Dipilih DPRD

Mari kita diskusikan sambil menyeruput kopi di Lapau Lapau. Dengan emosi yang tetap stabil meski dengan nada tinggi. Namun yang pasti tidak akan menghasilkan keputusan. 

Melihat realita pemilihan Anggota DPRD saat ini, yang sudah diakui oleh mereka yang sudah duduk dan terpilih. Kost politik mereka juga fantastis. Tentu sesuai skala pilihannya, pusat, provinsi dan Kabupaten. Yang gratis itu cuma pemilihan BPD (Badan Permusyawaratan Desa). Tapi itu pun (sebagian) masih dengan kost yang lumayanlah untuk skala desa. 

Jika demikian halnya, apa tidak pindah dari Mulut Biawak ke mulut Buaya. Kalau pemilihan kepala daerah oleh DPRD nantinya. Alasannya sederhana. 
1. Kost politik jadi dewan Itu tidak murah Bro!!! Untuk biaya timses saja sudah merobek kantong.
2. Deal deal politik dengan kepala daerah Terpilih, apa mungkin itu gratis? Jangan jangan hanya pindah lobi lobi politik saja. Dari lopo lopo ke hotel hotel. 
3. Partai politik, tak mungkin lah ketua partai legowo saja, seperti legowonya para ketua BPD dalam pengangkatan pengurus Serikat tolong menolong kemalangan  (STMK) di desa desa.
4. Kasihan ketua KPU, Bawaslu, Pengawas pemilu, pemantau pemilu. 
5. Lapangan kerja otomatis berkurang. Order spanduk hilang, warung warung sepi. Pedagang roti sunyi. 
Alhasil. 
Ide ide pemilihan kepala daerah di alihkan ke DPRD ini hanya akal akalan mereka saja. Agar bisa mengintervensi kepala daerah. Jika tak sejalan, gas!!!. 
 
Selamat berdiskusi!!!",https://www.facebook.com/100006495991677/posts/4897668173793001,100006495991677,4897668173793001,https://www.facebook.com/photo/?fbid=4897668110459674&set=a.1836542543238928,https://scontent-ams2-1.xx.fbcdn.net/v/t39.30808-6/611648179_4897668230459662_1457629975596592404_n.jpg?stp=dst-jpg_s960x960_tt6&_nc_cat=109&ccb=1-7&_nc_sid=127cfc&_nc_ohc=EnFFxt8ljTAQ7kNvwGswBOG&_nc_oc=AdmthELomg3-Rr0XofYYAb1BpmBsqbBvJtpORMcI3DDB6L0FQelIyDFb38-UjyDfWbM&_nc_zt=23&_nc_ht=scontent-ams2-1.xx&_nc_gid=DBn8-XWHxKD9AHqlbeLypQ&oh=00_Afre8Jfqjnzegs5_2yUSPtVpM7rt0h68wJCRda57RVwvIw&oe=6965BC13,,,,,,,,,,,,,,,,,,,,
https://www.facebook.com/rajufirmandahutagalung26,100078871701373,869638092341906,Raju Firmanda Hutagalung,https://www.facebook.com/rajufirmandahutagalung26/posts/pfbid0UHw2riRDvsamhAeoQWaJrEujk3bZv8p5Z6KdCDfEDChxmsqgJGobi2qbvcuasS1Ql,2026-01-07 11:15:20,1767780920.0,85.0,52,0,"Partai Koalisi 81, Penghianatan terhadap rakyat yang diupayakan terstruktur, masif, dan terencana. 

Kita pernah melakukan pemilihan kepala daerah oleh DPRD, dan telah diubah menjadi pemilihan langsung oleh rakyat melalui Undang-Undang Nomor 23 Tahun 2014 tentang Pemerintahan Daerah. Hal ini dilakukan untuk meningkatkan partisipasi rakyat dalam proses demokrasi dan meningkatkan kualitas pemerintahan daerah.

Jika wacana itu terjadi, akan menjadi preseden buruk dan kemunduran dalam bernegara, dan saya melihat itu sebagai bentuk penghianatan terhadap rakyat. Kepala daerah harus tetap dipilih oleh rakyat, demokrasi tidak boleh direduksi menjadi sekadar efisiensi prosedural atau kepentingan elite politik. Demokrasi adalah simbol dari kedaulatan rakyat, karena pilkada langsung merupakan salah satu capaian penting reformasi yang Harusnya tidak boleh diganggu.

Ayo kita lihat aspek negatif apa yang terjadi jika kepala daerah di pilih oleh DPRD, ini yang akan terjadi ;

1. Kepala daerah tidak lagi bertanggung jawab penuh terhadap rakyat, karena harus mendahulukan tanggung jawab kepada DPRD, Artinya akuntabilitas politik diragukan.

2. membuka ruang transaksional antar elite dan partai politik. Ditengah wacana ini terlaksana dalam prosesnya, calon kepala daerah harus membuat kesepakatan dengan anggota DPRD untuk mendapatkan suara. Sarat dengan kompromi politik, transaksi kepentingan, dan dominasi oligarki

3. Pemilihan kepala daerah oleh DPRD dapat mengurangi partisipasi rakyat dalam proses demokrasi, karena rakyat tidak memiliki kesempatan untuk memilih langsung.

4. DPRD mungkin memiliki kepentingan yang berbeda dengan rakyat, sehingga kepala daerah yang dipilih oleh DPRD mungkin tidak mewakili kepentingan rakyat.

5. Pemilihan kepala daerah oleh DPRD menodai Sila Keempat Pancasila (Kerakyatan yang dipimpin oleh Hikmat Kebijaksanaan dalam permusyawaratan/Perwakilan), karena pilkada adalah bentuk nyata dari demokrasi perwakilan di mana rakyat memilih langsung pemimpinnya.",https://www.facebook.com/100078871701373/posts/869638092341906,100078871701373,869638092341906,https://www.facebook.com/photo/?fbid=869638055675243&set=a.117179854254404,https://scontent-ams2-1.xx.fbcdn.net/v/t39.30808-6/611838434_869638062341909_1469248885607231160_n.jpg?stp=dst-jpg_s640x640_tt6&_nc_cat=100&ccb=1-7&_nc_sid=833d8c&_nc_ohc=0120AKEQeHAQ7kNvwE4lLL2&_nc_oc=AdnzAbOA31G4MK1pE7oNoVanqsufj5zSIQ6I7pHN23b4X1_0zGD3Uxwre8i5C9NZ5bE&_nc_zt=23&_nc_ht=scontent-ams2-1.xx&_nc_gid=DBn8-XWHxKD9AHqlbeLypQ&oh=00_AfobzHyRjlqchKhzuGU6mG6vun0gSbJbrDCFroDX_uGXwQ&oe=6965BFFE,,,,,,,,,,,,,,,,,,,,
https://www.facebook.com/NarasiNewsroom,100067642579471,1206454448285963,Narasi Newsroom,https://www.facebook.com/reel/900427102543176/,2026-01-07 08:13:07,1767769987.0,37.0,8,10,"Anggaran besar dalam penyelenggaraan pemilihan kepala daerah (pilkada) langsung dan ongkos politik yang terus membengkak, jadi alasan politikus menggaungkan lagi usulan pilkada melalui DPRD. Hampir seluruh partai politik di parlemen mendukung gagasan tersebut.

“Kalau memang [biaya politik tinggi] itu menjadi argumentasi dari pembentuk undang-undang untuk menghapus pilkada langsung menjadi tidak langsung, maka seharusnya yang diperbaiki itu adalah manajemen tata kelola tahapan pemilunya,” kata Direktur Eksekutif Perkumpulan untuk Pemilu dan Demokrasi (Perludem), Heroik Pratama, kepada Narasi.

Simak penjelasan selengkapnya di video.

| Narasi Daily

#PerludemSoalOngkosMahalPilkada #NarasiDaily #NarasiNewsroom #JadiPaham",https://www.facebook.com/100067642579471/posts/1206454448285963,100067642579471,1206454448285963,https://www.facebook.com/reel/900427102543176/,,,,,,,,,,,,,,,,,,,,,
https://www.facebook.com/arifinsaleh.siregar,1028205265,10234928296281577,Arifin Saleh Siregar,https://www.facebook.com/arifinsaleh.siregar/posts/pfbid02Zs5rYRRHPMV7XVFSxYeLq1wUFNVU3m5XVQ9xY2J3k2fDvqhhoUmrVqSz681qW5v5l,2026-01-08 03:08:54,1767838134.0,11.0,8,0,"Jika pemilihan kepala daerah itu dikembalikan kepada DPRD karena alasan terkait maraknya money politics (politik uang), berarti ini juga menyinggung perasaan dan menyakiti hati masyarakat para pemilih yang tak ikut-ikut money politics. 

Uisdah...",https://www.facebook.com/1028205265/posts/10234928296281577,1028205265,10234928296281577,,,,,,,,,,,,,,,,,,,,,,
https://www.facebook.com/erizal.sastra,100000541125444,26258068267127853,Erizal,https://www.facebook.com/erizal.sastra/posts/pfbid036G4birTzDMH7q5grhrkeSk29AUDLCumdrto7jfFKwBgvJ4g14t1fLicBEC5DKvdzl,2026-01-08 03:07:21,1767838041.0,18.0,33,2,"Ada usulan yang menarik dari politisi Partai Golkar, Ahmad Doli Kurnia, bahwa kepala daerah tak usah saja ada wakilnya. Atau wakil cukup ditunjuk kepala daerah terpilih saja dari ASN atau merupakan pejabat karir.

Usulan-usulan kreatif seperti ini yang mestinya keluar dari seorang politisi cerdas dan punya niat baik untuk demokrasi. Bukan serta merta menghapus sistem pemilihan langsung dan kembali ke sistem perwakilan.

Keluar dari mulut harimau masuk ke mulut buaya. Kira-kira begitulah. Sedang dipilih secara langsung saja banyak kepala daerah yang sudah terpilih tak lagi peduli dengan rakyatnya. Apalagi, kalau tak dipilih oleh rakyat? 

Satu dua tentu ada yang tak begitu. Tapi umumnya akan begitu. Pengalaman kita kepala daerah dipilih DPRD jauh lebih lama daripada kepala daerah dipilih secara langsung. Banyak minusnya ketimbang plusnya. 

Bukan mustahil kepala daerah hanya memperhatikan kepentingan anggota DPRD daripada rakyat. Dalam  pemilihan langsung saja itu terjadi, apalagi kalau dipilih melalui DPRD? Tak tahu lagi apa yang mau disebut.

Alasan efisiensi dan efektivitas tak bisa diadu dengan alasan demokrasi itu sendiri. Pemilihan langsung itu hakikat dari demokrasi dalam sistem presidensial. Kecuali, kita mau ubah menjadi sistem parlementer.

Yang paling mungkin memang kepala daerah di tingkat gubernur dipilih DPRD atau malah ditunjuk Presiden, karena perwakilan Pemerintah Pusat di daerah. Atau jadikan saja gubernur sebagai posisi setingkat menteri. (Erizal)",https://www.facebook.com/100000541125444/posts/26258068267127853,100000541125444,26258068267127853,https://www.facebook.com/photo/?fbid=26258068077127872&set=a.678485942179437,https://scontent-ams2-1.xx.fbcdn.net/v/t39.30808-6/612176737_26258068087127871_6177334218852392075_n.jpg?_nc_cat=109&ccb=1-7&_nc_sid=833d8c&_nc_ohc=BIdr5WFD-HcQ7kNvwG-Sf0m&_nc_oc=AdmCQbfTR3Zz3K2KaSRDmtC5O0jv0CO4CtC9BWZsK8-pAX7CQaytqE3mPNe7y8Sj3AA&_nc_zt=23&_nc_ht=scontent-ams2-1.xx&_nc_gid=DBn8-XWHxKD9AHqlbeLypQ&oh=00_Afpr8unXqxvXlyGS6qykl2w3ZJXFnt4DogYDiXmmj3JvDg&oe=6965C4FB,,,,,,,,,,,,,,,,,,,,
https://www.facebook.com/profile.php?id=61560762016242,61560762016242,122215019684358733,Gmki Waingapu,https://www.facebook.com/permalink.php?story_fbid=pfbid02EjBVfUQeXVQrjUMYoAw21ZQ49wPcGVSk44aSSRtXWSDCjLT4mTrD73WL549jNqGQl&id=61560762016242,2026-01-07 11:11:15,1767780675.0,15.0,2,0,"𝑷𝒊𝒍𝒌𝒂𝒅𝒂 𝒐𝒍𝒆𝒉 𝑫𝑷𝑹𝑫: 𝑳𝒂𝒏𝒈𝒌𝒂𝒉 𝑴𝒖𝒏𝒅𝒖𝒓 𝒅𝒂𝒍𝒂𝒎 𝑫𝒆𝒎𝒐𝒌𝒓𝒂𝒔𝒊 𝒅𝒂𝒏 𝑰𝒍𝒖𝒔𝒊 𝑺𝒆𝒎𝒖 𝑬𝒇𝒊𝒔𝒊𝒆𝒏𝒔𝒊 𝑨𝒏𝒈𝒈𝒂𝒓𝒂𝒏 𝑷𝒆𝒎𝒊𝒍𝒖
𝑶𝒍𝒆𝒉: 𝑨𝒍𝒇𝒐𝒏𝒔 𝑹𝒂𝒕𝒖𝒌𝒂𝒏𝒊

Kembali, suara-suara dari para elit partai politik nasional menggema—mereka mengusulkan pemilihan kepala daerah melalui DPRD, mengklaim itu demi efisiensi anggaran dan stabilitas politik. Namun, jika kita meneliti lebih dalam—secara konstitusional, empiris, dan rasional—ide ini justru menciptakan kemunduran demokrasi. Sebuah solusi semu yang bisa merusak hak konstitusional rakyat dan memperburuk masalah politik di daerah.

Pasal 1 ayat (2) UUD 1945 dengan tegas menyatakan bahwa kedaulatan ada di tangan rakyat. Rakyat, yang seharusnya menjadi penguasa tertinggi, berhak menentukan pemimpin daerah mereka. Dan lebih lanjut, 𝑃𝑎𝑠𝑎𝑙 18 𝑎𝑦𝑎𝑡 (4) 𝑚𝑒𝑛𝑒𝑔𝑎𝑠𝑘𝑎𝑛 𝑏𝑎ℎ𝑤𝑎 𝑔𝑢𝑏𝑒𝑟𝑛𝑢𝑟, 𝑏𝑢𝑝𝑎𝑡𝑖, 𝑑𝑎𝑛 𝑤𝑎𝑙𝑖 𝑘𝑜𝑡𝑎 ℎ𝑎𝑟𝑢𝑠 𝑑𝑖𝑝𝑖𝑙𝑖ℎ 𝑠𝑒𝑐𝑎𝑟𝑎 𝑑𝑒𝑚𝑜𝑘𝑟𝑎𝑡𝑖𝑠. 𝐷𝑎𝑙𝑎𝑚 𝑝𝑟𝑎𝑘𝑡𝑖𝑘 𝑘𝑒𝑡𝑎𝑡𝑎𝑛𝑒𝑔𝑎𝑟𝑎𝑎𝑛 𝑝𝑎𝑠𝑐𝑎 𝑟𝑒𝑓𝑜𝑟𝑚𝑎𝑠𝑖, 𝑝𝑒𝑚𝑖𝑙𝑖ℎ𝑎𝑛 𝑙𝑎𝑛𝑔𝑠𝑢𝑛𝑔 𝑜𝑙𝑒ℎ 𝑟𝑎𝑘𝑦𝑎𝑡 𝑎𝑑𝑎𝑙𝑎ℎ 𝑏𝑒𝑛𝑡𝑢𝑘 𝑑𝑒𝑚𝑜𝑘𝑟𝑎𝑠𝑖 𝑦𝑎𝑛𝑔 𝑝𝑎𝑙𝑖𝑛𝑔 𝑟𝑒𝑙𝑒𝑣𝑎𝑛—𝑠𝑒𝑜𝑙𝑎ℎ 𝑚𝑒𝑛𝑗𝑎𝑑𝑖 𝑑𝑒𝑛𝑦𝑢𝑡 𝑛𝑎𝑑𝑖 𝑘𝑒ℎ𝑖𝑑𝑢𝑝𝑎𝑛 𝑝𝑜𝑙𝑖𝑡𝑖𝑘 𝑘𝑖𝑡𝑎.

Ada ungkapan dalam tradisi demokrasi: 𝑉𝑜𝑥 𝑝𝑜𝑝𝑢𝑙𝑖, 𝑣𝑜𝑥 𝐷𝑒𝑖—𝑠𝑢𝑎𝑟𝑎 𝑟𝑎𝑘𝑦𝑎𝑡 𝑎𝑑𝑎𝑙𝑎ℎ 𝑠𝑢𝑎𝑟𝑎 𝑇𝑢ℎ𝑎𝑛. Ini bukan sekadar pepatah kuno, melainkan sebuah prinsip moral dan politik yang menegaskan bahwa kehendak rakyat adalah sumber utama legitimasi kekuasaan. Dalam konteks negara demokrasi konstitusional seperti Indonesia, suara rakyat yang terwujud dalam pemilihan langsung bukan hanya sekadar prosedur, tetapi adalah manifestasi tertinggi dari kedaulatan rakyat. Mengalihkan hak memilih kepala daerah dari rakyat kepada DPRD—ah, itu seperti mereduksi makna moral dan legitimasi politik dari kehendak kolektif rakyat itu sendiri.

Jimly Asshiddiqie, seorang pakar hukum tata negara dan mantan Ketua Mahkamah Konstitusi, mengingatkan kita bahwa demokrasi modern mensyaratkan keterlibatan langsung rakyat dalam pengambilan keputusan politik yang strategis. Pemilihan langsung kepala daerah adalah perwujudan prinsip kedaulatan rakyat yang menjadi jiwa konstitusi Indonesia pasca reformasi. Mengembalikan pilkada ke DPRD—itu seperti mempersempit ruang kedaulatan rakyat dan menghidupkan kembali demokrasi elitis yang seharusnya sudah kita tinggalkan.

Dari sudut pandang hak asasi manusia, Pasal 28D ayat (3) UUD 1945 menjamin hak setiap warga negara untuk mendapatkan kesempatan yang sama dalam pemerintahan. Saldi Isra, seorang Guru Besar Hukum Tata Negara, menegaskan bahwa hak politik warga negara tidak boleh dikurangi tanpa alasan konstitusional yang sangat kuat. Pemilihan kepala daerah oleh DPRD itu seperti menghilangkan ruang partisipasi langsung rakyat dan menggeser demokrasi dari yang partisipatif menjadi elitis.

Pendukung pilkada oleh DPRD sering kali berargumen tentang efisiensi anggaran. Namun, argumen ini bagi saya sungguh keliru! mendiagnosis masalah dengan cara yang salah. 𝑩𝒊𝒂𝒚𝒂 𝒕𝒊𝒏𝒈𝒈𝒊 𝒑𝒊𝒍𝒌𝒂𝒅𝒂 𝒃𝒖𝒌𝒂𝒏 𝒌𝒂𝒓𝒆𝒏𝒂 𝒑𝒆𝒎𝒊𝒍𝒊𝒉𝒂𝒏 𝒍𝒂𝒏𝒈𝒔𝒖𝒏𝒈, 𝒎𝒆𝒍𝒂𝒊𝒏𝒌𝒂𝒏 𝒌𝒂𝒓𝒆𝒏𝒂 𝒍𝒆𝒎𝒂𝒉𝒏𝒚𝒂 𝒎𝒂𝒏𝒂𝒋𝒆𝒎𝒆𝒏 𝒑𝒆𝒎𝒊𝒍𝒖, 𝒃𝒖𝒓𝒖𝒌𝒏𝒚𝒂 𝒕𝒂𝒕𝒂 𝒌𝒆𝒍𝒐𝒍𝒂 𝒑𝒂𝒓𝒕𝒂𝒊, 𝒅𝒂𝒏 𝒕𝒊𝒏𝒈𝒈𝒊𝒏𝒚𝒂 𝒃𝒊𝒂𝒚𝒂 𝒑𝒐𝒍𝒊𝒕𝒊𝒌 𝒅𝒂𝒍𝒂𝒎 𝒑𝒆𝒏𝒄𝒂𝒍𝒐𝒏𝒂𝒏.

Komisi Pemberantasan Korupsi (KPK) berulang kali menekankan bahwa akar korupsi kepala daerah terletak pada mahar politik dan tingginya biaya pencalonan, bukan pada mekanisme pemilihan langsung. Jika pilkada dialihkan ke DPRD, biaya politik tidak akan hilang, malah akan terkonsentrasi pada segelintir elite. Transaksi menjadi lebih tertutup, lebih eksklusif, dan semakin sulit diawasi oleh publik.

Mahfud MD, mantan Ketua Mahkamah Konstitusi, mengingatkan kita bahwa pemilihan tidak langsung bukanlah demokrasi yang murah melainkan demokrasi yang mahal, tetapi tidak transparan. Kepala daerah yang lahir dari transaksi elite berpotensi besar untuk mengembalikan “modal politik” melalui penyalahgunaan kekuasaan dan kebocoran anggaran publik. Negara mungkin menghemat biaya penyelenggaraan pilkada, tetapi harus membayar jauh lebih mahal dalam bentuk korupsi dan rusaknya legitimasi pemerintahan.

Temuan Badan Pengawas Pemilu (Bawaslu) menunjukkan bahwa masalah utama pilkada terletak pada politik uang, lemahnya penegakan hukum, dan tata kelola penyelenggaraan, bukan pada hak pilih rakyat. Rekomendasi Bawaslu secara konsisten menekankan penguatan pengawasan dan penegakan hukum, bukan pencabutan hak memilih masyarakat.

Mahkamah Konstitusi dalam berbagai putusannya menegaskan bahwa demokrasi Indonesia harus menjamin partisipasi yang bermakna (𝑚𝑒𝑎𝑛𝑖𝑛𝑔𝑓𝑢𝑙 𝑝𝑎𝑟𝑡𝑖𝑐𝑖𝑝𝑎𝑡𝑖𝑜𝑛) dari warga negara. Pemilihan kepala daerah oleh DPRD secara nyata mengurangi kualitas partisipasi tersebut dan menggeser akuntabilitas kepala daerah dari rakyat kepada elite politik.

𝐉𝐢𝐤𝐚 𝐭𝐮𝐣𝐮𝐚𝐧 𝐧𝐞𝐠𝐚𝐫𝐚 𝐚𝐝𝐚𝐥𝐚𝐡 𝐞𝐟𝐢𝐬𝐢𝐞𝐧𝐬𝐢 𝐝𝐚𝐧 𝐤𝐮𝐚𝐥𝐢𝐭𝐚𝐬 𝐝𝐞𝐦𝐨𝐤𝐫𝐚𝐬𝐢, 𝐦𝐚𝐤𝐚 𝐬𝐨𝐥𝐮𝐬𝐢 𝐲𝐚𝐧𝐠 𝐫𝐚𝐬𝐢𝐨𝐧𝐚𝐥 𝐚𝐝𝐚𝐥𝐚𝐡 𝐦𝐞𝐫𝐞𝐟𝐨𝐫𝐦𝐚𝐬𝐢 𝐬𝐢𝐬𝐭𝐞𝐦—𝐛𝐮𝐤𝐚𝐧 𝐦𝐞𝐧𝐜𝐚𝐛𝐮𝐭 𝐡𝐚𝐤 𝐫𝐚𝐤𝐲𝐚𝐭. 𝐊𝐢𝐭𝐚 𝐩𝐞𝐫𝐥𝐮 𝐦𝐞𝐦𝐩𝐞𝐫𝐛𝐚𝐢𝐤𝐢 𝐦𝐚𝐧𝐚𝐣𝐞𝐦𝐞𝐧 𝐩𝐞𝐦𝐢𝐥𝐮, 𝐦𝐞𝐧𝐠𝐞𝐟𝐢𝐬𝐢𝐞𝐧𝐤𝐚𝐧 𝐭𝐚𝐡𝐚𝐩𝐚𝐧, 𝐦𝐞𝐦𝐩𝐞𝐫𝐤𝐮𝐚𝐭 𝐩𝐞𝐧𝐝𝐚𝐧𝐚𝐚𝐧 𝐩𝐚𝐫𝐭𝐚𝐢 𝐲𝐚𝐧𝐠 𝐭𝐫𝐚𝐧𝐬𝐩𝐚𝐫𝐚𝐧, 𝐝𝐚𝐧 𝐦𝐞𝐧𝐠𝐡𝐚𝐩𝐮𝐬 𝐦𝐚𝐡𝐚𝐫 𝐩𝐨𝐥𝐢𝐭𝐢𝐤. 𝐃𝐞𝐦𝐨𝐤𝐫𝐚𝐬𝐢 𝐭𝐢𝐝𝐚𝐤 𝐛𝐨𝐥𝐞𝐡 𝐝𝐢𝐡𝐮𝐤𝐮𝐦 𝐤𝐚𝐫𝐞𝐧𝐚 𝐤𝐞𝐠𝐚𝐠𝐚𝐥𝐚𝐧 𝐧𝐞𝐠𝐚𝐫𝐚 𝐝𝐚𝐧 𝐩𝐚𝐫𝐭𝐚𝐢 𝐩𝐨𝐥𝐢𝐭𝐢𝐤 𝐦𝐞𝐦𝐛𝐞𝐧𝐚𝐡𝐢 𝐢𝐧𝐬𝐭𝐢𝐭𝐮𝐬𝐢𝐧𝐲𝐚 𝐬𝐞𝐧𝐝𝐢𝐫𝐢.

...𝑱𝒂𝒅𝒊, 𝒌𝒊𝒕𝒂 𝒉𝒂𝒓𝒖𝒔 𝒃𝒆𝒓𝒕𝒂𝒏𝒚𝒂—𝒂𝒑𝒂𝒌𝒂𝒉 𝒌𝒊𝒕𝒂 𝒔𝒊𝒂𝒑 𝒖𝒏𝒕𝒖𝒌 𝒎𝒆𝒎𝒃𝒊𝒂𝒓𝒌𝒂𝒏 𝒔𝒖𝒂𝒓𝒂 𝒓𝒂𝒌𝒚𝒂𝒕 𝒕𝒆𝒓𝒆𝒅𝒖𝒌𝒔𝒊 𝒎𝒆𝒏𝒋𝒂𝒅𝒊 𝒔𝒆𝒌𝒂𝒅𝒂𝒓 𝒇𝒐𝒓𝒎𝒂𝒍𝒊𝒕𝒂𝒔?",https://www.facebook.com/61560762016242/posts/122215019684358733,61560762016242,122215019684358733,https://www.facebook.com/photo/?fbid=122215019654358733&set=a.122107373030358733,https://scontent-ams2-1.xx.fbcdn.net/v/t39.30808-6/612348349_122215019660358733_1413913852553621454_n.jpg?stp=dst-jpg_p526x296_tt6&_nc_cat=104&ccb=1-7&_nc_sid=833d8c&_nc_ohc=etFWaxeVQl4Q7kNvwF9zpGT&_nc_oc=AdlH6DI_8g16RZZUvxTulYTuhTL89qnI8BahWZGFvPOwIvb7IULiVYmWuWbtBDveKBg&_nc_zt=23&_nc_ht=scontent-ams2-1.xx&_nc_gid=DBn8-XWHxKD9AHqlbeLypQ&oh=00_AfpgmsVnLVH-mRu_n3ot2WsbSH8owOmD4wFwHZLnndL41w&oe=6965BFE9,,,,,,,,,,,,,,,,,,,,
https://www.facebook.com/profile.php?id=100088218530727,100088218530727,850088014608475,Vano Goan,https://www.facebook.com/permalink.php?story_fbid=pfbid0iH9PmNEFhYP2AvGBAi5nNpeH2xndXGWeSkDxUGz933JnDqwMerAmhdSwuHkF7WYBl&id=100088218530727,2026-01-07 07:06:32,1767765992.0,53.0,5,0,"Wacana pemilihan kepala daerah oleh DPR/DPRD adalah lonceng kemunduran demokrasi yang dibunyikan secara sadar oleh elite kekuasaan. 

Ini bukan sekadar revisi sistem, melainkan upaya perampasan kedaulatan rakyat yang dibungkus dengan jargon efisiensi dan stabilitas politik. Sebagai kader Marhaenis, saya memandang wacana ini sebagai bentuk pengkhianatan ideologis terhadap prinsip demokrasi dan keadilan sosial.

Demokrasi bukan hadiah dari negara, melainkan hasil perjuangan rakyat melawan feodalisme, kolonialisme, dan otoritarianisme. Ketika hak memilih pemimpin daerah hendak ditarik kembali ke tangan segelintir elite di parlemen, maka yang sedang dipertontonkan adalah watak lama kekuasaan anti rakyat, anti-partisipasi, dan tunduk pada kepentingan oligarki.

Alasan Pilkada langsung mahal adalah dalih klasik dari rezim yang gagal membangun sistem politik yang berintegritas. Yang mahal bukan demokrasi, melainkan korupsi politik, partai tanpa ideologi, dan hukum yang lumpuh di hadapan kekuasaan. Menghapus hak pilih rakyat bukan solusi, tetapi jalan pintas pengecut untuk menutupi kegagalan negara membenahi dirinya sendiri.

Pemilihan kepala daerah oleh DPR/DPRD hanya akan melahirkan pemimpin yang tunduk pada elite partai, bukan berpihak pada kaum Marhaen. Kekuasaan akan semakin jauh dari rakyat, keputusan publik makin elitis, dan penderitaan rakyat akan direduksi menjadi angka-angka dalam rapat tertutup. Inilah demokrasi semu yang sejak awal ditolak oleh Bung Karno ""demokrasi tanpa rakyat, demokrasi tanpa keadilan sosial"".

Sebagai kader ideologis, saya menegaskan kedaulatan rakyat adalah prinsip yang tidak bisa dinegosiasikan. Pilkada langsung adalah ruang rakyat untuk menentukan nasibnya sendiri, mengoreksi kekuasaan, dan menghukum pemimpin yang lalai. Mencabut ruang itu sama artinya dengan membunuh kesadaran politik rakyat secara sistematis.

Sejarah selalu berpihak pada mereka yang setia pada rakyat. Dan sejarah pula yang mencatat bahwa setiap rezim yang merampas hak politik rakyat, pada akhirnya runtuh oleh perlawanan rakyat itu sendiri.",https://www.facebook.com/100088218530727/posts/850088014608475,100088218530727,850088014608475,https://www.facebook.com/photo/?fbid=850087941275149&set=a.112253041725313,https://scontent-ams2-1.xx.fbcdn.net/v/t39.30808-6/612161916_850087954608481_6074572184710012333_n.jpg?stp=dst-jpg_s960x960_tt6&_nc_cat=101&ccb=1-7&_nc_sid=833d8c&_nc_ohc=1upmUELDNdwQ7kNvwFQL1O9&_nc_oc=Adms5AFu8JLkIu26DFl6HOeNo__SvSQCvUuhOtlZ9BE-XTsRxPBe875BU4LbMHkAbsY&_nc_zt=23&_nc_ht=scontent-ams2-1.xx&_nc_gid=5Gww6_oudJNvMWNsA7y97g&oh=00_AfqoF9gVhCxSvQbOWJ4I1-lsf2K7-d9F8dM_6hKjt8Eevg&oe=696599C3,,,,,,,,,,,,,,,,,,,,
https://www.facebook.com/ogi.markezoh,100057219375619,1397023482214951,Sugianto,https://www.facebook.com/ogi.markezoh/posts/pfbid0Jny4cFnEJoHsdKqgsjZbmKDKJXKNpGkgAoYmCPnyWEptadd3xHQ6mAnSwRhft3Y1l,2026-01-07 16:33:21,1767800001.0,26.0,6,0,"Pilkada Dipilih DPRD – Wacana pengembalian mekanisme pemilihan kepala daerah (Pilkada) dari pemilihan langsung oleh rakyat ke pemilihan melalui DPRD kembali mencuat ke ruang publik. 

“Saya melihatnya sebagai gejala dari dua hal sekaligus. Pertama, ini merupakan alarm bahwa Pilkada langsung memang memiliki problem serius. Namun di sisi lain, wacana ini juga mencerminkan kalkulasi kepentingan partai politik, karena Pilkada langsung kerap melahirkan kepala daerah dengan legitimasi kuat yang sulit dikendalikan oleh partai pengusungnya.

Secara konstitusional, mekanisme pemilihan kepala daerah melalui DPRD memang masih dapat dibenarkan. Pasal 18 ayat (4) Undang-Undang Dasar Negara Republik Indonesia Tahun 1945 hanya menyebutkan bahwa kepala daerah “dipilih secara demokratis”, tanpa merinci apakah mekanismenya harus dilakukan secara langsung atau tidak langsung. Namun, saya mengingatkan bahwa kualitas demokrasi tidak semata-mata diukur dari aspek legal-formal.

“Secara teori, pemilihan oleh DPRD masih bisa disebut sebagai bentuk kedaulatan rakyat karena DPRD merupakan hasil pemilu. Namun, pertanyaan krusialnya adalah apakah rantai kedaulatan itu masih utuh, atau justru terputus oleh transaksi elit politik.

perubahan mekanisme Pilkada juga akan mengubah secara signifikan arena pertarungan politik di tingkat lokal. Kompetisi tidak lagi berlangsung di ruang publik yang luas, melainkan bergeser ke ruang-ruang tertutup yang melibatkan aktor terbatas.

“Arena kompetisi berpindah dari adu program dan rekam jejak di hadapan jutaan pemilih, menjadi negosiasi di hadapan puluhan anggota DPRD. Kampanye pun berubah dari kampanye kepada rakyat menjadi kampanye kepada fraksi-fraksi.

dampak sistem ini terhadap representasi politik. Dalam banyak kasus, pemilihan melalui DPRD justru berpotensi mempersempit ruang representasi dan menutup peluang kandidat independen maupun figur yang memiliki dukungan kuat di tingkat akar rumput.",https://www.facebook.com/100057219375619/posts/1397023482214951,100057219375619,1397023482214951,https://www.facebook.com/photo/?fbid=1397023218881644&set=a.332266182024025,https://scontent-ams2-1.xx.fbcdn.net/v/t39.30808-6/611755496_1397023222214977_4832535593940860438_n.jpg?stp=dst-jpg_p526x296_tt6&_nc_cat=102&ccb=1-7&_nc_sid=833d8c&_nc_ohc=ozQZT9HH_oEQ7kNvwE0yVNA&_nc_oc=Adnqd1cFFti20EJa5hRrGOvstoBGvDHYc9bh4W6XWY1MQg9FbPxT31u7MtXH4H0xfsA&_nc_zt=23&_nc_ht=scontent-ams2-1.xx&_nc_gid=5Gww6_oudJNvMWNsA7y97g&oh=00_AfpLtrCL9zOycW1kgUrj3L2yaM1dLETJlcWmerZXRA2GcA&oe=6965B982,,,,,,,,,,,,,,,,,,,,
https://www.facebook.com/abdul.kadir.koro.2025,61552855713677,122219644880095190,Abdul Kadir Koro,https://www.facebook.com/abdul.kadir.koro.2025/posts/pfbid0Fyb9NJLVJmb6Wv3GjiLLFY1VjugZtdM8apcc8zg2vWtFgRtkd6LEon8cDPCvdbFFl,2026-01-07 02:39:57,1767749997.0,15.0,11,0,"Menolak pemilihan kepala daerah dipilih oleh DPRD adalah sikap menjaga demokrasi dan kedaulatan rakyat.

Karena ketika kepala daerah dipilih oleh DPRD, rakyat kehilangan hak langsung untuk menentukan pemimpinnya. Demokrasi direduksi menjadi transaksi elite, proses politik cenderung tertutup, rawan kompromi kepentingan, dan membuka ruang praktik politik uang serta oligarki. Kepala daerah berpotensi lebih loyal kepada segelintir elite politik dibanding kepada rakyat yang seharusnya mereka layani.

Pemilihan langsung, meski tidak sempurna, memberi legitimasi kuat, ruang partisipasi publik, dan kontrol rakyat terhadap kekuasaan. Maka menolak Pilkada oleh DPRD bukan soal nostalgia sistem, tapi soal prinsip: kedaulatan ada di tangan rakyat, bukan di ruang-ruang tertutup kekuasaan.",https://www.facebook.com/61552855713677/posts/122219644880095190,61552855713677,122219644880095190,https://www.facebook.com/photo/?fbid=122219644874095190&set=a.122116008362095190,https://scontent-ams2-1.xx.fbcdn.net/v/t51.82787-15/610634559_18352734826201514_3739301483356824765_n.webp?stp=dst-jpg_s640x640_tt6&_nc_cat=108&ccb=1-7&_nc_sid=127cfc&_nc_ohc=miEHy-DFVIoQ7kNvwFMG-Te&_nc_oc=AdnWa833tU4U1JngEP8ARurpTcJ2tGDdbRHI6Ib0VgwUB2w3uSwRJ91JBTrQsDovpoA&_nc_zt=23&_nc_ht=scontent-ams2-1.xx&_nc_gid=5Gww6_oudJNvMWNsA7y97g&oh=00_AfrkrB9pEv9ELtfVvzy06PhjDHUF8dcBzXrUmOA6LOLTnA&oe=6965B59C,,,,,,,,,,,,,,,,,,,,
https://www.facebook.com/pesona.pesona.9887117,100026631322678,2019838018913889,Pesona Musi Banyuasin,https://www.facebook.com/pesona.pesona.9887117/posts/pfbid0229zA7VgZe8iThh7drghv8cNfAHmN5S4PPt4HqSyorSU8zzb2bHihyzZPvQi5c59ql,2026-01-08 15:44:05,1767883445.0,4.0,1,0,"Gimana Menurut Kalian?

Wacana perubahan mekanisme pemilihan kepala daerah (pilkada) dari pemilihan langsung kembali ke tangan DPRD memicu perdebatan hangat di parlemen.

Usulan yang berawal dari Rapimnas Partai Golkar 2025 ini mendapatkan respons beragam dari delapan partai politik yang memiliki kursi di DPR RI.

Hingga Kamis (8/1/2026), mayoritas partai di koalisi pemerintah cenderung mendukung usulan tersebut dengan alasan efisiensi, sementara partai oposisi memberikan catatan kritis mengenai keterlibatan rakyat.

Setidaknya sudah 6 partai secara terbuka menyatakan dukungan atau mempertimbangkan serius opsi pemilihan melalui DPRD. Yakni Golkar, Gerindra, Nasdem, PKB, PAN, dan Demokrat. Untuk PKS masih melakukan kajian. Sementara PDI Perjuangan tegas menolak wacana tersebut.

Partai Politik sudah setuju Pilkada lewat DPRD demi efisiensi anggaran dan alasan-alasan lainnya. Kalau kalian, rela hak suara memilih gubernur/wali kota/bupati dikembalikan ke DPRD?

#pesonamuba #dpr #pilkada",https://www.facebook.com/100026631322678/posts/2019838018913889,100026631322678,2019838018913889,,,,,,,,,,,,,,,,,,,,,,
https://www.facebook.com/TribunKaltim.co,100064573604422,1312833660879075,TribunKaltim.co,https://www.facebook.com/TribunKaltim.co/posts/pfbid0K2crtpmAC3itRnggYLcwjKBW9cL9ib95QSPfehMuDFWjzXD2BXSJvxSYytRkS8iKl,2026-01-08 00:01:02,1767826862.0,3.0,7,0,"Wacana pemilihan kepala daerah (Pilkada) melalui DPRD kian mendekati kenyataan. 

Jika tidak ada perubahan mendadak, hampir dipastikan mekanisme Pilkada langsung oleh rakyat akan digantikan dengan pemilihan oleh anggota DPRD.

Mayoritas fraksi di DPR RI telah menyatakan sikap mendukung revisi Undang-Undang Pilkada yang akan mengatur pemilihan gubernur, bupati, dan wali kota melalui DPRD. 

Enam partai Golkar, Gerindra, PKB, PAN, Demokrat, dan NasDem menguasai 417 kursi atau 71,91 persen suara DPR, cukup untuk meloloskan perubahan aturan tersebut.

Dengan konfigurasi politik saat ini, Pilkada lewat DPRD berpeluang besar disahkan melalui voting mayoritas. Artinya, rakyat tidak lagi mencoblos calon kepala daerah di TPS, melainkan menyerahkan kewenangan itu kepada wakil rakyat di parlemen daerah.

Perubahan sikap sejumlah partai, termasuk NasDem dan Demokrat, menjadi sorotan publik. Dukungan ini dinilai berbeda dengan sikap politik di masa lalu, ketika Pilkada langsung dipertahankan sebagai bentuk demokrasi partisipatif.

Di sisi lain, hasil survei LSI Denny JA menunjukkan mayoritas publik masih menolak Pilkada lewat DPRD, termasuk pemilih Presiden Prabowo Subianto. Meski demikian, peta kekuatan politik di parlemen membuat Pilkada langsung kini berada di ujung tanduk.

Baca selengkapnya di TribunKaltim.co 

#Pilkada #DPRRI #PolitikIndonesia #UUPilkada #DemokrasiIndonesia #TribunKaltim",https://www.facebook.com/100064573604422/posts/1312833660879075,100064573604422,1312833660879075,https://www.facebook.com/photo/?fbid=1312832017545906&set=a.634414305387684,https://scontent-ams2-1.xx.fbcdn.net/v/t39.30808-6/612513138_1312832024212572_4592677930327523445_n.jpg?stp=dst-jpg_s640x640_tt6&_nc_cat=107&ccb=1-7&_nc_sid=127cfc&_nc_ohc=APbNRfkPI-oQ7kNvwHdlZ4G&_nc_oc=Adnx7OmRrRg-GAds7ZIbFxr8ZhKkbBV75-RL9IYCqvg7Rwj1i3F7OJa0xR9gY7LDnvQ&_nc_zt=23&_nc_ht=scontent-ams2-1.xx&_nc_gid=5Gww6_oudJNvMWNsA7y97g&oh=00_Afp1HyV64TAqs051mnWRXVWjgAFUSVvumvSquTt0vkoMXQ&oe=6965C399,,,,,,,,,,,,,,,,,,,,
https://www.facebook.com/infokriminalitas,100070282457025,942067218146018,Berita Kriminal,https://www.facebook.com/infokriminalitas/posts/pfbid036pwDP6HFVcFAwqUpe5ydYwX6g7d8B7gQLt8cHy1g8aa18CHxHpUvEvwspZGAUjyul,2026-01-08 17:21:20,1767889280.0,1.0,0,0,"Bawaslu Sulsel menyoroti isu Pilkada melalui DPRD yang berpotensi mengubah sistem pemilihan kepala daerah, memunculkan tantangan pengawasan serta kekhawatiran akan kemunduran demokrasi dan potensi korupsi.",https://www.facebook.com/100070282457025/posts/942067218146018,100070282457025,942067218146018,,,,,,,,,,,,,,,,,,,,,,
https://www.facebook.com/PalembangInformasi,100064487358528,1345466874279545,Palembangkulukilir,https://www.facebook.com/PalembangInformasi/posts/pfbid02hcvLsyXsVyeTLF5kyL26GBwumvvaD42n5ft7jamVZb3HPqtNQkfyvmNVgaPwwgvql,2026-01-08 14:56:09,1767880569.0,2.0,3,3,"Wacana perubahan mekanisme pemilihan kepala daerah (pilkada) dari pemilihan langsung kembali ke tangan DPRD memicu perdebatan hangat di parlemen. Usulan yang berawal dari Rapimnas Partai Golkar 2025 ini mendapatkan respons beragam dari delapan partai politik yang memiliki kursi di DPR RI.

Hingga Kamis (8/1/2026), mayoritas partai di koalisi pemerintah cenderung mendukung usulan tersebut dengan alasan efisiensi, sementara partai oposisi memberikan catatan kritis mengenai keterlibatan rakyat.

Setidaknya sudah 6 partai secara terbuka menyatakan dukungan atau mempertimbangkan serius opsi pemilihan melalui DPRD. Yakni Golkar, Gerindra, Nasdem, PKB, PAN, dan Demokrat. Untuk PKS masih melakukan kajian. Sementara PDI Perjuangan tegas menolak wacana tersebut. 

Partai Politik sudah setuju Pilkada lewat DPRD demi efisiensi anggaran dan alasan-alasan lainnya. Kalau kalian, rela hak suara memilih gubernur/wali kota/bupati dikembalikan ke DPRD?

Sumber @kaltimtoday.co",https://www.facebook.com/100064487358528/posts/1345466874279545,100064487358528,1345466874279545,,,,,,,,,,,,,,,,,,,,,,
https://www.facebook.com/profile.php?id=100023497837280,100023497837280,1807156123410965,Warung Kopi Mbok Rondo Kidul Mesjid,https://www.facebook.com/permalink.php?story_fbid=pfbid0weRnJ76LCR1MDnXkEivKw3VuLHYpJD7tA2TVV4EKG3YeGLsDbAut1Gkipp4DWTEHl&id=100023497837280,2026-01-08 16:03:21,1767884601.0,2.0,6,1,"Nyapo PDIP menolak. Padahal liyane setuju.

Apakah kalian setuju hak suara memilih presiden,gubernur/wali kota/bupati dikembalikan ke DPRD?

Wacana perubahan mekanisme pemilihan kepala daerah (pilkada) dari pemilihan langsung kembali ke tangan DPRD memicu perdebatan hangat di parlemen. Usulan yang berawal dari Rapimnas Partai Golkar 2025 ini mendapatkan respons beragam dari delapan partai politik yang memiliki kursi di DPR RI.

Hingga Kamis (8/1/2026), mayoritas partai di koalisi pemerintah cenderung mendukung usulan tersebut dengan alasan efisiensi, sementara partai oposisi memberikan catatan kritis mengenai keterlibatan rakyat.

Setidaknya sudah 6 partai secara terbuka menyatakan dukungan atau mempertimbangkan serius opsi pemilihan melalui DPRD. Yakni Golkar, Gerindra, Nasdem, PKB, PAN, dan Demokrat. Untuk PKS masih melakukan kajian. Sementara PDI Perjuangan tegas menolak wacana tersebut. 

Partai Politik sudah setuju Pilkada lewat DPRD demi efisiensi anggaran dan alasan-alasan lainnya.",https://www.facebook.com/100023497837280/posts/1807156123410965,100023497837280,1807156123410965,https://www.facebook.com/photo/?fbid=1807156080077636&set=a.954666601993259,https://scontent-ams2-1.xx.fbcdn.net/v/t39.30808-6/613100675_1807156083410969_6790179059004273447_n.jpg?stp=dst-jpg_s590x590_tt6&_nc_cat=111&ccb=1-7&_nc_sid=833d8c&_nc_ohc=Msuh3b5wqiUQ7kNvwEtjSK8&_nc_oc=AdkGoM7E1_jWOZBsx_Qxp88DOC9oCWh1vMF2l_sH4pHH8bAFOBqlS3YmSrVE2ypqdJc&_nc_zt=23&_nc_ht=scontent-ams2-1.xx&_nc_gid=81IRdR9P7boyaxL2UZDCOA&oh=00_AfqojVUm93NpAiNW0w0BkV2rS2f_aPqv9AakNWbjmdLvhA&oe=69659FB7,,,,,,,,,,,,,,,,,,,,
https://www.facebook.com/umbu.hanggar.168456,61566457141378,122190888338548571,Umbu Hanggar,https://www.facebook.com/umbu.hanggar.168456/posts/pfbid02iMWhcFX5QQGUpjwAF4iPe9NGTz2YWV9VjMaNtTU3h4UsmeaAVvDa64WUNEqYdWPnl,2026-01-08 13:11:47,1767874307.0,1.0,0,0,"Sebagai partai termuda peserta pemilu 2024, PKN MENOLAK PEMILIHAN KEPALA DAERAH melalui DPRD...",https://www.facebook.com/61566457141378/posts/122190888338548571,61566457141378,122190888338548571,,,,,,,,,,,,,,,,,,,,,,
https://www.facebook.com/koranbaliexpress,100064713879320,1379668754200241,Koran Bali Express,https://www.facebook.com/koranbaliexpress/posts/pfbid02dMZQpw4LjwDbjQu2vqE3QF9NZySpgHfsZJLUt858CtL27ZwBd4L946DCiqZ2YjS4l,2026-01-08 15:00:38,1767880838.0,7.0,6,2,"Pilkada Lewat DPRD Menguat, Mayoritas Parlemen Sejalan Prabowo—Hak Rakyat Terancam?

Wacana pemilihan kepala daerah oleh DPRD kian mengeras. Dimulai dari Ketua Umum Partai Golkar Bahlil Lahadalia yang secara terbuka mengusulkannya di hadapan Presiden Prabowo Subianto, kini dukungan politik di parlemen terus bertambah.

Golkar, Gerindra, PKB, NasDem, hingga Demokrat sudah satu barisan mendukung Pilkada lewat DPRD. Alasannya beragam, mulai dari efisiensi anggaran, mahalnya ongkos politik, hingga maraknya politik uang dan dinasti dalam Pilkada langsung.

Bahlil bahkan menyebut Pilkada langsung bikin negara “pusing-pusing”, dengan biaya yang melonjak drastis—dari Rp7 triliun pada 2015 menjadi lebih dari Rp37 triliun pada 2024. Gerindra menilai sistem DPRD lebih ringkas, murah, dan membuka peluang bagi figur kompeten tanpa modal besar.

Namun, di tengah arus dukungan mayoritas, PDIP berdiri sendiri menolak. Partai berlambang banteng itu menegaskan Pilkada adalah hak rakyat yang tak bisa diwakilkan segelintir elite DPRD. PDIP bahkan mengakui adanya lobi-lobi politik agar ikut mendukung, namun sikapnya tetap tegas: menolak.

Sementara itu, PKS dan PAN masih menahan sikap, memilih mengkaji dan mendengar suara publik. Meski PAN mengakui Pilkada langsung sarat politik uang, mereka juga mengingatkan satu risiko besar: hak pilih rakyat bisa terpangkas.

Kini pertanyaannya semakin tajam:
Apakah Pilkada lewat DPRD solusi menyelamatkan demokrasi dari politik uang, atau justru jalan sunyi menuju demokrasi elite?

Gelombang politik sudah bergerak. Tinggal publik yang menentukan, akan ikut bersuara atau hanya jadi penonton.

#Pilkada #PilkadaDPRD #DemokrasiIndonesia #PolitikNasional #PrabowoSubianto #Golkar #Gerindra #PDIP #HakRakyat #IsuPolitik #KoranBaliExpress",https://www.facebook.com/100064713879320/posts/1379668754200241,100064713879320,1379668754200241,https://www.facebook.com/photo/?fbid=1379668484200268&set=a.609532797880511,https://scontent-ams2-1.xx.fbcdn.net/v/t39.30808-6/612556194_1379668490866934_969669085807055486_n.jpg?stp=dst-jpg_s640x640_tt6&_nc_cat=104&ccb=1-7&_nc_sid=127cfc&_nc_ohc=SdZrJRpHOTIQ7kNvwFF3gTV&_nc_oc=AdnG0SfytvGq9vl1R0anyf5YAuqrxQCwErdcHFjtPTHU1sYhdn6wq5GYEhbsGyJJJ4k&_nc_zt=23&_nc_ht=scontent-ams2-1.xx&_nc_gid=81IRdR9P7boyaxL2UZDCOA&oh=00_AfqP4vthEcXsaF0SdMP2ooC02kIPLm1MHuy_2CrYk6oMiQ&oe=6965A45F,,,,,,,,,,,,,,,,,,,,
https://www.facebook.com/endra.zulkarnain,100000093537628,26019198674333228,Endra Zulkarnain,https://www.facebook.com/endra.zulkarnain/posts/pfbid0hREePWg9bcf37WAeK8B2vTLLrgYYpFKKyg7kFzc78TFXn6nzgnEUHKThzYHmZXuJl,2026-01-08 02:29:14,1767835754.0,4.0,2,0,Pemilihan Kepala Daerah Lewat DPRD Tak Mesti Berlaku di Seluruh Daerah. Ada kriterianya (Kalau Jadi),https://www.facebook.com/100000093537628/posts/26019198674333228,100000093537628,26019198674333228,,,,,,,,,,,,,,,,,,,,,,
https://www.facebook.com/profile.php?id=100080161186362,100080161186362,895845186430846,Geni Lenggo,https://www.facebook.com/permalink.php?story_fbid=pfbid035iB3NuityE12NymUJ5cMWjDtw6wTeA5Qv4gADa83MYzvthn7n7CC8BLt5Q9dH9qcl&id=100080161186362,2026-01-08 14:14:29,1767878069.0,7.0,1,1,"Mari kita dorong MK utk bubarkan partai2 yg setuju pilkada melalui DPRD..

Peneliti dan Konsultan Politik, Saiful Mujani mengingatkan bahwa partai politik yang terbukti melanggar prinsip-prinsip konstitusional, termasuk upaya mengubah sistem pemerintahan presidensial melalui pemilihan kepala daerah tidak langsung, berpotensi dibubarkan oleh Mahkamah Konstitusi (MK). “Partai-partai yang menginginkan pemilihan tidak langsung itu sebenarnya adalah kekuatan politik yang tidak sanggup menjalankan demokrasi dan pemerintahan",https://www.facebook.com/100080161186362/posts/895845186430846,100080161186362,895845186430846,,,,,,,,,,,,,,,,,,,,,,
https://www.facebook.com/tribunupdate,100089459616188,879433105048669,Tribunnews Update,https://www.facebook.com/tribunupdate/posts/pfbid0315QcJ9KYFm7txMztS552RZLtS3GFjPYf7DUvxFB3VPHsnFMH1v2aBY7aZJswb95dl,2026-01-08 11:14:29,1767867269.0,0.0,3,1,"Inkonsistensi Sikap Demokrat soal Pilkada via DPRD: Menolak di Era SBY, Balik Arah di Zaman Prabowo

Partai Demokrat kini menyatakan menerima mekanisme pemilihan kepala daerah melalui DPRD, sebuah sikap yang berbanding terbalik dengan posisi partai tersebut pada masa pemerintahan Presiden Susilo Bambang Yudhoyono (SBY).

Pada era SBY, Partai Demokrat secara tegas menolak pilkada melalui DPRD dan mendukung pemilihan langsung oleh rakyat.

Bahkan SBY menerbitkan dua Peraturan Pemerintah Pengganti Undang-undang (Perppu) sebagai bentuk penolakan Pilkada lewat DPRD.

Perppu adalah peraturan yang ditetapkan oleh Presiden dalam keadaan kegentingan yang memaksa sebagai pengganti undang-undang. Dasarnya ada di Pasal 22 UUD 1945.

Namun, dalam perkembangan terbaru, Demokrat menyatakan tidak mempermasalahkan pilkada melalui DPRD.",https://www.facebook.com/100089459616188/posts/879433105048669,100089459616188,879433105048669,https://www.facebook.com/photo/?fbid=879432998382013&set=a.202545242737462,https://scontent-ams2-1.xx.fbcdn.net/v/t39.30808-6/613547214_879433005048679_3727208193077687445_n.jpg?stp=dst-jpg_p180x540_tt6&_nc_cat=105&ccb=1-7&_nc_sid=127cfc&_nc_ohc=4-faNGbhUUkQ7kNvwHT4rMz&_nc_oc=AdnqSN0JyFIniXWhPrlq9KvAEw8gJMyKjJv1kZfBzZ1ryJmRsZLutq-TzSe4alvAguo&_nc_zt=23&_nc_ht=scontent-ams2-1.xx&_nc_gid=K2LzRU5lJGVuB24psoDsYA&oh=00_AfogymHKSrdGDQqiDigcpEn87X-zF88D-nmKz2E4s16u2w&oe=6965A14B,,,,,,,,,,,,,,,,,,,,
https://www.facebook.com/profile.php?id=100089281314764,100089281314764,883685174617518,Azhar Muhammad,https://www.facebook.com/permalink.php?story_fbid=pfbid025ZDg2H6SSE8Dh4kMLHNSHhhs95qPjuKqmvNPAvjNwJv9tFz47J4z94Z7FsTgyJVVl&id=100089281314764,2026-01-08 04:58:40,1767844720.0,4.0,3,0,"Ada pro-kontra setiap sebuah wacana.
Adanya pro-kontra tentang model pemilihan kepala daerah gubernur/bupati/ Walikota bisa berdasarkan berbagai pertimbangan: 

Kepentingan politik partai;

Efektivitas harmoni jalannya kerjasama pemerintah pusat - pemerintahan daerah - pemerintahan kota/ kabupaten dalam merealisasi program pemerintahan yang singkron dari puat-daetah.

Efektivitas pembiyaan Pilkada yang ditanggung negara, Parpol pengusung dan calon. Semakin besar biaya yang dikeluarkan oleh Parpol dan kandidat maka harus berhitung bagaimana bisa kembali modal. Akibatnya antara lain cenderung kepala daerah perlu korupsi, bagi-bagi kue politik ke kelompok/ person pendukung dan berujung kualitas kinerja pemerintahan yang tidak sehat;

Pilkada dipilih DPRD biaya lebih murah - calon tak perlu berusaha memikat hati rakyat pemilih. Keterpilihan ditentukan pimpinan naasional bekerja sama dengan Ketum Parpol. Ujungnya bisa terjadi kinerja kepala daerah tidak perlu dengar aspirasi warga wilayah yang dikuasai.

Jadi segala sesuatu bisa ditinjau seberapa  Positive-Negative bukan cuma Like & Dislike 
atau mengadili mana Salah - Benar.

Monggo .....
@sorotan",https://www.facebook.com/100089281314764/posts/883685174617518,100089281314764,883685174617518,https://www.facebook.com/photo/?fbid=883685147950854&set=a.122984354020941,https://scontent-ams2-1.xx.fbcdn.net/v/t39.30808-6/611843536_883685151284187_1726245046861725952_n.jpg?_nc_cat=108&ccb=1-7&_nc_sid=833d8c&_nc_ohc=z9eD15o8-NoQ7kNvwGYN0ep&_nc_oc=Adnekjno3tazMHWvCdLCcf6NU8j-2a4FncOzV_-E9Lfqbhop5tGsFlJw6MQMuMR1I_g&_nc_zt=23&_nc_ht=scontent-ams2-1.xx&_nc_gid=K2LzRU5lJGVuB24psoDsYA&oh=00_AfqwdkjNpt9Bbs587J8eayBxMugjomLeBlJsx1xYg6OiGg&oe=6965A2D6,,,,,,,,,,,,,,,,,,,,
