url,title,displayedUrl,description,emphasizedKeywords,siteLinks,productInfo,likes,lastUpdated,channelName,type,position,reelLength,followersAmount,tweetCards,date,views,personalInfo,source_file,reactions
https://www.threads.com/@rakyatsulseldotco/post/DS11lt3ia1n/partai-gerindra-menyatakan-dukungannya-terhadap-wacana-pemilihan-kepala-daerah,Partai Gerindra menyatakan dukungannya terhadap ...,https://www.threads.com › @rakyatsulseldotco,"29 Des 2025 — ... pemilihan kepala daerah, mulai dari bupati, wali kota hingga ... gubernur, dilakukan melalui DPRD. Sekretaris Jenderal DPP Partai ...","['pemilihan', 'gubernur', 'DPRD']",[],{},,,,organic,66,,,,,,,thread 1.json,
https://www.threads.com/@deananha/post/DTNp9DXkWTT/kalau-wacana-gubernur-dan-bupati-walikota-dipilih-oleh-dprd-ini-akhirnya-lolos,Kalau wacana gubernur dan bupati/walikota dipilih oleh ...,https://www.threads.com › @deananha,"1 hari yang lalu — Dean AN (@deananha). 2 Replies. 99 Views. Kalau wacana gubernur dan bupati/walikota dipilih oleh DPRD ini akhirnya lolos, ...","['gubernur', 'DPRD']",[],{},,,,organic,1,,,,,,,thread 2.json,
https://www.threads.com/@fgmedia.official/post/DS45lINkhz5/usulan-pemilihan-kepala-daerah-oleh-dprd-kembali-mencuat-politik-uang-dan,Usulan pemilihan kepala daerah oleh DPRD kembali ...,https://www.threads.com › @fgmedia.official,30 Des 2025 — OCR נס Media GUBCI URATSUARA SUARA PEMILIMAN IHAN GUBERNUR LP 2 USULAN PILKADA DIPILIH DPRD SOLUSI EFEKTIF ATAU MENGGERUS HAK POLITIK RAKYAT? 4.,"['GUBERNUR', 'DPRD']",[],{},,,,organic,2,,,,,,,thread 2.json,
https://www.threads.com/@idntimes/post/DTKKngojmyr/projo-usul-pilkada-gubernur-dipilih-dprd-bupati-walkot-tetap-langsung,"Projo Usul Pilkada Gubernur Dipilih DPRD, Bupati-Walkot ...",https://www.threads.com › @idntimes,"2 hari yang lalu — IDN Times (@idntimes). 1.1K Views. Projo Usul Pilkada Gubernur Dipilih DPRD, Bupati-Walkot Tetap Langsung...","['Gubernur', 'DPRD']",[],{},,,,organic,3,,,,,,,thread 2.json,
https://www.threads.com/@tribunkaltim/post/DTOccDgk4h9/jika-tak-ada-perubahan-mendadak-hampir-pasti-usul-pemilihan-kepala-daerah-atau,"Jika tak ada perubahan mendadak, hampir pasti usul ...",https://www.threads.com › @tribunkaltim,"19 jam yang lalu — Tribun Kaltim (@tribunkaltim). Jika tak ada perubahan mendadak, hampir pasti usul pemilihan kepala daerah atau pilkada melalui Dewan ...",['pemilihan'],[],{},,,,organic,4,,,,,,,thread 2.json,
https://www.threads.com/@iradescamps/post/DS5yGNVjifY/jangan-ada-yg-ikut-pilih-caleg-biar-tdk-ada-dprd,"Jangan ada yg ikut pilih caleg, biar tdk ada DPRD",https://www.threads.com › @iradescamps,30 Des 2025 — JANGAN PILIH PARPOL yang MENGEBIRI HAK RAKYAT. MENLU SUGIONO yang TERBIASA BUNGKAM di FORUM INTERNASIONAL EH NONGOL MEMBAHAS PILKADA ...,[],[],{},,,,organic,5,,,,,,,thread 2.json,
https://www.threads.com/@inilah_com/post/DS1Zg2PEahE/partai-gerindra-mendukung-usulan-kepala-daerah-level-gubernur-hingga-bupatiwali-,Partai Gerindra mendukung usulan kepala daerah level ...,https://www.threads.com › @inilah_com,28 Des 2025 — Inilahcom (@inilah_com). 2 Replies. 173 Views. Partai Gerindra mendukung usulan kepala daerah level gubernur hingga bupati/wali kota dipilih ...,['gubernur'],[],{},,,,organic,6,,,,,,,thread 2.json,
https://www.threads.com/@tribunkaltim/post/DTNCavSEX-Y/wacana-penghapusan-pilkada-langsung-dan-pengembalian-mekanisme-pemilihan-kepala,Wacana penghapusan Pilkada langsung dan ...,https://www.threads.com › @tribunkaltim,1 hari yang lalu — Tribun Kaltim (@tribunkaltim). 69 Views. Wacana penghapusan Pilkada langsung dan pengembalian mekanisme pemilihan kepala daerah oleh DPRD ...,"['pemilihan', 'DPRD']",[],{},,,,organic,7,,,,,,,thread 2.json,
https://www.threads.com/@kompascom/post/DQjKRZyiBGR/usulkan-pemilihan-gubernur-oleh-dprd-bahlil-proses-yang-demokratis-juga,"Usulkan Pemilihan Gubernur oleh DPRD, Bahlil",https://www.threads.com › @kompascom,"Kompas.com (@kompascom). Usulkan Pemilihan Gubernur oleh DPRD, Bahlil: Proses yang Demokratis Juga http://dlvr.it/TP1gZw.",['Pemilihan Gubernur oleh DPRD'],[],{},,,,organic,8,,,,2025-11-02T12:00:00.000Z,,,thread 2.json,
https://www.threads.com/@abdul_rachmat_noer/post/DS9Puv_EhF3/pemilihan-melalui-dprd-justru-sejalan-dengan-sila-ke-pancasila-lalu-apanya-yang,Pemilihan melalui DPRD justru sejalan dengan Sila ke 4 ...,https://www.threads.com › @abdul_rachmat_noer,"31 Des 2025 — Hasil Pilkada dgn sistem yg kita pakai sekarang hasilnya pun juga jadi arisan buat elite dan rakyat menanggung ampasnya berupa banjir, longsor.",[],[],{},,,,organic,9,,,,,,,thread 2.json,
https://www.threads.com/@kris_tjahajaning_tyas/post/DTM0oS9Ei_h/gak-setuju-pilkada-lewat-dprd-wijudkan-pemilihan-langsung-klo-dibilang-gak,"Gak setuju Pilkada lewat DPRD, wijudkan pemilihan ...",https://www.threads.com › @kris_tjahajaning_tyas,"1 hari yang lalu — Kris Tjahajaning Tyas (@kris_tjahajaning_tyas). 15 Views. Gak setuju Pilkada lewat DPRD, wijudkan pemilihan langsung…","['DPRD', 'pemilihan']",[],{},,,,organic,10,,,,,,,thread 2.json,
https://www.threads.com/@jhonsitorus8/post/DSo3as5Evs5/video-hati-golkar-sedang-mengusulkan-agar-pemilihan-gubernur-bupati-dan-walikota,"Hati2, Golkar sedang mengusulkan agar Pemilihan Gubernur ...",https://www.threads.com › @jhonsitorus8,"Hati2, Golkar sedang mengusulkan agar Pemilihan Gubernur, Bupati dan Walikota lewat DPRD saja bukan lewat rakyat secara langsung lagi.","['Pemilihan Gubernur', 'DPRD']",[],{},,,,organic,11,,,,,,,thread 2.json,
https://www.threads.com/@rahadyanmjs/post/DTM5zKoEoW3/penyesatan-opini-kalo-dprd-berhasil-bukan-tidak-mungkin-akan-merembet-ke-pilpres,Penyesatan opini Kalo DPRD berhasil bukan tidak ...,https://www.threads.com › @rahadyanmjs,"1 hari yang lalu — Rakyat kalo masih milih PILKADA via DPRD berarti kebangetan PEKOK nya · setuju kalo hanya gubernur, gubernur kek camat dia gapunya otoritas ...","['DPRD', 'gubernur', 'gubernur']",[],{},,,,organic,12,,,,,,,thread 2.json,
https://www.threads.com/@ririebudje/post/DTCEf_sEpQK/nahhh-itu-lbh-bagus-drpda-di-pilih-oleh-dprd-mending-angkat-langsung-sekda-jdi,"Nahhh itu lbh bagus, drpda di pilih oleh DPRD, mending ...",https://www.threads.com › @ririebudje,6 hari yang lalu — Politikus PDI-P Deddy Sitorus menyebut wacana penghapusan PILKADA langsung dengan alasan efesiensi atau penghematan sebagai logika yang ...,[],[],{},,,,organic,13,,,,,,,thread 2.json,
https://www.threads.com/@verdianb/post/DS_-j_TE1z3/setelah-itu-presiden-d-pilih-dpr-kelar-deh,"Setelah itu presiden d pilih DPR , kelar deh 😆😁",https://www.threads.com › @verdianb,"6 hari yang lalu — Kabar buruk untuk kalian yang nolak Pilkada DPRD ala Orba. Suka gak suka, siap gak siap, revisi UU Pilkada pasti akan terjadi.",['DPRD'],[],{},,,,organic,14,,,,,,,thread 2.json,
https://www.threads.com/@djemi_lassa/post/DTAPqOplJmB/fix-pilkada-pemilihan-bupati-pemilihan-gubernur-oleh-dprd-beta-setuju-sekali,"Fix 90% Pilkada, Pemilihan Bupati ...",https://www.threads.com › @djemi_lassa,"6 hari yang lalu — Kalau katong kalah pintar katong hrs menang disiplin, Kalo katong kalah modal katong harus menang konsisten & kalau katong kalah pendidikan ...",[],[],{},,,,organic,15,,,,,,,thread 2.json,
https://www.threads.com/@danielhutahaean/post/DTFcDvjkTEp/kang-dedi-gimana-pendapatnya-tentang-pemilihan-kepala-daerah-kedepannya-oleh,"Kang Dedi, gimana pendapatnya tentang pemilihan kepala ...",https://www.threads.com › @danielhutahaean,"4 hari yang lalu — Daniel Raymond Hutahaean (@danielhutahaean). 2 Views. Kang Dedi, gimana pendapatnya tentang pemilihan kepala daerah kedepannya oleh DPRD ...","['pemilihan', 'DPRD']",[],{},,,,organic,16,,,,,,,thread 2.json,
https://www.threads.com/@neni1783/post/DTAhU3xkZDK/video-kalau-pilkada-dipilih-dprd-ini-nekad-dieksekusi-bagaimana-kira-kira-masa-depan,Kalau Pilkada Dipilih DPRD ini nekad dieksekusi ...,https://www.threads.com › @neni1783,"6 hari yang lalu — OCR Pilkada Dipilih DPRD, Masyarakat Pesimis Dengan Demokrasi dan Keserakahan Elite Politik . SECARA TRANSPARAN JOY iatniąto@gb.app .",['DPRD'],[],{},,,,organic,17,,,,,,,thread 2.json,
https://www.threads.com/@saepudinsyarif/post/DS3sVRGk4X9/video-golkar-mengusulkan-pilkada-lewat-dprd-bukan-dipilih-langsung-oleh-rakyat-di,"Golkar mengusulkan pilkada lewat DPRD, bukan dipilih ...",https://www.threads.com › @saepudinsyarif,"29 Des 2025 — Saepudin Syarif (@saepudinsyarif). 52 Replies. 1.9K Views. Golkar mengusulkan pilkada lewat DPRD, bukan dipilih langsung oleh rakyat.",['DPRD'],[],{},,,,organic,18,,,,,,,thread 2.json,
https://www.threads.com/@endang_creart/post/DTMZtH2E-ZO/itu-soal-mekanisme-yg-harus-dibenerin-tapi-bukan-dengan-menghilangkan-pemilihan,"Itu soal mekanisme yg harus dibenerin, tapi bukan dengan ...",https://www.threads.com › @endang_creart,"2 hari yang lalu — Endang Rinasih Pakso Wati (@endang_creart). Itu soal mekanisme yg harus dibenerin, tapi bukan dengan menghilangkan pemilihan langsung.",['pemilihan'],[],{},,,,organic,19,,,,,,,thread 2.json,
https://www.threads.com/@dppprojo/post/DTKpjl8k0y9/httpssatunusanewspolitikprojo-setujui-kompromi-pilkada-gubernur-dipilih-dprd-bup,https://satunusa.news/politik/projo-setujui-kompromi ...,https://www.threads.com › @dppprojo,"2 hari yang lalu — OCR PROJO Setujui Kompromi Pilkada: Gubernur Dipilih DPRD, Bupati dan Wali Kota Tetap Dipilih Langsung Admin@ Editorial Team Selasa, ...","['Gubernur', 'DPRD']",[],{},,,,organic,20,,,,,,,thread 2.json,
https://www.threads.com/@hariankompas/post/DDtzbgQoJFd,Pemilihan kepala daerah tidak langsung untuk gubernur ...,https://www.threads.com › @hariankompas,18 Des 2024 — Harian Kompas (@hariankompas). 256 Views. Pemilihan kepala daerah tidak langsung untuk gubernur melalui DPRD dinilai perlu kajian mendalam ...,"['Pemilihan', 'gubernur', 'DPRD']",[],{},,,,organic,22,,,,,,,thread 2.json,
https://www.threads.com/@tribunnews/post/DTNUpl8ki5h/ketua-dpp-pdip-deddy-sitorus-mengungkap-adanya-lobi-politik-dari-partai-koalisi,Ketua DPP PDIP Deddy Sitorus mengungkap adanya lobi ...,https://www.threads.com › @tribunnews,1 hari yang lalu — Tribunnews.com (@tribunnews). 177 Views. Ketua DPP PDIP Deddy Sitorus mengungkap adanya lobi politik dari partai koalisi pemerintah agar ...,[],[],{},,,,organic,23,,,,,,,thread 2.json,
https://www.threads.com/@dr.hendarasena/post/DTMw8WQgQuA/kalo-dprpd-nya-pinter-pinter-dan-amanah-sih-oke-oke-aja-lha-dprd-nya-mohon-maaf,kalo dprpd nya pinter pinter dan amanah sih oke oke aja ...,https://www.threads.com › @dr.hendarasena,1 hari yang lalu — Henda Rasena (@dr.hendarasena). 4 Views. kalo dprpd nya pinter pinter dan amanah sih oke oke aja lha dprd nya mohon maaf kualitasnya kurang.,['dprd'],[],{},,,,organic,29,,,,,,,thread 2.json,
https://www.threads.com/@tomiluqmanhakimxxiv/post/DTFZAqDEmnp/setuju,Setuju 🔥🔥🔥,https://www.threads.com › @tomiluqmanhakimxxiv,4 hari yang lalu — Politikus PDI-P Deddy Sitorus menyebut wacana penghapusan PILKADA langsung dengan alasan efesiensi atau penghematan sebagai logika yang ...,[],[],{},,,,organic,35,,,,,,,thread 2.json,
https://www.threads.com/@endang_creart/post/DTMIt7rk5jy/dukung-pdip-menolak-kalau-dibiarin-pilpres-pun-akan-kembali-nggak-dipilih,Dukung PDIP MENOLAK…kalau dibiarin pilpres pun akan ...,https://www.threads.com › @endang_creart,2 hari yang lalu — Endang Rinasih Pakso Wati (@endang_creart). 162 Replies. 2.6K Views. Dukung PDIP MENOLAK…kalau dibiarin pilpres pun akan kembali nggak ...,[],[],{},,,,organic,38,,,,,,,thread 2.json,
https://www.threads.com/@ekopriianto/post/DTMRdFwkumS/nggk-alasan-udah-gila-itu-partai-partai-cuma-gara-pengen-efisien-hak-rakyat,"Nggk,, Alasan Udah Gila itu Partai Partai,, cuma gara2 ...",https://www.threads.com › @ekopriianto,"2 hari yang lalu — Eko Budi Prianto (@ekopriianto). 12 Views. Nggk,, Alasan Udah Gila itu Partai Partai,, cuma gara2 pengen Efisien Hak Rakyat jadi Korban,,, ...",[],[],{},,,,organic,40,,,,,,,thread 2.json,
https://www.threads.com/@laurel_heydir/post/DS8b3wHE8H8/selamat-ya,Selamat ya 🎉,https://www.threads.com › @laurel_heydir,31 Des 2025 — MK melalui Putusan No. 135/2024 menghentikan pemilu serentak & menetapkan pemisahan antara pemilu nasional & lokal.,[],[],{},,,,organic,45,,,,,,,thread 2.json,
https://www.threads.com/@d10n_w4hyu/post/DTMSemujpf9/video-muhamad-khozin-debat-dengan-bang-fery-asas-pemilu-langsung-umum-bebas-rahasia,Muhamad Khozin Debat dengan Bang Fery Asas Pemilu ...,https://www.threads.com › @d10n_w4hyu,"2 hari yang lalu — OCR 50% PKB Pasal 22E PROPERTY OF Indonesia CNN (1) Pemilihan umum dilaksanakan secara langsung, umum, bebas, rahasia, jujur dan adil setiap ...",['Pemilihan'],[],{},,,,organic,48,,,,,,,thread 2.json,
https://www.threads.com/@yudanagaramy/post/DPtIvXfE0EI/video-pemilu-langsung-mahal-bikin-berantem-mending-gubernur-ditunjuk-bupati-dipilih-dp,Pemilu langsung mahal & bikin berantem. Mending ...,https://www.threads.com › @yudanagaramy,"12 Okt 2025 — Yudanagara M. Yusup (@yudanagaramy). Pemilu langsung mahal & bikin berantem. Mending GUBERNUR ditunjuk, Bupati dipilih DPRD. Efisiensi!","['GUBERNUR', 'DPRD']",[],{},,,,organic,77,,,,,,,thread 2.json,
https://www.threads.com/@kpu_cianjur,Komisi Pemilihan Umum Kabupaten Cianjur (@kpu_cianjur),https://www.threads.com › ...,Berikut adalah Tahapan dan Jadwal Pembentukan PPK dan PPS untuk Pilkada 2024 berdasarkan Keputusan KPU Republik Indonesia Nomor 476 Tahun 2025.Yuk kita cek ...,[],[],{},,,,organic,83,,,,,,,thread 2.json,
https://www.threads.com/@tribunnews/post/DTNUw5YklS6/gubernur-jawa-barat-dedi-mulyadi-merespons-kritik-yang-disampaikan-komika-pandji,"Gubernur Jawa Barat, Dedi Mulyadi, merespons kritik yang ...",https://www.threads.com › @tribunnews,"1 hari yang lalu — Tribunnews.com (@tribunnews). 461 Views. Gubernur Jawa Barat, Dedi Mulyadi, merespons kritik yang disampaikan komika Pandji Pragiwaksono ...",['Gubernur'],[],{},,,,organic,87,,,,,,,thread 2.json,
https://www.threads.com/@happeningbiz/post/DR_T3ZCknXm/wacana-perubahan-sistem-pilkada-kembali-mencuat-menteri-bahlil-menyampaikan,Wacana perubahan sistem Pilkada kembali mencuat!,https://www.threads.com › @happeningbiz,"Wacana perubahan sistem Pilkada kembali mencuat! Menteri Bahlil menyampaikan usulan agar kepala daerah tidak lagi dipilih langsung oleh rakyat, ...",['perubahan sistem Pilkada'],[],{},,,,organic,1,,,,,,,thread 3.json,
https://www.threads.com/@happeningbiz/post/DR_T_iKif7u/namun-banyak-pihak-menilai-ini-berpotensi-mengurangi-keterlibatan-publik-dan,Wacana perubahan sistem Pilkada kembali mencuat!,https://www.threads.com › @happeningbiz,"Wacana perubahan sistem Pilkada kembali mencuat! Menteri Bahlil menyampaikan usulan agar kepala daerah tidak lagi dipilih langsung oleh rakyat, ...",['perubahan sistem Pilkada'],[],{},,,,organic,2,,,,,,,thread 3.json,
https://www.threads.com/@nalarlogika.id/post/DTNTJdfEnsN/buat-aturan-baru-agar-dapat-melindungi-aturan-lama-dan-kembali-pada-mode-orde,"BUAT ATURAN BARU, AGAR DAPAT MELINDUNGI ...",https://www.threads.com › @nalarlogika.id,1 hari yang lalu — ... perubahan sistem Pilkada.| NalarLogika.id Masyarakat Sipil Yang Menolak Bodoh#nalarlogikaid ...,['perubahan sistem Pilkada'],[],{},,,,organic,3,,,,,,,thread 3.json,
https://www.threads.com/@nalarlogika.id/post/DTK_syjEiSn/selamat-datang-di-negeri-para-pendongeng-ditengah-tengah-kekacauan-iklim,selamat datang di negeri para pendongeng!,https://www.threads.com › @nalarlogika.id,2 hari yang lalu — ... perubahan sistem Pilkada. | NalarLogika.id Masyarakat Sipil Yang Menolak Bodoh. #nalarlogikaid ...,['perubahan sistem Pilkada'],[],{},,,,organic,4,,,,,,,thread 3.json,
https://www.threads.com/@nalarlogika.id/post/DCQqFwTg6dY,Membahas 3 Isu Penting Dunia. 1. Security Global ...,https://www.threads.com › @nalarlogika.id,perubahan sistem Pilkada.| NalarLogika.id Masyarakat Sipil Yang Menolak Bodoh#nalarlogikaid ...,['perubahan sistem Pilkada'],[],{},,,,organic,5,,,,2024-11-11T12:00:00.000Z,,,thread 3.json,
https://www.threads.com/@nalarlogika.id/post/DTNkfKREiT6/kacung-siapa-sih-mereka-nalar-logika-id-masyarakat-sipil-yang-menolak-bodoh,Kacung siapa sih mereka? | 𝗡𝗮𝗹𝗮𝗿𝗟𝗼𝗴𝗶𝗸𝗮.𝗶𝗱 ...,https://www.threads.com › @nalarlogika.id,1 hari yang lalu — ... perubahan sistem Pilkada.| NalarLogika.id Masyarakat Sipil Yang Menolak Bodoh#nalarlogikaid ...,['perubahan sistem Pilkada'],[],{},,,,organic,6,,,,,,,thread 3.json,
https://www.threads.com/@jccnetwork.id/post/DHneqDjS4uM/video-bahrain-takjub-atau-sindir-pelatih-dragan-talajic-soroti-kebijakan-timnas-indone,Bahrain Takjub atau Sindir? Pelatih Dragan Talajic Soroti ...,https://www.threads.com › @jccnetwork.id,... perubahan sistem pilkada dari pemilihan langsung kembali ke mekanisme pemilihan oleh DPRD.Sebab bagi mereka sistem pemilihan umum yang berlaku saat ini ...,['perubahan sistem pilkada'],[],{},,,,organic,7,,,,,,,thread 3.json,
https://www.threads.com/@tribunnews/post/DTPByLIktY5/wacana-pemilihan-kepala-daerah-melalui-dprd-sebenarnya-tidak-baru-digaungkan,Wacana pemilihan kepala daerah melalui DPRD ...,https://www.threads.com › @tribunnews,"15 jam yang lalu — Bahkan, mekanisme semacam itu sempat disahkan oleh DPR melalui revisi UU Pilkada saat tahun 2014 silam. Sejarah Kepala Daerah Dipilih DPRD ...",['revisi UU Pilkada'],[],{},,,,organic,1,,,,,,,thread 3.json,
https://www.threads.com/@hariankompas/post/C-9tUvovS69,Revisi UU Pilkada hanya makan waktu sekitar tujuh jam. ...,https://www.threads.com › @hariankompas,22 Agu 2024 — Harian Kompas (@hariankompas). 1 Reply. 1.9K Views. Revisi UU Pilkada hanya makan waktu sekitar tujuh jam. Sejumlah materi revisi bertolak ...,['Revisi UU Pilkada'],[],{},,,,organic,2,,,,,,,thread 3.json,
https://www.threads.com/@beritasatu/post/DS6SJeGDv8E/komisi-ii-dpr-belum-bahas-revisi-uu-pilkada-meski-didukung-parpol-utm-medium,Komisi II DPR Belum Bahas Revisi UU Pilkada meski ...,https://www.threads.com › @beritasatu,30 Des 2025 — BeritaSatu (@beritasatu). 350 Views. Komisi II DPR Belum Bahas Revisi UU Pilkada meski Didukung Parpol...,['Revisi UU Pilkada'],[],{},,,,organic,3,,,,,,,thread 3.json,
https://www.threads.com/@kompasdata/post/DS-G0EQlD5A/para-anggota-fraksi-di-dpr-tengah-menunggu-arahan-dari-pimpinan-partai-masing,Para anggota fraksi di DPR tengah menunggu arahan dari ...,https://www.threads.com › @kompasdata,7 hari yang lalu — Polhuk #AdadiKompas. Pimpinan Partai Disebut Telah Merapat Jajaki Rencana Revisi UU Pilkada hingga UU Pemilu. kompas.id. Pimpinan Partai ...,['Revisi UU Pilkada'],[],{},,,,organic,4,,,,,,,thread 3.json,
https://www.threads.com/@kompasdata/post/DS9tMfujk56/jika-persoalannya-sistemik-maka-solusinya-tidak-bisa-parsial-penyelenggaraan,"Jika persoalannya sistemik, maka solusinya tidak bisa ...",https://www.threads.com › @kompasdata,7 hari yang lalu — baca.komp.as/TQ5wM… Polhuk #AdadiKompas. Pimpinan Partai Disebut Telah Merapat Jajaki Rencana Revisi UU Pilkada hingga UU Pemilu. kompas.id.,['Revisi UU Pilkada'],[],{},,,,organic,5,,,,,,,thread 3.json,
https://www.threads.com/@investordailyid/post/DS4fLMSjtBR/ada-desakan-revisi-uu-p-ilkada-komisi-ii-dpr-belum-ada-pembahasan-utm-medium,"Ada Desakan Revisi UU PIlkada, Komisi II DPR",https://www.threads.com › @investordailyid,"30 Des 2025 — Investor Daily Indonesia (@investordailyid). 93 Views. Ada Desakan Revisi UU PIlkada, Komisi II DPR: Belum Ada Pembahasan...",['Revisi UU PIlkada'],[],{},,,,organic,6,,,,,,,thread 3.json,
https://www.threads.com/@kompasdata/post/DS_ACLcjlfq/mk-membuktikan-dirinya-sebagai-penjaga-demokrasi-bangsa-sepanjang-banyak,MK membuktikan dirinya sebagai penjaga demokrasi ...,https://www.threads.com › @kompasdata,7 hari yang lalu — baca.komp.as/TQ5wM… Polhuk #AdadiKompas. Pimpinan Partai Disebut Telah Merapat Jajaki Rencana Revisi UU Pilkada hingga UU Pemilu. kompas.id.,['Revisi UU Pilkada'],[],{},,,,organic,7,,,,,,,thread 3.json,
https://www.threads.com/@hariankompas/post/C_AQXFUv75C,"Wakil Ketua DPR dari Fraksi Partai Gerindra, Sufmi Dasco ...",https://www.threads.com › @hariankompas,"23 Agu 2024 — ... revisi UU Pilkada pada Kamis (22/8). Oleh karenanya, pada 27-29 Agustus nanti, atau saat pendaftaran bakal calon kepala-wakil kepala daerah ...",['revisi UU Pilkada'],[],{},,,,organic,8,,,,,,,thread 3.json,
https://www.threads.com/@yosi.hs/post/DS_002Xj3JQ/itu-pileg-bukan-pilkada,"Itu pileg, bukan pilkada.",https://www.threads.com › @yosi.hs,"7 hari yang lalu — Kabar buruk untuk kalian yang nolak Pilkada DPRD ala Orba. Suka gak suka, siap gak siap, revisi UU Pilkada pasti akan terjadi. Udah ada empat ...",['revisi UU Pilkada'],[],{},,,,organic,9,,,,,,,thread 3.json,
https://www.threads.com/@beritasatu/post/DS6SXpFDpvy/pilkada-lewat-dprd-mengembalikan-muruah-demokrasi-utm-medium-threads,Pilkada lewat DPRD Mengembalikan Muruah Demokrasi,https://www.threads.com › @beritasatu,30 Des 2025 — Komisi II DPR Belum Bahas Revisi UU Pilkada meski Didukung Parpol beritasatu.com/nasio… Komisi II DPR Belum Bahas Revisi UU Pilkada meski ...,"['Revisi UU Pilkada', 'Revisi UU Pilkada']",[],{},,,,organic,10,,,,,,,thread 3.json,
https://www.threads.com/@idntimes/post/DTPhgvSDuTy/lsi-denny-ja-persen-responden-tolak-usul-pilkada-dprd,LSI Denny JA: 66 Persen Responden Tolak Usul Pilkada ...,https://www.threads.com › @idntimes,11 jam yang lalu — IDN Times (@idntimes). LSI Denny JA: 66 Persen Responden Tolak Usul Pilkada DPRD...,['Pilkada DPRD'],[],{},,,,organic,1,,,,,,,thread 3.json,
https://www.threads.com/@kompascom/post/DTFUTG6AZfV/wacana-pilkada-lewat-dprd-dinilai-bertentangan-dengan-konstitusi-ari-nurcahyo,Wacana pilkada lewat DPRD dinilai bertentangan ...,https://www.threads.com › @kompascom,4 hari yang lalu — Baca selengkapnya: nasional.kompas.com/read… · _RKD #wacana #pilkada #DPRD.,['pilkada #DPRD'],[],{},,,,organic,2,,,,,,,thread 3.json,
https://www.threads.com/@murianewscom/post/DSrwp9XAZbx/wacana-pilkada-lewat-dprd-kembali-muncul-dengan-alasan-efisiensi-biaya-namun-din,Wacana Pilkada lewat DPRD kembali muncul ... - Threads,https://www.threads.com › @murianewscom,25 Des 2025 — #murianews #pilkada #dprd #demokrasi #pilkadalewatdprd. May be an image of poster and text that says 'MURIANEWS PILKADA LEWAT DPRD LANGKAH.,['pilkada #dprd'],[],{},,,,organic,3,,,,,,,thread 3.json,
https://www.threads.com/@nandangsutisnachannel/post/DTAJWVaAY0n/video-tolak-wacana-pilkada-oleh-dprd-itu-bukan-untuk-penghematan-tapi-akal-akalan,"Tolak wacana Pilkada oleh DPRD, itu bukan untuk ...",https://www.threads.com › @nandangsutisnachannel,6 hari yang lalu — #pilkada #dprd #kotakkosong. OCR TOLAK Pilkada Lewat DPRD Nandang Sutisna @nandangsutisnachannel MANDANG . dimulai dari penyegelan Anies ...,['pilkada #dprd'],[],{},,,,organic,4,,,,,,,thread 3.json,
https://www.threads.com/@pdiperjuanganngawi/post/DTHq8y7DdrP/video-prof-mahfud-md-menyoroti-munculnya-wacana-pilkada-kembali-dipilih-oleh-dprd,Prof. Mahfud MD menyoroti munculnya wacana Pilkada ...,https://www.threads.com › @pdiperjuanganngawi,"3 hari yang lalu — #Pilkada #DPRD #MahkamahKonstitusi #Hukum. OCR PDIPERJUANGAN 53 NGAWI Setyan-FraJanette UNTUK ANTICASA-LAMA BERDIRI, Pilkada Dipilih DPRD ...",['Pilkada #DPRD'],[],{},,,,organic,5,,,,,,,thread 3.json,
https://www.threads.com/@sindonews/post/DS3xrrZk88o/ketua-fraksi-partai-nasdem-dpr-viktor-bungtilu-laiskodat-menegaskan-pemilihan,Ketua Fraksi Partai Nasdem DPR Viktor Bungtilu ... - Threads,https://www.threads.com › @sindonews,29 Des 2025 — ... Pilkada #DPRD #Konstitusi. May be an image of poster and text that says 'SindoNews KOMISI KOMISI MISI ٤. May be an image of sports equipment ...,['Pilkada #DPRD'],[],{},,,,organic,6,,,,,,,thread 3.json,
https://www.threads.com/@ahmadsrobbani/post/DTDL0NTj-3N/ketiga-kontradiksi-logika-soal-dprd-di-satu-sisi-rakyat-dianggap-tidak-layak,"Ketiga, kontradiksi logika soal DPRD. Di satu sisi, rakyat ...",https://www.threads.com › @ahmadsrobbani,5 hari yang lalu — Percaya gak percaya mayotitas yang menolak pilkada DPRD itu yang partai mreka pengkaderannya jelek. Mreka mostly pengandalkan artis dan ...,['pilkada DPRD'],[],{},,,,organic,8,,,,,,,thread 3.json,
https://www.threads.com/@hariankompas/post/DTM0iqJDv6A/seharusnya-partai-senang-pemilu-makin-banyak-pemilu-makin-sering-partai,Seharusnya partai senang pemilu. Makin banyak ...,https://www.threads.com › @hariankompas,1 hari yang lalu — ... banyak partai di Indonesia tidak suka pemilu. baca.komp.as/TQBzF… ArtikelOpini #AdadiKompas. Manuver Pilkada DPRD. kompas.id. Manuver Pilkada ...,"['Pilkada DPRD', 'Pilkada']",[],{},,,,organic,9,,,,,,,thread 3.json,
https://www.threads.com/@buce_iswara/post/DS_4wz0EyTS/gw-sih-bodo-amat-mau-dipilih-sama-rakyat-atau-sama-anggota-parlemen-kagak-ngaruh,Gw sih bodo amat mau dipilih sama rakyat atau ...,https://www.threads.com › @buce_iswara,"7 hari yang lalu — Kalau Gubernur dipilih DPRD sih menurut saya gpp, seperti di Jogja yg gak ada Pilkada Gubernur. Kalau Bupati&Walikota harus Pilkada langsung ...",['Gubernur dipilih DPRD'],[],{},,,,organic,3,,,,,,,thread 3.json,
https://www.threads.com/@dppprojo/post/DQEPX1TE7HH/projo-anggap-setahun-pemerintahan-prabowo-gibran-konsisten-di-jalur-kerakyatan-b,PROJO Anggap Setahun Pemerintahan Prabowo-Gibran ...,https://www.threads.com › @dppprojo,"21 Okt 2025 — #Projo #Prabowo #gibran #IndonesiaEmas ... No photo description available. ... PROJO Setujui Kompromi Pilkada: Gubernur Dipilih DPRD, Bupati dan ...",['Gubernur Dipilih DPRD'],[],{},,,,organic,4,,,,,,,thread 3.json,
https://www.threads.com/@idntimes/post/DJHVeq7oMN-/golkar-dukung-prabowo-di-2029-bahlil-mau-2-periode-kita-bicarakan-httpswwwidntim,"Golkar Dukung Prabowo di 2029, Bahlil: Mau 2 Periode? ...",https://www.threads.com › @idntimes,"1 Mei 2025 — Projo Usul Pilkada Gubernur Dipilih DPRD, Bupati-Walkot Tetap Langsung idntimes.com/news… Projo Usul Pilkada Gubernur Dipilih DPRD, Bupati- ...","['Gubernur Dipilih DPRD', 'Gubernur Dipilih DPRD']",[],{},,,,organic,5,,,,,,,thread 3.json,
https://www.threads.com/@helmih466/post/DSoykCsgYo_/setuju-lah-pimpinan-daerah-dipilih-dprd-soalnya-dana-pilkada-ber-t-t-jika,Setuju lah pimpinan daerah dipilih DPRD soalnya dana ...,https://www.threads.com › @helmih466,"23 Des 2025 — Ketika orba gubernur dipilih DPRD, Prabowo pengen sama juga. 4. Soeharto digulingkan pas 98, oleh Prabowo dijadikan Pahlawan. Keduanya sama ...",['gubernur dipilih DPRD'],[],{},,,,organic,6,,,,,,,thread 3.json,
https://www.threads.com/@idntimes/post/DS_9mckjnyv/ojk-ungkap-kebijakan-strategis-untuk-perkuat-pasar-modal-pada,OJK Ungkap Kebijakan Strategis untuk Perkuat Pasar ...,https://www.threads.com › @idntimes,"6 hari yang lalu — Projo Usul Pilkada Gubernur Dipilih DPRD, Bupati-Walkot Tetap Langsung idntimes.com/news… Projo Usul Pilkada Gubernur Dipilih DPRD, Bupati- ...","['Gubernur Dipilih DPRD', 'Gubernur Dipilih DPRD']",[],{},,,,organic,7,,,,,,,thread 3.json,
https://www.threads.com/@bushtommy/post/DShfl1ME1qO/semoga-segera-terwujud-aamiin,Semoga segera terwujud. Aamiin 🤲,https://www.threads.com › @bushtommy,21 Des 2025 — Gubernur dipilih DPRD tapi Bupati/Walikota Pilkada Langsung. For me. ... Kenapa gelar gelar bangsawan masih laku di Konoha? Gelar (beli) plus ...,['Gubernur dipilih DPRD'],[],{},,,,organic,8,,,,,,,thread 3.json,
https://www.threads.com/@deananha/post/DStVVb7Elwb/seleksi-ketat,"Seleksi ""ketat"" 🥱🤔",https://www.threads.com › @deananha,"25 Des 2025 — Ketika orba gubernur dipilih DPRD, Prabowo pengen sama juga. 4. Soeharto digulingkan pas 98, oleh Prabowo dijadikan Pahlawan.Keduanya sama ...",['gubernur dipilih DPRD'],[],{},,,,organic,9,,,,,,,thread 3.json,
https://www.threads.com/@ahmadsrobbani/post/DTC3rTtD22t/gini-maa-problemnya-apa-pilkada-langsung-membuat-lahirnya-pemimpin-yang-tidak,"Gini maa, problemnya apa? pilkada langsung membuat ...",https://www.threads.com › @ahmadsrobbani,5 hari yang lalu — Percaya gak percaya mayotitas yang menolak pilkada DPRD itu yang partai mreka pengkaderannya jelek. Mreka mostly pengandalkan artis dan ...,['pilkada DPRD'],[],{},,,,organic,10,,,,,,,thread 3.json,
https://www.threads.com/@kabargolkar/post/DSuIE1UEWlo/dukung-usulan-golkar-soal-pilkada-dprd-dan-koalisi-permanen-rekomendasi,DUKUNG USULAN GOLKAR SOAL PILKADA DPRD DAN ...,https://www.threads.com › @kabargolkar,26 Des 2025 — kabargolkar (@kabargolkar). DUKUNG USULAN GOLKAR SOAL PILKADA DPRD DAN KOALISI PERMANEN rekomendasi Rapimnas tersebut merupakan langkah ...,['PILKADA DPRD'],[],{},,,,organic,11,,,,,,,thread 3.json,
https://www.threads.com/@holopiscom/post/DS3yJvmDdoC/nasdem-pilkada-via-dprd-sah-konstitusi-dan-tetap-di-koridor-demokrasi-wacana,Nasdem: Pilkada via DPRD Sah Konstitusi dan Tetap di ...,https://www.threads.com › @holopiscom,"29 Des 2025 — Arifki Nilai Demokrat Sedang Terjepit di Isu Pilkada DPRDPosisi Demokrat saat ini tidak mudah, mereka sedang dilanda cemas antara memilih ...",['Pilkada DPRD'],[],{},,,,organic,12,,,,,,,thread 3.json,
https://www.threads.com/@luthfihasanalbolqiaah/post/DTIAttlEqJ8/video-detik-news-ketua-umum-partai-golkar-bahlil-lahadalia-mengusulkan-agar-pilkada,[DetikNews] Ketua Umum Partai Golkar Bahlil Lahadalia ...,https://www.threads.com › @luthfihasanalbolqiaah,3 hari yang lalu — #Pilkada #DPRD #ariefrosyid #Bahlil #Golkar #masihdikampus. OCR HUKUM NLINE NEWS ለ AR 30 KARYA OLKAR kami menyampaikan kalau bisa pilkada ...,['Pilkada #DPRD'],[],{},,,,organic,13,,,,,,,thread 3.json,
https://www.threads.com/@joglosemarnews/post/DS2gQmEgOAZ/dasco-zulhas-dan-cak-imin-sambangi-rumah-bahlil-di-tengah-isu-pilkada-dprd-ada,"Dasco, Zulhas, dan Cak Imin Sambangi Rumah Bahlil di ...",https://www.threads.com › @joglosemarnews,"29 Des 2025 — JOGLOSEMAR NEWS (@joglosemarnews). 5 Views. Dasco, Zulhas, dan Cak Imin Sambangi Rumah Bahlil di Tengah Isu Pilkada DPRD, Ada Apa? JAKARTA,.",['Pilkada DPRD'],[],{},,,,organic,14,,,,,,,thread 3.json,
https://www.threads.com/@holopiscom/post/DS_bVddjmXW/demokrat-kaget-cak-imin-dusta-soal-pkb-dukung-pilkada-dprd-sejak-era-sby-hasbil,Demokrat Kaget Cak Imin Dusta Soal PKB Dukung Pilkada ...,https://www.threads.com › @holopiscom,7 hari yang lalu — Holopiscom (@holopiscom). 21 Views. Demokrat Kaget Cak Imin Dusta Soal PKB Dukung Pilkada DPRD Sejak Era SBY Hasbil Lubis kaget Cak Imin ...,['Pilkada DPRD'],[],{},,,,organic,15,,,,,,,thread 3.json,
https://www.threads.com/@holopiscom/post/DS2V-PfkZdI/arifki-yakin-pilkada-lewat-dprd-potensi-lolos-pdip-tak-mampu-bendung-arifki,"Arifki Yakin Pilkada Lewat DPRD Potensi Lolos, PDIP Tak ...",https://www.threads.com › @holopiscom,"29 Des 2025 — Arifki Chaniago menilai Pilkada DPRD tak menguntungkan bagi partai kecil. Potensi lolos tinggi, bahkan PDIP dinilai tak mampu membendungnya.",['Pilkada DPRD'],[],{},,,,organic,16,,,,,,,thread 3.json,
https://www.threads.com/@susma_ina2691/post/DTLMVLJkhBK/tdk-ada-hubungan-nya-dgn-jokowi-ini-pilkada,"Tdk ada hubungan nya dgn Jokowi, ini Pilkada",https://www.threads.com › @susma_ina2691,2 hari yang lalu — ... PDIP pendukung pilkada DPRD kok cuma saya gak yakin konsistensi PDIP saat berkuasa juga. Related threads. susma_ina2691's profile picture.,['pilkada DPRD'],[],{},,,,organic,17,,,,,,,thread 3.json,
https://www.threads.com/@kompasdata/post/DTM0inQjtOw/seharusnya-partai-senang-pemilu-makin-banyak-pemilu-makin-sering-partai,Seharusnya partai senang pemilu. Makin banyak ...,https://www.threads.com › @kompasdata,1 hari yang lalu — ... banyak partai di Indonesia tidak suka pemilu. baca.komp.as/TQBzF… Opini #AdadiKompas. Manuver Pilkada DPRD. kompas.id. Manuver Pilkada DPRD.,"['Pilkada DPRD', 'Pilkada DPRD']",[],{},,,,organic,18,,,,,,,thread 3.json,
https://www.threads.com/@holopiscom/post/DS345zzkVGA/arifki-nilai-demokrat-sedang-terjepit-di-isu-pilkada-dprd-posisi-demokrat-saat,Arifki Nilai Demokrat Sedang Terjepit di Isu Pilkada DPRD,https://www.threads.com › @holopiscom,"29 Des 2025 — Holopiscom (@holopiscom). 13 Views. Arifki Nilai Demokrat Sedang Terjepit di Isu Pilkada DPRD Posisi Demokrat saat ini tidak mudah, ...",['Pilkada DPRD'],[],{},,,,organic,19,,,,,,,thread 3.json,
https://www.threads.com/@idntimes/post/DTHmDTRDiFI/penangkapan-maduro-jadi-celah-zelensky-menyentil-putin,Penangkapan Maduro Jadi Celah Zelensky Menyentil Putin,https://www.threads.com › @idntimes,"4 hari yang lalu — Projo Usul Pilkada Gubernur Dipilih DPRD, Bupati-Walkot Tetap Langsung idntimes.com/news… Projo Usul Pilkada Gubernur Dipilih DPRD, Bupati- ...","['Gubernur Dipilih DPRD', 'Gubernur Dipilih DPRD']",[],{},,,,organic,12,,,,,,,thread 3.json,
https://www.threads.com/@pamujogatot/post/DTK5CiwgWGg/apa-rakyat-sudah-pada-bodoh-semua-ya,Apa rakyat sudah pada bodoh semua ya,https://www.threads.com › @pamujogatot,"2 hari yang lalu — Setuju bupati/gubernur dipilih DPRD saja. Toh sama saja, sekarang dipilih langsung rakyat banyak yang korupsi dan ga peduli rakyat. Lebih ...",['gubernur dipilih DPRD'],[],{},,,,organic,13,,,,,,,thread 3.json,
https://www.threads.com/@idntimes/post/DTHOHhKjqUv/tring-by-pegadaian-sukses-jangkau-juta-pengguna-aktif,Tring! by Pegadaian Sukses Jangkau 3 Juta Pengguna Aktif,https://www.threads.com › @idntimes,"4 hari yang lalu — [QUIZ] Gaya Layar Ponselmu Ungkap Cara Kamu Mengatur Hidup idntimes.com/tech… ... Projo Usul Pilkada Gubernur Dipilih DPRD, Bupati-Walkot Tetap ...",['Gubernur Dipilih DPRD'],[],{},,,,organic,14,,,,,,,thread 3.json,
https://www.threads.com/@idntimes/post/DTKLSJPFNPN/quiz-gaya-layar-ponselmu-ungkap-cara-kamu-mengatur-hidup-utm-medium-threads,[QUIZ] Gaya Layar Ponselmu Ungkap Cara Kamu ...,https://www.threads.com › @idntimes,"3 hari yang lalu — Projo Usul Pilkada Gubernur Dipilih DPRD, Bupati-Walkot Tetap Langsung idntimes.com/news… Projo Usul Pilkada Gubernur Dipilih DPRD, Bupati- ...","['Gubernur Dipilih DPRD', 'Gubernur Dipilih DPRD']",[],{},,,,organic,15,,,,,,,thread 3.json,
https://www.threads.com/@yohana_silahooij/post/DO3dhAFgVBQ/selalu-banyak-cara-untuk-bisa-mengelabuhi-masyarakat-jangkauanluasfyp,Selalu banyak cara untuk bisa mengelabuhi masyarakat. ...,https://www.threads.com › @yohana_silahooij,"Gubernur dipilih DPRD, Walikota Bupati di tunjuk Gubernur spt DKI sekarang. Irit, ga jorjoran ngenakkin KPU dgn Anggaran ratusan triliun. 6. 1.",['Gubernur dipilih DPRD'],[],{},,,,organic,16,,,,2025-09-21T12:00:00.000Z,,,thread 3.json,
https://www.threads.com/@idntimes/post/DTC6An8jneU/kalahkan-persijap-persija-jaga-asa-naik-ke-puncak-klasemen,"Kalahkan Persijap, Persija Jaga Asa Naik ke Puncak ...",https://www.threads.com › @idntimes,"5 hari yang lalu — Projo Usul Pilkada Gubernur Dipilih DPRD, Bupati-Walkot Tetap Langsung idntimes.com/news… Projo Usul Pilkada Gubernur Dipilih DPRD, Bupati- ...","['Gubernur Dipilih DPRD', 'Gubernur Dipilih DPRD']",[],{},,,,organic,17,,,,,,,thread 3.json,
https://www.threads.com/@deananha/post/DSpueISEuIz/nunggu-emosi-rakyat-memuncak-mungkin,Nunggu emosi rakyat memuncak mungkin,https://www.threads.com › @deananha,"24 Des 2025 — Ketika orba gubernur dipilih DPRD, Prabowo pengen sama juga. 4. Soeharto digulingkan pas 98, oleh Prabowo dijadikan Pahlawan. Keduanya sama ...",['gubernur dipilih DPRD'],[],{},,,,organic,18,,,,,,,thread 3.json,
https://www.threads.com/@bushtommy/post/DTC_fgZEoxG/awali-tahun-om-tram-dari-ameriki-serang-caracas-bahasa-maduranya-kasrakas-dan,"Awali tahun 2026, Om Tram dari Ameriki serang Caracas ...",https://www.threads.com › @bushtommy,"5 hari yang lalu — Bustomi Menggugat (@bushtommy) · December 30, 2025 at 5:27 PM. Gubernur dipilih DPRD tapi Bupati/Walikota Pilkada Langsung. For me. 2. © 2026 ...",['Gubernur dipilih DPRD'],[],{},,,,organic,19,,,,,,,thread 3.json,
https://www.threads.com/@kompasdata/post/DS-LbuqjqRR/jika-diterapkan-sistem-hukum-pidana-di-indonesia-berisiko-memicu-kekacauan,"Jika diterapkan, sistem hukum pidana di Indonesia berisiko ...",https://www.threads.com › @kompasdata,7 hari yang lalu — baca.komp.as/TQ5wM… Polhuk #AdadiKompas. Pimpinan Partai Disebut Telah Merapat Jajaki Rencana Revisi UU Pilkada hingga UU Pemilu. kompas.id.,['Revisi UU Pilkada'],[],{},,,,organic,12,,,,,,,thread 3.json,
https://www.threads.com/@magdaleneid/post/C-95uQuSM38,Beberapa cuplikan dari aksi protes Revisi UU Pilkada yang lagi ...,https://www.threads.com › @magdaleneid,Beberapa cuplikan dari aksi protes Revisi UU Pilkada yang lagi dikebut DPR. KawalPutusanMK #ReformasiDihabisi #Peringatan Darurat.,['Revisi UU Pilkada'],[],{},,,,organic,13,,,,,,,thread 3.json,
https://www.threads.com/@nadfa2004/post/DS_oJDikQeO/menandakan-indonesia-memang-sedang-dalam-cengkeraman-figur-yang-tidak-napak,Kabar buruk untuk kalian yang nolak Pilkada DPRD ala Orba,https://www.threads.com › @nadfa2004,"7 hari yang lalu — Suka gak suka, siap gak siap, revisi UU Pilkada pasti akan terjadi. Udah ada empat parpol yang mendukung (Golkar, Geridndra, PKB, Nasdem) dan ...",['revisi UU Pilkada'],[],{},,,,organic,14,,,,,,,thread 3.json,
https://www.threads.com/@moodpagiku/post/DS_etpKAQAN/termasuk-pdip-yg-mengusulkan-pemilu-tertutup-dimana-calon-yg-lolos-itu-partai,"Termasuk PDIP, yg mengusulkan pemilu tertutup, dimana ...",https://www.threads.com › @moodpagiku,"7 hari yang lalu — Kabar buruk untuk kalian yang nolak Pilkada DPRD ala Orba. Suka gak suka, siap gak siap, revisi UU Pilkada pasti akan terjadi.",['revisi UU Pilkada'],[],{},,,,organic,15,,,,,,,thread 3.json,
https://www.threads.com/@voaindonesia/post/C_AsdBRyQk5,"Tak cuma 'Garuda Biru', beragam slogan dan spanduk ...",https://www.threads.com › @voaindonesia,"23 Agu 2024 — Tak cuma 'Garuda Biru', beragam slogan dan spanduk bermunculan saat demo revisi UU Pilkada di Kompleks MPR/DPR, Jakarta, Kamis (22/8).",['revisi UU Pilkada'],[],{},,,,organic,16,,,,,,,thread 3.json,
https://www.threads.com/@mahdihadiwijaya/post/DS_5WaoD86-/bu-bisa-bu-indo-coba-sistem-partai-pemerintah-oposisi-sama-independen,"Bu bisa bu, indo coba sistem 3 partai, pemerintah, oposisi ...",https://www.threads.com › @mahdihadiwijaya,"7 hari yang lalu — Kabar buruk untuk kalian yang nolak Pilkada DPRD ala Orba. Suka gak suka, siap gak siap, revisi UU Pilkada pasti akan terjadi.",['revisi UU Pilkada'],[],{},,,,organic,17,,,,,,,thread 3.json,
https://www.threads.com/@kompasdata/post/DS9tD1wjkZ3/presiden-taiwan-lai-ching-te-berjanji-untuk-mempertahankan-kedaulatan-taiwan-lai,Presiden Taiwan Lai Ching-te berjanji untuk ...,https://www.threads.com › @kompasdata,7 hari yang lalu — baca.komp.as/TQ5wM… Polhuk #AdadiKompas. Pimpinan Partai Disebut Telah Merapat Jajaki Rencana Revisi UU Pilkada hingga UU Pemilu. kompas.id.,['Revisi UU Pilkada'],[],{},,,,organic,18,,,,,,,thread 3.json,
https://www.threads.com/@kompasdata/post/DS_NqyDjprB/rendahnya-nilai-rata-rata-tes-kemampuan-akademik-siswa-mencerminkan-realitas,Rendahnya nilai rata-rata tes kemampuan akademik siswa ...,https://www.threads.com › @kompasdata,7 hari yang lalu — Pimpinan Partai Disebut Telah Merapat Jajaki Rencana Revisi UU Pilkada hingga UU Pemilu. kompas.id. Pimpinan Partai Disebut Telah Merapat ...,['Revisi UU Pilkada'],[],{},,,,organic,19,,,,,,,thread 3.json,
https://www.threads.com/@kekeezzsenomb/post/DS_1DW8AQ6h/sumber-masalah-di-negeri-ini-parpol-suka-tdk-suka-itu-fakta-dengan-wakil-duduk,Sumber masalah di negeri ini PARPOL....suka TDK ...,https://www.threads.com › @kekeezzsenomb,"7 hari yang lalu — Kabar buruk untuk kalian yang nolak Pilkada DPRD ala Orba. Suka gak suka, siap gak siap, revisi UU Pilkada pasti akan terjadi. Udah ada empat ...",['revisi UU Pilkada'],[],{},,,,organic,20,,,,,,,thread 3.json,
https://www.threads.com/@gungkris__/post/DSo4vxbgQW2/malah-katanya-dia-pingin-cari-dukungan-ke-rusia-buat-kebijakannya,Malah katanya dia pingin cari dukungan ke Rusia buat ...,https://www.threads.com › @gungkris__,"24 Des 2025 — 3. Ketika orba gubernur dipilih DPRD, Prabowo pengen sama juga. 4. Soeharto digulingkan pas 98, oleh Prabowo dijadikan Pahlawan. Keduanya ...",['gubernur dipilih DPRD'],[],{},,,,organic,21,,,,,,,thread 3.json,
https://www.threads.com/@lond_sholura/post/DS3kIghEmCZ/selamat-jalan-demokrasi,Selamat jalan demokrasi.,https://www.threads.com › @lond_sholura,"29 Des 2025 — Updatw terkini : 4 ketum partai besar ngopi, bukan ngopi biasa. Kabarnya mereka membahas ""kemungkinan"" Walikota dan Gubernur dipilih DPRD.",['Gubernur dipilih DPRD'],[],{},,,,organic,22,,,,,,,thread 3.json,
https://www.threads.com/@deananha/post/DSoTHqDkQkU/foto-yang-diposting-oleh-dean-an-deananha,Photo posted by Dean AN (@deananha),https://www.threads.com › @deananha,"23 Des 2025 — 3. Ketika orba gubernur dipilih DPRD, Prabowo pengen sama juga. 4. Soeharto digulingkan pas 98, oleh Prabowo dijadikan Pahlawan. Keduanya ...",['gubernur dipilih DPRD'],[],{},,,,organic,23,,,,,,,thread 3.json,
https://www.threads.com/@idntimes/post/DScBQ34kVMU/negara-unggulan-teratas-di-fase-grup-piala-afrika,6 Negara Unggulan Teratas di Fase Grup Piala Afrika 2025,https://www.threads.com › @idntimes,"19 Des 2025 — Projo Usul Pilkada Gubernur Dipilih DPRD, Bupati-Walkot Tetap Langsung idntimes.com/news… Projo Usul Pilkada Gubernur Dipilih DPRD, Bupati- ...","['Gubernur Dipilih DPRD', 'Gubernur Dipilih DPRD']",[],{},,,,organic,24,,,,,,,thread 3.json,
https://www.threads.com/@idntimes/post/DSbQPjmj4cc/aksi-bendera-putih-di-aceh-desak-status-bencana-nasional-diberlakukan,"Aksi Bendera Putih di Aceh, Desak Status Bencana ...",https://www.threads.com › @idntimes,"18 Des 2025 — Projo Usul Pilkada Gubernur Dipilih DPRD, Bupati-Walkot Tetap Langsung idntimes.com/news… Projo Usul Pilkada Gubernur Dipilih DPRD, Bupati- ...","['Gubernur Dipilih DPRD', 'Gubernur Dipilih DPRD']",[],{},,,,organic,25,,,,,,,thread 3.json,
https://www.threads.com/@idntimes/post/DADnuvhICVO,PPATK Sebut Analisis soal PPDS Undip Dicuekin KPK,https://www.threads.com › @idntimes,"Projo Usul Pilkada Gubernur Dipilih DPRD, Bupati-Walkot Tetap Langsung idntimes.com/news… Projo Usul Pilkada Gubernur Dipilih DPRD, Bupati- ...","['Gubernur Dipilih DPRD', 'Gubernur Dipilih DPRD']",[],{},,,,organic,26,,,,2024-09-18T12:00:00.000Z,,,thread 3.json,
https://www.threads.com/@luthfimutty/post/DSpda_8CWdq/alasan-utama-pilkada-kembali-ke-dprd-krn-biaya-mahal-membuat-bsmyak-kdh-kena,Alasan utama pilkada kembali ke DPRD krn biaya mahal. ...,https://www.threads.com › @luthfimutty,"24 Des 2025 — 1. · 2. Orba dwi fungsi abri, Prabowo menginisiasi revisi UU TNI. · 3. Ketika orba gubernur dipilih DPRD, Prabowo pengen sama juga.",['gubernur dipilih DPRD'],[],{},,,,organic,27,,,,,,,thread 3.json,
https://www.threads.com/@idntimes/post/DEOqkLAITFw,"Catat, 27 Rute TransJakarta yang Berubah di Malam ...",https://www.threads.com › @idntimes,"30 Des 2024 — Projo Usul Pilkada Gubernur Dipilih DPRD, Bupati-Walkot Tetap Langsung idntimes.com/news… Projo Usul Pilkada Gubernur Dipilih DPRD, Bupati- ...","['Gubernur Dipilih DPRD', 'Gubernur Dipilih DPRD']",[],{},,,,organic,28,,,,,,,thread 3.json,
https://www.threads.com/@idntimes/post/DJ6UCGeIueG/berdampak-ke-lingkungan-industri-nikel-harus-dikelola-transparan-httpswwwidntime,"Berdampak ke Lingkungan, Industri Nikel Harus Dikelola ...",https://www.threads.com › @idntimes,"21 Mei 2025 — Projo Usul Pilkada Gubernur Dipilih DPRD, Bupati-Walkot Tetap Langsung idntimes.com/news… Projo Usul Pilkada Gubernur Dipilih DPRD, Bupati- ...","['Gubernur Dipilih DPRD', 'Gubernur Dipilih DPRD']",[],{},,,,organic,29,,,,,,,thread 3.json,
https://www.threads.com/@alariictv/post/DTPZc68Et25/video-alasan-persen-publik-tidak-setuju-pilkada-melalui-dprd,"Alasan 66,1 Persen Publik Tidak Setuju Pilkada melalui ...",https://www.threads.com › @alariictv,12 jam yang lalu — 2014 STITUEN PARTAI VS PILKADA DPRD KOM Apakah Ibu/ Bapak setuju atau tidak setuju wocana pilkada tidak langsung (dipilih oleh DPRD)? Partai ...,['PILKADA DPRD'],[],{},,,,organic,22,,,,,,,thread 3.json,
https://www.threads.com/@radarpekalongan/post/DR_K9Zxkmxd/video-biaya-politik-tinggi-jadi-alasan-pdip-terbuka-kaji-pilkada-lewat-dprd-fyp,"Biaya Politik Tinggi Jadi Alasan, PDIP Terbuka Kaji Pilkada ...",https://www.threads.com › @radarpekalongan,"Radar Pekalongan (@radarpekalongan). Biaya Politik Tinggi Jadi Alasan, PDIP Terbuka Kaji Pilkada Lewat DPRD #fyp #pilkada #dprd #pdip #politik.",['pilkada #dprd'],[],{},,,,organic,23,,,,,,,thread 3.json,
https://www.threads.com/@nandangsutisnachannel/post/DS_nvv_CEco/video-no-viral-no-justice-pandjipragiwaksono,No Viral No Justice. #pandjipragiwaksono,https://www.threads.com › @nandangsutisnachannel,"7 hari yang lalu — ... January 2, 2026 at 12:52 AM. Tolak wacana Pilkada oleh DPRD, itu bukan untuk penghematan tapi akal-akalan. #pilkada #dprd #kotakkosong. 44. 8. 6.",['pilkada #dprd'],[],{},,,,organic,24,,,,,,,thread 3.json,
https://www.threads.com/@ies.3n/post/DTCScuRipV-/video-cuma-ganti-skin-isinya-tetap-sama-prabowo-pilkada-dprd-beritaviral,"cuma ganti skin, isinya tetap sama #prabowo #pilkada ...",https://www.threads.com › @ies.3n,"6 hari yang lalu — Elieser Tarigan (@ies.3n). 14 Views. cuma ganti skin, isinya tetap sama #prabowo #pilkada #dprd #beritaviral #eliesertarigan.",['pilkada #dprd'],[],{},,,,organic,25,,,,,,,thread 3.json,
https://www.threads.com/@murianewscom/post/DRepf85ktyq/jumlah-kontribusi-gol-messi-mencapai-jauh-melewati-ronaldo,"Jumlah Kontribusi Gol Messi Mencapai 1300, Jauh ...",https://www.threads.com › @murianewscom,murianews #pilkada #dprd #demokrasi #pilkadalewatdprd. May be an image of poster and text that says 'MURIANEWS PILKADA LEWAT DPRD LANGKAH.,['pilkada #dprd'],[],{},,,,organic,26,,,,2025-11-25T12:00:00.000Z,,,thread 3.json,
https://www.threads.com/@murianewscom/post/DSpgM2Mkr7L/ini-tanda-tanda-busi-motormu-sudah-harus-diganti,Ini Tanda-Tanda Busi Motormu Sudah Harus Diganti,https://www.threads.com › @murianewscom,24 Des 2025 — #murianews #pilkada #dprd #demokrasi #pilkadalewatdprd. May be an image of poster and text that says 'MURIANEWS PILKADA LEWAT DPRD LANGKAH.,['pilkada #dprd'],[],{},,,,organic,27,,,,,,,thread 3.json,
https://www.threads.com/@kompasdata/post/DTM3SlOjozj/para-hakim-ad-hoc-menuntut-dihapusnya-ketimpangan-tunjangan-jabatan-dengan,Para hakim ad hoc menuntut dihapusnya ketimpangan ...,https://www.threads.com › @kompasdata,1 hari yang lalu — ... banyak partai di Indonesia tidak suka pemilu. baca.komp.as/TQBzF… Opini #AdadiKompas. Manuver Pilkada DPRD. kompas.id. Manuver Pilkada DPRD.,"['Pilkada DPRD', 'Pilkada DPRD']",[],{},,,,organic,28,,,,,,,thread 3.json,
https://www.threads.com/@medsoszone/post/DOAsFLwE4lF/-dua-anggota-dpr-ri-dari-fraksi-partai-amanat-nasional-pan-eko-hendro-purnomo-at,- Dua anggota DPR RI dari Fraksi Partai Amanat Nasional ...,https://www.threads.com › @medsoszone,31 Agu 2025 — #pilkada #dprd #medsoszone #indonesia #viral. May be a meme of poster and text that says 'PILKADA PILKADA OPRD Pilkada Lewat. May be an image ...,['pilkada #dprd'],[],{},,,,organic,29,,,,,,,thread 3.json,
https://www.threads.com/@idntimes/post/DDrMSROIvnI,"Kasus Akuisisi Jembatan Nusantara, 2 Petinggi ASDP ...",https://www.threads.com › @idntimes,"17 Des 2024 — Projo Usul Pilkada Gubernur Dipilih DPRD, Bupati-Walkot Tetap Langsung idntimes.com/news… Projo Usul Pilkada Gubernur Dipilih DPRD, Bupati- ...","['Gubernur Dipilih DPRD', 'Gubernur Dipilih DPRD']",[],{},,,,organic,32,,,,,,,thread 3.json,
https://www.threads.com/@idntimes/post/DSul-JGDkrr/pesawat-garuda-rute-jakarta-sydney-turbulensi-2-awak-kabin-terluka-httpswwwidnti,"Pesawat Garuda Rute Jakarta-Sydney Turbulensi, 2 Awak ...",https://www.threads.com › @idntimes,"26 Des 2025 — Projo Usul Pilkada Gubernur Dipilih DPRD, Bupati-Walkot Tetap Langsung idntimes.com/news… Projo Usul Pilkada Gubernur Dipilih DPRD, Bupati- ...","['Gubernur Dipilih DPRD', 'Gubernur Dipilih DPRD']",[],{},,,,organic,34,,,,,,,thread 3.json,
https://www.threads.com/@idntimes/post/DHJAxHQIblr/astra-antisipasi-lonjakan-69-juta-kendaraan-di-tol-saat-lebaran-httpswwwidntimes,"Astra Antisipasi Lonjakan 6,9 Juta Kendaraan di Tol saat ...",https://www.threads.com › @idntimes,"Projo Usul Pilkada Gubernur Dipilih DPRD, Bupati-Walkot Tetap Langsung idntimes.com/news… Projo Usul Pilkada Gubernur Dipilih DPRD, Bupati- ...","['Gubernur Dipilih DPRD', 'Gubernur Dipilih DPRD']",[],{},,,,organic,35,,,,2025-03-13T12:00:00.000Z,,,thread 3.json,
https://www.threads.com/@idntimes/post/DDG0bodIsEG/china-kecam-pengusiran-diplomat-dari-lithuania-httpswwwidntimescomnewsworldbrahm,China Kecam Pengusiran Diplomat dari Lithuania,https://www.threads.com › @idntimes,"2 Des 2024 — Projo Usul Pilkada Gubernur Dipilih DPRD, Bupati-Walkot Tetap Langsung idntimes.com/news… Projo Usul Pilkada Gubernur Dipilih DPRD, Bupati- ...","['Gubernur Dipilih DPRD', 'Gubernur Dipilih DPRD']",[],{},,,,organic,36,,,,,,,thread 3.json,
https://www.threads.com/@idntimes/post/C9lxoeLIJaG?hl=es,"Komnas HAM Turun ke Lapangan, Telusuri Kematian ...",https://www.threads.com › @idntimes,"Projo Usul Pilkada Gubernur Dipilih DPRD, Bupati-Walkot Tetap Langsung idntimes.com/news… ... 3 Mantan Pemain Manchester United di Saudi Pro ...",['Gubernur Dipilih DPRD'],[],{},,,,organic,37,,,,2024-07-18T12:00:00.000Z,,,thread 3.json,
https://www.threads.com/@idntimes/post/DOmYZgqCC7K/vasilije-adzic-wonderkid-montenegro-yang-hancurkan-inter-milan-httpswwwidntimesc,"Vasilije Adzic, Wonderkid Montenegro yang Hancurkan Inter",https://www.threads.com › @idntimes,"Projo Usul Pilkada Gubernur Dipilih DPRD, Bupati-Walkot Tetap Langsung idntimes.com/news… Projo Usul Pilkada Gubernur Dipilih DPRD, Bupati- ...","['Gubernur Dipilih DPRD', 'Gubernur Dipilih DPRD']",[],{},,,,organic,38,,,,2025-09-14T12:00:00.000Z,,,thread 3.json,
https://www.threads.com/@idntimes/post/DLOBzY2opQt/top-5-hut-ke-498-kota-jakarta-hingga-as-serang-tiga-lokasi-di-iran-httpswwwidnti,TOP 5: HUT ke-498 Kota Jakarta hingga AS Serang Tiga ...,https://www.threads.com › @idntimes,"Projo Usul Pilkada Gubernur Dipilih DPRD, Bupati-Walkot Tetap Langsung idntimes.com/news… Projo Usul Pilkada Gubernur Dipilih DPRD, Bupati- ...","['Gubernur Dipilih DPRD', 'Gubernur Dipilih DPRD']",[],{},,,,organic,39,,,,2025-06-22T12:00:00.000Z,,,thread 3.json,
https://www.threads.com/@nandangsutisnachannel/post/DC7pdB2zJmU,Iya pada akhirnya harus begitu,https://www.threads.com › @nandangsutisnachannel,"January 2, 2026 at 12:52 AM. Tolak wacana Pilkada oleh DPRD, itu bukan untuk penghematan tapi akal-akalan. #pilkada #dprd #kotakkosong. 35. 3. 5.",['pilkada #dprd'],[],{},,,,organic,32,,,,2024-11-28T12:00:00.000Z,,,thread 3.json,
https://www.threads.com/@kissfmjember/post/DCES86YSkag,Hasil Sidak Pansus Pilkada DPRD Jember: Sortir Lipat Surat ...,https://www.threads.com › @kissfmjember,KISS FM JEMBER (@kissfmjember). 8 Views. Hasil Sidak Pansus Pilkada DPRD Jember: Sortir Lipat Surat Suara Masih Aman ... Hasil Sidak Pansus Pilkada DPRD ...,"['Pilkada DPRD', 'Pilkada DPRD']",[],{},,,,organic,34,,,,,,,thread 3.json,
https://www.threads.com/@totalpolitikcom/post/DTHkYJDDrsl/video-selengkapnya-di-you-tube-freedominstitute-id-%E2%81%A3-%E2%81%A3you-tube-total,Selengkapnya di YouTube @freedominstitute.id,https://www.threads.com › @totalpolitikcom,4 hari yang lalu — ... ........................................⁣⁣⁣⁣⁣⁣⁣⁣⁣⁣⁣............................. #totalpolitik #puthutea #pilkada #dprd #rakyat. 1.,['pilkada #dprd'],[],{},,,,organic,35,,,,,,,thread 3.json,
https://www.threads.com/@luthfihasanalbolqiaah/post/DTPuWp-CT9E/video-gibran-ngantuk-ya-tugas-kuliah-pandji-pragiwaksono-dinilai-buruk-banyak-dosen,"""Gibran Ngantuk Ya"" - Tugas Kuliah @pandji. ...",https://www.threads.com › @luthfihasanalbolqiaah,9 jam yang lalu — #Pilkada #DPRD #ariefrosyid #Bahlil #Golkar #masihdikampus. OCR TAPI ARAHNYA ADALAH FITNAHAN . akhir semester dan waktunya dosen-dosen untuk ...,['Pilkada #DPRD'],[],{},,,,organic,36,,,,,,,thread 3.json,
https://www.threads.com/@kompasdata/post/DTM1uucjiFP/pensiun-bisa-dijalani-dengan-nyaman-dan-tanpa-drama-syaratnya-mulai-mengelola,Pensiun bisa dijalani dengan nyaman dan tanpa drama. ...,https://www.threads.com › @kompasdata,1 hari yang lalu — ... banyak partai di Indonesia tidak suka pemilu. baca.komp.as/TQBzF… Opini #AdadiKompas. Manuver Pilkada DPRD. kompas.id. Manuver Pilkada DPRD.,"['Pilkada DPRD', 'Pilkada DPRD']",[],{},,,,organic,37,,,,,,,thread 3.json,
https://www.threads.com/@murianewscom/post/DSsKZc2kR7i/video-wakil-presiden-wapres-gibran-rakabuming-raka-menghadiri-perayaan-natal-di-kota,Wakil Presiden (Wapres) Gibran Rakabuming Raka ...,https://www.threads.com › @murianewscom,25 Des 2025 — #murianews #pilkada #dprd #demokrasi #pilkadalewatdprd. May be an image of poster and text that says 'MURIANEWS PILKADA LEWAT DPRD LANGKAH.,['pilkada #dprd'],[],{},,,,organic,38,,,,,,,thread 3.json,
https://www.threads.com/@kompasdata/post/DS4gYjqDgF-/serangan-ini-menandai-eskalasi-ketegangan-antara-arab-saudi-dan-stc-yang,Serangan ini menandai eskalasi ketegangan antara Arab ...,https://www.threads.com › @kompasdata,30 Des 2025 — Kalangan masyarakat sipil menilai pilkada DPRD tidak hanya mengancam ruang calon perseorangan tetapi melemahkan kedaulatan rakyat di daerah.,['pilkada DPRD'],[],{},,,,organic,39,,,,,,,thread 3.json,
https://www.threads.com/@nandangsutisnachannel/post/DS_DgOHgtVc/video-perbedaan-gaya-kepemimpinan-penanganan-bencana-dari-sby-dan-prabowo-sby-prabowo,Perbedaan gaya kepemimpinan penanganan bencana ...,https://www.threads.com › @nandangsutisnachannel,7 hari yang lalu — #pilkada #dprd #kotakkosong. OCR Perbedaan Bencana Manajemen SBY Vs. Prabowo HANDANG . SBY datang ke lokasi NANDANG SUTISNA Channel . juga ...,['pilkada #dprd'],[],{},,,,organic,40,,,,,,,thread 3.json,
https://www.threads.com/@nandangsutisnachannel/post/DTBqnMFE_GF/video-belajar-kehidupan-dari-salah-satu-pemimpin-besar-indonesia-pak-habibie-yang,Belajar kehidupan dari salah satu pemimpin besar ...,https://www.threads.com › @nandangsutisnachannel,"6 hari yang lalu — #pilkada #dprd #kotakkosong. OCR BJ HARIBIE Keseimbangan Agama, Budaya, dan IPTEK Nandang Sutisna @nandangaulrenachemam . Saya bersyukur ...",['pilkada #dprd'],[],{},,,,organic,41,,,,,,,thread 3.json,
https://www.threads.com/@kompasdata/post/DS4UhhzDsEs/badan-meteorologi-klimatologi-dan-geofisika-mengeluarkan-status-siaga-untuk,"Badan Meteorologi, Klimatologi dan Geofisika ...",https://www.threads.com › @kompasdata,"29 Des 2025 — December 30, 2025 at 12:01 AM. Kalangan masyarakat sipil menilai pilkada DPRD tidak hanya mengancam ruang calon perseorangan tetapi melemahkan ...",['pilkada DPRD'],[],{},,,,organic,42,,,,,,,thread 3.json,
https://www.threads.com/@kompascom/post/DTFXO3_gb-7/kuhp-baru-yang-berlaku-januari-mengatur-kumpul-kebo-sebagai-tindak-pidana-delik,KUHP baru yang berlaku 2 Januari 2026 mengatur kumpul ...,https://www.threads.com › @kompascom,4 hari yang lalu — _RKD #wacana #pilkada #DPRD. May be an image of text that says 'KOMPAS.com UN Pilkada Lewat DPRD. OCR KU KUMPUL OUI EBO МБЕК KOMPAS.com ...,['pilkada #DPRD'],[],{},,,,organic,43,,,,,,,thread 3.json,
https://www.threads.com/@idntimes/post/DTPiidHDsrQ/berjersey-hijau-army-atlet-peraih-medali-sea-games-kumpul-di-istana,"Berjersey Hijau Army, Atlet Peraih Medali SEA Games ...",https://www.threads.com › @idntimes,11 jam yang lalu — LSI Denny JA: 66 Persen Responden Tolak Usul Pilkada DPRD idntimes.com/news… LSI Denny JA: 66 Persen Responden Tolak Usul Pilkada DPRD.,"['Pilkada DPRD', 'Pilkada DPRD']",[],{},,,,organic,44,,,,,,,thread 3.json,
https://www.threads.com/@murianewscom/post/DSovUvjEbjl/menolak-pembayaran-menggunakan-uang-yang-sah-secara-tunai-ternyata-melanggar,Menolak pembayaran menggunakan uang yang sah ...,https://www.threads.com › @murianewscom,23 Des 2025 — #murianews #pilkada #dprd #demokrasi #pilkadalewatdprd. May be an image of poster and text that says 'MURIANEWS PILKADA LEWAT DPRD LANGKAH.,['pilkada #dprd'],[],{},,,,organic,45,,,,,,,thread 3.json,
https://www.threads.com/@murianewscom/post/DSkC_LFks3_/sakjose-mie-tek-tek-ewu-ntuk-sate,sakjose* mie tek tek 12 ewu ntuk sate 5,https://www.threads.com › @murianewscom,22 Des 2025 — #murianews #pilkada #dprd #demokrasi #pilkadalewatdprd. May be an image of poster and text that says 'MURIANEWS PILKADA LEWAT DPRD LANGKAH.,['pilkada #dprd'],[],{},,,,organic,46,,,,,,,thread 3.json,
https://www.threads.com/@paltiwest/post/DTEquI8DQlQ/video-relawan-kesehatan-sumut-bersama-tim-medis-dan-dokter-pdi-perjuangan-melakukan-br,Relawan Kesehatan SUMUT bersama Tim Medis dan ...,https://www.threads.com › @paltiwest,"5 hari yang lalu — Pilkada DPRD Ternyata Punya Modus Akhir Presiden Dipilih MPR, Kedaulatan Rakyat Akan Dirampas Oleh Kedaulatan Elit..Benar-benar gawat ini ...",['Pilkada DPRD'],[],{},,,,organic,47,,,,,,,thread 3.json,
https://www.threads.com/@paltiwest/post/DTCwyKtD2Rz/video-tri-rismaharini-dan-baguna-pdi-perjuangan-sempat-mencek-jalan-putus-dan-juga,Tri Rismaharini dan Baguna PDI Perjuangan sempat ...,https://www.threads.com › @paltiwest,"5 hari yang lalu — Pilkada DPRD Ternyata Punya Modus Akhir Presiden Dipilih MPR, Kedaulatan Rakyat Akan Dirampas Oleh Kedaulatan Elit..Benar-benar gawat ini ...",['Pilkada DPRD'],[],{},,,,organic,48,,,,,,,thread 3.json,
https://www.threads.com/@totalpolitikcom/post/DTIH4vBkwfX/video-presiden-chili-gabriel-boric-melontarkan-kecaman-keras-terhadap-serangan,Presiden Chili Gabriel Boric melontarkan kecaman keras ...,https://www.threads.com › @totalpolitikcom,3 hari yang lalu — #totalpolitik #puthutea #pilkada #dprd #rakyat. OCR E NA TIGO hari ini adalah Venezuela TOTAL POLİTİK Presiden Chile Kutuk Serangan Amerika ...,['pilkada #dprd'],[],{},,,,organic,49,,,,,,,thread 3.json,
https://www.threads.com/@deananha/post/DSoYWz0kd-i/jangankan-bekasi-bandung-aja-kena-prank,"Jangankan Bekasi, Bandung aja kena prank 😁",https://www.threads.com › @deananha,"23 Des 2025 — Ketika orba gubernur dipilih DPRD, Prabowo pengen sama juga. 4. Soeharto digulingkan pas 98, oleh Prabowo dijadikan Pahlawan.Keduanya sama ...",['gubernur dipilih DPRD'],[],{},,,,organic,40,,,,,,,thread 3.json,
https://www.threads.com/@deananha/post/DSrB07nkXom/gak-gak-selalu-sprt-itu-di-negara-dengan-jumlah-tenaga-kerja-yg-jauh-lebih,Gak. Gak selalu sprt itu Di negara dengan jumlah tenaga ...,https://www.threads.com › @deananha,"24 Des 2025 — Ketika orba gubernur dipilih DPRD, Prabowo pengen sama juga. 4. Soeharto digulingkan pas 98, oleh Prabowo dijadikan Pahlawan.Keduanya sama ...",['gubernur dipilih DPRD'],[],{},,,,organic,41,,,,,,,thread 3.json,
https://www.threads.com/@idntimes/post/DOcbJeaCNFD/4-momen-yang-terjadi-pada-f1-gp-italia-2025-mclaren-blunder-fatal-httpswwwidntim,"4 Momen yang Terjadi pada F1 GP Italia 2025, McLaren ...",https://www.threads.com › @idntimes,"Projo Usul Pilkada Gubernur Dipilih DPRD, Bupati-Walkot Tetap Langsung idntimes.com/news… Projo Usul Pilkada Gubernur Dipilih DPRD, Bupati- ...","['Gubernur Dipilih DPRD', 'Gubernur Dipilih DPRD']",[],{},,,,organic,42,,,,2025-09-10T12:00:00.000Z,,,thread 3.json,
https://www.threads.com/@idntimes/post/DSY2xY0ER4Y/jadwal-semifinal-voli-putra-sea-games-hari-ini-kamis-desember,Jadwal Semifinal Voli Putra SEA Games 2025 Hari Ini,https://www.threads.com › @idntimes,"17 Des 2025 — Projo Usul Pilkada Gubernur Dipilih DPRD, Bupati-Walkot Tetap Langsung idntimes.com/news… Projo Usul Pilkada Gubernur Dipilih DPRD, Bupati- ...","['Gubernur Dipilih DPRD', 'Gubernur Dipilih DPRD']",[],{},,,,organic,43,,,,,,,thread 3.json,
https://www.threads.com/@anakmaskaka,Kaka KPrabowo (@anakmaskaka),https://www.threads.com › ...,"Ketika orba gubernur dipilih DPRD, Prabowo pengen sama juga. 4. Soeharto digulingkan pas 98, oleh Prabowo dijadikan Pahlawan.Keduanya sama: Sentralistik ...",['gubernur dipilih DPRD'],[],{},,,,organic,45,,,,,,,thread 3.json,
https://www.threads.com/@silo_swa/post/DS8lx6CEjyb/bener-banget-iniiii,Bener banget iniiii,https://www.threads.com › @silo_swa,"31 Des 2025 — Updatw terkini :4 ketum partai besar ngopi, bukan ngopi biasa. Kabarnya mereka membahas ""kemungkinan"" Walikota dan Gubernur dipilih DPRD.",['Gubernur dipilih DPRD'],[],{},,,,organic,46,,,,,,,thread 3.json,
https://www.threads.com/@dppprojo/post/DJau9M4z4pc/photo-posted-by-dewan-pimpinan-pusat-projo-dppprojo,Photo by Dewan Pimpinan Pusat PROJO (@dppprojo),https://www.threads.com › @dppprojo,"8 Mei 2025 — PROJO Setujui Kompromi Pilkada: Gubernur Dipilih DPRD, Bupati dan Wali Kota Tetap Dipilih Langsung teropongistana.com/nasio…",['Gubernur Dipilih DPRD'],[],{},,,,organic,47,,,,,,,thread 3.json,
https://www.threads.com/@dppprojo/post/DH7jxckz4rP/httpswwwantaranewscomberita4748377menkop-kunjungi-jokowi-pada-hari-kedua-idul-fi,https://www.antaranews.com/berita/4748377/menkop- ...,https://www.threads.com › @dppprojo,"PROJO Setujui Kompromi Pilkada: Gubernur Dipilih DPRD, Bupati dan Wali Kota Tetap Dipilih Langsung teropongistana.com/nasio…",['Gubernur Dipilih DPRD'],[],{},,,,organic,48,,,,2025-04-01T12:00:00.000Z,,,thread 3.json,
https://www.threads.com/@dppprojo/post/DIdY7sqzmiy/saya-berharap-seluruh-gerakan-koperasi-di-indonesia-bisa-menjadikan-ntt-sebagai-,Saya berharap seluruh gerakan koperasi di Indonesia bisa ...,https://www.threads.com › @dppprojo,"elshinta.com/news… ... No photo description available. ... PROJO Setujui Kompromi Pilkada: Gubernur Dipilih DPRD, Bupati dan Wali Kota Tetap Dipilih ...",['Gubernur Dipilih DPRD'],[],{},,,,organic,49,,,,2025-04-15T12:00:00.000Z,,,thread 3.json,
https://www.threads.com/@paltiwest/post/DTDRevSmHs_/kabarnya-kitab-baru-itu-mirip-kelakuan-amerika-serikat-ke-venezuela-bisa-suka,Kabarnya Kitab Baru Itu Mirip Kelakuan Amerika Serikat ke ...,https://www.threads.com › @paltiwest,"5 hari yang lalu — Pilkada DPRD Ternyata Punya Modus Akhir Presiden Dipilih MPR, Kedaulatan Rakyat Akan Dirampas Oleh Kedaulatan Elit..Benar-benar gawat ini ...",['Pilkada DPRD'],[],{},,,,organic,51,,,,,,,thread 3.json,
https://www.threads.com/@disinisadat,Sadad Alsadadrudi (@disinisadat),https://www.threads.com › ...,"Kabar buruk untuk kalian yang nolak Pilkada DPRD ala OrbaSuka gak suka, siap gak siap, revisi UU Pilkada pasti akan terjadiUdah ...",['Pilkada DPRD'],[],{},,,,organic,54,,,,2026-01-01T18:18:00.000Z,,,thread 3.json,
https://www.threads.com/@nandangsutisnachannel,Nandang Sutisna (@nandangsutisnachannel),https://www.threads.com › ...,"20 jam yang lalu — ... January 2, 2026 at 12:52 AM. Tolak wacana Pilkada oleh DPRD, itu bukan untuk penghematan tapi akal-akalan. #pilkada #dprd #kotakkosong. 44. 8. 6.",['pilkada #dprd'],[],{},,,,organic,55,,,,,,,thread 3.json,
https://www.threads.com/@idntimes/post/DSjViF5Dbj7/fakta-menarik-usai-aston-villa-sikat-manchester-united,3 Fakta Menarik Usai Aston Villa Sikat Manchester United,https://www.threads.com › @idntimes,21 Des 2025 — LSI Denny JA: 66 Persen Responden Tolak Usul Pilkada DPRD idntimes.com/news… LSI Denny JA: 66 Persen Responden Tolak Usul Pilkada DPRD.,"['Pilkada DPRD', 'Pilkada DPRD']",[],{},,,,organic,56,,,,,,,thread 3.json,
https://www.threads.com/@ahmadsrobbani/post/DTDL62ZD0Bc/keempat-plato-dan-athena-tidak-bisa-dipakai-mentah-mentah-athena-kuno-adalah,"Keempat, Plato dan Athena tidak bisa dipakai mentah- ...",https://www.threads.com › @ahmadsrobbani,5 hari yang lalu — Percaya gak percaya mayotitas yang menolak pilkada DPRD itu yang partai mreka pengkaderannya jelek. Mreka mostly pengandalkan artis dan ...,['pilkada DPRD'],[],{},,,,organic,57,,,,,,,thread 3.json,
https://www.threads.com/@kompasdata/post/DS3-49slLuM/cadangan-beras-pemerintah-ditargetkan-naik-dari-juta-ton-pada-menjadi-juta-ton,Cadangan beras pemerintah ditargetkan naik dari 3 juta ...,https://www.threads.com › @kompasdata,"29 Des 2025 — December 30, 2025 at 12:01 AM. Kalangan masyarakat sipil menilai pilkada DPRD tidak hanya mengancam ruang calon perseorangan tetapi melemahkan ...",['pilkada DPRD'],[],{},,,,organic,58,,,,,,,thread 3.json,
https://www.threads.com/@idntimes/post/DShZZlNlBSD/assist-niklas-suele-bersama-borussia-dortmund-per-desember,5 Assist Niklas Suele Bersama Borussia Dortmund,https://www.threads.com › @idntimes,21 Des 2025 — 4 Tips Mengembangkan Dana Investasi dari Gaji Bulanan idntimes.com/busin… ... LSI Denny JA: 66 Persen Responden Tolak Usul Pilkada DPRD idntimes.,['Pilkada DPRD'],[],{},,,,organic,59,,,,,,,thread 3.json,
https://www.threads.com/@silo_swa/post/DS-DonrkdcL/nah-ini-betul-nih,Nah.. Ini betul nih,https://www.threads.com › @silo_swa,"7 hari yang lalu — Updatw terkini :4 ketum partai besar ngopi, bukan ngopi biasa. Kabarnya mereka membahas ""kemungkinan"" Walikota dan Gubernur dipilih DPRD.Jika ...",['Gubernur dipilih DPRD'],[],{},,,,organic,50,,,,,,,thread 3.json,
https://www.threads.com/@adistyaryan/post/DSowa4Ik90h/dari-pola-spending-pemerintah-sekarang-tinggal-tunggu-waktu-krismon,Dari pola spending pemerintah sekarang Tinggal tunggu ...,https://www.threads.com › @adistyaryan,"23 Des 2025 — 3. Ketika orba gubernur dipilih DPRD, Prabowo pengen sama juga. 4. Soeharto digulingkan pas 98, oleh Prabowo dijadikan Pahlawan. Keduanya ...",['gubernur dipilih DPRD'],[],{},,,,organic,52,,,,,,,thread 3.json,
https://www.threads.com/@dppprojo/post/DIL5uaXTSiJ/httpsmantaranewscomampberita4758057koperasi-desa-merah-putih-perkuat-daya-tahan-,https://m.antaranews.com/amp/berita/4758057/koperasi- ...,https://www.threads.com › @dppprojo,"PROJO Setujui Kompromi Pilkada: Gubernur Dipilih DPRD, Bupati dan Wali Kota Tetap Dipilih Langsung teropongistana.com/nasio…",['Gubernur Dipilih DPRD'],[],{},,,,organic,53,,,,2025-04-08T12:00:00.000Z,,,thread 3.json,
https://www.threads.com/@silo_swa/post/DS7mSITEaR6/new-orba-modus-ini,New orba... Modus ini?,https://www.threads.com › @silo_swa,"31 Des 2025 — Updatw terkini :4 ketum partai besar ngopi, bukan ngopi biasa. Kabarnya mereka membahas ""kemungkinan"" Walikota dan Gubernur dipilih DPRD.Jika ...",['Gubernur dipilih DPRD'],[],{},,,,organic,54,,,,,,,thread 3.json,
https://www.threads.com/@idntimes/post/DGxmn1komvx/tragis-anak-7-tahun-hanyut-saat-dievakuasi-tim-sar-di-tebet-httpswwwidntimescomn,"Tragis, Anak 7 Tahun Hanyut Saat Dievakuasi Tim SAR di ...",https://www.threads.com › @idntimes,"Projo Usul Pilkada Gubernur Dipilih DPRD, Bupati-Walkot Tetap Langsung idntimes.com/news… Projo Usul Pilkada Gubernur Dipilih DPRD, Bupati- ...","['Gubernur Dipilih DPRD', 'Gubernur Dipilih DPRD']",[],{},,,,organic,55,,,,2025-03-04T12:00:00.000Z,,,thread 3.json,
https://www.threads.com/@mbamin992024/post/DTMCfRLku-T/munaf-kls-dewa,Munaf kls dewa...😥,https://www.threads.com › @mbamin992024,"2 hari yang lalu — Setuju bupati/gubernur dipilih DPRD saja. Toh sama saja, sekarang dipilih langsung rakyat banyak yang korupsi dan ga peduli rakyat. Lebih ...",['gubernur dipilih DPRD'],[],{},,,,organic,56,,,,,,,thread 3.json,
https://www.threads.com/@yuseok_younghyun.id,Yuseok Younghyun (@yuseok_younghyun.id),https://www.threads.com › ...,"30 Des 2025 — Ketika orba gubernur dipilih DPRD, Prabowo pengen sama juga. 4. Soeharto digulingkan pas 98, oleh Prabowo dijadikan Pahlawan.Keduanya sama ...",['gubernur dipilih DPRD'],[],{},,,,organic,57,,,,,,,thread 3.json,
https://www.threads.com/@yuseok_younghyun.id/post/DS-CsP-ATD8/inspirasi-novel-sci-fi-ku,Inspirasi novel sci-fi ku,https://www.threads.com › @yuseok_younghyun.id,"7 hari yang lalu — Ketika orba gubernur dipilih DPRD, Prabowo pengen sama juga. 4. Soeharto digulingkan pas 98, oleh Prabowo dijadikan Pahlawan.Keduanya sama ...",['gubernur dipilih DPRD'],[],{},,,,organic,58,,,,,,,thread 3.json,
https://www.threads.com/@yuseok_younghyun.id/post/DOBOmALAfJe/tangkap-ikat-dan-ambil-sneaker-putihnya,Tangkap. Ikat dan ambil sneaker putihnya,https://www.threads.com › @yuseok_younghyun.id,"31 Agu 2025 — Ketika orba gubernur dipilih DPRD, Prabowo pengen sama juga. 4. Soeharto digulingkan pas 98, oleh Prabowo dijadikan Pahlawan.Keduanya sama ...",['gubernur dipilih DPRD'],[],{},,,,organic,59,,,,,,,thread 3.json,
https://www.threads.com/@erickosundimoen/post/DTH0pg0DyOh/cae-free-night-malioboro-ditlantas,CAE FREE NIGHT MALIOBORO -ditlantas-,https://www.threads.com › @erickosundimoen,"3 hari yang lalu — ... dari Jogja sek ngomong masuk akal ngene iki.. hahahahhaa -pilkada, dprd-. May be an image of one or more people, newsroom and text that says '.","['pilkada, dprd']",[],{},,,,organic,60,,,,,,,thread 3.json,
https://www.threads.com/@sutawijaya/post/DTCkyxgCYhK/paling-getol-menyuarakan-masalah-konflik-hewan-dan-masyarakat-terutama-gajah,Paling getol menyuarakan masalah konflik hewan dan ...,https://www.threads.com › @sutawijaya,5 hari yang lalu — Percaya gak percaya mayotitas yang menolak pilkada DPRD itu yang partai mreka pengkaderannya jelek. Mreka mostly pengandalkan artis dan ...,['pilkada DPRD'],[],{},,,,organic,61,,,,,,,thread 3.json,
https://www.threads.com/@sindonews/post/DS3r59cAH5-/video-dunia-tinju-dikejutkan-dengan-kabar-duka-yang-datang-dari-nigeria-mantan-juara,Dunia tinju dikejutkan dengan kabar duka yang datang ...,https://www.threads.com › @sindonews,29 Des 2025 — ... Pilkada #DPRD #Konstitusi. May be an image of poster and text that says 'SindoNews KOMISI KOMISI MISI ٤. May be an image of sports equipment ...,['Pilkada #DPRD'],[],{},,,,organic,62,,,,,,,thread 3.json,
https://www.threads.com/@sindonews/post/DS4I6X5ANkT/video-aksi-nekat-pengunjung-taman-safari-ini-bikin-warganet-geram-di-tengah-ramainya,Aksi nekat pengunjung Taman Safari ini bikin warganet ...,https://www.threads.com › @sindonews,29 Des 2025 — ... Pilkada #DPRD #Konstitusi. May be an image of poster and text that says 'SindoNews KOMISI KOMISI MISI ٤. May be an image of sports equipment ...,['Pilkada #DPRD'],[],{},,,,organic,63,,,,,,,thread 3.json,
https://www.threads.com/@sindonews/post/DS2fWJggOe6/video-kasus-pembun-han-mahasiswi-ulm-zahra-dilla-terungkap-pelaku-adalah-oknum-polisi,"Kasus pembun*han mahasiswi ULM, Zahra Dilla (20) ...",https://www.threads.com › @sindonews,29 Des 2025 — ... Pilkada #DPRD #Konstitusi. May be an image of poster and text that says 'SindoNews KOMISI KOMISI MISI ٤. May be an image of sports equipment ...,['Pilkada #DPRD'],[],{},,,,organic,64,,,,,,,thread 3.json,
https://www.threads.com/@ahmadsrobbani/post/DTFTZtPDxPd/pengalaman-tidak-otomatis-membuat-sebuah-argumen-benar-sebagaimana-jarak-dari,Pengalaman tidak otomatis membuat sebuah argumen ...,https://www.threads.com › @ahmadsrobbani,4 hari yang lalu — Percaya gak percaya mayotitas yang menolak pilkada DPRD itu yang partai mreka pengkaderannya jelek. Mreka mostly pengandalkan artis dan ...,['pilkada DPRD'],[],{},,,,organic,65,,,,,,,thread 3.json,
https://www.threads.com/@sindonews/post/DS32Kh5AFMl/video-suasana-tenang-di-pantai-drini-indah-yogyakarta-mendadak-pecah-menjadi-jeritan,"Suasana tenang di Pantai Drini Indah, Yogyakarta ...",https://www.threads.com › @sindonews,29 Des 2025 — ... Pilkada #DPRD #Konstitusi. May be an image of poster and text that says 'SindoNews KOMISI KOMISI MISI ٤. May be an image of sports equipment ...,['Pilkada #DPRD'],[],{},,,,organic,66,,,,,,,thread 3.json,
https://www.threads.com/@ahmadsrobbani/post/DTFThUkDxN5/kalau-politik-uang-mahar-dan-transaksional-dianggap-keniscayaan-lapangan,"Kalau politik uang, mahar, dan transaksional dianggap “ ...",https://www.threads.com › @ahmadsrobbani,4 hari yang lalu — Percaya gak percaya mayotitas yang menolak pilkada DPRD itu yang partai mreka pengkaderannya jelek. Mreka mostly pengandalkan artis dan ...,['pilkada DPRD'],[],{},,,,organic,67,,,,,,,thread 3.json,
https://www.threads.com/@holopiscom/post/DS3zyD2DLEh/terungkap-nama-asli-abu-ubaidah-tokoh-kunci-hamas-yang-tewas-di-gaza-almarhum,"Terungkap! Nama Asli Abu Ubaidah, Tokoh Kunci Hamas ...",https://www.threads.com › @holopiscom,"29 Des 2025 — Arifki Nilai Demokrat Sedang Terjepit di Isu Pilkada DPRDPosisi Demokrat saat ini tidak mudah, mereka sedang dilanda cemas antara memilih ...",['Pilkada DPRD'],[],{},,,,organic,68,,,,,,,thread 3.json,
https://www.threads.com/@ahmadsrobbani/post/DTFS37ND1A5/ketiga-masnya-menyebut-rakyat-memilih-karena-lapar-dan-butuh-uang-itu-justru,"Ketiga, masnya menyebut rakyat memilih karena lapar dan ...",https://www.threads.com › @ahmadsrobbani,4 hari yang lalu — Percaya gak percaya mayotitas yang menolak pilkada DPRD itu yang partai mreka pengkaderannya jelek. Mreka mostly pengandalkan artis dan ...,['pilkada DPRD'],[],{},,,,organic,69,,,,,,,thread 3.json,
https://www.threads.com/@idntimes/post/DShsWZdFFpv/pemerintah-bangun-200-unit-hunian-tetap-korban-banjir-sibolga-sumut-httpswwwidnt,Pemerintah Bangun 200 Unit Hunian Tetap Korban Banjir ...,https://www.threads.com › @idntimes,21 Des 2025 — LSI Denny JA: 66 Persen Responden Tolak Usul Pilkada DPRD idntimes.com/news… LSI Denny JA: 66 Persen Responden Tolak Usul Pilkada DPRD.,"['Pilkada DPRD', 'Pilkada DPRD']",[],{},,,,organic,70,,,,,,,thread 3.json,
https://www.threads.com/@nandangsutisnachannel/post/DS-GLgCAZpm/harus-dibuka-supaya-isunya-tidak-liar-megawati-sby-ijazahpalsu,Harus dibuka supaya isunya tidak liar.# #megawati #sby # ...,https://www.threads.com › @nandangsutisnachannel,"7 hari yang lalu — #pilkada #dprd #kotakkosong. OCR video.tribunnews.com Tribun-video.com Tribun -video.com Tribunnews Update Ikuti Jejak SBY, Megawati Tak ...",['pilkada #dprd'],[],{},,,,organic,73,,,,,,,thread 3.json,
https://www.threads.com/@ahmadsrobbani/post/DTFTeHPj-Y7/saya-tidak-menafikan-realitas-politik-yang-kotor-mahal-dan-transaksional-justru,"Saya tidak menafikan realitas politik yang kotor, mahal, ...",https://www.threads.com › @ahmadsrobbani,4 hari yang lalu — Percaya gak percaya mayotitas yang menolak pilkada DPRD itu yang partai mreka pengkaderannya jelek. Mreka mostly pengandalkan artis dan ...,['pilkada DPRD'],[],{},,,,organic,75,,,,,,,thread 3.json,
https://www.threads.com/@ahmadsrobbani/post/DTDLpGED5yH/kritiknya-berhenti-pada-rakyat-tapi-abai-pada-aktor-kekuasaan-yang-nyata-hari,"kritiknya berhenti pada rakyat, tapi abai ...",https://www.threads.com › @ahmadsrobbani,5 hari yang lalu — Percaya gak percaya mayotitas yang menolak pilkada DPRD itu yang partai mreka pengkaderannya jelek. Mreka mostly pengandalkan artis dan ...,['pilkada DPRD'],[],{},,,,organic,76,,,,,,,thread 3.json,
https://www.threads.com/@nandangsutisnachannel/post/DTCVoM0Ajwq/video-ketika-memilih-pemimpin-asal-bisa-kerja-tapi-kalau-bodoh-bagaimana-ini,Ketika memilih pemimpin asal bisa kerja tapi kalau bodoh ...,https://www.threads.com › @nandangsutisnachannel,6 hari yang lalu — #pilkada #dprd #kotakkosong. OCR Nandang Sutisna @nandangsufisnachachanne Ketika Memilih Pemimpin HANYA BISA KERJA . Source |YT: Pandji ...,['pilkada #dprd'],[],{},,,,organic,77,,,,,,,thread 3.json,
https://www.threads.com/@murianewscom/post/DSpDZN6CAgo/video-banjir-besar-menerjang-kabupaten-dan-kota-cirebon-jawa-barat-selasa-banjir,Banjir besar menerjang Kabupaten dan Kota Cirebon ...,https://www.threads.com › @murianewscom,24 Des 2025 — #murianews #pilkada #dprd #demokrasi #pilkadalewatdprd. May be an image of poster and text that says 'MURIANEWS PILKADA LEWAT DPRD LANGKAH.,['pilkada #dprd'],[],{},,,,organic,78,,,,,,,thread 3.json,
https://www.threads.com/@murianewscom/post/DStqewZkpCp/percepat-eliminasi-tbc-pemkab-magelang-gelar-skrining-di-area-publik,"Percepat Eliminasi TBC, Pemkab Magelang Gelar Skrining ...",https://www.threads.com › @murianewscom,25 Des 2025 — #murianews #pilkada #dprd #demokrasi #pilkadalewatdprd. May be an image of poster and text that says 'MURIANEWS PILKADA LEWAT DPRD LANGKAH.,['pilkada #dprd'],[],{},,,,organic,79,,,,,,,thread 3.json,
https://www.threads.com/@medsoszone/post/DMb9r_mTKA1/video--satu-unit-mobil-saat-melintas-di-sekitar-kawasan-alam-roh-17-terekam-kamera-das,Satu unit mobil saat melintas di sekitar kawasan Alam Roh ...,https://www.threads.com › @medsoszone,Cc: akbarfaizal_uncensored• • • #pilkada #dprd #medsoszone #indonesia #viral. May be a meme of poster and text that says 'PILKADA PILKADA ...,['pilkada #dprd'],[],{},,,,organic,81,,,,2025-07-22T12:00:00.000Z,,,thread 3.json,
https://www.threads.com/@restuiska/post/DTBwCwWkn6X/bu-afni-bundanya-gajah-riau,Bu Afni bundanya gajah2 Riau,https://www.threads.com › @restuiska,6 hari yang lalu — Percaya gak percaya mayotitas yang menolak pilkada DPRD itu yang partai mreka pengkaderannya jelek. Mreka mostly pengandalkan artis dan ...,['pilkada DPRD'],[],{},,,,organic,83,,,,,,,thread 3.json,
https://www.threads.com/@murianewscom/post/DSpIQNrAY_q/umk-jawa-tengah-resmi-ditetapkan-rabu-kota-semarang-masih-menjadi-yang,"UMK Jawa Tengah 2026 resmi ditetapkan, Rabu (24/12 ...",https://www.threads.com › @murianewscom,24 Des 2025 — #murianews #pilkada #dprd #demokrasi #pilkadalewatdprd. May be an image of poster and text that says 'MURIANEWS PILKADA LEWAT DPRD LANGKAH.,['pilkada #dprd'],[],{},,,,organic,85,,,,,,,thread 3.json,
https://www.threads.com/@mutmuthea/post/DTCqxsXk65J/alasan-blm-mau-ganti-ktp-karena-masih-pengen-jadi-warga-siak-dalam-kepimpinan,"Alasan blm mau ganti KTP, karena masih pengen jadi ...",https://www.threads.com › @mutmuthea,5 hari yang lalu — Percaya gak percaya mayotitas yang menolak pilkada DPRD itu yang partai mreka pengkaderannya jelek. Mreka mostly pengandalkan artis dan ...,['pilkada DPRD'],[],{},,,,organic,86,,,,,,,thread 3.json,
https://www.threads.com/@holopiscom/post/DS3g6-PAanW/kasad-ingin-semuanya-kompak-pulihkan-bencana-sumatera-menurut-kasad-jenderal,KASAD Ingin Semuanya Kompak Pulihkan Bencana ...,https://www.threads.com › @holopiscom,"29 Des 2025 — Arifki Nilai Demokrat Sedang Terjepit di Isu Pilkada DPRDPosisi Demokrat saat ini tidak mudah, mereka sedang dilanda cemas antara memilih ...",['Pilkada DPRD'],[],{},,,,organic,87,,,,,,,thread 3.json,
https://www.threads.com/@murianewscom/post/DSpgdgrEs_2/jelang-pilkades-pemkab-grobogan-bahas-revisi-perda-kades-dan-perades,"""Jelang Pilkades, Pemkab Grobogan Bahas Revisi Perda ...",https://www.threads.com › @murianewscom,24 Des 2025 — #murianews #pilkada #dprd #demokrasi #pilkadalewatdprd. May be an image of poster and text that says 'MURIANEWS PILKADA LEWAT DPRD LANGKAH.,['pilkada #dprd'],[],{},,,,organic,88,,,,,,,thread 3.json,
https://www.threads.com/@disinisadat/post/DTIiEfzCUMv/anak-alpha-sm-beta-udh-gak-nonton-doraemon-lg-karena-udah-banyak-tokoh-kartun,Anak2 Alpha sm Beta udh gak nonton Doraemon lg karena ...,https://www.threads.com › @disinisadat,"3 hari yang lalu — January 1, 2026 at 6:18 PM. Kabar buruk untuk kalian yang nolak Pilkada DPRD ala OrbaSuka gak suka, siap gak siap, revisi UU Pilkada pasti ...",['Pilkada DPRD'],[],{},,,,organic,89,,,,,,,thread 3.json,
https://www.threads.com/@moodpagiku/post/DTGFh31gRop/pileg-yg-nantinya-akan-milih-kepala-daerah,Pileg yg nantinya akan milih kepala daerah...,https://www.threads.com › @moodpagiku,"4 hari yang lalu — Kabar buruk untuk kalian yang nolak Pilkada DPRD ala Orba. Suka gak suka, siap gak siap, revisi UU Pilkada pasti akan terjadi. Udah ada empat ...",['Pilkada DPRD'],[],{},,,,organic,93,,,,,,,thread 3.json,
https://www.threads.com/@luthfihasanalbolqiaah/post/DTIQtllkon_,tahunbaru #prabowo #jokowi #aceh #tamiang ...,https://www.threads.com › @luthfihasanalbolqiaah,"3 hari yang lalu — ... pusing-pusing. Saya yakin ini perlu kajian mendalam,"" katanya (5/12/2025).#Pilkada #DPRD #ariefrosyid #Bahlil #Golkar #masihdikampus. 1.",['Pilkada #DPRD'],[],{},,,,organic,95,,,,,,,thread 3.json,
https://www.threads.com/@joglosemarnews/post/DS1kd7cjY_k/harga-emas-antam-ambles-rp-usai-cetak-rekor-tertinggi-cek-rincian-lengkap-gram,Harga Emas Antam Ambles Rp9.000 Usai Cetak Rekor ...,https://www.threads.com › @joglosemarnews,"28 Des 2025 — joglosemarnews.com/2025… ... Dasco, Zulhas, dan Cak Imin Sambangi Rumah Bahlil di Tengah Isu Pilkada DPRD, Ada Apa?JAKARTA, JOGLOSEMARNEWS.COM — ...",['Pilkada DPRD'],[],{},,,,organic,96,,,,,,,thread 3.json,
https://www.threads.com/@joglosemarnews/post/DS1pX--jTeR/mahasiswa-arsitektur-uns-dorong-penguatan-desa-rotan-trangsan-lewat-jalin,Mahasiswa Arsitektur UNS Dorong Penguatan Desa Rotan ...,https://www.threads.com › @joglosemarnews,"28 Des 2025 — joglosemarnews.com/2025… ... Dasco, Zulhas, dan Cak Imin Sambangi Rumah Bahlil di Tengah Isu Pilkada DPRD, Ada Apa?JAKARTA, JOGLOSEMARNEWS.COM — ...",['Pilkada DPRD'],[],{},,,,organic,97,,,,,,,thread 3.json,
https://www.threads.com/@murianewscom/post/DSo8BhJEWAy/video-supriyono-alias-botok-memberikan-pesan-kepada-masyarakat-usai-sidang-perdananya,Supriyono alias Botok memberikan pesan kepada ...,https://www.threads.com › @murianewscom,24 Des 2025 — #murianews #pilkada #dprd #demokrasi #pilkadalewatdprd. May be an image of poster and text that says 'MURIANEWS PILKADA LEWAT DPRD LANGKAH.,['pilkada #dprd'],[],{},,,,organic,98,,,,,,,thread 3.json,
https://www.threads.com/@rendy_steve77/post/DS-QVtTieJZ/video-selamat-tahun-baru-banyak-berkat-dan-sukacita-selalu-buat-kita-semua-di-tahun,"Selamat Tahun Baru , banyak berkat dan sukacita selalu ...",https://www.threads.com › @rendy_steve77,7 hari yang lalu — ... pelembagaan demokrasi……… #pilkada langsung vs pilkada dprd. OCR . helping new Jean 2026 . Umboh Rorimpandey Family . Umbah Rorimpandey Family. 3.,['pilkada dprd'],[],{},,,,organic,99,,,,,,,thread 3.json,
https://www.threads.com/@sindonews/post/DS3_WhYgHKG/video-sherly-annavita-dan-dj-donny-membagikan-bukti-serangkaian-teror-fisik-dan,Sherly Annavita dan DJ Donny membagikan bukti ...,https://www.threads.com › @sindonews,29 Des 2025 — ... Pilkada #DPRD #Konstitusi. May be an image of poster and text that says 'SindoNews KOMISI KOMISI MISI ٤. May be an image of sports equipment ...,['Pilkada #DPRD'],[],{},,,,organic,102,,,,,,,thread 3.json,
https://www.threads.com/@kompascom/post/DOYJMo6CAPU/seleksi-duta-muda-bpjs-kesehatan-2025-siswa-sma-bisa-daftar-httpdlvrittmymsr,"Seleksi Duta Muda BPJS Kesehatan 2025, Siswa SMA ...",https://www.threads.com › @kompascom,Baca selengkapnya: nasional.kompas.com/read…_RKD #wacana #pilkada #DPRD. May be an image of text that says 'KOMPAS.com UN Pilkada Lewat DPRD. 1.,['pilkada #DPRD'],[],{},,,,organic,104,,,,2025-09-09T12:00:00.000Z,,,thread 3.json,
https://www.threads.com/@disinisadat/post/DM5Wiawxlom/dan-ratusan-ribu-org-yg-kerja-di-pabrik2-di-sunter-cikarang-karawang-molis-cina-,Dan ratusan ribu org yg kerja di pabrik2 di Sunter ...,https://www.threads.com › @disinisadat,"3 Agu 2025 — January 1, 2026 at 6:18 PM. Kabar buruk untuk kalian yang nolak Pilkada DPRD ala OrbaSuka gak suka, siap gak siap, revisi UU Pilkada pasti ...",['Pilkada DPRD'],[],{},,,,organic,105,,,,,,,thread 3.json,
https://www.threads.com/@paltiwest/post/DO-0m3WkrI7/ngerikondisi-terkini-posko-klb-keracunan-mbg,kondisi terkini posko klb keracunan mbg❗️,https://www.threads.com › @paltiwest,"Pilkada DPRD Ternyata Punya Modus Akhir Presiden Dipilih MPR, Kedaulatan Rakyat Akan Dirampas Oleh Kedaulatan Elit..Benar-benar gawat ini ...",['Pilkada DPRD'],[],{},,,,organic,106,,,,2025-09-24T12:00:00.000Z,,,thread 3.json,
https://www.threads.com/@disinisadat/post/DPkaGKxEiyt/iya-stiker-happy-family-di-lcgc-dan-avanza-xenia-mungkin-sudah-biasa-kalo-smp-di,Iya. Stiker happy family di LCGC dan Avanza Xenia ...,https://www.threads.com › @disinisadat,"8 Okt 2025 — Kabar buruk untuk kalian yang nolak Pilkada DPRD ala OrbaSuka gak suka, siap gak siap, revisi UU Pilkada pasti akan terjadiUdah ada empat ...",['Pilkada DPRD'],[],{},,,,organic,107,,,,,,,thread 3.json,
https://www.threads.com/@hariankompas/post/DGZ0WwwI6wX/lavani-keluar-sebagai-juara-babak-reguler-proliga-2025-dominasi-musim-ini-menega,Lavani keluar sebagai juara babak reguler Proliga 2025. ...,https://www.threads.com › @hariankompas,banyak partai di Indonesia tidak suka pemilu. baca.komp.as/TQBzF… ArtikelOpini #AdadiKompas. Manuver Pilkada DPRD. kompas.id. Manuver Pilkada ...,"['Pilkada DPRD', 'Pilkada']",[],{},,,,organic,108,,,,2025-02-22T12:00:00.000Z,,,thread 3.json,
https://www.threads.com/@paltiwest/post/DTC3C5uDsSf/video-wow-serangan-amerika-serikat-ke-venezuela,Wow serangan Amerika Serikat ke Venezuela..,https://www.threads.com › @paltiwest,"5 hari yang lalu — Pilkada DPRD Ternyata Punya Modus Akhir Presiden Dipilih MPR, Kedaulatan Rakyat Akan Dirampas Oleh Kedaulatan Elit..Benar-benar gawat ini ...",['Pilkada DPRD'],[],{},,,,organic,109,,,,,,,thread 3.json,
https://www.threads.com/@ulfahr.wildah/post/DTE3GQHjxJo/ga-ada-omongan-dari-presiden-sekarang-dan-ga-ada-juga-berita-yg-terbaru-jadi-ga,"Ga ada omongan dari Presiden sekarang, dan ...",https://www.threads.com › @ulfahr.wildah,5 hari yang lalu — ... pemerintah. mendukung pilkada dprd. teguran yang loe bilang paling juga kahyalan elo gw sih maunya fakta yang terbukti. Related threads.,['pilkada dprd'],[],{},,,,organic,110,,,,,,,thread 3.json,
https://www.threads.com/@holopiscom/post/DS3upIMkYHV/jakarta-tak-tidur-ribuan-petugas-bersihkan-kota-di-malam-pergantian-tahun,"Jakarta Tak Tidur, Ribuan Petugas Bersihkan Kota di ...",https://www.threads.com › @holopiscom,"29 Des 2025 — Arifki Nilai Demokrat Sedang Terjepit di Isu Pilkada DPRDPosisi Demokrat saat ini tidak mudah, mereka sedang dilanda cemas antara memilih ...",['Pilkada DPRD'],[],{},,,,organic,111,,,,,,,thread 3.json,
https://www.threads.com/@disinisadat/post/DSfFvTDkVC5/yoi-kita-tunggu-aja-ya,Yoi.....kita tunggu aja ya 🙂,https://www.threads.com › @disinisadat,"20 Des 2025 — January 1, 2026 at 6:18 PM. Kabar buruk untuk kalian yang nolak Pilkada DPRD ala OrbaSuka gak suka, siap gak siap, revisi UU Pilkada pasti ...",['Pilkada DPRD'],[],{},,,,organic,112,,,,,,,thread 3.json,
https://www.threads.com/@disinisadat/post/DTNHNaIkb7U/beberapa-orang-yang-pernah-masuk-daftar-target-penculikan-delta-force-ayatullah,Beberapa orang yang pernah masuk daftar target ...,https://www.threads.com › @disinisadat,"1 hari yang lalu — January 1, 2026 at 6:18 PM. Kabar buruk untuk kalian yang nolak Pilkada DPRD ala OrbaSuka gak suka, siap gak siap, revisi UU Pilkada pasti ...",['Pilkada DPRD'],[],{},,,,organic,114,,,,,,,thread 3.json,
https://www.threads.com/@holopiscom/post/DS2LJ1rkX_W/sambut-nataru-bahlil-pastikan-stok-lpg-dan-bbm-amanmenteri-esdm-bahlil-lahadalia,"Sambut Nataru, Bahlil Pastikan Stok LPG dan BBM Aman",https://www.threads.com › @holopiscom,"29 Des 2025 — Arifki Yakin Pilkada Lewat DPRD Potensi Lolos, PDIP Tak Mampu BendungArifki Chaniago menilai Pilkada DPRD tak menguntungkan bagi partai kecil.",['Pilkada DPRD'],[],{},,,,organic,115,,,,,,,thread 3.json,
https://www.threads.com/@disinisadat/post/DTIeNg5iXI7/video-sedang-apakah-militer-venezuela-saat-pesawat-dan-helikopter-tempur-usa-masuk-ke-,Sedang apakah militer Venezuela saat pesawat dan ...,https://www.threads.com › @disinisadat,"3 hari yang lalu — Kabar buruk untuk kalian yang nolak Pilkada DPRD ala OrbaSuka gak suka, siap gak siap, revisi UU Pilkada pasti akan terjadiUdah ada empat ...",['Pilkada DPRD'],[],{},,,,organic,116,,,,,,,thread 3.json,
https://www.threads.com/@kompascom/post/DHzeoiLIhpP/ihsg-naik-403-persen-jelang-lebaran-kapitalisasi-pasar-jadi-rp-1112-triliun-http,"IHSG Naik 4,03 Persen Jelang Lebaran, Kapitalisasi Pasar ...",https://www.threads.com › @kompascom,Baca selengkapnya: nasional.kompas.com/read…_RKD #wacana #pilkada #DPRD. May be an image of text that says 'KOMPAS.com UN Pilkada Lewat DPRD. 1.,['pilkada #DPRD'],[],{},,,,organic,117,,,,2025-03-29T12:00:00.000Z,,,thread 3.json,
https://www.threads.com/@holopiscom/post/DS3wVLRDWZY/bali-united-gagal-tutup-tahun-dengan-kemenangan-pelatih-johnny-kecewa-bali,Bali United Gagal Tutup Tahun 2025 dengan Kemenangan ...,https://www.threads.com › @holopiscom,"29 Des 2025 — Arifki Nilai Demokrat Sedang Terjepit di Isu Pilkada DPRDPosisi Demokrat saat ini tidak mudah, mereka sedang dilanda cemas antara memilih ...",['Pilkada DPRD'],[],{},,,,organic,119,,,,,,,thread 3.json,
https://www.threads.com/@holopiscom/post/DS2TtuogMGy/skincare-malam-tidak-harus-ribet-ini-rutinitas-sederhana-yang-bisa-dicoba,"Skincare Malam Tidak Harus Ribet, Ini Rutinitas ...",https://www.threads.com › @holopiscom,"29 Des 2025 — Arifki Yakin Pilkada Lewat DPRD Potensi Lolos, PDIP Tak Mampu BendungArifki Chaniago menilai Pilkada DPRD tak menguntungkan bagi partai kecil.",['Pilkada DPRD'],[],{},,,,organic,122,,,,,,,thread 3.json,
https://www.threads.com/@holopiscom/post/DSq4clSEQ6K/pira-turun-ke-kolong-manggarai-bagikan-sembako-di-hari-ibu-novita-wijayanti,PIRA Turun ke Kolong Manggarai Bagikan Sembako di ...,https://www.threads.com › @holopiscom,24 Des 2025 — Demokrat Kaget Cak Imin Dusta Soal PKB Dukung Pilkada DPRD Sejak Era SBYHasbil Lubis kaget Cak Imin mengklaim PKB mendukung Pilkada lewat ...,['Pilkada DPRD'],[],{},,,,organic,123,,,,,,,thread 3.json,
https://www.threads.com/@medsoszone/post/DDwd7nUTE2D/video--lokasi-jalan-soyo-vau-depan-masjid-nurul-iman-taipa-laga-palu-utara-rabu-181220,"jalan Soyo Vau depan Masjid Nurul Iman Taipa Laga, Palu ...",https://www.threads.com › @medsoszone,19 Des 2024 — #pilkada #dprd #medsoszone #indonesia #viral. May be a meme of poster and text that says 'PILKADA PILKADA OPRD Pilkada Lewat. May be an image ...,['pilkada #dprd'],[],{},,,,organic,125,,,,,,,thread 3.json,
https://www.threads.com/@holopiscom/post/DS3lkGKjorW,"Cuaca Jateng Hari Ini Umumnya Turun Hujan, Cek ...",https://www.threads.com › @holopiscom,"29 Des 2025 — Arifki Nilai Demokrat Sedang Terjepit di Isu Pilkada DPRDPosisi Demokrat saat ini tidak mudah, mereka sedang dilanda cemas antara memilih ...",['Pilkada DPRD'],[],{},,,,organic,126,,,,,,,thread 3.json,
https://www.threads.com/@holopiscom/post/DS2AzgoEfml/kaleidoskop-ini-dia-film-indonesia-terlaris-sepanjang-masa-kaleidoskop-film,Kaleidoskop 2025 : Ini Dia 10 Film Indonesia Terlaris ...,https://www.threads.com › @holopiscom,"29 Des 2025 — Arifki Yakin Pilkada Lewat DPRD Potensi Lolos, PDIP Tak Mampu BendungArifki Chaniago menilai Pilkada DPRD tak menguntungkan bagi partai kecil.",['Pilkada DPRD'],[],{},,,,organic,127,,,,,,,thread 3.json,
https://www.threads.com/@holopiscom/post/DS1Xm5zjI_W/kebijakan-wfa-berlaku-desember-begini-ketentuannya-pemerintah-menetapkan,"Kebijakan WFA Berlaku 29–31 Desember 2025, Begini ...",https://www.threads.com › @holopiscom,"28 Des 2025 — Arifki Yakin Pilkada Lewat DPRD Potensi Lolos, PDIP Tak Mampu BendungArifki Chaniago menilai Pilkada DPRD tak menguntungkan bagi partai kecil.",['Pilkada DPRD'],[],{},,,,organic,128,,,,,,,thread 3.json,
https://www.threads.com/@disinisadat/post/DIL-6kKTTFP/video-kedua-penumpang-bmw-atas-nama-moch-rudie-heru-komandono-62-dan-endang-sri-wahyun,Kedua penumpang BMW atas nama Moch Rudie Heru ...,https://www.threads.com › @disinisadat,"Kabar buruk untuk kalian yang nolak Pilkada DPRD ala OrbaSuka gak suka, siap gak siap, revisi UU Pilkada pasti akan terjadiUdah ada empat ...",['Pilkada DPRD'],[],{},,,,organic,130,,,,2025-04-08T12:00:00.000Z,,,thread 3.json,
https://www.threads.com/@disinisadat/post/DPquCvskUBd/kenapa-penang-makin-populer-jadi-destinasi-baru-dunia-kedokteran-karena-dokter2n,Kenapa Penang makin populer jadi destinasi baru dunia ...,https://www.threads.com › @disinisadat,"11 Okt 2025 — January 1, 2026 at 6:18 PM. Kabar buruk untuk kalian yang nolak Pilkada DPRD ala OrbaSuka gak suka, siap gak siap, revisi UU Pilkada pasti ...",['Pilkada DPRD'],[],{},,,,organic,132,,,,,,,thread 3.json,
https://www.threads.com/@holopiscom/post/DS3fNX3kf4q,Tiket Kereta Api Masih Diskon 30 Persen di Sejumlah ...,https://www.threads.com › @holopiscom,"29 Des 2025 — Arifki Nilai Demokrat Sedang Terjepit di Isu Pilkada DPRDPosisi Demokrat saat ini tidak mudah, mereka sedang dilanda cemas antara memilih ...",['Pilkada DPRD'],[],{},,,,organic,133,,,,,,,thread 3.json,
https://www.threads.com/@myang_ksatria/post/DTCahhxATIn/bu-afni-keren-sih-saya-ngikutin-akun-ig-beliau-dari-sebelum-beliau-jadi-bupati,Bu Afni keren sih. Saya ngikutin akun IG beliau dari ...,https://www.threads.com › @myang_ksatria,6 hari yang lalu — Percaya gak percaya mayotitas yang menolak pilkada DPRD itu yang partai mreka pengkaderannya jelek. Mreka mostly pengandalkan artis dan ...,['pilkada DPRD'],[],{},,,,organic,134,,,,,,,thread 3.json,
https://www.threads.com/@holopiscom/post/DS2BY5AEViA/kuota-snbp-diumumkan-hari-ini-simak-alur-pendaftarannya-seleksi-nasional,"Kuota SNBP 2026 Diumumkan Hari Ini, Simak Alur ...",https://www.threads.com › @holopiscom,"29 Des 2025 — Arifki Yakin Pilkada Lewat DPRD Potensi Lolos, PDIP Tak Mampu BendungArifki Chaniago menilai Pilkada DPRD tak menguntungkan bagi partai kecil.",['Pilkada DPRD'],[],{},,,,organic,135,,,,,,,thread 3.json,
https://www.threads.com/@nandangsutisnachannel/post/DEJgQV4yElx,Saya mengalami ketika PNS Eselon 4 di instansi pusat ...,https://www.threads.com › @nandangsutisnachannel,"28 Des 2024 — ... January 2, 2026 at 12:52 AM. Tolak wacana Pilkada oleh DPRD, itu bukan untuk penghematan tapi akal-akalan. #pilkada #dprd #kotakkosong. 39. 8. 6.",['pilkada #dprd'],[],{},,,,organic,136,,,,,,,thread 3.json,
https://www.threads.com/@holopiscom/post/DS1ZR7dDfyH/resep-mie-nyemek-hangat-santapan-favorit-saat-lapar-mendadakmie-nyemek-dikenal-s,"RESEP : Mie Nyemek Hangat, Santapan Favorit Saat ...",https://www.threads.com › @holopiscom,"28 Des 2025 — Arifki Yakin Pilkada Lewat DPRD Potensi Lolos, PDIP Tak Mampu BendungArifki Chaniago menilai Pilkada DPRD tak menguntungkan bagi partai kecil.",['Pilkada DPRD'],[],{},,,,organic,137,,,,,,,thread 3.json,
https://www.threads.com/@nandangsutisnachannel/post/DC4KKhWSnwJ/aamiin-semoga-cepat-sembuh-ya-dede-yang-baik,Aamiin semoga cepat sembuh ya Dede yang baik,https://www.threads.com › @nandangsutisnachannel,"January 2, 2026 at 12:52 AM. Tolak wacana Pilkada oleh DPRD, itu bukan untuk penghematan tapi akal-akalan. #pilkada #dprd #kotakkosong. 44. 8. 6.",['pilkada #dprd'],[],{},,,,organic,138,,,,2024-11-27T12:00:00.000Z,,,thread 3.json,
https://www.threads.com/@nandangsutisnachannel/post/DEWz-NeRWwB,Saya tidak bimbel cuma modal beginian saja masuk ITB 😄😄,https://www.threads.com › @nandangsutisnachannel,"January 2, 2026 at 12:52 AM. Tolak wacana Pilkada oleh DPRD, itu bukan untuk penghematan tapi akal-akalan. #pilkada #dprd #kotakkosong. 35. 3. 5.",['pilkada #dprd'],[],{},,,,organic,139,,,,2025-01-03T12:00:00.000Z,,,thread 3.json,
https://www.threads.com/@holopiscom/post/DS3jNtpjomL/emas-galeri-dan-ubs-melemah-ini-harga-dari-gram-hingga-gram-harga-emas-buatan,"Emas Galeri24 dan UBS Melemah, Ini Harga dari 0,5 Gram ...",https://www.threads.com › @holopiscom,"29 Des 2025 — Arifki Nilai Demokrat Sedang Terjepit di Isu Pilkada DPRDPosisi Demokrat saat ini tidak mudah, mereka sedang dilanda cemas antara memilih ...",['Pilkada DPRD'],[],{},,,,organic,141,,,,,,,thread 3.json,
https://www.threads.com/@holopiscom/post/DS2VaHTgNZd/bocoran-hp-realme-dengan-baterai-jumbo-m-ah-segera-rilis-realme-dikabarkan,Bocoran HP Realme dengan Baterai Jumbo 10.001 mAh ...,https://www.threads.com › @holopiscom,"29 Des 2025 — Arifki Yakin Pilkada Lewat DPRD Potensi Lolos, PDIP Tak Mampu BendungArifki Chaniago menilai Pilkada DPRD tak menguntungkan bagi partai kecil.",['Pilkada DPRD'],[],{},,,,organic,142,,,,,,,thread 3.json,
https://www.threads.com/@ririebudje/post/DTB5bPvkjKJ/boleh-aja-bupati-walikota-di-pilih-dprd-tpi-parlemennya-kita-bubarkan-dulu-yg,Boleh aja bupati walikota di pilih DPRD tpi parlemennya ...,https://www.threads.com › @ririebudje,6 hari yang lalu — Percaya gak percaya mayotitas yang menolak pilkada DPRD itu yang partai mreka pengkaderannya jelek. Mreka mostly pengandalkan artis dan ...,['pilkada DPRD'],[],{},,,,organic,143,,,,,,,thread 3.json,
https://www.threads.com/@holopiscom/post/DS19WWgEY7m/republik-fufufafa-karya-terbaru-slank-yang-ramai-dibicarakan-warganet-band,“Republik Fufufafa” Karya Terbaru Slank yang Ramai ...,https://www.threads.com › @holopiscom,"29 Des 2025 — Arifki Yakin Pilkada Lewat DPRD Potensi Lolos, PDIP Tak Mampu BendungArifki Chaniago menilai Pilkada DPRD tak menguntungkan bagi partai kecil.",['Pilkada DPRD'],[],{},,,,organic,144,,,,,,,thread 3.json,
https://www.threads.com/@nandangsutisnachannel/post/DO7vCCIE8w4/video-ajarilah-anak-lelaki-cara-memuliakan-wanita-kelak-dia-tahu-cara-berbakti-pada-ib,"Ajarilah anak lelaki cara memuliakan wanita, kelak dia ...",https://www.threads.com › @nandangsutisnachannel,"January 2, 2026 at 12:52 AM. Tolak wacana Pilkada oleh DPRD, itu bukan untuk penghematan tapi akal-akalan. #pilkada #dprd #kotakkosong. 38. 3. 6.",['pilkada #dprd'],[],{},,,,organic,145,,,,2025-09-22T12:00:00.000Z,,,thread 3.json,
https://www.threads.com/@medsoszone/post/DMsEcnFT7W4/video--diketahui-fikri-pelajar-smk-saat-itu-sedang-pkl-hendak-beli-gorengan-namun-tiba,"- Diketahui, Fikri pelajar SMK saat itu sedang PKL hendak ...",https://www.threads.com › @medsoszone,Cc: akbarfaizal_uncensored• • • #pilkada #dprd #medsoszone #indonesia #viral. May be a meme of poster and text that says 'PILKADA PILKADA ...,['pilkada #dprd'],[],{},,,,organic,147,,,,2025-07-29T12:00:00.000Z,,,thread 3.json,
https://www.threads.com/@nandangsutisnachannel/post/DQAu0qLEyOz/inilah-daftar-pejabat-kinerja-terburuk-menurut-celios-oktober-2025-lagi-pak-bahl,Inilah daftar pejabat kinerja terburuk menurut Celios ...,https://www.threads.com › @nandangsutisnachannel,"19 Okt 2025 — ... January 2, 2026 at 12:52 AM. Tolak wacana Pilkada oleh DPRD, itu bukan untuk penghematan tapi akal-akalan. #pilkada #dprd #kotakkosong. 44. 8. 6.",['pilkada #dprd'],[],{},,,,organic,149,,,,,,,thread 3.json,
https://www.threads.com/@totalpolitikcom/post/DNgCVNiT5RI/video-selengkapnya-di-youtube-kompascom-youtube-total-politik-tiktok-totalpolitik-spot,Selengkapnya di YouTube @kompascom,https://www.threads.com › @totalpolitikcom,18 Agu 2025 — ... ....................⁣⁣⁣⁣⁣⁣⁣⁣⁣⁣⁣............................. #totalpolitik #puthutea #pilkada #dprd #rakyat. totalpolitikcom's profile picture.,['pilkada #dprd'],[],{},,,,organic,153,,,,,,,thread 3.json,
https://www.threads.com/@holopiscom/post/DS3phiwEY7Z,"CKG ASN Baru 33,5%, Walikota Jakarta Barat Kejar 100% ...",https://www.threads.com › @holopiscom,"29 Des 2025 — Arifki Nilai Demokrat Sedang Terjepit di Isu Pilkada DPRDPosisi Demokrat saat ini tidak mudah, mereka sedang dilanda cemas antara memilih ...",['Pilkada DPRD'],[],{},,,,organic,156,,,,,,,thread 3.json,
https://www.threads.com/@joglosemarnews/post/DLWnirZKshF/kisah-inspiratif-h-taufik-widodo-owner-bakso-kumis-group-berawal-dari-gerobak-hi,"Kisah Inspiratif H. Taufik Widodo, Owner Bakso Kumis ...",https://www.threads.com › @joglosemarnews,"joglosemarnews.com/2025… ... Dasco, Zulhas, dan Cak Imin Sambangi Rumah Bahlil di Tengah Isu Pilkada DPRD, Ada Apa?JAKARTA, JOGLOSEMARNEWS.COM — ...",['Pilkada DPRD'],[],{},,,,organic,160,,,,2025-06-25T12:00:00.000Z,,,thread 3.json,
https://www.threads.com/@holopiscom/post/DS3ipYYFdo4/terungkap-fakta-peran-helikopter-penanganan-bencana-di-sumatera-pemerintah,Terungkap! Fakta Peran 53 Helikopter Penanganan ...,https://www.threads.com › @holopiscom,"29 Des 2025 — Arifki Nilai Demokrat Sedang Terjepit di Isu Pilkada DPRDPosisi Demokrat saat ini tidak mudah, mereka sedang dilanda cemas antara memilih ...",['Pilkada DPRD'],[],{},,,,organic,161,,,,,,,thread 3.json,
https://www.threads.com/@joglosemarnews/post/DOVL9Dujei3/mobil-honda-freed-abu-abu-terguling-di-perempatan-nonongan-solo-usai-tabrak-moto,Mobil Honda Freed Abu-abu Terguling di Perempatan ...,https://www.threads.com › @joglosemarnews,"Dasco, Zulhas, dan Cak Imin Sambangi Rumah Bahlil di Tengah Isu Pilkada DPRD, Ada Apa? ... Pilkada DPRD,. joglosemarnews.com. Dasco, Zulhas ...","['Pilkada DPRD', 'Pilkada DPRD']",[],{},,,,organic,162,,,,2025-09-07T12:00:00.000Z,,,thread 3.json,
https://www.threads.com/@joglosemarnews/post/DHZ9c7qM_0W/pengajian-akbar-manyaran-mengaji-jadi-pamungkas-agenda-pesantren-ramadhan-di-smp,Pengajian Akbar Manyaran Mengaji Jadi Pamungkas ...,https://www.threads.com › @joglosemarnews,"joglosemarnews.com/2025… ... Dasco, Zulhas, dan Cak Imin Sambangi Rumah Bahlil di Tengah Isu Pilkada DPRD, Ada Apa?JAKARTA, JOGLOSEMARNEWS.COM — ...",['Pilkada DPRD'],[],{},,,,organic,163,,,,2025-03-19T12:00:00.000Z,,,thread 3.json,
https://www.threads.com/@paltiwest/post/DMK8mL-SfQK/sebenarnya-ada-kekhawatiran-apa-ya-dengan-omongan-hotman-paris-kok-seperti-jadi-,Sebenarnya ada kekhawatiran apa ya dengan omongan ...,https://www.threads.com › @paltiwest,"Pilkada DPRD Ternyata Punya Modus Akhir Presiden Dipilih MPR, Kedaulatan Rakyat Akan Dirampas Oleh Kedaulatan Elit..Benar-benar gawat ini ...",['Pilkada DPRD'],[],{},,,,organic,164,,,,2025-07-16T12:00:00.000Z,,,thread 3.json,
https://www.threads.com/@erickosundimoen/post/C9CmNPEy4Th,Marlboro merah..... kopi ireng manis.... #wesngenewae,https://www.threads.com › @erickosundimoen,"dari Jogja sek ngomong masuk akal ngene iki.. hahahahhaa -pilkada, dprd-. May be an image of one or more people, newsroom and text that says '.","['pilkada, dprd']",[],{},,,,organic,165,,,,2024-07-05T12:00:00.000Z,,,thread 3.json,
https://www.threads.com/@tashiir/post/DItXUFJBP-g/cikabumi,Cikabumi 😂,https://www.threads.com › @tashiir,"DKI (DKJ) sekarang aja, walikota/bupati ditunjuk, bukan dipilih/pilkada, DPRD tk. 2 dihilanglan, jadi peran gubernur meningkat. 22. 3. 1. 1.","['pilkada, DPRD']",[],{},,,,organic,167,,,,2025-04-21T12:00:00.000Z,,,thread 3.json,
https://www.threads.com/@erdiantoeffendi/post/DTCJiavESNX/kalau-begitu-praktik-mahar-yg-harus-dikriminalisasi,Kalau begitu praktik mahar yg harus dikriminalisasi,https://www.threads.com › @erdiantoeffendi,6 hari yang lalu — Percaya gak percaya mayotitas yang menolak pilkada DPRD itu yang partai mreka pengkaderannya jelek. Mreka mostly pengandalkan artis dan ...,['pilkada DPRD'],[],{},,,,organic,168,,,,,,,thread 3.json,
https://www.threads.com/@vieyupie/post/DTB_7mVk8UV/iya-bu-afni-ini-keberpihakan-pd-rakyat-srg-bgt-komen-kontra-ke-pemerintah-pusat,Iya bu afni ini keberpihakan pd rakyat srg bgt komen kontra ...,https://www.threads.com › @ibu_literasi,6 hari yang lalu — Percaya gak percaya mayotitas yang menolak pilkada DPRD itu yang partai mreka pengkaderannya jelek. Mreka mostly pengandalkan artis dan ...,['pilkada DPRD'],[],{},,,,organic,169,,,,,,,thread 3.json,
https://www.threads.com/@nandangsutisnachannel/post/DDY5iLyR3fP,Jika benar Miftah Maulana alias Ta'im memalsukan ...,https://www.threads.com › @nandangsutisnachannel,"9 Des 2024 — ... January 2, 2026 at 12:52 AM. Tolak wacana Pilkada oleh DPRD, itu bukan untuk penghematan tapi akal-akalan. #pilkada #dprd #kotakkosong. 36. 3. 5.",['pilkada #dprd'],[],{},,,,organic,170,,,,,,,thread 3.json,
https://www.threads.com/@disinisadat/post/DSwHXHnkZTc/padahal-hitler-lahirnya-di-garut-kenapa-begitu-ada-anak-garut-yang-mempelajari,Padahal Hitler lahirnya di Garut Kenapa begitu ada anak ...,https://www.threads.com › @disinisadat,"26 Des 2025 — January 1, 2026 at 6:18 PM. Kabar buruk untuk kalian yang nolak Pilkada DPRD ala OrbaSuka gak suka, siap gak siap, revisi UU Pilkada pasti ...",['Pilkada DPRD'],[],{},,,,organic,171,,,,,,,thread 3.json,
https://www.threads.com/@disinisadat/post/DSuB6bsjqt_/video-romahurmuziy-adalah-eks-ketua-umum-ppp-yang-pada-januari-divonis-tahun-penjara,Romahurmuziy adalah eks ketua umum PPP yang pada ...,https://www.threads.com › @disinisadat,"26 Des 2025 — January 1, 2026 at 6:18 PM. Kabar buruk untuk kalian yang nolak Pilkada DPRD ala OrbaSuka gak suka, siap gak siap, revisi UU Pilkada pasti ...",['Pilkada DPRD'],[],{},,,,organic,172,,,,,,,thread 3.json,
https://www.threads.com/@erickosundimoen/post/DP9EWkoj0jB/jikalau-kamu-takut-menghadapi-gelap-siapkan-lentera-saat-sandikala-tiba-kalau-ka,Jikalau kamu takut menghadapi gelap siapkan lentera saat ...,https://www.threads.com › @erickosundimoen,"18 Okt 2025 — ... dari Jogja sek ngomong masuk akal ngene iki.. hahahahhaa -pilkada, dprd-. May be an image of one or more people, newsroom and text that says '.","['pilkada, dprd']",[],{},,,,organic,173,,,,,,,thread 3.json,
https://www.threads.com/@ilham_mendrofa/post/DPJXqeMkhyX/video-industri-sarapan-caman-jejak-rindu-di-warung-pak-cokro,Industri Sarapan Caman: Jejak Rindu di Warung Pak Cokro,https://www.threads.com › @ilham_mendrofa,"kekuasaan diikat rapi, yang pertama kali kehilangan napas adalah demokrasi. #KeseKese #IlhamMendrofa #Pilkada #DPRD #Alerta. 2. 1. 1.",['Pilkada #DPRD'],[],{},,,,organic,174,,,,2025-09-28T12:00:00.000Z,,,thread 3.json,
https://www.threads.com/@disinisadat/post/DSozjMskYib/belum-banyak-motor-sekarang-modal-ribu-udh-bisa-beli-motor,Belum banyak motor Sekarang modal 500ribu udh bisa ...,https://www.threads.com › @disinisadat,"23 Des 2025 — January 1, 2026 at 6:18 PM. Kabar buruk untuk kalian yang nolak Pilkada DPRD ala OrbaSuka gak suka, siap gak siap, revisi UU Pilkada pasti ...",['Pilkada DPRD'],[],{},,,,organic,175,,,,,,,thread 3.json,
https://www.threads.com/@medsoszone/post/DOsRe7ZktvT/video--momen-haru-sejumlah-karyawan-spbu-swasta-buat-video-perpisahan-spbu-medsoszone-,Momen Haru sejumlah karyawan SPBU swasta buat video ...,https://www.threads.com › @medsoszone,Cc: akbarfaizal_uncensored• • • #pilkada #dprd #medsoszone #indonesia #viral. May be a meme of poster and text that says 'PILKADA PILKADA ...,['pilkada #dprd'],[],{},,,,organic,176,,,,2025-09-16T12:00:00.000Z,,,thread 3.json,
https://www.threads.com/@ies.3n/post/DTCoX_JDVQ4/video-aroma-basa-basi-basi-menag-gereja-kristen-kerukunanberagama-satire,"aroma basa basi basi, #menag #gereja #kristen # ...",https://www.threads.com › @ies.3n,"5 hari yang lalu — January 2, 2026 at 8:50 PM. cuma ganti skin, isinya tetap sama #prabowo #pilkada #dprd #beritaviral #eliesertarigan. OCR Foto:Humas Kemenag ...",['pilkada #dprd'],[],{},,,,organic,177,,,,,,,thread 3.json,
https://www.threads.com/@disinisadat/post/DPDjbX3Ecec/photo-posted-by-sadad-alsadadrudi-disinisadat,Photo posted by Sadad Alsadadrudi (@disinisadat),https://www.threads.com › @disinisadat,"January 1, 2026 at 6:18 PM. Kabar buruk untuk kalian yang nolak Pilkada DPRD ala OrbaSuka gak suka, siap gak siap, revisi UU Pilkada pasti ...",['Pilkada DPRD'],[],{},,,,organic,178,,,,2025-09-25T12:00:00.000Z,,,thread 3.json,
https://www.threads.com/@disinisadat/post/DSrCR47kdsa/kalo-atalia-modelan-istri-zaman-dulu-yg-rela-aja-dimadu-walau-mendem-sakit-hati,Kalo Atalia modelan istri zaman dulu yg rela2 aja dimadu ...,https://www.threads.com › @disinisadat,"24 Des 2025 — January 1, 2026 at 6:18 PM. Kabar buruk untuk kalian yang nolak Pilkada DPRD ala OrbaSuka gak suka, siap gak siap, revisi UU Pilkada pasti ...",['Pilkada DPRD'],[],{},,,,organic,179,,,,,,,thread 3.json,
https://www.threads.com/@beritasatu/post/DS6RzVdFMRm/perjalanan-ka-jarak-jauh-berhenti-luar-biasa-di-stasiun-lempuyangan-utm-medium,35 Perjalanan KA Jarak Jauh Berhenti Luar Biasa di ...,https://www.threads.com › @beritasatu,30 Des 2025 — Komisi II DPR Belum Bahas Revisi UU Pilkada meski Didukung Parpol beritasatu.com/nasio… Komisi II DPR Belum Bahas Revisi UU Pilkada meski ...,"['Revisi UU Pilkada', 'Revisi UU Pilkada']",[],{},,,,organic,22,,,,,,,thread 3.json,
https://www.threads.com/@tribunmedanupdate/post/C_C9hCXp5wI,Prabowo Marah Besar Terkait Manuver Baleg DPR RI ...,https://www.threads.com › @tribunmedanupdate,24 Agu 2024 — Tribun Medan News (@tribunmedanupdate). 1 Reply. 1.7K Views. Prabowo Marah Besar Terkait Manuver Baleg DPR RI Ingin Revisi UU Pilkada Baca ...,['Revisi UU Pilkada'],[],{},,,,organic,23,,,,,,,thread 3.json,
https://www.threads.com/@kompasdata/post/DLcGgCMoHI9/definisi-ffi-sebuah-film-hanya-dapat-dikategorikan-sebagai-film-indonesia-apabil,"Definisi FFI, sebuah film hanya dapat dikategorikan ...",https://www.threads.com › @kompasdata,Pimpinan Partai Disebut Telah Merapat Jajaki Rencana Revisi UU Pilkada hingga UU Pemilu. kompas.id. Pimpinan Partai Disebut Telah Merapat ...,['Revisi UU Pilkada'],[],{},,,,organic,24,,,,2025-06-28T12:00:00.000Z,,,thread 3.json,
https://www.threads.com/@kompasdata/post/DJShYLaonrq/kontribusi-pertambangan-terhadap-perekonomian-indonesia-tak-sekadar-nilai-rupiah,Kontribusi pertambangan terhadap perekonomian ...,https://www.threads.com › @kompasdata,5 Mei 2025 — Pimpinan Partai Disebut Telah Merapat Jajaki Rencana Revisi UU Pilkada hingga UU Pemilu. kompas.id. Pimpinan Partai Disebut Telah Merapat ...,['Revisi UU Pilkada'],[],{},,,,organic,25,,,,,,,thread 3.json,
https://www.threads.com/@beritasatu/post/DS6RrxclKWu/bang-doel-ingatkan-warga-tak-naik-kendaraan-pribadi-ke-bundaran-hi-utm-medium,Bang Doel Ingatkan Warga Tak Naik Kendaraan Pribadi ke ...,https://www.threads.com › @beritasatu,30 Des 2025 — Komisi II DPR Belum Bahas Revisi UU Pilkada meski Didukung Parpol beritasatu.com/nasio… Komisi II DPR Belum Bahas Revisi UU Pilkada meski ...,"['Revisi UU Pilkada', 'Revisi UU Pilkada']",[],{},,,,organic,26,,,,,,,thread 3.json,
https://www.threads.com/@narasi.tv/post/C_C5_SbSXu-,"O.L.G.R.K! Tetap kawal putusan MK sampah sah, ...",https://www.threads.com › @narasi.tv,"Clue: O.L.G.R.K! Tetap kawal putusan MK sampah sah, karena pembatalan revisi UU Pilkada masih belum resmi dilakukan DPR. Ib: aandreuw/TikTok. | ...",['revisi UU Pilkada'],[],{},,,,organic,27,,,,,,,thread 3.json,
https://www.threads.com/@mayt.media/post/C_Ags9vP_y6,"Istri Kaesang, Erina Gudono, lagi jadi sorotan di tengah ...",https://www.threads.com › @mayt.media,"23 Agu 2024 — MAYT (@mayt.media). 7 Replies. 5.4K Views. Istri Kaesang, Erina Gudono, lagi jadi sorotan di tengah polemik revisi UU Pilkada.",['revisi UU Pilkada'],[],{},,,,organic,28,,,,,,,thread 3.json,
https://www.threads.com/@tribunnews/post/DTMnJvdEqKJ/gempa-tektonik-magnitudo-64-mengguncang-mindanao-filipina-getaran-dirasakan-di-s,"Gempa tektonik magnitudo 6,4 mengguncang Mindanao ...",https://www.threads.com › @tribunnews,"2 hari yang lalu — Bahkan, mekanisme semacam itu sempat disahkan oleh DPR melalui revisi UU Pilkada saat tahun 2014 silam. Sejarah Kepala Daerah Dipilih DPRD ...",['revisi UU Pilkada'],[],{},,,,organic,29,,,,,,,thread 3.json,
https://www.threads.com/@beritasatu/post/DS6R6R_DkUm/mobil-terbang-disebut-sebut-milik-byd-ini-klarifikasi-resminya-utm-medium,"Mobil Terbang Disebut-sebut Milik BYD, Ini Klarifikasi ...",https://www.threads.com › @beritasatu,30 Des 2025 — Komisi II DPR Belum Bahas Revisi UU Pilkada meski Didukung Parpol beritasatu.com/nasio… Komisi II DPR Belum Bahas Revisi UU Pilkada meski ...,"['Revisi UU Pilkada', 'Revisi UU Pilkada']",[],{},,,,organic,30,,,,,,,thread 3.json,
https://www.threads.com/@kompasdata/post/DLUob0VoBjL/sidang-disiplin-profesi-tengah-dilakukan-atas-laporan-dugaan-malapraktik-atas-ti,Sidang disiplin profesi tengah dilakukan atas laporan ...,https://www.threads.com › @kompasdata,baca.komp.as/TQ5wM… Polhuk #AdadiKompas. Pimpinan Partai Disebut Telah Merapat Jajaki Rencana Revisi UU Pilkada hingga UU Pemilu. kompas.id.,['Revisi UU Pilkada'],[],{},,,,organic,31,,,,2025-06-25T12:00:00.000Z,,,thread 3.json,
https://www.threads.com/@kompasdata/post/C6QgHonr9pg,"Sahabat Data, sejarah Depok tidak terlepas dari zaman ...",https://www.threads.com › @kompasdata,Pimpinan Partai Disebut Telah Merapat Jajaki Rencana Revisi UU Pilkada hingga UU Pemilu. kompas.id. Pimpinan Partai Disebut Telah Merapat ...,['Revisi UU Pilkada'],[],{},,,,organic,32,,,,2024-04-27T12:00:00.000Z,,,thread 3.json,
https://www.threads.com/@devirosa.o/post/DN7S2KZkg9q/bangreza-rahardian-ikut-demo-ke-jalan,Bang..reza rahardian ikut demo ke jalan,https://www.threads.com › @devirosa.o,"28 Agu 2025 — ... waktu demo revisi UU Pilkada tahun lalu, dia orasi juga di tengah massa Disclaimer, I am not his fans, just saying ajh kak. 135.",['revisi UU Pilkada'],[],{},,,,organic,33,,,,,,,thread 3.json,
https://www.threads.com/@beritasatu/post/DS6Rj06jh_p/era-baru-motor-sport-silinder-pabrikan-china-mulai-menekan-jepang-utm-medium,"Era Baru Motor Sport 4 Silinder, Pabrikan China Mulai ...",https://www.threads.com › @beritasatu,30 Des 2025 — Komisi II DPR Belum Bahas Revisi UU Pilkada meski Didukung Parpol beritasatu.com/nasio… Komisi II DPR Belum Bahas Revisi UU Pilkada meski ...,"['Revisi UU Pilkada', 'Revisi UU Pilkada']",[],{},,,,organic,36,,,,,,,thread 3.json,
https://www.threads.com/@kompasdata/post/DBSRHy1SLxw,Kecelakaan kereta api terbesar dan paling tragis dalam ...,https://www.threads.com › @kompasdata,18 Okt 2024 — Pimpinan Partai Disebut Telah Merapat Jajaki Rencana Revisi UU Pilkada hingga UU Pemilu. kompas.id. Pimpinan Partai Disebut Telah Merapat ...,['Revisi UU Pilkada'],[],{},,,,organic,37,,,,,,,thread 3.json,
https://www.threads.com/@disinisadat/post/DRb3mh1knHW/video-konon-katanya-di-monaco-di-negaranya-charles_leclerc-polisi-sering-dipanggil-den,"Konon katanya, di Monaco, di negaranya @charles_leclerc ...",https://www.threads.com › @disinisadat,"revisi UU Pilkada pasti akan terjadiUdah ada empat parpol yang mendukung (Golkar, Geridndra, PKB, Nasdem) dan kursi mereka di DPR RI kalo ...",['revisi UU Pilkada'],[],{},,,,organic,39,,,,2025-11-24T12:00:00.000Z,,,thread 3.json,
https://www.threads.com/@infosumbar/post/C-9y4gdPdS1,"Alokasi CPNS Kota Solok 115 Orang, Pendaftaran Hingga ...",https://www.threads.com › @infosumbar,"22 Agu 2024 — Pasca Putusan MK Soal Revisi UU Pilkada, Ratusan Mahasiswa Geruduk Kantor DPRD Sumbar via. @infosumbar · infosumbar.net/berit…infosumbar. Pasca ...",['Revisi UU Pilkada'],[],{},,,,organic,40,,,,,,,thread 3.json,
https://www.threads.com/@renoiswanto/post/DN2aZcnYmeJ/biasanya-ada-di-tv-itu-demo-kapan-dudega-punya-video-baru-kah-demonya-gmn,Biasanya ada di tv ? 🤣 itu demo kapan dude.. Ga punya ...,https://www.threads.com › @renoiswanto,27 Agu 2025 — ... ini bukan demo hari ini atau tanggal 25 abangku. Ini demo revisi UU Pilkada Agustus 2024. aguangkrnwn's profile picture · agung (@aguangkrnwn).,['revisi UU Pilkada'],[],{},,,,organic,43,,,,,,,thread 3.json,
https://www.threads.com/@kompasdata/post/C6iafASLsDO,"Sahabat Data, pada 1913 terjadi kebakaran hebat di ...",https://www.threads.com › @kompasdata,4 Mei 2024 — Pimpinan Partai Disebut Telah Merapat Jajaki Rencana Revisi UU Pilkada hingga UU Pemilu. kompas.id. Pimpinan Partai Disebut Telah Merapat ...,['Revisi UU Pilkada'],[],{},,,,organic,45,,,,,,,thread 3.json,
https://www.threads.com/@tribunmedanupdate/post/C_BQw1Oysjo,SOSOK Shania Hamdun Runner Up Putri Indonesia DIY ...,https://www.threads.com › @tribunmedanupdate,23 Agu 2024 — mulai deh media kawe kawe provokator .. udah lah REVISI UU Pilkada kan di dibatalin ga usah ngerambat kemane mane… ente ente bertibat kasian ...,['REVISI UU Pilkada'],[],{},,,,organic,46,,,,,,,thread 3.json,
https://www.threads.com/@noafgani,Muh. Noaf Afgani | Journalist | Researcher (@noafgani),https://www.threads.com › ...,Konstitusi: Dampak Revisi UU Pilkada terhadap Politik IndonesiaAdopsi putusan MK oleh Baleg RI mengingatkan saya pada Dekrit presiden 23 Juli 2001 berupa ...,['Revisi UU Pilkada'],[],{},,,,organic,47,,,,,,,thread 3.json,
https://www.threads.com/@februaryismymonth27/post/DPN8H5BkaGQ/genk-solo-satu-lg-tanah-kita-dijualnya,Genk solo 👏👏👏 satu lg tanah kita dijualnya 👏👏👏,https://www.threads.com › @februaryismymonth27,Ada satu yang tertinggal setelah lolos 2 jadi ketum parpol dia coba acak acak DPR revisi UU Pilkada agar lolos Gubernur Jateng atau Jakarta.,['revisi UU Pilkada'],[],{},,,,organic,50,,,,2025-09-30T12:00:00.000Z,,,thread 3.json,
https://www.threads.com/@disinisadat/post/DRX_qvEk5_E/baca-pelan,Baca pelan2,https://www.threads.com › @disinisadat,"revisi UU Pilkada pasti akan terjadiUdah ada empat parpol yang mendukung (Golkar, Geridndra, PKB, Nasdem) dan kursi mereka di DPR RI kalo ...",['revisi UU Pilkada'],[],{},,,,organic,52,,,,2025-11-22T12:00:00.000Z,,,thread 3.json,
https://www.threads.com/@afifahanisa_drg/post/DTB79VPkwZw/wow-kebetulan-beliau-di-riau-kak-bupati-siak-dan-aq-kasih-jempol-utk-beliau,"Wow kebetulan beliau di Riau kak, bupati siak dan aq ...",https://www.threads.com › @afifahanisa_drg,6 hari yang lalu — Percaya gak percaya mayotitas yang menolak pilkada DPRD itu yang partai mreka pengkaderannya jelek. Mreka mostly pengandalkan artis dan ...,['pilkada DPRD'],[],{},,,,organic,180,,,,,,,thread 3.json,
https://www.threads.com/@disinisadat/post/DPVw-vkEZMT/iya-karena-impor-jepang-bangkalo-innova-udah-rakitan-lokal,Iya karena impor Jepang bang Kalo Innova udah rakitan ...,https://www.threads.com › @disinisadat,"3 Okt 2025 — January 1, 2026 at 6:18 PM. Kabar buruk untuk kalian yang nolak Pilkada DPRD ala OrbaSuka gak suka, siap gak siap, revisi UU Pilkada pasti ...",['Pilkada DPRD'],[],{},,,,organic,182,,,,,,,thread 3.json,
https://www.threads.com/@erickosundimoen/post/DSqs_zFD---/malioboro-jogja-dengan-kesyahduannya,Malioboro....... Jogja dengan kesyahduannya.....,https://www.threads.com › @erickosundimoen,"24 Des 2025 — hahahahhaa -pilkada, dprd-. May be an image of one or more people, newsroom and text that says '. OCR む Onera JL. MALIOBORO จวามารร ...","['pilkada, dprd']",[],{},,,,organic,185,,,,,,,thread 3.json,
https://www.threads.com/@geo.rof/post/DIsNybhz72o/nama-provinsi-tanpa-arah-mata-angin-di-pulau-jawanama-tidak-resmi-cuma-mencocokk,Nama Provinsi tanpa Arah Mata Angin di Pulau Jawa.,https://www.threads.com › @geo.rof,"DKI (DKJ) sekarang aja, walikota/bupati ditunjuk, bukan dipilih/pilkada, DPRD tk. 2 dihilanglan, jadi peran gubernur meningkat. 22. 3. 1. 1.","['pilkada, DPRD']",[],{},,,,organic,186,,,,2025-04-20T12:00:00.000Z,,,thread 3.json,
https://www.threads.com/@cherienfl/post/DS_Wp8fgcAy/pura-org-ni-wei-hbs-tu-rakyat-berpihak-kan-ke-pihak-lain-laluuuu-mrk-bersatu-lg,Pura2 org ni wei..hbs tu rakyat berpihak kan ke pihak lain.. ...,https://www.threads.com › @cherienfl,7 hari yang lalu — Dulu waktu esbeye mau lengser mngesahkan UU PILKADA DPRD .. kalian gen z jng mau dibodohi prtai BEMOKARAT..si tukang drama..  . Related threads.,['PILKADA DPRD'],[],{},,,,organic,187,,,,,,,thread 3.json,
https://www.threads.com/@ies.3n/post/DTEfn0ECt3c/video-daripada-semprot-semprotan-mending-tunggu-hasil-laporan-firdausoiwobo-djdoni,"daripada semprot-semprotan, mending tunggu hasil ...",https://www.threads.com › @ies.3n,"5 hari yang lalu — cuma ganti skin, isinya tetap sama #prabowo #pilkada #dprd #beritaviral #eliesertarigan. OCR @cinnamonmontessorischool Scond Tribunnews ...",['pilkada #dprd'],[],{},,,,organic,189,,,,,,,thread 3.json,
https://www.threads.com/@paltiwest/post/DTDWSuUiDrq/video-pilkada-dprd-ternyata-punya-modus-akhir-presiden-dipilih-mpr-kedaulatan-rakyat,Pilkada DPRD Ternyata Punya Modus Akhir Presiden ...,https://www.threads.com › @paltiwest,"5 hari yang lalu — Palti Hutabarat | Menjaga Kewarasan (@paltiwest). 2 Replies. 246 Views. Pilkada DPRD Ternyata Punya Modus Akhir Presiden Dipilih MPR, ...",['Pilkada DPRD'],[],{},,,,organic,190,,,,,,,thread 3.json,
https://www.threads.com/@ilham_mendrofa/post/DTHV0EjiYa_/video-gajah-tersingkir-harimau-kehilangan-jejak-hutan-tinggal-nama-di-peta-kebijakan,"Gajah tersingkir, harimau kehilangan jejak, hutan tinggal ...",https://www.threads.com › @ilham_mendrofa,4 hari yang lalu — #KeseKese #IlhamMendrofa #Pilkada #DPRD #Alerta. OCR kesekese BENCANA EKOLOGIS PUTAR-BALIK KEBIJAKAN LINGKUNGAN İLHAM . kese ese a mana Kg ...,['Pilkada #DPRD'],[],{},,,,organic,191,,,,,,,thread 3.json,
https://www.threads.com/@tariganignatius/post/DS_cRB2AZy1/harus-berbeda,Harus berbeda,https://www.threads.com › @tariganignatius,7 hari yang lalu — Dulu waktu esbeye mau lengser mngesahkan UU PILKADA DPRD .. kalian gen z jng mau dibodohi prtai BEMOKARAT..si tukang drama..  . Related threads.,['PILKADA DPRD'],[],{},,,,organic,193,,,,,,,thread 3.json,
https://www.threads.com/@ies.3n/post/DTCbbGmAtnl/video-inilah-efeknya-kalau-dibesar-besarkan-ustad-islam-pondokpesantren-sumenep,inilah efeknya kalau dibesar-besarkan #ustad #islam ...,https://www.threads.com › @ies.3n,"6 hari yang lalu — cuma ganti skin, isinya tetap sama #prabowo #pilkada #dprd #beritaviral #eliesertarigan. OCR iinto Tampang Ustaz di Sumenep Pemerkosa 8 ...",['pilkada #dprd'],[],{},,,,organic,196,,,,,,,thread 3.json,
https://www.threads.com/@masyfukrizal/post/DTFS6kSD9GM/dari-pada-panjang-lebar-silakan-coba-terjun-di-politik-dulu-uraian-anda-gak,Dari pada panjang lebar silakan coba terjun di politik dulu. ...,https://www.threads.com › @masyfukrizal,4 hari yang lalu — Percaya gak percaya mayotitas yang menolak pilkada DPRD itu yang partai mreka pengkaderannya jelek. Mreka mostly pengandalkan artis dan ...,['pilkada DPRD'],[],{},,,,organic,197,,,,,,,thread 3.json,
https://www.threads.com/@ulfahr.wildah/post/DTE3gPXD0ih/kalau-anak-buahnya-melakukan-salah-pasti-ditegurlah-tapi-bukan-di-depan-umum,Kalau anak buahnya melakukan salah pasti ditegurlah tapi ...,https://www.threads.com › @ulfahr.wildah,5 hari yang lalu — ... pemerintah. mendukung pilkada dprd. teguran yang loe bilang paling juga kahyalan elo gw sih maunya fakta yang terbukti. Related threads.,['pilkada dprd'],[],{},,,,organic,198,,,,,,,thread 3.json,
https://www.threads.com/@masyfukrizal/post/DTB97HzD6U0/percaya-gak-percaya-mayotitas-yang-menolak-pilkada-dprd-itu-yang-partai-mreka,Tapi by data pemilu DPRD itu pemimpinnya jauh ...,https://www.threads.com › @masyfukrizal,6 hari yang lalu — Percaya gak percaya mayotitas yang menolak pilkada DPRD itu yang partai mreka pengkaderannya jelek. Mreka mostly pengandalkan artis dan ...,['pilkada DPRD'],[],{},,,,organic,199,,,,,,,thread 3.json,
https://www.threads.com/@ies.3n/post/DTC0GZZjYOm/video-berani-bener-menolak-hukum-surga-texas-usa-syariah-islam-satire,berani bener menolak hukum surga #texas #usa #syariah ...,https://www.threads.com › @ies.3n,"5 hari yang lalu — cuma ganti skin, isinya tetap sama #prabowo #pilkada #dprd #beritaviral #eliesertarigan. OCR TEXAS J AME THE FIRST TATE TO OFFIC RIA LAW. DO ...",['pilkada #dprd'],[],{},,,,organic,200,,,,,,,thread 3.json,
https://www.threads.com/@galeriherbal.toridalle/post/DS_hudPEj3J/isu-pemakzulan-gibran-dan-ijazah-jokowi-itu-tidak-haanya-mengganggu-jokowi-tapi,isu pemakzulan Gibran dan ijazah Jokowi itu tidak haanya ...,https://www.threads.com › @galeriherbal.toridalle,7 hari yang lalu — ... tolol!!!! Dulu waktu esbeye mau lengser mngesahkan UU PILKADA DPRD .. kalian gen z jng mau dibodohi prtai BEMOKARAT..si tukang drama..  . 2.,['PILKADA DPRD'],[],{},,,,organic,203,,,,,,,thread 3.json,
https://www.threads.com/@ilham_mendrofa/post/DSrELGYkpux/video-di-bawah-salju-yang-jatuh-perlahan-kasih-berjalan-tanpa-suara-menuntun-yang,"Di bawah salju yang jatuh perlahan, kasih berjalan tanpa ...",https://www.threads.com › @ilham_mendrofa,"24 Des 2025 — #KeseKese #IlhamMendrofa #Pilkada #DPRD #Alerta. OCR Semoga Sukacita Natal Tidak Hanya Dirasakan Hari ini, TetapiTerus Hidup Dalam Tindakan ...",['Pilkada #DPRD'],[],{},,,,organic,204,,,,,,,thread 3.json,
https://www.threads.com/@ilham_mendrofa/post/DTG3n55EjEC/video-bagi-washington-ia-kriminal-bagi-caracas-ia-simbol-kedaulatan-penangkapan,Ilham Mendrofa (@ilham_mendrofa),https://www.threads.com › @ilham_mendrofa,4 hari yang lalu — #KeseKese #IlhamMendrofa #Pilkada #DPRD #Alerta. OCR kese ese DEA DEA D Siapa Maduro Satu ini? İLHAM 세하시랑 . kese ese Menjadi Potret ...,['Pilkada #DPRD'],[],{},,,,organic,205,,,,,,,thread 3.json,
https://www.threads.com/@masyfukrizal/post/DTDJOfmD275/coba-baca-komentar-pra-filsuf-barat-demokrasi-udah-terjadi-di-athena-ribuan,"Coba baca komentar pra filsuf barat, demokrasi udah ...",https://www.threads.com › @masyfukrizal,5 hari yang lalu — Percaya gak percaya mayotitas yang menolak pilkada DPRD itu yang partai mreka pengkaderannya jelek. Mreka mostly pengandalkan artis dan ...,['pilkada DPRD'],[],{},,,,organic,210,,,,,,,thread 3.json,
https://www.threads.com/@masyfukrizal/post/DTCp2Gcj_Bb/itu-data-mas-pengumpulan-survei-itu-metodenya-kualitatif-pernah-skripsi-kan,"Itu data mas , pengumpulan survei itu metodenya kualitatif. ...",https://www.threads.com › @masyfukrizal,5 hari yang lalu — Percaya gak percaya mayotitas yang menolak pilkada DPRD itu yang partai mreka pengkaderannya jelek. Mreka mostly pengandalkan artis dan ...,['pilkada DPRD'],[],{},,,,organic,212,,,,,,,thread 3.json,
https://www.threads.com/@disinisadat/post/DHo-6sYzMKp/2-inkompentensi-polisi-di-tkp-kamar-korban-di-kost-selama-2-hari-kamar-korban-ga,2. Inkompentensi polisi di TKP kamar korban di kost. ...,https://www.threads.com › @disinisadat,"January 1, 2026 at 6:18 PM. Kabar buruk untuk kalian yang nolak Pilkada DPRD ala OrbaSuka gak suka, siap gak siap, revisi UU Pilkada pasti ...",['Pilkada DPRD'],[],{},,,,organic,213,,,,2025-03-25T12:00:00.000Z,,,thread 3.json,
https://www.threads.com/@masyfukrizal/post/DTCWIEKD6Av/kalo-soal-korup-dulu-jaman-soeharto-korup-cuman-di-lingkar-kekuasaan-artinya,Kalo soal korup dulu jaman soeharto korup cuman di ...,https://www.threads.com › @masyfukrizal,6 hari yang lalu — Percaya gak percaya mayotitas yang menolak pilkada DPRD itu yang partai mreka pengkaderannya jelek. Mreka mostly pengandalkan artis dan ...,['pilkada DPRD'],[],{},,,,organic,214,,,,,,,thread 3.json,
https://www.threads.com/@nandangsutisnachannel/post/DS_4K7tEk38/repot-sama-pemuja-pak-jokowi-mengapresiasi-pak-sby-dituduh-demokrat-kritis-di,"Repot sama pemuja pak Jokowi, mengapresiasi Pak SBY ...",https://www.threads.com › @nandangsutisnachannel,"7 hari yang lalu — ... January 2, 2026 at 12:52 AM. Tolak wacana Pilkada oleh DPRD, itu bukan untuk penghematan tapi akal-akalan. #pilkada #dprd #kotakkosong. 44. 8. 6.",['pilkada #dprd'],[],{},,,,organic,215,,,,,,,thread 3.json,
https://www.threads.com/@ilham_mendrofa/post/DS81VmskRyi/video-indonesia-tumbuh-tapi-tidak-semua-ikut-tumbuh-dunia-belum-pulih-utang,aman untuk siapa? #KeseKese #IlhamMendrofa #2026 # ...,https://www.threads.com › @ilham_mendrofa,31 Des 2025 — #KeseKese #IlhamMendrofa #Pilkada #DPRD #Alerta. OCR kese kese 2026 INDONESIA antara ini dan itu.. İLHAM Mumbırata . kese kes Kalimat Itu ...,['Pilkada #DPRD'],[],{},,,,organic,216,,,,,,,thread 3.json,
https://www.threads.com/@masyfukrizal/post/DTCWxnbD5F3/keknya-mau-dibikin-pemilu-tertutup-juga-artinya-milih-partai-bukan-milih-sosok,Keknya mau dibikin pemilu tertutup juga. Artinya milih ...,https://www.threads.com › @masyfukrizal,6 hari yang lalu — Percaya gak percaya mayotitas yang menolak pilkada DPRD itu yang partai mreka pengkaderannya jelek. Mreka mostly pengandalkan artis dan ...,['pilkada DPRD'],[],{},,,,organic,217,,,,,,,thread 3.json,
https://www.threads.com/@masyfukrizal/post/DTFSbuKj2Yw/anda-pengennya-demokrasi-liberal-ya-karena-anda-melek-politik-anda,"Anda pengennya demokrasi liberal, ya karena anda melek ...",https://www.threads.com › @masyfukrizal,4 hari yang lalu — Percaya gak percaya mayotitas yang menolak pilkada DPRD itu yang partai mreka pengkaderannya jelek. Mreka mostly pengandalkan artis dan ...,['pilkada DPRD'],[],{},,,,organic,218,,,,,,,thread 3.json,
https://www.threads.com/@masyfukrizal/post/DTCD0i4jypi/banyak-mas-coba-survei-ke-orang-tua-yang-pernah-ngerasain-era-soeharto-dan,"Banyak mas, coba survei ke orang tua yang pernah ...",https://www.threads.com › @masyfukrizal,6 hari yang lalu — Percaya gak percaya mayotitas yang menolak pilkada DPRD itu yang partai mreka pengkaderannya jelek. Mreka mostly pengandalkan artis dan ...,['pilkada DPRD'],[],{},,,,organic,219,,,,,,,thread 3.json,
