source,sentiment_label,engagement,text,has_action_keywords,date_parsed
tiktok,Positif,122812.0,mulutnya bergula 😭😭😭,False,2025-12-05 16:11:07
tiktok,Netral,92926.0,"jadi setuju sama orang yg pernah ngasih komen, ""princess kalo jadi gubernur"" 😭",False,2025-12-23 15:28:43
tiktok,Negatif,86844.0,ternyata yg rusak di indonesia ini staff2 pejabat anj,False,2025-10-17 20:42:54
tiktok,Positif,81778.0,Korea lagi suka yang gaya plenger plenger 😅,False,2026-01-07 12:51:34
tiktok,Netral,76922.0,"that ""ordal"" 😭😭",False,2025-12-05 16:01:26
tiktok,Positif,75650.0,ibu ini public speaking nya bagus tp kalo review makanan ya begitulah 😭😭,False,2025-12-23 16:37:26
tiktok,Netral,59985.0,ni negara apsi anj,False,2026-01-06 01:11:49
tiktok,Negatif,57844.0,"dari sini kita tau kan dimana kesalahan nya , jadi jangan2 nyalahin presiden",False,2025-10-17 19:18:02
tiktok,Negatif,55689.0,Gayanya kayak udh berkarir puluhan tahun😭❤,False,2026-01-07 14:09:48
tiktok,Negatif,52912.0,"""Ooo,Ordal?"" 🤣🤣🤣🤣😭😭😭😭 rakyat sindir gubernur ❌ gubernur sindir rakyat ✅",False,2025-12-05 17:39:25
tiktok,Negatif,52868.0,"“Bilang dinsos yang beli, jelek ini kursi rodanya” 😭😭😭",False,2025-12-23 18:48:51
tiktok,Negatif,38256.0,“Seperti caviar” tambah nggak ngerti 😭,False,2025-12-23 13:04:19
tiktok,Positif,36385.0,"tapi emang mukanya setipe kaya korea kabupaten yg di drakor""..pembawaan kakanya juga ceria..",False,2026-01-07 12:25:10
tiktok,Netral,34513.0,"""yang lain mungkin kurang doa😭""",False,2025-12-05 16:28:04
tiktok,Negatif,34359.0,60.000 siswa itu dimana hayoloohhh,False,2025-10-17 17:08:23
tiktok,Netral,33217.0,Ucapan dan ekspresi dijual terpisah😭,False,2025-12-05 20:40:47
tiktok,Negatif,31122.0,"paling gongnya ""ordal?"" 🤣🤣🤣😭",False,2025-12-05 17:35:55
tiktok,Negatif,26992.0,bayangin itu mak lu d gituin 🥺,False,2026-01-06 01:42:35
tiktok,Negatif,25719.0,"vibesnya kaya cuma iseng"" ikut tapi menang😭😭",False,2026-01-07 16:56:30
tiktok,Positif,25534.0,ngomongnya khas cici cici bngt 🤭😅🫰,False,2025-12-05 17:44:24
tiktok,Positif,25139.0,kebayang betapa meriahnya hidup Pak Benny dulu 🥺,False,2025-12-23 13:22:47
tiktok,Negatif,24275.0,"oh itu suaminya org koreaa, kirain org yg beneran gabut trs kesana😭🙏",False,2026-01-07 12:41:12
tiktok,Positif,23942.0,In women can lead we trust,False,2025-11-22 14:53:13
tiktok,Negatif,23159.0,"tau nggak sih, kalau ada orang yang olahraga pakai headset itu, artinya dia sedang tidak mau di ganggu, dan tidak mau diajak ngobrol",False,2025-06-03 02:07:55
tiktok,Netral,23122.0,20$ for a teacher 😱😱😱😱😱,False,2025-08-31 02:15:12
tiktok,Netral,20948.0,Venezuela's Air Defense,False,2026-01-04 10:35:05
tiktok,Positif,20791.0,Vibe nya kaya dangdut indosiar 😅,False,2026-01-07 12:34:54
tiktok,Negatif,20648.0,“Jelek kursi rodanya” benar2 kena mental 😂,False,2025-12-23 15:50:38
tiktok,Positif,20493.0,dia sendirian berani ngcak ngacak korea 😭 kamu keren mbak 🙏😭😭,False,2026-01-07 17:32:24
tiktok,Negatif,20321.0,"jadikan dia Mentri,,,biar ada teman pak Purbaya,,,buat bersih bersih",False,2025-10-17 17:56:21
tiktok,Negatif,19453.0,"orang luar negri aja kaget gaji guru di Indonesia,emang benar ini negara sakit dan gue gak Terima walaupun dulu nya nakal tapi selalu hormat dan hargai guru",False,2025-08-31 07:06:52
tiktok,Netral,19245.0,emak emak pada umumnya 😭😭🙏,False,2025-12-05 17:36:21
tiktok,Negatif,18698.0,Is this true?.,False,2025-08-30 23:22:03
tiktok,Negatif,18530.0,"Emosi banget itu udah. Bayangin SMA paling besar di Kota Ternate aja belom dapat, apalagi sekolah2 di kabupaten dan pedesaan?",False,2025-10-17 17:30:50
tiktok,Negatif,18450.0,"Ngeri kalo udah marah ibu, ngomelnya udah gak pake tanda koma🤣",True,2025-10-17 18:31:39
tiktok,Netral,17947.0,"mother served, mother ate, mother left with no crumbs.",False,2025-11-22 17:51:07
tiktok,Negatif,17861.0,panji kalo gk nyenggol orang gak bisa makan pak😂,False,2026-01-05 18:15:36
tiktok,Negatif,17133.0,gubernur nya ngapain aja? wajib lapor polisi ini usut sampai tuntas!! kasian banget udah berumur di gituin,True,2026-01-06 01:41:36
tiktok,Netral,16559.0,lu ga liat pake headset anjerr🗿,False,2025-06-03 06:05:59
tiktok,Netral,16557.0,America and Israel are the biggest threat to world peace and humanity,False,2026-01-04 14:54:00
tiktok,Netral,16364.0,USA is virus on this world,False,2026-01-04 14:30:25
tiktok,Netral,15637.0,Haha dom VILL så gärna vara utsatta 😂,False,2025-11-25 02:04:13
tiktok,Negatif,12878.0,"""rasanya seperti cacing diblender kaya gitu lah rasanya"" 😭😭😭",False,2025-12-23 09:36:51
tiktok,Positif,12217.0,SAMPAI JUMPA DIPENGADILAN TUHAN 🥺💔,False,2025-08-30 17:30:32
tiktok,Netral,11653.0,WAIT do teachers really get paid that amount???😭😭,False,2025-08-31 00:17:00
tiktok,Negatif,11205.0,"they get paid FOR WHAT exactly? their people is suffering!! let’s be honest, all governments are evil and they are NOT operating in favour of their citizens",False,2025-08-30 22:38:18
tiktok,Netral,11165.0,"tolong perbanyak orang seperti ini di negeri ini ,tuhan ...😭",False,2025-11-22 12:17:19
tiktok,Netral,10812.0,"how can a country arrest the president of another country, has the world gone completely mad",False,2026-01-05 00:34:42
tiktok,Negatif,10525.0,negara bobrok,False,2026-01-06 01:20:48
tiktok,Netral,10495.0,My buddy that works at that runway asked a higher up why all these military vehicles were being dispatched and all he said was “check the news in the morning”,False,2026-01-04 08:34:57
tiktok,Negatif,9534.0,please jangan suruh ibu review makanan soalnya terlalu jujur 😭😭,False,2025-12-23 19:51:09
tiktok,Negatif,9314.0,sebenarnya standup komedi itu bullying/ejekan berkedok komedi . sorry jgn d serang ya 🤭,False,2026-01-06 11:32:48
tiktok,Netral,9186.0,"oke gas oke gas,semuaa di gass anj juga",False,2025-03-21 02:13:15
tiktok,Negatif,9101.0,in mah udh binatang yng ngelakuin,False,2026-01-06 01:07:20
tiktok,Negatif,9015.0,"nanti di batalin Prabowo dan jadi absolute cinema, pahlawan",False,2025-03-19 08:12:33
tiktok,Negatif,8942.0,Ah negara extrovert itu lagi😭😭,False,2026-01-07 14:58:13
tiktok,Netral,8879.0,"ini mah pengadilan terbuka, tinggal kejaksaan masuk to😂😂",False,2026-01-06 22:38:46
tiktok,Netral,8624.0,the U.S. on a random saturday:,False,2026-01-04 10:18:55
tiktok,Netral,8343.0,Gambaran Gen Z di Pemerintahan,False,2025-12-05 17:24:37
tiktok,Negatif,8247.0,"Heran begini aja di permasalahin ya Allah,",False,2025-06-03 10:02:37
tiktok,Positif,8223.0,terimakasih buat orang baik semuanya yang sudah dukung saya 🙏🥹🥹,False,2026-01-04 23:05:19
tiktok,Netral,7833.0,Den ”Jalla” va klockren ändå,False,2025-11-25 01:25:56
instagram,Negatif,7795.0,Bentuk PENGKHIANATAN terhadap reformasi.,False,2025-12-29 05:01:07
instagram,Negatif,7687.0,"Ini Menlu apa jubir Partai, sih?",False,2025-12-29 05:07:57
tiktok,Netral,7657.0,Kyk drakor2 di reply 1988😭,False,2026-01-07 12:50:08
tiktok,Negatif,7485.0,"""mulut begula"" ""ordal"" ""sering-sering"" ""yang lain mungkin kurang doa""🤣",False,2025-12-06 01:49:57
tiktok,Netral,7027.0,berarti atas usulan pleciden ya,False,2025-03-18 17:49:51
tiktok,Negatif,6915.0,itu satwa yg joget di akhir ngpain?,False,2025-03-18 19:12:29
tiktok,Netral,6776.0,Joint miss universe pliss 😭😭😭😭😭,False,2025-11-22 17:13:25
tiktok,Netral,6756.0,$20 - $100 for a teacher?? this is crime pray for indonesian in 2025,False,2025-08-31 09:46:29
tiktok,Netral,6675.0,"perampasan aset berbulan bulan, giliran gibran kurang tua buat jadi wapres seminggu langsung turun itu uu",False,2025-09-04 17:02:22
tiktok,Negatif,6520.0,Gimana kalau ibu gantiin puan buu,False,2025-09-14 09:22:10
tiktok,Positif,6483.0,untuk sirkelnya teryata 🤣,False,2025-03-19 01:09:16
tiktok,Netral,6436.0,"We stand with you my fellow Indonesian friends🥺, support from 🇻🇳",False,2025-08-30 22:01:01
tiktok,Netral,6428.0,I can't believe that teachers salary is $20-100 a month. To me it is so absurd that I can't believe it is true 😭😭😭,False,2025-08-30 23:09:18
tiktok,Netral,6371.0,America is destroying the world.,False,2026-01-04 13:06:14
tiktok,Negatif,6341.0,Mreka yg marah krna mreka yg nikmatin duitnya 😂🤣,True,2026-01-04 20:08:38
tiktok,Netral,6201.0,"""Ibu temirnya smpe 10'sampe besok ini""tr kuat😭😭😭",False,2025-12-23 14:03:37
tiktok,Netral,6119.0,Maduro POV,False,2026-01-04 12:46:05
tiktok,Negatif,5924.0,Jantung aman pengurus MBG Ternate? ini beliau terlihat benar2 marah loh,True,2025-10-17 17:42:59
tiktok,Positif,5845.0,"suaminya keliatan bangga, curiga pas dirumah emg suka nyanyi nyanyi😭",False,2026-01-07 18:34:38
tiktok,Positif,5796.0,"Dia bercanda atau beneran ikut kompetisi gak sih 😭, soalnya pembawaan dia santai bgt kayak lagi di kabupaten sendiri",False,2026-01-07 16:19:14
tiktok,Negatif,5679.0,"ya Allah, ga tega bgt liatnya 😔",False,2026-01-06 01:20:27
tiktok,Negatif,5610.0,kalao bapak dh ngmong begini pasti ada sebab nih,False,2025-11-06 19:32:02
tiktok,Negatif,5529.0,sampai sekarang ga tau dimana lucunya lawakan panji kalau lagi standup,False,2026-01-05 16:26:05
tiktok,Positif,5502.0,"Warganya juga keren ini ga takut di kucilkan,biasanya yg berani bersuara itu lgsg di musuhin loh 🙃",False,2026-01-07 05:51:28
tiktok,Netral,5481.0,De vill ju vara utsatta hahah,False,2025-11-25 01:30:00
tiktok,Netral,5413.0,"kalau memang bukan ancaman bg demokrasi, mengapa dilakukan tertutup, mengapa tdk melibatkan unsur masyarakat",True,2025-03-17 16:42:49
tiktok,Netral,5411.0,asbunnya ibu jlebb bgt😭,False,2025-12-05 18:19:57
tiktok,Netral,5390.0,Where was the security of Maduro?,False,2026-01-04 00:37:29
tiktok,Netral,5372.0,America is so fucking awesome,False,2026-01-04 13:13:23
tiktok,Negatif,5218.0,cukup 1 periode saja yah pak,False,2025-03-20 23:56:59
tiktok,Netral,5052.0,i'm not into politics but her mindset is 🔥,False,2025-11-22 17:12:32
tiktok,Netral,4663.0,Crazy how putins 3 day operation lasted 4 years and our 4 hour operation lasted 4 hours,False,2026-01-04 04:58:38
tiktok,Positif,4629.0,"bu kok maruk amat sih udah cantik, pinter, cerdas ngatur emosi, perduli rakyat mana baik banget lagi😭❤",False,2025-09-14 10:25:23
tiktok,Netral,4586.0,"Kades dlm hati, ngoni tunggu🤣",False,2026-01-06 22:25:55
tiktok,Negatif,4575.0,"kata2 bapak mengisyaratkan sesuatu,gagah juga kau,bisa juga kau jadi gubernur, yg bener ya jadi gubernur,awas lu 🤣🤣🤣🤣🤣 selamat bapak gubernur anda sedang dipantau 😆😆😆😆😆",False,2025-11-06 17:33:02
tiktok,Negatif,4574.0,"""guru adalah beban negara"" aku tak boleh lahh menteri ckp mcm tuu 😭",False,2025-08-31 00:25:15
tiktok,Negatif,4475.0,"kalau dia jadi presiden nantinya sejarah baru nii,, presiden wanita pertama di indo dengan suara asli dari rakyat, bukan yg kayak yg sebelumnya ngaku2 presiden wanita pertama padahal bukan di pilih oleh rakyat😭",False,2025-09-19 06:52:48
tiktok,Netral,4471.0,Katakan PRETTT🤣🤣🤣,False,2025-10-04 00:16:38
tiktok,Negatif,4468.0,It’s totally unfair 🥹 Indonesia is roughly 17th globally in nominal GDP rankings. How can a teacher’s salary be only $20–100 per month? How do they manage to survive and raise their families???,False,2025-08-31 02:04:42
tiktok,Negatif,4458.0,Itu di pikiran yang ngeroyok isinya apaan anjir sampe tega ngehajar nenek-nenek,False,2026-01-06 01:42:27
tiktok,Netral,4415.0,60RB siswa di SARANJANA ibu😌😒,False,2025-10-17 17:14:48
tiktok,Negatif,4398.0,beraninya sama orang tua,False,2026-01-06 05:59:33
threads,Negatif,4377.0,"Kang Dedi, gimana pendapatnya tentang pemilihan kepala daerah kedepannya oleh DPRD yang diusulkan partai kang Dedi sendiri Gerindra, Kang Dedi setuju??",False,2026-01-04 10:12:34
tiktok,Negatif,4327.0,"hadewh banyak yang salah kaprah, padahal Sri Sultan sudah menjelaskan dengan baik, maksudnya biar kalian tidak terjebak macet, kl ke arah Jateng lebih baik lewat pinggiran, tidak masuk ke dalam kota, mbok di pahami dengan baik ngono lho",False,2025-12-13 22:38:41
tiktok,Negatif,4326.0,aduh gak usah beli aja biar tokonya sepi,False,2026-01-07 15:27:41
tiktok,Negatif,4169.0,"ada yg pake celana gajah, dia langsung ngenalin rakyatnya 😭😭😭",False,2025-12-29 10:30:37
tiktok,Negatif,4156.0,"selama ini saya liat baiknya, ternyata kalau marah wihhhh ba api2 😄😄😄",True,2025-10-17 17:23:13
instagram,Positif,4044.0,"Tidak semua partai minta mahar. Saya maju Pilkada dapat partai tanpa mahar. Setelah itu kami berjuang masuk ke kampung-kampung, 'mengemis suara rakyat', memohon rakyat mau bersama2 datang ke TPS, kami Alhamdulillah akhirnya menang menumbangkan incumbent. Rakyat benar2 sudah cerdas sekarang. Mereka berpesta demokrasi sekali lima tahun. Uang beredar dalam bentuk baju kaos, souvenir kue2 dipesan dari UMKM, sewa tenda UMKM, hiburan rakyat murah meriah, penggiat seni terlibat. Rasanya nikmat. Rakyat berdaulat. Lalu tetiba sekarang daulat rakyat itu mau direbut paksa. Ini rasanya kok seperti putus asa para elit menghadapi rakyat yang sdh makin cerdas berdemokrasi. 😢",True,2025-12-29 04:54:40
instagram,Negatif,4040.0,RAMAIKAN GUYS!!! No viral no justice itu nyata. Ramein kalau kita ga setuju. Tandain nih,False,2025-12-29 05:39:59
tiktok,Negatif,3938.0,dunia tanpa Indonesia sepi 😁😁😁,False,2026-01-02 04:34:06
tiktok,Negatif,3883.0,emak2 dia..jgn lupa🤣😂,False,2025-10-17 19:59:31
tiktok,Negatif,3746.0,wapres segacor ini banyak hatersnya 🥺,False,2026-01-02 12:27:24
tiktok,Negatif,3734.0,ini mirip kayak pengadilan zaman dulu..rakyat di kumpul. di tanyain..,False,2026-01-06 22:29:02
tiktok,Netral,3709.0,very shameful act by the USA,False,2026-01-04 12:59:51
tiktok,Netral,3702.0,I'm a republican voting blue. Maga are not republicans,False,2025-10-25 04:01:21
tiktok,Positif,3694.0,mertuanya pasti bangga😭,False,2026-01-07 12:33:32
tiktok,Netral,3674.0,pa dedi udah bilang jam 5 sampe 8 jgn di ganggu,False,2025-06-03 12:27:40
tiktok,Negatif,3670.0,emang hrsnya ganti RAKYAT 😩..,False,2026-01-02 12:33:50
tiktok,Netral,3655.0,As a republican i will be voting for the democrats. So they can clean up the mess this administration created.,True,2025-10-24 21:33:33
tiktok,Negatif,3590.0,tarian penghancur negara,False,2025-03-20 13:30:29
tiktok,Negatif,3564.0,teruk betul lah.... jauh betul kalau nak bandingkan gaji educator d malaysia... fight for your justice indonesian 💪🏻,False,2025-08-31 05:57:31
tiktok,Negatif,3439.0,kasian calon suamiku nanti pasti pusing 😂,False,2026-01-07 15:56:41
tiktok,Netral,3415.0,buat yang ngeroyok :,False,2026-01-06 01:35:50
tiktok,Positif,3372.0,kalau mamak mamak yang ngurus beginian lu jgn main main Krn mereka punya naluri yang tidak bisa di lawan,False,2025-10-17 18:47:38
tiktok,Netral,3363.0,Idol jalur apa ini jadi nya 😭😭😭,False,2026-01-07 13:29:26
tiktok,Netral,3266.0,I personally sincerely thank every republican that is voting blue at this point it’s not about party it’s about our democracy and freedom,True,2025-10-24 10:12:59
tiktok,Netral,3259.0,"ini staffnya kaga ada yg mau nyegah dia riview makanan, tolooooong 😭",False,2025-12-23 17:01:07
tiktok,Negatif,3253.0,"Dl wkt kecil sy ikut merasakan konflik Aceh & bertnya knp Aceh ingin berpisah dg indonesia, tp dr kejadian bencana sekarang sy paham knp mrk ingin pisah. Ternyata sesakit itu rasanya di ""anak tirikan"" oleh negeri sendiri🥺",False,2025-12-14 13:03:05
tiktok,Positif,3203.0,"cocok ini, rigid beton lebih tahan lama.. walaupun meratanya dinsemua daerah lebih lama, tapi nggak pusing lagi memperbaiki jalan rusak karna aspal rusak",False,2025-10-03 21:04:20
tiktok,Netral,3164.0,choose your difficult - easy - normal - medium - hard - (Indonesia),False,2025-08-31 11:46:48
tiktok,Netral,3157.0,Han har rätt här,False,2025-11-25 01:08:48
facebook,Netral,3132.0,"Wacana pemilihan kepala daerah melalui DPRD kembali menuai penolakan. PDI Perjuangan dan Gerakan Rakyat secara tegas menyatakan sikap menolak pilkada tidak langsung karena dinilai bertentangan dengan prinsip demokrasi dan kedaulatan rakyat. PDI Perjuangan menegaskan pilkada langsung merupakan amanat Reformasi yang memberikan hak penuh kepada rakyat untuk memilih pemimpinnya. Alasan efisiensi anggaran dinilai tidak relevan jika harus dibayar dengan pencabutan hak politik warga negara. Senada, Gerakan Rakyat menilai pengalihan pilkada ke DPRD berisiko mempersempit partisipasi publik dan memperkuat dominasi elite politik. Di tengah krisis kepercayaan terhadap lembaga perwakilan, mekanisme tertutup justru dinilai membuka ruang politik transaksional. Menjaga Pilkada Langsung berarti menjaga Reformasi dan masa depan demokrasi. Rakyat harus tetap memilih pemimpinnya sendiri. gerakanrakyat pdip",True,2025-12-30 13:16:28
tiktok,Negatif,3113.0,Nyantai aja pak… bang Pandji kan dah bilag itu menurut keyakinan dia… bebas bebas aja kan ?,False,2026-01-05 15:28:00
tiktok,Positif,3113.0,tega bangett,False,2026-01-06 01:55:32
tiktok,Netral,3088.0,Lah ibu perna makan cacing blender 😭🙏,False,2025-12-23 18:17:07
tiktok,Negatif,3073.0,nah kan makanya jalanan diperbaiki pak sudah rasain sendiri kan gmna rasanya jalanan,False,2026-01-07 10:21:28
tiktok,Negatif,3031.0,"bingung ama rakyat.. orang"" pada pengangguran tuh minta pemerintah yg model apa sih?? di kasih yg kerja nyata.. masih aja di hujat. 🤣🤣🤣 tetep aja di cari sisi jeleknya.sampe ke akar""..",True,2025-06-03 04:04:50
tiktok,Netral,2971.0,I guess Cuba should read the lease agreement,False,2026-01-05 00:08:45
tiktok,Negatif,2946.0,"giliran uu perampasan aset ga sah sah mereka nyalahin pdi karena ketuanya, pdhal dpr isinya Kim plus atau 90% dari kubu wowo wkwk",False,2026-01-08 01:06:46
tiktok,Netral,2911.0,He made Shaq look short,False,2025-10-10 20:29:49
tiktok,Negatif,2885.0,"dulu dia bersandar di pundak suami nya, sekarang masyarakat yang bersandar di pundak nya ibu 🥹",False,2025-10-09 06:05:28
tiktok,Positif,2875.0,Kang punten itu kan “menurut keyakinan dia” 🙏,False,2026-01-05 14:54:10
tiktok,Netral,2861.0,[sticker],False,2026-01-06 01:04:46
tiktok,Netral,2832.0,Atur seplenger mungkin Din ae 🙏,False,2026-01-07 21:34:16
tiktok,Negatif,2817.0,ambil mobil ya bang itu mobil rakyat 🗿,False,2025-08-25 08:25:29
instagram,Positif,2787.0,Gw selalu suka dengan si merah (versi Oposisi). 😂,False,2026-01-06 08:02:39
tiktok,Negatif,2777.0,baru kali ini melihat seorang gubernur kerja sampai ke akar-akranya. Ya Tuhan semoga provinsi lain mendapat juga gub yg kerja pakai hati dan merasakan penderitaan rakyat khususnya NTT,False,2026-01-06 22:27:17
tiktok,Negatif,2771.0,dia udah punya anak sama suami?,False,2026-01-07 12:18:29
tiktok,Negatif,2665.0,Harusnya ini yang jadi KETUA DPR!,True,2025-11-22 20:11:08
tiktok,Negatif,2664.0,busetttt ampe pucat itu pak kadesnya 😂😂🤣,False,2026-01-07 06:25:13
tiktok,Netral,2655.0,"Bah créé alors les emplois, c’est pas juste prendre des décisions…",False,2025-07-16 19:38:25
tiktok,Netral,2615.0,please Myanmar 🥺,False,2026-01-04 13:14:07
tiktok,Negatif,2548.0,"MANTU JANGAN SOK SOKAN , KALAU SUDAH TERJERAT , BISA MALU LAHIR DAN BATIN ...BELAJAR BIJAK MENGUNAKAN MEDIA SOSIAL ...",False,2026-01-06 20:04:42
instagram,Netral,2547.0,Ternyata PDIP masih yg paling peduli dengan suara rakyat - Menolak jabatan 3 periode presiden - Menolak pilkada via DPR 🔥🔥,True,2026-01-06 09:44:08
tiktok,Positif,2495.0,"Nah loh desa” yg lain pasti ketar ketir sih,pasti bakal merembet ke sluruh desa” di jabar nih bagus,",False,2026-01-04 20:46:59
tiktok,Netral,2451.0,diposting ulg ibu sherly tjoanda,False,2025-12-05 22:57:55
tiktok,Negatif,2442.0,"benar, ngurusin orang nyinyir gak ada habisnya",False,2025-09-14 06:02:18
tiktok,Negatif,2439.0,"Jangan lupa nakes noh, gajinya kecil bgt, mana ga sesuai dgn pendidikan yg ditempuh. Udh sakit sih negara ini 😭",False,2025-08-31 06:26:28
tiktok,Negatif,2409.0,"Negara ini lagi ""sakit"" woyyyy. Pada bangun ga lo semua 😭",False,2025-03-19 20:53:51
tiktok,Netral,2331.0,dinsos yang gak sengaja dengar [sticker],False,2025-12-24 04:09:33
tiktok,Negatif,2321.0,Kalian percaya??? Depan rumah aing aja masih batu gragal njirrr,False,2025-10-04 07:21:14
tiktok,Negatif,2313.0,"1 👉Banten profinsi Termiskin di Indonesia, 2👉Banten terkenal pabriknya bahkan industri, 3👉Banten Terkenal Calo Calo nya 4👉Banten Terkenal Jalanya Rusak 5👉Banten Terkenal Korupsinya 6👉Banten Terkenal Mafianya Bahkan samapi ke Desa Desa mafianya , RIL💯 persen Banten Terlalu Banyak Mafia",False,2025-11-07 17:21:45
tiktok,Netral,2289.0,What 20$-100$ one month for a teacher ? Omg.,False,2025-08-31 03:45:47
tiktok,Negatif,2279.0,tuh Deni Cagur denger tuh bapa aing jgn diusik2 deh bapa aing karena ini bapa aing se-Jawa barat lu ngelawak aja deh Deni,False,2025-06-03 05:12:01
tiktok,Netral,2275.0,anjirrr 🤣🤣menyala betul. semoga dilihat pejabat NTT 😁,False,2026-01-06 22:51:46
tiktok,Negatif,2253.0,"Gubernur yg dicintai masyarakat provinsi lainnya.. absen, gue warga riau..",False,2025-09-19 05:41:50
tiktok,Netral,2223.0,200M besar bgt jir pantes ditolak🗿,True,2026-01-07 18:57:53
tiktok,Negatif,2218.0,Ini klo maju sm pak pur pas pilres keknya gacor wehh😭 timbang sm KDM.,False,2025-12-05 17:25:56
instagram,Netral,2200.0,Welcome back to Era Mertua Prabowo Subianto 💀☠️,False,2025-12-29 05:05:46
tiktok,Netral,2185.0,Went from voting red to will be voting blue 💙,False,2025-10-24 06:51:39
tiktok,Netral,2176.0,"Wake up, wake up America. Let’s go VA. 💙💙💙💙💙💙💙💙💙💙",False,2025-10-23 17:35:34
tiktok,Netral,2141.0,USA and isreal the territories countries,False,2026-01-04 15:43:17
tiktok,Netral,2120.0,philippine and Indonesia are both facing corruption issue and not having a good government 🥺 a big hug 🫂 for our indo friends,False,2025-08-31 06:44:39
instagram,Negatif,2111.0,Untuk sektor lebih produktif? Seperti MBG? 😂,False,2025-12-29 04:58:08
tiktok,Positif,2079.0,blusukan mulu keren ini kerja nyata,False,2025-12-29 15:31:13
tiktok,Netral,2051.0,BAGAIMANAPUN PAK JOKIWO ADALAH PRESIDEN YANG TERTAAIIKK DAN TER BANK SATT,False,2025-08-29 12:14:20
instagram,Negatif,1961.0,Ini makin menyimpang! Wajib ditolak,True,2025-12-29 04:49:06
tiktok,Positif,1954.0,bertaun taun tinggal di Riau jln ga pernah bagus rupa nya ke gini gubernur nya🤔😤,False,2025-11-05 17:47:47
tiktok,Negatif,1910.0,"be smart peeps, di vt sebelah banyak yang ngehujat host-nya karena terlalu mojokin sherly. but actually hal kaya gitu tuh penting biar kita as society tau seberapa capable dan transparannya seorang pemimpin ketika diberi pertanyaan kritis. dan kita jadi masyarakat juga harus lebih kritis, cukup apresiasi kerjanya, and jangan ngelakuin favoritisme ke siapapun pemimpinnya. karena itu yang berpotensi buat mereka semena-mena nanti.",True,2025-11-23 09:14:32
tiktok,Netral,1895.0,"she can lead,so many people want her fall",False,2025-11-22 18:04:11
tiktok,Negatif,1850.0,anjing kemarin aku milih dia lagi😭😭,False,2025-11-05 18:26:19
tiktok,Netral,1849.0,And that in a Islamic country..,False,2025-08-31 04:52:37
tiktok,Netral,1835.0,karya anak TIMOR tdk prnh gatal 💪🥰,False,2026-01-02 05:19:41
tiktok,Netral,1835.0,The president of Cuba should stay in his lane.,False,2026-01-05 01:06:11
tiktok,Negatif,1834.0,mau jual emas pikir 100000x anjirr takut ngga bisa beli lagi😭😭,False,2026-01-07 15:48:56
tiktok,Negatif,1812.0,"itu enaknya cari pemimpin yg sudah selesai dgn kehidupannya, dia tinggal fokus bgmna mensejahterakan rakyatnya.",False,2025-09-24 08:00:14
tiktok,Negatif,1805.0,kd menyangka dapat gubernur modelan kaya sidin nih heh 🙃,False,2026-01-07 21:53:29
tiktok,Positif,1805.0,kandidat kuat buat RI 1,False,2025-09-14 07:38:06
instagram,Netral,1804.0,SAATNYA RAKYAT BERGERAK,False,2025-12-29 04:56:47
tiktok,Negatif,1744.0,di pilih rakyat ajaa masi melenceng apalagi di pilih dpr🤣,False,2026-01-08 04:31:28
tiktok,Negatif,1737.0,"padahal tujuannya baik, supaya gak terjebak macet yg bikin stres dan boros BBM. tp msh banyak yg salah paham. kembali ke sdm sih😂",False,2025-12-13 19:36:40
tiktok,Positif,1680.0,Berkah bgt cium tangan habib vino,False,2026-01-04 11:18:16
tiktok,Positif,1678.0,saya asli Jawa Barat bangga punya gubernur kang dedy mulyadi,False,2025-01-27 08:26:35
tiktok,Netral,1674.0,Mais ses enfants vont aller étudier la bas 😏,False,2025-07-16 21:15:31
tiktok,Netral,1662.0,gub banten dri dulu gada yg bener🤣,False,2025-11-06 18:34:00
tiktok,Netral,1649.0,"il a raison en soi, pourquoi donner des bourses a des gens qui ne feront aucun retour sur investissement ?",False,2025-07-16 20:17:36
tiktok,Negatif,1618.0,Tapi emng benar pak desa tuh hanya kasih bantuan ke keluarganya saja,False,2026-01-07 05:57:35
instagram,Negatif,1609.0,"Salah, yang benar, Gubenur ditunjuk presiden, bupati dituntuk gubenur, DPR dibubarkan karena gak guna,",False,2025-12-20 04:51:30
tiktok,Positif,1584.0,"Been to Indonesia and the people are so nice, warm and welcoming. Praying for Indonesia 🙏 I hope one day they will live the comfortable and safe life they deserve. Sending love from 🇵🇭",False,2025-08-31 01:04:31
tiktok,Positif,1577.0,"dia ngga pake perhiasan,,, sekali lagi DIA NGGA PAKE PERHIASAN tapi paling menyala dan bersinar duduk di antara para pejabat itu🔥🔥🔥💯💯🥰😍",False,2025-09-19 07:41:07
tiktok,Netral,1573.0,"Maduro is not innocent, but kidnapping a foreign leader in their own territory is literally a violation of international law",False,2026-01-04 23:38:17
tiktok,Negatif,1562.0,Siapa yg berani melawan ras terkuat dibumi???? 😭😭,False,2025-10-17 20:46:50
tiktok,Netral,1520.0,sunan blok m,False,2025-12-28 17:57:40
tiktok,Netral,1506.0,CUBA YOURE NEXT,False,2026-01-04 08:37:24
tiktok,Positif,1496.0,Lebih tau kinerja gubernur Maluku Utara ketimbang gubernur daerah sendiri😭,False,2026-01-07 06:35:34
tiktok,Negatif,1486.0,"nih buat orang2 yg komen ""orang ini lagi?"". ya terus mau siapa??? justru sebagai rakyat yg bener tuh, dukung publik figur yg berani bersuara. kalo bukan mereka, ya siapa lagi? logisnya nih ya. Publik figur aja tidak di dengar oleh pemerintah. apakabar rakyat biasa?",False,2025-09-04 18:56:11
tiktok,Netral,1457.0,"tolong pak dana desa dicabut,pembangunan jln dan lain lain nya ambil alih oleh propinsi",True,2026-01-04 20:16:49
tiktok,Negatif,1447.0,"dan data bps mengatakan pendapatan sehari 20 ribu sudah tidak miskin, yang bahkan jumlah itu gak cukup untuk membeli buku agar anak kita cerdas",False,2025-08-30 20:40:20
tiktok,Negatif,1427.0,Jurangnya gapapa?,False,2026-01-07 13:08:41
tiktok,Negatif,1423.0,"Ini walaupun gubnya tidak mau mencalonkan lagi priode kedua, pasti masyarakat tetap mau angkat dari rumah bawa ke KPU untuk daftar pencalonan lagi.",False,2026-01-07 00:04:42
tiktok,Positif,1407.0,Menurut fikiran saya….Saya lebih betah nntn panji drpd KDM..,False,2026-01-05 15:26:20
tiktok,Negatif,1381.0,"cm mas wapres Gibran yg di nyinyirin padahal kerja low dia,wapres sebelumnya g pernah kerja tp kok g ada yg julid ya😩",False,2026-01-02 14:39:20
tiktok,Negatif,1376.0,You have a tank??,False,2025-10-27 11:46:20
tiktok,Netral,1369.0,panji itu boneka nya anis pak,False,2026-01-05 11:14:06
tiktok,Negatif,1367.0,"ada sisi positif, tapi lebih banyak negatifnya",False,2025-12-07 09:24:40
instagram,Netral,1349.0,Siapapun partai yg mendukung bakalan gua blacklist,False,2026-01-06 07:47:23
tiktok,Netral,1341.0,"pie:yang muslim ayo berdoa guys, mumpung ini 10 malam terakhir ramadhan. doakan negara kita",False,2025-03-21 04:39:35
tiktok,Negatif,1325.0,"Sombong darimana sih heraaan, s bpk juga ngejawab ""IYA""",False,2025-06-03 08:51:42
tiktok,Netral,1313.0,Brodern ba ”yalla 👋🏾”,False,2025-11-25 02:10:58
tiktok,Negatif,1312.0,Panji...ini hanya pinter retorika. anak abah berkedok komika 😂,False,2026-01-04 13:32:09
tiktok,Negatif,1301.0,Let's be clear. Cuba exists because we allow.it.😎,False,2026-01-05 01:30:38
tiktok,Netral,1261.0,What does he have?,False,2025-10-26 11:58:08
facebook,Netral,1260.0,"Ancaman Reformasi! Partai Buruh Pasang Badan Tolak Pilkada Lewat DPRD Partai Buruh menolak wacana pemilihan kepala daerah melalui DPRD yang kembali didorong sejumlah fraksi di DPR. Partai Buruh menegaskan sikap untuk mempertahankan pilkada langsung yang dipilih oleh rakyat. Presiden Partai Buruh Said Iqbal menyatakan pilkada langsung merupakan amanat Reformasi dan wujud kedaulatan rakyat. Ia menilai rakyat berhak menentukan pemimpinnya secara langsung dengan menilai rekam jejak kandidat dari berbagai sumber, termasuk media sosial. Said Iqbal membantah anggapan bahwa pilkada lewat DPRD dapat menekan praktik politik uang. Menurutnya, pilkada tidak langsung justru berpotensi meningkatkan politik transaksional karena hanya melibatkan segelintir anggota DPRD. Ia menyebut praktik politik uang selama ini bukan disebabkan oleh mekanisme pemilihan langsung, melainkan oleh perilaku politik para elite. Partai Buruh juga mengingatkan bahwa pilkada langsung lahir dari perjuangan panjang Reformasi yang melibatkan pengorbanan rakyat, mahasiswa, dan buruh. Said Iqbal menilai kembali ke sistem pilkada lewat DPRD berarti mundur ke mekanisme lama yang pernah dinilai gagal. Wacana pilkada tidak langsung kembali mencuat setelah Rapimnas Partai Golkar yang merekomendasikan pemilihan kepala daerah melalui DPRD dan koalisi permanen. Sejumlah fraksi seperti Golkar, Gerindra, PAN, PKB, dan NasDem mendukung usulan tersebut, sementara PDIP dan Demokrat menolak. PKS mengusulkan skema campuran dengan pilkada tidak langsung hanya diterapkan di tingkat kabupaten.",True,2026-01-04 10:08:29
facebook,Negatif,1260.0,"𝗦𝗔𝗛! 𝟳𝟰% 𝗗𝗣𝗥 𝗥𝗜 𝗦𝗘𝗧𝗨𝗝𝗨 — 𝗣𝗜𝗟𝗞𝗔𝗗𝗔 𝗟𝗘𝗪𝗔𝗧 𝗗𝗣𝗥𝗗 𝗕𝗨𝗞𝗔𝗡 𝗪𝗔𝗖𝗔𝗡𝗔, 𝗧𝗔𝗣𝗜 𝗞𝗘𝗡𝗬𝗔𝗧𝗔𝗔𝗡 𝗣𝗢𝗟𝗜𝗧𝗜𝗞. Akhirnya terang benderang. Ketika Demokrat menyatakan sejalan dengan Golkar dan Gerindra, maka peta politik tak lagi abu-abu. Sebanyak 74% kekuatan DPR RI resmi berada di barisan pendukung Pilkada lewat DPRD. Ini bukan klaim sepihak. Ini angka politik. Ini fakta parlemen. Yang masih menolak kini berada di posisi minoritas—keras bersuara, tapi lemah secara representasi. ""𝙈𝙖𝙮𝙤𝙧𝙞𝙩𝙖𝙨 𝙎𝙪𝙙𝙖𝙝 𝙅𝙖𝙡𝙖𝙣, 𝙋𝙚𝙣𝙤𝙡𝙖𝙠𝙖𝙣 𝙏𝙞𝙣𝙜𝙜𝙖𝙡 𝙂𝙚𝙢𝙖"" Menariknya, kelompok penolak terus berteriak soal “kemunduran demokrasi”, seolah lupa bahwa DPRD adalah lembaga hasil pemilu langsung rakyat. Jika DPRD dianggap tak layak memilih kepala daerah, lalu untuk apa rakyat memilih anggota DPRD? Menolak Pilkada lewat DPRD sambil mengaku paling demokratis adalah kontradiksi telanjang. 74% Itu Mandat, Bukan Kebetulan Angka 74% bukan sekadar statistik. Ia adalah mandat politik nasional untuk mengoreksi sistem Pilkada langsung yang : mahal, penuh transaksi, rawan konflik dan sarat politik uang. Jika sistem lama benar-benar sehat, mengapa kepala daerah berguguran di meja KPK ? Yang Menolak, Sedang Membela Apa? Pertanyaan publik kini sederhana : Apakah penolakan ini murni demi demokrasi? Atau demi kenyamanan elite dalam sistem lama yang terbukti rusak? Saat mayoritas parlemen sudah memilih jalan koreksi, menolak tanpa solusi adalah bentuk pembangkangan terhadap realitas. Pilkada lewat DPRD SAH secara konstitusi. Didukung mayoritas fraksi dan kursi DPR RI. Penolakan yang tersisa bukan lagi arus utama—melainkan sisa romantisme demokrasi yang gagal menjawab fakta.. 𝘿𝙚𝙢𝙤𝙠𝙧𝙖𝙨𝙞 𝙩𝙞𝙙𝙖𝙠 𝙙𝙞𝙪𝙠𝙪𝙧 𝙙𝙖𝙧𝙞 𝙧𝙞𝙗𝙪𝙩𝙣𝙮𝙖 𝙥𝙚𝙢𝙞𝙡𝙞𝙝𝙖𝙣, 𝙩𝙖𝙥𝙞 𝙙𝙖𝙧𝙞 𝙗𝙚𝙧𝙨𝙞𝙝𝙣𝙮𝙖 𝙝𝙖𝙨𝙞𝙡. dpr dprd pilkada beritaterkini beritaviral beritaindonesia viralindonesia faktaterbaru infoterkini updateberita breakingnews hotnews trendingindonesia fypindonesia fyp shorts reels newsupdate beritahariini kabarviral isuhangat faktaviral indonesiatoday viral fyp trending beritapolitik news",True,2026-01-06 23:33:38
tiktok,Negatif,1252.0,boleh asal revisi UU dpr dapat dipecat oleh rakyat 🔥,False,2025-12-07 12:59:42
facebook,Netral,1235.0,"Menko Yusril: Pemilu 2029 Ikut Arahan Mahkamah Konstitusi, Tidak Ada Istilah Pilkada TRIBUNNEWS.COM, JAKARTA - Menteri Koordinator Bidang Hukum, HAM, Imigrasi, dan Pemasyarakatan Yusril Ihza Mahendra menyebut pemerintah harus menyiapkan mekanisme Pemilu 2029 sesuai dengan putusan Mahkamah Konstitusi (MK). Dengan mekanisme itu, tidak akan ada lagi istilah pemilihan kepala daerah atau pilkada. Namun begitu, hingga saat ini Yusril masih belum mendapat gambaran jelas terkait mekanisme pemilu mendatang. Terkait mengalirnya wacana proses pilkada dipilih DPRD, Yursil menyebut hal tersebut masih berkembang. Apa putusan MK? Sebagai informasi, melalui Putusan Nomor 135/PUU-XXII/2024 menetapkan pemilu nasional (presiden, DPR, dan DPRD) dan pemilu daerah (pilkada, DPRD) harus dipisah dengan jarak waktu minimal dua tahun dan maksimal 2,5 tahun setelah pelantikan pejabat nasional. Isi Putusan MK tentang Pemilu Dipisah Format baru Pemilu 2029: Pemilu Nasional: mencakup pemilihan Presiden/Wakil Presiden, anggota DPR RI, dan anggota DPD. Pemilu Daerah: mencakup pemilihan kepala daerah (gubernur, bupati, wali kota) serta DPRD provinsi/kabupaten/kota. Alasan MK: Pemilu serentak lima kotak (2019 dan 2024) menimbulkan beban berat bagi pemilih, partai politik, dan penyelenggara pemilu. Isu pembangunan daerah tenggelam oleh dominasi isu nasional. Pemilih berpotensi jenuh karena harus memilih banyak calon sekaligus. Kualitas demokrasi dinilai menurun karena fokus lebih pada isu nasional daripada lokal. Jadwal baru: Pemilu nasional dan daerah tetap serentak dalam jenisnya, tetapi dilaksanakan terpisah. Jarak waktu antara keduanya ditetapkan paling singkat 2 tahun dan paling lama 2,5 tahun setelah pelantikan DPR, DPD, atau Presiden/Wakil Presiden",True,2026-01-07 14:50:25
tiktok,Negatif,1225.0,"kalimat andalan ""milik Allah"" makanya semerawut",False,2025-03-13 01:43:32
tiktok,Netral,1218.0,udah seneng 2029 ikut milih malah gini 🗿,False,2025-12-30 08:35:10
instagram,Negatif,1217.0,Hanya PDIP yang tersisa digaris rakyat. Suksa gak suka hanya PDIP yang masih memilih pemilu langsung oleh rakyat.,False,2026-01-06 09:13:17
facebook,Netral,1200.0,"Peta Politik di DPR Saat Ini: Fraksi Pendukung Pilkada Lewat DPRD Bakal Menang TRIBUNVIDEO.COM - Wacana Partai Golkar mengusulkan Pilkada dilakukan melalui Dewan Perwakilan Rakyat Daerah (DPRD) bisa jadi terlaksana. Hal itu merujuk dari peta politik sikap fraksi (perpanjangan tangan partai politik) yang ada di DPR RI. Hingga saat ini mayoritas fraksi di DPR tampaknya setuju pemilihan kepala daerah (Pilkada) melalui DPRD. Kepala daerah dimaksud adalah bupati, wali kota, dan gubernur. Pada masa Orde Baru hingga sebelum Reformasi, kepala daerah dipilih oleh DPRD. Pilkada langsung oleh rakyat dengan mencoblos gambar calon kepala daerah di TPS (tempat pemungutan suara) baru pertama kali digelar pada Juni 2005 hingga Pilkada 2024 lalu. Pilkada via DPRD dilakukan dengan merevisi UU Pilkada. Jika mayoritas fraksi di Dewan setuju maka Pilkada di tahun mendatang akan dilakukan melalui DPRD. Peta politik di DPR yang setuju Pilkada via DPRD DPR RI Periode 2024–2029 terdiri dari 8 fraksi dengan jumlah anggota 580 orang. -PKB = 68 Anggota DPR (11,72 persen dari 580 total anggota DPR) -Gerindra = 86 Anggota DPR (14,83 persen dari 580 total anggota DPR) -PDI-P = 110 Anggota DPR (18,97 persen dari 580 total anggota DPR) -Golkar = 102 Anggota DPR (17,59 persen dari 580 total anggota DPR) -NasDem = 69 Anggota DPR (11,90 persen dari 580 total anggota DPR) -PKS = 53 Anggota DPR (9,14 persen dari 580 total anggota DPR) -PAN = 48 Anggota DPR (8,28 persen dari 580 total anggota DPR) -Demokrat = 44 Anggota DPR (7,59 persen dari 580 total anggota DPR) Saat ini ada 4 partai yang setuju Pilkada via DPRD yakni Partai Golkar, PKB, Partai Gerindra, dan PAN. Jika empat partai itu kompak di DPR maka suaranya mencapai 304 anggota atau sekitar 52,4 persen dari total 580 anggota dewan. Maka apabila dilakukan voting pemilihan keputusan dengan suara terbanyak maka usul Pilkada via DPRD bisa terealisasi melalui keputusan di DPR RI. Dengan demikian nantinya rakyat tidak lagi memilih gambar calon kepala daerah di TPS. Anggota DPRD lah yang akan memilih kepala daerah baik gubernur, bupati, dan wali kota. Yang mengejutkan Fraksi Nasdem tampaknya setuju dengan wacana pilkada via DPRD meski partai ini berada di luar pemerintahan. Penulis: Hasanudin Aco BACA ARTIKEL SELENGKAPNYA>> FOTO: Sejumlah Anggota DPR mengikuti Rapat Paripurna ke-5 DPR RI Masa Sidang I Tahun Sidang 2025-2026 di Kompleks Parlemen, Senayan, Jakarta, Selasa (23/9/2025). (Sumber foto: TRIBUNNEWS/IRWAN RISMAWAN).",True,2025-12-30 04:00:08
tiktok,Netral,1199.0,"Exakt så, Janne 🙏🏼",False,2025-11-25 01:02:33
tiktok,Netral,1197.0,Venezuela’s president rn [sticker],False,2026-01-05 04:23:28
tiktok,Netral,1195.0,"salam dari Malaysia, saya hanya mampu repost vtt kamu yg fyp shj, take care guys ❤️😔🥺",False,2025-08-31 03:26:40
tiktok,Negatif,1187.0,"ari anu si iyeu mana ning eweuh nya, anu nyarenteg tea🗿",False,2026-01-06 21:20:17
tiktok,Negatif,1172.0,"ternaknya ga bakal terima,biar di kasih fakta",False,2025-08-29 07:21:29
tiktok,Netral,1148.0,pastikan di pemilu selanjutnya jangan milih partai ini.,False,2025-12-29 14:44:16
tiktok,Netral,1140.0,what is china and Russia doing,False,2026-01-04 12:40:31
tiktok,Negatif,1128.0,"penting ny punya pemimpin yg udah kaya dari orok,jdi lihat uang nggk kaget buat di korup",False,2025-12-19 20:53:40
tiktok,Negatif,1128.0,"Kda ush di jelas akan, makin kda jelas😅 minta rela🙏",True,2026-01-06 18:06:39
tiktok,Netral,1113.0,america is evil😡,False,2026-01-04 17:44:03
tiktok,Negatif,1113.0,dia gk sendirian bro.. kita semua di belakang dia,False,2025-08-29 06:43:10
tiktok,Negatif,1108.0,rek ngajagooooo,False,2026-01-05 01:29:47
tiktok,Negatif,1102.0,Hollander h nya hamil ❤❤❤,False,2025-12-31 13:44:43
tiktok,Netral,1100.0,Trumps regime will end next year,False,2025-10-23 23:38:27
tiktok,Positif,1099.0,"see how he gesture his hand into thank you when he walks~ he's very thankful to the people who went to see him i really love small things like this, not just walking gracefully for the cameras💯✨",False,2025-11-14 04:45:09
tiktok,Netral,1097.0,Spanberger is leading by 2 digit… i wont have this reaction,False,2025-10-23 18:05:57
tiktok,Netral,1097.0,what if russia or china did this?,False,2026-01-04 16:55:13
tiktok,Netral,1080.0,bästa Janne som vågar säga vad han tycker och tänker om allt 😊👍,False,2025-11-25 01:19:23
tiktok,Negatif,1077.0,"Lebih setuju bandara Husein dihidupkan kembali, jujur jujuran org Bandung lebih milih ke Jakarta daripada ke Kertajati, semoga dihidupkan lagi bandara di Bandung🤲",False,2025-01-16 20:24:57
tiktok,Negatif,1075.0,mukanya ngk bisa dikendalikan 😅,False,2025-10-17 18:54:08
tiktok,Netral,1057.0,on ne revient pas car il y a trop de misere,False,2025-07-16 19:25:49
tiktok,Netral,1052.0,"Beauty, brain, behavior. Menyala queen 💅🏽👑",False,2025-11-22 21:43:04
tiktok,Netral,1050.0,how they were moving,False,2026-01-04 08:37:04
facebook,Netral,1044.0,"Perihal Pilkada melalui DPRD! Tadi malam dalam sebuah talkshow di TV One, Saya menyampaikan beberapa hal terkait usulan berberapa Parpol agar mekanisme Pemilihan Kepala Daerah dilakukan melalui DPRD.",False,2026-01-05 23:22:08
tiktok,Netral,1037.0,How the U.S. moving,False,2026-01-04 03:59:34
tiktok,Negatif,1036.0,KDM JADI PRESIDEN BIAR LURUS,False,2025-12-30 07:31:29
facebook,Negatif,1034.0,"Pilkada Mau Ditarik, Rakyat Mau Diparkir Tukang sablon, tukang jahit, pemasang baliho, digital printing, biro iklan, pengincar amplop, ngumpul di sini sebentar. Soalnya, Prabowo and the geng, akan mengubah Pilkada tidak lagi secara langsung, melainkan cukup dipilih DPRD. Kalau ini gol, semua kalian akan gigit jari, tak ada order lagi macam dulu. Order itu diperuntukkan bagi wakil rakyat yang jumlah puluhan orang itu, dan para ketum parpol di pusat. Simak narasinya sambil seruput Koptagul, wak! Indonesia memang negara dengan bakat istimewa, menghidupkan kembali ide mati lalu menyebutnya “terobosan.” Demokrasi di sini seperti kaset lawas dangdut koplo, kalau sudah tidak laku, diputar ulang, diberi remix, lalu dijual lagi ke publik yang sama. Di penghujung 2025, ketika rakyat sibuk menghitung sisa saldo dan tekanan darah, elite politik justru sibuk merancang sulap akbar, pilkada langsung mau ditarik dari tangan rakyat dan diserahkan kembali ke DPRD. Katanya demi efisiensi. Biasanya, kata “efisiensi” itu kode rahasia, ada yang mau dipermudah, tapi bukan hidup rakyat. Adegan ini sebenarnya bukan baru. Kita pernah nonton musim sebelumnya tahun 2014, era SBY. Waktu itu DPR sudah hampir sukses mengubur pilkada langsung dengan dalih biaya mahal dan konflik sosial. Untung ada Perppu yang datang seperti deus ex machina, menyelamatkan hak pilih rakyat di detik terakhir. Tapi rupanya, ide buruk itu bukan mati, hanya disimpan di lemari arsip kekuasaan, menunggu momen ketika mayoritas kursi sudah aman dan suara rakyat dianggap terlalu berisik. Kini momennya datang. Presiden Prabowo melempar wacana ini di panggung HUT Golkar, dan seperti konspirasi yang rapi, bola itu langsung disambar. Golkar gaspol, Gerindra mengangguk penuh cinta, PKB dan PAN nimbrung sambil bilang “layak dikaji.” PDIP dan Demokrat menolak, tapi suaranya terdengar seperti protes di konser musik, ada, tapi tenggelam oleh dentuman bass kekuasaan. PKS masih menunggu arah angin. Alasan resmi terdengar sangat mulia, nyaris religius. Pilkada langsung mahal. Rakyat terlalu terpolarisasi. Kepala daerah korup karena ingin balik modal. Solusinya? Cabut saja hak pilih rakyat, serahkan ke DPRD. Logika ini seperti mengatakan, “karena banyak kecelakaan, mari kita larang semua orang menyetir dan serahkan mobil ke sopir bayaran elite.” Aman? Belum tentu. Murah? Tergantung siapa yang bayar. Golkar bahkan menawarkan versi “demokrasi diet” rakyat boleh ikut konvensi di awal, setelah itu silakan menonton DPRD memilih. Katanya transparan, katanya sesuai UUD. Tapi publik yang punya memori panjang tahu, ruang DPRD itu bukan ruang steril. Ia penuh aroma lobi, kompromi, dan amplop yang tidak pernah tercantum di APBD. Di balik layar, konspirasinya terasa rapi. Koalisi pemerintah sedang dominan di DPR dan DPRD. Mengontrol kepala daerah lewat DPRD jauh lebih efisien ketimbang berhadapan langsung dengan rakyat yang kadang suka bikin kejutan. Pilkada langsung itu liar, tak bisa diprediksi. DPRD lebih jinak, bisa diajak bicara, diajak makan siang, diajak “musyawarah.” Para pengamat pun angkat bicara, meski sering hanya jadi bumbu diskusi. Ada yang bilang ini kehendak elite, bukan rakyat. Ada yang mengingatkan, money politics tidak hilang, hanya pindah dari lapangan terbuka ke ruang VIP. Ada yang menyebut rakyat akan jadi “fitur non-aktif” dalam demokrasi. Bahkan ada yang terang-terangan bilang, ini bukan penghematan, ini pembagian kekuasaan. Tentu ada juga yang membela. Katanya sesuai demokrasi perwakilan, sesuai Pancasila, lebih tertib. Tapi sejarah kita mencatat, pilkada via DPRD dulu adalah ladang korupsi yang subur, tempat kepala daerah lahir dengan utang politik, bukan mandat rakyat. Lucu? Iya. Tragis? Juga. Karena di negeri ini, reformasi sering kali hanya mimpi yang dibangunkan paksa oleh alarm oligarki. Setiap kali itu terjadi, kita selalu disuruh percaya, ini demi kebaikan bersama. Foto Ai hanya ilustrasi Rosadi Jamani Ketua Satupena Kalbar camanewak jurnalismeyangmenyapa JYM",True,2026-01-05 02:49:46
tiktok,Netral,1027.0,UAS MANA UAS,False,2025-11-05 18:14:47
tiktok,Netral,1024.0,Congratulations Spanburger 💙💙💙💙,False,2025-10-24 02:23:15
tiktok,Positif,1013.0,DAMNNNN,False,2025-11-22 20:16:31
instagram,Negatif,1006.0,Apa perlu Mahasiswa + Masyarakat pro Demokrasi + PDI-P turun ke jalan lagi??,True,2026-01-06 10:08:49
tiktok,Netral,1005.0,True Republicans will vote blue this election. MAGA and Republican are not the same thing. I truly believe Republicans will stand for democracy. 👏👏👏👏👏,True,2025-10-24 20:29:15
tiktok,Netral,996.0,Kalsel Kaltim sama salah pilih gubernur,False,2026-01-07 10:00:49
tiktok,Negatif,967.0,demi uang orang rela melakukan apa saja,False,2026-01-06 01:27:47
tiktok,Negatif,955.0,USA NIGHTMARE💀,False,2026-01-04 14:20:29
tiktok,Netral,953.0,ya pak gubernur saya itu tapi engga pernah turun kemasyarakatan pak,False,2025-11-06 14:39:23
tiktok,Negatif,952.0,fungsi Panji bwt rakyat & negara Indonesia???,False,2026-01-05 14:06:14
tiktok,Negatif,945.0,tapi saya rasa orang jujur kaya gitu di dunia politik banyak musuhnya,False,2025-12-19 17:40:36
tiktok,Negatif,936.0,TNI kena juga?,False,2025-08-25 18:05:26
instagram,Negatif,935.0,Demi apa? Yak demi presiden selamanya😂,False,2025-12-29 04:58:06
tiktok,Negatif,933.0,ibu tinggal ngomong saya sudah kaya sebelum menjabat biar diam sudah orang 🙏,False,2025-11-22 19:28:35
tiktok,Negatif,929.0,"KDM bukan sadis, jangan salah paham..Di bereskan dahulu sesuai aturan negara,lalu urusan rakyat akan di rangkul dengan hati nurani.....🇲🇨🤲🙏",False,2025-01-27 15:56:14
tiktok,Negatif,925.0,di jaman pemerintahan BP Soeharto orang seperti panji ini lansung hilang seketika,False,2026-01-04 14:18:05
tiktok,Negatif,884.0,iya gue iri bisa punya gubernur yg berkelas kompeten gini sedangkan di suatu daerah gubernurmya 😌,False,2025-11-22 15:04:46
facebook,Positif,864.0,"Dulu..... ia mengabdikan dirinya mewakili suara rakyat kususnya dapil 2, yang sekarang sudah menjadi wilayah dapil 3. Argo V Sumaiku seorang anggota DPRD yang bekerja tulus tanpa banyak bicara, dari setiap langkah yang penuh niat baik, Murni dem ingin daerahnya maju"" Hari ini, beliau menyadarkan saya sebagai rakyat, bahwa amanah itu tumbuh dari kursi dewan menuju tanggung jawab yang lebih besar sebagai Wakil Bupati..., Kerja tulus dan amanah memang selalu menemukan jalannya sendiri. Semoga pak wabub Argo V Sumaiku selalu dalam keberkahan, semoga tetap rendah hati dan tetap menjadi suara yang lahir dari hati rakyat.",False,2025-11-04 01:21:09
tiktok,Netral,863.0,cukup satu periode Gerindra BERKUASA,False,2025-12-30 14:15:06
tiktok,Negatif,859.0,serius lah gaji cgu tu?? 20-100usd jea?? murahnya😥 kat Malaysia paling murah rasanya 800 - 1000usd,False,2025-08-31 09:05:29
tiktok,Negatif,859.0,"Aceh kamu punya pemimpin yg baik berhati malaikat.jaga dia,ngk pernah pemimpin menangis karna rakyat.dia lah org nya,kami sumtra barat,kita bersaudara.jaga dia",False,2025-12-14 14:31:48
tiktok,Negatif,857.0,umur tidak bisa bohong makanya keputusan MK capres yg udh berumur 70 tahun lebih tidak boleh mencalonkan,False,2026-01-07 13:34:22
instagram,Negatif,852.0,Kalau mau sempurnakan demokrasi cukup kerja yang bener ga usah korupsi,True,2026-01-02 06:37:55
tiktok,Negatif,850.0,bah il a raison,False,2025-07-16 19:03:30
facebook,Netral,849.0,"Tolak Ajakan Dukung Pilkada Lewat DPRD, PDIP: Kami Enggak Mungkin Meninggalkan Rakyat Ketua DPP PDIP Deddy Sitorus mengungkapkan, partainya menolak ajakan dari partai politik (parpol) lain, untuk mendukung pemilihan kepala daerah (pilkada) kembali dipilih oleh DPRD. PDIP, kata Deddy, tidak akan meninggalkan rakyat yang mayoritas masih menginginkan pilkada secara langsung. ""Kita enggak mungkin meninggalkan rakyat,"" kata Deddy kepada wartawan, Rabu (7/1/2026). Deddy menegaskan, rakyat pada dasarnya hanya memiliki satu instrumen harapan dalam demokrasi, yakni hak suara. Sebab itu, ia menilai tidak masuk akal jika hak tersebut justru diambil kembali melalui wacana pengembalian pemilihan kepala daerah oleh DPRD. ""Rakyat itu punya apanya sih yang berharap? Rakyat itu kan suaranya. Masa itu juga mau diambil?,"" ujarnya. Deddy menegaskan, sikap PDIP tidak akan berubah terkait mekanisme pemilihan kepala daerah. Bagi PDIP, pilkada langsung merupakan hal fundamental dalam demokrasi yang telah diperjuangkan dan dijalankan selama ini. “Saya kira itulah. Jadi enggak ada lah kita enggak akan berubah. Karena itu hal yang fundamental,” ucap anggota Komisi II DPR RI itu. Lebih lanjut, Deddy mengingatkan bahwa Indonesia pernah mengalami sistem pemilihan kepala daerah melalui DPRD, namun mekanisme tersebut telah ditinggalkan setelah melalui proses evaluasi dan revisi kebijakan. “Kita sudah pernah mengalami pemilihan oleh DPRD dan kita buang itu, kita revisi,” katanya. Deddy menambahkan, berbagai alasan yang dikemukakan oleh pihak-pihak yang mendorong kembalinya pemilihan kepala daerah oleh DPRD tidak memiliki dasar yang kuat dan mudah dipatahkan. “Dan semua alasan yang dikemukakan itu tentang kenapa harus kembali dipilih oleh DPRD itu kan dengan sangat mudah dibantah. Alasannya kurang kuat,” pungkasnya. Untuk diketahui sejumlah parpol, yakni Golkar, Gerindra, PAN, PKB, NasDem, dan Demokrat mendukung wacana pilkada kembali dipilih DPRD. Golkar mengusulkan Pilkada melalui Dewan DPRD sebagai wujud pelaksanaan kedaulatan rakyat, dengan menitik beratkan pada keterlibatan dan partisipasi publik dalam proses pelaksanaannya. “Kami yakin pilkada lewat DPRD lebih tepat. Tapi ini perlu kajian mendalam,” kata Bahlil dalam sambutannya di puncak HUT ke-61Partai Golkar di Istora Senayan, Jakarta, Jumat (5/12/2025). Sementara itu PKB menilai pemilihan kepala daerah (Pilkada) melalui DPRD bisa menekan kasus-kasus korupsi di tingkat daerah. ""Perubahan sistem ini akan menekan kasus-kasus korupsi kepala daerah,"" kata Daniel kepada wartawan, Senin (22/12/2025). Partai Gerindra menyatakan sikapnya mendukung usulan pemilihan kepala daerah level gubernur hingga bupati/wali kota oleh DPRD. Sekjen DPP Partai Gerindra Sugiono mengatakan pemilihan kepala daerah oleh DPRD patut dipertimbangkan untuk diterapkan. “Gerindra ada dalam posisi mendukung upaya ataupun rencana untuk melaksanakan pemilukada ini oleh DPRD di tingkat bupati, wali kota ataupun di tingkat gubernur,” ujar Sugiono Senin (29/12/2025). Terkini, Sekretaris Jenderal DPP Partai Demokrat, Herman Khaeron, menyatakan partainya satu barisan dengan Presiden Prabowo Subianto mengenai sistem pemilihan kepala daerah (pilkada). ""Partai Demokrat berada dalam satu barisan dengan Presiden Prabowo Subianto dalam menyikapi sistem pemilihan kepala daerah,"" kata Herman kepada wartawan, Selasa (6/1/2026). Baca juga: PDIP Konsisten Tolak Ide Calon Kepala Daerah Dipilih oleh DPRD Herman menjelaskan, sikap ini berangkat dari ketentuan Undang-Undang Dasar 1945 yang memberikan kewenangan kepada negara untuk mengatur mekanisme pilkada melalui undang-undang (UU).",True,2026-01-07 13:47:06
tiktok,Netral,840.0,[sticker],False,2026-01-06 01:08:54
tiktok,Positif,838.0,"Sbg warga Cilacap yg anaknya mondok di solo sy paham maksud pak gubernur, emang kl ga ada kepentingan ke kota lebih baik lewat jalan pinggir. Bener2 hemat waktu dan bensin sangat byk. Dr Prambanan belok kiri sampe bandara paling 2 jam. Coba kl lewat kota bisa 4-5 jam baru sampe bandara. Itu patokan saya. Tepat bgt pak gub himbauannya 🙏🙏🙏",False,2025-12-13 23:49:10
tiktok,Netral,835.0,I see freedom coming to Cuba,False,2026-01-04 23:40:30
tiktok,Netral,834.0,Shaq has the same color as his suit,False,2025-10-10 23:26:27
tiktok,Negatif,829.0,panji apa manfaatnya buat Indonesia...kalau KDM SDH ada buktinya.,False,2026-01-05 20:26:25
tiktok,Negatif,827.0,”Yalla🫱🏼‍🫲🏽”,False,2025-11-25 03:02:30
tiktok,Negatif,825.0,"fokus ke tuntutan, bukan warna. ampun dah gua",True,2025-09-04 18:01:23
tiktok,Positif,822.0,Bangga bgt sama presiden dan wapres ku skrng ☺️,False,2026-01-02 12:26:01
tiktok,Positif,817.0,bagus yang ibu gubernur bilang ooo ordal,False,2025-12-23 17:51:13
tiktok,Negatif,813.0,kada tapi pintar,False,2026-01-05 15:42:16
tiktok,Netral,813.0,TELLL THEEM QUEEENN🤭💜,False,2025-11-23 09:27:34
tiktok,Negatif,812.0,"dia raja, bukan tentara tentaraan😅😅",False,2025-08-30 05:20:35
tiktok,Netral,808.0,this what happens when any president doesn't care about their people.,False,2025-10-24 04:16:45
tiktok,Negatif,806.0,Gerindra berupaya menghancurkan demokrasi 🤔🤔🤔baru 1 tahun berkuasa sudah begini...,True,2025-12-29 15:18:11
tiktok,Negatif,797.0,“Siapa saya untuk bertanya kenapa? Karena dari awal ini bukan milik saya” 🥹🥹🫶🫶,False,2025-10-09 15:13:13
tiktok,Negatif,796.0,coba panji disuruh nyalon llurah kira2 menang gak😁,False,2026-01-05 12:47:03
facebook,Negatif,789.0,"Kalau Pilkada diserahkan pada Anggota DPRD. Maka: 1. Calon independen tak ada lagi. 2. Tukang sablon berkurang penghasilannya. 3. Tukang baliho berkurang penghasilannya 4. Iklan koran, radio, online berkurang penghasilannya. 5. Putaran ekonomi jadinya LLD (liat liat di DPRD) Mau? (Caption saya edit di pkl 19.42) pilkada UntukRakyat BaneBergerak bagak",False,2026-01-07 09:41:09
instagram,Negatif,781.0,Takut ga kepilih lagi ya??? Wkwkwk 🥱🥱😂,False,2026-01-02 06:40:11
tiktok,Netral,773.0,aku baru ngerti knp Aceh+ Papua pngen lepas 😳,False,2025-12-15 10:11:59
tiktok,Negatif,773.0,ketar ketir gak tuhh pasti sekarang lagi keringat dingin 😂😂,False,2026-01-04 21:31:45
tiktok,Netral,773.0,That’s reason I love monarchy.democracy is just cheat only for powerful people politicians,True,2025-08-30 17:26:32
tiktok,Negatif,767.0,belum ada perubahan-perubahan nya..pak...agak menyesal milihnya,False,2025-11-06 18:12:00
tiktok,Netral,760.0,"MENTERI ADA PAK PURBAYA, GUBERNUR ADA BU SHERLY 🥰",False,2025-10-17 19:31:55
facebook,Positif,753.0,"Silahturahmi dengan Menteri Desa dan Pembangunan Daerah Tertinggal, Bapak Yandri Susanto di kediaman beliau. Menjadi lengkap karena didampingi sahabat baik saya yang selalu ngasi semangat dan nasehat, istri beliau yang juga Bupati Serang Ibu Ratu Rachmatuzakiyah. Turut hadir sahabat-sahabat dari Fraksi PAN DPRD Provinsi Riau, Bang Fairus. Juga anggota Fraksi PAN DPRD Siak, Bapak Ridha Alwis Effendi, Bpk H. Budi Yuwono, dan Bpk Salman Alfarisi. Selain juga ada Sekda beserta Kabag Hukum dan Bapperida, juga saya ajak Penghulu Dayun. Malam tadi kami kompak sekali menyuarakan berbagai kepentingan rakyat Siak. Diantaranya: 1. Nasib puluhan Desa/Kampung dalam kawasan (HTI, HGU, BMN, BUMN) 2. Akses infrastruktur dan hak dasar masyarakat desa/kampung akibat terfragmentasi ijin konsesi. 3. Alokasi Dana Desa/Kampung perlu ditingkatkan, bukan dikurangi 4. Lahan Koperasi Merah Putih yang masih sulit tersedia. 5. Banyaknya Desa/Kampung yang terkena batas 100 meter kanan kiri jalan masuk BMN. Memohon disampaikan untuk bisa mendapatkan diskresi Bapak Presiden karena masalah ini lintas Kabupaten, dengan jumlah terdampak nasib ratusan ribu orang. 6. Memohon bantuan untuk Ambulance Laut bagi Desa/Kampung/Dusun terpencil di Sungai Apit (Teluk Lanus, Mungkal, dll). 7. Memastikan bahwa lahan-lahan HTI, HGU, BMN, dan BUMN dapat diakses dalam bentuk pinjam pakai untuk mendukung ketahanan pangan. Selain mewujudkan kemandirian pangan juga untuk menjadi rantai pasok dapur MBG. 8. Dll berbagai isu krusial lainnya Kami saling berdiskusi hangat, dan tentu sesekali tertumpah tawa mengenang masa-masa Pilkada. Dulu mungkin kami berseberang jalan, namun begitu Pilkada usai, kami akhirnya bergandengan tangan untuk bersama-sama mengisi pembangunan. Kami sudah move on. Semoga yang masih belum, bisa menyusul demi Siak kita...😊",False,2026-01-08 01:49:58
tiktok,Netral,746.0,gw yg liat live ny aja udh sesek banget,False,2026-01-04 07:45:16
tiktok,Netral,743.0,I'm a Republican voting blue next time,False,2025-10-24 12:27:15
tiktok,Netral,734.0,bupati-bupati di seluruh riau pun harus di periksa jgn hanya cuman gubernur ny,True,2025-11-05 18:53:30
tiktok,Netral,734.0,I appreciate everyone who is voting outside of their party to help save America from Trump!,False,2025-10-24 17:42:02
tiktok,Netral,731.0,"""jadi bapa KaDes coba hubungi dia"" hayoloooo wkwk🤣",False,2025-10-17 17:37:52
tiktok,Netral,729.0,semoga 2029 mas wapres naik level jadi RI 1 amiiiinnnn... 🤲🤲,False,2026-01-02 15:31:08
tiktok,Negatif,728.0,shane kalo di rl takut sama hudson😭😭nakal bgttt🤣🤣,False,2025-12-31 14:07:42
tiktok,Negatif,722.0,3jt won? banyak banget jir😭,False,2026-01-07 16:01:46
tiktok,Netral,721.0,20$ Really???,False,2025-08-31 08:52:40
instagram,Netral,712.0,Berarti rakyat juga gk berhak bayar pajak untuk gaji kalian,False,2025-12-29 04:47:38
tiktok,Positif,709.0,Kita melihat dia begitu kuat.. Tapi percayalah disaat beliau membaringkan tubuh untuk tidur dan sebelum mata terpejam maka kerapuhan itu datang menghampirinya🥲 Sehat selalu perempuan tangguh🔥🔥🔥,False,2025-10-09 10:11:58
tiktok,Negatif,708.0,awas aja sampe ada yg jahat sama Bu Sherly 😭,False,2025-09-19 05:57:12
tiktok,Positif,704.0,"trimakasih bnyak ibu Sherly, quotes nya punya makna yg sangat dalam🥹",False,2025-10-09 04:56:29
tiktok,Negatif,699.0,"Gak usah tunggu harganya turun, kalau emang mampu beli aja",False,2026-01-07 15:58:54
tiktok,Negatif,682.0,bangat pada urg Nang manggaduk Pina maranyaw lalu😭,False,2026-01-06 18:14:01
tiktok,Netral,675.0,"I was already feeling down about what we're going through here in the Philippines, then I found out our Indonesian brothers and sisters are facing the same struggles. 😭😭😭 This too shall pass. Lord, have mercy on us all. 🙏😭",False,2025-08-31 01:18:15
tiktok,Negatif,671.0,ndak milih tapi ikut ngerasakan🗿,False,2025-03-20 19:51:31
tiktok,Negatif,668.0,kita juga harus berani bubarkan partai politik,True,2025-12-30 14:37:07
tiktok,Positif,665.0,Jalla😂👑,False,2025-11-24 22:04:54
tiktok,Negatif,664.0,Naha cicing ?,False,2026-01-06 22:00:55
tiktok,Negatif,654.0,klu DPRD yg memilih bupati wali kota gubernur berarti tdk ada gunanya nya rakyat,False,2025-12-31 04:52:29
facebook,Netral,653.0,"Di tengah dorongan sejumlah fraksi untuk mengembalikan Pilkada lewat DPRD, PDI Perjuangan justru berdiri sendiri menyatakan penolakan tegas. Enam fraksi mendukung mekanisme tanpa suara langsung rakyat, sementara PDI Perjuangan konsisten menjaga Pilkada tetap dipilih oleh rakyat. PDI Perjuangan menilai Pilkada langsung adalah wujud kedaulatan rakyat yang tidak boleh dikorbankan. Alasan efisiensi biaya dan isu politik uang tidak bisa dijadikan pembenaran untuk memangkas hak rakyat dalam menentukan pemimpinnya sendiri. Anggota Komisi II DPR RI Fraksi PDI Perjuangan, Komarudin Watubun menegaskan komitmen PDI Perjuangan menjaga demokrasi agar Pilkada tetap melibatkan rakyat secara langsung. Senada, Deddy Sitorus menilai alasan yang dikemukakan para pengusung Pilkada lewat DPRD mencerminkan minimnya kemauan berpikir serius dalam memperkuat demokrasi.",True,2026-01-08 06:56:01
tiktok,Negatif,653.0,waktu pa Anis di rosting . bah kan di rujak habis habisan . tapi pak Anis tidak baperan,False,2026-01-05 16:06:32
tiktok,Positif,650.0,"kang Dedi Mulyadi , gubernur Jawa Barat yg merakyat ! sehat selalu ya pak Dedi Mulyadi",False,2025-01-27 10:19:54
tiktok,Negatif,642.0,"sekuat apapun kalian mengangkat nama Anis, Dia gak akan prnah jadi Presiden di NKRI ini",False,2026-01-05 18:02:03
tiktok,Negatif,641.0,"""keknya kurang kiri deh ka"" 😭😭😭",False,2025-12-30 14:33:56
threads,Positif,641.0,Setuju 🔥🔥🔥,False,2026-01-04 09:45:56
tiktok,Netral,641.0,The blue wave is coming💙🇺🇸,False,2025-10-24 03:38:44
instagram,Netral,641.0,Menurut keyakinan saya...pemilu berikutnya nda usah pilih partai yg mendukung pilkada via DPRD 🔥🔥🔥,False,2026-01-06 07:45:21
tiktok,Netral,638.0,"Vad får tycka va man vill om den här snubben, men han säger det ingen annan vågar säga",False,2025-11-25 01:30:51
tiktok,Netral,635.0,hadiah nya berapa itu di rupiahkan,False,2026-01-07 13:00:25
tiktok,Negatif,634.0,pria sawit itu lagi😭😭,False,2026-01-07 18:38:19
tiktok,Positif,633.0,I feel you Indonesia 🇰🇭 🇮🇩❤️,False,2025-08-30 21:51:58
facebook,Netral,626.0,"Pilkada 2029 yang Dipilih oleh DPRD Apakah ini kemunduran demokrasi? Pada tahun 2029, rencana untuk memilih kepala daerah melalui mekanisme DPRD kembali menjadi perbincangan hangat di tengah masyarakat. Banyak pihak mengungkapkan kekhawatiran bahwa langkah ini merupakan kemunduran dalam perkembangan demokrasi di Indonesia, yang selama ini telah mengenalkan sistem pemilihan langsung (pemilu) kepala daerah sebagai wujud kedaulatan rakyat. Latar Belakang Sistem pemilihan kepala daerah oleh DPRD pernah diterapkan sebelum era otonomi daerah yang lebih luas. Namun, sejak diberlakukannya Undang-Undang Nomor 32 Tahun 2004 tentang Pemerintahan Daerah, pemilihan langsung menjadi pilihan utama untuk memberikan hak kepada rakyat dalam menentukan pemimpin daerahnya sendiri. Pengusulan kembali sistem pemilihan oleh DPRD pada Pilkada 2029 muncul dengan berbagai alasan, antara lain upaya untuk mengurangi biaya pemilu yang dianggap besar, serta meningkatkan sinergi antara eksekutif dan legislatif daerah. Argumen yang Menyatakan Demokrasi Mundur - Pengurangan Peran Rakyat: Pemilihan oleh DPRD berpotensi membuat rakyat kehilangan kesempatan langsung untuk memilih pemimpin yang mereka percayai. Kedaulatan yang seharusnya berada di tangan rakyat menjadi lebih terpusat pada anggota dewan, yang mungkin tidak selalu mewakili aspirasi seluruh lapisan masyarakat. - Risiko Praktik Politik yang Tidak Sehat: Tanpa pengawasan langsung dari rakyat, terdapat kekhawatiran akan meningkatnya praktik politik uang, kolusi, atau kepentingan kelompok tertentu dalam proses pemilihan oleh DPRD. - Pemutusan Hubungan Langsung antara Pemimpin dan Rakyat: Pemimpin yang dipilih oleh DPRD cenderung lebih fokus pada kepentingan dewan daripada kebutuhan masyarakat luas, sehingga mengurangi akuntabilitasnya terhadap rakyat. Pandangan yang Berbeda - Efisiensi Biaya: Pendukung sistem ini menyatakan bahwa pemilihan oleh DPRD dapat menghemat anggaran yang biasanya dikeluarkan untuk penyelenggaraan pemilu langsung, yang kemudian bisa dialokasikan untuk pembangunan daerah. - Kualitas Pemimpin yang Lebih Baik: Mereka berargumen bahwa anggota DPRD memiliki wawasan lebih mendalam tentang profil dan kapasitas calon kepala daerah, sehingga dapat memilih orang yang paling kompeten dan sesuai dengan kebutuhan daerah. - Sinergi Eksekutif dan Legislatif: Pemilihan oleh DPRD diharapkan dapat menciptakan kerja sama yang lebih baik antara pemerintah daerah dan dewan, sehingga kebijakan pembangunan dapat terlaksana dengan lebih lancar. Pernyataan bahwa Pilkada 2029 yang dipilih oleh DPRD merupakan kemunduran demokrasi tidak dapat dijadikan kesimpulan mutlak. Isu ini melibatkan berbagai perspektif yang perlu dipertimbangkan secara matang, mulai dari nilai-nilai demokrasi, efisiensi biaya, hingga kualitas pemerintahan daerah. Yang paling penting adalah proses pengambilan keputusan ini harus melibatkan partisipasi luas masyarakat, serta memastikan bahwa setiap langkah yang diambil tetap berlandaskan pada prinsip kedaulatan rakyat dan kesejahteraan masyarakat luas Apakah kalian berdiri di pihak yang ingin menjaga hak rakyat memilih langsung, ataukah di pihak yang melihat potensi efisiensi dan kualitas pemerintahan dari pemilihan oleh DPRD? Pilkada2029SiapaPemilikSuara PilkadaDPRDAtauPemiluLangsung RakyatHakPilihLangsung JagaPemiluLangsun Pilkada2029 PemiluLangsungAtauDPRD SiapaPemilikSuara AyoPilihSisiMu",True,2026-01-07 00:37:08
tiktok,Negatif,620.0,"Amplopnya doang pindah ke DPR, korupsinya mah tetep jalan 😂",False,2025-12-30 18:36:10
tiktok,Negatif,612.0,😂😂saya orang Banten tpi baru tau itu gubernur Banten,False,2025-11-06 17:12:57
tiktok,Netral,612.0,20-100$ a month for teachers? That's not even half of my salary and I'm only working as sales person here in my country. What is wrong with Indonesian government? 😭💔,False,2025-08-31 07:35:48
tiktok,Netral,609.0,This is what is happening in redstates because Trump and the republican party are giving Argentina 40 billion and the USA 0.,False,2025-10-23 22:32:11
tiktok,Netral,608.0,RIP Democracy,True,2026-01-06 14:39:07
tiktok,Negatif,607.0,"dia tuh kalah yauda, menang malah ga percaya😭",False,2026-01-07 15:47:56
tiktok,Netral,601.0,First past the post is not democratic. We need proportional representation!,True,2025-12-17 21:01:10
tiktok,Negatif,592.0,"jangan salahkan kami rakyat Aceh kalau kami ingin merdeka, Aceh lebih baik membentuk Negara sendiri..sangat lebih baik berpisah dari RI ""MerdekaAceh💪",False,2025-12-19 23:47:47
tiktok,Positif,592.0,"Ga bisa datang langsung mau dirubuhkan...depan anak kecil...datang dgn sopan,edukasi sm orang2nya",False,2025-01-27 09:48:58
facebook,Netral,592.0,"Cak Imin Nilai Pilkada Langsung Mahal dan Sarat Kecurangan, PKB Dorong Kepala Daerah Dipilih DPRD JAKARTA, Framing NewsTV - Ketua Umum Partai Kebangkitan Bangsa (PKB), Abdul Muhaimin Iskandar atau Cak Imin, secara terbuka menyatakan dukungan terhadap perubahan sistem pemilihan kepala daerah dari pemilihan langsung oleh rakyat menjadi melalui Dewan Perwakilan Rakyat Daerah (DPRD). Menurutnya, sistem pilkada langsung yang selama ini diterapkan justru menimbulkan banyak persoalan serius. Cak Imin menilai pilkada langsung membutuhkan biaya politik yang sangat mahal dan rawan kecurangan. Selain itu, ia juga menyoroti persoalan netralitas aparatur negara yang dinilainya belum sepenuhnya terjaga. “Alasannya sederhana, berbiaya mahal dan penuh kecurangan, juga aparatur belum banyak yang bisa netral,” ujar Cak Imin melalui unggahan di media sosial X , Kamis, 1 Januari 2026. Menteri Koordinator Bidang Pemberdayaan Masyarakat itu juga berpendapat bahwa pilkada langsung tidak banyak melahirkan kepala daerah yang kuat dan mandiri. Dengan berbagai pertimbangan tersebut, ia meyakini sistem pilkada tidak langsung melalui DPRD lebih relevan untuk diterapkan di Indonesia saat ini. Cak Imin menegaskan sikap PKB dalam isu ini bersifat konsisten dan telah diperjuangkan sejak masa pemerintahan Presiden ke-6 Republik Indonesia, Susilo Bambang Yudhoyono (SBY). Bahkan, menurutnya, wacana pilkada lewat DPRD sempat berhasil disahkan menjadi undang-undang. Namun, pada 2014, fraksi PKB di DPR justru tercatat berada di kubu yang menolak pilkada tidak langsung bersama Partai Demokrasi Indonesia Perjuangan (PDIP) dan Partai Hanura. Saat itu, fraksi Partai Golkar, Partai Gerindra, Partai Keadilan Sejahtera (PKS), Partai Amanat Nasional (PAN), dan Partai Persatuan Pembangunan (PPP) unggul dalam voting pengesahan Undang-Undang Pemilihan Gubernur, Bupati, dan Wali Kota yang mengatur pilkada melalui DPRD. Pengesahan undang-undang tersebut menuai penolakan luas dari masyarakat. Presiden SBY kemudian menerbitkan Peraturan Pemerintah Pengganti Undang-Undang (Perpu) Pilkada dan Perpu Pemerintahan Daerah yang mengembalikan mekanisme pilkada langsung. “Sikap PKB soal pilkada dipilih oleh DPRD sama sejak pemerintahan Pak SBY dan bahkan sudah berhasil dijadikan UU. Sayangnya kemudian dibatalkan oleh Perpu,” kata Cak Imin. Wacana menghidupkan kembali pilkada tidak langsung kini kembali mengemuka seiring konsolidasi partai-partai politik pendukung pemerintahan Presiden Prabowo Subianto. Sejumlah partai yang menyatakan dukungan terhadap pilkada lewat DPRD antara lain Partai Golkar, Partai Gerindra, PKB, dan PAN. Elite keempat partai tersebut, termasuk Cak Imin, diketahui sempat berkumpul di rumah Ketua Umum Partai Golkar, Bahlil Lahadalia, di Jakarta pada Ahad, 28 Desember 2025. Pertemuan itu diduga membahas agenda perubahan sistem pilkada. Partai Golkar sendiri secara terbuka telah beberapa kali mengangkat isu pilkada lewat DPRD, termasuk dalam perayaan ulang tahun partai pada 2024 dan 2025. Hasil Rapat Pimpinan Nasional Partai Golkar pada 20 Desember 2025 memutuskan untuk mendukung pilkada tidak langsung dan akan mengusulkannya dalam pembahasan paket Undang-Undang Pemilu pada 2026. Di sisi lain, Koalisi Masyarakat Sipil untuk Kodifikasi Undang-Undang Pemilu menolak keras wacana tersebut. Koalisi menilai alasan mahalnya pilkada tidak dapat dijadikan dasar untuk mencabut hak rakyat memilih kepala daerah secara langsung. Perwakilan koalisi, Usep Hasan Sadikin, menyatakan bahwa mahalnya ongkos politik lebih disebabkan oleh tingginya biaya kandidasi, seperti mahar politik dan praktik politik uang, serta proses pencalonan yang tidak transparan dan tidak akuntabel. “Mengembalikan pilkada dipilih DPRD sama saja dengan melanggengkan nepotisme dan melahirkan otoritarianisme baru,” ujar Usep. Peneliti dari Perkumpulan untuk Pemilu dan Demokrasi (Perludem) itu menekankan bahwa DPR dan pemerintah seharusnya fokus memperbaiki tata kelola kepemiluan. Langkah tersebut meliputi penguatan aturan dana kampanye, peningkatan efektivitas penegakan hukum, perbaikan sistem audit, transparansi pendanaan politik, serta pelembagaan partai politik yang lebih demokratis. “Pilkada dipilih DPRD bertentangan dengan prinsip konstitusional, mereduksi kedaulatan rakyat, dan membuka ruang transaksi politik yang lebih gelap di balik pintu tertutup DPRD,” pungkasnya. pilkadalewatdprd cakinim pkb revisiuupemilu politiknasional ======== Sahabat Framing NewsTV, jangan lupa Like, Comment, Ikuti dan Share Facebook Framing NewsTV, serta aktifkan Lonceng Notifikasi agar tidak ketinggalan update isu-isu terkini di Indonesia.",True,2026-01-02 05:23:16
tiktok,Negatif,591.0,jln nya mode cewek ngambek,False,2026-01-04 19:27:07
tiktok,Negatif,581.0,Leo mana peduli omongan yg gak penting 🥰,False,2025-09-14 08:01:24
tiktok,Netral,578.0,Sejak kapan negara punya tanah,False,2025-01-27 17:46:25
tiktok,Positif,577.0,panji kan anak abah,False,2026-01-04 11:19:00
tiktok,Negatif,576.0,makin ancur aja kalo gitu nih indo🤧,False,2025-12-30 10:42:23
tiktok,Negatif,575.0,"dpr juga, kira kira ngewakilin rakyat yg mana sih?",False,2025-03-20 16:05:42
tiktok,Netral,573.0,Cuba been looking like it needs a Disney resort here,False,2026-01-05 01:32:38
tiktok,Negatif,567.0,Từ Việt Nam 🇻🇳 hâm mộ sự dũng cảm và tinh thần đoàn kết của người Indonesia 🇮🇩. Các bạn sẽ chiến thắng sự bất công và quyết thắng.,False,2025-08-31 01:49:59
tiktok,Negatif,563.0,"58% kemana woyyy, tanggungjawab donk 😡",False,2026-01-05 22:14:56
tiktok,Negatif,559.0,gua pernah tinggal di kotanya selama 1 bulan. buset kalau malem gelap banget,False,2026-01-07 19:26:26
tiktok,Netral,554.0,Godnatt lillasyster,False,2026-01-05 08:28:51
tiktok,Negatif,552.0,"buat yg ngomong gk ada bantuan, siap2 secepat ny dikasih bencana ĺagi, yg otak ny bersih dri ucapan psti selamat....",False,2025-12-20 00:21:47
tiktok,Negatif,552.0,"ditanya ku kdm naon, ngajawabna kamana Mendi teu nyambung",False,2026-01-06 19:14:54
tiktok,Netral,550.0,The left and the right needs to unite to take their country back from fascists.,False,2025-10-24 13:22:21
tiktok,Negatif,546.0,giliran sama Anis diem bae,False,2026-01-04 11:18:43
tiktok,Netral,546.0,Is he really have a tank?,False,2025-10-26 19:29:57
tiktok,Positif,534.0,cm aceh yg gk bersyukur kayakny ya?,False,2025-12-19 23:27:42
tiktok,Netral,533.0,Ada niat dan kepentingan mah wkwkwkwkwk cepet,False,2025-09-04 17:58:05
tiktok,Negatif,525.0,beliau menyarankan yg terbaik lohhh... tp knp pd salah paham sih.. 😥😥😥,False,2025-12-13 20:26:33
tiktok,Netral,525.0,fix orde baru jilid 2 Gmn saksi..sah???,False,2025-12-29 15:26:49
tiktok,Netral,524.0,"As a Venezuelan, I want to ask: where were all these comments that I see now when Venezuelans were being killed and forced out of their country? Why is he considered a poor person now and not a criminal?",False,2026-01-04 19:31:20
tiktok,Netral,523.0,"endingnya : ""jadi bye bye""",False,2026-01-06 23:46:50
tiktok,Positif,515.0,"lagunya keren, musiknya keren tapi konser sama lagunya gak nyambung. Mungkin ini benar diiringi ansembel tapi bukan dalam ansembel di video ini. Paling sederhana lagu ini menggunakan instrumen drum besar , lihat aja..ada? gak ada Timpani dan/atau bass drum disitu.",False,2026-01-01 20:20:25
tiktok,Netral,515.0,It’s been a long time coming for Cuba to be liberated,False,2026-01-05 01:40:35
tiktok,Negatif,514.0,Lagian pejabat2 sana udah tau bugeb nya gacor malah main2😭,False,2025-10-17 20:40:32
tiktok,Netral,511.0,hujannya di pindah ke rumah Sidin,False,2026-01-05 15:54:00
tiktok,Negatif,505.0,"giliran perampasan aset pada nyalahin PDIP giliran. kaya gini gada yang dukung PDIP ,hadehhh🤣",False,2026-01-08 08:05:35
tiktok,Negatif,504.0,habis ini ada kebijakan presiden menjabat seumur hidup haha,False,2026-01-05 23:12:21
tiktok,Positif,503.0,daripada pake excange pemerintah mending excange luar ga yakin sama excange pemerintah,False,2025-12-06 20:30:51
tiktok,Negatif,501.0,"negara apa ini anjg nolak pertambangan aja sampe segitunya, udh ibu ibu loh di keroyok",False,2026-01-06 04:51:12
threads,Negatif,500.0,"Padahal mah Pandji cuma ngomong fakta. Orang Jabar suka milih figur artis. Tidak sedang membicarakan kinerja KDM, tidak menjelekkan, tidak mengkritik. Hanya membuat jokes dari fenomena ramainya kandidat berlatar belakang artis di pilkada Jabar. Gak usah baper KDM. Saran saya mah, menuju ke 2029 kurang-kurangin ngontennya apalagi yang setingan noh. Supaya image pemimpinnya lebih kuat dari image artis youtubenya KDM. Iziiiiin cuma ngasih pandangan ajaa 🙏",False,2026-01-04 02:58:58
tiktok,Netral,499.0,mother is mothering🔥🔥🔥,False,2025-11-22 18:50:46
tiktok,Positif,498.0,"semakin berusaha menjelaskan, semakin tepuntal 😌",False,2026-01-07 16:05:50
tiktok,Negatif,495.0,"vino makin lama dikerubungin gitu risih ga yaa, takutnyaa malah maless ketemu banyak orang 😭",False,2026-01-04 23:23:57
tiktok,Negatif,494.0,ngomongnya = malapetaka,False,2025-12-07 12:17:11
facebook,Netral,489.0,"Fraksi Partai Gerindra menilai wacana pilkada melalui DPRD bukanlah langkah mundur demokrasi, melainkan upaya menyempurnakan sistem demokrasi agar bekerja lebih efektif dan berpihak kepada rakyat. Baca di sini: ~TA Gerindra Pilkada DPRD",True,2025-12-31 11:09:43
tiktok,Netral,486.0,buka lagi bandara husein bandung untuk komersial,False,2025-01-17 01:45:40
tiktok,Negatif,485.0,"himboawan sri sultan , kowe no porworejo lewat jogja katimbang macet lebih baik lewat piyungan, kalo ke magelang lebih baik lewat tempel , gitu bolo",False,2025-12-13 19:39:27
tiktok,Negatif,483.0,🗿 Lahh apa alesan cuma nyapa doang itu juga adab dan etika,False,2025-06-03 01:25:20
tiktok,Netral,471.0,I’m another republican voting blue until the crap us all cleaned out.,False,2025-10-24 17:00:56
tiktok,Positif,470.0,Waktu ny Indonesia bagian Timur yang lagi menguasai permusikan hebat... karya anak bangsa maju terus dengan karya mu bawa Indonesia di mata dunia lebih 👍👍👍👍,False,2026-01-02 18:46:16
tiktok,Negatif,470.0,"doa Bu widya menembus langit 😭 Aceh sekarang kembali di laundry lagi ,,tapi ttp aja masih banyak orang orang yang sombong ,,plis lah kalian yang di Aceh cepet insaf Allah udah beberapa nge laundry kalian tapi sifat kalian ttp sombong",False,2025-12-25 12:33:50
instagram,Netral,468.0,Pdip mode oposisi gacor parah euy 😂,False,2026-01-06 07:49:21
tiktok,Netral,464.0,"ini baru gub jujur langsung ngmng di depan para pejabat secara tegas dan transparn, ibu ini sma kerja nya sma kdm lanjut kan bu ,conto ni para mentri para dpr ri gub maluku utara ibu serly",False,2025-09-23 20:54:59
tiktok,Negatif,464.0,LAH?! Ini dia di ternate? Yg walikota nya komplain dia ga pernah kunjungan ke ternate ???,False,2025-12-19 05:33:11
tiktok,Negatif,463.0,"apa kabar wahai orang"" yg dulunya waktu Pilkada jelekin mualem,lihatlah sekarang gimana kerasnya dia dan tulusnya dia berjuang untuk rakyat nya 🫡🙂 salam hormat panglima 🇹🇷🇹🇷",False,2025-12-14 15:32:17
tiktok,Netral,463.0,asmr nd4smu😋,False,2025-03-19 00:04:03
tiktok,Netral,457.0,"jadi tahukan kenapa sby dan jkowi tidak ngajak JK 2 periode, karena JK ngerasa jadi presden padhal hnya wakil.",False,2026-01-02 15:59:42
tiktok,Negatif,455.0,Itu pakai headset jadi wajar weh😭lu pada kenapa deh,False,2025-06-03 12:00:07
facebook,Netral,452.0,"Prabowo Usulkan Pilkada Dihapus dan Kepala Daerah Dipilih DPRD, Bukan Dipilih Rakyat, Pakar: Pertanda Orde Baru Hidup Kembali",True,2026-01-07 13:22:58
tiktok,Positif,451.0,pantes pak wapres selalu bawa buku dan pulpen,False,2026-01-02 17:01:44
tiktok,Positif,448.0,"Cantik, Cerdas, Tegas, Bijaksana, Best Ibu Gubernur 👍👍👍",False,2025-12-19 11:46:45
tiktok,Netral,446.0,They forget that Cuba is actually US territory 🤣😉👍,False,2026-01-04 22:03:13
tiktok,Netral,442.0,I can't believe that teachers salary is $20-100 a month😭😭😭😭😭,False,2025-08-31 01:23:16
tiktok,Negatif,442.0,ini pejabat yang sadarr dunia akhirat 😌,False,2025-10-09 13:21:00
tiktok,Negatif,442.0,dia keliling mulu ya ?,False,2025-12-29 12:38:17
facebook,Negatif,440.0,Menurut hemat saya pemilihan kepala daerah dikembalikan ke DPRD jauh lebih bagus karna kost politik mengecil baik dari segi anggaran ketimbang pemilihan Langsung kepala daerah oleh masyarakat.kenapa kita mengatakan demikian karna masyarakat sekarang memilih kepala daerah bukan berdasarkan hati nurani tapi berdasarkan Siapa yang banyak KUAH. Itu sebabnya kepala daerah tidak maksimal bekerja untuk rakyat karna kepala daerah juga memikirkan bagaimana mengembalikan uangnya yang sudah ditaburkan dilapangan. jadi dr efek KuahNya politik sehingga para kepala daerah banyak yang terjaring OTT KPK.... Cc cocok kam Rasa mas Rambo Agus Gari pengikut,False,2026-01-07 04:36:24
tiktok,Netral,440.0,UN is the most useless institution ever created! 😏,False,2026-01-04 21:34:21
tiktok,Netral,436.0,"beliau terpilih dari silsilah, bukan di pilih oleh rakyat",False,2025-02-27 23:46:10
instagram,Negatif,434.0,"Semua akan menjilat pada waktunya, kecuali PDIP..",False,2026-01-06 09:28:25
tiktok,Netral,432.0,i guess he have a tank,False,2025-10-25 07:12:02
tiktok,Negatif,429.0,Intinya kalangan wowo gibran kedepan pengen ngilangin demokrasi dan menghilangkan oposisi kata kasarnya mereka pengen mimpin negara selamanya,True,2026-01-08 04:59:24
facebook,Netral,428.0,"POLITIK MAHKAMAH KONSTITUSI (MK) Akan Membubarkan Partai Politik yang Mendukung Pemilihan Kepala Daerah (PILKADA) Yang ditunjuk oleh DPRD, atau PILKADA tidak dipilih oleh Masyarakat Secara Langsung. MK : Pemilihan Kepala Daerah (PILKADA) yang dipilih langsung sudah tidak bisa diganggu gugat lagi, karena itu sudah keputusan bersama dan Sudah di sahkan Undang undangnya. MK : Jangan Mempermainkan Undang undang hanya sebatas mengejar kekuasaan. MK : Masyarakat Pemilih jangan dijadikan korban dan jangan dijadikan alasan, dengan adanya PILKADA Langsung itu Merugikan keuangan Negara. Kita tunggu komitmen MK Apakah Undang undang PILKADA Langsung akan dipertahankan atau harus dirubah lagi, dengan desakan Penguasa. Masyarakat hanya ingin Punya Pemimpin yang Patuh dan taat terhadap Peraturan (Undang undang sang sah ), bukan demi kekuasan. Semoga Negeri kita Semakin baik, Siapapun yang jadi Pemimpin, baik itu pemimpin yang didaerah atau Pemimpin yang di tingkat Nasional.",True,2026-01-07 19:28:02
tiktok,Netral,423.0,I'm republican voting against fascist! central Democratic got my vote!,True,2025-10-26 23:34:16
tiktok,Negatif,419.0,emg forum ntb itu gunanya apa sih? serius nanya,False,2025-05-30 01:39:06
tiktok,Netral,415.0,And rick have two eyes ✌️🥀,False,2025-10-26 12:23:14
tiktok,Negatif,414.0,yg penting rakyat harus pilih PDIP jangan pilih partai lain.,True,2026-01-07 04:41:39
tiktok,Negatif,414.0,INGAT ORANG JUJUR PASTI BAKAL BANYAK MUSUH,False,2025-05-30 07:39:07
tiktok,Negatif,413.0,"Dengan lemah lembut ulun betakun, Kawa lah se perapat preodi aj amang kita nih.?? Minta rella.🙏",True,2026-01-07 09:23:26
tiktok,Netral,408.0,gus blok m,False,2025-12-28 19:38:35
facebook,Netral,407.0,Wacana pilkada via DPRD dinilai mengamputasi hak rakyat dan tidak menjawab persoalan money politics,False,2025-12-30 00:06:35
tiktok,Netral,406.0,"Jans syn på världen är hur man önskar att samhället såg ut, medans hon andras syn är tyvärr hur verkligheten ser ut",False,2025-11-25 15:53:39
tiktok,Netral,405.0,Day 2/365 udah sehappy ini [sticker],False,2026-01-02 09:07:58
tiktok,Negatif,405.0,intinya pemerintah tidak mau Rakyatnya kaya dan makmur,False,2025-12-07 12:38:34
tiktok,Positif,403.0,"ingat ya dia bilang ""TIDAK KORUPSI""",False,2026-01-06 21:40:08
tiktok,Netral,401.0,How can the head of any country be arrested so easily? Where was the Venezuelan army?,False,2026-01-04 22:00:43
tiktok,Negatif,401.0,Ko si Panji ga pernah nyenggol Anis?,False,2026-01-05 14:04:52
tiktok,Netral,398.0,abang nii dulu pendukung Syamsuar kan😅,False,2025-11-04 14:00:59
instagram,Negatif,398.0,Bener-bener harus di reset ini Indonesia,True,2025-12-29 04:55:04
tiktok,Netral,398.0,Tempest versi real💞,False,2025-09-19 09:57:17
tiktok,Netral,396.0,"yang kudu dijamin adalah suara rakyat tetep punya jalur koreksi, entah lewat pemilu legislatif yang kuat, mekanisme recall, atau transparansi kebijakan, itu yg harus kita dorong",True,2025-12-30 14:50:16
instagram,Positif,393.0,Selamat datang neo orba 😂😂😂 kaum 58% pasti gembira 😂😂😂,False,2026-01-06 19:54:30
tiktok,Netral,388.0,efek nonton berita RK mulu ini🤣,False,2026-01-07 13:45:36
tiktok,Negatif,388.0,sok hyg seuri kanu nyarekan make bahasa anying sagala pek teh minantu jabaning awewe nya make tiung hahaha jeng lalaki Nu dek ngajago kmn euy?,False,2026-01-06 23:50:14
tiktok,Negatif,387.0,sederhana tapi Nafa Urbach gak bisa 🌹,False,2025-09-19 07:36:25
tiktok,Positif,383.0,"bapaknya sudah gak mikir urusan dunia lagi,,, dia cman mngambil haknya... hidup secukupnya Ilmu yg hanya bisa diterapkan oleh orang yg punya tingkat syukur yg tinggi...",False,2025-06-18 15:45:36
tiktok,Positif,380.0,kok dia ngerti ya sgala hal hebat ibu slalu belajar trus,False,2026-01-04 17:57:40
tiktok,Positif,380.0,pak beny.. istri mu hebat..👍,False,2025-10-09 15:37:22
tiktok,Negatif,379.0,"rombongan bpk"" ini kmrin ngebut bgt kek mrka aja pnya jln ampe kita yg naik mtor stop buat minggir.takut ketabrak krna mmg laju yg nyetur",False,2026-01-07 12:58:43
tiktok,Netral,377.0,who noticed the body guard with glasses,False,2025-11-14 05:33:30
tiktok,Netral,377.0,princess jadi gubernur ya gini😭,False,2025-12-23 17:45:39
x,Netral,374.0,Access powerful AI GPUs with no hidden fees.,False,2025-11-25 12:12:00
threads,Negatif,373.0,kalo dprpd nya pinter pinter dan amanah sih oke oke aja lha dprd nya mohon maaf kualitasnya kurang..,False,2026-01-07 06:29:44
instagram,Netral,362.0,"teman-teman aktivis, siapkan tenaga ya.",False,2026-01-06 10:39:04
tiktok,Negatif,359.0,"KDM muncul kalo ada yg kritik, giliran jabar ada masalah, lho kemana? [sticker]",False,2026-01-05 17:06:44
tiktok,Netral,359.0,Pa kades p jantung tapukul kuat skli tu🤣🫣,False,2026-01-07 05:38:21
tiktok,Negatif,358.0,iblis aja istighfar,False,2026-01-06 08:34:08
tiktok,Negatif,357.0,"""mulutnya bagula"" HAHAHA IBUU 😭",False,2025-12-05 23:28:49
tiktok,Netral,355.0,"boleh, tapi DPRD nya minimal S2 linier, lulus tes CAT, TOEFL IELTS, maksimal usia 40th, independen bisa daftar",False,2025-12-30 18:25:55
tiktok,Negatif,355.0,partai pun lebih bagus dibubarkan saja karena partai juga banyak juga menghabiskan uang setiap partai yg masuk dlm berpolitik,False,2025-12-31 00:56:06
tiktok,Netral,354.0,Intinya; yg intimidasi di tangkap gk? 🗿,False,2026-01-05 00:31:24
tiktok,Netral,352.0,"thn 2025 pemenangnya lagu timur, semoga thn 2026 lagu timur msh ditangga tertinggi 🔥🔥🔥",False,2026-01-02 08:08:38
instagram,Negatif,351.0,Kehancuran demokrasi di rezim jokowi sm di Rezim wowok,True,2026-01-02 15:53:06
tiktok,Netral,351.0,yg penting orde baru,False,2025-12-31 07:45:37
tiktok,Negatif,346.0,"lah dia dari kecil udah kaya, udah punya self image yang bagus masa iya down di omongin sama haters yg udah jelas derajatnya dibawah dia",False,2025-09-14 11:51:59
tiktok,Negatif,344.0,"MEDITASI JG PERLU, WAJAR PAK. YG LAIN AJA YG GA TAU DIRI DI KIRA ROBOT/TUHAN KALI, GADA WAKTU ME TIME NYA🗿",False,2025-06-03 06:52:03
tiktok,Negatif,336.0,Gubernur tebungul saindonesia!,False,2026-01-06 07:32:59
tiktok,Negatif,335.0,indonesia tampa musik timur bagaikan sayur tampa garam hambar. .,False,2026-01-02 08:28:35
tiktok,Positif,334.0,now he really need strong bodyguard 😭😭😭,False,2025-11-14 00:25:16
tiktok,Negatif,333.0,pujungan jalan rusak dan berdebu laju banar jua,False,2026-01-07 09:56:33
tiktok,Negatif,332.0,"ciri ciri demokrasi mundur, kembali ke orde baru yg otoriter",True,2025-12-29 17:22:24
facebook,Negatif,331.0,"Kita sdh menjalani Pemilihan tdk langsung melalui DPR (turunan ke DPRD) dan itu bermasalah. Apa masalah? Menggurita KKN. Makanya lahirlah Reformasi. Pada era reformasi,lahirlah UU yg mengatur tentang Pemilu/Pilkada langsung. Jika dalam pelaksanaannya ada kekurangan, itulah yg perlu dievaluasi. Keduanya bermasalah. Jadi perlu dievaluasi bukan kembali ke pemilu tdk langsung yg juga bermasalah.",False,2026-01-07 01:40:47
tiktok,Netral,330.0,Ou alors tu donnes la bourse a condition qu'il signe un contrat d'engagement pour travailler au gabon avec un poste qui lui sera attribué automatiquement apres sa formation. Si il n'honore pas le contrat il rembourse. Si il rembourse pas interdit de territoire,False,2025-07-16 20:37:09
tiktok,Netral,330.0,ohh sdinni sklinya pawang hujan kalsel🤣,False,2026-01-07 22:58:59
tiktok,Negatif,325.0,Ribet teu simple bandara jauh kamana mana..mending ka husein lah,False,2025-01-16 19:10:50
tiktok,Negatif,325.0,kenapa orang kayak gini tidak dikasi kesempatan jadi presiden???,False,2026-01-03 10:31:46
tiktok,Netral,323.0,"OKE!!, 2029 SAYA ALL IN PDIP",False,2026-01-08 05:47:25
tiktok,Netral,322.0,Gerinda itu pecahan Golkar jadi pola pikirnya orde baru,False,2026-01-07 06:32:33
tiktok,Netral,322.0,wkwk hakan ges di cover gubernur mah panjang urusan na🤣,False,2026-01-05 01:17:37
tiktok,Netral,321.0,awass pengalihan isu biar masalah ke hutan an ga ke bongkarr🤣🤣,False,2025-12-07 18:04:45
tiktok,Netral,320.0,Labour is struggling coz it's doing right wing stuff.,False,2025-12-17 19:44:25
tiktok,Negatif,316.0,dr awal Uda kaya...KLO org Uda kaya dr lahir ga butuh duit,False,2025-12-19 14:50:20
tiktok,Positif,316.0,IBU SHERLY KEREN BANGET 🔥 BENER2 UDAH BISA DI SEJAJARIN IBU SUSI DAN PAK ANIES 🔥,False,2026-01-07 00:01:16
tiktok,Negatif,316.0,Jk pejabat berfikir seperti Pak Ahok mungkin negara ini🇮🇩 makmur.,False,2026-01-03 04:26:42
tiktok,Netral,314.0,"masih menjadi misteri. kenapa yang mendapat Dana desa hanya keluarga dari pak kades, pak lurah, pak RT, pak RW🙄😭",False,2026-01-04 21:37:38
tiktok,Netral,314.0,pak nanti bilangin ke gubernur banten lampu di kabupaten Tangerang tolong di pasangin lampu di setiap jalan🙏🙏 pak,False,2025-02-15 19:20:58
instagram,Negatif,313.0,Kalo nolak hilang dah jabatan MENKO ....,False,2026-01-06 08:25:14
tiktok,Netral,312.0,"Kapten Röd, Sveriges stolthet! Kom tillbaka med mer musik",False,2025-05-02 22:35:31
tiktok,Negatif,310.0,apa gw doank y KLO ada yang ngasih itu merasa terhina😭,False,2025-10-11 09:46:01
tiktok,Netral,310.0,"Pamanderan maranyaww,,,",False,2026-01-06 17:54:18
instagram,Positif,310.0,Astagfirullah,False,2025-12-29 18:17:58
tiktok,Netral,309.0,"Memudahkan Oligarki memilih Bupati, Walikota & Gubernur Ogah ah",False,2025-12-30 13:35:12
tiktok,Positif,308.0,kades nya siap2 laahh 😩😩😩😭😭🤣,False,2026-01-06 21:07:30
tiktok,Positif,308.0,"ping,rajin bener buat nya,mana ganteng dan cantik cantik lagi anak nya😁",False,2025-12-31 08:31:07
tiktok,Negatif,307.0,MANEH HAYANG TENAR HAH😭😭,False,2026-01-06 22:27:32
tiktok,Positif,306.0,klu dipadukan sama pak ahok di 2029 pasti keren negeri ini punya pemimpin 😊😊😊,False,2026-01-04 17:15:04
tiktok,Positif,306.0,"hari ini jual 10gr diharga 23,6 jt. nambah dikit buat daftar porsi haji🤲bissmillah do'ain yaa smoga lancar",False,2026-01-07 20:55:59
tiktok,Negatif,305.0,"yang sengsara itu orang yang malas kerja, yang kerja tidak sengsara",False,2025-03-20 21:03:51
tiktok,Netral,305.0,"Pian dirumah haja pa ae, kada usah umpat presiden bejinguk banjir ke Balangan . Pian adakan acara haja sakira hujan bapindah keluar 🤭",False,2026-01-06 19:14:59
tiktok,Negatif,305.0,Wow Ming made Shaq look like an average sized person and Shaq is huge.,False,2025-10-10 23:33:03
facebook,Netral,302.0,Pilih yg mana? Pemilihan Kepala Daerah dipilih oleh DPRD atau Langsung oleh Rakyat?,False,2026-01-07 02:20:55
tiktok,Netral,298.0,permainan Catur nya mas wapres sudah mulai terasa ya 🔥,False,2026-01-02 13:12:16
instagram,Netral,295.0,Pantesan Index Demokrasi di Indonesia menurun drastis😂😂😂,True,2026-01-06 09:46:34
tiktok,Netral,295.0,gw tau tujuan nya kemana. biar pada inves ke saham indo,False,2025-12-06 16:28:09
tiktok,Negatif,294.0,ternyata Cukup Mengerikan Ketika Gerindra Berkuasa😬,False,2025-12-29 18:16:09
facebook,Netral,293.0,"Mahfud MD Bunyikan Alarm Demokrasi: Kita Tak Inginkan Kepala Daerah Dipilih DPRD JAKARTA, Framing NewsTV — Mantan Ketua Mahkamah Konstitusi (MK) sekaligus mantan Menteri Koordinator Bidang Politik, Hukum, dan Keamanan, Mahfud MD, menegaskan bahwa masyarakat Indonesia secara luas tidak menginginkan kepala daerah kembali dipilih melalui Dewan Perwakilan Rakyat Daerah (DPRD). Menurutnya, wacana tersebut berpotensi menjadi langkah mundur bagi kualitas demokrasi di Indonesia. Mahfud menyampaikan pandangannya dengan merujuk pada Putusan Mahkamah Konstitusi yang mengamanatkan pemisahan antara pemilihan umum tingkat nasional dan pemilihan di tingkat lokal. Ia mengingatkan, jika semangat putusan tersebut “dibongkar”, maka terbuka peluang untuk kembali ke sistem pemilihan kepala daerah secara tidak langsung. “Kalau ini (putusan MK) dibongkar, bisakah sekarang kembali saja tidak usah pilkada langsung? Kita tidak menginginkan itu terjadi. Mungkin itu akan terjadi. Mungkin itu akan terjadi kemunduran (berdemokrasi),” kata Mahfud dalam video yang diunggah di kanal pribadinya, Mahfud MD Official, Sabtu (3/1/2026). Meski demikian, Mahfud menegaskan bahwa pemilihan kepala daerah secara tidak langsung tidak dilarang oleh konstitusi. Putusan MK, kata dia, hanya mengatur pemisahan antara pemilu nasional dan lokal, sementara mekanisme pemilihan—langsung atau tidak langsung—tidak diatur secara eksplisit dalam konstitusi dan diserahkan kepada pembentuk undang-undang. “Karena Anda sudah memilih langsung, ini caranya. Tapi kalau Anda kembali ke tidak langsung itu tidak dilarang. Tinggal pilihan politik kita,” ujar Mahfud. Mahfud juga mengingatkan bahwa perdebatan soal pemilihan langsung atau melalui DPRD berpotensi memicu dinamika politik yang tidak sederhana, terutama jika elite politik tidak menunjukkan kedewasaan dalam menyikapinya. Oleh karena itu, ia menilai penting bagi pemerintah dan DPR untuk segera memulai proses revisi Undang-Undang Pemilu dan Pilkada. Menurut Mahfud, percepatan pembahasan revisi undang-undang tersebut diperlukan agar perdebatan mengenai sistem pemilihan kepala daerah memiliki ruang diskusi yang luas dan waktu yang cukup, sehingga tidak dilakukan secara tergesa-gesa. “Sehingga nanti pada saat pembahasan kita semua sudah siap,” tuturnya. Sementara itu, wacana pemilihan kepala daerah melalui DPRD kembali menghangat setelah digulirkan oleh Partai Gerindra. Melalui Sekretaris Jenderalnya, Sugiono, partai berlambang kepala garuda tersebut menyatakan dukungan terhadap mekanisme pilkada lewat DPRD. Sugiono beralasan, pemilihan kepala daerah melalui DPRD dinilai lebih efisien dari sisi anggaran negara. Selain itu, mekanisme tersebut dianggap lebih sederhana dalam penjaringan kandidat, proses pemilihan, pengendalian ongkos politik, hingga pelaksanaan pemilihan itu sendiri. Wacana ini pun kembali memicu perdebatan publik mengenai arah demokrasi lokal di Indonesia, antara efisiensi tata kelola pemerintahan dan partisipasi langsung rakyat dalam memilih pemimpinnya. mahfudmd tolakpilkadadprd demokrasilokal pilkada politiknasional Simak selengkapnya hanya di fremingnewstv.com ======== Sahabat Framing NewsTV, jangan lupa Like, Comment, Ikuti dan Share Facebook Framing NewsTV, serta aktifkan Lonceng Notifikasi agar tidak ketinggalan update isu-isu terkini di Indonesia.",True,2026-01-03 05:52:10
facebook,Netral,290.0,"Peta Politik di DPR Saat Ini: Fraksi Pendukung Pilkada Lewat DPRD Bakal Menang Wacana Partai Golkar mengusulkan Pilkada dilakukan melalui Dewan Perwakilan Rakyat Daerah (DPRD) bisa jadi terlaksana. Hal itu merujuk dari peta politik sikap fraksi (perpanjangan tangan partai politik) yang ada di DPR RI. Hingga saat ini mayoritas fraksi di DPR tampaknya setuju pemilihan kepala daerah (Pilkada) melalui DPRD. Kepala daerah dimaksud adalah bupati, wali kota, dan gubernur. Pada masa Orde Baru hingga sebelum Reformasi, kepala daerah dipilih oleh DPRD. Pilkada langsung oleh rakyat dengan mencoblos gambar calon kepala daerah di TPS (tempat pemungutan suara) baru pertama kali digelar pada Juni 2005 hingga Pilkada 2024 lalu. Pilkada via DPRD dilakukan dengan merevisi UU Pilkada. Jika mayoritas fraksi di Dewan setuju maka Pilkada di tahun mendatang akan dilakukan melalui DPRD. Peta politik di DPR yang setuju Pilkada via DPRD DPR RI Periode 2024–2029 terdiri dari 8 fraksi dengan jumlah anggota 580 orang. PKB = 68 Anggota DPR (11,72 persen dari 580 total anggota DPR) Gerindra = 86 Anggota DPR (14,83 persen dari 580 total anggota DPR) PDI-P = 110 Anggota DPR (18,97 persen dari 580 total anggota DPR) Golkar = 102 Anggota DPR (17,59 persen dari 580 total anggota DPR) NasDem = 69 Anggota DPR (11,90 persen dari 580 total anggota DPR) PKS = 53 Anggota DPR (9,14 persen dari 580 total anggota DPR) PAN = 48 Anggota DPR (8,28 persen dari 580 total anggota DPR) Demokrat = 44 Anggota DPR (7,59 persen dari 580 total anggota DPR) Saat ini ada 4 partai yang setuju Pilkada via DPRD yakni Partai Golkar, PKB, Partai Gerindra, dan PAN. Jika empat partai itu kompak di DPR maka suaranya mencapai 304 anggota atau sekitar 52,4 persen dari total 580 anggota dewan. Maka apabila dilakukan voting pemilihan keputusan dengan suara terbanyak maka usul Pilkada via DPRD bisa terealisasi melalui keputusan di DPR RI. Dengan demikian nantinya rakyat tidak lagi memilih gambar calon kepala daerah di TPS. Anggota DPRD lah yang akan memilih kepala daerah baik gubernur, bupati, dan wali kota. Yang mengejutkan Fraksi Nasdem tampaknya setuju dengan wacana pilkada via DPRD meski partai ini berada di luar pemerintahan. Sumber Tribunnews.com melaporkan sejumlah elite partai politik bertemu pada Minggu (28/12/2025) malam. Mereka yang hadir adalah pihak yang setuju Pilkada via DPRD yakni Ketua Harian DPP Partai Gerindra Sufmi Dasco Ahmad, Ketua Umum Partai Golkar Bahlil Lahadalia, Ketua Umum DPP PKB Muhaimin Iskandar (Cak Imin), dan Ketua Umum DPP PAN Zulkifli Hasan (Zulhas). Pertemuan digelar di rumah dinas Bahlil.",True,2025-12-30 01:40:30
tiktok,Netral,290.0,di halang halangi nya presiden kunjungan takutan kathuan tambang tambang inya,False,2026-01-06 19:43:19
facebook,Netral,288.0,"Wacana pemilihan kepala daerah melalui DPRD kembali menghangat di Senayan. Dari total 575 kursi DPR RI, sebanyak 373 kursi berasal dari partai-partai yang menyatakan setuju pilkada tidak langsung, memicu perdebatan arah demokrasi lokal Indonesia. Dukungan mayoritas ini datang dari partai-partai besar. Golkar menjadi pengusul utama, disusul Gerindra, NasDem, PKB, PAN, dan Demokrat. Mereka menilai mekanisme pilkada lewat DPRD lebih efisien, menekan biaya politik, serta mengurangi konflik horizontal di daerah. Di sisi lain, PDI Perjuangan mengambil sikap tegas menolak. Dengan 110 kursi, PDIP menjadi kekuatan utama penentang wacana tersebut. Sementara PKS memilih bersikap hati-hati dan belum menentukan posisi final. Penolakan juga datang dari masyarakat sipil. Kelompok “Masyarakat Selamatkan Demokrasi” mengajukan permohonan audiensi dan petisi ke DPP PDIP, menegaskan bahwa kedaulatan berada di tangan rakyat dan pilkada merupakan bagian dari pemilu langsung. Mereka merujuk pada sejumlah putusan Mahkamah Konstitusi yang menegaskan pilkada harus dilakukan secara langsung. Meski dukungan politik di parlemen tampak dominan, perdebatan publik terus bergulir soal siapa yang seharusnya menentukan pemimpin daerah: rakyat atau DPRD. hailotim sumber: AFU.ID",True,2026-01-07 07:31:19
tiktok,Negatif,287.0,menurut hemat kami udah mulai kelihatan ni arah nya pemerintahan konoha,False,2025-12-30 13:28:40
tiktok,Negatif,287.0,bilang dinsos ini jelek kursi rodanya 🤣,False,2025-12-23 13:23:47
tiktok,Netral,285.0,Support from Algeria 🇩🇿❤️🇮🇩 stay safe and strong broters and sisters,False,2025-08-30 21:57:01
facebook,Netral,282.0,"Majelis Ulama Indonesia (MUI) menyatakan dukungan terhadap wacana pemilihan kepala daerah melalui Dewan Perwakilan Rakyat Daerah (DPRD). Ketua MUI Bidang Fatwa Asrorun Niam Sholeh menegaskan bahwa setiap kebijakan politik dalam urusan publik harus berorientasi pada kemaslahatan masyarakat luas dan dijalankan dengan prinsip keadaban. Menurut Asrorun, dari perspektif keagamaan, kebijakan yang ditetapkan oleh pemimpin atau ulil amri wajib mempertimbangkan manfaat dan mudarat bagi kepentingan publik. Ia menekankan bahwa sistem politik seharusnya mampu menciptakan tatanan pemerintahan yang sehat, adil, serta mendorong kemajuan bangsa secara berkelanjutan. Asrorun menyebutkan, MUI telah melakukan kajian terhadap sistem pemilihan kepala daerah secara langsung dalam Ijtima Ulama Komisi Fatwa MUI 2012. Hasil kajian tersebut menilai pilkada langsung menimbulkan berbagai dampak negatif yang perlu dievaluasi secara serius. Salah satu dampak yang disoroti adalah kerentanan pilkada langsung terhadap praktik politik uang, ekonomi biaya tinggi, serta potensi kerusakan moral di tengah masyarakat. Menurut Asrorun, kondisi tersebut dapat merusak akal sehat dan nilai-nilai keadaban publik, sehingga MUI tetap berpendirian mendukung pemilihan kepala daerah melalui DPRD. sumber: kompascom klik sumbarkita.id untuk informasi lainnya",True,2026-01-08 02:36:44
tiktok,Positif,280.0,"gak ada satupun perhiasan yg di pake sama beliau tpi cahaya nya gilaaa, dia punya kharisma yg tdk dimiliki para pemimpin pria.",True,2025-09-19 11:29:53
tiktok,Netral,279.0,ampih2 sdh sdn ne di takuni 😅 asa supan mendangar,False,2026-01-06 18:32:04
tiktok,Negatif,277.0,PDIP selalu difitnah buruk pd hal PDIP yg menjaga demokrasi,True,2026-01-07 07:14:56
tiktok,Netral,277.0,Gerindra yg logo partainya kelapa sawit bukan sihh... 🤔🤔,False,2025-12-30 13:58:14
tiktok,Negatif,274.0,buruh mau aja iurannya dipake si said bangun aset mewahnya,False,2026-01-08 16:48:50
tiktok,Negatif,272.0,"se independent wapres gini,mau coba-coba di gantiin sama org yg juga manut sama bapak nya🤣",False,2026-01-02 15:07:04
tiktok,Netral,272.0,Maduro thought he was General Aidid🔥😂 🇸🇴,False,2026-01-04 14:42:50
tiktok,Negatif,272.0,bisa yuk bu jadi ketua DPR RI aja bu jangan presiden dlu.. 🥰,False,2025-09-19 07:36:39
tiktok,Netral,270.0,"dari banyak kejadian di indonesia.pembagian BLT pasti ada rekomendasi dari pejabat desa setempat, karena pusat pasti tidak mungkin cek sampai tingkat desa,tapi aparat desa beralibi semua di tentukan pusat, apakah benar seperti itu?ada yg bisa bantu jawab",False,2026-01-06 22:52:37
tiktok,Negatif,268.0,Tahun 2029 kita pilih presiden diluar komplotan sekarang. Ada Ganjar dan Anis.,False,2026-01-04 07:10:05
tiktok,Positif,268.0,"Indonesia very brave! The older gens are silent, but new generations of Indonesians are tired of their struggles. It’s time to change the course of your history Indonesia! 🔥🔥🔥",False,2025-08-30 20:26:08
tiktok,Negatif,268.0,kd paham aku nh. tapuntal2 kaset,False,2026-01-06 18:18:16
tiktok,Negatif,267.0,Godnatt lillebror❤️👋,False,2026-01-05 17:39:26
tiktok,Negatif,267.0,berarti rakyat ga usah bayar pajak anggota dewan saja yg bayar pajak,False,2025-12-30 18:17:47
tiktok,Netral,267.0,"coba rame2 tag akun Asean, PBB, Unicef",False,2025-08-31 05:41:33
tiktok,Netral,266.0,DEMI SANG PANGERAN JADI GUBERNUR,False,2026-01-05 17:10:18
tiktok,Negatif,266.0,umurny berapa sih kayak 27an gitu,False,2025-12-05 17:54:38
tiktok,Negatif,265.0,NYAMMMMM,False,2025-12-31 20:04:36
tiktok,Netral,264.0,"indonesia berhutang sama Yogyakarta, makanya dijadikanlah daerah istimewa. begitu yg aku tau 😁",False,2025-08-31 00:48:04
tiktok,Negatif,264.0,gubernur nya juga ngedukung😅,False,2025-12-28 07:01:58
tiktok,Negatif,264.0,Kodee tu pak YANG BENER JADI GUBERNUR jgn malu2 gerinda 😅,False,2025-11-06 19:00:12
facebook,Netral,264.0,"Politisi PDIP: Siapa Bilang Pilkada Melalui DPRD Tidak Melanggar Konstitusi? Politisi Partai Demokrasi Indonesia Perjuangan (PDIP) Andreas Hugo Pereira menegaskan, mekanisme pemilihan kepala daerah (Pilkada) secara tidak langsung via DPRD jelas-jelas melanggar konstitusi. Menurutnya, sudah ada Putusan Mahkamah Konstitusi (MK) Nomor 110/PUU-XXIII/2025 yang memperkuat Pasal 18 Ayat 4 dan Pasal 22E Ayat 1 dalam Undang-Undang Dasar (UUD) 1945 Hasil Amandemen. Bahwa, kata Hugo, Putusan MK tersebut memberi penegasan bahwa Pemilihan Umum (Pemilu), termasuk Pilkada, harus dilaksanakan secara langsung, dipilih oleh rakyat. Sebab, kedua pasal dalam UUD 1945 itu masih membuka celah bahwa Pemilu dan/atau Pilkada dapat dilaksanakan secara tidak langsung, di mana rakyat memilih wakil-wakil mereka untuk duduk di lembaga perwakilan (seperti DPR/DPRD). Adapun berikut isi kedua pasal dalam UUD 1945 tersebut Pasal 18 ayat (4) UUD NRI 1945 menyatakan bahwa, “Gubernur, Bupati, dan Wali kota masing-masing sebagai kepala pemerintah daerah provinsi, kabupaten, dan kota dipilih secara demokratis.” Pasal 22E ayat (1) UUD NRI 1945 yang menyatakan bahwa, “Pemilihan umum dilaksanakan secara langsung, umum, bebas, rahasia, jujur, dan adil setiap lima tahun sekali.” ""Siapa bilang tidak melanggar [konstitusi]?"" kata Hugo, dalam wawancara di program Sapa Indonesia Pagi yang diunggah di kanal YouTube KompasTV, Senin (5/1/2026). ""Ini kan kalau kita bicara soal konstitusi, di Pasal 18 Ayat 4 Undang-Undang Dasar 1945 hasil amandemen menegaskan bahwa kepala daerah, gubernur, bupati, wali kota dipilih secara demokratis."" ""Kemudian di Pasal 22E Ayat 1 Undang-Undang Dasar 1945 hasil amandemen mengatur bahwa pemilu dilaksanakan secara langsung, umum, bebas, rahasia, jujur, dan adil setiap 5 tahun."" ""Debat ini sudah lama sebenarnya soal yang berkaitan dengan pemilu langsung, tidak langsung, gitu kan?"" ""Nah, kemudian keputusan Mahkamah Konstitusi ini memberikan penafsiran terhadap dua pasal tadi di Undang-Undang Dasar, yang memungkinkan bahwa ini bisa dilaksanakan secara tidak langsung oleh DPRD."" Andreas Hugo Pereira yang juga menjabat sebagai Wakil Ketua Komisi XIII DPR RI itu menjelaskan, dengan adanya Putusan MK Nomor 110/PUU-XXIII/2025, maka mekanisme Pilkada berada di bawah naungan Rezim Pemilu, bukan Rezim Pemerintahan Daerah (Pemda). Sehingga, permasalahannya adalah apakah pemerintah nanti bersedia mengikuti Putusan MK tersebut atau tidak, bukan soal Pilkada via DPRD tidak melanggar konstitusi. ""Keputusan Mahkamah Konstitusi Nomor 110/PUU-XXIII/2025 baru-baru ini menegaskan bahwa Pilkada adalah rezim pemilu, bukan rezim pemda, bukan rezim rezim pemerintahan daerah,"" tegas Hugo. ""Jadi, rezim pemilu itu artinya merujuk pada Pasal 22E Ayat 1 bahwa pemilu itu dilaksanakan secara langsung umum, bebas, dan rahasia, gitu. Langsung umum, bebas, dan rahasia."" ""Jadi, ini sebenarnya sudah jelas gitu putusan Mahkamah Konstitusi itu memberikan arahan bahwa Pemilu, termasuk Pilkada, itu adalah langsung oleh rakyat, gitu."" ""Persoalannya, kita mau ikut keputusan Mahkamah Konstitusi atau tidak?"" Adapun wacana pemilihan kepala daerah melalui DPRD mengemuka kembali saat disampaikan oleh Presiden RI Prabowo Subianto dalam acara HUT ke-60 Partai Golkar, di Sentul Bogor, Kamis (12/12/2024) lalu. Saat itu, Prabowo mengkritik sistem pemilu di Indonesia yang dinilai terlalu mahal, sehingga menurutnya harus diperbaiki. Ia pun mengusulkan agar kepala daerah seperti gubernur hingga bupati dan wali kota hendaknya kembali dipilih oleh DPRD, serupa dengan pemilu di negara tetangga, seperti Malaysia, Singapura, dan India yang menurutnya lebih efisien karena kepala daerah dipilih oleh DPRD. “Menurut saya kita harus perbaiki sistem kita, dan kita tidak boleh malu untuk mengakui bahwa kemungkinan sistem ini terlalu mahal,” kata Prabowo. ""Saya lihat negara-negara tetangga kita efisien. Malaysia, Singapura, India, sekali milih anggota DPRD, sekali milih, ya sudah DPRD itu lah yang milih gubernur, yang milih bupati."" Usulan Prabowo agar kepala daerah dipilih DPRD ini pun mendapat dukungan dari sederet partai politik, seperti Partai Gerindra (Gerakan Indonesia Raya), Partai Golkar (Golongan Karya), Partai Kebangkitan Bangsa (PKB), Partai Ummat, Partai NasDem (Nasional Demokrat), sedangkan Partai Amanat Nasional (PAN) menyebutnya layak dipertimbangkan. Soal Biaya, yang Diperbaiki Seharusnya Sistemnya, Bukan Mengambil Hak Rakyat Bersuara Wacana Pilkada melalui DPRD mengemuka dengan alasan utama karena biaya yang dinilai terlalu mahal. Alasan ini pun dikritik oleh politisi PDIP Andreas Hugo Pereira dalam kesempatan wawancara yang sama. Menurutnya, yang seharusnya diperbaiki adalah sistem pemilihan umumnya, sehingga dapat menekan biaya yang dinilai terlalu tinggi, bukan mengambil hak demokrasi rakyat untuk menggunakan suaranya. ""Nah, soal biaya, itu lain urusan lagi. Menurut pihak kami di PDI Perjuangan, soal biaya, kita perbaiki di dalam sistem pemilihan umum ini,"" tutur Hugo. Hugo menjelaskan, ada beberapa aspek dalam Pemilu atau Pilkada yang bisa dihemat. Misalnya, partai politik tidak boleh mematok mahar atau setoran yang harus dibayar oleh calon legislatif untuk mendapatkan dukungan ""Misalnya yang membuat biaya itu mahal itu apa?"" kata Hugo. ""Sekarang yang membuat biaya itu mahal seringkali dimulai dari partai politik dulu. Mahar kepada partai politik."" ""Ketika calon itu mau maju, harus bayar dulu gitu dan kadang-kadang gila-gilaan, harga per kursi itu, untuk memenuhi kuota yang untuk bisa mencalonkan diri, kemudian, ketika proses kampanye."" Selanjutnya, Hugo menjelaskan biaya Pilkada yang bisa dihemat adalah proses pelaksanaannya yang bisa dibarengkan dengan Pemilu Legislatif (Pileg). ""Ketika Pilkada langsung itu berlangsung sendiri, tidak bersamaan dengan Pileg atau Pemilu, tentu biaya tersendiri juga gitu,"" ucap Hugo. ""Jadi perlu kita perbaiki di dalam proses pelaksanaan pemilunya, misalnya Pilkada dengan Pileg daerah itu dilangsungkan bersamaan, itu tentu akan mengurangi biaya pelaksanaan pemilu."" Hugo juga menjelaskan, konsekuensi atau sanksi tegas untuk partai politik yang mematok mahar kepada calon legislatif bisa menghemat biaya Pilkada. ""Pelaksanaan dari pemilu itu sendiri harus diatur secara tegas dengan konsekuensi, hukuman, punishment yang jelas terhadap pelanggaran-pelanggaran di dalam proses pemilu,"" tutur Hugo. ""Partai-partai politik jangan tarik mahar gitu. Kalau yang tarik mahar langsung di-skors, tidak [boleh] ikut gitu."" ""Jadi banyak hal yang bisa diefisienkan, dari pemilihan langsung itu, untuk diatur sehingga biaya pemilu menjadi lebih murah, lebih efisien."" Menurut Hugo, biaya pemilu bisa dihemat, dengan mengefisiensikan banyak aspek, tetapi tetap menjalankan Pemilu atau Pilkada dengan rakyat memilih secara langsung. Bukannya dengan mengambil hak rakyat untuk menggunakan suaranya. ""Harga mengambil kembali hak rakyat itu terlalu mahal. Apa yang sudah kita berikan kepada rakyat, kita ambil kembali itu terlalu mahal, lebih mahal dari biaya politik itu,"" tegas Hugo.",True,2026-01-06 04:11:07
tiktok,Netral,263.0,"kurang lebih hitungan ny 60.000 siswa x anggaran rp 15.000 = rp900.000.000, untuk operasional gaji dan lain lain diambil rp5.000 x 60.000 siswa total 300.000.000 untuk operasional, real mbg buget nya rp10.000x60.000 siswa. total bersih rp600.000.000",False,2025-10-17 21:07:53
tiktok,Netral,263.0,inilah alasan knp kmren kades rame rame demo perkara Anggaran yg blm diturunkan,True,2026-01-06 23:30:27
facebook,Netral,262.0,"Penolakan Terhadap Wacana Pilkada Melalui DPRD Menguat, Publik Menginginkan Tetap Pilih Langsung TRIBUNVIDEO.COM - Penolakan terhadap wacana pemilihan kepala daerah (Pilkada) lewat mekanisme suara terbanyak di DPRD terus bergulir. Penolakan publik terhadap wacana pengembalian pemilihan kepala daerah ke DPRD didasari oleh kekhawatiran akan hilangnya hak konstitusional rakyat dalam menentukan pemimpinnya secara langsung. Selain masalah prinsip demokrasi, penolakan ini juga dipicu oleh kekhawatiran akan meningkatnya praktik politik transaksional di lingkungan DPRD dan penguatan oligarki lokal. Sikap publik dalam menolak wacana ini juga tercermin dari hasil survei nasional LSI Denny JA. Peneliti LSI Denny JA Ardian Sopa mengatakan, sebanyak 66,1 persen responden secara nasional menyatakan tidak setuju jika kepala daerah dipilih oleh DPRD. Hanya 28,6 persen yang setuju, sementara 5,3 persen menyatakan tidak tahu/tidak menjawab. ""Ini bukan sekadar mayoritas tipis, melainkan mayoritas kuat, melampaui ambang psikologis 60% yang dalam ilmu opini publik menandai penolakan sistemik, bukan fluktuasi sesaat,"" katanya, Rabu (7/1/2025). Lebih penting lagi, sambung dia, penolakan ini tidak terkonsentrasi pada satu kelompok, melainkan menyebar merata di hampir seluruh lapisan masyarakat Indonesia. Mayoritas konstituen hampir semua partai politik juga menolak Pilkada DPRD, bahkan di partai-partai besar, angka penolakan berkisar 56–95% tergantung basisnya. ""Ini berarti dukungan elektoral tidak otomatis berbanding lurus dengan persetujuan atas perubahan sistem demokrasi,"" katanya. Isu yang rawan ini segera akan dimanfaatkan opisisi bersama dengan civil society dan mayoritas publik yang kecewa. Dalam konteks inilah, data survei menjadi alarm dini bagi pembuat kebijakan: setiap langkah mengubah arsitektur Pilkada tanpa mandat publik berisiko memicu krisis legitimasi yang jauh lebih mahal. Ardian Sopa menambahkan, survei dilakukan terhadap 1.200 responden, mewakili pemilih Indonesia dengan metode multi-stage random sampling dan dilengkapi dengan wawancara tatap muka dengan kuesioner terstruktur. Survei ini mempunyai margin of error ±2,9% dilakukan pada 10–19 Oktober 2025. Penulis: Malvyandie Haryadi BACA ARTIKEL SELENGKAPNYA>> FOTO: Penolakan terhadap wacana pemilihan kepala daerah (Pilkada) lewat mekanisme suara terbanyak di DPRD terus bergulir. (Sumber foto: Tribunnews.com).",True,2026-01-07 23:00:05
tiktok,Negatif,261.0,saya heran aja penonton nya kaga lucu kok ketawa ketaw,False,2026-01-04 13:49:06
tiktok,Netral,258.0,In med Markus Allard!,False,2025-11-24 23:16:32
tiktok,Negatif,258.0,"orang2 yang gak Terima fakta pasti bilang nya ""barisan sakit hati"" ""anak abah "" lahh.. fadahal yang dikatakan itu adalah kenyataan",False,2025-08-29 07:52:42
tiktok,Netral,258.0,Men han säger att manligheten är i förtryck? Vad är skillnaden eller va?,False,2025-11-25 03:10:22
facebook,Netral,258.0,"Guntur Romli tegas menolak Pilkada melalui DPRD. Menurutnya, demokrasi sejati berarti kedaulatan rakyat dari rakyat, oleh rakyat, dan untuk rakyat.",True,2026-01-07 05:18:01
tiktok,Netral,257.0,tunggu pakai baju oren tu aki aki 😁,False,2025-11-12 07:16:12
tiktok,Positif,257.0,knp UAS sangat membela beliau?,False,2025-11-05 18:20:09
tiktok,Negatif,256.0,menurut saya Salah pilih pemimpin,False,2026-01-07 13:18:40
tiktok,Negatif,256.0,Sifat aslinya keliatan😅,False,2025-06-03 02:10:01
tiktok,Netral,255.0,semogga taggal 25 desember air datang lagi,False,2025-12-25 07:20:30
tiktok,Netral,254.0,"saya panggil kakek itu dengan sebutan.. ""guru""..",False,2025-06-15 12:09:18
tiktok,Negatif,253.0,Ngerusia bgt 🙏,False,2026-01-02 14:25:02
tiktok,Negatif,252.0,"sudah pak,,, sudah.. semakin pian bepandir semakin kada jelas,cukup 1 priyode aja pian lah,",False,2026-01-05 16:12:47
tiktok,Negatif,252.0,"Foreign media is constantly on the rise, but in Indonesia it's being silenced. The Indonesian government is truly the devil.😭😭😭😭",False,2025-08-31 06:57:39
instagram,Netral,251.0,Semua Ketua Partai dan kader kader nya dipilih oleh rakyat. Baru itu namanya partai mewakili suara rakyat.,False,2026-01-02 05:01:03
tiktok,Netral,251.0,perfect family with crazy visuals🫠❤️‍🔥,False,2025-12-30 15:47:51
tiktok,Negatif,250.0,audit saja kadesnya,False,2026-01-04 21:28:49
tiktok,Netral,247.0,200M... Yg nyampe 100jt'an... mayann...,False,2026-01-07 18:56:32
tiktok,Netral,243.0,pantau trus pak Andra Soni,False,2025-11-06 20:03:06
tiktok,Netral,243.0,kawalah seperapat priode aja Sidin ni,False,2026-01-08 11:08:28
tiktok,Positif,242.0,setuju sama dj donny,False,2025-08-29 07:29:13
tiktok,Netral,240.0,berawal dari Mulyono dan buzzzer buzzernya,False,2025-08-29 14:46:20
tiktok,Negatif,240.0,bnyk omong,False,2025-10-04 10:07:09
tiktok,Netral,239.0,trump arrested Myanmar president tooo,False,2026-01-04 19:03:47
tiktok,Netral,239.0,si Panji ini apa yg telah dibuat nya untuk Jawa Barat,False,2026-01-04 12:09:31
tiktok,Netral,239.0,”Säg inte till mig att slappna av”. Jag sa just de 😂,False,2025-11-25 03:26:29
tiktok,Negatif,234.0,Tuh kan sudah lupa makanya pasti lupa sama rakyat yg blm sejahtera,False,2026-01-07 11:11:59
tiktok,Negatif,234.0,75 %??? Yg bnr aja🗿,False,2025-10-03 22:11:33
tiktok,Negatif,233.0,"miris lihat komen nya bawa-bawa agama, padahal agama nya tidak salah, yang salah individual nya.",False,2025-11-05 18:20:51
tiktok,Negatif,231.0,intinya rakyat indo dilarang utk sejahtera melebihi dpr,False,2025-12-05 13:54:15
tiktok,Negatif,230.0,"Pertanyaannya, jadi honorer siapa yg mengundang. Bukan menghina tapi honorer kan maunya sendiri yaa. Apa kabar penjual2 sayur, penjual2 cendol yg berusaha sendiri cari uang tanpa menuntut ke negara. Kalau mau jadi ASN, ikut tes resmi",False,2026-01-05 22:27:36
tiktok,Netral,229.0,"maaf saudara, kami dari Malaysia tak mampu nak membantu kerana halangan dari pemerintah kalian..hanya doa yg kami kirimkan. semoga dipermudahkan segala urusan kalian di sana..aamiin.",False,2025-12-19 22:59:04
tiktok,Netral,229.0,"our family is exppanding, 2 yrs only and we got 3 sons dad must work harder",False,2026-01-05 13:05:22
tiktok,Netral,228.0,Ibu sherly tjoanda core😭🙏,False,2025-12-06 12:54:20
tiktok,Netral,227.0,1. gaboleh lawan pemerintah 2. ulangi lagi ke nomor 1,False,2026-01-06 03:56:59
tiktok,Netral,226.0,"""Vi är utsatta"" gogo gaga 😭😭🤣",False,2025-11-25 03:57:52
tiktok,Positif,226.0,😭😭😭,False,2025-12-30 17:34:47
tiktok,Netral,224.0,trump is destroying the world,False,2026-01-04 18:18:17
tiktok,Negatif,224.0,sm tanggal aja lupa apalagi sm rakyat nya 😂,False,2026-01-07 18:09:53
facebook,Netral,223.0,"MUI Dukung Wacana Kepala Daerah Dipilih DPRD, Dinilai Lebih Bermaslahat Bengkulutoday.com - Ketua Majelis Ulama Indonesia (MUI) Bidang Fatwa, Asrorun Niam Sholeh, menyatakan dukungan terhadap wacana pemilihan kepala daerah melalui Dewan Perwakilan Rakyat Daerah (DPRD). Ia menilai wacana tersebut sejalan dengan hasil Ijtima Ulama Komisi Fatwa MUI tahun 2012. Menurut Asrorun, dalam perspektif keagamaan, kebijakan yang diambil oleh pemimpin atau ulil amri dalam urusan publik wajib menghadirkan kemaslahatan bagi masyarakat luas. “MUI memandang kebijakan politik harus berorientasi pada kemaslahatan publik, serta dijalankan dengan prinsip keadaban dan upaya meminimalkan potensi destruktif,” kata Asrorun, dikutip dari laman resmi MUI, Selasa (6/1/2026). Ia menjelaskan, MUI telah melakukan kajian mendalam terhadap sistem pemilihan kepala daerah secara langsung dalam Ijtima Ulama Komisi Fatwa MUI 2012. Hasil kajian tersebut menilai bahwa pilkada langsung memunculkan berbagai dampak negatif yang perlu dievaluasi secara serius. “MUI memandang pilkada langsung menimbulkan banyak mafsadat (kerusakan),” ujarnya. Asrorun menambahkan, pilkada langsung dinilai rawan praktik politik uang, menimbulkan ekonomi biaya tinggi, serta berpotensi merusak akal sehat dan moralitas masyarakat. “Selain itu, juga menimbulkan ekonomi biaya tinggi serta praktik politik uang yang merusak akal sehat dan moralitas masyarakat,” tegasnya. Lebih lanjut, Asrorun menegaskan bahwa hasil Ijtima Ulama 2012 tersebut masih relevan hingga saat ini. Karena itu, MUI tetap berpendirian mendukung sistem pemilihan kepala daerah melalui DPRD sebagai bagian dari ikhtiar memperbaiki tata kelola demokrasi. “Bangsa yang beradab adalah bangsa yang ingin maju. Bangsa yang maju harus belajar dari sejarah. Yang baik kita pertahankan, yang buruk kita evaluasi dan kita perbaiki. Tidak ada hal yang tidak mungkin jika kita berorientasi pada kemaslahatan publik,” pungkasnya.",True,2026-01-07 22:30:10
tiktok,Netral,222.0,"You forgot to add honorary teachers, who are paid from the students' tuition fees, which of course is not much, lower than the salaries of other teachers.",False,2025-08-31 06:18:15
tiktok,Positif,221.0,"Bedanya bang Panji tuh artis yg nyari duit... beda kelas dengan KDM. Beda nya KDM ga pernah menjelaskan orang lain, dan selalu bermanfaat untuk warga.",False,2026-01-04 12:04:25
tiktok,Netral,221.0,Let’s go blue 💙💙💙💙,False,2025-10-24 01:11:41
instagram,Positif,219.0,Lebih efisien lagi kalau dpr & mpr di bubarkan hemat ratusan T itu 👏👏👏,False,2026-01-03 00:46:42
tiktok,Negatif,218.0,"kdd solusi, malah disuruh mindah hjn😭",False,2026-01-05 15:45:20
tiktok,Negatif,218.0,"pemerintah ga seneng karena BCA mandiri BRI jarang org simpen duit, karena udh banyak kasus setiap bank makanya mereka ber alih ke crypto biar pemelik aslinya yg di salahin kalo kenapa knp🤪🤪🤪",False,2025-12-06 04:59:59
tiktok,Negatif,216.0,bau bau orba..ntar ujungnya presiden dipilih dpr,False,2025-12-29 16:05:36
tiktok,Netral,215.0,Rút đinh ra là cạn nước ngay 😂😂😂 rễ thế mà ko làm nhỉ,False,2025-10-08 23:49:17
tiktok,Negatif,214.0,panji_ panji omonganmu seperti angin,False,2026-01-05 12:41:41
tiktok,Negatif,214.0,bupati blokm 🗿,False,2026-01-05 13:56:57
tiktok,Netral,213.0,"the democratic party is dead, it's now the new American Communist Party. Scamburger is the worst thing that could happen to Virginia.",True,2025-10-24 03:07:57
facebook,Netral,211.0,Alasan ongkos Pilkada dan Pembiayaan Negara Jadi alasan Gerindra Setuju Pilkada Lewat DPRD Baca selengkapnya: pilkada partaigerindra,False,2025-12-29 13:51:54
tiktok,Negatif,211.0,bandara kertajati kejauhan broh dari bandung...udah buka aja bandar husein Kertanagara.....kertajati udah jauh ngga ada pilihan naik/rute pesawat....yg biasa dinas luar males ke bandara kertajati....,False,2025-01-16 20:27:08
tiktok,Netral,211.0,i am proud of you Indonesian. keep fighting for your right,False,2025-08-30 21:34:49
tiktok,Negatif,210.0,pemerintah ketar ketir dibongkar ahok😅,False,2026-01-07 00:45:56
tiktok,Negatif,209.0,58% pada kemana? setuju ga nih?🗿,False,2025-12-30 13:37:54
facebook,Netral,209.0,"ketua DPRD kb Malaka Adrianus bria seran SH,(ABS) di tetapkan sebagai tersangka terkait dugaan kasus penganiayaan terhadap warga desa lasaen Alfons leki",False,2025-10-15 16:23:04
tiktok,Netral,207.0,ROOOOOOZY 😂❤,False,2025-12-31 20:48:07
tiktok,Negatif,206.0,sekarang baru ngeh ternyata PDIP tidak seburuk itu,False,2026-01-08 06:03:19
tiktok,Netral,204.0,Shame on America,False,2026-01-04 19:18:56
tiktok,Netral,204.0,Ridwan Kamil Aura Kasih...Sekian Dan Terima Kasih 🙏🙏,False,2026-01-07 13:54:39
tiktok,Negatif,204.0,mirip sekali sama saddam hussein,False,2025-12-14 19:06:28
tiktok,Netral,204.0,"La question n’est pas de suspendre les bourses, mais “POURQUOI LES ÉTUDIANTS NE REVIENNENT PLUS AU PAYS ?” 🤔 🇬🇦 🇨🇲 🇨🇮",False,2025-07-17 01:42:44
facebook,Negatif,202.0,Otak jahat Berupaya agar suara rakyat secara langsung dihambat Otak jahat.agar kepala daerah bisa diatur sesuai pikiran mereka Otak jahat Setiap propinsi akan diatur siapa dari partaimana kepala daerahnya . Otak jahat Menghambat calon perseorangan yg populer tapi tidak mempunyai partai Otak jahat Ingin menguasai kepala daerah diseluruh Indonesia dengan kekuatan koalisi Otak jahat ini dugaan saya Bila benar .yang maha kuasa Akan bertindak agar tidak berhasil Otak jahat itu,False,2026-01-07 08:06:04
tiktok,Netral,200.0,Venezuela right now,False,2026-01-04 10:12:01
tiktok,Negatif,200.0,"Kenapa ya di indonesia itu pemerintah ga suka kalo anak mudanya pada kaya ada aja penghambatnya . Padahal kita inves juga uang sendiri ga minta ke neraga hasil jerih paya kerja di dunia nyata ,ibarat kita ingin merubah hidup di market dengan cara investasi di crypto",True,2025-12-06 18:41:34
tiktok,Negatif,199.0,Kok bisa yang sesama celana gajah cuma eh doang gak salim????,False,2025-12-29 18:15:11
tiktok,Netral,198.0,aku mau beli telur gulung pahai eth🤭,False,2025-09-25 16:35:33
tiktok,Positif,198.0,best villain,False,2025-10-25 18:49:48
tiktok,Negatif,197.0,klo crypto di buat alat pembayaran gak lama lagi Indonesia akan hancur,False,2025-11-06 16:44:33
tiktok,Netral,196.0,eta teh tatangga kuring desa panggalih kecamatan cisewu kades na wahyu lanihana ugay pembangunab jalan emang goreng sigahna d belikan kana pajerooo,False,2026-01-04 20:36:36
tiktok,Netral,195.0,"apo lagi, moh lah kito bawa buk afni tu ka pokan bg,,😁",False,2025-11-04 14:33:57
tiktok,Positif,195.0,SPANBERGER💙💙💙💙💙💙💙,False,2025-10-24 06:11:57
tiktok,Netral,195.0,ingat nanti 2029 partai 2 yg mwncla mencle conggore gk usah dipilih gerindra golkar pkb pan n nasdem,False,2025-12-30 18:46:39
tiktok,Negatif,194.0,nyesal milih pian .,False,2026-01-05 15:48:01
tiktok,Positif,194.0,Mendingan vote online lebih murah dan praktis kya amerika,False,2025-12-29 15:07:12
facebook,Positif,193.0,"Sekalian aja DPR jangan dipilih oleh rakyat namanya diganti jadi DPP = dewan perwakilan partai karena mereka itu bukan mewakili kepentingan rakyat tapi mewaKili kepentingan partai dan penguasa. Buat aja suka2 kalean,,,,",False,2025-12-30 04:48:26
facebook,Netral,193.0,"NasDem Buka Pintu Pilkada DPRD: Dinilai Sah Konstitusi dan Sejalan Nilai Pancasila JAKARTA, Framing NewsTV - Fraksi Partai NasDem DPR RI menegaskan bahwa pemilihan kepala daerah (pilkada) melalui Dewan Perwakilan Rakyat Daerah (DPRD) memiliki pijakan konstitusional yang kuat dan tidak bertentangan dengan prinsip demokrasi di Indonesia. Ketua Fraksi Partai NasDem DPR RI, Viktor Bungtilu Laiskodat, menyatakan bahwa Undang-Undang Dasar 1945 tidak membatasi demokrasi pada satu model pemilihan kepala daerah. “Konstitusi kita tidak mengunci demokrasi pada satu model. Pilkada melalui DPRD memiliki dasar konstitusional yang sah dan tetap berada dalam koridor demokrasi,” kata Viktor dalam keterangannya di Jakarta, Selasa. Demokrasi Perwakilan Tetap Konstitusional Viktor menjelaskan bahwa mekanisme pilkada melalui DPRD merupakan bentuk demokrasi perwakilan yang sah secara konstitusi. Menurutnya, perubahan mekanisme pemilihan kepala daerah bukan dimaksudkan untuk melemahkan demokrasi, melainkan menjaga agar demokrasi tetap sehat dan substansial. “Demokrasi yang hidup adalah demokrasi yang mampu beradaptasi, memperbaiki diri, dan tetap menjamin keterwakilan rakyat. Selama partisipasi, akuntabilitas, dan kontrol publik dijaga, demokrasi justru diperkuat,” ujarnya. Ia menegaskan bahwa demokrasi tidak boleh direduksi sekadar menjadi ritual elektoral lima tahunan, tetapi harus mampu melahirkan kepemimpinan daerah yang berintegritas dan efektif. Sejalan dengan Nilai Pancasila Lebih lanjut, Viktor menyebut gagasan pilkada melalui DPRD sejalan dengan nilai Pancasila, khususnya sila keempat tentang kerakyatan yang dipimpin oleh hikmat kebijaksanaan dalam permusyawaratan/perwakilan. Menurutnya, demokrasi Indonesia sejak awal dirancang tidak hanya sebagai demokrasi elektoral, tetapi juga demokrasi yang menempatkan musyawarah dan perwakilan sebagai fondasi utama pengambilan keputusan politik. “DPRD adalah lembaga perwakilan yang lahir dari mandat rakyat. Mekanisme pilkada melalui DPRD dapat menghadirkan kepemimpinan daerah yang lahir dari proses permusyawaratan dan tanggung jawab kolektif,” kata Viktor. Kasus Kepala Daerah Jadi Bahan Evaluasi Sistem Viktor juga menyinggung maraknya kasus hukum yang menjerat kepala daerah dalam beberapa waktu terakhir. Menurutnya, persoalan tersebut harus menjadi refleksi bersama untuk melakukan pembenahan sistem politik di tingkat daerah. “Kita tidak bisa hanya menuntut integritas individu, sementara sistem politiknya masih mahal, kompetitif secara tidak sehat, dan rentan mendorong penyalahgunaan kekuasaan,” tegasnya. Ajak Jaga Persatuan dan Stabilitas Politik NasDem menilai bahwa perbedaan pandangan terkait sistem pilkada merupakan hal yang wajar dalam demokrasi. Namun, Viktor mengingatkan agar perbedaan tersebut tidak berkembang menjadi polarisasi politik yang mengganggu persatuan nasional. “Perbedaan pandangan boleh ada, tapi jangan sampai mengganggu persatuan dan arah kemajuan bangsa,” ujarnya. Ia pun mengajak seluruh elemen bangsa untuk menyikapi wacana pilkada melalui DPRD dengan kejernihan nalar dan kedewasaan sikap, serta tetap berpegang pada nilai-nilai konstitusi sebagai pijakan bersama. “Demokrasi harus mampu menghasilkan kepemimpinan daerah yang stabil, bertanggung jawab, dan bebas dari tekanan sistemik yang menjauhkan kekuasaan dari kepentingan rakyat,” pungkas Viktor. nasdem pilkada dprd politiknasional ======== Sahabat Framing NewsTV, jangan lupa Like, Comment, Ikuti dan Share Facebook Framing NewsTV, serta aktifkan Lonceng Notifikasi agar tidak ketinggalan update isu-isu terkini di Indonesia.",True,2025-12-30 01:27:12
tiktok,Negatif,192.0,podcast nya ilang ya di youtube Densu? dihapuskah?,True,2026-01-06 20:06:53
tiktok,Negatif,191.0,"dah gua kata, template buzzer aja kalo uu perampasan aset gak disahkan krn ketuanya puan. pdhl kalo banyak yg setuju mau siapapun ketuanya ttp bisa disahkan!!",False,2026-01-08 05:09:24
facebook,Netral,190.0,Nasdem menilai pilkada melalui DPRD konstitusional dan selaras Pancasila. Mekanisme ini dinilai bentuk demokrasi perwakilan yang sehat.,True,2025-12-29 22:45:35
tiktok,Negatif,190.0,HAHAHA TERNYATA TNI JADI POLISI POLISIAN 😂,False,2025-05-06 20:29:32
tiktok,Netral,189.0,bisa buat konten begini artinya ada sinyal dan listrik ya kak,False,2025-12-20 06:49:27
threads,Negatif,188.0,Dukung PDIP MENOLAK…kalau dibiarin pilpres pun akan kembali nggak dipilih langsung….orba is back in full power 😡,True,2026-01-07 00:38:15
threads,Netral,188.0,"Itu soal mekanisme yg harus dibenerin, tapi bukan dengan menghilangkan pemilihan langsung.",True,2026-01-07 03:06:41
tiktok,Netral,187.0,What did the President of Venezuela did to be arrested? I’m lost please,False,2026-01-04 19:43:19
tiktok,Negatif,187.0,gw kalo jdi walikota nya malu seubun2🤣,False,2025-12-19 06:23:46
tiktok,Netral,187.0,OTTO LIKED THIS VIDEO OH MY GOD,False,2026-01-04 11:52:36
tiktok,Negatif,186.0,Otoriter & kemungkinan akan kembali ke rezim Orba,True,2026-01-04 06:04:28
tiktok,Netral,185.0,Cuba is next on the list,False,2026-01-05 01:45:52
tiktok,Negatif,185.0,"kaya muka2 bahaya yg d sblhnya,awas",True,2025-09-23 22:38:04
tiktok,Negatif,184.0,Sepertinya dia gak terima 🤣🤣🤣,False,2025-09-23 21:45:03
tiktok,Netral,184.0,mulai pasang strategi buat melancarkan 2 periode,False,2025-12-29 18:41:39
tiktok,Negatif,184.0,kertajati terkesan di paksa hidup,False,2025-01-16 19:40:37
tiktok,Negatif,183.0,Baru kaliini nyesel ambil keputusan yg pen nangis tiap hariii😭,False,2025-03-21 04:42:16
tiktok,Netral,182.0,bantuan udh sampai tpi di tahan sama GAM 🤣sama kelompok bazer jgk,False,2025-12-19 15:51:47
tiktok,Positif,182.0,"Ketika kekuasaan digunakan dengan tepat, maka masyarakat akan sejahtera",False,2026-01-07 07:50:27
tiktok,Positif,182.0,presiden saya yakin g paham ini,False,2026-01-03 05:10:52
tiktok,Positif,182.0,""" yg lain mungkin kurang doa "" hahahha lucu bgt ibu 😅😍",False,2025-12-05 17:30:12
tiktok,Netral,181.0,hasilnya apa dsri forum ntb itu? hanya kmpul dn makan😂,False,2025-05-30 05:36:36
tiktok,Positif,179.0,PLS CANTIK DAN MENGANDUNG,False,2026-01-01 05:40:31
tiktok,Netral,179.0,Kucari2...yg nyanyi sebelah mana ya...,False,2026-01-01 22:50:02
facebook,Negatif,179.0,Kemunduran Demokrasi...,True,2025-12-30 04:23:11
tiktok,Negatif,179.0,bapa desa keringat dingin🤣🤘,False,2026-01-06 23:00:20
facebook,Netral,178.0,"DPR RI mulai buat sensasi 2026. Wacana pilkadah dipilih DPRD, apakah anda setuju? bukankah dipilih oleh dprd ibarat pembungkaman hak prerogatif rakyat utk menentukan pemimpinnya? fritzalorboy dprd pilkada Advokat Fritz Alor Boy",False,2026-01-05 01:33:29
tiktok,Negatif,178.0,Orang2 ini lagi 🤣🤣,False,2025-09-04 17:08:11
tiktok,Negatif,178.0,salah pilih gubernur mudahan kd salah pilih laki nah😭,False,2026-01-07 10:33:30
tiktok,Netral,177.0,Gubernur Kalsel & Kaltim nih kyanya 1 circle 😂😂,False,2026-01-08 14:39:13
tiktok,Netral,176.0,ibu ngambek hasilnya ga bagus😭,False,2026-01-04 20:10:18
tiktok,Netral,176.0,gubernur banten kerja nya apa 🗿,False,2025-11-07 10:09:47
tiktok,Netral,176.0,cung tangan yang dari Riau🤚,False,2025-11-05 18:18:38
instagram,Positif,176.0,wah PDIP single,False,2026-01-06 09:30:42
tiktok,Positif,175.0,Tp 2029 ingat terus lho…,False,2026-01-07 19:52:30
tiktok,Negatif,175.0,Ai atau gak ni,False,2026-01-01 22:38:17
tiktok,Negatif,174.0,"Pada kenyataan nya 10 thn kepemimpinan Jokowi, tdk pernah ada demo2, negara Indonesia damai, tdk seperti sebelum bahkan setelah kepemimpinan nya, banyak sekali demo",True,2025-08-29 05:47:20
tiktok,Negatif,173.0,pantesan jalannya ga ada yg bagus.di riau,False,2025-11-06 11:33:29
tiktok,Netral,172.0,PADA NGERTI ME TIME GAK SI 😭😭,False,2025-06-03 19:06:19
tiktok,Netral,172.0,"Inevitable when there is no difference between labour and conservatives, people either won’t vote or will vote on the extremes",False,2025-12-17 18:58:31
instagram,Positif,172.0,Maju Banteng 🔥 Panjang Umur Perjuangan 😇,False,2026-01-06 19:47:00
tiktok,Negatif,171.0,"saya sakit hati banget.. sri mulyani bilang GURU ADALAH BEBAN NEGARA.. 😭😭😭.., APAKAH DIA TDK MELIHAT SEJARAH DULU MALAYSIA AJA PERNAH IMPORT GURU DARI INDONESIA😭😭😭😭",False,2025-08-31 10:15:39
tiktok,Netral,171.0,Man bleibt denn HSV treu egal wer geht wer kommt Nur der HSV,False,2026-01-02 20:32:03
tiktok,Negatif,171.0,"aku yakin namping tipe mami yg lemah lembut, keng yg galak ke anak2 😭",False,2026-01-01 09:13:51
tiktok,Negatif,170.0,mundur lagi kejaman ORDE BARU,False,2025-12-30 15:27:56
tiktok,Netral,169.0,Si sawit lagiiii[angry] [sticker],False,2026-01-06 14:45:51
tiktok,Netral,167.0,"Je comprends maintenant pourquoi il disait ”Ici” . Donc il était aux USA , je pensais que c’était au Gabon",False,2025-07-16 19:05:23
tiktok,Netral,167.0,gubernur untuk calon presiden masa depan.... 👍🔥🔥🔥🔥🔥🔥🔥🔥,False,2025-12-19 10:21:56
tiktok,Negatif,167.0,berapa lawas sdah banjir.. maka hnyar ja hndak turun mana masih betakun pulang di mana nya..,False,2026-01-07 09:15:47
tiktok,Negatif,167.0,pandji sama slank tuh 11/12 sama² lagi laper 🤣,False,2026-01-04 11:28:13
tiktok,Negatif,165.0,prabowo penipu,False,2025-12-19 15:58:05
tiktok,Negatif,165.0,"alasan saja hanya untuk penghilangan demokrasi, MBG itu di hilangkan buang2 anggaran saja 😏😅",True,2025-12-29 15:50:54
tiktok,Netral,164.0,Tolong di Jaga ketat ibu gubernur nya. Tuhan Yesus memberkati ya bu🥰,False,2025-02-08 00:15:42
tiktok,Netral,163.0,berarti pemikiran ibu ini seperti bapak presiden dan bapak KDM,False,2025-09-14 08:33:53
tiktok,Positif,162.0,cocok utk jd next capres. aamiin,False,2026-01-02 12:36:36
facebook,Netral,162.0,"Golkar, Gerindra, PAN, dan PKB Kompak Dukung Pilkada Lewat DPRD",False,2025-12-30 04:43:43
tiktok,Negatif,162.0,Muka pak kadesnya dah putih tulang ituuu. Gemetar tangan pegang mix… luarrr biasa emang bugub mah 🥰,False,2026-01-06 23:37:33
tiktok,Negatif,162.0,kenapa da gubernur nya aja😂😂,False,2026-01-07 12:15:00
tiktok,Netral,161.0,"""How to stop rasism?"" ""Stop talking about it."" Samma gäller här, acceptera å gå vidare?",False,2025-11-26 02:26:51
tiktok,Netral,161.0,gaji 3jt muka istri jeunk menantuna gloup🤭,False,2026-01-07 05:56:24
tiktok,Netral,161.0,il a parfaitement raison,False,2025-07-16 19:15:20
instagram,Netral,160.0,"Mereka mengusulkan ini karena MPR, DPR dan DPD memang bukan murni wakil rakyat, tapi murni wakil partai yang notabene menguasai lembaga eksekutif.",False,2025-12-09 23:21:01
tiktok,Negatif,160.0,PERTANYAANNYA BAGAIMANA BISA TIDAK TERDATA DIDATABASE KALAU HONOR SUDAH PULUHAN TAHUN...?? 🤔,False,2026-01-06 10:01:37
facebook,Netral,160.0,Politikus PDI-P Guntur Romli menolak usulan pemilihan kepala daerah (pilkada) dipilih DPRD. Ia menegaskan PDI-P tetap menginginkan pilkada langsung oleh rakyat.,True,2025-12-29 06:33:36
tiktok,Netral,160.0,Weird that mass deportation is called “extreme” but not mass importation,False,2025-12-17 22:01:56
tiktok,Negatif,157.0,yg bikin VT gak paham konsep arti ISTIMEWA YOGYAKARTA.... pemerintah tidak akan melupakan jas merah...,False,2025-02-28 11:05:40
tiktok,Negatif,157.0,aing heran sama yg pada ketawa itu lucunya dari mana coba,False,2026-01-05 15:37:03
tiktok,Netral,156.0,orde baru di bangkitkan oleh antek 2 orba,False,2026-01-07 06:38:50
tiktok,Netral,155.0,panji idolanya artis Yaman 😂,False,2026-01-05 13:12:51
tiktok,Negatif,155.0,ya Allah pak.. istirahat aja lah pak.. menikmati masa tua,False,2026-01-07 17:50:23
tiktok,Negatif,154.0,kalau kita enggak memilih anggota dprd bagaimana ?,False,2025-12-29 20:39:01
tiktok,Positif,154.0,"Berasal dari suku yg sama sunda tapi seperti 2 dunia yg berbeda, smoga warga banten d beri rejeki yg luas berkah dari kesabarannya 😊🙏",False,2026-01-08 09:37:09
tiktok,Netral,154.0,Améliorez juste votre système éducatif et créez des emploies vous verrez les résultats,False,2025-07-16 21:42:34
tiktok,Netral,154.0,"Chán, đang làm đơn xin ra Công giáo đây.",False,2025-10-10 06:00:23
facebook,Netral,153.0,"PDI Perjuangan secara konsisten memegang prinsip bahwa kedaulatan berada di tangan rakyat. Pemilihan kepala daerah secara langsung bukan sekadar mekanisme elektoral, melainkan perwujudan hak konstitusional warga negara untuk menentukan pemimpinnya sendiri. Dalam pandangan ini, rakyat bukan objek politik, tetapi subjek utama demokrasi. Menyerahkan kembali pemilihan kepala daerah kepada DPRD berisiko menjauhkan rakyat dari proses pengambilan keputusan yang menyangkut masa depan daerahnya. Demokrasi akan kehilangan ruhnya ketika partisipasi rakyat dipersempit dalam ruang-ruang formal kekuasaan. Sikap ini bukan tentang menegasikan pandangan politik lain, melainkan menjaga marwah demokrasi agar tetap berpijak pada kehendak rakyat. Karena pemimpin yang lahir dari pilihan rakyat akan memiliki legitimasi moral, tanggung jawab publik, dan ikatan langsung dengan aspirasi masyarakat yang dipimpinnya. Demokrasi yang kuat adalah demokrasi yang memberi ruang seluas-luasnya bagi rakyat untuk berdaulat🤟🤟🤟",True,2026-01-07 01:53:56
tiktok,Positif,153.0,"Andra Soni lgsg di peringatkan itu kode buat Andra Soni agar mampu mengimplementasikan misi Prabowo bagi rakyatnya. jika korupsi habis sama Prabowo, mantap jenderal Prabowo bahasa lgsg ke pointnya. yg bener kau jadi gubernur, awas lu...",False,2025-11-06 17:53:43
tiktok,Negatif,152.0,"PERCAYALAH APA YG DI OMONGIN , DIA SENDIRI SAJA TDK PAHAM",False,2025-12-17 13:40:09
tiktok,Negatif,152.0,selalu menangis melihat mualeem.. mana wajahnya vibes nya mirip Saddam Hussein lagi .sehat-sehat ya mualeem🥺🥺,False,2025-12-14 20:56:54
tiktok,Netral,151.0,yg lain ada yg mau mimin bantu debutin ga? 😎,False,2026-01-08 11:02:30
tiktok,Netral,150.0,Apa hak saya untuk bertanya kenapa anak saya begitu cpt di panggil😭😭,False,2025-10-09 09:31:25
tiktok,Netral,149.0,Terus suarakan pa feri.. mewakili suara rakyat,False,2026-01-08 02:21:38
instagram,Negatif,148.0,"sareng eta nu demo nembe pak masalah studytour , omat pa ULAH DI ACC PA , saya selaku orang tua murid sangat memberatkan adanya studytour pa . hatur nuhun",True,2025-07-21 13:14:24
tiktok,Negatif,148.0,komen tiktok banyak bgt buzzernya ampun dah,False,2025-09-04 18:00:31
tiktok,Netral,148.0,izinnn mangap bareng,False,2026-01-04 13:25:24
tiktok,Negatif,147.0,"handakai ninggi krmh,duit nya kdd ngulai",False,2026-01-06 02:49:41
threads,Negatif,147.0,"Kenapa banyak yang baper?, jangan pernah ngefans 100% pada pejabat, siapapun dia, SIAPAPUN DIA, sisakan ruang waspada. Apalagi sampai mendewa dewakan.",False,2026-01-04 03:26:28
threads,Negatif,146.0,"Maaf nih pak gub , gimana ya ngomong nya. Klip yg di comot pak gub itu bukan tentang kinerja loh. Udah ah, serem netizen pak gub mah.",False,2026-01-04 02:34:23
tiktok,Netral,145.0,Many members… 😚🙈how many babys are there I only know about their elder son and younger son 😭❤️😚 …..,False,2025-12-30 17:40:07
tiktok,Negatif,145.0,"ketika ada masalah politik yg selalu di salahkan pasti gibran, atau gak pak jokowi🗿 gak mungkin sahroni lagi",False,2025-09-18 10:34:28
tiktok,Netral,145.0,yang penting saya perform,False,2025-09-14 09:10:10
tiktok,Negatif,144.0,Ini menteri luar negeri kok sibuk ngurusi pilkada ya ? Pantas diplomasi ini sekarang gagap tidak seperti jaman dulu,False,2025-12-31 08:01:33
tiktok,Netral,144.0,Kata bye bye itu akhir dari karier kades ya,False,2026-01-07 06:28:05
tiktok,Negatif,144.0,😭😭😭yg harus diganti itu rakyatnya 😭😭 sebaik itu banyak kali pembencinya.. sehat selalu mas gibran,True,2026-01-02 16:47:25
tiktok,Negatif,143.0,MPR & DPR itu hy mewakili partai mereka.bkn mikirin rakyat,False,2025-12-30 18:57:05
tiktok,Positif,143.0,"udah bagus baguss gerakan pak dedii muliyadi, tpiaaa adh ajh yygg gk suka memang dahh gk bisa benar di indo",True,2025-05-30 05:58:47
tiktok,Negatif,143.0,"it's a crying shame that people who actually uphold and make the society move, such as teachers, construction workers, and small business, gets absolutely discarded and disrespected to make politicians rich 😢 I'm sorry we from outside can't do much but know that we support your protests and struggles, if there's anything we can do please tell us! love from 🇲🇽",False,2025-08-30 22:55:25
tiktok,Netral,143.0,Sao ko bảo chúa ngăn nước hộ nhỉ,False,2025-10-10 17:54:26
tiktok,Negatif,143.0,KLO gitu kita se7 TDK usah pilih DPR dr partai mana pun biar DPR bubar,False,2025-12-29 20:42:29
instagram,Netral,143.0,"4 provinsi lagi kena bencana, malah bahas pilkada 🥱",False,2025-12-29 15:10:16
instagram,Netral,142.0,Orde Baru - Baru lagi,False,2025-12-30 00:59:15
tiktok,Netral,140.0,The UK needs proportional representation in it's elections!,False,2025-12-17 21:34:32
tiktok,Netral,139.0,"ini video terakhir, sebelum beliau meninggal😭",False,2025-12-25 21:04:10
tiktok,Negatif,139.0,punya nilai 11/100 di pilih jadi pemimpin yaa kacau,True,2026-01-04 12:54:12
tiktok,Netral,139.0,"Klo smp terjadi pemilihan gubenur,bupati,walkot di pilih DPRD,kembali lgi ke jaman orba",False,2026-01-07 05:23:55
instagram,Negatif,138.0,Takut ga bs makan,False,2026-01-06 09:05:08
tiktok,Negatif,138.0,Kodim tidak berhak sita.... yg berhak itu satpol pp,False,2025-05-06 21:06:37
tiktok,Netral,137.0,Cuba needs to sit down,False,2026-01-04 23:50:16
instagram,Positif,137.0,Saya sangat setiap dan selalu biru. 🔵.. Untuk demokrat karena saya anggap sangat pro rakyat... Tapi untuk saat ini.. Saya berjuang bersama 🐂🐂,True,2026-01-06 09:51:39
instagram,Negatif,136.0,"Masih 1 Januari loh, negara ngasih kabar buruk mulu.",False,2026-01-01 04:24:58
facebook,Netral,136.0,"2029,jgn pilih calon DPR/DPRD dari ke 5 partai yang setuju pilkada di pilih oleh DPR/DPRD...",False,2025-12-30 04:41:40
tiktok,Netral,136.0,"asa gugup eta jawabna kade,,ah",False,2026-01-06 21:21:45
tiktok,Netral,136.0,PDIP eekuasa 10 tahun tak pernah ubah demokrasi tapi ada yang baru satu berkuasa mau ubah tatanan demokrasi,True,2026-01-02 21:52:14
tiktok,Negatif,136.0,kok cuma 1 yang masuk,False,2026-01-07 14:37:40
instagram,Netral,136.0,Kali ini dukung PDIP,False,2026-01-06 17:06:05
tiktok,Netral,135.0,Pertamanya nangis di akhirnya joged🤣🤣🤣,False,2026-01-05 21:12:26
tiktok,Positif,135.0,"dear indonesia, im from malaysia, smoga Allah permudahkan sgala urusan kmu. amin",False,2025-08-31 09:28:31
instagram,Negatif,134.0,Artinya Gerindra dukung Orde Baru ?,False,2026-01-02 10:17:57
tiktok,Negatif,134.0,SUDAH SAYA PREDIKSI SEBELUM PILPRES.. JIKA PRABOWO JD PRESIDEN.. MAKA ORBA AKAN BANGKIT LAGI...,False,2026-01-07 13:41:16
threads,Negatif,134.0,"Panji ga sekalian kritik anis, lu diem2 bae pas anis jd gubernur pdhl ga ada prestasinya anyiiiing",False,2026-01-04 03:45:23
tiktok,Negatif,133.0,udah pahamkan sekarang masa gapaham,False,2026-01-04 11:41:02
threads,Netral,133.0,"Kalo Pilkada lewat DPRD, yang jadi Gubernur DKI Jakarta Ridwan Kamil, bukan Pramono Anung 😌",False,2026-01-06 12:06:22
instagram,Netral,133.0,"TANDAIN GOLKAR, GERINDRA, PKB , PAN",False,2026-01-01 10:48:48
tiktok,Negatif,132.0,jawabanya.kd masuk di akal oleh pikiran manusia.pengalihan hujan..merubah takdir allah taala...yg bagusnya di cari kan solusi untuk menangulangi masyarakat terdampak.,False,2026-01-05 14:32:50
tiktok,Negatif,132.0,"Pada akhirnya masuk partai juga, makanya kalo kuliah yg paling vokal itu ya mereka juga cari muka, bukan hanya sekedar vokal terhadap isu yg ada. Tapi mudah”an lah, tidak jadi kacung ketua partai nanti klo jadi.",False,2026-01-06 22:28:03
instagram,Netral,131.0,Sontoloyo. Cuma PDI P 🦬 yg MENOLAK🔥,True,2026-01-06 08:25:47
tiktok,Negatif,131.0,"yang seperti ini jadi kades, padahal banyak yang lebih pinter dan cakap",False,2026-01-07 05:46:43
tiktok,Negatif,131.0,"Aku Pendukung Sherly Tjoanda, Mau lihat Pertarungannya dengan Pak Purbaya dan Ahok",False,2025-10-17 20:46:44
tiktok,Netral,131.0,panji terus bersuara. KDM terus berkarya,False,2026-01-05 15:13:48
facebook,Netral,130.0,"Silahkan rujuk Putusan MK 110/PUU-XXII/2025, Pilkada yang konstitusional itu yang dipilih Rakyat,,, terserah mayoritas Parpol mendukung Pilkada tidak langsung dalam Revisi UU Pemilu, namun akan dibatalkan MK dalam judicial review nanti😁",True,2026-01-07 03:48:46
tiktok,Negatif,130.0,"Aku sedari antam 1 gr masih 1,2 jt sudah rajin inves alhamdulillah skrng habis 😂",False,2026-01-07 16:41:42
tiktok,Negatif,130.0,"kurang dikiiiiit aja jujurnya ibu gubernur ini, langsung nama dan siapa, jangan pakai inisial si bapak🎉",False,2025-10-17 21:14:21
tiktok,Negatif,129.0,RAKYAT TIDAK TIDUR BAHLULLL,False,2025-11-02 17:26:52
facebook,Negatif,128.0,"Wong jelas membegal suara rakyat kok dibilang berpihak ke rakyat.. kepala daerah itu harus mengakar ke bawah (rakyat) bukan mengakar ke atas (pusat, partai dan DPRD)..",True,2025-12-31 11:42:27
instagram,Negatif,127.0,Semuanya ayo dukung PDIP tahun 2029 nanti ok,False,2026-01-06 14:29:11
tiktok,Netral,126.0,nanyain lowongan pekerjaan di jawab pendidikan ASTAGFIRULLAH ENGG NYAMBUNG 😭😭😭😭,False,2025-12-17 06:14:10
tiktok,Negatif,125.0,"Beliau raja trah mataram, beda kelas boss 😂",False,2025-08-30 14:15:58
tiktok,Positif,125.0,"prabowo itu tidak bisa pencitraan beda dg jokowi, tp prabowo itu tulus, klo belum kenal ya boleh beprasangka macam2",False,2026-01-04 08:42:17
facebook,Netral,125.0,Partai Golkar mengusulkan pilkada lewat DPRD untuk kurangi ongkos politik. Gerindra setuju mendorong perubahan sistem demi efisiensi dan partisipasi publik.,False,2025-12-29 10:35:53
tiktok,Negatif,124.0,kejam betul sama rakyat kecil,False,2025-01-27 20:15:01
tiktok,Negatif,124.0,turunkan gubernurnya..demo berataan ganti yg amanah,True,2026-01-06 23:01:09
instagram,Negatif,123.0,"Saiki lak di logika. Rakyat ae muak karo DPR,DPRD. Mosok pemimpin e kon milih kro dpr,dprd.. gubernur / walikota malih ndak onok janji jani manis neh + progam progam kedepan gak bakal enek?",False,2026-01-08 08:20:11
threads,Negatif,123.0,"Saya pikir PDI-P partai yg buruk saat berkuasa, ternyata GERINDRA lebih buruk lebih busuk saat berkuasa.",False,2026-01-02 14:02:53
tiktok,Netral,123.0,Ändå så är han typ top 3 bästa spelare i svenska JVM laget (hans spelförståelse är på en annan nivå),False,2026-01-05 19:19:11
tiktok,Negatif,122.0,pak iqbal makin kaya buruhnya makin sengsara🤣,False,2026-01-08 17:54:03
tiktok,Netral,122.0,isi komennya sesuai expetasi 😂😂😂,False,2026-01-07 16:36:00
tiktok,Negatif,122.0,JANGAN PILIH KADES INI LAGI,False,2026-01-07 10:19:28
tiktok,Netral,122.0,Detta här är musik och artister på riktigt. I en värld av autotune och ghostwriting visar de äkta talang,False,2025-05-04 08:01:29
tiktok,Netral,122.0,Dom blir typ kränkta när dom hör att de inte är unikt,False,2025-11-25 20:49:06
tiktok,Negatif,121.0,"presiden ketuaan wapres kemudaan 🤣, SEMUA YG BURUK DIPAKSAKAN 🤣",False,2026-01-07 19:24:00
tiktok,Netral,121.0,In the end it was always about the oil 😂,False,2026-01-04 00:44:43
threads,Negatif,120.0,"Emang bener si pandji, trbukti si KDM malah dipuja2 krna pencitraannya, gk kapok2 dgn jurus pencitraan busuk, jelas2 si KDM tu termul jg, bego jgn dipiara woy 🤣",False,2026-01-04 02:47:30
tiktok,Negatif,120.0,nyesel gak milih praroro?,False,2025-12-30 14:28:11
tiktok,Netral,120.0,maaf lah barataan. ulun manyasal sumalam milih🙏,False,2026-01-07 16:43:19
tiktok,Netral,120.0,"I’m an English teacher at a public school in a small town in Vietnam. My monthly salary is around $260, but I still struggle with my living standards. I don’t know how people can manage to live on just $20–100 a month",False,2025-08-31 12:31:45
tiktok,Netral,119.0,Save-mix of mom and dad pung-dad Otto- mom Very balanced,False,2026-01-06 00:38:20
tiktok,Netral,119.0,"PDIP tdk perlu gentar wlpn di keroyok rame2..partai koalisi , PDIP ttp solid berkoalisi dgn rakyat",False,2026-01-07 16:42:31
facebook,Netral,118.0,"WACANA PILKADA LEWAT DPRD... ADA 6 FRAKSI SUDAH BERGABUNG Wacana pemilihan kepala daerah (pilkada) lewat DPRD berpeluang terealisasi setelah Partai Demokrat tegas menyatakan berada satu barisan dengan Presiden Prabowo Subianto. Total ada enam fraksi yang tegas menyatakan dukungan usulan tersebut, yakni Fraksi Gerindra, Golkar, PKB, NasDem, PAN, dan Demokrat. Sementara itu PKS ingin agar pilkada via DPRD hanya berlaku untuk tingkat kabupaten, sedangkan untuk gubernur dan wali kota tetap dipilih secara langsung beritaviral",True,2026-01-07 15:00:40
tiktok,Negatif,118.0,jadi kita mundur ke orba lagi nih???,False,2025-12-30 13:42:24
tiktok,Negatif,117.0,"kalau aja dulu kita merdeka ya pengen banget rasa merdeka aja sakit banget hati sama kejadian ini disepelein terus, yaAllah kami mau merdeka aja 😭",False,2025-12-14 14:46:24
tiktok,Netral,117.0,"lapor pak presiden, gubernur kami sdh ngalilu",False,2026-01-08 03:48:19
instagram,Negatif,117.0,Hebat tanpa teks👏,False,2025-07-21 13:07:38
tiktok,Negatif,116.0,botak Panji kapan pak Dedi Mizwar jadi gebenur Jawa Barat......,False,2026-01-05 08:51:14
tiktok,Negatif,116.0,sebenarya bantuan banyak tapi di hambat sama merwka sendiri demi menarik simpati asing,False,2025-12-19 22:07:06
tiktok,Negatif,116.0,Abdul wahid ke rakyat be like: tamatlah sudah.. cerita kami.. selesai..,False,2025-11-05 17:44:31
instagram,Netral,116.0,PDIP is the best😍👏👏👏,False,2026-01-06 19:07:57
facebook,Netral,116.0,"𝗧𝗼𝗹𝗮𝗸 𝗣𝗶𝗹𝗸𝗮𝗱𝗮 𝗟𝗲𝘄𝗮𝘁 𝗗𝗣𝗥𝗗 = 𝗣𝗲𝗹𝗶𝗵𝗮𝗿𝗮 𝗗𝗲𝗺𝗼𝗸𝗿𝗮𝘀𝗶 𝗠𝗮𝗵𝗮𝗹 𝗱𝗮𝗻 𝗞𝗼𝗿𝘂𝗽. (Husni Difinubun) JAYAPURA, Penolakan terhadap usulan pemilihan kepala daerah melalui DPRD semakin membuka wajah asli kelompok-kelompok yang selama ini diuntungkan oleh mahalnya demokrasi langsung. Usulan Ketua Umum Partai Golkar Bahlil Lahadalia jelas sah secara konstitusional, namun justru diserang oleh pihak-pihak yang tampak alergi terhadap upaya menekan biaya politik. Dukungan Partai Gerindra, Partai Amanat Nasional (PAN), dan Partai Kebangkitan Bangsa (PKB) memperlihatkan bahwa wacana ini bukan agenda sepihak, melainkan kesepakatan politik rasional demi menyelamatkan keuangan negara dan moral demokrasi. Kelompok penolak terus berteriak “kemunduran demokrasi” tanpa pernah menjawab fakta paling telanjang: Pilkada langsung adalah mesin pembakar uang. Anggaran negara terkuras, kandidat terjerat utang politik, dan rakyat dijadikan objek mobilisasi transaksional. Mereka yang menolak tidak pernah jujur menjelaskan, siapa sebenarnya yang diuntungkan dari sistem mahal ini? Lebih buruk lagi, Pilkada langsung telah melahirkan lingkaran setan korupsi. Kepala daerah terpilih sibuk mengembalikan modal, membayar sponsor politik, dan mengamankan jaringan pendukung. Inilah realitas yang terus disangkal oleh para penolak, seolah-olah menutup mata adalah bentuk keberpihakan pada demokrasi. Pemilihan melalui DPRD justru mengembalikan demokrasi ke jalur konstitusi. DPRD adalah lembaga representatif hasil pemilu rakyat. Menolak peran DPRD sama saja dengan merendahkan suara rakyat yang telah memilih wakilnya secara sah. Kelompok penolak kerap menjual narasi seakan rakyat akan kehilangan hak pilih. Ini adalah ketakutan buatan yang sengaja diproduksi untuk mempertahankan status quo. Hak politik rakyat tetap ada melalui pemilu legislatif. Yang dipangkas hanyalah biaya politik liar dan praktik transaksional. Ketua Umum Golkar Bahlil Lahadalia dengan lugas menyasar inti persoalan: demokrasi tidak boleh disandera oleh ongkos politik yang tidak masuk akal. Negara berhak dan wajib melakukan koreksi. Menolak koreksi ini berarti memelihara sistem rusak yang telah terbukti gagal. Dukungan Gerindra, PAN, dan PKB mempertegas bahwa pemerintah memiliki legitimasi politik yang kuat. Kini publik patut bertanya: apakah penolakan ini benar demi rakyat, atau demi kepentingan elite dan cukong politik? Sudah saatnya Indonesia berhenti dikendalikan oleh romantisme demokrasi mahal. Pilkada lewat DPRD adalah pilihan konstitusional, rasional, dan berani. Siapa pun yang menolak tanpa argumen jujur, patut dicurigai sedang mempertahankan ladang bisnis politik... PilkadaDPRD pilkada",True,2026-01-03 06:31:20
tiktok,Negatif,116.0,Dia kalo di sejajarin sama mentri juga banyakan dia rakyatnya 😭,False,2025-12-29 15:10:28
tiktok,Negatif,115.0,kasih salam olah raga kelamaan,False,2025-11-12 08:39:17
tiktok,Negatif,114.0,dia sdh kaya dr beni laos.,False,2025-12-20 20:32:27
instagram,Netral,114.0,Demi mempertahankan kekuasaan 🔥,False,2026-01-06 07:45:21
tiktok,Negatif,114.0,"PDIP itu jangan kasih kekuasaan, dia itu bagus kalau menjadi oposisi 🗿",False,2026-01-08 06:27:57
tiktok,Netral,114.0,"skill ibu udah macam avatar yaa serba bisa, kecuali mungkin review makanan 😌",False,2026-01-04 19:09:26
tiktok,Negatif,113.0,anjir masuk indosiar🤣🤣,False,2026-01-07 18:32:49
instagram,Negatif,113.0,makannya jgn MONEY POLITIK !!!,False,2026-01-07 08:17:49
tiktok,Negatif,112.0,hadir salah ga hadir juga salah,False,2025-09-18 10:28:54
tiktok,Negatif,112.0,teruss apa itu demokrasi???,True,2025-12-30 18:34:18
tiktok,Negatif,112.0,"peci hitam iya iya ,dalam hati gawatttt nihhh gg bsa ngapapain",False,2025-12-18 19:08:47
facebook,Netral,111.0,"Sikap politik Partai Demokrat terkait wacana perubahan mekanisme pemilihan kepala daerah (pilkada) kembali menjadi sorotan. Partai berlambang bintang mercy itu kini mendukung opsi pilkada melalui Dewan Perwakilan Rakyat Daerah (DPRD). Skema yang satu dekade lalu justru digagalkan oleh Presiden keenam RI sekaligus Ketua Majelis Tinggi Partai Demokrat, Susilo Bambang Yudhoyono (SBY) pada 2014 yang lalu. Dukungan itu disampaikan Demokrat seiring dengan sikap Presiden Prabowo Subianto yang membuka kembali wacana perubahan sistem pilkada, termasuk kemungkinan pemilihan kepala daerah dilakukan oleh DPRD. Sekretaris Jenderal Partai Demokrat Herman Khaeron mengatakan, Demokrat berada pada barisan yang sama dengan Presiden Prabowo dalam menyikapi wacana tersebut. Demokrat, kata Herman, didasarkan pada ketentuan Undang-Undang Dasar (UUD) 1945 yang memberikan kewenangan kepada negara, untuk mengatur mekanisme pemilihan kepala daerah melalui undang-undang. “Karena itu, baik pemilihan langsung maupun melalui DPRD merupakan pilihan yang sah dalam sistem demokrasi Indonesia,” kata Herman dalam keterangan resminya, Selasa (6/1/2026).",True,2026-01-06 15:29:57
tiktok,Netral,111.0,sbg urg banjar beterimakasih ke babe udh sering speak up soal banjir dan soal tambang kalsel,False,2026-01-07 13:00:19
instagram,Positif,110.0,Hanya yang kokoh berdiri paling depan membela hak rakyat Indonesia merdeka 🔥,False,2026-01-06 09:38:20
tiktok,Positif,110.0,Just Governor's thing❤️😚 I'm really really happy for him❤️🫶 You deserve all the love P'Keng❤️😚,False,2025-11-14 01:56:13
tiktok,Netral,110.0,mambari supan Kal-Sel banar..tambus ke berita media sudah.🤦🤦🤦🤦panderan di warung jablayi di bawa ke forum resmi.😭😭😭,False,2026-01-08 06:21:38
tiktok,Negatif,109.0,gubernur macam apa ini,False,2025-12-28 15:03:16
tiktok,Positif,109.0,ternyata gubernur Malut tidak kaleng kaleng... tidak diragukan cara memimpinnya. makin di cintai rakyatnya,False,2026-01-07 00:29:00
tiktok,Netral,108.0,yaa Allah Nang kaini jdi gubernur,False,2026-01-07 16:52:09
tiktok,Negatif,108.0,"Aceh bukan lagi indonesia,jadi Aceh itu sudah negara",False,2025-02-21 12:01:58
tiktok,Netral,107.0,PDIP penjaga Demokrasi👍👍👍👍,True,2026-01-08 21:26:06
tiktok,Negatif,107.0,"ini disebut permainan lama/licik sih disatukan jadi 1 wadah habis tuh ada hacker seakan""an dijadikan kambing hitam olh pemerintah padahal hacker itu sendiri dari pemerintahan juga.",False,2025-12-31 12:31:04
tiktok,Netral,106.0,sawit sawit sawit [sticker],False,2026-01-07 18:57:16
tiktok,Negatif,106.0,pina ngalih lah sidin bepender😭,False,2026-01-05 17:27:29
tiktok,Negatif,105.0,Na hàt akkor nem is kell kettôs àllampolgàrsàgob gondolkodom ! Akkor maradok a németnél csak 🤷🏻‍♀️nagyon àssa a sírját Magyarorszàg,False,2025-03-12 18:11:33
tiktok,Netral,105.0,"Belum baca ada komen ""TOR MONITOR VERSI BCA PRIORITAS""",False,2026-01-04 15:33:03
tiktok,Negatif,104.0,Tempo pemecah belah bangsa,False,2025-03-29 11:00:17
tiktok,Netral,104.0,Tempest versi indo,False,2025-09-23 09:45:58
tiktok,Netral,103.0,balik ke jaman orde baru,False,2025-12-29 19:42:59
tiktok,Negatif,102.0,Rigit beton apa? Cor bukan,False,2025-10-03 23:20:48
tiktok,Positif,102.0,karya anak negeri tidak akan pernah gagal..pasti selalu gacorrr🥰🥰,False,2026-01-01 19:44:10
tiktok,Negatif,102.0,namanya aja stand up. jgn terlalu di tanggapi dgn serius. 😁😁,False,2026-01-04 11:19:27
tiktok,Negatif,102.0,"astaghfirullah ,itu orang apa gimana sih kok jahat bgt ya Allah ya Allah 😭",False,2026-01-06 01:26:02
tiktok,Netral,102.0,3 juta won berapa rupiah jirr😭,False,2026-01-07 16:03:45
tiktok,Negatif,102.0,panji terbuat dari bahan dasar nya apa sih?,False,2026-01-05 13:39:14
tiktok,Netral,102.0,calon presiden Sumatra amiinn 🤲,False,2025-12-16 08:35:24
tiktok,Negatif,102.0,susah emang ngatur orang ngeyel yg gak ngerti asal usulx🙏semangat kang Dedi Mulyadi 🙏,False,2025-03-01 08:40:14
tiktok,Negatif,101.0,Bercanda dia tau ajah yang LG rame wkwkwkkkk🤣🤣🤣,False,2026-01-07 13:24:58
tiktok,Negatif,101.0,semuanya sudah d setting geng solo🤣 apapun itu...,False,2025-08-29 08:06:19
tiktok,Netral,101.0,"pemerintah pas kena retas: maaf ya kami tidak tahu, sedang kami tinjau bla bla bla....",False,2025-12-06 08:15:30
tiktok,Netral,101.0,"di tunggu realisasinya, jngn wacana terus gax ada realisasi, Rakyat Lampung butuh realisasi GX butuh wacana",False,2025-10-03 20:04:01
threads,Negatif,101.0,Orang ini cuma bisa kritik...coba suruh kerja blm tentu bisa,False,2026-01-04 01:47:35
tiktok,Positif,101.0,orang minoritas tapi pikirannya cerdas.,False,2026-01-03 06:53:11
tiktok,Negatif,100.0,BANTEN susah maju sebab SDM masyarakatnya masih rendah.. harusnya banten itu kaya loh.. banyak pabrik cuma sayangnya CALO banyak apalagi nikomas masuk kerja aja laki 40juta cewek 30juta.. mau kerja aja bayar udah tau pengangguran disuruh bayar🤣🤣 korupsi juga merajalela..,True,2025-11-07 01:50:59
tiktok,Netral,100.0,""" yang penting saya perform"" 🔥🔥 Badas x lah buk 🔥",False,2025-09-17 17:45:03
tiktok,Negatif,100.0,AS A CUBAN... CUBAN HAS BEEN CRYING OUT FOR FREEDOM FOR DECADES!!!!! PLEASE TRUMP US NEXT ❤❤❤ TRUMP 👑👑👑,False,2026-01-05 03:05:12
tiktok,Positif,100.0,11/12 keberlanjutan,False,2025-12-31 09:56:15
facebook,Netral,100.0,"Wacana pemilihan kepala daerah (pilkada) melalui DPRD kembali menguat setelah Partai Golkar dan Partai Amanat Nasional (PAN) menyuarakan penghapusan pilkada langsung. Sikap tersebut kini disusul Partai Gerindra yang menyatakan persetujuan terhadap mekanisme pilkada tidak langsung. Ketua DPP Partai Gerindra, Prasetyo Hadi, menilai perlunya perubahan sistem pilkada karena mahalnya ongkos politik. Menurutnya, proses demokrasi perlu terus dievaluasi seiring perjalanan waktu dan pengalaman pelaksanaannya. “Kalau kami berpendapat, sekali lagi kami sebagai pengurus partai, salah satu pimpinan di partai, kami berpendapat memang kita harus berani. Harus berani untuk melakukan perubahan dari sistem,” kata Prasetyo di Lanud Halim Perdanakusuma, Jakarta, Senin (29/12/2025). Prasetyo menyebut sistem pilkada langsung saat ini memiliki sejumlah sisi negatif, salah satunya tingginya biaya politik yg harus dikeluarkan calon kepala daerah. Selain itu, negara juga menanggung pembiayaan besar dalam setiap penyelenggaraan pilkada. “Untuk menjadi seorang kepala daerah, baik bupati, wali kota, maupun gubernur, itu ongkosnya sangat besar,” ujarnya. Berdasarkan kajian internal, Gerindra mendorong agar pemilihan kepala daerah dikembalikan melalui mekanisme DPRD. “Kami memang terus terang salah satu yg mengusulkan atau berpendapat bahwa kita berkehendak untuk mengembalikan sistem pemilihan kepala daerah itu melalui mekanisme di DPRD,” kata Prasetyo. Sebelumnya, Partai Golkar melalui Rapimnas I Tahun 2025 juga mengusulkan pilkada dilaksanakan melalui DPRD. Namun, wacana ini menuai penolakan dari sejumlah partai politik lain, seperti PDI Perjuangan dan Partai Demokrat, yang menilai pilkada langsung merupakan bagian penting dari demokrasi dan kedaulatan rakyat.",True,2025-12-31 02:22:40
tiktok,Netral,100.0,gaskan dan rapatkan barisan 2029 prabowo gibran 2 periode.. setelah itu baru gaskan mas gibran jadi presiden agar negara kita maju menuju Indonesia emas🥰🥰,False,2026-01-04 14:26:54
tiktok,Negatif,99.0,"duh PDIP salah mulangin org lagi ,udah bener di Jordania malah suruh plg",False,2026-01-05 22:05:02
instagram,Negatif,99.0,Beradu duit sesungguhnya bakal dimulai dan banjir titipan😹😹😹,False,2026-01-02 05:40:20
tiktok,Positif,99.0,hanyalah PDI-P mamang partai terbaik selama ini,False,2026-01-07 05:06:24
threads,Negatif,99.0,"bang pandji maen2 ke Jabar, keliling lewatin jalan jalan provinsi, biar tau jalan provinsi nya ancur, banyak lubang2 besar sampe bikin macet tiap hari, terutama yg saya singgung adalah jalur pantura Cikampek-Cikalong",False,2026-01-04 02:16:46
facebook,Negatif,98.0,"Yg sempurna itu semua calon pemimpin wajib dipilih oleh rakyat yg akan dipimpin, gak usah takut soal anggaran negara kita kan kaya raya..👍",True,2025-12-31 11:24:10
tiktok,Negatif,98.0,adakah pejabat lain yg mau meniru ibu gubernur ini ?,False,2025-09-24 10:57:51
tiktok,Netral,98.0,how lucky u are kak 😭😭😭😭😭😭,False,2025-12-30 12:51:47
tiktok,Netral,97.0,Why is American doing this?,False,2026-01-04 16:29:28
tiktok,Netral,97.0,Si ils ne sont pas comptants ils payent avec leur propre argent….. vous n’allez pas prendre l’argent du pays pour pour servir un autre pays 🙌🏾,False,2025-07-16 21:27:03
tiktok,Positif,97.0,"Beliau terima seusai hasil Kerjanya, beliau tau itu Rizqinya hari ini...,Suhu.. sedang Mengajarkan KDM arti Rizqi.. Hebat KDM, ketemua org seperti beliau... Alam adalah guru",False,2025-06-15 20:11:24
tiktok,Negatif,97.0,"Waaaaww siapa kakek ini ..itu bukan filsafat ekonomi kang dedy tapi ilmu Hakekat,ilmu yg sebenarnya....Masya Allah",False,2025-06-15 20:33:45
tiktok,Negatif,97.0,Lah emang Pemilu 2029 ada ? gak jaminan bakal ada pemilu... 🫵🏻🤣,False,2026-01-05 18:26:20
tiktok,Negatif,97.0,"Banten mah kerajaan sistemnya, jadi emang konsep jalannya gitu, jalan versi kerajaan majapahit 🤣🤣🤣",False,2026-01-08 09:52:56
instagram,Negatif,97.0,Kali ini dukung PDIP dan demokrat. Ayo banteng jangan lemah,True,2026-01-01 11:51:44
tiktok,Netral,97.0,melihat melky gabung ke partai PDI saya mau juga gabung ke PDI tapi aku Riau,False,2026-01-06 20:42:27
tiktok,Netral,96.0,Prabowo itu cuma pengin JD presiden.,False,2026-01-04 07:01:42
tiktok,Netral,96.0,jangan di pilih agik gubernur kyk ni,False,2026-01-05 21:42:28
tiktok,Negatif,96.0,Ini komplotan roy suryo jd gk heran,False,2025-08-29 13:00:53
tiktok,Negatif,96.0,yg dikatakan panji itu emang fakta,False,2026-01-05 18:43:56
tiktok,Netral,96.0,Cuba really needs FREEDOM.,False,2026-01-04 23:44:01
tiktok,Negatif,96.0,gimana si kata nya suruh nikah tapi emas aja naik marketing KUA bakal kalah si ini,False,2026-01-07 16:53:41
tiktok,Negatif,96.0,apa yg sudah panji perbuat utk negara ini........,False,2026-01-05 13:53:16
tiktok,Netral,96.0,mana yang sering bilang lebih baik ijo daripada coklat ?,False,2025-05-07 03:44:41
tiktok,Negatif,96.0,oalah...... ini jalan supaya mereka berkuasa di provinsi dan kabupaten kota,False,2025-12-29 14:50:04
tiktok,Netral,96.0,bravo pa Andra Soni gub Banten,False,2025-02-15 16:36:07
tiktok,Negatif,96.0,DIA PIKIR NGURUSIN RT!!,False,2025-09-04 19:30:07
facebook,Negatif,94.0,PKB lahir buah reformasi 1998... Kebebasan berserikat n berkumpul termasuk bebas mendirikan parpol... pengkhianat amanat reformasi,False,2026-01-02 15:53:34
facebook,Negatif,94.0,"Menangkan PDIP kalo masih menginginkan rakyat memilih pemimpinnya sendiri di daerah masing2, tdk di wakili DPRD yg korop, sekarang sdh 500 lebih DPRD yg di tangkap KPK, mosok di suruh mewakili kita. Logikanya ga masuk.",False,2026-01-07 02:06:57
tiktok,Netral,94.0,Shameful act USA 🤬,False,2026-01-04 17:56:41
tiktok,Positif,94.0,I love insonesia from canada,False,2025-08-31 05:58:11
tiktok,Positif,93.0,mantap saya tidak akan pilih dpr tau,False,2025-12-29 20:03:33
threads,Netral,92.0,"Muhamad Khozin Debat dengan Bang Fery Asas Pemilu Langsung Umum Bebas Rahasia sebagaimana di Maksud Pasal 22 E UUD 1945 Kagak Paham , ya Gak Bakalan Nyambung ges. TolakpilkadadipilihDPRD",True,2026-01-07 02:03:33
tiktok,Negatif,92.0,Bahlil emg kudu rakyat yang nurunin,False,2025-12-07 18:11:54
tiktok,Positif,92.0,cocok untuk lagu pildun 2026😁,False,2026-01-03 00:07:52
tiktok,Positif,92.0,liat muka bapak gubernur Aceh jadi sedih🥹. beliau adalah seorang yang sangat peduli terhadap rakyat nya,False,2025-12-14 13:01:37
tiktok,Negatif,91.0,ini kan kader PDIP yang gagal dpr,False,2025-08-29 09:25:12
tiktok,Positif,91.0,"maklum gubernur Banten, gubernur termiskin SE Indonesia,beda Ama gubernur Jabar tajir,tegas, transparan, penuh kasih sayang 😅",False,2026-01-08 10:21:44
instagram,Negatif,91.0,IMINTOLOL BIANG KEROK KISRUH TAMBANG 🔥🔥🔥 OTAK DUNGU AGEN NEO ORBA JANCOK 🔥🔥,True,2025-12-24 01:48:47
facebook,Netral,91.0,"Cuitan Lama SBY Viral! Publik Pertanyakan Perubahan Sikap yang Setuju soal Pilkada Lewat DPRD TRIBUN-VIDEO.COM - Pernyataan lama Presiden ke-6 RI Susilo Bambang Yudhoyono (SBY) soal penolakan Pilkada melalui DPRD kembali menjadi sorotan publik seusai cuitannya pada 2014 diunggah ulang oleh Susi Pudjiastuti melalui akun X miliknya pada Rabu (7/1/2026). Dalam cuitannya, SBY menegaskan bahwa Pilkada harus dipilih langsung oleh rakyat karena menyangkut kedaulatan rakyat, bahkan saat itu ia menerbitkan Perppu untuk menolak Pilkada tidak langsung. Sorotan ini mencuat lantaran sikap SBY dan Partai Demokrat kini berbalik arah dengan mendukung kebijakan Presiden Prabowo yang membuka opsi Pilkada melalui DPRD. Perubahan sikap ini memicu pertanyaan publik, sementara pengamat politik Ray Rangkuti menilai ada faktor tekanan kekuasaan dan kepentingan politik yang membuat Partai Demokrat meninggalkan sikap lamanya dalam memperjuangkan Pilkada langsung. Editor: Fitriana SekarAyu Baca selengkapnya: Foto: Nitis Hawaroh/Tribunnews.com, X/ susipudjiastuti sby susilobambangyudhoyono dpr pilkada presidenke6 sby",True,2026-01-07 20:40:02
tiktok,Netral,91.0,hanya orang2 yg cerdas dan waras menyetujui RUU TNI di sahkan.,False,2025-03-21 08:39:32
tiktok,Netral,91.0,mohon doa nya untuk ibu saya yang udah 3.hari meninggal 🙏,False,2025-02-15 16:32:18
tiktok,Netral,91.0,"klo sudah seperti ini uu nya 2029 rakyat harus bersatu memilih kader PDI-P semua, krn PDI-P satu"" yg berjuang bersama rakyat ..",True,2026-01-07 02:29:04
tiktok,Negatif,91.0,kasian calon suami aku🙃,False,2026-01-07 16:04:06
tiktok,Negatif,91.0,Jadi pemimpin yang di anggap mampu di mata panji itu seperti apa yaa..?,False,2026-01-05 17:09:13
tiktok,Negatif,90.0,soalnya duit nya banyak 😂,False,2025-09-14 11:56:26
tiktok,Negatif,90.0,"memang keren Bu Gub satu ini, Gas 2 periode bu, pasti menang tanpa perlawanan dari siapapun. "" Jangan berbicara di belakang saya, saya paling tidak suka org yg bergosip tentang saya dibelakang saya apalagi mereka tidak mengenal saya dan saya tidak suka mengatakan hal berkali klau"" keren Bu Gub 🙏🙏🙏✌️✌️✌",False,2025-09-24 07:29:55
tiktok,Netral,90.0,For reference the United States did what Russia has been trying to do for 5 years in less than 5 hours,False,2026-01-04 00:02:39
tiktok,Negatif,90.0,Serius aku heran kali dh gub. malut....sangat menguasai segala macam masalah nya...termasuk alat berat utk proyek faham....☺,False,2026-01-04 18:27:35
facebook,Negatif,90.0,Negara bila yang memimpin bukan Ahlinya tata negara maka Negara pasti akan hancur.,False,2025-12-30 05:34:31
tiktok,Netral,90.0,maaf aslinya kepo tapi ga tau mereka ngomong apa😭,False,2026-01-06 23:55:36
tiktok,Negatif,89.0,Rakyat dan mahasiswa harus bangkit melawan kebijakan negara yg gdk pro rakya,True,2026-01-04 05:54:37
instagram,Negatif,89.0,MBG nooh ga efisien. Lebih efisien langsung dikasi ke orang tua uangnya tapi ga dipikirin. Zzzzzzz...,False,2026-01-01 04:51:42
tiktok,Netral,89.0,"Moga perubahan berlaku soon, sahabat² ku di seberang sana ❤️😢",False,2025-08-31 00:52:47
tiktok,Negatif,89.0,siapa yang begadang.ayo tidur,False,2025-05-30 00:23:27
tiktok,Negatif,89.0,Tiba tiba wakilnya jadi saksi pelapor. Ketebak bgt strateginya😏,False,2025-11-05 22:51:18
tiktok,Negatif,88.0,"PDIP tuh lebih baik jadi oposisi, jangan masuk koalisi",False,2026-01-08 00:54:12
tiktok,Netral,88.0,"pertama coba² pilkada lewat dprd, ntar lama² bisa jadi presiden & wakil bakal dipilih dpr / mpr lagi kek dulu",False,2026-01-08 06:49:20
instagram,Netral,87.0,Mega sma sby bersatuu 🔥🔥,True,2026-01-02 08:19:57
tiktok,Positif,87.0,mau jadi presiden aja datang ke bliyau minta restu....paham kan. wkwkwkw😅,True,2025-08-31 21:49:52
tiktok,Positif,87.0,setuju bang adian,False,2026-01-07 20:19:47
tiktok,Negatif,87.0,Gerindra partai yg hanya memikirkan kekuasaan,False,2025-12-31 08:40:43
tiktok,Negatif,87.0,hancur sudah cita cita demokrasi oleh Gerindra,True,2025-12-30 22:53:40
tiktok,Negatif,87.0,"omdolah, tempat sy aspal aja gx di bnrin klu rusak",False,2025-10-03 17:06:42
tiktok,Negatif,86.0,jujur hal yg paling gue takutin Aceh kembali pulih dan maju tapi beliau dah pergi jauh😭😭😭 biasanya orang tulus setelah misinya dan tugas nya selesai pasti tuhan ambil kembali ini bukan mendoakan karena dari jaman dulu emang seperti itu,False,2025-12-15 13:33:34
instagram,Positif,86.0,Mantapp PDIP selalu konsisten dan berada di barisan bersama rakyat😍❤️,False,2026-01-06 11:47:45
facebook,Negatif,86.0,Jangan pilih partai yg mengambil hak rakyat,False,2026-01-02 22:52:28
tiktok,Negatif,86.0,"emng MBG tu dari awal program yang bagus, yg ga bagus mah antek anteknya😭😭😭",False,2025-10-17 20:47:10
tiktok,Positif,86.0,"kali ini setuju dg pdip, meski gak milih pdip",False,2026-01-02 17:57:52
tiktok,Positif,86.0,"kata"" penutup keren👍 ""saya tidak perlu marah untuk tidak suka""",True,2025-12-19 19:18:40
tiktok,Negatif,86.0,"men ngok gaya bejalan a tu...dlam hati a""ikak nak kan.. nantang ok😅😅",False,2026-01-05 19:03:02
tiktok,Positif,86.0,aku jadi ingan ada yg suka ngomong gitu😁🤣 ini tanah Allah🤣🤣,False,2025-01-27 11:59:45
tiktok,Negatif,85.0,"gampang aja kalo masyarakat gk bolah ikut pantau,,, besok"" gaji DPRD jangan dari pajak lagi ya",False,2025-12-07 12:19:08
tiktok,Negatif,85.0,orderbook mau dibikin bursa lokal. dpr nih paham crypto ga sih😂😂😂 ditaroh satu bursa noh bri aja sering kecolongan tapi ga tanggung jawab😂,False,2025-12-26 09:33:51
facebook,Negatif,85.0,"Partai Koalisi 81, Penghianatan terhadap rakyat yang diupayakan terstruktur, masif, dan terencana. Kita pernah melakukan pemilihan kepala daerah oleh DPRD, dan telah diubah menjadi pemilihan langsung oleh rakyat melalui Undang-Undang Nomor 23 Tahun 2014 tentang Pemerintahan Daerah. Hal ini dilakukan untuk meningkatkan partisipasi rakyat dalam proses demokrasi dan meningkatkan kualitas pemerintahan daerah. Jika wacana itu terjadi, akan menjadi preseden buruk dan kemunduran dalam bernegara, dan saya melihat itu sebagai bentuk penghianatan terhadap rakyat. Kepala daerah harus tetap dipilih oleh rakyat, demokrasi tidak boleh direduksi menjadi sekadar efisiensi prosedural atau kepentingan elite politik. Demokrasi adalah simbol dari kedaulatan rakyat, karena pilkada langsung merupakan salah satu capaian penting reformasi yang Harusnya tidak boleh diganggu. Ayo kita lihat aspek negatif apa yang terjadi jika kepala daerah di pilih oleh DPRD, ini yang akan terjadi ; 1. Kepala daerah tidak lagi bertanggung jawab penuh terhadap rakyat, karena harus mendahulukan tanggung jawab kepada DPRD, Artinya akuntabilitas politik diragukan. 2. membuka ruang transaksional antar elite dan partai politik. Ditengah wacana ini terlaksana dalam prosesnya, calon kepala daerah harus membuat kesepakatan dengan anggota DPRD untuk mendapatkan suara. Sarat dengan kompromi politik, transaksi kepentingan, dan dominasi oligarki 3. Pemilihan kepala daerah oleh DPRD dapat mengurangi partisipasi rakyat dalam proses demokrasi, karena rakyat tidak memiliki kesempatan untuk memilih langsung. 4. DPRD mungkin memiliki kepentingan yang berbeda dengan rakyat, sehingga kepala daerah yang dipilih oleh DPRD mungkin tidak mewakili kepentingan rakyat. 5. Pemilihan kepala daerah oleh DPRD menodai Sila Keempat Pancasila (Kerakyatan yang dipimpin oleh Hikmat Kebijaksanaan dalam permusyawaratan/Perwakilan), karena pilkada adalah bentuk nyata dari demokrasi perwakilan di mana rakyat memilih langsung pemimpinnya.",True,2026-01-07 10:15:20
tiktok,Negatif,84.0,"Asli kda cocok lalu jadi pemimpin , kda nyambung lalu yg dipanderkannya 🥵",False,2026-01-05 16:43:20
tiktok,Netral,84.0,"Если бы сша напали на Россию со своими низко летящими вертолетами,ихняя контра:",False,2026-01-04 04:10:09
tiktok,Positif,84.0,"I'm Indonesian. That's all true. Our government is very unreasonable. There's a lot of corruption, but they just ignore it.We are ordinary people whos",False,2025-08-31 10:35:30
tiktok,Positif,84.0,"pak dedi itu baik tegas dia, jgn ada prasangka ga baik sama dia,, baru sekarang aku liat ada gubernur tegas, untung aku pilih dia dlu,",False,2025-01-27 08:56:43
tiktok,Negatif,84.0,Tahun depan juga bakal kelihatan sisi buruknya liat aja,False,2025-06-03 03:14:32
tiktok,Positif,83.0,"perasaan dana desa itu dr zaman pak Jokowi loh, masa gk terealisasi sih, di kampung sy aj udah bagus2 bgt jln, bahkan sampe ke puncak pegunungan jg udah bagus bgt",False,2026-01-04 22:43:16
tiktok,Netral,83.0,"poters 02 pura"" ga liat anj",False,2025-12-31 16:37:17
facebook,Netral,83.0,"Jika begini gelagatnya, prediksi saya Pileg 2029 sistem tertutup (coblos partai), Pilkada 2031 kandidat dipilih DPRD!",False,2026-01-08 09:54:34
tiktok,Negatif,83.0,pertanyaannya adalah di korupsi nggak duitnya,False,2025-10-04 07:22:24
tiktok,Negatif,83.0,ini ga bisa di ganti aja ga sih?,False,2025-12-07 14:19:22
tiktok,Netral,83.0,"boleh sih, tp anggota dpr pmilihannya diubah jg lewat tes cat dan debat publik",False,2025-11-02 17:58:09
instagram,Positif,82.0,"Selamat tahun baru ❌, welcome orde (paling) baru ✔️",False,2026-01-01 04:29:54
tiktok,Netral,82.0,Pretty sure Trump is eyeing the Americas as a whole… 100 states of America 🤟,False,2026-01-05 03:19:07
tiktok,Netral,82.0,Sherly Tjoanda The Next RI 2,False,2025-09-14 17:25:09
tiktok,Netral,82.0,negara pertama yang memakai crypto sebagai pembayaran yg sah adalah NEGARA ELSAVADOR. skarang udah rungkad NEGARA itu😁,False,2025-11-06 10:01:17
tiktok,Negatif,82.0,"revisi UU P2SK dgn poin mensentralisasi bursa crypto akal akalan licik pemerintah utk meningkatkan pendapatan negara dr pajak, karna mereka melihat ada peluang pajak yg besar d stu...poin melindungi konsumen dll hanya sebagai dalih n omong kosong...mana pemerintah mau lindungi rakyatnya, buka lapangan kerja aja g bisa, tapi ketika rakyatnya berinovasi selalu d hambat ma pemerintahnya sendiri. itulah konoha...",False,2025-12-06 20:20:14
tiktok,Netral,81.0,ya allah di perbesar lagi musibah mu di Aceh ya allah,False,2025-12-25 12:32:16
tiktok,Netral,81.0,Jag som blir tårögd varje gång jag hör detta,False,2025-05-02 17:02:53
tiktok,Negatif,81.0,gimana kalo dpr aja yang bubar😂,False,2025-12-30 13:34:16
facebook,Negatif,81.0,"DPRD yg akan jdi raja. Walikota, bupati dan gubernur akn menyembah dan taat ke dprd daripada ke rakyat. Itulah untung ruginya kita berdemokrasi",True,2026-01-07 04:39:59
instagram,Netral,81.0,PDIP 👏👏,False,2026-01-06 11:18:16
tiktok,Netral,81.0,"J’espère que le ministre et diputes n’auront pas le droit de se soigner à l’étranger, il y’a les hôpitaux au Gabon",False,2025-07-16 19:46:31
tiktok,Netral,80.0,"Presiden Prabowo Subianto tidak mengusulkan revisi UU TNI secara langsung. Inisiatif revisi UU TNI berasal dari DPR RI sejak periode sebelumnya, bukan dari Presiden Prabowo. Namun, Prabowo telah me",False,2025-03-21 04:48:22
instagram,Negatif,80.0,namanya aja demokrat tapi engga demokratis sama sekali 👎🏻👎🏻,True,2026-01-08 08:41:41
tiktok,Positif,80.0,"pinter mbak sampeyan, 👍👍👍👍👍👍👍👍🙏🙏🙏🙏🙏🙏🙏",False,2025-12-31 08:02:11
tiktok,Negatif,80.0,tp smp kapan pun sy gak mau via Kertajati.. bayanginnya aja males.. mending lewat Soetta.. yakin org Bdg byk yg pilih lewat Soetta drpd Kertajati,False,2025-01-17 12:43:54
facebook,Negatif,80.0,Mahal dan sarat kecurangan ?? Lebih mulia mana ketimbang nantinya ada praktek sogok menyogok yg besar dari Calon Kepala Daerah kpd para anggota DPR plus partai pengusung dan koalisi agar bisa dimenangkan. Para Ketum partai pasti menyetujui adanya usulan tsb sebab bakal akan jadi ladang uang utk mereka.,False,2026-01-02 13:42:09
tiktok,Netral,80.0,ci mehong versi gubernur,False,2025-12-05 19:42:07
tiktok,Positif,80.0,IBU LUAR BIASA😎😎😎,False,2025-11-22 04:28:30
tiktok,Netral,80.0,"Dear Indonesian friends, we hear you. We cannot help you much but the best I can do is reposting this post so it’s getting more attention and praying for you all to get justice you deserve. And I’m also praying for my own people 🇰🇭 who are currently suffering from displacement because of border war to get the peace we deserve.",False,2025-08-31 00:13:37
tiktok,Netral,80.0,"""insyaallah""????😌",False,2026-01-06 20:52:11
tiktok,Netral,80.0,Exchange akan menggantikan Bank,False,2025-12-06 05:02:14
tiktok,Negatif,79.0,hanya PDI-P lah yng konsisten menjaga marwah uu... kita harus lawan maju tak gentar membela yang benar PDI-P... loss,True,2026-01-07 21:33:33
tiktok,Netral,79.0,"mahadangi wartawan 🤣🤣🤣 gubernur macam ap ini, sampai masuk berita nasional sudah",False,2026-01-07 15:36:44
tiktok,Negatif,79.0,"politik ya harus dimengerti, panji krtik orang politik.",True,2026-01-05 12:43:53
tiktok,Netral,79.0,yg milih kdm buka cmn orang sunda tpi warga nkri yg ber ktp jawabarat,False,2026-01-04 12:21:04
tiktok,Positif,79.0,rakyat sangat setuju penolakan dari pdip🤟🤟🤟,False,2026-01-06 21:50:53
tiktok,Positif,79.0,ttap jokowi terbaik fakta itu ngak bisa di pungkiri,False,2025-08-29 14:41:55
tiktok,Netral,78.0,Hnyar sidin bpnder lngsung hujan plnk stngah harian,False,2026-01-05 16:47:33
instagram,Negatif,78.0,Usul juga apa-apa gausah pake pajak pak,False,2025-12-20 04:50:25
tiktok,Netral,78.0,kasian ekspresi wakilnya maaritakan gubernur bapandir bahapal😂😂😂,False,2026-01-06 20:14:45
tiktok,Negatif,78.0,"PDIP nolak karena dia gak berkuasa, coba kalau dia yg berkuasa, yakin satu tabiat juga🤣🤣🤣🤣🤣",False,2026-01-08 11:45:30
tiktok,Negatif,78.0,gmn pak masih kurang jawabannya🤣,False,2025-12-19 06:12:10
tiktok,Negatif,78.0,"seharusnya pak gubernur yg lebih tahu dimana kira kira yg paling parah banjirnya masak ga ada laporan dari BPBD, Polisi, Relawan, Bupati, Satpol PP kalau kayak gini berarti Pak Gubernur tidak tahu apa apa.. Miris sekali.. 😭😭😭",True,2026-01-07 09:47:18
tiktok,Netral,77.0,kami menolak kepala daerah dipilih oleh DPRD,True,2025-12-29 18:54:20
tiktok,Netral,77.0,I like how people in the comments section love dictator 😭😭,False,2026-01-04 22:21:05
tiktok,Negatif,77.0,"solusi pak ae,, bagaimana cara menganalisa banjir ini, supaya tdk terlalu parah,, bagaimana kalau pian punya program menanam sejuta pohon, yg hutan sdh gundul,, itu akibat pertambangan,, bukan dgn dengan cara mengendalikan hjn,, minta rela mun ulun ta salah🙏🙏🙏",True,2026-01-06 18:34:04
tiktok,Negatif,77.0,pa kades mau periode ke 2 tidak? jdi Bae-Bae 🤭,False,2026-01-06 22:29:29
tiktok,Negatif,77.0,"kt jd tahu bahwa yg melanggar hukum justru orang tahu hukum, 😂😂trimakasih aki"" sdh ngasih paham pd kami anak muda",False,2025-11-11 02:22:50
tiktok,Netral,77.0,bukan lagi pilihan rakyat.. melainkan pilihan partai,False,2025-12-29 20:51:13
tiktok,Positif,76.0,"Pernah ada yg bilang bu gubernur nda pernah ke ibu kota. Saya rasa sudah benar, bergerak dari yg terendah supaya kokoh atasnya",False,2026-01-06 22:49:00
tiktok,Negatif,76.0,beli harga pasti naik.jual selalu rugi,False,2026-01-07 17:29:24
tiktok,Positif,76.0,perfect family,False,2025-12-30 15:56:47
tiktok,Negatif,76.0,dan rakyatnya cuma bisa plonga plongo????,False,2026-01-03 23:01:31
tiktok,Negatif,76.0,Banten masih bnyk jalan jelek tuh apalagi masuk pelosok parah🙁,False,2025-11-06 21:19:02
tiktok,Negatif,75.0,Itu Raja Jawa yg Asli bos🙏,False,2025-08-30 13:37:54
tiktok,Positif,75.0,salut sama ibuk...berani dan tegas,False,2025-09-23 20:42:20
tiktok,Netral,75.0,Tolong ibu guru lajari akan sidin nih bapandir supaya kami paham,False,2026-01-07 16:28:24
tiktok,Netral,74.0,Really hoping my father’s sister and my family were doing fine at indonesia 🙁,False,2025-08-30 23:31:37
tiktok,Negatif,74.0,ga tegas ni gubernur sama aja menyetujui ..,False,2025-12-28 01:38:16
tiktok,Positif,74.0,""" Bapak oge da sayang ka abi""",False,2026-01-06 22:15:15
facebook,Negatif,73.0,"Kalo 70% pemilih memilih karna uang berarti kepala daerah yg terpilih 70% terpilih karena politik uang mengapa masyarakat pemilih yg menjadi kambing hitam padahal partai dan calon itu sendiri yg melakukan politik uang, jangan masyarakat jadi tumbal. Menurut sy partai politiklah yg harus berbenah utk memperbaiki sistem pemilihan.",True,2026-01-05 23:43:49
tiktok,Netral,73.0,gubernur Banten sedang di pantau presiden...,False,2025-11-06 18:39:58
tiktok,Netral,73.0,nasif aja punya guburnor Kya ini 😭😭,False,2026-01-06 19:15:49
tiktok,Netral,73.0,"naik pa, banyak pender😭🙏🏻",False,2026-01-07 11:54:30
tiktok,Negatif,73.0,Mana ada anjir orang disini 1 gram nya 3.125😭,False,2026-01-07 16:37:36
tiktok,Netral,73.0,pada gk terima dikritik🤣🤣,False,2026-01-06 06:19:53
tiktok,Netral,72.0,"harap maklumin aja , namanya juga lagi nyari nafkah di panggung 😁",False,2026-01-04 11:31:10
tiktok,Positif,72.0,tak tergantikan... benar sekali statmen yg ibu katakan.. kekuatan Tuhan.. biarkanlah seperti air mengalir.. rencana apapun sudah digariskan Tuhan ikuti saja alirannya semuanya indah bila ditangan Tuhan.... sukses ibu Gubernut..,False,2025-10-09 00:52:36
tiktok,Netral,72.0,we can all live together,False,2025-11-01 19:52:25
tiktok,Netral,72.0,kasian nya di sambut gonggongan kmna masarakatnya yah😂😂😂 coba klw gubernur jwa barat uda pasti nda bisa lewat sperti itu,False,2026-01-07 14:02:11
tiktok,Netral,72.0,aaya we alesan nateh,False,2025-06-03 00:32:34
tiktok,Netral,72.0,"it's like Pung took after Keng,Otto after ping while Save is the balanced version🤌",False,2026-01-01 15:34:22
tiktok,Netral,72.0,melindungi pengusaha tambang dan kayu,False,2026-01-07 15:16:20
tiktok,Negatif,72.0,RUU TNI tidak adil bagi tamtama Bintara nya cuma menguntungkan bapak2 perwira aja kasian tamtama Bintara nya,False,2025-03-19 14:21:34
tiktok,Netral,72.0,4 provinsi yang belum di lantik mana aja ya?kalau Aceh sudah dilantik beberapa bulan yang lalu.,False,2025-02-21 05:48:49
tiktok,Negatif,71.0,"Menyala Ibu Gubernur ku,Tuhan melindungi ibu dr org² jahat Aamiin🤲😇❤",False,2025-09-14 07:55:40
tiktok,Negatif,71.0,Orang ini lagi😂😂😂,False,2025-09-04 17:14:27
tiktok,Netral,71.0,🤣🤣🤣 mungkin lagi ad acara di barak,False,2025-05-06 21:27:28
tiktok,Negatif,71.0,kepala daerah lebih baik di pilih oleh dprd.pilkada langsung lebih boros habiskan anggaran dan rawan sengketa.,True,2025-11-02 17:41:52
tiktok,Netral,71.0,Entah begayaan kh atau dsr kd tpi pintar gubernur kita ni.,False,2026-01-05 20:37:37
tiktok,Netral,71.0,"La seule chose à peur, c’est Dieu, c’est",False,2025-04-15 07:47:35
facebook,Negatif,70.0,2029 mantab kan PDI-P kosisten untuk rakyat. Pantai lain kkuasaan yg di pikirkan.,False,2026-01-07 01:52:05
instagram,Negatif,70.0,Karena udah tau orang gak bakal milih Grnda lagi ya?,False,2025-12-30 00:44:36
tiktok,Netral,70.0,Knpa kda ibu Sherly laos ajaa sii yang jdi gub Kalsel🌝,False,2026-01-08 04:35:27
tiktok,Netral,69.0,alamak mimpi apa Abdul Wahid nhe🤣🤣🤣,False,2025-11-05 18:09:30
tiktok,Positif,69.0,orde Baru mulai bangkit,False,2025-12-29 20:28:14
tiktok,Negatif,69.0,lah gua mah ganteng🗿,False,2026-01-03 09:20:14
tiktok,Negatif,69.0,KalIan Sibuk urusan kepala Daerah....!!!.APA KALIAN YAKIN 2029 INDONESIA MASIH ADA...???,False,2025-12-31 05:26:33
tiktok,Negatif,68.0,Prabowo mengacak ngacak demokrasi,True,2026-01-07 08:25:19
tiktok,Positif,68.0,"deket banget sama prabowo, kemarin jadi pembaca Pancasila, sekarang sebagai simbolis pelantikan",False,2025-02-20 17:16:30
facebook,Netral,68.0,"PKS: Secara Yuridis, Pilkada Via DPRD Tetap Konstitusional. JAKARTA, KOMPAS.com - Partai Keadilan Sejahtera (PKS) menyatakan bahwa pemilihan kepala daerah (Pilkada) melalui Dewan Perwakilan Rakyat Daerah (DPRD) tetap sejalan dengan konstitusi. Sekretaris Jenderal (Sekjen) PKS M Kholid mengatakan bahwa Undang-Undang Dasar (UUD) 1945 tidak melarang suatu cara atau sistem terkait Pilkada, termasuk untuk opsi melalui wakil rakyat di daerah. ""Secara yuridis atau aturan hukum, pemilihan kepala daerah secara langsung maupun tidak langsung oleh DPRD, keduanya sama-sama konstitusional, dibolehkan oleh UUD NKRI 1945 dan sama-sama demokratis,"" ujar Kholid dalam keterangan resminya, Rabu (7/1/2026). Menurut Kholid, konstitusi hanya tidak memperbolehkan pemilihan tidak langsung untuk presiden dan wakil presiden. Oleh karena itu, Pilpres tetap harus dijalankan dengan sistem ‘one man one vote’. Meski begitu, Kholid menegaskan bahwa PKS belum menentukan sikap resmi soal usulan Pilkada melalui DPRD. Sebab, PKS merasa tetap perlu melakukan kajian dan mendengarkan masukan dari berbagai pihak, termasuk akademisi. ""Tinggal nanti dikaji dan dievaluasi secara menyeluruh dan mendalam, mana yang paling maslahat (mendatangkan kebaikan) lebih besar bagi masa depan demokrasi dan penyelenggaraan kehidupan bernegara dan berbangsa,"" kata Kholid. ""Kami sendiri masih ingin mendengar banyak masukan dari publik. Baik dari kampus, ormas, NGO, tokoh-tokoh bangsa, pimpinan partai politik dan tentunya pandangan masyarakat secara umum,"" pungkasnya. Sumber :",True,2026-01-07 17:48:49
tiktok,Positif,68.0,hanya PDIP yg paling konsisten 🤟🔥🔥🔥🔥,False,2026-01-08 09:09:45
tiktok,Netral,68.0,"asa hdk bahira, asa hdk bakamih, asa hdk guring ada jua, mandangar Sidin bapandir😂",False,2026-01-07 09:46:45
tiktok,Positif,68.0,mamiii,False,2025-12-30 16:27:54
instagram,Negatif,67.0,Lah lah kok beda sama twitnya SBY 😂,False,2026-01-08 09:19:54
instagram,Negatif,67.0,"Ini bukan bentuk demokrasi, tapi bentuk kepentingan partai.",True,2026-01-06 08:20:23
tiktok,Netral,67.0,terus kabar Abdul Somad gimana,False,2025-11-06 10:19:57
tiktok,Negatif,67.0,tuh yg namanya kerja bukan pencitraan Jabar istimewa Jateng omon omon,False,2026-01-07 07:44:26
tiktok,Positif,67.0,Mari kita bersama PDI-P Menjaga Demokrasi,True,2026-01-08 07:06:53
instagram,Negatif,67.0,Banteng Kalbar nih Bos. 🤟🤟🤟,False,2026-01-06 21:02:11
tiktok,Positif,67.0,Go Indonesia . Love from Malaysiaa,False,2025-08-31 04:44:43
tiktok,Negatif,66.0,jangan pilih gerindra d,False,2025-12-31 08:40:32
tiktok,Netral,66.0,uang THR beli rompi anti peluru😋,False,2025-03-21 04:23:48
instagram,Negatif,66.0,anggaran pemilu trilyunan aja hasilnya Gibran.. apalagi ini..😢,False,2026-01-07 08:01:45
tiktok,Netral,66.0,Sending hug from Cambodia ❤️‍🩹,False,2025-08-30 23:56:26
tiktok,Netral,66.0,Kaptenen ser ut som Tage Danielsson,False,2025-05-03 16:56:58
tiktok,Positif,66.0,tah dak tandaan bengetnaaa nu goreng patut,False,2026-01-07 09:28:56
tiktok,Negatif,66.0,ikut campur bgt emang,False,2025-12-07 06:53:22
tiktok,Negatif,66.0,PERAMPASAN ASET TERLUPAKAN WELL,False,2026-01-06 00:36:58
threads,Negatif,66.0,"Makin memvalidasi beliau anti kritik, padahal videonya kalo di cerna baik baik itu cuma lagi ngomongin fakta buka kinerja. Track record pemimpin artis itu emang buruk, misal ada 10 artis jadi pemimpin yang bagus cuma 2 sisanya jelek. Masa yang di ambil contoh 2 artis ini? Terus warga jabar gue paham kalian kalo udah ngefans nalar pun mati kayak ke persib but it’s ok,tapi pls lah khusus pemimpin daerah ayuk lebih kritis lagi 😌",False,2026-01-04 03:57:36
tiktok,Positif,66.0,PDIP memang konsisten mantap,False,2026-01-08 08:37:29
tiktok,Negatif,65.0,"apapun hinaanmu pada Ibu Mega, tidak melunturkan keteguhannya tidak tergadaikan",False,2026-01-06 19:08:08
tiktok,Netral,65.0,Mana belum gajian dr oktober 🥺,False,2025-11-04 14:30:15
tiktok,Netral,65.0,tasyaanggita46,False,2026-01-05 08:48:13
tiktok,Negatif,65.0,tebak agama 😅,False,2025-11-05 17:47:45
tiktok,Netral,65.0,"Sesuatu dari hati,akan sampai ke hati.",False,2025-11-29 10:35:15
tiktok,Negatif,64.0,bubuhan Ungah tejerungkup. baik ajakah jalanx? amun urangx biar aja situ.,False,2026-01-07 11:10:45
tiktok,Negatif,64.0,panji manfaat nya sekarang apa ayooo?,False,2026-01-05 14:13:12
tiktok,Positif,64.0,saya bangga sama partai PDI 🤟🤟🤟🤟🤟🤟🤟🤟,False,2026-01-06 20:10:53
tiktok,Negatif,64.0,"”Gör vad du vill ingen bryr sig”, hade ingen brytt sig hade inte våra rättigheter varit en politikfråga?? LMAO???? de hade vart en standard, en basic human right, inte något man röstar över",False,2025-11-26 04:47:05
instagram,Negatif,64.0,orba???🤔,False,2025-12-29 04:47:36
facebook,Negatif,64.0,"Kelihatan gerindra mau berkuasa 2029, lebih baik mulai sekarang rakyat perlu berpikir mencari pemimpin benar-benar pro demokrasi, sekarang rakyat tidak percaya dengan DPR.",True,2025-12-31 11:36:02
tiktok,Negatif,64.0,"orang Lampung bukan orang yang mudah terprovokasi, pertahankan terus demokrasi yg sehat dan damai..",True,2025-09-02 00:59:19
instagram,Negatif,64.0,Harusnya yg dipertanyakan itu kenapa ongkos politik bisa tinggi? Bukannya malah kongkalikong’an sama konsistusi dan memotong hak demokrasi rakyat,True,2026-01-07 06:32:32
tiktok,Negatif,63.0,Är han seriös eller?,False,2025-11-25 21:55:36
tiktok,Negatif,63.0,orang ini kader PDI yaa... ngomongin ngerusak konsitusi. dia apa gk ngaca BOS'y dulu ngerubah UU calok presiden yg dulu wajib sarjana jadi SMA. 😂😂,True,2025-08-29 10:35:21
tiktok,Netral,63.0,[sticker],False,2026-01-06 22:54:32
tiktok,Netral,63.0,kalau di biarin tambah banyak bikin bangunan,False,2025-01-27 12:29:37
tiktok,Positif,63.0,Dukungan saya untuk kalian 🇮🇩💔🇧🇭,False,2025-08-30 18:20:48
instagram,Negatif,63.0,Menurut kyakinan saya...yg bikin ongkos politik mahal itu bagi2 sembakonya kah ? Saat musim kampanye...sama bikin acara yg ngundang artis2 gede...mungkin gk ???,False,2026-01-07 06:32:11
threads,Negatif,63.0,Kacung siapa sih mereka? | 𝗡𝗮𝗹𝗮𝗿𝗟𝗼𝗴𝗶𝗸𝗮.𝗶𝗱 𝘔𝘢𝘴𝘺𝘢𝘳𝘢𝘬𝘢𝘵 𝘚𝘪𝘱𝘪𝘭 𝘠𝘢𝘯𝘨 𝘔𝘦𝘯𝘰𝘭𝘢𝘬 𝘉𝘰𝘥𝘰𝘩 nalarlogikaid nalarlogikanews nalarlogika_ negeriparapendongeng masyarakatsipilyangmenolakbodoh prayforaceh prayforsumaterabarat prayforsumaterautara indonesia selamattahunbaru2026,True,2026-01-07 14:00:09
tiktok,Netral,63.0,lanjutkan Bung Adian Napitupulu... Bung selalu punya analogy... keren.. 👍,False,2026-01-07 21:03:01
instagram,Positif,63.0,Alhamdulillah ada pdip sm demokrat mudah2an nambah 2 lg 👏,True,2026-01-01 09:08:33
tiktok,Negatif,63.0,semakin ketar ketir tikus tikus itu.. karna makin transparan Jika RUU ini ada yg demo.. jelas siapa dalang nya,True,2025-09-28 01:21:51
tiktok,Negatif,63.0,Ini yg di sebut solusi gebernur?? Kaya penderan kawan ku di atas jam 12,False,2026-01-06 08:04:08
tiktok,Negatif,62.0,"bener kata panji,mau berharap ke siapa lagi kalo bukan ke diri sendiri",False,2026-01-06 09:36:07
tiktok,Netral,61.0,negara extrovert melekat di santi 🤣,False,2026-01-07 15:36:58
tiktok,Negatif,61.0,takutnya Indonesia kayak Venezuela,False,2026-01-05 18:04:36
tiktok,Negatif,61.0,EMANG AGAK LAIN PEMERINTAH ANJ,False,2025-12-05 19:47:45
tiktok,Negatif,61.0,"Dengan pemilihan kepala daerah melalui DPRD, pada akhirnya rakyat hanya bisa menjadi penonton dan tidak bisa lagi berpartispasi secara langsung untuk memilih calon pemimpinnya",False,2025-12-29 20:01:47
instagram,Positif,61.0,"Pilkada 2024 sekitar 41 T (gak setiap tahun). Sementara MBG 335 T per tahun. Kalo urusannya soal penghematan, ada gajah di pelupuk mata yang fantastis anggarannya dan jauh lebih bisa di hemat.",False,2026-01-07 16:49:13
tiktok,Negatif,60.0,"Betul ucapannya,,tapi dalam kenyataan bisa berbeda,,,orang pinjam belum tentu dikasih",False,2025-10-09 04:36:59
instagram,Negatif,60.0,Nolak hilang jabatan menko itu?,False,2026-01-06 08:14:01
instagram,Netral,60.0,Pak Dedi memang gubernur terkeren👍👍👍,False,2025-07-21 12:57:26
tiktok,Netral,60.0,Maaf Ini Dari Partai Apa Ya Gubernur Riau 🤭,False,2025-11-05 18:07:10
tiktok,Netral,60.0,biarkan ibuu mumasa,False,2025-11-22 23:24:08
tiktok,Negatif,60.0,udah ini kan pilihan kalian ngapain disesali juga,False,2026-01-05 18:48:36
tiktok,Positif,60.0,kdm emang hebat di caci di fitnah ttep adem hatinya ttep semangat kdm dan teruslah amanah,False,2026-01-05 11:04:02
tiktok,Negatif,60.0,admin nya Gerindra sepi pas ada bencana🤣🤣🤣,False,2025-12-29 14:42:48
tiktok,Negatif,59.0,"Enak aja, nantinya presiden dan Gubernur bener bener jadi jongosnya Partai",False,2025-12-30 20:38:37
tiktok,Negatif,59.0,Biasanya org yg bisa bilang gini adalah orang yg melewati kehilangan terbesar ❤☺️🙏🏻,False,2025-10-15 15:01:20
tiktok,Positif,59.0,suaminya bangga bgt lucuuuk,False,2026-01-07 16:12:43
tiktok,Negatif,59.0,Baju nya ada C nya itu artinya apaan yahh,False,2025-12-31 17:56:51
tiktok,Netral,59.0,"Loh sejak kapan pake exchange indo 😂, dari awal kenal crypto gw pake binance 😂",False,2025-12-06 19:32:30
tiktok,Netral,58.0,lapor polisi. bisa tuntut ganti rugi ke TNI nya,True,2025-05-06 22:30:13
instagram,Positif,58.0,Panjang umur perjuangan 🔥🔥🔥,False,2025-12-29 10:42:40
tiktok,Netral,58.0,biar bisa di isi sama orang2 mereka biar bisa di setir...,False,2025-12-31 10:10:23
tiktok,Netral,58.0,Han säger bara de vi allra flesta tänker.,False,2025-11-25 07:23:28
tiktok,Negatif,58.0,bagus 👍..warganya harus menjaga jngn sampe kotor,True,2025-12-30 12:14:24
tiktok,Netral,58.0,"Orba berkuasa lagi, pensiunan TNI akan byk jd bupati atau walikota😜",False,2026-01-08 08:54:12
tiktok,Netral,57.0,dari awal crypto desentralisasi di sini malah jadi sentralisasi🤣,False,2025-12-06 21:01:26
tiktok,Positif,57.0,Waoooo...keren....mata netizen semuanya tertuju ke Maluku Utara....Sehat selalu buat Ibu Gubernur dan Wakil gubernur...Ibu Sherly -Sarbin..🥰🥰🙏🙏,False,2025-02-07 22:29:41
tiktok,Netral,57.0,President of Venuezelua: [sticker],False,2026-01-04 06:13:27
tiktok,Netral,57.0,bupati blok M 😭🤣,False,2025-12-29 09:13:15
tiktok,Negatif,57.0,"kamu menjelaskan betapa indahnya warna pelangi kepada orang buta, maka tetap akan terlihat gelap,dan kamu berteriak kpda orang tuli maka akan tetap sunyi. bgitulah jngan mnjelaskan pada pmbenci krna akan trlihat sia""😊 sehat² pak wapres",False,2025-09-18 11:34:34
tiktok,Negatif,57.0,"Pdhl ngga perlu bereaksi, namanya pejabat publik pasti ada resiko dibicarakan org, termasuk diroasting yg sedang trend skrg, terlepas dr benar atau tdk yg dibicarakan org, fokus saja melakukan tugas sebaik-baiknya, toh yg lbh tahu warganya sendiri kan, drpd sibuk klarifikasi.",False,2026-01-05 16:13:06
tiktok,Netral,56.0,Acara haulan muhidin pabila ?,False,2026-01-08 19:11:33
tiktok,Netral,56.0,spread Gods word,False,2025-10-10 22:25:18
tiktok,Negatif,56.0,apa yg disampaikan ahok.. benar. tinggal rakyat mau pilih mana,False,2026-01-03 06:22:59
facebook,Negatif,56.0,Rakyat Tidak SE 7 Rakyat yg Berdaulat.,False,2026-01-07 08:26:42
tiktok,Negatif,56.0,"kirain udah paling ngaco pas review durennn buu, ternyata😭🤣🤣pasti ngakak bgt tiap liat bu sherly review makanan🤣",False,2025-12-29 01:48:04
tiktok,Positif,56.0,PDI P hrus berjuang demi Rakyat,False,2026-01-07 18:51:01
tiktok,Negatif,55.0,Banteng pilihanku🤟🤟🤟🔥🔥🔥,False,2026-01-08 20:55:54
tiktok,Negatif,55.0,koplak,False,2025-12-18 13:40:48
facebook,Negatif,55.0,Dimana letak kemunduran logika saja dahulu awal sistem dipilih oleh DPRD kemudian sistem langsung oleh rakyat lalu sekarang mau balik dipilih oleh DPRD lagi itu kemajuan atau kemunduran kayaknya perlu ke dokter semua orang Gerindra,False,2025-12-31 11:39:05
tiktok,Negatif,55.0,sebanyak itu orang gak bawa data....,False,2026-01-07 10:34:07
tiktok,Netral,55.0,baik paman birin jua gubernurnya paman birin is the best kdd duanya,False,2026-01-07 14:55:32
tiktok,Positif,55.0,"mantap tor monitor di buat orkestra.sungguh bahagia Indonesia kaya budaya, lagu.terima kasih Yaa Allah😃🥰",False,2026-01-01 20:48:43
tiktok,Netral,55.0,d tunggu klarifikasi Erablue,False,2025-12-30 11:16:56
tiktok,Negatif,55.0,jangan lagi pilih Gerindra,False,2025-12-29 21:26:35
facebook,Netral,55.0,Sptnya Pilkada sih sdh positif akan dipilih DPRD ya. Jadi kemungkinan utk mendapatkan Kepala Daerah pilihan rakyat sih makin pupus 😀 Ini juga bisa menuju Pilpres dipilih jg oleh DPR kelak 😀,False,2026-01-07 00:07:53
tiktok,Netral,55.0,"Mungkin kpk dah sampai, datang lebih awal🥶",False,2025-11-04 14:30:22
tiktok,Positif,55.0,Ntah BG Pandji Buzzer Pak Anies Maupun Tidak Intinya Kritik Yg Di Sampaikan Itu Mewakili Suara Hati Rakyat,False,2026-01-05 21:27:01
facebook,Negatif,55.0,"Terakhinya mereka yg mau jd kpla daerah bayar sj sama dprd yg mendukung tdk perlu lg yg milih rakyat inilah pandainya anggota dewan,mknya rakyat pun hrs pandai dan cerdik,jd gk usah lg pilih anggota dewan yg tdk lg memihak pd rakyat,sebelum terpilih rakyat d.i janjikan yg muluk2",False,2025-12-30 09:37:30
tiktok,Netral,55.0,"Kisahnya mirip dengan Drakor the Tempest ya, Istri melanjutkan perjuanngan suami Keren🔥🔥🔥",False,2025-09-23 09:43:11
tiktok,Netral,54.0,sur ce point le président a raison.. a quoi ça sert de payer les études aux gens qui reviennent jamais.. pourtant la bourse c'est pour que les étudiants puissent étudier et revenir enrichire le pays ..,False,2025-07-16 21:00:57
tiktok,Netral,54.0,Jateng boleh pinjam 1 bulan aja 🙏🙏🙏🙏🙏,False,2025-09-19 07:36:31
tiktok,Netral,54.0,"panji Pragiwaksono siapa si, cuma tau panji pawang uler soalnya 🙏",False,2026-01-07 06:53:42
tiktok,Negatif,54.0,"MANA DUITNYA, MANA DUITNYA MANA DUITNYA MANA DUITNYA MANA DUITNYA🗿",False,2026-01-06 05:55:29
tiktok,Netral,54.0,"TugasNya penyidik Kepolisian itu, bukan tugasNya TNI.",False,2025-05-06 21:47:47
tiktok,Netral,54.0,pantes jalan ga mulus²🙏😭,False,2025-11-05 17:52:54
tiktok,Netral,54.0,Saranku cyriptonya di hold dulu sampai 2030-2035 jgn di pake dulu sebelum tahun itu🗿,False,2025-09-25 17:15:44
tiktok,Negatif,53.0,serba tau tp serba salah... ampun eta jaksa ker ngajabatna siga kumaha euy,False,2025-11-12 08:41:54
tiktok,Negatif,53.0,"ini masalah begini di bilangnya efesiensi anggaran, menurut saya kalau jelas efesiensi anggaran itu cabut gaji pensiun DPR",True,2026-01-06 16:43:02
tiktok,Negatif,53.0,biasa nya itu wali,False,2025-06-15 12:23:44
facebook,Negatif,53.0,"Wacana pemilihan kepala daerah oleh DPR/DPRD adalah lonceng kemunduran demokrasi yang dibunyikan secara sadar oleh elite kekuasaan. Ini bukan sekadar revisi sistem, melainkan upaya perampasan kedaulatan rakyat yang dibungkus dengan jargon efisiensi dan stabilitas politik. Sebagai kader Marhaenis, saya memandang wacana ini sebagai bentuk pengkhianatan ideologis terhadap prinsip demokrasi dan keadilan sosial. Demokrasi bukan hadiah dari negara, melainkan hasil perjuangan rakyat melawan feodalisme, kolonialisme, dan otoritarianisme. Ketika hak memilih pemimpin daerah hendak ditarik kembali ke tangan segelintir elite di parlemen, maka yang sedang dipertontonkan adalah watak lama kekuasaan anti rakyat, anti-partisipasi, dan tunduk pada kepentingan oligarki. Alasan Pilkada langsung mahal adalah dalih klasik dari rezim yang gagal membangun sistem politik yang berintegritas. Yang mahal bukan demokrasi, melainkan korupsi politik, partai tanpa ideologi, dan hukum yang lumpuh di hadapan kekuasaan. Menghapus hak pilih rakyat bukan solusi, tetapi jalan pintas pengecut untuk menutupi kegagalan negara membenahi dirinya sendiri. Pemilihan kepala daerah oleh DPR/DPRD hanya akan melahirkan pemimpin yang tunduk pada elite partai, bukan berpihak pada kaum Marhaen. Kekuasaan akan semakin jauh dari rakyat, keputusan publik makin elitis, dan penderitaan rakyat akan direduksi menjadi angka-angka dalam rapat tertutup. Inilah demokrasi semu yang sejak awal ditolak oleh Bung Karno ""demokrasi tanpa rakyat, demokrasi tanpa keadilan sosial"". Sebagai kader ideologis, saya menegaskan kedaulatan rakyat adalah prinsip yang tidak bisa dinegosiasikan. Pilkada langsung adalah ruang rakyat untuk menentukan nasibnya sendiri, mengoreksi kekuasaan, dan menghukum pemimpin yang lalai. Mencabut ruang itu sama artinya dengan membunuh kesadaran politik rakyat secara sistematis. Sejarah selalu berpihak pada mereka yang setia pada rakyat. Dan sejarah pula yang mencatat bahwa setiap rezim yang merampas hak politik rakyat, pada akhirnya runtuh oleh perlawanan rakyat itu sendiri.",True,2026-01-07 06:06:32
tiktok,Netral,53.0,AYO KATAKANN PRETTT🥰,False,2025-10-04 15:00:58
tiktok,Negatif,53.0,penjara 3 bulan kan yak krna kelakuan baik. udah hapal ..🙂,False,2025-11-05 18:10:02
tiktok,Negatif,52.0,Yg di kampung kampung nya juga donggg jangan cumaaaa yg jalan gedenya doangggg,False,2025-10-03 23:41:37
tiktok,Netral,52.0,"""siapa saya untuk bertanya kenapa?"" 🥺🥹",False,2025-10-12 16:18:36
tiktok,Netral,52.0,håller med han!,False,2025-11-25 02:45:13
tiktok,Netral,52.0,aaa mau ketemu jg tp gapunya tmn seru😭,False,2025-12-28 15:55:03
instagram,Netral,52.0,PDIP ❤️❤️❤️🔥,False,2026-01-08 13:02:07
facebook,Negatif,52.0,"Kalau urusan pilkada dipilih DPR, mengangkat Soeharto jadi pahlawan koalisi gemuk kimplus bisa kompak 83% suara....kalau urusan UU perampasan aset mereka bisu, buta dan tuli....",False,2025-12-30 05:05:03
threads,Negatif,52.0,Lawan. Anak2 98 sdh berdarah melawan orba skrng mau dibikin orba lg. Uang akan berputar di dpr. Siapa yg berani bayar dia akan terpilih. Boong kl efisiensi. Rakyat lg yg akan dikorbankan. Dah waktunya rakyat turun kembali. Sampai kapan kita diam?,False,2026-01-06 12:17:00
tiktok,Negatif,52.0,"bentar lagi ada ""Tuh Gerindra dah klarifikasi"" 😂",False,2025-12-30 12:49:24
threads,Negatif,52.0,"Golkar mengusulkan pilkada lewat DPRD, bukan dipilih langsung oleh rakyat. Di saat rakyat sedang susah karena bencana, elit justru sibuk mengatur kekuasaan. Alasan efisiensi terdengar palsu karena yang terjadi justru perampasan hak pilih rakyat. Ini ancaman serius bagi demokrasi dan harus ditolak bersama. BAGAIMANA MENURUT KALIAN??? 𝗟𝗔𝗪𝗔𝗡 𝗚𝗢𝗟𝗞𝗔𝗥...‼️‼️‼️🔥🔥🔥 Sorotan semua orang pengikut",True,2025-12-30 02:05:27
tiktok,Negatif,52.0,Dunia tanpa Indonesia gak asik wkwkwk😅,False,2026-01-07 14:58:21
tiktok,Negatif,52.0,demo nomor satu. giliran pabrik phk masal gak tanggung jawab 😂,True,2026-01-08 18:19:39
tiktok,Negatif,52.0,"ouwh kader PDIP, oalah yg kecewa krn nggak dapet posisi strategis, oalah CS si onoh..nggak kaget si sama ini manusia 🤣🤣🤣🤣",False,2025-08-29 07:02:23
tiktok,Positif,52.0,Mexico needs freedom,False,2026-01-05 01:33:54
tiktok,Netral,51.0,Bandara Kertajati sebenarnya bisa jadi pemecah lalu lintas penerbangan bandara Soekarno Hatta dan Halim dengan catatan aksesnya maksimal,False,2025-01-16 19:38:23
tiktok,Negatif,51.0,terus rakyat fungsinya buat apa ???,False,2025-12-30 13:40:15
tiktok,Netral,51.0,"RUU pilkada ngak sampai 24 jam mau di sahkan demi memuluskan anak mulyono menimbulkan demo di seluruh daerah, ini malah ada peraturan orde baru",True,2026-01-05 12:34:46
tiktok,Netral,51.0,"terlalu vokal 1,112 T. jadi di intai Beno. 🗿😅",False,2025-11-04 19:06:41
tiktok,Positif,51.0,Saya sangat mendukung sekali🔥🔥 biar anggaran kita lebih produktif dari pada melaksanakan pemilukada,False,2025-12-29 19:32:04
tiktok,Negatif,51.0,tor monitor ketua.....sekerennnnn ini gimana nggak bangga😍😎,False,2026-01-02 04:52:52
instagram,Negatif,51.0,PDIP dr dulu memang kerenn🔥,False,2025-12-30 08:47:28
threads,Positif,51.0,"Pak Dedi... jalanan Pantura Karawang, sepanjang Klari - Tamelang banyak banget lobangnya td pagi saya hampir jatuh, terimakasih banyak pak Dedi",True,2026-01-04 02:26:10
tiktok,Negatif,51.0,kasihan rakyat kecil.mereka bangun juga atas seizin Alllah. smoga Allah ganti dengan rumah yg lebih megah,False,2025-01-27 13:58:12
tiktok,Positif,51.0,klo ibu lomba jln cepat pst juara 1 😂😂🤣🤣,False,2026-01-04 17:58:29
tiktok,Netral,51.0,Berdasarkan UU 13/2012 tentang Keistimewaan DIY bahwa jabatan Gubernur DIY diduduki oleh orang yang bertakhta sebagai Sultan Hamengku Buwono.,False,2025-02-28 08:39:03
facebook,Netral,51.0,"Ketua Umum PKB Abdul Muhaimin Iskandar (Cak Imin) secara terbuka menyatakan dukungannya terhadap perubahan sistem pemilihan kepala daerah melalui DPRD. Ia menilai pilkada langsung selama ini menimbulkan banyak masalah, mulai dari biaya politik yang mahal, kecurangan, hingga aparatur yang belum netral, serta dinilai gagal melahirkan kepala daerah yang kuat dan mandiri. Cak Imin menegaskan sikap ini konsisten sejak era Presiden SBY, meski sempat kandas setelah pilkada tak langsung dibatalkan melalui Perpu. Wacana ini kembali menguat seiring dukungan partai-partai koalisi pemerintahan Prabowo seperti Golkar, Gerindra, PKB, dan PAN, yang bahkan telah membahasnya secara tertutup dan berencana mengusulkannya dalam revisi paket UU Pemilu 2026. Namun, rencana tersebut menuai penolakan keras dari koalisi masyarakat sipil. Mereka menilai alasan mahalnya pilkada justru bersumber dari buruknya tata kelola pendanaan politik dan kandidasi, bukan dari sistem pemilihan langsung. Koalisi menegaskan bahwa pilkada melalui DPRD berisiko melanggengkan nepotisme, transaksi politik tertutup, serta mereduksi kedaulatan rakyat. Alih-alih mengubah sistem, mereka mendesak DPR dan pemerintah memperbaiki aturan pemilu, memperketat dana kampanye, memperkuat penegakan hukum, dan mendorong partai politik yang lebih transparan dan demokratis. CakImin infodunia",True,2026-01-08 04:30:01
instagram,Negatif,51.0,Padahal udah reformasi malah Balik lagi ke jaman Orba....😢😢😢,False,2025-12-29 15:47:14
facebook,Netral,50.0,"Gampang Caranya Rakyat Tidak memilih DPR, Bupati, Gubernur, Walikota dan juga Persiden biar Sama-sama Rasa🤣",False,2026-01-07 06:50:42
tiktok,Netral,50.0,"menolak pilkada di pilih oleh DPRD , dukung Ahok jadi capres dari PDIP tahun 2029 , gassssssssss",True,2026-01-02 09:41:58
tiktok,Netral,50.0,ketika ditanya KDM😹 [sticker],False,2026-01-06 22:57:17
tiktok,Netral,50.0,siapa nang sanggup memindahkan hujan.. 😁😆,False,2026-01-05 15:48:35
tiktok,Netral,50.0,We need Proportional Representation ASAP.,False,2025-12-17 22:38:48
tiktok,Netral,50.0,Εσεις που λετε Νεπάλ. Για πειτε μας την επόμενη μερα? Θα βρέχει λεφτά απτα σύννεφα? Θα σκίζετε μνημόνια? Η λεφτα υπάρχουν στα δεντρα?,False,2025-09-18 02:49:11
tiktok,Negatif,50.0,aku kah yg bungul jadi kada paham apa yg sidin pandir akan,False,2026-01-05 17:46:13
instagram,Netral,50.0,"Kembali ke stelan awal, org golkar akan kembali ke golkar org dulu golkar pecah, jadi gerindra, hanura, demokrat, dan nasdem .. lahir dari rahim yg sama 😂😂😂",True,2026-01-06 08:53:37
tiktok,Negatif,50.0,Too much 34% sedangkan rakyatnya nak makan pun susah,False,2025-08-30 22:25:44
instagram,Negatif,50.0,Bukan membela PDI-P.. Tapi adanya pilkada adalah zamannya presiden megawati.. Adanya kpk yg buat juga saat presiden nya megawati.. Dibalik sisi buruk seseorang ada sisi baiknya juga dalam diri seseorang,False,2026-01-08 13:37:36
tiktok,Negatif,50.0,Bisa baca singkatan DIY daerah istimewa Yogyakarta dr zaman pak Soekarno tidak bisa diganggu’ karena ada kehidupan mistis yg kita tidak tahu membantu Indonesia merdeka,False,2025-08-31 00:07:22
instagram,Positif,50.0,Keren PDI-P,False,2026-01-02 16:04:27
tiktok,Negatif,50.0,🥺🥺🥺🥺เกิดอะไรขึ้นกับพวกนักการเมืองในอาเซียน?พวกเขาไม่เคยเห็นใจประชาชน,False,2025-08-31 01:52:59
tiktok,Positif,50.0,Bagus nih pengadilan terbuka🤣😍 lop bugub,False,2026-01-06 23:57:51
tiktok,Netral,50.0,mungkin PDI di parlemen sendirian tapi Tenang saja PDIP Masih bersama rakyat Indonesia,False,2026-01-08 10:37:42
tiktok,Negatif,49.0,kira kira itu di pecat gk,False,2026-01-03 00:51:16
tiktok,Netral,49.0,rekomen exceng luar yang bisa 17 years,False,2025-12-06 16:32:53
tiktok,Netral,49.0,pakai iphone ipad supaya bisa install binance 😂 d play store ga ada,False,2025-12-06 18:28:43
tiktok,Negatif,49.0,bahaya juga Gerindra sekarang nih.....ini belum mencapai 20% udah kaya gini,True,2025-12-29 22:16:28
tiktok,Negatif,49.0,"kenapa diera Prabowo,kasus2 besar tdk terungkap malah lenyap.",False,2025-12-29 00:15:16
tiktok,Negatif,49.0,Ya Allah lenyapkan Aceh sekalian karena kesombongannya...mereka tidak pernah bergetar dgn Kalam Kalam mu...bravo Indonesia bravo TNI polri...,False,2025-12-26 08:46:33
tiktok,Negatif,49.0,Ini langkah mundur kacau ni org,True,2025-07-31 02:13:43
tiktok,Negatif,49.0,"ini bapak udah 20 tahun di DPR, udah ngapain aja selama itu?",False,2025-09-12 06:16:51
instagram,Netral,49.0,"PDI-P satu-satunya partai yang konsisten, pilkada langsung pilihan nya.",False,2026-01-06 12:17:52
tiktok,Netral,49.0,Låt min älskling Viggo vara 💔,False,2026-01-05 17:08:04
tiktok,Netral,49.0,tahun berapakah ini A.2021 B.2024 C.2025,False,2026-01-07 22:19:35
tiktok,Negatif,49.0,demokrat cuman takut nggk dapat jatah Mentri....cuman PDIP yg berani bersikap....Joss bantengku,True,2026-01-07 17:34:53
tiktok,Netral,49.0,🐕 : saya mewakili sebagian masyarakat pak,False,2026-01-07 15:10:12
facebook,Negatif,48.0,"Bodoh kamu, pilkada tdk langsung selain kemunduran demokrasi itu sama sj menutup pintu bagi calon2 pemimpin masa depan yg lebih dicintai rakyatnya untuk maju. Palingan yg maju jadi pemimpin pasti keinginan sekelompok elit partai saja bukan rakyat pada umumnya.",True,2026-01-07 08:47:14
tiktok,Negatif,48.0,jangan mau kembali lagi ke Orla,False,2025-12-30 18:17:18
tiktok,Negatif,48.0,"dia loh sudah serius dan sepenuh hati ngurusin malut, ada yang main2 kek gini wajar dia sangat kesall",False,2025-10-17 20:58:30
tiktok,Negatif,48.0,"gak ada tuh kata2 ""saya sudah kaya""",False,2025-09-24 12:30:37
tiktok,Netral,48.0,MASTER ❌ GOVERNOR✅,False,2025-11-14 18:55:28
tiktok,Netral,48.0,"mahadang wartawan kdd inisiatif kah pian turun kelapangan,",False,2026-01-07 09:14:31
instagram,Negatif,48.0,Paham kan kenapa rakyat gak boleh pintar dan sejahtera? Abis dpr nanti presiden di pilih oleh dpr seperti dulu lagi. Artinya golongan mrk harus jd presiden kembali. Bahaya kl gak jd presiden mereka bisa orange semua kah?,True,2025-12-29 17:30:38
tiktok,Negatif,48.0,tapi dipikir pikir sebenernya masyarakat diluar jakarta selain pilpres ga diseriusin sih pemilu nya. ditanya kepala bupati atau walikotanya aja gatau,False,2026-01-05 21:19:06
tiktok,Negatif,48.0,spiritual tingkat dewa ini menerima hanya menerimaa..,False,2025-10-10 07:37:39
instagram,Negatif,48.0,demokrat tapi tidak demokratis,True,2026-01-08 08:46:13
tiktok,Positif,48.0,Di kasih capres yg cerdas jujur beraklak amanah dan teguh dalam beragama malah milih baterai soak,False,2026-01-07 18:21:05
facebook,Negatif,48.0,"Sdh saatnya sekali-kali rakyat hrs marah bersama, mencontoh spt rakyat Nepal agar rezim/lembaga tdk seenak perutnya bikin aturan yg ingin mengkebiri suara rakyat. Jgn mentang2 mrk lg berkuasa.",True,2026-01-05 03:10:07
tiktok,Positif,48.0,baru memahami lagu nya tentang mantan..😁 slma in ga mau nyimak ..🙏🙏 keren versi bgini.,False,2026-01-02 05:38:09
tiktok,Netral,48.0,"KPK ,, pelindung gengs Solo",False,2025-12-29 03:46:13
tiktok,Netral,48.0,banyak posisi jabatan penting direktur BUMN dan department penting di geser jabatan oleh aliran anggota TNi. dan itu sudah di mulai. itu fakta coba cek,False,2026-01-05 20:06:47
tiktok,Netral,48.0,that's why delta force is the 2nd best team,False,2026-01-04 13:37:26
tiktok,Positif,48.0,"Beliauuuu itu status ( trah) nya bukan gubernur tapi RAJA,,, PAHAM",False,2025-02-28 09:51:40
tiktok,Negatif,48.0,tumben DPR nya waras🗿mikirin benerin jalan ketimbang gengsi,False,2026-01-07 23:36:32
tiktok,Netral,48.0,Astagaa kada ketaguran sidin ni lah😅,False,2026-01-08 11:48:26
facebook,Negatif,48.0,aku yakin kl yg milih pejabat negara ini akan jadi musuhnya rakyat PDI P adalah partai setia untuk rakyat yg tulus cuma sering difitnah dan diserang dan rakyat yg cerdas dan gk serakah pasti sehati dgn banteng,False,2026-01-07 04:02:56
tiktok,Netral,48.0,uln minta ma'af lah lwn bgian pian berataan 🥺 semlm uln memilih sdin 😭🙏🏻🙏🏻🙏🏻,True,2026-01-05 15:18:28
instagram,Negatif,47.0,MUI itu Produk ORBA diciptakan SOEHARTO. Pasti dukung ORBA kembali lagi.,False,2026-01-07 07:41:00
facebook,Netral,47.0,"Mantan Gubernur DKI Jakarta Basuki Tjahaja Purnama alias Ahok kembali menjadi sorotan setelah mengeluarkan pernyataan keras menyangkut wacana pengembalian pemilihan kepala daerah melalui DPRD. Dalam podcast Curhat Bang dari Denny Sumargo tersebut, Ahok menegaskan bahwa wacana itu tidak hanya mundur ke belakang, tetapi juga merupakan bentuk perampasan hak rakyat. Menurut kamu, pilkada lewat DPRD itu adil atau merampas hak rakyat?",False,2026-01-08 10:30:41
instagram,Positif,47.0,❤️PDI-perjuangan 🔥🔥🔥,False,2026-01-06 11:16:45
instagram,Negatif,47.0,Waduh...rakyat gk dianggap ini mah😢,False,2026-01-06 07:52:39
tiktok,Negatif,47.0,akal-akalan soviet,False,2026-01-03 16:43:35
tiktok,Negatif,47.0,"apa yang kita harapkan dari pemerintah pusat? vokal dikit untuk kemajuan daerah, lansung kena ciduk. tak akan ada yang bersih dari lingkup pemerintahan di daerah. selalu aja ada celah. Buktinya Tom Lembong tak merugikan tak ada sepeser uang mengalir ke dirinya, dan serupiah pun tidak ada kerugian negara tetap jadi tersangka korupsi. ingat, vokal akan lebih dulu diciduk.",False,2025-11-05 12:16:20
tiktok,Netral,47.0,brp biji,False,2026-01-06 17:58:14
facebook,Negatif,47.0,"Yang mahal itu Mahar Partai bapa,.. Satu kursi itu harganya variasi, ada yang 500 juta ada yang 1 milyar ada juga yang lebih dari itu, jadi kalau bicara biaya politik ya partai harus konsisten bahwa utk dapatkan partia sebagai kendaraan politik harus 0 mahar partai... Jangan bohongi rakyat dgn kata biaya politk mahal dgn dgn alasan kecurangan segala, padahal bapa2 yang pimpin partai patok harga utk partai bapa2 sangat fantastik... Baru ngomong ibarat malaikat tanpa dosa.",True,2026-01-02 21:45:20
tiktok,Negatif,47.0,"jarang bapander,sakali bapander luput,maka bila luput kada kana😂",False,2026-01-07 16:06:37
tiktok,Negatif,47.0,orang kalo udah banyak duit suka nggampangin kalo ngomong,False,2025-10-11 20:39:20
tiktok,Negatif,46.0,Jjur jauh banar kelas nya lawan paman birin 🙏🏻,False,2026-01-06 08:15:41
tiktok,Netral,46.0,Adili Jokowi dan kroni-kroninya.,False,2025-08-29 11:33:58
instagram,Positif,46.0,Bagus mantap 👍👍👍🤲🤲🤲🇮🇩🇮🇩🇮🇩,False,2026-01-02 13:57:06
tiktok,Netral,46.0,hidup demokrat dan pdip,True,2026-01-02 11:21:23
tiktok,Netral,46.0,yg pasti jgn pilih DPR dan DPRD di pemilu ke depannya,False,2026-01-01 09:36:21
instagram,Negatif,46.0,Sekarang nggak usah diadakan pilihan olih rakyat . Berati nggak usah ada pajak dan lain lainya karena rakyat nggak merasa memillih cocok,False,2025-12-21 01:34:36
tiktok,Positif,46.0,Fast folk bryr ju sig?,False,2025-11-25 02:29:53
tiktok,Negatif,46.0,PDIP suka di pilih rakyat langsung. selama ini strategi PDIP berhasil karena slogan partai wong cilik. dan rakyat merasa bangga dan memenangkan PDIP. stelah jadi pemimpin PDIP hasilnya jadi petugas partai memperkaya diri dan partainya. real. lebih baik jaman orba.,False,2026-01-07 04:32:07
instagram,Negatif,46.0,"alasan ANGGARAN..tapi ngotot MBG sama IKN😂😂😂,alasannya dipatahkam sendiri",False,2026-01-07 06:51:21
facebook,Negatif,46.0,"Jgn lupa ada satu fraksi terbesar d negri ini dan pemilik kedaulatan rakyat yaitu fraksi rakyat, apabila fraksi rakyat tdk setuju di pilih oleh DPRD ttpi dipaksakan fraksi 2 di atas maka bisa saja akan terjadi Reformasi jilid 2...jadi ya hrs hati2 dalam mengambil keputusan apalagi menyangkut hak rakyat utk menentukan secara langsung siapa pemimpinnya",False,2025-12-30 04:17:58
facebook,Netral,46.0,"Ketua Fraksi NasDem DPR RI, Viktor Bungtilu Laiskodat, menilai pilkada melalui DPRD tak bertentangan dengan UUD 1945 serta nilai Pancasila.",False,2025-12-30 02:27:44
tiktok,Positif,46.0,PDIP adalah partai petarung sejati 👍👍👍,False,2026-01-07 19:07:55
tiktok,Netral,46.0,"Satu kata, membari supan",False,2026-01-08 07:35:42
instagram,Positif,46.0,Hanya PDIP yg bener bener memperjuangkan rakyat Indonesia ❤️❤️❤️,False,2026-01-08 12:24:22
tiktok,Netral,45.0,"KARENA, SIAPA SAYA? UNTUK BERTANYA KENAPA. KARENA DARI AWAL INI BUKAN MILIK SAYA.",False,2025-10-09 12:17:31
tiktok,Netral,45.0,kurniawati nim😭💗,False,2026-01-07 13:35:46
tiktok,Negatif,45.0,"PDIP walau si Mega kek gitu mereka tetap dukung demokrasi jirr, apalagi cuman mereka yg oposisi",True,2026-01-08 10:01:07
tiktok,Negatif,45.0,ini nabung ga nyampe² woylah kalo naik teruss😭😭,False,2026-01-07 16:05:42
tiktok,Negatif,45.0,negara extrovert ini lagi😌,False,2026-01-07 18:14:10
tiktok,Positif,45.0,CANTIK DAN HA,False,2026-01-01 11:05:50
tiktok,Negatif,45.0,"ada putra daerah mencalon kan malah enga dipilih,demi uang 100 mlh pilih pemimpin bukan pribumi",False,2026-01-07 13:25:02
tiktok,Positif,45.0,rigid beton setelah itu di lapisi aspal 5cm tambah joss lagi awet,False,2025-10-03 22:21:18
tiktok,Positif,44.0,untungnya ga milih Prabowo,False,2026-01-06 20:59:20
tiktok,Netral,44.0,papah ilya,False,2025-12-31 23:04:45
tiktok,Negatif,44.0,akal akalan kongkalikong,False,2026-01-05 21:14:08
tiktok,Netral,44.0,"""ngagakkk bgt"" kl sdh bu sherly core😭👍",False,2025-12-30 14:21:02
tiktok,Negatif,44.0,hal seperti ini hampir semua di provinsi dan kabupaten kota terjadi.... woosh dan kuota haji serta chromebook itu yg prestisius tapi gak berani di bongkar... KPK bekerja atas pesanan OLIGARKI saja,False,2025-11-06 11:28:45
tiktok,Negatif,44.0,nhà Chúa ngập vậy mà Cha và cộng đoàn vẫn dâng lễ thật tự hào là người Công giáo..,False,2025-09-06 12:15:55
threads,Netral,44.0,"Tolak wacana Pilkada oleh DPRD, itu bukan untuk penghematan tapi akal-akalan. pilkada dprd kotakkosong",True,2026-01-02 08:52:55
tiktok,Netral,44.0,semoga jadi R1...amin🙏,False,2026-01-02 16:04:28
tiktok,Netral,44.0,kemunduran demokrasi rakyat d kebiri jgn pilih partai pendukung pilkada dprd,True,2025-12-31 09:18:31
tiktok,Positif,44.0,Pak lurah gw suka gaya Lo 😂😂😂🔥,False,2025-11-12 11:14:09
tiktok,Netral,44.0,"~Bayu pradana~ ""Wok wok wok wok wok, ini mana gak di telpon anjir""",False,2026-01-03 18:01:11
tiktok,Netral,44.0,Jan Emanuel 🔥,False,2025-11-25 02:33:59
tiktok,Negatif,43.0,jgn biar kn PDIP berjuang sendrian guys mari kita dukung terus,False,2026-01-08 12:15:32
tiktok,Negatif,43.0,"sejahtera dikit di usik🗿, ga sesuai sama arti republik🗿",False,2025-12-05 17:47:57
tiktok,Netral,43.0,gub pilihan nya abdul somad,False,2025-11-05 18:24:27
tiktok,Netral,43.0,Tolak Pilkada DPRD,True,2025-12-31 16:01:02
tiktok,Negatif,43.0,🤟🤟🤟🤟❤️❤️❤️❤️🤟🤟🤟🤟 BANTENG nich boss,False,2026-01-08 18:32:42
facebook,Negatif,43.0,Tapi masyarakat gak milih DPR RI maupun DPRD .ayooooo 😂😂,False,2025-12-30 04:31:18
instagram,Negatif,43.0,AS saja Gubernur & Walikota nya dipilih rakyat. Prabowo mala merebut Hak Rakyat. Kau ingin jadikan NKRI Negara Komunis apa?,False,2026-01-01 04:25:23
tiktok,Negatif,43.0,Jaman Gubernurnya Anies kemana aja ente Bal?,False,2026-01-08 17:21:43
tiktok,Negatif,43.0,Kung.,False,2025-11-24 22:45:16
tiktok,Netral,42.0,Enkel logik som alla borde förstå ✌️,False,2025-11-25 01:14:59
tiktok,Netral,42.0,Il a raison! Le but c’est de former tes citoyens qui reviennent travailler pour le pays,False,2025-07-17 01:13:18
tiktok,Negatif,42.0,tegas boleh jd pejabat tp liat orang kecil kl pa dedy jd orang kecil gimana,False,2025-01-27 12:08:49
tiktok,Netral,42.0,Yang ditanya apa yang dijawab apa😇😇😇😇😇,False,2025-12-18 07:58:31
tiktok,Positif,42.0,Jesus Loves you 💝💗💝💗,False,2025-11-25 23:27:51
tiktok,Positif,42.0,"that "" saya bangga, kalian jadi ASN dari tangan saya seorang honorer "" 😭 berkah selalu dan sehat sehat honorer",False,2026-01-06 05:48:33
tiktok,Negatif,42.0,"""min jangan lama yaa"" ""apa nya"" ""TRAILER NYA""😭🫵🏻",False,2026-01-07 14:34:16
tiktok,Negatif,42.0,kebayang PD saat beliau aktif SBG jaksa dpt apa??????,False,2025-11-12 08:36:06
tiktok,Negatif,42.0,"ASTAGHFIRULLAH..... KALO POSISI DIA YG DI BAPAK ITU GIMANA KIRA2 ? 😳 HARUSNYA ADA PERINGATAN DGN DIBERI WKT 1 SAMPAI 3 BULAN, SEBAB SELAMA INI DISEBABKAN ADANYA PEMBIARAN, BUKAN UJUK2 GITU !!",True,2025-03-18 14:06:47
tiktok,Negatif,42.0,"hahaha percaya sama tempo,kocak memang",False,2026-01-04 14:20:05
tiktok,Netral,42.0,calon bupati menyuap anggota DPRD itu jaman orba,False,2026-01-04 09:36:25
tiktok,Netral,42.0,bos batubara joget dikantor PAN,False,2025-09-14 18:27:51
tiktok,Netral,42.0,Những lúc thế này ko thấy chúa đâu,False,2025-10-10 15:47:48
tiktok,Negatif,42.0,Saya menangis lihat cara Ibu Sherly bekerja!! Begitu tulus apa ada nya!! Terima kasih bayak Ibu Gub! Sudah bertahan dan bisa hadir di tengah-tengah kami Masyarakat Maluku Utara,False,2026-01-04 17:26:50
tiktok,Negatif,41.0,Blm extrim... nasib lalu ...😭😭,False,2026-01-07 10:19:41
facebook,Negatif,41.0,"BQING postingan panjang mar seng ada PU bobot saja🤣🤣🤣,, tulisan kelihatan seng mangarti sekali🤣 CALEG ITU PERPARTAI, PERDAPIL, DAN YANG TERPILIH DI PARTAI HANYA PERDAPIL DARI PERSENTASE KURSI DPRD DENGAN AKUMULASI TOTAL SUARA PARTAI BUKAN KESELURUHAN PARTAI CALEG TERPILIH ITU SUARA MAYORITAS DARI JUMLAH PENDUDUK DI KAB/KOTA..... TULISAN BEGINI YANG ROCKY BIASA BILANG DUNGU SUDAH KARENA PIKIRAN MODEL BEGINI🤣🤣🤣",True,2026-01-07 01:22:56
facebook,Negatif,41.0,kalo sya ngga bnyak mikir mudhan 2030 NKRI tenggelam,False,2026-01-07 06:52:55
tiktok,Positif,41.0,sepengetahuan saya hanya PDI P partai konsisten,False,2026-01-02 14:33:41
tiktok,Positif,41.0,itu trguran dari tuhan agar amanh jabatan di gunakan dengan baik,False,2026-01-07 09:08:47
instagram,Netral,41.0,BoikotGerindraPKBPANGolkar2029,False,2026-01-01 13:37:46
instagram,Negatif,41.0,Orba jilid 2?,False,2025-12-29 08:09:20
tiktok,Positif,41.0,This is 💯% Keng…..,False,2025-11-14 04:54:27
tiktok,Netral,41.0,"jika di pilih dprd ,apakah nanti setiap calon tidak akan menyogok anggota dprd ?",False,2025-12-30 19:35:26
tiktok,Negatif,41.0,bsok KLO nyalon pilih lagi gaes,False,2025-11-06 08:52:07
tiktok,Netral,41.0,En duo jag inte visste att jag behövde,False,2025-05-04 13:06:58
tiktok,Negatif,41.0,Jgn kita sampai lengah pak itu batu bara pengundul pohon itu yg di stop bukan Rimah panggung di tinggikan penyebab x yg di stop.,False,2026-01-05 22:32:28
tiktok,Netral,41.0,Trus ke mana bantuan pribadi dr Pak Prabowo sembako yg ber ton ton itu🥺😭😭,False,2025-12-24 22:46:56
tiktok,Netral,41.0,salesdp0%pandjipragiwaksono 😀,False,2026-01-06 00:05:52
tiktok,Netral,40.0,Ett av dom finaste framträdanden jag sett live!😭 minns när denna cover kom på YouTube hade helt glömt den och detta väckte ett sånt fint corememory 🥹🥹❤️,False,2025-05-02 17:55:42
tiktok,Negatif,40.0,knp anis tidak kamu tanya disitu... seolah panji orang paling pinter...,False,2026-01-04 11:54:44
tiktok,Netral,40.0,imcomingtothecottage imcomingtothecottage imcomingtothecottage,False,2025-12-31 19:29:34
tiktok,Negatif,40.0,pindah exchange luar ga sih,False,2025-12-26 11:49:58
tiktok,Positif,40.0,dia GK suka. rakyat byk yg suka .,False,2025-08-29 14:20:19
tiktok,Negatif,39.0,spill manfaat kades dong....⬇️,False,2026-01-06 22:10:19
instagram,Negatif,39.0,Berarti udah ga demokrasi lagi dong!!! Bingung gue jadi nya ama ini negara,True,2025-12-29 14:43:49
tiktok,Netral,39.0,Said ikbal ternyata Imigran Yaman,False,2026-01-08 18:54:24
facebook,Negatif,39.0,Apakah dg DPRD tidak rentan dg politik Uang...malahan mungkin akan lebih parah,False,2026-01-08 02:45:58
tiktok,Netral,39.0,We still geared up in the gulf? That’s a hop skip and jump,False,2026-01-04 23:44:21
tiktok,Positif,39.0,banteng tetep berjaya 💪,False,2026-01-08 18:43:46
tiktok,Negatif,39.0,"Jangan main cripto ygy, mending inves di saham aja",False,2025-09-28 06:30:45
tiktok,Negatif,39.0,"Wkwk padahal itu tetap harus dikonversi ke stable coin, ex usdt. Ya pada intinya sama aja pake kartu debit visa/mastercard hanya saja tabungannya dalam bentuk crypto stable coin. Belum lagi kena fee convert, fee visa, ribet mahal mending qris 🤣",True,2025-09-27 13:48:28
tiktok,Netral,39.0,pak wapres sedang kunjungan kerja d Papua ada agenda peresmian Rumah sakit pemerintah 🙏,False,2025-09-18 11:03:28
tiktok,Positif,39.0,PDIP partai paling konsisten 🤟🤟🤟,False,2026-01-01 10:43:11
tiktok,Negatif,39.0,"Buzzernya banyak bngt anjir, padhal cuma acara stand up comedy kok di seriusin, bully bully apa seh, orang isi stand upny banyak kok full pemerintah",False,2026-01-05 21:39:48
tiktok,Netral,39.0,𝙋𝙖𝙣𝙩𝙚𝙨𝙖𝙣 𝙬𝙖𝙧𝙜𝙖𝙣𝙮𝙖 𝙠𝙚𝙗𝙖𝙣𝙟𝙞𝙧𝙖𝙣 𝙠𝙤𝙠 𝙧𝙖𝙨𝙖 𝙚𝙢𝙥𝙖𝙩𝙞𝙣𝙮𝙖 𝙠𝙖𝙮𝙖 𝙤𝙜𝙖𝙝2𝙖𝙣,False,2026-01-07 12:52:59
tiktok,Positif,38.0,lucu amat ibu sherly😂😂😂😂,False,2025-12-23 11:38:44
tiktok,Negatif,38.0,Mode pahlawan? PDIP selalu sejalan dengan konstitusi dan menjaga demokrasi. Kesal boleh tapi jangan mengabaian fakta.,True,2026-01-07 07:30:16
tiktok,Negatif,38.0,"handak 5 jam kah. 5 menit kah, mun banjirnya sampe bubungan tu bahaya kai ae🤣🤣dri mobil, pekakas rmh, elektronik rusak an🤣🤣",True,2026-01-06 20:44:42
tiktok,Netral,38.0,Mexico need some freedom 😈,False,2026-01-05 00:47:53
tiktok,Netral,38.0,om wahyu manaa ee,False,2025-02-07 23:27:16
facebook,Negatif,38.0,TNI dan Polri sudah masuk bagian ....sudah jelas negeri ini akan kembali seperti jaman Soeharto yg otoriter,True,2026-01-05 03:31:56
tiktok,Netral,38.0,"Era reformasi 1998 , partai gerindra bawa kemunduran demokrasi.",True,2025-12-29 21:51:06
tiktok,Positif,38.0,hanya PDIP yg paling konsisten 🤟🔥🔥,False,2026-01-08 09:12:41
facebook,Negatif,38.0,"Gerakan rakyat Yes asal jgn gabung pdip , bersuara bersama dgn pdip dalam menegakkan keadilan iya tp jgn saling merangkul krn di tubuh pdip ada bibit2 penghancur Pancasila",True,2025-12-30 15:22:43
tiktok,Netral,38.0,kalau gini udah pasti generasi mulyono dipilih,False,2026-01-07 06:50:54
tiktok,Netral,38.0,solusiny tu nahh apa,False,2026-01-07 17:35:16
instagram,Positif,38.0,"Salut sama pdip, konsisten merawat demokrasi",True,2025-12-30 05:58:24
tiktok,Netral,37.0,tegas boleh..ttp santun dn solutif mungkin bpkny salah tpi klrgny butuh makan,False,2025-01-27 15:05:45
tiktok,Negatif,37.0,Kades mau 2 periode tdk ? 😁,False,2026-01-07 06:02:07
tiktok,Netral,37.0,sama saja nantinya para wakil juga disogok amplop dan mknil😂,False,2025-12-30 18:29:49
facebook,Negatif,37.0,"Sekarang sudah terbukti, hanya PDIP partai yg memang pro rakyat.",False,2026-01-06 22:00:54
facebook,Netral,37.0,"Anggaran besar dalam penyelenggaraan pemilihan kepala daerah (pilkada) langsung dan ongkos politik yang terus membengkak, jadi alasan politikus menggaungkan lagi usulan pilkada melalui DPRD. Hampir seluruh partai politik di parlemen mendukung gagasan tersebut. “Kalau memang [biaya politik tinggi] itu menjadi argumentasi dari pembentuk undang-undang untuk menghapus pilkada langsung menjadi tidak langsung, maka seharusnya yang diperbaiki itu adalah manajemen tata kelola tahapan pemilunya,” kata Direktur Eksekutif Perkumpulan untuk Pemilu dan Demokrasi (Perludem), Heroik Pratama, kepada Narasi. Simak penjelasan selengkapnya di video. | Narasi Daily PerludemSoalOngkosMahalPilkada NarasiDaily NarasiNewsroom JadiPaham",True,2026-01-07 07:13:07
tiktok,Negatif,37.0,"Umur sdh tua kebjakan nya menua, bisanya cuma curhat saat pidato😁",False,2026-01-07 18:46:48
tiktok,Negatif,37.0,ha ha ha.. mereka aja nggak mau lewat jalan poros 🤣,False,2026-01-07 14:01:05
tiktok,Netral,37.0,kadesnya petantang petenteng bgt sebanyak itu pada gak bawa data,False,2026-01-07 07:39:00
tiktok,Netral,37.0,PRAY for you all Rakyat Indonesia♥️semoga kalian semua dipermudahkan segala urusan. 🌹🇲🇾,False,2025-08-31 03:00:13
tiktok,Negatif,37.0,hahaha ttp produksi lah gamungkin smpek sulit ditemukan asal ada uang stok pun ada 🤣🤣🤣,False,2026-01-07 16:55:25
tiktok,Negatif,37.0,I’m sorry but Does this mean everyone income has to deduct taxes?,False,2025-08-30 22:18:16
tiktok,Netral,37.0,Jan Emanuel kung borde bli statsminister i Sverige !🫡🫡🫡,False,2025-11-25 02:32:30
tiktok,Negatif,37.0,"luar biasa KDM, semoga smkn banyak pimpinan negeri ini yg kaya' KDM dalam menanggapi kritik",False,2026-01-05 12:42:49
tiktok,Positif,37.0,Fakta memang KDM itu artis Youtube dan fakta juga sebagai gubernur KDM sangat baik dalam bekerja,False,2026-01-05 12:56:55
tiktok,Negatif,37.0,"Emang benar""bukan gubernur tapi youtuber""",False,2026-01-05 13:43:48
tiktok,Positif,37.0,"Masya Allah,sehat dan rezekinya selalu lancar bpk 💪🥹",False,2025-06-13 07:00:29
tiktok,Netral,37.0,Pak ASR menjadi Gubernur bukan utk menambah harta tp real mengabdi..,False,2026-01-01 16:54:39
tiktok,Negatif,36.0,terus... dulu ada Reformasi ngapain kelo hasilnya ky gini,False,2026-01-04 08:18:58
tiktok,Netral,36.0,"5 menitan mehadangi sidin bepandir ini, kadida dapat Point terkait solusi Banjir nya. semua orang juga tau kalau Harus hati-hati. tapi, dari kebijakaan pemerintah sendiri apa solusi nya gesan mengatasi ini :)))",True,2026-01-05 16:55:24
tiktok,Positif,36.0,"ya Allah sedih mendengar kata kata ibu, smg ibu sllu kuat hadapi kenyataan,dan takdir yg tuhan telah mengatur nya buat ibu, Al-fatihah buat almarhum pak Benny Laos 🤲😇😭",False,2025-10-11 08:06:40
tiktok,Negatif,36.0,banteng hanya buat orang yg waras...👍,False,2026-01-08 21:16:44
instagram,Positif,36.0,Orde BAU,False,2025-12-29 06:43:44
tiktok,Positif,36.0,Freedom Intensifies,False,2026-01-04 22:29:38
tiktok,Positif,36.0,"jujur, sbgai anggota DPRD saya kurang stuju jika pilkada dipilih hnya oleh DPRD.. jika untuk menghemat..mari kita pikirkan alternatif lain yg lebih murah dan efektif",False,2025-12-29 17:33:10
tiktok,Negatif,36.0,karna rakyat udh tau kebusukan pemerintah kwk,False,2025-12-07 17:08:13
tiktok,Netral,36.0,Prbwo mulai menggunakan Kekuasaan nya untuk mau berkuasa layaknya Suharto,False,2026-01-07 12:40:18
facebook,Netral,36.0,"Apakah kalian setuju hak suara memilih presiden,gubernur/wali kota/bupati dikembalikan ke DPRD? Wacana perubahan mekanisme pemilihan kepala daerah (pilkada) dari pemilihan langsung kembali ke tangan DPRD memicu perdebatan hangat di parlemen. Usulan yang berawal dari Rapimnas Partai Golkar 2025 ini mendapatkan respons beragam dari delapan partai politik yang memiliki kursi di DPR RI. Hingga Kamis (8/1/2026), mayoritas partai di koalisi pemerintah cenderung mendukung usulan tersebut dengan alasan efisiensi, sementara partai oposisi memberikan catatan kritis mengenai keterlibatan rakyat. Setidaknya sudah 6 partai secara terbuka menyatakan dukungan atau mempertimbangkan serius opsi pemilihan melalui DPRD. Yakni Golkar, Gerindra, Nasdem, PKB, PAN, dan Demokrat. Untuk PKS masih melakukan kajian. Sementara PDI Perjuangan tegas menolak wacana tersebut. Partai Politik sudah setuju Pilkada lewat DPRD demi efisiensi anggaran dan alasan-alasan lainnya.",True,2026-01-08 13:13:57
threads,Negatif,36.0,"betul sekali, daerah lebih tepat di pimpin lulusan pemerintahan daripada orang politik, makin ngaco dan amburadul negeri ini",False,2026-01-02 14:21:15
tiktok,Negatif,36.0,"wahai sodaraku di Aceh, lambatnya bantuan krn akses jalan terputus.. kata2 'tidak butuh bantuan pusat' inilah yg mendatangkan murka Allaah. bersabarlah.. bantuan pasti datang",True,2025-12-25 09:07:04
tiktok,Negatif,36.0,bagus sih biar gak ada suap menyuap masyarakat 🙄,False,2026-01-06 16:09:30
tiktok,Netral,36.0,Gerindra ini cukup satu priode,False,2026-01-01 12:03:50
tiktok,Negatif,36.0,"Mending sekalian di tunjuk langsung oleh presiden.. Biar klo ada yg nakal, bisa langsung di pecat. Sama seperti camat yg di tunjuk bupati/walikota.",False,2025-12-29 15:05:11
tiktok,Negatif,36.0,"Jambi bukan milik pribadi, Jambi milik rakyat, siapapun pemimpin yg tidak berpihak ke rakyat harus di adili oleh rakyat 🙏🙏",True,2025-09-15 01:21:13
facebook,Netral,36.0,Jangan pilih partai yang menyetujui pilkada lewat DPRD,False,2026-01-04 10:17:56
tiktok,Negatif,36.0,Makin kental KKN dan makin kuat sirkel mereka,False,2026-01-08 11:13:38
tiktok,Netral,36.0,"Inya yg bapander, aku yg supan😳",False,2026-01-07 16:27:14
tiktok,Negatif,35.0,Anggota DPRD ini perlu diragukan dedikasinya terhadap Negara dan SDM nya karena menghambat mencerdaskan kehidupan bangsa... tolong konstituen dan pengusungnya ingat orang ini,False,2025-10-16 03:27:58
tiktok,Negatif,35.0,gktau lagi mau ngomong apa soal negara ini,False,2026-01-06 09:59:02
tiktok,Positif,35.0,Reform all the way,False,2025-12-18 02:53:48
tiktok,Positif,35.0,Horas .. Ibu Gubernur 🙏 Selamat Bertugas dan Sukses selalu (Yer 17:7) Amin,False,2025-02-07 22:31:23
tiktok,Negatif,35.0,stress njir 200m😭,False,2026-01-07 20:42:50
tiktok,Netral,35.0,Ini lurah & kades nya jg pinter siihhh 🔥,False,2025-11-12 20:58:59
instagram,Negatif,35.0,Makin kencang lah korup nya😂,False,2026-01-08 12:59:17
tiktok,Netral,35.0,tadinya mau sebut aura kasih..😆,False,2026-01-07 13:24:44
tiktok,Positif,35.0,"Créer de l’emploi, c’est bien de parler mais créez des infrastructures qui pourraient accueillir les étudiants. Des partenariats avec les autres pays. Facilitez l’accès aux études, et gratuitement. Et surtout mettez en place un vrai système de santé. Pas que en bénéfice au plus riche..",False,2025-07-16 21:02:06
tiktok,Netral,35.0,This is how I was feeling last year about this time. Then the floor dropped out,False,2025-10-23 06:55:34
tiktok,Netral,35.0,"Kalau terjadi voteing, Koalisi KIM Plus pasti menang, tapi PDIP akan memenangkan hati rakyat, percayalah👍",False,2026-01-06 22:29:41
tiktok,Netral,35.0,có vậy thôi cũng khoe. thế được quỳ như thế có ra viếng thăm Nghĩa Trang Liệt Sĩ chưa. nhờ ai mà boay được quỳ như thế,False,2025-10-09 19:46:53
facebook,Positif,35.0,Kebangkitan rezim orba mulai dari berkumpulnya partai2 di KiM+ ....mantap konsisten bersama rakyat pdip🤟🤟🤟🤟🤟,False,2026-01-07 01:55:12
tiktok,Netral,35.0,"aku beli emas tahun 2022 7 gram 6.7 jt, desember 2025 jual karna patah dapet 14.7 jt",False,2026-01-07 19:29:33
tiktok,Negatif,35.0,"kenapa biar di pilih DPR, biar nurut dan bisa mereka setir",False,2025-09-11 20:27:55
tiktok,Netral,35.0,I don't need a tank,False,2025-11-02 17:04:37
instagram,Netral,35.0,Menteri2 dtunjuk oleh rakyat👏😍,False,2025-12-31 12:45:45
tiktok,Negatif,35.0,"Alhamdulillah, saya gak pernah suka Panji.",False,2026-01-05 15:34:39
tiktok,Netral,35.0,"this edit should go viral,like yessss the visual familyyyy 😭",False,2026-01-03 18:53:39
tiktok,Netral,34.0,Chúa là người toàn năng sao chỗ chúa đang ở và được các con cầu nguyện sao vẫn ngập vậy Thế toàn năng ở chỗ nào,False,2025-09-06 14:08:34
tiktok,Negatif,34.0,kalau di video ini sepertinya Panji gak menilai kinerja...kalau gak salah lihat..tapi Bapak KDM malah cerita kinerja...koreksi kalau komen saya salah,False,2026-01-04 11:25:05
instagram,Positif,34.0,yg selalu main aman t si orange,False,2025-12-31 13:02:19
tiktok,Negatif,34.0,kaum muda yang tegas menolak pilihan melalui DPRD.,True,2026-01-06 20:46:48
tiktok,Netral,34.0,"GK akan pernah bisa crypto jadi alat pembayaran di RI, pegang kata gw",False,2025-09-25 22:15:51
facebook,Positif,34.0,PDIP mantap partai No 1 Merdeka!,False,2026-01-07 01:33:32
tiktok,Netral,34.0,pilihannya a lwn b ja smlm,False,2026-01-08 08:01:55
tiktok,Netral,34.0,kebutuhan publik apa kebutuhan saku😏,False,2026-01-06 16:20:34
tiktok,Negatif,34.0,pendapat pribadi sy justru DPR dan DPR d nya tidak berkualitas sama dengan Mentri Mentri gak ada yg berkualitas,False,2025-07-30 18:27:28
instagram,Negatif,34.0,"Benar.. nanti bisa jd 32th sperti Soeharto bahkan lebih & Jokowi sdh mencoba 3 periode tp gagal, rakyat hrs tahu ini.",False,2025-12-29 11:44:04
tiktok,Negatif,34.0,"ayo kt berdoa bersama agar dpt gubernur macam ini adil dan merata setiap provinsi😅 ""pak kades hati2 yg anda lawan adalah ibu2 jgn mcm2"" bnr2 pengadilan terbuka inimah bnr bu jgn smpai yg dpt blt cm keluarga kadesnya aja🫣😂",False,2026-01-07 05:10:00
tiktok,Negatif,34.0,"Tiket mahal, mending ke soetta… pembangunannya apa gak memperhatikan faktor nilai tambah kertajati dibanding soetta ?",False,2025-01-16 19:25:04
tiktok,Netral,34.0,bcweee minn,False,2026-01-07 14:30:59
tiktok,Negatif,34.0,Tolak !!,True,2025-12-29 19:48:46
tiktok,Netral,34.0,adakan tes seperti kependidikan biar mutu petinggi lebih dan lebih,False,2025-11-29 07:25:02
tiktok,Positif,34.0,saya sangat setuju pilkada lewat DPRD,False,2026-01-08 20:04:19
tiktok,Negatif,34.0,cukup sekali jadi gubenur dak kan ku pileh agik...,False,2026-01-05 23:04:38
tiktok,Netral,34.0,"andami pa kasing binabago, okay naman last year",False,2026-01-05 21:56:37
facebook,Negatif,34.0,"Memang mahal biaya pilkada, tapi mengingat kualitas ""Perwakilan"" kita disana saat ini, kayanya malah makin hancur klo diserahkan ke mereka....mending kasih test yg susah, utk menjaring pimpinan yg berkualitas, bukan asal populer n menang duit, buka jalur independen, tanpa harus lewat partai... Sistem partai bikin para pemimpin ""berhutang"" , ujung2nya jadi boneka partai",True,2025-12-31 11:50:08
tiktok,Negatif,34.0,salah pilih masyarakat Riau pilih gubernur,False,2025-11-05 18:40:12
tiktok,Netral,33.0,kyaknya persiapan buat pemenangan gibran 2029..semua sdh di siapin undang2 nya termasuk rakyat gk boleh kritik penjabat dn pemilhan presiden lewat dpr bukan lgi rakyat yg pilih..😂😂😂,False,2026-01-05 12:40:33
instagram,Positif,33.0,Kaum 58% pasti bangga.,False,2025-12-30 04:37:15
facebook,Netral,33.0,Hak pilih rakyat kembali diperdebatkan. Pilkada lewat DPRD menguat di akhir 2025. Golkar & Gerindra sepakat. PDIP tegas menolak. Demokrasi lokal di persimpangan. Setuju atau tidak? 👇 Pilkada Demokrasi sulawesiutara sulut,True,2025-12-30 14:11:24
tiktok,Netral,33.0,emng ya RK lg trknl dn booming🤪,False,2026-01-07 14:38:26
tiktok,Netral,33.0,Andovi ada niat nuntut Abah Anis GK waktu JD gubernur DKI 🤔🤔,False,2025-09-04 17:31:58
tiktok,Netral,33.0,"Get MAGA out of any typebof election. MAGA is not working , people are tired.",False,2025-10-24 04:32:58
tiktok,Negatif,33.0,"aduh kacau, ank milenial aja masih minim pemahaman, krna dikonoha budaya anak muda itu maen Game.",True,2025-11-06 18:41:49
tiktok,Negatif,33.0,bukan hanya diguru tapi nakes juga 😩,False,2026-01-05 21:29:30
tiktok,Netral,33.0,"knp hrus nunggu wartawan baru bergerak pak🥺, seharus nya sebagai gubernur bapak lebih tau bgaimana kondisi masyarakat🥺",True,2026-01-07 12:58:16
facebook,Netral,33.0,Ada yang ngotot mau Pilkada lewat DPRD nih.,False,2025-12-29 12:05:03
tiktok,Netral,33.0,"realita di lapangan setiap UMP naik, para pengusaha mau tidak mau akan melakukan pengurangan karyawan untuk menyesuaikan UMP..",False,2026-01-08 17:11:09
tiktok,Netral,33.0,jgn begitu pak gubernur..Ingat suara kemenangan Bapak terbesar itu berasal dari TANAH LUWU RAYA...terutama Luwu dan Luwu Timur,False,2026-01-04 11:25:09
tiktok,Netral,33.0,"Congratulations VA, join the rest of the Blue Governor's in the fight💙💙💙💙",False,2025-10-24 12:23:17
tiktok,Positif,33.0,kerenn bngettt 😎🤩,False,2026-01-01 20:56:34
tiktok,Negatif,33.0,"beli dmn si kok 2,5 dsni kok 3jt an",False,2026-01-07 16:02:02
tiktok,Negatif,33.0,pak wali nya lagi sibuk molor😂,False,2025-12-19 06:22:22
facebook,Positif,33.0,Rakyat siap trn jln🙋🙋,False,2026-01-07 07:22:46
tiktok,Negatif,33.0,zodiac beliau apa guys curiga aries😂,False,2025-09-14 11:35:39
tiktok,Negatif,33.0,biaya mahal 5 THN sekali bandingin dgn hutang whoosh tiap bulannya ?,False,2026-01-06 14:49:08
tiktok,Negatif,33.0,3 provinsi yg kenak bencana cuma gubenur aceh sama wagud sumbar yg sibuk urus masyarakat nya,False,2025-12-14 14:41:45
tiktok,Netral,33.0,KEBANYAKAN TIDUR GUBERNUR BANTEN,False,2025-11-07 09:56:29
tiktok,Netral,33.0,ttp dukung partai yang mendukung pilkada langsung,False,2026-01-01 20:17:57
facebook,Netral,33.0,"Sekretaris Jenderal Partai Golkar, M. Sarmuji, menyampaikan pandangan terkait wacana mekanisme pemilihan kepala daerah. Beliau menawarkan sebuah “Desain Baru” di mana pemilihan melalui DPRD tetap mengadopsi elemen-elemen positif dari sistem Pilkada langsung. Langkah ini bertujuan untuk mencari formula demokrasi terbaik yang efektif dan tetap aspiratif. PartaiGolkar FraksiGolkar GolkarIndonesia GolonganKarya Golkar",True,2026-01-08 10:28:37
tiktok,Negatif,32.0,tak masuk logika😃,False,2026-01-07 21:31:07
tiktok,Netral,32.0,Rick Grimes : I have two eyes The Governor :,False,2025-10-28 17:38:13
tiktok,Netral,32.0,haraw tambah becamuh kai penjelasan pian😒😭😭,False,2026-01-06 19:23:12
tiktok,Netral,32.0,aku setuju ibu jadi gubernur sepanjang masa... tp sebagai review makan mohon maaf ibu ngak dulu d😭🤣,False,2025-12-23 18:46:28
tiktok,Negatif,32.0,aku aja kah yo yang sakit kepala mearti akan penderan sidin ni😪😪😪,False,2026-01-06 18:20:49
tiktok,Negatif,32.0,"emang PDIP yg selalu menjaga Konstitusi, nggak perduli dari lawan dari kapanpun kalau gak sesuai dilawan, contohnya waktu Jokowi minta 3 periode cuma bu Mega yg gak mau",True,2026-01-07 06:52:03
facebook,Netral,32.0,"Rame2 tolak PilKaDa lewat DPRD,Biaya pilkada membengkak bukan krn mekanisme melainkan perilaku pelaku2 politik di Negeri ini.",True,2026-01-04 10:23:13
tiktok,Netral,32.0,Demokrat takut AHY di pecat jadi menteri 🤣🤣,True,2026-01-07 17:26:11
tiktok,Negatif,32.0,"sehat2 yah mas wapres, aku rela disiram pake air cuci piring hanya Krn mencoblos dirimu di TPS ku saat itu",False,2026-01-02 17:21:58
tiktok,Netral,32.0,Murat du musst das jetzt machen beim HSV 🤣,False,2026-01-02 20:46:07
tiktok,Netral,32.0,"selamat ibu gubernur dan bapak wakil gubernur Maluku Utara, semoga amanah dalam menjalankan tugas dan tanggung jawab. selamat jalan bapak benny Laos.🥰",False,2025-02-08 09:48:38
tiktok,Negatif,32.0,"heran jg setiap ada rombongan pejabat lewat djln semua pada NGEBUT, kalo emang waktunya mepet kenapa gak dr kemarenny berangkat.. rakyat yg lewat disuruh minggir kalo bisa masuk dlm got😳😳😳",False,2026-01-07 13:54:30
tiktok,Negatif,32.0,3 jam bisa surut kadeda rumusnya..... KALO 3 hari ya Mungkin lah,False,2026-01-06 18:40:49
tiktok,Negatif,32.0,"kada paham unda ngapa jar sidin ngitu, bapandir sambil titikan liur",False,2026-01-06 21:55:23
tiktok,Negatif,32.0,saya lbih stuju di pilih zama rakyat kalo sama DPR bisa di bli kaya duluu DPR nya bisa di beli miliaran,False,2026-01-02 09:33:11
instagram,Netral,32.0,"Presiden pilihan langsung Rakyat , Gubernur ditunjuk presiden Bupati /walikota pilihan Dprd udah benerr ituuu 👏👏",False,2025-12-22 13:32:35
tiktok,Negatif,32.0,"se7,indramayu masi bnyak jalan rusak",False,2026-01-07 21:12:59
instagram,Negatif,32.0,kok chanel tempo di youtube hilang,False,2025-12-10 01:22:31
tiktok,Negatif,32.0,"pas liat video sebelah, ternyata si bapak yang ngotot itu yang sewain lahan itu, bukan dia yg sewa ke pjt",False,2025-11-12 11:59:20
instagram,Negatif,32.0,"Kali ini gua lebih mendukung PDI-P,,, selebihnya sama saja,,,",False,2026-01-07 01:05:10
tiktok,Netral,32.0,pami tiasa mah audit dana desa seluruh Jawa barat,False,2026-01-04 21:22:53
tiktok,Netral,31.0,US paying Cuba millions per year for that small land. Why complain?,False,2026-01-05 03:46:45
instagram,Negatif,31.0,mui ngurusin politik jg yg lainnya...???,False,2026-01-07 07:42:29
tiktok,Positif,31.0,"Yg saya salut, cara beliau berkomunikasi dengan rakyat kecil sangat2 luwes ✌😭 gak ada sekat",False,2025-09-19 07:56:33
tiktok,Netral,31.0,"Mending husein, kalau mau kembangkan kertajati minimal ada feeder kaya whoosh.",False,2025-01-19 00:23:22
facebook,Negatif,31.0,"Gak ada harapan buat jadi dominan di tahun mendatang, jadi pake cara menjegal demokrasi langsung. Yg aparat dimakmurin dikasih jabatan biar gak dikudeta, yg warga dikasih ampas plus kena damprat aparat kayak kasus mbg kemarin😂",True,2025-12-31 11:16:09
tiktok,Netral,31.0,"perangkat desa yo kudune podo wae,ben ora asal ditunjuk karo petinggine",False,2025-11-29 08:56:29
tiktok,Negatif,31.0,"percuma mbak, kagak nyambung 😁😁😁 yg di tanya apa ? jawab nya apa ?",False,2025-12-17 20:37:47
instagram,Negatif,31.0,Gak aneh partai demokrat dari dulu juga plin-plan.,True,2026-01-06 11:02:00
facebook,Positif,31.0,"Cuma PDIP yg nggak setuju??? MANTAP BANG,AKU DUKUNG KAU PDIP👍",False,2026-01-07 14:04:19
tiktok,Negatif,31.0,siapapun presidennya asal jangan Anies/puan,False,2025-12-30 14:10:38
facebook,Negatif,31.0,"KALAU RAKYAT KOMPAK DAN MENGERTI SOAL TATA NEGARA, KOMPAK JANGAN PILIH DPRD/DPRD !!",False,2026-01-07 12:31:17
tiktok,Negatif,31.0,Quelles sont les dispositions qui sont prises au Gabon pour inciter nos enfants à revenir ? Le travail est pour ceux qui ont les parents haut placés !,False,2025-07-17 03:44:45
tiktok,Netral,31.0,USA and isreal the territories countries,False,2026-01-04 16:04:44
tiktok,Negatif,31.0,"Waduuhh.. Gimana nih pak Wali, mau cari celah malah jatuh sendiri..😁😁😁",False,2025-12-19 07:56:35
tiktok,Negatif,31.0,dia anggap pada gak kenal makanya seceria itu 😂,False,2026-01-07 17:44:39
tiktok,Positif,31.0,Dia cocok main drakor genre komedi wkwk,False,2026-01-07 16:32:49
instagram,Negatif,31.0,Baru berkuasa udah aneh aneh😂,False,2025-12-29 14:57:22
tiktok,Negatif,31.0,Kalo mau negur pake kamera profesional nah baru ditanggepin mas. Klo cuma kamera hp aj mah emoh,False,2025-06-03 07:59:24
tiktok,Netral,31.0,vibes word cup 😭,False,2026-01-06 10:43:05
facebook,Netral,31.0,"Kalau saya, kepala daerah bahkan presiden, ataupun pejabat lainnya, harus melalui tes akademik, seperti CPNS. Biar yg terpilih orang yg punya kompetensi.",True,2026-01-07 13:45:11
tiktok,Negatif,31.0,jangnn kan kasus gratifikasi tambang yg salah kirim duit tu aja masih kd masuk di akal om ae 🤣..sudah gin 🗿,False,2026-01-07 16:49:58
instagram,Positif,30.0,PDIP pro rakyat,False,2026-01-06 14:19:04
tiktok,Netral,30.0,Janne for president,False,2025-11-25 02:10:38
tiktok,Positif,30.0,Jawa Barat berlian d mata dunia,False,2026-01-07 09:57:42
instagram,Netral,30.0,Antisipasi golput atau agenda seseorang ??,False,2026-01-06 07:42:36
instagram,Positif,30.0,"Waktu pimpinan beliau jalan samuda bagandung ini bagus bgt di perbaiki hujung ke hujung , paling ingat bgt sama pimpinan beliau . Setelah sekarang ini jalanan kaya sungai njir",False,2026-01-07 12:27:18
tiktok,Negatif,30.0,"hadeuh, gerindra lagi gerindra lagi",False,2025-12-30 16:48:19
tiktok,Negatif,30.0,lawas kah lg pemilu yo.. 😭😭,False,2026-01-07 18:05:17
tiktok,Netral,30.0,2029 saya tdk akan pilih Gerindra lagi,False,2025-12-29 22:36:21
tiktok,Negatif,30.0,kamu gajinya dari mana pak,False,2026-01-08 17:10:04
tiktok,Netral,30.0,saddam hussein versi Indonesia,False,2025-12-14 16:26:18
tiktok,Netral,30.0,tuhan tolong lindungi ibu ini 😭🙏🏻,False,2025-10-17 19:16:02
facebook,Netral,30.0,"Halo Sahabat Kompas.com, Wacana pemilihan kepala daerah (pilkada) dipilih oleh Dewan Perwakilan Rakyat Daerah (DPRD) kembali mencuat dan langsung memantik perdebatan publik. Pemerintah dan sejumlah partai politik menilai skema ini bisa menjadi solusi efisiensi anggaran, mengingat Pilkada langsung selama ini dinilai mahal, rawan politik uang, serta memicu konflik horizontal di daerah. Namun di sisi lain, kritik keras juga bermunculan. Banyak pihak menilai pemilihan kepala daerah lewat DPRD berpotensi menjadi kemunduran demokrasi, karena memangkas hak rakyat untuk memilih pemimpinnya secara langsung. Kekhawatiran lain adalah munculnya transaksi politik elite, di mana kepala daerah lebih loyal pada partai atau fraksi ketimbang kepentingan warga. Live: 📅 : Rabu, 7 Januari 2025 ⏰: 16.00 📍 : facebook, Tiktok, X, Instagram dan Youtube ~AA Pilkada DPRD ObrolanNewsroom",True,2026-01-07 08:27:43
tiktok,Negatif,30.0,Hak rakyat dirampas berarti kita kembali ke Order Baru,False,2026-01-07 06:24:11
instagram,Negatif,30.0,"Penting bgt untuk meningkatkan awareness warga sama Politik, kalau edukasi politik biasanya cuma pemilu, kalau ada pemilu 5 tahun sekali dan serentak di tahun yg sama, maka kesadaran politik warga cuma ajang 5 tahunan. Dan politisi jg turun ke rakyat lima tahun sekali...🙌 Top MK!",False,2025-06-26 10:05:34
tiktok,Netral,30.0,SBY takut AhY di depak dari kabinet,False,2026-01-07 20:11:39
facebook,Negatif,30.0,"Bau"" Orde Baru satu persatu mulai muncul, negara dibuat jadi boneka oleh para elit yg tdak tau diri, haus akan kekuasaan yg berlebihan, rakyat di jadikan penonton, lama kelamaan Presiden dan DPR tidak lagi di pilih oleh rakyat tetapi di tunjuk langsung oleh partai politik... RIP demokrasi",True,2026-01-04 10:14:44
tiktok,Positif,30.0,Hanya PDIP yg selalu konsisten dalam bersikap 👍,False,2026-01-08 13:51:05
facebook,Netral,30.0,"Pilkada Tidak Ada Lagi Putusan MK Nomor 124/PUU-XXIII/2025 tentang pemisahan Pemilihan Nasional dan Pemilihan daerah. Putusan MK mengharuskan bahwa Pemilihan Nasional( Presiden, DPR, DPD) diselenggarakan terpisah dengan pemilihan daerah( Gubernur, Bupati DPRD Provinsi, DPRD Kabupaten/Kota). Penyelenggaraan Pemilihan Daerah dilakukan paling cepat dua tahun dan paling lambat dua setengah tahun setelah pelantikan hasil pemilihan nasional. Dalam mempersiapkan UU Pemilihan Nasional dan pemilihan daerah sebagai konsekuensi yuridis keputusan MK, koalisi pemerintah melempar wacana: agar Pilkada dipilih oleh DPRD. lalu muncul pertanyaan, DPRD mana yang akan memilih Gubernur dan Bupati/walikota. Bila yang dimaksud adalah DPRD sekarang( Hasil pemilu 2024) sesuai dengan masa periode mereka, maka masa jabatannya akan berakhir pada tahun 2029. Sementara, berdasarkan keputusan MK, Pemilu daerah paling cepat dilaksanakan pada tahun 2031. sekiranya, anggota DPRD sekarang diperpanjang masa tugasnya hingga 2031, pada saat kapan dilaksanakan Pemilihan kepala daerah, karena defenisi pemilu serentak adalah diselenggarakan di hari yang sama. Bila pemilu daerah dilaksanakan pada tahun 2031, yakni memilih Gubernur, Bupati/ walikota, DPRD provinsi/ kabupaten/ kota, tentu dilaksanakan pada hari yang sama. Lalu, bagaimana mekanisme pemilihannya bila dipilih oleh DPRD. Bila Pemilihan kepala daerah dilakukan pada hari yang berbeda dengan DPRD, maka putusan MK tentang pemilihan serentak akan dilanggar. Saya katakan, dalam pengambilan kebijakan, pemerintah tidak pernah berpikir holistik, konsisten, maju, dan berkelanjutan. Ia sangat dipengaruhi oleh kepentingan politik sesaat, tanpa mau mempertimbangkan demokrasi Bangsa yang lebih besar.",True,2026-01-08 08:10:08
tiktok,Netral,30.0,another skill ibu sherly.. lawak 🤣,False,2025-12-05 17:09:32
tiktok,Negatif,30.0,gusto kodin mahalikan(#),False,2026-01-05 19:17:12
tiktok,Netral,30.0,"knp bisa tdk tercover, artix tdk memenuhi syarat yg SDH di persyaratkan yakni mengabdi selama 2 thn",False,2026-01-05 21:39:59
tiktok,Negatif,30.0,"lebih hebat banten dong.. menyatu dg alam.. jln nya tanah merah, klo lewat jngan pke sepatu atau sandal.. nyeker aja nyeker...",False,2026-01-08 10:14:28
tiktok,Negatif,30.0,How can anyone think Reform have any answers? It would be chaos.,True,2026-01-05 06:23:12
facebook,Negatif,30.0,DPR bukan wakil rakyat.mereka hanya mewakili partainya !,False,2025-12-29 10:45:31
instagram,Negatif,30.0,Jangan mau pilkada dipilih DPRD.. rakyat dibodoh2in parpol lg,True,2026-01-02 05:00:34
tiktok,Positif,29.0,pdip yang konsisten,False,2026-01-08 09:40:20
tiktok,Netral,29.0,Koq Ustadz Abdul Somad yang klarifikasi?! penuh tanda tanya nih ustadz UAS??,False,2025-11-06 13:33:36
tiktok,Netral,29.0,"After the midterms, Blue will rule",False,2025-10-24 05:00:27
tiktok,Positif,29.0,GPP ga diundang dirisafel kabinet...yg penting mas Gibran milik rakyat Indonesia..dan sy Rakyat terus cinta dan mendukung mas Gibran...💪💪💪♥♥♥♥♥♥,False,2025-09-18 11:34:19
tiktok,Netral,29.0,Sending supports from Cambodia 🇰🇭 We stand with you Indonesian 🇮🇩,False,2025-08-31 10:49:42
tiktok,Negatif,29.0,Dipilih sma dpr lawak . rakyat aja gapercaya dpr ko 😂😂😂,False,2026-01-02 08:17:41
tiktok,Negatif,29.0,emng di perbolehkan sama pemerintah? bukanya dlu sudah pernah di tegur ya untuk para pelaku usaha harus menggunakan Rupiah sebagai alat tukar pembelian.,True,2025-09-25 17:35:45
tiktok,Negatif,29.0,"UMUR NYA SUDAH 70 an,mungkin Sudah 74 tahun",False,2026-01-07 18:48:43
instagram,Positif,29.0,Respect PDI-P🔥,False,2026-01-07 09:13:32
tiktok,Negatif,29.0,"Bahaya emang kalau udah nyebut salah satu suku di Indonesia, bang panji kan nyebut orang Sunda biasa pilih pemimpin yg artis 😭",True,2026-01-06 06:34:02
tiktok,Netral,29.0,đầu🌕 giữa🌗 cuối🌑 [sticker],False,2026-01-04 15:18:48
tiktok,Positif,29.0,salam 3 jari sragen,False,2026-01-07 16:24:07
tiktok,Negatif,29.0,kembali zaman batu lagi.....kocak....partai omon omon😂😂😂😂,False,2025-12-29 21:36:24
tiktok,Positif,29.0,DIVA,False,2025-11-22 14:17:49
tiktok,Netral,29.0,America became a cancer for the world,False,2026-01-05 00:59:36
tiktok,Netral,29.0,“yg lain mungkin kurang doa” buk yaampun 🤣,False,2025-12-05 20:27:57
tiktok,Positif,29.0,yg konsisten tetap PDIP ...salut 👍🏻👍🏻👍🏻,False,2026-01-08 08:44:38
tiktok,Negatif,29.0,"Bukankah nantinya malah banyak yang suap ke DPRD itu? . Cuma ganti nilainya saja, dari amplop 50ribu ke amplop 50jt",False,2025-12-29 20:45:09
tiktok,Netral,29.0,"setuju sih kepala daerah di pilih DPRD, tp calon DPRD harus di tes yg memiliki standar passing grade kayak CPNS 👍 itu baru ok",True,2025-12-17 18:16:42
threads,Netral,29.0,"Kalau Pilkada Dipilih DPRD ini nekad dieksekusi, bagaimana kira-kira masa depan demokrasi Indonesia? demokrasi pilkadadipilihdprd partaipolitik prabowosubianto indonesia",True,2026-01-02 12:22:25
tiktok,Negatif,29.0,Jangan Rampas Hak demokrasi Rakyat dengan cara cara memutar balik fakta ..,True,2026-01-06 23:00:53
tiktok,Negatif,29.0,demi kelanggengan kursi dan jabatan ya pak 😅😂🤣,False,2026-01-08 11:07:17
tiktok,Netral,29.0,jgn gentar PDIP,False,2026-01-08 19:22:08
facebook,Netral,29.0,"PDIP Kudus Tolak Wacana Pilkada Lewat DPRD: Rampas Hak Rakyat Ketua DPC Partai Demokrasi Indonesia Perjuangan (PDIP Kudus), Achmad Yusuf Roni, menegaskan penolakan terhadap wacana pemilihan kepala daerah melalui DPRD. Ia menyatakan, sikap PDI Perjuangan sudah jelas dan tegak lurus dengan keputusan DPP bahwa sistem tersebut merupakan bentuk perampasan hak demokrasi masyarakat. .",True,2026-01-08 11:45:00
tiktok,Netral,28.0,nama nya indo bgt lagii wkwk,False,2026-01-07 15:31:53
tiktok,Positif,28.0,klu partai yg berkomitmen hanya PDIP..tetap semangat PDIP.krna PDIP selalu mengutamakan kepentingan rakyat,False,2026-01-07 15:03:53
tiktok,Netral,28.0,satpol pp nya PD kemana biasa muter muter keliling ..,False,2025-12-30 13:53:25
tiktok,Positif,28.0,cerdas bang 👍👍👍👍,False,2026-01-07 21:52:31
tiktok,Positif,28.0,PDI gak terlalu buruk ya,False,2026-01-08 07:48:38
tiktok,Positif,28.0,Nah gini butuh komunikasi terbuka bersama masyarakat sehingga tw mslhnya dmn dan mw di benahi sama” dan warga pun sangat antusias buat saran dan kritik itu hal yg bgus 👍,False,2026-01-06 23:59:27
instagram,Netral,28.0,Demokrat hanya nama 😂,True,2026-01-08 08:51:31
instagram,Negatif,28.0,Suka gak suka... PDIP paling masuk akal sekarang,False,2026-01-06 15:17:01
tiktok,Negatif,28.0,bukanny bu ririn sdh ASN ya?,False,2026-01-05 19:19:53
tiktok,Netral,28.0,En remix vi behöver🥹,False,2025-05-02 19:37:31
tiktok,Positif,28.0,Maa Syaa Allah.. Bangga Lht ny Pas jln Bergandengan tangan dg Mantan Bpk Gubernur Sulawesi Tengah Pak.. 🥰🥰,False,2025-02-10 18:23:49
threads,Negatif,28.0,"Wacana ini timbul alasannya untuk mengurangi anggaran alias efisiensi. Tapi kemungkinan ongkos politik pasti tetap mahal untuk melobi elite partai, seperti di awal tahun 2000an dulu. Bedanya lebih tertutup aja. 🫣",False,2026-01-06 10:05:30
tiktok,Netral,28.0,Kalau dipilih sama DPR maka akan ada Lelang jual beli jabatan,False,2026-01-02 12:42:53
tiktok,Negatif,28.0,"matiin demokrasi, kerasa banget era Orde baru",True,2026-01-02 19:55:33
tiktok,Negatif,28.0,Ulun jujur pian bahasa banjar aja otak ulun kada tapi ma respons cara pian ba pandir..rasa bingung..mungkin ulun yang salah kaloo lah..kd bisa ma respons setiap ucapan pian.,False,2026-01-06 20:41:57
tiktok,Positif,28.0,ibu Sherly sehat selalu yaaa bu😍😍😍,False,2025-10-18 03:37:01
tiktok,Netral,28.0,boikot gerindra,False,2025-12-31 11:19:57
tiktok,Netral,28.0,The Shaman Governor,False,2025-11-14 09:17:16
x,Netral,28.0,"Pemilihan Kepala Daerah tingkat Kota / Kabupaten terbaik tetap pemilihan langsung oleh rakyat. Untuk Pemilihan Gubernur, dipilih oleh DPRD Propinsi. 2 model tsb paling sesuai dgn semangat otonomi satu sisi, dan sisi lain Pemerintah Propinsi sbg perpanjangan tangan Pemerintah",False,2025-12-30 01:17:05
tiktok,Negatif,28.0,si itu nu tukang kunaon repeh bang jago kehed teh,False,2026-01-07 00:57:47
tiktok,Netral,28.0,United Snakes of America,False,2026-01-05 01:40:54
tiktok,Negatif,28.0,siapa garang nang pilih sidin tuh,False,2026-01-06 20:41:42
tiktok,Netral,28.0,saya ga pernah makan petasan buk 😭,False,2025-12-23 18:24:38
instagram,Netral,27.0,PDIP 🔥🔥🔥🔥🔥,False,2026-01-08 14:07:05
tiktok,Positif,27.0,Kata2 terakhir langsung netes airmataku😭 di tinggal beda alam sama org yg kita sayang rasanya gila bgt😭,True,2025-10-11 20:01:51
tiktok,Positif,27.0,muka nya aja penuh energi bgt klo ngomong,False,2026-01-07 15:18:46
tiktok,Positif,27.0,pasti cantik nya save nurun dari mommy nya🤭💋,False,2026-01-01 13:29:27
threads,Negatif,27.0,"Klo bawa2 Ras jujur Gw gak suka, karena gw orang Sunda , gw gak pernah milih siapa2 selama pemilu.tetapi siapaun pemimpinnya yg benar2 mementingkan rakyat gw dukung..Jangan bawa2 suku ya bang Tolong.",False,2026-01-04 02:20:31
tiktok,Negatif,27.0,tdk merasa punya gubernur gua mah di banten... 😂,False,2025-11-06 22:54:39
tiktok,Positif,27.0,soundnya cocok banget ma ibu gubernur Malut ini 🥰,False,2025-09-19 06:29:21
tiktok,Negatif,27.0,gubernur Riau tak pernah ada yang benar,False,2025-11-06 14:45:49
facebook,Netral,27.0,"Survei terbaru dari LSI Denny JA menunjukkan bahwa sekitar 66% masyarakat Indonesia menolak wacana Pilkada dipilih DPRD, karena dinilai bisa mengancam peran serta rakyat dalam demokrasi. Menurut kamu, pilkada langsung vs lewat DPRD mana yang lebih baik untuk masa depan demokrasi Indonesia?",True,2026-01-08 07:00:02
tiktok,Netral,27.0,I’m from Cambodia 🇰🇭a developing country but this amount of salary can’t even afford a living in even half a month pray for Indonesia 🙏🏻🙏🏻🙏🏻🇮🇩,False,2025-08-30 21:11:39
tiktok,Netral,27.0,pak mentri ke ceplosan.🥰🥰🥰,False,2026-01-07 13:59:49
tiktok,Netral,27.0,dan ya pasti orang luar tahu kedaan di indo bagaimana,False,2025-08-31 03:31:37
tiktok,Negatif,27.0,lama2 jadi sekte😭,False,2025-12-29 16:22:18
tiktok,Positif,27.0,"pas dan cocok buat politikus, bukan buat rakyat.",False,2025-12-31 12:07:55
tiktok,Negatif,27.0,Cute na kalbo,False,2026-01-05 19:11:03
threads,Negatif,27.0,"Betul sekali jadi dimanfaatkan lulusan STPDN .lha sekarang di daetahku orang PLKB, Dinkes,Pu,Guru SD ada yang jadi camat",False,2026-01-02 11:01:04
tiktok,Positif,27.0,Ada jalur tes untk jadi asn knapa tdk d tempuh dan klwpun sdh d tempun dan tdk pernah lulus knapa selalu berharap ada harapan sedangkan kalian sarjana yg berfikir bsa cari rejeki di tempat lain dgn ilmu dan pengalaman yg ada,False,2026-01-05 23:54:49
tiktok,Netral,27.0,kawalah tukar tambah lawan gubernur jabar,False,2026-01-08 08:23:13
facebook,Negatif,27.0,"""JILAT LUDAH SENDIRI!"" Demokrat Putar Haluan Dukung Pilkada DPRD, Khianati SBY? 🤮 Demokrat SBY PilkadaDPRD JilatLudah KhianatiDemokrasi PartaiLabil KembaliKeOrba SuaraRakyatMahal ViralPolitik MenolakLupa Trending Netizen62 ReelsFB ViralIndonesia TrendingTopic BeritaTerkini InfoUpdate KabarTerbaru NetizenBersuara ViralHariIni InfoViral Warga62 Viral Fyp Reels VideoViral FacebookPro FypDong",True,2026-01-07 04:00:28
tiktok,Positif,27.0,setuju dengan bang adian 👍,False,2026-01-08 01:16:17
tiktok,Netral,27.0,akan ada sogok menyogok nih di DPR 🤣🤣🤣,False,2025-12-29 18:16:22
tiktok,Negatif,27.0,saya udh bekerja keras..tp hidup masih gini2 trs...😭.,False,2025-10-15 09:19:32
tiktok,Negatif,27.0,"Wkwk bener apa kata Ahok, aku tau sendiri + depan mata 😂 pas masih kerja di pemerintahan 2024 🤣",False,2026-01-07 07:16:31
tiktok,Netral,27.0,No one will say guess religion 🙄,False,2026-01-04 16:27:18
instagram,Negatif,27.0,"Pilkada yang dipilih oleh DPRD bukanlah solusi bagi perbaikan demokrasi. Justru sebaliknya, mekanisme ini membuka ruang lebar bagi praktik transaksional, konflik kepentingan, serta potensi KKN yang sulit diawasi publik. Ketika hak memilih rakyat dipindahkan ke tangan segelintir elite, maka yang tergerus bukan hanya transparansi, tetapi juga kedaulatan rakyat itu sendiri. Demokrasi tidak boleh direduksi menjadi kesepakatan politik tertutup, karena demokrasi sejati hanya hidup ketika suara rakyat dihormati dan dijaga",True,2026-01-06 08:26:10
facebook,Negatif,27.0,"Sekali lagi saya usulkan : mari boikot tidak memilih kader partai dan partai pendukung pilkada tidak langsung diseluruh tingkatan : DPRD tkt II, DPRD Tkt I dan DPR pusat. Biar mereka rasakan bagaimana sakitnya jika mengebiri hak hak rakyat.",False,2026-01-03 04:12:02
tiktok,Positif,27.0,"Tapi dia gubernur yg paling berani loh, cobaa mana ada gubernur se transparan dia yang notabene nya seorang perempuan tapi dia lurus aja jirr, sungkem ketua ini ege🙏🏻",False,2025-11-23 09:19:47
tiktok,Negatif,26.0,dipilih rakyat aja gak mewakili rakyat.apa lagi gak di pilih rakyat?,False,2025-12-31 22:32:12
tiktok,Negatif,26.0,Ajukan prapid bang takutnya nanti dijual kembali😅😅😅,False,2025-05-07 05:49:06
tiktok,Positif,26.0,emang anak anak pak jokowi atittudnya keren keren sih👍🏻👍🏻 pak jokwoi berhasil mendidik anak anaknya,False,2026-01-06 12:37:54
tiktok,Netral,26.0,"kalo ada orang nyapa, dan mereka senyum tapi gak ngomong, itu juga termasuk dalam salam lewat ekspresi muka😁",False,2025-06-03 16:15:57
tiktok,Netral,26.0,isi otak pemerintah 😹😹,False,2025-12-06 13:02:39
instagram,Netral,26.0,PDI-P 👏👏👏👏,False,2026-01-08 08:30:05
tiktok,Netral,26.0,sedangkan anomali: crypto itu judi😏,False,2025-09-28 00:47:16
tiktok,Netral,26.0,pak wali : maap bu ternyata saya waktu itu lg padel🤣😭🥵,False,2025-12-19 08:25:46
tiktok,Negatif,26.0,SEBENERNYA CAPEK BGT YA ALLAH TINGGAL DI INDONESIA,False,2025-08-31 06:51:23
tiktok,Netral,26.0,sebagai permohonan maaf era blue harus ngasih hp ke warga jabar🤣🤣🤣,True,2025-12-30 11:49:36
facebook,Negatif,26.0,Kembali Orba bisa jadi pemimpin seumur hidup,False,2025-12-30 04:51:11
tiktok,Netral,26.0,sao Bảo chúa tài năng lắm cơ mà kêu chúa ban phước cho khỏi ngập,False,2025-09-22 09:59:23
tiktok,Netral,26.0,"Cukup 1 periode Gerindra , ok",False,2026-01-01 13:27:12
tiktok,Netral,26.0,ya Allah...,False,2026-01-06 00:22:22
tiktok,Negatif,26.0,"Tanggung jawab yang sangat besar skrg berada di pundak mu ,maluku utara dia kecil tpi arus nya sangat kencang.",False,2025-02-07 23:17:09
tiktok,Negatif,26.0,JAUHHHHHH,False,2025-01-16 19:30:47
tiktok,Positif,26.0,orang laki2 kalau udah nangis.. cinta nya tulus.. yaaa tulus untuk rakyat nya🥺allah yubarik bapak.. semoga allah jaga bapak sehat slalu allah berkah kan semua nya. berkah hidup nya.. berkah rezeki nya.. allah angkat derajat bapak lebih tinggi.. semoga allah luaskan rasa sabar bapak..,False,2025-12-13 11:35:35
tiktok,Negatif,26.0,awal kehancuran Indonesia,False,2026-01-07 05:29:02
tiktok,Netral,26.0,sisi gelap sherly tjoana,False,2025-12-06 07:34:36
tiktok,Positif,26.0,setuju dgn PDI perjuangan.,False,2026-01-08 11:23:45
facebook,Netral,26.0,"Pilkada Dipilih DPRD – Wacana pengembalian mekanisme pemilihan kepala daerah (Pilkada) dari pemilihan langsung oleh rakyat ke pemilihan melalui DPRD kembali mencuat ke ruang publik. “Saya melihatnya sebagai gejala dari dua hal sekaligus. Pertama, ini merupakan alarm bahwa Pilkada langsung memang memiliki problem serius. Namun di sisi lain, wacana ini juga mencerminkan kalkulasi kepentingan partai politik, karena Pilkada langsung kerap melahirkan kepala daerah dengan legitimasi kuat yang sulit dikendalikan oleh partai pengusungnya. Secara konstitusional, mekanisme pemilihan kepala daerah melalui DPRD memang masih dapat dibenarkan. Pasal 18 ayat (4) Undang-Undang Dasar Negara Republik Indonesia Tahun 1945 hanya menyebutkan bahwa kepala daerah “dipilih secara demokratis”, tanpa merinci apakah mekanismenya harus dilakukan secara langsung atau tidak langsung. Namun, saya mengingatkan bahwa kualitas demokrasi tidak semata-mata diukur dari aspek legal-formal. “Secara teori, pemilihan oleh DPRD masih bisa disebut sebagai bentuk kedaulatan rakyat karena DPRD merupakan hasil pemilu. Namun, pertanyaan krusialnya adalah apakah rantai kedaulatan itu masih utuh, atau justru terputus oleh transaksi elit politik. perubahan mekanisme Pilkada juga akan mengubah secara signifikan arena pertarungan politik di tingkat lokal. Kompetisi tidak lagi berlangsung di ruang publik yang luas, melainkan bergeser ke ruang-ruang tertutup yang melibatkan aktor terbatas. “Arena kompetisi berpindah dari adu program dan rekam jejak di hadapan jutaan pemilih, menjadi negosiasi di hadapan puluhan anggota DPRD. Kampanye pun berubah dari kampanye kepada rakyat menjadi kampanye kepada fraksi-fraksi. dampak sistem ini terhadap representasi politik. Dalam banyak kasus, pemilihan melalui DPRD justru berpotensi mempersempit ruang representasi dan menutup peluang kandidat independen maupun figur yang memiliki dukungan kuat di tingkat akar rumput.",True,2026-01-07 15:33:21
tiktok,Negatif,26.0,Sending hugs to all indonesian.. the politicians are true evil,False,2025-08-31 00:48:00
tiktok,Negatif,26.0,sudah kubilang...,False,2026-01-05 17:03:40
tiktok,Netral,26.0,bikin bandara di kampung,False,2025-01-16 20:20:48
tiktok,Netral,26.0,pada tertawa lucunya dmana ya?,False,2026-01-04 12:53:55
tiktok,Negatif,26.0,Seandainya kek gini di desa-desa lain pasti banyak semua yang mengalami hal yang sama,False,2026-01-06 22:49:13
tiktok,Negatif,26.0,baru sekali ni lah muak nengok gubernur dewek😏,False,2025-09-15 10:39:07
tiktok,Negatif,25.0,"Prabowo semenjak remaja sudah berada di lingkungan istana,,dia tahu seluk beluk Negara,,di tangan Prabowo Indonesia bisa maju atau lebih porak poranda..",False,2026-01-04 04:31:20
tiktok,Netral,25.0,"udah bagus pake Qris, malah mau pake crypto",False,2025-11-08 15:04:21
tiktok,Positif,25.0,sehat selalu bu guru ririn🥰,False,2026-01-05 22:28:46
threads,Negatif,25.0,"Pemilu seharusnya hanya untuk memilih perwakilan rakyat di legislatif, selanjut nya legislatif memilih kepala daerah sampai Presiden. Itu baru selaras dgn Pancasila ke. 4 ,hemat anggaran, demokrasi searah dan terkontrol. Lagian ngapain rakyat harus memilih semua seperti gado2 ? Demokrasi jadi blunder,rakyat hilang arah mo nuntut ke mana. Akhir nya rakyat ditinggalkan dan mereka semua hanya mengatasnamakan rakyat .",True,2026-01-02 16:52:14
tiktok,Netral,25.0,sdin mahadangi org Kalsel ngamuk lo😂😂,False,2026-01-07 19:04:07
tiktok,Negatif,25.0,"biarin pak, kan lagi nyari makan buat anak istri, klo gak gitu mana dpt duit.",False,2026-01-05 18:01:45
instagram,Negatif,25.0,Mahal itu ketua partai mintak puluhan M untuk pakai partai nya😂,True,2025-12-22 14:35:00
tiktok,Netral,25.0,Jan emanuel for president,False,2025-11-25 04:48:02
tiktok,Negatif,25.0,"PDI-P berkuasa 10 tahun tidak pernah mengusulkan pemilihan kepala daerah melalui DPRD, bahkan menolak usulan 3 periode presiden padahal pak jokowi itu kadernya sendiri demi menjaga Demokrasi, sementara ada partai yg baru setahun berkuasa sudah mulai mau merubah Demokrasi",True,2026-01-07 18:39:52
tiktok,Negatif,25.0,"singkat, padat, ""ordal?"" 🤣",False,2025-12-05 19:49:01
facebook,Negatif,25.0,"RAKYAT BAKAL KEHILANGAN DAULAT? Wacana pemilihan kepala daerah melalui DPRD nada-nadanya akan menjadi nyata. Mengapa? Lantaran partai yang mendukung jumlah suaranya sudah mendekati dominan. Hanya tersisa PDIP yang secara tegas menolak. Daulat rakyat, secara perlahan akan dipangkas, diambil oleh elit politik. Kepala daerah yang semula harus mendapatkan mandat secara langsung oleh rakyat, kemungkinan besar akan selesai di tingkat partai. Apakah hal itu akan secara langsung menghapus politik uang? Kita semua tahu jawabannya : TIDAK! Ia hanya akan memindahkan cost politik dari rakyat menjadi elit. Menjadi kepala daerah tetap akan mahal, hanya kepada siapa ""membayarnya"". Kepada rakyat atau elit politik. Yang pasti, daulat rakyat akan diambil. Dan, bila ""uji coba"" ini sukses, bukan tidak mungkin wacana pemilihan presiden melalui MPR akan muncul. Lalu, daulat rakyat akan makin tipis, setipis dompet hari-hari ini. Demokrasi tinggal stempel, prosedur semata dan kehilangan substansi. daulat rakyat demokrasi",True,2026-01-07 10:44:37
tiktok,Netral,25.0,Hay Delta Force con buenas Rolas siempre habrá like y compartidos,False,2026-01-05 06:20:17
tiktok,Netral,25.0,"ibu serly jalan kaki,yang lain lari🤣",False,2026-01-05 09:14:10
facebook,Negatif,25.0,"PEMILIHAN KEPALA DAERAH DI PILIH DPRD MERUPAKAN ANGIN SEGAR Memang betul tidak ada jaminan kepala daerah yang di pilih DPRD itu lebih baik dari hasil pemilihan langsung dari masyarakat, namun setidaknya kalau kita berkaca dari setiap pemilihan kepala daerah sejatinya masyarakat kita pada umumnya belum siap untuk itu, alhasil apa? Kepala daerah yang terpilih jauh dari harapan, di tambah lagi dalam setiap momentum penyelenggaran pilkada mengunakan anggaran yang cukup fantastis puluhan miliyar untuk setiap daerah. Dengan pilkada di pilih DPRD setidaknya kita dapat menghindari konflik horizontal di tengah masyarakat hanya karna persoalan beda pilihan, tidak ada kepala daerah milik golongan tertentu, dan tidak ada pula wilayah2 yang di anak tirikan hanya karna alasan kurangnya pendukung di wilayah tersebut. Pilkada di pilih DPRD bukan bencana bagi demokrasi namun ikhtiar menuju perbaikan. Ardan Rabu 7 Januari 2026",True,2026-01-07 12:58:43
tiktok,Netral,25.0,Dire quoi en commentaire ? après ils vont envoyer des missiles dans mon pays? jamais j'ai rien à dire,False,2025-04-09 13:50:39
facebook,Negatif,25.0,"Pemimpin harus di pilih rakyat biar tau kapasitas dan kewalitas calon yg mau di pilih,rakyat udah cerdas rakyat tidak mau pemimpin yg di pilih dengan cara ngawur ahlinya ya kaya sekarang ini, karena pemimpin yg di sekarang bukan mutlak pilihan rakyat tapi pilihan para penjilat.",True,2026-01-07 01:05:30
tiktok,Positif,25.0,FREEDOM🦅🏳️,False,2026-01-04 15:23:06
tiktok,Netral,25.0,J’ai eu mon baque 🥰🥰🥰,False,2025-07-16 19:00:13
tiktok,Netral,25.0,Keep it up this is how we flip a red state,False,2025-10-23 22:19:22
tiktok,Positif,24.0,panji itu apa manfaatnya buat warga Jabar,False,2026-01-05 14:03:27
facebook,Netral,24.0,"Sempat menolak pemilihan kepala daerah atau pilkada melalui DPRD, sikap Partai Demokrat kini berbalik.",True,2026-01-08 07:23:15
facebook,Positif,24.0,"Saya sangat setuju dan mendukung penuh wacana pemerintah terkait pemilihan kepala daerah oleh DPRD pada 2029 mendatang. Menurut keyakinan saya, ini merupakan suatu terobosan yang luar biasa maju. Nampaknya kebijakan ini memang akan segera terealisasi. Banyak dari partai politik dan para elite sudah menyatakan dukungan. Alasannya pun mulia: lebih efisien dan hemat anggaran. Mirip seperti proyek MBG yang berhasil “menghemat” anggaran, hanya sekitar Rp1,2 triliun per hari. Sangat hemat, bukan? ******* Kita semua tentu paham, harga untuk menduduki satu kursi wakil rakyat tidaklah murah. Nilainya bisa mencapai miliaran, bahkan triliunan rupiah. Muslim Ayub, DPR RI dari Fraksi NasDem pun membenarkan hal itu. Katanya, “Biaya kontestasi politik minimal Rp20 miliar ke atas. Belum balik modal, masa jabatan lima tahun akan segera berakhir lagi... Jadi tidak salah kan kalau sepuluh tahun sekali?” imbuhnya... Menurut keyakinan saya, itu benar. Tidak salah sama sekali. Sekalian saja, mengapa tidak diajukan masa jabatan seumur hidup? Biar urusan balik modal tidak setengah-setengah. Lagipula, dengan pilkada melalui DPRD, jual beli jabatan dan perputaran kekuasaan bisa lebih rapi dan eksklusif, cukup beredar di lingkaran mereka sendiri. Tentunya, ini juga akan membuat segalanya lebih mudah diatur, lebih tertib, dan tidak merepotkan rakyat. Sebab pada akhirnya, rakyat memang kerap menjadi beban: beban kampanye, beban logistik, dan beban biaya politik yang sungguh memberatkan para pejabat kita. Maka dari itu, marilah kita berempati. Mengasihani mereka yang lelah menghadapi rakyatnya sendiri. Mari bersama-sama terus mendukung wacana pilkada dipilih oleh DPRD. Sekalian saja, dengan masa jabatan seumur hidup. Agar efisiensi anggaran politik benar-benar tercapai, dan rakyat tak perlu lagi repot dianggap penting. Kita cukup menjadi penonton terbaik kala elite sedang bermain kekuasaan. Kalau menurut kamu gimana ? . . . . ~A Baubau, 8 Januari 2026 Pilkada2029 PilkadaDPRD DemokrasiElit EfisiensiVersiElite JualBeliKekuasaan LingkaranMereka KuasaiKursi DemokrasiTanpaRakyat PemilihanpilkadaolehDPR Pilkada DPR",True,2026-01-08 11:13:45
tiktok,Negatif,24.0,Sakit hati yg tdk pernah hilang.... panji.. panji... panji...,False,2026-01-05 09:03:39
facebook,Negatif,24.0,"Secara Pribadi, Tidak mendukung Pemilihan Kepala Daerah dipilih DPRD karena Kemunduran Bagi Demokrasi",True,2026-01-07 07:12:52
facebook,Netral,24.0,"Waketum Demokrat, Benny K Harman, menanggapi usulan Golkar tentang pilkada melalui DPRD. Ia tekankan pentingnya diskusi serius dan perbaikan UU Pilkada.",True,2025-12-23 03:58:56
tiktok,Positif,24.0,Keeeen bgt merinding aq dgr nya 🥰🥰🥰 bikin Bangga,False,2026-01-04 08:00:53
instagram,Positif,24.0,Pa gubernur yng merakyat jujur adil dan tegas sehat2 pa ❤️❤️🙏🙏🇮🇩🇮🇩,False,2025-07-21 23:13:23
tiktok,Netral,24.0,menyala ibu Gubernur🔥,False,2026-01-07 05:10:47
instagram,Netral,24.0,PDI-P mode oposisi 🔥🔥🔥,False,2026-01-08 10:55:02
tiktok,Netral,24.0,hanya provinsi Aceh dilant8k khusus,False,2025-02-21 16:44:45
tiktok,Positif,24.0,kerennnn lu mbak,False,2025-12-31 13:00:54
tiktok,Netral,24.0,dari 2021 sampe 2025 ada angka 21 dan 25 mungkin pak prabowo habis nonton drakor 2521 makanya masih kepikiran,False,2026-01-07 18:07:02
tiktok,Netral,24.0,"wapres skrg banyak hatters krn gak bs d atur ama yg ono, presiden dan wapres sejalan dan sejalur, berbagi tugas dan berkoordinasi dn berkomunikasi dg lancar, kerja nyata.",False,2026-01-02 15:03:33
tiktok,Netral,24.0,vous pouvez aussi améliorer les conditions de travail local c'est à dire le salaire pour attirer ceux que vous envoyer étudier,False,2025-07-16 19:38:59
tiktok,Positif,24.0,Trump is no better than Putin 💔,False,2026-01-04 05:54:14
instagram,Netral,24.0,"Kalo dipilih lewat DPRD, bukan demokrasi ini namanya",True,2026-01-08 13:18:35
tiktok,Netral,24.0,Typ samma känsla som när Håkan dök upp på Kaptenens spelning 😍😍,False,2025-05-03 21:17:01
tiktok,Negatif,24.0,"lampu jembatan dipakupatan deket kampus uniba mati terus setiap malam, tolong di perhatikan untuk keselamatan pengguna kendaraan",False,2025-02-16 08:19:33
tiktok,Negatif,24.0,Ez a terve hogy kilép az unióból ne kelljen elszámolni …,False,2025-03-12 20:45:21
tiktok,Netral,24.0,info kata kata,False,2026-01-07 09:35:55
tiktok,Positif,24.0,kok suka banget dengan versi orkestra nya....enak banget deh dengar nya....,False,2026-01-02 10:25:36
tiktok,Negatif,24.0,Serasa tak punya presiden.. Pasrah dah..,False,2026-01-05 12:37:09
tiktok,Netral,24.0,nu midiona kumaha salamet,False,2026-01-06 23:40:03
tiktok,Negatif,24.0,betullll tangkap n adili Jokowi,False,2025-08-29 13:31:16
tiktok,Negatif,23.0,ni orang makanannya apaya ngototnya kayagitu,False,2025-11-11 05:58:05
tiktok,Positif,23.0,Saluuut bangett buat mas wapres,False,2026-01-02 15:22:00
tiktok,Negatif,23.0,blm ekstrem?? hndk se ekstrem apa grang pian 😭😭,False,2026-01-07 13:14:52
tiktok,Negatif,23.0,jar guru sekumpul ada gubernur nng bakunyung mmbagi bantuan pas banjir...nng bini nang mamasaknya tp GUBERNUR JAKARTA,False,2026-01-06 05:45:18
tiktok,Negatif,23.0,di pimpin Gerindra negara ini malah mundur kebelakang,False,2025-12-30 21:25:39
tiktok,Negatif,23.0,Rakyat dibutuhkan 2024 lalu. stlh menang tinggalkan. Kembali ke jaman orba lagi.,False,2026-01-04 06:49:34
tiktok,Netral,23.0,artis YouTube,False,2026-01-05 10:19:23
tiktok,Positif,23.0,Mantap ibu Sherly to the point Skali...,False,2025-10-17 18:13:35
tiktok,Negatif,23.0,tolak,True,2025-12-30 12:50:33
tiktok,Netral,23.0,"sama halnya kayak Prabowo,beliau gabisa di ganggu di jam yang serupa,cuma caranya beda, Prabowo berenang,pa Dedi bersepedah/jalan kaki",False,2025-06-03 00:02:13
tiktok,Netral,23.0,«Yalla»,False,2025-11-26 02:14:18
tiktok,Netral,23.0,komen ah biar old🗿 hari : Rabu bulan : Desember tanggal : 31 jam : 07.41 yang mau nitip di bawah 👇,False,2025-12-31 07:41:20
tiktok,Positif,23.0,partai dengan kursi DPR terbanyak pasti akan menang,False,2025-12-31 05:05:58
tiktok,Negatif,23.0,Kalian anak muda belum merasakan baik buruknya MPR memilih Presiden masih jauh lebih baik daripada sistem yg dipake sekarang ..dan muncullah monster Wiwi dan si gen z fufufafa😂😂😂,False,2026-01-06 23:30:17
tiktok,Netral,23.0,DPRD harus bisa diatur rakyat,True,2026-01-02 20:18:41
facebook,Negatif,23.0,"Bosss trus klu pilkada pilih lewat DPRD, gapakai uang... 😀😀😀 Ini akal² elit politik sja bosss 🤭",False,2026-01-05 23:37:59
tiktok,Netral,23.0,tolong jelaskan ke masyarakat kita punya tambang emas terbesar dan kita juga harus beli dengan harga tinggi.. ga mampu di cerna,True,2026-01-07 18:06:53
tiktok,Negatif,23.0,enak jd calon presiden tapi di negeri ini g bakal bisa karena sllu membawa agama,False,2025-09-24 09:47:15
tiktok,Positif,23.0,🇺🇸🇺🇸🇺🇸🇺🇸🇺🇸,False,2026-01-04 19:15:52
facebook,Negatif,23.0,"Kita yang pilih aja ga ada yang bener, apa lagi dprd yang pilih. Rakyat setuju klo bubarin DPRD,DPR dan DPD.",False,2025-12-30 13:36:07
tiktok,Negatif,23.0,mereka ga sadar apa pajak dari crypto saja sampai ratusan miliar bahkan triliunan kalau investor kabur pakai exchange luar Indonesia sendiri yang rugi ga dapet pajak nya,False,2025-12-06 08:11:47
facebook,Negatif,23.0,"Menolak lupa...Indonesia adalah 1 negara pelopor dan icon Pesta Demokrasi Dunia jangan lah dirusak oleh pihak2 yg ingin menghancurkan nya demi kepentingan kepentingan Pribadi.. Sata kata...""Lawan...",True,2026-01-05 03:17:09
tiktok,Netral,23.0,inimah jalur orde baru kembali,False,2026-01-05 23:40:56
tiktok,Positif,23.0,"salfok anaknya cakep, mix indonesia selalu tokcer👍",False,2026-01-07 14:14:08
tiktok,Positif,23.0,suaranya kaya nya disukai sma ahjussi sma ahjumma disana. soalnya sedikit aga immortal song gtu 😭😭,False,2026-01-07 20:14:14
tiktok,Netral,23.0,"tau tau si kakak beneran jadi idol disana, jalur iseng😭😭😍",False,2026-01-07 16:07:34
tiktok,Netral,23.0,"""yg lain mungkin kurang doa""🤣",False,2025-12-05 20:37:29
tiktok,Negatif,23.0,pahlawan kesiangan. . sekian lama menjabat kemana aja sih...,False,2025-05-22 13:13:42
tiktok,Negatif,23.0,itu kalau dirupiahkan berapa uangnya? ada yg tau,False,2026-01-07 16:43:41
tiktok,Positif,22.0,smoga pak Andra Soni bisa membawa Banten istimewa seperti pak Dedy Mulyadi 🙏🙏🙏,False,2025-02-19 08:34:37
tiktok,Netral,22.0,Rakyat harus bergerak 💪💪💪,True,2026-01-02 12:49:22
tiktok,Negatif,22.0,"yaa allah sedih liat bu Ririn, pdhl bu Ririn adalah guru multitalen, yg bisa di banggakan",False,2026-01-06 11:51:01
tiktok,Positif,22.0,sehat selalu presidenku pak.prabowo👍👍👍👍,False,2026-01-04 11:42:30
tiktok,Negatif,22.0,"utk kepentingan pimpinan aja, buat anggota ngaruh dikit",False,2025-03-18 21:54:26
tiktok,Negatif,22.0,Bapak kita itu nggak nyaman tinggal di riau bg terlalu panas jadi dia mau tinggal di jakarta aja🔥,False,2025-11-04 14:42:31
facebook,Netral,22.0,"PILKADA LANGSUNG ATAU DIPILIH DPRD? (Bagian Pertama) Sejak kemerdekaan, negara kita mengenal empat format pengisian jabatan kepala daerah dan wakil kepala daerah. Pertama, Presiden mengangkat langsung gubernur, bupati dan walikota. Kedua, Presiden melalui Mendagri memilih salah satu dari tiga nama yang diusulkan DPRD setempat. Ketiga, Mendagri melantik satu nama yang mendapat suara terbanyak dalam pemilihan oleh anggota DPRD. Dan keempat, pemilihan langsung paket kepala dan wakil kepala daerah oleh rakyat. Wacana yang berkembang saat ini memperhadapkan format ketiga dan keempat. Kepala Daerah yang dipilih oleh DPRD dan dipilih langsung oleh rakyat. Posisi politik saat ini parpol pendukung Pilkada tak langsung (dipilih DPRD) yaitu Gerindra, Golkar, PAN, PKB, NasDem dan Demokrat. Sementara PDI Perjuangan menentang. Sikap PKS belum tampak. PKS belum.menentukan sikap. Bagian Kedua : Sisi Positif dan Negatif Pilkada DPRD.",True,2026-01-08 03:06:50
tiktok,Negatif,22.0,trus untuk sila ke lima masuk gak? 😂,False,2025-12-30 18:18:43
tiktok,Netral,22.0,"PDIP mode oposisi bener"" bisa ngewakilin rakyat jirr",False,2026-01-06 02:47:17
threads,Negatif,22.0,"Alasan berhemat, sejatinya hanya bagi2 kekuasaan.... Kalau mau hemat, yg di ubah teknis pemilu nya, cari formula yg tepat, tapi ah sudahlah...",False,2026-01-06 12:29:25
facebook,Netral,22.0,"Wacana Pilkada Lewat DPRD Jadi Sorotan, Rakyat Terancam Tak Lagi Nyoblos Kepala Daerah Mayoritas fraksi di DPR sepakat mengubah sistem Pilkada dari pemilihan langsung oleh rakyat menjadi dipilih DPRD. Jika disahkan melalui revisi UU Pilkada, rakyat tak lagi mencoblos kepala daerah di TPS. Pilkada langsung pertama kali digelar pada tahun 2005 melalui lahirnya Undang-Undang Nomor 32 Tahun 2004, yang mengatur tentang pemilihan kepala daerah secara langsung oleh rayat. Apakah Pilkada akan dipilih DPRD? Bisa iya. Empat partai politik di DPR RI secara terbuka mendukung Pilkada melalui DPRD, sementara partai lain masih mengkaji dan belum menolak. Jika dilakukan voting, potensi perubahan undang-undang terbuka lebar. Partai apa saja yang mendukung Pilkada via DPRD? Golkar, Gerindra, PKB, dan PAN. Apa dampaknya bagi masyarakat? Masyarakat tidak lagi mencoblos langsung calon kepala daerah. Hak memilih dialihkan ke DPRD sebagai wakil rakyat. Peta politik di DPR Inilah peta politik DPR RI Periode 2024–2029 terdiri dari 8 fraksi dengan jumlah anggota 580 orang. -PKB = 68 Anggota DPR (11,72 persen dari 580 total anggota DPR) -Gerindra = 86 Anggota DPR (14,83 persen dari 580 total anggota DPR) -PDI-P = 110 Anggota DPR (18,97 persen dari 580 total anggota DPR) -Golkar = 102 Anggota DPR (17,59 persen dari 580 total anggota DPR) -NasDem = 69 Anggota DPR (11,90 persen dari 580 total anggota DPR) -PKS = 53 Anggota DPR (9,14 persen dari 580 total anggota DPR) -PAN = 48 Anggota DPR (8,28 persen dari 580 total anggota DPR) -Demokrat = 44 Anggota DPR (7,59 persen dari 580 total anggota DPR) Partai setuju Pilkada via DPR Saat ini ada 4 partai yang setuju Pilkada via DPRD yakni -Partai Golkar -PKB -Partai Gerindra -PAN. Jika empat partai itu kompak di DPR maka suaranya mencapai 304 anggota atau sekitar 52,4 persen dari total 580 anggota dewan. Maka apabila dilakukan voting pemilihan keputusan dengan suara terbanyak maka usul Pilkada via DPRD bisa terealisasi melalui keputusan di DPR RI. Dengan demikian nantinya rakyat tidak lagi memilih gambar calon kepala daerah di TPS. Sumber Tribunnews.com melaporkan sejumlah elite partai politik bertemu pada Minggu (28/12/2025) malam. Mereka yang hadir adalah pihak yang setuju Pilkada via DPRD yakni Ketua Harian DPP Partai Gerindra Sufmi Dasco Ahmad, Ketua Umum Partai Golkar Bahlil Lahadalia, Ketua Umum DPP PKB Muhaimin Iskandar (Cak Imin), dan Ketua Umum DPP PAN Zulkifli Hasan (Zulhas). Pertemuan digelar di rumah dinas Bahlil. Partai lainnya belum menolak masih mengkaji Empat partai lainnya seperti PKS, PDIP, dan Demokrat, belum langsung menolak usulan Pilkada via DPRD dan saat ini masih mengkaji usulan tersebut. Apa yang Berubah Jika Disahkan? Jika Pilkada via DPRD diterapkan: 1.Tidak ada lagi pencoblosan langsung oleh rakyat 2. Kepala daerah dipilih oleh anggota DPRD 3. Sistem demokrasi berubah dari langsung ke perwakilan 4. Alasan utama: efisiensi anggaran dan menekan ongkos politik (TribunBatam.id ) Foto 1: Pilkada berpotensi kembali dipilih DPRD.Empat partai menyatakan dukungan terbuka. Total suara pendukung mencapai lebih dari 50 persen anggota DPR RI.(Tribun Network) Foto 2: Wacana Pilkada melalui DPRD menuai polemik di kalangan masyarakat. (Youtube Kompas TV) Foto 3: Rakyat terancam tidak lagi memilih langsung kepala daerah di TPS. (Tribun Network)",True,2025-12-30 06:30:04
tiktok,Negatif,22.0,seperti melihat emak2 yg lagi marah,True,2025-10-17 20:28:19
tiktok,Negatif,22.0,propinsi jawa termiskin,False,2025-02-01 15:30:24
x,Negatif,22.0,"Foke mah jelas, saat ntu pasti2 aja. Dia kan Wagubnya Bang Yos n diendorse juga sama Bang Yos yaudah ga heran. 2007 kurang asyik. Panas/rame bursanya barulah di 2012. Tapi Pram cetak sejarah sih, 3 Paslon 1 putaran hehehe",False,2025-08-22 05:24:34
tiktok,Netral,22.0,"inya yg bepandir, unda yg supan",False,2026-01-07 17:57:57
tiktok,Netral,22.0,Be astilah hp ku andak d telinga mendangarkn ttp kd paham 😭,False,2026-01-07 18:20:14
instagram,Negatif,22.0,Mengecewakan bapak😢,False,2026-01-08 08:35:35
tiktok,Netral,22.0,Tidak ada satupun yang bisa menggantikan almarhum Benny Laos di hati Bu Tjoanda,False,2025-10-11 09:32:15
tiktok,Positif,22.0,biar g tegang ya pa...lucu pa😁😁😁,False,2026-01-07 14:06:55
facebook,Negatif,22.0,"PDIP sekarang seolah olah berjuang demi rakyat, tetapi saat Jokowi Jadi Presiden mereka berjuang demi kekuasaan. Ingat.... Statement PDIP saat BBM dan Sembako dinaikan sangat menyakitkan.",False,2026-01-08 00:54:05
tiktok,Positif,22.0,jadi platform lebih terpercaya karena harganya valid tidak ada manipulasi harga. orang jadi mau taro duit di kripto.,False,2025-12-06 09:18:36
tiktok,Netral,22.0,"poho k bapak aing, parau yeuh saha sih ieu 🗿",False,2026-01-07 13:24:21
tiktok,Negatif,22.0,Fookin Awesome!! ...,False,2026-01-05 00:05:26
tiktok,Positif,22.0,PDIP tetap Konsisten dan tidak tergoda Kue Kekuasaan.,False,2026-01-08 09:15:53
facebook,Negatif,22.0,"Kembali ke NOL aturan pemilu ini... Jadi buat apa pilkada serentak yang di lakukan tahun 2024 kemaren, baru sekali pilkada serentak langsung berubah lagi mekanisme dan aturannya, negara ini nampak nya masih ujicoba dalam ber aturan dalam memilih para pemimpin... Bagus presiden keluarkan saja DEKRIT kembali ke UUD 45 YANG ASLI",False,2026-01-08 00:53:17
facebook,Negatif,22.0,"Izin berkomentar Ipar... Kenapa Pilkada harus dipilih langsung oleh rakyat, bukan DPRD? Karena kedaulatan ada di tangan rakyat, bukan di ruang2 rapat elite. Jika pemimpin dipilih DPRD, rakyat hanya jadi penonton. Demokrasi bukan soal efisiensi biaya, tapi soal hak memilih. Sekali hak itu dicabut, maka demokrasi mundur pelan-pelan. Lalu apa negatifnya jika itu terjadi? 1.Suara rakyat dalam memilih langsung Kepala daerah akan dirampas, rakyat hanya jadi penonton 2.Transaksi Politik Menguat, 3.Pemimpin tak akan takut dengan suara rakyat secara langsung, meraka akan takut kepada partai /elitnya 4.Akuntabilitas akan melemah, rakyat tak akan punya alat menghukum pemimpin yang gagal 5.Demokrasi akan mundur, partisipasi publik akan mati pelan2 Dan ini adalah awal Tes cast dari sebuah strategi mafia kekuasaan, jika pilkada ini berhasil, tidak ada riak dibawah, maka bisa dipastikan Pemilihan Presiden pun akan dilakukan oleh DPR Kembali...",True,2026-01-07 10:25:50
tiktok,Netral,22.0,SALAM GOLPUT,False,2026-01-08 05:54:26
tiktok,Negatif,22.0,pecah bgt denger beliau ngomong ordal 😭,False,2025-12-05 17:41:17
tiktok,Positif,22.0,pdi p jiwa bertarung 🥰🥰🥰,False,2026-01-08 19:01:13
instagram,Netral,22.0,wakil rakyat mana yang harus dipercaya sehingga wacana jadi begini,True,2026-01-08 12:59:09
instagram,Negatif,22.0,OLIGARKI,False,2026-01-07 07:23:24
tiktok,Netral,22.0,Alla har vi mött kritik o ja bryr inte mig han har rätt,False,2025-11-25 01:53:03
tiktok,Negatif,22.0,"DIDIKAN EMAK BANTENG GK KALENG""",False,2026-01-08 21:58:17
tiktok,Netral,22.0,"tiba"" muncul memanfaatkn situasi😂😂😂",False,2025-09-04 19:21:25
tiktok,Netral,22.0,USA and isreal the territories countries,False,2026-01-04 19:45:00
tiktok,Negatif,22.0,mau siapapun pejabatnya gw ga peduli. yang penting kinerja nya bener. mau dia artis mau gembel sekalipun kalo kerjanya bener gua bela,False,2026-01-05 21:41:02
tiktok,Positif,21.0,"MMG KARAKTER SEPERTI GIBRAN ITU JARANG DIMILIKI ORG2 ZAMAN NOW, PUNYA ADAB YG SGT TINGGI, RENDAH HATI, TAU MEMPOSISIKAN DIRI, DIA SGT HORMAT PD PRESIDENTNYA. GIBRAN MMG SGT KEREN, PINTAR TP SGT MERENDAH.👏👏👏❤️❤️❤️💙💙💙🔥🔥🔥🐦‍🔥🐦‍🔥🐦‍🔥🇮🇩🇮🇩🇮🇩",False,2026-01-02 16:59:18
tiktok,Netral,21.0,"hanya pdip dan bu mega yg gk mau tunduk,tetap jadi penjaga demokrasi..",True,2026-01-07 20:45:10
tiktok,Negatif,21.0,rakyat makin terzolimi,False,2026-01-04 00:26:39
tiktok,Netral,21.0,Dari pada AHY di pecat jadi mentri,False,2026-01-08 15:12:44
threads,Netral,21.0,Selamat ya 🎉,False,2025-12-31 22:17:46
tiktok,Negatif,21.0,"Di halang2i sdn wapres ndk ke balangn oleh sdn yg pemimpin di kalsel blm ksna kira2,mk nya takut dluan org pusat dtg😩",False,2026-01-06 23:21:35
tiktok,Negatif,21.0,wadah kami sudah 2 minggu balaum surut. bahapal lalu Bapandir rumh aku masih Calap balancat batis kdd bantuan apa nah gawian sakit,False,2026-01-06 18:54:30
tiktok,Netral,21.0,Why America is doing that every country has oil Iraq sirya kawait now Venezuela,False,2026-01-04 17:27:28
tiktok,Negatif,21.0,logika saja untk apa kerja klo nda di gaji...klo uang fee2 emg gada dr proyek ytta💀😄,False,2026-01-01 21:13:11
tiktok,Netral,21.0,prabowo bersama KIM + Takut pemilu 2029 melawan PDIP,False,2026-01-07 13:48:06
tiktok,Netral,21.0,neo orba 2026,False,2026-01-06 14:42:00
tiktok,Netral,21.0,coba di audit..jngan di viralin doang bisa jadi di seluruh SMA kab cianjur sama bkan di sdb ajj..,False,2026-01-06 10:18:01
tiktok,Netral,21.0,[sticker],False,2026-01-06 01:11:16
tiktok,Negatif,21.0,panji klo gk nyenggol gk makan,False,2026-01-05 21:26:38
tiktok,Netral,21.0,semua core nya ibuk gue like 😭,False,2025-12-23 12:01:50
tiktok,Negatif,21.0,"Bendera itu artinya kedaulan suatu negara kalau dalam satu negara mendirikan bendera lain bukankah sama saja makar ?.... maaf jika salah tolong dikoreksi, jika pembiaran bahkan pak gubernur tanggapanya mengentengkan maka akan semakin marak dan berani .",False,2025-12-29 09:15:18
facebook,Negatif,21.0,"Saya kwatir, jika pilkada langsung ditiadakan dan DPRD memilih kepala daerah, kedaulatan itu hanya ada di ketua partai politik. Mereka akan seperti penjajah Eropa dulu, membagi dan mengkapling daerah kekuasaan. Mereka akan mengontrol semua SDA dan kekayaan negara ini. pilkadalangsung pilkadadprd kedaulatanrakyat reformasi Komsos Keuskupan Sibolga",False,2026-01-07 11:28:06
tiktok,Negatif,21.0,lah itu plat dinas boleh begitu?,False,2025-08-26 12:02:43
instagram,Negatif,21.0,"Jika wakil rakyat tidak satu suara dengan rakyat, maka siapa yang diwakilinya?",False,2026-01-07 10:17:08
tiktok,Positif,21.0,keren banget ni perempuan 😘🫰,False,2025-11-22 20:17:28
instagram,Netral,21.0,Skrg baru kalian support pdip😂😂😂,False,2026-01-08 13:44:08
tiktok,Netral,21.0,we can all live together,False,2025-10-29 07:03:43
tiktok,Negatif,21.0,"Itu kan jelek nya aja, kl baiknya kan ada ini peraturan 2 sisi",False,2025-12-06 18:49:49
tiktok,Netral,21.0,"""Yang lain mungkin kurang Do'a ""😭🤣",False,2025-12-05 18:21:44
tiktok,Netral,21.0,singkat padat ordal🙏,False,2025-12-05 17:56:54
facebook,Negatif,21.0,Saya pribadi juga menolak karena kembali zaman orde baru lumbung nya nepotisme,True,2026-01-07 02:47:13
instagram,Netral,21.0,Besok yakin akan jadi pramugari penerbangan International ya kak😍😍😍🙏🏻🙏🏻🙏🏻,False,2026-01-08 03:33:38
tiktok,Netral,21.0,Sending support to all Indonesians fighting against corruption ✊🏾 we pray for your success!,False,2025-08-30 22:33:06
tiktok,Netral,21.0,Pak Prabowo sendiri yg sowan ke kraton,False,2025-02-28 18:37:11
tiktok,Netral,21.0,"hasto bernyanyi untuk buka kasus BLBI,,saya sangat setuju",False,2025-02-23 13:40:02
facebook,Netral,21.0,Like untuk PDI Perjuangan Love untul Partai Pendukung Pilkada Bupati dan Gubernur di Pilih Anggota DPRD PilkadaLangsung PilkadaDPRD Rakyat DPRD,False,2026-01-07 23:27:26
instagram,Netral,21.0,Politik uang akan berputar dikalangan elit,False,2026-01-07 08:46:11
tiktok,Netral,21.0,Mong chúa lấy ống hút cạn lũ ở thái nguyên,False,2025-10-11 07:38:22
tiktok,Netral,21.0,"Ça coûte chère vous avez compris, ça coûte chère 😭💔",False,2025-07-16 19:49:17
tiktok,Netral,21.0,Sahkan RUU Penindasan Rakyat 🔥,False,2025-03-18 22:50:48
tiktok,Negatif,21.0,alahhhh dia bela suara aniss🤣🤣,False,2025-09-04 20:56:01
tiktok,Netral,20.0,The real slay queen🫵🏻,False,2025-11-22 22:54:20
tiktok,Negatif,20.0,kesalahan ucap dan lupa tahun kembali terulang setelah pengucapan selamat tahun baru 2021 ?,False,2026-01-07 18:49:57
tiktok,Positif,20.0,saya orang Jawa Tengah intinya mau Artis atau tidak yg terpenting itu kerjanya. saya sangat mendukung KDM 👍👍👍,False,2026-01-04 17:20:36
facebook,Negatif,20.0,"Selain PKB, yg menerima pilkada dipilih oleh DPR, ya masuk akal, pimpinannya berasal dr partai Golkar... Klo diringkas sebenarnya yg menerima sebenarnya 2 partai yaitu PKB dan Golkar... Tidak tahu PKB di bawah Cak Muhaimin kok begini ya, melupakan sejarah kelam, yg dikejar kekuasaan, PDIP tdk diragukan lagi yaitu menolak secara tegas, mewakili suara rakyat..",True,2026-01-07 04:37:37
tiktok,Negatif,20.0,"itu yang pak ahok katakan baru benar karena di Indonesia ini rakyat lah sebagai pemengang saham, pejabat itu adalah pengelola amanat rakyat",False,2026-01-03 06:12:52
instagram,Netral,20.0,Klo versi Qodari biasanya beda tuh,False,2026-01-07 10:36:21
tiktok,Positif,20.0,"""Gagah juga kau, Bisa juga jadi gubernur""😅😅 Asa teu yakin ya pak",False,2025-11-07 03:03:34
tiktok,Negatif,20.0,Apaan ini? Sidang terbuka kah? seru kaliii ibukuuu iniiiii🤣,False,2026-01-07 08:36:09
tiktok,Positif,20.0,i’m crying reading all of the comments… the fact that all of Southeast Asian countries are supporting Indonesia make my heart so happy. you are helping us to be even more brave to fight this corrupted government. please pray for us that we can go through it…,False,2025-08-31 08:03:31
tiktok,Positif,20.0,Srikandi Maluku Utara yg Paling Cemerlang🥰,False,2025-12-24 12:39:15
tiktok,Netral,20.0,"My friends are teacher, they tell me the salary, can you guess how much the salary ? $2 for a month ,literally just $2",False,2025-08-31 05:37:51
tiktok,Netral,20.0,yang wawancarai yg jadi bingung...lain pertanyaan lain jawaban😁,False,2025-12-18 19:16:28
tiktok,Negatif,20.0,"percuma reformasi berdarah darah, akhirnya kita kembali kezaman kegelapan,emng ini tujuan pemerintah memilahara orang miskin,biar mereka bisa mengatur negara ini semua mereka,Tampa ada yg boleh protes,klo ada yg protes dibilang memfitnah",False,2026-01-07 11:32:19
tiktok,Netral,20.0,2029 jangan pilih partai demokrat,True,2026-01-07 15:18:00
tiktok,Positif,20.0,Jellek kursi rodanya😭,False,2025-12-23 18:06:00
instagram,Negatif,20.0,Gmn warga RW 58... Dan yg lain... Gw mah dr dulu PDI-P.... 😂😂😂,False,2026-01-07 02:15:07
tiktok,Netral,20.0,PDIP HARUS PERCAYA DIRI.. UTK PILPRES 2929,True,2026-01-01 19:40:04
tiktok,Netral,20.0,Pour que les étudiants rentrent travailler il faut qu’il ai du travail sur le marché de l’emploi !,False,2025-07-16 21:36:33
tiktok,Netral,20.0,Pourquoi ils doivent quitter leurs pays pour étudier? Voilà la bonne question.,False,2025-07-17 00:27:34
tiktok,Netral,20.0,"America has no right to violate human rights. Why did the world sit silent? If another country had done something like this, they would have been accused.",False,2026-01-04 16:30:48
threads,Negatif,20.0,"Pilkada langsung = butuh duit banyak, butuh sponsor.. akhirnya menang pun disetir sponsor. Pilkada tdk langsung = jadi tempat bargain politik antar sesama parpol. Siapa yg mau, bayar ke mafia politik itu. 2 2 nya banyak mudharatnya.",False,2026-01-07 01:02:05
tiktok,Positif,20.0,"GAK NGARUH DI ERA PADA NGEJATUHIN KDM, TETAP SUPPORT KDM TERUSSS ....",False,2025-06-03 09:24:26
tiktok,Negatif,20.0,ibuu semoga selalu d jaga d lindungi soalny orang baik tulus byk musuh ny,False,2025-09-24 06:41:34
tiktok,Negatif,20.0,hampir 10 tahun pak Jokowi gaada demo,True,2025-08-29 12:26:39
tiktok,Netral,20.0,semoga pemilu yg akan datang jadi partai pemenang salam dari banten pdip,False,2026-01-01 11:37:21
tiktok,Negatif,20.0,audit aja biar jelas...kalau gitu mah bias pembelaan semdir,False,2026-01-06 18:55:22
tiktok,Negatif,20.0,Yg bilang perempuan tidak bisa memimpin maju noh,False,2025-09-14 08:49:02
facebook,Negatif,20.0,Pada intinya sama yg punya duit yg menang dan bisa berkuasa/ pemilu langsung rakyat bisa di bodohi dg uang di pilih DPRD pun suara bisa di beli,True,2025-12-30 06:06:46
tiktok,Positif,20.0,Pakai Pi coin SDH mendunia 👍,False,2025-11-06 10:20:03
tiktok,Netral,20.0,itu aspal merah mungkin inovasi jalan terbaru.... 🤭🤭🤭🤭🤭,False,2026-01-08 11:19:14
tiktok,Netral,20.0,"pak tolong pak, kota bandar Lampung jl.p.tirtayasa kp.bukit laban di benarkan, jalan nya sudah sperti sawah 😭",False,2025-03-06 00:58:41
tiktok,Negatif,20.0,lapor purbaya aja kan anak mya juga maen cripto,False,2025-12-05 20:53:41
instagram,Netral,20.0,"Kemunduran demokrasi , turut berdukacita",True,2025-12-30 07:55:36
tiktok,Positif,20.0,POLRI BERSAMA RAKYAT 😇😇😇,False,2025-03-19 15:13:45
tiktok,Netral,20.0,BRODY KEONWOO YOUNGJUN RELATE BGT YAALLAH😭😭,False,2026-01-07 18:21:26
tiktok,Netral,19.0,who run the worlds?! Girls. -Beyonce-,False,2025-11-23 10:23:39
tiktok,Netral,19.0,semoga bu sherly jd RI 1 ❤❤,False,2026-01-04 18:37:04
tiktok,Netral,19.0,mother is mothering 💜,False,2025-11-22 18:52:01
instagram,Positif,19.0,"Gue suka Ansor sekarangggggg, setujuuuuuuuu",False,2026-01-03 12:48:36
tiktok,Netral,19.0,"tolak ,presiden gubernur bupati dipilih oleh parlemen",True,2026-01-07 12:35:55
tiktok,Positif,19.0,"apasalahnya sih dukung pemerintah sekali aja, semangat pak prabowo🫡 dukung penuh RUU TNI🫡🫡",False,2025-03-21 05:51:34
tiktok,Netral,19.0,Claus Costa hatte bei den Transfers von vuscovic viera und lokonga den meisten Einfluss !,False,2026-01-03 00:04:32
tiktok,Netral,19.0,Jan Emanuel 🙏,False,2025-11-25 03:10:03
tiktok,Netral,19.0,yg lain mungkin kurang doa' 😭🙏,False,2025-12-05 18:17:48
facebook,Negatif,19.0,Jangan sampai hilang kepercayaan umat kepada MUI... Menurut kita lebih baik dilksanakn seperti biasa karena ini suara rakyat yang di jaga kerahsiaanya...masalah korupsi itulah yang harus dibenahi dijaga seketat ketatnya.. Kalau dari atasnya korupsi maka kebawahnya juga akan menular sedikit atau banyak..,True,2026-01-08 02:43:04
tiktok,Positif,19.0,Semangatnya spirit untuk rakyat sudah hebat. pertahankan.,False,2025-12-23 00:03:56
facebook,Negatif,19.0,"Kalau memang data itu benar adanya 70% memilih karena uang, maka sdh tepat sekali pemilihan Gubernur/Wagub dan Bupati/Wabup dikembalikan saja ke DPRD. Jangan biarkan Masyarakat dimanjakan oleh amplop para Calon, dari sisi agama pasti Dosa. Kalau nantinya DPRD mau menerima sogokan andaikan itu akan terjadi, cukup beberapa orang itu saja sbg penikmat politik uang. Sebagai masyarakat tugas kita memilih calon anggota DPRD yg berkualitas bukan karena money politic dan mereka itulah yg jd perwakilan memilih Gubernur dan Bupati. Selain itu jika diperhatikan pendapat beliau diatas yg masih membutuhkan kajian secara kholostik dan mendalam nampaknya beliau itu masih terlena atau kurang berinteraksi dgn masyarakat. Mestinya sbg politisi beliau setiap saat memperhatikan dinamika masyarakat khususnya sejak diberlakukannya pemilihan langsung. Kalau ada yg masih mendukung pasti hanya segelintir saja.",False,2026-01-06 05:45:16
tiktok,Netral,19.0,America and Israel are the biggest threat to world peace and humanity. 😡😡,False,2026-01-04 15:51:13
tiktok,Netral,19.0,Tôi đang lo sợ nước ngập vậy mà không nhổ đinh ra sẽ bị uốn ván,False,2025-10-10 00:06:17
tiktok,Negatif,19.0,"Mereka mau bikin "" KEMISKINAN YANG STRUKTURAL "" Rakyat gaboleh kaya, Kalo rakyat kaya gabisa diatur pake duit soalnya 🤪",False,2025-12-06 14:37:21
tiktok,Netral,19.0,Kada paham unda sidin nih bepandar menjelaskan apa,False,2026-01-06 18:24:57
tiktok,Netral,19.0,kebayang gk si nanti ada yg beli nasi Padang pake faucet sepolia 😂,False,2025-09-25 16:28:25
instagram,Positif,19.0,Pdahal dpR ga dipercaya rakyat,False,2025-12-21 05:08:55
tiktok,Negatif,19.0,Penguasa takut sama omongan pak BTP😅,False,2026-01-06 21:07:42
tiktok,Positif,19.0,"bikin gapura perbatasan na atuh kang meh Aya ciri... Banten keren lebih ke alami,Jabar skrng lebih ke modern..👍🙏",False,2026-01-08 10:00:55
tiktok,Netral,19.0,pa gubernur kami handak maundang Rhoma irama adakah dananya Sagan mamindahkan hujan Napa hari hari nah hujannya,False,2026-01-07 18:56:49
tiktok,Positif,19.0,Bangga!!! 💪💪💪 Karena seplenger gtu ya kwkwk,False,2026-01-07 13:16:41
tiktok,Negatif,19.0,waktunya indo mengobrak-abrik dunia,False,2026-01-07 19:58:36
instagram,Netral,19.0,Sby setuju karna anaknya dapat jatah kursi menteri🔥🔥🔥,False,2026-01-08 13:05:01
tiktok,Positif,19.0,pdhl fakta,False,2026-01-05 18:49:48
facebook,Netral,19.0,"Gerindra mendukung wacana pilkada dipilih DPRD demi efisiensi anggaran, menekan ongkos politik, dan mengurangi polarisasi di masyarakat.",False,2025-12-29 10:07:31
tiktok,Negatif,19.0,pak Babelan tuh masih byk jln rusak,False,2026-01-05 14:05:57
tiktok,Negatif,19.0,karena gaji untk apa sdkit...yg tanda2 tangan proyek lbh bnyak 😄💀,False,2026-01-01 19:15:41
facebook,Negatif,19.0,Mau kembali oorde baru masyarat di buungkam bahaya sedangkan orang sudah tak percaya sama DPR lihat DPRD Pati kemaren.,True,2026-01-04 10:29:23
facebook,Netral,19.0,"PAN menilai usulan pilkada dipilih DPRD layak dipertimbangkan untuk mengatasi politik uang, dinasti, dan identitas yang kian intens dalam pilkada langsung.",False,2025-12-29 12:28:14
tiktok,Netral,19.0,I dont think labour is gonna win any voters in the next year,False,2025-12-17 20:56:29
tiktok,Positif,19.0,"aku pendukung pak samsuar bg,menurutku beliau jujur 2x jdi bupati siak aman",False,2025-11-04 16:04:00
facebook,Netral,19.0,"Viktor Silaen: Wacana Pilkada Dipilih DPRD Layak Dikaji Secara Objektif, Jangan Ditolak Secara Emosional Anggota DPRD Sumut Viktor Silaen SE MM menilai usulan Presiden Prabowo Subianto dan Ketua Umum Partai Golkar Bahlil Lahadalia, agar pemilihan kepala daerah dilakukan melalui DPRD, bukan secara langsung, merupakan wacana yang layak dikaji secara objektif, mendalam dan rasional, jangan ditolak secara emosional. ""Mekanisme pemilihan kepala daerah melalui DPRD ini berpotensi besar menekan anggaran daerah, memperkecil politik uang, serta meningkatkan kualitas kepemimpinan di daerah,"" ujar Viktor Silaen kepada wartawan, Selasa (9/12/2025), melalui telepon dari Medan. Bahkan yang terpenting, tambah Viktor, bukan siapa yang memilih, tetapi apakah sistem itu mampu menghasilkan pemimpin yang berkualitas dan efektif bekerja, sehingga usulan ini layak dikaji secara terbuka. Seperti diketahui, ujar Viktor, Pilkada langsung membutuhkan anggaran yang sangat besar dan sering membebani daerah, karena harus menghabiskan ratusan miliar rupiah hanya untuk satu kali pemilihan. “Dengan pemilihan melalui DPRD, beban anggaran bisa ditekan. Dana ratusan miliar itu bisa dialihkan untuk pembangunan, pendidikan, infrastruktur, atau penanganan bencana yang lebih mendesak bagi rakyat,” kata Viktor sembari menambahkan, efisiensi anggaran merupakan alasan logis yang tidak boleh diabaikan dalam kajian sistem politik ke depan. Selain efisiensi, Viktor menilai mekanisme pemilihan oleh DPRD berpotensi menekan praktik politik uang yang selama ini masif dalam Pilkada langsung. Transaksi politik berskala besar bisa berkurang, konflik horizontal antarpendukung yang selalu muncul dalam Pilkada langsung, bisa diminimalisir. Politisi Partai Golkar Sumut ini menegaskan, pemimpin yang dipilih melalui DPRD tetap memiliki legitimasi, selama prosesnya transparan dan sesuai undang-undang. Namun demikian, katanya, meski melihat banyak kelebihan, tidak menutup mata bahwa perubahan sistem ini tetap memerlukan perbaikan budaya politik di legislatif, dengan memperkuat integritas DPRD, prosesnya harus transparan, akuntabel dan membuka ruang partisipasi publik. Viktor menyimpulkan DPRD Sumut pada prinsipnya terbuka terhadap kajian nasional mengenai mekanisme pemilihan kepala daerah. Jika sistem baru terbukti lebih efisien, lebih stabil dan menghasilkan pemimpin daerah yang lebih berkualitas, tidak ada salahnya dibahas demi kepentingan rakyat, bukan kepentingan politik sesaat.(*) PilkadaLangsung PilkadaDPRD PresidenRI PrabowoSubianto BahlilLahadalia DPRDSumut ViktorSilaen SNN SIBNewsNetWork",True,2025-12-09 06:16:42
tiktok,Negatif,19.0,"kan aceh negara sendiri,pusatnya dimana emng?",False,2025-12-20 14:12:53
tiktok,Positif,19.0,lebih baik di pilih sama rakyat,False,2026-01-01 13:09:43
threads,Netral,19.0,"Saya memilih anggota DPRD itu untuk fungsi Legislasi, Anggaran dan Pengawasan bukan mewakili saya untuk memilih eksekutif Bupati Walikota atau Gubernur. TolakPilkadaLewatDPRD TolakPilkadaOlehDPRD TolakPilkadaAkal2an TolakPilkadaPerwakilan DukungPilkadaLangsung PilkadaLangsung",True,2026-01-07 02:18:32
tiktok,Negatif,19.0,rakyat wajib tolak pilihan kembali ke DPRD. demokrasi rakyat di bungkam seperti orde baru....nilai² reformasi akan di hilangkan.,True,2026-01-01 13:37:19
tiktok,Netral,19.0,langsung nasional anjirrr😭😭😭,False,2026-01-07 16:15:55
tiktok,Positif,19.0,"itu kayanya selama di indo dia suka dengerin dangdut sama emak emak , pas dikorea juga suka dengerin lagu jadul sama ahjumma jadi udah khatam 😭😭😭",False,2026-01-07 13:40:41
tiktok,Negatif,19.0,jangan coba hilangkan hak rakyat untuk memilih pemimpin,False,2025-12-27 19:22:42
tiktok,Netral,19.0,bpa ngelawak ni mah🤣🤣,False,2026-01-07 13:47:58
tiktok,Netral,19.0,"Boleh nonton tayangan ulang live kami di Instagram kejati sulsel. kami tidak menyebut nama lengkap, kami hanya menyebut inisial, adapun nama lengkap yg beredar itu press release dari wartawan. Mohon lebih bijak berkomentar 😊",False,2025-12-30 22:20:14
tiktok,Negatif,19.0,"Ada yg terlalu tua dan ada yg blm cukup umur, 🤣🤣🤣🤣 terll dipaksakan memimpin bangsa besar ini",False,2026-01-07 20:09:21
tiktok,Netral,19.0,"pemikiran bung Fery yg betul , lanjut bung .",False,2026-01-08 05:46:40
facebook,Negatif,19.0,"Saya sangat setuju pikada di pilih dprd, biar nggak ada lagi timses, baliho, politik uang, buzer media, bikin rakyat terpecah belah kayak sekarang, tapi setiap calon kepala daerah harus di awasi kpk, supaya tidak ada suap menyuap ke dpr👍",True,2025-12-30 14:24:11
tiktok,Negatif,19.0,gimana dgn kasus pembabatan hutan lindung dan ilegal mining..?,False,2026-01-01 17:55:41
instagram,Positif,19.0,Tambang membutakan hati,False,2026-01-07 07:27:10
tiktok,Netral,19.0,nepalkan sebelum di sahkan,False,2026-01-04 21:32:35
tiktok,Negatif,19.0,nak mundur pilihlah pas,False,2025-08-30 16:14:58
instagram,Netral,19.0,Karepmu wes kono min imin,False,2025-12-20 04:51:34
tiktok,Netral,19.0,Muhidin ni JD menang semalam krna wakil nya pak hasnur,False,2026-01-07 17:52:07
tiktok,Negatif,19.0,setuju pemimpin di pilih oleh DPR. karna DPR udah di pilih rakyat. kalau PDIP tidak setuju . jangan ikut aja .,True,2026-01-07 05:59:08
tiktok,Netral,19.0,INI BISA AJUKAN PRA PERADILAN,False,2025-05-07 08:10:53
tiktok,Netral,19.0,KDM : Aura kasih lisa mariana masa sih bisa salah nama,False,2026-01-07 15:41:44
tiktok,Netral,18.0,why is it in such a bristolian accent 😭😭,False,2025-09-19 23:31:18
tiktok,Negatif,18.0,"Mungkin Maksudnya sidin Banyaki baacara RELIGIUS contoh Maulid habsy,burdah,Dalail DLL.. tidak membela siapa² lah hanya sekedar membaca maksud aidin🙏",False,2026-01-08 07:53:34
tiktok,Positif,18.0,buk Sherly ceplas ceplos🤣🤣🤣,False,2025-12-05 18:37:13
tiktok,Negatif,18.0,saya yakin bukan karna biaya tapi ingin menjadi penguasa seumur hidup,False,2026-01-07 03:30:57
tiktok,Netral,18.0,Can someone tell me how the governor joke started,False,2025-11-14 16:35:08
facebook,Negatif,18.0,"Kita lawan, krn efisiensi hanyalah alibi mereka yg ingin melanggengkan kekuasaannya lewat koalisi gemuk yg di gaungkan koalisi permanen itu, padahal secara biaya jauh lebih mahal pemilihan lewat DPRD krn sya masih inget dulu dgn syiatem pemilu seperi itu justru tiap kepala DPRD dibeli dgn nilai milaiaran suaranya&itu haxa masuk ke saku pribadi anggota dewan kenapa klo ke rakyat bilangnya pemborosan",False,2025-12-30 16:40:03
facebook,Netral,18.0,"DPR boleh berkoalisi, suara rakyat tdk bisa dibendung. NKRI harga mati.",False,2025-12-30 11:51:05
tiktok,Negatif,18.0,"sudah punya dapodik, sudah sI paud, punya nuptk, sudah 19 thn mengajar, sudah punya simpkb kenapa paud nonformal tidak bisa ikut ppg dan tidak diakui?",False,2026-01-04 15:20:58
tiktok,Positif,18.0,betul pa Ahok setuju...,False,2026-01-04 10:26:42
instagram,Netral,18.0,Buk mega yg di dukung oleh pak SBY pencetus pemilihan umum seperti sekarang 😂😂🔥🔥🔥🙌❤️,False,2026-01-01 06:12:53
tiktok,Positif,18.0,kyk ngadu sama emakk enak kalii ya ada pertemuan gini🤣,False,2026-01-07 10:31:42
tiktok,Negatif,18.0,"nahhhh ini bagus nih, pemimpin lgsg trn nanya permasalahan warga nya, sumpah gw kehabisan kata kata buat ibu sherly 🙏🙏🙏🙏",False,2026-01-06 22:24:49
facebook,Negatif,18.0,Rakyat yang mana kalau rakyat cerdas pilih Pilkada dipilih oleh DPRD dengan tujuan dan harapan supaya tidak terjadi ADU JOTOS sesama Pendukung Para Calon karena kalau merasa DIPILIH RAKYAT menjadikan RAJA KECIL di wilayahnya sehingga siapapun tidak bisa Memberhentikan dengan Dali saya dipilih rakyat ... Na Luh,False,2026-01-08 02:47:53
tiktok,Negatif,18.0,"begitulh klo emak""LG marah😂",True,2025-10-17 16:58:25
tiktok,Negatif,18.0,"Giliran kepemerintahan kerja model gini ada aja warga nya yng ngk setuju,kalo ngk kerja ya warga yng bandel bilng pemerintah nya mana😂😂",False,2025-11-12 17:11:30
tiktok,Negatif,18.0,DPR KAPAN MEWAKILI RAKYAT...? 😂 IDE YANG SANGAT BERBAHAYA...!!,True,2025-12-30 21:29:54
tiktok,Netral,18.0,👍👍👍👍👍 Tor monitor KETUA....... 👌👌👌,False,2026-01-02 05:42:15
tiktok,Netral,18.0,Kukukuk ya menyapa gebernur🤣,False,2026-01-07 11:50:42
tiktok,Positif,18.0,kata Ganjar teteplah berintegritas meskipun itu pahit,False,2026-01-06 21:42:30
tiktok,Netral,18.0,"2.5jt? Lahh dari tahun kemarin udh banyak yg jual 2,8, skarang 3,3jt juga ada",False,2026-01-07 15:48:50
tiktok,Netral,18.0,ibu ini timernya sampe 10 sampe besok ini😭,False,2025-12-24 00:30:33
tiktok,Netral,18.0,kader pdip ngomongnya gitu🤣🤣🤣🤣,False,2025-08-29 07:07:21
tiktok,Netral,18.0,lama kelamaan KDM makin mirip dengan bapak Joko Widodo 🤟🤟,False,2025-06-03 05:04:23
tiktok,Netral,18.0,USA has become pirates 💯💯💯,False,2026-01-04 13:17:57
tiktok,Negatif,18.0,"kalau mau ke acara intinya makan dulu gak sih, biar gak mengharap lebih dari acara tersebut. gak paham yaaa,,,menyala gubernur orang. 🥰🥰🥰",False,2025-12-20 08:00:03
tiktok,Netral,18.0,PDIP berkuasa tak pernah amputasi demokrasi Gerindra baru 1 tahun sdh mulai ubah demokrasi,True,2025-12-30 07:53:56
facebook,Netral,18.0,"Partai Demokrasi Indonesia Perjuangan atau PDIP menolak usul pemilihan kepala daerah kembali digelar melalui dewan perwakilan rakyat daerah atau pilkada lewat DPRD. Ketua Dewan Pimpinan Pusat Bidang Kehormatan PDIP Komarudin Watubun mengatakan sikap partainya tak berubah dengan yang diputuskan pada 2014, yaitu mendorong pilkada tetap dihelat secara langsung oleh rakyat. ""Kami tetap konsisten menjaga demokrasi. Pilkada harus langsung melibatkan rakyat,"" kata Komarudin melalui pesan WhatsApp, Kamis, 1 Januari 2026. Dalam sejarahnya, pilkada secara langsung atau pemilihan oleh rakyat di Indonesia dilakukan perdana pada 2004 setelah Dewan Perwakilan Rakyat mengesahkan Undang-Undang Nomor 32 Tahun 2004 tentang Pemerintahan Daerah. Wacana pengembalian mekanisme Pilkada ke DPRD terus bergulir di Senayan. Berdasarkan data terbaru, mayoritas suara telah memberikan sikap: 373 Kursi menyatakan mendukung. 97 Kursi masih dalam tahap mengkaji. 110 Kursi menyatakan menolak. Dengan dominasi lebih dari 60% kursi yang mendukung, akankah mekanisme pemilihan langsung segera berakhir? Sumber: Tempo & AFU.id volkinfo pdip golkar gerindra",True,2026-01-07 05:41:47
threads,Negatif,18.0,Alasan Gue Masih simpati sama PDI P. Ngga sempurna ... Tapi Masih ada point point yg Masih memihak ke Rakyat Dan berdasarkan konstitusi. Dulu sempet berharap ke PSI eh ternyata...,False,2026-01-07 00:31:18
tiktok,Negatif,18.0,kok lebih pintar simpanse dari pada dia😂,False,2025-12-09 06:49:17
tiktok,Netral,18.0,"support from phillipines, stay safe🇮🇩",False,2025-08-30 23:16:28
tiktok,Negatif,18.0,kan kita bayar pk... yang ngatur dinas perhubungan😌 kita lewat mana saja bebas...INDONESIA ANEH...GUBERNUR KOK NGURUSI DALAN 😂😂😂😂,False,2025-12-13 20:15:34
facebook,Positif,18.0,PDI.P tetap tegak utk Rakyat 👍,False,2026-01-07 02:20:04
facebook,Negatif,18.0,"Ada usulan yang menarik dari politisi Partai Golkar, Ahmad Doli Kurnia, bahwa kepala daerah tak usah saja ada wakilnya. Atau wakil cukup ditunjuk kepala daerah terpilih saja dari ASN atau merupakan pejabat karir. Usulan-usulan kreatif seperti ini yang mestinya keluar dari seorang politisi cerdas dan punya niat baik untuk demokrasi. Bukan serta merta menghapus sistem pemilihan langsung dan kembali ke sistem perwakilan. Keluar dari mulut harimau masuk ke mulut buaya. Kira-kira begitulah. Sedang dipilih secara langsung saja banyak kepala daerah yang sudah terpilih tak lagi peduli dengan rakyatnya. Apalagi, kalau tak dipilih oleh rakyat? Satu dua tentu ada yang tak begitu. Tapi umumnya akan begitu. Pengalaman kita kepala daerah dipilih DPRD jauh lebih lama daripada kepala daerah dipilih secara langsung. Banyak minusnya ketimbang plusnya. Bukan mustahil kepala daerah hanya memperhatikan kepentingan anggota DPRD daripada rakyat. Dalam pemilihan langsung saja itu terjadi, apalagi kalau dipilih melalui DPRD? Tak tahu lagi apa yang mau disebut. Alasan efisiensi dan efektivitas tak bisa diadu dengan alasan demokrasi itu sendiri. Pemilihan langsung itu hakikat dari demokrasi dalam sistem presidensial. Kecuali, kita mau ubah menjadi sistem parlementer. Yang paling mungkin memang kepala daerah di tingkat gubernur dipilih DPRD atau malah ditunjuk Presiden, karena perwakilan Pemerintah Pusat di daerah. Atau jadikan saja gubernur sebagai posisi setingkat menteri. (Erizal)",True,2026-01-08 02:07:21
facebook,Negatif,17.0,"Mayoritas rakyat SDH terlalu bangga berpesta pora atas kemenangan Prabowo dan sekarang mulai kena sleding, tapi bagus juga sih agar orang"" kelahiran th 90 an gak pernah ngalami jaman Suharto tapi begitu banggakan Suharto dan anak anaknya biar tau sejarah orde baru Suharto, di lain pihak partai Golkar yg terpuruk sejak runtuhnya Suharto bisa menggunakan siasat liciknya dgn saudara sedarah Gerindra dan Nasdem.",False,2026-01-05 05:47:11
facebook,Netral,17.0,Orde baru bermunculan dengan narasi yang bermacam macam Singkirkan kelompok yang punya pikiran semacam ini....rakyat tetap yang berkuasa,False,2025-12-29 23:18:18
tiktok,Negatif,17.0,maklum manusia masih ada kesalahan dan khilafan guys. maklumin aja.,False,2025-06-03 11:02:17
tiktok,Negatif,17.0,Kasian mc nya susah nyebut namanya,False,2026-01-07 15:56:07
tiktok,Negatif,17.0,"kenapa harus babe aldo yang berbicara ,mana kita asli kalimantan ,terima kasih babe aldo",True,2026-01-07 17:20:13
tiktok,Netral,17.0,"The US should come and play on this side of the world, we'll show them how we do business",False,2026-01-04 23:52:16
tiktok,Positif,17.0,PDI Mantappp.,False,2026-01-03 08:41:38
tiktok,Netral,17.0,SELAMAT TAHUN BARU 2021🎉,False,2026-01-07 20:25:06
tiktok,Netral,17.0,gini lho kalo kepala daerah nggak perlu keluar banyak duit buat kampanye tapi cukup setor aja ke dprd,False,2025-12-31 09:21:23
tiktok,Netral,17.0,what a shameful act by USA,False,2026-01-04 19:35:10
tiktok,Netral,17.0,No UN or AU or EU !! The international law is out dated or non - functional !,False,2026-01-04 13:41:38
tiktok,Positif,17.0,"gapapa di bilang in Lampung itu keras.,tapi pas demo damaii donggg Lampung emngg keren",True,2025-09-02 07:27:51
tiktok,Positif,17.0,orng yg kerja keras tapi tidak suka berbagi rejekinya cmn disitu2 aja tp yg kerja keras suka berbagi rejekinya banyak tambahanya dri berbagai arah.,False,2025-10-11 23:46:06
tiktok,Negatif,17.0,"rill kemaren papasan sama rombongan ini kenceng banget 80km/jam+, mana rombongan nya banyak (20+ mobil), saya sampe harus minggir. sudah kasih tanda untuk pelan pelan karena lemparan batunya menghantam kaca mobil sampai hampir pecah tapi tetep ga di gubris 🙏🏻",True,2026-01-07 14:46:43
tiktok,Netral,17.0,"C'est ce qui nous attend, ici en France, si Mèlenchon est élu Président en 2027.",False,2025-04-08 17:25:14
tiktok,Netral,17.0,Demokrat Masuk Angin,True,2026-01-07 15:25:36
tiktok,Positif,17.0,stay strong Indonesia 🇮🇩 from Cambodia 🇰🇭🫂💞,False,2025-08-31 05:59:28
instagram,Negatif,17.0,"Mahal lah,anggaran negara aja di pakai Dengan tulisan bansos menjelang pemilihan 😂😂😂",False,2026-01-07 08:12:56
tiktok,Netral,17.0,"if you know, If you want to be part of the government, you don't need to have a high level of education such as a diploma or a bachelor's degree. Meanwhile, for small jobs there, minimum education must be a diploma or bachelor's degree and have at least 2 years of work experience.",False,2025-08-31 05:36:22
tiktok,Netral,17.0,dlm ati e ngemening kple q gwe2 kyk ni🤣,False,2026-01-05 21:31:11
tiktok,Positif,17.0,Lagi kepikiran aura kasih pasti 😅,False,2026-01-07 14:15:54
tiktok,Negatif,17.0,kalok GK gtu panji gak makan,False,2026-01-05 16:57:31
tiktok,Positif,17.0,Fuul Bahagia Abis Wd 29Jt Bilek🤩💰📈,False,2025-10-18 00:24:54
tiktok,Netral,17.0,waspada mulyono baru 😅,False,2026-01-05 18:57:31
facebook,Netral,17.0,"Pilkada DPRD dan Masa Depan Kedaulatan Rakyat Oleh: Andi Dahrul Wacana mengembalikan pemilihan kepala daerah (Pilkada) ke DPRD kembali menguat. Di permukaan ia tampak sebagai upaya efisiensi anggaran dan stabilitas politik. Namun di lapisan yang lebih dalam, perdebatan ini menyentuh jantung demokrasi kita: siapa sesungguhnya pemilik sah kekuasaan—rakyat atau elite politik? Jean-Jacques Rousseau telah mengingatkan sejak awal demokrasi modern: “La souveraineté ne peut être représentée, pour la même raison qu’elle ne peut être aliénée.” Kedaulatan tidak dapat diwakilkan, sebagaimana ia tidak dapat dialihkan. (Du Contrat Social, Buku II, Bab I, hlm. 64, Édition Garnier, 1964) Ketika hak rakyat memilih pemimpin daerah dipindahkan sepenuhnya ke DPRD, yang terkikis bukan sekadar prosedur, melainkan hakikat kedaulatan itu sendiri. Robert A. Dahl menempatkan partisipasi luas dan kompetisi terbuka sebagai fondasi demokrasi: “A key characteristic of a democracy is the continued responsiveness of the government to the preferences of its citizens, considered as political equals.” Ciri utama demokrasi adalah respons berkelanjutan pemerintah terhadap preferensi warga sebagai pihak yang setara secara politik. (Polyarchy: Participation and Opposition, hlm. 1, Yale University Press, 1971) Pilkada langsung memenuhi dua prinsip tersebut. Pilkada melalui DPRD, sebaliknya, mempersempit partisipasi rakyat dan mendorong demokrasi ke arah oligarki perwakilan, di mana keputusan strategis dipusatkan pada segelintir elite politik. John Locke menegaskan bahwa kekuasaan hanya sah bila bersumber dari persetujuan rakyat: “The power of the society… can never be supposed to extend farther than the common good.” Kekuasaan politik tidak boleh melampaui kepentingan umum. (Second Treatise of Government, §131, hlm. 357, Cambridge Edition, 1988) Pilkada langsung merupakan bentuk konkret consent of the governed di tingkat lokal. Menghapusnya berarti mengganti legitimasi sosial dengan legitimasi prosedural elite. Max Weber mengingatkan bahwa stabilitas kekuasaan berdiri di atas legitimasi: “Every system of authority attempts to establish and cultivate the belief in its legitimacy.” Setiap sistem kekuasaan berusaha menanamkan keyakinan atas legitimasinya. (Economy and Society, Vol. I, hlm. 212, University of California Press, 1978) Tanpa mandat rakyat, kepemimpinan daerah akan rapuh sejak dari awal. Pemerintah mengalokasikan sekitar Rp71,3 triliun untuk Pemilu 2024 yang mencakup Pilkada di banyak daerah. Biaya besar ini sering dijadikan alasan utama untuk mencari sistem yang “lebih murah”. Demokrasi memang leaving expensive. Ia bukan pengeluaran biasa, melainkan investasi legitimasi. Pengalaman Indonesia menunjukkan bahwa Pilkada langsung tetap menghadirkan partisipasi puluhan juta warga. Modal sosial inilah yang tidak dapat digantikan oleh keputusan DPRD. Ironisnya, berbagai laporan lembaga antikorupsi menunjukkan bahwa dana hibah Pilkada dari APBD rawan disalahgunakan. Masalahnya bukan pada sistem langsung, melainkan pada tata kelola politik dan pendanaan kampanye yang belum sehat. Teori public choice memperingatkan: semakin kecil lingkar pengambil keputusan, semakin besar peluang rent-seeking dan transaksi tertutup. Memindahkan Pilkada ke DPRD tidak menghilangkan biaya politik; ia hanya memindahkannya ke ruang yang lebih gelap dan sulit diawasi publik. Pasal 1 ayat (2) UUD 1945 menegaskan: “Kedaulatan berada di tangan rakyat dan dilaksanakan menurut Undang-Undang Dasar.” Pilkada langsung adalah pengejawantahan paling nyata prinsip tersebut di tingkat lokal. Menariknya kembali ke DPRD berarti mempersempit makna kedaulatan yang diperjuangkan sejak Reformasi. Demokrasi memang mahal, berisik, dan melelahkan. Namun demokrasi yang dipermudah dengan mengurangi peran rakyat jauh lebih mahal biayanya: krisis legitimasi, defisit kepercayaan, dan menjauhnya negara dari warga. Ketika hak rakyat memilih pemimpin daerah ditarik kembali ke tangan elite, kita tidak sedang menyempurnakan demokrasi. Kita sedang mengubah arah sejarah politik Indonesia. Dan pada titik itulah pertanyaan mendasarnya muncul: apakah kita menginginkan demokrasi yang efisien bagi elite, atau demokrasi yang bermakna bagi rakyat?",True,2025-12-28 23:30:23
tiktok,Negatif,17.0,kira kira ada kemungkinan emas turun lagi gak ya?,False,2026-01-07 22:22:22
tiktok,Netral,17.0,[sticker],False,2026-01-04 06:54:38
instagram,Positif,17.0,"Barakallah pa Gubernur, Semoga selalu diberikan kesehatan dan istiqamah dalam memimpin Jawa Barat",False,2025-07-22 23:32:54
facebook,Negatif,17.0,"Mungkin karena BANYAK YANG TERTANGKAP karena KORUPSI...AKIBAT dari BIAYA POLITIK yang MAHAL...gegara BANYAK BIAYA POLITIK makanya Kepala daerah BERBUAT CULAS untuk MEMENUHI JANJI JANJI , MEMBAYAR BIAYA BIAYA KAMPANYE ... Masyarakat kalau ga di kasih duit ga mau milih, dikasih duitpun ..pilihbyang ngasih lebih besar, giliran MAU DI ALIHKAN ke DPR bilang ORBA ....itu mungkin sebab musabab Nya",False,2026-01-07 13:47:51
tiktok,Negatif,17.0,jangan pilih partai yg mencla mencle,False,2026-01-08 05:20:53
tiktok,Negatif,17.0,yg lain mungkin kurang doa😭😭,False,2025-12-05 19:55:21
tiktok,Netral,17.0,Green party being called populist is crazy,False,2025-12-18 18:36:22
tiktok,Negatif,17.0,"semua pejabat bilang utk bangsa& negara& rakyat,tp nyatanya nol",False,2025-12-31 09:35:24
tiktok,Negatif,17.0,"tanah air ku , bumi darah ku Indonesia ini , tanah negara yang ada di Indonesia ini untuk siapa...... . apa rakyat yang hidup di Indonesia ini gak boleh menikmati kemerdekaan Indonesia ....",False,2025-01-27 10:54:57
tiktok,Netral,17.0,pa mahfud justru menolak pilkada oleh DPRD. pernyataan pa mahfud sdh dipotong.,True,2026-01-04 09:40:54
tiktok,Negatif,17.0,tanah negara Berti milik rakyat lah,False,2025-02-23 08:57:06
tiktok,Netral,17.0,selamat natal dan ORDE BARU,False,2025-12-29 17:37:18
tiktok,Negatif,17.0,"kepala daerah dipilih oleh DPR, terus siapa yg memilih DPR. sepertinya suara rakyat akan dikebiri kalau seperti ini.",False,2025-12-29 19:12:05
tiktok,Negatif,17.0,"ORBA mau di bangkitkan lagi, nanti TNI lagi yg akan mengisi bupati2 di daerah",False,2026-01-01 08:24:42
facebook,Negatif,17.0,Kalau pilkada gak dipilih rakyat Langsung . bahaya seandainya DPRD yg milih gubernur. Bupati walikota .nanti setelah jadi pejabat yg di pilih DPRD . loyal nya ke anggota DPRD aja . karena merasa yg pilih DPRD . terus masyarakat . terabaikan . Kalau pilkada langsung rakyat yang pilih setelah jadi pejabat apa yg jadi program. Visi dan misi nya rakyat menagih janji waktu kampanye.,True,2026-01-08 02:10:37
tiktok,Positif,17.0,gubernur kada berkualitas.cocoknya jadikan ketua RT az,False,2026-01-07 10:14:07
tiktok,Positif,17.0,energinya kesukaan ahjussi ahjuma,False,2026-01-07 21:30:33
tiktok,Negatif,17.0,njir Bahlil ngomong kiamat maju satu jm,False,2025-11-03 08:13:08
tiktok,Netral,17.0,Tunjuk peesiden lebih bagus agar tidak ada biaya politik yg membebani Calon yg Akhirnya memunculkan Korupsi,False,2025-12-17 16:59:52
tiktok,Positif,16.0,"Salah satu Bapak Pembangunan Daerah Terbaik Kalimantan Tengah, semasa Menjadi Gubernur Beliau Lah yang mencetuskan Mamangun Tuntang Mahaga Lewu.",False,2025-06-10 06:05:44
tiktok,Netral,16.0,The whole world stands with Indonesia. You are brave for taking action and calling out your gov. You remind us that the gov. should serve the people.,False,2025-08-31 05:27:14
tiktok,Positif,16.0,"tegas, kerja bener, melayani, cerdas, berani. 🔥🔥🔥🔥",False,2025-10-17 19:19:15
tiktok,Netral,16.0,és azt ki hiszi el hogy a Tisza Semmiből kampányol brüsszel Péter de igen. van elég ember majd meglátod 2026 ban,False,2025-06-10 17:51:56
tiktok,Netral,16.0,itulah cara kerja gubernur KDM👍,False,2025-12-27 23:10:16
tiktok,Negatif,16.0,hostnya kok gak mengulangi pertanyaan.. biasanya kn begitu.. host meluruskan supaya apa yg ditanya nyambung dengan jawaban,False,2025-12-19 05:22:37
tiktok,Positif,16.0,PDIP yg terbaik dan peduli rakyat,False,2026-01-01 10:21:39
tiktok,Negatif,16.0,kalau PDIP menolak karna sedang mencari simpati rakyat lagi karna rakyat udah GK percaya yg pasti semua partai politik sama gda bedanya makanya mending pemilu mendatang GOLPUT jangan ada yg milih partai manapun,True,2026-01-07 16:40:57
tiktok,Negatif,16.0,"Dari semua ketidak beruntungan ini, kenapa gua lahir di indonesia 😭",False,2025-08-31 02:47:38
tiktok,Netral,16.0,"Ada video bu sherly review duren, ngakak banget",False,2025-12-29 15:28:54
tiktok,Netral,16.0,"Today there will be a power outage in Indonesia, the internet will be turned off for 7 days, live TikTok will be deleted so we cannot provide documentation of the ongoing demonstration./ evidence of government cruelty, there is information that there will be mass shootings of demonstrators, the people here are making their voices heard but the DPR is going on holiday to China and Singapore and other countries to avoid society, sorry if my English is bad💔😞",True,2025-08-31 07:22:49
facebook,Netral,16.0,Bisa dipilih DPRD dengan syarat anggota DPRD harus seorang negarawan.. caranya.. calon DPRD harus mengikuti Diklat khusus di Lemhanas 12bln->DPR .. 9bln dprd1 6bln dprd2 maksimal kelulusan Diklat 30-40%peserta ..dengan begitu akan dihasilkan calon yg lebih berkualitas.. sertifikat lulus digunakan sbg syarat pendaftaran di KPU kmd dipilih rakyat via pemilu,True,2026-01-05 06:25:36
tiktok,Netral,16.0,inilah alasan utama pak Purbaya nga mengeluarkan dana desa,False,2026-01-04 23:47:40
facebook,Negatif,16.0,GK usah pemilu wess di bubarkan aja KPU Ben sak senenge golongane wong serakah jabatan koalisi yg serakah,False,2026-01-07 11:16:50
facebook,Netral,16.0,"👉 Wacana perubahan sistem pemilihan kepala daerah kembali mencuat ke ruang publik. Jika selama ini gubernur, bupati, dan wali kota dipilih langsung oleh rakyat melalui pemilihan kepala daerah (pilkada), kini muncul gagasan agar pemilihan tersebut kembali dilakukan oleh Dewan Perwakilan Rakyat Daerah (DPRD). Isu ini mendapat perhatian luas karena menyangkut arah demokrasi lokal di Indonesia. 👉Partai Demokrat menyatakan sikapnya yang kini sejalan dengan Presiden Prabowo Subianto terkait wacana tersebut. Pimpinan Demokrat menegaskan bahwa mekanisme pemilihan kepala daerah, baik secara langsung maupun melalui DPRD, sama-sama memiliki dasar konstitusional. Menurut Demokrat, Undang-Undang Dasar 1945 tidak mengatur secara rinci mekanisme pilkada, sehingga model pemilihan dapat ditentukan melalui undang-undang. 👉Sikap ini dinilai menarik karena secara historis pilkada langsung justru diberlakukan pada masa pemerintahan Presiden Susilo Bambang Yudhoyono (SBY), yang juga merupakan tokoh sentral Partai Demokrat. Saat itu, pilkada langsung dipandang sebagai langkah maju untuk memperkuat kedaulatan rakyat dan meningkatkan legitimasi kepala daerah. 👉Dalam wacana terbaru ini, alasan efisiensi anggaran dan tingginya biaya politik menjadi salah satu pertimbangan utama. Pendukung pemilihan kepala daerah melalui DPRD berpendapat bahwa pilkada langsung membutuhkan biaya besar, baik dari sisi penyelenggaraan negara maupun dari kandidat yang bertarung. Kondisi tersebut dinilai kerap memicu praktik politik uang dan transaksi kepentingan. 👉Meski demikian, tidak sedikit pihak yang mengingatkan potensi risiko jika pemilihan kepala daerah dikembalikan ke DPRD. Sejumlah pengamat menilai langkah tersebut bisa mengurangi partisipasi langsung masyarakat dalam menentukan pemimpin daerahnya. Pemilihan melalui DPRD juga dikhawatirkan membuka ruang lobi politik tertutup yang kurang transparan. 👉Demokrat menegaskan bahwa dukungannya terhadap wacana ini bukan berarti menafikan prinsip demokrasi. Partai berlambang bintang mercy itu menyebut bahwa demokrasi tidak hanya diukur dari mekanisme pemilihan langsung, tetapi juga dari kualitas pemerintahan, akuntabilitas, serta keberpihakan kepada kepentingan rakyat. 👉Hingga kini, wacana perubahan sistem pilkada masih berada pada tahap diskusi dan kajian. Pemerintah dan DPR diharapkan membuka ruang dialog yang luas dengan masyarakat, akademisi, dan kelompok sipil sebelum mengambil keputusan besar yang akan menentukan masa depan demokrasi daerah di Indonesia. suara com berita viral fyp breakingnews beritapolitik infoterkini trendingnews beritaviral facebookpost beritaterkini beritahariini trending beritaupdate masbejok",True,2026-01-07 02:51:28
tiktok,Netral,16.0,gub sumut amaann terooosss 😁😂,False,2025-11-05 19:31:41
tiktok,Positif,16.0,"tetukar intalu yang luar nya bagus pas di buka harau tambuk, kyini kisah nya",False,2026-01-07 12:23:49
facebook,Netral,16.0,"Tolak pemilihan kepala daerah melalui DPRD... Terlepas menang atau kalah pada pilkada dan pilpres 2029, dari sekarang bergabunglah PDI Perjuangan bersama barisan pendukung Anies Baswedan, satukan langkah, dipastikan suara konstituen 30-35 % sudah pasti bisa diperoleh koalisi ini... Barisan akar rumput memang sulit bersatu, mari belajar dari pilgub Jakarta.. Menghadapi kekuatan oligarki dan akar rumput Golkar, Gerindra, PKB dan PAN serta nantinya Demokrat bisa dipastikan butuh pemikiran dan gerakan politik yang kuat..... Akar rumput PKS dengan PDI Perjuangan sulit dipertemukan.. Nasdem mudah2an konsisten menjadikan Anies orang no. 1 di republik... Persiapkan dan jadikan pasangan : ANIES - PUAN untuk RI-1 dan RI-2 dari sekarang !!",True,2025-12-30 04:10:31
tiktok,Netral,16.0,STAF DESA UDAH KYK TOKO EMAS😂,False,2026-01-06 23:18:40
tiktok,Negatif,16.0,"saya salah satu rakyat yang akan berusaha utk mengkampanyekan , tumbangkan partai pengusul pilkada tidak kangsung",False,2025-12-30 18:31:12
tiktok,Netral,16.0,panji mencoba menjatuhkan KDM supaya abah nya bisa nyalon presiden 2029 😁,False,2026-01-05 17:57:14
tiktok,Netral,16.0,governor: i have a tank rick: i have a Daryl,False,2025-11-30 11:39:54
tiktok,Netral,16.0,"Gak ambil gaji, tapi tunjangan dll di ambil. Gaji pokok gub sultra kalau gak salah cuman 3jt",False,2026-01-01 19:07:13
tiktok,Netral,16.0,"lagi pake earphone, mungkin ngga denger",False,2025-06-03 05:34:55
tiktok,Netral,16.0,pantesan diaa gk boleh review durenn🤣🤣,False,2025-12-23 20:21:44
tiktok,Negatif,16.0,kades dan keluarga lagi panas dingin 😅,False,2026-01-04 22:00:49
tiktok,Positif,16.0,Keren ini lagu sodara2 kita di Indonesia Timur ..bermarwah 👍👍👍👍🇲🇨🇲🇨😃👌💪🔥,False,2026-01-02 16:51:34
facebook,Negatif,16.0,"Pemilihan serentak tampa melakukan pemilihan. Menurut Abunawas, kepala daerah yang dipilih oleh DPRD itu ibarat jodoh hasil musyawarah keluarga besar: rakyat sudah datang ke pesta, tapi yang menentukan pasangan tetap para paman yang duduk di ruang tamu. Secara akademis, Abunawas merumuskannya begini: “Jika demokrasi adalah partisipasi publik, maka pemilihan oleh DPRD adalah efisiensi prosedural—rakyat dihemat dari antrean, elit dihemat dari kejutan.” Dan dengan gaya khasnya yang satir, ia menutup: “Rakyat tak perlu bingung memilih pemimpin, cukup percaya—bahwa mereka yang sudah lama duduk, paling paham siapa yang pantas terus berdiri.” Abunawas tapiBank kataPurbaya Viral",True,2026-01-08 12:04:01
tiktok,Netral,16.0,berasa liat meme princess dubbing indonesia real life,False,2025-12-23 18:05:53
tiktok,Netral,16.0,turut berdukacita atas matinya Demokrasi,True,2026-01-01 06:43:47
tiktok,Netral,16.0,ΝΕΠΑΛ ΕΔΩ ΚΑΙ ΤΩΡΑ ΤΕΜΠΗ ΟΠΕΚΕΠΕ 😈,False,2025-09-18 02:27:34
tiktok,Negatif,16.0,"Ternyata mas wapres segacor itu,cuma klau yg lihat demit2 pasti bilg jelek2.",False,2026-01-02 16:28:44
tiktok,Negatif,16.0,"okeh sek ra paham, gini lo ya saat nataru hindari jalan kota karena pasti macet total, jadi cari jalan alternatif contoh magelang nopo piyungan pokok e sek penak dinggo liwat dalan e yo luas, bukan dilarang lewat tapi himbauan (krisis literasi)",False,2025-12-13 22:27:41
instagram,Positif,16.0,"Menurut saya, masyarakat juga harus sadar agar tidak melakukan praktek money politik. Tujuannya menciptakan wakil-wakil atau pejabat negara yang bersih, tanpa korupsi, kolusi dan nepotisme. Selain itu, Indonesia butuh partai politik baru yang juga berkomitmen untuk betul-betul mengabdi kepada masyarakat. Dengan begitu, negara ini saya yakin bisa diperbaiki.",True,2026-01-01 04:21:16
tiktok,Netral,16.0,avv mommyyyyyy😍,False,2025-12-30 11:06:52
tiktok,Negatif,16.0,perusahaan udah ganti aja robot pekerjanya biar pada mikir,False,2026-01-08 19:11:28
tiktok,Negatif,16.0,"Yang merusak Fasilitas, tangkap saja pak😏",False,2025-12-29 17:06:56
tiktok,Positif,16.0,ibu🥹,False,2025-10-09 15:06:51
tiktok,Positif,16.0,happy new year🤣🙃,False,2026-01-04 13:13:01
tiktok,Positif,16.0,TNI kuat bersama rakyat,False,2025-03-20 08:44:56
instagram,Negatif,16.0,PDIP partai besar dan tidak merapat,False,2025-12-30 07:35:51
instagram,Netral,16.0,Cek ombak dl,False,2025-12-30 00:50:07
tiktok,Positif,16.0,Warmly welcome from Myanmar🙏🏼,False,2026-01-04 17:01:46
tiktok,Positif,16.0,PDIP tetap konsisten 🤟🤟🤟🤟🤟,False,2026-01-08 17:02:08
tiktok,Negatif,16.0,kacaaauuu . terus apa itu DEMOKRASI ? 🤣🤣🤣,True,2025-12-29 20:52:52
tiktok,Netral,16.0,pdip jos jis 🤟🤟,False,2026-01-08 07:35:19
tiktok,Positif,16.0,lebih bagus pakei qris gk sih? soalnya crypto dalam bentuk us dolar,False,2025-09-25 18:37:51
facebook,Negatif,16.0,Partai2 yang merampas hak Rakyat jangan dibiarkan sampai kesenayan jangan dipilih sekalipun dikasih uang ambil uangnya jagan pilih orangnya,False,2025-12-30 09:56:43
tiktok,Negatif,16.0,"hacker Korut ,mana tahan🤤 security yang pegang pemerintah tahu sendiri kan",False,2025-12-31 15:48:15
tiktok,Positif,16.0,knp sy dr dulu pilih PDIP Krn PDIP selalu konsisten dan yg pasti ketumny TDK bisa di intervensi oleh siapapun!! Hny PDIP yg selalu bersama rakyat 👍,False,2026-01-08 08:09:49
tiktok,Netral,16.0,Cocok jd ketua DPR 🙏,False,2025-09-14 10:23:02
tiktok,Positif,16.0,semoga ada solusi nya pasti Pa Gubernur mampu kok jgn kwatir,False,2025-01-27 09:41:28
tiktok,Negatif,16.0,"Di Indonesia, DPR itu nggak bisa dibubarkan sembarangan. Demo besar-besaran pun nggak bisa langsung bikin DPR bubar. Presiden juga nggak boleh bubarkan DPR, karena sudah jelas tertulis di UUD 1945 Pasal 7C: “Presiden tidak bisa membekukan atau membubarkan DPR.” Jadi kalau mau benar-benar hapus DPR, caranya cuma satu, yaitu lewat perubahan UUD 1945. Yang bisa ubah UUD itu MPR, isinya gabungan DPR dan DPD. Masalahnya, proses ubah UUD ini susah banget. Sidang MPR harus dihadiri minimal dua pertiga anggota, dan dari yang hadir, setengah lebih satu orang harus setuju. Karena anggota DPR juga duduk di MPR, otomatis mereka nggak akan gampang setuju kalau DPR mau dibubarkan, soalnya itu bikin mereka kehilangan kursi dan jabatan. Jadi, jalan satu-satunya adalah rakyat kasih tekanan politik yang besar supaya wakil rakyat mau mengubah aturan. Caranya gimana? Pertama, rakyat bisa bikin tekanan lewat demo damai, petisi, kampanye di media sosial, dan sebagainya. Kedua, pilih calon wakil rakyat di pemilu yang memang mau dukung ide bubarkan DPR. Kalau sudah terpilih, mereka bisa bawa usulan perubahan UUD ke sidang MPR. Kalau mayoritas setuju, barulah DPR bisa resmi dibubarkan dan diganti dengan sistem baru. Kalau ada yang coba bubarkan DPR di luar jalur ini, misalnya pakai kudeta, kekerasan, atau keputusan sepihak, itu dianggap melanggar konstitusi, nggak sah, dan malah bisa bikin negara masuk krisis politik.free Indonesia 😇",True,2025-08-29 18:40:02
tiktok,Netral,16.0,"USA NIGHTMARE,🇸🇴🫡",False,2026-01-04 16:39:51
tiktok,Netral,16.0,Петро Олексійович??!🫠,False,2025-10-11 00:24:44
tiktok,Netral,16.0,Bold zurück holen,False,2026-01-02 23:15:16
x,Negatif,16.0,"Kenapa cuma pilkada bang? Demokrasi indonesia dibubarkan saja kalo masalahnya takut polemik. Ga ada pemilu, ga ada yang argumen tentang presiden mana yang bagus? Semua telan saja pemerintahnya siapa kayak budak yang manis. Pinter anda.",True,2026-01-06 22:31:36
instagram,Negatif,16.0,"Apa? Ditentukan DPRD? Rakyat kita aja ngga terlalu peduli dalam milih caleg dprd, ini lagi 🤣🤣🤣🤣",False,2026-01-01 04:49:15
tiktok,Netral,16.0,Mukanya ada subtitle nya.,False,2025-10-17 22:27:01
tiktok,Negatif,16.0,seketika pusing tujuh keliling pak kades 😁😁😁,False,2026-01-07 08:12:40
tiktok,Negatif,16.0,salah pilih gubernur 😂,False,2026-01-07 20:21:50
tiktok,Negatif,16.0,Han sa det så bra!!! Dom gör det alltid till hela sin personlighet,False,2025-11-25 17:17:49
tiktok,Negatif,16.0,"giliran TNI di tilang sama polisi katanya polisi tidak berhak tilang TNI yg berhak hanyalah PM, krna TNI itu militer, giliran ke gini MILITER tapi sita barang masyarakat sipil, tanpa ada pihak kepolisian lagi",False,2025-05-08 08:29:31
tiktok,Netral,16.0,ngapain ke bdra kertajati lebih baik ke soeta bos...jelas,False,2025-01-20 15:28:34
tiktok,Netral,15.0,InsyaAllah the next kang ono jadi pa RT di Kamboja,False,2025-05-22 11:28:30
tiktok,Negatif,15.0,America what the hell are you doing? Why didn’t you take Putin for war crimes?,False,2026-01-05 06:04:57
tiktok,Positif,15.0,suka bngt dan bangga sm mas gibran. 😍gk tau pK apa pk jokowi berhasil mendidik anak2 nya.,False,2026-01-02 14:11:02
instagram,Netral,15.0,minta di nepal kan,True,2026-01-07 07:24:43
instagram,Negatif,15.0,Yg jd Pejabat pasti semua dr partai Koalisi😂😂😂😂,False,2025-12-22 13:45:30
tiktok,Netral,15.0,mau beli telur gulung pakai eth lah🤭,False,2025-09-25 16:41:22
tiktok,Netral,15.0,US have no right,False,2026-01-04 12:54:38
tiktok,Netral,15.0,Chúa ko cứu được sao?,False,2025-10-09 17:56:45
tiktok,Netral,15.0,"Masya Allah,,,,semoga Amanah Aamiin ya Robb,,,",False,2025-02-10 18:58:53
tiktok,Negatif,15.0,"tidak berpangkat, tidak pejabat tapi dia adalah sosok pengajar semua pejabat",False,2025-07-13 11:20:28
instagram,Negatif,15.0,Jangan sampai kembali ke zaman orba.,False,2025-12-29 17:05:19
tiktok,Negatif,15.0,"lah dia kader pdip,kocak😂😂",False,2025-08-29 08:40:44
tiktok,Netral,15.0,They are playing at my home ground,False,2025-09-19 22:01:07
tiktok,Netral,15.0,thằng trên kia sao ngồi cao thế sợ nước à 😁,False,2025-10-11 10:29:06
tiktok,Positif,15.0,Papi Pasti Bangga dn Senang🥰🥰🥰Melihat Mami Melanjutkan apa yg Papi inginkan. 🥰🥰🥰Yaitu Mensejahterakan Rakyat Maluku Utara Yg Berkeadilan dn Bermartabat🙏🙏🙏,False,2025-02-07 23:38:28
tiktok,Positif,15.0,ada humornya tapi isinya jelas tegas 👍,False,2026-01-07 09:49:11
tiktok,Netral,15.0,maaf🙏 ngasih saran setidaknya secara lembut kalo tidak berpengaruh baru lebih ditegaskan.,False,2025-03-19 00:55:38
tiktok,Negatif,15.0,panik semuanya 😁,False,2026-01-06 22:57:06
tiktok,Negatif,15.0,"Hebat ibu ini, jalan nya cepat, bicara nya cepat, ambil tindakan pun cepat SAT SET bgt.. 😁",False,2026-01-04 20:42:11
tiktok,Netral,15.0,"kalo uda jam 8 lewat langsung ""selamat pagi wargi jabar"" 🙌",False,2025-06-02 21:14:01
tiktok,Negatif,15.0,jangan di pilih lagi gubernur seperti ini,False,2026-01-07 14:56:46
tiktok,Negatif,15.0,Iyah benar tdk digaji tp mungkin dikasih proyek... benar nda sih pak gub!!?? maaf nanya aja pak,False,2026-01-02 00:06:08
tiktok,Positif,15.0,"Sayangnya pandangan Pak Ahok terhalang dengan kebijakan Mak Banteng. Ingat aja omongan Bambang pacul di DPR. Sebuah rancangan undang2 klo mau disetujui harus lobby ketum partai masing2 bukan lobby di DPR, Artinya anggota di DPR itu gak mewakili rakyat tetapi mewakili partai hanya saja pakai nama rakyat biar lebih keren.",True,2026-01-05 11:46:01
tiktok,Netral,15.0,"Getting my vote, reform Uk",False,2026-01-05 05:07:38
tiktok,Negatif,15.0,Ahok pindah dari Gerindra ke PDIP karna gitu lah Gerindra,False,2026-01-07 09:13:52
tiktok,Netral,15.0,USA and Israel BIG threat to World Peace,False,2026-01-04 16:11:08
tiktok,Netral,15.0,100 hari KDM dapat 95% woy🥰,False,2025-05-30 00:58:26
instagram,Netral,15.0,Inimah nanti kuat2an lobbying dan hanya memperbesar kekuatan parpol di daerah,False,2025-12-30 11:42:25
tiktok,Netral,15.0,Tshun 2029 jgn pilih caleg maupun partai biar dpr dprd bubar,False,2026-01-06 19:37:07
tiktok,Netral,15.0,"Teachers 🇮🇩 are only paid $21‼️, this country is sad. Due to the greed of officials who have no empathy.🥺😭",False,2025-08-31 08:30:40
instagram,Negatif,15.0,Emang anggota DPRD bisa dipercaya???,False,2026-01-02 23:39:36
tiktok,Netral,15.0,"sabarki Bu Ririn,mudah2han pemerintah secepatnya segera pendataan lagi di BKN.",True,2026-01-05 18:29:44
instagram,Negatif,15.0,"Yo njajal wae jawa tengah? Tenan pora nek kandang e gajah., aku no ora",False,2026-01-08 12:30:52
tiktok,Positif,15.0,pdip paling konsisten dr dulu,False,2026-01-08 13:07:09
tiktok,Positif,15.0,gapernah semuak ini jujur,False,2025-03-21 04:39:32
tiktok,Negatif,15.0,il n'ait pas Dieu!,False,2025-03-28 22:09:48
tiktok,Negatif,15.0,salah siapa pilih presiden tua...!,False,2026-01-06 08:03:45
tiktok,Negatif,15.0,astaga makin bngollll jawabannya 🤣🤣,False,2026-01-06 18:34:23
tiktok,Netral,15.0,Yo minimal ora GOR omong tokkk🥰,False,2025-10-03 22:59:06
tiktok,Netral,15.0,shame on American president 😡,False,2026-01-04 20:35:36
tiktok,Positif,15.0,Dr sini .. q sudah merasa ga ikhlas lagi donasi aceh yg gk bersyukur,False,2025-12-25 06:46:41
tiktok,Netral,15.0,lapor ketua🙋kereeeeen habisss👍 lupa tahun tapi masih ingat ceritanya🤣🤣🤣,False,2026-01-02 06:06:44
facebook,Negatif,15.0,Udah pas pemilihan Kepala Daerah Di pilih DPRD. Dari pada dipilih rakyat lupa janji dan menang kotak kosong makin arogan.,False,2026-01-07 03:40:45
tiktok,Netral,15.0,"Bentuk kemunduran demokrasi,sistem ORBA kmbali berkuasa🤦",True,2026-01-08 08:00:14
facebook,Netral,15.0,"Sebut Kemunduran Demokrasi, PDI Perjuangan Makassar Tegas Tolak Pilkada Melalui DPRD PDIPerjuangan PDIMakassar TolakPilkadaDPRD Demokrasi PilkadaLangsung PolitikMakassar IsuDemokrasi Sulsel SulawesiSelatan BeritaPolitik MakassarTerkini Viral Trending FYP Makassar Gowa Maros Pangkep SulSel SulawesiSelatan reel fyp reelsfb trending viral Jangkauan JangkauanLuas Sumber & Link berita ada di komentar 👇👇👇",True,2026-01-08 08:11:37
tiktok,Positif,15.0,Terimakasih sudah mencerdaskan bos,False,2026-01-08 21:09:08
tiktok,Netral,15.0,pdip jos,False,2026-01-08 05:15:30
tiktok,Negatif,15.0,"Gim sudah kaya ini, Nasib haja lagi, yg nyata2 parak haja kada di tinjau, apalagi kaya kami di ujung kalsel ini, kaya anak tiri ae",False,2026-01-07 14:56:25
tiktok,Negatif,15.0,konsisten tu mahal,False,2026-01-08 07:54:09
tiktok,Netral,15.0,"ngomongin yg penting × ,yg penting ngomong🗿🗿",False,2026-01-07 17:21:33
tiktok,Netral,15.0,"Wales has the right system, more proportional",False,2025-12-17 19:17:15
facebook,Netral,15.0,"Wacana pemilihan kepala daerah (pilkada) dipilih oleh Dewan Perwakilan Rakyat Daerah (DPRD) kembali mencuat dan langsung memantik perdebatan publik. Pemerintah dan sejumlah partai politik menilai skema ini bisa menjadi solusi efisiensi anggaran, mengingat Pilkada langsung selama ini dinilai mahal, rawan politik uang, serta memicu konflik horizontal di daerah. Namun di sisi lain, kritik keras juga bermunculan. Banyak pihak menilai pemilihan kepala daerah lewat DPRD berpotensi menjadi kemunduran demokrasi, karena memangkas hak rakyat untuk memilih pemimpinnya secara langsung. Kekhawatiran lain adalah munculnya transaksi politik elite, di mana kepala daerah lebih loyal pada partai atau fraksi ketimbang kepentingan warga. Simak diskusinya dalam Obrolan Newsroom pukul 16.00 WIB. Host: Jessica Emmanuella dan Servina Viviene Produser: Adil Pradipta Ast. Produser: Monica Arum Kreatif: Anggita Viandhini Streamer: Muhammad Kahfi Grafis: Tania Makeup Artist: Syifa Fauziyyah Vidografer: Dicky Ardani, Miftahul Rizky, Antonius Aditya Mahendra, Muhammad Iqbal Nur Ihsan, Rizki Fauzan Pilkada DPRD ObrolanNewsroom",True,2026-01-07 08:58:46
facebook,Negatif,15.0,Biar korupsi makin mudah di lingkungan DPRD.,False,2025-12-30 00:27:56
facebook,Positif,15.0,Mantap pdip,False,2026-01-07 01:08:58
facebook,Negatif,15.0,Politik uang akan terjadi lebih besar dilingkungan elit bukan di masyarakat.. DPR siapa yang pilih..??? Pastinya rakyat.. Kita lihat di 2029..apakah rakyat masih menaruh kepercayaan terhadap wakilnya..??? Tidak ada DPR tidak ada kepala daerah.,False,2026-01-08 05:51:31
tiktok,Netral,15.0,gua banga di barisan 16%,False,2025-12-29 04:59:07
facebook,Netral,15.0,"Pemilihan Kepala Daerah oleh DPRD? ""Kami menyambut dengan gembira dan bahagia""",False,2026-01-07 17:30:54
facebook,Negatif,15.0,"Menolak pemilihan kepala daerah dipilih oleh DPRD adalah sikap menjaga demokrasi dan kedaulatan rakyat. Karena ketika kepala daerah dipilih oleh DPRD, rakyat kehilangan hak langsung untuk menentukan pemimpinnya. Demokrasi direduksi menjadi transaksi elite, proses politik cenderung tertutup, rawan kompromi kepentingan, dan membuka ruang praktik politik uang serta oligarki. Kepala daerah berpotensi lebih loyal kepada segelintir elite politik dibanding kepada rakyat yang seharusnya mereka layani. Pemilihan langsung, meski tidak sempurna, memberi legitimasi kuat, ruang partisipasi publik, dan kontrol rakyat terhadap kekuasaan. Maka menolak Pilkada oleh DPRD bukan soal nostalgia sistem, tapi soal prinsip: kedaulatan ada di tangan rakyat, bukan di ruang-ruang tertutup kekuasaan.",True,2026-01-07 01:39:57
facebook,Netral,15.0,"𝑷𝒊𝒍𝒌𝒂𝒅𝒂 𝒐𝒍𝒆𝒉 𝑫𝑷𝑹𝑫: 𝑳𝒂𝒏𝒈𝒌𝒂𝒉 𝑴𝒖𝒏𝒅𝒖𝒓 𝒅𝒂𝒍𝒂𝒎 𝑫𝒆𝒎𝒐𝒌𝒓𝒂𝒔𝒊 𝒅𝒂𝒏 𝑰𝒍𝒖𝒔𝒊 𝑺𝒆𝒎𝒖 𝑬𝒇𝒊𝒔𝒊𝒆𝒏𝒔𝒊 𝑨𝒏𝒈𝒈𝒂𝒓𝒂𝒏 𝑷𝒆𝒎𝒊𝒍𝒖 𝑶𝒍𝒆𝒉: 𝑨𝒍𝒇𝒐𝒏𝒔 𝑹𝒂𝒕𝒖𝒌𝒂𝒏𝒊 Kembali, suara-suara dari para elit partai politik nasional menggema—mereka mengusulkan pemilihan kepala daerah melalui DPRD, mengklaim itu demi efisiensi anggaran dan stabilitas politik. Namun, jika kita meneliti lebih dalam—secara konstitusional, empiris, dan rasional—ide ini justru menciptakan kemunduran demokrasi. Sebuah solusi semu yang bisa merusak hak konstitusional rakyat dan memperburuk masalah politik di daerah. Pasal 1 ayat (2) UUD 1945 dengan tegas menyatakan bahwa kedaulatan ada di tangan rakyat. Rakyat, yang seharusnya menjadi penguasa tertinggi, berhak menentukan pemimpin daerah mereka. Dan lebih lanjut, 𝑃𝑎𝑠𝑎𝑙 18 𝑎𝑦𝑎𝑡 (4) 𝑚𝑒𝑛𝑒𝑔𝑎𝑠𝑘𝑎𝑛 𝑏𝑎ℎ𝑤𝑎 𝑔𝑢𝑏𝑒𝑟𝑛𝑢𝑟, 𝑏𝑢𝑝𝑎𝑡𝑖, 𝑑𝑎𝑛 𝑤𝑎𝑙𝑖 𝑘𝑜𝑡𝑎 ℎ𝑎𝑟𝑢𝑠 𝑑𝑖𝑝𝑖𝑙𝑖ℎ 𝑠𝑒𝑐𝑎𝑟𝑎 𝑑𝑒𝑚𝑜𝑘𝑟𝑎𝑡𝑖𝑠. 𝐷𝑎𝑙𝑎𝑚 𝑝𝑟𝑎𝑘𝑡𝑖𝑘 𝑘𝑒𝑡𝑎𝑡𝑎𝑛𝑒𝑔𝑎𝑟𝑎𝑎𝑛 𝑝𝑎𝑠𝑐𝑎 𝑟𝑒𝑓𝑜𝑟𝑚𝑎𝑠𝑖, 𝑝𝑒𝑚𝑖𝑙𝑖ℎ𝑎𝑛 𝑙𝑎𝑛𝑔𝑠𝑢𝑛𝑔 𝑜𝑙𝑒ℎ 𝑟𝑎𝑘𝑦𝑎𝑡 𝑎𝑑𝑎𝑙𝑎ℎ 𝑏𝑒𝑛𝑡𝑢𝑘 𝑑𝑒𝑚𝑜𝑘𝑟𝑎𝑠𝑖 𝑦𝑎𝑛𝑔 𝑝𝑎𝑙𝑖𝑛𝑔 𝑟𝑒𝑙𝑒𝑣𝑎𝑛—𝑠𝑒𝑜𝑙𝑎ℎ 𝑚𝑒𝑛𝑗𝑎𝑑𝑖 𝑑𝑒𝑛𝑦𝑢𝑡 𝑛𝑎𝑑𝑖 𝑘𝑒ℎ𝑖𝑑𝑢𝑝𝑎𝑛 𝑝𝑜𝑙𝑖𝑡𝑖𝑘 𝑘𝑖𝑡𝑎. Ada ungkapan dalam tradisi demokrasi: 𝑉𝑜𝑥 𝑝𝑜𝑝𝑢𝑙𝑖, 𝑣𝑜𝑥 𝐷𝑒𝑖—𝑠𝑢𝑎𝑟𝑎 𝑟𝑎𝑘𝑦𝑎𝑡 𝑎𝑑𝑎𝑙𝑎ℎ 𝑠𝑢𝑎𝑟𝑎 𝑇𝑢ℎ𝑎𝑛. Ini bukan sekadar pepatah kuno, melainkan sebuah prinsip moral dan politik yang menegaskan bahwa kehendak rakyat adalah sumber utama legitimasi kekuasaan. Dalam konteks negara demokrasi konstitusional seperti Indonesia, suara rakyat yang terwujud dalam pemilihan langsung bukan hanya sekadar prosedur, tetapi adalah manifestasi tertinggi dari kedaulatan rakyat. Mengalihkan hak memilih kepala daerah dari rakyat kepada DPRD—ah, itu seperti mereduksi makna moral dan legitimasi politik dari kehendak kolektif rakyat itu sendiri. Jimly Asshiddiqie, seorang pakar hukum tata negara dan mantan Ketua Mahkamah Konstitusi, mengingatkan kita bahwa demokrasi modern mensyaratkan keterlibatan langsung rakyat dalam pengambilan keputusan politik yang strategis. Pemilihan langsung kepala daerah adalah perwujudan prinsip kedaulatan rakyat yang menjadi jiwa konstitusi Indonesia pasca reformasi. Mengembalikan pilkada ke DPRD—itu seperti mempersempit ruang kedaulatan rakyat dan menghidupkan kembali demokrasi elitis yang seharusnya sudah kita tinggalkan. Dari sudut pandang hak asasi manusia, Pasal 28D ayat (3) UUD 1945 menjamin hak setiap warga negara untuk mendapatkan kesempatan yang sama dalam pemerintahan. Saldi Isra, seorang Guru Besar Hukum Tata Negara, menegaskan bahwa hak politik warga negara tidak boleh dikurangi tanpa alasan konstitusional yang sangat kuat. Pemilihan kepala daerah oleh DPRD itu seperti menghilangkan ruang partisipasi langsung rakyat dan menggeser demokrasi dari yang partisipatif menjadi elitis. Pendukung pilkada oleh DPRD sering kali berargumen tentang efisiensi anggaran. Namun, argumen ini bagi saya sungguh keliru! mendiagnosis masalah dengan cara yang salah. 𝑩𝒊𝒂𝒚𝒂 𝒕𝒊𝒏𝒈𝒈𝒊 𝒑𝒊𝒍𝒌𝒂𝒅𝒂 𝒃𝒖𝒌𝒂𝒏 𝒌𝒂𝒓𝒆𝒏𝒂 𝒑𝒆𝒎𝒊𝒍𝒊𝒉𝒂𝒏 𝒍𝒂𝒏𝒈𝒔𝒖𝒏𝒈, 𝒎𝒆𝒍𝒂𝒊𝒏𝒌𝒂𝒏 𝒌𝒂𝒓𝒆𝒏𝒂 𝒍𝒆𝒎𝒂𝒉𝒏𝒚𝒂 𝒎𝒂𝒏𝒂𝒋𝒆𝒎𝒆𝒏 𝒑𝒆𝒎𝒊𝒍𝒖, 𝒃𝒖𝒓𝒖𝒌𝒏𝒚𝒂 𝒕𝒂𝒕𝒂 𝒌𝒆𝒍𝒐𝒍𝒂 𝒑𝒂𝒓𝒕𝒂𝒊, 𝒅𝒂𝒏 𝒕𝒊𝒏𝒈𝒈𝒊𝒏𝒚𝒂 𝒃𝒊𝒂𝒚𝒂 𝒑𝒐𝒍𝒊𝒕𝒊𝒌 𝒅𝒂𝒍𝒂𝒎 𝒑𝒆𝒏𝒄𝒂𝒍𝒐𝒏𝒂𝒏. Komisi Pemberantasan Korupsi (KPK) berulang kali menekankan bahwa akar korupsi kepala daerah terletak pada mahar politik dan tingginya biaya pencalonan, bukan pada mekanisme pemilihan langsung. Jika pilkada dialihkan ke DPRD, biaya politik tidak akan hilang, malah akan terkonsentrasi pada segelintir elite. Transaksi menjadi lebih tertutup, lebih eksklusif, dan semakin sulit diawasi oleh publik. Mahfud MD, mantan Ketua Mahkamah Konstitusi, mengingatkan kita bahwa pemilihan tidak langsung bukanlah demokrasi yang murah melainkan demokrasi yang mahal, tetapi tidak transparan. Kepala daerah yang lahir dari transaksi elite berpotensi besar untuk mengembalikan “modal politik” melalui penyalahgunaan kekuasaan dan kebocoran anggaran publik. Negara mungkin menghemat biaya penyelenggaraan pilkada, tetapi harus membayar jauh lebih mahal dalam bentuk korupsi dan rusaknya legitimasi pemerintahan. Temuan Badan Pengawas Pemilu (Bawaslu) menunjukkan bahwa masalah utama pilkada terletak pada politik uang, lemahnya penegakan hukum, dan tata kelola penyelenggaraan, bukan pada hak pilih rakyat. Rekomendasi Bawaslu secara konsisten menekankan penguatan pengawasan dan penegakan hukum, bukan pencabutan hak memilih masyarakat. Mahkamah Konstitusi dalam berbagai putusannya menegaskan bahwa demokrasi Indonesia harus menjamin partisipasi yang bermakna (𝑚𝑒𝑎𝑛𝑖𝑛𝑔𝑓𝑢𝑙 𝑝𝑎𝑟𝑡𝑖𝑐𝑖𝑝𝑎𝑡𝑖𝑜𝑛) dari warga negara. Pemilihan kepala daerah oleh DPRD secara nyata mengurangi kualitas partisipasi tersebut dan menggeser akuntabilitas kepala daerah dari rakyat kepada elite politik. 𝐉𝐢𝐤𝐚 𝐭𝐮𝐣𝐮𝐚𝐧 𝐧𝐞𝐠𝐚𝐫𝐚 𝐚𝐝𝐚𝐥𝐚𝐡 𝐞𝐟𝐢𝐬𝐢𝐞𝐧𝐬𝐢 𝐝𝐚𝐧 𝐤𝐮𝐚𝐥𝐢𝐭𝐚𝐬 𝐝𝐞𝐦𝐨𝐤𝐫𝐚𝐬𝐢, 𝐦𝐚𝐤𝐚 𝐬𝐨𝐥𝐮𝐬𝐢 𝐲𝐚𝐧𝐠 𝐫𝐚𝐬𝐢𝐨𝐧𝐚𝐥 𝐚𝐝𝐚𝐥𝐚𝐡 𝐦𝐞𝐫𝐞𝐟𝐨𝐫𝐦𝐚𝐬𝐢 𝐬𝐢𝐬𝐭𝐞𝐦—𝐛𝐮𝐤𝐚𝐧 𝐦𝐞𝐧𝐜𝐚𝐛𝐮𝐭 𝐡𝐚𝐤 𝐫𝐚𝐤𝐲𝐚𝐭. 𝐊𝐢𝐭𝐚 𝐩𝐞𝐫𝐥𝐮 𝐦𝐞𝐦𝐩𝐞𝐫𝐛𝐚𝐢𝐤𝐢 𝐦𝐚𝐧𝐚𝐣𝐞𝐦𝐞𝐧 𝐩𝐞𝐦𝐢𝐥𝐮, 𝐦𝐞𝐧𝐠𝐞𝐟𝐢𝐬𝐢𝐞𝐧𝐤𝐚𝐧 𝐭𝐚𝐡𝐚𝐩𝐚𝐧, 𝐦𝐞𝐦𝐩𝐞𝐫𝐤𝐮𝐚𝐭 𝐩𝐞𝐧𝐝𝐚𝐧𝐚𝐚𝐧 𝐩𝐚𝐫𝐭𝐚𝐢 𝐲𝐚𝐧𝐠 𝐭𝐫𝐚𝐧𝐬𝐩𝐚𝐫𝐚𝐧, 𝐝𝐚𝐧 𝐦𝐞𝐧𝐠𝐡𝐚𝐩𝐮𝐬 𝐦𝐚𝐡𝐚𝐫 𝐩𝐨𝐥𝐢𝐭𝐢𝐤. 𝐃𝐞𝐦𝐨𝐤𝐫𝐚𝐬𝐢 𝐭𝐢𝐝𝐚𝐤 𝐛𝐨𝐥𝐞𝐡 𝐝𝐢𝐡𝐮𝐤𝐮𝐦 𝐤𝐚𝐫𝐞𝐧𝐚 𝐤𝐞𝐠𝐚𝐠𝐚𝐥𝐚𝐧 𝐧𝐞𝐠𝐚𝐫𝐚 𝐝𝐚𝐧 𝐩𝐚𝐫𝐭𝐚𝐢 𝐩𝐨𝐥𝐢𝐭𝐢𝐤 𝐦𝐞𝐦𝐛𝐞𝐧𝐚𝐡𝐢 𝐢𝐧𝐬𝐭𝐢𝐭𝐮𝐬𝐢𝐧𝐲𝐚 𝐬𝐞𝐧𝐝𝐢𝐫𝐢. ...𝑱𝒂𝒅𝒊, 𝒌𝒊𝒕𝒂 𝒉𝒂𝒓𝒖𝒔 𝒃𝒆𝒓𝒕𝒂𝒏𝒚𝒂—𝒂𝒑𝒂𝒌𝒂𝒉 𝒌𝒊𝒕𝒂 𝒔𝒊𝒂𝒑 𝒖𝒏𝒕𝒖𝒌 𝒎𝒆𝒎𝒃𝒊𝒂𝒓𝒌𝒂𝒏 𝒔𝒖𝒂𝒓𝒂 𝒓𝒂𝒌𝒚𝒂𝒕 𝒕𝒆𝒓𝒆𝒅𝒖𝒌𝒔𝒊 𝒎𝒆𝒏𝒋𝒂𝒅𝒊 𝒔𝒆𝒌𝒂𝒅𝒂𝒓 𝒇𝒐𝒓𝒎𝒂𝒍𝒊𝒕𝒂𝒔?",True,2026-01-07 10:11:15
tiktok,Positif,15.0,pilih pdip yg konsisten,False,2026-01-07 19:36:36
tiktok,Netral,15.0,Giimmmmm judulx😂,False,2026-01-07 16:50:45
facebook,Negatif,15.0,Di dalam nya tersimpan niat busuk untuk menentukan Kepala Daerah hanya dg rapat Ketum2 Parpol.,False,2025-12-30 04:55:47
tiktok,Netral,15.0,"hati hati ntar pemerintah bilang kena hack, eh ternyata di pindah ke wallet pribadi 😁🙏",False,2025-12-06 10:06:03
facebook,Negatif,14.0,"𝗦𝗔𝗛! 𝟳𝟰% 𝗗𝗣𝗥 𝗥𝗜 𝗦𝗘𝗧𝗨𝗝𝗨 — 𝗣𝗜𝗟𝗞𝗔𝗗𝗔 𝗟𝗘𝗪𝗔𝗧 𝗗𝗣𝗥𝗗 𝗕𝗨𝗞𝗔𝗡 𝗪𝗔𝗖𝗔𝗡𝗔, 𝗧𝗔𝗣𝗜 𝗞𝗘𝗡𝗬𝗔𝗧𝗔𝗔𝗡 𝗣𝗢𝗟𝗜𝗧𝗜𝗞. Akhirnya terang benderang. Ketika Demokrat menyatakan sejalan dengan Golkar dan Gerindra, maka peta politik tak lagi abu-abu. Sebanyak 74% kekuatan DPR RI resmi berada di barisan pendukung Pilkada lewat DPRD. Ini bukan klaim sepihak. Ini angka politik. Ini fakta parlemen. Yang masih menolak kini berada di posisi minoritas—keras bersuara, tapi lemah secara representasi. ""𝙈𝙖𝙮𝙤𝙧𝙞𝙩𝙖𝙨 𝙎𝙪𝙙𝙖𝙝 𝙅𝙖𝙡𝙖𝙣, 𝙋𝙚𝙣𝙤𝙡𝙖𝙠𝙖𝙣 𝙏𝙞𝙣𝙜𝙜𝙖𝙡 𝙂𝙚𝙢𝙖"" Menariknya, kelompok penolak terus berteriak soal “kemunduran demokrasi”, seolah lupa bahwa DPRD adalah lembaga hasil pemilu langsung rakyat. Jika DPRD dianggap tak layak memilih kepala daerah, lalu untuk apa rakyat memilih anggota DPRD? Menolak Pilkada lewat DPRD sambil mengaku paling demokratis adalah kontradiksi telanjang. 74% Itu Mandat, Bukan Kebetulan Angka 74% bukan sekadar statistik. Ia adalah mandat politik nasional untuk mengoreksi sistem Pilkada langsung yang : mahal, penuh transaksi, rawan konflik dan sarat politik uang. Jika sistem lama benar-benar sehat, mengapa kepala daerah berguguran di meja KPK ? Yang Menolak, Sedang Membela Apa? Pertanyaan publik kini sederhana : Apakah penolakan ini murni demi demokrasi? Atau demi kenyamanan elite dalam sistem lama yang terbukti rusak? Saat mayoritas parlemen sudah memilih jalan koreksi, menolak tanpa solusi adalah bentuk pembangkangan terhadap realitas. Pilkada lewat DPRD SAH secara konstitusi. Didukung mayoritas fraksi dan kursi DPR RI. Penolakan yang tersisa bukan lagi arus utama—melainkan sisa romantisme demokrasi yang gagal menjawab fakta.. 𝘿𝙚𝙢𝙤𝙠𝙧𝙖𝙨𝙞 𝙩𝙞𝙙𝙖𝙠 𝙙𝙞𝙪𝙠𝙪𝙧 𝙙𝙖𝙧𝙞 𝙧𝙞𝙗𝙪𝙩𝙣𝙮𝙖 𝙥𝙚𝙢𝙞𝙡𝙞𝙝𝙖𝙣, 𝙩𝙖𝙥𝙞 𝙙𝙖𝙧𝙞 𝙗𝙚𝙧𝙨𝙞𝙝𝙣𝙮𝙖 𝙝𝙖𝙨𝙞𝙡.",True,2026-01-08 10:28:43
tiktok,Netral,14.0,tolak Pilkada kembali d pilih DPR jangan rampas hak rakyat,True,2026-01-09 05:09:49
tiktok,Negatif,14.0,ini lah gubunur yg pro untuk rakyat gas poolll ibuk gubenur,False,2025-09-30 07:16:35
tiktok,Positif,14.0,PDIP partai paling konsisten 👍👏,False,2026-01-07 16:14:09
tiktok,Netral,14.0,"""yg lain mungkin kuran dos"" 🤣🤣🤣🤣",False,2025-12-05 19:39:13
tiktok,Netral,14.0,dia weekend doang yang ke blok m?!,False,2025-12-28 16:12:57
instagram,Netral,14.0,2029 DPR/MPR/DRPD na weh Tong DipariLih deuiiii...🔥🔥👏,False,2026-01-07 08:43:11
tiktok,Netral,14.0,maybe cuba needs a deal that can't refuse..,False,2026-01-05 01:35:00
tiktok,Negatif,14.0,NGEFANS GW SAMA LU BRO,False,2025-08-29 08:02:56
tiktok,Netral,14.0,Cuba I would stay radio silent if I were you. 😳,False,2026-01-05 02:55:34
tiktok,Netral,14.0,Governor be like: “Whatever my wife says”,False,2025-11-10 20:38:50
tiktok,Positif,14.0,Sangat Penting karena Wanita Lebih bisa Bekerja dengan Baik dan Serius 🙏,False,2025-12-24 18:34:06
facebook,Positif,14.0,"Kalau anak kelahiran tahun 2000an,tidak merasakan betapa amannya pemilihan kepala daerah oleh DPRD., tak ada keributan dan tak ada saling menyalahkan antar sesama warga,.pembangunan tetap jalan walau tersendat sendat,.tidak sama dgn skarang setelah pemilihan antar warga bahkan bersaudara yg beda pilihan saling tidak menegur,.",False,2025-12-30 07:57:11
tiktok,Positif,14.0,mengalilu bnr😭,False,2026-01-05 17:49:00
tiktok,Negatif,14.0,kita rakyat gak bakalan pilih DPR,False,2025-12-30 16:43:25
tiktok,Negatif,14.0,pdi dari dulu emang merakyat.tp rakyat tdk paham,False,2026-01-07 06:22:03
facebook,Positif,14.0,Yakin ..dgn pemilihan lansung lebih efisient....tidak menjamin bahkan transaksinya politiknya akn luar biasa..dan duit hanya berputar diatas😀🤣 Jika pemilu langsung. walau anggaranya besar disitu banyak dampak yg didapat..disamping demokrasi berjalan...dampak ekonomi lima tahunan juga berlangsung...dan ini juga baik buat rakyat,True,2025-12-30 14:24:10
tiktok,Netral,14.0,"itu perampasan, laporkan ke PM aja",False,2025-05-07 12:27:42
tiktok,Netral,14.0,60 ribu siswa dari dunia lain sih😭,False,2025-10-17 19:23:05
facebook,Positif,14.0,"Harusnya para anggota dewan yg rata2 sdh sekolah tinggi punya gelar hingga S3 .... mencari solusi bagaimana caranya pilkada langsung tsb bisa hemat dan terbebas dari politik uang, bukan mencari jalan pintas seperti ini",True,2025-12-29 13:55:58
facebook,Negatif,14.0,Jangan pilih lagi Gerindra,False,2025-12-29 14:18:43
tiktok,Netral,14.0,fungsi DPR apa bos🤣🤣🤣🤣🤣🤣,False,2025-05-31 07:24:13
tiktok,Negatif,14.0,Hanya PDIP yg konsisten dgn reformasi Demokrasi dan Konstitusi... partai' lain cari keuntungan,True,2026-01-07 18:22:37
instagram,Netral,14.0,🔥🔥🔥👏👏.....lanjutken,False,2026-01-02 14:06:09
tiktok,Negatif,14.0,"Demi selamatkan posisi anaknya, SBY menjual idealisne😇",False,2026-01-07 05:56:14
tiktok,Netral,14.0,Stand fight Indonesia 👍,False,2025-08-30 20:20:54
tiktok,Negatif,14.0,sakit hati banget lihat expresi si krudung merah yang joget2,False,2025-08-31 06:55:46
instagram,Positif,14.0,Rakyat bersama 👏🔥,False,2026-01-04 03:23:19
tiktok,Positif,14.0,Imanmu sungguh luar biasa bun...,False,2025-10-09 10:06:55
tiktok,Negatif,14.0,pecat aja,False,2026-01-06 18:47:42
facebook,Negatif,14.0,Kami rakyat lebih setuju DPR di bubar kan aj,False,2025-12-31 02:27:48
tiktok,Netral,14.0,"tanda tanada tjoanda masuk islam 😁, bismillah doakan ya guys",False,2025-10-13 08:44:55
tiktok,Negatif,14.0,"pindah binance tapi gausah dibikin rame guys, biasanya yang rame pemerintah gercep ikut campur 🙏",False,2025-12-05 20:21:38
tiktok,Negatif,14.0,jangan pilih gerindra,False,2025-12-30 20:33:00
facebook,Negatif,14.0,"Wajar ibu mega dendam dengan ketiga presiden ini.SBY, Jokowi dan prabowo.karena mereka bukanlah negarawan melainkan haus kekuasaan. Jadi di situlah masyarakat bisa menilai mana yang benar2 untuk kepentingan rakyat.",True,2026-01-08 07:12:54
tiktok,Positif,14.0,"Pak Kades mau 2 periode tra ? mak jleb,pak kades tiba"" tra enak tidur tra enak makang",False,2026-01-07 08:30:25
instagram,Negatif,14.0,Tidak usah bnyak berlalu selesaikan.dulu janji2 politiknya tuk 5 tahun kedepan,False,2025-12-30 00:51:33
tiktok,Negatif,14.0,kacau klu suda di sidak secara umum bgni..🤣habis lah. KPK gak perlu turun ke lapangan lagi.☺️,True,2026-01-07 04:23:33
tiktok,Negatif,14.0,"pelanggar HAM berat ngajak melanggar UU; kemunduran demokrasi, melanggengkan kekuasaan, ambisius, kemaruk, gak ada yg mikirin rakyat",True,2026-01-04 09:37:01
tiktok,Netral,14.0,cantik + cerdas = Sherly Tjoanda Laosb🔥🔥,False,2025-10-18 18:30:30
tiktok,Positif,14.0,Pemimpin seperti ini la yg sangat di butuhkan oleh rakyat Indonesia 🤗 pemimpin jujur dan amanah 🤗 sehat selalu ibu gubernur cantik 🙏,False,2025-09-24 06:06:28
tiktok,Netral,14.0,Greens are not the best but the only option we have left,False,2026-01-05 02:41:11
tiktok,Netral,14.0,panji Pragiwaksono pancen asutena,False,2026-01-05 13:34:51
instagram,Negatif,14.0,Keluarga Nir Adab,False,2026-01-08 12:44:46
instagram,Negatif,14.0,"Disuruh sahkan RUU perampasan aset malah merencanakan merampas suara rakyat, kenapa takut rakyat yang memilih? Bahaya ini bisa bisa ada abuse of power, bisa kongkalikong pemilihan😂",True,2026-01-08 13:09:40
tiktok,Positif,14.0,"Tetap semangat Bapak Gubernur ( Bapak Dedi Mulyadi) sehat selalu, Aamiiin....🤲🤲🤲",False,2026-01-04 13:44:28
tiktok,Netral,14.0,iih mbaknya kupikir masih awal 20 an😭 ternyata dah punya anak suami😭😭,False,2026-01-08 17:47:18
tiktok,Netral,14.0,what a shameful movement,False,2026-01-04 17:49:09
tiktok,Positif,14.0,pindah hujan ke rmh Sidin .nyaman hiburan hati2 dirmh nya,False,2026-01-08 10:20:47
facebook,Netral,14.0,"Manttap, Koalisi Merah putih, Tanpa SADAR MENCIPTAKAN Pembentukan KOALISI PDIP bersama RAKYAT.",False,2026-01-07 04:56:15
tiktok,Negatif,14.0,sesuai prediksi wowo..indonesia kan bubar 2030. hukum sdh tdk berlaku ..,False,2025-12-29 03:59:33
tiktok,Negatif,14.0,udh capek Ama negara sendiri 😔,False,2025-12-30 20:53:36
facebook,Netral,14.0,DPRD lgi cari cuan utk pemilihan bupati lewat dipilih DPRD,False,2025-12-31 11:16:40
tiktok,Negatif,14.0,Simpel bu.. tapi puan ga bisa Bu!!!,False,2025-09-14 09:29:43
tiktok,Positif,14.0,blas g setuju,False,2025-12-31 16:40:58
facebook,Negatif,14.0,Itu pandangan anda pak....sah2 saja... Tapi tentu saya juga boleh berpandangan sebagai masyarakat.... Belajar dari sejarah....hal itu juga sudah pernah kita lalui bersama....apa jaminan bapak kalau yg memasuki suara kita lebih baik akhlaknya dari kita yg diwakili.... Yang ada juga tetap bagi2 .....dan rakyat hanya jadi penonton yg GO-loK....🙏,False,2026-01-07 23:09:45
tiktok,Negatif,14.0,"udah tau mahal kenapa sih org org masih pada beli,",False,2026-01-08 12:09:06
tiktok,Negatif,14.0,DPR sangat tidak mewakili suara rakyat,False,2026-01-08 11:34:01
facebook,Negatif,14.0,"🏴‍☠️🤠⚠️ Wacana pengembalian mekanisme Pilkada ke DPRD bukan sekadar soal efisiensi biaya politik. Bagi Aceh, hal ini berisiko menggeser kendali demokrasi lokal ke tangan partai-partai pusat di Jakarta, mengancam otonomi dan aspirasi rakyat. Dampak Langsung terhadap Aceh Aceh yang memiliki sejarah panjang perjuangan demokrasi dan otonomi khusus berpotensi kehilangan suara dalam memilih pemimpin lokal. Kepala daerah bisa saja ditentukan oleh kesepakatan elit partai di ibu kota, bukan aspirasi rakyat Aceh. Risiko Relasi Kekuasaan Transaksional Pilkada DPRD berpotensi merubah relasi legislatif–eksekutif dari mekanisme checks and balances menjadi politik transaksi, di mana keputusan politik lebih bergantung pada kesepakatan elite daripada kepentingan publik.Krisis Legitimasi Data survei menunjukkan publik menolak perubahan mekanisme Pilkada tanpa mandat. Untuk Aceh, mengabaikan aspirasi rakyat bisa memicu ketidakpercayaan terhadap kepala daerah, konflik sosial, dan ketegangan politik baru. Pertimbangan Ekonomi vs. Demokrasi Klaim “efisiensi biaya politik” sering dijadikan alasan. Namun, kehilangan legitimasi dan partisipasi publik jauh lebih mahal daripada biaya Pilkada langsung. Demokrasi lokal adalah investasi politik yang tidak bisa digantikan dengan hitungan anggaran semata. Perubahan mekanisme Pilkada harus memperhatikan aspirasi rakyat Aceh. Tanpa suara publik, efisiensi politik akan menelan harga mahal berupa krisis legitimasi, pelemahan otonomi, dan maraknya politik transaksional. Aceh sedang memberi peringatan: demokrasi lokal tidak boleh dipangkas demi efisiensi anggaran atau kesepakatan elit pusat. fyp foto aceh pilkada dpr 👆👇👉",True,2026-01-08 08:14:09
tiktok,Netral,14.0,sao chúa lại để lụt thế này ha,False,2025-09-08 19:06:57
tiktok,Negatif,14.0,"Honestly - I think this is bogus data. Only Reform UK supporters will really be answering polls… everyone else doesn’t give two hoots about polls! I’m not saying Reform wouldn’t do well in an election, but there is no way they’d win this many seats!",False,2026-01-05 06:02:59
tiktok,Negatif,14.0,Lebih sadis dari Jokowi🤣,False,2025-12-29 18:03:47
tiktok,Netral,14.0,orde lama versi baru..,False,2025-12-29 15:36:49
tiktok,Netral,14.0,beliau lagi kunjungan ke Papua Selatan dan Papua,False,2025-09-18 11:35:19
tiktok,Negatif,14.0,bubar kan aja. rakyat ga butuh wakil,False,2025-12-30 16:31:32
tiktok,Netral,14.0,PDIP memberikan kebebasan rakyat memilih siapapun .... bahkan utk tdk memilih PDIP... 😁,False,2026-01-06 22:30:32
tiktok,Positif,14.0,Cuma PDI Perjuangan yg konsisten mengawal konstitusi dan demokrasi di negeri ini,True,2026-01-07 22:57:57
tiktok,Negatif,14.0,"perasaan kemaren baru bawa2suku toraja,sekarang sebut suku lagi...",False,2026-01-05 15:05:06
tiktok,Negatif,14.0,exchange pluang jg kena kh?,False,2025-12-07 11:11:14
tiktok,Positif,14.0,Ibu sherly ya seperti ibu2 biasanya 🤭 apa yang ada di otak ceplosin aja 🤭 aaaaa lucu bu sherly sehat2 yaaaaa 🥰,False,2025-12-27 13:42:55
tiktok,Netral,14.0,setelahnya akan ada undang-undang presiden ditunjuk langsung oleh MPR....,False,2026-01-06 09:46:02
tiktok,Negatif,14.0,hukum jangan pilih partey dekmokrat sekarang karena balik arah dukung pemilhan tidalangsung,False,2026-01-08 01:25:40
tiktok,Negatif,14.0,"Sawitnya udah sebesar itu pasti udah puluhan tahun, pak KDM belum setahun menjabat, berarti bener harus di cek dulu itu tanah milik siapa dll nya butuh waktu penanganannya, sabar2 yg penting mah jangan sampai ada kebun2 sawit yg lain",True,2025-12-31 09:24:10
instagram,Negatif,14.0,Yo tambah ruwet lha dprd ne ae gak iso dipercoyo opo neh kon milih kepala daerah trs hasile kepala daerah model opo isine cm kong kali kong antara dprd karo kepala daerah karo tambah gede pencairane dprd ne...,False,2026-01-08 08:42:56
tiktok,Negatif,14.0,"mending begitu , jangan melatih masyarakat untuk sogok menyogok, sekarang masyarakat indo kalau tidak disogok ngga mau nyoblos",False,2025-12-29 17:54:56
tiktok,Negatif,13.0,"seburuk2nya pdip, pdip msh lebih mending drpd partai lainnya sih, menurut keyakinan saya",False,2026-01-08 13:27:29
tiktok,Positif,13.0,"Dalam melaksanakan pembangunan dibutuhkan rencana teknis yang matang, konstruksi yang sesuai kontur tanah, apa yg dimaksudkan pak gub sdh benar",False,2026-01-04 10:43:15
instagram,Positif,13.0,Bravo 👏🔥,False,2025-06-26 13:51:19
tiktok,Netral,13.0,ya quiero que salga esa mision en el cod of duty jaja😎,False,2026-01-04 08:55:11
tiktok,Netral,13.0,biokot gerindra dan Golkar mengebirHakRakyat,False,2025-12-30 11:52:36
tiktok,Negatif,13.0,bnyaki yg kawin ai sdh....🤣,False,2026-01-06 17:56:29
tiktok,Netral,13.0,bawa ke sei tabuk dan daerah Martapura 😭😭😭😭,False,2026-01-06 20:32:51
tiktok,Negatif,13.0,Bahlil B nya apa?,False,2025-12-07 12:55:09
tiktok,Netral,13.0,"all access to social media in Indonesia, such as live on TikTok or Instagram, YouTube, and others, is banned so that other countries or even Indonesians who are not participating in the demonstration do not know what is happening. We are all silenced, there have been shootings everywhere. and many ppl di3d. 🙏🏻🙏🏻😭",True,2025-08-31 09:21:04
tiktok,Netral,13.0,+1 máy ko bao giờ bỏ quanghung,False,2025-06-10 08:11:36
instagram,Negatif,13.0,"Makin gak ada akal kalo seperti ini min, lalu di mana istilah demokrasi nya, punya demokrasi aja masih kalah sama oligarki",True,2025-12-20 04:50:38
tiktok,Netral,13.0,"waspada pengalihan isu ""bencana nasional Sumatera"" besok pemilu jangan pilih gerindra, pkb, pan, dan golkar.....",False,2026-01-01 00:44:21
tiktok,Negatif,13.0,kamana eta duitnya banten😂😂😂,False,2026-01-08 10:00:56
tiktok,Negatif,13.0,menurut pengamatan saya dulu watu pilgub jakarta ahok didemo gegara 2 kubu anis sama gerindra nya prabowo (pengsmatan saya ya jan komplsin)😂,True,2026-01-07 09:56:20
tiktok,Netral,13.0,Kreennn ..GUB BANTEN 🥰🥰🥰,False,2025-02-15 16:51:36
tiktok,Netral,13.0,"Alasan utk Kepala Daerah di Pilih Oleh DPR, Pertanyaannya yg skrg yg terjdi Rakyat sdh tdk percaya lagi dgn DPR, Bagaimana mungkin DPR utk menentukan kepala daerah ?😀😀😀 ane2 mereka😀😀😀",False,2026-01-08 09:44:07
tiktok,Positif,13.0,PDI PERJUANGAN benteng terakhir demokrasi🤟🤟🤟🔥,True,2025-12-30 08:49:49
tiktok,Netral,13.0,pdi selamanya dihati sy,False,2026-01-07 20:40:04
tiktok,Netral,13.0,MAKZULKAN KN segera Thun ini,True,2026-01-04 21:31:42
tiktok,Negatif,13.0,"bagi yang tidak tau di indramayu itu banyak sawah dan tidak memiliki penerangan jalan, akibatnya rawan begal dan gengster, dan kalo anggaranya buat penerangan jalan dan perbaikan jalan saya setuju",True,2026-01-08 07:39:31
tiktok,Netral,13.0,Ruu TNI di sah in.. RUU Perampasan aset kapan ????🙏🤣,False,2025-03-20 17:52:58
tiktok,Negatif,13.0,ga tega bet gua liatnyaa😭😭,False,2026-01-06 00:58:36
tiktok,Negatif,13.0,udah capek sama negara ini yaallah 😔 [sticker],False,2026-01-06 08:14:58
tiktok,Netral,13.0,A world without USA would be the best to live in,False,2026-01-04 16:50:29
facebook,Positif,13.0,"Saya masyarakat setuju lah Pilkada lwt DPRD.. Hemat Biaya ga horg/ga ribut, bisa menekan Praktek Korupsi oleh Kepala Daerah",False,2025-12-30 10:52:32
facebook,Negatif,13.0,Hapus saja parpol yang melanggaran konstitusi dan jangan berpihak kepada mereka,True,2026-01-08 00:58:58
instagram,Negatif,13.0,SEKALIAN BUBARKAN SAJA DPR & DPRD TIDAK ADA MANFAAT UTK RAKYAT🔥🔥🔥,False,2025-12-30 04:55:53
tiktok,Netral,13.0,audit dana desa sama. BUNGDS GARUT SELATAN HARUS TURUN. KE LOKASI LAPANGAN,True,2026-01-04 23:00:26
tiktok,Netral,13.0,partai yg konsisten tdk oleng² mejaga demokrasi adalah....partai..pdip,True,2026-01-07 20:58:48
tiktok,Negatif,13.0,Saatnya beraksi.. Nanam sawit,False,2026-01-06 10:50:24
tiktok,Netral,13.0,first video 😂😂,False,2025-02-08 12:55:37
tiktok,Netral,13.0,reaksi hati pa dedi [sticker],False,2026-01-07 03:16:47
tiktok,Netral,13.0,"""Yang penting saya perform"" nada nya marella INTM🤣",False,2025-09-18 20:51:14
instagram,Negatif,13.0,Yang bener rakyat bisa memecat anggota legislatif,False,2025-12-21 12:31:52
tiktok,Positif,13.0,semakin mantap aku dukung PDIP💪💪💪,False,2026-01-08 11:46:16
tiktok,Netral,13.0,shame on america,False,2026-01-04 23:58:54
tiktok,Netral,13.0,"Tuyệt vời 2 em Giúp Lễ, chắc chắn 2e sẽ được nhiều ơn Chúa ban.",False,2025-10-09 19:22:29
tiktok,Negatif,13.0,O giamana keadaan jurangnya min??,False,2026-01-07 18:10:25
tiktok,Negatif,13.0,"mana bagusnya aja bro, kami p3k ngikut bae dari honor sudah diangkat jadi p3k kami sudah bersyukur jika nanti mau dialihkan menjadi pns ya monggo jika tidak bisa ya ga' pa pa gini aja sudah cukup.",False,2025-11-17 09:47:47
instagram,Positif,13.0,Top🔥🙌,False,2026-01-06 11:47:53
facebook,Negatif,13.0,"Mereka takut sprt DKI, biar dikeroyok, PDIPerjuangan yang menang. Sblm nular ke daerah2 lain, ya diberanguslah PDIPerjuangan. Intinya itu. Parpol2 itu lama2 jg melebur jadi 1, krn memang mereka wkt sblm reformasi ada di barisan Golkar. Nasdam, Gerindra trutama kan pecahan Golkar, ganti baju cepat2... Skrng balik kembali. Jgn kaget nanti kalo tetiba parpol2 dipaksakan disatukan kembali sprt jaman Orba. Tp PDIPerjuangan dari dulu kan di luar itu, krn memang partai yg punya ideologi warisan Bung Karno gak mgkn disatukan dgn mereka yg lahir dr rahim orba.",False,2026-01-07 00:34:11
tiktok,Netral,13.0,mahadangi eskrim dlu jar Hanyar turun😂😂😂,False,2026-01-07 10:51:25
tiktok,Negatif,13.0,lagi rame soalnya RK 🤣✌,False,2026-01-07 13:48:12
tiktok,Negatif,13.0,Mentri ya udah lupa sama gubernurya ampun,False,2026-01-07 14:41:52
tiktok,Netral,13.0,jawaban ga nyambung dullll,False,2025-12-18 10:05:15
tiktok,Netral,13.0,"Pas de bourse pour le Canada et USA, Oui !! Pas d'évacuation sanitaire aussi des membres du gouvernement en Europe, ça coûte cher aussi.",False,2025-07-16 20:46:50
tiktok,Netral,13.0,ada aura sentimentil sepertinya,False,2026-01-07 15:19:44
threads,Negatif,13.0,"Ga perlu Pinter² emang di Konoha, Diutamakan Harus Jago Ngeles+Ngotot😅",True,2026-01-07 10:00:16
tiktok,Positif,13.0,salut nah gasan babe aldo ni... mudahan Kalimantan ni bnyak beisi orang yg wani menguak fakta kyni sehat selalu gsan pyn🙏🏻,False,2026-01-07 18:42:57
facebook,Netral,13.0,Hasi survey LSI Denny JA: 66.1% menolak Pilkada ditentukan DPRD. Mayoritas penolak adalah milenial dan Gen Z. PilkadaDPRD news survey,True,2026-01-07 10:31:10
instagram,Positif,13.0,"alamak oyyy, kalo udah dikasih cicip kuenya, enak jugakan ?",False,2026-01-08 08:37:17
tiktok,Negatif,13.0,tambang batu bara cuma manggundul hutan ja kd papa jr Sidin🤣🤣🤣,False,2026-01-07 17:03:48
facebook,Negatif,13.0,Apakah Gerakan Rakyat skrg ormasnya PDIP? klo mau bersikap sendiri aja.jgn d gandeng SM PDIP ..kesannya jdi kacung PDIP.,True,2025-12-30 14:03:37
tiktok,Negatif,13.0,yg panen anggota dewan... rakyat gigit jari jd penonton...,False,2025-12-17 19:36:49
threads,Negatif,13.0,"Jadi jabatan karir PNS, kayak di Polri/TNI jadi bukan lagi jabatan politis, dan mereka lebih tau lapangan dan Mentri juga jabatan karir dari kementerian, Sistim lelang dan proses fit&proper, jadi militer polri gak bisa masuk, cuma bisa di kemhan dan Lemhanas",False,2026-01-02 12:13:31
tiktok,Netral,13.0,"dari yang aku baca si katanya mualem cuma ngirim ke 2 lembaga ya, itupun lokasinya di indo juga",False,2025-12-18 10:31:29
tiktok,Positif,13.0,"sehat selalu puang jendral, semoga Sultra lebih baik di tongkat kepemimpinannya",False,2026-01-01 18:30:51
tiktok,Positif,13.0,The Venezuelan kind of freedom and,False,2026-01-04 19:56:07
tiktok,Negatif,13.0,tidak terima gaji krna sdah bnyak ambil hasil di Sultra ini....,False,2026-01-01 21:35:56
instagram,Negatif,13.0,apa jangan2 nama United States of America adalah doa agar seluruh benua Amerika jadi 1 negara?,False,2026-01-07 11:24:59
tiktok,Negatif,13.0,Walpaper aku bos!! Walpaper klean apa?👀🤣,False,2026-01-02 10:47:58
tiktok,Netral,13.0,"rakyat tdk pilih kepala daera, rakyat juga tdk pilih DPRD",False,2026-01-07 16:45:17
facebook,Negatif,13.0,"Ujung-ujungnya, Presiden dipilih oleh DPR. Lalu DPR berlagak seperti boz. Kong kalikong, untuk tetapkan jabatan presiden lebih dari dua periode. Recurent, sejarah mode Soeharto yg 32 th, terulang lagi Gubernur ditunjuk oleh presiden. Lalu Bupati dan Walkot, ditunjuk oleh Gubernur. Para kepala Daerah itu, adalah ASN. Lalu semua daerah-,daerah itu, tidak maju-,maju, karena dipimpin dari orang-orang yg tidak kredibel. Oleh karenanya, maka wajib bagi kita untuk memberi reaksi terhadap upaya kearah ini. Wss",True,2026-01-07 15:15:56
tiktok,Netral,13.0,gurllll omaygad SHE ATE😭,False,2025-11-22 19:29:56
tiktok,Netral,13.0,"Sy setuju Dipilih oleh DPRD, Selain menghemat Anggaran, jg mencegah perpecahan antar Warga.",False,2026-01-02 22:07:46
tiktok,Netral,13.0,segitunya panji cari makan .....😂😂😂,False,2026-01-05 12:13:53
tiktok,Positif,12.0,reform 💯,False,2026-01-05 01:04:26
instagram,Positif,12.0,Marhaen🤟,False,2026-01-08 11:36:43
tiktok,Negatif,12.0,Kelahiran Ibu Ibu Thn 90 An...Bapak Bapak Thn 80 An Dan Nenek Nenek Thn 50 An Warga Nya Tahu Gak Apa Itu CRYPTO....😁😁😁,False,2025-11-08 22:49:26
facebook,Netral,12.0,Hanya PDIP yang berani tanpa iming² jatah apapun,False,2026-01-08 07:51:01
facebook,Negatif,12.0,"❤💎 Pilkada itu secara konstitusional dapat dilakukan dengan 2 sistim : 👉 1. Pilkada melalui DPRD ✔️ 👉 2. Pilkada secara langsung ❌ Pilkada secara langsung selama ini, jujur saja terlalu banyak hal buruk dan negatifnya, daya rusaknya terlalu besar, tinggi dan masiv bagi moral masyarakat kita, apa lagi polarisasi/perpecahan yang terjadi di tengah2 masyarakat hanya gara2 pilkada itu sangat tinggi sekali, 👉 Jadi sampai kapan kah sistim/cara pemilihan langsung kepala daerah (PILKADA) yang jahat, sadis dan kejam ini akan terus kalian biarkan dan kalian pertahankan atas alasan demokrasi rakyat wahai kalian para partai politik yang terhormat.... ??? Padahal.sesungguhnya kalian itu semua telah menerima uang dan fasilitas tinggi dari negara setiap harinya melalui para kader kalian yang duduk di legislatif dan di eksekustif, dimana kah matamu dan hati nurani kalian semua wahai partai politik..??",True,2026-01-04 10:17:57
tiktok,Negatif,12.0,Gimana rasanya dikhianati?? wahai rakyat,False,2026-01-05 17:34:06
facebook,Negatif,12.0,"Artinya negara kita mundur ke belakang,sepertinya nepotisme akan di suburkan lagi,seperti orba.",False,2026-01-04 10:18:14
tiktok,Negatif,12.0,ini bahaya partai ini bisa bisa memecah belah bangsa dengan dalil membela buruh dan rakyat miskin,True,2026-01-08 20:10:48
tiktok,Negatif,12.0,ga butuh uang tp kuasa dan kebijakan lu menguntungkan perusahaan tambang yg lu punya 😅,False,2025-12-21 06:53:32
facebook,Negatif,12.0,PDIP Penegak Demokrasi .,True,2026-01-08 07:37:11
tiktok,Netral,12.0,"prabowo = jokowi prabowo frontal ,jokowi penuh intrik. tujuannya sama. punya boneka disemua provinsi dan instansi",False,2026-01-05 17:44:30
tiktok,Positif,12.0,RIP DEMOKRASI,True,2026-01-07 18:37:13
tiktok,Negatif,12.0,PENTING NYA PEMIMPIN BUKAN ORANG MISKIN contoh prabowo & KDM,False,2025-11-06 13:55:55
tiktok,Netral,12.0,emang sound dengan video berbeda tpi aku fokus aja sama sound krna segila dan sekeren itu wee di buat jdi paduan suara.🥰🥰,True,2026-01-04 07:43:18
tiktok,Negatif,12.0,ada lecet kahh metrial nya ngga knp2 kan 😂,False,2026-01-07 11:09:09
facebook,Negatif,12.0,Ini pertanda orde baru kumat lagi....ada rencana nya.. Prabowo mau menyingkirkan rakyat Indonesia...,False,2026-01-07 13:42:58
tiktok,Netral,12.0,Finally the NHS will get that £350m right,False,2026-01-05 06:37:18
tiktok,Netral,12.0,MINN TRAILER BCW NYA MINN,False,2026-01-07 14:34:29
instagram,Positif,12.0,🤣🤣🤣 sak karepmu lehmu ngomonglek penteng awakmu seneng....,False,2026-01-08 12:21:19
instagram,Netral,12.0,Real gua banget pak btp next MK 😍❤️❤️❤️🔥🔥🔥,False,2026-01-08 12:40:00
tiktok,Negatif,12.0,sedih pengorbanan lahir bathin harus kehilangan orang yg dicintai tidak sia2 semangat ibu semoga amanah.,True,2025-02-09 13:05:09
tiktok,Positif,12.0,tega banget😭,False,2026-01-06 00:58:08
tiktok,Netral,12.0,I need a good wife,False,2026-01-05 03:44:10
tiktok,Negatif,12.0,PDIP jelas aku dukung ....sejak THN 1999 Mau di caci mau di hujat ..tetap PDI-P,False,2026-01-04 13:54:29
tiktok,Negatif,12.0,Isu apalagi yg mau di alihkan,False,2026-01-08 08:47:06
tiktok,Negatif,12.0,America is a evil country,False,2026-01-05 03:07:43
instagram,Positif,12.0,"Inilah kenapa Kami setiap pemilu memilih PDIP dan capres dari PDIP ,karena SATU2NYA PARTAI MENJUNJUNGI TINGGI KEBENARAN KONSTITUSI DAN DEMOKRASI,tetap semangat PDIP 🔥🔥🔥",True,2026-01-08 14:25:31
tiktok,Netral,12.0,we have daryl,False,2025-10-27 02:27:20
tiktok,Positif,12.0,"Good Night, Happy New Year!🤣🤣🤣",False,2026-01-05 01:12:20
tiktok,Negatif,12.0,Ini wacana dulu yang belum kesampaian saat kepemimpinan SBY berkoalisi dengan Gerindra.. .. sampai ahok ngamuk ngamuk keluar dr Gerindra..eh di canangkan lagi,False,2025-12-31 09:28:13
tiktok,Negatif,12.0,gk mungkin KDM sombong tapi bliau lagi pake headset,False,2025-06-04 21:00:07
tiktok,Negatif,12.0,wo tu kuat dak biso di demo² sen nyo lah banyak.manon nak nyo lah buat jambi ko .induk ayah nyo tuan jambi ko🥺,True,2025-09-14 20:24:18
tiktok,Netral,12.0,"KERTAJATI: cirebon,majalengka,indramayu,kuningan,ciamis,tasik,subang HUSEIN : bandung,cimahi,padalarang,purwakrta,garut,cianjur ,karawang tinggal nyieun dibogor jang urg sukabumi/bogor",True,2025-01-16 19:09:41
tiktok,Positif,12.0,lucu sidin. bisa menghibur seKalsel ... 😅😂,False,2026-01-08 12:07:43
threads,Negatif,12.0,NEGARA INI BUKAN FOKUS UTK KESEJAHTERAAN RAKYAT MALAH BAHAS BAGI BAGI KEKUASAAN...MEMANG KONTOL,False,2026-01-07 09:50:48
tiktok,Netral,12.0,Iranian president rn 🥀💔 [sticker],False,2026-01-04 18:39:34
tiktok,Netral,12.0,"They just didn’t have space for him to park his tank, that what he meant when he said they cannot live together",False,2025-10-26 01:02:29
facebook,Positif,12.0,Mantap Nyogoknya cukup ke DPRD aja lebih simpel👍👍👍,False,2026-01-08 03:37:41
tiktok,Netral,12.0,"jgn pilih partai golkar, pandai, PKB, gerindra",False,2026-01-05 12:35:42
tiktok,Positif,12.0,hebatnya dia pede gak ada grogi²nya yakannn,False,2026-01-08 20:48:18
tiktok,Positif,12.0,This is so insane.,False,2026-01-05 00:16:22
facebook,Netral,12.0,"Wacana Pemilihan kepala Daerah oleh DPR, Apakah Setuju.? 1. Presiden dan DPR RI Tetap di pilih langsung oleh Rakyat. (Wakil presiden hak Preogratif Presiden Terpilih) 2. MPR di pilih DPR-RI 3. DPRD di pilih langsung oleh Rakyat 4. Kepala daerah (Gub dan Bup/walikota) di pilih DPRD",False,2026-01-08 06:49:11
tiktok,Negatif,12.0,Serem tapi luar biasa.. sudah seharus nya begitu seorang pemimpin… tegas..,True,2026-01-07 12:58:56
tiktok,Negatif,12.0,"dukung yok lebih Baek dipilih DPRD,biar kita masyarakat ga ikut berdosa karna politik uang.",False,2026-01-07 02:34:31
tiktok,Negatif,12.0,Does Cuba have oil???,False,2026-01-05 01:52:58
tiktok,Negatif,12.0,ying jidi pirtinyiinnyi siipi ying bisi mindihin hijin??? 😭😭😭,False,2026-01-05 16:18:31
tiktok,Positif,12.0,"PDIP TERBAIK MEMIHAK PADA HAK"" RAKYAT INDONESIA",False,2026-01-08 16:41:53
tiktok,Negatif,12.0,pecat gubernurnya...,False,2025-10-15 23:12:10
tiktok,Negatif,12.0,"🤣emng ada ya gubernur lain yg olahraga aja dia sendirian, dan ga diliput media, seorang gubernur loh bersepeda sendirian, disini jga bpa aing udah-",False,2025-06-03 04:17:17
tiktok,Netral,12.0,ở đâu mà chả vậy,False,2025-08-30 18:52:48
tiktok,Netral,12.0,tinggal menunggu ibu mencalonkan jadi presiden asalkan jangan salah pilih partai bu 😌,False,2025-10-13 19:25:07
tiktok,Netral,12.0,"I travel to Indonesia everyday for vacation. Whenever I’m there, the locals always share their struggles with me😢 they thought I’m local.. and they ask if I can find a job for them",False,2025-08-30 20:50:30
tiktok,Netral,12.0,"The amount of salary gained by our teachers, midwives, small business owners, and construction workers seen in this video are real. The House of Representatives even gain 34 times higher than us in a month.",False,2025-08-31 01:57:30
tiktok,Negatif,12.0,Sampai hati kerajaan bagi gaji teacher sekecil itu!!!!! 😭😭😭 mereka itu tunggak kepada pendidikan dan sekaligus menjadi asas kepada kemajuan dan kemakmuran negara!! As teacher myself sedih sangat! 😭😭,False,2025-08-31 11:13:39
facebook,Negatif,12.0,"Cuman satu partai PDI Perjuangan MENOLAK Pilkada dipilih oleh DPRD. Kedaulatan ada di tangan rakyat, bukan di ruang elite. Pilkada harus tetap dipilih langsung oleh rakyat. Awas Kebangkitan NEO ORBA! Menurut kalian gimana??? pdipbantenbersamarakyat pdipbantenmenang solidbergerak",True,2026-01-07 12:00:57
instagram,Positif,12.0,Hanya PDIP yg selalu peduli dan memperjuangkan rakyat Indonesia ❤️❤️❤️,False,2026-01-02 02:25:10
instagram,Negatif,12.0,MBG mahal tetep bejalan,False,2025-12-30 11:04:12
facebook,Negatif,12.0,"Kalau sdh mental Koruptor.., mau sistem apapun tetap aja Korupsi..",False,2025-12-29 11:42:16
instagram,Netral,12.0,"Demokrasi di Indonesia mengalami kemajuan di era SBY, kinerja KPK terbaik di era SBY, semuanya mengalami kemunduran di era Jokowi dan dilanjutkan era Prabowo.",True,2026-01-01 04:26:22
tiktok,Negatif,12.0,Apalagi yg roasting mic gakuat ngakak 😭,False,2025-12-23 17:16:35
tiktok,Negatif,12.0,anda percaya ? hutan aja di gundulin sama Mentri kehutanan,False,2025-12-26 10:36:36
facebook,Negatif,12.0,Semua partai sdh masuk angin Kecuali PDIP yg jelas menolak. Demokrasi kita mundur sepuluh langkah di era Prabowo,True,2025-12-30 00:07:13
instagram,Negatif,12.0,"Jangan bayar pajak, stop",False,2026-01-01 02:25:43
tiktok,Netral,12.0,Please Donald trump sir. in India Don't have oil.But have one person Modi.He is problem for everyone.please take new york America.,False,2026-01-04 15:05:44
tiktok,Negatif,12.0,akhirnya kebuka sendiri..bagi2 hasil,False,2025-12-30 13:32:34
tiktok,Negatif,12.0,ngomong OPO.jawabane OPO.🤣amit2,False,2025-12-19 08:53:51
tiktok,Negatif,12.0,"DEMO AJA PANG BIAR LAKASSSS , DARI PADA KAENIII MEMAUKIII B,ISI KEPALA DAERAH OINA KDD LALU KLIATAN PERGERAKAN",True,2026-01-06 18:40:44
tiktok,Positif,12.0,lah gw mah ganteng 🗿,False,2025-04-05 11:00:17
tiktok,Negatif,12.0,kyk gini kok dipaggil jdnarasumber .,False,2025-08-29 13:00:53
tiktok,Negatif,12.0,“OHH ORDAL?” 🤣🤣,False,2025-12-05 19:18:50
tiktok,Positif,12.0,niiii,False,2026-01-04 00:15:53
tiktok,Negatif,12.0,🤣😂😆 ampun bapa aing teh,False,2026-01-06 22:47:06
tiktok,Netral,12.0,yang hold saham COIN 🚀🚀,False,2025-09-25 16:44:40
tiktok,Positif,12.0,"Ini peluang Besar untuk PDIP untuk menjaring simpatisan Baru, satu yg saya minta rubah, cara mengkritisi lawan partainya harus secara santun dan humanis, Insya Alloh Akar rumput akan mudah ter tarik,.🙏",True,2026-01-07 19:17:34
tiktok,Negatif,12.0,"Jaka tu bpnder mencarikan solusi supaya jgn banjir lagi,kada tapi panting jua klarifikasi pandiran tdhulu,tapuntal jua intinya😭",False,2026-01-06 20:47:19
instagram,Negatif,12.0,"Catet semua pejabat yang mendukung ini, dari presiden, menteri, dpr, jangan dipilih lagi",False,2026-01-07 06:39:27
tiktok,Negatif,12.0,🤣🤣🤣🤣sudah kelihatan mana yg salah dan benar,False,2025-11-11 06:46:38
tiktok,Positif,12.0,"coba liat pa anies di jadikan bahan candaan panji, nusuk bgt kata2 nya.tapi dia ga pernah ladenin..itulah hebat nya pak anies.biarkan orang mengkritik, tanpa harus menjelaskan,,",True,2026-01-07 08:48:28
instagram,Negatif,12.0,JAMAN SKRG BANYAK ORANG STRESSS BUKAN KARENA KEHIDUPAN / MATERI TP STRESSS MIKIRIN NEGARA KE AMBUR RADUL😢,False,2025-12-29 16:16:48
facebook,Negatif,11.0,"Kepala Daerah Dipilih DPRD Mari kita diskusikan sambil menyeruput kopi di Lapau Lapau. Dengan emosi yang tetap stabil meski dengan nada tinggi. Namun yang pasti tidak akan menghasilkan keputusan. Melihat realita pemilihan Anggota DPRD saat ini, yang sudah diakui oleh mereka yang sudah duduk dan terpilih. Kost politik mereka juga fantastis. Tentu sesuai skala pilihannya, pusat, provinsi dan Kabupaten. Yang gratis itu cuma pemilihan BPD (Badan Permusyawaratan Desa). Tapi itu pun (sebagian) masih dengan kost yang lumayanlah untuk skala desa. Jika demikian halnya, apa tidak pindah dari Mulut Biawak ke mulut Buaya. Kalau pemilihan kepala daerah oleh DPRD nantinya. Alasannya sederhana. 1. Kost politik jadi dewan Itu tidak murah Bro!!! Untuk biaya timses saja sudah merobek kantong. 2. Deal deal politik dengan kepala daerah Terpilih, apa mungkin itu gratis? Jangan jangan hanya pindah lobi lobi politik saja. Dari lopo lopo ke hotel hotel. 3. Partai politik, tak mungkin lah ketua partai legowo saja, seperti legowonya para ketua BPD dalam pengangkatan pengurus Serikat tolong menolong kemalangan (STMK) di desa desa. 4. Kasihan ketua KPU, Bawaslu, Pengawas pemilu, pemantau pemilu. 5. Lapangan kerja otomatis berkurang. Order spanduk hilang, warung warung sepi. Pedagang roti sunyi. Alhasil. Ide ide pemilihan kepala daerah di alihkan ke DPRD ini hanya akal akalan mereka saja. Agar bisa mengintervensi kepala daerah. Jika tak sejalan, gas!!!. Selamat berdiskusi!!!",False,2026-01-08 06:12:15
facebook,Negatif,11.0,"Jika pemilihan kepala daerah itu dikembalikan kepada DPRD karena alasan terkait maraknya money politics (politik uang), berarti ini juga menyinggung perasaan dan menyakiti hati masyarakat para pemilih yang tak ikut-ikut money politics. Uisdah...",False,2026-01-08 02:08:54
tiktok,Netral,11.0,Ceux qui viennent ici ne reviennent jamais 😅,False,2025-07-16 20:17:50
tiktok,Negatif,11.0,komenya kebanyakan pada gapernah literasi ya? padahal jelas jelas kdm bilang dia gamau diganggu dari jam 5 sampe 8 pagi loh.. udah bener dikasih pemerintah bener ga KORUPSI malah dicari aja masalahnya😌,False,2025-06-04 23:49:14
tiktok,Negatif,11.0,gua pake indodax😱,False,2025-12-06 20:54:45
tiktok,Negatif,11.0,"yg mau pemilihan dipilih DPRD karna mreka takut dipemilihan kedepannya gak ada yg mau pilih mreka lagi..secara yg jadi mentri Wowo itu mayoritas ketua partai pendukung dan bener2 bobrok ada Zulkifli Hasan PAN ,Wowo Gerindra, bahlul Golkar..alasan menghambur2kan uang itu tanda rasa pesimis mreka aja..",False,2026-01-08 12:19:06
tiktok,Positif,11.0,Jokowi presiden the best,False,2025-08-29 12:45:06
tiktok,Netral,11.0,It’s happening go reform 💪🏻,False,2026-01-05 05:30:12
tiktok,Positif,11.0,untung pintu gada🗿,False,2025-12-06 08:11:38
tiktok,Netral,11.0,reform is the solution for the uk.,False,2026-01-05 02:43:44
tiktok,Netral,11.0,Sudah biasa Ke toko bangunan minta nota kosong lengkap dengan ttd dan stempel toko 🤣🤣🤣,True,2026-01-04 23:41:25
tiktok,Negatif,11.0,hoalahhhhh yo knp gk kementrian ketenagakerjaan,False,2025-12-18 18:19:52
tiktok,Positif,11.0,"ngomong cepat, jalan cepat, kerja cepat 🙏",False,2026-01-05 11:24:33
tiktok,Negatif,11.0,"ya Alloh, , atas kuasa mu...tolong doa hamba mu ini engkau izabah.....hanya satu permintaan ku ..sadarkan buruh agar tetap bekerja, dan tak terpengaruh politik si bapa ini....amiiiiin🙏",True,2026-01-08 20:03:44
tiktok,Negatif,11.0,"negara yang kaya akan penghasilan alam nya, di bikin miskin sama pemerintah negara sendiri 💔💔",False,2025-08-31 07:48:34
facebook,Negatif,11.0,Tanda2 1998 akan terjadi lagi seandainya hak mutlak demokrasi rakyat diamputasi oleh partai politik kekuasaan. RAKYAT BERSATU MENOLAK !!!,True,2025-12-31 02:31:29
tiktok,Negatif,11.0,"saddam hussein nya indonesia ,ga ada rakyat yg mengeluh di bawah kepemimpinannya",False,2025-12-22 06:41:17
threads,Negatif,11.0,"sepakat sekali, mendukung meritokrasi. PNS yang lulus itu pinter pinter, harusnya yang mimpin juga. bukan malah melayani orang yang nggak tau jalannya mau kemana, alih alih bisa jalan sendiri kebanyakan disetir dan setor partainya. akhirnya pimpinan daerah hanya jadi simbol yang kerja ya sekda dan seterusnya. padahal ada STPDN yang lulusannya diproyeksikan untuk itu.",True,2026-01-02 19:26:20
tiktok,Netral,11.0,Gubernur tertoop🥰🥰🥰,False,2026-01-04 18:22:01
tiktok,Negatif,11.0,"kalian menuntut untuk sopan?, lihat noh yg dengan sopan membuka brankas uang rakyat dengan permisi serta senyuman manis",False,2025-06-03 20:01:28
tiktok,Negatif,11.0,bacot x kau Aceh..,False,2025-12-19 16:30:42
tiktok,Negatif,11.0,dah jls2 tertidur masih mungkir.menunduk mendengarkan dengan menunduk tidur itu dah kelihatan bedanya..lagian kalau mendengarkan psti gk menunduk,False,2025-07-24 21:48:23
tiktok,Netral,11.0,"Il n’y a aucune perpective d’avenir au Gabon . Lorsqu’il aura créer des universités digne de ce nom , des emplois pour les jeunes diplômés il pourra nous ressortir son discours . En attendant , toute sa clique de ministre etc.. la plupart ont étudié à l’étranger donc c’est risible .",False,2025-07-17 01:40:41
tiktok,Positif,11.0,Pandji Pragiwaksono mending jadi aktor aja. lebih berbakat di sana menurut keyakinan gue,False,2026-01-07 04:33:22
tiktok,Netral,11.0,Kekuasaan tertinggi ada di tangan paduka maharaja king Bahlil sang pengendali pemerintahan 😂,False,2025-12-07 12:27:43
tiktok,Netral,11.0,"Mikir Buruh, uang iuran untuk memperkaya Presiden Buruh",False,2026-01-08 21:05:56
tiktok,Netral,11.0,ampek besok ini 😭😭😭,False,2025-12-23 18:00:00
tiktok,Netral,11.0,"and now in Indonesia we can't broadcast live on TikTok, the government is doing this to silence us",False,2025-08-30 22:59:55
facebook,Positif,11.0,"Wacana pemilihan kepala daerah oleh DPRD bukan sekadar perubahan mekanisme. Ia mengubah medan pertarungan politik secara total. Dari arena publik menjadi arena elit. Dari popularitas menjadi kalkulasi kursi. Dan di titik ini, tidak semua figur diuntungkan. Vasco Ruseimy adalah contoh paling nyata. Dalam skema pilkada langsung, Vasco diuntungkan oleh eksposur, mobilisasi publik, dan narasi personal. Ia rajin turun ke lapangan, aktif di ruang media, dan membangun pengenalan diri secara konsisten. Strategi ini efektif ketika suara rakyat menjadi penentu utama. Namun jika kepala daerah dipilih oleh DPRD, logikanya berubah. Popularitas publik tidak lagi menjadi faktor dominan. Yang menentukan justru kekuatan fraksi, disiplin partai, dan kesepakatan elit politik. Di sini, figur yang terlalu menonjol secara personal justru bisa menjadi masalah. Bagi DPRD, calon ideal bukan yang paling dikenal publik, melainkan yang paling aman bagi keseimbangan koalisi. Figur yang tidak mengancam posisi partai lain, tidak membawa beban elektoral berlebihan, dan mudah dikendalikan secara politik. Dalam skema ini, partai besar dengan struktur solid seperti PKS memiliki keunggulan, meski tanpa mempopulerkan calon sejak dini. Jika Vasco gagal masuk dalam skema kekuasaan DPRD, dampaknya tidak berhenti di satu periode. Ia berpotensi kehilangan panggung strategis untuk membangun rekam jejak eksekutif. Tanpa jabatan kepala daerah, modal politiknya menuju Pilgub periode berikutnya akan melemah. Popularitas tanpa posisi kekuasaan sering kali cepat aus. Lebih jauh, jika DPRD berhasil mengusung figur kompromi dari internal partai besar, maka ruang Vasco bisa menyempit. Ia bukan hanya kalah secara mekanisme, tapi juga kehilangan momentum politik. Dan dalam politik, momentum sering kali lebih menentukan daripada niat baik dan kerja keras. Kesimpulannya sederhana. Jika kepala daerah dipilih DPRD, maka politik tidak lagi dimenangkan oleh siapa yang paling rajin turun ke rakyat, melainkan oleh siapa yang paling rapi mengunci ruang elite. Dalam kondisi itu, Vasco bukan tidak punya peluang tetapi jalannya menuju Gubernur jelas menjadi lebih terjal.",False,2026-01-08 03:00:21
threads,Netral,11.0,"Termasuk PDIP, yg mengusulkan pemilu tertutup, dimana calon yg lolos itu partai yg menentukan. Jadi rakyat pilih partai, bukan pilih orang.",False,2026-01-02 02:40:19
facebook,Negatif,11.0,Partai PDI PERJUANGAN tegas menolak pemilihan PILKADA dipilih oleh DPRD....!!! kami menjungjung tinggi DEMOKRASI dan kami tidak akan pernah setuju suara rakyat atau pilihan rakyat di wakilkan oleh siapapun...?!!! Sungguh tegas stetment partai berlambangkan BANTENG INI...!!! kabar berita info,True,2026-01-08 11:33:15
facebook,Netral,11.0,"Berdasarkan data Indonesia Corruption Watch (ICW), sebanyak 545 anggota DPRD di Indonesia tercatat terjerat kasus korupsi sepanjang tahun 2010-2024. Angka ini mencerminkan persoalan serius dalam tata kelola dan integritas lembaga perwakilan daerah. Di tengah kondisi tersebut, pemerintah menggulirkan wacana pemilihan kepala daerah oleh anggota DPRD, bukan melalui pemilihan langsung oleh rakyat. Wacana ini menuai sorotan publik, mengingat rekam jejak korupsi di tubuh DPRD yang masih tinggi.",False,2026-01-08 00:35:03
facebook,Positif,11.0,Daripada dikorupsi triliunan sia sia masih lebih baik untuk tetap menjaga marwah demokrasi yg tetap menghargai hak rakyat,True,2026-01-07 23:58:41
tiktok,Negatif,11.0,melihat lh Pian JD mmadahkn 5 JM SDH surut,False,2026-01-06 21:02:58
tiktok,Positif,11.0,"Terimakasih bnyak pak presiden Prabowo atas Bantuan BLT, PKH, Raskin, bedah rumah bagi rumah yg tak layak huni . sangat membantu sekali bagi lansia dan bagi yg kurang mampu. sehat sehat pak , semoga panjang umur pak presiden ku🤲🤲",False,2026-01-04 14:05:53
instagram,Negatif,11.0,Model cak ini cepet giliran UU perampasan aset diliriknya lg idak😂😂😂😂politikus Cakitula kalu Dio berkuasa kalu pacak nak menang tula,False,2025-12-30 08:36:25
tiktok,Negatif,11.0,kita negara yang pertama kali mendukung dan membuat reguladi untuk kripto tapi paling cepat hancurnya 🗿🗿🗿,False,2025-12-05 01:31:38
tiktok,Netral,11.0,salah satu alas aku mau jadi reporter,False,2026-01-02 18:08:07
tiktok,Positif,11.0,banteng hebat demokrasi sejati 🔥🔥,True,2026-01-07 17:13:25
tiktok,Negatif,11.0,DPR nya aja selama ini tidak mewakili rakyat,False,2026-01-02 11:06:12
tiktok,Negatif,11.0,ga usah pada milih dpr dprd percuma,False,2025-12-30 20:39:45
tiktok,Positif,11.0,"saya bukan simpatisan PDIP tapi saya sangat salut kepada partai tersebut, satu satunya partai di indonesia yang prinspi dan ideologi sangat kuat.",False,2026-01-07 15:19:56
facebook,Negatif,11.0,Uda tau mereka bahwa rakyat uda muak akan tingkah lakunya,False,2026-01-05 11:18:50
tiktok,Negatif,11.0,"Ayuu ha pak ae apa jar pian haja, kd lawas lagi pian di DEMO 🤣🤣🤣",True,2026-01-07 17:17:59
tiktok,Negatif,11.0,Alah😭 jalan aspa aja ngga mampu apalagi rigid beton,False,2025-10-04 08:48:45
instagram,Positif,11.0,Setuju dengan pendapat Mas Guntur Romli 🔥🔥🔥,False,2025-12-29 21:59:58
tiktok,Negatif,11.0,Demokrasi Mundur dan Demokrasi Ter Kebiri....! Masyarakat Jadi Penonton bukan Menjadi Pemilih...🙏,True,2025-12-30 05:52:56
instagram,Negatif,11.0,"Kembali k jmn orde baru donk,,,susah2 dpt repormasi 98 ,msa mau di pilih dprd lg tolakkk",True,2025-12-29 15:25:26
tiktok,Negatif,11.0,berati bpk kd melihat dengan sungguh sungguh tuu jd apa pungsinya mata 🤣 aduhh pak masa itu bisa lihat dimn mn bnyaknya lahan tambang 🤦🏻,False,2026-01-07 18:31:45
tiktok,Positif,11.0,PDIP KEREN UNTUK RAKYAT,False,2026-01-08 16:02:18
instagram,Netral,11.0,Orde baru muncul lg 👏👏👏👏,False,2025-12-30 09:16:28
tiktok,Negatif,11.0,warganya keren👍👍👍,False,2025-12-30 13:44:43
instagram,Positif,11.0,Sepakat dengan PKS yang melihat ini tidak secara hitam dan putih. Tapi mengaji lebih dalam🙌,False,2026-01-08 12:02:29
tiktok,Negatif,11.0,🤟🤟🤟AYO....RAKYAT BERSATU LAWAN PERAMPOK HAK KONSTITUSI RAKYAT🤟🤟🤟,True,2026-01-07 17:09:45
instagram,Positif,11.0,Salam hormat Brother…,False,2026-01-06 16:17:45
instagram,Netral,11.0,Ansor di pegang gen z nih 🔥🔥🔥,False,2026-01-03 13:07:00
tiktok,Positif,11.0,wapres yg paling tau diri ya ini 🔥,False,2026-01-02 13:19:57
facebook,Negatif,11.0,"Kalau itu sudh menjadi keputusan final MK knp harus d gugat LG Krn sudh mengikat dan memiliki kekuatan hukum yg tetap, semoga jgn Krn ambisi penguasa rakyat yg jadi korban",True,2026-01-07 20:40:59
instagram,Negatif,11.0,"Msak yg menolak cuma PDI-P? Yg lain? Wakil rakyat 😂 ini yg katanya wakil rakyat,. ESBY sama saja, butuh makan,",True,2026-01-07 01:42:49
tiktok,Negatif,11.0,"makin malah gak tahu diri, kalo masih ke pilih berarti yang salah mah warganya",False,2026-01-07 07:32:17
tiktok,Negatif,11.0,"curiga Gubernurnya pernah sekolah apa enggaknya, bener² asli lulus atau cuman lulus nembak aja. 🗿",False,2025-10-16 13:13:42
tiktok,Netral,11.0,Ich hoffe das es bei Stefan Kuntz nix schlimmes ist 🙏🙏 Ich wünsche ihn alles gute und seiner Familie 🙏,False,2026-01-02 22:58:29
tiktok,Positif,11.0,itulah yg saya jalan kan saat ini,False,2025-10-11 09:27:13
tiktok,Positif,11.0,LUCUUU,False,2025-12-30 15:13:23
tiktok,Positif,11.0,"mengatasi mslh tanpa mslh 👍 tegas, lugas bijak 👍",False,2026-01-06 22:28:02
tiktok,Positif,11.0,Kung Janne,False,2025-11-25 01:37:48
facebook,Negatif,11.0,Tp ktnya gk mau lg milih anggota dewan krn gk ada yg membela rakyat jd knp pula sibuk pilkada yg milih dprd.kita sdh tau dpr dan dprd sama2 korupsi semua pk duit jg setelah mereka jd hrs balek duit itu ujungnya ya korupsi cari proyek.,False,2025-12-29 23:18:00
tiktok,Positif,11.0,saya setuju dengan PDIP,False,2026-01-02 16:30:39
tiktok,Netral,11.0,betulll biaya politik menjadi jadi bupati walkot 5-10miliar gubenur 60-600miliar grogoti apbd dan sumberdaya alam buat balik modal,False,2026-01-07 06:39:47
facebook,Netral,11.0,"Gara""kejadian di pati gerendra langsung mau merubah mekanisme pilkada",False,2026-01-04 10:46:55
instagram,Netral,11.0,"Jaman sidin ne am yang terindah, konser musik, event, dan infrastruktur wisata dibangun 👏👏",False,2026-01-08 03:32:45
tiktok,Netral,11.0,"satu kata buat semua pejabat dikalsel ,,,,,,,,,😭😭😭",False,2026-01-07 12:17:39
tiktok,Netral,11.0,s'mngat trs bpak aing 👍👍 saya dr jabar sllu dukung bpak,False,2026-01-04 13:50:24
tiktok,Negatif,11.0,Apakah selama ini DPRD itu wakil rakyat..DPRD mewakili dirinya dewe & keluargane dan rakyat gak terwakili blas..,False,2025-12-31 16:41:54
tiktok,Positif,11.0,"Kertajati rudet kang, dari bandung tetep mending ke cengkareng. Jam keberangkatan lebih banyak pilihan, pilihan transportasi lebih banyak, harga tiket lebih murah.",False,2025-01-19 05:13:32
tiktok,Positif,11.0,Hoream pak kertajati. Jadwal penerbangan ga banyak.. akses angkutan umum ga banyak pilihan. Saya org bandung lebih sering ke soekarno hatta,False,2025-01-16 22:40:33
tiktok,Netral,11.0,kd nyangka lah Gubernur Kalsel se Plenger ini,False,2026-01-08 10:33:21
tiktok,Positif,11.0,"Semacam skenario film, rapi",False,2026-01-08 06:12:28
facebook,Netral,11.0,Izin komen ya pak paman Semenjak pmn jdi dewan dr putra terbaik ulu idano Tae sebagai dewan perwakilan rakyat Daerah dr putra terbaik ulu idanoi Tae Apa yg pman dobrak dan yang paman ubah dari mau dua periode paman menjadi dewan dari putra terbaik ulu idano Tae.maaf jika lancang atau klo menyinggung perasaan paman🙏,False,2026-01-07 02:47:10
tiktok,Negatif,11.0,Kacau negri ini kalau orang ini terus di kasi panggung,True,2025-11-03 07:49:04
tiktok,Netral,11.0,"Biasanya atasan tambang suka bilang gini... ""yg penting perform"".... 🤝",False,2025-11-26 10:30:51
facebook,Negatif,11.0,ora usah milih dpr,False,2026-01-07 12:31:24
tiktok,Netral,11.0,sao tín đồ công giáo không xin chúa nhà thờ khỏi ngập nhỉ ? hát cho khô cổ mà vẫn bị treo lên dấu cộng.,False,2025-10-10 15:38:53
facebook,Netral,11.0,"ANTISIPASI PARTAI ATAS TAK LAKUKANNYA RAKYAT MENYOBLOS DI PEMILU, MAKA DIBUATLAH SKENARIO MELAWAN DEMOKRASI RAKYAT DWNGAN ALASAN PENGHEMATAN BIAYA PEMILU, YAITU MENYETUJUI DAN MENGESAHKAN CARA PEMILIHAN DI PARTAI.",True,2026-01-07 18:04:01
tiktok,Negatif,11.0,cantik bgt pasti anaknya kembar dua duanya cewe 🥺,False,2025-12-31 23:05:23
tiktok,Netral,11.0,"maaf mo nanya,, dengan nada dering, emang ada gubernur & bupati nya tah di banten ini..?? soal nya blm merasakan kehadiran nya..",False,2026-01-08 11:52:31
tiktok,Netral,11.0,*arrested venezuelan dictator,False,2026-01-04 19:04:50
tiktok,Netral,11.0,Anyone else who feels that this is wrong?,False,2026-01-04 16:48:17
tiktok,Negatif,11.0,"gak ada untungnya,,, yang ada rugi total,,, hanya elit yg punya suara,,, rakyat gak ada suara",False,2026-01-01 22:30:34
tiktok,Negatif,11.0,Mau lawan emak emak 🤣🤣🤣,False,2026-01-07 09:31:45
tiktok,Positif,11.0,terima kasih mas reza,False,2025-08-27 12:54:57
tiktok,Netral,11.0,"mahadang eksrem dl jar sidin hanyar turun,,adakah buhan pian nang malihat paman bajual eskrem😄😄tapuntal tapulilit",False,2026-01-07 15:04:58
tiktok,Netral,11.0,gaji cuma 10 jt tp 1 tongkang ore nya dia di kabaena milyaran tiap minggu 🤣🔥,False,2026-01-01 20:41:16
tiktok,Negatif,11.0,Gerindra makin lama makin ngelunjak,False,2025-12-31 12:28:34
tiktok,Netral,11.0,bu nanti jadi presiden ya,False,2025-09-22 13:47:21
tiktok,Positif,11.0,"Minggu lalu saya sempat masuk ke rumahnya Ibu Sherly di Jakarta. Rumahnya mewah banget, ada belasan kendaraan mewah juga diparkiran ibu. Ibu Sherly benar-benar Sultan.",False,2025-12-21 11:31:17
tiktok,Netral,11.0,Anaknya said : weh mamaku calon idol korea wkwkwk,False,2026-01-08 19:31:14
tiktok,Negatif,11.0,setuju.... No Sawit di Jabar,False,2025-12-31 01:24:29
tiktok,Negatif,11.0,"Wowo bilang pilkada mahal sedangkan dia buat begitu banyak kementrian, satgas dan badan yang entah bener kerja apa gak",False,2026-01-06 15:19:17
facebook,Netral,11.0,"Menangkan PDI-P 2029, rakyat tetap berdaulat",False,2026-01-07 12:12:02
tiktok,Netral,11.0,mungkin ada tugas lain ....g mslh tdk hadir,False,2025-09-18 10:58:58
facebook,Negatif,10.0,"Ini nama nya Kemunduran Demokrasi,..Dan Demokrasi bila kembali masa orba maka demokrasi sudah tidak ada lagi,..maka legimasi kekuasan akan kembali otoriter,..suara rakyat di bungkam,.. dan anggota dewan tidak perlu lagi suara rakyat mendengar keluhan rakyat saja sudah gak penting karena alasan nya satu bukan di pilih oleh rakyat,..anggota dewan gak perlu merakyat karena gak ada sangkut paut nya dengan rakyat,..yang penting anggota dewan menjilat ke partai,..karena partai lah menjamin anggota dewan berkuasa. Nauzubillah Min Dzallik.",True,2025-12-30 06:39:52
tiktok,Netral,10.0,kan ada jalan poros knpa malah lewat jalan tembus😁😁😁,False,2026-01-07 16:07:26
instagram,Positif,10.0,Semangat trus semoga kedepan y keterima jadi pramugari 🔥🔥🔥,False,2026-01-08 03:33:13
tiktok,Netral,10.0,A poll really...,False,2026-01-04 23:55:46
facebook,Positif,10.0,"Pemilihan Anggota DPR RI, DPRD serahkan saja ke Partai.... Gubernur,Walikota dan Bupati serahkan kpd DPRD....pemilihan langsung cukup Presiden dan Wakil Presiden...lebih simple dan masyarakat juga gak diribetkan",False,2026-01-08 01:03:52
tiktok,Negatif,10.0,"barangkali ada yg mau donasi buat saya nambahin mahar, rada lieur aing.",False,2026-01-07 19:02:23
instagram,Positif,10.0,Setuju dgn PDIP,False,2026-01-08 14:31:03
tiktok,Negatif,10.0,pengadilan sesungguhnya kapala desa pucat 😂dlm hati kades ngni tunggu,False,2026-01-07 12:20:30
facebook,Negatif,10.0,Wah ga ada lagi dong yang namanya serangan fajar 😂😂😂😂,False,2026-01-07 16:07:48
tiktok,Positif,10.0,ibuuuuu sehat selalu ya buu... saya bukan orang malut tapi saya ikut bangga dng kinerja ibu... Tuhan Memberkati ibu & keluarga🥰🥰🥰,False,2026-01-06 23:44:04
tiktok,Positif,10.0,keren n tegas n berani terbuka,False,2026-01-06 22:58:10
facebook,Negatif,10.0,Dipilih lewat DPRD atau langsung sama saja ga ada manfaat buat rakyat,False,2025-12-31 11:52:15
instagram,Negatif,10.0,"Tidak ada yang mampu bertan jadi oposisi,takut ngk kebagian jabatan😂",False,2026-01-07 02:21:47
tiktok,Negatif,10.0,lu tau ga si ibarat ke time gtu loh dia tu punya waktu khusus buat diri dia sendiri tanpa gangguan dri siapapun. nah nnti selepas jam itu selesai baru dia seperti biasanya menyapa dan mengelilingi warga/semua orang,False,2025-06-03 18:12:40
facebook,Negatif,10.0,Mau dipilih DPR. D. Tapi Tahun 2029. Masyarakat Tidak lagi Memilih Anggota DPR dari Seluruh Partai Politik Karena DPR tidak dibutuhkan Masyarakat lagi Supaya DPR Bubar itulah Janji janji Masyarakat di Tahun 2029. Kalau DPR Sekarang Paya Untuk Membubarkan Hanya Satu satu Jalan Mencoblos Semua nama nama yang ada seluruh Partai Istilah Duduk Sama Rendah Berdiri Sama Tinggi Salam Waras.,False,2026-01-07 02:39:48
tiktok,Negatif,10.0,Ya untung aja yg jatoh para penjabat orang kaya klo kaya kita sopir yg mengejar 1000rb buat makan anak istri apa enda pusing,False,2026-01-07 15:57:02
threads,Negatif,10.0,"KALAU SAYA SETUJU ""PEMILIHAN KEPALA DAERAH DIPILIH OLEH ANGGOTA DPRD PROVINSI/ DPRD JABUPATEN, ALASAN; 1. BIAYA PILKADA YANG BESAR SEKARANG INI BISA DIARAHKAN UNTUK PEMBANGUNAN DAERAH, SUBSIDI ATAU BEA SISWA , 2. ASN TIDAK TERPECAH2 ASN YANG BERPRESTASI BISA KARIERNYA NAIK, SEKARANG BERPRESTASI ATAU TIDAK KALAU TIDAK MENDUKUNG CALON YANG JADI PASTI DIPINGGIRKAN.",False,2026-01-02 22:41:51
tiktok,Negatif,10.0,bikin kaya jakarta aja. pemilihan kepala daerah cuma untuk gubernur. bupati walikota dipilih sendiri sama gubernurnya,False,2026-01-05 21:46:52
tiktok,Negatif,10.0,pasti mikirin yg lagi viral 🤣,False,2026-01-07 15:03:24
tiktok,Negatif,10.0,Husen lah ngapain jauh jauh,False,2025-01-17 15:26:20
tiktok,Negatif,10.0,Tidak mungkin terjadi. Pasti batal. Banyak yg gak setuju. Bisa2 seluruh daerah bergelora dan menggema,False,2026-01-05 17:52:49
tiktok,Netral,10.0,anak buah bu mega ternyata,False,2025-06-20 17:58:51
facebook,Netral,10.0,"Sebelum Orba reborn, sebaiknya lakukan demo Reformasi jilid 2",True,2026-01-04 10:19:47
facebook,Netral,10.0,"seperti yg prof sebutkan dalam podcast mahfud md, satu kebijakan politik bisa merubah hukum yg sudah dibuat. Mau bersikap dari prespektif politik atau hukum prof??? 😀",False,2026-01-07 18:00:41
tiktok,Negatif,10.0,"lu pada bahas RUU TNI, ga sadar juga kalo bakal ada RUU polri? wkwk",False,2025-03-18 16:10:40
tiktok,Positif,10.0,"kasih pilihan buat rakyat jawa barat buat memilih mau ke bandara mana ,husen oke, kertajati oke. makanya husen harus aktif lagi.",True,2025-01-16 21:41:35
tiktok,Negatif,10.0,ayoo kita dukung bandara Husen aktif lagi...,False,2025-01-17 14:04:34
facebook,Negatif,10.0,Kalau tidak mendukung pasti akan kehilangan kue Kabinet,False,2026-01-08 09:55:07
tiktok,Netral,10.0,upp,False,2026-01-06 00:54:04
tiktok,Netral,10.0,"El tambang , NU 🔥🔥🔥🔥🔥",False,2026-01-06 11:49:25
tiktok,Netral,10.0,tolong ganti gubernur ini pak presiden.,False,2026-01-07 16:46:20
tiktok,Negatif,10.0,heran knpa tanah negara g di kasi ke rakyat kan rakyat yg punya negara,False,2025-01-27 19:45:14
tiktok,Netral,10.0,kita dukung ketegasan KDM demi ketertiban untuk semua masarakat.,False,2025-01-27 09:34:16
tiktok,Negatif,10.0,"AWAL MULA ISU INI MUNCUL YA DARI PAK PRABOWO, PADAHAL YAH MAHAL GA NYA PILKADA ITU ELIT POLITIK KITA, SOAL MAHAL ITU UANG RAKYAT JUGA NGAPAIN NEGARA YANG PUSING",False,2026-01-08 08:13:50
tiktok,Positif,10.0,hanya p.anis yg paling jujur di negeriku🤲🤲🤲,False,2026-01-08 14:49:19
tiktok,Positif,10.0,Selamat bertugas Ibu🤗 Tuhan Yesus yang pegang kendali🙏,False,2025-02-07 22:34:16
tiktok,Negatif,10.0,kecewa dg demokrat knp pak SBY berubah gt pdhl sblmy menolak,True,2026-01-08 08:32:25
facebook,Negatif,10.0,Mui gak usah berpolitik ngurusi umat aja,False,2026-01-08 02:11:18
tiktok,Positif,10.0,MasyaAllah. selamat ibu dan bapak🥰 semoga amanah dan buat maluku utara lebih maju lgi dn terhindar dari korupsi,False,2025-02-07 22:13:32
tiktok,Positif,10.0,komen pertama bang sampean selalu bener 👍👍👍,False,2026-01-08 08:09:00
tiktok,Netral,10.0,ujung2nya pemilihan presiden dipilih mpr 😡,False,2026-01-06 10:19:34
instagram,Negatif,10.0,"Kadang bingung, kenapa yah se serakah itu mereka? Bukannya mereka hanya ingin uang dan kekuasaan, bukannya itu sudah semua mereka dapatkan? Kenapa masih mau lebih dan lebih?",False,2025-12-09 23:51:14
instagram,Netral,10.0,JANGAN PILIH PARTAI YG MENDUKUNG PILKADA TAK LANGSUNG ATAU DI PILIH OLEH ANGGOTA DPRD BUKAN OLEH WARGA/MASYARAKAT,False,2026-01-03 05:44:12
tiktok,Positif,10.0,"PDIP, Setia di Garis Rakyat",False,2026-01-06 23:36:31
instagram,Negatif,10.0,kok bisa hampir semua partai setuju? pada dikasih kursi ya sm wowo?,False,2026-01-01 08:49:36
tiktok,Negatif,10.0,eta si duta tenar aya di tukang,False,2026-01-07 06:48:33
tiktok,Netral,10.0,tolong bapak itu dijadikan pemerintahan DPR ataw mentri,False,2025-06-21 18:42:01
tiktok,Negatif,10.0,yg dblg ahok di prov riau itu partai nya golkar 💀 krna jaman orba sampai 2015 yg pegang suara di riau adalah partai golkar,False,2026-01-07 16:38:20
facebook,Netral,10.0,"Kalau ndak ada yg mau ikut milih DPRD dan DPR siapa yg akan memilih kepala daerah,jujur suara saya ndak mau diwakilkan untuk memilih kepala daerah.",False,2025-12-29 23:37:21
tiktok,Negatif,10.0,partai² dan anggota dprd akan makin kaya jika pemilihan kembali ke jaman orba...,False,2026-01-07 06:06:53
facebook,Negatif,10.0,"Golkar dan sempalannya (Gerindra, Nasdem, Demokrat) begitu juga P3 dan sempalannya (PKB, PAN) adalah partai yg haus kekuasaan, kini tinggal PDIP dan PKS (walau blm menentukan sikap secara tegas) yg msh menjaga kedaulatan rakyat dan amanat Reformasi, secara hitung2an suara kedua partai ini pasti kalah, tp minimal keputusan itu tidak bulat. Jika UU ini diloloskan DPR RI, maka kita berharap palu MK dpt membatalkannya",True,2026-01-06 23:47:40
instagram,Netral,10.0,Kepala daerah harus eselon level atas dan pernah sekolah ilmu pemerintahan sejenis IPDN,True,2025-12-30 11:30:05
tiktok,Negatif,10.0,"kok Demokrat aja, semua kan gitu, kecuali pdip",True,2026-01-07 19:15:03
instagram,Positif,10.0,Menuju kemunduran🙌🙌,False,2025-12-30 04:14:02
instagram,Negatif,10.0,"Konyol. Yg bikin mahal gara2 lu lu juga, skrg jaman digitalisasi.",True,2025-12-22 13:32:33
tiktok,Negatif,10.0,mereka tdk ada hak untuk menangkap. lapor balik mereka supaya tdk asal tangkap krn negara ini sdh di atur oleh uu.,False,2025-05-06 21:08:56
tiktok,Negatif,10.0,🤟🤟🤟🤟🤟🤟🤟🤟🤟🤟 gk akan tumbang,False,2026-01-08 21:15:06
instagram,Netral,10.0,Udh di bilang sama org org pinter sebelum kepilih kemarin. Skrg terbukti,False,2025-12-30 04:11:18
tiktok,Netral,10.0,antar ja sdh ke sambang lihum,False,2026-01-06 17:51:10
tiktok,Netral,10.0,siapa dulu donk? ibu... gitu lho... ya allah ibu.. ♥️salam sehat selalu ibu saya WNI Singapore. salam merdeka indonesia ♥️🤟,False,2026-01-08 20:37:11
facebook,Negatif,10.0,Sepertinya partai partai pecahan golkar sebagai penguasa ORBA mulai bersatu... Dan menunjukkan aslinya...,True,2025-12-30 02:40:00
tiktok,Positif,10.0,pdip jaya,False,2026-01-08 07:23:42
tiktok,Negatif,10.0,"gak ngaruh juga sih sebenarnya,menurut saya cukup presiden aja dipilih oleh rakyat.sbb pilkada yg menghabiskan uang negara trilunan itu tetap aja yg dapat yg duit banyak dan anggota partai.",False,2026-01-06 00:12:25
instagram,Negatif,10.0,Rawan 86 bagi2😂😂😂😂,True,2025-12-22 14:00:03
facebook,Netral,10.0,"Ambó urongo2 baya bakibo sondaodo.. Hahahaha Uila ba utahó kata2 da'a baya, hana Somasi2 dódó baya .. Hahaha",False,2026-01-07 01:55:59
tiktok,Positif,10.0,UNGGUL TINA NYANDUNG NA 😂 TETAP SETIA 03🤟🥰,False,2025-04-17 13:41:11
tiktok,Netral,10.0,What does he have?,False,2025-10-26 21:59:39
tiktok,Positif,10.0,keren mbaknya👍👍,False,2026-01-02 06:50:25
tiktok,Negatif,10.0,berarti agota dprd membiarkan anak sekolah bebas berbuat apa aja,False,2025-10-15 23:32:59
tiktok,Netral,10.0,"Saya pilih Bupati Sidrap, tidak banyak ngomong tapi semua terbukti,Kita lihat pemilihan gubernur berikutnya, semoga Bupati Sidrap mencalonkan nanti👍",False,2026-01-04 19:20:38
tiktok,Netral,10.0,Gubernur aceh bener2 sendiri coy..,False,2025-12-14 21:42:18
tiktok,Netral,10.0,go Indonesia gooo🙏🇬🇷,False,2025-08-31 03:07:29
tiktok,Positif,10.0,lagunya kok cocok jadi lagu piala dunia,False,2026-01-04 03:57:21
tiktok,Netral,10.0,"and the government can get more than $100,000 per month just by sitting on their desk and do nothing",False,2025-08-31 06:22:12
tiktok,Negatif,10.0,"kandangin pa,tuman",False,2026-01-04 20:30:16
tiktok,Positif,10.0,"sumpah gua suka sama cara ceplas ceplos nya wehh, Asik kena tapi gak bikin sakit hati gimana ya 😭",False,2025-12-05 18:50:35
tiktok,Positif,10.0,"jika kuat dalam iman, inilah buah dari Roh itu, Tuhan memberkati Bu🙏",False,2025-10-09 14:02:27
tiktok,Negatif,10.0,mê muội,False,2025-10-08 14:06:07
tiktok,Netral,10.0,Wkwkwk julidnya sefrekuensi 😭😭,False,2025-12-05 20:01:58
tiktok,Netral,10.0,mari silaturahmi ke akun Erablue,False,2025-12-30 18:16:47
tiktok,Netral,10.0,say it louderrr queeeenn🥵💅🏼🔥,False,2025-11-22 21:38:35
tiktok,Netral,10.0,rich dr dalam kandungan dia anjir😭,False,2025-11-23 01:24:35
tiktok,Negatif,10.0,"GEROMBOLAN ABAH ITU KANG, LAGI OMON OMON",False,2026-01-04 16:19:53
tiktok,Negatif,10.0,"Cukup 1 periode aja di Malut bu sherly,Saya warga sulut mau donk bakal calon gub sulut 🔥🔥🔥🔥🔥",False,2025-09-20 09:33:08
tiktok,Negatif,10.0,jangan pada panik percayakan saja sama cyber security pemerintah,False,2025-12-30 19:39:09
tiktok,Netral,10.0,politik uang : jika pemilihan langsung uangnya mengalir ke bawah (rakyat) jika di pilih DPRD uangnya lari ke atas (anggota DPR) 🙏🙏🙏🙏🙏,False,2026-01-01 07:01:25
tiktok,Negatif,10.0,Permilihan via DPRD pun akan cenderung tidak Obyektif karna pada dasarnya anggota DPRD akan lebih mementingkan golongannya dengan cara apapun jadi tidak akan obyektif lagi,False,2026-01-02 11:56:34
tiktok,Positif,10.0,sehat slalu bù gub terbaik,False,2026-01-04 17:21:23
tiktok,Negatif,10.0,itu dulu Jaman orede baru kepemimpinan Suharto.. ini beda bung,False,2025-11-02 16:40:44
tiktok,Netral,10.0,"Please help me our country, Myanmar president Min Aung Hlaing 👀👤🙏",False,2026-01-04 15:31:43
tiktok,Positif,10.0,"aku bolak balik purwokerto ke Wonogiri,enak lewat jalur Selatan,,, melipir pantai,,, jalan nya halus,, sepi,, pemandangan nya indah...🥰",False,2025-12-14 15:18:31
tiktok,Netral,10.0,FREE PALESTINE 🇵🇸 💔,False,2026-01-04 17:15:35
tiktok,Negatif,10.0,"DPRD yang ngusulin dan Gerindra yang mendukung,tapi bakal.nggak disetujui oleh pdip kalau mereka bener oposisi.",False,2025-12-31 06:40:10
tiktok,Negatif,10.0,dpr gak ada gunanya,False,2025-11-30 16:45:05
tiktok,Negatif,10.0,Hanya PDIP yg ttp konsisten..partai lain mencla mencle...begitu nego lngsung belok kanan 😆😆,False,2026-01-02 15:45:40
tiktok,Netral,10.0,k3mbalikan 3 partai Golkar.PDIP.PPP BAIR GK BANYAK COST PEMILU BRO💪💪💪💪,False,2026-01-01 21:42:31
tiktok,Negatif,10.0,Kalau tidak mau banyuan dari pemerintah udah pergilah dan atur sendiri emang orang aceh tidak tau terima kasih buktinya gubernur Jawa barat yg udah turun Dan datang sendiri tidak tau terima kasih,True,2025-12-19 23:52:10
tiktok,Netral,10.0,KPK produk nominator OCCRP,False,2025-12-29 07:17:49
tiktok,Negatif,10.0,wah musuh tapi duit pajaknya doyan,False,2026-01-04 09:02:01
tiktok,Negatif,10.0,haha liat vino direbutin di VT orang ngakak🤣,False,2025-12-30 18:09:52
tiktok,Negatif,10.0,gak nyenggol gak mkn,False,2026-01-05 10:27:34
tiktok,Negatif,10.0,kecewa saya milih gerindra,False,2026-01-01 22:06:20
tiktok,Netral,10.0,negara milik partai 😂😂😂😂😂😂,False,2025-12-30 13:40:28
tiktok,Netral,10.0,"yg acak2an dibiarin, yg anteng diacak2.",False,2025-12-08 09:40:27
tiktok,Netral,10.0,Russian federation behind Cuba,False,2026-01-04 20:29:00
tiktok,Negatif,10.0,sudah ku Duga pemerintah ga mau maju,False,2025-12-07 18:23:08
tiktok,Netral,10.0,tapi kan jika ingin withdraw tetap butuh exchange lokal,False,2025-12-05 15:33:59
tiktok,Netral,10.0,pacar kandung nomer 2 [sticker],False,2026-01-02 12:17:13
tiktok,Negatif,10.0,"Fix fakta, Jokowi melumpuhkan KPK RI.",False,2025-12-29 08:38:36
tiktok,Negatif,10.0,"buktikan duluu ,,jangan omon omon aja,ada hasil nya gak",False,2025-09-02 06:35:57
tiktok,Negatif,10.0,demi kekuasaan dan membangun koalisi untuk merusak Republik ini.,False,2025-12-31 07:46:45
tiktok,Netral,10.0,keadaan kades saat ini [sticker],False,2026-01-05 09:09:15
tiktok,Netral,9.0,Prabowo Subianto segera mundur Anda ingin kembali ke era orde Baru,True,2026-01-08 08:14:00
tiktok,Netral,9.0,ini yg baru josss,False,2026-01-03 11:35:15
tiktok,Negatif,9.0,Kalo ada yang gangu kita gigi,False,2025-09-15 12:57:11
tiktok,Netral,9.0,"lihati dulu kelapangan, jangan mehadangi catatan😂",False,2026-01-06 12:35:50
tiktok,Netral,9.0,Alasan Ahok keluar dari Gerindra ya ini,False,2026-01-04 00:30:56
tiktok,Netral,9.0,con lạy chúa và con xin tạ ơn chúa con xin chúa ban phước lành và bình an cho thế giới này được bình an.Amen .,False,2025-09-06 15:12:29
facebook,Negatif,9.0,Pokonya DPR dan DPRD harus dihilangkan di tahun 2029. Percuma ngabisin anggaran aja.,True,2025-12-30 05:44:34
tiktok,Negatif,9.0,"intinya siapapun yg menjabat SDH GK takut lagi buat korup,,karena tau hukumannya kaya tau tahu gemboss🙏",False,2025-11-05 18:23:22
tiktok,Netral,9.0,"Aceh sy gubernurnya,kalo tdk ada data sy akan memerdekakan diri",False,2025-02-21 11:04:25
tiktok,Negatif,9.0,ntar klo datanya kehack dan dana nya hilang pemerintah ga bakal mau ganti rugi.,False,2025-12-08 16:42:13
tiktok,Negatif,9.0,"pemerintah takut kita kaya, kenapa? karna nanti gabisa ngatur kita 🤣",False,2025-12-06 20:39:26
tiktok,Netral,9.0,DukungRUUTNI TNIBERSAMARAKYAT,False,2025-03-21 04:59:57
instagram,Negatif,9.0,"Gak beres.. masyarakat bener"" dibuat tidak bisa bersuara",False,2026-01-07 11:19:30
tiktok,Negatif,9.0,serius nanya.... emang apa untung dan rugi nya uu TNI yg baru bagi kita rakyat awam... mohon penjelasan nya,False,2025-03-20 16:38:22
tiktok,Netral,9.0,eta data kuat te mawa salembar2 acan,False,2026-01-07 06:17:12
tiktok,Negatif,9.0,masih berharap jadi kades lagi 😂😂,False,2026-01-07 10:41:55
tiktok,Negatif,9.0,y berbeda lah..kabupaten Lebak kan provinsi Banten..kan ada juga gubernur nya..sedangkan klau Bogor Ken provinsi Jabar..beda provinsi beda gubernur nya..,False,2026-01-08 11:19:26
tiktok,Negatif,9.0,kenapa ada logo partai.. kami masyarakat Jawa barat gak butuh partai,False,2025-03-16 23:53:23
facebook,Negatif,9.0,"Klu pilkada di pilih DPRD, yang satu Koalisi bisa berbuat apa saja, sedangkan oposisi akan jadi penonton kehancuran daerah.",False,2025-12-30 14:10:23
tiktok,Netral,9.0,itu di ujung aspal harusnya di sediakan keset jdi mobil yg dari banten suruh keset dlu tanahnya jgn di bawa ke aspal,True,2026-01-08 21:01:47
tiktok,Netral,9.0,dari bu retno ke sugiono termasuk downgrade ga pak?,False,2026-01-02 21:50:33
tiktok,Negatif,9.0,"Kok bisaa pendapatan desa tidak ada, bukannya ada bumdes?",False,2026-01-07 20:12:12
tiktok,Negatif,9.0,kejahatan makin merajalela nih,False,2026-01-04 14:06:12
tiktok,Netral,9.0,"Gubernur Daerah Istimewa Yogyakarta (DIY), Sri Sultan Hamengku Buwono X, tidak mengikuti retret kepala daerah di Akademi Militer (Akmil) Magelang yang berlangsung pada 21-28 Februari 2025.",False,2025-03-01 20:47:55
tiktok,Netral,9.0,Quỳ bình thường phải nằm mới có tâm,False,2025-10-09 16:56:47
tiktok,Positif,9.0,Terus Bersuara Pemuda Cerdas,False,2026-01-08 11:51:02
facebook,Netral,9.0,Boikot partai yang mendukung pemilihan kepala daerah melalui DPRD,False,2026-01-08 02:52:21
facebook,Negatif,9.0,"Undang,,dirubah pilkada dirubah buat aturan seenaknya sendiri,membohongi Rakyat.",False,2026-01-07 16:19:56
tiktok,Negatif,9.0,hahaha si bapak tau aja yang lagi viral...😅,False,2026-01-07 15:31:41
tiktok,Netral,9.0,kita beli tanah harus ada surat tanah betul apa betul...kalau buka usaha harus ada surat izin juga.,True,2025-01-27 14:06:24
tiktok,Positif,9.0,setuju sekali pak,False,2025-10-14 15:33:30
tiktok,Netral,9.0,Nurul santi indri kurniawati 🥰,False,2026-01-07 18:00:09
tiktok,Positif,9.0,Bu Sherly tidak butuh dipuji... tetapi Bu Sherly patut mendapat kan pujian....,False,2025-09-24 07:12:28
facebook,Netral,9.0,Ini bentuk pembungkaman suara rakyat,False,2025-12-29 22:47:41
instagram,Netral,9.0,kepala daerah jd tunduk sama dprd dong 🤔,False,2025-12-09 23:40:23
tiktok,Netral,9.0,Älskade hans ”Jalla” 😁👌🏻😍,False,2025-11-25 03:39:50
tiktok,Positif,9.0,"seandainya gubernur yg dulu sama ibu Serly,Maluku Utara sudah makmur.",False,2025-09-23 20:57:22
tiktok,Negatif,9.0,sampai kapanpun gak percaya sm pemerintah selama gak brani tangkep Jokowi cs,False,2026-01-04 10:37:53
tiktok,Negatif,9.0,seperti ini dong klo jd pemimpin,False,2025-09-23 21:33:44
tiktok,Netral,9.0,Ada 15 btc di apain ya min,False,2025-09-25 18:14:38
tiktok,Netral,9.0,orang ini dulu Demokrat klau TDK salah,True,2026-01-07 21:59:31
tiktok,Netral,9.0,Tor Monitooor.. Izin Share Ketuaaa.. 🙏👍😉,False,2026-01-01 19:42:38
tiktok,Netral,9.0,"PDI 10 berkuasa tetap berpegang teguh pada konstitusi, gerinda baru jadi penguasa langsung seenaknya ubrak obrak konstitusi",False,2026-01-08 12:02:02
facebook,Negatif,9.0,"Biarkan saja mereka melaksanakan pilkada lewat DPRD. yang milih DPRD itu kan masih rakyat, ya jangan ada rakyat yang milih DPRD alias kita batalkan suara kita semua.",True,2025-12-30 10:49:39
instagram,Negatif,9.0,"regim bokbrok neo orba bangkit lagi menuju kegelapan ! jgn pilih gerindra , bencana kepeminpinan nasional",False,2025-12-29 14:47:35
tiktok,Positif,9.0,"karna kalo kepala daerah d pilih oleh dprd, nanti ga bakal ada gub, bupati atau pemimpin di bawahnya dari kalangan pdip, pdip selalu menolak kalo ga sesuai dengan ekspektasi mereka, dri soeharto pdip selalu gitu🤣",True,2026-01-08 08:27:29
tiktok,Netral,9.0,coba di contoh KDM itu kunjungan itu cuma 2 mobil udah cukup masak kunjungan kaya orang mau antar JUJURAN,False,2026-01-07 18:15:26
tiktok,Negatif,9.0,ya allah u bapasrah diri haja sudh lawan pian mandangar sidin bapender kaya ini........,False,2026-01-06 18:13:15
tiktok,Negatif,9.0,"Gim kaini sdh, masyarakat harus bersatu harus ad perubahan",True,2026-01-06 18:18:45
tiktok,Netral,9.0,"dan nanti yg jdi GUBERNUR, WALIKOTA, BUPATI minimal PUNYA PANGKAT KOLONEL atau KOMBES 😂😂😂",False,2025-12-30 15:12:56
tiktok,Negatif,9.0,"1. lebih ngirit anggaran pemilu 2. toh yg dicalonkan juga sama aja dari partai, org biasa tanpa partai gak bisa mencalonkan diri",False,2025-12-31 02:29:44
tiktok,Negatif,9.0,"nah setuju, buat perbaikan jalan DAN PENERANGAN JALAN, Jalanan pantura tuh kalo malem gelap bngt",False,2026-01-07 21:17:53
tiktok,Netral,9.0,pengen liat UAS Klarifikasi lagi😂😂😂,False,2025-11-05 21:47:11
tiktok,Positif,9.0,Ternyata dibalik kesuksesaan almarhum pak beni laos ada seorang istri cantik nan pintar 😭,False,2025-09-14 20:47:16
tiktok,Netral,9.0,tanah negara brakti tanah rakyat bos,False,2025-01-27 16:47:27
facebook,Netral,9.0,Karna takut anaknya dicopot jadi mentri,False,2026-01-08 02:11:38
tiktok,Positif,9.0,Untung Aku Masih Belum Bisa Menyoblos 😅,False,2026-01-08 06:02:26
tiktok,Netral,9.0,yang lain kurang doa 😄,False,2025-12-05 17:50:15
tiktok,Negatif,9.0,"benar bagi suka aja silahkan kerja msh banyak yg ngantri untuk masuk kerja,, yg udh g suka kerja silahkan mundur aja,,",False,2025-12-29 11:17:30
tiktok,Netral,9.0,di posting ulang bu gub sherly 😭,False,2025-12-05 18:46:09
instagram,Netral,9.0,"andai beliau menang lgi smlm, jadi jua am sirkuit wyah ini🙌",False,2026-01-08 05:44:38
tiktok,Positif,9.0,Astaghfirullah ya Allah 😭😭😭😭😭,False,2026-01-06 00:55:57
tiktok,Netral,9.0,coba suruh KIM PLUS bahas UU PA,False,2026-01-08 07:49:40
tiktok,Netral,9.0,upp,False,2026-01-06 00:46:32
tiktok,Positif,9.0,jelas yg diuntungkan pemilihan kepala daerah lewat rakyat adalah ormas2 dan sayap2 partai besar. rakyat hanya saling ribut dgn uang 100rb tp yg menikmati para elit. Pilkada lewat DPRD lebih efisien.,False,2026-01-06 20:09:04
instagram,Positif,9.0,Partai pendukung dia semua,False,2026-01-07 08:18:51
tiktok,Negatif,9.0,"kekayaan duniawi hanya lah bersifat sementara antara kebutuhan atau di butuh kan maka bijak ,, lah mengunakan harta karna harta bisa membunuh mu atau menghidup Pi mu",False,2025-10-10 07:55:14
tiktok,Negatif,9.0,"""KARNA SIAPA SAYA UNTUK BERTANYA KENAPA? KARNA DARI AWAL INI BUKAN MILIK SAYA""",False,2025-10-11 09:07:04
tiktok,Negatif,9.0,lgsung pecah ketawa pas ORDAL😭🤣🤣,False,2025-12-05 22:08:10
tiktok,Netral,9.0,minta trailer BCW min sekarang juga gapake lama🫴🏻,True,2026-01-07 14:32:37
tiktok,Positif,9.0,"betapa bersihnya hatimu Bu, betapa bangganya bapak benny Laos.",False,2025-10-09 06:20:22
facebook,Negatif,9.0,Nanti jangan mau milih DPRD,False,2026-01-08 02:48:19
tiktok,Netral,9.0,setujuu realita,False,2025-10-11 12:29:47
tiktok,Negatif,9.0,Knpa ulun hnyar tahu ? Jka ulun tahu sebelum pemilu ulun sebarluaskan kasus inya ni,False,2026-01-07 13:33:24
tiktok,Negatif,9.0,Mau dikatakan apapun Banteng selalu siap . Sekali Banteng selamanya tetap Banteng..💪🤟♥,False,2026-01-07 14:51:34
tiktok,Negatif,9.0,ngeri klo emak2 marah,True,2025-10-17 20:31:15
tiktok,Netral,9.0,MBG.. Makan bersama genk kali bu...,False,2025-10-17 20:35:51
tiktok,Netral,9.0,Gubernur yang menjalankan SUMPAHnya didalam Pemerintahan.,False,2026-01-07 20:06:00
tiktok,Netral,9.0,Ca a commencé 😂😂😂vous allez Wanda pendant 30 ans.,False,2025-07-17 02:47:56
tiktok,Negatif,9.0,heleh orang pdi dia,False,2025-08-29 10:16:46
tiktok,Positif,9.0,"Yang gak suka Jokowi dan Keluarganya, itu hanya sebagian kecil Rakyat Indonesia. Faktanya Sampai hari ini JOKOWI di sukai sebagian besar Rakyat Indonesia. Kerena Kehebatan Jokowi semakin di Fitnah semakin disukai Rakyat Indonesia",False,2025-08-29 18:47:00
tiktok,Positif,9.0,"DI BILANG PALANGA PLONGO,,INI WAPRES MERAKYAT,,BERPENGALAMAN😎😎😎😎THE BEST PRESIDEN&WAPRES YG SELALU MENDEM JERU MIKUL DUWUR😎😎😎🔥🔥🔥🔥🔥",False,2026-01-02 12:53:34
tiktok,Netral,9.0,panji pinter🤭saking pinter nya cuman jdi komedi,False,2026-01-05 15:33:23
tiktok,Negatif,9.0,ya ginilah ibuk² kalau kesel 😂,False,2025-10-17 20:49:51
tiktok,Positif,9.0,pray for Indonesia 🇮🇩 I'm from 🇰🇭 be strong 😢🙏🏻🙏🏻,False,2025-09-01 16:00:09
tiktok,Netral,9.0,Tukar tambah sama gubernur jambi bisa?,False,2026-01-07 13:44:57
tiktok,Netral,9.0,"Sur le fond, il a pas tort",False,2025-07-18 01:32:49
tiktok,Negatif,9.0,kelompok anis takut KDM disukai rakyat...,False,2026-01-05 15:12:20
instagram,Negatif,9.0,EMANG ADA YG MENOLAK SELAIN PDIP...??,True,2026-01-04 05:42:35
tiktok,Positif,9.0,"PDIP SELALU TEGAS MENOLAK , SEBAB PDIP SELALU BERJUANG AGAR RAKYAT BERSUARA DEMI DEMOKRASI , DAN RAKYAT BERDAULAT PENUH TERHADAP NEGARA 👍👍👍👍👍👍",True,2026-01-03 09:26:28
tiktok,Negatif,9.0,ibu ini pasti pejabat disana bnyak yg g suka😭,False,2025-10-18 08:18:21
tiktok,Negatif,9.0,"dia mah gak ngerti yang gituan pak, yang dipikirannya.. Cuan Cuan dan Cuan",False,2025-06-29 15:48:52
tiktok,Negatif,9.0,menurut sya gubernur tdak usah d pilih rakyat biar bapak presiden yg memilih🙏,False,2025-06-29 12:07:32
tiktok,Netral,9.0,North Carolina sucks bending thier knees to a criminal trump.,False,2025-10-23 07:49:22
tiktok,Positif,9.0,inget Jokowi sebelum jadi gubernur lebih merakyat daripada dedy jadi jgn terulang kedua kalinya 🗿,False,2025-06-03 17:16:10
tiktok,Netral,9.0,Manifest Destiny 🇺🇸 [sticker],False,2026-01-05 00:16:46
tiktok,Netral,9.0,yg komentar pada kenapa dah🗿🗿🗿,False,2025-06-03 18:16:51
tiktok,Negatif,9.0,"😁😁😁😁,ini orang hidupnya,kurang enak apa jaman pak jokowi",False,2025-08-29 11:08:59
tiktok,Negatif,9.0,yg salah yg ngundang🤣😂🤣,False,2025-12-18 19:32:09
facebook,Netral,9.0,"Pengamat Tanggapi Wacana Kepala Daerah Dipilih DPRD: Nanti Gak Ada Orang Kayak Jokowi dan Anies Direktur Eksekutif Aljabar Strategic Indonesia, Arifki Chaniago menyoroti wacana Kepala Daerah dipilih oleh DPRD. Menurutnya, jika hal itu terwujud maka akan menutup peluang tokoh potensial meniti karier di pemerintahan sebagai kepala daerah. Seperti sulit mencari tokoh seperti Joko Widodo dan Anies Baswedan. Arifki mengungkapkan, karier Jokowi berawal dari Wali Kota Solo, lalu Gubernur DKI Jakarta hingga menjadi Presiden RI. Sementara itu, Anies Baswedan pernah menjabat sebagai Gubernur DKI Jakarta hingga ikut berkontestasi pada Pilpres 2024 meskipun kalah. Ia menyatakan, Jokowi dan Anies bisa berada di titik tersebut karena adanya pemilihan langsung. Tak hanya itu, kedua sosok tersebut cukup dikenal dekat oleh masyarakat. Lebih lanjut, Arifki menyebut, pemilihan kepala daerah melalui DPRD nantinya terikat melalui partai politik (parpol) maupun para elite. Pernyataan itu disampaikan Arifki dalam acara On Focus yang tayang di YouTube Tribunnews, Rabu (7/1/2026). ""Ketika misalnya ada kepala daerah yang sukses di level bupati atau kepala daerah dua periode, yaitu wali kota untuk meloncat ke gubernur atau jadi calon presiden ini mungkin sulit nantinya."" ""Tidak ada orang yang kayak Jokowi, kayak Anies (Baswedan) yang tiba-tiba bisa meloncat karena memang dia harus diikat oleh kekuatan yang ada di parpol maupun di elite."" Sebelumnya, sejak Prabowo Subianto menjabat Presiden sekira dua bulan, ia ingin kepala daerah dipilih langsung oleh DPRD. Hal itu menurutnya serupa dengan pemilu di negara tetangga. Yakni, seperti Malaysia, Singapura, dan India yang menurutnya lebih efisien karena kepala daerah dipilih oleh DPRD. (Tribun-Video.com) Foto 1: Pengamat menilai, ke depan bakal sulit muncul orang-orang seperti Joko Widodo (Jokowi) dan Anies Baswedan. (Tribun Network) Foto 2: wacana pemilihan kepala daerah melalui DPRD akan menutup peluang tokoh potensial meniti karier di pemerintahan sebagai kepala daerah. (Tribun Network) Foto 3: Wacara Pilkada dipilih oleh DPRD menuai pro kontra. (Tribun Network)",True,2026-01-08 09:30:02
facebook,Netral,9.0,"Partai Golkar dan PAN secara terbuka kembali mengusulkan agar kepala daerah dipilih lewat DPRD. Usulan ini didukung Presiden Prabowo, yang berarti didukung Partai Gerindra. Alasannya klasik, pilkada langsung berbiaya mahal (money politics) sehingga kepala daerah melakukan korupsi. Alasan lain, pilkada langsung hanya memberi tempat bagi orang berduit sehingga calon berkapabilitas tidak bisa bertarung dan menang. Manuver pilkada lewat DPRD adalah manuver klasik dengan alasan klasik. Secara logika, politik, dan hukum, manuver ini memiliki banyak masalah. Kalau diteruskan akan menimbulkan banyak kegaduhan. Jika partai-partai koalisi yang kekuatannya supermayoritas di DPR tetap memaksakannya, itu berarti melupakan publik. Bisa jadi partai-partai koalisi akan berhadapan dengan oposisi publik. Secara logika, menghubungkan kepala daerah yang terkena kasus korupsi dengan sistem pemilihan langsung sulit diterima. Logika yang dibangun adalah sistem pemilihan memiliki hubungan sebab akibat dengan terjadi atau tidak terjadinya korupsi. Manuver Pilkada DPRD Opini 8 Desember 2026 Ditulis oleh Djayadi Hanan () Dosen Ilmu Politik Universitas Islam Internasional Indonesia (UIII)/Direktur Eksekutif Lembaga Survei Indonesia (LSI) HarianKompas Kompasid OpiniKompas PilkadaDPRD",False,2026-01-08 07:35:37
tiktok,Netral,9.0,"DPRD jg harus dipilih,,, pkai tes harusnya seperti , biar berkualitas pk,,, klau bisa di training dulu,",True,2025-09-11 20:13:13
tiktok,Negatif,9.0,"Sy juga klo lagi pakai headset ada yg menyapa gx bakalan sy jawab, di bilang sombong juga gpp yg penting hati qt baik",False,2025-06-03 14:40:31
threads,Netral,9.0,"Walaupun masih mengkaji tapi hasil akhirnya tetap PKS mendukung pilkada oleh DPRD, mereka hanya nunggu bargaining yg belum deal aja. Jadi komposisinya PDIP (110 kursi) lawan 7 Fraksi (465 kursi) TolakPilkadaOlehDPRD",True,2026-01-07 00:55:38
facebook,Negatif,9.0,"Pendapat pribadi. Rencana pemilihan kepala daerah melalui DPRD adl rencana para elite partai utk menanamkan kekuasaan sampai ke tingkat daerah.krn pada pelaksanaannya nanti,anggota DPRD harus mengikuti perintah ketum partai.jadi siapapun yg diarahkan oleh ketum Partai,maka itulah yg harus di pilih.jadi para calon kepala daerah cukup melobi saja para elite partai di pusat.krn yg di daerah pasti akan ikut perintah dari pusat. Bisa jadi juga ini adl jalan utk mengembalikan sistem demokrasi di masa orde baru.dimana kekuasaan terpusat di pemerintah pusat.pemerintah daerah baik gubernur maupun bupati otomatis harus tunduk pada perintah ketum Partai yg mengusungnya. Berikutnya ini juga bisa jadi cara ampuh utk melanggengkan kekuasaan dlm waktu yang lama.krn dengan mengendalikan semua kepala daerah,maka peluang utk memenangkan pertarungan di daerah akan terbuka lebar. Berikutnya lagi,bisa jadi juga ini jalan utk memutus pengaruh mulyono.krn Mulyono tidak punya partai,maka akan sangat sulit menanamkan kukunya di daerah2. Tapi dari segi non politiknya,ini bisa sangat menghemat anggaran.krn biaya pilkada otomatis hilang.lembaga KPU dan Bawaslu mulai dr pusat sampai ke daerah akan di bubarkan.yg mana anggaran utk menggaji perangkat KPU dan Bawaslu akan di tiadakan.dan itu jumlahnya tidak sedikit. prediksipribadi",True,2026-01-08 12:30:22
facebook,Netral,9.0,Sekarang kami berada dibarisan PDI,False,2026-01-08 12:26:30
tiktok,Negatif,9.0,Cuba idk if nows the time 😂,False,2026-01-05 01:33:54
tiktok,Negatif,9.0,jangan bufer panji bilang menurut keyakinan dia🤣🤣,False,2026-01-05 15:41:17
tiktok,Positif,9.0,Pak Dedy memang hebat.kami org NTB aja menjempoli KDM,False,2025-05-21 19:53:57
tiktok,Negatif,9.0,apa susahnya si pak cuma say hay balik,False,2025-06-05 11:46:20
tiktok,Negatif,9.0,"rt rw pada lari, pak kades bingung mau jawab🤣🤣",False,2026-01-07 09:34:32
facebook,Negatif,9.0,Rakyat cerdas tinggalkan Demokrat cs yg mendukung pilkada oleh dprd,True,2026-01-08 09:08:31
tiktok,Netral,9.0,Coba seluruh Pimpinan daerah turun ke masyarakat seperti ini. kumpulkan kepala desa dan masyarakatnya. dengarkan keluhan dan aspirasi dari masyarakat di depan kepala desa. maka pasti pimpinan daerah akan mengetahui betap banyak kepala desa yang tidak transparan dalam mengelola dana desa.,False,2026-01-06 23:26:17
tiktok,Netral,9.0,baru tau ternyata di negara lain tulisan nya Sama🙏,False,2025-03-28 09:41:24
tiktok,Negatif,9.0,"Sekarang saja Rakyat bisa apa bu... lebih baiik cara Orde Baru yg penting rakyat sejahtera sekarang yg Merdeka , Politisi , Koruptor , Pejabat saja ,",False,2026-01-07 04:56:41
tiktok,Netral,9.0,"sekenario elit kekuasaan,yg ingin menguasai kekuasaan penuh,",False,2026-01-05 09:55:13
tiktok,Netral,9.0,"C’est dans les deux sens. Oui, donner le bourse c’est bien mais qu’en est-il de l’emploi ?",False,2025-07-16 21:56:35
facebook,Negatif,9.0,"Ada dia pung pembelo dong blg mau kumpul masa ko pi ktmu ini raja,raja dari Yahudi k memangnya harus pi tunduk ko soya.😅😅😅.jelas2 surat ini menyatakan sudah tersangka.jadi untuk pembelo dong,silahkan duduk di bawah pohon dan urut kamu pung raja punya bahu sudah.",True,2025-10-16 02:42:07
tiktok,Netral,9.0,mari berjuang bersama kembali panglima 🫡🫡,False,2025-12-19 07:02:02
tiktok,Negatif,9.0,setuju aj pak tapi gajinya biar dpr cari sendiri jangan pakai uang rakyat,False,2025-12-08 16:34:44
tiktok,Netral,9.0,suara jantungnya pak kadis sampe sini😂,False,2026-01-07 04:06:13
tiktok,Negatif,9.0,"uihh meledakk bu sherlyy😇😇😇 Tuhan Yesus selalu berkati, bu boleh ibu pindah gubernur ke sulsel?",False,2025-10-17 18:39:15
tiktok,Netral,9.0,stop bayar pajak🗿dah selesai se-Indonesia,False,2025-12-07 19:23:11
tiktok,Netral,9.0,panji mana mampu bisa benahin jawa barat noh kdm jln rusak bisa bgs jembatan mangrak bisa selesai,False,2026-01-05 10:11:28
tiktok,Negatif,9.0,"terbaik ibu Gub🔥, kelihatan bngat beliau sangat emosi,,Tuhan tolong lindungilah Beliau❤️🙏",True,2025-10-17 20:18:55
tiktok,Netral,9.0,Labour won 9 million votes in the last election and gets to government 69 million people….,False,2025-12-18 01:35:17
tiktok,Netral,9.0,"jangan gitu lahh, gua mau nonton aot tayang di tv dlu, nanti keburu di band😭",False,2025-03-21 11:05:04
tiktok,Negatif,9.0,masamu sek macet nng Jogja tok to Tan sultan!!! wes hal biasa daerah wisata nek musim liburan ki macet!!!!,False,2025-12-14 11:17:23
tiktok,Netral,9.0,WD 37JT rezeki hari ini😁😁,False,2025-11-06 13:13:57
tiktok,Negatif,9.0,solusi nya apa pak gubernur? ....,False,2026-01-05 17:13:43
tiktok,Negatif,9.0,miris dan mengenaskan wooo,False,2026-01-04 20:56:31
tiktok,Negatif,9.0,"saran saya pak Dedi Mulyadi, enggak usah di tanggapi harusnya,karena klu di tanggapi , yg mengkritik jadi di anggap sukses, namanya pejabat bukan badut,yg harus di sukai semua orang",True,2026-01-04 19:49:40
tiktok,Negatif,9.0,emang jakarta te boga masalah🙏🙏 terus kunaon harus jawa barat yg jadi subyekna,True,2026-01-05 11:54:59
instagram,Negatif,9.0,Kiamat Kpn y . Muak banget sama Konoha,False,2026-01-02 03:43:28
tiktok,Negatif,8.0,kumaha mental aman keneh teu ceu..?! 😂,False,2026-01-06 21:37:52
tiktok,Positif,8.0,keren dan menyala kdm😎.,False,2026-01-07 18:52:22
tiktok,Positif,8.0,"Man ska alltid sträva efter att förstå och möta den andra människan med respekt och omtanke. Den position eller makt man själv har får aldrig användas för att trycka ner, utnyttja eller visa brist på empati. Alla förtjänar att bli bemötta med värdighet, även om de inte befinner sig i samma ställning eller situation. Det är i förmågan att se och förstå varandra som äkta mänsklighet finns.",False,2025-11-25 02:04:50
facebook,Negatif,8.0,Konstitusional. Yg konstitusional sekarang ini ya pilkada langsung. Justeru kalian yg membicarakan pilkada lewat dprd yg inkonstitusional.,False,2025-12-30 01:38:12
tiktok,Negatif,8.0,melbu way kanan pak,False,2025-10-03 23:07:30
tiktok,Negatif,8.0,mamak lagi marah ini mah😭🤣🔥,True,2025-10-17 22:38:37
tiktok,Positif,8.0,"pak kades mau priode ke 2 tidak?? iya ""jadi baik baik"". 😂😂😂",False,2026-01-07 08:01:08
tiktok,Positif,8.0,"inimah bukan kaya bu gubernur, lebih ke perwakilan genk ibu2 😁😁😁 mantap lah bugub 🥰🥰 suarakan terus suara kesayangan pak benny",False,2026-01-07 06:11:58
tiktok,Netral,8.0,inget aura kasih [sticker],False,2026-01-07 14:32:30
tiktok,Negatif,8.0,"jiwa kebenaran seorang wanita seketika ""MEMYALA"" 👍",False,2025-10-17 18:21:43
tiktok,Positif,8.0,"the best bpk aing mah salam sehat selalu,,,",False,2026-01-07 08:58:49
tiktok,Negatif,8.0,"apapun yg dilakukan, Dimata haters selalu salah",False,2026-01-01 18:07:49
instagram,Netral,8.0,PENURUNAN KUWALITAS DEMOKRASI...PENGKHIANATAN AMANAT REFORMASI98,True,2025-12-30 06:28:14
instagram,Netral,8.0,"Tlg dibuatkan perbandingan pemilihan langsung vs pemilihan melalui dprd, maslahat vs mafsadat, baru buat fatwa",False,2026-01-07 09:46:20
tiktok,Negatif,8.0,mode emak² lg marah sdh kluar...sy demen bgt ini makin cantik kalo emak marah²...😂,True,2025-10-17 18:25:53
tiktok,Negatif,8.0,Bukti sudah jelas .. tangkap jokowi,False,2026-01-04 10:34:12
instagram,Negatif,8.0,"Lah kemarin reformasi buat apa ya? Biaya pemilu bengkak itu karena kalian buat serangan fajar, kalo dr biaya KPU nya ya biasa2 aja😢",False,2025-12-30 04:41:51
tiktok,Netral,8.0,Takut jabatan mentri dicopot 😂,False,2026-01-07 20:31:09
tiktok,Positif,8.0,hanya PDIP yg keren. konsisten,False,2026-01-03 13:52:41
tiktok,Negatif,8.0,"Negara LG prihatin para elit sibuk trus soal politik dn kekuasaan,di mna hati nurani mereka🤦",False,2026-01-04 07:46:01
tiktok,Positif,8.0,ini baru sidang... akhirx terbongkar semua. keren ibu GUBERNURnya👍👍👍👍,False,2026-01-07 13:05:04
tiktok,Negatif,8.0,berarti emang jelek jalan nya ?,False,2026-01-06 22:35:01
tiktok,Positif,8.0,somadd mana somad,False,2025-11-06 12:23:38
tiktok,Netral,8.0,pantesan mau jual stadion🗿,False,2025-11-05 19:32:58
facebook,Netral,8.0,Simpel aja jangan ada yg milih DPR atau MPR,False,2026-01-07 02:02:32
instagram,Netral,8.0,"Kami PELAKU 98 ""SIAP MENGHADAPI KEMBALI"" 🔥🔥🔥",False,2026-01-03 18:31:13
tiktok,Negatif,8.0,udah ketebak pasti kalau mau nyalon di bekingi oligarki mangkanya pejabat sekarang ga pro masyarakat tapi pro si donatur ya itu oligarki 😂😂,False,2026-01-07 16:26:53
tiktok,Negatif,8.0,ini bentuk pembegalan hak konstitusional kaum muda yg menjadi mayoritas voters pada pemilu 2029 dan 2034. mereka takut kebangkitan pemuda Indonesia,False,2025-12-30 19:16:57
facebook,Netral,8.0,Saya sebagai rakyat biasa setuju dipilih lewat DPRD...,False,2026-01-08 01:20:05
tiktok,Negatif,8.0,ah.. main telen aja loe brita jadi anggota DPRD😂😂,False,2025-10-15 23:42:33
facebook,Negatif,8.0,Rakyat bisa saja meledak ini bos,False,2025-12-31 00:34:39
tiktok,Netral,8.0,saya dukung PDI THN 2029 🤟🤟🤟🤟🤟🤟🤟🤟🤟🤟🤟,False,2026-01-07 18:31:48
tiktok,Negatif,8.0,Sengaja itu.. biar RK tambah viral,False,2026-01-07 13:58:17
instagram,Negatif,8.0,Kumpulan bedebah gak tau diri. Makin dibiarin makin gila,True,2025-12-31 13:51:09
tiktok,Positif,8.0,setuju bapak aing👍,False,2025-10-11 23:57:40
tiktok,Negatif,8.0,Di khayangan kayanyaa bu yang nerima🤣,False,2025-10-17 19:29:33
tiktok,Negatif,8.0,"ga setuju mah pada akhir nya praktik nepotisme,feodal dan politik dinasti",False,2025-12-30 14:30:15
tiktok,Positif,8.0,"Enak, tinggal aku bawa uang ke jakarta nyogok ke 3 ketua umum partai aku akan mudah jadi bupati",False,2026-01-07 06:47:47
tiktok,Netral,8.0,piraku arek milih dei si careh😏,False,2026-01-07 10:43:32
tiktok,Negatif,8.0,jangan dipilih lagi.,False,2026-01-07 10:45:14
instagram,Netral,8.0,Nasdem dan pks lagi baca peluang 2029,False,2026-01-01 12:46:45
tiktok,Netral,8.0,"sudah dapat kursi empuk, AHY mana berani menolak pilkada tidak langsung",True,2026-01-07 15:29:20
tiktok,Negatif,8.0,marahnya kerasa bgttt😭,True,2025-10-17 19:20:56
facebook,Netral,8.0,Coba tanya rakyat!,False,2026-01-05 06:45:51
facebook,Positif,8.0,"Kenyataannya memang pemilih nya belum smart, hanya melihat amplop saja. Lebih bagus pilihan via DPR dengan comprtensi calonnya yang credible & punya kemampuan yg memenui syarat jadi Kepala Daerah. Tidak WAJIB dari kader Partai, partai yang lakukan Fit and Proper Test, kalau lolos, Partai memberikan rekomendasi untuk sebagai calon.",True,2026-01-05 13:03:08
tiktok,Negatif,8.0,ya Allah .🙏lanjut KDM,False,2025-11-11 06:28:37
instagram,Netral,8.0,Cocok MUI bntr lgi NU bersuarav😂😂 biasa udah di kondisikan,False,2026-01-07 07:40:17
tiktok,Netral,8.0,terus siapa yg jd gubernur,False,2025-11-05 18:10:53
facebook,Negatif,8.0,"Sederhana saja, Pemilu Legislatif, masyarakat tidak usah pilih Partai Politik yg tidak Pro Rakyat..",False,2026-01-08 02:23:51
tiktok,Negatif,8.0,"ingat akan kembali ke jaman orde Baru, makanya kita masyarakat Indonesia harus melawan.",True,2026-01-07 10:54:34
tiktok,Netral,8.0,expresi pak kades [sticker],False,2026-01-07 17:00:05
tiktok,Negatif,8.0,Setuju harus pakai tes,True,2025-11-17 07:12:00
tiktok,Negatif,8.0,kasus kuota haji gi mana kabar nya ?,False,2025-11-06 08:35:52
tiktok,Netral,8.0,schafft ihr,False,2026-01-02 20:26:45
tiktok,Positif,8.0,"tapi emang suaranya bagus woii, ikut bangga 🥹",False,2026-01-07 15:25:09
tiktok,Negatif,8.0,"Gerindra dan Golkar kan akar rumputnya sama, jd sama2 Cendana, ya gt deh...😎",False,2026-01-02 17:43:31
tiktok,Negatif,8.0,sistem nya memperkaya kelompoknya bukan memperkaya negara.,False,2026-01-01 17:10:40
instagram,Positif,8.0,🔥🔥🔥🤟❤️,False,2026-01-06 16:08:09
tiktok,Netral,8.0,jangan kaget klo tbtb debut jd penyanyi trot😭,False,2026-01-08 20:35:59
instagram,Positif,8.0,🔥🔥🔥,False,2026-01-06 12:55:51
tiktok,Negatif,8.0,trus keluar dari Gerindra masuk ke PDIP knp..??,False,2026-01-07 03:01:20
tiktok,Netral,8.0,"smoga ramalan bahwa Gibran sudah disiapkan semesta mjd pemimpin besar NKRI masa depan, amiin",False,2026-01-02 15:32:18
tiktok,Positif,8.0,pengen punya energi kayak dia pliss😭🙏🏻,False,2026-01-07 14:57:30
tiktok,Netral,8.0,"17 tahun mengabdi, sudah s1 paud, sudah nuptk,, hanya satu kendalanya mengajar di paud NON FORMAL",False,2026-01-04 17:53:29
tiktok,Negatif,8.0,"mana nih gen z, milenial diseluruh dunia, pemerintahan macam gini lngsng terjungkal oleh mereka",False,2025-12-30 13:50:43
tiktok,Netral,8.0,PKB dan golkar sebagai inisiatif perbhan jgn di pilih,False,2026-01-07 05:22:40
tiktok,Positif,8.0,ibu sudah mrepet. semua ketar ketir🔥🔥🔥,False,2025-10-17 19:44:03
tiktok,Positif,8.0,mas wapres kita yg adabnya tinggi banget.,False,2026-01-02 15:48:53
tiktok,Positif,8.0,"Ibuuuu sehat-sehat yaaaa buuu, Tuhan Yesus melindungi ibuuu selaluuu",False,2025-10-17 19:34:03
tiktok,Netral,8.0,🔥🔥🔥🔥👏 Menyala ibu,False,2025-10-17 19:32:59
instagram,Negatif,8.0,Kita Fans Bang kita masih Sahati Bang,False,2026-01-07 10:54:16
tiktok,Positif,8.0,nyogok anggota DPRD lebih murah,False,2025-12-29 18:15:23
facebook,Positif,8.0,se 7,False,2026-01-07 11:09:35
tiktok,Netral,8.0,loppyuupuulll kdm👍👍👍❤❤❤,False,2026-01-05 20:53:55
facebook,Negatif,8.0,Masyarakat serentak jangan pilih dpr,False,2026-01-07 12:52:51
tiktok,Netral,8.0,"Mr le president, pourquoi pas rendre nos établissements compétitifs, comme ça plus besoin d’aller en Europe ou aux états",False,2025-07-17 03:26:19
tiktok,Netral,8.0,"aq kemaren beli di toko perhisan 1 gr antam, 2.965,000",False,2026-01-07 15:29:04
tiktok,Netral,8.0,Très bonne idée ! C’est le meilleur moyen de pouvoir investir sur une jeunesse qui fera grandir son pays !!,False,2025-07-16 22:37:00
facebook,Negatif,8.0,Gak usah ada pemilihan utk DPR & DPRD biar yg lama seumur hidup 😄,False,2026-01-07 13:40:08
tiktok,Negatif,8.0,Demokrat PDIP berkuasa 10 tahun tidak mengotak atik demokrasi lah ini baru setahun pangsung mau ngerubah🤣,True,2026-01-06 06:56:24
tiktok,Netral,8.0,salam satu sawit [sticker],False,2026-01-08 09:00:19
tiktok,Netral,8.0,Mais le problème c’est le Gabon 🇬🇦 on ne revient ce n’est pas parce que ça paye mieux mais parce que ça paie tout court chez nous y’a même pas l’offre pour débuter . Si le Gabon ne fait pas ça part c’est déjà problématique on ne reste pas ou on souffre,False,2025-07-16 19:53:57
tiktok,Negatif,8.0,bukan mahram gak boleh salam,False,2025-12-31 14:45:37
tiktok,Netral,8.0,"lucu,mas di Indonesia banyak tapi stok GX ada😂",False,2026-01-07 16:44:59
tiktok,Negatif,8.0,"sahkan dulu RUU KUHP, Lalu bahas RUU pemilu, biar apa?? biar gak ada demo lagi, kan di KUHP baru demo diperketat..",True,2026-01-05 17:07:10
tiktok,Negatif,8.0,kata pak purbaya 25 triliun duit negara dikeluarin tiap tahun buat subsidi pengusaha batubara yg udah untung banyak.miris gak tuh,False,2025-12-29 04:19:43
tiktok,Netral,8.0,Uang Iuran kmna😬😬😬,False,2026-01-08 18:01:58
tiktok,Positif,8.0,tidak salah saya memilih bapak sebagai pemimpin kami,False,2026-01-05 19:41:17
tiktok,Negatif,8.0,"jadi pemimpin serba salah ya gaji kecil di demo,gaji besar prusahan bangkrut PHK masal, di demo lagi😀😀😀",True,2025-12-30 22:05:00
tiktok,Negatif,8.0,abis kepala daerah pilpres dipilih mpr balik lg ke sistem orde baru udah pemilihan tertutup rawan sogok,True,2026-01-08 11:26:09
tiktok,Positif,8.0,enakeun euy pake orkestra gini,False,2026-01-02 18:55:52
tiktok,Negatif,8.0,"uruslah ulama, jgn urus politik itu bukan ranamu mui.",False,2026-01-08 17:40:47
tiktok,Netral,8.0,Lạy chúa xin chúa thương xót chúng con và toàn thế giới amen 🙏,False,2025-10-08 21:23:28
tiktok,Negatif,8.0,emg kerugian rakyat apa sih tentang revisi UU TNI coba sy rakyat bodoh brtnya barangkali ada yg jawab?,True,2025-03-20 17:09:59
tiktok,Netral,8.0,mgkn semua kebijakan yang dia buat beberapa hari lalu juga bisa lupa 😂,False,2026-01-07 21:38:45
tiktok,Negatif,8.0,Ko jadi Gini Siiihhhh Sumpaahhhh KEREENNNN Bangeetttt Jadi nyaaaa 😂😂😂,False,2026-01-02 04:57:53
tiktok,Netral,8.0,Không bao giờ giống Quang hùng,False,2025-06-22 19:07:38
facebook,Negatif,8.0,apakah ada jaminan pemilihan lewat DPRD TDK ada politik uang Masi mending rakyat hanya 300/ orang klu DPRD lebih gila satu anggota DPRD bisa milyaran perorang,True,2026-01-06 07:04:34
tiktok,Negatif,8.0,habis rezim jangcok di lanjut rezim ndas mu,False,2026-01-06 19:38:42
instagram,Negatif,8.0,"Jika tidak ada pilkada, maka secara otomatis beban kerja KPU akan berkurang. Apa mungkin ada wacana juga kalau komisioner KPU menjadi badan adhoc? Karena kalau tetap menjabat 5tahun padahal beban kerja berkurang, sayang anggaran untuk biaya operasional ke KPU",False,2026-01-08 10:54:56
instagram,Negatif,8.0,Percuma ada reformasi klo ujung2e ordebaru bangkit,False,2026-01-08 08:55:43
tiktok,Netral,8.0,kemana memindah hujan😂,False,2026-01-05 15:48:40
tiktok,Netral,8.0,lapor dopom pak. supaya jelas.,False,2025-05-06 20:24:04
tiktok,Positif,8.0,hanya orang yg berhati tulus dan suci yg bsa bertemu dgn sosok ini🥹,False,2025-09-05 10:44:36
threads,Negatif,8.0,Nah ini Justru usulan Cerdas. harusnya Memang Jabatan ASN sampai Kementrian itu jabatan karier bukan Politik. Dan Parpol itu harusnya tidak digaji Pemerintah. Tapi Mandiri !!,True,2026-01-03 04:22:46
tiktok,Netral,8.0,UK constitution needs to be rewritten - terms should be 4years only and better means of holding the government to account with more safeguards to keep power in check. This rogue communist-esque Labour regime has proven the case.,False,2025-12-17 19:48:21
tiktok,Negatif,8.0,"sudah seharusnya kepala daerah dipilih DPRD setempat.... lebih hemat, konflik horizontal bisa dihindari... soal kualitas kepala daerah nyaris sama aja pilkada langsung atau via DPRD... kepala daerah dipilih DPRD aja",True,2025-12-17 15:10:07
tiktok,Negatif,8.0,gubernur nya keras bersuara utk tidak KKN tapi yg jalan org d sekitar nya wkwkwkwk,False,2025-07-28 13:37:30
threads,Negatif,8.0,"lah anggota2 dprd aja dianggap ga mewakili rakyat kok, malah mrk disuruh milih pemimpin daerah.. makin ngawur aja 🤭",True,2026-01-06 13:20:36
tiktok,Netral,8.0,"posisi sidin dewan kota palangka, knapa ada sidin pas rapat propinsi😁",False,2025-07-03 05:16:48
tiktok,Netral,8.0,Slay queen yang sebenarnya,False,2025-12-29 09:19:15
tiktok,Negatif,8.0,dia jg manusia kali meni kudu we pak dedi th sempurna 😭,False,2025-06-03 15:56:00
tiktok,Positif,8.0,yg dia omongin bener semua,False,2025-08-29 13:26:06
tiktok,Netral,8.0,semua berawal dari MULYONO......😡,False,2025-08-29 23:57:56
tiktok,Netral,8.0,Cuba is seriously irrelevant…😂😂😂😂,False,2026-01-05 08:43:55
tiktok,Netral,8.0,"ibu smua bisa kecuali review makanan ""ya begitulah' 🤣🤣🤣🤣🤣",False,2025-12-23 21:47:39
tiktok,Netral,8.0,LIHAT DAERAH PINGGIRAN MASIH BANYAK JALAN RUSAK.,False,2026-01-05 18:06:01
tiktok,Negatif,8.0,Kalau ada versi ASLI Orchestra..... PASTI LEBIH GACOR.... 👍👍👍👍👍,False,2026-01-03 12:35:01
tiktok,Netral,8.0,AUDIT DANA DESA DEDI MULYADI,False,2026-01-04 23:58:24
tiktok,Negatif,8.0,ko nunggu wartawan dulu sih pak,False,2026-01-07 12:10:09
threads,Netral,8.0,Pasti sdh tau jalur birokrasi dan faham pemerintahan,False,2026-01-02 13:39:45
tiktok,Negatif,8.0,Masa pak walikota seperti ini....😂😂😂😂,False,2025-12-19 06:29:45
instagram,Negatif,8.0,Jadikan presiden ini ahok,False,2026-01-08 12:42:05
tiktok,Positif,8.0,il a pas tort,False,2025-07-16 19:28:52
tiktok,Negatif,8.0,anda kritik Jokowi ..sedangkan yg di hadapan anda itu adalah ternaknya juga itu🤣🤣🤣🤣,False,2025-08-29 11:54:01
tiktok,Netral,8.0,tangkap Jokowi turunkan gibran,False,2025-08-29 22:07:48
tiktok,Negatif,8.0,dapil Purwakarta Karawang Bekasi sekarang aja tidak terlihat dia,True,2025-10-20 23:55:22
tiktok,Netral,8.0,panji asal mangap aj,False,2026-01-05 15:53:22
facebook,Netral,8.0,"Kedaulatan d tangan rakyat , kita MK kan.",False,2025-12-30 02:02:19
tiktok,Netral,8.0,"Pray for Indonesia, from Vietnam 🇻🇳🤝🇲🇨",False,2025-09-01 13:03:03
tiktok,Negatif,8.0,salah cocok semlm ti aku,False,2026-01-07 16:22:44
tiktok,Negatif,8.0,"jangan bikin judulnya aneh aneh,",False,2025-02-28 07:13:30
tiktok,Positif,8.0,IBUUU😭🫰🏻,False,2025-12-05 17:23:00
tiktok,Negatif,8.0,menusuk cuy😭,False,2025-12-05 18:02:07
tiktok,Positif,8.0,bangga cuyyy gw sbgai rakyatna...menyala gubernurku,False,2025-02-20 17:13:56
tiktok,Netral,8.0,"maaf, Prabowo cukup 1 periode saja & jika Tuhan berkehendak bu Sherly Laos yg paling layak pimpin Indonesia ke depan",False,2025-09-19 21:26:04
tiktok,Netral,8.0,selama ini saya golput tapi di pemilu yg akan datang saya akan pilih partai yg memperjuangkan aspirasi rakyat a rakyat punya kedaulatan a kekuasaan di dalam memilih pemimpin sendiri,False,2026-01-06 21:30:55
instagram,Netral,8.0,Baik sidin dr pda yg ada jar,False,2026-01-08 04:20:12
tiktok,Netral,8.0,di awal video kiraan tadi drama korea 😳,False,2025-09-19 17:35:13
tiktok,Netral,8.0,cukup presiden dipilih langsung oleh rakyat,False,2025-11-02 18:40:32
tiktok,Netral,8.0,TOLONG PARA ARTIS PABLIK FIGUR BANTU LAH KAMI 🙏😭😭,False,2025-08-26 20:13:40
tiktok,Positif,8.0,Delta best in The world !,False,2026-01-04 10:35:25
instagram,Negatif,8.0,Bapak kok pinter. Saya cicil engineering aja gak terlalu begitu bicaranya. Mantabb pak. Sukses berkah selalu,False,2025-07-22 01:47:19
tiktok,Negatif,8.0,lah bukanmya porda jabar 2026 di bekasi??,False,2026-01-07 23:11:23
tiktok,Positif,8.0,ibu sherly tjoanda ke ibuan banget GOOD BLESS,False,2025-12-07 11:57:00
facebook,Negatif,8.0,Bubarkan partai golkar.. Sumber segala masalah,False,2026-01-08 00:27:24
facebook,Negatif,8.0,Karena partai buruh gak punya DPR jelas gak mau,False,2026-01-04 10:43:58
facebook,Negatif,8.0,Duit negara habis untuk menggaji Menteri dan wakilnya serta pejabat setingkat menteri yg jmlahnya sangat banyak belum tunjangan dan fasilitasnya..coba hitung dari yg paling kecil saja mulai dari kalau ada sidang kabinet seluruhnya hadir sudah berapa tuh biaya untuk snack dan minumnya blm lainya..kok yg jadi korban hak demokrasi rakyatnya yg dikebiri..,True,2026-01-08 00:21:12
instagram,Negatif,8.0,"Ongkos politik mahal ya dibuat2 sendiri kok. Parta jarang punya kader militan, yang ada kader ongkosan. Bisa dilihat, kader yang memiliki jiwa nasionalisme terhadap negara dan rakyat bisa dihitung jari.",False,2025-12-07 03:38:29
tiktok,Negatif,8.0,bubarkan dpr,False,2025-12-05 20:01:37
tiktok,Positif,8.0,"mantap keren tegas,semangat trs bu",False,2025-09-24 07:05:26
tiktok,Negatif,8.0,Demokrat gax mau kekeringan kaya PDIP.,True,2026-01-07 21:46:32
tiktok,Positif,8.0,keren...sdh cantik cerdas pula,False,2025-09-23 22:47:22
tiktok,Negatif,8.0,"belum jelas lagi, jangan berprasangka fiz",False,2025-11-04 19:06:57
tiktok,Positif,8.0,mantap truskan bu gub sy suka klu pemimpin klau ngomong tidak bersayap dan tidak mutar yg penting kerjanya nyata utk kpentingan rakyat🥰🥰🥰🥰🥰🥰🥰,False,2025-12-21 10:20:22
tiktok,Negatif,8.0,YANG CURI BANTUAN DARI KAMI DI JALAN SIAPA?,False,2025-12-19 17:23:09
tiktok,Netral,8.0,Delta force 🔥,False,2026-01-04 11:24:12
tiktok,Negatif,8.0,itu rumput aman aja kah,False,2026-01-07 15:24:27
instagram,Negatif,8.0,Perang dah sama rakyat,False,2025-12-29 17:12:41
tiktok,Netral,8.0,Varför vill de vara utsatta?,False,2025-11-26 05:24:50
tiktok,Negatif,8.0,"crypto ini bisa bikin bangkrut g sih... q g tau caranya tp prnh lewat di ig turun bnyk rugi bla2, entah la...",False,2025-11-06 16:10:39
facebook,Negatif,8.0,sy paling no 1 setuju... klo bisa pemilihan kades juga langsung d tunjuk oleh pemprov (catatan tpi putra/putri terbaik dr desa tersebut) supya anggaran irit,False,2026-01-07 07:44:04
tiktok,Negatif,8.0,"dulu pas bikin asal jadi kali ya😂 nggak riset dulu, kertajati jauh kmna mna 🙈",False,2025-01-17 10:25:02
tiktok,Netral,8.0,karena lagi nyari jawaban klo ada yg tanya solusi,False,2025-09-18 10:50:43
tiktok,Positif,8.0,"Ini tuh kesukaannya halmoni haraboji gess, soalnya enerjik bgttt kyk penyanyi trot 😭",False,2026-01-08 21:06:23
facebook,Negatif,8.0,"Biar mahal itu, bukan uang mu, tapih,,itu uang Rakyat. Apah gunanya, di sebut, pesta Demokrasih.",True,2026-01-08 05:55:46
facebook,Negatif,8.0,Kalau yg dihindari dlm pilkada adalah politik uang dan biaya maka solusinya bukan mengembalikan ke dprd krn di dprd juga pasti orang memilih krn dibayar artinya kita hanya menggeser politik uang lagi jadi klu mau serius maka partai politik jgn menguras calon dgn dalih mahar kemudian perbaiki penyekenggaranya dan pengawas pemilu begitu ada permainan uang walau sekecil apapun maka calonnya harus didiskualifikasi ini kan rusa sekali sistem dan penyelenggara kita pembincara ini sdh mengakui 70% masyarakat memilih krn uang tpi tdk ada calon yg didis😁😁 aneh bin ajaib,True,2026-01-06 00:20:01
tiktok,Netral,8.0,sy jg bsa pak hafal UUD 45 mah,False,2025-02-20 18:19:31
tiktok,Netral,8.0,đến khổ có ai bắt đâu🥺,False,2025-09-06 20:24:13
tiktok,Netral,8.0,tambah bini ja lagi pian,False,2026-01-05 22:42:31
tiktok,Negatif,8.0,“Yang lain mungkin kurang doa” ahahahahaha😭,False,2025-12-05 19:38:55
facebook,Negatif,8.0,Partai politik yg mengkondisikan sprti itu..kenapa skrg mngambil kesimpulan bhwa masyarakat yg dikambinghitamkan???anda yg brmain uang...anda yg mnyogok uang...giliran mau merubah sistem presidensial anda menyalahkan masyarakat... masyarakat mana yg anda bilang smua trima sogokan???taaikk luu,False,2026-01-06 04:37:46
tiktok,Netral,8.0,"""yg lain mgkn kurang doa""🤣🤣🙈",False,2025-12-06 06:40:31
tiktok,Negatif,8.0,giliran rakyat mulai cerdas elit parpol mulai panik,False,2026-01-08 02:00:00
tiktok,Positif,8.0,Waktu ny Indonesia bagian Timur yang lagi menguasai permusikan hebat... karya anak bangsa maju terus dengan karya mu bawa Indonesia di mata dunia lebih 👍👍👍👍,False,2026-01-03 16:19:50
tiktok,Negatif,8.0,Panji lagi cari duit pak,False,2026-01-05 21:12:44
tiktok,Netral,8.0,"the real emak"" 😭😂",False,2025-12-06 07:31:51
tiktok,Positif,8.0,golput lebih baik,False,2025-12-29 19:54:26
tiktok,Negatif,8.0,"rakyat itu juga negara, la trus tanah negara kok gak boleh di tempati rakyat negara ini",False,2025-01-27 22:58:38
instagram,Negatif,8.0,Gajahe do dipateni kae Nang sumatera !,False,2026-01-08 13:36:42
tiktok,Negatif,8.0,"thats ""ordal?"" 😭",False,2025-12-07 08:40:48
facebook,Netral,8.0,"Setiap provinsi sebaiknya menerapkan sistem pemerintahan sperti di DKI Jakarta, dimana kepala daerah Tk. II adalah ASN sedangkan Gubernurnya dipilih langsung melalui pilkada. Sehingga bisa jadi DPRD KAB/KOTA ditiadakan. Dijamin Pasti EFISIEN...",False,2026-01-07 23:07:34
tiktok,Netral,8.0,μαζί σού 👍,False,2025-09-18 06:10:05
facebook,Negatif,8.0,"Misalnya tetap ngebet pengen Pilkada dipilih sama DPRD, simple kok 2029 tandai saja partai-2 nya jgn di pilih/jgn dicoblos, bila suara rakyat sudah dibungkam, masa memilih pemimpin seperti kucing dlm karung, bukan rakyat yg memilih, dgn alasan efisiensi dan rawan politik uang, lah emang apa jaminan nya tidak ada aksi suap kalo dipilih sama DPRD🙄🫣",True,2026-01-08 00:53:06
tiktok,Negatif,8.0,"masih kalah sama panji petualang, ngasih edukasi, cara nangkep ular, ini mah, nangkep sinyal poltik,",False,2026-01-04 13:38:33
tiktok,Negatif,8.0,“YANG LAIN MUNGKIN KURANG DOA”😭😭😭😭,False,2025-12-07 07:09:54
tiktok,Negatif,8.0,permasalahan itu di orang seperti Panji,False,2026-01-04 12:58:17
facebook,Negatif,8.0,SOEHARTO KEMBALI HIDUP.... DIHIDUPKAN OLEH ANAK MANTU PRABOWO😀😀😀😀,False,2026-01-07 13:44:03
facebook,Negatif,8.0,Berarti pengkhianatan terhadap reformasi 1998&konstitusi...,False,2026-01-04 10:30:58
tiktok,Netral,8.0,Σε ψηφίσαμε για να σπάσεις αυγά και τελικά έκανες αυγά με τα καρτέλ. Τα λέμε στις εκλογές μεγάλε,False,2025-09-18 04:33:09
tiktok,Positif,8.0,ayo FYP sayang nenek ini 🙁,False,2026-01-06 00:53:04
tiktok,Negatif,8.0,"Ibuu Sherly , Udh bener² ""selayak nya ibu ibu ini mah"" 🤩🤭🤭",False,2025-12-05 21:19:19
tiktok,Positif,7.0,ikut bangga lho gue😌 semangt kakak🥰,False,2026-01-08 17:57:08
facebook,Netral,7.0,Setuju lewat DPRD.,False,2026-01-08 01:09:45
tiktok,Netral,7.0,Ilyaaaaaaaaa~ [sticker],False,2026-01-03 21:08:00
tiktok,Netral,7.0,Berpotensi viral ninggalin jejak dulu aahh 🤭,False,2026-01-07 18:12:27
facebook,Netral,7.0,Kami saat ini pilih PDIP 👍,False,2026-01-08 14:53:18
tiktok,Netral,7.0,first and last governer edit,False,2025-10-27 06:13:23
tiktok,Netral,7.0,saya setuju di pileh DPRD bozz 👍👍,False,2026-01-01 19:30:00
facebook,Negatif,7.0,"Semua partai berkorban untuk kepentingan sekelompok orangnya saja, buat apa kita pikirin dengan alasan membela rakyat😁😁😁😂",False,2026-01-08 09:38:55
tiktok,Positif,7.0,PDIP emang partei yang top tangguh,False,2026-01-02 20:45:48
tiktok,Positif,7.0,memang resa terbaik,False,2025-11-02 18:34:58
tiktok,Netral,7.0,gacor skli gubernur satu ini😂,False,2025-11-02 12:48:49
tiktok,Positif,7.0,dia pembawaannya kek lagi noraebang sama temen2.. seru bgt,False,2026-01-08 17:38:24
tiktok,Negatif,7.0,itu yg kemarin ikut menolak pak Purbaya yah masalah Pemda itu 😂😂😂ehhh ternyata,True,2025-11-05 18:03:53
tiktok,Netral,7.0,keadaan gue yang sedang mondar-mandir SCTV sinemaart buat ngecek trailer agz and bcw [sticker],False,2026-01-07 14:33:24
facebook,Netral,7.0,Tolak pilkada dipilih oleh DPRD..,True,2026-01-07 01:54:21
tiktok,Positif,7.0,Ini pasti panutan mbak nya nassar dan dewi persik. All out bgt tenaganya wkwkwk,False,2026-01-08 16:56:45
tiktok,Netral,7.0,J’espère que ses enfants suivront la volonté du père.,False,2025-07-16 22:31:44
facebook,Negatif,7.0,Pilkada di pilih DPRD itu jls melanggar Keputusan MK. Yg jls prabowo presiden omon omon 🤮🤮,False,2026-01-07 02:18:43
tiktok,Netral,7.0,REPUBLIK DINASTY IS COMING,False,2025-12-29 20:42:48
facebook,Negatif,7.0,Tenggelamkn yg hianati rakyat..,False,2025-12-31 02:37:03
tiktok,Negatif,7.0,arvino menurut ulama?,False,2025-12-30 07:47:27
tiktok,Negatif,7.0,"skrng di mulai minta dr DPRD bsk2 presiden jg gitu lama2 GK di pilih rkyat lngsng, mksudnya mereka2 gitu😆😆 jadi lah KY orba dulu",True,2026-01-08 22:40:43
tiktok,Negatif,7.0,mantul bosku,False,2026-01-08 18:45:42
tiktok,Positif,7.0,"Untung crypto gw udah simpen aman di wallet,ga simpen di exchange",False,2025-12-06 09:29:16
facebook,Netral,7.0,"Siap siap kdm nggak bakal kepilih,kalau lewat DPRD",False,2026-01-07 12:59:43
tiktok,Netral,7.0,itulah akibatnya gubernur banten yng sibuk ke luar negeri membicarakan teori di banding kerja dilapangan,False,2026-01-08 13:54:47
tiktok,Positif,7.0,betul abang hanya pdip yg konsisten 🤟🤟🤟,False,2026-01-08 17:30:19
tiktok,Netral,7.0,tetep semangat bersuara om......🤟🤟🤟,False,2026-01-08 09:44:38
tiktok,Negatif,7.0,sistemnya aja boss di ganti sekarang jamanya sdh di gital,False,2026-01-08 04:40:00
tiktok,Negatif,7.0,"menurut aku setuju dari pada suara rakyat ,krna suara rakyat hasil nya ga real rakyat ,dan hbis kan anggaran, mnding DPRD ga bnyak hbis anggaran hasil nya SMA juga kan",False,2025-12-30 04:21:46
tiktok,Negatif,7.0,2030 indonesia mungkin sudah tidak ada,False,2025-12-30 16:06:09
tiktok,Netral,7.0,dsr rami bnr warga tiktok ni🤣🤣,False,2026-01-08 12:59:08
tiktok,Negatif,7.0,"kita rakyat tidak setuju pilkada di pilih oleh DPRD, nanti anggota dewan yg tambah kaya",True,2025-12-29 20:56:28
tiktok,Negatif,7.0,inget ya Gerindra gw ga bakal coblos lu lagi mnding gw golput🗿,False,2025-12-29 17:30:57
tiktok,Netral,7.0,persekongkolan yang ingin berkuasa seumur hidup,False,2026-01-08 18:08:03
tiktok,Netral,7.0,PDIP JAYA 🤟🤟🤟💪💪💪,False,2026-01-08 09:07:41
tiktok,Positif,7.0,banteng keren tetep konsisten,False,2026-01-08 12:32:20
tiktok,Positif,7.0,"kalau gerindra dukung berarti sudah di brifing woowoooo, gembiralah yang pilih wowo",False,2025-12-29 21:22:25
tiktok,Netral,7.0,gak pensiun tah bu kasih ajh yg lebih muda😁,False,2026-01-08 21:50:19
tiktok,Netral,7.0,anggota DPRD pov aceh kemana🤣🤣🤣 kasihan gub nya tinjau banjir... semoga sehat bpk gub acehh🥰,False,2025-12-14 21:39:55
tiktok,Positif,7.0,SSA SETIA SAMPAI AKHIR gotong royong bersama rakyat untuk Indonesia rayaaaaaa SETIA DI GARIS RAKYAT PAC.PATRANG JEMBER JATIM,False,2026-01-08 18:57:23
tiktok,Netral,7.0,"apapun yg di review, asliiiii gada yg recomended😭😭",False,2025-12-23 21:53:27
tiktok,Netral,7.0,"Bantuan dari pusat di begal di jalan, lalu di akui bantuan dari GAM.",False,2025-12-26 00:15:01
threads,Negatif,7.0,"Gus saya pernah ketemu jenengan , jangan gt lah masa memaksakan pendapat yg keliru",False,2026-01-07 10:16:04
tiktok,Negatif,7.0,pendidikpaud non formal sangat di rugikan,False,2025-12-22 10:46:06
tiktok,Positif,7.0,ibu gubernur favorit ini.wanita cerdas ibu sherly,False,2025-12-21 11:13:31
threads,Positif,7.0,"Setuju. Angkat PNS/ASN jadi Gubernur, Bupati/walikota. Sangat tepat. Semoga.",False,2026-01-03 01:10:21
tiktok,Positif,7.0,brilian bagi pemujanya 🤣,False,2025-12-19 06:17:50
threads,Negatif,7.0,"Org indo tdk percaya klo yg skrg jd presiden Orde Baru akan berkuasa lagi..awal, militer mulai banyak pegang jab sipil, soeharto jd pahlawan nasional, habis itu kepala daerah dipilih DPRD, trus nnti DPRD pilih tentara atau polisi utk jd kepala daerah, dan setelah sadar semua..akhirnya kita kembali lagi ke jaman sblm 1998..penak jaman ku toh le?..nikmatin setiap prosesnya..oke gas..oke gas..,",False,2026-01-07 05:06:14
tiktok,Negatif,7.0,"ga ada yg sempurna, kurangnya ibu sherly cman review makanan 🙏😌",False,2025-12-25 04:28:53
tiktok,Negatif,7.0,ibu Gubernur nya lucu besok 2029 nyalon jadi presiden aja Bu,False,2025-12-23 21:08:15
facebook,Negatif,7.0,"Mari kita dorong MK utk bubarkan partai2 yg setuju pilkada melalui DPRD.. Peneliti dan Konsultan Politik, Saiful Mujani mengingatkan bahwa partai politik yang terbukti melanggar prinsip-prinsip konstitusional, termasuk upaya mengubah sistem pemerintahan presidensial melalui pemilihan kepala daerah tidak langsung, berpotensi dibubarkan oleh Mahkamah Konstitusi (MK). “Partai-partai yang menginginkan pemilihan tidak langsung itu sebenarnya adalah kekuatan politik yang tidak sanggup menjalankan demokrasi dan pemerintahan",True,2026-01-08 13:14:29
tiktok,Positif,7.0,"""seperti caviar"" maaf, kita lebih bisa membayangkan rasa yg cacing blender deh kyknya bu 😂😭",False,2025-12-23 20:43:19
tiktok,Positif,7.0,",, dulu exchange lokal swasta yg bikin ramai investor crpto dan jadi gede ,, setelah jadi gede pemerintah ambil alih , enak banget pak² ...",False,2025-12-26 12:58:55
tiktok,Netral,7.0,vậy suy ra xài lâu bụi zo quạt thì chỉ cần làm cách này là sạch hả =)),False,2025-12-29 13:16:39
tiktok,Negatif,7.0,Tah sidakmah Kitu ulah bebeja heula,False,2025-12-27 21:50:07
tiktok,Netral,7.0,mba cos ulangi pertanyaannya.,False,2025-12-19 09:45:21
tiktok,Negatif,7.0,"Maksud sultan baik woyyy,, biar ga macet bangett dalem kota!! Ini bukan berarti gaboleh lewat jogja, tapi mlipir lewat pinggir, ora mlebu ringroad gaes,",False,2025-12-14 09:42:47
tiktok,Netral,7.0,Gubernur blok m💀,False,2025-12-29 00:03:03
facebook,Netral,7.0,"Pilkada Lewat DPRD Menguat, Mayoritas Parlemen Sejalan Prabowo—Hak Rakyat Terancam? Wacana pemilihan kepala daerah oleh DPRD kian mengeras. Dimulai dari Ketua Umum Partai Golkar Bahlil Lahadalia yang secara terbuka mengusulkannya di hadapan Presiden Prabowo Subianto, kini dukungan politik di parlemen terus bertambah. Golkar, Gerindra, PKB, NasDem, hingga Demokrat sudah satu barisan mendukung Pilkada lewat DPRD. Alasannya beragam, mulai dari efisiensi anggaran, mahalnya ongkos politik, hingga maraknya politik uang dan dinasti dalam Pilkada langsung. Bahlil bahkan menyebut Pilkada langsung bikin negara “pusing-pusing”, dengan biaya yang melonjak drastis—dari Rp7 triliun pada 2015 menjadi lebih dari Rp37 triliun pada 2024. Gerindra menilai sistem DPRD lebih ringkas, murah, dan membuka peluang bagi figur kompeten tanpa modal besar. Namun, di tengah arus dukungan mayoritas, PDIP berdiri sendiri menolak. Partai berlambang banteng itu menegaskan Pilkada adalah hak rakyat yang tak bisa diwakilkan segelintir elite DPRD. PDIP bahkan mengakui adanya lobi-lobi politik agar ikut mendukung, namun sikapnya tetap tegas: menolak. Sementara itu, PKS dan PAN masih menahan sikap, memilih mengkaji dan mendengar suara publik. Meski PAN mengakui Pilkada langsung sarat politik uang, mereka juga mengingatkan satu risiko besar: hak pilih rakyat bisa terpangkas. Kini pertanyaannya semakin tajam: Apakah Pilkada lewat DPRD solusi menyelamatkan demokrasi dari politik uang, atau justru jalan sunyi menuju demokrasi elite? Gelombang politik sudah bergerak. Tinggal publik yang menentukan, akan ikut bersuara atau hanya jadi penonton. Pilkada PilkadaDPRD DemokrasiIndonesia PolitikNasional PrabowoSubianto Golkar Gerindra PDIP HakRakyat IsuPolitik KoranBaliExpress",True,2026-01-08 14:00:38
tiktok,Netral,7.0,"minta anggaran 200M, yg kepake revitalisasi nya berapa tu? paling ga nyampe 70%😂",True,2026-01-07 20:50:19
facebook,Negatif,7.0,Saatnya mahasiswa turun ke jalan lagi demokrasi diambang kehancuran,True,2025-12-30 02:47:05
facebook,Negatif,7.0,"Saya tidak rela kalau gubernur Bupati walikota di pilih oleh DPRD, karena merampas hak azasi saya untuk memilih pemimpin saya secara langsung, dan apabila terjadi di pilih DPRD maka saya TDK akan pernah mau memilih perwakilan saya di DPRD maupun di DPR RI maupun DPD RI. TITIK",False,2026-01-07 04:03:15
tiktok,Netral,7.0,ga bisa login njir,False,2025-12-05 16:05:43
tiktok,Negatif,7.0,"wah parah ini Gerinda, PDIP pas berkuasa aja ga segininya, bener"" pengen jadi negara otoriter",True,2025-12-30 21:02:41
facebook,Positif,7.0,Cocok kalau di pilih dprd mantap,False,2026-01-08 00:28:58
tiktok,Netral,7.0,rakyat bersatu untuk menolak pemilihan kepala daerah oleh dprd,True,2025-12-31 09:48:32
facebook,Negatif,7.0,cocok bisa jd lahan baru dpt cuan🤣🤣🤣wes atur saja mumpung negri ini msh berdiri,False,2026-01-07 13:53:21
tiktok,Negatif,7.0,sengaja apa bener lupa...???,False,2026-01-07 14:18:01
tiktok,Positif,7.0,Terima Kasih be sdh bersuara dengan Banua kami,False,2026-01-07 19:03:11
tiktok,Netral,7.0,prasetyo hadi... itu perubahan sistim tp mengembalikan sitim jaman orde baru,False,2025-12-30 19:48:34
facebook,Positif,7.0,Mantap,False,2025-12-31 08:15:27
tiktok,Negatif,7.0,PDIP berkoalisi dgn rakyat itu lbh baik drpd ikutan merampas suara rakyat,False,2026-01-07 16:09:16
tiktok,Negatif,7.0,lah inikan pilihan kalian warga banten yang terhormat😹,False,2025-11-06 18:15:35
tiktok,Netral,7.0,gubernur banten jalan benerin dulu napa proyek mah lancar mulu😭,False,2025-11-06 20:47:42
tiktok,Positif,7.0,"Semakin gagah dan berwibawa kau Abdul Wahid sejak baju oren,pasti warga mu yg di Tntn berbahagia memandang dikau tuanku😁😁😁😁",False,2025-11-06 13:24:50
tiktok,Netral,7.0,Soalnya dia punya karoke koin gtw jdi tiap hri bsa ltihan,False,2026-01-07 15:22:24
tiktok,Netral,7.0,"pantes tembus, favorit ahjusi ahjuma inimah 🥰",False,2026-01-07 15:45:05
tiktok,Positif,7.0,Kata orang korea namanya panjang banget 😭,False,2026-01-07 16:18:43
tiktok,Positif,7.0,suaminya kecintaan banget lagi😭💘,False,2026-01-07 19:46:57
tiktok,Netral,7.0,"salfok sama MC nya nyebut nama kk Nur santi, ""nuroull santi indiri korneawati"" 😭",False,2026-01-07 20:18:35
facebook,Negatif,7.0,"Pemilihan langsung juga tidak menghasilkan pemimpin yang bermutu, tidak masalah jika pemilihan dikembalikan ke DPRD.",False,2025-12-30 03:04:26
facebook,Negatif,7.0,"Mengebiri hak demokrasi dan kedaulatan rakyat. Aturan dibuat bolak balik tergantung kepentingan elit politik, efisiensi menjadi alasan klasik yg justru berpotensi terjadinya KKN.",True,2025-12-30 10:04:26
tiktok,Positif,7.0,I think Thailand is the most humble country all over the world...,False,2025-11-14 22:00:54
tiktok,Negatif,7.0,pak rakyat yang menentukan bukan DPR,False,2026-01-08 14:59:49
facebook,Netral,7.0,Ttp pemilihan langsung biar rakyat bisa melihat langsung,False,2026-01-03 12:57:36
tiktok,Netral,7.0,Helt rätt,False,2025-11-25 01:32:27
tiktok,Netral,7.0,"pintu diem"" bae nih🗿",False,2025-12-05 19:08:20
tiktok,Positif,7.0,PDIP juaranya,False,2026-01-07 20:26:11
tiktok,Netral,7.0,Apakah Demokrat takut kehilangan kursi menteri dan tergiur tawaran jadi wapresnya prabowo ???🤭,True,2026-01-07 21:51:18
facebook,Netral,7.0,Jalan tengah hybrid....dipilih dprd 3 org calon kemudian pemenang dipilih rakyat langsung....,False,2025-12-30 06:04:04
facebook,Positif,7.0,Bagus dari segi biaya lebih murah baik dari sisi pemerintah maupun calon itu sendiri sehingga meminimalkan fikiran calon tatkala menang untuk bisa balik modal disamping itu program dari pusat linier sampai kebawah,False,2025-12-30 12:45:29
facebook,Netral,7.0,Nilai suapnya lebih gede ke kantong pribadi..,False,2025-12-30 05:04:29
facebook,Negatif,7.0,Gak papa biaya banyak kan pake uang negara... Buat apa kita bayar pajak... Tetap dipilih rakyat,False,2025-12-29 11:01:42
facebook,Netral,7.0,"Jangan balik Badan Kalo kamu ingin maju, perbaiki langkah dan caramu untuk maju",False,2025-12-30 04:19:02
tiktok,Positif,7.0,”Jalla”,False,2025-11-25 05:36:15
tiktok,Netral,7.0,this time the governor is not accompanied by his wife,False,2025-11-14 12:22:20
tiktok,Netral,7.0,AYO DUKUNG GIBRAN,False,2026-01-07 18:45:25
tiktok,Negatif,7.0,percayalah jika skrg rakyat diam dan ikut apa keputusan presiden dan partai2 penguasa di parlemen dan daerah maka 2029 tidak akan ada lagi pemilihan presiden pasti Prabowo akan menjadi presiden seumur hidup dgn mengubah lagi UUD di MK dan rakyat tidak bisa berbuat apa2 seperti di kasus nya Gibran... udah ketebak alur cerita nya,False,2026-01-07 17:28:47
tiktok,Netral,7.0,Hahahahaha sa han jalla 😂,False,2025-11-25 03:27:24
tiktok,Positif,7.0,sehat trs bang,False,2026-01-08 12:15:11
facebook,Negatif,7.0,Sudah mulai ada rencana busuk ...,False,2025-12-29 18:51:08
tiktok,Negatif,7.0,"menurut saya ini ada positif y, biar saya bisa nyalahin pemerintahan pusat langsung, gak ada yang ngelak Mana Pemda y 😹😹😹",False,2025-12-30 12:47:56
facebook,Negatif,7.0,"Efisiensi dana itu bagus...setidaknya duit rakyat tidak lagi dihambur2kan para pejabat, elit politik dan pemerintah... Karena setiap kebijakan dan aturan yg dibuat ujung2nya pasti menggunakan dana...dan setiap dana yg turun sudah pasti akan berkurang sebelum program berjalan...apalagi soal Pilkada...apakah perlu dilakukan pemilu....dan itu semua akal2an partai politik...cukup sudah, pemilu itu untuk pilih presiden dan wakilnya ngapain lagi ada pilkada... Dari pada duit untuk Pilkada baik duit itu dibagi balik kerakyat...",False,2025-12-30 01:39:01
tiktok,Netral,7.0,More than Mother,False,2025-11-22 21:17:35
instagram,Negatif,7.0,"Paling masuk akal PDIP, cuman big bos & anaknya tolong di rem yg membuat publik ber-opini negatif",False,2026-01-08 15:02:47
tiktok,Negatif,7.0,beda video beda sound😅,False,2026-01-03 12:09:06
tiktok,Negatif,7.0,"Guys bukan karna dia kaya saja , tapi karna dia TAKUT AKAN TUHAN 🙏🏻🥰",False,2026-01-07 21:32:09
instagram,Negatif,7.0,Pemimpin Itu Lahir Murni Dari Suara Rakyat.. Bukan Dari Suara Para Elit2 Politik 🥱🥱🥱,False,2026-01-01 03:09:31
tiktok,Netral,7.0,the world is watching,False,2026-01-04 12:52:27
tiktok,Netral,7.0,jgn kasih ruang tetep one man one vote,False,2026-01-02 18:26:03
tiktok,Netral,7.0,hes a good guy because usa is behind him,False,2026-01-04 13:56:33
tiktok,Netral,7.0,Venezuela ❌ Iraq 2.0 ✅,False,2026-01-04 17:32:44
tiktok,Positif,7.0,mantap 👍🔥🔥,False,2026-01-02 19:42:25
tiktok,Netral,7.0,America is the dirtiest country in the world 💀,False,2026-01-04 18:26:17
tiktok,Netral,7.0,setahun 1 M busetttttt pantesan kamari dana desa di off ku pak Purbaya pada demo,True,2026-01-07 15:05:03
tiktok,Negatif,7.0,laki gue malesnya ujungnya apesss terus selama kawin😂😂,False,2025-10-11 10:40:44
tiktok,Negatif,7.0,kewajiban sama tapi di anak tirikan😭😭😭,True,2026-01-05 13:05:09
tiktok,Netral,7.0,Nagyon helyes 🥰,False,2025-03-13 04:08:56
tiktok,Netral,7.0,TRUMP IS THE ENEMY,False,2026-01-04 22:53:15
tiktok,Negatif,7.0,"sebenarnya pemerintah tingkat gubernur udah gk di butuhin sih. toh dia gk bsa apa"" . - mau action kalah sama walikota/bupati - mau ngasih wewenang putusan kalah sama pusat. kayak serba nanggung gtu",False,2026-01-05 22:42:27
tiktok,Netral,7.0,"Cek semua SMA,SMK, SMP,, terutama SMPN 2 Leles kab Cianjur pada thn 2021 sd 2022",False,2026-01-06 12:28:17
tiktok,Netral,7.0,Trump should be arrested instead,False,2026-01-05 10:04:17
tiktok,Negatif,7.0,"dulu PDIP waktu BBM naik pada nangis pas dia yang mimpin malah mahal,",False,2026-01-03 08:53:17
tiktok,Negatif,7.0,Goooooosh damnnnnn Shaq looook smalll!,False,2025-10-10 21:47:44
tiktok,Netral,7.0,"rakyat bersatu ,tolak pemilu melalui DPR",True,2026-01-02 20:14:31
tiktok,Positif,7.0,good job sir god always be with you,False,2026-01-05 17:30:20
tiktok,Negatif,7.0,si mul dulu kayaknya ngomong mirip gitu,False,2025-09-25 07:02:18
tiktok,Netral,7.0,"kx apa Nemu pak,men dk d hasil ea",False,2026-01-05 21:26:21
tiktok,Netral,7.0,kepala daerah begini boleh,False,2026-01-07 11:37:49
tiktok,Netral,7.0,"pengurus MBG kota Ternate, ngoni jantong aman🗿🗿🗿🗿",False,2025-10-19 08:21:31
tiktok,Positif,7.0,doaku sehat sllu mas gibran🤲,False,2026-01-02 16:06:58
tiktok,Positif,7.0,"1 tahun pemerintahan, kita bisa liat 2 org hebat (prabowo-gibran) kerja kerasnya gimana, saling mengisi, saling backup 🥺",False,2026-01-05 19:46:24
tiktok,Netral,7.0,Kdd akal banyaki acara supaya kd hujan 🤣🤣,False,2026-01-05 14:53:12
tiktok,Netral,7.0,"Kapten Röd, Victor Leksell ....denna låt ❤️😭😭❤️",False,2025-05-04 18:02:27
tiktok,Netral,7.0,"Trodde inte låten kunde bli bättre, men detta! 🥰",False,2025-05-04 17:18:16
tiktok,Negatif,7.0,"ini orang yang suka memprokasi,,harus di tangkapp",True,2025-12-25 21:26:46
tiktok,Positif,7.0,Gubernur yang paling tegas dan tidak munafik adalah Bu Sherly dan pak Dedi Muliadi,False,2026-01-08 08:30:09
instagram,Positif,7.0,Menyalla🔥🔥👏,False,2026-01-06 11:40:12
tiktok,Positif,7.0,enak jadi TNI ga kerja tapi Dapet gaji tinggi,False,2025-03-18 09:08:49
tiktok,Negatif,7.0,ea ea eaaaa selamat datang kegelapan,False,2026-01-08 11:22:05
tiktok,Netral,7.0,2029 pilih partai yg menolak 👍,True,2026-01-02 20:00:59
tiktok,Negatif,7.0,yg d otak mereka itu apa?? bisanya cuma mengecewakan rakyat,False,2026-01-02 22:29:29
tiktok,Negatif,7.0,waduh waduh.. Wong banten tambah isin ikimah😭,False,2025-10-16 10:11:49
tiktok,Positif,7.0,Ibu gub💗💗,False,2025-02-07 22:20:18
tiktok,Positif,7.0,mantap kader penjaga konstitusi...🤟🤟🤟,False,2026-01-06 22:02:03
tiktok,Positif,7.0,pokoknya KDM bagiku pemimpin terbaik di seluruh Indonesia 🥰🥰🥰👍,False,2026-01-07 17:23:30
tiktok,Netral,7.0,1 btc di beliin cilok ga kebayang jir🗿,False,2025-09-25 20:26:45
tiktok,Netral,7.0,ggup bnget mau jadi negara maju🗿,False,2025-09-27 23:15:37
tiktok,Positif,7.0,tolak tolak tolak tolak tolak tolak 🤟 is the best 🤟,True,2026-01-04 01:35:55
tiktok,Netral,7.0,bybit card🙏,False,2025-09-25 18:18:37
instagram,Negatif,7.0,Hantam mas 🔥🙌,False,2025-12-29 12:19:35
instagram,Negatif,7.0,Makin melenceng dr demokrasi 😏,True,2025-12-23 01:13:50
tiktok,Netral,7.0,panas dingin mens rea Panji Pragiwaksono,False,2026-01-04 18:50:47
tiktok,Netral,7.0,yg hold XRP 😎✌,False,2025-09-25 16:50:16
tiktok,Negatif,7.0,"d ajak rapat mlh sibuk main hp, untung GK d Korea udah d pecat orang kyk gitu",False,2025-09-23 20:41:55
tiktok,Positif,7.0,pak beni pasti bangga punya istri seperti ibu sherly💞💞💞,False,2025-10-10 17:34:53
tiktok,Netral,7.0,"Apa artinya perjuangan reformasi 98,semua di kebiri pemerintahan konoha",False,2026-01-07 09:09:03
tiktok,Netral,7.0,The man who captured Maduro's wife,False,2026-01-05 08:05:45
tiktok,Netral,7.0,ttp pilihan langsung aja,False,2026-01-06 14:32:09
instagram,Negatif,7.0,intnya yang rugi rakyat karena gax dapat serangan Pajar lagi😂😂,False,2025-07-31 15:31:17
tiktok,Netral,7.0,kalo mau murah bisa digitalisasi serta biaya kampanye yg harus di batasi,True,2026-01-06 17:38:43
tiktok,Positif,7.0,"udah cantik, bijaksana lagi 🔥🔥🔥🔥🔥",False,2025-09-21 13:20:47
instagram,Negatif,7.0,"Yg di untungkan Mereke partai penguasa siapapun calon nya tinggal deal-deal politik selesai, siapa pemenang nya pasti partai penguasa 😂😂 ini menurunkan semangat demokrasi yang lahir dari masyarakat yg di pilih langsung oleh mayoritas rakyat di daerah tersebut seperti BPK Anies Baswedan di DKI yg di pilih langsung oleh mayoritas masyarakat DKI Jakarta waktu itu, sepeti pak Ganjar Pranowo terpilih dua periode di Jateng 🔥🔥🔥",True,2025-07-31 14:28:19
tiktok,Netral,7.0,vino kata gue lu ganti tempat ngonten dah😭,False,2026-01-06 15:14:37
tiktok,Negatif,7.0,panas lgi la bio klau da dengar ini 😂😂😂,False,2026-01-01 19:45:23
tiktok,Netral,7.0,UPPPP,False,2026-01-06 00:55:44
tiktok,Negatif,7.0,itulah beda pemimpin dan penguasa,False,2026-01-04 06:02:23
tiktok,Netral,7.0,bisa jadi ujung-ujungnya Presiden dipilih MPR... maka Orde Baru Jilid II.. kembali lagi jadul...,False,2026-01-08 07:13:38
instagram,Negatif,7.0,Kembali kezaman purba 😁😁😁,False,2025-12-30 08:52:05
tiktok,Positif,7.0,demo² kita,True,2025-09-15 16:05:18
instagram,Negatif,7.0,Bolh saj dah tapi rakyat engak bayar pajak dan sebagai sudah gtu,False,2025-12-30 08:24:14
tiktok,Netral,7.0,kog ngak belajar dari kejadian di nepal atau di DPR ya,False,2025-09-15 07:32:10
instagram,Netral,7.0,1998 🔥karma,False,2025-12-30 07:46:45
instagram,Negatif,7.0,Klo rakyat ga ada yg pilih caleg gimana dong,False,2025-12-30 07:25:36
tiktok,Positif,7.0,Ysk Victor luar biasa,False,2025-01-22 17:27:28
tiktok,Netral,7.0,Maaf atas semua ini,False,2026-01-06 09:01:46
tiktok,Negatif,7.0,ini sudah terlalu biadap,False,2026-01-06 11:57:17
tiktok,Netral,7.0,panji cma bisa ngomong doang,False,2026-01-04 15:41:58
tiktok,Positif,7.0,preeeett,False,2025-10-04 07:22:48
tiktok,Positif,7.0,Kang Dedy Top dihati masyarakat,False,2026-01-04 14:19:26
instagram,Negatif,7.0,Ini ga ada yg mau demo menolak apah??,True,2025-12-30 04:15:46
tiktok,Negatif,7.0,"Kada salah tafsir kami bisaai begayaan, tapi ni lain waktunyaaaa !! Pian gubernur pa ai, penyuluhan hdk banyak acara supaya ada pawang hujan. Harusnya simpati sedikit ke korban banjir tu nah, jauh handak mendatangi, peduli sama sekali ja kdeda !!",True,2026-01-06 19:19:23
tiktok,Netral,7.0,terus hasil kerja nya wapres apa,False,2026-01-02 18:10:18
tiktok,Netral,7.0,SALUTE TO YOU GENERAL SIR,False,2026-01-05 17:07:13
tiktok,Netral,7.0,Buka layanan pengaduan bu,False,2025-10-17 21:54:34
tiktok,Negatif,7.0,dibilangin sakit gak percaya pada,False,2026-01-07 22:12:22
tiktok,Netral,7.0,"kdm nyalon ri1,langsung saya coblos",False,2026-01-05 13:23:21
tiktok,Positif,7.0,Gorontalo bangga punya ECKO SHOW 🔥🔥🔥🔥,False,2026-01-02 18:47:22
tiktok,Positif,7.0,kok keren sih...🥰,False,2026-01-01 19:17:44
tiktok,Negatif,7.0,"di Indonesia klu orang jujur, pintar banyak yang tidak suka, karena mereka dak bisa korupsi",False,2026-01-05 16:49:30
tiktok,Positif,7.0,"KDM : pemimpin, kebetulan seorang youtuber. Sepak terjang KDM dr dulu banget selalu Jempol 👍. Youtuber penuh motivasi, edukasi dan solusi. Sama halnya Panji, mgk suatu saat akan jadi seorang pemimpin, dan kebetulan seorang komedian. Sy mengikuti beberapa tayangan Panji, lanjutkan tetap kritis dan ada baiknya temanya disisipkan edukasi, motivasi maupun solusi jg, suatu saat pasti akan jadi Pemimpin Top jg sama halnya KDM maupun Pemimpin2 di Indonesia lainya yg berpihak kpd kepentingan masyarakat. Salam Sehat.",False,2026-01-05 17:31:33
tiktok,Netral,7.0,😂😂😂lah kmri oge ker jdi DPR eweh gawe na😂😂,False,2025-10-20 17:35:50
tiktok,Negatif,7.0,"dia lupa, sebelum klg mul jg ada klg2 yg merusak tatanan demokrasi berani nya cm nyerang Mulyono, giliran yg lain ga berani",True,2025-08-29 13:07:53
instagram,Netral,7.0,Anggaran KPU naik private jet olala~,False,2026-01-07 15:26:27
tiktok,Netral,7.0,maaf fakta tapi kan di pilih rakyat indonesia bang 🤣 ga di pilih langsung,False,2025-08-29 07:25:49
tiktok,Positif,7.0,santai aja bro dedi..,False,2026-01-05 19:16:28
tiktok,Negatif,7.0,"gubernur yg lain adakah kaya gini, saya rasa tidak krna yg lain punya tuannya yg lain 😂😂😂",False,2025-10-17 19:29:06
tiktok,Negatif,7.0,Ternate saja belum apa lagi pulau lain di Malut 😔,False,2025-10-17 19:46:22
tiktok,Negatif,7.0,jasa pak Jokowi GK perna di ungkit2. knp hanya kesalahan nya aja yg di ungkit2,False,2025-08-29 08:35:45
tiktok,Positif,7.0,Stand up komedi yg menurut ku lucu cuma Mongol😁,False,2026-01-06 11:54:05
tiktok,Netral,7.0,All the trump bots in the comments 🤡,False,2025-10-24 04:48:29
tiktok,Netral,7.0,"Si vous avez des collaborations avec des pays européens et qu’ils nous pillent toute nos resources, comment ne pas vouloir aller se chercher là-bas. Effectivement ils resteront là-bas parce qu’ils seront bien payé par rapport au gouvernement africain. Vous nous exploiter tout l’argent pour vous et vous, vous attendez à quoi. Tant qu’il aura l’occasion on va partir tout simplement.",False,2025-07-16 19:03:44
tiktok,Netral,7.0,"pemisahan pemilu nasional dan pemilu lokal yang harus dilakukan tapi pemilu biaya murah tanpa money politik atau baiknya Gubernur di pilih Presiden, Bupati/walikota di pilih Gubernur. DPRD Prov dan Kab/Kota dibubarin aja. BAWASLU & KPU bersifat Ad Hoc. Uangnya dipakai membangun untuk kesejahteraan rakyat🙏.",True,2025-07-30 21:31:58
tiktok,Negatif,7.0,Utk 60.000 siswa duit nya kemana?,False,2025-10-17 20:16:33
tiktok,Negatif,7.0,begini lah kalau emak2 jadi gubernur😭keren bu sherly🥰,False,2025-10-17 20:18:50
tiktok,Negatif,7.0,"tolong yang merasa ibu ini gubernurnya kawal ya, bahaya bgt pasti banyak yang ga suka sama ibu sherly",True,2025-10-17 21:32:31
tiktok,Netral,7.0,nyatanya yg dulu ekonomi merata....,False,2025-08-29 07:40:38
tiktok,Netral,7.0,the real emak2 yg lagi ngoceh... 😁🙏 terlove ibu sherly salam dari kota kendari.. 🥰🫶🫶,False,2025-10-18 06:43:33
tiktok,Negatif,7.0,bayangin dia tiap hari dikerumuni n cape banget itu energi🤣🤣soalnya beda dari gubernur lain. minta waktu dikit aja rakyat gk ngerti,True,2025-06-03 20:13:12
tiktok,Negatif,7.0,"Innalillahi wa innailaihi rojiun, Semoga Viral & Kalimanmtan bisa segera Berbenah, SDA Kalsel Luar biasa melimpah namun dikelola & bukan dimanfaatkan untuk kesejahteraan masyrakatnya melainkan oknum, liat dilapangan yg kaya hanya oknum pemerintahan, warga nya byk dibawah garis kemiskinan, Infrastruktur pun tidak segera dibenahi dari dl sampe skrg akses kemana"" sulit banyak jalanan Rusak & kurang layak apalagi saat Hujan, Lampu jalanan tdk ada Miris",True,2026-01-07 11:11:09
tiktok,Positif,7.0,mau d bikin apapun musiknya kalau sudah tor monitor tetap enak d dengar,False,2026-01-02 05:27:26
tiktok,Netral,7.0,"""begitulah"" langsung pahamm",False,2025-10-17 21:51:08
tiktok,Negatif,7.0,maklum pa..DPRD na keur aroleng duit dana hibah..,False,2025-08-10 08:23:15
instagram,Netral,7.0,Semoga nanti jadi pramugari beneran ya kak,False,2026-01-08 03:35:58
tiktok,Negatif,7.0,"Catat ya , bapak ini sudah memperingatkan.",False,2026-01-05 12:51:51
tiktok,Netral,7.0,di ultiii😂,False,2025-10-17 19:26:18
tiktok,Positif,7.0,pilkada sudah berlalu. beliau mempunyai kapasitas yang sesuai dngn program pemerintah saat ini untuk membantu gubernur kalteng. mari kita dukung sama sama demi kemajuan kalteng 🙏,False,2025-07-02 22:04:25
tiktok,Positif,7.0,bener kata resbob,False,2026-01-05 05:34:45
instagram,Negatif,7.0,Parah tidak sesuai nama mewakili rakyat gimana pak,False,2026-01-08 13:02:57
tiktok,Positif,7.0,Sehat slalu Gubernur idolaku,False,2026-01-05 17:45:07
tiktok,Netral,7.0,Saran wartawan.. brrti kdd niat diri sendiri trjun kemasyarakat😆🤣,False,2026-01-07 09:44:23
tiktok,Netral,7.0,This would be the last chance for the UK. I hope farage won’t screw this up,False,2026-01-05 00:01:49
tiktok,Negatif,7.0,Kita saja sekarang yang pilih DPRD sering di abaikan gimana nanti kalau pilkada di Pilih DPRD.🗿 🤣🤣🤣🤣🤣,False,2026-01-07 10:36:10
tiktok,Negatif,7.0,Gak digaji tp dia yg kendalikan anggaran?😂😂😂,False,2026-01-01 18:01:35
tiktok,Negatif,7.0,MASARAKAT jabar sepakat hancurkan suara si anies Di jabar,False,2026-01-05 13:49:45
tiktok,Netral,7.0,weatherspoons poll,False,2026-01-04 23:59:09
tiktok,Netral,7.0,cek cek terus.nda ada jg hasilnya.paling2 cuman janji doaaang🤣🤣🤣,False,2026-01-07 18:48:16
tiktok,Negatif,7.0,Guys…. We are soooooo fuuucked,False,2026-01-05 09:43:51
tiktok,Netral,7.0,"giliran penyitaan aset dpr gk ada yg mendukung, jgn pilih dpr dprd yg 9, kita satu pilihan pdip aja",False,2026-01-07 05:22:52
tiktok,Negatif,7.0,presiden yg dipilih oleh MPR boleh berkali2 menjabat ? konsepnya gak harus begitu Bu,True,2026-01-07 03:44:45
instagram,Negatif,7.0,"Komeng aja bisa tanpa biaya mahal jadi , kenapa ga niru Komeng aja , apa karna takut ga dapat suara karna ga bagi2 uang sama beras 😂",False,2026-01-07 06:36:57
tiktok,Negatif,6.0,DPRD akan makin kaya.. itulah setingan sebenarnya😂,False,2025-12-30 12:10:36
tiktok,Netral,6.0,"ga gtu jg, mungkin aj itu bisa jd masukan",False,2025-09-14 17:08:29
facebook,Negatif,6.0,Yg masih setuju pilkada langsung itu mereka mereka yg tdk punya hati nurani dan mata hati sehingga tdk perduli dengan segala macam permasalahan yg terjadi disetiap pilkada mungkin saja mereka mereka adalah penikmat dan pemanfaat anggaran pilkada yg cendrung mahal puluhan terliun sehingga tdk perduli lagi dengan sistim pilkada yg benar benar amburadur belum sesuai dengan kondisi negara kita yg sebagian besar strata ekonomi msyarakat kita masih menengah kebawa,False,2026-01-02 22:22:25
tiktok,Netral,6.0,princess kalo jadi gubernur,False,2025-12-30 11:29:00
tiktok,Positif,6.0,"Saya sangat setuju Pak 37 Triliun dialihkan untuk mutu pendidikan . mutu sekolah. mutu pembelajaran dan mutu siswa menyongsong prestasi akademik Dan juga bisa dialihkan untuk membantu perekonomian rakyat yg sangat membutuhkan perhatian pemerintah rakyat bisa sejahtera meski harus tanpa gubernur , walikota dan bupati .",True,2025-12-29 23:07:39
tiktok,Netral,6.0,ingat guys kata kata abuya uci cilongok golkar ... 😅,False,2025-09-11 23:28:13
facebook,Netral,6.0,"Secara umum, pemilihan Kepala Daerah saat ini dilakukan langsung oleh rakyat melalui Pemilihan Kepala Daerah (Pilkada). Sebelum tahun 2005, Kepala Daerah dipilih oleh Dewan Perwakilan Rakyat Daerah (DPRD). Namun, sejak berlakunya Undang-Undang Nomor 32 Tahun 2004 tentang Pemerintahan Daerah, sistemnya berubah menjadi pemilihan langsung oleh rakyat, dan Pilkada pertama kali diselenggarakan pada Juni 2005. Hanya dalam kondisi tertentu, seperti jika terjadi kekosongan jabatan Kepala Daerah selama lebih dari 18 bulan dan sisa masa jabatan cukup panjang, DPRD dapat memilih Kepala Daerah untuk mengisi kekosongan tersebut sesuai dengan Peraturan Pemerintah Nomor 12 Tahun 2018.",False,2026-01-07 06:03:29
tiktok,Netral,6.0,POKOKNYA HARUS D PEMILU D PILIH RAKYAT LANGSUNG !!!,True,2026-01-04 12:37:11
facebook,Negatif,6.0,"Hampir pasti Pak Tu, pileg tertutup hanya nyoblos lambang partai, demokrasi semakin jauh dibumi Indonesia ini, pengangkangan reformasi. Gubernur/bupati/walikota bisa diseting oleh kualisi yg berkuasa.",True,2026-01-08 10:18:34
tiktok,Negatif,6.0,Nyalon jd presiden buk plis 😇,False,2025-09-19 12:45:25
tiktok,Negatif,6.0,gak setuju 100000000000000000000000000% gak setuju nambah ancur loh astaghfirullah ya Allah 😭😭 [sticker],False,2025-12-30 15:11:27
tiktok,Positif,6.0,hanya allah yg maha tau,False,2026-01-08 02:26:58
tiktok,Positif,6.0,"DI PILIH LEWAT DPRD,TIDAK MENJAMIN BIAYA NYA LEBIH AKAN MURAH,KARENA ADA KEPENTINGAN DI DALAM NYA. DAN PARTAI TERBESAR LAH YANG DI UNTUNGKAN SERTA MEMPUNYAI PELUANG MENJADI PEMENANG NYA",False,2025-12-17 18:49:53
tiktok,Netral,6.0,ternyata aslinya begini 😡,False,2025-09-14 20:18:07
tiktok,Negatif,6.0,jangan dpindah hujannya ksini. calap dah pdapuran nah,False,2026-01-08 05:09:49
tiktok,Negatif,6.0,maaf pak beni apa yg meninggal di kapal kecil (atau apa gitu namanya) itu kah? 🙏,False,2025-12-25 20:11:23
tiktok,Netral,6.0,Wish they would get more in Scotland,False,2026-01-05 01:04:19
tiktok,Negatif,6.0,gini nih klo udh kaya tujuh turunan tujuh tanjakan tujuh pengkolan …jdi gk kaget liat uang,False,2025-12-20 10:24:01
tiktok,Netral,6.0,Vous m’avez voté pour vous dire la vérité je suis cuit 🤣🤣🤣😭,False,2025-07-16 21:17:38
tiktok,Negatif,6.0,biadab banget,False,2026-01-06 02:27:10
tiktok,Negatif,6.0,puas salah siapa,False,2025-12-19 15:03:44
tiktok,Netral,6.0,"Harga Tiket Di Bandara Kertajati Terlampau Tinggi.., Di bandingkan Dengan Bandara Soekarno Hatta..",False,2025-02-21 01:28:25
tiktok,Netral,6.0,ad kunjungan kerja di kabupaten merauke pak wapres,False,2025-09-18 17:16:52
tiktok,Netral,6.0,"""yang lain mungkin kurang doa"" 😭😭😭",False,2025-12-07 10:31:24
tiktok,Positif,6.0,UP!!!,False,2026-01-06 00:55:34
tiktok,Positif,6.0,UPPP,False,2026-01-06 00:59:26
tiktok,Netral,6.0,ya Allah [sticker],False,2026-01-06 01:04:03
tiktok,Negatif,6.0,Bu Serly yg lbih pantas JD ketua DPR dr pada puan. turunkan puan Maharani,False,2025-09-21 10:00:54
tiktok,Negatif,6.0,gue tidak tertarik politik praktis. gue lebih tidak tertarik partai Gerindra.,False,2025-12-29 21:48:15
tiktok,Negatif,6.0,"""yang lain mungkin kurang do'a"", deymn!!! cry aing😭",False,2025-12-09 15:39:29
tiktok,Netral,6.0,Pak wali lupa berhadapan dengan perempuan 1000 GB sinyal full,False,2025-12-19 11:29:52
tiktok,Negatif,6.0,yg sy tau hanya PDI ...🤟🤟🤟♥,False,2026-01-08 11:07:56
tiktok,Netral,6.0,sprtny mbuka peluang utk kaesang,False,2026-01-07 20:31:29
tiktok,Negatif,6.0,Panji prestasi lu apa??,False,2026-01-05 19:15:26
facebook,Netral,6.0,"Rubah hja sdh sistem negara ini dengan sistem kerajaan,,, lihat di Jogja kdd pemilihan hinip ae ,,, Kalsel umpat kesultanan Banjar , Kaltim kerajaan Kutai ,,, kd habut pemilu",False,2026-01-06 00:16:23
tiktok,Negatif,6.0,rakyat juga sepakat tidak pilih DPR RI,False,2025-12-30 05:47:14
tiktok,Netral,6.0,setuju untuk memperjelaskan lagi dimana paud berada....,False,2025-12-22 10:43:04
tiktok,Negatif,6.0,"bearti hak rakyat di rampas, trs gk pake tps lg rakyat bakal lebih sengsara lg",False,2026-01-07 14:41:23
tiktok,Negatif,6.0,"Ini menandakan memnghianati demokrasi di negara kira, anggota DPR sebagian besar cari keuntungan tok",True,2026-01-05 13:45:08
tiktok,Negatif,6.0,Rakyat tidak usah pilih DPR,False,2026-01-05 13:06:10
tiktok,Netral,6.0,Le pire il n’as pas tort,False,2025-07-17 09:18:18
tiktok,Netral,6.0,Μητσοτάκης 80%μεχρι τέλους αγόρι μου 🥰🥰🥰🥰🥰🥰,False,2025-09-18 17:15:24
facebook,Negatif,6.0,"Lha wong dpr tidak mewakili rakyat, tapi mewakili partai",False,2026-01-04 10:13:32
tiktok,Netral,6.0,banyak yg cinta KDM... jadi D senggol terus Jawa barat,False,2026-01-05 08:56:52
tiktok,Positif,6.0,pdip bersama rakyat...mantap,False,2026-01-08 17:42:11
threads,Netral,6.0,"Benar, seperti walikota di jakarta dari PNS",False,2026-01-03 06:27:28
tiktok,Netral,6.0,Cuma ibu sherly dan pak purbaya doang yang bisa saya terima sindirannya😭😂🙏🏻,False,2025-12-07 12:17:38
tiktok,Negatif,6.0,saya orang jawa barat kalo dia calonin juga ogah pilih nya 😏😏,False,2026-01-06 00:02:36
tiktok,Negatif,6.0,seperti melihat syahrini di diri orang lain😆,False,2025-12-27 00:18:39
tiktok,Netral,6.0,This is so wrong how can you abduct a person in broad day light...😏,False,2026-01-05 02:36:21
tiktok,Negatif,6.0,negarabini hancur semenjak munculnya jokodok Muldongo... semua lembaga tatanan negara d rusak...,False,2025-12-29 08:13:25
facebook,Negatif,6.0,"Pembangunan Negeri ini tidak boleh melenceng dari sejarah dan cita-cita perjuangan bangsa. Pemerintah dan Negara harus mengerti dan paham terkait nilai-nilai ideologi, agama, budaya, karakter suku-suku Nusantara serta potensi SDM dan SDA yg ada di Negeri ini. Negeri dan bangsa ini kondisinya sedang tidak baik-baik saja. Banyak terjadi kemungkaran, kemaksiatan dan ketidak-adilan Ada 3 masalah mendasar di Negeri ini yang harus diselesaikan secara tuntas yaitu : 1. Perbaikan Sistem Perpolitikan dan Tata Negara (Negara harus kembali ke UUD 1945 yg asli). 2. Penyempurnaan KUHP terkait kriminal berat. 3. Sistem Ekonomi yg menghilangkan riba dan pajak. Jika 3 masalah ini terselesaikan dengan tuntas, maka Bangsa dan Negeri ini akan selamat, adil, makmur dan sejahtera. Indonesia akan menjadi Negara maju.",True,2026-01-08 03:53:35
tiktok,Positif,6.0,"I like him, he’s very humble and kind I can see that",False,2026-01-05 03:18:53
tiktok,Netral,6.0,alasan dikampung gua gk ada yg pilih Prabowo ya ini ya yg dikwatirkan,False,2025-03-21 05:16:28
facebook,Negatif,6.0,1000 tidak setuju ini DPR mau berkuasa sepenuhnya stop DPR 2029,True,2026-01-08 13:54:29
tiktok,Netral,6.0,Presiden di ganti tp aturan di buat oleh mantan presiden 😂😂😂,False,2025-12-29 11:33:26
tiktok,Netral,6.0,"if u have oil and u don't have nuclear bomb, then the oil belongs to America🤔",False,2026-01-05 02:42:59
tiktok,Netral,6.0,jgn d ladenin pak dia lgi nyari makan😂,False,2026-01-05 23:12:55
facebook,Negatif,6.0,Kalau gk brani blak2an bisa2 gk dapat jatah lagi....paham kn...?,False,2026-01-08 08:03:12
tiktok,Netral,6.0,gua aja yg jadi presiden sini,False,2025-03-21 04:58:21
tiktok,Negatif,6.0,lo kerja di mana said,False,2026-01-08 16:51:59
tiktok,Netral,6.0,Maantaap KDM langsung buat solusi Warga Cirebon 😀💪💪👍👍🙏🏼🙏🏼🙏🏼👏👏,False,2025-12-27 23:57:17
tiktok,Negatif,6.0,jangan pilih partai demokrat,True,2026-01-08 21:01:46
tiktok,Negatif,6.0,"biar mudah nipu nipu 🤣,",False,2026-01-05 20:46:22
tiktok,Negatif,6.0,So Venezuela is another Afghanistan? Do they have a weapon of mass destruction as well?,False,2026-01-04 21:24:08
tiktok,Positif,6.0,PKS bersama rakyat 🥰🥰🥰🥰,False,2026-01-08 13:29:46
tiktok,Netral,6.0,remember general aidid vs usa 1993,False,2026-01-04 17:06:40
tiktok,Positif,6.0,wahai kaum 58% ngumpul dong.... katanya bagus kok jadi omon2🤣🤣🤣🤣,False,2025-03-18 16:55:52
tiktok,Negatif,6.0,"gak bosan bosan demo ,bikin macet aja",True,2025-09-04 18:18:19
tiktok,Positif,6.0,Baru satu tahun pak. Tenang aja dikritik jadikan obat utk Semangat. Tunjukkan hasil kerja nanti pak,False,2026-01-05 16:35:46
tiktok,Negatif,6.0,"ok deal, tapi kita 300jt penduduk rakyat Indonesia stop bayar pajak",False,2025-12-07 17:39:09
tiktok,Netral,6.0,indonesia💚💚💚❤️❤️🤝🤝🤝 philippines 💚💚,False,2025-08-30 18:14:22
tiktok,Netral,6.0,PLEASE KEEP SPREADING THIS ‼️our media has been silenced by the government because they don't want this go viral internationally.,False,2025-08-30 21:43:38
tiktok,Positif,6.0,🙏 keren KDM 👍👌🙏 mudah mudahan ke depan lebih memilih mendengarkan rakyat nya ...selalu woookeh,False,2026-01-05 16:17:49
tiktok,Netral,6.0,SEA unite. Support from Vietnam,False,2025-08-30 23:53:51
threads,Positif,6.0,"Sistem politik jaman orba itu paling bagus , asal di hilangkan praktik KKN nya",False,2026-01-02 03:19:36
tiktok,Negatif,6.0,itu masih mending buuu. ditempat saya jalan kayak sawah. bisa ditanemi pisang. EMG bner kata netizen pejabat skrg cuma memperkaya diri,False,2026-01-04 19:14:58
tiktok,Netral,6.0,Ririn 🥰,False,2025-05-30 00:58:48
x,Positif,6.0,Mengokohkan NKRI ke depan. Saya setuju,False,2025-12-20 10:55:38
tiktok,Negatif,6.0,𝙟𝙚𝙢𝙗𝙪𝙩..!!,False,2026-01-04 20:10:43
tiktok,Netral,6.0,"otw pindah ke binance, bybit, dan mexc",False,2025-12-26 19:28:24
tiktok,Negatif,6.0,gimana nih menurut kalian🤔❓,False,2025-12-06 12:43:38
tiktok,Positif,6.0,"mungkin itu salah satu kelebihan bapak gubernur, bisa merangkul lawan menjadi kawan.",False,2025-07-02 22:04:32
tiktok,Negatif,6.0,"Santai pak komedi kok diseriusin, giliran politik di becandain",False,2026-01-05 21:06:07
tiktok,Netral,6.0,"bapak mewakili negara.. saya sebagai rakyat bertanya.. apakah negara sudah hadir berlaku adil kepada warganegara, sesuai UUD 45..",False,2025-01-27 19:28:33
tiktok,Netral,6.0,“Yang penting saya perform” 👍👍👍😁,False,2025-09-14 12:38:57
tiktok,Negatif,6.0,Polisi meneh 😒,False,2025-02-01 19:52:50
tiktok,Positif,6.0,selamat ibu siang malam Torang ba live mendukung ibu dan BPK untuk Maluku Utara maju bangkit dan bermartabat 🙏🎆🫶,False,2025-02-08 14:57:48
tiktok,Positif,6.0,Ibu Sherly & pak Sarbin.....aurah² baik semua. Tuhan berkati Malut ditangan kalian 😇😇,False,2025-02-08 06:28:42
tiktok,Netral,6.0,wk wk wk wk 😂😂😂😂😂😂,False,2025-12-17 13:24:07
tiktok,Netral,6.0,ganti in ketua DPR kita bu. 🥰🥰,False,2025-09-14 18:03:45
x,Negatif,6.0,"Sdh diputus tinggal melaksanakan sj, parpol jngn ngarang bebas & berkreasi lg dg put. MK, just do it! Hormatilah lembaga yudikatif itu tp kl gak mau ngagugu, bubarin aja MK nya! Percuma ada MK🤔🤤",False,2026-01-04 04:40:34
tiktok,Netral,6.0,"selamat atas terpilihnya ibu gub kami, ibu Sherly tjoanda Laos..👍👍👍💪💪💪🙏🌹♥️",False,2025-02-08 00:10:27
tiktok,Negatif,6.0,selama berkuasa PDI-P enggak pernah tuh ngusulin pemilu tidk langsung cukk,False,2026-01-07 04:51:49
tiktok,Netral,6.0,Donald Trump has attacked Venezuela. We strongly protest against it. We condemn it. No civilized nation can kill innocent people indiscriminately like this. America has arrested Nicolas Maduro. We all want justice for this injustice. We do not accept this injustice of America,False,2026-01-04 19:12:14
tiktok,Negatif,6.0,partai lain pada takut kalah sama PDIP..karena PDIP rakyat cinta ....,False,2026-01-08 10:09:13
tiktok,Negatif,6.0,"ada aja gebraganny...lagian kenapa GK d sapa balik/GK usah repot"" tinggal d bls senyum aja gitu",False,2025-06-03 04:31:36
tiktok,Netral,6.0,lướt xuống thấy Quang Hùng :)))))))),False,2025-05-03 09:28:23
tiktok,Positif,6.0,bu rini sudah menyampaikan bagaimana sedihnya seorang guru tidak di hargai pemerintah. semangat bu rini sukses terus🥰,False,2026-01-05 21:39:04
tiktok,Netral,6.0,sehat² ibu gubernur Malut ❤️‍🔥,False,2025-12-23 16:26:54
tiktok,Netral,6.0,"""yg lain mungkin kurang doa""😭😭😭😭😭",False,2025-12-07 08:57:26
tiktok,Netral,6.0,Doa terbaik untuk rekan2 guru Honorer di kab.Gowa semoga segera dilantik menjadi ASN,True,2026-01-05 21:17:04
tiktok,Netral,6.0,Yg lain mungkin kurang doa 😂,False,2025-12-06 06:05:35
tiktok,Negatif,6.0,"waduh, bakal jadi kerajaan korup",False,2025-12-29 18:03:13
tiktok,Netral,6.0,"ulangi dek ""makasi ibu cantik"" 😄",False,2025-12-05 23:37:36
tiktok,Netral,6.0,အိမ်ခွေးကိုက်ရင်ပိုနာတယ်တဲ့ ဒီပို့စ်မှာအိမ်ခွေးများအားတွေ့ရှိ🤣,False,2026-01-04 14:02:18
tiktok,Negatif,6.0,Jelas... mereka ada bukan untuk rakyat.,False,2025-12-30 05:40:35
tiktok,Positif,6.0,Jabar istimewa,False,2026-01-08 09:28:10
tiktok,Negatif,6.0,yang lain mungkin kurang doa😁,False,2025-12-05 21:03:00
tiktok,Negatif,6.0,"tapi lebih baik jadi 1 biar gada scam soalnya kebiasaan apk ngescam coin tiba"" perbaikan eh tau tau turun ga bisa di sell 😭",False,2025-12-06 00:57:52
tiktok,Positif,6.0,u mê,False,2025-10-10 10:54:46
tiktok,Negatif,6.0,heran jug di Kalimantan gudang tambng tapi jalan bnyak yg jelek.,False,2026-01-08 10:32:57
facebook,Negatif,6.0,"Biar mengulangi masa lalu, terjerumus kembali. Sebaiknya DPR. Itu dipilih dari tingkat desa dan bukan pakai KPU. Melewati panitia masing-masing tingkat agar calon tidak berani sepikulasi dg beli suara.karena panitianya tidak ada yg bisa menguasai.",False,2026-01-07 23:47:49
tiktok,Negatif,6.0,exchange luar yang worth it apaan we?🙏,False,2025-12-07 12:55:10
tiktok,Netral,6.0,[sticker],False,2026-01-04 11:56:20
instagram,Netral,6.0,Alasan Ahok pindah ke PDIP 🔥🔥🔥🔥,False,2026-01-08 14:44:49
tiktok,Netral,6.0,gerindra full DNA orba,False,2025-12-29 21:32:00
tiktok,Positif,6.0,KDM cerdas..,False,2026-01-07 05:36:09
tiktok,Netral,6.0,suruh nyayi lagu mati lampu nassar versi korea 😁,False,2026-01-07 21:56:14
tiktok,Netral,6.0,wapres Segacor ini di jadikan bahan lelucon oleh Panji yang di tayangkan di Netflix tetap kawal Gibran,False,2026-01-02 13:23:36
tiktok,Negatif,6.0,saya pun heran hanya mas wapres Gibran yg diserang.... dulu2 yg diserang president wapresnya g kelihatan kerja pun g ada yg nyiyir.... sekarang wapres.... dinyinyirin..... coba ada apa. plonga plongo lah inilah... yg hujat itu coba nyalon jadi bupat saja.... kalau terlalu tinggi RT lah jadi g? katanya yg S1 lah lebih pinter lah.... Indonesia penuh orang pinter... sarjana... tapi ...... tanda tanya........ bisa kerja g?,False,2026-01-02 16:19:11
tiktok,Negatif,6.0,gubernurnya juga harus di pecat karena menonaktifkan kesek 1 cimara,True,2025-10-15 23:57:41
tiktok,Negatif,6.0,"KARNA PEMUKIMAN DI JAWABARAT BEDA SAMA SUMATRA DAN PROVINSI LAIN, KARNA DI JAWABARAT PADAT PEMUKIMAN PENDUDUK",False,2025-12-31 01:09:46
tiktok,Negatif,6.0,Pak Prabowo sbg ortu memimpin sambil ngasih arahan mas Gibran yg muda semangat kerja keras gak pake menye2 .. gasss polll dah duo mauut nii .. 👍,False,2026-01-04 22:41:50
instagram,Negatif,6.0,"kontra nya lebih berbobot, pro nya macam isi septic tank",False,2026-01-06 16:51:56
instagram,Negatif,6.0,Pada takut apa siii sebenernya para elit politik ini? Takut gak punya jabatan? Takut miskin? Gak takut Tuhan ta rek?,False,2026-01-06 23:52:36
tiktok,Netral,6.0,"ucapan baik,,pasti trlahir dri hti yg baik🙏",False,2026-01-07 06:36:41
tiktok,Netral,6.0,paling nanti yang dipilih keluarga keluarga nya 😂,False,2026-01-06 18:26:14
facebook,Negatif,6.0,Dan harus kawal trus agar Ketua Badan Kehormatan DPRD Malaka segera melakukan sanksi kode etik dewan dan mencopot jabatan dia sebagai ketua DPRD malaka. Krna oknum2 tangan besi seperti itu tdk layak mnjadi pemimpin . Satu suara RAPATKAN BARISAN UMUR PANJANG PERJUANGAN✊️✊️✊️ HIDUP MAHASISWA MERDEKAAAAAAAA✊️✊️✊️,True,2025-10-15 21:36:56
tiktok,Netral,6.0,kalau PDIP saya yakin 💯% menolak,True,2026-01-02 20:05:42
tiktok,Negatif,6.0,kita sebagai rakyat arus milih pdip demi menyelamatkan negara,False,2026-01-07 10:14:10
facebook,Negatif,6.0,"saran sy kl Parlemen masih kekeh pilkada mereka yg memilih untuk pilkada, Maka kita ngak perlu milih wakil rakyat sebagai bentuk protes atas kebijakan yg meng kebiri Hak rakyat",False,2026-01-08 10:33:20
tiktok,Negatif,6.0,aduhh aduhhh pantes hutan² di sulap jadi sawit... tidak peduli dengan rumah gajah dan satwa langka lainnya... duh duhh sampai jajaran pemerintahnya juga di tag gak peduli soall kondisi hutan dan satwa nya😄😄😄saveGajahsumaterasavePLgsebanga,False,2025-11-05 19:45:56
tiktok,Negatif,6.0,trus para napi yg hukuman mati & hukuman seumur hidup bagai mana🙄🙄,False,2026-01-04 23:36:28
instagram,Negatif,6.0,Bagaimana pun masih anggaran boros masih banyak yg di korupsi dan di buat bayar buzzer solo😂,False,2026-01-07 08:18:07
tiktok,Netral,6.0,"tujuan Gerinda berkuasa adalah mengembalikan UUD 45 ke naskah aslinya,kalau terwujud Prabowo bakal kaya Suharto",False,2026-01-06 23:11:17
instagram,Positif,6.0,🔥🔥🔥🔥,False,2026-01-06 11:38:43
instagram,Negatif,6.0,Eta gerindra deuih goblog turunkan prabowo gerindra anying,False,2026-01-04 05:49:27
tiktok,Positif,6.0,anaknya gemes bgt😍,False,2026-01-07 19:41:27
tiktok,Negatif,6.0,"👩🏻‍🦰 : Cuman niat Healing + Karaokean, kok jadi menang. 😂",False,2026-01-07 19:07:01
instagram,Netral,6.0,2029 coblos pdip atau demokrat aja 2 pilihan,True,2026-01-02 14:49:07
tiktok,Positif,6.0,PDIP tetap bersama rakyat,False,2026-01-07 18:57:46
tiktok,Netral,6.0,gada gerakan gubernur banten,True,2025-11-06 21:12:49
tiktok,Negatif,6.0,"percaya/tdk asal yg didukung si Somad,klo gak kalah yg didukung yaa yg menang pasti di tangkap🤣🤣sulit dijelaskn dgn kata2🤣🤣",False,2025-11-06 09:30:03
instagram,Positif,6.0,Demokrat Penjaga Demokrasi 🔥🔥🔥🔥,True,2026-01-03 03:09:35
instagram,Netral,6.0,Saya setuju jika di pilih DPRD asal ketika kepala daerah tersebut KORUPSI maka DPRD yang memilihnya berhak mundur dari jabatanya.,False,2026-01-03 11:55:19
tiktok,Negatif,6.0,Udah la... Kembalikan aja ke masyarakat siapa yg menjadi pemimpin daerahnya... Masalh politik uang biar kami yg menikmatinya... dari pada amplop cuma sampai ke anggota DPR... 🤣😂🤣😂..,False,2026-01-01 01:36:07
tiktok,Netral,6.0,Ayuha kaena urusan nya bayar di Akhirat,False,2026-01-07 17:00:59
tiktok,Negatif,6.0,"biarin mogok semua,sekalian biar g naik kelas.kan gampang.",False,2025-10-15 23:15:05
tiktok,Negatif,6.0,"enak banget kalo kepala daerah/DPRD gak dipilih langsung lagi, jadi warisan tuh jabatan ke anak cucu mereka kayak zaman2 dulu🗿",False,2025-12-31 08:00:25
tiktok,Negatif,6.0,"sebenarnya pemerintahan bisa maju, jgn dendam pribadi jgn mudah baper2...saling mengoreksi akan lbh baik dan maju negeri ini. setiap rezim pemerintahan pasti kelemahan dan kelebihannya. jika mau jujur nyaris tdk ada yg sempurna...",False,2025-12-30 21:23:32
tiktok,Netral,6.0,sesepuh trainee tp blm dikasih kesempatan debut😁😁😁😁,False,2026-01-07 13:10:44
tiktok,Negatif,6.0,ih itu suami sama anaknya?😭😍,False,2026-01-07 14:55:04
tiktok,Negatif,6.0,"se extrovert itu, tapi siapa sangka dia intp😭",False,2026-01-07 15:36:25
tiktok,Positif,6.0,anaknya lucu mashaAllah,False,2026-01-07 16:57:42
tiktok,Negatif,6.0,"keknya dia gabut aja deh ngikut , eeehhhh menang 😅😅😅",False,2026-01-07 18:22:07
tiktok,Negatif,6.0,gaya dia kek mr queen dr muka dan gaya petakilan nya.,False,2026-01-07 18:45:03
tiktok,Negatif,6.0,Mulyono lengser ternyata sama saja 😂😂😂😂😂,False,2026-01-07 01:00:12
tiktok,Positif,6.0,cocok utk pejabat yg takut kala,False,2025-12-31 12:43:08
tiktok,Negatif,6.0,warnga negara extrovet dimanapun pasti mencolok 🤣,False,2026-01-08 20:40:19
instagram,Netral,6.0,"Uu perampasan aset ongkon ngesahan , monto Liu ajk koalisi msak sing pragat pragat",False,2026-01-08 07:07:06
tiktok,Positif,6.0,"perasaan kmren baru thn 2021, skrg udah 2025 aja ..cepet bgd 😜",False,2026-01-07 22:06:24
instagram,Netral,6.0,Untuk masalah ini saya PDIP 🔥,False,2026-01-08 12:20:20
facebook,Netral,6.0,Sekalian aja pemilihan dprd semua lewat dprd juga biar adil 😙😂,False,2026-01-07 09:53:32
tiktok,Negatif,6.0,tar diblg fansboy nya tuh video lama 😅,False,2026-01-07 19:59:13
facebook,Negatif,6.0,sing lemu DPRD,False,2026-01-05 12:23:13
facebook,Netral,6.0,TOLAK PILKADA DPRD HADiRKAN KEDAULATAN RAKYAT,True,2026-01-05 05:08:19
facebook,Netral,6.0,"Adian Napitupulu bilang; pilkada langsung mendongkrak perekonomian masyarakat spt usaha percetakan kaos, brosur, spanduk, dan semacamnya. Belum lagi saat kampanye orang membeli makanan dan minuman UMKM, pekerja2 seni dpt kerjaan dan lain sebagainya. Menteri keuangan mengAMINkan pernyataan Adian Napitupulu.",False,2026-01-08 15:24:20
tiktok,Netral,6.0,this is just the start the Republicans are going down in the midterms 😁😁😁😁😁😁,False,2025-10-24 05:48:23
tiktok,Negatif,6.0,kd mengerti lagi sudah Mun 2 kali penyampaian nya . KD msuk lalu,False,2026-01-07 13:57:12
tiktok,Netral,6.0,Kamala was supposed to beat Trump too. I don’t get excited early anymore.,False,2025-10-24 02:21:31
tiktok,Netral,6.0,Astagafirullah pian nih knp bpndrn tesalah trs😭 nnggu info wartawan aja kh kdd keperdulian pribadi🫠,False,2026-01-08 06:57:28
instagram,Positif,6.0,Belgedes,False,2026-01-08 13:15:07
facebook,Positif,6.0,Wis sak karepmu,False,2025-12-31 11:41:25
tiktok,Netral,6.0,he's so,False,2025-10-28 02:37:01
tiktok,Netral,6.0,we can all live together,False,2025-11-22 09:45:29
facebook,Negatif,6.0,BUBARKAN PARPOL PENGKIANAT REFORMASI DAN.DEMOKRASI.,True,2026-01-08 01:27:25
instagram,Positif,6.0,PDIP THE BEST WARAS,False,2026-01-08 15:18:19
tiktok,Negatif,6.0,mahar adek tambah mahal lo mass,False,2026-01-07 17:32:38
instagram,Negatif,6.0,"Kok perbuatan yang melanggar peraturan seperti itu malah didukung ya ? Semangat dsb dst ? Apakah kalau ada org yg menyamar jadi dokter, jadi hakim, jadi polusi dsb juga akan didukung ya ? (Apakah ini benar nilai2 rakyat Indonesia sekarang ?) 😮😲😳",False,2026-01-08 05:25:49
tiktok,Positif,6.0,"kalau saja seluruh indonesia punya gubernur seperti bapak KDM , alangkah indahnya hidup kita seperti tinggal di surga..😁😁😁",False,2026-01-07 11:25:33
tiktok,Netral,6.0,"kira gampang, masyarakat tdk tidur 😅😅",False,2025-11-02 17:21:59
facebook,Negatif,6.0,"Kalau hak demokrasi rakyat dihilanakan, harap semua rakyat tdk akan memilih elit"" yg mencalonkan jadi dpr. Gagasan Prabowo tsb tidak pro rakyat. Nyesal milihnya jadi orang no satu di RI.",True,2026-01-07 01:57:14
tiktok,Negatif,6.0,jangan dikit2 bilang utk rakyat bilang aja utk pejabat pak 😂😂,False,2026-01-01 10:58:26
facebook,Netral,6.0,"Kenapa ada wacana ini dari gerindra , kalau seperti ini partai ini jgn harap dipilih oleh rakyat apalagi masyarakat tdk percaya dgn dpr, coba pemimpin gerindra fokus pada pemberantasan korupsi dan ini yg menjadi tolak ukur oleh rakyat",True,2025-12-31 12:47:15
tiktok,Netral,6.0,Indonesia pewaris budaya Atlantis 🔥🔥,False,2026-01-02 11:04:24
facebook,Negatif,6.0,"LOGIKA AJA DPR jelas setuju semua PILIHAN LEWAT DPR, KLO yg pilih rakyat uang tembakan ke rakyat KLO yg di pilih DPR uang tembakan ke anggota DPR,",False,2025-12-31 12:54:35
tiktok,Netral,6.0,itu lbh bgs meminimalisasi anggaran kl pemilihan dikembalikan ke DPR,False,2025-11-03 06:42:56
tiktok,Netral,6.0,"Halo, apakah stock ini masih tersedia?",False,2026-01-02 20:31:09
facebook,Netral,6.0,"Aturan ttg pemilihan presiden dan wakil yg wacana akan dipilih oleh anggota DPR perlu dipertimbangkan lagi.Dgn aturan ini hilangnya hak rakyat dan hilangnya demokrasi di negara ini.Sementara anggota DPR yg terpilih TDK semua yg punya wawasan kebangsaan yg bagus,ada anggota DPR yg cuma mementingkan kepentingan pertai dan pribadinya sendiri.",True,2026-01-08 00:59:23
instagram,Positif,6.0,"Pasti bangga 58% melihat ini😂..oke gas,oke gas..mana joged anda perlihat kan lah wahai pencinta oke gas😂😂",False,2026-01-08 01:37:40
facebook,Negatif,6.0,Terlalu bahagia dgn jabatan Blm separuh masa jabatan SDH berpikir berkuasa berikutnya . Beri kami kinerja . . . Bukan urus kontestasi politik terus . . 😡,False,2026-01-07 22:50:40
tiktok,Negatif,6.0,asik sekali klau dibikin kyk gini,False,2026-01-02 08:37:30
tiktok,Negatif,6.0,emak gue tuh,False,2025-12-31 20:49:42
tiktok,Negatif,6.0,walau e 😂 season 2 mau anak berapa udah season 3 aja 😂😂😂 . but it's okay gasss keuun🔥🔥🔥🔥 Illya mah kuat² aja,False,2026-01-01 07:48:31
tiktok,Negatif,6.0,mulutku menahan utk mencela mencaci dan memaki,False,2026-01-07 10:48:29
tiktok,Negatif,6.0,minn trailer agz mana min🫴 ko blom muncul sih,False,2026-01-07 14:32:10
instagram,Netral,6.0,Ayo kita dukung pa Supian hadi mencaleg 2029,False,2026-01-08 05:22:44
facebook,Positif,6.0,"Semoga Menjadi Langkah Untuk Kemajuan SIAK, dan Semoga Kicauan Yang Di Suarakan Dapat Bermanfaat Untuk Masyarakat Siak GAS terus Bu 🔥🔥🔥💪🏻💪🏻",False,2026-01-08 02:15:49
tiktok,Negatif,6.0,"baru juga berpa hari udah mau ubah2 tatanan negara aja tu,,,",False,2026-01-03 07:34:13
tiktok,Negatif,6.0,gubernur Banten gimana jantung aman😊😊aman donk pak,False,2025-11-06 18:36:34
tiktok,Netral,6.0,KEDAULATAN ADA DI TANGAN RAKYAT 👍👍👍👍👍👍👍👍 GAZZZZZ TERUZZZZZ👍👍👍,False,2026-01-02 19:25:08
tiktok,Positif,6.0,"Fungsi pohon besar yang berakar tunggang adalah menyerap dan menahan air serta mencegah erosi. Fungsi danau menampung air hujan sehingga tidak langsung turun ke sungai secara cepat. Tambang batubara melakukan land clearing/ pembabatan hutan dengan luas puluhan hingga ratusan hektar untuk PIT & Disposal Perusahaan sawit melakukan land clearing/ pembabatan hutan dgn luas ratusan hingga ribuan hektar, danau danau di buatkan drainase/ saluran air yg di salurkan langsung ke sungai induk maupun sungai kecil. Memang benar yg di katakan oleh pak gubernur banjir di kalsel di sebebkan oleh karena curah huja yang tinggi",False,2026-01-07 18:08:41
facebook,Negatif,6.0,"Tolak Pilkada lewat DPRD ... Pilpres dipilih DPR/MPR jg salah & sesuai Pancasila .... Pilkada lgs sdh dirasakan menjadi sedikit kemewahan demokrasi bg rakyat di daerah"" ... Jangan salahkan rakyat di daerah ... Apakah Parpol & pemerintah pusat mau ambil jg sedikit kemewahan demokrasi bg rakyat di daerah"" ? Pilkada jd mahal & biaya tinggi lbh kr ulah Parpol yg mematok harga kursi DPRD bg calon bupati/calon Walkot... Data lapangan menyebut, 1 kursi DPRD dipatok Rp 250 Jt - 1 M ...",True,2025-12-30 00:22:36
instagram,Netral,6.0,Udah mulai nih satu satu partai ngelempar usulan yg sama.,False,2025-12-30 00:45:57
instagram,Negatif,6.0,"Gilaaa... Hak rakyat di ambil, buat apaan jadi negara demokrasi",True,2025-12-30 02:54:51
facebook,Negatif,6.0,"Pilkada Langsung ongkosnya mahal, keterbelahan di akar rumput jelas terjadi, politik uang merajalela.. Pilkada lewat DPRD politik transaksional sudah pasti terjadi, Tinggal dipilih aja😁",False,2025-12-29 06:42:20
tiktok,Positif,6.0,masuk akal juga bung,False,2026-01-08 08:25:10
instagram,Netral,6.0,yang di inginkan rakyat 58 🔥,False,2025-12-30 04:43:57
tiktok,Positif,6.0,PDIP satu-satunya mewakili suara Rakyat.Ayo kita dukung terus suara PDIP jangan biarkan mereka sendirian Memperjuangkan yg benar.,False,2026-01-08 20:42:33
tiktok,Negatif,6.0,så rätt han har👍👍,False,2025-11-26 00:41:19
facebook,Netral,6.0,"Tdk mungkin pilkada it dipilih oleh DPRD, pasti melalui demokrasi yg dipilih oleh rakyat.",True,2025-12-29 13:55:49
instagram,Negatif,6.0,Bencana nasional,False,2025-12-30 06:59:49
tiktok,Negatif,6.0,duwit bisa mebalikan segalanya,False,2026-01-07 16:47:30
tiktok,Netral,6.0,"Att vara utsatt ingår i paketet, den gruppen kommer alltid känna sig utsatta oavsett hur det ser ut.",False,2025-11-26 05:13:30
tiktok,Netral,6.0,"offer förtryck oftast handlar det om attityd problem, som individen vill tycka synd o. sig själv och lägger bemötandet på något synligt hos denna",False,2025-11-26 04:33:36
tiktok,Netral,6.0,yash mommy💅💅💅,False,2025-11-22 20:50:40
facebook,Negatif,6.0,narasi ini bentuk penolakan rakyat bahwa pilkada di pilih DPRD karena dalih biaya tinggi itu hanya untuk menguatkan argumenya padahal biaya yg sangat tinggi Bacalon itu adalah di partai politik maharnya satu kursi bisa mencapai milyaran,False,2026-01-07 22:57:18
tiktok,Negatif,6.0,Prabowo itu Orang Tulus Ikhlas Serta Jujur & Amanah Apalagi Tidak Suka Pencitraan Sana Sini Seperti Jokowi,False,2026-01-04 11:38:01
tiktok,Positif,6.0,wanita hebat cantik🥰 dan cerdas lagi,False,2025-10-14 14:57:20
tiktok,Negatif,6.0,DPR diam dan akal2an saja...masabodoh dgn rakyat.😳😳😳😳😳😳,True,2026-01-03 21:04:10
tiktok,Netral,6.0,gufron cabang kalsel,False,2026-01-06 23:13:15
tiktok,Negatif,6.0,"Kawa kah me undang Acil Rara kalo"" Sidin bisa me alih akan hujan",False,2026-01-07 20:13:20
tiktok,Netral,6.0,kasian gubernur blokm nya ke dempet dempet 😭😭,False,2026-01-05 12:48:53
instagram,Netral,6.0,Ya DPRD lah,False,2025-07-31 14:17:19
tiktok,Netral,6.0,"Bu serly,pak kdm pejabat yang harus di lindungi semua masyarakat",True,2025-09-24 08:46:37
tiktok,Netral,6.0,setuju lewat dprd.,False,2026-01-06 21:26:35
instagram,Negatif,6.0,"belum selesai bencana Sumatra, da dtg bencana gagasan..🤭",False,2025-12-07 02:40:44
facebook,Netral,6.0,"Setuju ""Kerakyatan yang dipimpin oleh hikmat kebijaksanaan dalam permusyawaratan perwakilan"". Saya menunjuk perwakilan saya yang memenuhi syarat untuk bermusyawarah dan memilih pemimpin di negeri ini sebagai salah satu bentuk pengejawantahan sila ke 4 dari pancasila sebagai dasar negara.",False,2025-12-31 17:02:23
instagram,Netral,6.0,Youtube Tempo ilang😮😮😮,False,2025-12-10 02:28:11
tiktok,Positif,6.0,mantappp warga malut..smoga warga dan daerahnya maju....,False,2025-09-23 21:12:22
tiktok,Positif,6.0,baik jadi rt lebih pas,False,2026-01-06 20:19:14
tiktok,Netral,6.0,nanti bisa beli cilok oake btc,False,2025-09-25 11:28:54
tiktok,Netral,6.0,PDIP emang cocoknya jadi oposisi,False,2026-01-08 08:51:38
tiktok,Positif,6.0,pdip tegak lurus,False,2026-01-08 20:49:43
facebook,Netral,6.0,Masyarakat juga nanti bersatu dri Sabang sampai marauke,True,2025-12-30 05:50:27
instagram,Positif,6.0,Lebih murah lagi kalau rakyat nggak milih legislatif dan partai....,False,2025-12-22 22:50:08
tiktok,Negatif,6.0,ini manusia penipu yg merusak demokrasi UU ukum,True,2026-01-08 10:49:06
tiktok,Negatif,6.0,intinya apa pak? kada faham ulun..,False,2026-01-06 18:05:06
tiktok,Negatif,6.0,Semakin pian jelas kan semakin kurang paham uln solusi banjir pian ni pa ai 😌,False,2026-01-06 19:06:09
tiktok,Netral,6.0,Älskar Jalla 😂,False,2025-11-25 01:58:41
tiktok,Negatif,6.0,"pas ditanya tidak korupsi? (diam sejenak) dalam bahasa psikologi itu menunjukkan ekspresi menyembunyikan kebenaran dengan seolah-olah menjadi bersikap netral, agar tidak lebih banyak ruang ekspresi kebohongan, yang dapat terbaca,.",False,2026-01-06 21:51:13
tiktok,Negatif,6.0,kalo tidak korup knpa jalan tidak di perbaiki,False,2026-01-06 19:40:26
tiktok,Positif,6.0,Hanya PDIP konsisten bersama rakyat,False,2026-01-07 16:12:23
facebook,Negatif,6.0,Kursi sdh 373 ... Tinggal sah kan UU perampasan aset.... Jangan selalu kambing hitamkan PDI..,False,2026-01-07 22:23:02
tiktok,Negatif,6.0,negara kita sekarang otoriter bgt bnyak fakta yg di bungkam,True,2026-01-07 08:29:40
tiktok,Negatif,6.0,"wani taruhan , mun teu korupsi 🤣",False,2026-01-08 22:30:27
tiktok,Netral,6.0,maaf kalau pendapat aku ini akal akalan Kim plus supaya Prabowo bisah jadi presiden selamanya seperti mantan mertua nya Suharto dulu,False,2026-01-03 08:11:24
tiktok,Negatif,6.0,"benar"" muak",False,2026-01-01 11:55:16
instagram,Negatif,6.0,"BIAYANYA GEDE KLO PILKADA LANGSUNG.DARI CALON KEPALA DARRAH BUAT BAYAR SAKSI,AKOMODASI,KAMPANYE.DANANYA BISA PULAHAN MILYAR SEDANGKAN GAJI KEPALA DAERAH BERAPA.BELUM DARI PENYELENGGARA KPU.BUAT NGADAIN PILKADA JUGA BUTUH DANA.MAKANYA BANYAK KEPALA DAERAH TERJERAT KORUPSI ATAU PILKADA DIBIAYAIN SAMA PENGUSAHA DIBELAKANG LAYAR IYA ITU KARENA BIAYANYA TINGGI PEMILIHAN KEPLA DESA AJA 1 CALON BISA 200 JUTA.",False,2026-01-01 04:30:17
tiktok,Negatif,6.0,bagus rakyat ga riweuh sekalian rakyat ga usah milih lagi DPR MPR,False,2025-12-30 17:07:16
facebook,Negatif,6.0,Kita harus bongkar,True,2025-12-30 14:22:12
tiktok,Netral,6.0,sekdes na Kya ggup gtu jawabna Batur MH ktmu jng gubernur siapkan sgla a ieu mhawa awak hungkul sugan mawa data2 dana desa klau mmng bner ngk korupsi,False,2026-01-07 08:11:33
tiktok,Netral,6.0,Bau new orba😳😳😳😳😳😳😳😳😳tetap warga sipil berdaulat hak milih langsung💪💪💪💪💪💪,False,2025-12-30 21:21:32
tiktok,Netral,6.0,pokonya saya tahu...😂😂😂😂,False,2025-11-12 03:07:54
tiktok,Netral,6.0,kabayang pas ngajabat janten Jaksa 😌,False,2025-11-12 14:52:40
tiktok,Negatif,6.0,kasian istrinya,False,2025-11-12 16:56:39
tiktok,Negatif,6.0,ampun si opung aing mah liaaaattt kenyaaalll🤣,False,2025-11-11 05:25:33
tiktok,Negatif,6.0,menyala banteng ku 🤟🤟🤟❤❤❤,False,2026-01-07 16:29:34
tiktok,Negatif,6.0,DPR DPRD DPD kita tidak bakalan pilih mau apa 🙈🙈🙈,False,2025-12-30 20:38:36
instagram,Negatif,6.0,bubarkan Indonesia aja wo mau ngga,False,2026-01-01 05:15:57
tiktok,Negatif,6.0,alasan penghematan bukan sng cara mencabut hak rakyat. apa2an ini,True,2025-12-30 18:15:47
tiktok,Netral,6.0,RK Adili proses hukum,False,2026-01-07 13:57:06
tiktok,Netral,6.0,berdiri di atas kaki sendiri pagub kerja keras😁😎,False,2025-10-11 22:04:31
tiktok,Netral,6.0,jdi selama 1 tahun maapa,False,2026-01-08 04:35:09
tiktok,Netral,6.0,boikot Gerindra secepatnya,False,2025-12-31 22:29:25
tiktok,Netral,6.0,audit we pak,False,2026-01-06 19:01:18
instagram,Netral,6.0,PDIP KLO jadi oposisi JOSSS parah🔥🔥🔥,False,2025-12-30 08:37:03
facebook,Netral,6.0,Bahlil bilang koalisi permanen dan sekarang partai pendukung setuju pemimpin daerah dipilih dprd ...alasannya efisiensi ...padahal arah semua ini adalah melanggengkan kekuasaan...segala cara dipakai biar bisa menjabat terus...,False,2026-01-07 00:26:58
tiktok,Positif,6.0,"ya allah PDIP trkenal partai tua tapi kadernya banyak yg muda"" best👌 & berkualitas ❤️",False,2026-01-07 05:52:03
tiktok,Netral,6.0,2029 GOLPUT,False,2026-01-07 19:44:10
tiktok,Netral,6.0,predilsi prabowo 2030 indonesia bubar semakin dekat,False,2026-01-07 07:05:31
instagram,Negatif,6.0,"Setuju Saja yg penting Jangan Lagi bermain Uang, Supaya kedepan saat Menjabat cuma mau mengabdi dg Tulus",False,2025-12-30 10:34:21
facebook,Negatif,6.0,Semua mengatasnamakan rakyat untuk kepentingan mereka. Inkonsisten Partai perlu jadi evaluasi bagi masyarakat untuk menentukan pilihan partai pilihan kedepannya,False,2026-01-08 03:58:09
tiktok,Negatif,6.0,coba turunbken harga beas na pa tapi kota padi tapk beas na mahal,False,2026-01-07 14:33:20
facebook,Negatif,6.0,"Sebenarnya yg harus dicari adalah: kesesuaian antara bila dipilih langsung maupun tidak langsung. Yaitu: bila dipilih langsung terpilih si A dan bila dipilih secara tak langsung juga terpilih si A, tak terjadi beda pilihan. Mungkinkah ? He..he..he... Langsung maupun tak langsung benarkah sama saja ?; rakyat milih wakil rakyat yg kemudian milih kepala daerah / presiden, maupun rakyat langsung milih kepala daerah / presiden, keduanya di awali dari rakyat. Rakyat adalah kunci awalnya di pilkada, pemilu legislatif dan pilpres, yg milih yg berperan termasuk saat milih pasangan hidup - penceramah dllnya. Bicara keburukan, baik secara langsung maupun tak langsung tetap ada potensi keburukannya: money politic dll; dan masing masing ada kelebihannya. Langsung maupun tak langsung sepanjang alasan/kriteria/tanda yg digunakan PEMILIH (terutama si rakyat maupun si wakil rakyat yg dipilih si rakyat) utk memilih, adalah faktor/variabel yg tak reliabel secara ilmiah yg juga tak dibenarkanNya digunakan utk mengenali seseorang, maka yg terpilih pasti bukan orang yg layak utk diangkat jadi pemimpin yg diridhaiNya. Yg diharapkan tak terpenuhi, apapun caranya. Mengapa harus juga diridhaiNya ? Karena tanpa ridhaNya maka bencana alam tak dijauhiNya darimu sehingga capaianmu yg megah pasti diratakanNya lagi dan lagi, hingga akhirnya dimusnahkanNya negri/kaum/daerahmu. Kecerdasannya, jasa jasanya, anti korupsinya, ilmu yaitu keahliannya, pengalaman termasuk masa lalunya sedetik yg lalu, prilakunya yaitu prilaku buruk maupun baiknya, perkataannya maupun orasinya termasuk visi misi program dan janji janjinya, ibadahnya yaitu salatnya / berdoanya - bacaan / ilmu agamanya dstnya, keturunannya dan ketokohannya, dllnya bukanlah alasan/kriteria/variabel yg reliabel secara ilmiah (silahkan cek dengan penelitian ilmiah) dan bukan tanda/faktor yg digunakan utk mengenali orang yg diridhaiNya yg layak jadi pemimpin (yg berkata islam silahkan cek dgn teliti di Al-qur'an). Bila selama ini gunakan faktor faktor tersebut: he..he..he... nggak benar tuhhh, terutama karena faktor faktor tersebut dapat dimanipulasi (dipoles jadi baik maupun buruk) dan diada-adakan olehnya. Bukankah udah banyak buktinya: ilmu agama sbg kriteria ehh ternyata ilmu agamanya tinggi tapi korupsinya gede. Keahliannya dan pengalamannya serta kecerdasannya jadi persyaratan ehh ahli tapi ternyata urusan bawah udelnya top plus korupsi lagi. Prilaku kamu gunakan sebagai alasan eehh sebelum nikah manjain kamu setelahnya nonjokin kamu. Keturunan digunakan sbg kriteria, waduhh gayanya preman. Alasan / variabel utk memilihnya saja tak benar, mau lewat pemilihan dgn cara / sistem apapun yg terpilih : 11..12. Bukan hanya tak benar secara ilmiah, tapi juga ingkari firmanNya, bukti bahwa tak bisa digunakan utk memilih adalah bukti yg nyata dariNya agar kamu mengerti, tapi kamu butakan - tulikan dan bisukan dirimu. Bila mayoritas rakyat yg milih gunakan variabel/faktor/kriteria / alasan yg benar untuk memilih, maka bila pemimpin dipilih langsung oleh rakyat pasti terpilih yg layak jadi pemimpin lagi diridhaiNya; dan bila tak langsung juga sama saja, karena wakil rakyat yg terpilih adalah seperti rakyat yg memilihnya yaitu milih dgn variabel/alasan/kriteria/tanda yg benar. Ada tanda / variabel yg hasilnya pasti, milih dgn kriteria variabel yg benar maka hasilnya tak mengecewakan. Dgn penelitian ilmiah anda bisa temukan variabel yg reliabel, dan dgn membaca Al-qur'an bagi yg berkata islam bisa nemukan metode mengenali diri dan tanda milikNya (dengannya anda bisa milih dgn benar). Baik dari penelitian ilmiah maupun dari Al-qur'an: Variabel/tanda/alasan utk memilihnya ternyata sama. Dengan demikian harapan terpenuhi. Jadi biarin saja ""yg rebutan utk menang"" pada ngeributin caranya, tak perlu ikutan lalu jadi terkelompokan kemudian saling berbantahan hingga mengancam persatuan dan kerukunan, cukup pahami lalu teruskan ilmu tentang variabel / tanda yg benar yg dpt digunakan untuk memilih yg layak dipilih lagi diridhaiNya. Bila belum mengetahuinya: silahkan lakukanlah penelitian ilmiah seraya pelajarilah dgn teliti ajaran agamamu tentang hal ini. Hak memilih tanpa mengetahui variabel yg reliabel utk memilih hanya hasilkan yg terpilih tak layak pilih. Dari aspek berpikir ilmiah tak pernah berpikir apakah alasan dlm memilihnya benar (reliabel), juga belum pernah menguji alasannya memilih benar ataukah tidak (terpikirpun tidak) melalui penelitian ilmiah. Variabel yg tersebut sebelumnya: tak reliabel. Dari aspek berkeTuhanan, hak memilih tanpa mengetahui sendiri ajaranNya yg murni tentu bisa membuatmu ingkar. Bacalah kitab sucimu olehmu sendiri karena baca perintahNya utkmu, lalu pahamilah ajaran agamamu dlm hal bagaimana memilih orang yg kepadanya Allah ridha, agar kamu tak disiksaNya karena mengingkari firmanNya. Yg milih ingkari firmanNya saat berdemokrasi dan yg terpilih tak diridhaiNya utk jadi pemimpin: berarti berjalan di jalan yg dimurkaiNya. Utk memudahkanmu: Dlm ilmiah disebut variabel, dlm agama disebut tanda milikNya. Dlm ilmiah disebut reliabel dan tanpa penyimpangan (jadi pasti benar), dlm ajaranNya disebut hanya dalam kuasaNya (tak bisa dimanipulasi dan diada-adakan oleh manusia) dan Maha Mengetahui sehingga pasti benar. Mengapa kembalikan ke penelitian ilmiah dan ajaran agama ? Penelitian ilmiah yg benar adalah cara/proses berpikir utk menemukan yg benar, dan ajaran agama tentu harus berisi kebenaran; karena sama sama berujung pada kebenaran maka keduanya harusnya tidaklah saling bertentangan, harus sejalan dan memang sejalan. Mengapa sebaik-baiknya anda sendiri ? karena sejalannya pikiran yg ilmiah dgn ajaran agama bersifat individual, walaupun anda bisa berjalan bersama dgn yg pemahaman ajaran agamanya sepaham denganmu dan yg dibenarkannya sama denganmu di dunia, tapi di akhirat: individual. Bila warga telah paham, lalu dlm memilih gunakan variabel yg reliabel, lagi variabel tersebut tak dapat dimanipulasi maka yg terpilih pasti relatif sama, dipilih langsung si A yg terpilih, dipilih secara tak langsung juga si A yg terpilih, tak ada beda aspirasi. Dlm hal pemilihan anggota legislatif maka yg terpilih relatif sama yaitu orang orang yg tak mengecewakan, semua yg terpilih layak utk dipilih. Apakah saya anti pada pihak tertentu ? Tidak, mari kita fokus pada intinya utk menuju yg lebih baik, yaitu: bagaimana agar yg terpilih memang layak dipilih dgn berpikir teliti dan menyampaikan dgn cara cara yg baik. Pahamilih titik kritisnya: bahwa selama ini selama berpemilu hampir semuanya ingkari firmanNya. Bahwa ada yg ingin langsung dan ada yg ingin tak langsung: 1. Menang dan kalah lebih didahulukan: a). Bila langsung partaimu dan atau partai yg akan kamu dirikan yg berada diluar koalisi masih ada kemungkinan menang di beberapa daerah, sementara bila tak langsung kemungkinannya cuman kalah; b). Sementara bagimu yg dlm koalisi: bila langsung masih mungkin menang di banyak daerah, tapi dgn tak langsung udah pasti menang seluruh pilkada. 2. Hak pilih milikku dan bukan milikku lebih di dahulukan. Saat menang vs kalah dan hak milikku vs bukan milikku didahulukan dari hasil / out put yg harusnya lebih didahulukan: yg terpilih lebih pasti adalah yg diinginkan oleh yg paling punya power untuk mempengaruhi pilihan dgn ""memainkan"" variabel (alasan memilih) yg tak reliabel lagi mengingkari firmanNya, ekonomi anda sulit: mainkan duit - sembako, anda nganggur: mainkan tawaran pekerjaan / visi misi buka banyak pekerjaan, anda religius: mainkan perbaiki rumah ibadah, anda intelektual: mainkan logika ilmu ilmiah, dllnya (bila saja anda mengujinya secara ilmiah dan mengembalikannya ke dlm ajaranNya: anda pasti kaget, faktor faktor itu tak bisa digunakan utk memilih).",True,2026-01-08 00:05:57
tiktok,Netral,6.0,Dan saya harus berani tdk akan saya coblos DPRnya... maaf pak.. sy berani skrg pak,True,2025-12-30 17:06:43
instagram,Negatif,6.0,"Kembali ke jaman orba,terus apa fungsi reformasi 98 kalau begitu",False,2025-12-30 11:33:24
tiktok,Negatif,6.0,Kok demokrasi kita makin mundur? 😭😭😭,True,2026-01-01 08:31:39
tiktok,Negatif,6.0,"pak Ahok apapun yg bpak lakukan utk Konoha psti salah di mata mereka krna mereka TDK bisa korupsi, daging babi haram tpi uang korupsi halal n tetap masuk dyuuurga",False,2026-01-05 06:37:44
tiktok,Negatif,6.0,manut ahok 👍,False,2026-01-03 17:51:38
instagram,Negatif,6.0,Oh ini yang katanya menampung aspirasi itu??,False,2025-12-30 13:56:16
tiktok,Positif,6.0,Ahok pandai dn berintegritas dan punya ketulusan hati untuk rakyat dn NKRI 🇲🇨🇲🇨,False,2026-01-03 06:25:27
tiktok,Negatif,6.0,mauknyaa heh,False,2026-01-07 18:21:56
