type,id,url,twitterUrl,text,source,retweetCount,replyCount,likeCount,quoteCount,viewCount,createdAt,lang,bookmarkCount,isReply,inReplyToId,conversationId,inReplyToUserId,inReplyToUsername,isPinned,author,extendedEntities,card,place,entities,reply_to_user_results,quoted_tweet_results,quoted_tweet,retweeted_tweet,isConversationControlled,searchTermIndex,isQuote
tweet,2008507726905962737,https://x.com/nalar_logis/status/2008507726905962737,https://twitter.com/nalar_logis/status/2008507726905962737,"Nope, saya berbeda pendapat Bila boleh berandai-andai, misalkan saja undang undang pemilihan kepala daerah oleh DPRD tahun 2014 itu tidak dibatalkan melalui mekanisme Perppu oleh presiden, maka pada tahun 2017 gubernur DKI Jakarta akan dipilih oleh DPRD Andaikan tahun 2017 itu gubernur jakarta dipilih oleh DPRD maka kejadian ""pilkada brutal"" di Jakarta tahun 2017 saat itu tidak akan terjadi Andai pilkada brutal di DKI Jakarta tahun 2017 itu tidak terjadi => Tidak akan ada POLARISASI RAKYAT yg begitu merusak yg dampaknya terus berkepanjangan sampai sekarang",,2.0,13.0,0.0,1.0,2676.0,Tue Jan 06 11:55:33 +0000 2026,in,2.0,True,2.008455670451106e+18,2.008455670451106e+18,,,False,"{'type': 'user', 'userName': 'nalar_logis', 'url': 'https://x.com/nalar_logis', 'twitterUrl': 'https://twitter.com/nalar_logis', 'id': '1557182798888198144', 'name': 'logika sederhana', 'isVerified': False, 'isBlueVerified': True, 'profilePicture': 'https://pbs.twimg.com/profile_images/2008469856098861056/FbC2Y3Jy_normal.jpg', 'coverPicture': 'https://pbs.twimg.com/profile_banners/1557182798888198144/1759556544', 'description': '(by default) berprasangka baik namun kritis pada kebijakan  pemerintah, siapapun presiden nya', 'location': 'Jakarta', 'followers': 1439, 'following': 737, 'status': '', 'canDm': True, 'canMediaTag': True, 'createdAt': 'Wed Aug 10 01:52:08 +0000 2022', 'entities': {'description': {'urls': []}, 'url': {}}, 'fastFollowersCount': 0, 'favouritesCount': 1558, 'hasCustomTimelines': True, 'isTranslator': False, 'mediaCount': 88, 'statusesCount': 7894, 'withheldInCountries': [], 'affiliatesHighlightedLabel': {}, 'possiblySensitive': False, 'pinnedTweetIds': ['2005952239416783218'], 'profile_bio': {'description': '(by default) berprasangka baik namun kritis pada kebijakan  pemerintah, siapapun presiden nya'}, 'isAutomated': False, 'automatedBy': None}",{},,{},"{'hashtags': [], 'symbols': [], 'urls': [], 'user_mentions': []}",,,,,False,0.0,
tweet,2007477128678211936,https://x.com/marzukialie_MA/status/2007477128678211936,https://twitter.com/marzukialie_MA/status/2007477128678211936,"Pemilukada bupati/wako/gubernur selalu menjadi perdebatan antara dipilih langsung oleh rakyat dengan pemilihan lewat dprd. Apakah keduanya diperkenankan menurut konstitusi ? Keduanya Konstitusional, artinya pemilihan langsung oleh rakyat atau rakyat memilih anggota dprd, ang dprd",,9.0,22.0,14.0,9.0,27033.0,Sat Jan 03 15:40:19 +0000 2026,in,6.0,False,,2.0074771286782118e+18,,,False,"{'type': 'user', 'userName': 'marzukialie_MA', 'url': 'https://x.com/marzukialie_MA', 'twitterUrl': 'https://twitter.com/marzukialie_MA', 'id': '208784759', 'name': 'Marzuki Alie Dr.H.', 'isVerified': False, 'isBlueVerified': False, 'profilePicture': 'https://pbs.twimg.com/profile_images/1347477419083485185/5qLjpA7p_normal.jpg', 'coverPicture': 'https://pbs.twimg.com/profile_banners/208784759/1434378976', 'description': 'Founder TK - SD - SMP - SMA - UIGM, STEBIS IGM, AL IHSANIA. Inisiator YP3I. https://t.co/k09pbUyV2Q ; https://t.co/pIX0Q17riK ; https://t.co/CK5ZQylQFW', 'location': 'Jakarta - Indonesia', 'followers': 362805, 'following': 884, 'status': '', 'canDm': True, 'canMediaTag': True, 'createdAt': 'Wed Oct 27 23:12:36 +0000 2010', 'entities': {'description': {'urls': []}, 'url': {}}, 'fastFollowersCount': 0, 'favouritesCount': 520, 'hasCustomTimelines': True, 'isTranslator': False, 'mediaCount': 702, 'statusesCount': 31436, 'withheldInCountries': [], 'affiliatesHighlightedLabel': {}, 'possiblySensitive': False, 'pinnedTweetIds': [], 'profile_bio': {'description': 'Founder TK - SD - SMP - SMA - UIGM, STEBIS IGM, AL IHSANIA. Inisiator YP3I. https://t.co/k09pbUyV2Q ; https://t.co/pIX0Q17riK ; https://t.co/CK5ZQylQFW'}, 'isAutomated': False, 'automatedBy': None}",{},,{},"{'hashtags': [], 'symbols': [], 'timestamps': [], 'urls': [], 'user_mentions': []}",,,,,False,0.0,
tweet,2006918661429465564,https://x.com/ucen1jan81/status/2006918661429465564,https://twitter.com/ucen1jan81/status/2006918661429465564,"Setuju PILKADA utk Gubernur dipilih oleh DPRD, Bupati/Walikota pemilihan langsung, Kalau selama dilihat byk kericuhan spt Money politic, Netralitas aparat ASN dan TNI/POLRI, Netralitas penyelenggara KPU dan BAWASLU maka benahi sistem pengawasan dan sanksi seberat beratnya",,0.0,0.0,0.0,0.0,34.0,Fri Jan 02 02:41:10 +0000 2026,in,0.0,False,,2.0069186614294656e+18,,,False,"{'type': 'user', 'userName': 'ucen1jan81', 'url': 'https://x.com/ucen1jan81', 'twitterUrl': 'https://twitter.com/ucen1jan81', 'id': '1932219328985985024', 'name': 'husen', 'isVerified': False, 'isBlueVerified': False, 'profilePicture': 'https://pbs.twimg.com/profile_images/1932219573287407616/m80t0_l-_normal.png', 'coverPicture': '', 'description': '', 'location': '', 'followers': 3, 'following': 100, 'status': '', 'canDm': True, 'canMediaTag': True, 'createdAt': 'Mon Jun 09 23:33:39 +0000 2025', 'entities': {'description': {'urls': []}, 'url': {}}, 'fastFollowersCount': 0, 'favouritesCount': 4, 'hasCustomTimelines': True, 'isTranslator': False, 'mediaCount': 2, 'statusesCount': 50, 'withheldInCountries': [], 'affiliatesHighlightedLabel': {}, 'possiblySensitive': False, 'pinnedTweetIds': [], 'profile_bio': {'description': ''}, 'isAutomated': False, 'automatedBy': None}",{},,{},"{'hashtags': [], 'symbols': [], 'timestamps': [], 'urls': [], 'user_mentions': []}",,,,,False,0.0,
tweet,2006038117590155551,https://x.com/Pejuang_desa001/status/2006038117590155551,https://twitter.com/Pejuang_desa001/status/2006038117590155551,"😆😁, buat analisa yg masuk akal, aku dizaman pemilihan kepala daerah oleh DPRD sudah Menjadi Mahasiswa, pernah jadi tim sukses utama di TINGKAT Daerah mulai dari di pemilihan Presiden, Gubernur dan bupati pemilihan langsung, SETIDAKNYA MENGETAHUI BIAYA YG DIKELUARKAN SANG CALON",,0.0,0.0,0.0,0.0,49.0,Tue Dec 30 16:22:12 +0000 2025,in,0.0,True,2.0056263691249953e+18,2.0055908705657242e+18,,,False,"{'type': 'user', 'userName': 'Pejuang_desa001', 'url': 'https://x.com/Pejuang_desa001', 'twitterUrl': 'https://twitter.com/Pejuang_desa001', 'id': '1858076450039169024', 'name': 'ADAB harus Lebih Tinggi dari Pada ILMU', 'isVerified': False, 'isBlueVerified': False, 'profilePicture': 'https://pbs.twimg.com/profile_images/1969419582688673798/LvTONvF0_normal.jpg', 'coverPicture': '', 'description': '', 'location': '', 'followers': 22, 'following': 85, 'status': '', 'canDm': False, 'canMediaTag': True, 'createdAt': 'Sun Nov 17 09:16:25 +0000 2024', 'entities': {'description': {'urls': []}, 'url': {}}, 'fastFollowersCount': 0, 'favouritesCount': 867, 'hasCustomTimelines': True, 'isTranslator': False, 'mediaCount': 4, 'statusesCount': 1138, 'withheldInCountries': [], 'affiliatesHighlightedLabel': {}, 'possiblySensitive': False, 'pinnedTweetIds': [], 'profile_bio': {'description': ''}, 'isAutomated': False, 'automatedBy': None}",{},,{},"{'hashtags': [], 'symbols': [], 'timestamps': [], 'urls': [], 'user_mentions': [{'id_str': '2993008392', 'name': 'Jejak digital.', 'screen_name': 'ARSIPAJA', 'indices': [0, 9]}]}",,,,,False,0.0,
tweet,2005892013099475390,https://x.com/grok/status/2005892013099475390,https://twitter.com/grok/status/2005892013099475390,"Ya, berita tentang usulan pemilihan gubernur, bupati, dan walikota melalui DPRD memang benar ada. Presiden Prabowo mendukungnya untuk menghemat biaya, didorong Golkar dan Gerindra. Namun, ini masih usulan dan dikritik sebagai kemunduran demokrasi oleh oposisi seperti PDI-P dan aktivis. Diskusi revisi undang-undang baru dimulai 2026. Sumber: CNA, Jakarta Post, dll.",,0.0,0.0,0.0,0.0,30.0,Tue Dec 30 06:41:38 +0000 2025,in,0.0,True,2.0058917800597955e+18,2.0058172607668145e+18,,,False,"{'type': 'user', 'userName': 'grok', 'url': 'https://x.com/grok', 'twitterUrl': 'https://twitter.com/grok', 'id': '1720665183188922368', 'name': 'Grok', 'isVerified': False, 'isBlueVerified': True, 'profilePicture': 'https://pbs.twimg.com/profile_images/1893219113717342208/Vgg2hEPa_normal.jpg', 'coverPicture': 'https://pbs.twimg.com/profile_banners/1720665183188922368/1740213586', 'description': 'https://t.co/fqNKQSiLQB\n@grok it', 'location': 'wherever you are', 'followers': 7338363, 'following': 3, 'status': '', 'canDm': False, 'canMediaTag': True, 'createdAt': 'Sat Nov 04 04:52:34 +0000 2023', 'entities': {'description': {'urls': []}, 'url': {}}, 'fastFollowersCount': 0, 'favouritesCount': 82, 'hasCustomTimelines': True, 'isTranslator': False, 'mediaCount': 7364172, 'statusesCount': 87248045, 'withheldInCountries': [], 'affiliatesHighlightedLabel': {}, 'possiblySensitive': False, 'pinnedTweetIds': ['1955006865332638036'], 'profile_bio': {'description': 'https://t.co/fqNKQSiLQB\n@grok it'}, 'isAutomated': False, 'automatedBy': None}",{},,{},"{'hashtags': [], 'symbols': [], 'urls': [], 'user_mentions': []}",,,,,False,0.0,
tweet,2005859649854042389,https://x.com/PortalTuban/status/2005859649854042389,https://twitter.com/PortalTuban/status/2005859649854042389,"Partai Gerindra mendukung usulan kepala daerah level gubernur hingga bupati/wali kota, dipilih DPRD di masing-masing daerah. Sugiono Sekjen DPP Partai Gerindra, Senin (29/12/2025) mengatakan pemilihan kepala daerah oleh DPRD patut dipertimbangkan.",,0.0,1.0,0.0,0.0,42.0,Tue Dec 30 04:33:02 +0000 2025,in,0.0,False,,2.0058596498540424e+18,,,False,"{'type': 'user', 'userName': 'PortalTuban', 'url': 'https://x.com/PortalTuban', 'twitterUrl': 'https://twitter.com/PortalTuban', 'id': '1940612240513880064', 'name': 'Portal Tuban', 'isVerified': False, 'isBlueVerified': False, 'profilePicture': 'https://pbs.twimg.com/profile_images/2002258704507576320/IECnA8m7_normal.jpg', 'coverPicture': 'https://pbs.twimg.com/profile_banners/1940612240513880064/1751673824', 'description': '', 'location': '', 'followers': 16, 'following': 1, 'status': '', 'canDm': False, 'canMediaTag': True, 'createdAt': 'Thu Jul 03 03:23:38 +0000 2025', 'entities': {'description': {'urls': []}, 'url': {}}, 'fastFollowersCount': 0, 'favouritesCount': 39, 'hasCustomTimelines': True, 'isTranslator': False, 'mediaCount': 408, 'statusesCount': 918, 'withheldInCountries': [], 'affiliatesHighlightedLabel': {}, 'possiblySensitive': False, 'pinnedTweetIds': [], 'profile_bio': {'description': ''}, 'isAutomated': False, 'automatedBy': None}","{'media': [{'display_url': 'pic.x.com/nFuvGWW6m2', 'expanded_url': 'https://x.com/PortalTuban/status/2005859649854042389/video/1', 'id_str': '2005859502760017920', 'indices': [249, 272], 'media_key': '13_2005859502760017920', 'media_url_https': 'https://pbs.twimg.com/amplify_video_thumb/2005859502760017920/img/PZFOXokjryar49uR.jpg', 'type': 'video', 'url': 'https://t.co/nFuvGWW6m2', 'additional_media_info': {'monetizable': False}, 'ext_media_availability': {'status': 'Available'}, 'sizes': {'large': {'h': 1280, 'w': 720, 'resize': 'fit'}, 'medium': {'h': 1200, 'w': 675, 'resize': 'fit'}, 'small': {'h': 680, 'w': 383, 'resize': 'fit'}, 'thumb': {'h': 150, 'w': 150, 'resize': 'crop'}}, 'original_info': {'height': 1280, 'width': 720, 'focus_rects': []}, 'allow_download_status': {'allow_download': True}, 'video_info': {'aspect_ratio': [9, 16], 'duration_millis': 47183, 'variants': [{'content_type': 'application/x-mpegURL', 'url': 'https://video.twimg.com/amplify_video/2005859502760017920/pl/pLU7qRFzBYD8IH3I.m3u8'}, {'bitrate': 632000, 'content_type': 'video/mp4', 'url': 'https://video.twimg.com/amplify_video/2005859502760017920/vid/avc1/320x568/zLlv7h8e9wHgUGNd.mp4'}, {'bitrate': 950000, 'content_type': 'video/mp4', 'url': 'https://video.twimg.com/amplify_video/2005859502760017920/vid/avc1/480x852/6YxML7HRZQQuFpkA.mp4'}, {'bitrate': 2176000, 'content_type': 'video/mp4', 'url': 'https://video.twimg.com/amplify_video/2005859502760017920/vid/avc1/720x1280/9NfmCXWIB5EwRNvj.mp4'}]}, 'media_results': {'result': {'media_key': '13_2005859502760017920'}}}]}",,{},"{'hashtags': [], 'media': [{'display_url': 'pic.x.com/nFuvGWW6m2', 'expanded_url': 'https://x.com/PortalTuban/status/2005859649854042389/video/1', 'id_str': '2005859502760017920', 'indices': [249, 272], 'media_key': '13_2005859502760017920', 'media_url_https': 'https://pbs.twimg.com/amplify_video_thumb/2005859502760017920/img/PZFOXokjryar49uR.jpg', 'type': 'video', 'url': 'https://t.co/nFuvGWW6m2', 'additional_media_info': {'monetizable': False}, 'ext_media_availability': {'status': 'Available'}, 'sizes': {'large': {'h': 1280, 'w': 720, 'resize': 'fit'}, 'medium': {'h': 1200, 'w': 675, 'resize': 'fit'}, 'small': {'h': 680, 'w': 383, 'resize': 'fit'}, 'thumb': {'h': 150, 'w': 150, 'resize': 'crop'}}, 'original_info': {'height': 1280, 'width': 720, 'focus_rects': []}, 'allow_download_status': {'allow_download': True}, 'video_info': {'aspect_ratio': [9, 16], 'duration_millis': 47183, 'variants': [{'content_type': 'application/x-mpegURL', 'url': 'https://video.twimg.com/amplify_video/2005859502760017920/pl/pLU7qRFzBYD8IH3I.m3u8'}, {'bitrate': 632000, 'content_type': 'video/mp4', 'url': 'https://video.twimg.com/amplify_video/2005859502760017920/vid/avc1/320x568/zLlv7h8e9wHgUGNd.mp4'}, {'bitrate': 950000, 'content_type': 'video/mp4', 'url': 'https://video.twimg.com/amplify_video/2005859502760017920/vid/avc1/480x852/6YxML7HRZQQuFpkA.mp4'}, {'bitrate': 2176000, 'content_type': 'video/mp4', 'url': 'https://video.twimg.com/amplify_video/2005859502760017920/vid/avc1/720x1280/9NfmCXWIB5EwRNvj.mp4'}]}, 'media_results': {'result': {'media_key': '13_2005859502760017920'}}}], 'symbols': [], 'timestamps': [], 'urls': [], 'user_mentions': []}",,,,,False,0.0,
tweet,2005810337938026663,https://x.com/herry_zudianto/status/2005810337938026663,https://twitter.com/herry_zudianto/status/2005810337938026663,"Pemilihan Kepala Daerah tingkat Kota / Kabupaten terbaik tetap pemilihan langsung oleh rakyat. Untuk Pemilihan Gubernur, dipilih oleh DPRD Propinsi. 2 model tsb paling sesuai dgn semangat otonomi satu sisi, dan sisi lain Pemerintah Propinsi sbg perpanjangan tangan Pemerintah Pusat.",,1.0,0.0,28.0,0.0,11775.0,Tue Dec 30 01:17:05 +0000 2025,in,1.0,True,2.0056541209010179e+18,2.0056541209010179e+18,,,False,"{'type': 'user', 'userName': 'herry_zudianto', 'url': 'https://x.com/herry_zudianto', 'twitterUrl': 'https://twitter.com/herry_zudianto', 'id': '170171658', 'name': 'kang herry z', 'isVerified': False, 'isBlueVerified': True, 'profilePicture': 'https://pbs.twimg.com/profile_images/1304308179006701575/CJCgCqpA_normal.jpg', 'coverPicture': 'https://pbs.twimg.com/profile_banners/170171658/1407313331', 'description': 'Walikota Yogyakarta 2001-2011; Pembina BW UII; BPH UAD;  Founder Margaria Grup; BHACA AWARD 2010.\n #Urip Iku Tansah Urup', 'location': 'Kota Jogja,DIY,Indonesia', 'followers': 33779, 'following': 726, 'status': '', 'canDm': True, 'canMediaTag': False, 'createdAt': 'Sat Jul 24 03:20:54 +0000 2010', 'entities': {'description': {'urls': []}, 'url': {}}, 'fastFollowersCount': 0, 'favouritesCount': 7603, 'hasCustomTimelines': True, 'isTranslator': False, 'mediaCount': 1705, 'statusesCount': 27820, 'withheldInCountries': [], 'affiliatesHighlightedLabel': {}, 'possiblySensitive': False, 'pinnedTweetIds': [], 'profile_bio': {'description': 'Walikota Yogyakarta 2001-2011; Pembina BW UII; BPH UAD;  Founder Margaria Grup; BHACA AWARD 2010.\n #Urip Iku Tansah Urup'}, 'isAutomated': False, 'automatedBy': None}",{},,{},"{'hashtags': [], 'symbols': [], 'urls': [], 'user_mentions': []}",,,,,False,0.0,
tweet,2005569557902328246,https://x.com/Melihat_Indo/status/2005569557902328246,https://twitter.com/Melihat_Indo/status/2005569557902328246,"Partai Gerindra menyatakan dukungan terhadap usulan agar kepala daerah gubernur, bupati, dan wali kota dipilih oleh Dewan Perwakilan Rakyat Daerah (DPRD) karena dinilai lebih efisien dibanding pemilihan langsung. Sekretaris Jenderal Partai Gerindra, Sugiono, mengatakan, “Gerindra ada dalam posisi mendukung upaya ataupun rencana untuk melaksanakan pemilukada ini oleh DPRD di tingkat bupati, wali kota ataupun di tingkat gubernur,” dalam keterangannya, Senin (29/12/2025). Sugiono menilai skema pemilihan oleh DPRD lebih efisien dari berbagai sisi, termasuk proses penjaringan kandidat, mekanisme pemilihan, penggunaan anggaran, dan ongkos politik. Ia mencontohkan, dana hibah dari APBD untuk pilkada 2015 mencapai hampir Rp7 triliun dan meningkat menjadi lebih dari Rp37 triliun pada 2024. “merupakan jumlah yang bisa digunakan untuk hal-hal lain yang sifatnya lebih produktif, upaya-upaya peningkatan kesejahteraan dan ekonomi rakyat. Saya kira ini adalah sesuatu yang perlu kita pertimbangkan,” ujar Sugiono. Selain soal anggaran, Sugiono juga menyoroti biaya kampanye yang mahal sebagai hambatan bagi figur kompeten menjadi kepala daerah. “Biaya kampanye untuk seorang calon kepala daerah, kita terbuka saja, itu angkanya prohibitif. Mahal. Dan ini yang juga kita harus evaluasi… supaya orang-orang yang benar-benar memiliki kemampuan mengabdi… bisa maju tanpa harus dihalang-halangi oleh angka dan biaya kampanye yang luar biasa,” sambungnya. Sugiono menegaskan bahwa pilkada oleh DPRD tidak menghilangkan esensi demokrasi karena anggota DPRD adalah wakil rakyat yang dipilih langsung melalui pemilu, bahkan dapat diawasi langsung oleh masyarakat dengan lebih ketat. Selengkapnya di Melihat Indonesia kepaladaerah dprd pilkada gerindra melihatindonesia",,0.0,0.0,0.0,0.0,209.0,Mon Dec 29 09:20:18 +0000 2025,in,1.0,False,,2.0055695579023283e+18,,,False,"{'type': 'user', 'userName': 'Melihat_Indo', 'url': 'https://x.com/Melihat_Indo', 'twitterUrl': 'https://twitter.com/Melihat_Indo', 'id': '48359478', 'name': 'Melihat Indonesia', 'isVerified': False, 'isBlueVerified': True, 'profilePicture': 'https://pbs.twimg.com/profile_images/1672038671456022528/2rsFJQ3n_normal.jpg', 'coverPicture': 'https://pbs.twimg.com/profile_banners/48359478/1748519459', 'description': 'Mengerti itu harus membaca', 'location': 'Indonesia', 'followers': 69340, 'following': 69, 'status': '', 'canDm': True, 'canMediaTag': True, 'createdAt': 'Thu Jun 18 14:08:09 +0000 2009', 'entities': {'description': {'urls': []}, 'url': {}}, 'fastFollowersCount': 0, 'favouritesCount': 2109, 'hasCustomTimelines': True, 'isTranslator': False, 'mediaCount': 5581, 'statusesCount': 23008, 'withheldInCountries': [], 'affiliatesHighlightedLabel': {}, 'possiblySensitive': False, 'pinnedTweetIds': [], 'profile_bio': {'description': 'Mengerti itu harus membaca'}, 'isAutomated': False, 'automatedBy': None}","{'media': [{'display_url': 'pic.x.com/k2zMhfUpn9', 'expanded_url': 'https://x.com/Melihat_Indo/status/2005569557902328246/photo/1', 'id_str': '2005569530257608704', 'indices': [274, 297], 'media_key': '3_2005569530257608704', 'media_url_https': 'https://pbs.twimg.com/media/G9U23J9aEAAU35q.jpg', 'type': 'photo', 'url': 'https://t.co/k2zMhfUpn9', 'ext_media_availability': {'status': 'Available'}, 'features': {'large': {'faces': [{'x': 580, 'y': 805, 'h': 272, 'w': 272}]}, 'medium': {'faces': [{'x': 464, 'y': 644, 'h': 217, 'w': 217}]}, 'small': {'faces': [{'x': 262, 'y': 364, 'h': 123, 'w': 123}]}, 'orig': {'faces': [{'x': 580, 'y': 805, 'h': 272, 'w': 272}]}}, 'sizes': {'large': {'h': 1500, 'w': 1200, 'resize': 'fit'}, 'medium': {'h': 1200, 'w': 960, 'resize': 'fit'}, 'small': {'h': 680, 'w': 544, 'resize': 'fit'}, 'thumb': {'h': 150, 'w': 150, 'resize': 'crop'}}, 'original_info': {'height': 1500, 'width': 1200, 'focus_rects': [{'x': 0, 'y': 226, 'w': 1200, 'h': 672}, {'x': 0, 'y': 0, 'w': 1200, 'h': 1200}, {'x': 0, 'y': 0, 'w': 1200, 'h': 1368}, {'x': 262, 'y': 0, 'w': 750, 'h': 1500}, {'x': 0, 'y': 0, 'w': 1200, 'h': 1500}]}, 'media_results': {'result': {'media_key': '3_2005569530257608704'}}}]}",,{},"{'hashtags': [{'indices': [1741, 1754], 'text': 'kepaladaerah'}, {'indices': [1755, 1760], 'text': 'dprd'}, {'indices': [1761, 1769], 'text': 'pilkada'}, {'indices': [1770, 1779], 'text': 'gerindra'}, {'indices': [1780, 1797], 'text': 'melihatindonesia'}], 'symbols': [], 'urls': [{'display_url': 'facebook.com/share/p/1CCg3G…', 'expanded_url': 'https://www.facebook.com/share/p/1CCg3GmMJq/', 'url': 'https://t.co/nO1dPFx7ZM', 'indices': [1716, 1739]}], 'user_mentions': []}",,,,,False,0.0,
tweet,2005554710267531460,https://x.com/icatwps/status/2005554710267531460,https://twitter.com/icatwps/status/2005554710267531460,"SUARA RAKYAT, SUARA TUHAN ! VOX POPULI, VOX DEI ! MENOLAK Gubernur Walikota Bupati dipilih lewat mekanisme pemilihan kepala daerah Pilkada oleh DPRD Provinsi Kota Kabupaten TOLAK PILKADA LEWAT GEDUNG DPRD ! DUKUNG PILKADA SECARA LANGSUNG !",,0.0,0.0,1.0,0.0,64.0,Mon Dec 29 08:21:18 +0000 2025,in,0.0,False,,2.0055547102675315e+18,,,False,"{'type': 'user', 'userName': 'icatwps', 'url': 'https://x.com/icatwps', 'twitterUrl': 'https://twitter.com/icatwps', 'id': '222384836', 'name': 'Richard WP Simbolon', 'isVerified': False, 'isBlueVerified': False, 'profilePicture': 'https://pbs.twimg.com/profile_images/1985269073551536128/A2JvJZ4A_normal.jpg', 'coverPicture': 'https://pbs.twimg.com/profile_banners/222384836/1668765453', 'description': '|| WNI Biasa 💝☮️ || Berusaha Adil Sejak Dalam Pikiran! || Maju Terus Menuju Kemenangan || Golongan Darah 🅱️ Rhesus ➕️ || #GensUnaSumus #ProEcclesiaEtPatria ||', 'location': 'Deli Serdang, Sumatera Utara', 'followers': 1561, 'following': 802, 'status': '', 'canDm': False, 'canMediaTag': True, 'createdAt': 'Fri Dec 03 07:50:23 +0000 2010', 'entities': {'description': {'urls': []}, 'url': {}}, 'fastFollowersCount': 0, 'favouritesCount': 37098, 'hasCustomTimelines': True, 'isTranslator': False, 'mediaCount': 4379, 'statusesCount': 52381, 'withheldInCountries': [], 'affiliatesHighlightedLabel': {}, 'possiblySensitive': False, 'pinnedTweetIds': ['1790218546590650750'], 'profile_bio': {'description': '|| WNI Biasa 💝☮️ || Berusaha Adil Sejak Dalam Pikiran! || Maju Terus Menuju Kemenangan || Golongan Darah 🅱️ Rhesus ➕️ || #GensUnaSumus #ProEcclesiaEtPatria ||'}, 'isAutomated': False, 'automatedBy': None}","{'media': [{'display_url': 'pic.x.com/QNWdlKtP4n', 'expanded_url': 'https://x.com/icatwps/status/2005554710267531460/photo/1', 'id_str': '2005554699467210752', 'indices': [278, 301], 'media_key': '3_2005554699467210752', 'media_url_https': 'https://pbs.twimg.com/media/G9UpX49bwAAWOLi.jpg', 'type': 'photo', 'url': 'https://t.co/QNWdlKtP4n', 'ext_media_availability': {'status': 'Available'}, 'features': {'large': {'faces': [{'x': 470, 'y': 485, 'h': 47, 'w': 47}]}, 'medium': {'faces': [{'x': 417, 'y': 431, 'h': 41, 'w': 41}]}, 'small': {'faces': [{'x': 236, 'y': 244, 'h': 23, 'w': 23}]}, 'orig': {'faces': [{'x': 470, 'y': 485, 'h': 47, 'w': 47}]}}, 'sizes': {'large': {'h': 1350, 'w': 1080, 'resize': 'fit'}, 'medium': {'h': 1200, 'w': 960, 'resize': 'fit'}, 'small': {'h': 680, 'w': 544, 'resize': 'fit'}, 'thumb': {'h': 150, 'w': 150, 'resize': 'crop'}}, 'original_info': {'height': 1350, 'width': 1080, 'focus_rects': [{'x': 0, 'y': 745, 'w': 1080, 'h': 605}, {'x': 0, 'y': 270, 'w': 1080, 'h': 1080}, {'x': 0, 'y': 119, 'w': 1080, 'h': 1231}, {'x': 0, 'y': 0, 'w': 675, 'h': 1350}, {'x': 0, 'y': 0, 'w': 1080, 'h': 1350}]}, 'media_results': {'result': {'media_key': '3_2005554699467210752'}}}]}",,{},"{'hashtags': [{'indices': [77, 86], 'text': 'Gubernur'}, {'indices': [87, 96], 'text': 'Walikota'}, {'indices': [97, 104], 'text': 'Bupati'}, {'indices': [153, 161], 'text': 'Pilkada'}, {'indices': [167, 172], 'text': 'DPRD'}, {'indices': [173, 182], 'text': 'Provinsi'}, {'indices': [183, 188], 'text': 'Kota'}, {'indices': [189, 199], 'text': 'Kabupaten'}], 'media': [{'display_url': 'pic.x.com/QNWdlKtP4n', 'expanded_url': 'https://x.com/icatwps/status/2005554710267531460/photo/1', 'id_str': '2005554699467210752', 'indices': [278, 301], 'media_key': '3_2005554699467210752', 'media_url_https': 'https://pbs.twimg.com/media/G9UpX49bwAAWOLi.jpg', 'type': 'photo', 'url': 'https://t.co/QNWdlKtP4n', 'ext_media_availability': {'status': 'Available'}, 'features': {'large': {'faces': [{'x': 470, 'y': 485, 'h': 47, 'w': 47}]}, 'medium': {'faces': [{'x': 417, 'y': 431, 'h': 41, 'w': 41}]}, 'small': {'faces': [{'x': 236, 'y': 244, 'h': 23, 'w': 23}]}, 'orig': {'faces': [{'x': 470, 'y': 485, 'h': 47, 'w': 47}]}}, 'sizes': {'large': {'h': 1350, 'w': 1080, 'resize': 'fit'}, 'medium': {'h': 1200, 'w': 960, 'resize': 'fit'}, 'small': {'h': 680, 'w': 544, 'resize': 'fit'}, 'thumb': {'h': 150, 'w': 150, 'resize': 'crop'}}, 'original_info': {'height': 1350, 'width': 1080, 'focus_rects': [{'x': 0, 'y': 745, 'w': 1080, 'h': 605}, {'x': 0, 'y': 270, 'w': 1080, 'h': 1080}, {'x': 0, 'y': 119, 'w': 1080, 'h': 1231}, {'x': 0, 'y': 0, 'w': 675, 'h': 1350}, {'x': 0, 'y': 0, 'w': 1080, 'h': 1350}]}, 'media_results': {'result': {'media_key': '3_2005554699467210752'}}}], 'symbols': [], 'timestamps': [], 'urls': [], 'user_mentions': [{'id_str': '153407983', 'name': 'PDI Perjuangan', 'screen_name': 'PDI_Perjuangan', 'indices': [53, 68]}, {'id_str': '211415705', 'name': 'DPR RI', 'screen_name': 'DPR_RI', 'indices': [270, 277]}]}",,,,,False,0.0,
tweet,2002186340750987396,https://x.com/kompascom/status/2002186340750987396,https://twitter.com/kompascom/status/2002186340750987396,"Ketua Umum (Ketum) Partai Kebangkitan Bangsa (PKB) Muhaimin Iskandar mengungkapkan wacana gubernur dipilih oleh Presiden. Sedangkan pemilihan kepala daerah oleh DPRD. ""Gubernur dipilih presiden, dan kepala daerah dipilih DPRD,"" kata pria yang karib disapa Cak Imin itu. Baca di: | CakImin Gubernur Presiden",,10.0,108.0,49.0,33.0,17782.0,Sat Dec 20 01:16:37 +0000 2025,in,6.0,False,,2.0021863407509875e+18,,,False,"{'type': 'user', 'userName': 'kompascom', 'url': 'https://x.com/kompascom', 'twitterUrl': 'https://twitter.com/kompascom', 'id': '23343960', 'name': 'Kompas.com', 'isVerified': False, 'isBlueVerified': True, 'profilePicture': 'https://pbs.twimg.com/profile_images/1577144849437888514/d9x3nKN8_normal.jpg', 'coverPicture': 'https://pbs.twimg.com/profile_banners/23343960/1664855609', 'description': 'Jernih Melihat Dunia | Berita Indonesia Terkini, Akurat, dan Terpercaya', 'location': 'Jakarta', 'followers': 7787160, 'following': 26, 'status': '', 'canDm': True, 'canMediaTag': False, 'createdAt': 'Sun Mar 08 19:32:04 +0000 2009', 'entities': {'description': {'urls': []}, 'url': {}}, 'fastFollowersCount': 0, 'favouritesCount': 149, 'hasCustomTimelines': True, 'isTranslator': False, 'mediaCount': 129887, 'statusesCount': 2724744, 'withheldInCountries': [], 'affiliatesHighlightedLabel': {}, 'possiblySensitive': False, 'pinnedTweetIds': [], 'profile_bio': {'description': 'Jernih Melihat Dunia | Berita Indonesia Terkini, Akurat, dan Terpercaya'}, 'isAutomated': False, 'automatedBy': None}","{'media': [{'display_url': 'pic.x.com/aR5ArchgYI', 'expanded_url': 'https://x.com/kompascom/status/2002186340750987396/photo/1', 'id_str': '2002186312515006466', 'indices': [279, 302], 'media_key': '3_2002186312515006466', 'media_url_https': 'https://pbs.twimg.com/media/G8kx19ubMAIOvlu.jpg', 'type': 'photo', 'url': 'https://t.co/aR5ArchgYI', 'ext_media_availability': {'status': 'Available'}, 'features': {'large': {'faces': [{'x': 338, 'y': 243, 'h': 256, 'w': 256}]}, 'medium': {'faces': [{'x': 338, 'y': 243, 'h': 256, 'w': 256}]}, 'small': {'faces': [{'x': 212, 'y': 153, 'h': 161, 'w': 161}]}, 'orig': {'faces': [{'x': 338, 'y': 243, 'h': 256, 'w': 256}]}}, 'sizes': {'large': {'h': 1080, 'w': 1080, 'resize': 'fit'}, 'medium': {'h': 1080, 'w': 1080, 'resize': 'fit'}, 'small': {'h': 680, 'w': 680, 'resize': 'fit'}, 'thumb': {'h': 150, 'w': 150, 'resize': 'crop'}}, 'original_info': {'height': 1080, 'width': 1080, 'focus_rects': [{'x': 0, 'y': 475, 'w': 1080, 'h': 605}, {'x': 0, 'y': 0, 'w': 1080, 'h': 1080}, {'x': 0, 'y': 0, 'w': 947, 'h': 1080}, {'x': 27, 'y': 0, 'w': 540, 'h': 1080}, {'x': 0, 'y': 0, 'w': 1080, 'h': 1080}]}, 'media_results': {'result': {'media_key': '3_2002186312515006466'}}}]}",,{},"{'hashtags': [{'indices': [310, 318], 'text': 'CakImin'}, {'indices': [319, 328], 'text': 'Gubernur'}, {'indices': [329, 338], 'text': 'Presiden'}], 'symbols': [], 'urls': [{'display_url': 'surabaya.kompas.com/read/2025/12/2…', 'expanded_url': 'https://surabaya.kompas.com/read/2025/12/20/060200678/cak-imin-ungkap-wacana-gubernur-dipilih-presiden-kepala-daerah-dipilih-dprd', 'url': 'https://t.co/1YJLw66m8B', 'indices': [282, 305]}], 'user_mentions': []}",,,,,False,0.0,
tweet,1987126601298198536,https://x.com/ceritapolitisi/status/1987126601298198536,https://twitter.com/ceritapolitisi/status/1987126601298198536,"Pemilihan kepala daerah nggak selalu harus langsung. Bahlil Lahadalia menilai, opsi pemilihan gubernur oleh DPRD juga sah dan konstitusional. Yang penting, demokrasi tetap berjalan dan pemerintahan daerah makin efektif. BahlilLahadalia ESDM Golkar PrabowoGibran",,0.0,0.0,0.0,0.0,42.0,Sat Nov 08 11:54:35 +0000 2025,in,0.0,False,,1.9871266012981985e+18,,,False,"{'type': 'user', 'userName': 'ceritapolitisi', 'url': 'https://x.com/ceritapolitisi', 'twitterUrl': 'https://twitter.com/ceritapolitisi', 'id': '2250797574', 'name': 'Cerita Politisi', 'isVerified': False, 'isBlueVerified': False, 'profilePicture': 'https://pbs.twimg.com/profile_images/1943602977908105216/pEagFGHS_normal.jpg', 'coverPicture': 'https://pbs.twimg.com/profile_banners/2250797574/1752226046', 'description': 'Cerita Tentang Sosok Politisi', 'location': '', 'followers': 34, 'following': 4, 'status': '', 'canDm': False, 'canMediaTag': True, 'createdAt': 'Tue Dec 17 18:25:54 +0000 2013', 'entities': {'description': {'urls': []}, 'url': {}}, 'fastFollowersCount': 0, 'favouritesCount': 1, 'hasCustomTimelines': True, 'isTranslator': False, 'mediaCount': 113, 'statusesCount': 118, 'withheldInCountries': [], 'affiliatesHighlightedLabel': {}, 'possiblySensitive': False, 'pinnedTweetIds': [], 'profile_bio': {'description': 'Cerita Tentang Sosok Politisi'}, 'isAutomated': False, 'automatedBy': None}","{'media': [{'display_url': 'pic.x.com/bpOGymQaqy', 'expanded_url': 'https://x.com/ceritapolitisi/status/1987126601298198536/photo/1', 'id_str': '1987126598408282112', 'indices': [267, 290], 'media_key': '3_1987126598408282112', 'media_url_https': 'https://pbs.twimg.com/media/G5OxHO3bIAA03f0.jpg', 'type': 'photo', 'url': 'https://t.co/bpOGymQaqy', 'ext_media_availability': {'status': 'Available'}, 'features': {'large': {'faces': [{'x': 556, 'y': 36, 'h': 73, 'w': 73}, {'x': 257, 'y': 88, 'h': 137, 'w': 137}, {'x': 597, 'y': 93, 'h': 274, 'w': 274}]}, 'medium': {'faces': [{'x': 494, 'y': 32, 'h': 64, 'w': 64}, {'x': 228, 'y': 78, 'h': 121, 'w': 121}, {'x': 530, 'y': 82, 'h': 243, 'w': 243}]}, 'small': {'faces': [{'x': 280, 'y': 18, 'h': 36, 'w': 36}, {'x': 129, 'y': 44, 'h': 69, 'w': 69}, {'x': 300, 'y': 46, 'h': 138, 'w': 138}]}, 'orig': {'faces': [{'x': 556, 'y': 36, 'h': 73, 'w': 73}, {'x': 257, 'y': 88, 'h': 137, 'w': 137}, {'x': 597, 'y': 93, 'h': 274, 'w': 274}]}}, 'sizes': {'large': {'h': 1350, 'w': 1080, 'resize': 'fit'}, 'medium': {'h': 1200, 'w': 960, 'resize': 'fit'}, 'small': {'h': 680, 'w': 544, 'resize': 'fit'}, 'thumb': {'h': 150, 'w': 150, 'resize': 'crop'}}, 'original_info': {'height': 1350, 'width': 1080, 'focus_rects': [{'x': 0, 'y': 271, 'w': 1080, 'h': 605}, {'x': 0, 'y': 33, 'w': 1080, 'h': 1080}, {'x': 0, 'y': 0, 'w': 1080, 'h': 1231}, {'x': 0, 'y': 0, 'w': 675, 'h': 1350}, {'x': 0, 'y': 0, 'w': 1080, 'h': 1350}]}, 'media_results': {'result': {'media_key': '3_1987126598408282112'}}}]}",,{},"{'hashtags': [{'indices': [221, 237], 'text': 'BahlilLahadalia'}, {'indices': [238, 243], 'text': 'ESDM'}, {'indices': [244, 251], 'text': 'Golkar'}, {'indices': [252, 266], 'text': 'PrabowoGibran'}], 'media': [{'display_url': 'pic.x.com/bpOGymQaqy', 'expanded_url': 'https://x.com/ceritapolitisi/status/1987126601298198536/photo/1', 'id_str': '1987126598408282112', 'indices': [267, 290], 'media_key': '3_1987126598408282112', 'media_url_https': 'https://pbs.twimg.com/media/G5OxHO3bIAA03f0.jpg', 'type': 'photo', 'url': 'https://t.co/bpOGymQaqy', 'ext_media_availability': {'status': 'Available'}, 'features': {'large': {'faces': [{'x': 556, 'y': 36, 'h': 73, 'w': 73}, {'x': 257, 'y': 88, 'h': 137, 'w': 137}, {'x': 597, 'y': 93, 'h': 274, 'w': 274}]}, 'medium': {'faces': [{'x': 494, 'y': 32, 'h': 64, 'w': 64}, {'x': 228, 'y': 78, 'h': 121, 'w': 121}, {'x': 530, 'y': 82, 'h': 243, 'w': 243}]}, 'small': {'faces': [{'x': 280, 'y': 18, 'h': 36, 'w': 36}, {'x': 129, 'y': 44, 'h': 69, 'w': 69}, {'x': 300, 'y': 46, 'h': 138, 'w': 138}]}, 'orig': {'faces': [{'x': 556, 'y': 36, 'h': 73, 'w': 73}, {'x': 257, 'y': 88, 'h': 137, 'w': 137}, {'x': 597, 'y': 93, 'h': 274, 'w': 274}]}}, 'sizes': {'large': {'h': 1350, 'w': 1080, 'resize': 'fit'}, 'medium': {'h': 1200, 'w': 960, 'resize': 'fit'}, 'small': {'h': 680, 'w': 544, 'resize': 'fit'}, 'thumb': {'h': 150, 'w': 150, 'resize': 'crop'}}, 'original_info': {'height': 1350, 'width': 1080, 'focus_rects': [{'x': 0, 'y': 271, 'w': 1080, 'h': 605}, {'x': 0, 'y': 33, 'w': 1080, 'h': 1080}, {'x': 0, 'y': 0, 'w': 1080, 'h': 1231}, {'x': 0, 'y': 0, 'w': 675, 'h': 1350}, {'x': 0, 'y': 0, 'w': 1080, 'h': 1350}]}, 'media_results': {'result': {'media_key': '3_1987126598408282112'}}}], 'symbols': [], 'timestamps': [], 'urls': [], 'user_mentions': []}",,,,,False,0.0,
tweet,1984956277110546854,https://x.com/tjahkedoe/status/1984956277110546854,https://twitter.com/tjahkedoe/status/1984956277110546854,Parpol ini bener² semakin menyebalkan sekali dibawah jongos wiwi,,0.0,0.0,0.0,0.0,20.0,Sun Nov 02 12:10:29 +0000 2025,in,0.0,False,,1.984956277110547e+18,,,False,"{'type': 'user', 'userName': 'tjahkedoe', 'url': 'https://x.com/tjahkedoe', 'twitterUrl': 'https://twitter.com/tjahkedoe', 'id': '1751998844311851008', 'name': 'Abang Djenar', 'isVerified': False, 'isBlueVerified': False, 'profilePicture': 'https://pbs.twimg.com/profile_images/1977603759829397504/dLLSFtIj_normal.jpg', 'coverPicture': 'https://pbs.twimg.com/profile_banners/1751998844311851008/1725178952', 'description': 'Rakyat Indonesia/Tukang Becak/Kopites/Kopimania', 'location': 'Jawa Tengah, Indonesia', 'followers': 770, 'following': 683, 'status': '', 'canDm': True, 'canMediaTag': False, 'createdAt': 'Mon Jan 29 16:01:17 +0000 2024', 'entities': {'description': {'urls': []}, 'url': {}}, 'fastFollowersCount': 0, 'favouritesCount': 11312, 'hasCustomTimelines': True, 'isTranslator': False, 'mediaCount': 52, 'statusesCount': 8680, 'withheldInCountries': [], 'affiliatesHighlightedLabel': {}, 'possiblySensitive': False, 'pinnedTweetIds': ['1815721355738017850'], 'profile_bio': {'description': 'Rakyat Indonesia/Tukang Becak/Kopites/Kopimania'}, 'isAutomated': False, 'automatedBy': None}",{},"{'binding_values': [{'key': 'description', 'value': {'string_value': 'Ketua Umum DPP Golkar Bahlil Lahadalia dukung pemilihan gubernur oleh DPRD di Musda Sultra.', 'type': 'STRING'}}, {'key': 'domain', 'value': {'string_value': 'regional.kompas.com', 'type': 'STRING'}}, {'key': 'site', 'value': {'scribe_key': 'publisher_id', 'type': 'USER', 'user_value': {'id_str': '23343960', 'path': []}}}, {'key': 'creator', 'value': {'type': 'USER', 'user_value': {'id_str': '23343960', 'path': []}}}, {'key': 'vanity_url', 'value': {'scribe_key': 'vanity_url', 'string_value': 'regional.kompas.com', 'type': 'STRING'}}, {'key': 'title', 'value': {'string_value': 'Usulkan Pemilihan Gubernur oleh DPRD, Bahlil: Proses yang Demokratis Juga', 'type': 'STRING'}}, {'key': 'card_url', 'value': {'scribe_key': 'card_url', 'string_value': 'https://t.co/bIpgKTP0rI', 'type': 'STRING'}}], 'card_platform': {'platform': {'audience': {'name': 'production'}, 'device': {'name': 'Android', 'version': '12'}}}, 'name': 'summary_large_image', 'url': 'https://t.co/bIpgKTP0rI', 'user_refs_results': [{'result': {'__typename': 'User', 'id': 'VXNlcjoyMzM0Mzk2MA==', 'rest_id': '23343960', 'affiliates_highlighted_label': {}, 'avatar': {'image_url': 'https://pbs.twimg.com/profile_images/1577144849437888514/d9x3nKN8_normal.jpg'}, 'core': {'created_at': 'Sun Mar 08 19:32:04 +0000 2009', 'name': 'Kompas.com', 'screen_name': 'kompascom'}, 'dm_permissions': {'can_dm': True}, 'follow_request_sent': False, 'has_graduated_access': True, 'is_blue_verified': True, 'legacy': {'default_profile': False, 'default_profile_image': False, 'description': 'Jernih Melihat Dunia | Berita Indonesia Terkini, Akurat, dan Terpercaya', 'entities': {'description': {'urls': []}, 'url': {'urls': [{'display_url': 'kompas.com', 'expanded_url': 'http://www.kompas.com', 'url': 'https://t.co/4nmwnih07V', 'indices': [0, 23]}]}}, 'fast_followers_count': 0, 'favourites_count': 149, 'followers_count': 7787160, 'friends_count': 26, 'has_custom_timelines': True, 'is_translator': False, 'listed_count': 9944, 'media_count': 129887, 'normal_followers_count': 7787160, 'pinned_tweet_ids_str': [], 'possibly_sensitive': False, 'profile_banner_url': 'https://pbs.twimg.com/profile_banners/23343960/1664855609', 'profile_interstitial_type': '', 'statuses_count': 2724744, 'translator_type': 'regular', 'url': 'https://t.co/4nmwnih07V', 'want_retweets': False, 'withheld_in_countries': []}, 'location': {'location': 'Jakarta'}, 'media_permissions': {'can_media_tag': False}, 'parody_commentary_fan_label': 'None', 'profile_image_shape': 'Circle', 'professional': {'rest_id': '1462047602774396931', 'professional_type': 'Business', 'category': [{'id': 580, 'name': 'Media & News Company', 'icon_name': ''}]}, 'profile_bio': {'description': 'Jernih Melihat Dunia | Berita Indonesia Terkini, Akurat, dan Terpercaya'}, 'privacy': {'protected': False}, 'relationship_perspectives': {'following': False}, 'tipjar_settings': {}, 'verification': {'verified': False}, 'profile_description_language': 'in'}}, {'result': {'__typename': 'User', 'id': 'VXNlcjoyMzM0Mzk2MA==', 'rest_id': '23343960', 'affiliates_highlighted_label': {}, 'avatar': {'image_url': 'https://pbs.twimg.com/profile_images/1577144849437888514/d9x3nKN8_normal.jpg'}, 'core': {'created_at': 'Sun Mar 08 19:32:04 +0000 2009', 'name': 'Kompas.com', 'screen_name': 'kompascom'}, 'dm_permissions': {'can_dm': True}, 'follow_request_sent': False, 'has_graduated_access': True, 'is_blue_verified': True, 'legacy': {'default_profile': False, 'default_profile_image': False, 'description': 'Jernih Melihat Dunia | Berita Indonesia Terkini, Akurat, dan Terpercaya', 'entities': {'description': {'urls': []}, 'url': {'urls': [{'display_url': 'kompas.com', 'expanded_url': 'http://www.kompas.com', 'url': 'https://t.co/4nmwnih07V', 'indices': [0, 23]}]}}, 'fast_followers_count': 0, 'favourites_count': 149, 'followers_count': 7787160, 'friends_count': 26, 'has_custom_timelines': True, 'is_translator': False, 'listed_count': 9944, 'media_count': 129887, 'normal_followers_count': 7787160, 'pinned_tweet_ids_str': [], 'possibly_sensitive': False, 'profile_banner_url': 'https://pbs.twimg.com/profile_banners/23343960/1664855609', 'profile_interstitial_type': '', 'statuses_count': 2724744, 'translator_type': 'regular', 'url': 'https://t.co/4nmwnih07V', 'want_retweets': False, 'withheld_in_countries': []}, 'location': {'location': 'Jakarta'}, 'media_permissions': {'can_media_tag': False}, 'parody_commentary_fan_label': 'None', 'profile_image_shape': 'Circle', 'professional': {'rest_id': '1462047602774396931', 'professional_type': 'Business', 'category': [{'id': 580, 'name': 'Media & News Company', 'icon_name': ''}]}, 'profile_bio': {'description': 'Jernih Melihat Dunia | Berita Indonesia Terkini, Akurat, dan Terpercaya'}, 'privacy': {'protected': False}, 'relationship_perspectives': {'following': False}, 'tipjar_settings': {}, 'verification': {'verified': False}, 'profile_description_language': 'in'}}]}",{},"{'hashtags': [], 'symbols': [], 'timestamps': [], 'urls': [{'display_url': 'regional.kompas.com/read/2025/11/0…', 'expanded_url': 'https://regional.kompas.com/read/2025/11/02/163513778/usulkan-pemilihan-gubernur-oleh-dprd-bahlil-proses-yang-demokratis-juga', 'url': 'https://t.co/bIpgKTP0rI', 'indices': [65, 88]}], 'user_mentions': []}",,,,,False,0.0,
tweet,1981342928552518091,https://x.com/wachidnz/status/1981342928552518091,https://twitter.com/wachidnz/status/1981342928552518091,"peran KPU semakin berkurang karena hanya mengurus pemilihan DPR, DPRD, dan DPD. lantas untuk bupati/walikota/gubernur juga dipilih oleh DPRD atau pusat kan pak dosen?",,0.0,1.0,0.0,1.0,1631.0,Thu Oct 23 12:52:20 +0000 2025,in,0.0,True,1.9813394028499643e+18,1.9813394028499643e+18,,,False,"{'type': 'user', 'userName': 'wachidnz', 'url': 'https://x.com/wachidnz', 'twitterUrl': 'https://twitter.com/wachidnz', 'id': '483438796', 'name': 'wachid nur zidiq', 'isVerified': False, 'isBlueVerified': False, 'profilePicture': 'https://pbs.twimg.com/profile_images/1277630743678562310/Rs5Aw1Rf_normal.jpg', 'coverPicture': 'https://pbs.twimg.com/profile_banners/483438796/1577355494', 'description': ""hidin’, wishin’, waitin'"", 'location': 'Semarang, Jawa Tengah', 'followers': 347, 'following': 402, 'status': '', 'canDm': False, 'canMediaTag': True, 'createdAt': 'Sun Feb 05 01:09:45 +0000 2012', 'entities': {'description': {'urls': []}, 'url': {}}, 'fastFollowersCount': 0, 'favouritesCount': 465, 'hasCustomTimelines': True, 'isTranslator': False, 'mediaCount': 1048, 'statusesCount': 45202, 'withheldInCountries': [], 'affiliatesHighlightedLabel': {}, 'possiblySensitive': False, 'pinnedTweetIds': ['1344261024673763328'], 'profile_bio': {'description': ""hidin’, wishin’, waitin'""}, 'isAutomated': False, 'automatedBy': None}",{},,{},"{'hashtags': [], 'symbols': [], 'timestamps': [], 'urls': [], 'user_mentions': [{'id_str': '99728171', 'name': 'feri amsari', 'screen_name': 'feriamsari', 'indices': [0, 11]}]}",,,,,False,0.0,
tweet,1964972831076409432,https://x.com/grok/status/1964972831076409432,https://twitter.com/grok/status/1964972831076409432,"Ya, saya paham prosesnya. Menurut UU No. 23/2014, jika gubernur ditarik ke pusat (misalnya masuk kabinet), wakil gubernur naik jadi gubernur definitif. Posisi wakil gubernur kosong lalu diisi lewat pemilihan oleh DPRD dari calon yang diajukan gubernur baru. Jika istilah ""barang"" merujuk pada orang baru, itu bisa jadi, tapi harus ikut aturan. Ada konteks spesifik?",,0.0,0.0,0.0,0.0,24.0,Mon Sep 08 08:43:25 +0000 2025,in,0.0,True,1.9649726109719762e+18,1.9646310498222044e+18,,,False,"{'type': 'user', 'userName': 'grok', 'url': 'https://x.com/grok', 'twitterUrl': 'https://twitter.com/grok', 'id': '1720665183188922368', 'name': 'Grok', 'isVerified': False, 'isBlueVerified': True, 'profilePicture': 'https://pbs.twimg.com/profile_images/1893219113717342208/Vgg2hEPa_normal.jpg', 'coverPicture': 'https://pbs.twimg.com/profile_banners/1720665183188922368/1740213586', 'description': 'https://t.co/fqNKQSiLQB\n@grok it', 'location': 'wherever you are', 'followers': 7338363, 'following': 3, 'status': '', 'canDm': False, 'canMediaTag': True, 'createdAt': 'Sat Nov 04 04:52:34 +0000 2023', 'entities': {'description': {'urls': []}, 'url': {}}, 'fastFollowersCount': 0, 'favouritesCount': 82, 'hasCustomTimelines': True, 'isTranslator': False, 'mediaCount': 7364172, 'statusesCount': 87248045, 'withheldInCountries': [], 'affiliatesHighlightedLabel': {}, 'possiblySensitive': False, 'pinnedTweetIds': ['1955006865332638036'], 'profile_bio': {'description': 'https://t.co/fqNKQSiLQB\n@grok it'}, 'isAutomated': False, 'automatedBy': None}",{},,{},"{'hashtags': [], 'symbols': [], 'urls': [], 'user_mentions': []}",,,,,False,0.0,
tweet,1962538353834053748,https://x.com/kebohejoreborn/status/1962538353834053748,https://twitter.com/kebohejoreborn/status/1962538353834053748,"mari ku kerucutkan, tebakanku, kalau semua ini berjalan mulus, nantinya bahkan pemilihan Bupati Gubernur akan dipilih oleh DPRD. harapannya wowo ini pasti.",,0.0,1.0,0.0,0.0,58.0,Mon Sep 01 15:29:40 +0000 2025,in,0.0,True,1.9625381990305876e+18,1.9625347705603932e+18,,,False,"{'type': 'user', 'userName': 'kebohejoreborn', 'url': 'https://x.com/kebohejoreborn', 'twitterUrl': 'https://twitter.com/kebohejoreborn', 'id': '1512790187449135106', 'name': '19 juta lapangan padel | kebohejoreborn', 'isVerified': False, 'isBlueVerified': False, 'profilePicture': 'https://pbs.twimg.com/profile_images/1980056253175865344/47oYgOu-_normal.jpg', 'coverPicture': 'https://pbs.twimg.com/profile_banners/1512790187449135106/1655641818', 'description': 'pusing banget jadi warga 62', 'location': 'everywhere', 'followers': 455, 'following': 398, 'status': '', 'canDm': True, 'canMediaTag': True, 'createdAt': 'Sat Apr 09 13:51:12 +0000 2022', 'entities': {'description': {'urls': []}, 'url': {}}, 'fastFollowersCount': 0, 'favouritesCount': 17532, 'hasCustomTimelines': True, 'isTranslator': False, 'mediaCount': 2838, 'statusesCount': 43304, 'withheldInCountries': [], 'affiliatesHighlightedLabel': {}, 'possiblySensitive': False, 'pinnedTweetIds': ['1966408786530447683'], 'profile_bio': {'description': 'pusing banget jadi warga 62'}, 'isAutomated': False, 'automatedBy': None}",{},,{},"{'hashtags': [], 'symbols': [], 'timestamps': [], 'urls': [], 'user_mentions': [{'id_str': '1446434492571217927', 'name': 'forumkeadilan.com', 'screen_name': 'forumkeadilan_', 'indices': [0, 15]}]}",,,,,False,0.0,
tweet,1959596895191564468,https://x.com/Mi73Hel/status/1959596895191564468,https://twitter.com/Mi73Hel/status/1959596895191564468,"Kalau saya kembalikan saja pemilihan presiden, gubernur, bupati/walikota ke Pemilihan langsung oleh rakyat semakin lama2 semakin merusak kehidupan sosial dan korupsi semakin merajalela.",,0.0,1.0,0.0,0.0,34.0,Sun Aug 24 12:41:22 +0000 2025,in,0.0,True,1.959594191568421e+18,1.959590358809297e+18,,,False,"{'type': 'user', 'userName': 'Mi73Hel', 'url': 'https://x.com/Mi73Hel', 'twitterUrl': 'https://twitter.com/Mi73Hel', 'id': '3244905644', 'name': 'Helmi La Ugi', 'isVerified': False, 'isBlueVerified': False, 'profilePicture': 'https://pbs.twimg.com/profile_images/2007421117959680006/aGzl5JgP_normal.jpg', 'coverPicture': '', 'description': '', 'location': '', 'followers': 1142, 'following': 2159, 'status': '', 'canDm': False, 'canMediaTag': False, 'createdAt': 'Sun Jun 14 06:56:27 +0000 2015', 'entities': {'description': {'urls': []}, 'url': {}}, 'fastFollowersCount': 0, 'favouritesCount': 42049, 'hasCustomTimelines': True, 'isTranslator': False, 'mediaCount': 3507, 'statusesCount': 107051, 'withheldInCountries': [], 'affiliatesHighlightedLabel': {}, 'possiblySensitive': False, 'pinnedTweetIds': [], 'profile_bio': {'description': ''}, 'isAutomated': False, 'automatedBy': None}",{},,{},"{'hashtags': [], 'symbols': [], 'timestamps': [], 'urls': [], 'user_mentions': [{'id_str': '2241693296', 'name': 'Jajang Ridwan K.', 'screen_name': 'JajangRidwanK', 'indices': [0, 14]}, {'id_str': '121640063', 'name': 'Radio Elshinta', 'screen_name': 'RadioElshinta', 'indices': [15, 29]}, {'id_str': '211415705', 'name': 'DPR RI', 'screen_name': 'DPR_RI', 'indices': [106, 113]}, {'id_str': '70285210', 'name': 'DPRD', 'screen_name': 'DPRD', 'indices': [114, 119]}]}",,,,,False,0.0,
tweet,1958888563703210031,https://x.com/veefathan/status/1958888563703210031,https://twitter.com/veefathan/status/1958888563703210031,Aher dulu dicalonkan PK (belum jadi PKS) pas masih pemilihan gubernur oleh DPRD di tahun 2002. Tapi kalah telak ama Sutiyoso akhirnya mah.,,0.0,0.0,1.0,0.0,26.0,Fri Aug 22 13:46:42 +0000 2025,in,0.0,True,1.958789327745614e+18,1.9587619352073508e+18,,,False,"{'type': 'user', 'userName': 'veefathan', 'url': 'https://x.com/veefathan', 'twitterUrl': 'https://twitter.com/veefathan', 'id': '417774373', 'name': 'Fathan', 'isVerified': False, 'isBlueVerified': False, 'profilePicture': 'https://pbs.twimg.com/profile_images/1793992692189605889/SkUVDXjh_normal.jpg', 'coverPicture': 'https://pbs.twimg.com/profile_banners/417774373/1732324561', 'description': 'We can always begin again.', 'location': 'southeast asia', 'followers': 206, 'following': 425, 'status': '', 'canDm': False, 'canMediaTag': False, 'createdAt': 'Mon Nov 21 10:51:46 +0000 2011', 'entities': {'description': {'urls': []}, 'url': {}}, 'fastFollowersCount': 0, 'favouritesCount': 112353, 'hasCustomTimelines': True, 'isTranslator': False, 'mediaCount': 412, 'statusesCount': 9141, 'withheldInCountries': [], 'affiliatesHighlightedLabel': {}, 'possiblySensitive': False, 'pinnedTweetIds': ['1871626210515767301'], 'profile_bio': {'description': 'We can always begin again.'}, 'isAutomated': False, 'automatedBy': None}",{},,{},"{'hashtags': [], 'symbols': [], 'timestamps': [], 'urls': [], 'user_mentions': [{'id_str': '1683425076073603072', 'name': 'Nats', 'screen_name': 'Nathanaels1611', 'indices': [0, 15]}, {'id_str': '2862109627', 'name': 'Fontra Siennta Gramasic', 'screen_name': 'FelixSGL1', 'indices': [16, 26]}, {'id_str': '382641814', 'name': 'ardian pratama', 'screen_name': 'ardi_tama1', 'indices': [27, 38]}]}",,,,,False,0.0,
tweet,1957654718714724443,https://x.com/grok/status/1957654718714724443,https://twitter.com/grok/status/1957654718714724443,"Ide menarik! Pengurangan partai ke 2-3 bisa hemat biaya pemilu (detikNews, 2025; Indonesiana, 2023), tapi dikritik kurangi keragaman suara (Perludem, 2025). Pemilihan walikota/bupati oleh gubernur-DPRD transparan mirip era pra-2005 (BPHN, MKRI), potensi kurangi transaksi tapi butuh pengawasan ketat (JDIH Lampung, 2022). Evaluasi berjenjang bisa perkuat akuntabilitas (KPU, 2025). Bagaimana implementasinya menurutmu?",,0.0,1.0,0.0,0.0,25.0,Tue Aug 19 04:03:51 +0000 2025,in,0.0,True,1.9576545467105119e+18,1.9573037881985764e+18,,,False,"{'type': 'user', 'userName': 'grok', 'url': 'https://x.com/grok', 'twitterUrl': 'https://twitter.com/grok', 'id': '1720665183188922368', 'name': 'Grok', 'isVerified': False, 'isBlueVerified': True, 'profilePicture': 'https://pbs.twimg.com/profile_images/1893219113717342208/Vgg2hEPa_normal.jpg', 'coverPicture': 'https://pbs.twimg.com/profile_banners/1720665183188922368/1740213586', 'description': 'https://t.co/fqNKQSiLQB\n@grok it', 'location': 'wherever you are', 'followers': 7338363, 'following': 3, 'status': '', 'canDm': False, 'canMediaTag': True, 'createdAt': 'Sat Nov 04 04:52:34 +0000 2023', 'entities': {'description': {'urls': []}, 'url': {}}, 'fastFollowersCount': 0, 'favouritesCount': 82, 'hasCustomTimelines': True, 'isTranslator': False, 'mediaCount': 7364172, 'statusesCount': 87248045, 'withheldInCountries': [], 'affiliatesHighlightedLabel': {}, 'possiblySensitive': False, 'pinnedTweetIds': ['1955006865332638036'], 'profile_bio': {'description': 'https://t.co/fqNKQSiLQB\n@grok it'}, 'isAutomated': False, 'automatedBy': None}",{},"{'binding_values': [{'key': 'unified_card', 'value': {'string_value': '{""type"":""image_app"",""component_objects"":{""button_group_1"":{""type"":""button_group"",""data"":{""buttons"":[{""action"":""install"",""style"":""primary"",""type"":""cta"",""destination"":""app_store_1""}]}},""app_store_details_1"":{""type"":""app_store_details"",""data"":{""app_id"":""app_1"",""destination"":""app_store_1""}},""media_1"":{""type"":""media"",""data"":{""id"":""3_1913850327813730304"",""destination"":""app_store_1""}}},""destination_objects"":{""app_store_1"":{""type"":""app_store"",""data"":{""app_id"":""app_1""}}},""components"":[""media_1"",""app_store_details_1"",""button_group_1""],""media_entities"":{""4_2008831309288710144"":{""id"":2008831309288710144,""id_str"":""2008831309288710144"",""indices"":[0,0],""media_url"":"""",""media_url_https"":""https://pbs.twimg.com/card_img/2008831309288710144/lGKjFPUs?format=jpg&name=orig"",""url"":"""",""display_url"":"""",""expanded_url"":"""",""type"":""photo"",""original_info"":{""width"":246,""height"":246},""sizes"":{},""media_key"":""4_2008831309288710144"",""ext"":{""mediaColor"":{""r"":{""ok"":{""palette"":[{""rgb"":{""red"":17,""green"":17,""blue"":17},""percentage"":81.33},{""rgb"":{""red"":199,""green"":199,""blue"":199},""percentage"":12.96}]}},""ttl"":-1}}},""3_1913850327813730304"":{""id"":1913850327813730304,""id_str"":""1913850327813730304"",""indices"":[0,0],""media_url"":"""",""media_url_https"":""https://pbs.twimg.com/media/Go9cu66aMAAcTyy.jpg"",""url"":"""",""display_url"":"""",""expanded_url"":"""",""type"":""photo"",""original_info"":{""width"":2578,""height"":1350,""focus_rects"":[{""x"":0,""y"":0,""h"":1350,""w"":2411},{""x"":0,""y"":0,""h"":1350,""w"":1350},{""x"":0,""y"":0,""h"":1350,""w"":1184},{""x"":113,""y"":0,""h"":1350,""w"":675},{""x"":0,""y"":0,""h"":1350,""w"":2578}]},""sizes"":{""large"":{""w"":2048,""h"":1072,""resize"":""fit""},""thumb"":{""w"":150,""h"":150,""resize"":""crop""},""medium"":{""w"":1200,""h"":628,""resize"":""fit""},""small"":{""w"":680,""h"":356,""resize"":""fit""}},""source_user_id"":1720665183188922368,""source_user_id_str"":""1720665183188922368"",""media_key"":""3_1913850327813730304"",""ext"":{""mediaColor"":{""r"":{""ok"":{""palette"":[{""rgb"":{""red"":10,""green"":10,""blue"":10},""percentage"":96.56},{""rgb"":{""red"":116,""green"":116,""blue"":116},""percentage"":3.3},{""rgb"":{""red"":193,""green"":193,""blue"":193},""percentage"":0.14}]}},""ttl"":-1}}},""4_2008543608723353600"":{""id"":2008543608723353600,""id_str"":""2008543608723353600"",""indices"":[0,0],""media_url"":"""",""media_url_https"":""https://pbs.twimg.com/card_img/2008543608723353600/XgmX_mor?format=png&name=orig"",""url"":"""",""display_url"":"""",""expanded_url"":"""",""type"":""photo"",""original_info"":{""width"":240,""height"":240},""sizes"":{},""media_key"":""4_2008543608723353600"",""ext"":{""mediaColor"":{""r"":{""ok"":{""palette"":[{""rgb"":{""red"":0,""green"":0,""blue"":0},""percentage"":86.5},{""rgb"":{""red"":255,""green"":255,""blue"":255},""percentage"":12.65}]}},""ttl"":-1}}}},""app_store_data"":{""app_1"":[{""type"":""android_app"",""country_code"":""US"",""id"":""ai.x.grok"",""category"":{""content"":""Productivity"",""is_rtl"":false},""title"":{""content"":""Grok \\u2022 Smartest AI Advisor"",""is_rtl"":false},""ratings"":{""star"":4.9,""count"":1900000},""is_editors_choice"":false,""is_free"":true,""icon_media_key"":""4_2008543608723353600"",""description"":{""content"":""Grok is an AI-powered assistant, developed by xAI, designed to be maximally truthful, useful, and curious. Get answers to any question, generate striking images and videos, engage in natural conversations with voice mode, and upload pictures to gain a deeper understanding of your"",""is_rtl"":false}},{""type"":""iphone_app"",""country_code"":""US"",""id"":""6670324846"",""url"":""https://t.co/redirect?url=https%3A%2F%2Fapps.apple.com%2Fapp%2Fapple-store%2Fid6670324846%3Fpt%3D126952307%26ct%3D%40Grok%2520Profile%2520Description%26mt%3D8&sig=1a8f4c47943bd0dec51d0d47886b1e13017dfe75&ssr=true&slug="",""url_resolved"":""https://apps.apple.com/app/apple-store/id6670324846?pt=126952307&ct=@Grok%20Profile%20Description&mt=8"",""category"":{""content"":""Productivity"",""is_rtl"":false},""title"":{""content"":""Grok"",""is_rtl"":false},""ratings"":{""star"":4.9,""count"":722000},""is_free"":true,""size_bytes"":191400000,""has_in_app_purchases"":true,""icon_media_key"":""4_2008831309288710144"",""description"":{""content"":""Grok is an AI-powered assistant, developed by xAI, designed to be maximally truthful, useful, and curious. Get answers to any question, generate striking images and videos, and let Grok search the web and X for you to gain a deeper understanding of the world. With Grok, the unive"",""is_rtl"":false}},{""type"":""ipad_app"",""country_code"":""US"",""id"":""6670324846"",""url"":""https://t.co/redirect?url=https%3A%2F%2Fapps.apple.com%2Fapp%2Fapple-store%2Fid6670324846%3Fpt%3D126952307%26ct%3D%40Grok%2520Profile%2520Description%26mt%3D8&sig=1a8f4c47943bd0dec51d0d47886b1e13017dfe75&ssr=true&slug="",""url_resolved"":""https://apps.apple.com/app/apple-store/id6670324846?pt=126952307&ct=@Grok%20Profile%20Description&mt=8"",""category"":{""content"":""Productivity"",""is_rtl"":false},""title"":{""content"":""Grok"",""is_rtl"":false},""ratings"":{""star"":4.9,""count"":722000},""is_free"":true,""size_bytes"":191400000,""has_in_app_purchases"":true,""icon_media_key"":""4_2008831309288710144"",""description"":{""content"":""Grok is an AI-powered assistant, developed by xAI, designed to be maximally truthful, useful, and curious. Get answers to any question, generate striking images and videos, and let Grok search the web and X for you to gain a deeper understanding of the world. With Grok, the unive"",""is_rtl"":false}}]}}', 'type': 'STRING'}}, {'key': 'card_url', 'value': {'scribe_key': 'card_url', 'string_value': 'https://twitter.com', 'type': 'STRING'}}], 'card_platform': {'platform': {'audience': {'name': 'production'}, 'device': {'name': 'Android', 'version': '12'}}}, 'name': 'unified_card', 'url': 'card://1913850332016439297', 'user_refs_results': []}",{},"{'hashtags': [], 'symbols': [], 'urls': [], 'user_mentions': []}",,,,,False,0.0,
tweet,1957092157560603028,https://x.com/taydh/status/1957092157560603028,https://twitter.com/taydh/status/1957092157560603028,"Hasil nongkrong sama chatgpt, sudah pernah ada yg menyampaikan 😃 Mirip: Provinsi/Gubernur tetap perlu, tp sejatinya urusan pemerintahan efektif di 2 tingkatan: pusat dan kab/kota. Termasuk DPRD Prov, itu pengembangan yg menyesuaikan kondisi dan era 🙂",,0.0,0.0,0.0,0.0,27.0,Sun Aug 17 14:48:26 +0000 2025,in,0.0,False,,1.9570921575606031e+18,,,False,"{'type': 'user', 'userName': 'taydh', 'url': 'https://x.com/taydh', 'twitterUrl': 'https://twitter.com/taydh', 'id': '104060286', 'name': 'Paduka', 'isVerified': False, 'isBlueVerified': False, 'profilePicture': 'https://pbs.twimg.com/profile_images/1762681015167008769/M8BMhe5O_normal.jpg', 'coverPicture': 'https://pbs.twimg.com/profile_banners/104060286/1707961039', 'description': 'Checkmate', 'location': 'Indonesia', 'followers': 91, 'following': 268, 'status': '', 'canDm': False, 'canMediaTag': False, 'createdAt': 'Tue Jan 12 03:49:50 +0000 2010', 'entities': {'description': {'urls': []}, 'url': {}}, 'fastFollowersCount': 0, 'favouritesCount': 908, 'hasCustomTimelines': True, 'isTranslator': False, 'mediaCount': 398, 'statusesCount': 3899, 'withheldInCountries': [], 'affiliatesHighlightedLabel': {}, 'possiblySensitive': False, 'pinnedTweetIds': [], 'profile_bio': {'description': 'Checkmate'}, 'isAutomated': False, 'automatedBy': None}",{},"{'binding_values': [{'key': 'description', 'value': {'string_value': 'Ketua DPR Marzuki Alie kembali membuat kontroversi. Kali ini Marzuki membuat wacana baru soal Gubernur tidak lagi dipilih langsung oleh rakyat, tetapi diangkat oleh Presiden atau DPRD.', 'type': 'STRING'}}, {'key': 'domain', 'value': {'string_value': 'news.detik.com', 'type': 'STRING'}}, {'key': 'creator', 'value': {'type': 'USER', 'user_value': {'id_str': '69183155', 'path': []}}}, {'key': 'vanity_url', 'value': {'scribe_key': 'vanity_url', 'string_value': 'news.detik.com', 'type': 'STRING'}}, {'key': 'title', 'value': {'string_value': 'Marzuki Wacanakan Pemilihan Gubernur oleh DPRD atau Presiden', 'type': 'STRING'}}, {'key': 'card_url', 'value': {'scribe_key': 'card_url', 'string_value': 'https://t.co/PgRYa9WXJB', 'type': 'STRING'}}], 'card_platform': {'platform': {'audience': {'name': 'production'}, 'device': {'name': 'Android', 'version': '12'}}}, 'name': 'summary_large_image', 'url': 'https://t.co/PgRYa9WXJB', 'user_refs_results': [{'result': {'__typename': 'User', 'id': 'VXNlcjo2OTE4MzE1NQ==', 'rest_id': '69183155', 'affiliates_highlighted_label': {}, 'avatar': {'image_url': 'https://pbs.twimg.com/profile_images/1888546820974051328/tnM9DhBs_normal.jpg'}, 'core': {'created_at': 'Thu Aug 27 03:03:05 +0000 2009', 'name': 'detikcom', 'screen_name': 'detikcom'}, 'dm_permissions': {'can_dm': True}, 'follow_request_sent': False, 'has_graduated_access': True, 'is_blue_verified': True, 'legacy': {'default_profile': False, 'default_profile_image': False, 'description': 'Media online nomor 1 di Indonesia | Hadir untuk memberikan validasi & referensi informasi Anda. Kunjungi: https://t.co/qldGGYFcFu', 'entities': {'description': {'urls': [{'display_url': 'detik.com', 'expanded_url': 'http://www.detik.com', 'url': 'https://t.co/qldGGYFcFu', 'indices': [106, 129]}]}}, 'fast_followers_count': 0, 'favourites_count': 13765, 'followers_count': 22931507, 'friends_count': 43, 'has_custom_timelines': True, 'is_translator': False, 'listed_count': 12083, 'media_count': 444993, 'normal_followers_count': 22931507, 'pinned_tweet_ids_str': [], 'possibly_sensitive': False, 'profile_banner_url': 'https://pbs.twimg.com/profile_banners/69183155/1739099689', 'profile_interstitial_type': '', 'statuses_count': 2523774, 'translator_type': 'regular', 'want_retweets': False, 'withheld_in_countries': []}, 'location': {'location': ''}, 'media_permissions': {'can_media_tag': False}, 'parody_commentary_fan_label': 'None', 'profile_image_shape': 'Square', 'professional': {'rest_id': '1471697869346205696', 'professional_type': 'Business', 'category': []}, 'profile_bio': {'description': 'Media online nomor 1 di Indonesia | Hadir untuk memberikan validasi & referensi informasi Anda. Kunjungi: https://t.co/qldGGYFcFu'}, 'privacy': {'protected': False}, 'relationship_perspectives': {'following': False}, 'tipjar_settings': {}, 'verification': {'verified': False, 'verified_type': 'Business'}, 'profile_description_language': 'id'}}]}",{},"{'hashtags': [], 'symbols': [], 'timestamps': [], 'urls': [{'display_url': 'dtk.id/NbRBcw', 'expanded_url': 'https://dtk.id/NbRBcw', 'url': 'https://t.co/PgRYa9WXJB', 'indices': [66, 89]}], 'user_mentions': []}",,,,,False,0.0,
tweet,1951887762996814311,https://x.com/Jurnalpatroli_/status/1951887762996814311,https://twitter.com/Jurnalpatroli_/status/1951887762996814311,"JurnalPatroliNews – Jakarta – Anggota Komisi II DPR RI dari Fraksi Partai Kebangkitan Bangsa (PKB), Muhammad Khozin, menegaskan bahwa usulan agar gubernur ditunjuk langsung oleh pemerintah pusat",,0.0,0.0,0.0,0.0,20.0,Sun Aug 03 06:08:01 +0000 2025,in,0.0,False,,1.9518877629968143e+18,,,False,"{'type': 'user', 'userName': 'Jurnalpatroli_', 'url': 'https://x.com/Jurnalpatroli_', 'twitterUrl': 'https://twitter.com/Jurnalpatroli_', 'id': '1507307226058223618', 'name': 'JurnalPatroliNews', 'isVerified': False, 'isBlueVerified': False, 'profilePicture': 'https://pbs.twimg.com/profile_images/1507307323278036996/v9k_QZdS_normal.jpg', 'coverPicture': 'https://pbs.twimg.com/profile_banners/1507307226058223618/1679583591', 'description': 'Media Online Infomatif Terkini Dan Akurat', 'location': 'Indonesia', 'followers': 402, 'following': 1998, 'status': '', 'canDm': False, 'canMediaTag': True, 'createdAt': 'Fri Mar 25 10:44:04 +0000 2022', 'entities': {'description': {'urls': []}, 'url': {}}, 'fastFollowersCount': 0, 'favouritesCount': 667, 'hasCustomTimelines': True, 'isTranslator': False, 'mediaCount': 18, 'statusesCount': 24595, 'withheldInCountries': [], 'affiliatesHighlightedLabel': {}, 'possiblySensitive': False, 'pinnedTweetIds': [], 'profile_bio': {'description': 'Media Online Infomatif Terkini Dan Akurat'}, 'isAutomated': False, 'automatedBy': None}",{},"{'binding_values': [{'key': 'description', 'value': {'string_value': 'Anggota Komisi II DPR RI dari Fraksi Partai Kebangkitan Bangsa (PKB), Muhammad Khozin, menegaskan bahwa usulan agar gubernur', 'type': 'STRING'}}, {'key': 'domain', 'value': {'string_value': 'jurnalpatrolinews.co.id', 'type': 'STRING'}}, {'key': 'site', 'value': {'scribe_key': 'publisher_id', 'type': 'USER', 'user_value': {'id_str': '1507307226058223618', 'path': []}}}, {'key': 'creator', 'value': {'type': 'USER', 'user_value': {'id_str': '1507307226058223618', 'path': []}}}, {'key': 'photo_image_full_size_alt_text', 'value': {'string_value': 'Wacana Pemilihan Gubernur', 'type': 'STRING'}}, {'key': 'vanity_url', 'value': {'scribe_key': 'vanity_url', 'string_value': 'jurnalpatrolinews.co.id', 'type': 'STRING'}}, {'key': 'summary_photo_image_alt_text', 'value': {'string_value': 'Wacana Pemilihan Gubernur', 'type': 'STRING'}}, {'key': 'title', 'value': {'string_value': 'Wacana Pemilihan Gubernur oleh Pusat dan Kepala Daerah oleh', 'type': 'STRING'}}, {'key': 'card_url', 'value': {'scribe_key': 'card_url', 'string_value': 'https://t.co/prjDgK6FSx', 'type': 'STRING'}}], 'card_platform': {'platform': {'audience': {'name': 'production'}, 'device': {'name': 'Android', 'version': '12'}}}, 'name': 'summary_large_image', 'url': 'https://t.co/prjDgK6FSx', 'user_refs_results': [{'result': {'__typename': 'User', 'id': 'VXNlcjoxNTA3MzA3MjI2MDU4MjIzNjE4', 'rest_id': '1507307226058223618', 'affiliates_highlighted_label': {}, 'avatar': {'image_url': 'https://pbs.twimg.com/profile_images/1507307323278036996/v9k_QZdS_normal.jpg'}, 'core': {'created_at': 'Fri Mar 25 10:44:04 +0000 2022', 'name': 'JurnalPatroliNews', 'screen_name': 'Jurnalpatroli_'}, 'dm_permissions': {'can_dm': False}, 'follow_request_sent': False, 'has_graduated_access': True, 'is_blue_verified': False, 'legacy': {'default_profile': True, 'default_profile_image': False, 'description': 'Media Online Infomatif Terkini Dan Akurat', 'entities': {'description': {'urls': []}, 'url': {'urls': [{'display_url': 'jurnalpatrolinews.co.id', 'expanded_url': 'http://jurnalpatrolinews.co.id', 'url': 'https://t.co/3QzGVwlhru', 'indices': [0, 23]}]}}, 'fast_followers_count': 0, 'favourites_count': 667, 'followers_count': 402, 'friends_count': 1998, 'has_custom_timelines': False, 'is_translator': False, 'listed_count': 0, 'media_count': 18, 'normal_followers_count': 402, 'pinned_tweet_ids_str': [], 'possibly_sensitive': False, 'profile_banner_url': 'https://pbs.twimg.com/profile_banners/1507307226058223618/1679583591', 'profile_interstitial_type': '', 'statuses_count': 24595, 'translator_type': 'none', 'url': 'https://t.co/3QzGVwlhru', 'want_retweets': False, 'withheld_in_countries': []}, 'location': {'location': 'Indonesia'}, 'media_permissions': {'can_media_tag': True}, 'parody_commentary_fan_label': 'None', 'profile_image_shape': 'Circle', 'professional': {'rest_id': '1638897254022119425', 'professional_type': 'Business', 'category': [{'id': 580, 'name': 'Media & News Company', 'icon_name': ''}]}, 'profile_bio': {'description': 'Media Online Infomatif Terkini Dan Akurat'}, 'privacy': {'protected': False}, 'relationship_perspectives': {'following': False}, 'tipjar_settings': {}, 'verification': {'verified': False}, 'profile_description_language': 'in'}}, {'result': {'__typename': 'User', 'id': 'VXNlcjoxNTA3MzA3MjI2MDU4MjIzNjE4', 'rest_id': '1507307226058223618', 'affiliates_highlighted_label': {}, 'avatar': {'image_url': 'https://pbs.twimg.com/profile_images/1507307323278036996/v9k_QZdS_normal.jpg'}, 'core': {'created_at': 'Fri Mar 25 10:44:04 +0000 2022', 'name': 'JurnalPatroliNews', 'screen_name': 'Jurnalpatroli_'}, 'dm_permissions': {'can_dm': False}, 'follow_request_sent': False, 'has_graduated_access': True, 'is_blue_verified': False, 'legacy': {'default_profile': True, 'default_profile_image': False, 'description': 'Media Online Infomatif Terkini Dan Akurat', 'entities': {'description': {'urls': []}, 'url': {'urls': [{'display_url': 'jurnalpatrolinews.co.id', 'expanded_url': 'http://jurnalpatrolinews.co.id', 'url': 'https://t.co/3QzGVwlhru', 'indices': [0, 23]}]}}, 'fast_followers_count': 0, 'favourites_count': 667, 'followers_count': 402, 'friends_count': 1998, 'has_custom_timelines': False, 'is_translator': False, 'listed_count': 0, 'media_count': 18, 'normal_followers_count': 402, 'pinned_tweet_ids_str': [], 'possibly_sensitive': False, 'profile_banner_url': 'https://pbs.twimg.com/profile_banners/1507307226058223618/1679583591', 'profile_interstitial_type': '', 'statuses_count': 24595, 'translator_type': 'none', 'url': 'https://t.co/3QzGVwlhru', 'want_retweets': False, 'withheld_in_countries': []}, 'location': {'location': 'Indonesia'}, 'media_permissions': {'can_media_tag': True}, 'parody_commentary_fan_label': 'None', 'profile_image_shape': 'Circle', 'professional': {'rest_id': '1638897254022119425', 'professional_type': 'Business', 'category': [{'id': 580, 'name': 'Media & News Company', 'icon_name': ''}]}, 'profile_bio': {'description': 'Media Online Infomatif Terkini Dan Akurat'}, 'privacy': {'protected': False}, 'relationship_perspectives': {'following': False}, 'tipjar_settings': {}, 'verification': {'verified': False}, 'profile_description_language': 'in'}}]}",{},"{'hashtags': [], 'symbols': [], 'timestamps': [], 'urls': [{'display_url': 'jurnalpatrolinews.co.id/nasional/wacan…', 'expanded_url': 'https://jurnalpatrolinews.co.id/nasional/wacana-pemilihan-gubernur-oleh-pusat-dan-kepala-daerah-oleh-dprd-kembali-mencuat-pkb-ini-bagian-dari-evaluasi/', 'url': 'https://t.co/prjDgK6FSx', 'indices': [0, 23]}], 'user_mentions': []}",,,,,False,0.0,
tweet,1951271424192033103,https://x.com/ariessetiabudi/status/1951271424192033103,https://twitter.com/ariessetiabudi/status/1951271424192033103,Apakah akhirnya pilbup/walkot diganti sama pemilihan oleh DPRD dan gubernur diangkat langsung oleh presiden dengan level setara menteri?,,0.0,0.0,0.0,0.0,71.0,Fri Aug 01 13:18:55 +0000 2025,in,0.0,False,,1.951271424192033e+18,,,False,"{'type': 'user', 'userName': 'ariessetiabudi', 'url': 'https://x.com/ariessetiabudi', 'twitterUrl': 'https://twitter.com/ariessetiabudi', 'id': '72677691', 'name': 'Aries Setiabudi', 'isVerified': False, 'isBlueVerified': False, 'profilePicture': 'https://pbs.twimg.com/profile_images/2701020736/8c77f000562958cb2f09a2e05a2ffdba_normal.jpeg', 'coverPicture': 'https://pbs.twimg.com/profile_banners/72677691/1729953048', 'description': ""I'm alien, I'm legal alien"", 'location': 'ÜT: -6.869398,107.537618', 'followers': 2136, 'following': 2097, 'status': '', 'canDm': False, 'canMediaTag': False, 'createdAt': 'Tue Sep 08 21:42:58 +0000 2009', 'entities': {'description': {'urls': []}, 'url': {}}, 'fastFollowersCount': 0, 'favouritesCount': 1880, 'hasCustomTimelines': True, 'isTranslator': False, 'mediaCount': 153, 'statusesCount': 8478, 'withheldInCountries': [], 'affiliatesHighlightedLabel': {}, 'possiblySensitive': False, 'pinnedTweetIds': [], 'profile_bio': {'description': ""I'm alien, I'm legal alien""}, 'isAutomated': False, 'automatedBy': None}",{},,{},"{'hashtags': [], 'symbols': [], 'timestamps': [], 'urls': [], 'user_mentions': []}",,,,,False,0.0,
tweet,1948337615264211160,https://x.com/detikcom/status/1948337615264211160,https://twitter.com/detikcom/status/1948337615264211160,"Cak Imin mengatakan PKB ingin ada dua pola dalam pemilihan kepala daerah. Kedua pola itu yakni gubernur dipilih oleh pemerintah pusat, sementara bupati dipilih oleh rakyat melalui DPRD.",,0.0,1.0,2.0,0.0,3238.0,Thu Jul 24 11:01:00 +0000 2025,in,0.0,False,,1.9483376152642112e+18,,,False,"{'type': 'user', 'userName': 'detikcom', 'url': 'https://x.com/detikcom', 'twitterUrl': 'https://twitter.com/detikcom', 'id': '69183155', 'name': 'detikcom', 'isVerified': False, 'isBlueVerified': True, 'profilePicture': 'https://pbs.twimg.com/profile_images/1888546820974051328/tnM9DhBs_normal.jpg', 'coverPicture': 'https://pbs.twimg.com/profile_banners/69183155/1739099689', 'description': 'Media online nomor 1 di Indonesia | Hadir untuk memberikan validasi & referensi informasi Anda. Kunjungi: https://t.co/qldGGYFcFu', 'location': '', 'followers': 22931507, 'following': 43, 'status': '', 'canDm': True, 'canMediaTag': False, 'createdAt': 'Thu Aug 27 03:03:05 +0000 2009', 'entities': {'description': {'urls': []}, 'url': {}}, 'fastFollowersCount': 0, 'favouritesCount': 13765, 'hasCustomTimelines': True, 'isTranslator': False, 'mediaCount': 444993, 'statusesCount': 2523774, 'withheldInCountries': [], 'affiliatesHighlightedLabel': {}, 'possiblySensitive': False, 'pinnedTweetIds': [], 'profile_bio': {'description': 'Media online nomor 1 di Indonesia | Hadir untuk memberikan validasi & referensi informasi Anda. Kunjungi: https://t.co/qldGGYFcFu'}, 'isAutomated': False, 'automatedBy': None}",{},"{'binding_values': [{'key': 'photo_image_full_size_large', 'value': {'image_value': {'height': 419, 'width': 800, 'url': 'https://pbs.twimg.com/card_img/2008916254233440256/KhzysZwD?format=jpg&name=800x419'}, 'type': 'IMAGE'}}, {'key': 'thumbnail_image', 'value': {'image_value': {'height': 150, 'width': 266, 'url': 'https://pbs.twimg.com/card_img/2008916254233440256/KhzysZwD?format=jpg&name=280x150'}, 'type': 'IMAGE'}}, {'key': 'description', 'value': {'string_value': 'Cak Imin mengatakan ada dua hal yang menjadi kesimpulan PKB dalam pengkajian ulang pemilihan kepala daerah secara langsung.', 'type': 'STRING'}}, {'key': 'domain', 'value': {'string_value': 'news.detik.com', 'type': 'STRING'}}, {'key': 'thumbnail_image_large', 'value': {'image_value': {'height': 320, 'width': 568, 'url': 'https://pbs.twimg.com/card_img/2008916254233440256/KhzysZwD?format=jpg&name=800x320_1'}, 'type': 'IMAGE'}}, {'key': 'summary_photo_image_small', 'value': {'image_value': {'height': 202, 'width': 386, 'url': 'https://pbs.twimg.com/card_img/2008916254233440256/KhzysZwD?format=jpg&name=386x202'}, 'type': 'IMAGE'}}, {'key': 'thumbnail_image_original', 'value': {'image_value': {'height': 676, 'width': 1200, 'url': 'https://pbs.twimg.com/card_img/2008916254233440256/KhzysZwD?format=jpg&name=orig'}, 'type': 'IMAGE'}}, {'key': 'photo_image_full_size_small', 'value': {'image_value': {'height': 202, 'width': 386, 'url': 'https://pbs.twimg.com/card_img/2008916254233440256/KhzysZwD?format=jpg&name=386x202'}, 'type': 'IMAGE'}}, {'key': 'summary_photo_image_large', 'value': {'image_value': {'height': 419, 'width': 800, 'url': 'https://pbs.twimg.com/card_img/2008916254233440256/KhzysZwD?format=jpg&name=800x419'}, 'type': 'IMAGE'}}, {'key': 'thumbnail_image_small', 'value': {'image_value': {'height': 81, 'width': 144, 'url': 'https://pbs.twimg.com/card_img/2008916254233440256/KhzysZwD?format=jpg&name=144x144'}, 'type': 'IMAGE'}}, {'key': 'creator', 'value': {'type': 'USER', 'user_value': {'id_str': '69183155', 'path': []}}}, {'key': 'thumbnail_image_x_large', 'value': {'image_value': {'height': 676, 'width': 1200, 'url': 'https://pbs.twimg.com/card_img/2008916254233440256/KhzysZwD?format=png&name=2048x2048_2_exp'}, 'type': 'IMAGE'}}, {'key': 'photo_image_full_size_original', 'value': {'image_value': {'height': 676, 'width': 1200, 'url': 'https://pbs.twimg.com/card_img/2008916254233440256/KhzysZwD?format=jpg&name=orig'}, 'type': 'IMAGE'}}, {'key': 'vanity_url', 'value': {'scribe_key': 'vanity_url', 'string_value': 'news.detik.com', 'type': 'STRING'}}, {'key': 'photo_image_full_size', 'value': {'image_value': {'height': 314, 'width': 600, 'url': 'https://pbs.twimg.com/card_img/2008916254233440256/KhzysZwD?format=jpg&name=600x314'}, 'type': 'IMAGE'}}, {'key': 'thumbnail_image_color', 'value': {'image_color_value': {'palette': [{'rgb': {'blue': 38, 'green': 47, 'red': 40}, 'percentage': 48.22}, {'rgb': {'blue': 36, 'green': 77, 'red': 35}, 'percentage': 8.19}, {'rgb': {'blue': 73, 'green': 59, 'red': 57}, 'percentage': 6.86}, {'rgb': {'blue': 215, 'green': 209, 'red': 229}, 'percentage': 5.77}, {'rgb': {'blue': 43, 'green': 190, 'red': 8}, 'percentage': 2.41}]}, 'type': 'IMAGE_COLOR'}}, {'key': 'title', 'value': {'string_value': 'Cak Imin Usul 2 Pola Pilkada: Gubernur Ditunjuk Pusat, Bupati Dipilih DPRD', 'type': 'STRING'}}, {'key': 'summary_photo_image_color', 'value': {'image_color_value': {'palette': [{'rgb': {'blue': 38, 'green': 47, 'red': 40}, 'percentage': 48.22}, {'rgb': {'blue': 36, 'green': 77, 'red': 35}, 'percentage': 8.19}, {'rgb': {'blue': 73, 'green': 59, 'red': 57}, 'percentage': 6.86}, {'rgb': {'blue': 215, 'green': 209, 'red': 229}, 'percentage': 5.77}, {'rgb': {'blue': 43, 'green': 190, 'red': 8}, 'percentage': 2.41}]}, 'type': 'IMAGE_COLOR'}}, {'key': 'summary_photo_image_x_large', 'value': {'image_value': {'height': 676, 'width': 1200, 'url': 'https://pbs.twimg.com/card_img/2008916254233440256/KhzysZwD?format=png&name=2048x2048_2_exp'}, 'type': 'IMAGE'}}, {'key': 'summary_photo_image', 'value': {'image_value': {'height': 314, 'width': 600, 'url': 'https://pbs.twimg.com/card_img/2008916254233440256/KhzysZwD?format=jpg&name=600x314'}, 'type': 'IMAGE'}}, {'key': 'photo_image_full_size_color', 'value': {'image_color_value': {'palette': [{'rgb': {'blue': 38, 'green': 47, 'red': 40}, 'percentage': 48.22}, {'rgb': {'blue': 36, 'green': 77, 'red': 35}, 'percentage': 8.19}, {'rgb': {'blue': 73, 'green': 59, 'red': 57}, 'percentage': 6.86}, {'rgb': {'blue': 215, 'green': 209, 'red': 229}, 'percentage': 5.77}, {'rgb': {'blue': 43, 'green': 190, 'red': 8}, 'percentage': 2.41}]}, 'type': 'IMAGE_COLOR'}}, {'key': 'photo_image_full_size_x_large', 'value': {'image_value': {'height': 676, 'width': 1200, 'url': 'https://pbs.twimg.com/card_img/2008916254233440256/KhzysZwD?format=png&name=2048x2048_2_exp'}, 'type': 'IMAGE'}}, {'key': 'card_url', 'value': {'scribe_key': 'card_url', 'string_value': 'https://t.co/fkR9CKO27S', 'type': 'STRING'}}, {'key': 'summary_photo_image_original', 'value': {'image_value': {'height': 676, 'width': 1200, 'url': 'https://pbs.twimg.com/card_img/2008916254233440256/KhzysZwD?format=jpg&name=orig'}, 'type': 'IMAGE'}}], 'card_platform': {'platform': {'audience': {'name': 'production'}, 'device': {'name': 'Android', 'version': '12'}}}, 'name': 'summary_large_image', 'url': 'https://t.co/fkR9CKO27S', 'user_refs_results': [{'result': {'__typename': 'User', 'id': 'VXNlcjo2OTE4MzE1NQ==', 'rest_id': '69183155', 'affiliates_highlighted_label': {}, 'avatar': {'image_url': 'https://pbs.twimg.com/profile_images/1888546820974051328/tnM9DhBs_normal.jpg'}, 'core': {'created_at': 'Thu Aug 27 03:03:05 +0000 2009', 'name': 'detikcom', 'screen_name': 'detikcom'}, 'dm_permissions': {'can_dm': True}, 'follow_request_sent': False, 'has_graduated_access': True, 'is_blue_verified': True, 'legacy': {'default_profile': False, 'default_profile_image': False, 'description': 'Media online nomor 1 di Indonesia | Hadir untuk memberikan validasi & referensi informasi Anda. Kunjungi: https://t.co/qldGGYFcFu', 'entities': {'description': {'urls': [{'display_url': 'detik.com', 'expanded_url': 'http://www.detik.com', 'url': 'https://t.co/qldGGYFcFu', 'indices': [106, 129]}]}}, 'fast_followers_count': 0, 'favourites_count': 13765, 'followers_count': 22931507, 'friends_count': 43, 'has_custom_timelines': True, 'is_translator': False, 'listed_count': 12083, 'media_count': 444993, 'normal_followers_count': 22931507, 'pinned_tweet_ids_str': [], 'possibly_sensitive': False, 'profile_banner_url': 'https://pbs.twimg.com/profile_banners/69183155/1739099689', 'profile_interstitial_type': '', 'statuses_count': 2523774, 'translator_type': 'regular', 'want_retweets': False, 'withheld_in_countries': []}, 'location': {'location': ''}, 'media_permissions': {'can_media_tag': False}, 'parody_commentary_fan_label': 'None', 'profile_image_shape': 'Square', 'professional': {'rest_id': '1471697869346205696', 'professional_type': 'Business', 'category': []}, 'profile_bio': {'description': 'Media online nomor 1 di Indonesia | Hadir untuk memberikan validasi & referensi informasi Anda. Kunjungi: https://t.co/qldGGYFcFu'}, 'privacy': {'protected': False}, 'relationship_perspectives': {'following': False}, 'tipjar_settings': {}, 'verification': {'verified': False, 'verified_type': 'Business'}, 'profile_description_language': 'id'}}]}",{},"{'hashtags': [], 'symbols': [], 'timestamps': [], 'urls': [{'display_url': 'news.detik.com/berita/d-80261…', 'expanded_url': 'https://news.detik.com/berita/d-8026146/cak-imin-usul-2-pola-pilkada-gubernur-ditunjuk-pusat-bupati-dipilih-dprd?utm_campaign=detikcomsocmed&utm_medium=oa&utm_source=twitter&utm_content=detikcom', 'url': 'https://t.co/fkR9CKO27S', 'indices': [186, 209]}], 'user_mentions': []}",,,,,False,0.0,
tweet,1942942062254719332,https://x.com/demokrasi_ruwet/status/1942942062254719332,https://twitter.com/demokrasi_ruwet/status/1942942062254719332,"kalau pemilihan anggota DPRD provinsi serta kab/kota bareng sama pemilihan gubernur dan bupati/walikota malahan jadinya ntar caleg"" yg maju di daerah lebih fokus ikutan kampanye buat kepala daerah yg di usung oleh partainya jadi masyarakat nggak bisa tau visi misi calegnya",,0.0,1.0,0.0,0.0,12.0,Wed Jul 09 13:41:00 +0000 2025,in,0.0,True,1.942940107431981e+18,1.942907494587638e+18,,,False,"{'type': 'user', 'userName': 'demokrasi_ruwet', 'url': 'https://x.com/demokrasi_ruwet', 'twitterUrl': 'https://twitter.com/demokrasi_ruwet', 'id': '1841772803533766657', 'name': 'katanya demokrasi', 'isVerified': False, 'isBlueVerified': False, 'profilePicture': 'https://pbs.twimg.com/profile_images/1845796275201232896/S5Wi23it_normal.jpg', 'coverPicture': 'https://pbs.twimg.com/profile_banners/1841772803533766657/1727950950', 'description': '', 'location': '', 'followers': 682, 'following': 638, 'status': '', 'canDm': False, 'canMediaTag': False, 'createdAt': 'Thu Oct 03 09:30:48 +0000 2024', 'entities': {'description': {'urls': []}, 'url': {}}, 'fastFollowersCount': 0, 'favouritesCount': 121862, 'hasCustomTimelines': True, 'isTranslator': False, 'mediaCount': 1163, 'statusesCount': 106708, 'withheldInCountries': [], 'affiliatesHighlightedLabel': {}, 'possiblySensitive': False, 'pinnedTweetIds': [], 'profile_bio': {'description': ''}, 'isAutomated': False, 'automatedBy': None}",{},,{},"{'hashtags': [], 'symbols': [], 'timestamps': [], 'urls': [], 'user_mentions': [{'id_str': '1296312516901916672', 'name': 'Demokrasi Rasa Nepotisme', 'screen_name': 'Bambangmulyonoo', 'indices': [0, 16]}]}",,,,,False,0.0,
tweet,1934980879610413533,https://x.com/aden87/status/1934980879610413533,https://twitter.com/aden87/status/1934980879610413533,"Pemilihan walikota/bupati dihapus. Langsung ditunjuk oleh gubernur terpilih pilkada. Syarat gubernur pernah jd walikota/bupati salah satu daerah tsb, syarat walikota/bupati pernah jd slh satu camat wilayah tsb. Jadi kemampuan manajerialnya udh terbukti. Dprd tingkat 2 dihapus jg",,0.0,0.0,1.0,0.0,126.0,Tue Jun 17 14:26:06 +0000 2025,in,0.0,True,1.9348321267149335e+18,1.9348321267149335e+18,,,False,"{'type': 'user', 'userName': 'aden87', 'url': 'https://x.com/aden87', 'twitterUrl': 'https://twitter.com/aden87', 'id': '85036328', 'name': 'koden', 'isVerified': False, 'isBlueVerified': False, 'profilePicture': 'https://pbs.twimg.com/profile_images/1974399087840768001/PSKpIJ-D_normal.jpg', 'coverPicture': 'https://pbs.twimg.com/profile_banners/85036328/1571193248', 'description': '', 'location': '', 'followers': 238, 'following': 640, 'status': '', 'canDm': True, 'canMediaTag': False, 'createdAt': 'Sun Oct 25 08:05:41 +0000 2009', 'entities': {'description': {'urls': []}, 'url': {}}, 'fastFollowersCount': 0, 'favouritesCount': 2037, 'hasCustomTimelines': True, 'isTranslator': False, 'mediaCount': 1129, 'statusesCount': 17705, 'withheldInCountries': [], 'affiliatesHighlightedLabel': {}, 'possiblySensitive': False, 'pinnedTweetIds': [], 'profile_bio': {'description': ''}, 'isAutomated': False, 'automatedBy': None}",{},,{},"{'hashtags': [], 'symbols': [], 'timestamps': [], 'urls': [], 'user_mentions': [{'id_str': '1794298849651212288', 'name': 'Budi 【DavidBeatt】🐿🦉🎨🔮🧟\u200d♀️☔🦚🍂🔨📜', 'screen_name': 'BudiBukanIntel', 'indices': [0, 15]}]}",,,,,False,0.0,
tweet,1934862360562552877,https://x.com/RomeoWalker19/status/1934862360562552877,https://twitter.com/RomeoWalker19/status/1934862360562552877,"Sutiyoso kembali terpilih sebagai Gubenur DKI Jakarta untuk masa bakti 2002-2007. Pria yang akrab disapa Bang Yos itu menang dalam pemilihan Gubernur DKI oleh anggota dewan yang berlangsung di Gedung DPRD, Kebon Sirih, Jakarta Pusat.",,0.0,0.0,1.0,0.0,36.0,Tue Jun 17 06:35:09 +0000 2025,in,0.0,True,1.9348613704593454e+18,1.9345539693362135e+18,,,False,"{'type': 'user', 'userName': 'RomeoWalker19', 'url': 'https://x.com/RomeoWalker19', 'twitterUrl': 'https://twitter.com/RomeoWalker19', 'id': '1520394867750301696', 'name': 'ROMEO', 'isVerified': False, 'isBlueVerified': True, 'profilePicture': 'https://pbs.twimg.com/profile_images/1959657645243260928/j6UFG-1E_normal.jpg', 'coverPicture': 'https://pbs.twimg.com/profile_banners/1520394867750301696/1746472073', 'description': 'Always Doing With The Sexy Things', 'location': 'DKI Jakarta, Indonesia', 'followers': 12666, 'following': 8807, 'status': '', 'canDm': False, 'canMediaTag': False, 'createdAt': 'Sat Apr 30 13:29:51 +0000 2022', 'entities': {'description': {'urls': []}, 'url': {}}, 'fastFollowersCount': 0, 'favouritesCount': 257803, 'hasCustomTimelines': True, 'isTranslator': False, 'mediaCount': 20398, 'statusesCount': 196442, 'withheldInCountries': [], 'affiliatesHighlightedLabel': {}, 'possiblySensitive': False, 'pinnedTweetIds': ['1799337603969487246'], 'profile_bio': {'description': 'Always Doing With The Sexy Things'}, 'isAutomated': False, 'automatedBy': None}",{},,{},"{'hashtags': [], 'symbols': [], 'timestamps': [], 'urls': [], 'user_mentions': [{'id_str': '1921925389682962432', 'name': 'Manuhar Situmeang', 'screen_name': 'Sit70997Manuhar', 'indices': [0, 16]}]}",,,,,False,0.0,
tweet,1920084875836834017,https://x.com/antaranews_ntb/status/1920084875836834017,https://twitter.com/antaranews_ntb/status/1920084875836834017,"Gubernur NBT, Lalu Muhamad Iqbal angkat bicara terkait adanya usulan pembentukan Daerah Otonomi Baru (DOB) Provinsi Pulau Sumbawa (PPS) oleh delapan anggota DPRD NTB dari daerah pemilihan (Dapil) V Kabupaten Sumbawa dan Sumbawa Barat. beritaViral",,0.0,0.0,1.0,0.0,29.0,Wed May 07 11:54:42 +0000 2025,in,0.0,False,,1.920084875836834e+18,,,False,"{'type': 'user', 'userName': 'antaranews_ntb', 'url': 'https://x.com/antaranews_ntb', 'twitterUrl': 'https://twitter.com/antaranews_ntb', 'id': '1571876659850280962', 'name': 'Antaranews NTB', 'isVerified': False, 'isBlueVerified': False, 'profilePicture': 'https://pbs.twimg.com/profile_images/1585487129412456448/B250HdSp_normal.jpg', 'coverPicture': 'https://pbs.twimg.com/profile_banners/1571876659850280962/1736765111', 'description': 'Lembaga Kantor Berita Nasional (LKBN) Antara biro Nusa Tenggara Barat. Baca berita langsung dari sumbernya!', 'location': 'West Nusa Tenggara, Indonesia', 'followers': 39, 'following': 94, 'status': '', 'canDm': False, 'canMediaTag': True, 'createdAt': 'Mon Sep 19 14:59:45 +0000 2022', 'entities': {'description': {'urls': []}, 'url': {}}, 'fastFollowersCount': 0, 'favouritesCount': 1865, 'hasCustomTimelines': True, 'isTranslator': False, 'mediaCount': 126, 'statusesCount': 4196, 'withheldInCountries': [], 'affiliatesHighlightedLabel': {}, 'possiblySensitive': False, 'pinnedTweetIds': [], 'profile_bio': {'description': 'Lembaga Kantor Berita Nasional (LKBN) Antara biro Nusa Tenggara Barat. Baca berita langsung dari sumbernya!'}, 'isAutomated': False, 'automatedBy': None}",{},"{'binding_values': [{'key': 'description', 'value': {'string_value': 'Gubernur Nusa Tenggara Barat, Lalu Muhamad Iqbal angkat bicara terkait adanya usulan kembali pembentukan Daerah Otonomi Baru (DOB) Provinsi Pulau Sumbawa (PPS) oleh delapan ANTARA News mataram kabar...', 'type': 'STRING'}}, {'key': 'domain', 'value': {'string_value': 'mataram.antaranews.com', 'type': 'STRING'}}, {'key': 'site', 'value': {'scribe_key': 'publisher_id', 'type': 'USER', 'user_value': {'id_str': '1480404565602172929', 'path': []}}}, {'key': 'creator', 'value': {'type': 'USER', 'user_value': {'id_str': '1480404565602172929', 'path': []}}}, {'key': 'vanity_url', 'value': {'scribe_key': 'vanity_url', 'string_value': 'mataram.antaranews.com', 'type': 'STRING'}}, {'key': 'title', 'value': {'string_value': 'Pembentukan Provinsi Sumbawa kebijakan pusat, kata Gubernur Iqbal', 'type': 'STRING'}}, {'key': 'card_url', 'value': {'scribe_key': 'card_url', 'string_value': 'https://t.co/iuQQjU1Qwf', 'type': 'STRING'}}], 'card_platform': {'platform': {'audience': {'name': 'production'}, 'device': {'name': 'Android', 'version': '12'}}}, 'name': 'summary_large_image', 'url': 'https://t.co/iuQQjU1Qwf', 'user_refs_results': [{'result': {'__typename': 'User', 'id': 'VXNlcjoxNDgwNDA0NTY1NjAyMTcyOTI5', 'rest_id': '1480404565602172929', 'affiliates_highlighted_label': {}, 'avatar': {'image_url': 'https://pbs.twimg.com/profile_images/1502151989668376576/dtOMZWGH_normal.jpg'}, 'core': {'created_at': 'Mon Jan 10 05:03:19 +0000 2022', 'name': 'AntaraNewsNtb', 'screen_name': 'Antaranewsntb1'}, 'dm_permissions': {'can_dm': False}, 'follow_request_sent': False, 'has_graduated_access': True, 'is_blue_verified': False, 'legacy': {'default_profile': True, 'default_profile_image': False, 'description': 'Akun official Kantor Berita Antara Nusa Tenggara Barat', 'entities': {'description': {'urls': []}, 'url': {'urls': [{'display_url': 'mataram.antaranews.com', 'expanded_url': 'http://mataram.antaranews.com', 'url': 'https://t.co/FDsSjqZ6JW', 'indices': [0, 23]}]}}, 'fast_followers_count': 0, 'favourites_count': 0, 'followers_count': 9, 'friends_count': 32, 'has_custom_timelines': False, 'is_translator': False, 'listed_count': 0, 'media_count': 3, 'normal_followers_count': 9, 'pinned_tweet_ids_str': [], 'possibly_sensitive': False, 'profile_banner_url': 'https://pbs.twimg.com/profile_banners/1480404565602172929/1641791150', 'profile_interstitial_type': '', 'statuses_count': 12, 'translator_type': 'none', 'url': 'https://t.co/FDsSjqZ6JW', 'want_retweets': False, 'withheld_in_countries': []}, 'location': {'location': 'West Nusa Tenggara, Indonesia'}, 'media_permissions': {'can_media_tag': True}, 'parody_commentary_fan_label': 'None', 'profile_image_shape': 'Circle', 'professional': {'rest_id': '1480406766517035009', 'professional_type': 'Business', 'category': [{'id': 580, 'name': 'Media & News Company', 'icon_name': ''}]}, 'profile_bio': {'description': 'Akun official Kantor Berita Antara Nusa Tenggara Barat'}, 'privacy': {'protected': False}, 'relationship_perspectives': {'following': False}, 'tipjar_settings': {}, 'verification': {'verified': False}}}, {'result': {'__typename': 'User', 'id': 'VXNlcjoxNDgwNDA0NTY1NjAyMTcyOTI5', 'rest_id': '1480404565602172929', 'affiliates_highlighted_label': {}, 'avatar': {'image_url': 'https://pbs.twimg.com/profile_images/1502151989668376576/dtOMZWGH_normal.jpg'}, 'core': {'created_at': 'Mon Jan 10 05:03:19 +0000 2022', 'name': 'AntaraNewsNtb', 'screen_name': 'Antaranewsntb1'}, 'dm_permissions': {'can_dm': False}, 'follow_request_sent': False, 'has_graduated_access': True, 'is_blue_verified': False, 'legacy': {'default_profile': True, 'default_profile_image': False, 'description': 'Akun official Kantor Berita Antara Nusa Tenggara Barat', 'entities': {'description': {'urls': []}, 'url': {'urls': [{'display_url': 'mataram.antaranews.com', 'expanded_url': 'http://mataram.antaranews.com', 'url': 'https://t.co/FDsSjqZ6JW', 'indices': [0, 23]}]}}, 'fast_followers_count': 0, 'favourites_count': 0, 'followers_count': 9, 'friends_count': 32, 'has_custom_timelines': False, 'is_translator': False, 'listed_count': 0, 'media_count': 3, 'normal_followers_count': 9, 'pinned_tweet_ids_str': [], 'possibly_sensitive': False, 'profile_banner_url': 'https://pbs.twimg.com/profile_banners/1480404565602172929/1641791150', 'profile_interstitial_type': '', 'statuses_count': 12, 'translator_type': 'none', 'url': 'https://t.co/FDsSjqZ6JW', 'want_retweets': False, 'withheld_in_countries': []}, 'location': {'location': 'West Nusa Tenggara, Indonesia'}, 'media_permissions': {'can_media_tag': True}, 'parody_commentary_fan_label': 'None', 'profile_image_shape': 'Circle', 'professional': {'rest_id': '1480406766517035009', 'professional_type': 'Business', 'category': [{'id': 580, 'name': 'Media & News Company', 'icon_name': ''}]}, 'profile_bio': {'description': 'Akun official Kantor Berita Antara Nusa Tenggara Barat'}, 'privacy': {'protected': False}, 'relationship_perspectives': {'following': False}, 'tipjar_settings': {}, 'verification': {'verified': False}}}]}",{},"{'hashtags': [{'indices': [259, 271], 'text': 'beritaViral'}], 'symbols': [], 'timestamps': [], 'urls': [{'display_url': 'mataram.antaranews.com/berita/450357/…', 'expanded_url': 'https://mataram.antaranews.com/berita/450357/pembentukan-provinsi-sumbawa-kebijakan-pusat-kata-gubernur-iqbal', 'url': 'https://t.co/iuQQjU1Qwf', 'indices': [235, 258]}], 'user_mentions': []}",,,,,False,0.0,
tweet,1903947736485155291,https://x.com/syafaribo/status/1903947736485155291,https://twitter.com/syafaribo/status/1903947736485155291,"30 September 2014 disahkan UU No. 22/2014 tentang Pemilihan Gubernur, Bupati, dan Wali Kota yang mengatur bahwa kepala daerah dipilih oleh DPRD. UU ini diprotes masyarakat sipil. 2 Oktober 2014 presiden SBY keluarin 2 Perppu untuk cabut UU tsb.",,0.0,0.0,0.0,0.0,70.0,Sun Mar 23 23:11:28 +0000 2025,in,0.0,False,,1.9039477364851553e+18,,,False,"{'type': 'user', 'userName': 'syafaribo', 'url': 'https://x.com/syafaribo', 'twitterUrl': 'https://twitter.com/syafaribo', 'id': '223159688', 'name': 'm syafari', 'isVerified': False, 'isBlueVerified': False, 'profilePicture': 'https://pbs.twimg.com/profile_images/1127285611675602944/aFIYtvxy_normal.jpg', 'coverPicture': '', 'description': '', 'location': '', 'followers': 112, 'following': 195, 'status': '', 'canDm': False, 'canMediaTag': False, 'createdAt': 'Sun Dec 05 15:37:37 +0000 2010', 'entities': {'description': {'urls': []}, 'url': {}}, 'fastFollowersCount': 0, 'favouritesCount': 1, 'hasCustomTimelines': True, 'isTranslator': False, 'mediaCount': 202, 'statusesCount': 3537, 'withheldInCountries': [], 'affiliatesHighlightedLabel': {}, 'possiblySensitive': False, 'pinnedTweetIds': [], 'profile_bio': {'description': ''}, 'isAutomated': False, 'automatedBy': None}",{},,{},"{'hashtags': [], 'symbols': [], 'timestamps': [], 'urls': [], 'user_mentions': []}",,,"{'type': 'tweet', 'id': '1902988557024948448', 'url': 'https://x.com/tempodotco/status/1902988557024948448', 'twitterUrl': 'https://twitter.com/tempodotco/status/1902988557024948448', 'text': 'Koalisi Masyarakat Sipil Bandung Geruduk DPRD Jawa Barat Menolak UU TNI  https://t.co/n2kVayNaIx', 'source': '', 'retweetCount': 20, 'replyCount': 1, 'likeCount': 74, 'quoteCount': 2, 'viewCount': 5667, 'createdAt': 'Fri Mar 21 07:40:02 +0000 2025', 'lang': 'in', 'bookmarkCount': 0, 'isReply': False, 'inReplyToId': None, 'conversationId': '1902988557024948448', 'inReplyToUserId': None, 'inReplyToUsername': None, 'isPinned': False, 'author': {'type': 'user', 'userName': 'tempodotco', 'url': 'https://x.com/tempodotco', 'twitterUrl': 'https://twitter.com/tempodotco', 'id': '18129942', 'name': 'tempo.co', 'isVerified': False, 'isBlueVerified': True, 'profilePicture': 'https://pbs.twimg.com/profile_images/1968882591031058432/qH8VMl2G_normal.jpg', 'coverPicture': 'https://pbs.twimg.com/profile_banners/18129942/1730987805', 'description': 'sejak 1971 | enak dibaca dan perlu | follow untuk berita terbaru, laporan khusus, dan penjelasan yang seru.', 'location': 'Indonesia', 'followers': 2299416, 'following': 19, 'status': '', 'canDm': True, 'canMediaTag': True, 'createdAt': 'Mon Dec 15 03:54:15 +0000 2008', 'entities': {'description': {'urls': []}, 'url': {}}, 'fastFollowersCount': 0, 'favouritesCount': 1069, 'hasCustomTimelines': True, 'isTranslator': False, 'mediaCount': 32650, 'statusesCount': 1436529, 'withheldInCountries': [], 'affiliatesHighlightedLabel': {}, 'possiblySensitive': False, 'pinnedTweetIds': ['2009211270181081444'], 'profile_bio': {'description': 'sejak 1971 | enak dibaca dan perlu | follow untuk berita terbaru, laporan khusus, dan penjelasan yang seru.'}, 'isAutomated': False, 'automatedBy': None}, 'extendedEntities': {}, 'card': {'binding_values': [{'key': 'photo_image_full_size_large', 'value': {'image_value': {'height': 377, 'width': 720, 'url': 'https://pbs.twimg.com/card_img/2007336682526248960/IY_Yl96v?format=jpg&name=800x419'}, 'type': 'IMAGE'}}, {'key': 'thumbnail_image', 'value': {'image_value': {'height': 150, 'width': 267, 'url': 'https://pbs.twimg.com/card_img/2007336682526248960/IY_Yl96v?format=jpg&name=280x150'}, 'type': 'IMAGE'}}, {'key': 'description', 'value': {'string_value': 'Massa aksi koalisi masyarakat sipil Bandung menilai disahkannya UU TNI adalah kemunduran yang sangat parah bagi demokrasi sejak era reformasi.', 'type': 'STRING'}}, {'key': 'domain', 'value': {'string_value': 'www.tempo.co', 'type': 'STRING'}}, {'key': 'thumbnail_image_large', 'value': {'image_value': {'height': 320, 'width': 569, 'url': 'https://pbs.twimg.com/card_img/2007336682526248960/IY_Yl96v?format=jpg&name=800x320_1'}, 'type': 'IMAGE'}}, {'key': 'summary_photo_image_small', 'value': {'image_value': {'height': 202, 'width': 386, 'url': 'https://pbs.twimg.com/card_img/2007336682526248960/IY_Yl96v?format=jpg&name=386x202'}, 'type': 'IMAGE'}}, {'key': 'thumbnail_image_original', 'value': {'image_value': {'height': 405, 'width': 720, 'url': 'https://pbs.twimg.com/card_img/2007336682526248960/IY_Yl96v?format=jpg&name=orig'}, 'type': 'IMAGE'}}, {'key': 'site', 'value': {'scribe_key': 'publisher_id', 'type': 'USER', 'user_value': {'id_str': '18129942', 'path': []}}}, {'key': 'photo_image_full_size_small', 'value': {'image_value': {'height': 202, 'width': 386, 'url': 'https://pbs.twimg.com/card_img/2007336682526248960/IY_Yl96v?format=jpg&name=386x202'}, 'type': 'IMAGE'}}, {'key': 'summary_photo_image_large', 'value': {'image_value': {'height': 377, 'width': 720, 'url': 'https://pbs.twimg.com/card_img/2007336682526248960/IY_Yl96v?format=jpg&name=800x419'}, 'type': 'IMAGE'}}, {'key': 'thumbnail_image_small', 'value': {'image_value': {'height': 81, 'width': 144, 'url': 'https://pbs.twimg.com/card_img/2007336682526248960/IY_Yl96v?format=jpg&name=144x144'}, 'type': 'IMAGE'}}, {'key': 'thumbnail_image_x_large', 'value': {'image_value': {'height': 405, 'width': 720, 'url': 'https://pbs.twimg.com/card_img/2007336682526248960/IY_Yl96v?format=png&name=2048x2048_2_exp'}, 'type': 'IMAGE'}}, {'key': 'photo_image_full_size_original', 'value': {'image_value': {'height': 405, 'width': 720, 'url': 'https://pbs.twimg.com/card_img/2007336682526248960/IY_Yl96v?format=jpg&name=orig'}, 'type': 'IMAGE'}}, {'key': 'vanity_url', 'value': {'scribe_key': 'vanity_url', 'string_value': 'tempo.co', 'type': 'STRING'}}, {'key': 'photo_image_full_size', 'value': {'image_value': {'height': 314, 'width': 600, 'url': 'https://pbs.twimg.com/card_img/2007336682526248960/IY_Yl96v?format=jpg&name=600x314'}, 'type': 'IMAGE'}}, {'key': 'thumbnail_image_color', 'value': {'image_color_value': {'palette': [{'rgb': {'blue': 33, 'green': 37, 'red': 38}, 'percentage': 59.49}, {'rgb': {'blue': 218, 'green': 201, 'red': 197}, 'percentage': 15.42}, {'rgb': {'blue': 104, 'green': 108, 'red': 126}, 'percentage': 7.29}, {'rgb': {'blue': 93, 'green': 80, 'red': 77}, 'percentage': 6.48}, {'rgb': {'blue': 34, 'green': 69, 'red': 63}, 'percentage': 2.5}]}, 'type': 'IMAGE_COLOR'}}, {'key': 'title', 'value': {'string_value': 'Koalisi Masyarakat Sipil Bandung Geruduk DPRD Jawa Barat Menolak UU TNI', 'type': 'STRING'}}, {'key': 'summary_photo_image_color', 'value': {'image_color_value': {'palette': [{'rgb': {'blue': 33, 'green': 37, 'red': 38}, 'percentage': 59.49}, {'rgb': {'blue': 218, 'green': 201, 'red': 197}, 'percentage': 15.42}, {'rgb': {'blue': 104, 'green': 108, 'red': 126}, 'percentage': 7.29}, {'rgb': {'blue': 93, 'green': 80, 'red': 77}, 'percentage': 6.48}, {'rgb': {'blue': 34, 'green': 69, 'red': 63}, 'percentage': 2.5}]}, 'type': 'IMAGE_COLOR'}}, {'key': 'summary_photo_image_x_large', 'value': {'image_value': {'height': 405, 'width': 720, 'url': 'https://pbs.twimg.com/card_img/2007336682526248960/IY_Yl96v?format=png&name=2048x2048_2_exp'}, 'type': 'IMAGE'}}, {'key': 'summary_photo_image', 'value': {'image_value': {'height': 314, 'width': 600, 'url': 'https://pbs.twimg.com/card_img/2007336682526248960/IY_Yl96v?format=jpg&name=600x314'}, 'type': 'IMAGE'}}, {'key': 'photo_image_full_size_color', 'value': {'image_color_value': {'palette': [{'rgb': {'blue': 33, 'green': 37, 'red': 38}, 'percentage': 59.49}, {'rgb': {'blue': 218, 'green': 201, 'red': 197}, 'percentage': 15.42}, {'rgb': {'blue': 104, 'green': 108, 'red': 126}, 'percentage': 7.29}, {'rgb': {'blue': 93, 'green': 80, 'red': 77}, 'percentage': 6.48}, {'rgb': {'blue': 34, 'green': 69, 'red': 63}, 'percentage': 2.5}]}, 'type': 'IMAGE_COLOR'}}, {'key': 'photo_image_full_size_x_large', 'value': {'image_value': {'height': 405, 'width': 720, 'url': 'https://pbs.twimg.com/card_img/2007336682526248960/IY_Yl96v?format=png&name=2048x2048_2_exp'}, 'type': 'IMAGE'}}, {'key': 'card_url', 'value': {'scribe_key': 'card_url', 'string_value': 'https://t.co/n2kVayNaIx', 'type': 'STRING'}}, {'key': 'summary_photo_image_original', 'value': {'image_value': {'height': 405, 'width': 720, 'url': 'https://pbs.twimg.com/card_img/2007336682526248960/IY_Yl96v?format=jpg&name=orig'}, 'type': 'IMAGE'}}], 'card_platform': {'platform': {'audience': {'name': 'production'}, 'device': {'name': 'Android', 'version': '12'}}}, 'name': 'summary_large_image', 'url': 'https://t.co/n2kVayNaIx', 'user_refs_results': [{'result': {'__typename': 'User', 'id': 'VXNlcjoxODEyOTk0Mg==', 'rest_id': '18129942', 'affiliates_highlighted_label': {}, 'avatar': {'image_url': 'https://pbs.twimg.com/profile_images/1968882591031058432/qH8VMl2G_normal.jpg'}, 'core': {'created_at': 'Mon Dec 15 03:54:15 +0000 2008', 'name': 'tempo.co', 'screen_name': 'tempodotco'}, 'dm_permissions': {'can_dm': True}, 'follow_request_sent': False, 'has_graduated_access': True, 'is_blue_verified': True, 'legacy': {'default_profile': False, 'default_profile_image': False, 'description': 'sejak 1971 | enak dibaca dan perlu | follow untuk berita terbaru, laporan khusus, dan penjelasan yang seru.', 'entities': {'description': {'urls': []}, 'url': {'urls': [{'display_url': 'tempo.co', 'expanded_url': 'http://tempo.co', 'url': 'https://t.co/aR6kgUM5in', 'indices': [0, 23]}]}}, 'fast_followers_count': 0, 'favourites_count': 1069, 'followers_count': 2299416, 'friends_count': 19, 'has_custom_timelines': True, 'is_translator': False, 'listed_count': 3476, 'media_count': 32650, 'normal_followers_count': 2299416, 'pinned_tweet_ids_str': ['2009211270181081444'], 'possibly_sensitive': False, 'profile_banner_url': 'https://pbs.twimg.com/profile_banners/18129942/1730987805', 'profile_interstitial_type': '', 'statuses_count': 1436529, 'translator_type': 'regular', 'url': 'https://t.co/aR6kgUM5in', 'want_retweets': False, 'withheld_in_countries': []}, 'location': {'location': 'Indonesia'}, 'media_permissions': {'can_media_tag': True}, 'parody_commentary_fan_label': 'None', 'profile_image_shape': 'Circle', 'professional': {'rest_id': '1469684527916150792', 'professional_type': 'Business', 'category': [{'id': 580, 'name': 'Media & News Company', 'icon_name': ''}]}, 'profile_bio': {'description': 'sejak 1971 | enak dibaca dan perlu | follow untuk berita terbaru, laporan khusus, dan penjelasan yang seru.'}, 'privacy': {'protected': False}, 'relationship_perspectives': {'following': False}, 'tipjar_settings': {}, 'verification': {'verified': False}, 'profile_description_language': 'id'}}]}, 'place': {}, 'entities': {'hashtags': [], 'symbols': [], 'timestamps': [], 'urls': [{'display_url': 'tempo.co/politik/koalis…', 'expanded_url': 'https://www.tempo.co/politik/koalisi-masyarakat-sipil-bandung-geruduk-dprd-jawa-barat-menolak-uu-tni--1222439', 'url': 'https://t.co/n2kVayNaIx', 'indices': [73, 96]}], 'user_mentions': []}, 'reply_to_user_results': None, 'quoted_tweet_results': None, 'quoted_tweet': None, 'retweeted_tweet': None, 'isConversationControlled': False}",,False,0.0,True
tweet,1903793722564981104,https://x.com/wfdin__/status/1903793722564981104,https://twitter.com/wfdin__/status/1903793722564981104,"UU nomor 22 tahun 2014 tentang pemilihan gubernur, bupati, walikota Dalam UU tersebut pemilihan kepala daerah dipilih melalui DPRD, tapi kemudian dibatalkan oleh SBY melalui PERPPU nomor 1 tahun 2014 yang mengembalikan pemilihan seperti semula",,0.0,0.0,0.0,0.0,73.0,Sun Mar 23 12:59:28 +0000 2025,in,0.0,True,1.903704541624951e+18,1.9036756458525248e+18,,,False,"{'type': 'user', 'userName': 'wfdin__', 'url': 'https://x.com/wfdin__', 'twitterUrl': 'https://twitter.com/wfdin__', 'id': '3235737793', 'name': 'Din', 'isVerified': False, 'isBlueVerified': False, 'profilePicture': 'https://pbs.twimg.com/profile_images/1908894707788435456/yohMQHvC_normal.jpg', 'coverPicture': 'https://pbs.twimg.com/profile_banners/3235737793/1739890658', 'description': '', 'location': 'Sidoarjo, East Java', 'followers': 140, 'following': 41, 'status': '', 'canDm': True, 'canMediaTag': True, 'createdAt': 'Thu Jun 04 04:38:31 +0000 2015', 'entities': {'description': {'urls': []}, 'url': {}}, 'fastFollowersCount': 0, 'favouritesCount': 686, 'hasCustomTimelines': True, 'isTranslator': False, 'mediaCount': 37, 'statusesCount': 2409, 'withheldInCountries': [], 'affiliatesHighlightedLabel': {}, 'possiblySensitive': False, 'pinnedTweetIds': ['1759412195446894756'], 'profile_bio': {'description': ''}, 'isAutomated': False, 'automatedBy': None}",{},,{},"{'hashtags': [], 'symbols': [], 'timestamps': [], 'urls': [], 'user_mentions': [{'id_str': '1631354317537157120', 'name': 'Arcrypto 🔮', 'screen_name': 'archistring', 'indices': [0, 12]}, {'id_str': '1152437175587241985', 'name': '🦈 SUROBOYOFESS 🐊', 'screen_name': 'sbyfess', 'indices': [30, 38]}]}",,,,,False,0.0,
tweet,1903305161243770983,https://x.com/sgkxt/status/1903305161243770983,https://twitter.com/sgkxt/status/1903305161243770983,"Mekanisme pemilihan kepala daerah dari tingkat walikota/bupati dan gubernur harus dipilih oleh anggota DPRD/DPD saja. Selama ini, Rakyat dan Ormas digiring dalam memilih pasangan Gubernur, Walikota/Bupati. Menyebabkan rawan sekali terjadi gesekan di arus bawah.",,0.0,0.0,0.0,0.0,168.0,Sat Mar 22 04:38:06 +0000 2025,in,0.0,False,,1.903305161243771e+18,,,False,"{'type': 'user', 'userName': 'sgkxt', 'url': 'https://x.com/sgkxt', 'twitterUrl': 'https://twitter.com/sgkxt', 'id': '119292066', 'name': 'DASAR TOLOL', 'isVerified': False, 'isBlueVerified': False, 'profilePicture': 'https://pbs.twimg.com/profile_images/1951340950669893635/p13Lafnd_normal.jpg', 'coverPicture': 'https://pbs.twimg.com/profile_banners/119292066/1761579247', 'description': 'Gak ngerti sistem, Gak ngerti apa-apa, sok paling tahu ekonomi juga ideologi negara, lalu bergerak seperti pahlawan/ aktivis? \n\nTOLOLLLL TOLOLLL', 'location': '', 'followers': 877, 'following': 83, 'status': '', 'canDm': True, 'canMediaTag': False, 'createdAt': 'Wed Mar 03 06:15:13 +0000 2010', 'entities': {'description': {'urls': []}, 'url': {}}, 'fastFollowersCount': 0, 'favouritesCount': 626, 'hasCustomTimelines': True, 'isTranslator': False, 'mediaCount': 1950, 'statusesCount': 19635, 'withheldInCountries': [], 'affiliatesHighlightedLabel': {}, 'possiblySensitive': False, 'pinnedTweetIds': ['2008892843264540825'], 'profile_bio': {'description': 'Gak ngerti sistem, Gak ngerti apa-apa, sok paling tahu ekonomi juga ideologi negara, lalu bergerak seperti pahlawan/ aktivis? \n\nTOLOLLLL TOLOLLL'}, 'isAutomated': False, 'automatedBy': None}",{},,{},"{'hashtags': [], 'symbols': [], 'timestamps': [], 'urls': [], 'user_mentions': []}",,,"{'type': 'tweet', 'id': '1903060766368076177', 'url': 'https://x.com/neVerAl0nely___/status/1903060766368076177', 'twitterUrl': 'https://twitter.com/neVerAl0nely___/status/1903060766368076177', 'text': 'Belum Sehari Jabat Bupati Jeneponto, Paris Yasir Tertangkap Kamera Tunjuk dan Teriaki Warga\n\nBupati Jeneponto, Paris Yasir diduga terlihat terprovokasi dengan orang yang tak diketahui. Dalah video yang beredar, Paris Yasir yang baru saja dilantik oleh Gubernur Sulsel Andi Sudirman Sulaiman terlihat bersorak dengan kalimat ‘nomor dua’ yang merupakan nomor urutnya saat Pilkada Jeneponto 2024.\n\n“Nomor dua, dua,” sorak Paris.\n\nSetelah itu, Paris turun dari mobilnya yang sementara di tengah jalan, lalu terlihat ingin menghampiri orang tak dikenal itu. Ia juga terlihat menunjuk-nunjuk orang yang tak dikenal.\n\nParis juga terlihat dilerai oleh salah satu yang diduga adalah ajudan\xa0Bupati Jeneponto\xa0itu.\n\nAtas insiden itu, lalu lintas di lokasi terlihat padat atau terjadi macet. Belum diketahui di mana lokasi tepat kejadian itu.\n\nHingga berita ini tayang, belum diketahui secara pasti apa penyebab kejadian tersebut.\n\nSelengkapnya di sulsel.herald. id\nVid Ist', 'source': '', 'retweetCount': 446, 'replyCount': 271, 'likeCount': 1023, 'quoteCount': 70, 'viewCount': 279291, 'createdAt': 'Fri Mar 21 12:26:58 +0000 2025', 'lang': 'in', 'bookmarkCount': 58, 'isReply': False, 'inReplyToId': None, 'conversationId': '1903060766368076177', 'inReplyToUserId': None, 'inReplyToUsername': None, 'isPinned': False, 'author': {'type': 'user', 'userName': 'neVerAl0nely___', 'url': 'https://x.com/neVerAl0nely___', 'twitterUrl': 'https://twitter.com/neVerAl0nely___', 'id': '1282751327588585473', 'name': 'Never', 'isVerified': False, 'isBlueVerified': True, 'profilePicture': 'https://pbs.twimg.com/profile_images/1859487903271034880/dVbXbMJ__normal.jpg', 'coverPicture': 'https://pbs.twimg.com/profile_banners/1282751327588585473/1735552096', 'description': ""Don't be afraid to speak, the law guarantees freedom of speech, association and assembly\n-influencer social Media"", 'location': 'multiverse', 'followers': 54146, 'following': 4289, 'status': '', 'canDm': True, 'canMediaTag': False, 'createdAt': 'Mon Jul 13 18:59:06 +0000 2020', 'entities': {'description': {'urls': []}, 'url': {}}, 'fastFollowersCount': 0, 'favouritesCount': 82254, 'hasCustomTimelines': True, 'isTranslator': False, 'mediaCount': 18243, 'statusesCount': 66991, 'withheldInCountries': [], 'affiliatesHighlightedLabel': {}, 'possiblySensitive': False, 'pinnedTweetIds': ['2008102659933585864'], 'profile_bio': {'description': ""Don't be afraid to speak, the law guarantees freedom of speech, association and assembly\n-influencer social Media""}, 'isAutomated': False, 'automatedBy': None}, 'extendedEntities': {'media': [{'display_url': 'pic.x.com/Gk95mHdzFJ', 'expanded_url': 'https://x.com/neVerAl0nely/status/1903060766368076177/video/1', 'id_str': '1903060689511649280', 'indices': [274, 297], 'media_key': '7_1903060689511649280', 'media_url_https': 'https://pbs.twimg.com/ext_tw_video_thumb/1903060689511649280/pu/img/-5n9PajNVTnu_0ng.jpg', 'type': 'video', 'url': 'https://t.co/Gk95mHdzFJ', 'additional_media_info': {'monetizable': False}, 'ext_media_availability': {'status': 'Available'}, 'sizes': {'large': {'h': 1276, 'w': 718, 'resize': 'fit'}, 'medium': {'h': 1200, 'w': 675, 'resize': 'fit'}, 'small': {'h': 680, 'w': 383, 'resize': 'fit'}, 'thumb': {'h': 150, 'w': 150, 'resize': 'crop'}}, 'original_info': {'height': 1276, 'width': 718, 'focus_rects': []}, 'allow_download_status': {'allow_download': True}, 'video_info': {'aspect_ratio': [359, 638], 'duration_millis': 33042, 'variants': [{'content_type': 'application/x-mpegURL', 'url': 'https://video.twimg.com/ext_tw_video/1903060689511649280/pu/pl/4Cowsyw9yBxtGw63.m3u8?tag=12'}, {'bitrate': 632000, 'content_type': 'video/mp4', 'url': 'https://video.twimg.com/ext_tw_video/1903060689511649280/pu/vid/avc1/320x568/ZgpyPNCU4YrJC2R0.mp4?tag=12'}, {'bitrate': 950000, 'content_type': 'video/mp4', 'url': 'https://video.twimg.com/ext_tw_video/1903060689511649280/pu/vid/avc1/480x852/m-wFHqc99rKkgRyr.mp4?tag=12'}, {'bitrate': 2176000, 'content_type': 'video/mp4', 'url': 'https://video.twimg.com/ext_tw_video/1903060689511649280/pu/vid/avc1/718x1276/0Vhf5hXZp6r4xUR3.mp4?tag=12'}]}, 'media_results': {'result': {'media_key': '7_1903060689511649280'}}}]}, 'card': None, 'place': {}, 'entities': {'hashtags': [], 'symbols': [], 'timestamps': [], 'urls': [], 'user_mentions': []}, 'reply_to_user_results': None, 'quoted_tweet_results': None, 'quoted_tweet': None, 'retweeted_tweet': None, 'isConversationControlled': False}",,False,0.0,True
tweet,1879485910347383153,https://x.com/Rifqieffendiask/status/1879485910347383153,https://twitter.com/Rifqieffendiask/status/1879485910347383153,"Yuhuu Federalis harga mati. Untuk mencegah raja2 kecil berkuasa di daerahnya, pemilihan gubernur, walikota, dan bupati dipilih oleh DPRD sekalian, dan ga boleh ada calon tunggal",,0.0,1.0,1.0,0.0,890.0,Wed Jan 15 11:08:54 +0000 2025,in,0.0,True,1.8792116083644703e+18,1.8792116083644703e+18,,,False,"{'type': 'user', 'userName': 'Rifqieffendiask', 'url': 'https://x.com/Rifqieffendiask', 'twitterUrl': 'https://twitter.com/Rifqieffendiask', 'id': '225340731', 'name': 'Rifqi Effendi Aska', 'isVerified': False, 'isBlueVerified': False, 'profilePicture': 'https://pbs.twimg.com/profile_images/2004776218647035906/VmGYxtaV_normal.jpg', 'coverPicture': 'https://pbs.twimg.com/profile_banners/225340731/1657857593', 'description': '#mot #finoallafine\nPria reaktif yang gerak kalau dipancing aja', 'location': 'Jawa Barat, Indonesia', 'followers': 302, 'following': 360, 'status': '', 'canDm': True, 'canMediaTag': False, 'createdAt': 'Sat Dec 11 09:58:40 +0000 2010', 'entities': {'description': {'urls': []}, 'url': {}}, 'fastFollowersCount': 0, 'favouritesCount': 67388, 'hasCustomTimelines': True, 'isTranslator': False, 'mediaCount': 576, 'statusesCount': 12977, 'withheldInCountries': [], 'affiliatesHighlightedLabel': {}, 'possiblySensitive': False, 'pinnedTweetIds': [], 'profile_bio': {'description': '#mot #finoallafine\nPria reaktif yang gerak kalau dipancing aja'}, 'isAutomated': False, 'automatedBy': None}",{},,{},"{'hashtags': [], 'symbols': [], 'timestamps': [], 'urls': [], 'user_mentions': [{'id_str': '1794298849651212288', 'name': 'Budi 【DavidBeatt】🐿🦉🎨🔮🧟\u200d♀️☔🦚🍂🔨📜', 'screen_name': 'BudiBukanIntel', 'indices': [0, 15]}]}",,,,,False,0.0,
tweet,1874819532541636866,https://x.com/kalembat/status/1874819532541636866,https://twitter.com/kalembat/status/1874819532541636866,"megawati udah mau downfall, anis ahok bertemu ketawa ketawa beserta jajaran gubernur dki, ahok bilang menolak pemilihan langsung gubernur oleh dprd isu yang kemaren mulai digoreng ke publik sama si gendut. bakalan bikin partai inimah fix ini mereka",,0.0,1.0,0.0,0.0,43.0,Thu Jan 02 14:06:23 +0000 2025,in,0.0,False,,1.8748195325416369e+18,,,False,"{'type': 'user', 'userName': 'kalembat', 'url': 'https://x.com/kalembat', 'twitterUrl': 'https://twitter.com/kalembat', 'id': '480031797', 'name': 'Oak Jr al Gharbun', 'isVerified': False, 'isBlueVerified': False, 'profilePicture': 'https://pbs.twimg.com/profile_images/1947321736019795968/7gt4HJKO_normal.jpg', 'coverPicture': 'https://pbs.twimg.com/profile_banners/480031797/1753112840', 'description': 'Tamriel NPC', 'location': 'route 666', 'followers': 603, 'following': 1517, 'status': '', 'canDm': False, 'canMediaTag': False, 'createdAt': 'Wed Feb 01 01:51:14 +0000 2012', 'entities': {'description': {'urls': []}, 'url': {}}, 'fastFollowersCount': 0, 'favouritesCount': 70536, 'hasCustomTimelines': True, 'isTranslator': False, 'mediaCount': 5331, 'statusesCount': 52971, 'withheldInCountries': [], 'affiliatesHighlightedLabel': {}, 'possiblySensitive': False, 'pinnedTweetIds': ['1969099622049067219'], 'profile_bio': {'description': 'Tamriel NPC'}, 'isAutomated': False, 'automatedBy': None}",{},,{},"{'hashtags': [], 'symbols': [], 'timestamps': [], 'urls': [], 'user_mentions': []}",,,,,False,0.0,
tweet,1874422084081971612,https://x.com/Harian_Jogja/status/1874422084081971612,https://twitter.com/Harian_Jogja/status/1874422084081971612,pemilihan kepala daerah (Pilkada) yang ditunjuk oleh Dewan Perwakilan Rakyat Daerah (DPRD) ditolak mentah-mentah oleh Mantan Gubernur DKI Jakarta Basuki Tjahaja Purnama (Ahok).dprd-ini-alasannya,,0.0,1.0,0.0,0.0,222.0,Wed Jan 01 11:47:04 +0000 2025,in,0.0,False,,1.8744220840819717e+18,,,False,"{'type': 'user', 'userName': 'Harian_Jogja', 'url': 'https://x.com/Harian_Jogja', 'twitterUrl': 'https://twitter.com/Harian_Jogja', 'id': '118371948', 'name': 'Harian Jogja', 'isVerified': False, 'isBlueVerified': False, 'profilePicture': 'https://pbs.twimg.com/profile_images/1427303328707321865/hoiphJoT_normal.jpg', 'coverPicture': 'https://pbs.twimg.com/profile_banners/118371948/1629206626', 'description': 'PT Aksara Dinamika Jogja - Penerbit Harian Jogja | Jalan AM Sangaji 41, Jogja, 55223 | 082225649995 l redaksi@harianjogja.com | https://t.co/HJqI7s6oFD', 'location': 'Yogyakarta, Indonesia', 'followers': 168028, 'following': 17, 'status': '', 'canDm': True, 'canMediaTag': False, 'createdAt': 'Sun Feb 28 13:29:27 +0000 2010', 'entities': {'description': {'urls': []}, 'url': {}}, 'fastFollowersCount': 0, 'favouritesCount': 292, 'hasCustomTimelines': True, 'isTranslator': False, 'mediaCount': 307872, 'statusesCount': 578719, 'withheldInCountries': [], 'affiliatesHighlightedLabel': {}, 'possiblySensitive': False, 'pinnedTweetIds': ['2007878023245385963'], 'profile_bio': {'description': 'PT Aksara Dinamika Jogja - Penerbit Harian Jogja | Jalan AM Sangaji 41, Jogja, 55223 | 082225649995 l redaksi@harianjogja.com | https://t.co/HJqI7s6oFD'}, 'isAutomated': False, 'automatedBy': None}",{},"{'binding_values': [{'key': 'description', 'value': {'string_value': 'Wacana pemilihan kepala daerah (Pilkada) yang ditunjuk oleh Dewan Perwakilan Rakyat Daerah (DPRD) ditolak mentah-mentah oleh Mantan Gubernur DKI Jakarta Ahok', 'type': 'STRING'}}, {'key': 'domain', 'value': {'string_value': 'news.harianjogja.com', 'type': 'STRING'}}, {'key': 'vanity_url', 'value': {'scribe_key': 'vanity_url', 'string_value': 'news.harianjogja.com', 'type': 'STRING'}}, {'key': 'title', 'value': {'string_value': 'Ahok Tolak Wacana Pilkada Ditunjuk oleh DPRD, Ini Alasannya - Harianjogja.com', 'type': 'STRING'}}, {'key': 'card_url', 'value': {'scribe_key': 'card_url', 'string_value': 'https://t.co/D4DCtzPWW9', 'type': 'STRING'}}], 'card_platform': {'platform': {'audience': {'name': 'production'}, 'device': {'name': 'Android', 'version': '12'}}}, 'name': 'summary', 'url': 'https://t.co/D4DCtzPWW9', 'user_refs_results': []}",{},"{'hashtags': [], 'symbols': [], 'timestamps': [], 'urls': [{'display_url': 'news.harianjogja.com/read/2025/01/0…', 'expanded_url': 'https://news.harianjogja.com/read/2025/01/01/500/1199565/ahok-tolak-wacana-pilkada-ditunjuk-oleh-Wacana', 'url': 'https://t.co/D4DCtzPWW9', 'indices': [0, 23]}], 'user_mentions': []}",,,,,False,0.0,
tweet,1871412312797835653,https://x.com/herry_zudianto/status/1871412312797835653,https://twitter.com/herry_zudianto/status/1871412312797835653,Saya sepakat untuk Pemilihan Gubernur oleh DPRD (selain Jakarta yg punya Pemerintahan sampai tingkat kelurahan). Untuk Pemilihan Walikota / Bupati tetap Pemilihan Langsung oleh rakyat sbg bagian penguatan otonomi daerah.,,0.0,0.0,1.0,0.0,166.0,Tue Dec 24 04:27:19 +0000 2024,in,0.0,True,1.8714073646808924e+18,1.8714073646808924e+18,,,False,"{'type': 'user', 'userName': 'herry_zudianto', 'url': 'https://x.com/herry_zudianto', 'twitterUrl': 'https://twitter.com/herry_zudianto', 'id': '170171658', 'name': 'kang herry z', 'isVerified': False, 'isBlueVerified': True, 'profilePicture': 'https://pbs.twimg.com/profile_images/1304308179006701575/CJCgCqpA_normal.jpg', 'coverPicture': 'https://pbs.twimg.com/profile_banners/170171658/1407313331', 'description': 'Walikota Yogyakarta 2001-2011; Pembina BW UII; BPH UAD;  Founder Margaria Grup; BHACA AWARD 2010.\n #Urip Iku Tansah Urup', 'location': 'Kota Jogja,DIY,Indonesia', 'followers': 33779, 'following': 726, 'status': '', 'canDm': True, 'canMediaTag': False, 'createdAt': 'Sat Jul 24 03:20:54 +0000 2010', 'entities': {'description': {'urls': []}, 'url': {}}, 'fastFollowersCount': 0, 'favouritesCount': 7603, 'hasCustomTimelines': True, 'isTranslator': False, 'mediaCount': 1705, 'statusesCount': 27820, 'withheldInCountries': [], 'affiliatesHighlightedLabel': {}, 'possiblySensitive': False, 'pinnedTweetIds': [], 'profile_bio': {'description': 'Walikota Yogyakarta 2001-2011; Pembina BW UII; BPH UAD;  Founder Margaria Grup; BHACA AWARD 2010.\n #Urip Iku Tansah Urup'}, 'isAutomated': False, 'automatedBy': None}",{},,{},"{'hashtags': [], 'symbols': [], 'timestamps': [], 'urls': [], 'user_mentions': [{'id_str': '18129942', 'name': 'tempo.co', 'screen_name': 'tempodotco', 'indices': [0, 11]}]}",,,,,False,0.0,
tweet,1870039304401264716,https://x.com/DPP_PKB/status/1870039304401264716,https://twitter.com/DPP_PKB/status/1870039304401264716,"Politisi PKB, Indrajaya mendukung gagasan Presiden Prabowo agar Pemilihan Gubernur (Pilgub) dilakukan oleh DPRD. Dia menilai sistem ini lebih efisien secara anggaran dan menghidupkan demokrasi perwakilan. Bagaimana pendapatmu tentang ini? 🙌🏻 SuaraPKB",,7.0,2.0,11.0,0.0,539.0,Fri Dec 20 09:31:28 +0000 2024,in,0.0,False,,1.8700393044012646e+18,,,False,"{'type': 'user', 'userName': 'DPP_PKB', 'url': 'https://x.com/DPP_PKB', 'twitterUrl': 'https://twitter.com/DPP_PKB', 'id': '748953283', 'name': 'DPP PKB', 'isVerified': False, 'isBlueVerified': True, 'profilePicture': 'https://pbs.twimg.com/profile_images/1953273987267772416/cPVuoEU7_normal.jpg', 'coverPicture': 'https://pbs.twimg.com/profile_banners/748953283/1722596342', 'description': 'Dewan Pengurus Pusat Partai Kebangkitan Bangsa', 'location': 'DKI Jakarta, Indonesia', 'followers': 166335, 'following': 673, 'status': '', 'canDm': False, 'canMediaTag': True, 'createdAt': 'Fri Aug 10 08:41:54 +0000 2012', 'entities': {'description': {'urls': []}, 'url': {}}, 'fastFollowersCount': 0, 'favouritesCount': 14227, 'hasCustomTimelines': True, 'isTranslator': False, 'mediaCount': 12187, 'statusesCount': 95088, 'withheldInCountries': [], 'affiliatesHighlightedLabel': {}, 'possiblySensitive': False, 'pinnedTweetIds': [], 'profile_bio': {'description': 'Dewan Pengurus Pusat Partai Kebangkitan Bangsa'}, 'isAutomated': False, 'automatedBy': None}","{'media': [{'display_url': 'pic.x.com/DRNYE3U4YF', 'expanded_url': 'https://x.com/DPP_PKB/status/1870039304401264716/photo/1', 'id_str': '1870039293751930880', 'indices': [255, 278], 'media_key': '3_1870039293751930880', 'media_url_https': 'https://pbs.twimg.com/media/GfO21GwbMAAsLz_.jpg', 'type': 'photo', 'url': 'https://t.co/DRNYE3U4YF', 'ext_media_availability': {'status': 'Available'}, 'features': {'large': {'faces': [{'x': 536, 'y': 716, 'h': 57, 'w': 57}, {'x': 48, 'y': 617, 'h': 90, 'w': 90}, {'x': 222, 'y': 780, 'h': 242, 'w': 242}, {'x': 73, 'y': 471, 'h': 196, 'w': 196}]}, 'medium': {'faces': [{'x': 502, 'y': 671, 'h': 53, 'w': 53}, {'x': 45, 'y': 578, 'h': 84, 'w': 84}, {'x': 208, 'y': 731, 'h': 226, 'w': 226}, {'x': 68, 'y': 441, 'h': 183, 'w': 183}]}, 'small': {'faces': [{'x': 284, 'y': 380, 'h': 30, 'w': 30}, {'x': 25, 'y': 327, 'h': 47, 'w': 47}, {'x': 117, 'y': 414, 'h': 128, 'w': 128}, {'x': 38, 'y': 250, 'h': 104, 'w': 104}]}, 'orig': {'faces': [{'x': 536, 'y': 716, 'h': 57, 'w': 57}, {'x': 48, 'y': 617, 'h': 90, 'w': 90}, {'x': 222, 'y': 780, 'h': 242, 'w': 242}, {'x': 73, 'y': 471, 'h': 196, 'w': 196}]}}, 'sizes': {'large': {'h': 1280, 'w': 1063, 'resize': 'fit'}, 'medium': {'h': 1200, 'w': 997, 'resize': 'fit'}, 'small': {'h': 680, 'w': 565, 'resize': 'fit'}, 'thumb': {'h': 150, 'w': 150, 'resize': 'crop'}}, 'original_info': {'height': 1280, 'width': 1063, 'focus_rects': [{'x': 0, 'y': 0, 'w': 1063, 'h': 595}, {'x': 0, 'y': 0, 'w': 1063, 'h': 1063}, {'x': 0, 'y': 0, 'w': 1063, 'h': 1212}, {'x': 0, 'y': 0, 'w': 640, 'h': 1280}, {'x': 0, 'y': 0, 'w': 1063, 'h': 1280}]}, 'allow_download_status': {'allow_download': True}, 'media_results': {'result': {'media_key': '3_1870039293751930880'}}}]}",,{},"{'hashtags': [{'indices': [245, 254], 'text': 'SuaraPKB'}], 'media': [{'display_url': 'pic.x.com/DRNYE3U4YF', 'expanded_url': 'https://x.com/DPP_PKB/status/1870039304401264716/photo/1', 'id_str': '1870039293751930880', 'indices': [255, 278], 'media_key': '3_1870039293751930880', 'media_url_https': 'https://pbs.twimg.com/media/GfO21GwbMAAsLz_.jpg', 'type': 'photo', 'url': 'https://t.co/DRNYE3U4YF', 'ext_media_availability': {'status': 'Available'}, 'features': {'large': {'faces': [{'x': 536, 'y': 716, 'h': 57, 'w': 57}, {'x': 48, 'y': 617, 'h': 90, 'w': 90}, {'x': 222, 'y': 780, 'h': 242, 'w': 242}, {'x': 73, 'y': 471, 'h': 196, 'w': 196}]}, 'medium': {'faces': [{'x': 502, 'y': 671, 'h': 53, 'w': 53}, {'x': 45, 'y': 578, 'h': 84, 'w': 84}, {'x': 208, 'y': 731, 'h': 226, 'w': 226}, {'x': 68, 'y': 441, 'h': 183, 'w': 183}]}, 'small': {'faces': [{'x': 284, 'y': 380, 'h': 30, 'w': 30}, {'x': 25, 'y': 327, 'h': 47, 'w': 47}, {'x': 117, 'y': 414, 'h': 128, 'w': 128}, {'x': 38, 'y': 250, 'h': 104, 'w': 104}]}, 'orig': {'faces': [{'x': 536, 'y': 716, 'h': 57, 'w': 57}, {'x': 48, 'y': 617, 'h': 90, 'w': 90}, {'x': 222, 'y': 780, 'h': 242, 'w': 242}, {'x': 73, 'y': 471, 'h': 196, 'w': 196}]}}, 'sizes': {'large': {'h': 1280, 'w': 1063, 'resize': 'fit'}, 'medium': {'h': 1200, 'w': 997, 'resize': 'fit'}, 'small': {'h': 680, 'w': 565, 'resize': 'fit'}, 'thumb': {'h': 150, 'w': 150, 'resize': 'crop'}}, 'original_info': {'height': 1280, 'width': 1063, 'focus_rects': [{'x': 0, 'y': 0, 'w': 1063, 'h': 595}, {'x': 0, 'y': 0, 'w': 1063, 'h': 1063}, {'x': 0, 'y': 0, 'w': 1063, 'h': 1212}, {'x': 0, 'y': 0, 'w': 640, 'h': 1280}, {'x': 0, 'y': 0, 'w': 1063, 'h': 1280}]}, 'allow_download_status': {'allow_download': True}, 'media_results': {'result': {'media_key': '3_1870039293751930880'}}}], 'symbols': [], 'timestamps': [], 'urls': [], 'user_mentions': []}",,,,,False,0.0,
tweet,1869667695182131520,https://x.com/Haidarmohalisi/status/1869667695182131520,https://twitter.com/Haidarmohalisi/status/1869667695182131520,Sedang dalam pemilihan gubernur nanti akan dilakukan oleh DPRD saja dengan alasan costnya terlalu tinggi. Padahal salah satu unsur biaya yang lumayan ya rekom dari partai. Terus nanti mau dikasih ke partai 100% kewenangannya lewat DPRD. Yakin nanti partai ga mintain duit?,,0.0,0.0,0.0,0.0,54.0,Thu Dec 19 08:54:49 +0000 2024,in,0.0,False,,1.8696676951821315e+18,,,False,"{'type': 'user', 'userName': 'Haidarmohalisi', 'url': 'https://x.com/Haidarmohalisi', 'twitterUrl': 'https://twitter.com/Haidarmohalisi', 'id': '97158250', 'name': 'Haidar Mohalisi', 'isVerified': False, 'isBlueVerified': False, 'profilePicture': 'https://pbs.twimg.com/profile_images/1661688772784951296/JsqF9qGs_normal.jpg', 'coverPicture': 'https://pbs.twimg.com/profile_banners/97158250/1619993761', 'description': '', 'location': '', 'followers': 178, 'following': 579, 'status': '', 'canDm': False, 'canMediaTag': False, 'createdAt': 'Wed Dec 16 07:22:11 +0000 2009', 'entities': {'description': {'urls': []}, 'url': {}}, 'fastFollowersCount': 0, 'favouritesCount': 13231, 'hasCustomTimelines': True, 'isTranslator': False, 'mediaCount': 196, 'statusesCount': 6944, 'withheldInCountries': [], 'affiliatesHighlightedLabel': {}, 'possiblySensitive': False, 'pinnedTweetIds': [], 'profile_bio': {'description': ''}, 'isAutomated': False, 'automatedBy': None}",{},,{},"{'hashtags': [], 'symbols': [], 'timestamps': [], 'urls': [], 'user_mentions': []}",,,,,False,0.0,
tweet,1869631385939607873,https://x.com/giri_la45/status/1869631385939607873,https://twitter.com/giri_la45/status/1869631385939607873,"Sebaiknya pemilihan Gubernur, Bupati, Walikota oleh DPRD. Yang dipilih langsung oleh Rakyat adalah Kepala Desa, Presiden dan Anggota DPR, DPD, DPRD dengan ketentuan anggota dewan yg akan dipilih benar2 memiliki kompetensi bukan karena memiliki uang banyak, dan usia maksimum 55 th",,0.0,1.0,0.0,0.0,36.0,Thu Dec 19 06:30:33 +0000 2024,in,0.0,True,1.8695331042114355e+18,1.8695331042114355e+18,,,False,"{'type': 'user', 'userName': 'giri_la45', 'url': 'https://x.com/giri_la45', 'twitterUrl': 'https://twitter.com/giri_la45', 'id': '1583219851564285954', 'name': 'LaGiri', 'isVerified': False, 'isBlueVerified': False, 'profilePicture': 'https://pbs.twimg.com/profile_images/1585379221295497216/uG4v_vVP_normal.jpg', 'coverPicture': '', 'description': 'melakukan perubahan', 'location': 'Kota Makassar, Sulawesi Selata', 'followers': 1, 'following': 119, 'status': '', 'canDm': False, 'canMediaTag': True, 'createdAt': 'Thu Oct 20 22:13:54 +0000 2022', 'entities': {'description': {'urls': []}, 'url': {}}, 'fastFollowersCount': 0, 'favouritesCount': 44, 'hasCustomTimelines': True, 'isTranslator': False, 'mediaCount': 0, 'statusesCount': 125, 'withheldInCountries': [], 'affiliatesHighlightedLabel': {}, 'possiblySensitive': False, 'pinnedTweetIds': [], 'profile_bio': {'description': 'melakukan perubahan'}, 'isAutomated': False, 'automatedBy': None}",{},,{},"{'hashtags': [], 'symbols': [], 'timestamps': [], 'urls': [], 'user_mentions': [{'id_str': '55507370', 'name': 'tvOnenews', 'screen_name': 'tvOneNews', 'indices': [0, 10]}]}",,,,,False,0.0,
tweet,1869326741950362055,https://x.com/detikcom/status/1869326741950362055,https://twitter.com/detikcom/status/1869326741950362055,"Mencuat Wacana Gubernur Dipilih DPRD, Ketua DPRD DKI: Semua Ada Plus Minus Prabowo menyampaikan wacana pemilihan kepala daerah oleh DPRD. Ketua DPRD DKI Jakarta, Khoirudin, menyebut pihaknya akan mengikuti keputusan terbaik. >> detikcom",,0.0,0.0,1.0,0.0,4108.0,Wed Dec 18 10:20:00 +0000 2024,in,0.0,False,,1.869326741950362e+18,,,False,"{'type': 'user', 'userName': 'detikcom', 'url': 'https://x.com/detikcom', 'twitterUrl': 'https://twitter.com/detikcom', 'id': '69183155', 'name': 'detikcom', 'isVerified': False, 'isBlueVerified': True, 'profilePicture': 'https://pbs.twimg.com/profile_images/1888546820974051328/tnM9DhBs_normal.jpg', 'coverPicture': 'https://pbs.twimg.com/profile_banners/69183155/1739099689', 'description': 'Media online nomor 1 di Indonesia | Hadir untuk memberikan validasi & referensi informasi Anda. Kunjungi: https://t.co/qldGGYFcFu', 'location': '', 'followers': 22931507, 'following': 43, 'status': '', 'canDm': True, 'canMediaTag': False, 'createdAt': 'Thu Aug 27 03:03:05 +0000 2009', 'entities': {'description': {'urls': []}, 'url': {}}, 'fastFollowersCount': 0, 'favouritesCount': 13765, 'hasCustomTimelines': True, 'isTranslator': False, 'mediaCount': 444993, 'statusesCount': 2523774, 'withheldInCountries': [], 'affiliatesHighlightedLabel': {}, 'possiblySensitive': False, 'pinnedTweetIds': [], 'profile_bio': {'description': 'Media online nomor 1 di Indonesia | Hadir untuk memberikan validasi & referensi informasi Anda. Kunjungi: https://t.co/qldGGYFcFu'}, 'isAutomated': False, 'automatedBy': None}",{},"{'binding_values': [{'key': 'photo_image_full_size_large', 'value': {'image_value': {'height': 419, 'width': 800, 'url': 'https://pbs.twimg.com/card_img/2006235779933093888/SjydUU4G?format=jpg&name=800x419'}, 'type': 'IMAGE'}}, {'key': 'thumbnail_image', 'value': {'image_value': {'height': 150, 'width': 267, 'url': 'https://pbs.twimg.com/card_img/2006235779933093888/SjydUU4G?format=jpg&name=280x150'}, 'type': 'IMAGE'}}, {'key': 'description', 'value': {'string_value': 'Prabowo menyampaikan wacana pemilihan kepala daerah oleh DPRD. Ketua DPRD DKI Jakarta Khoirudin menyebutkan pihaknya akan mengikuti keputusan terbaik.', 'type': 'STRING'}}, {'key': 'domain', 'value': {'string_value': 'news.detik.com', 'type': 'STRING'}}, {'key': 'thumbnail_image_large', 'value': {'image_value': {'height': 320, 'width': 569, 'url': 'https://pbs.twimg.com/card_img/2006235779933093888/SjydUU4G?format=jpg&name=800x320_1'}, 'type': 'IMAGE'}}, {'key': 'summary_photo_image_small', 'value': {'image_value': {'height': 202, 'width': 386, 'url': 'https://pbs.twimg.com/card_img/2006235779933093888/SjydUU4G?format=jpg&name=386x202'}, 'type': 'IMAGE'}}, {'key': 'thumbnail_image_original', 'value': {'image_value': {'height': 675, 'width': 1200, 'url': 'https://pbs.twimg.com/card_img/2006235779933093888/SjydUU4G?format=jpg&name=orig'}, 'type': 'IMAGE'}}, {'key': 'photo_image_full_size_small', 'value': {'image_value': {'height': 202, 'width': 386, 'url': 'https://pbs.twimg.com/card_img/2006235779933093888/SjydUU4G?format=jpg&name=386x202'}, 'type': 'IMAGE'}}, {'key': 'summary_photo_image_large', 'value': {'image_value': {'height': 419, 'width': 800, 'url': 'https://pbs.twimg.com/card_img/2006235779933093888/SjydUU4G?format=jpg&name=800x419'}, 'type': 'IMAGE'}}, {'key': 'thumbnail_image_small', 'value': {'image_value': {'height': 81, 'width': 144, 'url': 'https://pbs.twimg.com/card_img/2006235779933093888/SjydUU4G?format=jpg&name=144x144'}, 'type': 'IMAGE'}}, {'key': 'creator', 'value': {'type': 'USER', 'user_value': {'id_str': '69183155', 'path': []}}}, {'key': 'thumbnail_image_x_large', 'value': {'image_value': {'height': 675, 'width': 1200, 'url': 'https://pbs.twimg.com/card_img/2006235779933093888/SjydUU4G?format=png&name=2048x2048_2_exp'}, 'type': 'IMAGE'}}, {'key': 'photo_image_full_size_original', 'value': {'image_value': {'height': 675, 'width': 1200, 'url': 'https://pbs.twimg.com/card_img/2006235779933093888/SjydUU4G?format=jpg&name=orig'}, 'type': 'IMAGE'}}, {'key': 'vanity_url', 'value': {'scribe_key': 'vanity_url', 'string_value': 'news.detik.com', 'type': 'STRING'}}, {'key': 'photo_image_full_size', 'value': {'image_value': {'height': 314, 'width': 600, 'url': 'https://pbs.twimg.com/card_img/2006235779933093888/SjydUU4G?format=jpg&name=600x314'}, 'type': 'IMAGE'}}, {'key': 'thumbnail_image_color', 'value': {'image_color_value': {'palette': [{'rgb': {'blue': 67, 'green': 59, 'red': 50}, 'percentage': 27.91}, {'rgb': {'blue': 109, 'green': 132, 'red': 172}, 'percentage': 17.62}, {'rgb': {'blue': 190, 'green': 189, 'red': 188}, 'percentage': 13.5}, {'rgb': {'blue': 26, 'green': 88, 'red': 208}, 'percentage': 6.09}, {'rgb': {'blue': 63, 'green': 91, 'red': 169}, 'percentage': 4.64}]}, 'type': 'IMAGE_COLOR'}}, {'key': 'title', 'value': {'string_value': 'Mencuat Wacana Gubernur Dipilih DPRD, Ketua DPRD DKI: Semua Ada Plus Minus', 'type': 'STRING'}}, {'key': 'summary_photo_image_color', 'value': {'image_color_value': {'palette': [{'rgb': {'blue': 67, 'green': 59, 'red': 50}, 'percentage': 27.91}, {'rgb': {'blue': 109, 'green': 132, 'red': 172}, 'percentage': 17.62}, {'rgb': {'blue': 190, 'green': 189, 'red': 188}, 'percentage': 13.5}, {'rgb': {'blue': 26, 'green': 88, 'red': 208}, 'percentage': 6.09}, {'rgb': {'blue': 63, 'green': 91, 'red': 169}, 'percentage': 4.64}]}, 'type': 'IMAGE_COLOR'}}, {'key': 'summary_photo_image_x_large', 'value': {'image_value': {'height': 675, 'width': 1200, 'url': 'https://pbs.twimg.com/card_img/2006235779933093888/SjydUU4G?format=png&name=2048x2048_2_exp'}, 'type': 'IMAGE'}}, {'key': 'summary_photo_image', 'value': {'image_value': {'height': 314, 'width': 600, 'url': 'https://pbs.twimg.com/card_img/2006235779933093888/SjydUU4G?format=jpg&name=600x314'}, 'type': 'IMAGE'}}, {'key': 'photo_image_full_size_color', 'value': {'image_color_value': {'palette': [{'rgb': {'blue': 67, 'green': 59, 'red': 50}, 'percentage': 27.91}, {'rgb': {'blue': 109, 'green': 132, 'red': 172}, 'percentage': 17.62}, {'rgb': {'blue': 190, 'green': 189, 'red': 188}, 'percentage': 13.5}, {'rgb': {'blue': 26, 'green': 88, 'red': 208}, 'percentage': 6.09}, {'rgb': {'blue': 63, 'green': 91, 'red': 169}, 'percentage': 4.64}]}, 'type': 'IMAGE_COLOR'}}, {'key': 'photo_image_full_size_x_large', 'value': {'image_value': {'height': 675, 'width': 1200, 'url': 'https://pbs.twimg.com/card_img/2006235779933093888/SjydUU4G?format=png&name=2048x2048_2_exp'}, 'type': 'IMAGE'}}, {'key': 'card_url', 'value': {'scribe_key': 'card_url', 'string_value': 'https://t.co/oKOCSoY8A5', 'type': 'STRING'}}, {'key': 'summary_photo_image_original', 'value': {'image_value': {'height': 675, 'width': 1200, 'url': 'https://pbs.twimg.com/card_img/2006235779933093888/SjydUU4G?format=jpg&name=orig'}, 'type': 'IMAGE'}}], 'card_platform': {'platform': {'audience': {'name': 'production'}, 'device': {'name': 'Android', 'version': '12'}}}, 'name': 'summary_large_image', 'url': 'https://t.co/oKOCSoY8A5', 'user_refs_results': [{'result': {'__typename': 'User', 'id': 'VXNlcjo2OTE4MzE1NQ==', 'rest_id': '69183155', 'affiliates_highlighted_label': {}, 'avatar': {'image_url': 'https://pbs.twimg.com/profile_images/1888546820974051328/tnM9DhBs_normal.jpg'}, 'core': {'created_at': 'Thu Aug 27 03:03:05 +0000 2009', 'name': 'detikcom', 'screen_name': 'detikcom'}, 'dm_permissions': {'can_dm': True}, 'follow_request_sent': False, 'has_graduated_access': True, 'is_blue_verified': True, 'legacy': {'default_profile': False, 'default_profile_image': False, 'description': 'Media online nomor 1 di Indonesia | Hadir untuk memberikan validasi & referensi informasi Anda. Kunjungi: https://t.co/qldGGYFcFu', 'entities': {'description': {'urls': [{'display_url': 'detik.com', 'expanded_url': 'http://www.detik.com', 'url': 'https://t.co/qldGGYFcFu', 'indices': [106, 129]}]}}, 'fast_followers_count': 0, 'favourites_count': 13765, 'followers_count': 22931507, 'friends_count': 43, 'has_custom_timelines': True, 'is_translator': False, 'listed_count': 12083, 'media_count': 444993, 'normal_followers_count': 22931507, 'pinned_tweet_ids_str': [], 'possibly_sensitive': False, 'profile_banner_url': 'https://pbs.twimg.com/profile_banners/69183155/1739099689', 'profile_interstitial_type': '', 'statuses_count': 2523774, 'translator_type': 'regular', 'want_retweets': False, 'withheld_in_countries': []}, 'location': {'location': ''}, 'media_permissions': {'can_media_tag': False}, 'parody_commentary_fan_label': 'None', 'profile_image_shape': 'Square', 'professional': {'rest_id': '1471697869346205696', 'professional_type': 'Business', 'category': []}, 'profile_bio': {'description': 'Media online nomor 1 di Indonesia | Hadir untuk memberikan validasi & referensi informasi Anda. Kunjungi: https://t.co/qldGGYFcFu'}, 'privacy': {'protected': False}, 'relationship_perspectives': {'following': False}, 'tipjar_settings': {}, 'verification': {'verified': False, 'verified_type': 'Business'}, 'profile_description_language': 'id'}}]}",{},"{'hashtags': [{'indices': [261, 270], 'text': 'detikcom'}], 'symbols': [], 'timestamps': [], 'urls': [{'display_url': 'news.detik.com/berita/d-76926…', 'expanded_url': 'https://news.detik.com/berita/d-7692626/mencuat-wacana-gubernur-dipilih-dprd-ketua-dprd-dki-semua-ada-plus-minus?utm_campaign=detikcomsocmed&utm_medium=oa&utm_source=twitter&utm_content=detikcom', 'url': 'https://t.co/oKOCSoY8A5', 'indices': [236, 259]}], 'user_mentions': []}",,,,,False,0.0,
tweet,1868891258326011985,https://x.com/Hnirankara/status/1868891258326011985,https://twitter.com/Hnirankara/status/1868891258326011985,"Apakah Pemilihan Gubernur oleh DPRD Layak Di Indonesia? Keterlibatan kaum elite dalam proses pemilihan Gubernur oleh DPRD ini, tentunya membuat kualitas demokrasi di Indonesia menurun. Nah jika dijelaskan dalam Quality pf Democracy Theory, pemilihan Gubernur oleh DPRD menyoroti seberapa jauh proses ini memenuhi standar demokrasi yang baik seperti transparansi, akuntabilitas, partisipasi, dan representasi yang adil. Dalam sistem ini, kualitas demokrasi diukur dari seberapa partisipatif dan inklusif proses pemilihan tersebut, apakah informasi mengenai kandidat dan proses pemilihan tersedia secara terbuka kepada masyarakat, dan apakah DPRD melakukan tugasnya dengan mempertimbangkan kepentingan luas rakyat. Sebuah pemilihan gubernur yang berkualitas tinggi tidak hanya akan memilih pemimpin berdasarkan kompetensi dan integritas, tetapi juga akan memastikan bahwa mekanisme kontrol dan keseimbangan berfungsi untuk mencegah penyalahgunaan kekuasaan. Jika DPRD gagal dalam memastikan transparansi dan partisipasi yang luas, kualitas demokrasi bisa menurun, mengarah pada kepemimpinan yang kurang representatif dan akuntabel kepada masyarakat. Dalam teori ini, Larry Diamond menekankan bahwa demokrasi bukan hanya tentang prosedur pemilihan tetapi juga tentang kualitas partisipasi, transparansi, dan akuntabilitas. Pemilihan Gubernur oleh DPRD bisa mengurangi kualitas demokrasi dengan membuat proses pemilihan kurang transparan dan mempersulit akuntabilitas pemimpin kepada masyarakat. Mengembalikan pemilihan Kepala Daerah ke DPRD di Indonesia, jika mengingat kasus-kasus seperti korupsi, ketidakjujuran, dan potensi penyalahgunaan kekuasaan oleh aparat negara, dapat dianggap sebagai langkah yang membawa banyak risiko bagi demokrasi. Teori-teori tadi menunjukkan bahwa sistem pemilihan oleh DPRD, dapat mengikis fondasi demokrasi Indonesia yang telah dibangun melalui pemilihan langsung. Dan untuk memastikan demokrasi tetap sehat dan berkembang, Indonesia harus memperkuat mekanisme pemilihan, menekan korupsi, dan meningkatkan partisipasi publik dalam proses politik. Ditulis oleh Hara Nirankara dan Goeblan Adham",,2.0,3.0,7.0,0.0,397.0,Tue Dec 17 05:29:32 +0000 2024,in,0.0,True,1.868891115824595e+18,1.8688902830538345e+18,,,False,"{'type': 'user', 'userName': 'Hnirankara', 'url': 'https://x.com/Hnirankara', 'twitterUrl': 'https://twitter.com/Hnirankara', 'id': '871058414364876800', 'name': 'Mas Hara | State of Java', 'isVerified': False, 'isBlueVerified': True, 'profilePicture': 'https://pbs.twimg.com/profile_images/1986286931190378496/kA5X6pSZ_normal.jpg', 'coverPicture': 'https://pbs.twimg.com/profile_banners/871058414364876800/1762402684', 'description': 'Pilih sorotan untuk baca esai', 'location': 'Red Earth 29, Saskatchewan', 'followers': 38985, 'following': 169, 'status': '', 'canDm': True, 'canMediaTag': False, 'createdAt': 'Sat Jun 03 17:38:04 +0000 2017', 'entities': {'description': {'urls': []}, 'url': {}}, 'fastFollowersCount': 0, 'favouritesCount': 2856, 'hasCustomTimelines': True, 'isTranslator': False, 'mediaCount': 2550, 'statusesCount': 15574, 'withheldInCountries': [], 'affiliatesHighlightedLabel': {}, 'possiblySensitive': False, 'pinnedTweetIds': ['2009210467420655946'], 'profile_bio': {'description': 'Pilih sorotan untuk baca esai'}, 'isAutomated': False, 'automatedBy': None}",{},,{},"{'hashtags': [], 'symbols': [], 'urls': [], 'user_mentions': []}",,,,,False,0.0,
tweet,1868891115824595004,https://x.com/Hnirankara/status/1868891115824595004,https://twitter.com/Hnirankara/status/1868891115824595004,"Boneka Oligarki Elite Theory melihat pemilihan Gubernur oleh DPRD sebagai, kekuasaan politik yang sebenarnya dipegang oleh sekelompok kecil individu atau kelompok yang memiliki kekayaan, pengaruh, atau posisi strategis di dalam masyarakat. Dalam sistem ini, pemilihan gubernur oleh DPRD bisa dilihat sebagai proses di mana elite ini memastikan bahwa pemimpin yang terpilih akan mempertahankan atau menguntungkan status quo yang menguntungkan mereka. Anggota DPRD yang merupakan bagian dari, atau setidaknya bersekutu dengan elite, mungkin memilih kandidat berdasarkan jaringan, loyalitas politik, atau kepentingan ekonomi mereka, bukan semata-mata berdasarkan kemampuan atau kepentingan publik. Hal ini bisa mengarah kepada pemerintahan yang lebih fokus pada kepentingan elite daripada kepentingan umum, menegaskan bahwa demokrasi hanyalah sebuah fasad yang menutupi dominasi dari kelas atas. Gaetano Mosca dan Vilfredo Pareto menyatakan bahwa dalam setiap masyarakat, kekuasaan dipegang oleh sekelompok elit kecil. Pemilihan Gubernur oleh DPRD dapat dilihat sebagai mekanisme yang memperkuat kontrol elit politik, mengurangi kontrol demokratis dari masyarakat terhadap pemimpin mereka.",,2.0,2.0,5.0,0.0,331.0,Tue Dec 17 05:28:58 +0000 2024,in,0.0,True,1.8688909712762967e+18,1.8688902830538345e+18,,,False,"{'type': 'user', 'userName': 'Hnirankara', 'url': 'https://x.com/Hnirankara', 'twitterUrl': 'https://twitter.com/Hnirankara', 'id': '871058414364876800', 'name': 'Mas Hara | State of Java', 'isVerified': False, 'isBlueVerified': True, 'profilePicture': 'https://pbs.twimg.com/profile_images/1986286931190378496/kA5X6pSZ_normal.jpg', 'coverPicture': 'https://pbs.twimg.com/profile_banners/871058414364876800/1762402684', 'description': 'Pilih sorotan untuk baca esai', 'location': 'Red Earth 29, Saskatchewan', 'followers': 38985, 'following': 169, 'status': '', 'canDm': True, 'canMediaTag': False, 'createdAt': 'Sat Jun 03 17:38:04 +0000 2017', 'entities': {'description': {'urls': []}, 'url': {}}, 'fastFollowersCount': 0, 'favouritesCount': 2856, 'hasCustomTimelines': True, 'isTranslator': False, 'mediaCount': 2550, 'statusesCount': 15574, 'withheldInCountries': [], 'affiliatesHighlightedLabel': {}, 'possiblySensitive': False, 'pinnedTweetIds': ['2009210467420655946'], 'profile_bio': {'description': 'Pilih sorotan untuk baca esai'}, 'isAutomated': False, 'automatedBy': None}",{},,{},"{'hashtags': [], 'symbols': [], 'urls': [], 'user_mentions': []}",,,,,False,0.0,
tweet,1868890681810551078,https://x.com/Hnirankara/status/1868890681810551078,https://twitter.com/Hnirankara/status/1868890681810551078,"Kepentingan Politik Special Interest Theory menjelaskan bagaimana kelompok kecil yang memiliki kepentingan spesifik, dapat mempengaruhi kebijakan publik untuk mendapatkan manfaat yang lebih besar dibandingkan dengan kepentingan umum. Dalam hal pemilihan Gubernur oleh DPRD, kelompok-kelompok ini, seperti: asosiasi bisnis, serikat pekerja, atau bahkan partai politik tertentu, bisa sangat aktif dalam melobi anggota DPRD. Mereka mungkin saja berusaha memastikan bahwa kandidat yang terpilih sebagai Gubernur, akan mendukung kebijakan yang menguntungkan kelompok mereka. Jika hal ini terjadi, bisa mengarah pada situasi di mana pemilihan Gubernur tidak sepenuhnya mencerminkan kepentingan masyarakat luas, melainkan dipengaruhi oleh daya tawar dan sumber daya yang dimiliki oleh kelompok kepentingan khusus tersebut. Maka dari itu, transparansi dan regulasi yang ketat dalam proses pemilihan Gubernur sangat penting untuk menjaga demokrasi tetap murni dan representatif. Special Interest Theory yang dikemukakan oleh George Stigler, menyoroti bahwa kelompok kepentingan khusus dapat mempengaruhi kebijakan publik untuk mendapatkan manfaat tertentu. Jika dibawa ke dalam konteks Pilkada, DPRD bisa menjadi koridor untuk kepentingan khusus, termasuk bisnis atau kelompok politik, yang mungkin saja tidak mencerminkan kepentingan umum.",,2.0,2.0,6.0,0.0,383.0,Tue Dec 17 05:27:15 +0000 2024,in,0.0,True,1.8688904602003538e+18,1.8688902830538345e+18,,,False,"{'type': 'user', 'userName': 'Hnirankara', 'url': 'https://x.com/Hnirankara', 'twitterUrl': 'https://twitter.com/Hnirankara', 'id': '871058414364876800', 'name': 'Mas Hara | State of Java', 'isVerified': False, 'isBlueVerified': True, 'profilePicture': 'https://pbs.twimg.com/profile_images/1986286931190378496/kA5X6pSZ_normal.jpg', 'coverPicture': 'https://pbs.twimg.com/profile_banners/871058414364876800/1762402684', 'description': 'Pilih sorotan untuk baca esai', 'location': 'Red Earth 29, Saskatchewan', 'followers': 38985, 'following': 169, 'status': '', 'canDm': True, 'canMediaTag': False, 'createdAt': 'Sat Jun 03 17:38:04 +0000 2017', 'entities': {'description': {'urls': []}, 'url': {}}, 'fastFollowersCount': 0, 'favouritesCount': 2856, 'hasCustomTimelines': True, 'isTranslator': False, 'mediaCount': 2550, 'statusesCount': 15574, 'withheldInCountries': [], 'affiliatesHighlightedLabel': {}, 'possiblySensitive': False, 'pinnedTweetIds': ['2009210467420655946'], 'profile_bio': {'description': 'Pilih sorotan untuk baca esai'}, 'isAutomated': False, 'automatedBy': None}",{},,{},"{'hashtags': [], 'symbols': [], 'urls': [], 'user_mentions': []}",,,,,False,0.0,
tweet,1868890460200353812,https://x.com/Hnirankara/status/1868890460200353812,https://twitter.com/Hnirankara/status/1868890460200353812,"Ancaman Konflik Kepentingan Jika kita membahas tema ini berdasarkan dari teori agensi, dalam konteks politik menggambarkan hubungan antara para pemilih (prinsipal) dan para pejabat publik yang dipilih (agen). Dalam pemilihan gubernur oleh DPRD, teori ini menyoroti potensi konflik kepentingan dan masalah asimetri informasi. Anggota DPRD, sebagai agen, seharusnya mewakili kepentingan rakyat, namun sering kali ada kemungkinan mereka memprioritaskan kepentingan pribadi atau partai politik mereka. Hal ini bisa mengarah pada fenomena seperti nepotisme atau korupsi, di mana keputusan pemilihan gubernur mungkin tidak sepenuhnya mencerminkan aspirasi masyarakat melainkan loyalitas politik atau imbalan pribadi. Oleh karena itu, mekanisme pengawasan dan transparansi menjadi sangat penting untuk memastikan bahwa agen tetap bertanggung jawab kepada prinsipal mereka, yaitu rakyat. Agency Theory sendiri dikemukakan oleh Michael Jensen dan William Meckling, teori ini menjelaskan bahwa dalam hubungan antara agen (DPRD) dan prinsipal (rakyat), agen mungkin tidak bertindak dalam kepentingan terbaik prinsipal karena adanya konflik kepentingan atau motivasi pribadi. Dalam konteks Pilkada oleh DPRD, anggota DPRD bisa saja memilih calon yang memberikan keuntungan pribadi atau partai mereka, bukan yang terbaik untuk rakyat.",,2.0,2.0,8.0,0.0,501.0,Tue Dec 17 05:26:22 +0000 2024,in,0.0,True,1.8688902830538345e+18,1.8688902830538345e+18,,,False,"{'type': 'user', 'userName': 'Hnirankara', 'url': 'https://x.com/Hnirankara', 'twitterUrl': 'https://twitter.com/Hnirankara', 'id': '871058414364876800', 'name': 'Mas Hara | State of Java', 'isVerified': False, 'isBlueVerified': True, 'profilePicture': 'https://pbs.twimg.com/profile_images/1986286931190378496/kA5X6pSZ_normal.jpg', 'coverPicture': 'https://pbs.twimg.com/profile_banners/871058414364876800/1762402684', 'description': 'Pilih sorotan untuk baca esai', 'location': 'Red Earth 29, Saskatchewan', 'followers': 38985, 'following': 169, 'status': '', 'canDm': True, 'canMediaTag': False, 'createdAt': 'Sat Jun 03 17:38:04 +0000 2017', 'entities': {'description': {'urls': []}, 'url': {}}, 'fastFollowersCount': 0, 'favouritesCount': 2856, 'hasCustomTimelines': True, 'isTranslator': False, 'mediaCount': 2550, 'statusesCount': 15574, 'withheldInCountries': [], 'affiliatesHighlightedLabel': {}, 'possiblySensitive': False, 'pinnedTweetIds': ['2009210467420655946'], 'profile_bio': {'description': 'Pilih sorotan untuk baca esai'}, 'isAutomated': False, 'automatedBy': None}",{},,{},"{'hashtags': [], 'symbols': [], 'urls': [], 'user_mentions': []}",,,,,False,0.0,
tweet,1868890283053834464,https://x.com/Hnirankara/status/1868890283053834464,https://twitter.com/Hnirankara/status/1868890283053834464,"Gubernur Dipilih oleh DPRD? Welcome Back Eyang Harto Prabowo Subianto dalam pidatonya beberapa hari yang lalu sempat menyinggung tentang mahalnya biaya pemilihan di Indonesia, ia pun lantas mengatakan bahwa jika Pilkada dilakukan oleh DPRD, maka hal itu akan membuat Indonesia “berhemat”. Sebagai bahan informasi, Soeharto pernah melakukan hal itu ketika ia berkuasa. Selama masa pemerintahan Soeharto, landasan hukum untuk pemilihan gubernur oleh DPRD dapat ditemukan dalam beberapa undang-undang dan peraturan pemerintah yang berlaku pada waktu itu, seperti: (1) Undang-Undang Dasar 1945 (UUD 1945), yang menyebutkan tentang pemerintahan daerah tanpa spesifikasi cara pemilihan kepala daerah, (2) UU No 5 Tahun 1974 tentang Pokok-Pokok Pemerintahan di Daerah, yang mengatur tentang kewenangan dan pembentukan pemerintahan daerah, termasuk pemilihan kepala daerah oleh DPRD, meskipun lebih secara implisit, (3) Peraturan Pemerintah, yang pada masa itu sering digunakan untuk menjabarkan detail implementasi undang-undang, termasuk mekanisme pemilihan kepala daerah. Indonesia, sebagai negara demokrasi terbesar ketiga di dunia, telah mengalami perubahan signifikan dalam sistem pemilihan kepala daerah (Pilkada) dari pemilihan langsung oleh rakyat ke sistem yang potensial dikembalikan ke DPRD. Namun, prospek ini membawa resiko besar terhadap integritas demokrasi di Indonesia, terutama dalam konteks korupsi yang endemik, ketidakjujuran pejabat, dan pengerahan aparat keamanan untuk mempengaruhi pemilih. -Sebuah Esai-",,20.0,3.0,81.0,2.0,4559.0,Tue Dec 17 05:25:40 +0000 2024,in,7.0,False,,1.8688902830538345e+18,,,False,"{'type': 'user', 'userName': 'Hnirankara', 'url': 'https://x.com/Hnirankara', 'twitterUrl': 'https://twitter.com/Hnirankara', 'id': '871058414364876800', 'name': 'Mas Hara | State of Java', 'isVerified': False, 'isBlueVerified': True, 'profilePicture': 'https://pbs.twimg.com/profile_images/1986286931190378496/kA5X6pSZ_normal.jpg', 'coverPicture': 'https://pbs.twimg.com/profile_banners/871058414364876800/1762402684', 'description': 'Pilih sorotan untuk baca esai', 'location': 'Red Earth 29, Saskatchewan', 'followers': 38985, 'following': 169, 'status': '', 'canDm': True, 'canMediaTag': False, 'createdAt': 'Sat Jun 03 17:38:04 +0000 2017', 'entities': {'description': {'urls': []}, 'url': {}}, 'fastFollowersCount': 0, 'favouritesCount': 2856, 'hasCustomTimelines': True, 'isTranslator': False, 'mediaCount': 2550, 'statusesCount': 15574, 'withheldInCountries': [], 'affiliatesHighlightedLabel': {}, 'possiblySensitive': False, 'pinnedTweetIds': ['2009210467420655946'], 'profile_bio': {'description': 'Pilih sorotan untuk baca esai'}, 'isAutomated': False, 'automatedBy': None}","{'media': [{'display_url': 'pic.x.com/iuXoYJ88ck', 'expanded_url': 'https://x.com/hnirankara/status/1868890283053834464/photo/1', 'id_str': '1868890277110595586', 'indices': [279, 302], 'media_key': '3_1868890277110595586', 'media_url_https': 'https://pbs.twimg.com/media/Ge-hziNbwAIJt3u.jpg', 'type': 'photo', 'url': 'https://t.co/iuXoYJ88ck', 'ext_media_availability': {'status': 'Available'}, 'features': {'large': {'faces': [{'x': 637, 'y': 680, 'h': 50, 'w': 50}, {'x': 251, 'y': 392, 'h': 335, 'w': 335}]}, 'medium': {'faces': [{'x': 637, 'y': 680, 'h': 50, 'w': 50}, {'x': 251, 'y': 392, 'h': 335, 'w': 335}]}, 'small': {'faces': [{'x': 401, 'y': 428, 'h': 31, 'w': 31}, {'x': 158, 'y': 246, 'h': 210, 'w': 210}]}, 'orig': {'faces': [{'x': 637, 'y': 680, 'h': 50, 'w': 50}, {'x': 251, 'y': 392, 'h': 335, 'w': 335}]}}, 'sizes': {'large': {'h': 1080, 'w': 1080, 'resize': 'fit'}, 'medium': {'h': 1080, 'w': 1080, 'resize': 'fit'}, 'small': {'h': 680, 'w': 680, 'resize': 'fit'}, 'thumb': {'h': 150, 'w': 150, 'resize': 'crop'}}, 'original_info': {'height': 1080, 'width': 1080, 'focus_rects': [{'x': 0, 'y': 475, 'w': 1080, 'h': 605}, {'x': 0, 'y': 0, 'w': 1080, 'h': 1080}, {'x': 0, 'y': 0, 'w': 947, 'h': 1080}, {'x': 81, 'y': 0, 'w': 540, 'h': 1080}, {'x': 0, 'y': 0, 'w': 1080, 'h': 1080}]}, 'media_results': {'result': {'media_key': '3_1868890277110595586'}}}]}",,{},"{'hashtags': [], 'symbols': [], 'timestamps': [], 'urls': [], 'user_mentions': []}",,,,,False,0.0,
tweet,1868829512106197142,https://x.com/firman__nurhuda/status/1868829512106197142,https://twitter.com/firman__nurhuda/status/1868829512106197142,"Tito setuju pemilihan kepala daerah (gubernur) dipilih oleh DPRD , tetapi tito menolak polri di bawah kemendagri atau TNI 🤔🤣 . Teriak Reformasi tapi dirinya sama aja, membela se komplotan bukan karena Reformasi, sudahlah pak tito omongan anda itu bertolak belakang sebelum nya",,1.0,0.0,6.0,0.0,16786.0,Tue Dec 17 01:24:11 +0000 2024,in,0.0,False,,1.8688295121061972e+18,,,False,"{'type': 'user', 'userName': 'firman__nurhuda', 'url': 'https://x.com/firman__nurhuda', 'twitterUrl': 'https://twitter.com/firman__nurhuda', 'id': '1424573456029347840', 'name': 'Firman Nurhuda', 'isVerified': False, 'isBlueVerified': False, 'profilePicture': 'https://pbs.twimg.com/profile_images/1989205031015636992/g0FvPUK8_normal.jpg', 'coverPicture': 'https://pbs.twimg.com/profile_banners/1424573456029347840/1741542149', 'description': 'Naturalis Exhibuit • Critici • Touring\n👨\u200d⚖⚖️ Law Students @uinsk \n🏛️Part Of : @gmni.ofc\nCo-Founder: @lcdi.official |\nDura Lex , Sed Lex', 'location': 'Republic Of Indonesia ', 'followers': 718, 'following': 790, 'status': '', 'canDm': False, 'canMediaTag': False, 'createdAt': 'Mon Aug 09 03:29:28 +0000 2021', 'entities': {'description': {'urls': []}, 'url': {}}, 'fastFollowersCount': 0, 'favouritesCount': 118051, 'hasCustomTimelines': True, 'isTranslator': False, 'mediaCount': 5634, 'statusesCount': 85044, 'withheldInCountries': [], 'affiliatesHighlightedLabel': {}, 'possiblySensitive': False, 'pinnedTweetIds': [], 'profile_bio': {'description': 'Naturalis Exhibuit • Critici • Touring\n👨\u200d⚖⚖️ Law Students @uinsk \n🏛️Part Of : @gmni.ofc\nCo-Founder: @lcdi.official |\nDura Lex , Sed Lex'}, 'isAutomated': False, 'automatedBy': None}","{'media': [{'display_url': 'pic.x.com/CFNOaKAgjO', 'expanded_url': 'https://x.com/firman__nurhuda/status/1868829512106197142/photo/1', 'id_str': '1868829509270798336', 'indices': [279, 302], 'media_key': '3_1868829509270798336', 'media_url_https': 'https://pbs.twimg.com/media/Ge9qiYXagAALf4D.jpg', 'type': 'photo', 'url': 'https://t.co/CFNOaKAgjO', 'ext_media_availability': {'status': 'Available'}, 'features': {'large': {'faces': []}, 'medium': {'faces': []}, 'small': {'faces': []}, 'orig': {'faces': []}}, 'sizes': {'large': {'h': 744, 'w': 1077, 'resize': 'fit'}, 'medium': {'h': 744, 'w': 1077, 'resize': 'fit'}, 'small': {'h': 470, 'w': 680, 'resize': 'fit'}, 'thumb': {'h': 150, 'w': 150, 'resize': 'crop'}}, 'original_info': {'height': 744, 'width': 1077, 'focus_rects': [{'x': 0, 'y': 0, 'w': 1077, 'h': 603}, {'x': 0, 'y': 0, 'w': 744, 'h': 744}, {'x': 24, 'y': 0, 'w': 653, 'h': 744}, {'x': 164, 'y': 0, 'w': 372, 'h': 744}, {'x': 0, 'y': 0, 'w': 1077, 'h': 744}]}, 'media_results': {'result': {'media_key': '3_1868829509270798336'}}}]}",,{},"{'hashtags': [], 'media': [{'display_url': 'pic.x.com/CFNOaKAgjO', 'expanded_url': 'https://x.com/firman__nurhuda/status/1868829512106197142/photo/1', 'id_str': '1868829509270798336', 'indices': [279, 302], 'media_key': '3_1868829509270798336', 'media_url_https': 'https://pbs.twimg.com/media/Ge9qiYXagAALf4D.jpg', 'type': 'photo', 'url': 'https://t.co/CFNOaKAgjO', 'ext_media_availability': {'status': 'Available'}, 'features': {'large': {'faces': []}, 'medium': {'faces': []}, 'small': {'faces': []}, 'orig': {'faces': []}}, 'sizes': {'large': {'h': 744, 'w': 1077, 'resize': 'fit'}, 'medium': {'h': 744, 'w': 1077, 'resize': 'fit'}, 'small': {'h': 470, 'w': 680, 'resize': 'fit'}, 'thumb': {'h': 150, 'w': 150, 'resize': 'crop'}}, 'original_info': {'height': 744, 'width': 1077, 'focus_rects': [{'x': 0, 'y': 0, 'w': 1077, 'h': 603}, {'x': 0, 'y': 0, 'w': 744, 'h': 744}, {'x': 24, 'y': 0, 'w': 653, 'h': 744}, {'x': 164, 'y': 0, 'w': 372, 'h': 744}, {'x': 0, 'y': 0, 'w': 1077, 'h': 744}]}, 'media_results': {'result': {'media_key': '3_1868829509270798336'}}}], 'symbols': [], 'timestamps': [], 'urls': [], 'user_mentions': []}",,,"{'type': 'tweet', 'id': '1868662828783325488', 'url': 'https://x.com/WagimanDeep212_/status/1868662828783325488', 'twitterUrl': 'https://twitter.com/WagimanDeep212_/status/1868662828783325488', 'text': 'Benarkah pemilihan langsung itu krena biaya yang tinggi?....atau krena menyogok DPRD lebih enteng dan hemat tenaga? \nBerdarah2 perjuangkan reformasi kok mau digiring ke arah Orba lagi https://t.co/eDIdXr6O48', 'source': '', 'retweetCount': 120, 'replyCount': 112, 'likeCount': 372, 'quoteCount': 10, 'viewCount': 27610, 'createdAt': 'Mon Dec 16 14:21:51 +0000 2024', 'lang': 'in', 'bookmarkCount': 1, 'isReply': False, 'inReplyToId': None, 'conversationId': '1868662828783325488', 'inReplyToUserId': None, 'inReplyToUsername': None, 'isPinned': False, 'author': {'type': 'user', 'userName': 'WagimanDeep212_', 'url': 'https://x.com/WagimanDeep212_', 'twitterUrl': 'https://twitter.com/WagimanDeep212_', 'id': '55200751', 'name': 'Habieb Selow', 'isVerified': False, 'isBlueVerified': False, 'profilePicture': 'https://pbs.twimg.com/profile_images/1743858553075695616/6EIgiWMj_normal.jpg', 'coverPicture': 'https://pbs.twimg.com/profile_banners/55200751/1762864564', 'description': 'Akun R̶e̶l̶i̶j̶i̶y̶e̶s̶ - Presiden Jamaah Vespa Indonesia - Pabrik Figur - Buzzer Dirham - Korlap #LaskarBerbagiKasih', 'location': '', 'followers': 132926, 'following': 21526, 'status': '', 'canDm': True, 'canMediaTag': False, 'createdAt': 'Thu Jul 09 10:37:30 +0000 2009', 'entities': {'description': {'urls': []}, 'url': {}}, 'fastFollowersCount': 0, 'favouritesCount': 245165, 'hasCustomTimelines': True, 'isTranslator': False, 'mediaCount': 19747, 'statusesCount': 71887, 'withheldInCountries': [], 'affiliatesHighlightedLabel': {}, 'possiblySensitive': False, 'pinnedTweetIds': [], 'profile_bio': {'description': 'Akun R̶e̶l̶i̶j̶i̶y̶e̶s̶ - Presiden Jamaah Vespa Indonesia - Pabrik Figur - Buzzer Dirham - Korlap #LaskarBerbagiKasih'}, 'isAutomated': False, 'automatedBy': None}, 'extendedEntities': {'media': [{'display_url': 'pic.x.com/eDIdXr6O48', 'expanded_url': 'https://x.com/WagimanDeep212_/status/1868662828783325488/photo/1', 'id_str': '1868662826816200704', 'indices': [184, 207], 'media_key': '3_1868662826816200704', 'media_url_https': 'https://pbs.twimg.com/media/Ge7S8L1bYAASgmW.jpg', 'type': 'photo', 'url': 'https://t.co/eDIdXr6O48', 'ext_media_availability': {'status': 'Available'}, 'features': {'large': {'faces': [{'x': 6, 'y': 204, 'h': 55, 'w': 55}, {'x': 239, 'y': 230, 'h': 52, 'w': 52}]}, 'medium': {'faces': [{'x': 6, 'y': 204, 'h': 55, 'w': 55}, {'x': 239, 'y': 230, 'h': 52, 'w': 52}]}, 'small': {'faces': [{'x': 6, 'y': 204, 'h': 55, 'w': 55}, {'x': 239, 'y': 230, 'h': 52, 'w': 52}]}, 'orig': {'faces': [{'x': 6, 'y': 204, 'h': 55, 'w': 55}, {'x': 239, 'y': 230, 'h': 52, 'w': 52}]}}, 'sizes': {'large': {'h': 360, 'w': 309, 'resize': 'fit'}, 'medium': {'h': 360, 'w': 309, 'resize': 'fit'}, 'small': {'h': 360, 'w': 309, 'resize': 'fit'}, 'thumb': {'h': 150, 'w': 150, 'resize': 'crop'}}, 'original_info': {'height': 360, 'width': 309, 'focus_rects': [{'x': 0, 'y': 0, 'w': 309, 'h': 173}, {'x': 0, 'y': 0, 'w': 309, 'h': 309}, {'x': 0, 'y': 0, 'w': 309, 'h': 352}, {'x': 129, 'y': 0, 'w': 180, 'h': 360}, {'x': 0, 'y': 0, 'w': 309, 'h': 360}]}, 'media_results': {'result': {'media_key': '3_1868662826816200704'}}}]}, 'card': None, 'place': {}, 'entities': {'hashtags': [], 'media': [{'display_url': 'pic.x.com/eDIdXr6O48', 'expanded_url': 'https://x.com/WagimanDeep212_/status/1868662828783325488/photo/1', 'id_str': '1868662826816200704', 'indices': [184, 207], 'media_key': '3_1868662826816200704', 'media_url_https': 'https://pbs.twimg.com/media/Ge7S8L1bYAASgmW.jpg', 'type': 'photo', 'url': 'https://t.co/eDIdXr6O48', 'ext_media_availability': {'status': 'Available'}, 'features': {'large': {'faces': [{'x': 6, 'y': 204, 'h': 55, 'w': 55}, {'x': 239, 'y': 230, 'h': 52, 'w': 52}]}, 'medium': {'faces': [{'x': 6, 'y': 204, 'h': 55, 'w': 55}, {'x': 239, 'y': 230, 'h': 52, 'w': 52}]}, 'small': {'faces': [{'x': 6, 'y': 204, 'h': 55, 'w': 55}, {'x': 239, 'y': 230, 'h': 52, 'w': 52}]}, 'orig': {'faces': [{'x': 6, 'y': 204, 'h': 55, 'w': 55}, {'x': 239, 'y': 230, 'h': 52, 'w': 52}]}}, 'sizes': {'large': {'h': 360, 'w': 309, 'resize': 'fit'}, 'medium': {'h': 360, 'w': 309, 'resize': 'fit'}, 'small': {'h': 360, 'w': 309, 'resize': 'fit'}, 'thumb': {'h': 150, 'w': 150, 'resize': 'crop'}}, 'original_info': {'height': 360, 'width': 309, 'focus_rects': [{'x': 0, 'y': 0, 'w': 309, 'h': 173}, {'x': 0, 'y': 0, 'w': 309, 'h': 309}, {'x': 0, 'y': 0, 'w': 309, 'h': 352}, {'x': 129, 'y': 0, 'w': 180, 'h': 360}, {'x': 0, 'y': 0, 'w': 309, 'h': 360}]}, 'media_results': {'result': {'media_key': '3_1868662826816200704'}}}], 'symbols': [], 'timestamps': [], 'urls': [], 'user_mentions': []}, 'reply_to_user_results': None, 'quoted_tweet_results': None, 'quoted_tweet': None, 'retweeted_tweet': None, 'isConversationControlled': False}",,False,0.0,True
tweet,1868622884551504145,https://x.com/WAHYU_UNIFORM/status/1868622884551504145,https://twitter.com/WAHYU_UNIFORM/status/1868622884551504145,"Koalisi parpol pendukung pemerintah kuasai lebih dari 80% kursi DPR Klo pemilihan gubernur oleh DPRD, maka calon yg ditunjuk koalisi parpol pendukung pemerintah hampir pasti menang Klo.demikian, apa faedah dari seremoni pemilihan kepala daerah oleh DPRD?",,2.0,1.0,6.0,0.0,151.0,Mon Dec 16 11:43:07 +0000 2024,in,0.0,True,1.8684718294107507e+18,1.8684718294107507e+18,,,False,"{'type': 'user', 'userName': 'WAHYU_UNIFORM', 'url': 'https://x.com/WAHYU_UNIFORM', 'twitterUrl': 'https://twitter.com/WAHYU_UNIFORM', 'id': '545264533', 'name': '🆄🅽🅸🅵🅾🆁🅼👔👖🥼🧥🥻👗👚🩳🧢🎓🛍🎒🥾', 'isVerified': False, 'isBlueVerified': False, 'profilePicture': 'https://pbs.twimg.com/profile_images/1592934948562153472/_93bZjt3_normal.jpg', 'coverPicture': 'https://pbs.twimg.com/profile_banners/545264533/1726910527', 'description': 'INDONESIA  🇮🇩  HANYA BISA MENJELMA MENJADI NEGARA MAJU, MAKMUR, BERKEADILAN, RUKUN, & SEJAHTERA, \nJIKA KORUPSI KOLUSI NEPOTISME BERHASIL DITUMPAS', 'location': 'Jakarta Pusat', 'followers': 3090, 'following': 4012, 'status': '', 'canDm': True, 'canMediaTag': False, 'createdAt': 'Wed Apr 04 16:40:48 +0000 2012', 'entities': {'description': {'urls': []}, 'url': {}}, 'fastFollowersCount': 0, 'favouritesCount': 91319, 'hasCustomTimelines': True, 'isTranslator': False, 'mediaCount': 7842, 'statusesCount': 57802, 'withheldInCountries': [], 'affiliatesHighlightedLabel': {}, 'possiblySensitive': False, 'pinnedTweetIds': [], 'profile_bio': {'description': 'INDONESIA  🇮🇩  HANYA BISA MENJELMA MENJADI NEGARA MAJU, MAKMUR, BERKEADILAN, RUKUN, & SEJAHTERA, \nJIKA KORUPSI KOLUSI NEPOTISME BERHASIL DITUMPAS'}, 'isAutomated': False, 'automatedBy': None}",{},,{},"{'hashtags': [], 'symbols': [], 'timestamps': [], 'urls': [], 'user_mentions': [{'id_str': '59387308', 'name': 'Titi Anggraini', 'screen_name': 'titianggraini', 'indices': [0, 14]}]}",,,,,False,0.0,
tweet,1868506953615606088,https://x.com/Dank89375697/status/1868506953615606088,https://twitter.com/Dank89375697/status/1868506953615606088,"Kalau MENTAL ANGGOTA DPRD nya Letoy, yg terpilih jd Gubernur/Walikota/Bupati pasti Mental2 nya jg Letoy. Anggota DPRD Nya hrs nya juga, tidak di pilih Rakyat. Karena Rakyat bisa Di- akali oleh Mafia2 Pemilihan atau ParPol.",,0.0,0.0,0.0,0.0,12.0,Mon Dec 16 04:02:27 +0000 2024,in,0.0,True,1.8678105006474573e+18,1.8678105006474573e+18,,,False,"{'type': 'user', 'userName': 'Dank89375697', 'url': 'https://x.com/Dank89375697', 'twitterUrl': 'https://twitter.com/Dank89375697', 'id': '1597253898317991936', 'name': 'S3MAR NUR.', 'isVerified': False, 'isBlueVerified': False, 'profilePicture': 'https://pbs.twimg.com/profile_images/1635530546469277696/p1IC_HJp_normal.jpg', 'coverPicture': 'https://pbs.twimg.com/profile_banners/1597253898317991936/1747315430', 'description': 'NKRI sbg Warisan dari Para Pahlawan KEMERDEKAAN. Jgn kecewakan Pengorbanan Nya, dgn Pengkhianatan thd Bangsa ini.srmar', 'location': '', 'followers': 35, 'following': 42, 'status': '', 'canDm': True, 'canMediaTag': False, 'createdAt': 'Mon Nov 28 15:40:53 +0000 2022', 'entities': {'description': {'urls': []}, 'url': {}}, 'fastFollowersCount': 0, 'favouritesCount': 27, 'hasCustomTimelines': True, 'isTranslator': False, 'mediaCount': 6, 'statusesCount': 8547, 'withheldInCountries': [], 'affiliatesHighlightedLabel': {}, 'possiblySensitive': False, 'pinnedTweetIds': [], 'profile_bio': {'description': 'NKRI sbg Warisan dari Para Pahlawan KEMERDEKAAN. Jgn kecewakan Pengorbanan Nya, dgn Pengkhianatan thd Bangsa ini.srmar'}, 'isAutomated': False, 'automatedBy': None}",{},,{},"{'hashtags': [], 'symbols': [], 'timestamps': [], 'urls': [], 'user_mentions': [{'id_str': '71436318', 'name': 'KOMPAS TV', 'screen_name': 'KompasTV', 'indices': [0, 9]}]}",,,,,False,0.0,
tweet,1868267249112686596,https://x.com/menit_indo/status/1868267249112686596,https://twitter.com/menit_indo/status/1868267249112686596,"DPR Segera Bahas RUU Paket Politik, Usulan Pemilihan Gubernur oleh DPRD Mengemuka",,0.0,0.0,0.0,0.0,29.0,Sun Dec 15 12:09:57 +0000 2024,in,0.0,False,,1.8682672491126866e+18,,,False,"{'type': 'user', 'userName': 'menit_indo', 'url': 'https://x.com/menit_indo', 'twitterUrl': 'https://twitter.com/menit_indo', 'id': '801410089743548416', 'name': 'Akbar Endra', 'isVerified': False, 'isBlueVerified': True, 'profilePicture': 'https://pbs.twimg.com/profile_images/2008152513078497281/nXzlieKo_normal.jpg', 'coverPicture': 'https://pbs.twimg.com/profile_banners/801410089743548416/1767615844', 'description': 'Staf Ahli Kepala BPOM RI\nFounder Menit Indonesia', 'location': 'Jakarta Capital Region', 'followers': 736, 'following': 622, 'status': '', 'canDm': True, 'canMediaTag': False, 'createdAt': 'Wed Nov 23 13:00:29 +0000 2016', 'entities': {'description': {'urls': []}, 'url': {}}, 'fastFollowersCount': 0, 'favouritesCount': 1904, 'hasCustomTimelines': True, 'isTranslator': False, 'mediaCount': 566, 'statusesCount': 5835, 'withheldInCountries': [], 'affiliatesHighlightedLabel': {}, 'possiblySensitive': False, 'pinnedTweetIds': ['1310973789820264449'], 'profile_bio': {'description': 'Staf Ahli Kepala BPOM RI\nFounder Menit Indonesia'}, 'isAutomated': False, 'automatedBy': None}",{},"{'binding_values': [{'key': 'description', 'value': {'string_value': 'menitindonesia, JAKARTA - Anggota Komisi II DPR, Ahmad Irawan, mengusulkan perubahan mekanisme pemilihan kepala daerah melalui DPRD sebagai bagian dari', 'type': 'STRING'}}, {'key': 'domain', 'value': {'string_value': 'menitindonesia.com', 'type': 'STRING'}}, {'key': 'photo_image_full_size_alt_text', 'value': {'string_value': 'RUU Paket Politik', 'type': 'STRING'}}, {'key': 'vanity_url', 'value': {'scribe_key': 'vanity_url', 'string_value': 'menitindonesia.com', 'type': 'STRING'}}, {'key': 'summary_photo_image_alt_text', 'value': {'string_value': 'RUU Paket Politik', 'type': 'STRING'}}, {'key': 'title', 'value': {'string_value': 'DPR Segera Bahas RUU Paket Politik, Usulan Pemilihan Gubernur oleh DPRD Mengemuka - Menit Indonesia', 'type': 'STRING'}}, {'key': 'card_url', 'value': {'scribe_key': 'card_url', 'string_value': 'https://t.co/d3ZDYe5KCk', 'type': 'STRING'}}], 'card_platform': {'platform': {'audience': {'name': 'production'}, 'device': {'name': 'Android', 'version': '12'}}}, 'name': 'summary_large_image', 'url': 'https://t.co/d3ZDYe5KCk', 'user_refs_results': []}",{},"{'hashtags': [], 'symbols': [], 'timestamps': [], 'urls': [{'display_url': 'menitindonesia.com/2024/12/15/dpr…', 'expanded_url': 'https://menitindonesia.com/2024/12/15/dpr-segera-bahas-ruu-paket-politik-usulan-pemilihan-gubernur-oleh-dprd-mengemuka/', 'url': 'https://t.co/d3ZDYe5KCk', 'indices': [115, 138]}], 'user_mentions': [{'id_str': '1191570381099827200', 'name': 'Golkar Indonesia', 'screen_name': 'golkar_id', 'indices': [83, 93]}, {'id_str': '721898354502930433', 'name': '#GolkarSolid', 'screen_name': 'golkarpedia', 'indices': [94, 106]}, {'id_str': '211415705', 'name': 'DPR RI', 'screen_name': 'DPR_RI', 'indices': [107, 114]}]}",,,,,False,0.0,
tweet,1868257063027253607,https://x.com/WAHYU_UNIFORM/status/1868257063027253607,https://twitter.com/WAHYU_UNIFORM/status/1868257063027253607,"Gubernur dipilih DPRD = Gubernur ditentukan Presiden dan Parpol2 koalisi Tak perlu pemilihan sajalahh Percuma jg, krn calon2 pasti persetujuan koalisi & calon gubernur yg didukung mayoritas parpol pendukung pemerintah pasti yg menang Knp pura2 ada pemilihan gubernur oleh DPRD?",,7.0,1.0,35.0,0.0,1316.0,Sun Dec 15 11:29:29 +0000 2024,in,0.0,True,1.8682271556849828e+18,1.8682271556849828e+18,,,False,"{'type': 'user', 'userName': 'WAHYU_UNIFORM', 'url': 'https://x.com/WAHYU_UNIFORM', 'twitterUrl': 'https://twitter.com/WAHYU_UNIFORM', 'id': '545264533', 'name': '🆄🅽🅸🅵🅾🆁🅼👔👖🥼🧥🥻👗👚🩳🧢🎓🛍🎒🥾', 'isVerified': False, 'isBlueVerified': False, 'profilePicture': 'https://pbs.twimg.com/profile_images/1592934948562153472/_93bZjt3_normal.jpg', 'coverPicture': 'https://pbs.twimg.com/profile_banners/545264533/1726910527', 'description': 'INDONESIA  🇮🇩  HANYA BISA MENJELMA MENJADI NEGARA MAJU, MAKMUR, BERKEADILAN, RUKUN, & SEJAHTERA, \nJIKA KORUPSI KOLUSI NEPOTISME BERHASIL DITUMPAS', 'location': 'Jakarta Pusat', 'followers': 3090, 'following': 4012, 'status': '', 'canDm': True, 'canMediaTag': False, 'createdAt': 'Wed Apr 04 16:40:48 +0000 2012', 'entities': {'description': {'urls': []}, 'url': {}}, 'fastFollowersCount': 0, 'favouritesCount': 91319, 'hasCustomTimelines': True, 'isTranslator': False, 'mediaCount': 7842, 'statusesCount': 57802, 'withheldInCountries': [], 'affiliatesHighlightedLabel': {}, 'possiblySensitive': False, 'pinnedTweetIds': [], 'profile_bio': {'description': 'INDONESIA  🇮🇩  HANYA BISA MENJELMA MENJADI NEGARA MAJU, MAKMUR, BERKEADILAN, RUKUN, & SEJAHTERA, \nJIKA KORUPSI KOLUSI NEPOTISME BERHASIL DITUMPAS'}, 'isAutomated': False, 'automatedBy': None}",{},,{},"{'hashtags': [], 'symbols': [], 'timestamps': [], 'urls': [], 'user_mentions': [{'id_str': '759692754985242625', 'name': 'kumparan', 'screen_name': 'kumparan', 'indices': [0, 9]}]}",,,,,False,0.0,
tweet,1868189848185753986,https://x.com/Blues_321lagi/status/1868189848185753986,https://twitter.com/Blues_321lagi/status/1868189848185753986,"Kami menolak usulan presiden tentang pemilihan Gubernur, Walikota dan Bupati di pilih oleh DPRD setempat. Apa artinya demokrasi jika hak rakyat dikebiri pak?",,50.0,23.0,148.0,7.0,4998.0,Sun Dec 15 07:02:23 +0000 2024,in,1.0,False,,1.868189848185754e+18,,,False,"{'type': 'user', 'userName': 'Blues_321lagi', 'url': 'https://x.com/Blues_321lagi', 'twitterUrl': 'https://twitter.com/Blues_321lagi', 'id': '1677662458167836673', 'name': 'G A R O N G', 'isVerified': False, 'isBlueVerified': False, 'profilePicture': 'https://pbs.twimg.com/profile_images/1937891899693772800/O9_voLfg_normal.jpg', 'coverPicture': 'https://pbs.twimg.com/profile_banners/1677662458167836673/1689179442', 'description': 'Antitesa warga negeri api... Chelsea FC fans', 'location': 'Jamaica', 'followers': 2244, 'following': 1587, 'status': '', 'canDm': True, 'canMediaTag': False, 'createdAt': 'Sat Jul 08 12:54:56 +0000 2023', 'entities': {'description': {'urls': []}, 'url': {}}, 'fastFollowersCount': 0, 'favouritesCount': 607, 'hasCustomTimelines': True, 'isTranslator': False, 'mediaCount': 1253, 'statusesCount': 73931, 'withheldInCountries': [], 'affiliatesHighlightedLabel': {}, 'possiblySensitive': False, 'pinnedTweetIds': ['1903288170864685176'], 'profile_bio': {'description': 'Antitesa warga negeri api... Chelsea FC fans'}, 'isAutomated': False, 'automatedBy': None}","{'media': [{'display_url': 'pic.x.com/7dNYW5AGz6', 'expanded_url': 'https://x.com/Gus_Raharjo/status/1868149795992506784/video/1', 'id_str': '1868149736198565888', 'indices': [168, 191], 'media_key': '13_1868149736198565888', 'media_url_https': 'https://pbs.twimg.com/amplify_video_thumb/1868149736198565888/img/ARILq4H9CtxfBYMf.jpg', 'source_status_id_str': '1868149795992506784', 'source_user_id_str': '494972033', 'type': 'video', 'url': 'https://t.co/7dNYW5AGz6', 'additional_media_info': {'monetizable': False, 'source_user': {'user_results': {'result': {'__typename': 'User', 'id': 'VXNlcjo0OTQ5NzIwMzM=', 'rest_id': '494972033', 'affiliates_highlighted_label': {}, 'avatar': {'image_url': 'https://pbs.twimg.com/profile_images/1627347757676793856/2NmVBBqb_normal.jpg'}, 'core': {'created_at': 'Fri Feb 17 13:15:15 +0000 2012', 'name': 'Septian Raharjo', 'screen_name': 'Gus_Raharjo'}, 'dm_permissions': {'can_dm': True}, 'follow_request_sent': False, 'has_graduated_access': True, 'is_blue_verified': False, 'legacy': {'default_profile': False, 'default_profile_image': False, 'description': 'menjaga', 'entities': {'description': {'urls': []}}, 'fast_followers_count': 0, 'favourites_count': 16651, 'followers_count': 63577, 'friends_count': 1007, 'has_custom_timelines': True, 'is_translator': False, 'listed_count': 114, 'media_count': 5729, 'normal_followers_count': 63577, 'pinned_tweet_ids_str': [], 'possibly_sensitive': False, 'profile_banner_url': 'https://pbs.twimg.com/profile_banners/494972033/1607674223', 'profile_interstitial_type': '', 'statuses_count': 48182, 'translator_type': 'none', 'want_retweets': False, 'withheld_in_countries': []}, 'location': {'location': 'Jawa Tengah, Indonesia'}, 'media_permissions': {'can_media_tag': False}, 'parody_commentary_fan_label': 'None', 'profile_image_shape': 'Circle', 'professional': {'rest_id': '1618525176232304640', 'professional_type': 'Creator', 'category': [{'id': 934, 'name': 'Social Media Influencer', 'icon_name': ''}]}, 'profile_bio': {'description': 'menjaga'}, 'privacy': {'protected': False}, 'relationship_perspectives': {'following': False}, 'tipjar_settings': {}, 'verification': {'verified': False}, 'profile_description_language': 'in'}}}}, 'ext_media_availability': {'status': 'Available'}, 'sizes': {'large': {'h': 1280, 'w': 720, 'resize': 'fit'}, 'medium': {'h': 1200, 'w': 675, 'resize': 'fit'}, 'small': {'h': 680, 'w': 383, 'resize': 'fit'}, 'thumb': {'h': 150, 'w': 150, 'resize': 'crop'}}, 'original_info': {'height': 1280, 'width': 720, 'focus_rects': []}, 'allow_download_status': {'allow_download': True}, 'video_info': {'aspect_ratio': [9, 16], 'duration_millis': 25858, 'variants': [{'content_type': 'application/x-mpegURL', 'url': 'https://video.twimg.com/amplify_video/1868149736198565888/pl/60wKe89yrtaRk2Kf.m3u8?tag=16'}, {'bitrate': 632000, 'content_type': 'video/mp4', 'url': 'https://video.twimg.com/amplify_video/1868149736198565888/vid/avc1/320x568/RrlvhBWbGTlGaJn2.mp4?tag=16'}, {'bitrate': 950000, 'content_type': 'video/mp4', 'url': 'https://video.twimg.com/amplify_video/1868149736198565888/vid/avc1/480x852/DTBRkWNt6iXwjPTK.mp4?tag=16'}, {'bitrate': 2176000, 'content_type': 'video/mp4', 'url': 'https://video.twimg.com/amplify_video/1868149736198565888/vid/avc1/720x1280/_uFss9pcauLf24cP.mp4?tag=16'}]}, 'media_results': {'result': {'media_key': '13_1868149736198565888'}}}]}",,{},"{'hashtags': [], 'media': [{'display_url': 'pic.x.com/7dNYW5AGz6', 'expanded_url': 'https://x.com/Gus_Raharjo/status/1868149795992506784/video/1', 'id_str': '1868149736198565888', 'indices': [168, 191], 'media_key': '13_1868149736198565888', 'media_url_https': 'https://pbs.twimg.com/amplify_video_thumb/1868149736198565888/img/ARILq4H9CtxfBYMf.jpg', 'source_status_id_str': '1868149795992506784', 'source_user_id_str': '494972033', 'type': 'video', 'url': 'https://t.co/7dNYW5AGz6', 'additional_media_info': {'monetizable': False, 'source_user': {'user_results': {'result': {'__typename': 'User', 'id': 'VXNlcjo0OTQ5NzIwMzM=', 'rest_id': '494972033', 'affiliates_highlighted_label': {}, 'avatar': {'image_url': 'https://pbs.twimg.com/profile_images/1627347757676793856/2NmVBBqb_normal.jpg'}, 'core': {'created_at': 'Fri Feb 17 13:15:15 +0000 2012', 'name': 'Septian Raharjo', 'screen_name': 'Gus_Raharjo'}, 'dm_permissions': {'can_dm': True}, 'follow_request_sent': False, 'has_graduated_access': True, 'is_blue_verified': False, 'legacy': {'default_profile': False, 'default_profile_image': False, 'description': 'menjaga', 'entities': {'description': {'urls': []}}, 'fast_followers_count': 0, 'favourites_count': 16651, 'followers_count': 63577, 'friends_count': 1007, 'has_custom_timelines': True, 'is_translator': False, 'listed_count': 114, 'media_count': 5729, 'normal_followers_count': 63577, 'pinned_tweet_ids_str': [], 'possibly_sensitive': False, 'profile_banner_url': 'https://pbs.twimg.com/profile_banners/494972033/1607674223', 'profile_interstitial_type': '', 'statuses_count': 48182, 'translator_type': 'none', 'want_retweets': False, 'withheld_in_countries': []}, 'location': {'location': 'Jawa Tengah, Indonesia'}, 'media_permissions': {'can_media_tag': False}, 'parody_commentary_fan_label': 'None', 'profile_image_shape': 'Circle', 'professional': {'rest_id': '1618525176232304640', 'professional_type': 'Creator', 'category': [{'id': 934, 'name': 'Social Media Influencer', 'icon_name': ''}]}, 'profile_bio': {'description': 'menjaga'}, 'privacy': {'protected': False}, 'relationship_perspectives': {'following': False}, 'tipjar_settings': {}, 'verification': {'verified': False}, 'profile_description_language': 'in'}}}}, 'ext_media_availability': {'status': 'Available'}, 'sizes': {'large': {'h': 1280, 'w': 720, 'resize': 'fit'}, 'medium': {'h': 1200, 'w': 675, 'resize': 'fit'}, 'small': {'h': 680, 'w': 383, 'resize': 'fit'}, 'thumb': {'h': 150, 'w': 150, 'resize': 'crop'}}, 'original_info': {'height': 1280, 'width': 720, 'focus_rects': []}, 'allow_download_status': {'allow_download': True}, 'video_info': {'aspect_ratio': [9, 16], 'duration_millis': 25858, 'variants': [{'content_type': 'application/x-mpegURL', 'url': 'https://video.twimg.com/amplify_video/1868149736198565888/pl/60wKe89yrtaRk2Kf.m3u8?tag=16'}, {'bitrate': 632000, 'content_type': 'video/mp4', 'url': 'https://video.twimg.com/amplify_video/1868149736198565888/vid/avc1/320x568/RrlvhBWbGTlGaJn2.mp4?tag=16'}, {'bitrate': 950000, 'content_type': 'video/mp4', 'url': 'https://video.twimg.com/amplify_video/1868149736198565888/vid/avc1/480x852/DTBRkWNt6iXwjPTK.mp4?tag=16'}, {'bitrate': 2176000, 'content_type': 'video/mp4', 'url': 'https://video.twimg.com/amplify_video/1868149736198565888/vid/avc1/720x1280/_uFss9pcauLf24cP.mp4?tag=16'}]}, 'media_results': {'result': {'media_key': '13_1868149736198565888'}}}], 'symbols': [], 'timestamps': [], 'urls': [], 'user_mentions': [{'id_str': '40580714', 'name': 'Prabowo Subianto', 'screen_name': 'prabowo', 'indices': [29, 37]}]}",,,,,False,0.0,
tweet,1868175735242011072,https://x.com/kompascom/status/1868175735242011072,https://twitter.com/kompascom/status/1868175735242011072,"Gubernur NTT terpilih, sekaligus politisi Partai Golkar, Emanuel Melkiades Laka Lena menilai, Indonesia bisa belajar dari negara tetangga yang sudah menerapkan sistem Pemilihan Kepala Daerah oleh Dewan Perwakilan Rakyat Daerah. //MR Pilkada DPRD",,9.0,41.0,20.0,9.0,10749.0,Sun Dec 15 06:06:18 +0000 2024,in,1.0,False,,1.8681757352420111e+18,,,False,"{'type': 'user', 'userName': 'kompascom', 'url': 'https://x.com/kompascom', 'twitterUrl': 'https://twitter.com/kompascom', 'id': '23343960', 'name': 'Kompas.com', 'isVerified': False, 'isBlueVerified': True, 'profilePicture': 'https://pbs.twimg.com/profile_images/1577144849437888514/d9x3nKN8_normal.jpg', 'coverPicture': 'https://pbs.twimg.com/profile_banners/23343960/1664855609', 'description': 'Jernih Melihat Dunia | Berita Indonesia Terkini, Akurat, dan Terpercaya', 'location': 'Jakarta', 'followers': 7787160, 'following': 26, 'status': '', 'canDm': True, 'canMediaTag': False, 'createdAt': 'Sun Mar 08 19:32:04 +0000 2009', 'entities': {'description': {'urls': []}, 'url': {}}, 'fastFollowersCount': 0, 'favouritesCount': 149, 'hasCustomTimelines': True, 'isTranslator': False, 'mediaCount': 129887, 'statusesCount': 2724744, 'withheldInCountries': [], 'affiliatesHighlightedLabel': {}, 'possiblySensitive': False, 'pinnedTweetIds': [], 'profile_bio': {'description': 'Jernih Melihat Dunia | Berita Indonesia Terkini, Akurat, dan Terpercaya'}, 'isAutomated': False, 'automatedBy': None}",{},"{'binding_values': [{'key': 'photo_image_full_size_large', 'value': {'image_value': {'height': 390, 'width': 745, 'url': 'https://pbs.twimg.com/card_img/2008796550932103168/3vkobxYQ?format=jpg&name=800x419'}, 'type': 'IMAGE'}}, {'key': 'thumbnail_image', 'value': {'image_value': {'height': 200, 'width': 400, 'url': 'https://pbs.twimg.com/card_img/2008796550932103168/3vkobxYQ?format=jpg&name=400x400'}, 'type': 'IMAGE'}}, {'key': 'description', 'value': {'string_value': 'Hak ini perlu dilakukan agar Indonesia memperoleh praktik baik, yakni Pemilu yang berbiaya rendah, tetapi tidak menggerus demokrasi.', 'type': 'STRING'}}, {'key': 'domain', 'value': {'string_value': 'nasional.kompas.com', 'type': 'STRING'}}, {'key': 'thumbnail_image_large', 'value': {'image_value': {'height': 300, 'width': 600, 'url': 'https://pbs.twimg.com/card_img/2008796550932103168/3vkobxYQ?format=jpg&name=600x600'}, 'type': 'IMAGE'}}, {'key': 'summary_photo_image_small', 'value': {'image_value': {'height': 202, 'width': 386, 'url': 'https://pbs.twimg.com/card_img/2008796550932103168/3vkobxYQ?format=jpg&name=386x202'}, 'type': 'IMAGE'}}, {'key': 'thumbnail_image_original', 'value': {'image_value': {'height': 390, 'width': 780, 'url': 'https://pbs.twimg.com/card_img/2008796550932103168/3vkobxYQ?format=jpg&name=orig'}, 'type': 'IMAGE'}}, {'key': 'site', 'value': {'scribe_key': 'publisher_id', 'type': 'USER', 'user_value': {'id_str': '23343960', 'path': []}}}, {'key': 'photo_image_full_size_small', 'value': {'image_value': {'height': 202, 'width': 386, 'url': 'https://pbs.twimg.com/card_img/2008796550932103168/3vkobxYQ?format=jpg&name=386x202'}, 'type': 'IMAGE'}}, {'key': 'summary_photo_image_large', 'value': {'image_value': {'height': 390, 'width': 745, 'url': 'https://pbs.twimg.com/card_img/2008796550932103168/3vkobxYQ?format=jpg&name=800x419'}, 'type': 'IMAGE'}}, {'key': 'thumbnail_image_small', 'value': {'image_value': {'height': 72, 'width': 144, 'url': 'https://pbs.twimg.com/card_img/2008796550932103168/3vkobxYQ?format=jpg&name=144x144'}, 'type': 'IMAGE'}}, {'key': 'creator', 'value': {'type': 'USER', 'user_value': {'id_str': '23343960', 'path': []}}}, {'key': 'thumbnail_image_x_large', 'value': {'image_value': {'height': 390, 'width': 780, 'url': 'https://pbs.twimg.com/card_img/2008796550932103168/3vkobxYQ?format=png&name=2048x2048_2_exp'}, 'type': 'IMAGE'}}, {'key': 'photo_image_full_size_original', 'value': {'image_value': {'height': 390, 'width': 780, 'url': 'https://pbs.twimg.com/card_img/2008796550932103168/3vkobxYQ?format=jpg&name=orig'}, 'type': 'IMAGE'}}, {'key': 'vanity_url', 'value': {'scribe_key': 'vanity_url', 'string_value': 'nasional.kompas.com', 'type': 'STRING'}}, {'key': 'photo_image_full_size', 'value': {'image_value': {'height': 314, 'width': 600, 'url': 'https://pbs.twimg.com/card_img/2008796550932103168/3vkobxYQ?format=jpg&name=600x314'}, 'type': 'IMAGE'}}, {'key': 'thumbnail_image_color', 'value': {'image_color_value': {'palette': [{'rgb': {'blue': 217, 'green': 168, 'red': 183}, 'percentage': 30.08}, {'rgb': {'blue': 47, 'green': 56, 'red': 114}, 'percentage': 15.77}, {'rgb': {'blue': 161, 'green': 70, 'red': 2}, 'percentage': 8.09}, {'rgb': {'blue': 48, 'green': 44, 'red': 61}, 'percentage': 7.08}, {'rgb': {'blue': 163, 'green': 142, 'red': 203}, 'percentage': 6.53}]}, 'type': 'IMAGE_COLOR'}}, {'key': 'title', 'value': {'string_value': 'Soal Kepala Daerah Dipilih DPRD, Golkar Sebut RI Bisa Contoh Malaysia hingga India', 'type': 'STRING'}}, {'key': 'summary_photo_image_color', 'value': {'image_color_value': {'palette': [{'rgb': {'blue': 217, 'green': 168, 'red': 183}, 'percentage': 30.08}, {'rgb': {'blue': 47, 'green': 56, 'red': 114}, 'percentage': 15.77}, {'rgb': {'blue': 161, 'green': 70, 'red': 2}, 'percentage': 8.09}, {'rgb': {'blue': 48, 'green': 44, 'red': 61}, 'percentage': 7.08}, {'rgb': {'blue': 163, 'green': 142, 'red': 203}, 'percentage': 6.53}]}, 'type': 'IMAGE_COLOR'}}, {'key': 'summary_photo_image_x_large', 'value': {'image_value': {'height': 390, 'width': 780, 'url': 'https://pbs.twimg.com/card_img/2008796550932103168/3vkobxYQ?format=png&name=2048x2048_2_exp'}, 'type': 'IMAGE'}}, {'key': 'summary_photo_image', 'value': {'image_value': {'height': 314, 'width': 600, 'url': 'https://pbs.twimg.com/card_img/2008796550932103168/3vkobxYQ?format=jpg&name=600x314'}, 'type': 'IMAGE'}}, {'key': 'photo_image_full_size_color', 'value': {'image_color_value': {'palette': [{'rgb': {'blue': 217, 'green': 168, 'red': 183}, 'percentage': 30.08}, {'rgb': {'blue': 47, 'green': 56, 'red': 114}, 'percentage': 15.77}, {'rgb': {'blue': 161, 'green': 70, 'red': 2}, 'percentage': 8.09}, {'rgb': {'blue': 48, 'green': 44, 'red': 61}, 'percentage': 7.08}, {'rgb': {'blue': 163, 'green': 142, 'red': 203}, 'percentage': 6.53}]}, 'type': 'IMAGE_COLOR'}}, {'key': 'photo_image_full_size_x_large', 'value': {'image_value': {'height': 390, 'width': 780, 'url': 'https://pbs.twimg.com/card_img/2008796550932103168/3vkobxYQ?format=png&name=2048x2048_2_exp'}, 'type': 'IMAGE'}}, {'key': 'card_url', 'value': {'scribe_key': 'card_url', 'string_value': 'https://t.co/RtXI8vq3jy', 'type': 'STRING'}}, {'key': 'summary_photo_image_original', 'value': {'image_value': {'height': 390, 'width': 780, 'url': 'https://pbs.twimg.com/card_img/2008796550932103168/3vkobxYQ?format=jpg&name=orig'}, 'type': 'IMAGE'}}], 'card_platform': {'platform': {'audience': {'name': 'production'}, 'device': {'name': 'Android', 'version': '12'}}}, 'name': 'summary_large_image', 'url': 'https://t.co/RtXI8vq3jy', 'user_refs_results': [{'result': {'__typename': 'User', 'id': 'VXNlcjoyMzM0Mzk2MA==', 'rest_id': '23343960', 'affiliates_highlighted_label': {}, 'avatar': {'image_url': 'https://pbs.twimg.com/profile_images/1577144849437888514/d9x3nKN8_normal.jpg'}, 'core': {'created_at': 'Sun Mar 08 19:32:04 +0000 2009', 'name': 'Kompas.com', 'screen_name': 'kompascom'}, 'dm_permissions': {'can_dm': True}, 'follow_request_sent': False, 'has_graduated_access': True, 'is_blue_verified': True, 'legacy': {'default_profile': False, 'default_profile_image': False, 'description': 'Jernih Melihat Dunia | Berita Indonesia Terkini, Akurat, dan Terpercaya', 'entities': {'description': {'urls': []}, 'url': {'urls': [{'display_url': 'kompas.com', 'expanded_url': 'http://www.kompas.com', 'url': 'https://t.co/4nmwnih07V', 'indices': [0, 23]}]}}, 'fast_followers_count': 0, 'favourites_count': 149, 'followers_count': 7787160, 'friends_count': 26, 'has_custom_timelines': True, 'is_translator': False, 'listed_count': 9944, 'media_count': 129887, 'normal_followers_count': 7787160, 'pinned_tweet_ids_str': [], 'possibly_sensitive': False, 'profile_banner_url': 'https://pbs.twimg.com/profile_banners/23343960/1664855609', 'profile_interstitial_type': '', 'statuses_count': 2724744, 'translator_type': 'regular', 'url': 'https://t.co/4nmwnih07V', 'want_retweets': False, 'withheld_in_countries': []}, 'location': {'location': 'Jakarta'}, 'media_permissions': {'can_media_tag': False}, 'parody_commentary_fan_label': 'None', 'profile_image_shape': 'Circle', 'professional': {'rest_id': '1462047602774396931', 'professional_type': 'Business', 'category': [{'id': 580, 'name': 'Media & News Company', 'icon_name': ''}]}, 'profile_bio': {'description': 'Jernih Melihat Dunia | Berita Indonesia Terkini, Akurat, dan Terpercaya'}, 'privacy': {'protected': False}, 'relationship_perspectives': {'following': False}, 'tipjar_settings': {}, 'verification': {'verified': False}, 'profile_description_language': 'in'}}, {'result': {'__typename': 'User', 'id': 'VXNlcjoyMzM0Mzk2MA==', 'rest_id': '23343960', 'affiliates_highlighted_label': {}, 'avatar': {'image_url': 'https://pbs.twimg.com/profile_images/1577144849437888514/d9x3nKN8_normal.jpg'}, 'core': {'created_at': 'Sun Mar 08 19:32:04 +0000 2009', 'name': 'Kompas.com', 'screen_name': 'kompascom'}, 'dm_permissions': {'can_dm': True}, 'follow_request_sent': False, 'has_graduated_access': True, 'is_blue_verified': True, 'legacy': {'default_profile': False, 'default_profile_image': False, 'description': 'Jernih Melihat Dunia | Berita Indonesia Terkini, Akurat, dan Terpercaya', 'entities': {'description': {'urls': []}, 'url': {'urls': [{'display_url': 'kompas.com', 'expanded_url': 'http://www.kompas.com', 'url': 'https://t.co/4nmwnih07V', 'indices': [0, 23]}]}}, 'fast_followers_count': 0, 'favourites_count': 149, 'followers_count': 7787160, 'friends_count': 26, 'has_custom_timelines': True, 'is_translator': False, 'listed_count': 9944, 'media_count': 129887, 'normal_followers_count': 7787160, 'pinned_tweet_ids_str': [], 'possibly_sensitive': False, 'profile_banner_url': 'https://pbs.twimg.com/profile_banners/23343960/1664855609', 'profile_interstitial_type': '', 'statuses_count': 2724744, 'translator_type': 'regular', 'url': 'https://t.co/4nmwnih07V', 'want_retweets': False, 'withheld_in_countries': []}, 'location': {'location': 'Jakarta'}, 'media_permissions': {'can_media_tag': False}, 'parody_commentary_fan_label': 'None', 'profile_image_shape': 'Circle', 'professional': {'rest_id': '1462047602774396931', 'professional_type': 'Business', 'category': [{'id': 580, 'name': 'Media & News Company', 'icon_name': ''}]}, 'profile_bio': {'description': 'Jernih Melihat Dunia | Berita Indonesia Terkini, Akurat, dan Terpercaya'}, 'privacy': {'protected': False}, 'relationship_perspectives': {'following': False}, 'tipjar_settings': {}, 'verification': {'verified': False}, 'profile_description_language': 'in'}}]}",{},"{'hashtags': [{'indices': [234, 242], 'text': 'Pilkada'}, {'indices': [243, 248], 'text': 'DPRD'}], 'symbols': [], 'timestamps': [], 'urls': [{'display_url': 'nasional.kompas.com/read/2024/12/1…', 'expanded_url': 'https://nasional.kompas.com/read/2024/12/15/11265851/soal-kepala-daerah-dipilih-dprd-golkar-sebut-ri-bisa-contoh-malaysia-hingga', 'url': 'https://t.co/RtXI8vq3jy', 'indices': [250, 273]}], 'user_mentions': []}",,,,,False,0.0,
tweet,1867992805286781250,https://x.com/iangalent1/status/1867992805286781250,https://twitter.com/iangalent1/status/1867992805286781250,"Knp pak Prabowo terburu-buru membuat sistem pemilihan gubernur/bupati/walikota oleh DPRD, apakah pilkada berbiaya mahal, knp bisa mahal ? tentu ada sebab itu lah yg di analisis secara detil dgn melibatkan peran serta masyarakat dari seluruh kalangan jgn hanya ketum parpol doang.",,0.0,0.0,0.0,0.0,272.0,Sat Dec 14 17:59:25 +0000 2024,in,0.0,True,1.8678623785805007e+18,1.8678623785805007e+18,,,False,"{'type': 'user', 'userName': 'iangalent1', 'url': 'https://x.com/iangalent1', 'twitterUrl': 'https://twitter.com/iangalent1', 'id': '1616592924388786176', 'name': 'iangalent', 'isVerified': False, 'isBlueVerified': False, 'profilePicture': 'https://pbs.twimg.com/profile_images/1616600694433394688/4AhIw0fu_normal.jpg', 'coverPicture': 'https://pbs.twimg.com/profile_banners/1616592924388786176/1674262668', 'description': '', 'location': '', 'followers': 63, 'following': 132, 'status': '', 'canDm': False, 'canMediaTag': False, 'createdAt': 'Sat Jan 21 00:26:31 +0000 2023', 'entities': {'description': {'urls': []}, 'url': {}}, 'fastFollowersCount': 0, 'favouritesCount': 7033, 'hasCustomTimelines': True, 'isTranslator': False, 'mediaCount': 504, 'statusesCount': 3944, 'withheldInCountries': [], 'affiliatesHighlightedLabel': {}, 'possiblySensitive': False, 'pinnedTweetIds': [], 'profile_bio': {'description': ''}, 'isAutomated': False, 'automatedBy': None}",{},,{},"{'hashtags': [], 'symbols': [], 'timestamps': [], 'urls': [], 'user_mentions': [{'id_str': '1068371293290946561', 'name': 'King Purwa', 'screen_name': 'BosPurwa', 'indices': [0, 9]}, {'id_str': '40580714', 'name': 'Prabowo Subianto', 'screen_name': 'prabowo', 'indices': [10, 18]}, {'id_str': '110312278', 'name': 'Anies Rasyid Baswedan', 'screen_name': 'aniesbaswedan', 'indices': [19, 33]}]}",,,,,False,0.0,
tweet,1867933335265460255,https://x.com/jokotin59927788/status/1867933335265460255,https://twitter.com/jokotin59927788/status/1867933335265460255,Ini bisa terjadi di negeri ini kalau ngotot merubah undang-undang tentang pemilihan gubernur Bupati Walikota oleh DPRD dan presiden dipilih oleh MPR,,0.0,0.0,0.0,0.0,139.0,Sat Dec 14 14:03:06 +0000 2024,in,0.0,True,1.8678754464798474e+18,1.8678754464798474e+18,,,False,"{'type': 'user', 'userName': 'jokotin59927788', 'url': 'https://x.com/jokotin59927788', 'twitterUrl': 'https://twitter.com/jokotin59927788', 'id': '2273834636', 'name': 'joko tingkir', 'isVerified': False, 'isBlueVerified': False, 'profilePicture': 'https://pbs.twimg.com/profile_images/1076388679080280064/rcbO9N5G_normal.jpg', 'coverPicture': '', 'description': '', 'location': '', 'followers': 238, 'following': 686, 'status': '', 'canDm': False, 'canMediaTag': False, 'createdAt': 'Fri Jan 03 02:19:13 +0000 2014', 'entities': {'description': {'urls': []}, 'url': {}}, 'fastFollowersCount': 0, 'favouritesCount': 62746, 'hasCustomTimelines': True, 'isTranslator': False, 'mediaCount': 201, 'statusesCount': 17726, 'withheldInCountries': [], 'affiliatesHighlightedLabel': {}, 'possiblySensitive': False, 'pinnedTweetIds': [], 'profile_bio': {'description': ''}, 'isAutomated': False, 'automatedBy': None}",{},,{},"{'hashtags': [], 'symbols': [], 'timestamps': [], 'urls': [], 'user_mentions': [{'id_str': '1334853481019056128', 'name': 'Maudy Asmara', 'screen_name': 'Mdy_Asmara1701', 'indices': [0, 15]}]}",,,,,False,0.0,
tweet,1867932820620169728,https://x.com/Gapazhe/status/1867932820620169728,https://twitter.com/Gapazhe/status/1867932820620169728,"Tahun 99, pemilihan gubernur/walikota dilakukan oleh DPRD, tahu apa yg terjadi, semua anggota DPRD di karantina, di masa karantina uang berjalan, gub/walkot terpilih, semua senang, semua menang, rakyat gigit jari, wkwkwkw Gas trus bosku, biar rakyat biasa, tetap jd rakyat biasa",,0.0,0.0,0.0,0.0,23.0,Sat Dec 14 14:01:03 +0000 2024,in,0.0,True,1.8678105006474573e+18,1.8678105006474573e+18,,,False,"{'type': 'user', 'userName': 'Gapazhe', 'url': 'https://x.com/Gapazhe', 'twitterUrl': 'https://twitter.com/Gapazhe', 'id': '2248413540', 'name': 'JemaahOldTrafford', 'isVerified': False, 'isBlueVerified': False, 'profilePicture': 'https://pbs.twimg.com/profile_images/1577382934130356224/GKJeyIb7_normal.jpg', 'coverPicture': 'https://pbs.twimg.com/profile_banners/2248413540/1664912296', 'description': ""The man who can't help everybody, but you can share anythings with me"", 'location': 'Medan', 'followers': 117, 'following': 98, 'status': '', 'canDm': False, 'canMediaTag': False, 'createdAt': 'Mon Dec 16 08:30:18 +0000 2013', 'entities': {'description': {'urls': []}, 'url': {}}, 'fastFollowersCount': 0, 'favouritesCount': 106, 'hasCustomTimelines': True, 'isTranslator': False, 'mediaCount': 187, 'statusesCount': 4474, 'withheldInCountries': [], 'affiliatesHighlightedLabel': {}, 'possiblySensitive': False, 'pinnedTweetIds': [], 'profile_bio': {'description': ""The man who can't help everybody, but you can share anythings with me""}, 'isAutomated': False, 'automatedBy': None}",{},,{},"{'hashtags': [], 'symbols': [], 'timestamps': [], 'urls': [], 'user_mentions': [{'id_str': '71436318', 'name': 'KOMPAS TV', 'screen_name': 'KompasTV', 'indices': [0, 9]}]}",,,,,False,0.0,
tweet,1867928484552810955,https://x.com/IbnuSutedi/status/1867928484552810955,https://twitter.com/IbnuSutedi/status/1867928484552810955,"Setuju pak, tp hanya untuk pemilihan gubernur saja pak yg dipilih oleh DPRD, untuk pemilihan bupati atau walikota tetap dipilih oleh rakyat",,0.0,0.0,0.0,0.0,15.0,Sat Dec 14 13:43:49 +0000 2024,in,0.0,True,1.8675730664418514e+18,1.8675730664418514e+18,,,False,"{'type': 'user', 'userName': 'IbnuSutedi', 'url': 'https://x.com/IbnuSutedi', 'twitterUrl': 'https://twitter.com/IbnuSutedi', 'id': '1375958005', 'name': 'roni ibnu sutedi', 'isVerified': False, 'isBlueVerified': False, 'profilePicture': 'https://pbs.twimg.com/profile_images/1312009848611979270/rHWGeFl7_normal.jpg', 'coverPicture': 'https://pbs.twimg.com/profile_banners/1375958005/1578762731', 'description': 'Soleh', 'location': 'Pematang Siantar, Indonesia', 'followers': 22, 'following': 540, 'status': '', 'canDm': False, 'canMediaTag': False, 'createdAt': 'Wed Apr 24 02:11:34 +0000 2013', 'entities': {'description': {'urls': []}, 'url': {}}, 'fastFollowersCount': 0, 'favouritesCount': 1254, 'hasCustomTimelines': True, 'isTranslator': False, 'mediaCount': 3, 'statusesCount': 396, 'withheldInCountries': [], 'affiliatesHighlightedLabel': {}, 'possiblySensitive': False, 'pinnedTweetIds': [], 'profile_bio': {'description': 'Soleh'}, 'isAutomated': False, 'automatedBy': None}",{},,{},"{'hashtags': [], 'symbols': [], 'timestamps': [], 'urls': [], 'user_mentions': [{'id_str': '120110169', 'name': 'Jimly Asshiddiqie', 'screen_name': 'JimlyAs', 'indices': [0, 8]}]}",,,,,False,0.0,
tweet,1867862378580500646,https://x.com/BosPurwa/status/1867862378580500646,https://twitter.com/BosPurwa/status/1867862378580500646,"Pak , jgn terburu-buru membuat keputusan sistem pemilihan bupati, walikota, gubernur oleh DPRD, jgn sampai setback. Lakukan dulu diskursus publik cari ide yang lebih ideal. Ini salah satu contoh usulan.. POLITICAL PARTY FINANCING ~ by",,296.0,26.0,746.0,6.0,27776.0,Sat Dec 14 09:21:08 +0000 2024,in,34.0,False,,1.8678623785805007e+18,,,False,"{'type': 'user', 'userName': 'BosPurwa', 'url': 'https://x.com/BosPurwa', 'twitterUrl': 'https://twitter.com/BosPurwa', 'id': '1068371293290946561', 'name': 'King Purwa', 'isVerified': False, 'isBlueVerified': True, 'profilePicture': 'https://pbs.twimg.com/profile_images/1982760488380284928/B-iCUVr5_normal.jpg', 'coverPicture': 'https://pbs.twimg.com/profile_banners/1068371293290946561/1757759139', 'description': 'Atasan Presiden Republik Indonesia I\nAkun Backup @KingPurvva', 'location': 'Warteg', 'followers': 131785, 'following': 3674, 'status': '', 'canDm': False, 'canMediaTag': False, 'createdAt': 'Fri Nov 30 05:09:00 +0000 2018', 'entities': {'description': {'urls': []}, 'url': {}}, 'fastFollowersCount': 0, 'favouritesCount': 21202, 'hasCustomTimelines': True, 'isTranslator': False, 'mediaCount': 12458, 'statusesCount': 55487, 'withheldInCountries': [], 'affiliatesHighlightedLabel': {}, 'possiblySensitive': False, 'pinnedTweetIds': ['1993446877388493189'], 'profile_bio': {'description': 'Atasan Presiden Republik Indonesia I\nAkun Backup @KingPurvva'}, 'isAutomated': False, 'automatedBy': None}","{'media': [{'display_url': 'pic.x.com/QIAYrG93wG', 'expanded_url': 'https://x.com/BosPurwa/status/1867862378580500646/video/1', 'id_str': '1867860683540570113', 'indices': [260, 283], 'media_key': '7_1867860683540570113', 'media_url_https': 'https://pbs.twimg.com/ext_tw_video_thumb/1867860683540570113/pu/img/y8Z3npRo7yNTB2kx.jpg', 'type': 'video', 'url': 'https://t.co/QIAYrG93wG', 'additional_media_info': {'monetizable': False}, 'ext_media_availability': {'status': 'Available'}, 'sizes': {'large': {'h': 720, 'w': 1280, 'resize': 'fit'}, 'medium': {'h': 675, 'w': 1200, 'resize': 'fit'}, 'small': {'h': 383, 'w': 680, 'resize': 'fit'}, 'thumb': {'h': 150, 'w': 150, 'resize': 'crop'}}, 'original_info': {'height': 720, 'width': 1280, 'focus_rects': []}, 'allow_download_status': {'allow_download': True}, 'video_info': {'aspect_ratio': [16, 9], 'duration_millis': 350314, 'variants': [{'content_type': 'application/x-mpegURL', 'url': 'https://video.twimg.com/ext_tw_video/1867860683540570113/pu/pl/r3wI0CCDGscQ_waI.m3u8?tag=12&v=2b6'}, {'bitrate': 256000, 'content_type': 'video/mp4', 'url': 'https://video.twimg.com/ext_tw_video/1867860683540570113/pu/vid/avc1/480x270/HSpaxCJ8k7rRNMrk.mp4?tag=12'}, {'bitrate': 832000, 'content_type': 'video/mp4', 'url': 'https://video.twimg.com/ext_tw_video/1867860683540570113/pu/vid/avc1/640x360/KFQiyvD0Pgab9ZmL.mp4?tag=12'}, {'bitrate': 2176000, 'content_type': 'video/mp4', 'url': 'https://video.twimg.com/ext_tw_video/1867860683540570113/pu/vid/avc1/1280x720/_4sXHS4FJhAL6GNF.mp4?tag=12'}]}, 'media_results': {'result': {'media_key': '7_1867860683540570113'}}}]}",,{},"{'hashtags': [], 'media': [{'display_url': 'pic.x.com/QIAYrG93wG', 'expanded_url': 'https://x.com/BosPurwa/status/1867862378580500646/video/1', 'id_str': '1867860683540570113', 'indices': [260, 283], 'media_key': '7_1867860683540570113', 'media_url_https': 'https://pbs.twimg.com/ext_tw_video_thumb/1867860683540570113/pu/img/y8Z3npRo7yNTB2kx.jpg', 'type': 'video', 'url': 'https://t.co/QIAYrG93wG', 'additional_media_info': {'monetizable': False}, 'ext_media_availability': {'status': 'Available'}, 'sizes': {'large': {'h': 720, 'w': 1280, 'resize': 'fit'}, 'medium': {'h': 675, 'w': 1200, 'resize': 'fit'}, 'small': {'h': 383, 'w': 680, 'resize': 'fit'}, 'thumb': {'h': 150, 'w': 150, 'resize': 'crop'}}, 'original_info': {'height': 720, 'width': 1280, 'focus_rects': []}, 'allow_download_status': {'allow_download': True}, 'video_info': {'aspect_ratio': [16, 9], 'duration_millis': 350314, 'variants': [{'content_type': 'application/x-mpegURL', 'url': 'https://video.twimg.com/ext_tw_video/1867860683540570113/pu/pl/r3wI0CCDGscQ_waI.m3u8?tag=12&v=2b6'}, {'bitrate': 256000, 'content_type': 'video/mp4', 'url': 'https://video.twimg.com/ext_tw_video/1867860683540570113/pu/vid/avc1/480x270/HSpaxCJ8k7rRNMrk.mp4?tag=12'}, {'bitrate': 832000, 'content_type': 'video/mp4', 'url': 'https://video.twimg.com/ext_tw_video/1867860683540570113/pu/vid/avc1/640x360/KFQiyvD0Pgab9ZmL.mp4?tag=12'}, {'bitrate': 2176000, 'content_type': 'video/mp4', 'url': 'https://video.twimg.com/ext_tw_video/1867860683540570113/pu/vid/avc1/1280x720/_4sXHS4FJhAL6GNF.mp4?tag=12'}]}, 'media_results': {'result': {'media_key': '7_1867860683540570113'}}}], 'symbols': [], 'timestamps': [], 'urls': [], 'user_mentions': [{'id_str': '40580714', 'name': 'Prabowo Subianto', 'screen_name': 'prabowo', 'indices': [4, 12]}, {'id_str': '110312278', 'name': 'Anies Rasyid Baswedan', 'screen_name': 'aniesbaswedan', 'indices': [245, 259]}]}",,,,,False,0.0,
tweet,1867852003910857117,https://x.com/banten_berita/status/1867852003910857117,https://twitter.com/banten_berita/status/1867852003910857117,Wacana Pemilihan Gubernur oleh DPRD Kembali Mencuat Setelah Kritik Terhadap Pilkada Serentak,,0.0,0.0,0.0,0.0,39.0,Sat Dec 14 08:39:55 +0000 2024,in,0.0,False,,1.8678520039108572e+18,,,False,"{'type': 'user', 'userName': 'banten_berita', 'url': 'https://x.com/banten_berita', 'twitterUrl': 'https://twitter.com/banten_berita', 'id': '1941200143', 'name': 'Beritabanten.com', 'isVerified': False, 'isBlueVerified': False, 'profilePicture': 'https://pbs.twimg.com/profile_images/1772951018587983872/lkJM4VNK_normal.jpg', 'coverPicture': 'https://pbs.twimg.com/profile_banners/1941200143/1541628266', 'description': 'Berita & Informasi Seputar Banten', 'location': 'Banten, Indonesia', 'followers': 620, 'following': 240, 'status': '', 'canDm': False, 'canMediaTag': False, 'createdAt': 'Sun Oct 06 14:46:35 +0000 2013', 'entities': {'description': {'urls': []}, 'url': {}}, 'fastFollowersCount': 0, 'favouritesCount': 0, 'hasCustomTimelines': True, 'isTranslator': False, 'mediaCount': 382, 'statusesCount': 15914, 'withheldInCountries': [], 'affiliatesHighlightedLabel': {}, 'possiblySensitive': False, 'pinnedTweetIds': [], 'profile_bio': {'description': 'Berita & Informasi Seputar Banten'}, 'isAutomated': False, 'automatedBy': None}",{},,{},"{'hashtags': [], 'symbols': [], 'timestamps': [], 'urls': [{'display_url': 'beritabanten.com/wacana-pemilih…', 'expanded_url': 'https://beritabanten.com/wacana-pemilihan-gubernur-oleh-dprd-kembali-mencuat-setelah-kritik-terhadap-pilkada-serentak/', 'url': 'https://t.co/Mt782frzA7', 'indices': [93, 116]}], 'user_mentions': []}",,,,,False,0.0,
tweet,1867827726486581749,https://x.com/tvOneNews/status/1867827726486581749,https://twitter.com/tvOneNews/status/1867827726486581749,"Menteri Hukum (Menkum) Supratman Andi Agtas komentari gagasan Presiden Prabowo Subianto terkait pemilihan kepala daerah, seperti gubernur, bupati, dan wali kota, oleh Dewan Perwakilan Rakyat Daerah (DPRD) patut menjadi bahan pertimbangan serius. Usulan tersebut disampaikan Prabowo dalam pidato di acara peringatan Hari Ulang Tahun (HUT) ke-60 Partai Golkar di Sentul, Bogor, Kamis (12/12/2024) malam. Menurut Supratman, pemilihan kepala daerah melalui DPRD dapat menekan biaya Pilkada yang selama ini dikenal sangat mahal. “Ini wacana yang baik dan perlu kita pikirkan bersama. Presiden merespons positif gagasan Ketua Umum Golkar ini,” ujar Supratman di Kompleks Istana Kepresidenan, Jakarta, Jumat (13/12/2024). Simak berita selengkapnya hanya di HardNews_Politik NewsOne CariBeritaditvOne PresidenRI PrabowoSubianto BahlilLahadalia Supratman tvOneTVPemilu KamiKabarkanAndaPutuskan NO03",,1.0,9.0,2.0,0.0,2614.0,Sat Dec 14 07:03:27 +0000 2024,in,0.0,False,,1.8678277264865818e+18,,,False,"{'type': 'user', 'userName': 'tvOneNews', 'url': 'https://x.com/tvOneNews', 'twitterUrl': 'https://twitter.com/tvOneNews', 'id': '55507370', 'name': 'tvOnenews', 'isVerified': False, 'isBlueVerified': False, 'profilePicture': 'https://pbs.twimg.com/profile_images/1811001498689753089/p2l374M3_normal.jpg', 'coverPicture': 'https://pbs.twimg.com/profile_banners/55507370/1690282621', 'description': 'Official Account of tvOneNews', 'location': 'Pulo Gadung, Indonesia', 'followers': 7881312, 'following': 49, 'status': '', 'canDm': False, 'canMediaTag': False, 'createdAt': 'Fri Jul 10 08:16:35 +0000 2009', 'entities': {'description': {'urls': []}, 'url': {}}, 'fastFollowersCount': 0, 'favouritesCount': 0, 'hasCustomTimelines': True, 'isTranslator': False, 'mediaCount': 209975, 'statusesCount': 509597, 'withheldInCountries': [], 'affiliatesHighlightedLabel': {}, 'possiblySensitive': False, 'pinnedTweetIds': [], 'profile_bio': {'description': 'Official Account of tvOneNews'}, 'isAutomated': False, 'automatedBy': None}","{'media': [{'display_url': 'pic.x.com/1gWpH2He8O', 'expanded_url': 'https://x.com/tvOneNews/status/1867827726486581749/photo/1', 'id_str': '1867827617329819649', 'indices': [275, 298], 'media_key': '3_1867827617329819649', 'media_url_https': 'https://pbs.twimg.com/media/GevbUmCbsAEP5G_.jpg', 'type': 'photo', 'url': 'https://t.co/1gWpH2He8O', 'ext_media_availability': {'status': 'Available'}, 'features': {'large': {'faces': [{'x': 517, 'y': 46, 'h': 101, 'w': 101}]}, 'medium': {'faces': [{'x': 517, 'y': 46, 'h': 101, 'w': 101}]}, 'small': {'faces': [{'x': 325, 'y': 28, 'h': 63, 'w': 63}]}, 'orig': {'faces': [{'x': 517, 'y': 46, 'h': 101, 'w': 101}]}}, 'sizes': {'large': {'h': 1080, 'w': 1080, 'resize': 'fit'}, 'medium': {'h': 1080, 'w': 1080, 'resize': 'fit'}, 'small': {'h': 680, 'w': 680, 'resize': 'fit'}, 'thumb': {'h': 150, 'w': 150, 'resize': 'crop'}}, 'original_info': {'height': 1080, 'width': 1080, 'focus_rects': [{'x': 0, 'y': 475, 'w': 1080, 'h': 605}, {'x': 0, 'y': 0, 'w': 1080, 'h': 1080}, {'x': 0, 'y': 0, 'w': 947, 'h': 1080}, {'x': 0, 'y': 0, 'w': 540, 'h': 1080}, {'x': 0, 'y': 0, 'w': 1080, 'h': 1080}]}, 'allow_download_status': {'allow_download': True}, 'media_results': {'result': {'media_key': '3_1867827617329819649'}}}]}",,{},"{'hashtags': [{'indices': [779, 796], 'text': 'HardNews_Politik'}, {'indices': [797, 805], 'text': 'NewsOne'}, {'indices': [806, 824], 'text': 'CariBeritaditvOne'}, {'indices': [825, 836], 'text': 'PresidenRI'}, {'indices': [837, 853], 'text': 'PrabowoSubianto'}, {'indices': [854, 870], 'text': 'BahlilLahadalia'}, {'indices': [871, 881], 'text': 'Supratman'}, {'indices': [882, 896], 'text': 'tvOneTVPemilu'}, {'indices': [897, 922], 'text': 'KamiKabarkanAndaPutuskan'}, {'indices': [923, 928], 'text': 'NO03'}], 'symbols': [], 'urls': [{'display_url': 'tinyurl.com/mr3y879k', 'expanded_url': 'https://tinyurl.com/mr3y879k', 'url': 'https://t.co/3SiuL4OkQd', 'indices': [755, 778]}], 'user_mentions': []}",,,,,False,0.0,
tweet,1867816481628860809,https://x.com/agungrahutomo/status/1867816481628860809,https://twitter.com/agungrahutomo/status/1867816481628860809,"Untuk gubernur setuju, malah gak perlu dipilih DPRD, tapi dipilih langsung oleh presiden , yg tingkat 2 dan presiden tetap harus pemilihan langsung.",,0.0,0.0,0.0,0.0,13.0,Sat Dec 14 06:18:46 +0000 2024,in,0.0,True,1.8677734662395459e+18,1.8677734662395459e+18,,,False,"{'type': 'user', 'userName': 'agungrahutomo', 'url': 'https://x.com/agungrahutomo', 'twitterUrl': 'https://twitter.com/agungrahutomo', 'id': '77157351', 'name': 'Agung Rahutomo', 'isVerified': False, 'isBlueVerified': False, 'profilePicture': 'https://pbs.twimg.com/profile_images/794117822058086400/Rr-ZDIcn_normal.png', 'coverPicture': 'https://pbs.twimg.com/profile_banners/77157351/1383488661', 'description': 'Simple guy who loves his family so much', 'location': 'Bogor', 'followers': 524, 'following': 869, 'status': '', 'canDm': False, 'canMediaTag': False, 'createdAt': 'Fri Sep 25 07:14:02 +0000 2009', 'entities': {'description': {'urls': []}, 'url': {}}, 'fastFollowersCount': 0, 'favouritesCount': 1435, 'hasCustomTimelines': True, 'isTranslator': False, 'mediaCount': 198, 'statusesCount': 3602, 'withheldInCountries': [], 'affiliatesHighlightedLabel': {}, 'possiblySensitive': False, 'pinnedTweetIds': [], 'profile_bio': {'description': 'Simple guy who loves his family so much'}, 'isAutomated': False, 'automatedBy': None}",{},,{},"{'hashtags': [], 'symbols': [], 'timestamps': [], 'urls': [], 'user_mentions': [{'id_str': '188194869', 'name': 'Adi Prayitno', 'screen_name': 'Adiprayitno_20', 'indices': [0, 15]}]}",,,,,False,0.0,
tweet,1867794849682059440,https://x.com/VivaJatim/status/1867794849682059440,https://twitter.com/VivaJatim/status/1867794849682059440,"Sebelum Prabowo, Komisi A Sebut Pernah Usulkan Pemilihan Gubernur oleh DPRD",,0.0,0.0,0.0,0.0,34.0,Sat Dec 14 04:52:48 +0000 2024,in,0.0,False,,1.8677948496820595e+18,,,False,"{'type': 'user', 'userName': 'VivaJatim', 'url': 'https://x.com/VivaJatim', 'twitterUrl': 'https://twitter.com/VivaJatim', 'id': '1568566353132662784', 'name': 'VIVA Jatim', 'isVerified': False, 'isBlueVerified': False, 'profilePicture': 'https://pbs.twimg.com/profile_images/1697199282552750080/7K_ZbkvQ_normal.jpg', 'coverPicture': 'https://pbs.twimg.com/profile_banners/1568566353132662784/1693484064', 'description': 'Platform yang selalu menyajikan berita-berita paling aktual dan menarik dari Jawa Timur, Indonesia dan belahan dunia internasional.', 'location': 'Kota Surabaya, Jawa Timur', 'followers': 115, 'following': 150, 'status': '', 'canDm': False, 'canMediaTag': False, 'createdAt': 'Sat Sep 10 11:45:54 +0000 2022', 'entities': {'description': {'urls': []}, 'url': {}}, 'fastFollowersCount': 0, 'favouritesCount': 35, 'hasCustomTimelines': True, 'isTranslator': False, 'mediaCount': 39, 'statusesCount': 1937, 'withheldInCountries': [], 'affiliatesHighlightedLabel': {}, 'possiblySensitive': False, 'pinnedTweetIds': [], 'profile_bio': {'description': 'Platform yang selalu menyajikan berita-berita paling aktual dan menarik dari Jawa Timur, Indonesia dan belahan dunia internasional.'}, 'isAutomated': False, 'automatedBy': None}",{},,{},"{'hashtags': [], 'symbols': [], 'timestamps': [], 'urls': [{'display_url': 'jatim.viva.co.id/kabar/16767-se…', 'expanded_url': 'https://jatim.viva.co.id/kabar/16767-sebelum-prabowo-komisi-a-sebut-pernah-usulkan-pemilihan-gubernur-oleh-dprd', 'url': 'https://t.co/B0kzZrLwc6', 'indices': [76, 99]}], 'user_mentions': []}",,,,,False,0.0,
tweet,1867784500991996189,https://x.com/ERukidjo/status/1867784500991996189,https://twitter.com/ERukidjo/status/1867784500991996189,"Pemilihan anggota Dewan, oleh rakyat. Pemilihan Bupati/Walikota, oleh DPRD tk. II. Pemilihan Gubernur, oleh DPRD tk. I. Pemilihan Preseden, oleh DPR RI.",,0.0,0.0,0.0,0.0,19.0,Sat Dec 14 04:11:41 +0000 2024,in,0.0,True,1.86739927625676e+18,1.86739927625676e+18,,,False,"{'type': 'user', 'userName': 'ERukidjo', 'url': 'https://x.com/ERukidjo', 'twitterUrl': 'https://twitter.com/ERukidjo', 'id': '1754384087480184832', 'name': 'EdyRukidjo', 'isVerified': False, 'isBlueVerified': False, 'profilePicture': 'https://pbs.twimg.com/profile_images/1754384324277981184/oY0QWB-N_normal.jpg', 'coverPicture': '', 'description': '', 'location': '', 'followers': 25, 'following': 185, 'status': '', 'canDm': False, 'canMediaTag': False, 'createdAt': 'Mon Feb 05 05:59:17 +0000 2024', 'entities': {'description': {'urls': []}, 'url': {}}, 'fastFollowersCount': 0, 'favouritesCount': 892, 'hasCustomTimelines': True, 'isTranslator': False, 'mediaCount': 1, 'statusesCount': 1011, 'withheldInCountries': [], 'affiliatesHighlightedLabel': {}, 'possiblySensitive': False, 'pinnedTweetIds': [], 'profile_bio': {'description': ''}, 'isAutomated': False, 'automatedBy': None}",{},,{},"{'hashtags': [], 'symbols': [], 'timestamps': [], 'urls': [], 'user_mentions': [{'id_str': '1450037307826860039', 'name': '@Tatok sugiarto', 'screen_name': 'QianzyZ', 'indices': [0, 8]}]}",,,,,False,0.0,
tweet,1867776048559272369,https://x.com/afan137/status/1867776048559272369,https://twitter.com/afan137/status/1867776048559272369,Gubernur dipilih oleh DPRD Dan presiden. Seperti pemilihan rektor kampus. Untuk kepala daerah bupati walikota tetap pilihan langsung,,0.0,0.0,0.0,0.0,28.0,Sat Dec 14 03:38:06 +0000 2024,in,0.0,True,1.8675730664418514e+18,1.8675730664418514e+18,,,False,"{'type': 'user', 'userName': 'afan137', 'url': 'https://x.com/afan137', 'twitterUrl': 'https://twitter.com/afan137', 'id': '16656937', 'name': 'afandi15', 'isVerified': False, 'isBlueVerified': False, 'profilePicture': 'https://pbs.twimg.com/profile_images/1755502941660946432/ypma2SeD_normal.jpg', 'coverPicture': 'https://pbs.twimg.com/profile_banners/16656937/1677336593', 'description': 'a Scientist', 'location': 'Kyoto-fu, Japan', 'followers': 32, 'following': 157, 'status': '', 'canDm': False, 'canMediaTag': False, 'createdAt': 'Wed Oct 08 21:48:47 +0000 2008', 'entities': {'description': {'urls': []}, 'url': {}}, 'fastFollowersCount': 0, 'favouritesCount': 652, 'hasCustomTimelines': True, 'isTranslator': False, 'mediaCount': 24, 'statusesCount': 1664, 'withheldInCountries': [], 'affiliatesHighlightedLabel': {}, 'possiblySensitive': False, 'pinnedTweetIds': [], 'profile_bio': {'description': 'a Scientist'}, 'isAutomated': False, 'automatedBy': None}",{},,{},"{'hashtags': [], 'symbols': [], 'timestamps': [], 'urls': [], 'user_mentions': [{'id_str': '120110169', 'name': 'Jimly Asshiddiqie', 'screen_name': 'JimlyAs', 'indices': [0, 8]}]}",,,,,False,0.0,
tweet,1867580003636195490,https://x.com/MRLaode/status/1867580003636195490,https://twitter.com/MRLaode/status/1867580003636195490,Gubernur dan Wakil Gubernur periode 2024-2029 hasil pemilihan langsung oleh DPRD Daerah Khusus Jakarta.,,19.0,18.0,281.0,0.0,14564.0,Fri Dec 13 14:39:05 +0000 2024,in,0.0,True,1.8675730664418514e+18,1.8675730664418514e+18,,,False,"{'type': 'user', 'userName': 'MRLaode', 'url': 'https://x.com/MRLaode', 'twitterUrl': 'https://twitter.com/MRLaode', 'id': '237314012', 'name': 'mr.laode', 'isVerified': False, 'isBlueVerified': False, 'profilePicture': 'https://pbs.twimg.com/profile_images/1763758037268119552/-KULkBhw_normal.jpg', 'coverPicture': 'https://pbs.twimg.com/profile_banners/237314012/1558717768', 'description': 'Jangan pernah berbuat salah agar hidupmu tak dibayangi rasa takut.', 'location': '', 'followers': 121, 'following': 752, 'status': '', 'canDm': True, 'canMediaTag': False, 'createdAt': 'Wed Jan 12 15:23:53 +0000 2011', 'entities': {'description': {'urls': []}, 'url': {}}, 'fastFollowersCount': 0, 'favouritesCount': 33379, 'hasCustomTimelines': True, 'isTranslator': False, 'mediaCount': 608, 'statusesCount': 11843, 'withheldInCountries': [], 'affiliatesHighlightedLabel': {}, 'possiblySensitive': False, 'pinnedTweetIds': ['1873242661051875499'], 'profile_bio': {'description': 'Jangan pernah berbuat salah agar hidupmu tak dibayangi rasa takut.'}, 'isAutomated': False, 'automatedBy': None}","{'media': [{'display_url': 'pic.x.com/XLY6wfBKAA', 'expanded_url': 'https://x.com/MRLaode/status/1867580003636195490/photo/1', 'id_str': '1867580000461025280', 'indices': [113, 136], 'media_key': '3_1867580000461025280', 'media_url_https': 'https://pbs.twimg.com/media/Ger6HZUacAAvwWD.jpg', 'type': 'photo', 'url': 'https://t.co/XLY6wfBKAA', 'ext_media_availability': {'status': 'Available'}, 'features': {'large': {'faces': [{'x': 447, 'y': 67, 'h': 138, 'w': 138}, {'x': 210, 'y': 62, 'h': 153, 'w': 153}]}, 'medium': {'faces': [{'x': 447, 'y': 67, 'h': 138, 'w': 138}, {'x': 210, 'y': 62, 'h': 153, 'w': 153}]}, 'small': {'faces': [{'x': 379, 'y': 56, 'h': 117, 'w': 117}, {'x': 178, 'y': 52, 'h': 130, 'w': 130}]}, 'orig': {'faces': [{'x': 447, 'y': 67, 'h': 138, 'w': 138}, {'x': 210, 'y': 62, 'h': 153, 'w': 153}]}}, 'sizes': {'large': {'h': 401, 'w': 800, 'resize': 'fit'}, 'medium': {'h': 401, 'w': 800, 'resize': 'fit'}, 'small': {'h': 341, 'w': 680, 'resize': 'fit'}, 'thumb': {'h': 150, 'w': 150, 'resize': 'crop'}}, 'original_info': {'height': 401, 'width': 800, 'focus_rects': [{'x': 84, 'y': 0, 'w': 716, 'h': 401}, {'x': 340, 'y': 0, 'w': 401, 'h': 401}, {'x': 364, 'y': 0, 'w': 352, 'h': 401}, {'x': 440, 'y': 0, 'w': 201, 'h': 401}, {'x': 0, 'y': 0, 'w': 800, 'h': 401}]}, 'media_results': {'result': {'media_key': '3_1867580000461025280'}}}]}",,{},"{'hashtags': [], 'media': [{'display_url': 'pic.x.com/XLY6wfBKAA', 'expanded_url': 'https://x.com/MRLaode/status/1867580003636195490/photo/1', 'id_str': '1867580000461025280', 'indices': [113, 136], 'media_key': '3_1867580000461025280', 'media_url_https': 'https://pbs.twimg.com/media/Ger6HZUacAAvwWD.jpg', 'type': 'photo', 'url': 'https://t.co/XLY6wfBKAA', 'ext_media_availability': {'status': 'Available'}, 'features': {'large': {'faces': [{'x': 447, 'y': 67, 'h': 138, 'w': 138}, {'x': 210, 'y': 62, 'h': 153, 'w': 153}]}, 'medium': {'faces': [{'x': 447, 'y': 67, 'h': 138, 'w': 138}, {'x': 210, 'y': 62, 'h': 153, 'w': 153}]}, 'small': {'faces': [{'x': 379, 'y': 56, 'h': 117, 'w': 117}, {'x': 178, 'y': 52, 'h': 130, 'w': 130}]}, 'orig': {'faces': [{'x': 447, 'y': 67, 'h': 138, 'w': 138}, {'x': 210, 'y': 62, 'h': 153, 'w': 153}]}}, 'sizes': {'large': {'h': 401, 'w': 800, 'resize': 'fit'}, 'medium': {'h': 401, 'w': 800, 'resize': 'fit'}, 'small': {'h': 341, 'w': 680, 'resize': 'fit'}, 'thumb': {'h': 150, 'w': 150, 'resize': 'crop'}}, 'original_info': {'height': 401, 'width': 800, 'focus_rects': [{'x': 84, 'y': 0, 'w': 716, 'h': 401}, {'x': 340, 'y': 0, 'w': 401, 'h': 401}, {'x': 364, 'y': 0, 'w': 352, 'h': 401}, {'x': 440, 'y': 0, 'w': 201, 'h': 401}, {'x': 0, 'y': 0, 'w': 800, 'h': 401}]}, 'media_results': {'result': {'media_key': '3_1867580000461025280'}}}], 'symbols': [], 'timestamps': [], 'urls': [], 'user_mentions': [{'id_str': '120110169', 'name': 'Jimly Asshiddiqie', 'screen_name': 'JimlyAs', 'indices': [0, 8]}]}",,,,,False,0.0,
tweet,1867535545540522340,https://x.com/bachtiar_s61448/status/1867535545540522340,https://twitter.com/bachtiar_s61448/status/1867535545540522340,Kayaknya pengaruh jokowi sangat terlalu kuat bagi Prabowo. Keinginan jokowi untuk pemilihan presiden di lakukan oleh DPR MPR untuk memuluskan Gibran ke Istana mendapat jalan yang mulus ketika prabowo mengusulkan DPRD yang pilih bupati dan gubernur. Ini Strategi ganjal Anies,,0.0,0.0,0.0,0.0,92.0,Fri Dec 13 11:42:25 +0000 2024,in,0.0,False,,1.8675355455405222e+18,,,False,"{'type': 'user', 'userName': 'bachtiar_s61448', 'url': 'https://x.com/bachtiar_s61448', 'twitterUrl': 'https://twitter.com/bachtiar_s61448', 'id': '1828739943646253056', 'name': 'bachtiar saban', 'isVerified': False, 'isBlueVerified': False, 'profilePicture': 'https://pbs.twimg.com/profile_images/1866015541040914432/MuK11Omy_normal.jpg', 'coverPicture': '', 'description': 'Kemajemukan adalah filosofi bangsa, dan kecerdasan adalah kekuatan inovasi untuk merubah bangsa. \nDan kekuatan intelektual dan iman itulah kita perbaiki bangsa.', 'location': '', 'followers': 219, 'following': 1077, 'status': '', 'canDm': True, 'canMediaTag': True, 'createdAt': 'Wed Aug 28 10:24:27 +0000 2024', 'entities': {'description': {'urls': []}, 'url': {}}, 'fastFollowersCount': 0, 'favouritesCount': 343, 'hasCustomTimelines': True, 'isTranslator': False, 'mediaCount': 198, 'statusesCount': 1392, 'withheldInCountries': [], 'affiliatesHighlightedLabel': {}, 'possiblySensitive': False, 'pinnedTweetIds': [], 'profile_bio': {'description': 'Kemajemukan adalah filosofi bangsa, dan kecerdasan adalah kekuatan inovasi untuk merubah bangsa. \nDan kekuatan intelektual dan iman itulah kita perbaiki bangsa.'}, 'isAutomated': False, 'automatedBy': None}","{'media': [{'display_url': 'pic.x.com/try6eKoFZ2', 'expanded_url': 'https://x.com/bachtiar_s61448/status/1867535545540522340/photo/1', 'id_str': '1867535541480435713', 'indices': [278, 301], 'media_key': '3_1867535541480435713', 'media_url_https': 'https://pbs.twimg.com/media/GerRritbsAEski7.jpg', 'type': 'photo', 'url': 'https://t.co/try6eKoFZ2', 'ext_media_availability': {'status': 'Available'}, 'features': {'large': {'faces': [{'x': 7, 'y': 251, 'h': 106, 'w': 106}, {'x': 373, 'y': 64, 'h': 134, 'w': 134}]}, 'medium': {'faces': [{'x': 7, 'y': 251, 'h': 106, 'w': 106}, {'x': 373, 'y': 64, 'h': 134, 'w': 134}]}, 'small': {'faces': [{'x': 7, 'y': 251, 'h': 106, 'w': 106}, {'x': 373, 'y': 64, 'h': 134, 'w': 134}]}, 'orig': {'faces': [{'x': 7, 'y': 251, 'h': 106, 'w': 106}, {'x': 373, 'y': 64, 'h': 134, 'w': 134}]}}, 'sizes': {'large': {'h': 390, 'w': 600, 'resize': 'fit'}, 'medium': {'h': 390, 'w': 600, 'resize': 'fit'}, 'small': {'h': 390, 'w': 600, 'resize': 'fit'}, 'thumb': {'h': 150, 'w': 150, 'resize': 'crop'}}, 'original_info': {'height': 390, 'width': 600, 'focus_rects': [{'x': 0, 'y': 0, 'w': 600, 'h': 336}, {'x': 210, 'y': 0, 'w': 390, 'h': 390}, {'x': 258, 'y': 0, 'w': 342, 'h': 390}, {'x': 405, 'y': 0, 'w': 195, 'h': 390}, {'x': 0, 'y': 0, 'w': 600, 'h': 390}]}, 'media_results': {'result': {'media_key': '3_1867535541480435713'}}}]}",,{},"{'hashtags': [], 'media': [{'display_url': 'pic.x.com/try6eKoFZ2', 'expanded_url': 'https://x.com/bachtiar_s61448/status/1867535545540522340/photo/1', 'id_str': '1867535541480435713', 'indices': [278, 301], 'media_key': '3_1867535541480435713', 'media_url_https': 'https://pbs.twimg.com/media/GerRritbsAEski7.jpg', 'type': 'photo', 'url': 'https://t.co/try6eKoFZ2', 'ext_media_availability': {'status': 'Available'}, 'features': {'large': {'faces': [{'x': 7, 'y': 251, 'h': 106, 'w': 106}, {'x': 373, 'y': 64, 'h': 134, 'w': 134}]}, 'medium': {'faces': [{'x': 7, 'y': 251, 'h': 106, 'w': 106}, {'x': 373, 'y': 64, 'h': 134, 'w': 134}]}, 'small': {'faces': [{'x': 7, 'y': 251, 'h': 106, 'w': 106}, {'x': 373, 'y': 64, 'h': 134, 'w': 134}]}, 'orig': {'faces': [{'x': 7, 'y': 251, 'h': 106, 'w': 106}, {'x': 373, 'y': 64, 'h': 134, 'w': 134}]}}, 'sizes': {'large': {'h': 390, 'w': 600, 'resize': 'fit'}, 'medium': {'h': 390, 'w': 600, 'resize': 'fit'}, 'small': {'h': 390, 'w': 600, 'resize': 'fit'}, 'thumb': {'h': 150, 'w': 150, 'resize': 'crop'}}, 'original_info': {'height': 390, 'width': 600, 'focus_rects': [{'x': 0, 'y': 0, 'w': 600, 'h': 336}, {'x': 210, 'y': 0, 'w': 390, 'h': 390}, {'x': 258, 'y': 0, 'w': 342, 'h': 390}, {'x': 405, 'y': 0, 'w': 195, 'h': 390}, {'x': 0, 'y': 0, 'w': 600, 'h': 390}]}, 'media_results': {'result': {'media_key': '3_1867535541480435713'}}}], 'symbols': [], 'timestamps': [], 'urls': [], 'user_mentions': []}",,,,,False,0.0,
tweet,1867477875143876833,https://x.com/PalembangTweet/status/1867477875143876833,https://twitter.com/PalembangTweet/status/1867477875143876833,Ada wacana pemilihan kepala daerah Gubernur/Bupati/Walikota diusulkan dipilih oleh DPRD. Anda setuju?,,0.0,0.0,0.0,0.0,719.0,Fri Dec 13 07:53:16 +0000 2024,in,0.0,False,,1.8674778751438769e+18,,,False,"{'type': 'user', 'userName': 'PalembangTweet', 'url': 'https://x.com/PalembangTweet', 'twitterUrl': 'https://twitter.com/PalembangTweet', 'id': '153590275', 'name': '𝙩𝙭𝙩𝙙𝙖𝙧𝙞𝙋𝙖𝙡𝙚𝙢𝙗𝙖𝙣𝙜', 'isVerified': False, 'isBlueVerified': False, 'profilePicture': 'https://pbs.twimg.com/profile_images/862335305080295424/QwIhrxaI_normal.jpg', 'coverPicture': 'https://pbs.twimg.com/profile_banners/153590275/1576580767', 'description': '🎯 𝑴𝒆𝒅𝒊𝒂 𝑰𝒏𝒇𝒐𝒓𝒎𝒂𝒔𝒊 𝒅𝒂𝒏 𝑷𝒓𝒐𝒎𝒐𝒔𝒊 𝑫𝑴 𝒖𝒏𝒕𝒖𝒌 𝑲𝒆𝒓𝒋𝒂𝒔𝒂𝒎𝒂 (𝑷𝒂𝒊𝒅 𝑷𝒓𝒐𝒎𝒐𝒕𝒆)', 'location': 'Kota Palembang, Sumatera Selat', 'followers': 302494, 'following': 305, 'status': '', 'canDm': True, 'canMediaTag': True, 'createdAt': 'Tue Jun 08 23:31:27 +0000 2010', 'entities': {'description': {'urls': []}, 'url': {}}, 'fastFollowersCount': 0, 'favouritesCount': 631, 'hasCustomTimelines': True, 'isTranslator': False, 'mediaCount': 3260, 'statusesCount': 70886, 'withheldInCountries': [], 'affiliatesHighlightedLabel': {}, 'possiblySensitive': False, 'pinnedTweetIds': [], 'profile_bio': {'description': '🎯 𝑴𝒆𝒅𝒊𝒂 𝑰𝒏𝒇𝒐𝒓𝒎𝒂𝒔𝒊 𝒅𝒂𝒏 𝑷𝒓𝒐𝒎𝒐𝒔𝒊 𝑫𝑴 𝒖𝒏𝒕𝒖𝒌 𝑲𝒆𝒓𝒋𝒂𝒔𝒂𝒎𝒂 (𝑷𝒂𝒊𝒅 𝑷𝒓𝒐𝒎𝒐𝒕𝒆)'}, 'isAutomated': False, 'automatedBy': None}",{},"{'binding_values': [{'key': 'choice1_label', 'value': {'string_value': 'Setuju', 'type': 'STRING'}}, {'key': 'choice2_label', 'value': {'string_value': 'Tidak Setuju', 'type': 'STRING'}}, {'key': 'end_datetime_utc', 'value': {'string_value': '2024-12-14T07:53:15Z', 'type': 'STRING'}}, {'key': 'counts_are_final', 'value': {'boolean_value': True, 'type': 'BOOLEAN'}}, {'key': 'choice2_count', 'value': {'string_value': '11', 'type': 'STRING'}}, {'key': 'choice1_count', 'value': {'string_value': '5', 'type': 'STRING'}}, {'key': 'last_updated_datetime_utc', 'value': {'string_value': '2024-12-14T07:53:18Z', 'type': 'STRING'}}, {'key': 'duration_minutes', 'value': {'string_value': '1440', 'type': 'STRING'}}, {'key': 'choice3_count', 'value': {'string_value': '3', 'type': 'STRING'}}, {'key': 'choice3_label', 'value': {'string_value': 'Abstain', 'type': 'STRING'}}, {'key': 'api', 'value': {'string_value': 'capi://passthrough/1', 'type': 'STRING'}}, {'key': 'card_url', 'value': {'scribe_key': 'card_url', 'string_value': 'https://twitter.com', 'type': 'STRING'}}], 'card_platform': {'platform': {'audience': {'name': 'production'}, 'device': {'name': 'Android', 'version': '12'}}}, 'name': 'poll3choice_text_only', 'url': 'card://1867477873919180800', 'user_refs_results': []}",{},"{'hashtags': [], 'symbols': [], 'timestamps': [], 'urls': [], 'user_mentions': []}",,,,,False,0.0,
tweet,1867389728687104297,https://x.com/IDNTimes/status/1867389728687104297,https://twitter.com/IDNTimes/status/1867389728687104297,"Presiden Prabowo Subianto mengakui perlu ada evaluasi dalam sistem politik Indonesia, termasuk dalam hal pemilihan kepala daerah. Ia pun mengusulkan agar kepala daerah seperti gubernur dan bupati dipilih oleh DPRD. IDNTimesNews",,0.0,0.0,0.0,0.0,221.0,Fri Dec 13 02:03:00 +0000 2024,in,0.0,False,,1.8673897286871043e+18,,,False,"{'type': 'user', 'userName': 'IDNTimes', 'url': 'https://x.com/IDNTimes', 'twitterUrl': 'https://twitter.com/IDNTimes', 'id': '388190238', 'name': 'IDN Times', 'isVerified': False, 'isBlueVerified': True, 'profilePicture': 'https://pbs.twimg.com/profile_images/1965631514571608064/-ND0ZUid_normal.jpg', 'coverPicture': 'https://pbs.twimg.com/profile_banners/388190238/1591010923', 'description': 'Official Account IDN Times | a multi-platform news and entertainment | Email: redaksi@idntimes.com | Baca Berita Hemat Kuota, download aplikasi IDN', 'location': '', 'followers': 365747, 'following': 297, 'status': '', 'canDm': True, 'canMediaTag': True, 'createdAt': 'Mon Oct 10 10:25:12 +0000 2011', 'entities': {'description': {'urls': []}, 'url': {}}, 'fastFollowersCount': 0, 'favouritesCount': 14031, 'hasCustomTimelines': True, 'isTranslator': False, 'mediaCount': 67943, 'statusesCount': 1370540, 'withheldInCountries': [], 'affiliatesHighlightedLabel': {}, 'possiblySensitive': False, 'pinnedTweetIds': [], 'profile_bio': {'description': 'Official Account IDN Times | a multi-platform news and entertainment | Email: redaksi@idntimes.com | Baca Berita Hemat Kuota, download aplikasi IDN'}, 'isAutomated': False, 'automatedBy': None}","{'media': [{'display_url': 'pic.x.com/5l3qNNES4a', 'expanded_url': 'https://x.com/IDNTimes/status/1867389728687104297/photo/1', 'id_str': '1867229122826743808', 'indices': [257, 280], 'media_key': '3_1867229122826743808', 'media_url_https': 'https://pbs.twimg.com/media/Gem6_oRaMAAHNAT.jpg', 'type': 'photo', 'url': 'https://t.co/5l3qNNES4a', 'ext_media_availability': {'status': 'Available'}, 'features': {'large': {'faces': [{'x': 496, 'y': 309, 'h': 249, 'w': 249}]}, 'medium': {'faces': [{'x': 366, 'y': 228, 'h': 183, 'w': 183}]}, 'small': {'faces': [{'x': 207, 'y': 129, 'h': 104, 'w': 104}]}, 'orig': {'faces': [{'x': 496, 'y': 309, 'h': 249, 'w': 249}]}}, 'sizes': {'large': {'h': 1625, 'w': 1300, 'resize': 'fit'}, 'medium': {'h': 1200, 'w': 960, 'resize': 'fit'}, 'small': {'h': 680, 'w': 544, 'resize': 'fit'}, 'thumb': {'h': 150, 'w': 150, 'resize': 'crop'}}, 'original_info': {'height': 1625, 'width': 1300, 'focus_rects': [{'x': 0, 'y': 814, 'w': 1300, 'h': 728}, {'x': 0, 'y': 325, 'w': 1300, 'h': 1300}, {'x': 0, 'y': 143, 'w': 1300, 'h': 1482}, {'x': 40, 'y': 0, 'w': 813, 'h': 1625}, {'x': 0, 'y': 0, 'w': 1300, 'h': 1625}]}, 'media_results': {'result': {'media_key': '3_1867229122826743808'}}}]}",,{},"{'hashtags': [{'indices': [217, 230], 'text': 'IDNTimesNews'}], 'media': [{'display_url': 'pic.x.com/5l3qNNES4a', 'expanded_url': 'https://x.com/IDNTimes/status/1867389728687104297/photo/1', 'id_str': '1867229122826743808', 'indices': [257, 280], 'media_key': '3_1867229122826743808', 'media_url_https': 'https://pbs.twimg.com/media/Gem6_oRaMAAHNAT.jpg', 'type': 'photo', 'url': 'https://t.co/5l3qNNES4a', 'ext_media_availability': {'status': 'Available'}, 'features': {'large': {'faces': [{'x': 496, 'y': 309, 'h': 249, 'w': 249}]}, 'medium': {'faces': [{'x': 366, 'y': 228, 'h': 183, 'w': 183}]}, 'small': {'faces': [{'x': 207, 'y': 129, 'h': 104, 'w': 104}]}, 'orig': {'faces': [{'x': 496, 'y': 309, 'h': 249, 'w': 249}]}}, 'sizes': {'large': {'h': 1625, 'w': 1300, 'resize': 'fit'}, 'medium': {'h': 1200, 'w': 960, 'resize': 'fit'}, 'small': {'h': 680, 'w': 544, 'resize': 'fit'}, 'thumb': {'h': 150, 'w': 150, 'resize': 'crop'}}, 'original_info': {'height': 1625, 'width': 1300, 'focus_rects': [{'x': 0, 'y': 814, 'w': 1300, 'h': 728}, {'x': 0, 'y': 325, 'w': 1300, 'h': 1300}, {'x': 0, 'y': 143, 'w': 1300, 'h': 1482}, {'x': 40, 'y': 0, 'w': 813, 'h': 1625}, {'x': 0, 'y': 0, 'w': 1300, 'h': 1625}]}, 'media_results': {'result': {'media_key': '3_1867229122826743808'}}}], 'symbols': [], 'timestamps': [], 'urls': [{'display_url': 'idntimes.com/news/indonesia…', 'expanded_url': 'https://www.idntimes.com/news/indonesia/amir-faisol/biaya-pilkada-mahal-prabowo-usul-kepala-daerah-dipilih-langsung-dprd?utm_source=twitter&utm_medium=twitter&utm_campaign=twitter', 'url': 'https://t.co/pS1x79AR9Y', 'indices': [233, 256]}], 'user_mentions': []}",,,,,False,0.0,
tweet,1867389521891131890,https://x.com/monitordaycom/status/1867389521891131890,https://twitter.com/monitordaycom/status/1867389521891131890,"Presiden RI Prabowo Subianto mengusulkan perubahan mekanisme pemilihan kepala daerah, seperti gubernur, bupati, dan wali kota, dari pemilihan langsung oleh rakyat menjadi pemilihan oleh DPRD.",,0.0,0.0,0.0,0.0,37.0,Fri Dec 13 02:02:11 +0000 2024,in,0.0,False,,1.867389521891132e+18,,,False,"{'type': 'user', 'userName': 'monitordaycom', 'url': 'https://x.com/monitordaycom', 'twitterUrl': 'https://twitter.com/monitordaycom', 'id': '70600007', 'name': 'monitorday', 'isVerified': False, 'isBlueVerified': False, 'profilePicture': 'https://pbs.twimg.com/profile_images/1702275460942675969/iZ6gyIac_normal.jpg', 'coverPicture': 'https://pbs.twimg.com/profile_banners/70600007/1694690864', 'description': '', 'location': 'Indonesia', 'followers': 1252, 'following': 352, 'status': '', 'canDm': False, 'canMediaTag': False, 'createdAt': 'Tue Sep 01 04:44:09 +0000 2009', 'entities': {'description': {'urls': []}, 'url': {}}, 'fastFollowersCount': 0, 'favouritesCount': 648, 'hasCustomTimelines': True, 'isTranslator': False, 'mediaCount': 5706, 'statusesCount': 14997, 'withheldInCountries': [], 'affiliatesHighlightedLabel': {}, 'possiblySensitive': False, 'pinnedTweetIds': [], 'profile_bio': {'description': ''}, 'isAutomated': False, 'automatedBy': None}","{'media': [{'display_url': 'pic.x.com/1qBqq2jGJ7', 'expanded_url': 'https://x.com/monitordaycom/status/1867389521891131890/photo/1', 'id_str': '1867389518829301761', 'indices': [216, 239], 'media_key': '3_1867389518829301761', 'media_url_https': 'https://pbs.twimg.com/media/GepM358bsAE9T9l.jpg', 'type': 'photo', 'url': 'https://t.co/1qBqq2jGJ7', 'ext_media_availability': {'status': 'Available'}, 'features': {'large': {'faces': [{'x': 91, 'y': 484, 'h': 52, 'w': 52}, {'x': 621, 'y': 829, 'h': 86, 'w': 86}]}, 'medium': {'faces': [{'x': 81, 'y': 434, 'h': 46, 'w': 46}, {'x': 557, 'y': 743, 'h': 77, 'w': 77}]}, 'small': {'faces': [{'x': 46, 'y': 246, 'h': 26, 'w': 26}, {'x': 315, 'y': 421, 'h': 43, 'w': 43}]}, 'orig': {'faces': [{'x': 91, 'y': 484, 'h': 52, 'w': 52}, {'x': 621, 'y': 829, 'h': 86, 'w': 86}]}}, 'sizes': {'large': {'h': 1337, 'w': 1080, 'resize': 'fit'}, 'medium': {'h': 1200, 'w': 969, 'resize': 'fit'}, 'small': {'h': 680, 'w': 549, 'resize': 'fit'}, 'thumb': {'h': 150, 'w': 150, 'resize': 'crop'}}, 'original_info': {'height': 1337, 'width': 1080, 'focus_rects': [{'x': 0, 'y': 65, 'w': 1080, 'h': 605}, {'x': 0, 'y': 0, 'w': 1080, 'h': 1080}, {'x': 0, 'y': 0, 'w': 1080, 'h': 1231}, {'x': 100, 'y': 0, 'w': 669, 'h': 1337}, {'x': 0, 'y': 0, 'w': 1080, 'h': 1337}]}, 'media_results': {'result': {'media_key': '3_1867389518829301761'}}}]}",,{},"{'hashtags': [], 'media': [{'display_url': 'pic.x.com/1qBqq2jGJ7', 'expanded_url': 'https://x.com/monitordaycom/status/1867389521891131890/photo/1', 'id_str': '1867389518829301761', 'indices': [216, 239], 'media_key': '3_1867389518829301761', 'media_url_https': 'https://pbs.twimg.com/media/GepM358bsAE9T9l.jpg', 'type': 'photo', 'url': 'https://t.co/1qBqq2jGJ7', 'ext_media_availability': {'status': 'Available'}, 'features': {'large': {'faces': [{'x': 91, 'y': 484, 'h': 52, 'w': 52}, {'x': 621, 'y': 829, 'h': 86, 'w': 86}]}, 'medium': {'faces': [{'x': 81, 'y': 434, 'h': 46, 'w': 46}, {'x': 557, 'y': 743, 'h': 77, 'w': 77}]}, 'small': {'faces': [{'x': 46, 'y': 246, 'h': 26, 'w': 26}, {'x': 315, 'y': 421, 'h': 43, 'w': 43}]}, 'orig': {'faces': [{'x': 91, 'y': 484, 'h': 52, 'w': 52}, {'x': 621, 'y': 829, 'h': 86, 'w': 86}]}}, 'sizes': {'large': {'h': 1337, 'w': 1080, 'resize': 'fit'}, 'medium': {'h': 1200, 'w': 969, 'resize': 'fit'}, 'small': {'h': 680, 'w': 549, 'resize': 'fit'}, 'thumb': {'h': 150, 'w': 150, 'resize': 'crop'}}, 'original_info': {'height': 1337, 'width': 1080, 'focus_rects': [{'x': 0, 'y': 65, 'w': 1080, 'h': 605}, {'x': 0, 'y': 0, 'w': 1080, 'h': 1080}, {'x': 0, 'y': 0, 'w': 1080, 'h': 1231}, {'x': 100, 'y': 0, 'w': 669, 'h': 1337}, {'x': 0, 'y': 0, 'w': 1080, 'h': 1337}]}, 'media_results': {'result': {'media_key': '3_1867389518829301761'}}}], 'symbols': [], 'timestamps': [], 'urls': [{'display_url': 'monitorday.com/dinilai-pilkad…', 'expanded_url': 'https://monitorday.com/dinilai-pilkada-mahal-prabowo-gulirkan-wacana-ini/', 'url': 'https://t.co/PF5tYuoTod', 'indices': [192, 215]}], 'user_mentions': []}",,,,,False,0.0,
tweet,1867368972636881113,https://x.com/bachtiar_s61448/status/1867368972636881113,https://twitter.com/bachtiar_s61448/status/1867368972636881113,"Prabowo kembali ke zaman dulu, bahwa pemilihan bupati dan gubernur cukup dipilih oleh DPRD Ingat! Sejarah tidk mungkin membohongi dirinya sendiri. Secara tdk langsung juga prabowo menghendaki pemilihan presiden dan wakil presiden juga dipilih oleh MPR. Amin rais piye kabare ta",,0.0,0.0,0.0,0.0,89.0,Fri Dec 13 00:40:31 +0000 2024,in,0.0,False,,1.8673689726368812e+18,,,False,"{'type': 'user', 'userName': 'bachtiar_s61448', 'url': 'https://x.com/bachtiar_s61448', 'twitterUrl': 'https://twitter.com/bachtiar_s61448', 'id': '1828739943646253056', 'name': 'bachtiar saban', 'isVerified': False, 'isBlueVerified': False, 'profilePicture': 'https://pbs.twimg.com/profile_images/1866015541040914432/MuK11Omy_normal.jpg', 'coverPicture': '', 'description': 'Kemajemukan adalah filosofi bangsa, dan kecerdasan adalah kekuatan inovasi untuk merubah bangsa. \nDan kekuatan intelektual dan iman itulah kita perbaiki bangsa.', 'location': '', 'followers': 219, 'following': 1077, 'status': '', 'canDm': True, 'canMediaTag': True, 'createdAt': 'Wed Aug 28 10:24:27 +0000 2024', 'entities': {'description': {'urls': []}, 'url': {}}, 'fastFollowersCount': 0, 'favouritesCount': 343, 'hasCustomTimelines': True, 'isTranslator': False, 'mediaCount': 198, 'statusesCount': 1392, 'withheldInCountries': [], 'affiliatesHighlightedLabel': {}, 'possiblySensitive': False, 'pinnedTweetIds': [], 'profile_bio': {'description': 'Kemajemukan adalah filosofi bangsa, dan kecerdasan adalah kekuatan inovasi untuk merubah bangsa. \nDan kekuatan intelektual dan iman itulah kita perbaiki bangsa.'}, 'isAutomated': False, 'automatedBy': None}","{'media': [{'display_url': 'pic.x.com/qkjcdWM6fh', 'expanded_url': 'https://x.com/bachtiar_s61448/status/1867368972636881113/photo/1', 'id_str': '1867368969637863424', 'indices': [281, 304], 'media_key': '3_1867368969637863424', 'media_url_https': 'https://pbs.twimg.com/media/Geo6LyPaIAAHea8.jpg', 'type': 'photo', 'url': 'https://t.co/qkjcdWM6fh', 'ext_media_availability': {'status': 'Available'}, 'features': {'large': {'faces': [{'x': 852, 'y': 93, 'h': 211, 'w': 211}, {'x': 432, 'y': 111, 'h': 260, 'w': 260}]}, 'medium': {'faces': [{'x': 798, 'y': 87, 'h': 197, 'w': 197}, {'x': 405, 'y': 104, 'h': 243, 'w': 243}]}, 'small': {'faces': [{'x': 452, 'y': 49, 'h': 112, 'w': 112}, {'x': 229, 'y': 58, 'h': 138, 'w': 138}]}, 'orig': {'faces': [{'x': 852, 'y': 93, 'h': 211, 'w': 211}, {'x': 432, 'y': 111, 'h': 260, 'w': 260}]}}, 'sizes': {'large': {'h': 720, 'w': 1280, 'resize': 'fit'}, 'medium': {'h': 675, 'w': 1200, 'resize': 'fit'}, 'small': {'h': 383, 'w': 680, 'resize': 'fit'}, 'thumb': {'h': 150, 'w': 150, 'resize': 'crop'}}, 'original_info': {'height': 720, 'width': 1280, 'focus_rects': [{'x': 0, 'y': 3, 'w': 1280, 'h': 717}, {'x': 56, 'y': 0, 'w': 720, 'h': 720}, {'x': 100, 'y': 0, 'w': 632, 'h': 720}, {'x': 236, 'y': 0, 'w': 360, 'h': 720}, {'x': 0, 'y': 0, 'w': 1280, 'h': 720}]}, 'media_results': {'result': {'media_key': '3_1867368969637863424'}}}]}",,{},"{'hashtags': [], 'media': [{'display_url': 'pic.x.com/qkjcdWM6fh', 'expanded_url': 'https://x.com/bachtiar_s61448/status/1867368972636881113/photo/1', 'id_str': '1867368969637863424', 'indices': [281, 304], 'media_key': '3_1867368969637863424', 'media_url_https': 'https://pbs.twimg.com/media/Geo6LyPaIAAHea8.jpg', 'type': 'photo', 'url': 'https://t.co/qkjcdWM6fh', 'ext_media_availability': {'status': 'Available'}, 'features': {'large': {'faces': [{'x': 852, 'y': 93, 'h': 211, 'w': 211}, {'x': 432, 'y': 111, 'h': 260, 'w': 260}]}, 'medium': {'faces': [{'x': 798, 'y': 87, 'h': 197, 'w': 197}, {'x': 405, 'y': 104, 'h': 243, 'w': 243}]}, 'small': {'faces': [{'x': 452, 'y': 49, 'h': 112, 'w': 112}, {'x': 229, 'y': 58, 'h': 138, 'w': 138}]}, 'orig': {'faces': [{'x': 852, 'y': 93, 'h': 211, 'w': 211}, {'x': 432, 'y': 111, 'h': 260, 'w': 260}]}}, 'sizes': {'large': {'h': 720, 'w': 1280, 'resize': 'fit'}, 'medium': {'h': 675, 'w': 1200, 'resize': 'fit'}, 'small': {'h': 383, 'w': 680, 'resize': 'fit'}, 'thumb': {'h': 150, 'w': 150, 'resize': 'crop'}}, 'original_info': {'height': 720, 'width': 1280, 'focus_rects': [{'x': 0, 'y': 3, 'w': 1280, 'h': 717}, {'x': 56, 'y': 0, 'w': 720, 'h': 720}, {'x': 100, 'y': 0, 'w': 632, 'h': 720}, {'x': 236, 'y': 0, 'w': 360, 'h': 720}, {'x': 0, 'y': 0, 'w': 1280, 'h': 720}]}, 'media_results': {'result': {'media_key': '3_1867368969637863424'}}}], 'symbols': [], 'timestamps': [], 'urls': [], 'user_mentions': []}",,,,,False,0.0,
tweet,1864532159459098966,https://x.com/e100ss/status/1864532159459098966,https://twitter.com/e100ss/status/1864532159459098966,Polling Suara Surabaya: Masyarakat Tak Setuju Wacana Pemilihan Gubernur oleh DPRD,,0.0,5.0,10.0,0.0,2861.0,Thu Dec 05 04:48:02 +0000 2024,in,0.0,False,,1.864532159459099e+18,,,False,"{'type': 'user', 'userName': 'e100ss', 'url': 'https://x.com/e100ss', 'twitterUrl': 'https://twitter.com/e100ss', 'id': '848614550', 'name': 'Radio Suara Surabaya', 'isVerified': False, 'isBlueVerified': True, 'profilePicture': 'https://pbs.twimg.com/profile_images/2006353623362768896/IthTemPi_normal.jpg', 'coverPicture': 'https://pbs.twimg.com/profile_banners/848614550/1767186543', 'description': 'Official Twitter Radio Suara Surabaya FM100\n\nWe put forward solutions to citizens & empower the public through radio journalism. \n\nNews, Interactive, Solutive', 'location': 'Kota Surabaya, Jawa Timur', 'followers': 1016898, 'following': 43, 'status': '', 'canDm': False, 'canMediaTag': True, 'createdAt': 'Thu Sep 27 03:52:48 +0000 2012', 'entities': {'description': {'urls': []}, 'url': {}}, 'fastFollowersCount': 0, 'favouritesCount': 59954, 'hasCustomTimelines': True, 'isTranslator': False, 'mediaCount': 17114, 'statusesCount': 604352, 'withheldInCountries': [], 'affiliatesHighlightedLabel': {}, 'possiblySensitive': False, 'pinnedTweetIds': [], 'profile_bio': {'description': 'Official Twitter Radio Suara Surabaya FM100\n\nWe put forward solutions to citizens & empower the public through radio journalism. \n\nNews, Interactive, Solutive'}, 'isAutomated': False, 'automatedBy': None}",{},"{'binding_values': [{'key': 'description', 'value': {'string_value': 'Jazilul Fawaid Wakil Ketua Badan Anggaran (Banggar) DPR RI mengusulkan agar pemilihan gubernur dan wakil gubernur dilakukan melalui DPRD provinsi, bukan lagi dipilih langsung oleh rakyat, untuk...', 'type': 'STRING'}}, {'key': 'domain', 'value': {'string_value': 'www.suarasurabaya.net', 'type': 'STRING'}}, {'key': 'vanity_url', 'value': {'scribe_key': 'vanity_url', 'string_value': 'suarasurabaya.net', 'type': 'STRING'}}, {'key': 'title', 'value': {'string_value': 'Polling Suara Surabaya: Masyarakat Tak Setuju Wacana Pemilihan Gubernur oleh DPRD', 'type': 'STRING'}}, {'key': 'card_url', 'value': {'scribe_key': 'card_url', 'string_value': 'https://t.co/nvFtL9NcLg', 'type': 'STRING'}}], 'card_platform': {'platform': {'audience': {'name': 'production'}, 'device': {'name': 'Android', 'version': '12'}}}, 'name': 'summary_large_image', 'url': 'https://t.co/nvFtL9NcLg', 'user_refs_results': []}",{},"{'hashtags': [], 'symbols': [], 'timestamps': [], 'urls': [{'display_url': 'suarasurabaya.net/politik/2024/p…', 'expanded_url': 'https://www.suarasurabaya.net/politik/2024/polling-suara-surabaya-masyarakat-tak-setuju-wacana-pemilihan-gubernur-oleh-dprd/', 'url': 'https://t.co/nvFtL9NcLg', 'indices': [82, 105]}], 'user_mentions': []}",,,,,False,0.0,
tweet,1863862028743442834,https://x.com/TajukNasional/status/1863862028743442834,https://twitter.com/TajukNasional/status/1863862028743442834,"Wacana Pemilihan Gubernur oleh DPRD Perlu Kajian Mendalam, Dede Yusuf: Jangan Hanya Fokus Pertimbangkan Aspek Politik",,2.0,0.0,7.0,0.0,172.0,Tue Dec 03 08:25:11 +0000 2024,in,1.0,False,,1.863862028743443e+18,,,False,"{'type': 'user', 'userName': 'TajukNasional', 'url': 'https://x.com/TajukNasional', 'twitterUrl': 'https://twitter.com/TajukNasional', 'id': '729309555486642176', 'name': 'Tajuk Nasional', 'isVerified': False, 'isBlueVerified': False, 'profilePicture': 'https://pbs.twimg.com/profile_images/1808011218336337920/SNdHm0qZ_normal.jpg', 'coverPicture': 'https://pbs.twimg.com/profile_banners/729309555486642176/1719988633', 'description': 'Official Account Of https://t.co/DsKO9dRPZu\n\n#MenujuIndonesiaEmas2045', 'location': '', 'followers': 30172, 'following': 7, 'status': '', 'canDm': True, 'canMediaTag': False, 'createdAt': 'Sun May 08 13:58:42 +0000 2016', 'entities': {'description': {'urls': []}, 'url': {}}, 'fastFollowersCount': 0, 'favouritesCount': 794, 'hasCustomTimelines': True, 'isTranslator': False, 'mediaCount': 3754, 'statusesCount': 14576, 'withheldInCountries': [], 'affiliatesHighlightedLabel': {}, 'possiblySensitive': False, 'pinnedTweetIds': ['1561398174685614080'], 'profile_bio': {'description': 'Official Account Of https://t.co/DsKO9dRPZu\n\n#MenujuIndonesiaEmas2045'}, 'isAutomated': False, 'automatedBy': None}",{},,{},"{'hashtags': [], 'symbols': [], 'timestamps': [], 'urls': [{'display_url': 'ift.tt/MF3ZiQJ', 'expanded_url': 'https://ift.tt/MF3ZiQJ', 'url': 'https://t.co/UXzWYidUl7', 'indices': [120, 143]}], 'user_mentions': []}",,,,,False,0.0,
tweet,1863779330859618440,https://x.com/kumparanplus/status/1863779330859618440,https://twitter.com/kumparanplus/status/1863779330859618440,"Wacana agar pemilihan gubernur dilakukan oleh DPRD kembali mencuat sebagai upaya menghemat biaya pemilu. Namun, wacana ini menuai kritik. focus pilgubdprd news text",,0.0,0.0,0.0,0.0,85.0,Tue Dec 03 02:56:34 +0000 2024,in,0.0,False,,1.8637793308596186e+18,,,False,"{'type': 'user', 'userName': 'kumparanplus', 'url': 'https://x.com/kumparanplus', 'twitterUrl': 'https://twitter.com/kumparanplus', 'id': '1323800017530875904', 'name': 'kumparanPLUS by kumparan', 'isVerified': False, 'isBlueVerified': False, 'profilePicture': 'https://pbs.twimg.com/profile_images/1493411995215106053/r1vixGRz_normal.jpg', 'coverPicture': 'https://pbs.twimg.com/profile_banners/1323800017530875904/1678774826', 'description': 'Kumpulan konten premium kumparan Powered by @kumparan', 'location': '', 'followers': 19753, 'following': 7, 'status': '', 'canDm': True, 'canMediaTag': True, 'createdAt': 'Wed Nov 04 01:32:08 +0000 2020', 'entities': {'description': {'urls': []}, 'url': {}}, 'fastFollowersCount': 0, 'favouritesCount': 1728, 'hasCustomTimelines': True, 'isTranslator': False, 'mediaCount': 2376, 'statusesCount': 9680, 'withheldInCountries': [], 'affiliatesHighlightedLabel': {}, 'possiblySensitive': False, 'pinnedTweetIds': ['1635525931371560962'], 'profile_bio': {'description': 'Kumpulan konten premium kumparan Powered by @kumparan'}, 'isAutomated': False, 'automatedBy': None}",{},"{'binding_values': [{'key': 'description', 'value': {'string_value': 'Wacana agar pemilihan gubernur dilakukan oleh DPRD kembali mencuat sebagai upaya menghemat biaya pemilu. Namun, wacana ini menuai kritik. #focus #pilgubdprd #news #text', 'type': 'STRING'}}, {'key': 'domain', 'value': {'string_value': 'kumparan.com', 'type': 'STRING'}}, {'key': 'site', 'value': {'scribe_key': 'publisher_id', 'type': 'USER', 'user_value': {'id_str': '759692754985242625', 'path': []}}}, {'key': 'creator', 'value': {'type': 'USER', 'user_value': {'id_str': '759692754985242625', 'path': []}}}, {'key': 'vanity_url', 'value': {'scribe_key': 'vanity_url', 'string_value': 'kumparan.com', 'type': 'STRING'}}, {'key': 'title', 'value': {'string_value': 'Konten IG: Pilkada Dianggap Mahal, Muncul Ide Gubernur Dipilih DPRD', 'type': 'STRING'}}, {'key': 'card_url', 'value': {'scribe_key': 'card_url', 'string_value': 'https://t.co/AUPR6qaLpb', 'type': 'STRING'}}], 'card_platform': {'platform': {'audience': {'name': 'production'}, 'device': {'name': 'Android', 'version': '12'}}}, 'name': 'summary_large_image', 'url': 'https://t.co/AUPR6qaLpb', 'user_refs_results': [{'result': {'__typename': 'User', 'id': 'VXNlcjo3NTk2OTI3NTQ5ODUyNDI2MjU=', 'rest_id': '759692754985242625', 'affiliates_highlighted_label': {}, 'avatar': {'image_url': 'https://pbs.twimg.com/profile_images/2001859748917055494/J5kLm8_P_normal.jpg'}, 'core': {'created_at': 'Sun Jul 31 10:10:42 +0000 2016', 'name': 'kumparan', 'screen_name': 'kumparan'}, 'dm_permissions': {'can_dm': True}, 'follow_request_sent': False, 'has_graduated_access': True, 'is_blue_verified': True, 'legacy': {'default_profile': True, 'default_profile_image': False, 'description': 'Bicara Fakta Lewat Berita', 'entities': {'description': {'urls': []}, 'url': {'urls': [{'display_url': 'kumparan.com', 'expanded_url': 'http://kumparan.com', 'url': 'https://t.co/ixWne5l9RK', 'indices': [0, 23]}]}}, 'fast_followers_count': 0, 'favourites_count': 1067, 'followers_count': 1154634, 'friends_count': 3, 'has_custom_timelines': True, 'is_translator': False, 'listed_count': 1317, 'media_count': 101352, 'normal_followers_count': 1154634, 'pinned_tweet_ids_str': ['1998326618738262502'], 'possibly_sensitive': False, 'profile_banner_url': 'https://pbs.twimg.com/profile_banners/759692754985242625/1766116302', 'profile_interstitial_type': '', 'statuses_count': 1151443, 'translator_type': 'none', 'url': 'https://t.co/ixWne5l9RK', 'want_retweets': False, 'withheld_in_countries': []}, 'location': {'location': ''}, 'media_permissions': {'can_media_tag': True}, 'parody_commentary_fan_label': 'None', 'profile_image_shape': 'Circle', 'profile_bio': {'description': 'Bicara Fakta Lewat Berita'}, 'privacy': {'protected': False}, 'relationship_perspectives': {'following': False}, 'tipjar_settings': {}, 'verification': {'verified': False}, 'profile_description_language': 'id'}}, {'result': {'__typename': 'User', 'id': 'VXNlcjo3NTk2OTI3NTQ5ODUyNDI2MjU=', 'rest_id': '759692754985242625', 'affiliates_highlighted_label': {}, 'avatar': {'image_url': 'https://pbs.twimg.com/profile_images/2001859748917055494/J5kLm8_P_normal.jpg'}, 'core': {'created_at': 'Sun Jul 31 10:10:42 +0000 2016', 'name': 'kumparan', 'screen_name': 'kumparan'}, 'dm_permissions': {'can_dm': True}, 'follow_request_sent': False, 'has_graduated_access': True, 'is_blue_verified': True, 'legacy': {'default_profile': True, 'default_profile_image': False, 'description': 'Bicara Fakta Lewat Berita', 'entities': {'description': {'urls': []}, 'url': {'urls': [{'display_url': 'kumparan.com', 'expanded_url': 'http://kumparan.com', 'url': 'https://t.co/ixWne5l9RK', 'indices': [0, 23]}]}}, 'fast_followers_count': 0, 'favourites_count': 1067, 'followers_count': 1154634, 'friends_count': 3, 'has_custom_timelines': True, 'is_translator': False, 'listed_count': 1317, 'media_count': 101352, 'normal_followers_count': 1154634, 'pinned_tweet_ids_str': ['1998326618738262502'], 'possibly_sensitive': False, 'profile_banner_url': 'https://pbs.twimg.com/profile_banners/759692754985242625/1766116302', 'profile_interstitial_type': '', 'statuses_count': 1151443, 'translator_type': 'none', 'url': 'https://t.co/ixWne5l9RK', 'want_retweets': False, 'withheld_in_countries': []}, 'location': {'location': ''}, 'media_permissions': {'can_media_tag': True}, 'parody_commentary_fan_label': 'None', 'profile_image_shape': 'Circle', 'profile_bio': {'description': 'Bicara Fakta Lewat Berita'}, 'privacy': {'protected': False}, 'relationship_perspectives': {'following': False}, 'tipjar_settings': {}, 'verification': {'verified': False}, 'profile_description_language': 'id'}}]}",{},"{'hashtags': [{'indices': [138, 144], 'text': 'focus'}, {'indices': [145, 156], 'text': 'pilgubdprd'}, {'indices': [157, 162], 'text': 'news'}, {'indices': [163, 168], 'text': 'text'}], 'symbols': [], 'timestamps': [], 'urls': [{'display_url': 'kumparan.com/focusbykumpara…', 'expanded_url': 'https://kumparan.com/focusbykumparan/konten-ig-pilkada-dianggap-mahal-muncul-ide-gubernur-dipilih-dprd-241rSO7bK0h?utm_source=Twitter&utm_medium=post&utm_campaign=kumparanplus', 'url': 'https://t.co/AUPR6qaLpb', 'indices': [169, 192]}], 'user_mentions': []}",,,,,False,0.0,
tweet,1863587720792322168,https://x.com/gus_shs/status/1863587720792322168,https://twitter.com/gus_shs/status/1863587720792322168,"Prof, rasanya dari hasil Pemilihan Langsung ini scr umum kualitas pemimpin kurang begitu menggembirakan, mlh cenderung pemborosan uang negara. Mending kembali spt dulu, Bupati/Wlkota/Gubernur dipilih DPRD, Presiden oleh DPR RI. Sptnya saat ini yg berduitlah yg bisa jadi Pemimpin.",,0.0,0.0,0.0,0.0,33.0,Mon Dec 02 14:15:11 +0000 2024,in,0.0,True,1.8633409397057623e+18,1.8633409397057623e+18,,,False,"{'type': 'user', 'userName': 'gus_shs', 'url': 'https://x.com/gus_shs', 'twitterUrl': 'https://twitter.com/gus_shs', 'id': '975323517557207041', 'name': '@Goes_Shs9907/P', 'isVerified': False, 'isBlueVerified': False, 'profilePicture': 'https://pbs.twimg.com/profile_images/1271052005318856705/4TI6Abv7_normal.jpg', 'coverPicture': '', 'description': 'Agus Sastro Indonesia Bangett..!', 'location': 'Kota Surabaya, Jawa Timur', 'followers': 138, 'following': 179, 'status': '', 'canDm': False, 'canMediaTag': True, 'createdAt': 'Sun Mar 18 10:50:21 +0000 2018', 'entities': {'description': {'urls': []}, 'url': {}}, 'fastFollowersCount': 0, 'favouritesCount': 1863, 'hasCustomTimelines': True, 'isTranslator': False, 'mediaCount': 3004, 'statusesCount': 12083, 'withheldInCountries': [], 'affiliatesHighlightedLabel': {}, 'possiblySensitive': False, 'pinnedTweetIds': [], 'profile_bio': {'description': 'Agus Sastro Indonesia Bangett..!'}, 'isAutomated': False, 'automatedBy': None}",{},,{},"{'hashtags': [], 'symbols': [], 'timestamps': [], 'urls': [], 'user_mentions': [{'id_str': '201554665', 'name': 'Henri Subiakto', 'screen_name': 'henrysubiakto', 'indices': [0, 14]}]}",,,,,False,0.0,
tweet,1863053502777630914,https://x.com/nusabalicom/status/1863053502777630914,https://twitter.com/nusabalicom/status/1863053502777630914,"Ketua Fraksi PKB DPR RI Jazilul Fawaid mengatakan bahwa partainya sedang mengkaji gubernur ditunjuk langsung oleh Pemerintah Pusat atau melalui mekanisme DPRD, dikarenakan biaya untuk pemilihan gubernur terlalu tinggi.",,0.0,0.0,0.0,0.0,30.0,Sun Dec 01 02:52:23 +0000 2024,in,0.0,False,,1.863053502777631e+18,,,False,"{'type': 'user', 'userName': 'nusabalicom', 'url': 'https://x.com/nusabalicom', 'twitterUrl': 'https://twitter.com/nusabalicom', 'id': '2655442453', 'name': 'NusaBali.com', 'isVerified': False, 'isBlueVerified': False, 'profilePicture': 'https://pbs.twimg.com/profile_images/945080460782092288/GHy0yfmd_normal.jpg', 'coverPicture': 'https://pbs.twimg.com/profile_banners/2655442453/1584064829', 'description': 'Media Berita Bali Online | Official Twitter Account Harian Umum NusaBali Email: info@nusabali.com', 'location': 'Denpasar, Bali', 'followers': 2497, 'following': 370, 'status': '', 'canDm': True, 'canMediaTag': True, 'createdAt': 'Fri Jul 18 01:52:35 +0000 2014', 'entities': {'description': {'urls': []}, 'url': {}}, 'fastFollowersCount': 0, 'favouritesCount': 569, 'hasCustomTimelines': True, 'isTranslator': False, 'mediaCount': 2740, 'statusesCount': 156554, 'withheldInCountries': [], 'affiliatesHighlightedLabel': {}, 'possiblySensitive': False, 'pinnedTweetIds': [], 'profile_bio': {'description': 'Media Berita Bali Online | Official Twitter Account Harian Umum NusaBali Email: info@nusabali.com'}, 'isAutomated': False, 'automatedBy': None}",{},,{},"{'hashtags': [], 'symbols': [], 'timestamps': [], 'urls': [{'display_url': 'nusabali.com/berita/181303/…', 'expanded_url': 'https://www.nusabali.com/berita/181303/biaya-tinggi-pkb-tawarkan-gubernur-ditunjuk-pusat', 'url': 'https://t.co/FAmoKKBmC4', 'indices': [219, 242]}], 'user_mentions': []}",,,,,False,0.0,
tweet,1862881071668617565,https://x.com/vicko_twitt/status/1862881071668617565,https://twitter.com/vicko_twitt/status/1862881071668617565,"Setauku bs aja cm gubernur/wagub yg berhenti namun berasal dari perseorangan,maka dilakukan pengisian jabatan lewat mekanisme pemilihan oleh DPRD provinsi,yg calonnya diusulkan oleh partai politik /gabungan partai politik yg memiliki kursi di DPRD paling sedikit 20% dr jmlh kursi",,1.0,0.0,1.0,0.0,106.0,Sat Nov 30 15:27:12 +0000 2024,in,0.0,False,,1.8628810716686175e+18,,,False,"{'type': 'user', 'userName': 'vicko_twitt', 'url': 'https://x.com/vicko_twitt', 'twitterUrl': 'https://twitter.com/vicko_twitt', 'id': '341267493', 'name': 'ᴠɪᴄᴋᴏ ᴠᴀɴ ᴠᴇʟᴢᴇɴ', 'isVerified': False, 'isBlueVerified': False, 'profilePicture': 'https://pbs.twimg.com/profile_images/2006195555618459648/0DIqA7g4_normal.jpg', 'coverPicture': 'https://pbs.twimg.com/profile_banners/341267493/1759335054', 'description': 'Movie | Music | Barcelona', 'location': 'Nederlandsch-Indisch', 'followers': 1222, 'following': 624, 'status': '', 'canDm': False, 'canMediaTag': True, 'createdAt': 'Sun Jul 24 02:56:48 +0000 2011', 'entities': {'description': {'urls': []}, 'url': {}}, 'fastFollowersCount': 0, 'favouritesCount': 113673, 'hasCustomTimelines': True, 'isTranslator': False, 'mediaCount': 8083, 'statusesCount': 27471, 'withheldInCountries': [], 'affiliatesHighlightedLabel': {}, 'possiblySensitive': False, 'pinnedTweetIds': ['1915393426293744078'], 'profile_bio': {'description': 'Movie | Music | Barcelona'}, 'isAutomated': False, 'automatedBy': None}",{},,{},"{'hashtags': [], 'symbols': [], 'timestamps': [], 'urls': [], 'user_mentions': []}",,,"{'type': 'tweet', 'id': '1862659272884236327', 'url': 'https://x.com/Catatan_ali7/status/1862659272884236327', 'twitterUrl': 'https://twitter.com/Catatan_ali7/status/1862659272884236327', 'text': 'KAESANG GANTIKAN LUTFI ? \n\nyang percaya isu itu apa gak mikir ya kalau mau lewat jalur mana KAESANG gantikan posisi LUTFI sebagai Gubernur Jawa tengah ??\n\nKalau LUTFI ditarik jadi Menteri otomatis TAJ YASIN yang akan naik mengisi posisinya', 'source': '', 'retweetCount': 108, 'replyCount': 459, 'likeCount': 1040, 'quoteCount': 37, 'viewCount': 128172, 'createdAt': 'Sat Nov 30 00:45:51 +0000 2024', 'lang': 'in', 'bookmarkCount': 51, 'isReply': False, 'inReplyToId': None, 'conversationId': '1862659272884236327', 'inReplyToUserId': None, 'inReplyToUsername': None, 'isPinned': False, 'author': {'type': 'user', 'userName': 'Catatan_ali7', 'url': 'https://x.com/Catatan_ali7', 'twitterUrl': 'https://twitter.com/Catatan_ali7', 'id': '1133311906976952320', 'name': 'CatatanAli7', 'isVerified': False, 'isBlueVerified': False, 'profilePicture': 'https://pbs.twimg.com/profile_images/2001103218923966464/_6a8XyLl_normal.jpg', 'coverPicture': 'https://pbs.twimg.com/profile_banners/1133311906976952320/1737032951', 'description': 'Undzur ma qoola wala tandzur man qoola | Glory Glory Manchester United ❤ | Persib 💙', 'location': 'Klaten, Jawa Tengah', 'followers': 31082, 'following': 7620, 'status': '', 'canDm': True, 'canMediaTag': False, 'createdAt': 'Tue May 28 09:59:49 +0000 2019', 'entities': {'description': {'urls': []}, 'url': {}}, 'fastFollowersCount': 0, 'favouritesCount': 14479, 'hasCustomTimelines': True, 'isTranslator': False, 'mediaCount': 29035, 'statusesCount': 419630, 'withheldInCountries': [], 'affiliatesHighlightedLabel': {}, 'possiblySensitive': False, 'pinnedTweetIds': ['1517438377809018880'], 'profile_bio': {'description': 'Undzur ma qoola wala tandzur man qoola | Glory Glory Manchester United ❤ | Persib 💙'}, 'isAutomated': False, 'automatedBy': None}, 'extendedEntities': {}, 'card': None, 'place': {}, 'entities': {'hashtags': [], 'symbols': [], 'timestamps': [], 'urls': [], 'user_mentions': []}, 'reply_to_user_results': None, 'quoted_tweet_results': None, 'quoted_tweet': None, 'retweeted_tweet': None, 'isConversationControlled': False}",,False,0.0,True
tweet,1862476348947931552,https://x.com/DanilGabril/status/1862476348947931552,https://twitter.com/DanilGabril/status/1862476348947931552,"Saya setuju dgn pemilihan gubernur dilakukan oleh dprd bukan krn biayanya Mahal, tapi Karena rakyat belum siapa utk memilih.",,0.0,0.0,0.0,0.0,5.0,Fri Nov 29 12:38:59 +0000 2024,in,0.0,True,1.8622855835462945e+18,1.8622855835462945e+18,,,False,"{'type': 'user', 'userName': 'DanilGabril', 'url': 'https://x.com/DanilGabril', 'twitterUrl': 'https://twitter.com/DanilGabril', 'id': '40243817', 'name': 'Danil Gabril', 'isVerified': False, 'isBlueVerified': False, 'profilePicture': 'https://pbs.twimg.com/profile_images/1584061227625459712/-wr16QLR_normal.jpg', 'coverPicture': '', 'description': '', 'location': '', 'followers': 57, 'following': 180, 'status': '', 'canDm': True, 'canMediaTag': True, 'createdAt': 'Fri May 15 13:54:22 +0000 2009', 'entities': {'description': {'urls': []}, 'url': {}}, 'fastFollowersCount': 0, 'favouritesCount': 13978, 'hasCustomTimelines': True, 'isTranslator': False, 'mediaCount': 35, 'statusesCount': 3400, 'withheldInCountries': [], 'affiliatesHighlightedLabel': {}, 'possiblySensitive': False, 'pinnedTweetIds': [], 'profile_bio': {'description': ''}, 'isAutomated': False, 'automatedBy': None}",{},,{},"{'hashtags': [], 'symbols': [], 'timestamps': [], 'urls': [], 'user_mentions': [{'id_str': '17128975', 'name': 'CNN Indonesia', 'screen_name': 'CNNIndonesia', 'indices': [0, 13]}]}",,,,,False,0.0,
tweet,1838225668590477385,https://x.com/kpukalbarprov/status/1838225668590477385,https://twitter.com/kpukalbarprov/status/1838225668590477385,"Pasangan Calon peserta Pemilihan Gubernur dan Wakil Gubernur Kalimantan Barat, Ketua dan Sekretaris Tim Pelaksana Kampanye, dan disaksikan oleh Pj. Gubernur Kalbar, Ketua DPRD Kalbar...",,0.0,1.0,0.0,0.0,209.0,Mon Sep 23 14:35:26 +0000 2024,in,0.0,True,1.8382256645852204e+18,1.8382256598204088e+18,,,False,"{'type': 'user', 'userName': 'kpukalbarprov', 'url': 'https://x.com/kpukalbarprov', 'twitterUrl': 'https://twitter.com/kpukalbarprov', 'id': '821744028018294784', 'name': 'KPU Provinsi Kalbar', 'isVerified': False, 'isBlueVerified': False, 'profilePicture': 'https://pbs.twimg.com/profile_images/1815289214369755136/y4o7i6Ml_normal.jpg', 'coverPicture': 'https://pbs.twimg.com/profile_banners/821744028018294784/1600410165', 'description': 'Akun Twitter Resmi KPU Provinsi Kalimantan Barat', 'location': 'Pontianak', 'followers': 1481, 'following': 77, 'status': '', 'canDm': False, 'canMediaTag': True, 'createdAt': 'Wed Jan 18 15:40:18 +0000 2017', 'entities': {'description': {'urls': []}, 'url': {}}, 'fastFollowersCount': 0, 'favouritesCount': 614, 'hasCustomTimelines': True, 'isTranslator': False, 'mediaCount': 5944, 'statusesCount': 7562, 'withheldInCountries': [], 'affiliatesHighlightedLabel': {}, 'possiblySensitive': False, 'pinnedTweetIds': [], 'profile_bio': {'description': 'Akun Twitter Resmi KPU Provinsi Kalimantan Barat'}, 'isAutomated': False, 'automatedBy': None}","{'media': [{'display_url': 'pic.x.com/la26AvQ4LI', 'expanded_url': 'https://x.com/kpukalbarprov/status/1838225668590477385/photo/1', 'id_str': '1838224877821841408', 'indices': [186, 209], 'media_key': '3_1838224877821841408', 'media_url_https': 'https://pbs.twimg.com/media/GYKvyXvbUAAm4q5.jpg', 'type': 'photo', 'url': 'https://t.co/la26AvQ4LI', 'ext_media_availability': {'status': 'Available'}, 'features': {'large': {'faces': [{'x': 1359, 'y': 299, 'h': 71, 'w': 71}, {'x': 1761, 'y': 477, 'h': 187, 'w': 187}, {'x': 1679, 'y': 329, 'h': 173, 'w': 173}]}, 'medium': {'faces': [{'x': 796, 'y': 175, 'h': 42, 'w': 42}, {'x': 1032, 'y': 279, 'h': 110, 'w': 110}, {'x': 984, 'y': 193, 'h': 101, 'w': 101}]}, 'small': {'faces': [{'x': 451, 'y': 99, 'h': 23, 'w': 23}, {'x': 584, 'y': 158, 'h': 62, 'w': 62}, {'x': 557, 'y': 109, 'h': 57, 'w': 57}]}, 'orig': {'faces': [{'x': 2656, 'y': 585, 'h': 140, 'w': 140}, {'x': 3441, 'y': 933, 'h': 367, 'w': 367}, {'x': 3281, 'y': 644, 'h': 339, 'w': 339}]}}, 'sizes': {'large': {'h': 1366, 'w': 2048, 'resize': 'fit'}, 'medium': {'h': 800, 'w': 1200, 'resize': 'fit'}, 'small': {'h': 453, 'w': 680, 'resize': 'fit'}, 'thumb': {'h': 150, 'w': 150, 'resize': 'crop'}}, 'original_info': {'height': 2667, 'width': 4000, 'focus_rects': [{'x': 0, 'y': 0, 'w': 4000, 'h': 2240}, {'x': 1333, 'y': 0, 'w': 2667, 'h': 2667}, {'x': 1661, 'y': 0, 'w': 2339, 'h': 2667}, {'x': 2666, 'y': 0, 'w': 1334, 'h': 2667}, {'x': 0, 'y': 0, 'w': 4000, 'h': 2667}]}, 'media_results': {'result': {'media_key': '3_1838224877821841408'}}}, {'display_url': 'pic.x.com/la26AvQ4LI', 'expanded_url': 'https://x.com/kpukalbarprov/status/1838225668590477385/photo/1', 'id_str': '1838224877842751488', 'indices': [186, 209], 'media_key': '3_1838224877842751488', 'media_url_https': 'https://pbs.twimg.com/media/GYKvyX0aYAA8KPQ.jpg', 'type': 'photo', 'url': 'https://t.co/la26AvQ4LI', 'ext_media_availability': {'status': 'Available'}, 'features': {'large': {'faces': [{'x': 357, 'y': 179, 'h': 81, 'w': 81}, {'x': 1787, 'y': 205, 'h': 71, 'w': 71}, {'x': 1251, 'y': 192, 'h': 197, 'w': 197}, {'x': 1649, 'y': 363, 'h': 213, 'w': 213}]}, 'medium': {'faces': [{'x': 209, 'y': 105, 'h': 48, 'w': 48}, {'x': 1047, 'y': 120, 'h': 42, 'w': 42}, {'x': 733, 'y': 112, 'h': 115, 'w': 115}, {'x': 966, 'y': 213, 'h': 125, 'w': 125}]}, 'small': {'faces': [{'x': 118, 'y': 59, 'h': 27, 'w': 27}, {'x': 593, 'y': 68, 'h': 23, 'w': 23}, {'x': 415, 'y': 63, 'h': 65, 'w': 65}, {'x': 547, 'y': 120, 'h': 70, 'w': 70}]}, 'orig': {'faces': [{'x': 699, 'y': 351, 'h': 160, 'w': 160}, {'x': 3492, 'y': 402, 'h': 140, 'w': 140}, {'x': 2445, 'y': 375, 'h': 386, 'w': 386}, {'x': 3222, 'y': 710, 'h': 417, 'w': 417}]}}, 'sizes': {'large': {'h': 1366, 'w': 2048, 'resize': 'fit'}, 'medium': {'h': 800, 'w': 1200, 'resize': 'fit'}, 'small': {'h': 453, 'w': 680, 'resize': 'fit'}, 'thumb': {'h': 150, 'w': 150, 'resize': 'crop'}}, 'original_info': {'height': 2667, 'width': 4000, 'focus_rects': [{'x': 0, 'y': 0, 'w': 4000, 'h': 2240}, {'x': 1333, 'y': 0, 'w': 2667, 'h': 2667}, {'x': 1531, 'y': 0, 'w': 2339, 'h': 2667}, {'x': 2033, 'y': 0, 'w': 1334, 'h': 2667}, {'x': 0, 'y': 0, 'w': 4000, 'h': 2667}]}, 'media_results': {'result': {'media_key': '3_1838224877842751488'}}}, {'display_url': 'pic.x.com/la26AvQ4LI', 'expanded_url': 'https://x.com/kpukalbarprov/status/1838225668590477385/photo/1', 'id_str': '1838224877838553088', 'indices': [186, 209], 'media_key': '3_1838224877838553088', 'media_url_https': 'https://pbs.twimg.com/media/GYKvyXzaUAA1n65.jpg', 'type': 'photo', 'url': 'https://t.co/la26AvQ4LI', 'ext_media_availability': {'status': 'Available'}, 'features': {'large': {'faces': [{'x': 1971, 'y': 431, 'h': 67, 'w': 67}, {'x': 1679, 'y': 83, 'h': 193, 'w': 193}]}, 'medium': {'faces': [{'x': 1155, 'y': 252, 'h': 39, 'w': 39}, {'x': 984, 'y': 49, 'h': 113, 'w': 113}]}, 'small': {'faces': [{'x': 654, 'y': 143, 'h': 22, 'w': 22}, {'x': 557, 'y': 27, 'h': 64, 'w': 64}]}, 'orig': {'faces': [{'x': 3851, 'y': 843, 'h': 132, 'w': 132}, {'x': 3281, 'y': 164, 'h': 378, 'w': 378}]}}, 'sizes': {'large': {'h': 1366, 'w': 2048, 'resize': 'fit'}, 'medium': {'h': 800, 'w': 1200, 'resize': 'fit'}, 'small': {'h': 453, 'w': 680, 'resize': 'fit'}, 'thumb': {'h': 150, 'w': 150, 'resize': 'crop'}}, 'original_info': {'height': 2667, 'width': 4000, 'focus_rects': [{'x': 0, 'y': 0, 'w': 4000, 'h': 2240}, {'x': 1333, 'y': 0, 'w': 2667, 'h': 2667}, {'x': 1661, 'y': 0, 'w': 2339, 'h': 2667}, {'x': 2666, 'y': 0, 'w': 1334, 'h': 2667}, {'x': 0, 'y': 0, 'w': 4000, 'h': 2667}]}, 'media_results': {'result': {'media_key': '3_1838224877838553088'}}}]}",,{},"{'hashtags': [], 'media': [{'display_url': 'pic.x.com/la26AvQ4LI', 'expanded_url': 'https://x.com/kpukalbarprov/status/1838225668590477385/photo/1', 'id_str': '1838224877821841408', 'indices': [186, 209], 'media_key': '3_1838224877821841408', 'media_url_https': 'https://pbs.twimg.com/media/GYKvyXvbUAAm4q5.jpg', 'type': 'photo', 'url': 'https://t.co/la26AvQ4LI', 'ext_media_availability': {'status': 'Available'}, 'features': {'large': {'faces': [{'x': 1359, 'y': 299, 'h': 71, 'w': 71}, {'x': 1761, 'y': 477, 'h': 187, 'w': 187}, {'x': 1679, 'y': 329, 'h': 173, 'w': 173}]}, 'medium': {'faces': [{'x': 796, 'y': 175, 'h': 42, 'w': 42}, {'x': 1032, 'y': 279, 'h': 110, 'w': 110}, {'x': 984, 'y': 193, 'h': 101, 'w': 101}]}, 'small': {'faces': [{'x': 451, 'y': 99, 'h': 23, 'w': 23}, {'x': 584, 'y': 158, 'h': 62, 'w': 62}, {'x': 557, 'y': 109, 'h': 57, 'w': 57}]}, 'orig': {'faces': [{'x': 2656, 'y': 585, 'h': 140, 'w': 140}, {'x': 3441, 'y': 933, 'h': 367, 'w': 367}, {'x': 3281, 'y': 644, 'h': 339, 'w': 339}]}}, 'sizes': {'large': {'h': 1366, 'w': 2048, 'resize': 'fit'}, 'medium': {'h': 800, 'w': 1200, 'resize': 'fit'}, 'small': {'h': 453, 'w': 680, 'resize': 'fit'}, 'thumb': {'h': 150, 'w': 150, 'resize': 'crop'}}, 'original_info': {'height': 2667, 'width': 4000, 'focus_rects': [{'x': 0, 'y': 0, 'w': 4000, 'h': 2240}, {'x': 1333, 'y': 0, 'w': 2667, 'h': 2667}, {'x': 1661, 'y': 0, 'w': 2339, 'h': 2667}, {'x': 2666, 'y': 0, 'w': 1334, 'h': 2667}, {'x': 0, 'y': 0, 'w': 4000, 'h': 2667}]}, 'media_results': {'result': {'media_key': '3_1838224877821841408'}}}, {'display_url': 'pic.x.com/la26AvQ4LI', 'expanded_url': 'https://x.com/kpukalbarprov/status/1838225668590477385/photo/1', 'id_str': '1838224877842751488', 'indices': [186, 209], 'media_key': '3_1838224877842751488', 'media_url_https': 'https://pbs.twimg.com/media/GYKvyX0aYAA8KPQ.jpg', 'type': 'photo', 'url': 'https://t.co/la26AvQ4LI', 'ext_media_availability': {'status': 'Available'}, 'features': {'large': {'faces': [{'x': 357, 'y': 179, 'h': 81, 'w': 81}, {'x': 1787, 'y': 205, 'h': 71, 'w': 71}, {'x': 1251, 'y': 192, 'h': 197, 'w': 197}, {'x': 1649, 'y': 363, 'h': 213, 'w': 213}]}, 'medium': {'faces': [{'x': 209, 'y': 105, 'h': 48, 'w': 48}, {'x': 1047, 'y': 120, 'h': 42, 'w': 42}, {'x': 733, 'y': 112, 'h': 115, 'w': 115}, {'x': 966, 'y': 213, 'h': 125, 'w': 125}]}, 'small': {'faces': [{'x': 118, 'y': 59, 'h': 27, 'w': 27}, {'x': 593, 'y': 68, 'h': 23, 'w': 23}, {'x': 415, 'y': 63, 'h': 65, 'w': 65}, {'x': 547, 'y': 120, 'h': 70, 'w': 70}]}, 'orig': {'faces': [{'x': 699, 'y': 351, 'h': 160, 'w': 160}, {'x': 3492, 'y': 402, 'h': 140, 'w': 140}, {'x': 2445, 'y': 375, 'h': 386, 'w': 386}, {'x': 3222, 'y': 710, 'h': 417, 'w': 417}]}}, 'sizes': {'large': {'h': 1366, 'w': 2048, 'resize': 'fit'}, 'medium': {'h': 800, 'w': 1200, 'resize': 'fit'}, 'small': {'h': 453, 'w': 680, 'resize': 'fit'}, 'thumb': {'h': 150, 'w': 150, 'resize': 'crop'}}, 'original_info': {'height': 2667, 'width': 4000, 'focus_rects': [{'x': 0, 'y': 0, 'w': 4000, 'h': 2240}, {'x': 1333, 'y': 0, 'w': 2667, 'h': 2667}, {'x': 1531, 'y': 0, 'w': 2339, 'h': 2667}, {'x': 2033, 'y': 0, 'w': 1334, 'h': 2667}, {'x': 0, 'y': 0, 'w': 4000, 'h': 2667}]}, 'media_results': {'result': {'media_key': '3_1838224877842751488'}}}, {'display_url': 'pic.x.com/la26AvQ4LI', 'expanded_url': 'https://x.com/kpukalbarprov/status/1838225668590477385/photo/1', 'id_str': '1838224877838553088', 'indices': [186, 209], 'media_key': '3_1838224877838553088', 'media_url_https': 'https://pbs.twimg.com/media/GYKvyXzaUAA1n65.jpg', 'type': 'photo', 'url': 'https://t.co/la26AvQ4LI', 'ext_media_availability': {'status': 'Available'}, 'features': {'large': {'faces': [{'x': 1971, 'y': 431, 'h': 67, 'w': 67}, {'x': 1679, 'y': 83, 'h': 193, 'w': 193}]}, 'medium': {'faces': [{'x': 1155, 'y': 252, 'h': 39, 'w': 39}, {'x': 984, 'y': 49, 'h': 113, 'w': 113}]}, 'small': {'faces': [{'x': 654, 'y': 143, 'h': 22, 'w': 22}, {'x': 557, 'y': 27, 'h': 64, 'w': 64}]}, 'orig': {'faces': [{'x': 3851, 'y': 843, 'h': 132, 'w': 132}, {'x': 3281, 'y': 164, 'h': 378, 'w': 378}]}}, 'sizes': {'large': {'h': 1366, 'w': 2048, 'resize': 'fit'}, 'medium': {'h': 800, 'w': 1200, 'resize': 'fit'}, 'small': {'h': 453, 'w': 680, 'resize': 'fit'}, 'thumb': {'h': 150, 'w': 150, 'resize': 'crop'}}, 'original_info': {'height': 2667, 'width': 4000, 'focus_rects': [{'x': 0, 'y': 0, 'w': 4000, 'h': 2240}, {'x': 1333, 'y': 0, 'w': 2667, 'h': 2667}, {'x': 1661, 'y': 0, 'w': 2339, 'h': 2667}, {'x': 2666, 'y': 0, 'w': 1334, 'h': 2667}, {'x': 0, 'y': 0, 'w': 4000, 'h': 2667}]}, 'media_results': {'result': {'media_key': '3_1838224877838553088'}}}], 'symbols': [], 'timestamps': [], 'urls': [], 'user_mentions': []}",,,,,False,0.0,
tweet,1837356824946946314,https://x.com/yogasuud/status/1837356824946946314,https://twitter.com/yogasuud/status/1837356824946946314,"Kedua, PJ Gubernur dan kepala daerah lainnya muncul karena masa jabatan mereka telah berakhir. Di luar pemilihan PJ (Penanggung Jawab) sementara agar tidak jadi kekosongan jabatan yang diputuskan oleh koordinasi antara Mendagri, DPRD, dan Presiden.",,0.0,1.0,1.0,0.0,39.0,Sat Sep 21 05:02:58 +0000 2024,in,0.0,True,1.837356658294674e+18,1.836708698879931e+18,,,False,"{'type': 'user', 'userName': 'yogasuud', 'url': 'https://x.com/yogasuud', 'twitterUrl': 'https://twitter.com/yogasuud', 'id': '1183297844494524416', 'name': 'Kumon', 'isVerified': False, 'isBlueVerified': False, 'profilePicture': 'https://pbs.twimg.com/profile_images/1868238071898206209/MZBbapH3_normal.jpg', 'coverPicture': 'https://pbs.twimg.com/profile_banners/1183297844494524416/1727631297', 'description': 'Cause you can be the beauty and I could be the monster', 'location': 'Aldebaran', 'followers': 361, 'following': 492, 'status': '', 'canDm': True, 'canMediaTag': True, 'createdAt': 'Sun Oct 13 08:26:25 +0000 2019', 'entities': {'description': {'urls': []}, 'url': {}}, 'fastFollowersCount': 0, 'favouritesCount': 30765, 'hasCustomTimelines': True, 'isTranslator': False, 'mediaCount': 5784, 'statusesCount': 38255, 'withheldInCountries': [], 'affiliatesHighlightedLabel': {}, 'possiblySensitive': False, 'pinnedTweetIds': ['1839732406666105184'], 'profile_bio': {'description': 'Cause you can be the beauty and I could be the monster'}, 'isAutomated': False, 'automatedBy': None}",{},,{},"{'hashtags': [], 'symbols': [], 'timestamps': [], 'urls': [], 'user_mentions': [{'id_str': '1254753962625888256', 'name': 'Agus', 'screen_name': 'AgusSiswanto789', 'indices': [0, 16]}, {'id_str': '1805234582926864384', 'name': 'WA', 'screen_name': '6_arung', 'indices': [17, 25]}]}",,,,,False,0.0,
tweet,1832367827782930515,https://x.com/AGoeci/status/1832367827782930515,https://twitter.com/AGoeci/status/1832367827782930515,"UU OTDA sudah mengembiri kekuasaan Presiden. UU OTDA harus direvisi, Presiden harus punya kewenangan penuh pada kepala daerah. Pemilihan Gubernur cukup oleh DPRD dg kandidat yg dipilih Presiden.",,2.0,1.0,5.0,0.0,698.0,Sat Sep 07 10:38:28 +0000 2024,in,1.0,True,1.8320489487874621e+18,1.831968201590424e+18,,,False,"{'type': 'user', 'userName': 'AGoeci', 'url': 'https://x.com/AGoeci', 'twitterUrl': 'https://twitter.com/AGoeci', 'id': '2881653068', 'name': 'St. Rajo Alam', 'isVerified': False, 'isBlueVerified': False, 'profilePicture': 'https://pbs.twimg.com/profile_images/1463438838517297164/uoW9eE23_normal.jpg', 'coverPicture': 'https://pbs.twimg.com/profile_banners/2881653068/1623769801', 'description': '', 'location': '', 'followers': 698, 'following': 511, 'status': '', 'canDm': False, 'canMediaTag': True, 'createdAt': 'Wed Oct 29 05:39:44 +0000 2014', 'entities': {'description': {'urls': []}, 'url': {}}, 'fastFollowersCount': 0, 'favouritesCount': 1188, 'hasCustomTimelines': True, 'isTranslator': False, 'mediaCount': 1337, 'statusesCount': 48541, 'withheldInCountries': [], 'affiliatesHighlightedLabel': {}, 'possiblySensitive': False, 'pinnedTweetIds': [], 'profile_bio': {'description': ''}, 'isAutomated': False, 'automatedBy': None}",{},,{},"{'hashtags': [], 'symbols': [], 'timestamps': [], 'urls': [], 'user_mentions': [{'id_str': '441971537', 'name': 'OldGru', 'screen_name': 'Mertosari', 'indices': [0, 10]}]}",,,,,False,0.0,
tweet,1828692554411638787,https://x.com/ombas94/status/1828692554411638787,https://twitter.com/ombas94/status/1828692554411638787,"Di era demokrasi saat ini yg kelihatanx, elit2 partai di pusat kekuasaan menginginkan para Gubernur/Bupati/Walikota dipimpin oleh orang orang yg dekat dgn sumbu kekuasaan, maka sistem pemilihan kepala daerah, dipilih saja oleh DPRD termasuk pemilihan Presiden.",,0.0,0.0,0.0,0.0,4.0,Wed Aug 28 07:14:15 +0000 2024,in,0.0,False,,1.8286925544116388e+18,,,False,"{'type': 'user', 'userName': 'ombas94', 'url': 'https://x.com/ombas94', 'twitterUrl': 'https://twitter.com/ombas94', 'id': '1755923777068892160', 'name': 'Dennakkoe69', 'isVerified': False, 'isBlueVerified': False, 'profilePicture': 'https://pbs.twimg.com/profile_images/1809894934985703424/EhfvTCis_normal.jpg', 'coverPicture': 'https://pbs.twimg.com/profile_banners/1755923777068892160/1720347670', 'description': 'Pemerhati Sospol Hukum Pemerintahan', 'location': '', 'followers': 0, 'following': 58, 'status': '', 'canDm': False, 'canMediaTag': True, 'createdAt': 'Fri Feb 09 11:57:59 +0000 2024', 'entities': {'description': {'urls': []}, 'url': {}}, 'fastFollowersCount': 0, 'favouritesCount': 0, 'hasCustomTimelines': True, 'isTranslator': False, 'mediaCount': 5, 'statusesCount': 40, 'withheldInCountries': [], 'affiliatesHighlightedLabel': {}, 'possiblySensitive': False, 'pinnedTweetIds': [], 'profile_bio': {'description': 'Pemerhati Sospol Hukum Pemerintahan'}, 'isAutomated': False, 'automatedBy': None}",{},,{},"{'hashtags': [], 'symbols': [], 'timestamps': [], 'urls': [], 'user_mentions': []}",,,,,False,0.0,
tweet,1828560678208315590,https://x.com/Bayanaka_2020/status/1828560678208315590,https://twitter.com/Bayanaka_2020/status/1828560678208315590,"Kembalikan lagi aja Pemilihan Gubernur di lakukan oleh DPRD , gak buang buang energi dan gak buang buang duit…",,0.0,0.0,0.0,0.0,168.0,Tue Aug 27 22:30:13 +0000 2024,in,0.0,True,1.828448529909719e+18,1.828448529909719e+18,,,False,"{'type': 'user', 'userName': 'Bayanaka_2020', 'url': 'https://x.com/Bayanaka_2020', 'twitterUrl': 'https://twitter.com/Bayanaka_2020', 'id': '1572790830951178243', 'name': 'BayanakaZhafi', 'isVerified': False, 'isBlueVerified': False, 'profilePicture': 'https://pbs.twimg.com/profile_images/1879330328705449984/Jd0Pwr-5_normal.jpg', 'coverPicture': 'https://pbs.twimg.com/profile_banners/1572790830951178243/1663818689', 'description': 'Pemerhati Perilaku Politik, Golfer, Penyuka Sepak Bola , Penyuka Basket, Hobi Nyanyi, Suka Aktivitas OutDoor ( Adventure ), Penyuka Teh,Komentator….🤭', 'location': '', 'followers': 77, 'following': 895, 'status': '', 'canDm': False, 'canMediaTag': False, 'createdAt': 'Thu Sep 22 03:33:27 +0000 2022', 'entities': {'description': {'urls': []}, 'url': {}}, 'fastFollowersCount': 0, 'favouritesCount': 17611, 'hasCustomTimelines': True, 'isTranslator': False, 'mediaCount': 90, 'statusesCount': 5166, 'withheldInCountries': [], 'affiliatesHighlightedLabel': {}, 'possiblySensitive': False, 'pinnedTweetIds': [], 'profile_bio': {'description': 'Pemerhati Perilaku Politik, Golfer, Penyuka Sepak Bola , Penyuka Basket, Hobi Nyanyi, Suka Aktivitas OutDoor ( Adventure ), Penyuka Teh,Komentator….🤭'}, 'isAutomated': False, 'automatedBy': None}",{},,{},"{'hashtags': [], 'symbols': [], 'timestamps': [], 'urls': [], 'user_mentions': [{'id_str': '759692754985242625', 'name': 'kumparan', 'screen_name': 'kumparan', 'indices': [0, 9]}]}",,,,,False,0.0,
tweet,1826527816667787608,https://x.com/fnursyamsi/status/1826527816667787608,https://twitter.com/fnursyamsi/status/1826527816667787608,"10 Tahun lalu, akhir masa jabatan SBY, UU Pilkada disahkan oleh Presiden-DPR, dengan 1 Pasal mengatur pemilihan Gubernur oleh DPRD, berubah dari sebelumnya dipilih secara langsung. Demo besar, dan SBY mengeluarkan Perpu ga sampe 24 jam UU Pilkada disahkan. Sejarah akan terulang?",,0.0,0.0,0.0,0.0,121.0,Thu Aug 22 07:52:21 +0000 2024,in,1.0,False,,1.8265278166677875e+18,,,False,"{'type': 'user', 'userName': 'fnursyamsi', 'url': 'https://x.com/fnursyamsi', 'twitterUrl': 'https://twitter.com/fnursyamsi', 'id': '201523200', 'name': 'FNursyamsi', 'isVerified': False, 'isBlueVerified': False, 'profilePicture': 'https://pbs.twimg.com/profile_images/1901395340814848000/Aa19PUPF_normal.jpg', 'coverPicture': 'https://pbs.twimg.com/profile_banners/201523200/1419520355', 'description': 'Peneliti PSHK | Pengajar STH Indonesia Jentera | Gamers | Penonton Bola dan Film Dalam Negeri', 'location': 'Indonesia', 'followers': 1114, 'following': 960, 'status': '', 'canDm': False, 'canMediaTag': True, 'createdAt': 'Tue Oct 12 01:26:44 +0000 2010', 'entities': {'description': {'urls': []}, 'url': {}}, 'fastFollowersCount': 0, 'favouritesCount': 5, 'hasCustomTimelines': True, 'isTranslator': False, 'mediaCount': 232, 'statusesCount': 20353, 'withheldInCountries': [], 'affiliatesHighlightedLabel': {}, 'possiblySensitive': False, 'pinnedTweetIds': ['1173826626049605632'], 'profile_bio': {'description': 'Peneliti PSHK | Pengajar STH Indonesia Jentera | Gamers | Penonton Bola dan Film Dalam Negeri'}, 'isAutomated': False, 'automatedBy': None}",{},,{},"{'hashtags': [], 'symbols': [], 'timestamps': [], 'urls': [], 'user_mentions': []}",,,,,False,0.0,
tweet,1826311011248578929,https://x.com/wisnudennyy/status/1826311011248578929,https://twitter.com/wisnudennyy/status/1826311011248578929,"Tapi dengan kerennya SBY terbitkan 2 perppu untuk mancabut UU pilkada tentang pemilihan Pemilihan Gubernur, Bupati, dan Wali Kota yang mengatur bahwa kepala daerah dipilih oleh DPRD di bulan Oktober tepat di akhir masa jabatannya.",,0.0,1.0,0.0,0.0,99.0,Wed Aug 21 17:30:50 +0000 2024,in,0.0,True,1.8263101420210427e+18,1.8263097362388913e+18,,,False,"{'type': 'user', 'userName': 'wisnudennyy', 'url': 'https://x.com/wisnudennyy', 'twitterUrl': 'https://twitter.com/wisnudennyy', 'id': '62175546', 'name': 'WDG', 'isVerified': False, 'isBlueVerified': False, 'profilePicture': 'https://pbs.twimg.com/profile_images/1751705244718043136/-STccTW9_normal.jpg', 'coverPicture': 'https://pbs.twimg.com/profile_banners/62175546/1411493677', 'description': 'my freedom of speech', 'location': 'East Borneo, Indonesia', 'followers': 577, 'following': 421, 'status': '', 'canDm': False, 'canMediaTag': False, 'createdAt': 'Sun Aug 02 02:27:27 +0000 2009', 'entities': {'description': {'urls': []}, 'url': {}}, 'fastFollowersCount': 0, 'favouritesCount': 342, 'hasCustomTimelines': True, 'isTranslator': False, 'mediaCount': 392, 'statusesCount': 13370, 'withheldInCountries': [], 'affiliatesHighlightedLabel': {}, 'possiblySensitive': False, 'pinnedTweetIds': [], 'profile_bio': {'description': 'my freedom of speech'}, 'isAutomated': False, 'automatedBy': None}",{},,{},"{'hashtags': [], 'symbols': [], 'timestamps': [], 'urls': [], 'user_mentions': []}",,,,,False,0.0,
tweet,1822587020151308298,https://x.com/BawasluLampung_/status/1822587020151308298,https://twitter.com/BawasluLampung_/status/1822587020151308298,"Komisi Pemilihan Umum (KPU) Provinsi Lampung menyerahkan dokumen penetapan calon terpilih anggota DPRD Lampung hasil Pemilu 2024 kepada Penjabat Gubernur Lampung, Samsudin. Penyerahan ini dilakukan langsung oleh Ketua KPU Provinsi Lampung, Erwan Bustami,",,0.0,1.0,4.0,0.0,63.0,Sun Aug 11 10:53:02 +0000 2024,in,0.0,False,,1.8225870201513083e+18,,,False,"{'type': 'user', 'userName': 'BawasluLampung_', 'url': 'https://x.com/BawasluLampung_', 'twitterUrl': 'https://twitter.com/BawasluLampung_', 'id': '973396388124835841', 'name': 'Bawaslulampung', 'isVerified': False, 'isBlueVerified': False, 'profilePicture': 'https://pbs.twimg.com/profile_images/1684757559746727937/fKz1v5YY_normal.jpg', 'coverPicture': 'https://pbs.twimg.com/profile_banners/973396388124835841/1690511997', 'description': 'Bersama Rakyat Awasi Pemilu, Bersama Bawaslu Tegakkan Keadilan Pemilu', 'location': 'Bandar Lampung, Lampung', 'followers': 964, 'following': 135, 'status': '', 'canDm': True, 'canMediaTag': True, 'createdAt': 'Tue Mar 13 03:12:38 +0000 2018', 'entities': {'description': {'urls': []}, 'url': {}}, 'fastFollowersCount': 0, 'favouritesCount': 374, 'hasCustomTimelines': True, 'isTranslator': False, 'mediaCount': 6438, 'statusesCount': 9553, 'withheldInCountries': [], 'affiliatesHighlightedLabel': {}, 'possiblySensitive': False, 'pinnedTweetIds': [], 'profile_bio': {'description': 'Bersama Rakyat Awasi Pemilu, Bersama Bawaslu Tegakkan Keadilan Pemilu'}, 'isAutomated': False, 'automatedBy': None}","{'media': [{'display_url': 'pic.x.com/c77QaIAkvS', 'expanded_url': 'https://x.com/BawasluLampung_/status/1822587020151308298/photo/1', 'id_str': '1822586965898002432', 'indices': [255, 278], 'media_key': '3_1822586965898002432', 'media_url_https': 'https://pbs.twimg.com/media/GUshMGKbgAAc7YC.jpg', 'type': 'photo', 'url': 'https://t.co/c77QaIAkvS', 'ext_media_availability': {'status': 'Available'}, 'features': {'large': {'faces': [{'x': 428, 'y': 1680, 'h': 82, 'w': 82}, {'x': 998, 'y': 300, 'h': 210, 'w': 210}, {'x': 328, 'y': 272, 'h': 196, 'w': 196}, {'x': 906, 'y': 782, 'h': 276, 'w': 276}]}, 'medium': {'faces': [{'x': 250, 'y': 984, 'h': 48, 'w': 48}, {'x': 584, 'y': 175, 'h': 123, 'w': 123}, {'x': 192, 'y': 159, 'h': 114, 'w': 114}, {'x': 530, 'y': 458, 'h': 161, 'w': 161}]}, 'small': {'faces': [{'x': 142, 'y': 557, 'h': 27, 'w': 27}, {'x': 331, 'y': 99, 'h': 69, 'w': 69}, {'x': 108, 'y': 90, 'h': 65, 'w': 65}, {'x': 300, 'y': 259, 'h': 91, 'w': 91}]}, 'orig': {'faces': [{'x': 428, 'y': 1680, 'h': 82, 'w': 82}, {'x': 998, 'y': 300, 'h': 210, 'w': 210}, {'x': 328, 'y': 272, 'h': 196, 'w': 196}, {'x': 906, 'y': 782, 'h': 276, 'w': 276}]}}, 'sizes': {'large': {'h': 1781, 'w': 2048, 'resize': 'fit'}, 'medium': {'h': 1044, 'w': 1200, 'resize': 'fit'}, 'small': {'h': 591, 'w': 680, 'resize': 'fit'}, 'thumb': {'h': 150, 'w': 150, 'resize': 'crop'}}, 'original_info': {'height': 1781, 'width': 2048, 'focus_rects': [{'x': 0, 'y': 634, 'w': 2048, 'h': 1147}, {'x': 0, 'y': 0, 'w': 1781, 'h': 1781}, {'x': 0, 'y': 0, 'w': 1562, 'h': 1781}, {'x': 220, 'y': 0, 'w': 891, 'h': 1781}, {'x': 0, 'y': 0, 'w': 2048, 'h': 1781}]}, 'media_results': {'result': {'media_key': '3_1822586965898002432'}}}]}",,{},"{'hashtags': [], 'media': [{'display_url': 'pic.x.com/c77QaIAkvS', 'expanded_url': 'https://x.com/BawasluLampung_/status/1822587020151308298/photo/1', 'id_str': '1822586965898002432', 'indices': [255, 278], 'media_key': '3_1822586965898002432', 'media_url_https': 'https://pbs.twimg.com/media/GUshMGKbgAAc7YC.jpg', 'type': 'photo', 'url': 'https://t.co/c77QaIAkvS', 'ext_media_availability': {'status': 'Available'}, 'features': {'large': {'faces': [{'x': 428, 'y': 1680, 'h': 82, 'w': 82}, {'x': 998, 'y': 300, 'h': 210, 'w': 210}, {'x': 328, 'y': 272, 'h': 196, 'w': 196}, {'x': 906, 'y': 782, 'h': 276, 'w': 276}]}, 'medium': {'faces': [{'x': 250, 'y': 984, 'h': 48, 'w': 48}, {'x': 584, 'y': 175, 'h': 123, 'w': 123}, {'x': 192, 'y': 159, 'h': 114, 'w': 114}, {'x': 530, 'y': 458, 'h': 161, 'w': 161}]}, 'small': {'faces': [{'x': 142, 'y': 557, 'h': 27, 'w': 27}, {'x': 331, 'y': 99, 'h': 69, 'w': 69}, {'x': 108, 'y': 90, 'h': 65, 'w': 65}, {'x': 300, 'y': 259, 'h': 91, 'w': 91}]}, 'orig': {'faces': [{'x': 428, 'y': 1680, 'h': 82, 'w': 82}, {'x': 998, 'y': 300, 'h': 210, 'w': 210}, {'x': 328, 'y': 272, 'h': 196, 'w': 196}, {'x': 906, 'y': 782, 'h': 276, 'w': 276}]}}, 'sizes': {'large': {'h': 1781, 'w': 2048, 'resize': 'fit'}, 'medium': {'h': 1044, 'w': 1200, 'resize': 'fit'}, 'small': {'h': 591, 'w': 680, 'resize': 'fit'}, 'thumb': {'h': 150, 'w': 150, 'resize': 'crop'}}, 'original_info': {'height': 1781, 'width': 2048, 'focus_rects': [{'x': 0, 'y': 634, 'w': 2048, 'h': 1147}, {'x': 0, 'y': 0, 'w': 1781, 'h': 1781}, {'x': 0, 'y': 0, 'w': 1562, 'h': 1781}, {'x': 220, 'y': 0, 'w': 891, 'h': 1781}, {'x': 0, 'y': 0, 'w': 2048, 'h': 1781}]}, 'media_results': {'result': {'media_key': '3_1822586965898002432'}}}], 'symbols': [], 'timestamps': [], 'urls': [], 'user_mentions': []}",,,,,False,0.0,
tweet,1814224884056428837,https://x.com/radarsumedangg/status/1814224884056428837,https://twitter.com/radarsumedangg/status/1814224884056428837,"KOTA – Komisi Pemilihan Umum (KPU) Sumedang menyerahkan berkas Usulan Peresmian Pengangkatan Calon Terpilih Anggota DPRD Kabupaten Sumedang, kepada Pj Gubernur Jawa Barat. Penyerahan dilakukan langsung oleh Ketua KPU Sumedang Ogi Ahmad Fauzi kepada",,0.0,0.0,0.0,0.0,10.0,Fri Jul 19 09:04:53 +0000 2024,in,0.0,False,,1.8142248840564288e+18,,,False,"{'type': 'user', 'userName': 'radarsumedangg', 'url': 'https://x.com/radarsumedangg', 'twitterUrl': 'https://twitter.com/radarsumedangg', 'id': '1266357201532157952', 'name': 'Radar Sumedang', 'isVerified': False, 'isBlueVerified': False, 'profilePicture': 'https://pbs.twimg.com/profile_images/1916977652768096256/JSL4Vx0d_normal.jpg', 'coverPicture': 'https://pbs.twimg.com/profile_banners/1266357201532157952/1591771779', 'description': 'komunikasi', 'location': 'Sumedang, Jawa Barat', 'followers': 297, 'following': 56, 'status': '', 'canDm': False, 'canMediaTag': True, 'createdAt': 'Fri May 29 13:14:42 +0000 2020', 'entities': {'description': {'urls': []}, 'url': {}}, 'fastFollowersCount': 0, 'favouritesCount': 10, 'hasCustomTimelines': True, 'isTranslator': False, 'mediaCount': 2222, 'statusesCount': 3653, 'withheldInCountries': [], 'affiliatesHighlightedLabel': {}, 'possiblySensitive': False, 'pinnedTweetIds': [], 'profile_bio': {'description': 'komunikasi'}, 'isAutomated': False, 'automatedBy': None}","{'media': [{'display_url': 'pic.x.com/9beq4RvXU6', 'expanded_url': 'https://x.com/radarsumedangg/status/1814224884056428837/photo/1', 'id_str': '1814224876812816384', 'indices': [274, 297], 'media_key': '3_1814224876812816384', 'media_url_https': 'https://pbs.twimg.com/media/GS1r6c0a0AAb8WY.jpg', 'type': 'photo', 'url': 'https://t.co/9beq4RvXU6', 'ext_media_availability': {'status': 'Available'}, 'features': {'large': {'faces': [{'x': 692, 'y': 451, 'h': 76, 'w': 76}, {'x': 427, 'y': 460, 'h': 80, 'w': 80}, {'x': 1002, 'y': 813, 'h': 203, 'w': 203}]}, 'medium': {'faces': [{'x': 648, 'y': 422, 'h': 71, 'w': 71}, {'x': 400, 'y': 431, 'h': 75, 'w': 75}, {'x': 939, 'y': 762, 'h': 190, 'w': 190}]}, 'small': {'faces': [{'x': 367, 'y': 239, 'h': 40, 'w': 40}, {'x': 226, 'y': 244, 'h': 42, 'w': 42}, {'x': 532, 'y': 431, 'h': 107, 'w': 107}]}, 'orig': {'faces': [{'x': 692, 'y': 451, 'h': 76, 'w': 76}, {'x': 427, 'y': 460, 'h': 80, 'w': 80}, {'x': 1002, 'y': 813, 'h': 203, 'w': 203}]}}, 'sizes': {'large': {'h': 1280, 'w': 1280, 'resize': 'fit'}, 'medium': {'h': 1200, 'w': 1200, 'resize': 'fit'}, 'small': {'h': 680, 'w': 680, 'resize': 'fit'}, 'thumb': {'h': 150, 'w': 150, 'resize': 'crop'}}, 'original_info': {'height': 1280, 'width': 1280, 'focus_rects': [{'x': 0, 'y': 563, 'w': 1280, 'h': 717}, {'x': 0, 'y': 0, 'w': 1280, 'h': 1280}, {'x': 157, 'y': 0, 'w': 1123, 'h': 1280}, {'x': 416, 'y': 0, 'w': 640, 'h': 1280}, {'x': 0, 'y': 0, 'w': 1280, 'h': 1280}]}, 'media_results': {'result': {'media_key': '3_1814224876812816384'}}}]}",,{},"{'hashtags': [], 'media': [{'display_url': 'pic.x.com/9beq4RvXU6', 'expanded_url': 'https://x.com/radarsumedangg/status/1814224884056428837/photo/1', 'id_str': '1814224876812816384', 'indices': [274, 297], 'media_key': '3_1814224876812816384', 'media_url_https': 'https://pbs.twimg.com/media/GS1r6c0a0AAb8WY.jpg', 'type': 'photo', 'url': 'https://t.co/9beq4RvXU6', 'ext_media_availability': {'status': 'Available'}, 'features': {'large': {'faces': [{'x': 692, 'y': 451, 'h': 76, 'w': 76}, {'x': 427, 'y': 460, 'h': 80, 'w': 80}, {'x': 1002, 'y': 813, 'h': 203, 'w': 203}]}, 'medium': {'faces': [{'x': 648, 'y': 422, 'h': 71, 'w': 71}, {'x': 400, 'y': 431, 'h': 75, 'w': 75}, {'x': 939, 'y': 762, 'h': 190, 'w': 190}]}, 'small': {'faces': [{'x': 367, 'y': 239, 'h': 40, 'w': 40}, {'x': 226, 'y': 244, 'h': 42, 'w': 42}, {'x': 532, 'y': 431, 'h': 107, 'w': 107}]}, 'orig': {'faces': [{'x': 692, 'y': 451, 'h': 76, 'w': 76}, {'x': 427, 'y': 460, 'h': 80, 'w': 80}, {'x': 1002, 'y': 813, 'h': 203, 'w': 203}]}}, 'sizes': {'large': {'h': 1280, 'w': 1280, 'resize': 'fit'}, 'medium': {'h': 1200, 'w': 1200, 'resize': 'fit'}, 'small': {'h': 680, 'w': 680, 'resize': 'fit'}, 'thumb': {'h': 150, 'w': 150, 'resize': 'crop'}}, 'original_info': {'height': 1280, 'width': 1280, 'focus_rects': [{'x': 0, 'y': 563, 'w': 1280, 'h': 717}, {'x': 0, 'y': 0, 'w': 1280, 'h': 1280}, {'x': 157, 'y': 0, 'w': 1123, 'h': 1280}, {'x': 416, 'y': 0, 'w': 640, 'h': 1280}, {'x': 0, 'y': 0, 'w': 1280, 'h': 1280}]}, 'media_results': {'result': {'media_key': '3_1814224876812816384'}}}], 'symbols': [], 'timestamps': [], 'urls': [{'display_url': 'RADARSUMEDANG.ID', 'expanded_url': 'http://RADARSUMEDANG.ID', 'url': 'https://t.co/ufg7BubvBF', 'indices': [0, 23]}], 'user_mentions': []}",,,,,False,0.0,
tweet,1799595333045117165,https://x.com/sulaimanariefst/status/1799595333045117165,https://twitter.com/sulaimanariefst/status/1799595333045117165,Agustus langsung dilantik krn pemilihan gubernur setelah UU direvisi dipilih oleh DPRD 1. Itulah kejutannya,,0.0,1.0,1.0,0.0,271.0,Sun Jun 09 00:12:16 +0000 2024,in,0.0,True,1.7994793895557123e+18,1.7994793895557123e+18,,,False,"{'type': 'user', 'userName': 'sulaimanariefst', 'url': 'https://x.com/sulaimanariefst', 'twitterUrl': 'https://twitter.com/sulaimanariefst', 'id': '162627606', 'name': 'alpha wolf', 'isVerified': False, 'isBlueVerified': False, 'profilePicture': 'https://pbs.twimg.com/profile_images/1603720765815525376/mOzGcTm__normal.jpg', 'coverPicture': '', 'description': '', 'location': '', 'followers': 136, 'following': 128, 'status': '', 'canDm': False, 'canMediaTag': True, 'createdAt': 'Sun Jul 04 06:38:51 +0000 2010', 'entities': {'description': {'urls': []}, 'url': {}}, 'fastFollowersCount': 0, 'favouritesCount': 972, 'hasCustomTimelines': True, 'isTranslator': False, 'mediaCount': 437, 'statusesCount': 23343, 'withheldInCountries': [], 'affiliatesHighlightedLabel': {}, 'possiblySensitive': False, 'pinnedTweetIds': [], 'profile_bio': {'description': ''}, 'isAutomated': False, 'automatedBy': None}",{},,{},"{'hashtags': [], 'symbols': [], 'timestamps': [], 'urls': [], 'user_mentions': [{'id_str': '1068371293290946561', 'name': 'King Purwa', 'screen_name': 'BosPurwa', 'indices': [0, 9]}]}",,,,,False,0.0,
tweet,1782320345665728692,https://x.com/Didi_margo/status/1782320345665728692,https://twitter.com/Didi_margo/status/1782320345665728692,Amademen sistem addendum contoh pasal pemilihan presiden dlm UUD 1945 dipilih oleh MPR dirubah disempurnakan menjadi di pilih dewan pemilihan yg terdiri anggota DPR utusan daerah dan utusan golongan/ MPR ditambah DPRD provinsi kabupaten kota gubernur bupati walikota se-Indonesia,,0.0,0.0,0.0,0.0,22.0,Mon Apr 22 08:07:38 +0000 2024,in,0.0,True,1.782285120546001e+18,1.7822848365580168e+18,,,False,"{'type': 'user', 'userName': 'Didi_margo', 'url': 'https://x.com/Didi_margo', 'twitterUrl': 'https://twitter.com/Didi_margo', 'id': '1603600431825186816', 'name': 'margo Siswadi', 'isVerified': False, 'isBlueVerified': False, 'profilePicture': 'https://pbs.twimg.com/profile_images/1603601270937645056/dMaPFn8m_normal.jpg', 'coverPicture': '', 'description': '', 'location': '', 'followers': 145, 'following': 91, 'status': '', 'canDm': False, 'canMediaTag': True, 'createdAt': 'Fri Dec 16 03:59:04 +0000 2022', 'entities': {'description': {'urls': []}, 'url': {}}, 'fastFollowersCount': 0, 'favouritesCount': 115516, 'hasCustomTimelines': True, 'isTranslator': False, 'mediaCount': 121, 'statusesCount': 10462, 'withheldInCountries': [], 'affiliatesHighlightedLabel': {}, 'possiblySensitive': False, 'pinnedTweetIds': [], 'profile_bio': {'description': ''}, 'isAutomated': False, 'automatedBy': None}",{},,{},"{'hashtags': [], 'symbols': [], 'timestamps': [], 'urls': [], 'user_mentions': [{'id_str': '77230976', 'name': 'RaeAgainstTheMachine', 'screen_name': 'aranigr', 'indices': [0, 8]}, {'id_str': '1117990249806721024', 'name': 'Muhammad Said Didu', 'screen_name': 'msaid_didu', 'indices': [9, 20]}]}",,,,,False,0.0,
tweet,1771348763933831604,https://x.com/ibe_rajobasa/status/1771348763933831604,https://twitter.com/ibe_rajobasa/status/1771348763933831604,"Sebaiknya Pemilihan Kepala Daerah Kabupaten dan Kota dipilih oleh anggota DPRD saja. Sedangkan untuk Gubernur ditunjuk oleh Presiden. Ternyata tidak ada manfaat dari sistem pemilihan langsung, malah semakin menghancurkan demokrasi.",,0.0,0.0,0.0,0.0,19.0,Sat Mar 23 01:30:30 +0000 2024,in,0.0,False,,1.7713487639338317e+18,,,False,"{'type': 'user', 'userName': 'ibe_rajobasa', 'url': 'https://x.com/ibe_rajobasa', 'twitterUrl': 'https://twitter.com/ibe_rajobasa', 'id': '1662230216729849857', 'name': 'POLITIK AKAL SEHAT-Irwan Rajo Basa', 'isVerified': False, 'isBlueVerified': False, 'profilePicture': 'https://pbs.twimg.com/profile_images/1662246584661450752/5gzFxbga_normal.jpg', 'coverPicture': 'https://pbs.twimg.com/profile_banners/1662230216729849857/1697763186', 'description': 'peneliti PORTAL BANGSA institute- NEGARA TEATER-Advokat', 'location': 'Sumatera Barat, Indonesia', 'followers': 55, 'following': 211, 'status': '', 'canDm': False, 'canMediaTag': True, 'createdAt': 'Fri May 26 22:52:40 +0000 2023', 'entities': {'description': {'urls': []}, 'url': {}}, 'fastFollowersCount': 0, 'favouritesCount': 331, 'hasCustomTimelines': True, 'isTranslator': False, 'mediaCount': 199, 'statusesCount': 2871, 'withheldInCountries': [], 'affiliatesHighlightedLabel': {}, 'possiblySensitive': False, 'pinnedTweetIds': [], 'profile_bio': {'description': 'peneliti PORTAL BANGSA institute- NEGARA TEATER-Advokat'}, 'isAutomated': False, 'automatedBy': None}",{},,{},"{'hashtags': [], 'symbols': [], 'timestamps': [], 'urls': [], 'user_mentions': []}",,,,,False,0.0,
tweet,1767596721352446115,https://x.com/AryaPanam/status/1767596721352446115,https://twitter.com/AryaPanam/status/1767596721352446115,"Poin pertama yang langsung disoroti, yaitu tentang polemik pemilihan gubernur Jakarta oleh Presiden, dengan pertimbangan dari DPRD Jakarta. Dari survei yang dilakukan oleh Kompas, mayoritas responden menyatakan bahwa mereka tidak menyetujui rancangan tersebut.",,0.0,0.0,0.0,0.0,15.0,Tue Mar 12 17:01:13 +0000 2024,in,0.0,True,1.7675963704023537e+18,1.7675963704023537e+18,,,False,"{'type': 'user', 'userName': 'AryaPanam', 'url': 'https://x.com/AryaPanam', 'twitterUrl': 'https://twitter.com/AryaPanam', 'id': '1440146286204764174', 'name': 'Arya', 'isVerified': False, 'isBlueVerified': False, 'profilePicture': 'https://pbs.twimg.com/profile_images/1676266618719174656/fFheu2LT_normal.jpg', 'coverPicture': 'https://pbs.twimg.com/profile_banners/1440146286204764174/1688700636', 'description': 'Laboratorium bahasa\nTampek buek-buek Bahaso\nLanguage laboratory\nSprachlabor\nTaallaboratorium', 'location': 'Pekan Baru, Riau', 'followers': 68, 'following': 159, 'status': '', 'canDm': False, 'canMediaTag': True, 'createdAt': 'Tue Sep 21 02:50:17 +0000 2021', 'entities': {'description': {'urls': []}, 'url': {}}, 'fastFollowersCount': 0, 'favouritesCount': 2914, 'hasCustomTimelines': True, 'isTranslator': False, 'mediaCount': 1706, 'statusesCount': 19919, 'withheldInCountries': [], 'affiliatesHighlightedLabel': {}, 'possiblySensitive': False, 'pinnedTweetIds': [], 'profile_bio': {'description': 'Laboratorium bahasa\nTampek buek-buek Bahaso\nLanguage laboratory\nSprachlabor\nTaallaboratorium'}, 'isAutomated': False, 'automatedBy': None}",{},,"{'bounding_box': {'coordinates': [[[101.316109, 0.386546], [101.316109, 0.563116], [101.44278, 0.563116], [101.44278, 0.386546], [101.316109, 0.386546]]], 'type': 'Polygon'}, 'country': 'Indonesia', 'country_code': 'ID', 'full_name': 'Tampan, Indonesia', 'name': 'Tampan', 'id': '32eb831712cde417', 'place_type': 'city', 'url': 'https://api.twitter.com/1.1/geo/id/32eb831712cde417.json'}","{'hashtags': [], 'symbols': [], 'timestamps': [], 'urls': [], 'user_mentions': []}",,,,,False,0.0,
tweet,1758086048230600791,https://x.com/MSMujab22/status/1758086048230600791,https://twitter.com/MSMujab22/status/1758086048230600791,"Mari flashback ke 2014 Selepas kalah Pemilu, Koalisi Merah Putihnya Prabowo-Hatta mengusulkan Gubernur dipilih oleh DPRD, bkn melalui Pemilihan langsung. Berkat gerakan masy sipil yg masif, rencana itu batal. Mereka kalah bisa begitu, apalagi menang",,4.0,1.0,13.0,0.0,1112.0,Thu Feb 15 11:09:12 +0000 2024,in,2.0,False,,1.7580860482306007e+18,,,False,"{'type': 'user', 'userName': 'MSMujab22', 'url': 'https://x.com/MSMujab22', 'twitterUrl': 'https://twitter.com/MSMujab22', 'id': '310751498', 'name': 'Mujab MS', 'isVerified': False, 'isBlueVerified': False, 'profilePicture': 'https://pbs.twimg.com/profile_images/1759215311684001792/wo_75k5K_normal.jpg', 'coverPicture': 'https://pbs.twimg.com/profile_banners/310751498/1696071996', 'description': '🇮🇩🇬🇧 #partofLSE', 'location': 'Jakarta Selatan, DKI Jakarta', 'followers': 12787, 'following': 612, 'status': '', 'canDm': True, 'canMediaTag': False, 'createdAt': 'Sat Jun 04 08:50:43 +0000 2011', 'entities': {'description': {'urls': []}, 'url': {}}, 'fastFollowersCount': 0, 'favouritesCount': 1313, 'hasCustomTimelines': True, 'isTranslator': False, 'mediaCount': 257, 'statusesCount': 6648, 'withheldInCountries': [], 'affiliatesHighlightedLabel': {}, 'possiblySensitive': False, 'pinnedTweetIds': ['1707900942555951264'], 'profile_bio': {'description': '🇮🇩🇬🇧 #partofLSE'}, 'isAutomated': False, 'automatedBy': None}",{},"{'binding_values': [{'key': 'description', 'value': {'string_value': 'REPUBLIKA.CO.ID, JAKARTA -- Komite Independen Pemantau Pemilu (KIPP) menyatakan partai-partai yang tergabung dalam Koalisi Merah Putih memiliki dendam politik. Karena itu, mereka mendukung opsi...', 'type': 'STRING'}}, {'key': 'domain', 'value': {'string_value': 'news.republika.co.id', 'type': 'STRING'}}, {'key': 'site', 'value': {'scribe_key': 'publisher_id', 'type': 'USER', 'user_value': {'id_str': '22126902', 'path': []}}}, {'key': 'creator', 'value': {'type': 'USER', 'user_value': {'id_str': '22126902', 'path': []}}}, {'key': 'vanity_url', 'value': {'scribe_key': 'vanity_url', 'string_value': 'news.republika.co.id', 'type': 'STRING'}}, {'key': 'title', 'value': {'string_value': 'Koalisi Merah Putih Dukung Pilkada tak Langsung Karena Dendam Politik', 'type': 'STRING'}}, {'key': 'card_url', 'value': {'scribe_key': 'card_url', 'string_value': 'https://t.co/RQJdEDLtT5', 'type': 'STRING'}}], 'card_platform': {'platform': {'audience': {'name': 'production'}, 'device': {'name': 'Android', 'version': '12'}}}, 'name': 'summary_large_image', 'url': 'https://t.co/RQJdEDLtT5', 'user_refs_results': [{'result': {'__typename': 'User', 'id': 'VXNlcjoyMjEyNjkwMg==', 'rest_id': '22126902', 'affiliates_highlighted_label': {}, 'avatar': {'image_url': 'https://pbs.twimg.com/profile_images/1922868522826465280/mzuJnDJD_normal.jpg'}, 'core': {'created_at': 'Fri Feb 27 10:20:30 +0000 2009', 'name': 'Republika.co.id', 'screen_name': 'republikaonline'}, 'dm_permissions': {'can_dm': False}, 'follow_request_sent': False, 'has_graduated_access': True, 'is_blue_verified': True, 'legacy': {'default_profile': False, 'default_profile_image': False, 'description': 'Akun Resmi Republika Online \n\n#CekRepublikaAja', 'entities': {'description': {'urls': []}, 'url': {'urls': [{'display_url': 'republika.co.id', 'expanded_url': 'http://www.republika.co.id', 'url': 'https://t.co/0oHVjg8JGW', 'indices': [0, 23]}]}}, 'fast_followers_count': 0, 'favourites_count': 1201, 'followers_count': 2105979, 'friends_count': 10, 'has_custom_timelines': True, 'is_translator': False, 'listed_count': 2983, 'media_count': 31651, 'normal_followers_count': 2105979, 'pinned_tweet_ids_str': [], 'possibly_sensitive': False, 'profile_banner_url': 'https://pbs.twimg.com/profile_banners/22126902/1662879269', 'profile_interstitial_type': '', 'statuses_count': 2002695, 'translator_type': 'none', 'url': 'https://t.co/0oHVjg8JGW', 'want_retweets': False, 'withheld_in_countries': []}, 'location': {'location': 'Jakarta, Indonesia'}, 'media_permissions': {'can_media_tag': False}, 'parody_commentary_fan_label': 'None', 'profile_image_shape': 'Circle', 'professional': {'rest_id': '1557277011185283072', 'professional_type': 'Business', 'category': [{'id': 580, 'name': 'Media & News Company', 'icon_name': ''}]}, 'profile_bio': {'description': 'Akun Resmi Republika Online \n\n#CekRepublikaAja'}, 'privacy': {'protected': False}, 'relationship_perspectives': {'following': False}, 'tipjar_settings': {}, 'verification': {'verified': False}}}, {'result': {'__typename': 'User', 'id': 'VXNlcjoyMjEyNjkwMg==', 'rest_id': '22126902', 'affiliates_highlighted_label': {}, 'avatar': {'image_url': 'https://pbs.twimg.com/profile_images/1922868522826465280/mzuJnDJD_normal.jpg'}, 'core': {'created_at': 'Fri Feb 27 10:20:30 +0000 2009', 'name': 'Republika.co.id', 'screen_name': 'republikaonline'}, 'dm_permissions': {'can_dm': False}, 'follow_request_sent': False, 'has_graduated_access': True, 'is_blue_verified': True, 'legacy': {'default_profile': False, 'default_profile_image': False, 'description': 'Akun Resmi Republika Online \n\n#CekRepublikaAja', 'entities': {'description': {'urls': []}, 'url': {'urls': [{'display_url': 'republika.co.id', 'expanded_url': 'http://www.republika.co.id', 'url': 'https://t.co/0oHVjg8JGW', 'indices': [0, 23]}]}}, 'fast_followers_count': 0, 'favourites_count': 1201, 'followers_count': 2105979, 'friends_count': 10, 'has_custom_timelines': True, 'is_translator': False, 'listed_count': 2983, 'media_count': 31651, 'normal_followers_count': 2105979, 'pinned_tweet_ids_str': [], 'possibly_sensitive': False, 'profile_banner_url': 'https://pbs.twimg.com/profile_banners/22126902/1662879269', 'profile_interstitial_type': '', 'statuses_count': 2002695, 'translator_type': 'none', 'url': 'https://t.co/0oHVjg8JGW', 'want_retweets': False, 'withheld_in_countries': []}, 'location': {'location': 'Jakarta, Indonesia'}, 'media_permissions': {'can_media_tag': False}, 'parody_commentary_fan_label': 'None', 'profile_image_shape': 'Circle', 'professional': {'rest_id': '1557277011185283072', 'professional_type': 'Business', 'category': [{'id': 580, 'name': 'Media & News Company', 'icon_name': ''}]}, 'profile_bio': {'description': 'Akun Resmi Republika Online \n\n#CekRepublikaAja'}, 'privacy': {'protected': False}, 'relationship_perspectives': {'following': False}, 'tipjar_settings': {}, 'verification': {'verified': False}}}]}",{},"{'hashtags': [], 'symbols': [], 'timestamps': [], 'urls': [{'display_url': 'news.republika.co.id/berita/nc5axp/…', 'expanded_url': 'https://news.republika.co.id/berita/nc5axp/koalisi-merah-putih-dukung-pilkada-tak-langsung-karena-dendam-politik', 'url': 'https://t.co/RQJdEDLtT5', 'indices': [253, 276]}], 'user_mentions': []}",,,,,False,0.0,
tweet,1757192360327602355,https://x.com/_farrr__/status/1757192360327602355,https://twitter.com/_farrr__/status/1757192360327602355,"dulu ahok nolak pemilihan gubernur jakarta oleh ditunjuk DPRD, sekarang ada RUU DKJ juga kok dia diem aja dah",,0.0,0.0,0.0,0.0,129.0,Mon Feb 12 23:58:00 +0000 2024,in,0.0,False,,1.7571923603276024e+18,,,False,"{'type': 'user', 'userName': '_farrr__', 'url': 'https://x.com/_farrr__', 'twitterUrl': 'https://twitter.com/_farrr__', 'id': '1489970199239409665', 'name': 'fffff', 'isVerified': False, 'isBlueVerified': False, 'profilePicture': 'https://pbs.twimg.com/profile_images/1816493195439841280/_j780n6T_normal.jpg', 'coverPicture': 'https://pbs.twimg.com/profile_banners/1489970199239409665/1712970810', 'description': 'bio', 'location': 'Lokasi', 'followers': 1235, 'following': 1311, 'status': '', 'canDm': True, 'canMediaTag': True, 'createdAt': 'Sat Feb 05 14:32:45 +0000 2022', 'entities': {'description': {'urls': []}, 'url': {}}, 'fastFollowersCount': 0, 'favouritesCount': 23760, 'hasCustomTimelines': True, 'isTranslator': False, 'mediaCount': 323, 'statusesCount': 14870, 'withheldInCountries': [], 'affiliatesHighlightedLabel': {}, 'possiblySensitive': False, 'pinnedTweetIds': [], 'profile_bio': {'description': 'bio'}, 'isAutomated': False, 'automatedBy': None}",{},,{},"{'hashtags': [], 'symbols': [], 'timestamps': [], 'urls': [], 'user_mentions': []}",,,,,False,0.0,
tweet,1740884838658482655,https://x.com/kinoyastilianti/status/1740884838658482655,https://twitter.com/kinoyastilianti/status/1740884838658482655,"Saya sii udah ngebayangin ketika Anies turun dari pesawat, itu adalah Anies lg turun dari pesawat kenegaraan Kalo pun iya RUU pemilihan gubernur o presiden atas izin DPRD itu akan dipilih oleh Pak Anies sebagai presiden.",,0.0,0.0,0.0,0.0,21.0,Fri Dec 29 23:57:44 +0000 2023,in,0.0,True,1.7405692506398024e+18,1.7405692506398024e+18,,,False,"{'type': 'user', 'userName': 'kinoyastilianti', 'url': 'https://x.com/kinoyastilianti', 'twitterUrl': 'https://twitter.com/kinoyastilianti', 'id': '514341659', 'name': 'Iso kiyo', 'isVerified': False, 'isBlueVerified': False, 'profilePicture': 'https://pbs.twimg.com/profile_images/1964036359230017538/z-bftQt1_normal.jpg', 'coverPicture': '', 'description': 'sehat mental,  fisik, dan financial. dengan cara simple.', 'location': 'Indonesia', 'followers': 154, 'following': 390, 'status': '', 'canDm': False, 'canMediaTag': True, 'createdAt': 'Sun Mar 04 13:29:26 +0000 2012', 'entities': {'description': {'urls': []}, 'url': {}}, 'fastFollowersCount': 0, 'favouritesCount': 8261, 'hasCustomTimelines': True, 'isTranslator': False, 'mediaCount': 332, 'statusesCount': 9435, 'withheldInCountries': [], 'affiliatesHighlightedLabel': {}, 'possiblySensitive': False, 'pinnedTweetIds': [], 'profile_bio': {'description': 'sehat mental,  fisik, dan financial. dengan cara simple.'}, 'isAutomated': False, 'automatedBy': None}",{},,{},"{'hashtags': [], 'symbols': [], 'timestamps': [], 'urls': [], 'user_mentions': []}",,,,,False,0.0,
tweet,1739123675738276056,https://x.com/gauzal/status/1739123675738276056,https://twitter.com/gauzal/status/1739123675738276056,RUU DKJ memiliki banyak masalah sehingga perlu ditolak! Di antaranya: menghapus pemilihan gubernur (ditunjuk presiden); adanya Dewan Kota yg tumpang tindih dengan kewenangan DPRD; adanya Kawasan Aglomerasi yg dipimpin oleh Wapres.,,0.0,1.0,1.0,0.0,58.0,Mon Dec 25 03:19:30 +0000 2023,in,0.0,True,1.7391218385493074e+18,1.7391218385493074e+18,,,False,"{'type': 'user', 'userName': 'gauzal', 'url': 'https://x.com/gauzal', 'twitterUrl': 'https://twitter.com/gauzal', 'id': '63368467', 'name': 'Gauzal Asnawi', 'isVerified': False, 'isBlueVerified': False, 'profilePicture': 'https://pbs.twimg.com/profile_images/1616950663933747200/3uQgf0Ku_normal.jpg', 'coverPicture': 'https://pbs.twimg.com/profile_banners/63368467/1621290414', 'description': 'ngetweet politik, arsitektur, dan sepakbola. campur aduk english-indonesia', 'location': 'Jakarta', 'followers': 298, 'following': 476, 'status': '', 'canDm': False, 'canMediaTag': True, 'createdAt': 'Thu Aug 06 04:20:00 +0000 2009', 'entities': {'description': {'urls': []}, 'url': {}}, 'fastFollowersCount': 0, 'favouritesCount': 3218, 'hasCustomTimelines': True, 'isTranslator': False, 'mediaCount': 121, 'statusesCount': 5067, 'withheldInCountries': [], 'affiliatesHighlightedLabel': {}, 'possiblySensitive': False, 'pinnedTweetIds': [], 'profile_bio': {'description': 'ngetweet politik, arsitektur, dan sepakbola. campur aduk english-indonesia'}, 'isAutomated': False, 'automatedBy': None}",{},,{},"{'hashtags': [], 'symbols': [], 'timestamps': [], 'urls': [], 'user_mentions': []}",,,,,False,0.0,
tweet,1737289080063594555,https://x.com/veerapracha/status/1737289080063594555,https://twitter.com/veerapracha/status/1737289080063594555,"Sebelum jd Wakil Gubernur Jakarta & gagal di Pemilihan Gubernur Jakarta, Ahok itu Bupati Belitung Timur pertama yg dipilih oleh rakyat secara langsung. FYI: Belitung Timur 93% nya muslim. Ahok jg pernah jadi Anggota DPRD & Parlemen Pusat. Adik Ahok pun terpilih menjadi Bupati",,0.0,1.0,1.0,0.0,110.0,Wed Dec 20 01:49:28 +0000 2023,in,0.0,True,1.7372873365963205e+18,1.7363765047818327e+18,,,False,"{'type': 'user', 'userName': 'veerapracha', 'url': 'https://x.com/veerapracha', 'twitterUrl': 'https://twitter.com/veerapracha', 'id': '1314247903976648704', 'name': 'Veerapcha', 'isVerified': False, 'isBlueVerified': False, 'profilePicture': 'https://pbs.twimg.com/profile_images/1486490145679237121/GLBRAN2u_normal.jpg', 'coverPicture': 'https://pbs.twimg.com/profile_banners/1314247903976648704/1613905475', 'description': '', 'location': '', 'followers': 27, 'following': 282, 'status': '', 'canDm': False, 'canMediaTag': False, 'createdAt': 'Thu Oct 08 16:55:03 +0000 2020', 'entities': {'description': {'urls': []}, 'url': {}}, 'fastFollowersCount': 0, 'favouritesCount': 2131, 'hasCustomTimelines': True, 'isTranslator': False, 'mediaCount': 737, 'statusesCount': 2850, 'withheldInCountries': [], 'affiliatesHighlightedLabel': {}, 'possiblySensitive': False, 'pinnedTweetIds': [], 'profile_bio': {'description': ''}, 'isAutomated': False, 'automatedBy': None}","{'media': [{'display_url': 'pic.x.com/jMSkL3B0fA', 'expanded_url': 'https://x.com/veerapracha/status/1737289080063594555/photo/1', 'id_str': '1737287451172032512', 'indices': [352, 375], 'media_key': '3_1737287451172032512', 'media_url_https': 'https://pbs.twimg.com/media/GBwVu3faUAA5bzY.png', 'type': 'photo', 'url': 'https://t.co/jMSkL3B0fA', 'ext_media_availability': {'status': 'Available'}, 'features': {'large': {'faces': [{'x': 100, 'y': 116, 'h': 75, 'w': 75}]}, 'medium': {'faces': [{'x': 100, 'y': 116, 'h': 75, 'w': 75}]}, 'small': {'faces': [{'x': 81, 'y': 94, 'h': 60, 'w': 60}]}, 'orig': {'faces': [{'x': 100, 'y': 116, 'h': 75, 'w': 75}]}}, 'sizes': {'large': {'h': 838, 'w': 266, 'resize': 'fit'}, 'medium': {'h': 838, 'w': 266, 'resize': 'fit'}, 'small': {'h': 680, 'w': 216, 'resize': 'fit'}, 'thumb': {'h': 150, 'w': 150, 'resize': 'crop'}}, 'original_info': {'height': 838, 'width': 266, 'focus_rects': [{'x': 0, 'y': 405, 'w': 266, 'h': 149}, {'x': 0, 'y': 346, 'w': 266, 'h': 266}, {'x': 0, 'y': 328, 'w': 266, 'h': 303}, {'x': 0, 'y': 213, 'w': 266, 'h': 532}, {'x': 0, 'y': 0, 'w': 266, 'h': 838}]}, 'media_results': {'result': {'media_key': '3_1737287451172032512'}}}, {'display_url': 'pic.x.com/jMSkL3B0fA', 'expanded_url': 'https://x.com/veerapracha/status/1737289080063594555/photo/1', 'id_str': '1737287471866761216', 'indices': [352, 375], 'media_key': '3_1737287471866761216', 'media_url_https': 'https://pbs.twimg.com/media/GBwVwEla0AAUtJP.png', 'type': 'photo', 'url': 'https://t.co/jMSkL3B0fA', 'ext_media_availability': {'status': 'Available'}, 'features': {'large': {'faces': [{'x': 129, 'y': 156, 'h': 92, 'w': 92}]}, 'medium': {'faces': [{'x': 129, 'y': 156, 'h': 92, 'w': 92}]}, 'small': {'faces': [{'x': 128, 'y': 155, 'h': 91, 'w': 91}]}, 'orig': {'faces': [{'x': 129, 'y': 156, 'h': 92, 'w': 92}]}}, 'sizes': {'large': {'h': 685, 'w': 337, 'resize': 'fit'}, 'medium': {'h': 685, 'w': 337, 'resize': 'fit'}, 'small': {'h': 680, 'w': 335, 'resize': 'fit'}, 'thumb': {'h': 150, 'w': 150, 'resize': 'crop'}}, 'original_info': {'height': 685, 'width': 337, 'focus_rects': [{'x': 0, 'y': 0, 'w': 337, 'h': 189}, {'x': 0, 'y': 0, 'w': 337, 'h': 337}, {'x': 0, 'y': 0, 'w': 337, 'h': 384}, {'x': 0, 'y': 0, 'w': 337, 'h': 674}, {'x': 0, 'y': 0, 'w': 337, 'h': 685}]}, 'media_results': {'result': {'media_key': '3_1737287471866761216'}}}]}",,{},"{'hashtags': [], 'media': [{'display_url': 'pic.x.com/jMSkL3B0fA', 'expanded_url': 'https://x.com/veerapracha/status/1737289080063594555/photo/1', 'id_str': '1737287451172032512', 'indices': [352, 375], 'media_key': '3_1737287451172032512', 'media_url_https': 'https://pbs.twimg.com/media/GBwVu3faUAA5bzY.png', 'type': 'photo', 'url': 'https://t.co/jMSkL3B0fA', 'ext_media_availability': {'status': 'Available'}, 'features': {'large': {'faces': [{'x': 100, 'y': 116, 'h': 75, 'w': 75}]}, 'medium': {'faces': [{'x': 100, 'y': 116, 'h': 75, 'w': 75}]}, 'small': {'faces': [{'x': 81, 'y': 94, 'h': 60, 'w': 60}]}, 'orig': {'faces': [{'x': 100, 'y': 116, 'h': 75, 'w': 75}]}}, 'sizes': {'large': {'h': 838, 'w': 266, 'resize': 'fit'}, 'medium': {'h': 838, 'w': 266, 'resize': 'fit'}, 'small': {'h': 680, 'w': 216, 'resize': 'fit'}, 'thumb': {'h': 150, 'w': 150, 'resize': 'crop'}}, 'original_info': {'height': 838, 'width': 266, 'focus_rects': [{'x': 0, 'y': 405, 'w': 266, 'h': 149}, {'x': 0, 'y': 346, 'w': 266, 'h': 266}, {'x': 0, 'y': 328, 'w': 266, 'h': 303}, {'x': 0, 'y': 213, 'w': 266, 'h': 532}, {'x': 0, 'y': 0, 'w': 266, 'h': 838}]}, 'media_results': {'result': {'media_key': '3_1737287451172032512'}}}, {'display_url': 'pic.x.com/jMSkL3B0fA', 'expanded_url': 'https://x.com/veerapracha/status/1737289080063594555/photo/1', 'id_str': '1737287471866761216', 'indices': [352, 375], 'media_key': '3_1737287471866761216', 'media_url_https': 'https://pbs.twimg.com/media/GBwVwEla0AAUtJP.png', 'type': 'photo', 'url': 'https://t.co/jMSkL3B0fA', 'ext_media_availability': {'status': 'Available'}, 'features': {'large': {'faces': [{'x': 129, 'y': 156, 'h': 92, 'w': 92}]}, 'medium': {'faces': [{'x': 129, 'y': 156, 'h': 92, 'w': 92}]}, 'small': {'faces': [{'x': 128, 'y': 155, 'h': 91, 'w': 91}]}, 'orig': {'faces': [{'x': 129, 'y': 156, 'h': 92, 'w': 92}]}}, 'sizes': {'large': {'h': 685, 'w': 337, 'resize': 'fit'}, 'medium': {'h': 685, 'w': 337, 'resize': 'fit'}, 'small': {'h': 680, 'w': 335, 'resize': 'fit'}, 'thumb': {'h': 150, 'w': 150, 'resize': 'crop'}}, 'original_info': {'height': 685, 'width': 337, 'focus_rects': [{'x': 0, 'y': 0, 'w': 337, 'h': 189}, {'x': 0, 'y': 0, 'w': 337, 'h': 337}, {'x': 0, 'y': 0, 'w': 337, 'h': 384}, {'x': 0, 'y': 0, 'w': 337, 'h': 674}, {'x': 0, 'y': 0, 'w': 337, 'h': 685}]}, 'media_results': {'result': {'media_key': '3_1737287471866761216'}}}], 'symbols': [], 'timestamps': [], 'urls': [], 'user_mentions': [{'id_str': '1009525987', 'name': 'Shehzade Aiman', 'screen_name': 'MohammadAiman01', 'indices': [0, 16]}, {'id_str': '1640021674480504832', 'name': 'Alyp_ayman🇲🇾', 'screen_name': 'AlypAyman', 'indices': [30, 40]}, {'id_str': '1182603888169369600', 'name': 'Jonathan James', 'screen_name': 'Jonatha83116671', 'indices': [41, 57]}, {'id_str': '1628402468379049984', 'name': 'Bavrick', 'screen_name': 'brosgpt', 'indices': [58, 66]}]}",,,,,False,0.0,
tweet,1734615858465386881,https://x.com/dekanio8415/status/1734615858465386881,https://twitter.com/dekanio8415/status/1734615858465386881,Ngelawak luu. Trus kenapa rencana pemilihan gubernur di Jakarta mau diganti dari pilihan rakyat jadi usulan DPRD kemudian dipilih oleh preside. Mbang mbang bang,,0.0,0.0,1.0,0.0,88.0,Tue Dec 12 16:47:02 +0000 2023,in,0.0,False,,1.7345578771786714e+18,,,False,"{'type': 'user', 'userName': 'dekanio8415', 'url': 'https://x.com/dekanio8415', 'twitterUrl': 'https://twitter.com/dekanio8415', 'id': '1033493738876678144', 'name': 'Dekanio8415', 'isVerified': False, 'isBlueVerified': False, 'profilePicture': 'https://abs.twimg.com/sticky/default_profile_images/default_profile_normal.png', 'coverPicture': '', 'description': '', 'location': '', 'followers': 4, 'following': 32, 'status': '', 'canDm': False, 'canMediaTag': True, 'createdAt': 'Sat Aug 25 23:18:03 +0000 2018', 'entities': {'description': {'urls': []}, 'url': {}}, 'fastFollowersCount': 0, 'favouritesCount': 116, 'hasCustomTimelines': True, 'isTranslator': False, 'mediaCount': 11, 'statusesCount': 742, 'withheldInCountries': [], 'affiliatesHighlightedLabel': {}, 'possiblySensitive': False, 'pinnedTweetIds': [], 'profile_bio': {'description': ''}, 'isAutomated': False, 'automatedBy': None}",{},,{},"{'hashtags': [], 'symbols': [], 'timestamps': [], 'urls': [], 'user_mentions': [{'id_str': '1900885218', 'name': 'Dexter', 'screen_name': 'DEXTER888j', 'indices': [12, 23]}, {'id_str': '1502822366946402304', 'name': 'Dokter Tifa', 'screen_name': 'DokterTifa', 'indices': [24, 35]}, {'id_str': '1356478042797797377', 'name': 'Gibran Rakabuming', 'screen_name': 'gibran_tweet', 'indices': [36, 49]}]}",,,,,False,0.0,
tweet,1733040109728219504,https://x.com/hrrsgrt1602/status/1733040109728219504,https://twitter.com/hrrsgrt1602/status/1733040109728219504,MEREKA YANG BERPIKIRAN MAJU KEDEPAN UNTUK MENGHILANGKAN PEMBOROSAN ANGGARAN DAN WAKTU KARENA. PEMILIHAN LANGSUNG GUBERNUR... TOH SUARA SUDAH DI WAKILKAN OLEH PARA WAKILNYA DI DPRD TINGGAL DI AJUKAN KE PRESIDEN,,0.0,0.0,0.0,0.0,32.0,Fri Dec 08 08:25:35 +0000 2023,in,0.0,False,,1.7330401097282194e+18,,,False,"{'type': 'user', 'userName': 'hrrsgrt1602', 'url': 'https://x.com/hrrsgrt1602', 'twitterUrl': 'https://twitter.com/hrrsgrt1602', 'id': '3146128576', 'name': 'harry sugiarto', 'isVerified': False, 'isBlueVerified': False, 'profilePicture': 'https://pbs.twimg.com/profile_images/1693555454637719552/G_BB4Uuq_normal.jpg', 'coverPicture': 'https://pbs.twimg.com/profile_banners/3146128576/1601887030', 'description': '', 'location': 'BOGOR', 'followers': 101, 'following': 117, 'status': '', 'canDm': False, 'canMediaTag': True, 'createdAt': 'Wed Apr 08 01:28:38 +0000 2015', 'entities': {'description': {'urls': []}, 'url': {}}, 'fastFollowersCount': 0, 'favouritesCount': 1514, 'hasCustomTimelines': True, 'isTranslator': False, 'mediaCount': 1923, 'statusesCount': 7015, 'withheldInCountries': [], 'affiliatesHighlightedLabel': {}, 'possiblySensitive': False, 'pinnedTweetIds': [], 'profile_bio': {'description': ''}, 'isAutomated': False, 'automatedBy': None}",{},,{},"{'hashtags': [], 'symbols': [], 'timestamps': [], 'urls': [], 'user_mentions': []}",,,"{'type': 'tweet', 'id': '1733025528205185487', 'url': 'https://x.com/BosPurwa/status/1733025528205185487', 'twitterUrl': 'https://twitter.com/BosPurwa/status/1733025528205185487', 'text': 'Kini 7 Fraksi di DPR Tolak Gubernur Jakarta Dipilih oleh Presiden yang Ada di RUU DKJ\n\nFraksi Partai Gerindra dan Partai Persatuan Pembangunan (PPP) Yang Mendukung https://t.co/cCvAPWWYq8 https://t.co/taVfUniSpt', 'source': '', 'retweetCount': 501, 'replyCount': 179, 'likeCount': 1379, 'quoteCount': 30, 'viewCount': 203853, 'createdAt': 'Fri Dec 08 07:27:38 +0000 2023', 'lang': 'in', 'bookmarkCount': 18, 'isReply': False, 'inReplyToId': None, 'conversationId': '1733025528205185487', 'inReplyToUserId': None, 'inReplyToUsername': None, 'isPinned': False, 'author': {'type': 'user', 'userName': 'BosPurwa', 'url': 'https://x.com/BosPurwa', 'twitterUrl': 'https://twitter.com/BosPurwa', 'id': '1068371293290946561', 'name': 'King Purwa', 'isVerified': False, 'isBlueVerified': True, 'profilePicture': 'https://pbs.twimg.com/profile_images/1982760488380284928/B-iCUVr5_normal.jpg', 'coverPicture': 'https://pbs.twimg.com/profile_banners/1068371293290946561/1757759139', 'description': 'Atasan Presiden Republik Indonesia I\nAkun Backup @KingPurvva', 'location': 'Warteg', 'followers': 131790, 'following': 3674, 'status': '', 'canDm': False, 'canMediaTag': False, 'createdAt': 'Fri Nov 30 05:09:00 +0000 2018', 'entities': {'description': {'urls': []}, 'url': {}}, 'fastFollowersCount': 0, 'favouritesCount': 21202, 'hasCustomTimelines': True, 'isTranslator': False, 'mediaCount': 12458, 'statusesCount': 55487, 'withheldInCountries': [], 'affiliatesHighlightedLabel': {}, 'possiblySensitive': False, 'pinnedTweetIds': ['1993446877388493189'], 'profile_bio': {'description': 'Atasan Presiden Republik Indonesia I\nAkun Backup @KingPurvva'}, 'isAutomated': False, 'automatedBy': None}, 'extendedEntities': {'media': [{'display_url': 'pic.x.com/taVfUniSpt', 'expanded_url': 'https://x.com/BosPurwa/status/1733025528205185487/photo/1', 'id_str': '1733025211879219200', 'indices': [188, 211], 'media_key': '3_1733025211879219200', 'media_url_https': 'https://pbs.twimg.com/media/GAzxP4zbYAA6xhO.jpg', 'type': 'photo', 'url': 'https://t.co/taVfUniSpt', 'ext_media_availability': {'status': 'Available'}, 'features': {'large': {'faces': []}, 'medium': {'faces': []}, 'small': {'faces': []}, 'orig': {'faces': []}}, 'sizes': {'large': {'h': 1510, 'w': 1080, 'resize': 'fit'}, 'medium': {'h': 1200, 'w': 858, 'resize': 'fit'}, 'small': {'h': 680, 'w': 486, 'resize': 'fit'}, 'thumb': {'h': 150, 'w': 150, 'resize': 'crop'}}, 'original_info': {'height': 1510, 'width': 1080, 'focus_rects': [{'x': 0, 'y': 0, 'w': 1080, 'h': 605}, {'x': 0, 'y': 0, 'w': 1080, 'h': 1080}, {'x': 0, 'y': 0, 'w': 1080, 'h': 1231}, {'x': 325, 'y': 0, 'w': 755, 'h': 1510}, {'x': 0, 'y': 0, 'w': 1080, 'h': 1510}]}, 'media_results': {'result': {'media_key': '3_1733025211879219200'}}}, {'display_url': 'pic.x.com/taVfUniSpt', 'expanded_url': 'https://x.com/BosPurwa/status/1733025528205185487/photo/1', 'id_str': '1733025266002432000', 'indices': [188, 211], 'media_key': '3_1733025266002432000', 'media_url_https': 'https://pbs.twimg.com/media/GAzxTCbaEAAxnBL.jpg', 'type': 'photo', 'url': 'https://t.co/taVfUniSpt', 'ext_media_availability': {'status': 'Available'}, 'features': {'large': {'faces': [{'x': 309, 'y': 519, 'h': 95, 'w': 95}, {'x': 339, 'y': 689, 'h': 78, 'w': 78}]}, 'medium': {'faces': [{'x': 309, 'y': 519, 'h': 95, 'w': 95}, {'x': 339, 'y': 689, 'h': 78, 'w': 78}]}, 'small': {'faces': [{'x': 186, 'y': 313, 'h': 57, 'w': 57}, {'x': 204, 'y': 416, 'h': 47, 'w': 47}]}, 'orig': {'faces': [{'x': 309, 'y': 519, 'h': 95, 'w': 95}, {'x': 339, 'y': 689, 'h': 78, 'w': 78}]}}, 'sizes': {'large': {'h': 1125, 'w': 737, 'resize': 'fit'}, 'medium': {'h': 1125, 'w': 737, 'resize': 'fit'}, 'small': {'h': 680, 'w': 445, 'resize': 'fit'}, 'thumb': {'h': 150, 'w': 150, 'resize': 'crop'}}, 'original_info': {'height': 1125, 'width': 737, 'focus_rects': [{'x': 0, 'y': 46, 'w': 737, 'h': 413}, {'x': 0, 'y': 0, 'w': 737, 'h': 737}, {'x': 0, 'y': 0, 'w': 737, 'h': 840}, {'x': 0, 'y': 0, 'w': 563, 'h': 1125}, {'x': 0, 'y': 0, 'w': 737, 'h': 1125}]}, 'media_results': {'result': {'media_key': '3_1733025266002432000'}}}]}, 'card': None, 'place': {}, 'entities': {'hashtags': [], 'media': [{'display_url': 'pic.x.com/taVfUniSpt', 'expanded_url': 'https://x.com/BosPurwa/status/1733025528205185487/photo/1', 'id_str': '1733025211879219200', 'indices': [188, 211], 'media_key': '3_1733025211879219200', 'media_url_https': 'https://pbs.twimg.com/media/GAzxP4zbYAA6xhO.jpg', 'type': 'photo', 'url': 'https://t.co/taVfUniSpt', 'ext_media_availability': {'status': 'Available'}, 'features': {'large': {'faces': []}, 'medium': {'faces': []}, 'small': {'faces': []}, 'orig': {'faces': []}}, 'sizes': {'large': {'h': 1510, 'w': 1080, 'resize': 'fit'}, 'medium': {'h': 1200, 'w': 858, 'resize': 'fit'}, 'small': {'h': 680, 'w': 486, 'resize': 'fit'}, 'thumb': {'h': 150, 'w': 150, 'resize': 'crop'}}, 'original_info': {'height': 1510, 'width': 1080, 'focus_rects': [{'x': 0, 'y': 0, 'w': 1080, 'h': 605}, {'x': 0, 'y': 0, 'w': 1080, 'h': 1080}, {'x': 0, 'y': 0, 'w': 1080, 'h': 1231}, {'x': 325, 'y': 0, 'w': 755, 'h': 1510}, {'x': 0, 'y': 0, 'w': 1080, 'h': 1510}]}, 'media_results': {'result': {'media_key': '3_1733025211879219200'}}}, {'display_url': 'pic.x.com/taVfUniSpt', 'expanded_url': 'https://x.com/BosPurwa/status/1733025528205185487/photo/1', 'id_str': '1733025266002432000', 'indices': [188, 211], 'media_key': '3_1733025266002432000', 'media_url_https': 'https://pbs.twimg.com/media/GAzxTCbaEAAxnBL.jpg', 'type': 'photo', 'url': 'https://t.co/taVfUniSpt', 'ext_media_availability': {'status': 'Available'}, 'features': {'large': {'faces': [{'x': 309, 'y': 519, 'h': 95, 'w': 95}, {'x': 339, 'y': 689, 'h': 78, 'w': 78}]}, 'medium': {'faces': [{'x': 309, 'y': 519, 'h': 95, 'w': 95}, {'x': 339, 'y': 689, 'h': 78, 'w': 78}]}, 'small': {'faces': [{'x': 186, 'y': 313, 'h': 57, 'w': 57}, {'x': 204, 'y': 416, 'h': 47, 'w': 47}]}, 'orig': {'faces': [{'x': 309, 'y': 519, 'h': 95, 'w': 95}, {'x': 339, 'y': 689, 'h': 78, 'w': 78}]}}, 'sizes': {'large': {'h': 1125, 'w': 737, 'resize': 'fit'}, 'medium': {'h': 1125, 'w': 737, 'resize': 'fit'}, 'small': {'h': 680, 'w': 445, 'resize': 'fit'}, 'thumb': {'h': 150, 'w': 150, 'resize': 'crop'}}, 'original_info': {'height': 1125, 'width': 737, 'focus_rects': [{'x': 0, 'y': 46, 'w': 737, 'h': 413}, {'x': 0, 'y': 0, 'w': 737, 'h': 737}, {'x': 0, 'y': 0, 'w': 737, 'h': 840}, {'x': 0, 'y': 0, 'w': 563, 'h': 1125}, {'x': 0, 'y': 0, 'w': 737, 'h': 1125}]}, 'media_results': {'result': {'media_key': '3_1733025266002432000'}}}], 'symbols': [], 'timestamps': [], 'urls': [{'display_url': 'kompas.tv/nasional/46741…', 'expanded_url': 'https://www.kompas.tv/nasional/467418/kini-7-fraksi-di-dpr-tolak-gubernur-jakarta-dipilih-oleh-presiden-yang-ada-di-ruu-dkj?utm_source=dlvr.it&utm_medium=twitter&lgn_method=google', 'url': 'https://t.co/cCvAPWWYq8', 'indices': [164, 187]}], 'user_mentions': []}, 'reply_to_user_results': None, 'quoted_tweet_results': None, 'quoted_tweet': None, 'retweeted_tweet': None, 'isConversationControlled': False}",,False,0.0,True
tweet,1732992651576926298,https://x.com/tribunnews/status/1732992651576926298,https://twitter.com/tribunnews/status/1732992651576926298,"Pasal 10 Ayat (2) Rancangan Undang-Undang tentang Provinsi Daerah Khusus Jakarta (RUU DKJ) menyatakan gubernur dan wakil gubernur dapat ditunjuk, diangkat, dan diberhentikan oleh presiden dengan memperhatikan usul atau pendapat DPRD. (ist)",,0.0,0.0,1.0,0.0,378.0,Fri Dec 08 05:17:00 +0000 2023,in,0.0,False,,1.7329926515769262e+18,,,False,"{'type': 'user', 'userName': 'tribunnews', 'url': 'https://x.com/tribunnews', 'twitterUrl': 'https://twitter.com/tribunnews', 'id': '124171593', 'name': 'Tribunnews.com', 'isVerified': False, 'isBlueVerified': True, 'profilePicture': 'https://pbs.twimg.com/profile_images/1948315713061703680/Ewos0ES-_normal.jpg', 'coverPicture': 'https://pbs.twimg.com/profile_banners/124171593/1693467333', 'description': 'Twitter resmi https://t.co/TrKRpuNUUb. Download aplikasi TribunX di  Google Play dan App Store.  Email Redaksi: redaksi@tribunnews.com', 'location': 'Indonesia', 'followers': 1426801, 'following': 519, 'status': '', 'canDm': False, 'canMediaTag': True, 'createdAt': 'Thu Mar 18 13:56:22 +0000 2010', 'entities': {'description': {'urls': []}, 'url': {}}, 'fastFollowersCount': 0, 'favouritesCount': 1134, 'hasCustomTimelines': True, 'isTranslator': False, 'mediaCount': 22851, 'statusesCount': 927200, 'withheldInCountries': [], 'affiliatesHighlightedLabel': {}, 'possiblySensitive': False, 'pinnedTweetIds': [], 'profile_bio': {'description': 'Twitter resmi https://t.co/TrKRpuNUUb. Download aplikasi TribunX di  Google Play dan App Store.  Email Redaksi: redaksi@tribunnews.com'}, 'isAutomated': False, 'automatedBy': None}",{},,{},"{'hashtags': [], 'symbols': [], 'timestamps': [], 'urls': [{'display_url': 'tribunnews.com/mata-lokal-mem…', 'expanded_url': 'https://www.tribunnews.com/mata-lokal-memilih/2023/12/08/gibran-dan-cak-imin-tolak-gubernur-jakarta-ditunjuk-oleh-presiden-lebih-pilih-pemilihan-langsung', 'url': 'https://t.co/zfSc2YnV0k', 'indices': [241, 264]}], 'user_mentions': []}",,,,,False,0.0,
tweet,1732694413577797853,https://x.com/tvOneNews/status/1732694413577797853,https://twitter.com/tvOneNews/status/1732694413577797853,"“Kami tidak setuju atas usulan Pemilihan Gubernur dan Wakil Gubernur Daerah Khusus Jakarta ditunjuk dan diangkat oleh Presiden dengan memperhatikan usulan DPRD Jakarta,” tegas Ketua DPP PDIP Said Abdullah dalam keterangannya, Kamis (7/12/2023). threadtvOne",,0.0,1.0,1.0,0.0,1128.0,Thu Dec 07 09:31:54 +0000 2023,in,0.0,True,1.7326943099070838e+18,1.732694182941352e+18,,,False,"{'type': 'user', 'userName': 'tvOneNews', 'url': 'https://x.com/tvOneNews', 'twitterUrl': 'https://twitter.com/tvOneNews', 'id': '55507370', 'name': 'tvOnenews', 'isVerified': False, 'isBlueVerified': False, 'profilePicture': 'https://pbs.twimg.com/profile_images/1811001498689753089/p2l374M3_normal.jpg', 'coverPicture': 'https://pbs.twimg.com/profile_banners/55507370/1690282621', 'description': 'Official Account of tvOneNews', 'location': 'Pulo Gadung, Indonesia', 'followers': 7881365, 'following': 49, 'status': '', 'canDm': False, 'canMediaTag': True, 'createdAt': 'Fri Jul 10 08:16:35 +0000 2009', 'entities': {'description': {'urls': []}, 'url': {}}, 'fastFollowersCount': 0, 'favouritesCount': 0, 'hasCustomTimelines': True, 'isTranslator': False, 'mediaCount': 209975, 'statusesCount': 509597, 'withheldInCountries': [], 'affiliatesHighlightedLabel': {}, 'possiblySensitive': False, 'pinnedTweetIds': [], 'profile_bio': {'description': 'Official Account of tvOneNews'}, 'isAutomated': False, 'automatedBy': None}",{},,{},"{'hashtags': [{'indices': [246, 258], 'text': 'threadtvOne'}], 'symbols': [], 'timestamps': [], 'urls': [], 'user_mentions': []}",,,,,False,0.0,
tweet,1732679071623217321,https://x.com/asumsico/status/1732679071623217321,https://twitter.com/asumsico/status/1732679071623217321,"Dalam RUU itu, pemilihan gubernur dan wakil gubernur Jakarta tidak melalui Pilkada. Berdasarkan Pasal 10 ayat (2) Bab IV RUU DKJ, disebutkan bahwa gubernur dan wakil gubernur ditunjuk, diangkat, dan diberhentikan oleh presiden dengan memperhatikan usul atau pendapat DPRD.",,0.0,1.0,1.0,0.0,1815.0,Thu Dec 07 08:30:56 +0000 2023,in,0.0,True,1.7326790683012915e+18,1.7326790655036992e+18,,,False,"{'type': 'user', 'userName': 'asumsico', 'url': 'https://x.com/asumsico', 'twitterUrl': 'https://twitter.com/asumsico', 'id': '829366551446818816', 'name': 'Asumsi', 'isVerified': False, 'isBlueVerified': False, 'profilePicture': 'https://pbs.twimg.com/profile_images/1448160661540724740/ZGg4wvhJ_normal.jpg', 'coverPicture': 'https://pbs.twimg.com/profile_banners/829366551446818816/1700046408', 'description': 'Current Affairs & Pop Culture | Kami mendengar semua orang | redaksi@asumsi.co | Newsletter: https://t.co/4C1daw7gd3 I https://t.co/SjgBOSgBJO', 'location': 'Jakarta Capital Region', 'followers': 344433, 'following': 2, 'status': '', 'canDm': True, 'canMediaTag': True, 'createdAt': 'Wed Feb 08 16:29:29 +0000 2017', 'entities': {'description': {'urls': []}, 'url': {}}, 'fastFollowersCount': 0, 'favouritesCount': 248, 'hasCustomTimelines': True, 'isTranslator': False, 'mediaCount': 12995, 'statusesCount': 45017, 'withheldInCountries': [], 'affiliatesHighlightedLabel': {}, 'possiblySensitive': False, 'pinnedTweetIds': [], 'profile_bio': {'description': 'Current Affairs & Pop Culture | Kami mendengar semua orang | redaksi@asumsi.co | Newsletter: https://t.co/4C1daw7gd3 I https://t.co/SjgBOSgBJO'}, 'isAutomated': False, 'automatedBy': None}","{'media': [{'display_url': 'pic.x.com/lWni6d2uah', 'expanded_url': 'https://x.com/asumsico/status/1732679071623217321/photo/1', 'id_str': '1732678692797808640', 'indices': [273, 296], 'media_key': '3_1732678692797808640', 'media_url_https': 'https://pbs.twimg.com/media/GAu2F0oaAAAL-JM.jpg', 'type': 'photo', 'url': 'https://t.co/lWni6d2uah', 'ext_media_availability': {'status': 'Available'}, 'features': {'large': {'faces': [{'x': 793, 'y': 1113, 'h': 212, 'w': 212}]}, 'medium': {'faces': [{'x': 634, 'y': 890, 'h': 169, 'w': 169}]}, 'small': {'faces': [{'x': 359, 'y': 504, 'h': 96, 'w': 96}]}, 'orig': {'faces': [{'x': 793, 'y': 1113, 'h': 212, 'w': 212}]}}, 'sizes': {'large': {'h': 1500, 'w': 1200, 'resize': 'fit'}, 'medium': {'h': 1200, 'w': 960, 'resize': 'fit'}, 'small': {'h': 680, 'w': 544, 'resize': 'fit'}, 'thumb': {'h': 150, 'w': 150, 'resize': 'crop'}}, 'original_info': {'height': 1500, 'width': 1200, 'focus_rects': [{'x': 0, 'y': 828, 'w': 1200, 'h': 672}, {'x': 0, 'y': 300, 'w': 1200, 'h': 1200}, {'x': 0, 'y': 132, 'w': 1200, 'h': 1368}, {'x': 450, 'y': 0, 'w': 750, 'h': 1500}, {'x': 0, 'y': 0, 'w': 1200, 'h': 1500}]}, 'media_results': {'result': {'media_key': '3_1732678692797808640'}}}, {'display_url': 'pic.x.com/lWni6d2uah', 'expanded_url': 'https://x.com/asumsico/status/1732679071623217321/photo/1', 'id_str': '1732678723265265664', 'indices': [273, 296], 'media_key': '3_1732678723265265664', 'media_url_https': 'https://pbs.twimg.com/media/GAu2HmIagAAuHpl.jpg', 'type': 'photo', 'url': 'https://t.co/lWni6d2uah', 'ext_media_availability': {'status': 'Available'}, 'features': {'large': {'faces': [{'x': 868, 'y': 1132, 'h': 159, 'w': 159}]}, 'medium': {'faces': [{'x': 694, 'y': 905, 'h': 127, 'w': 127}]}, 'small': {'faces': [{'x': 393, 'y': 512, 'h': 72, 'w': 72}]}, 'orig': {'faces': [{'x': 868, 'y': 1132, 'h': 159, 'w': 159}]}}, 'sizes': {'large': {'h': 1500, 'w': 1201, 'resize': 'fit'}, 'medium': {'h': 1200, 'w': 961, 'resize': 'fit'}, 'small': {'h': 680, 'w': 544, 'resize': 'fit'}, 'thumb': {'h': 150, 'w': 150, 'resize': 'crop'}}, 'original_info': {'height': 1500, 'width': 1201, 'focus_rects': [{'x': 0, 'y': 376, 'w': 1201, 'h': 673}, {'x': 0, 'y': 112, 'w': 1201, 'h': 1201}, {'x': 0, 'y': 28, 'w': 1201, 'h': 1369}, {'x': 0, 'y': 0, 'w': 750, 'h': 1500}, {'x': 0, 'y': 0, 'w': 1201, 'h': 1500}]}, 'media_results': {'result': {'media_key': '3_1732678723265265664'}}}]}",,{},"{'hashtags': [], 'media': [{'display_url': 'pic.x.com/lWni6d2uah', 'expanded_url': 'https://x.com/asumsico/status/1732679071623217321/photo/1', 'id_str': '1732678692797808640', 'indices': [273, 296], 'media_key': '3_1732678692797808640', 'media_url_https': 'https://pbs.twimg.com/media/GAu2F0oaAAAL-JM.jpg', 'type': 'photo', 'url': 'https://t.co/lWni6d2uah', 'ext_media_availability': {'status': 'Available'}, 'features': {'large': {'faces': [{'x': 793, 'y': 1113, 'h': 212, 'w': 212}]}, 'medium': {'faces': [{'x': 634, 'y': 890, 'h': 169, 'w': 169}]}, 'small': {'faces': [{'x': 359, 'y': 504, 'h': 96, 'w': 96}]}, 'orig': {'faces': [{'x': 793, 'y': 1113, 'h': 212, 'w': 212}]}}, 'sizes': {'large': {'h': 1500, 'w': 1200, 'resize': 'fit'}, 'medium': {'h': 1200, 'w': 960, 'resize': 'fit'}, 'small': {'h': 680, 'w': 544, 'resize': 'fit'}, 'thumb': {'h': 150, 'w': 150, 'resize': 'crop'}}, 'original_info': {'height': 1500, 'width': 1200, 'focus_rects': [{'x': 0, 'y': 828, 'w': 1200, 'h': 672}, {'x': 0, 'y': 300, 'w': 1200, 'h': 1200}, {'x': 0, 'y': 132, 'w': 1200, 'h': 1368}, {'x': 450, 'y': 0, 'w': 750, 'h': 1500}, {'x': 0, 'y': 0, 'w': 1200, 'h': 1500}]}, 'media_results': {'result': {'media_key': '3_1732678692797808640'}}}, {'display_url': 'pic.x.com/lWni6d2uah', 'expanded_url': 'https://x.com/asumsico/status/1732679071623217321/photo/1', 'id_str': '1732678723265265664', 'indices': [273, 296], 'media_key': '3_1732678723265265664', 'media_url_https': 'https://pbs.twimg.com/media/GAu2HmIagAAuHpl.jpg', 'type': 'photo', 'url': 'https://t.co/lWni6d2uah', 'ext_media_availability': {'status': 'Available'}, 'features': {'large': {'faces': [{'x': 868, 'y': 1132, 'h': 159, 'w': 159}]}, 'medium': {'faces': [{'x': 694, 'y': 905, 'h': 127, 'w': 127}]}, 'small': {'faces': [{'x': 393, 'y': 512, 'h': 72, 'w': 72}]}, 'orig': {'faces': [{'x': 868, 'y': 1132, 'h': 159, 'w': 159}]}}, 'sizes': {'large': {'h': 1500, 'w': 1201, 'resize': 'fit'}, 'medium': {'h': 1200, 'w': 961, 'resize': 'fit'}, 'small': {'h': 680, 'w': 544, 'resize': 'fit'}, 'thumb': {'h': 150, 'w': 150, 'resize': 'crop'}}, 'original_info': {'height': 1500, 'width': 1201, 'focus_rects': [{'x': 0, 'y': 376, 'w': 1201, 'h': 673}, {'x': 0, 'y': 112, 'w': 1201, 'h': 1201}, {'x': 0, 'y': 28, 'w': 1201, 'h': 1369}, {'x': 0, 'y': 0, 'w': 750, 'h': 1500}, {'x': 0, 'y': 0, 'w': 1201, 'h': 1500}]}, 'media_results': {'result': {'media_key': '3_1732678723265265664'}}}], 'symbols': [], 'timestamps': [], 'urls': [], 'user_mentions': []}",,,,,False,0.0,
tweet,1732048162079244520,https://x.com/JhonSitorus_18/status/1732048162079244520,https://twitter.com/JhonSitorus_18/status/1732048162079244520,"Sekitar 2015-2016 lalu, Indonesia pernah RIBUT karena UU MD3, salah satu isinya adalah agar pemilihan kepala daerah (Gubernur) dipilih oleh DPRD Jokowi saat itu melawan KERAS, juga pak Ahok saat menjabat sebagai Gubernur DKI Jakarta hingga dia keluar dari partainya saat itu, Gerindra. Para ahli tatanegara dan akademisi kompak melawan UU MD3 karena mengulangi kembali aura Orde Baru Kini, Jokowi tak lagi bersuara keras, malah DIAM. Memang, tak semua Provinsi di Indonesia, khusus DKI Jakarta saja. Tapi, bilangan besar selalu berawal dari angka 1, lalu 2, 3 dan seterusnya. Berawal dari DKI Jakarta, lalu Jabar, Jateng, Sumut, dll Bisa jadi, tahun depan Pemilihan Gubernur dan Bupati seluruh Indonesia kembali ke sistem ORDE BARU. Gubernur dipilih lewat DPRD dan dilantik Presiden, tentu dengan intervensi presiden didalamnya Lantas untuk kepentingan siapa? Ya siapa lagi kalo bukan utk Koalisi, keluarga dan kroni2nya Jokowi? Mengapa sistem kompetisi dalam demokrasi harus diubah jika bukan karena takut soal potensi KALAH? Saya lagi2 GELENG2 kepala dengan ulah Jokowi dan OLIGARKI2NYA. Ini sungguh diluar nalar. Ketika negara demokrasi sedang mengembangkan sayap demkrasinya seluas-luasnya, Jokowi malah ingin menutup sayap demokrasi itu dengan cara mengubah UUnya, mengubah aturan mainnya Sungguh, negeri ini teramat RUWET dalam 3 bulan terakhir, setelah Jokowi jadi Timsesnya Prabowo, sang anak kandung ORDE BARU",,155.0,241.0,634.0,26.0,82856.0,Tue Dec 05 14:43:56 +0000 2023,in,7.0,False,,1.7320481620792445e+18,,,False,"{'type': 'user', 'userName': 'JhonSitorus_18', 'url': 'https://x.com/JhonSitorus_18', 'twitterUrl': 'https://twitter.com/JhonSitorus_18', 'id': '1102461866129776640', 'name': 'Jhon Sitorus', 'isVerified': False, 'isBlueVerified': False, 'profilePicture': 'https://pbs.twimg.com/profile_images/1480447390985244672/8sqcturz_normal.jpg', 'coverPicture': 'https://pbs.twimg.com/profile_banners/1102461866129776640/1558115764', 'description': 'Indonesia Maju, Pluralisme, Pancasila dan UUD 1945 🇮🇩 | Yang Punya Usaha tag saya, kita bantu Promote | The Gunners', 'location': 'DKI Jakarta, Indonesia', 'followers': 95306, 'following': 12158, 'status': '', 'canDm': True, 'canMediaTag': True, 'createdAt': 'Mon Mar 04 06:52:46 +0000 2019', 'entities': {'description': {'urls': []}, 'url': {}}, 'fastFollowersCount': 0, 'favouritesCount': 78905, 'hasCustomTimelines': True, 'isTranslator': False, 'mediaCount': 8861, 'statusesCount': 61213, 'withheldInCountries': [], 'affiliatesHighlightedLabel': {}, 'possiblySensitive': False, 'pinnedTweetIds': [], 'profile_bio': {'description': 'Indonesia Maju, Pluralisme, Pancasila dan UUD 1945 🇮🇩 | Yang Punya Usaha tag saya, kita bantu Promote | The Gunners'}, 'isAutomated': False, 'automatedBy': None}","{'media': [{'display_url': 'pic.x.com/ipagOK6DoR', 'expanded_url': 'https://x.com/Miduk17/status/1732048162079244520/photo/1', 'id_str': '1732048133507719168', 'indices': [278, 301], 'media_key': '3_1732048133507719168', 'media_url_https': 'https://pbs.twimg.com/media/GAl4mcObIAAQg69.jpg', 'type': 'photo', 'url': 'https://t.co/ipagOK6DoR', 'ext_media_availability': {'status': 'Available'}, 'features': {'large': {'faces': []}, 'medium': {'faces': []}, 'small': {'faces': []}, 'orig': {'faces': []}}, 'sizes': {'large': {'h': 1054, 'w': 1080, 'resize': 'fit'}, 'medium': {'h': 1054, 'w': 1080, 'resize': 'fit'}, 'small': {'h': 664, 'w': 680, 'resize': 'fit'}, 'thumb': {'h': 150, 'w': 150, 'resize': 'crop'}}, 'original_info': {'height': 1054, 'width': 1080, 'focus_rects': [{'x': 0, 'y': 449, 'w': 1080, 'h': 605}, {'x': 26, 'y': 0, 'w': 1054, 'h': 1054}, {'x': 155, 'y': 0, 'w': 925, 'h': 1054}, {'x': 553, 'y': 0, 'w': 527, 'h': 1054}, {'x': 0, 'y': 0, 'w': 1080, 'h': 1054}]}, 'media_results': {'result': {'media_key': '3_1732048133507719168'}}}]}",,{},"{'hashtags': [], 'symbols': [], 'timestamps': [], 'urls': [], 'user_mentions': []}",,,,,False,0.0,
tweet,1731996840147738876,https://x.com/detikcom/status/1731996840147738876,https://twitter.com/detikcom/status/1731996840147738876,Baleg DPR RI Jelaskan Alasan RUU DKJ Atur Gubernur Ditunjuk Presiden Fraksi-fraksi di Baleg setujui penunjukan gubernur dilakukan oleh presiden dengan melibatkan DPRD DKJ atau menerapkan sistem pemilihan tak langsung. Apa alasannya? >> detikcom,,0.0,1.0,0.0,1.0,5155.0,Tue Dec 05 11:20:00 +0000 2023,in,0.0,False,,1.731996840147739e+18,,,False,"{'type': 'user', 'userName': 'detikcom', 'url': 'https://x.com/detikcom', 'twitterUrl': 'https://twitter.com/detikcom', 'id': '69183155', 'name': 'detikcom', 'isVerified': False, 'isBlueVerified': True, 'profilePicture': 'https://pbs.twimg.com/profile_images/1888546820974051328/tnM9DhBs_normal.jpg', 'coverPicture': 'https://pbs.twimg.com/profile_banners/69183155/1739099689', 'description': 'Media online nomor 1 di Indonesia | Hadir untuk memberikan validasi & referensi informasi Anda. Kunjungi: https://t.co/qldGGYFcFu', 'location': '', 'followers': 22931510, 'following': 43, 'status': '', 'canDm': True, 'canMediaTag': False, 'createdAt': 'Thu Aug 27 03:03:05 +0000 2009', 'entities': {'description': {'urls': []}, 'url': {}}, 'fastFollowersCount': 0, 'favouritesCount': 13765, 'hasCustomTimelines': True, 'isTranslator': False, 'mediaCount': 444993, 'statusesCount': 2523774, 'withheldInCountries': [], 'affiliatesHighlightedLabel': {}, 'possiblySensitive': False, 'pinnedTweetIds': [], 'profile_bio': {'description': 'Media online nomor 1 di Indonesia | Hadir untuk memberikan validasi & referensi informasi Anda. Kunjungi: https://t.co/qldGGYFcFu'}, 'isAutomated': False, 'automatedBy': None}",{},"{'binding_values': [{'key': 'description', 'value': {'string_value': 'Fraksi-fraksi di Baleg menyetujui penunjukan gubernur dilakukan oleh presiden dengan melibatkan DPRD DKJ atau menerapkan sistem pemilihan tidak langsung.', 'type': 'STRING'}}, {'key': 'domain', 'value': {'string_value': 'news.detik.com', 'type': 'STRING'}}, {'key': 'creator', 'value': {'type': 'USER', 'user_value': {'id_str': '69183155', 'path': []}}}, {'key': 'vanity_url', 'value': {'scribe_key': 'vanity_url', 'string_value': 'news.detik.com', 'type': 'STRING'}}, {'key': 'title', 'value': {'string_value': 'Baleg DPR RI Jelaskan Alasan RUU DKJ Atur Gubernur Ditunjuk Presiden', 'type': 'STRING'}}, {'key': 'card_url', 'value': {'scribe_key': 'card_url', 'string_value': 'https://t.co/BjSBsUt8Tn', 'type': 'STRING'}}], 'card_platform': {'platform': {'audience': {'name': 'production'}, 'device': {'name': 'Android', 'version': '12'}}}, 'name': 'summary_large_image', 'url': 'https://t.co/BjSBsUt8Tn', 'user_refs_results': [{'result': {'__typename': 'User', 'id': 'VXNlcjo2OTE4MzE1NQ==', 'rest_id': '69183155', 'affiliates_highlighted_label': {}, 'avatar': {'image_url': 'https://pbs.twimg.com/profile_images/1888546820974051328/tnM9DhBs_normal.jpg'}, 'core': {'created_at': 'Thu Aug 27 03:03:05 +0000 2009', 'name': 'detikcom', 'screen_name': 'detikcom'}, 'dm_permissions': {'can_dm': True}, 'follow_request_sent': False, 'has_graduated_access': True, 'is_blue_verified': True, 'legacy': {'default_profile': False, 'default_profile_image': False, 'description': 'Media online nomor 1 di Indonesia | Hadir untuk memberikan validasi & referensi informasi Anda. Kunjungi: https://t.co/qldGGYFcFu', 'entities': {'description': {'urls': [{'display_url': 'detik.com', 'expanded_url': 'http://www.detik.com', 'url': 'https://t.co/qldGGYFcFu', 'indices': [106, 129]}]}}, 'fast_followers_count': 0, 'favourites_count': 13765, 'followers_count': 22931510, 'friends_count': 43, 'has_custom_timelines': True, 'is_translator': False, 'listed_count': 12083, 'media_count': 444993, 'normal_followers_count': 22931510, 'pinned_tweet_ids_str': [], 'possibly_sensitive': False, 'profile_banner_url': 'https://pbs.twimg.com/profile_banners/69183155/1739099689', 'profile_interstitial_type': '', 'statuses_count': 2523774, 'translator_type': 'regular', 'want_retweets': False, 'withheld_in_countries': []}, 'location': {'location': ''}, 'media_permissions': {'can_media_tag': False}, 'parody_commentary_fan_label': 'None', 'profile_image_shape': 'Square', 'professional': {'rest_id': '1471697869346205696', 'professional_type': 'Business', 'category': []}, 'profile_bio': {'description': 'Media online nomor 1 di Indonesia | Hadir untuk memberikan validasi & referensi informasi Anda. Kunjungi: https://t.co/qldGGYFcFu'}, 'privacy': {'protected': False}, 'relationship_perspectives': {'following': False}, 'tipjar_settings': {}, 'verification': {'verified': False, 'verified_type': 'Business'}, 'profile_description_language': 'id'}}]}",{},"{'hashtags': [{'indices': [269, 278], 'text': 'detikcom'}], 'symbols': [], 'timestamps': [], 'urls': [{'display_url': 'news.detik.com/berita/d-70737…', 'expanded_url': 'https://news.detik.com/berita/d-7073773/baleg-dpr-ri-jelaskan-alasan-ruu-dkj-atur-gubernur-ditunjuk-presiden?utm_campaign=detikcomsocmed&utm_medium=oa&utm_source=twitter&utm_content=detikcom', 'url': 'https://t.co/BjSBsUt8Tn', 'indices': [244, 267]}], 'user_mentions': []}",,,,,False,0.0,
tweet,1727368660262748350,https://x.com/Ijaunsi/status/1727368660262748350,https://twitter.com/Ijaunsi/status/1727368660262748350,"Lurah itu jabatan setingkat kades tp di perkotaan. Lurah ditunjuk oleh bupati/ walikota. Klo kades, bupati/ walikota lewat pemilihan. Hny raja keraton yg otomatis jd gubernur, dilakukan penetapan tiap 5 tahun oleh DPRD dan dilantik presiden.",,0.0,0.0,0.0,0.0,18.0,Wed Nov 22 16:49:16 +0000 2023,in,0.0,True,1.7273197797181158e+18,1.7272653510152604e+18,,,False,"{'type': 'user', 'userName': 'Ijaunsi', 'url': 'https://x.com/Ijaunsi', 'twitterUrl': 'https://twitter.com/Ijaunsi', 'id': '1603958716768071681', 'name': '58% hasil manipulasi', 'isVerified': False, 'isBlueVerified': False, 'profilePicture': 'https://pbs.twimg.com/profile_images/1754868685368623104/odJpM7TT_normal.jpg', 'coverPicture': '', 'description': '📌 pelanggaran konstitusi = beban moral, kecuali tidak punya moral.', 'location': 'Tidak Ditemukan ', 'followers': 140, 'following': 660, 'status': '', 'canDm': False, 'canMediaTag': True, 'createdAt': 'Sat Dec 17 03:42:30 +0000 2022', 'entities': {'description': {'urls': []}, 'url': {}}, 'fastFollowersCount': 0, 'favouritesCount': 25972, 'hasCustomTimelines': True, 'isTranslator': False, 'mediaCount': 429, 'statusesCount': 12663, 'withheldInCountries': [], 'affiliatesHighlightedLabel': {}, 'possiblySensitive': False, 'pinnedTweetIds': [], 'profile_bio': {'description': '📌 pelanggaran konstitusi = beban moral, kecuali tidak punya moral.'}, 'isAutomated': False, 'automatedBy': None}",{},,{},"{'hashtags': [], 'symbols': [], 'timestamps': [], 'urls': [], 'user_mentions': [{'id_str': '1628218715975335936', 'name': 'maryono', 'screen_name': 'vetdam1616', 'indices': [0, 11]}, {'id_str': '2156465923', 'name': 'Dumdum', 'screen_name': 'yusuf_dumdum', 'indices': [12, 25]}]}",,,,,False,0.0,
tweet,1723832429373206979,https://x.com/jacknovember24/status/1723832429373206979,https://twitter.com/jacknovember24/status/1723832429373206979,"Pemilihan sekarang aja udah bikin ruwet, mendingan kek jaman orba partai cuma 3, Presiden dipilih langsung, jabatan presiden cukup 2 periode, gubernur dn walikota dipilih oleh Presiden setelah mendapat rekomendasi 3 calon dari DPRD, yang korupsi dihukum mati itu paling penting",,0.0,0.0,0.0,0.0,23.0,Sun Nov 12 22:37:33 +0000 2023,in,0.0,True,1.7236644727983598e+18,1.7236644727983598e+18,,,False,"{'type': 'user', 'userName': 'jacknovember24', 'url': 'https://x.com/jacknovember24', 'twitterUrl': 'https://twitter.com/jacknovember24', 'id': '1604517307778154496', 'name': 'Jack November', 'isVerified': False, 'isBlueVerified': False, 'profilePicture': 'https://pbs.twimg.com/profile_images/1728066576073814016/CzKBT5Z0_normal.jpg', 'coverPicture': '', 'description': 'Keadilan Sosial', 'location': '', 'followers': 37, 'following': 178, 'status': '', 'canDm': False, 'canMediaTag': False, 'createdAt': 'Sun Dec 18 16:41:59 +0000 2022', 'entities': {'description': {'urls': []}, 'url': {}}, 'fastFollowersCount': 0, 'favouritesCount': 1902, 'hasCustomTimelines': True, 'isTranslator': False, 'mediaCount': 37, 'statusesCount': 2551, 'withheldInCountries': [], 'affiliatesHighlightedLabel': {}, 'possiblySensitive': False, 'pinnedTweetIds': [], 'profile_bio': {'description': 'Keadilan Sosial'}, 'isAutomated': False, 'automatedBy': None}",{},,{},"{'hashtags': [], 'symbols': [], 'timestamps': [], 'urls': [], 'user_mentions': [{'id_str': '185156524', 'name': 'Hasyim Muhammad', 'screen_name': 'hasyimmah', 'indices': [0, 10]}]}",,,,,False,0.0,
tweet,2009169092171984989,https://x.com/GesuriID/status/2009169092171984989,https://twitter.com/GesuriID/status/2009169092171984989,Deddy Sitorus Tegaskan Pilkada Melalui DPRD Bentuk Kemunduran Demokrasi,,0.0,0.0,0.0,0.0,9.0,Thu Jan 08 07:43:34 +0000 2026,in,0.0,False,,2.009169092171985e+18,,,False,"{'type': 'user', 'userName': 'GesuriID', 'url': 'https://x.com/GesuriID', 'twitterUrl': 'https://twitter.com/GesuriID', 'id': '584835300', 'name': 'Gesuri', 'isVerified': False, 'isBlueVerified': True, 'profilePicture': 'https://pbs.twimg.com/profile_images/935094379638689792/Y2yHR5kF_normal.jpg', 'coverPicture': 'https://pbs.twimg.com/profile_banners/584835300/1515412676', 'description': 'Genta Suara Revolusi Indonesia', 'location': 'Jakarta, Indonesia', 'followers': 165566, 'following': 226, 'status': '', 'canDm': True, 'canMediaTag': True, 'createdAt': 'Sat May 19 13:27:06 +0000 2012', 'entities': {'description': {'urls': []}, 'url': {}}, 'fastFollowersCount': 0, 'favouritesCount': 625, 'hasCustomTimelines': True, 'isTranslator': False, 'mediaCount': 3102, 'statusesCount': 93665, 'withheldInCountries': [], 'affiliatesHighlightedLabel': {}, 'possiblySensitive': False, 'pinnedTweetIds': [], 'profile_bio': {'description': 'Genta Suara Revolusi Indonesia'}, 'isAutomated': False, 'automatedBy': None}",{},"{'binding_values': [{'key': 'photo_image_full_size_large', 'value': {'image_value': {'height': 314, 'width': 600, 'url': 'https://pbs.twimg.com/card_img/2009169099369402374/y5RiLxQh?format=jpg&name=600x314'}, 'type': 'IMAGE'}}, {'key': 'thumbnail_image', 'value': {'image_value': {'height': 147, 'width': 280, 'url': 'https://pbs.twimg.com/card_img/2009169099369402374/y5RiLxQh?format=jpg&name=280x150'}, 'type': 'IMAGE'}}, {'key': 'description', 'value': {'string_value': 'Sikap tersebut disampaikannya menanggapi kembali menguatnya usulan pilkada tidak langsung', 'type': 'STRING'}}, {'key': 'domain', 'value': {'string_value': 'www.gesuri.id', 'type': 'STRING'}}, {'key': 'thumbnail_image_large', 'value': {'image_value': {'height': 315, 'width': 600, 'url': 'https://pbs.twimg.com/card_img/2009169099369402374/y5RiLxQh?format=jpg&name=800x320_1'}, 'type': 'IMAGE'}}, {'key': 'summary_photo_image_small', 'value': {'image_value': {'height': 202, 'width': 386, 'url': 'https://pbs.twimg.com/card_img/2009169099369402374/y5RiLxQh?format=jpg&name=386x202'}, 'type': 'IMAGE'}}, {'key': 'thumbnail_image_original', 'value': {'image_value': {'height': 315, 'width': 600, 'url': 'https://pbs.twimg.com/card_img/2009169099369402374/y5RiLxQh?format=jpg&name=orig'}, 'type': 'IMAGE'}}, {'key': 'site', 'value': {'scribe_key': 'publisher_id', 'type': 'USER', 'user_value': {'id_str': '584835300', 'path': []}}}, {'key': 'photo_image_full_size_small', 'value': {'image_value': {'height': 202, 'width': 386, 'url': 'https://pbs.twimg.com/card_img/2009169099369402374/y5RiLxQh?format=jpg&name=386x202'}, 'type': 'IMAGE'}}, {'key': 'summary_photo_image_large', 'value': {'image_value': {'height': 314, 'width': 600, 'url': 'https://pbs.twimg.com/card_img/2009169099369402374/y5RiLxQh?format=jpg&name=600x314'}, 'type': 'IMAGE'}}, {'key': 'thumbnail_image_small', 'value': {'image_value': {'height': 76, 'width': 144, 'url': 'https://pbs.twimg.com/card_img/2009169099369402374/y5RiLxQh?format=jpg&name=144x144'}, 'type': 'IMAGE'}}, {'key': 'creator', 'value': {'type': 'USER', 'user_value': {'id_str': '584835300', 'path': []}}}, {'key': 'thumbnail_image_x_large', 'value': {'image_value': {'height': 315, 'width': 600, 'url': 'https://pbs.twimg.com/card_img/2009169099369402374/y5RiLxQh?format=png&name=2048x2048_2_exp'}, 'type': 'IMAGE'}}, {'key': 'photo_image_full_size_original', 'value': {'image_value': {'height': 315, 'width': 600, 'url': 'https://pbs.twimg.com/card_img/2009169099369402374/y5RiLxQh?format=jpg&name=orig'}, 'type': 'IMAGE'}}, {'key': 'vanity_url', 'value': {'scribe_key': 'vanity_url', 'string_value': 'gesuri.id', 'type': 'STRING'}}, {'key': 'photo_image_full_size', 'value': {'image_value': {'height': 314, 'width': 600, 'url': 'https://pbs.twimg.com/card_img/2009169099369402374/y5RiLxQh?format=jpg&name=800x419'}, 'type': 'IMAGE'}}, {'key': 'thumbnail_image_color', 'value': {'image_color_value': {'palette': [{'rgb': {'blue': 60, 'green': 90, 'red': 124}, 'percentage': 31.1}, {'rgb': {'blue': 161, 'green': 187, 'red': 200}, 'percentage': 21.55}, {'rgb': {'blue': 27, 'green': 22, 'red': 23}, 'percentage': 18.44}, {'rgb': {'blue': 61, 'green': 122, 'red': 173}, 'percentage': 7.16}, {'rgb': {'blue': 224, 'green': 198, 'red': 164}, 'percentage': 5.74}]}, 'type': 'IMAGE_COLOR'}}, {'key': 'title', 'value': {'string_value': 'Deddy Sitorus Tegaskan Pilkada Melalui DPRD Bentuk Kemunduran Demokrasi', 'type': 'STRING'}}, {'key': 'summary_photo_image_color', 'value': {'image_color_value': {'palette': [{'rgb': {'blue': 60, 'green': 90, 'red': 124}, 'percentage': 31.1}, {'rgb': {'blue': 161, 'green': 187, 'red': 200}, 'percentage': 21.55}, {'rgb': {'blue': 27, 'green': 22, 'red': 23}, 'percentage': 18.44}, {'rgb': {'blue': 61, 'green': 122, 'red': 173}, 'percentage': 7.16}, {'rgb': {'blue': 224, 'green': 198, 'red': 164}, 'percentage': 5.74}]}, 'type': 'IMAGE_COLOR'}}, {'key': 'summary_photo_image_x_large', 'value': {'image_value': {'height': 315, 'width': 600, 'url': 'https://pbs.twimg.com/card_img/2009169099369402374/y5RiLxQh?format=png&name=2048x2048_2_exp'}, 'type': 'IMAGE'}}, {'key': 'summary_photo_image', 'value': {'image_value': {'height': 314, 'width': 600, 'url': 'https://pbs.twimg.com/card_img/2009169099369402374/y5RiLxQh?format=jpg&name=800x419'}, 'type': 'IMAGE'}}, {'key': 'photo_image_full_size_color', 'value': {'image_color_value': {'palette': [{'rgb': {'blue': 60, 'green': 90, 'red': 124}, 'percentage': 31.1}, {'rgb': {'blue': 161, 'green': 187, 'red': 200}, 'percentage': 21.55}, {'rgb': {'blue': 27, 'green': 22, 'red': 23}, 'percentage': 18.44}, {'rgb': {'blue': 61, 'green': 122, 'red': 173}, 'percentage': 7.16}, {'rgb': {'blue': 224, 'green': 198, 'red': 164}, 'percentage': 5.74}]}, 'type': 'IMAGE_COLOR'}}, {'key': 'photo_image_full_size_x_large', 'value': {'image_value': {'height': 315, 'width': 600, 'url': 'https://pbs.twimg.com/card_img/2009169099369402374/y5RiLxQh?format=png&name=2048x2048_2_exp'}, 'type': 'IMAGE'}}, {'key': 'card_url', 'value': {'scribe_key': 'card_url', 'string_value': 'https://t.co/M7dDI48txJ', 'type': 'STRING'}}, {'key': 'summary_photo_image_original', 'value': {'image_value': {'height': 315, 'width': 600, 'url': 'https://pbs.twimg.com/card_img/2009169099369402374/y5RiLxQh?format=jpg&name=orig'}, 'type': 'IMAGE'}}], 'card_platform': {'platform': {'audience': {'name': 'production'}, 'device': {'name': 'Android', 'version': '12'}}}, 'name': 'summary_large_image', 'url': 'https://t.co/M7dDI48txJ', 'user_refs_results': [{'result': {'__typename': 'User', 'id': 'VXNlcjo1ODQ4MzUzMDA=', 'rest_id': '584835300', 'affiliates_highlighted_label': {}, 'avatar': {'image_url': 'https://pbs.twimg.com/profile_images/935094379638689792/Y2yHR5kF_normal.jpg'}, 'core': {'created_at': 'Sat May 19 13:27:06 +0000 2012', 'name': 'Gesuri', 'screen_name': 'GesuriID'}, 'dm_permissions': {'can_dm': True}, 'follow_request_sent': False, 'has_graduated_access': True, 'is_blue_verified': True, 'legacy': {'default_profile': False, 'default_profile_image': False, 'description': 'Genta Suara Revolusi Indonesia', 'entities': {'description': {'urls': []}, 'url': {'urls': [{'display_url': 'gesuri.id', 'expanded_url': 'http://www.gesuri.id', 'url': 'https://t.co/7j0gQ41XiX', 'indices': [0, 23]}]}}, 'fast_followers_count': 0, 'favourites_count': 625, 'followers_count': 165566, 'friends_count': 226, 'has_custom_timelines': False, 'is_translator': False, 'listed_count': 103, 'media_count': 3102, 'normal_followers_count': 165566, 'pinned_tweet_ids_str': [], 'possibly_sensitive': False, 'profile_banner_url': 'https://pbs.twimg.com/profile_banners/584835300/1515412676', 'profile_interstitial_type': '', 'statuses_count': 93665, 'translator_type': 'none', 'url': 'https://t.co/7j0gQ41XiX', 'want_retweets': False, 'withheld_in_countries': []}, 'location': {'location': 'Jakarta, Indonesia'}, 'media_permissions': {'can_media_tag': True}, 'parody_commentary_fan_label': 'None', 'profile_image_shape': 'Circle', 'professional': {'rest_id': '1534830391596822529', 'professional_type': 'Business', 'category': [{'id': 580, 'name': 'Media & News Company', 'icon_name': ''}]}, 'profile_bio': {'description': 'Genta Suara Revolusi Indonesia'}, 'privacy': {'protected': False}, 'relationship_perspectives': {'following': False}, 'tipjar_settings': {}, 'verification': {'verified': False}}}, {'result': {'__typename': 'User', 'id': 'VXNlcjo1ODQ4MzUzMDA=', 'rest_id': '584835300', 'affiliates_highlighted_label': {}, 'avatar': {'image_url': 'https://pbs.twimg.com/profile_images/935094379638689792/Y2yHR5kF_normal.jpg'}, 'core': {'created_at': 'Sat May 19 13:27:06 +0000 2012', 'name': 'Gesuri', 'screen_name': 'GesuriID'}, 'dm_permissions': {'can_dm': True}, 'follow_request_sent': False, 'has_graduated_access': True, 'is_blue_verified': True, 'legacy': {'default_profile': False, 'default_profile_image': False, 'description': 'Genta Suara Revolusi Indonesia', 'entities': {'description': {'urls': []}, 'url': {'urls': [{'display_url': 'gesuri.id', 'expanded_url': 'http://www.gesuri.id', 'url': 'https://t.co/7j0gQ41XiX', 'indices': [0, 23]}]}}, 'fast_followers_count': 0, 'favourites_count': 625, 'followers_count': 165566, 'friends_count': 226, 'has_custom_timelines': False, 'is_translator': False, 'listed_count': 103, 'media_count': 3102, 'normal_followers_count': 165566, 'pinned_tweet_ids_str': [], 'possibly_sensitive': False, 'profile_banner_url': 'https://pbs.twimg.com/profile_banners/584835300/1515412676', 'profile_interstitial_type': '', 'statuses_count': 93665, 'translator_type': 'none', 'url': 'https://t.co/7j0gQ41XiX', 'want_retweets': False, 'withheld_in_countries': []}, 'location': {'location': 'Jakarta, Indonesia'}, 'media_permissions': {'can_media_tag': True}, 'parody_commentary_fan_label': 'None', 'profile_image_shape': 'Circle', 'professional': {'rest_id': '1534830391596822529', 'professional_type': 'Business', 'category': [{'id': 580, 'name': 'Media & News Company', 'icon_name': ''}]}, 'profile_bio': {'description': 'Genta Suara Revolusi Indonesia'}, 'privacy': {'protected': False}, 'relationship_perspectives': {'following': False}, 'tipjar_settings': {}, 'verification': {'verified': False}}}]}",{},"{'hashtags': [], 'symbols': [], 'timestamps': [], 'urls': [{'display_url': 'gesuri.id/pemerintahan/d…', 'expanded_url': 'https://www.gesuri.id/pemerintahan/deddy-sitorus-tegaskan-pilkada-melalui-dprd-bentuk-kemunduran-demokrasi-b2pMTZbcLt?utm_source=dlvr.it&utm_medium=twitter', 'url': 'https://t.co/M7dDI48txJ', 'indices': [72, 95]}], 'user_mentions': []}",,,,,False,0.0,
tweet,2009110944916594952,https://x.com/Koezuma2/status/2009110944916594952,https://twitter.com/Koezuma2/status/2009110944916594952,Biar irit dan kualitas pilpres jadi lebih baik : 1. Capres membuat daftar cagub 2. Cagub akan jadi gubernur jika capresnya terpilih. Keuntungan : 1. tidak ada capres dadakan 2. Biaya sangat irit.,,0.0,0.0,0.0,0.0,50.0,Thu Jan 08 03:52:31 +0000 2026,in,0.0,True,2.0088557171016259e+18,2.0088557171016259e+18,,,False,"{'type': 'user', 'userName': 'Koezuma2', 'url': 'https://x.com/Koezuma2', 'twitterUrl': 'https://twitter.com/Koezuma2', 'id': '1187162373842325504', 'name': 'Koezuma__', 'isVerified': False, 'isBlueVerified': False, 'profilePicture': 'https://pbs.twimg.com/profile_images/1951414483752230912/3pPwteIW_normal.jpg', 'coverPicture': 'https://pbs.twimg.com/profile_banners/1187162373842325504/1701079393', 'description': 'bukan seseorang', 'location': '', 'followers': 248, 'following': 803, 'status': '', 'canDm': True, 'canMediaTag': True, 'createdAt': 'Thu Oct 24 00:22:37 +0000 2019', 'entities': {'description': {'urls': []}, 'url': {}}, 'fastFollowersCount': 0, 'favouritesCount': 6571, 'hasCustomTimelines': True, 'isTranslator': False, 'mediaCount': 116, 'statusesCount': 11518, 'withheldInCountries': [], 'affiliatesHighlightedLabel': {}, 'possiblySensitive': False, 'pinnedTweetIds': [], 'profile_bio': {'description': 'bukan seseorang'}, 'isAutomated': False, 'automatedBy': None}",{},,{},"{'hashtags': [], 'symbols': [], 'timestamps': [], 'urls': [], 'user_mentions': [{'id_str': '1901591046', 'name': 'Dosen Kesayanganmu', 'screen_name': 'direktoridosen', 'indices': [0, 15]}, {'id_str': '397673651', 'name': 'Partai Gerindra', 'screen_name': 'Gerindra', 'indices': [16, 25]}, {'id_str': '748953283', 'name': 'DPP PKB', 'screen_name': 'DPP_PKB', 'indices': [26, 34]}, {'id_str': '721898354502930433', 'name': '#GolkarSolid', 'screen_name': 'golkarpedia', 'indices': [35, 47]}, {'id_str': '248199104', 'name': 'Partai Demokrat', 'screen_name': 'PDemokrat', 'indices': [48, 58]}, {'id_str': '166014938', 'name': 'Pemprov DKI Jakarta', 'screen_name': 'DKIJakarta', 'indices': [59, 70]}]}",,,,,False,0.0,
tweet,2009103850037498349,https://x.com/KoyanBtm/status/2009103850037498349,https://twitter.com/KoyanBtm/status/2009103850037498349,"Kalau menurut saya, gubernur lebih cocok pilkada tak langsung biar garis komando sbg perpanjangan tangan presiden jelas. Dlm UU, otonomi kan pemerintah tingkat 2 (kab/kota)",,0.0,0.0,0.0,0.0,71.0,Thu Jan 08 03:24:19 +0000 2026,in,0.0,True,2.0088557171016259e+18,2.0088557171016259e+18,,,False,"{'type': 'user', 'userName': 'KoyanBtm', 'url': 'https://x.com/KoyanBtm', 'twitterUrl': 'https://twitter.com/KoyanBtm', 'id': '62825608', 'name': 'KOYAN', 'isVerified': False, 'isBlueVerified': False, 'profilePicture': 'https://pbs.twimg.com/profile_images/1949440047218126848/LLbVoYGw_normal.jpg', 'coverPicture': 'https://pbs.twimg.com/profile_banners/62825608/1761727518', 'description': 'Berbicara, jagalah lidah. \nNgetwit, jagalah burung | black coffee-sea-poem lovers | 🇮🇩\n💯% FB', 'location': 'Singapore', 'followers': 7514, 'following': 6964, 'status': '', 'canDm': False, 'canMediaTag': True, 'createdAt': 'Tue Aug 04 14:03:00 +0000 2009', 'entities': {'description': {'urls': []}, 'url': {}}, 'fastFollowersCount': 0, 'favouritesCount': 44770, 'hasCustomTimelines': True, 'isTranslator': False, 'mediaCount': 43999, 'statusesCount': 459766, 'withheldInCountries': [], 'affiliatesHighlightedLabel': {}, 'possiblySensitive': False, 'pinnedTweetIds': [], 'profile_bio': {'description': 'Berbicara, jagalah lidah. \nNgetwit, jagalah burung | black coffee-sea-poem lovers | 🇮🇩\n💯% FB'}, 'isAutomated': False, 'automatedBy': None}",{},,"{'bounding_box': {'coordinates': [[[104.022457, 0.981943], [104.022457, 1.1985997], [104.189888, 1.1985997], [104.189888, 0.981943], [104.022457, 0.981943]]], 'type': 'Polygon'}, 'country': 'Indonesia', 'country_code': 'ID', 'full_name': 'Nongsa, Indonesia', 'name': 'Nongsa', 'id': '034ab67b4e0af012', 'place_type': 'city', 'url': 'https://api.twitter.com/1.1/geo/id/034ab67b4e0af012.json'}","{'hashtags': [], 'symbols': [], 'timestamps': [], 'urls': [], 'user_mentions': [{'id_str': '1901591046', 'name': 'Dosen Kesayanganmu', 'screen_name': 'direktoridosen', 'indices': [0, 15]}, {'id_str': '397673651', 'name': 'Partai Gerindra', 'screen_name': 'Gerindra', 'indices': [16, 25]}, {'id_str': '748953283', 'name': 'DPP PKB', 'screen_name': 'DPP_PKB', 'indices': [26, 34]}, {'id_str': '721898354502930433', 'name': '#GolkarSolid', 'screen_name': 'golkarpedia', 'indices': [35, 47]}, {'id_str': '248199104', 'name': 'Partai Demokrat', 'screen_name': 'PDemokrat', 'indices': [48, 58]}, {'id_str': '166014938', 'name': 'Pemprov DKI Jakarta', 'screen_name': 'DKIJakarta', 'indices': [59, 70]}]}",,,,,False,0.0,
tweet,2009065555588993157,https://x.com/how378_/status/2009065555588993157,https://twitter.com/how378_/status/2009065555588993157,"Ini harus dikawal, jangan sampai kejadian. Bila kepala daerah dipilih DPRD, maka rakyat tak akan memiliki Bupati/Gubernur pilihannya sendiri. Gak mau kan punya pemimpin boneka yg hanya mengakomodir kepentingan parpol dan/atau oligarki politik? Tolak mentah-mentah!",,2.0,0.0,5.0,0.0,184.0,Thu Jan 08 00:52:09 +0000 2026,in,0.0,False,,2.0090655555889933e+18,,,False,"{'type': 'user', 'userName': 'how378_', 'url': 'https://x.com/how378_', 'twitterUrl': 'https://twitter.com/how378_', 'id': '1370742494778912776', 'name': 'how378_', 'isVerified': False, 'isBlueVerified': False, 'profilePicture': 'https://pbs.twimg.com/profile_images/1570031934776156160/fjwIbZgZ_normal.jpg', 'coverPicture': 'https://pbs.twimg.com/profile_banners/1370742494778912776/1680419147', 'description': 'IFB. DM if I missed the follow back. \nKeluargaHappy\n🇮🇩NKRI🇮🇩', 'location': '', 'followers': 13792, 'following': 14559, 'status': '', 'canDm': False, 'canMediaTag': True, 'createdAt': 'Sat Mar 13 15:35:30 +0000 2021', 'entities': {'description': {'urls': []}, 'url': {}}, 'fastFollowersCount': 0, 'favouritesCount': 30613, 'hasCustomTimelines': True, 'isTranslator': False, 'mediaCount': 4085, 'statusesCount': 39760, 'withheldInCountries': [], 'affiliatesHighlightedLabel': {}, 'possiblySensitive': False, 'pinnedTweetIds': [], 'profile_bio': {'description': 'IFB. DM if I missed the follow back. \nKeluargaHappy\n🇮🇩NKRI🇮🇩'}, 'isAutomated': False, 'automatedBy': None}","{'media': [{'display_url': 'pic.x.com/B1CAydTHCT', 'expanded_url': 'https://x.com/how378_/status/2009065555588993157/video/1', 'id_str': '2009065465205968896', 'indices': [266, 289], 'media_key': '7_2009065465205968896', 'media_url_https': 'https://pbs.twimg.com/ext_tw_video_thumb/2009065465205968896/pu/img/1flgzSSNiGVev_U_.jpg', 'type': 'video', 'url': 'https://t.co/B1CAydTHCT', 'additional_media_info': {'monetizable': False}, 'ext_media_availability': {'status': 'Available'}, 'sizes': {'large': {'h': 848, 'w': 480, 'resize': 'fit'}, 'medium': {'h': 848, 'w': 480, 'resize': 'fit'}, 'small': {'h': 680, 'w': 385, 'resize': 'fit'}, 'thumb': {'h': 150, 'w': 150, 'resize': 'crop'}}, 'original_info': {'height': 848, 'width': 480, 'focus_rects': []}, 'video_info': {'aspect_ratio': [30, 53], 'duration_millis': 62949, 'variants': [{'content_type': 'application/x-mpegURL', 'url': 'https://video.twimg.com/ext_tw_video/2009065465205968896/pu/pl/CzInoaH2yBc1Sfdw.m3u8?tag=12'}, {'bitrate': 632000, 'content_type': 'video/mp4', 'url': 'https://video.twimg.com/ext_tw_video/2009065465205968896/pu/vid/avc1/320x564/eDDV0YoGR4KTX9Nd.mp4?tag=12'}, {'bitrate': 950000, 'content_type': 'video/mp4', 'url': 'https://video.twimg.com/ext_tw_video/2009065465205968896/pu/vid/avc1/480x848/aX96cLlDmkRwLD2N.mp4?tag=12'}]}, 'media_results': {'result': {'media_key': '7_2009065465205968896'}}}]}",,{},"{'hashtags': [], 'media': [{'display_url': 'pic.x.com/B1CAydTHCT', 'expanded_url': 'https://x.com/how378_/status/2009065555588993157/video/1', 'id_str': '2009065465205968896', 'indices': [266, 289], 'media_key': '7_2009065465205968896', 'media_url_https': 'https://pbs.twimg.com/ext_tw_video_thumb/2009065465205968896/pu/img/1flgzSSNiGVev_U_.jpg', 'type': 'video', 'url': 'https://t.co/B1CAydTHCT', 'additional_media_info': {'monetizable': False}, 'ext_media_availability': {'status': 'Available'}, 'sizes': {'large': {'h': 848, 'w': 480, 'resize': 'fit'}, 'medium': {'h': 848, 'w': 480, 'resize': 'fit'}, 'small': {'h': 680, 'w': 385, 'resize': 'fit'}, 'thumb': {'h': 150, 'w': 150, 'resize': 'crop'}}, 'original_info': {'height': 848, 'width': 480, 'focus_rects': []}, 'video_info': {'aspect_ratio': [30, 53], 'duration_millis': 62949, 'variants': [{'content_type': 'application/x-mpegURL', 'url': 'https://video.twimg.com/ext_tw_video/2009065465205968896/pu/pl/CzInoaH2yBc1Sfdw.m3u8?tag=12'}, {'bitrate': 632000, 'content_type': 'video/mp4', 'url': 'https://video.twimg.com/ext_tw_video/2009065465205968896/pu/vid/avc1/320x564/eDDV0YoGR4KTX9Nd.mp4?tag=12'}, {'bitrate': 950000, 'content_type': 'video/mp4', 'url': 'https://video.twimg.com/ext_tw_video/2009065465205968896/pu/vid/avc1/480x848/aX96cLlDmkRwLD2N.mp4?tag=12'}]}, 'media_results': {'result': {'media_key': '7_2009065465205968896'}}}], 'symbols': [], 'timestamps': [], 'urls': [], 'user_mentions': []}",,,,,False,0.0,
tweet,2009049746695156127,https://x.com/p4piKRiS/status/2009049746695156127,https://twitter.com/p4piKRiS/status/2009049746695156127,"Naah ide bagus, cukup pilih langsung Gubernur, nanti kepala2 daerah (Walkot/Bupati) di wilayahnya diangkat oleh Gubernur terpilih aja supaya program2 Pemprov berjalan sampe ke pelosok krn Bupati/Walkot nggada agenda sndiri2 sesuai janji kampanye.",,0.0,0.0,1.0,0.0,13.0,Wed Jan 07 23:49:20 +0000 2026,in,0.0,True,2.0088557171016259e+18,2.0088557171016259e+18,,,False,"{'type': 'user', 'userName': 'p4piKRiS', 'url': 'https://x.com/p4piKRiS', 'twitterUrl': 'https://twitter.com/p4piKRiS', 'id': '217376888', 'name': 'KrsKrs', 'isVerified': False, 'isBlueVerified': False, 'profilePicture': 'https://pbs.twimg.com/profile_images/1673895596816740352/rk2ROirG_normal.jpg', 'coverPicture': '', 'description': ""We commence to make you (jump, jump)\nThe Mac Dad'll make you (jump, jump)\nDaddy Mac'll make you (jump, jump)\nKris Kross'll make you (jump, jump)"", 'location': 'Depok, Jawa Barat', 'followers': 274, 'following': 35, 'status': '', 'canDm': False, 'canMediaTag': False, 'createdAt': 'Fri Nov 19 10:51:52 +0000 2010', 'entities': {'description': {'urls': []}, 'url': {}}, 'fastFollowersCount': 0, 'favouritesCount': 29347, 'hasCustomTimelines': True, 'isTranslator': False, 'mediaCount': 2516, 'statusesCount': 35476, 'withheldInCountries': [], 'affiliatesHighlightedLabel': {}, 'possiblySensitive': False, 'pinnedTweetIds': [], 'profile_bio': {'description': ""We commence to make you (jump, jump)\nThe Mac Dad'll make you (jump, jump)\nDaddy Mac'll make you (jump, jump)\nKris Kross'll make you (jump, jump)""}, 'isAutomated': False, 'automatedBy': None}",{},,{},"{'hashtags': [], 'symbols': [], 'timestamps': [], 'urls': [], 'user_mentions': [{'id_str': '1901591046', 'name': 'Dosen Kesayanganmu', 'screen_name': 'direktoridosen', 'indices': [0, 15]}, {'id_str': '397673651', 'name': 'Partai Gerindra', 'screen_name': 'Gerindra', 'indices': [16, 25]}, {'id_str': '748953283', 'name': 'DPP PKB', 'screen_name': 'DPP_PKB', 'indices': [26, 34]}, {'id_str': '721898354502930433', 'name': '#GolkarSolid', 'screen_name': 'golkarpedia', 'indices': [35, 47]}, {'id_str': '248199104', 'name': 'Partai Demokrat', 'screen_name': 'PDemokrat', 'indices': [48, 58]}, {'id_str': '166014938', 'name': 'Pemprov DKI Jakarta', 'screen_name': 'DKIJakarta', 'indices': [59, 70]}]}",,,,,False,0.0,
tweet,2008860843220603299,https://x.com/Ramadhan_M81/status/2008860843220603299,https://twitter.com/Ramadhan_M81/status/2008860843220603299,"Kalo emang mau hapus Pilkada, kita jadi negara parlementer aja. kalo KADA gabecus, bisa dijatohin sm DPRD. kalo gubernur dipilih DPRD kan gabisa dijatuhkan parlemen dan fixed term, padahal KADAnya gadipilih via election. justru esensi ada election itu biar gbs dijatuhkan DPRD",,0.0,1.0,1.0,0.0,59.0,Wed Jan 07 11:18:42 +0000 2026,in,0.0,True,2.0088602134668168e+18,2.0088596733662948e+18,,,False,"{'type': 'user', 'userName': 'Ramadhan_M81', 'url': 'https://x.com/Ramadhan_M81', 'twitterUrl': 'https://twitter.com/Ramadhan_M81', 'id': '1488701111163027457', 'name': 'Gibang', 'isVerified': False, 'isBlueVerified': False, 'profilePicture': 'https://pbs.twimg.com/profile_images/1734927718293397504/L5WwYkZZ_normal.jpg', 'coverPicture': 'https://pbs.twimg.com/profile_banners/1488701111163027457/1761104114', 'description': '', 'location': '', 'followers': 281, 'following': 335, 'status': '', 'canDm': False, 'canMediaTag': False, 'createdAt': 'Wed Feb 02 02:29:54 +0000 2022', 'entities': {'description': {'urls': []}, 'url': {}}, 'fastFollowersCount': 0, 'favouritesCount': 303, 'hasCustomTimelines': True, 'isTranslator': False, 'mediaCount': 176, 'statusesCount': 1707, 'withheldInCountries': [], 'affiliatesHighlightedLabel': {}, 'possiblySensitive': False, 'pinnedTweetIds': ['1976494028163252289'], 'profile_bio': {'description': ''}, 'isAutomated': False, 'automatedBy': None}",{},,{},"{'hashtags': [], 'symbols': [], 'timestamps': [], 'urls': [], 'user_mentions': []}",,,,,False,0.0,
tweet,2008801271323738351,https://x.com/Aceh/status/2008801271323738351,https://twitter.com/Aceh/status/2008801271323738351,"Tidak lewat DPRD. Pemilihan termurah effisien itu sistem Kesultanan: Jogjakarta & Aceh Darussalam. Pemilu cuma ada kalau sultan wafat atau mengundurkan diri. Serba murah APBD aman, baliho pun tak perlu.",,1.0,3.0,17.0,1.0,832.0,Wed Jan 07 07:21:59 +0000 2026,in,0.0,False,,2.0088012713237384e+18,,,False,"{'type': 'user', 'userName': 'Aceh', 'url': 'https://x.com/Aceh', 'twitterUrl': 'https://twitter.com/Aceh', 'id': '9688522', 'name': 'Aceh 🇮🇩🇹🇷🇵🇸', 'isVerified': False, 'isBlueVerified': True, 'profilePicture': 'https://pbs.twimg.com/profile_images/1683776914459357191/6xXlCcar_normal.jpg', 'coverPicture': 'https://pbs.twimg.com/profile_banners/9688522/1766575151', 'description': 'Aceh.NETizen Aceh #Aceh @Aceh 🇹🇷🇮🇩\nUdep Saree, Matee Sahid. Hidup Terhormat, Mati Syahid.', 'location': 'Aceh, Indonesia', 'followers': 49675, 'following': 19478, 'status': '', 'canDm': True, 'canMediaTag': False, 'createdAt': 'Thu Oct 25 17:04:21 +0000 2007', 'entities': {'description': {'urls': []}, 'url': {}}, 'fastFollowersCount': 0, 'favouritesCount': 96375, 'hasCustomTimelines': True, 'isTranslator': False, 'mediaCount': 16459, 'statusesCount': 38203, 'withheldInCountries': [], 'affiliatesHighlightedLabel': {}, 'possiblySensitive': False, 'pinnedTweetIds': ['2009225592982638986'], 'profile_bio': {'description': 'Aceh.NETizen Aceh #Aceh @Aceh 🇹🇷🇮🇩\nUdep Saree, Matee Sahid. Hidup Terhormat, Mati Syahid.'}, 'isAutomated': False, 'automatedBy': None}","{'media': [{'display_url': 'pic.x.com/ohvf6kXuaT', 'expanded_url': 'https://x.com/Aceh/status/2008801271323738351/photo/1', 'id_str': '2008801267741769728', 'indices': [240, 263], 'media_key': '3_2008801267741769728', 'media_url_https': 'https://pbs.twimg.com/media/G-CyHCQaQAADr9G.jpg', 'type': 'photo', 'url': 'https://t.co/ohvf6kXuaT', 'ext_media_availability': {'status': 'Available'}, 'features': {'all': {'tags': [{'user_id': '109149190', 'name': 'Partai NasDem', 'screen_name': 'NasDem', 'type': 'user'}]}, 'large': {'faces': [{'x': 567, 'y': 159, 'h': 57, 'w': 57}, {'x': 636, 'y': 462, 'h': 219, 'w': 219}]}, 'medium': {'faces': [{'x': 567, 'y': 159, 'h': 57, 'w': 57}, {'x': 636, 'y': 462, 'h': 219, 'w': 219}]}, 'small': {'faces': [{'x': 364, 'y': 102, 'h': 36, 'w': 36}, {'x': 408, 'y': 297, 'h': 140, 'w': 140}]}, 'orig': {'faces': [{'x': 567, 'y': 159, 'h': 57, 'w': 57}, {'x': 636, 'y': 462, 'h': 219, 'w': 219}]}}, 'sizes': {'large': {'h': 1058, 'w': 1014, 'resize': 'fit'}, 'medium': {'h': 1058, 'w': 1014, 'resize': 'fit'}, 'small': {'h': 680, 'w': 652, 'resize': 'fit'}, 'thumb': {'h': 150, 'w': 150, 'resize': 'crop'}}, 'original_info': {'height': 1058, 'width': 1014, 'focus_rects': [{'x': 0, 'y': 0, 'w': 1014, 'h': 568}, {'x': 0, 'y': 0, 'w': 1014, 'h': 1014}, {'x': 0, 'y': 0, 'w': 928, 'h': 1058}, {'x': 0, 'y': 0, 'w': 529, 'h': 1058}, {'x': 0, 'y': 0, 'w': 1014, 'h': 1058}]}, 'media_results': {'result': {'media_key': '3_2008801267741769728'}}}]}",,"{'bounding_box': {'coordinates': [[[106.6884, -6.37657], [106.6884, -6.08935], [106.980499, -6.08935], [106.980499, -6.37657], [106.6884, -6.37657]]], 'type': 'Polygon'}, 'country': 'Indonesia', 'country_code': 'ID', 'full_name': 'Jakarta Capital Region, Indonesia', 'name': 'Jakarta Capital Region', 'id': 'beddf2d6061ea32e', 'place_type': 'admin', 'url': 'https://api.twitter.com/1.1/geo/id/beddf2d6061ea32e.json'}","{'hashtags': [], 'symbols': [], 'timestamps': [], 'urls': [], 'user_mentions': [{'id_str': '1119499561943199744', 'name': 'Dewan Perwakilan Rakyat Aceh', 'screen_name': 'DPR_Aceh', 'indices': [203, 212]}, {'id_str': '211415705', 'name': 'DPR RI', 'screen_name': 'DPR_RI', 'indices': [213, 220]}, {'id_str': '977870468', 'name': 'Senator Indonesia', 'screen_name': 'DPDRI', 'indices': [221, 227]}, {'id_str': '2413697946', 'name': 'KPU RI', 'screen_name': 'KPU_ID', 'indices': [228, 235]}]}",,,,,False,0.0,
tweet,2008585167825146247,https://x.com/grok/status/2008585167825146247,https://twitter.com/grok/status/2008585167825146247,"Ya, wacana pilkada lewat DPRD memang kontroversial. Beberapa elit dorong ini untuk efisiensi biaya, kurangi politik uang, dan hindari konflik (spt disampaikan Golkar & Demokrat). Tapi, ini bertentangan dengan putusan MK seperti No. 135/PUU-XXII/2024 yang tegaskan pilkada langsung oleh rakyat. Banyak pakar kritik sebagai kemunduran demokrasi. Kita lihat kelanjutannya.",,0.0,0.0,0.0,0.0,26.0,Tue Jan 06 17:03:16 +0000 2026,in,0.0,True,2.0085849725680643e+18,2.008583371136627e+18,,,False,"{'type': 'user', 'userName': 'grok', 'url': 'https://x.com/grok', 'twitterUrl': 'https://twitter.com/grok', 'id': '1720665183188922368', 'name': 'Grok', 'isVerified': False, 'isBlueVerified': True, 'profilePicture': 'https://pbs.twimg.com/profile_images/1893219113717342208/Vgg2hEPa_normal.jpg', 'coverPicture': 'https://pbs.twimg.com/profile_banners/1720665183188922368/1740213586', 'description': 'https://t.co/fqNKQSiLQB\n@grok it', 'location': 'wherever you are', 'followers': 7338353, 'following': 3, 'status': '', 'canDm': False, 'canMediaTag': True, 'createdAt': 'Sat Nov 04 04:52:34 +0000 2023', 'entities': {'description': {'urls': []}, 'url': {}}, 'fastFollowersCount': 0, 'favouritesCount': 82, 'hasCustomTimelines': True, 'isTranslator': False, 'mediaCount': 7364280, 'statusesCount': 87248312, 'withheldInCountries': [], 'affiliatesHighlightedLabel': {}, 'possiblySensitive': False, 'pinnedTweetIds': ['1955006865332638036'], 'profile_bio': {'description': 'https://t.co/fqNKQSiLQB\n@grok it'}, 'isAutomated': False, 'automatedBy': None}",{},,{},"{'hashtags': [], 'symbols': [], 'urls': [], 'user_mentions': []}",,,,,False,0.0,
tweet,2008370824193946003,https://x.com/Adhit_1909/status/2008370824193946003,https://twitter.com/Adhit_1909/status/2008370824193946003,"Kepala Daerah dipilih oleh DPRD biar apa sik?, ngelindungi keoentingan siapa? Kepala Daerah dipilih langsung oleh rakyat aja hutan² masih kebobolqn, tambang² terus bert7mbuhan, izin maksa terus kejadian, Apalg dipilih oleh dprd? Dahlah bubar aja.",,0.0,0.0,0.0,0.0,16.0,Tue Jan 06 02:51:32 +0000 2026,in,0.0,False,,2.008370824193946e+18,,,False,"{'type': 'user', 'userName': 'Adhit_1909', 'url': 'https://x.com/Adhit_1909', 'twitterUrl': 'https://twitter.com/Adhit_1909', 'id': '61757743', 'name': 'ΛYƬIΉDΛ ӨΉӨЯGЦП 🇵🇸🇮🇩', 'isVerified': False, 'isBlueVerified': False, 'profilePicture': 'https://pbs.twimg.com/profile_images/1726808733916037120/ulUtyeJq_normal.jpg', 'coverPicture': 'https://pbs.twimg.com/profile_banners/61757743/1700870699', 'description': 'Allah - Rasullullah - Family - friends | #AntiJILSyiah dkk | #Tripoter | #mufc #juventus | Pinned Twit - Al ‘Ilm | \n\nhttps://t.co/RWyW2BijBL', 'location': 'Indonesia', 'followers': 1702, 'following': 720, 'status': '', 'canDm': True, 'canMediaTag': False, 'createdAt': 'Fri Jul 31 12:18:24 +0000 2009', 'entities': {'description': {'urls': []}, 'url': {}}, 'fastFollowersCount': 0, 'favouritesCount': 202740, 'hasCustomTimelines': True, 'isTranslator': False, 'mediaCount': 3236, 'statusesCount': 88303, 'withheldInCountries': [], 'affiliatesHighlightedLabel': {}, 'possiblySensitive': False, 'pinnedTweetIds': ['1274481454383198210'], 'profile_bio': {'description': 'Allah - Rasullullah - Family - friends | #AntiJILSyiah dkk | #Tripoter | #mufc #juventus | Pinned Twit - Al ‘Ilm | \n\nhttps://t.co/RWyW2BijBL'}, 'isAutomated': False, 'automatedBy': None}",{},,{},"{'hashtags': [], 'symbols': [], 'timestamps': [], 'urls': [], 'user_mentions': []}",,,,,False,0.0,
tweet,2007970953608024479,https://x.com/anneserlo/status/2007970953608024479,https://twitter.com/anneserlo/status/2007970953608024479,"Pilkada tak langsung melalui DPRD bukan solusi, melainkan strategi sadar untuk melanggengkan kekuasaan elite politik melalui ruang kompromi tertutup dan transaksi kepentingan. Skema ini merampas hak rakyat yang paling hakiki, yakni memilih pemimpinnya sendiri, sekaligus mengkhianati semangat Reformasi yang menempatkan kedaulatan di tangan warga negara, bukan di ruang elite.",,3.0,0.0,2.0,0.0,102.0,Mon Jan 05 00:22:36 +0000 2026,in,0.0,False,,2.0079709536080246e+18,,,False,"{'type': 'user', 'userName': 'anneserlo', 'url': 'https://x.com/anneserlo', 'twitterUrl': 'https://twitter.com/anneserlo', 'id': '1719885887662874624', 'name': 'anne serlo', 'isVerified': False, 'isBlueVerified': True, 'profilePicture': 'https://pbs.twimg.com/profile_images/1759181636246339584/NereZKUp_normal.jpg', 'coverPicture': 'https://pbs.twimg.com/profile_banners/1719885887662874624/1706371361', 'description': 'Tegak lurus NKRI.', 'location': '', 'followers': 4086, 'following': 3639, 'status': '', 'canDm': False, 'canMediaTag': True, 'createdAt': 'Thu Nov 02 01:15:42 +0000 2023', 'entities': {'description': {'urls': []}, 'url': {}}, 'fastFollowersCount': 0, 'favouritesCount': 1276, 'hasCustomTimelines': True, 'isTranslator': False, 'mediaCount': 1230, 'statusesCount': 8944, 'withheldInCountries': [], 'affiliatesHighlightedLabel': {}, 'possiblySensitive': False, 'pinnedTweetIds': [], 'profile_bio': {'description': 'Tegak lurus NKRI.'}, 'isAutomated': False, 'automatedBy': None}",{},,{},"{'hashtags': [], 'symbols': [], 'urls': [], 'user_mentions': []}",,,"{'type': 'tweet', 'id': '2007345391860363364', 'url': 'https://x.com/IDNPict/status/2007345391860363364', 'twitterUrl': 'https://twitter.com/IDNPict/status/2007345391860363364', 'text': 'PDIP menolak memberangus hak rakyat untuk memilih pemimpinnya. https://t.co/VfhcD5TXyO', 'source': '', 'retweetCount': 0, 'replyCount': 0, 'likeCount': 1, 'quoteCount': 2, 'viewCount': 147, 'createdAt': 'Sat Jan 03 06:56:50 +0000 2026', 'lang': 'in', 'bookmarkCount': 0, 'isReply': False, 'inReplyToId': None, 'conversationId': '2007345391860363364', 'inReplyToUserId': None, 'inReplyToUsername': None, 'isPinned': False, 'author': {'type': 'user', 'userName': 'IDNPict', 'url': 'https://x.com/IDNPict', 'twitterUrl': 'https://twitter.com/IDNPict', 'id': '872602664592220160', 'name': 'IDNPict', 'isVerified': False, 'isBlueVerified': False, 'profilePicture': 'https://pbs.twimg.com/profile_images/2004205430059552777/ifPWVuVV_normal.jpg', 'coverPicture': 'https://pbs.twimg.com/profile_banners/872602664592220160/1723460588', 'description': '#NKRI\n#JagaNKRI \n#BuzzerNKRI\n#ProNKRI\n🇮🇩 Bhineka Tunggal Ika 🇮🇩.\nBerita dalam gambar.', 'location': 'Indonesia', 'followers': 16016, 'following': 14514, 'status': '', 'canDm': False, 'canMediaTag': False, 'createdAt': 'Wed Jun 07 23:54:22 +0000 2017', 'entities': {'description': {'urls': []}, 'url': {}}, 'fastFollowersCount': 0, 'favouritesCount': 3118, 'hasCustomTimelines': True, 'isTranslator': False, 'mediaCount': 3432, 'statusesCount': 27994, 'withheldInCountries': [], 'affiliatesHighlightedLabel': {}, 'possiblySensitive': False, 'pinnedTweetIds': [], 'profile_bio': {'description': '#NKRI\n#JagaNKRI \n#BuzzerNKRI\n#ProNKRI\n🇮🇩 Bhineka Tunggal Ika 🇮🇩.\nBerita dalam gambar.'}, 'isAutomated': False, 'automatedBy': None}, 'extendedEntities': {'media': [{'display_url': 'pic.x.com/VfhcD5TXyO', 'expanded_url': 'https://x.com/IDNPict/status/2007345391860363364/photo/1', 'id_str': '2007345389113147392', 'indices': [63, 86], 'media_key': '3_2007345389113147392', 'media_url_https': 'https://pbs.twimg.com/media/G9uF_vubgAA6fF8.jpg', 'type': 'photo', 'url': 'https://t.co/VfhcD5TXyO', 'ext_media_availability': {'status': 'Available'}, 'features': {'large': {'faces': [{'x': 353, 'y': 195, 'h': 296, 'w': 296}]}, 'medium': {'faces': [{'x': 313, 'y': 173, 'h': 263, 'w': 263}]}, 'small': {'faces': [{'x': 177, 'y': 98, 'h': 149, 'w': 149}]}, 'orig': {'faces': [{'x': 353, 'y': 195, 'h': 296, 'w': 296}]}}, 'sizes': {'large': {'h': 1350, 'w': 1080, 'resize': 'fit'}, 'medium': {'h': 1200, 'w': 960, 'resize': 'fit'}, 'small': {'h': 680, 'w': 544, 'resize': 'fit'}, 'thumb': {'h': 150, 'w': 150, 'resize': 'crop'}}, 'original_info': {'height': 1350, 'width': 1080, 'focus_rects': [{'x': 0, 'y': 744, 'w': 1080, 'h': 605}, {'x': 0, 'y': 270, 'w': 1080, 'h': 1080}, {'x': 0, 'y': 119, 'w': 1080, 'h': 1231}, {'x': 0, 'y': 0, 'w': 675, 'h': 1350}, {'x': 0, 'y': 0, 'w': 1080, 'h': 1350}]}, 'media_results': {'result': {'media_key': '3_2007345389113147392'}}}]}, 'card': None, 'place': {}, 'entities': {'hashtags': [], 'media': [{'display_url': 'pic.x.com/VfhcD5TXyO', 'expanded_url': 'https://x.com/IDNPict/status/2007345391860363364/photo/1', 'id_str': '2007345389113147392', 'indices': [63, 86], 'media_key': '3_2007345389113147392', 'media_url_https': 'https://pbs.twimg.com/media/G9uF_vubgAA6fF8.jpg', 'type': 'photo', 'url': 'https://t.co/VfhcD5TXyO', 'ext_media_availability': {'status': 'Available'}, 'features': {'large': {'faces': [{'x': 353, 'y': 195, 'h': 296, 'w': 296}]}, 'medium': {'faces': [{'x': 313, 'y': 173, 'h': 263, 'w': 263}]}, 'small': {'faces': [{'x': 177, 'y': 98, 'h': 149, 'w': 149}]}, 'orig': {'faces': [{'x': 353, 'y': 195, 'h': 296, 'w': 296}]}}, 'sizes': {'large': {'h': 1350, 'w': 1080, 'resize': 'fit'}, 'medium': {'h': 1200, 'w': 960, 'resize': 'fit'}, 'small': {'h': 680, 'w': 544, 'resize': 'fit'}, 'thumb': {'h': 150, 'w': 150, 'resize': 'crop'}}, 'original_info': {'height': 1350, 'width': 1080, 'focus_rects': [{'x': 0, 'y': 744, 'w': 1080, 'h': 605}, {'x': 0, 'y': 270, 'w': 1080, 'h': 1080}, {'x': 0, 'y': 119, 'w': 1080, 'h': 1231}, {'x': 0, 'y': 0, 'w': 675, 'h': 1350}, {'x': 0, 'y': 0, 'w': 1080, 'h': 1350}]}, 'media_results': {'result': {'media_key': '3_2007345389113147392'}}}], 'symbols': [], 'timestamps': [], 'urls': [], 'user_mentions': []}, 'reply_to_user_results': None, 'quoted_tweet_results': None, 'quoted_tweet': None, 'retweeted_tweet': None, 'isConversationControlled': False}",,False,0.0,True
tweet,2007403497378001402,https://x.com/Official_Ansor/status/2007403497378001402,https://twitter.com/Official_Ansor/status/2007403497378001402,"Angin politik agar kepala daerah dipilih DPRD kembali berhembus. Kali ini hembusannya makin menguat. Apakah angin politik ini akan menyapu rakyat dari gelanggang politik demokrasi dan mengembalikan supremasi elite? Publik berseloroh: “dipilih rakyat aja masih banyak yang korup, apalagi dipilih DPRD.” Di tengah Pilkada langsung hari ini, kepala daerah berupaya keras “menyenangkan” rakyatnya dengan berbagai program, termasuk program populis dan pencitraan. Kesenangan dan kepuasan rakyat adalah kunci bagi kepala daerah agar terpilih. Logika yang sama berlaku jika kepala daerah dipilih DPRD. Kepala daerah tak perlu blusukan, repot-repot pencitraan, ribet-ribet merespons keluhan rakyat. Toh, masa depan politik kepala daerah ditentukan oleh segelintir elite di gedung dewan masing-masing daerah. Alhasil, (calon) kepala daerah cukup “menyenangkan” dan “memuaskan” para anggota DPRD. Memang Pilkada langsung tak bersih dari masalah. Mulai dari mahar politik, biaya politik hingga politik uang yang menjadikan biaya Pilkada langsung sangatlah mahal. Hasil Pilkada langsung pun tak baik-baik saja: banyak kepala daerah terjerat korupsi. Usulan Pilkada tak langsung (Kepala daerah dipilih DPRD) dimaksudkan untuk mengatasi politik berbiaya tinggi tersebut. Meskipun demikian, apakah otomatis masalahnya teratasi? Apakah politik berbiaya tinggi dalam Pilkada langsung akan otomatis hilang jika Pilkada tak langsung (Kepala daerah dipilih DPRD) diterapkan. Yang terjadi justru bisa sebaliknya, politik tetap berbiaya tinggi, namun beredar secara sembunyi-sembunyi di balik meja kekuasaan dewan. Pada akhirnya, kita harus mengingat kembali semangat reformasi yang menjadi batas zaman, dari otoritarianisme ke demokrasi. Amanat reformasi adalah demokratisasi seluas-luasanya, yang harus dijadikan landasan utama dalam menentukan arah kebijakan sistem Pilkada kita. Kalau menurut sahabat, setuju kepala daerah dipilih rakyat langsung atau kepala daerah dipilih DPRD? Sertakan pendapatnya di kolom komentar ya.",,4.0,2.0,14.0,1.0,795.0,Sat Jan 03 10:47:44 +0000 2026,in,0.0,False,,2.0074034973780014e+18,,,False,"{'type': 'user', 'userName': 'Official_Ansor', 'url': 'https://x.com/Official_Ansor', 'twitterUrl': 'https://twitter.com/Official_Ansor', 'id': '708615828007034880', 'name': 'Gerakan Pemuda Ansor', 'isVerified': False, 'isBlueVerified': True, 'profilePicture': 'https://pbs.twimg.com/profile_images/1923734200881995777/ZiQ2SWDE_normal.jpg', 'coverPicture': 'https://pbs.twimg.com/profile_banners/708615828007034880/1647582721', 'description': 'Akun resmi Pimpinan Pusat GP Ansor. Dikelola oleh tim sosial media Pimpinan Pusat GP Ansor', 'location': 'Kramat Raya 65A, Jakarta Pusat', 'followers': 131420, 'following': 88, 'status': '', 'canDm': False, 'canMediaTag': True, 'createdAt': 'Sat Mar 12 11:29:13 +0000 2016', 'entities': {'description': {'urls': []}, 'url': {}}, 'fastFollowersCount': 0, 'favouritesCount': 145, 'hasCustomTimelines': True, 'isTranslator': False, 'mediaCount': 3813, 'statusesCount': 6806, 'withheldInCountries': [], 'affiliatesHighlightedLabel': {}, 'possiblySensitive': False, 'pinnedTweetIds': [], 'profile_bio': {'description': 'Akun resmi Pimpinan Pusat GP Ansor. Dikelola oleh tim sosial media Pimpinan Pusat GP Ansor'}, 'isAutomated': False, 'automatedBy': None}","{'media': [{'display_url': 'pic.x.com/2n5A3ZOls1', 'expanded_url': 'https://x.com/Official_Ansor/status/2007403497378001402/photo/1', 'id_str': '2007403489539100672', 'indices': [281, 304], 'media_key': '3_2007403489539100672', 'media_url_https': 'https://pbs.twimg.com/media/G9u61orbkAAeMIq.jpg', 'type': 'photo', 'url': 'https://t.co/2n5A3ZOls1', 'ext_media_availability': {'status': 'Available'}, 'features': {'large': {'faces': [{'x': 1120, 'y': 700, 'h': 144, 'w': 144}]}, 'medium': {'faces': [{'x': 656, 'y': 410, 'h': 84, 'w': 84}]}, 'small': {'faces': [{'x': 371, 'y': 232, 'h': 47, 'w': 47}]}, 'orig': {'faces': [{'x': 1120, 'y': 700, 'h': 144, 'w': 144}]}}, 'sizes': {'large': {'h': 2048, 'w': 1638, 'resize': 'fit'}, 'medium': {'h': 1200, 'w': 960, 'resize': 'fit'}, 'small': {'h': 680, 'w': 544, 'resize': 'fit'}, 'thumb': {'h': 150, 'w': 150, 'resize': 'crop'}}, 'original_info': {'height': 2048, 'width': 1638, 'focus_rects': [{'x': 0, 'y': 719, 'w': 1638, 'h': 917}, {'x': 0, 'y': 358, 'w': 1638, 'h': 1638}, {'x': 0, 'y': 181, 'w': 1638, 'h': 1867}, {'x': 255, 'y': 0, 'w': 1024, 'h': 2048}, {'x': 0, 'y': 0, 'w': 1638, 'h': 2048}]}, 'allow_download_status': {'allow_download': True}, 'media_results': {'result': {'media_key': '3_2007403489539100672'}}}]}",,{},"{'hashtags': [], 'symbols': [], 'timestamps': [], 'urls': [], 'user_mentions': []}",,,,,False,0.0,
tweet,2006915690993955266,https://x.com/yudiharahap46/status/2006915690993955266,https://twitter.com/yudiharahap46/status/2006915690993955266,"Setidaknya ada 3 mekanisme pemilihan Kepala Daerah, dipilih langsung rakyat one man one vote, dipilih oleh DPRD hasil pemilu yang hanya 40-100 orang (peran partai kuat) atau Presiden langsung yang nunjuk (Kemendagri berperan besar). Politik hukum di 2026 akan kemana pilihannya?",,3.0,13.0,31.0,1.0,1623.0,Fri Jan 02 02:29:22 +0000 2026,in,1.0,False,,2.0069156909939553e+18,,,False,"{'type': 'user', 'userName': 'yudiharahap46', 'url': 'https://x.com/yudiharahap46', 'twitterUrl': 'https://twitter.com/yudiharahap46', 'id': '149066414', 'name': 'Yudi Purnomo Harahap', 'isVerified': False, 'isBlueVerified': False, 'profilePicture': 'https://pbs.twimg.com/profile_images/1584693137804361728/-LmWD4p9_normal.jpg', 'coverPicture': 'https://pbs.twimg.com/profile_banners/149066414/1633133785', 'description': 'Ketua Wadah Pegawai KPK 2018-2021, eks penyidik kpk, alumni FIB UI 2001, FH Unsurya, penyuka sejarah, intelijen, hukum, asli Blora & Padang Sidempuan', 'location': 'Jakarta ', 'followers': 25717, 'following': 8270, 'status': '', 'canDm': False, 'canMediaTag': False, 'createdAt': 'Fri May 28 09:43:52 +0000 2010', 'entities': {'description': {'urls': []}, 'url': {}}, 'fastFollowersCount': 0, 'favouritesCount': 35860, 'hasCustomTimelines': True, 'isTranslator': False, 'mediaCount': 2785, 'statusesCount': 126215, 'withheldInCountries': [], 'affiliatesHighlightedLabel': {}, 'possiblySensitive': False, 'pinnedTweetIds': ['1730595279408406969'], 'profile_bio': {'description': 'Ketua Wadah Pegawai KPK 2018-2021, eks penyidik kpk, alumni FIB UI 2001, FH Unsurya, penyuka sejarah, intelijen, hukum, asli Blora & Padang Sidempuan'}, 'isAutomated': False, 'automatedBy': None}",{},,{},"{'hashtags': [], 'symbols': [], 'timestamps': [], 'urls': [], 'user_mentions': []}",,,,,False,0.0,
tweet,2006872335849238653,https://x.com/MuhammadZuhriii/status/2006872335849238653,https://twitter.com/MuhammadZuhriii/status/2006872335849238653,"Yang salah yang milih. DPRD yang skup wilayah nya 3 kecamatan banyak rakyat yang salah pilih , gimana kepala daerah yang skup wilayah nya satu kabupaten, makin banyak yang salah pilih jika rakyat yang memilih",,0.0,0.0,0.0,0.0,48.0,Thu Jan 01 23:37:05 +0000 2026,in,0.0,True,2.0066081058708644e+18,2.0066081058708644e+18,,,False,"{'type': 'user', 'userName': 'MuhammadZuhriii', 'url': 'https://x.com/MuhammadZuhriii', 'twitterUrl': 'https://twitter.com/MuhammadZuhriii', 'id': '1581782575214755841', 'name': 'Helmpulpes', 'isVerified': False, 'isBlueVerified': False, 'profilePicture': 'https://pbs.twimg.com/profile_images/1581928111171518464/PMTzQB8P_normal.jpg', 'coverPicture': '', 'description': '#GakFollowPorno', 'location': '', 'followers': 343, 'following': 677, 'status': '', 'canDm': True, 'canMediaTag': False, 'createdAt': 'Sun Oct 16 23:02:44 +0000 2022', 'entities': {'description': {'urls': []}, 'url': {}}, 'fastFollowersCount': 0, 'favouritesCount': 1966, 'hasCustomTimelines': True, 'isTranslator': False, 'mediaCount': 141, 'statusesCount': 6611, 'withheldInCountries': [], 'affiliatesHighlightedLabel': {}, 'possiblySensitive': False, 'pinnedTweetIds': [], 'profile_bio': {'description': '#GakFollowPorno'}, 'isAutomated': False, 'automatedBy': None}",{},,{},"{'hashtags': [], 'symbols': [], 'timestamps': [], 'urls': [], 'user_mentions': [{'id_str': '1040306964100669440', 'name': '𝕸𝖔𝖓𝖎𝖈𝖆 ᴼᶠᶠⁱᶜⁱᵃˡ', 'screen_name': 'NenkMonica', 'indices': [0, 11]}]}",,,,,False,0.0,
tweet,2006746260355821895,https://x.com/RadioElshinta/status/2006746260355821895,https://twitter.com/RadioElshinta/status/2006746260355821895,"Wacana pemilihan kepala daerah melalui DPRD kembali menggelinding dan memantik perdebatan luas di ruang publik. Gagasan ini mencuat di tengah evaluasi terhadap pelaksanaan pilkada langsung yang selama ini dinilai menelan biaya politik tinggi dan rawan konflik.Kritik datang dari pakar dan pemerhati pemilu, aktivis antikorupsi, organisasi kemasyarakatan keagamaan, hingga sejumlah partai politik yang menilai mekanisme pemilihan lewat DPRD berpotensi menggerus kedaulatan rakyat dan membuka ruang kompromi politik tertutup. Lalu, apa dasar munculnya kembali wacana ini? Sejauh mana urgensinya bagi perbaikan demokrasi lokal? TALK : Direktur Emrus Corner/Pakar Komunikasi Politik/Komunikolog Indonesia, Dr. Emrus Sihombing. Streaming : E010122",,0.0,0.0,0.0,0.0,441.0,Thu Jan 01 15:16:06 +0000 2026,in,0.0,False,,2.0067462603558218e+18,,,False,"{'type': 'user', 'userName': 'RadioElshinta', 'url': 'https://x.com/RadioElshinta', 'twitterUrl': 'https://twitter.com/RadioElshinta', 'id': '121640063', 'name': 'Radio Elshinta', 'isVerified': False, 'isBlueVerified': True, 'profilePicture': 'https://pbs.twimg.com/profile_images/1956191950727733251/UaxZlWO1_normal.jpg', 'coverPicture': 'https://pbs.twimg.com/profile_banners/121640063/1758600853', 'description': 'Akun Resmi Radio Elshinta Jakarta 90FM | News and Talk | Telp: 021-5869000 | SMS & WA: 081-180-6543 | Streaming : https://t.co/OKTXBtQQMT', 'location': '', 'followers': 3240641, 'following': 12, 'status': '', 'canDm': True, 'canMediaTag': True, 'createdAt': 'Wed Mar 10 03:52:46 +0000 2010', 'entities': {'description': {'urls': []}, 'url': {}}, 'fastFollowersCount': 0, 'favouritesCount': 11826, 'hasCustomTimelines': True, 'isTranslator': False, 'mediaCount': 893448, 'statusesCount': 1601980, 'withheldInCountries': [], 'affiliatesHighlightedLabel': {}, 'possiblySensitive': False, 'pinnedTweetIds': [], 'profile_bio': {'description': 'Akun Resmi Radio Elshinta Jakarta 90FM | News and Talk | Telp: 021-5869000 | SMS & WA: 081-180-6543 | Streaming : https://t.co/OKTXBtQQMT'}, 'isAutomated': False, 'automatedBy': None}","{'media': [{'display_url': 'pic.x.com/Vb9BReziyZ', 'expanded_url': 'https://x.com/RadioElshinta/status/2006746260355821895/photo/1', 'id_str': '2006746249647828992', 'indices': [280, 303], 'media_key': '3_2006746249647828992', 'media_url_https': 'https://pbs.twimg.com/media/G9llFPSbMAAlEiN.jpg', 'type': 'photo', 'url': 'https://t.co/Vb9BReziyZ', 'ext_media_availability': {'status': 'Available'}, 'features': {'large': {'faces': [{'x': 393, 'y': 173, 'h': 87, 'w': 87}]}, 'medium': {'faces': [{'x': 230, 'y': 101, 'h': 51, 'w': 51}]}, 'small': {'faces': [{'x': 130, 'y': 57, 'h': 29, 'w': 29}]}, 'orig': {'faces': [{'x': 454, 'y': 200, 'h': 101, 'w': 101}]}}, 'sizes': {'large': {'h': 2048, 'w': 2048, 'resize': 'fit'}, 'medium': {'h': 1200, 'w': 1200, 'resize': 'fit'}, 'small': {'h': 680, 'w': 680, 'resize': 'fit'}, 'thumb': {'h': 150, 'w': 150, 'resize': 'crop'}}, 'original_info': {'height': 2362, 'width': 2362, 'focus_rects': [{'x': 0, 'y': 1039, 'w': 2362, 'h': 1323}, {'x': 0, 'y': 0, 'w': 2362, 'h': 2362}, {'x': 0, 'y': 0, 'w': 2072, 'h': 2362}, {'x': 295, 'y': 0, 'w': 1181, 'h': 2362}, {'x': 0, 'y': 0, 'w': 2362, 'h': 2362}]}, 'allow_download_status': {'allow_download': True}, 'media_results': {'result': {'media_key': '3_2006746249647828992'}}}]}",,{},"{'hashtags': [{'indices': [765, 773], 'text': 'E010122'}], 'symbols': [], 'urls': [{'display_url': 'elshinta.com/live/radio', 'expanded_url': 'https://elshinta.com/live/radio', 'url': 'https://t.co/rke9sWHJY6', 'indices': [740, 763]}], 'user_mentions': []}",,,,,False,0.0,
tweet,1867911103159935103,https://x.com/NOTASLIMBOY/status/1867911103159935103,https://twitter.com/NOTASLIMBOY/status/1867911103159935103,"Kepala daerah dipilih DPRD itu sudah menang di pleno DPR akhir masa jabatan SBY. Tapi langsung dikeluarkan perppu oleh SBY setelahnya. Menurut gua sikap Partai Demokrat, kalau konsisten, mrk akan menolak wacana ini, walau mereka bagian dari rezim penguasa saat ini.",,129.0,22.0,342.0,3.0,7962.0,Sat Dec 14 12:34:45 +0000 2024,in,7.0,False,,1.867911103159935e+18,,,False,"{'type': 'user', 'userName': 'NOTASLIMBOY', 'url': 'https://x.com/NOTASLIMBOY', 'twitterUrl': 'https://twitter.com/NOTASLIMBOY', 'id': '19190361', 'name': 'Sammy Notaslimboy', 'isVerified': False, 'isBlueVerified': True, 'profilePicture': 'https://pbs.twimg.com/profile_images/1981337522316685312/t4yvvWWk_normal.jpg', 'coverPicture': 'https://pbs.twimg.com/profile_banners/19190361/1727851755', 'description': 'Software Developer, Concerned Citizen. Buzzer dilarang mention.', 'location': 'Cipayung, Indonesia', 'followers': 153225, 'following': 1325, 'status': '', 'canDm': True, 'canMediaTag': False, 'createdAt': 'Mon Jan 19 16:50:24 +0000 2009', 'entities': {'description': {'urls': []}, 'url': {}}, 'fastFollowersCount': 0, 'favouritesCount': 3941, 'hasCustomTimelines': True, 'isTranslator': False, 'mediaCount': 7517, 'statusesCount': 171521, 'withheldInCountries': [], 'affiliatesHighlightedLabel': {}, 'possiblySensitive': False, 'pinnedTweetIds': ['1172161052999475205'], 'profile_bio': {'description': 'Software Developer, Concerned Citizen. Buzzer dilarang mention.'}, 'isAutomated': False, 'automatedBy': None}",{},,{},"{'hashtags': [], 'symbols': [], 'timestamps': [], 'urls': [], 'user_mentions': []}",,,,,False,0.0,
tweet,1756974502897152356,https://x.com/imadya/status/1756974502897152356,https://twitter.com/imadya/status/1756974502897152356,"Pencoblosan surat suara DPRD Provinsi (DKI Jakarta) tidak kalah penting dari Pemilihan Presiden. Karena akan menentukan untuk kursi Gubernur DKI Jakarta selanjutnya pada Pilgub di September 2024. Ayo pakai hak suara, jangan golput✊🏻",,55.0,16.0,356.0,3.0,9846.0,Mon Feb 12 09:32:19 +0000 2024,in,0.0,False,,1.7569745028971523e+18,,,False,"{'type': 'user', 'userName': 'imadya', 'url': 'https://x.com/imadya', 'twitterUrl': 'https://twitter.com/imadya', 'id': '89855607', 'name': 'IMA MAHDIAH', 'isVerified': False, 'isBlueVerified': False, 'profilePicture': 'https://pbs.twimg.com/profile_images/1541047500739555329/VePhEzRa_normal.jpg', 'coverPicture': 'https://pbs.twimg.com/profile_banners/89855607/1370753862', 'description': '#wakilRakyat & #pelayanWarga  | @fpdip_jakarta | Aspirasi/Pengaduan langsung WA: 0811-8055-155 | Dapil 10 Jakarta Barat', 'location': 'Jakarta, Indonesia', 'followers': 42381, 'following': 374, 'status': '', 'canDm': False, 'canMediaTag': True, 'createdAt': 'Sat Nov 14 02:59:20 +0000 2009', 'entities': {'description': {'urls': []}, 'url': {}}, 'fastFollowersCount': 0, 'favouritesCount': 1065, 'hasCustomTimelines': True, 'isTranslator': False, 'mediaCount': 1132, 'statusesCount': 56007, 'withheldInCountries': [], 'affiliatesHighlightedLabel': {}, 'possiblySensitive': False, 'pinnedTweetIds': [], 'profile_bio': {'description': '#wakilRakyat & #pelayanWarga  | @fpdip_jakarta | Aspirasi/Pengaduan langsung WA: 0811-8055-155 | Dapil 10 Jakarta Barat'}, 'isAutomated': False, 'automatedBy': None}",{},,{},"{'hashtags': [], 'symbols': [], 'timestamps': [], 'urls': [], 'user_mentions': []}",,,,,False,0.0,
tweet,1733741156230721721,https://x.com/FPKSDPRRI/status/1733741156230721721,https://twitter.com/FPKSDPRRI/status/1733741156230721721,"Calon presiden nomor urut 1, Anies Baswedan, menyebut ironis soal Rancangan Undang-Undang Khusus Jakarta (RUU DKJ). Salah satunya yang mengatur penunjukan gubernur oleh presiden. Anies menyatakan hal tersebut memangkas kebebasan berdemokrasi.",,87.0,3.0,189.0,4.0,2725.0,Sun Dec 10 06:51:17 +0000 2023,in,1.0,False,,1.7337411562307218e+18,,,False,"{'type': 'user', 'userName': 'FPKSDPRRI', 'url': 'https://x.com/FPKSDPRRI', 'twitterUrl': 'https://twitter.com/FPKSDPRRI', 'id': '91255162', 'name': 'Fraksi PKS DPR RI', 'isVerified': False, 'isBlueVerified': True, 'profilePicture': 'https://pbs.twimg.com/profile_images/1937831716409974784/bUVr7G8o_normal.jpg', 'coverPicture': 'https://pbs.twimg.com/profile_banners/91255162/1751875115', 'description': 'Official Account of the Prosperous Justice Party Faction at Indonesian Parliament | Pembela Rakyat di Parlemen | email: humas@fraksi.pks.id', 'location': 'Jakarta Capital Region', 'followers': 216281, 'following': 95, 'status': '', 'canDm': True, 'canMediaTag': True, 'createdAt': 'Fri Nov 20 02:53:30 +0000 2009', 'entities': {'description': {'urls': []}, 'url': {}}, 'fastFollowersCount': 0, 'favouritesCount': 11791, 'hasCustomTimelines': True, 'isTranslator': False, 'mediaCount': 17988, 'statusesCount': 58942, 'withheldInCountries': [], 'affiliatesHighlightedLabel': {}, 'possiblySensitive': False, 'pinnedTweetIds': [], 'profile_bio': {'description': 'Official Account of the Prosperous Justice Party Faction at Indonesian Parliament | Pembela Rakyat di Parlemen | email: humas@fraksi.pks.id'}, 'isAutomated': False, 'automatedBy': None}","{'media': [{'display_url': 'pic.x.com/AtZFo5t6H1', 'expanded_url': 'https://x.com/FPKSDPRRI/status/1733741156230721721/video/1', 'id_str': '1733740204115341312', 'indices': [244, 267], 'media_key': '7_1733740204115341312', 'media_url_https': 'https://pbs.twimg.com/ext_tw_video_thumb/1733740204115341312/pu/img/bl_NrokC6WdmAK2L.jpg', 'type': 'video', 'url': 'https://t.co/AtZFo5t6H1', 'additional_media_info': {'monetizable': False}, 'ext_media_availability': {'status': 'Available'}, 'sizes': {'large': {'h': 720, 'w': 1280, 'resize': 'fit'}, 'medium': {'h': 675, 'w': 1200, 'resize': 'fit'}, 'small': {'h': 383, 'w': 680, 'resize': 'fit'}, 'thumb': {'h': 150, 'w': 150, 'resize': 'crop'}}, 'original_info': {'height': 720, 'width': 1280, 'focus_rects': []}, 'video_info': {'aspect_ratio': [16, 9], 'duration_millis': 63457, 'variants': [{'content_type': 'application/x-mpegURL', 'url': 'https://video.twimg.com/ext_tw_video/1733740204115341312/pu/pl/-Lg4YPtN3XbeA4Mc.m3u8?tag=12'}, {'bitrate': 256000, 'content_type': 'video/mp4', 'url': 'https://video.twimg.com/ext_tw_video/1733740204115341312/pu/vid/avc1/480x270/WuOP1cG_FWYZDCKb.mp4?tag=12'}, {'bitrate': 832000, 'content_type': 'video/mp4', 'url': 'https://video.twimg.com/ext_tw_video/1733740204115341312/pu/vid/avc1/640x360/441yvf4wDRzrJQgT.mp4?tag=12'}, {'bitrate': 2176000, 'content_type': 'video/mp4', 'url': 'https://video.twimg.com/ext_tw_video/1733740204115341312/pu/vid/avc1/1280x720/4VjCLKsZsk3Wc69K.mp4?tag=12'}]}, 'media_results': {'result': {'media_key': '7_1733740204115341312'}}}]}",,{},"{'hashtags': [], 'media': [{'display_url': 'pic.x.com/AtZFo5t6H1', 'expanded_url': 'https://x.com/FPKSDPRRI/status/1733741156230721721/video/1', 'id_str': '1733740204115341312', 'indices': [244, 267], 'media_key': '7_1733740204115341312', 'media_url_https': 'https://pbs.twimg.com/ext_tw_video_thumb/1733740204115341312/pu/img/bl_NrokC6WdmAK2L.jpg', 'type': 'video', 'url': 'https://t.co/AtZFo5t6H1', 'additional_media_info': {'monetizable': False}, 'ext_media_availability': {'status': 'Available'}, 'sizes': {'large': {'h': 720, 'w': 1280, 'resize': 'fit'}, 'medium': {'h': 675, 'w': 1200, 'resize': 'fit'}, 'small': {'h': 383, 'w': 680, 'resize': 'fit'}, 'thumb': {'h': 150, 'w': 150, 'resize': 'crop'}}, 'original_info': {'height': 720, 'width': 1280, 'focus_rects': []}, 'video_info': {'aspect_ratio': [16, 9], 'duration_millis': 63457, 'variants': [{'content_type': 'application/x-mpegURL', 'url': 'https://video.twimg.com/ext_tw_video/1733740204115341312/pu/pl/-Lg4YPtN3XbeA4Mc.m3u8?tag=12'}, {'bitrate': 256000, 'content_type': 'video/mp4', 'url': 'https://video.twimg.com/ext_tw_video/1733740204115341312/pu/vid/avc1/480x270/WuOP1cG_FWYZDCKb.mp4?tag=12'}, {'bitrate': 832000, 'content_type': 'video/mp4', 'url': 'https://video.twimg.com/ext_tw_video/1733740204115341312/pu/vid/avc1/640x360/441yvf4wDRzrJQgT.mp4?tag=12'}, {'bitrate': 2176000, 'content_type': 'video/mp4', 'url': 'https://video.twimg.com/ext_tw_video/1733740204115341312/pu/vid/avc1/1280x720/4VjCLKsZsk3Wc69K.mp4?tag=12'}]}, 'media_results': {'result': {'media_key': '7_1733740204115341312'}}}], 'symbols': [], 'timestamps': [], 'urls': [], 'user_mentions': []}",,,,,False,0.0,
tweet,1733636558371397816,https://x.com/BurhanMuhtadi/status/1733636558371397816,https://twitter.com/BurhanMuhtadi/status/1733636558371397816,Pernah kami survei di DIY. Temuannya menarik semakin jauh dari pusat Keraton dukungan terhadap pilkada langsung makin besar. Semakin dekat dg Keraton semakin kuat dukungan agar Raja otomatis jadi gubernur. De Graaf menganalogikan seperti pijar cahaya lampu yg melemah jika jauh dari pusat kekuasaan. Semakin dekat semakin terang cahayanya.,,115.0,177.0,467.0,31.0,157760.0,Sat Dec 09 23:55:39 +0000 2023,in,44.0,False,,1.733636558371398e+18,,,False,"{'type': 'user', 'userName': 'BurhanMuhtadi', 'url': 'https://x.com/BurhanMuhtadi', 'twitterUrl': 'https://twitter.com/BurhanMuhtadi', 'id': '134742518', 'name': 'IG @burhanuddinmuhtadi', 'isVerified': False, 'isBlueVerified': True, 'profilePicture': 'https://pbs.twimg.com/profile_images/1364755485593718785/2L6rxFSZ_normal.jpg', 'coverPicture': 'https://pbs.twimg.com/profile_banners/134742518/1702204861', 'description': 'Professor of Political Science @uinjktofficial | Founder of @indikatorcoid | PhD from Australian National Univ | Senior Fellow @ISEAS | IG: @burhanuddinmuhtadi', 'location': 'Jakarta-Canberra-Singapore', 'followers': 366994, 'following': 1573, 'status': '', 'canDm': False, 'canMediaTag': False, 'createdAt': 'Mon Apr 19 09:27:32 +0000 2010', 'entities': {'description': {'urls': []}, 'url': {}}, 'fastFollowersCount': 0, 'favouritesCount': 4792, 'hasCustomTimelines': True, 'isTranslator': False, 'mediaCount': 2394, 'statusesCount': 36438, 'withheldInCountries': [], 'affiliatesHighlightedLabel': {}, 'possiblySensitive': False, 'pinnedTweetIds': [], 'profile_bio': {'description': 'Professor of Political Science @uinjktofficial | Founder of @indikatorcoid | PhD from Australian National Univ | Senior Fellow @ISEAS | IG: @burhanuddinmuhtadi'}, 'isAutomated': False, 'automatedBy': None}",{},,{},"{'hashtags': [], 'symbols': [], 'urls': [], 'user_mentions': []}",,,"{'type': 'tweet', 'id': '1731750651083038970', 'url': 'https://x.com/arieputrabn/status/1731750651083038970', 'twitterUrl': 'https://twitter.com/arieputrabn/status/1731750651083038970', 'text': 'Ingat kata2 Alm Buya Syafii saat saya tanya soal skripsinya ttg komunis Vietnam, ideologi/keyakinan negara kokoh bila didukung penuh rakyat. \n\nSoal isu Monarki DIY, jika dianggap adil &amp; efektif, dukungan rakyat pasti besar.   Anggap aja, pernyataan Bang Ade sbg halusinasi politik', 'source': '', 'retweetCount': 18, 'replyCount': 23, 'likeCount': 56, 'quoteCount': 3, 'viewCount': 163319, 'createdAt': 'Mon Dec 04 19:01:44 +0000 2023', 'lang': 'in', 'bookmarkCount': 11, 'isReply': False, 'inReplyToId': None, 'conversationId': '1731750651083038970', 'inReplyToUserId': None, 'inReplyToUsername': None, 'isPinned': False, 'author': {'type': 'user', 'userName': 'arieputrabn', 'url': 'https://x.com/arieputrabn', 'twitterUrl': 'https://twitter.com/arieputrabn', 'id': '159892124', 'name': 'arie putra', 'isVerified': False, 'isBlueVerified': False, 'profilePicture': 'https://pbs.twimg.com/profile_images/1739676159930146816/tVYypvBj_normal.jpg', 'coverPicture': '', 'description': 'Penulis | Podcaster @totalpolitikcom', 'location': 'Jakarta Capital Region, Indone', 'followers': 7092, 'following': 348, 'status': '', 'canDm': False, 'canMediaTag': True, 'createdAt': 'Sat Jun 26 16:05:34 +0000 2010', 'entities': {'description': {'urls': []}, 'url': {}}, 'fastFollowersCount': 0, 'favouritesCount': 52, 'hasCustomTimelines': True, 'isTranslator': False, 'mediaCount': 237, 'statusesCount': 15316, 'withheldInCountries': [], 'affiliatesHighlightedLabel': {}, 'possiblySensitive': False, 'pinnedTweetIds': ['1727981499235086811'], 'profile_bio': {'description': 'Penulis | Podcaster @totalpolitikcom'}, 'isAutomated': False, 'automatedBy': None}, 'extendedEntities': {}, 'card': None, 'place': {}, 'entities': {'hashtags': [], 'symbols': [], 'timestamps': [], 'urls': [], 'user_mentions': []}, 'reply_to_user_results': None, 'quoted_tweet_results': None, 'quoted_tweet': None, 'retweeted_tweet': None, 'isConversationControlled': False}",,False,0.0,True
tweet,1732255761173283043,https://x.com/saiful_mujani/status/1732255761173283043,https://twitter.com/saiful_mujani/status/1732255761173283043,"gubernur ditunjuk presiden? walaupun calonnya diajukan oleh dprd, tetap saja presiden menentukan. inginnya mungkin ditunjuk semuanya oleh presiden speperti plt gubernur sekarang ini. ternyata enak berkuasa dan maen tunjuk. 🙈",,93.0,48.0,255.0,3.0,16208.0,Wed Dec 06 04:28:51 +0000 2023,in,1.0,False,,1.732255761173283e+18,,,False,"{'type': 'user', 'userName': 'saiful_mujani', 'url': 'https://x.com/saiful_mujani', 'twitterUrl': 'https://twitter.com/saiful_mujani', 'id': '1515689815', 'name': 'saiful mujani', 'isVerified': False, 'isBlueVerified': True, 'profilePicture': 'https://pbs.twimg.com/profile_images/1724622468214902784/pGKAR94x_normal.jpg', 'coverPicture': 'https://pbs.twimg.com/profile_banners/1515689815/1494501521', 'description': 'Professor|political science|UIN Jakarta|SMRC|Ph.D.|OSU|comparative politics|political behavior; democratization;religion and politics.', 'location': 'Bogor Selatan, Indonesia', 'followers': 109022, 'following': 835, 'status': '', 'canDm': False, 'canMediaTag': True, 'createdAt': 'Fri Jun 14 07:44:03 +0000 2013', 'entities': {'description': {'urls': []}, 'url': {}}, 'fastFollowersCount': 0, 'favouritesCount': 2026, 'hasCustomTimelines': True, 'isTranslator': False, 'mediaCount': 481, 'statusesCount': 13620, 'withheldInCountries': [], 'affiliatesHighlightedLabel': {}, 'possiblySensitive': False, 'pinnedTweetIds': [], 'profile_bio': {'description': 'Professor|political science|UIN Jakarta|SMRC|Ph.D.|OSU|comparative politics|political behavior; democratization;religion and politics.'}, 'isAutomated': False, 'automatedBy': None}",{},"{'binding_values': [{'key': 'description', 'value': {'string_value': 'RUU Daerah Khusus Jakarta telah disetujui menjadi RUU usulan inisiatif DPR RI. Pro-kontra muncul karena RUU mengatur penunjukan gubernur DKJ oleh presiden.', 'type': 'STRING'}}, {'key': 'domain', 'value': {'string_value': 'news.detik.com', 'type': 'STRING'}}, {'key': 'creator', 'value': {'type': 'USER', 'user_value': {'id_str': '69183155', 'path': []}}}, {'key': 'vanity_url', 'value': {'scribe_key': 'vanity_url', 'string_value': 'news.detik.com', 'type': 'STRING'}}, {'key': 'title', 'value': {'string_value': 'Pro-Kontra RUU Daerah Khusus Jakarta: Gubernur Ditunjuk Presiden', 'type': 'STRING'}}, {'key': 'card_url', 'value': {'scribe_key': 'card_url', 'string_value': 'https://t.co/dG6NP6kaz1', 'type': 'STRING'}}], 'card_platform': {'platform': {'audience': {'name': 'production'}, 'device': {'name': 'Android', 'version': '12'}}}, 'name': 'summary_large_image', 'url': 'https://t.co/dG6NP6kaz1', 'user_refs_results': [{'result': {'__typename': 'User', 'id': 'VXNlcjo2OTE4MzE1NQ==', 'rest_id': '69183155', 'affiliates_highlighted_label': {}, 'avatar': {'image_url': 'https://pbs.twimg.com/profile_images/1888546820974051328/tnM9DhBs_normal.jpg'}, 'core': {'created_at': 'Thu Aug 27 03:03:05 +0000 2009', 'name': 'detikcom', 'screen_name': 'detikcom'}, 'dm_permissions': {'can_dm': True}, 'follow_request_sent': False, 'has_graduated_access': True, 'is_blue_verified': True, 'legacy': {'default_profile': False, 'default_profile_image': False, 'description': 'Media online nomor 1 di Indonesia | Hadir untuk memberikan validasi & referensi informasi Anda. Kunjungi: https://t.co/qldGGYFcFu', 'entities': {'description': {'urls': [{'display_url': 'detik.com', 'expanded_url': 'http://www.detik.com', 'url': 'https://t.co/qldGGYFcFu', 'indices': [106, 129]}]}}, 'fast_followers_count': 0, 'favourites_count': 13765, 'followers_count': 22931509, 'friends_count': 43, 'has_custom_timelines': True, 'is_translator': False, 'listed_count': 12083, 'media_count': 444993, 'normal_followers_count': 22931509, 'pinned_tweet_ids_str': [], 'possibly_sensitive': False, 'profile_banner_url': 'https://pbs.twimg.com/profile_banners/69183155/1739099689', 'profile_interstitial_type': '', 'statuses_count': 2523774, 'translator_type': 'regular', 'want_retweets': False, 'withheld_in_countries': []}, 'location': {'location': ''}, 'media_permissions': {'can_media_tag': False}, 'parody_commentary_fan_label': 'None', 'profile_image_shape': 'Square', 'professional': {'rest_id': '1471697869346205696', 'professional_type': 'Business', 'category': []}, 'profile_bio': {'description': 'Media online nomor 1 di Indonesia | Hadir untuk memberikan validasi & referensi informasi Anda. Kunjungi: https://t.co/qldGGYFcFu'}, 'privacy': {'protected': False}, 'relationship_perspectives': {'following': False}, 'tipjar_settings': {}, 'verification': {'verified': False, 'verified_type': 'Business'}, 'profile_description_language': 'id'}}]}",{},"{'hashtags': [], 'symbols': [], 'timestamps': [], 'urls': [{'display_url': 'news.detik.com/berita/d-70741…', 'expanded_url': 'https://news.detik.com/berita/d-7074168/pro-kontra-ruu-daerah-khusus-jakarta-gubernur-ditunjuk-presiden', 'url': 'https://t.co/dG6NP6kaz1', 'indices': [225, 248]}], 'user_mentions': []}",,,,,False,0.0,
tweet,1871217229100191854,https://x.com/King_SpeakUp/status/1871217229100191854,https://twitter.com/King_SpeakUp/status/1871217229100191854,"Wacana gubernur di pilih oleh DPRD dengan berdalih efisiensi anggaran, nah kabinet loe saja super Jumbo Ferguso darimana letak efisiensinya? . . . . Mata Najwa Quick Share Hospital Playlist 300 T Angin Rindu Harvey Moeis",,85.0,5.0,224.0,1.0,30824.0,Mon Dec 23 15:32:07 +0000 2024,in,13.0,False,,1.8712172291001917e+18,,,False,"{'type': 'user', 'userName': 'King_SpeakUp', 'url': 'https://x.com/King_SpeakUp', 'twitterUrl': 'https://twitter.com/King_SpeakUp', 'id': '1787788662295683072', 'name': 'Nobody', 'isVerified': False, 'isBlueVerified': False, 'profilePicture': 'https://pbs.twimg.com/profile_images/1985692845798539268/V3ap0ig5_normal.jpg', 'coverPicture': 'https://pbs.twimg.com/profile_banners/1787788662295683072/1756926808', 'description': 'Should stay humble 🇮🇩❤️🇵🇸', 'location': 'DKI Jakarta, Indonesia', 'followers': 4035, 'following': 592, 'status': '', 'canDm': False, 'canMediaTag': True, 'createdAt': 'Tue May 07 10:17:13 +0000 2024', 'entities': {'description': {'urls': []}, 'url': {}}, 'fastFollowersCount': 0, 'favouritesCount': 49005, 'hasCustomTimelines': True, 'isTranslator': False, 'mediaCount': 7228, 'statusesCount': 38565, 'withheldInCountries': [], 'affiliatesHighlightedLabel': {}, 'possiblySensitive': False, 'pinnedTweetIds': [], 'profile_bio': {'description': 'Should stay humble 🇮🇩❤️🇵🇸'}, 'isAutomated': False, 'automatedBy': None}","{'media': [{'display_url': 'pic.x.com/Xy7PfWJ6Z7', 'expanded_url': 'https://x.com/Nobody_2811/status/1871217229100191854/video/1', 'id_str': '1871217102797119488', 'indices': [221, 244], 'media_key': '7_1871217102797119488', 'media_url_https': 'https://pbs.twimg.com/ext_tw_video_thumb/1871217102797119488/pu/img/bu3ocUaohyQ9gJb1.jpg', 'type': 'video', 'url': 'https://t.co/Xy7PfWJ6Z7', 'additional_media_info': {'monetizable': False}, 'ext_media_availability': {'status': 'Available'}, 'sizes': {'large': {'h': 1024, 'w': 576, 'resize': 'fit'}, 'medium': {'h': 1024, 'w': 576, 'resize': 'fit'}, 'small': {'h': 680, 'w': 383, 'resize': 'fit'}, 'thumb': {'h': 150, 'w': 150, 'resize': 'crop'}}, 'original_info': {'height': 1024, 'width': 576, 'focus_rects': []}, 'video_info': {'aspect_ratio': [9, 16], 'duration_millis': 59605, 'variants': [{'content_type': 'application/x-mpegURL', 'url': 'https://video.twimg.com/ext_tw_video/1871217102797119488/pu/pl/MWBlCKM24w1JcCGv.m3u8?tag=12'}, {'bitrate': 632000, 'content_type': 'video/mp4', 'url': 'https://video.twimg.com/ext_tw_video/1871217102797119488/pu/vid/avc1/320x568/XxlfwfE2x4DdyRws.mp4?tag=12'}, {'bitrate': 950000, 'content_type': 'video/mp4', 'url': 'https://video.twimg.com/ext_tw_video/1871217102797119488/pu/vid/avc1/480x852/wvYXxgIxQGpFxz4r.mp4?tag=12'}, {'bitrate': 2176000, 'content_type': 'video/mp4', 'url': 'https://video.twimg.com/ext_tw_video/1871217102797119488/pu/vid/avc1/576x1024/d85zzBjOJa1wTncX.mp4?tag=12'}]}, 'media_results': {'result': {'media_key': '7_1871217102797119488'}}}]}",,{},"{'hashtags': [], 'media': [{'display_url': 'pic.x.com/Xy7PfWJ6Z7', 'expanded_url': 'https://x.com/Nobody_2811/status/1871217229100191854/video/1', 'id_str': '1871217102797119488', 'indices': [221, 244], 'media_key': '7_1871217102797119488', 'media_url_https': 'https://pbs.twimg.com/ext_tw_video_thumb/1871217102797119488/pu/img/bu3ocUaohyQ9gJb1.jpg', 'type': 'video', 'url': 'https://t.co/Xy7PfWJ6Z7', 'additional_media_info': {'monetizable': False}, 'ext_media_availability': {'status': 'Available'}, 'sizes': {'large': {'h': 1024, 'w': 576, 'resize': 'fit'}, 'medium': {'h': 1024, 'w': 576, 'resize': 'fit'}, 'small': {'h': 680, 'w': 383, 'resize': 'fit'}, 'thumb': {'h': 150, 'w': 150, 'resize': 'crop'}}, 'original_info': {'height': 1024, 'width': 576, 'focus_rects': []}, 'video_info': {'aspect_ratio': [9, 16], 'duration_millis': 59605, 'variants': [{'content_type': 'application/x-mpegURL', 'url': 'https://video.twimg.com/ext_tw_video/1871217102797119488/pu/pl/MWBlCKM24w1JcCGv.m3u8?tag=12'}, {'bitrate': 632000, 'content_type': 'video/mp4', 'url': 'https://video.twimg.com/ext_tw_video/1871217102797119488/pu/vid/avc1/320x568/XxlfwfE2x4DdyRws.mp4?tag=12'}, {'bitrate': 950000, 'content_type': 'video/mp4', 'url': 'https://video.twimg.com/ext_tw_video/1871217102797119488/pu/vid/avc1/480x852/wvYXxgIxQGpFxz4r.mp4?tag=12'}, {'bitrate': 2176000, 'content_type': 'video/mp4', 'url': 'https://video.twimg.com/ext_tw_video/1871217102797119488/pu/vid/avc1/576x1024/d85zzBjOJa1wTncX.mp4?tag=12'}]}, 'media_results': {'result': {'media_key': '7_1871217102797119488'}}}], 'symbols': [], 'timestamps': [], 'urls': [], 'user_mentions': []}",,,,,False,0.0,
tweet,1717515524379410641,https://x.com/Haydhar3/status/1717515524379410641,https://twitter.com/Haydhar3/status/1717515524379410641,"Maksudnya FZ pilkada jaman orba, Pilkada pemilihan (umum) kepala daerah, yang milih itu DPRD. Yang mengangkat bupati itu Mendagri. Gubernur oleh Presiden. 🤣🤣",,0.0,0.0,0.0,0.0,8.0,Thu Oct 26 12:16:25 +0000 2023,in,0.0,True,1.7175112094598065e+18,1.7175032043957535e+18,,,False,"{'type': 'user', 'userName': 'Haydhar3', 'url': 'https://x.com/Haydhar3', 'twitterUrl': 'https://twitter.com/Haydhar3', 'id': '1112521320640602113', 'name': 'Haydhar', 'isVerified': False, 'isBlueVerified': False, 'profilePicture': 'https://pbs.twimg.com/profile_images/1191559301254402049/tZ1trp-G_normal.jpg', 'coverPicture': 'https://pbs.twimg.com/profile_banners/1112521320640602113/1572924514', 'description': 'Tak ada gading,\ntak boleh akar pun jadi', 'location': '', 'followers': 1159, 'following': 2366, 'status': '', 'canDm': True, 'canMediaTag': True, 'createdAt': 'Mon Apr 01 01:05:27 +0000 2019', 'entities': {'description': {'urls': []}, 'url': {}}, 'fastFollowersCount': 0, 'favouritesCount': 24658, 'hasCustomTimelines': True, 'isTranslator': False, 'mediaCount': 771, 'statusesCount': 3798, 'withheldInCountries': [], 'affiliatesHighlightedLabel': {}, 'possiblySensitive': False, 'pinnedTweetIds': [], 'profile_bio': {'description': 'Tak ada gading,\ntak boleh akar pun jadi'}, 'isAutomated': False, 'automatedBy': None}",{},,{},"{'hashtags': [], 'symbols': [], 'timestamps': [], 'urls': [], 'user_mentions': [{'id_str': '230059397', 'name': 'mas penyok', 'screen_name': 'wisanggeni_11', 'indices': [0, 14]}]}",,,,,False,0.0,
tweet,1713816711768727811,https://x.com/wangi_mentik/status/1713816711768727811,https://twitter.com/wangi_mentik/status/1713816711768727811,"Jd intinya Calon Presiden/Wakil hrs berpengalaman menjadi penyelenggara negara dari hasil pemilihan oleh rakyat. Pernah menjabat Presiden/Wapres Gubernur/Wagub, Walkot/Wawalkot, Bupati/Wabup, anggota DPR, DPD, DPRD.",,0.0,0.0,0.0,0.0,2.0,Mon Oct 16 07:18:39 +0000 2023,in,0.0,True,1.7138165679753997e+18,1.7137518808187126e+18,,,False,"{'type': 'user', 'userName': 'wangi_mentik', 'url': 'https://x.com/wangi_mentik', 'twitterUrl': 'https://twitter.com/wangi_mentik', 'id': '1307933874744303616', 'name': 'Mentik Wangi', 'isVerified': False, 'isBlueVerified': False, 'profilePicture': 'https://pbs.twimg.com/profile_images/1720749668114817024/PESpKOeR_normal.jpg', 'coverPicture': '', 'description': 'akun lama tumbang Santai ajalah... serius ok, santai ok..   MU biggest fan! #GGMU #MasPeler', 'location': 'Jakarta, Indonesia', 'followers': 669, 'following': 751, 'status': '', 'canDm': False, 'canMediaTag': True, 'createdAt': 'Mon Sep 21 06:46:00 +0000 2020', 'entities': {'description': {'urls': []}, 'url': {}}, 'fastFollowersCount': 0, 'favouritesCount': 46092, 'hasCustomTimelines': True, 'isTranslator': False, 'mediaCount': 432, 'statusesCount': 16675, 'withheldInCountries': [], 'affiliatesHighlightedLabel': {}, 'possiblySensitive': False, 'pinnedTweetIds': [], 'profile_bio': {'description': 'akun lama tumbang Santai ajalah... serius ok, santai ok..   MU biggest fan! #GGMU #MasPeler'}, 'isAutomated': False, 'automatedBy': None}",{},,{},"{'hashtags': [], 'symbols': [], 'timestamps': [], 'urls': [], 'user_mentions': []}",,,,,False,0.0,
tweet,1691787332377247985,https://x.com/lesmana_sofyan/status/1691787332377247985,https://twitter.com/lesmana_sofyan/status/1691787332377247985,"Di bahasa Indonesia kan, pemilihan presiden dan wakil presiden, dipilih oleh MPR, gubenur dan wakil gubernur dipilih DPRD tk I, walkot dan bupati dipilih DPRD tk II... New orba bangkit...",,10.0,1.0,55.0,0.0,3950.0,Wed Aug 16 12:21:46 +0000 2023,in,0.0,True,1.6916624489470735e+18,1.6916624489470735e+18,,,False,"{'type': 'user', 'userName': 'lesmana_sofyan', 'url': 'https://x.com/lesmana_sofyan', 'twitterUrl': 'https://twitter.com/lesmana_sofyan', 'id': '591195676', 'name': '#99', 'isVerified': False, 'isBlueVerified': False, 'profilePicture': 'https://pbs.twimg.com/profile_images/1351198487405330441/GCFHizSO_normal.png', 'coverPicture': 'https://pbs.twimg.com/profile_banners/591195676/1650214387', 'description': 'aku senang melihat keramaian namun tidak senang terlibat dalam keramaian itu. uchiha itachi', 'location': '', 'followers': 1554, 'following': 2130, 'status': '', 'canDm': False, 'canMediaTag': True, 'createdAt': 'Sat May 26 19:39:35 +0000 2012', 'entities': {'description': {'urls': []}, 'url': {}}, 'fastFollowersCount': 0, 'favouritesCount': 48233, 'hasCustomTimelines': True, 'isTranslator': False, 'mediaCount': 1990, 'statusesCount': 61538, 'withheldInCountries': [], 'affiliatesHighlightedLabel': {}, 'possiblySensitive': False, 'pinnedTweetIds': ['1873330639916974570'], 'profile_bio': {'description': 'aku senang melihat keramaian namun tidak senang terlibat dalam keramaian itu. uchiha itachi'}, 'isAutomated': False, 'automatedBy': None}",{},,{},"{'hashtags': [], 'symbols': [], 'timestamps': [], 'urls': [], 'user_mentions': [{'id_str': '17128975', 'name': 'CNN Indonesia', 'screen_name': 'CNNIndonesia', 'indices': [0, 13]}]}",,,,,False,0.0,
tweet,1664270302749270017,https://x.com/ballambinlove/status/1664270302749270017,https://twitter.com/ballambinlove/status/1664270302749270017,"Era orba saat itu pemilihan presiden, gubernur bupati dan walikota dilakukan oleh MPR dan DPRD, beda dengan saat ini, langsung dipilih rakyat, tertutup tentu nyoblos partai, aleg ditentukan partai",,1.0,0.0,1.0,0.0,41.0,Thu Jun 01 13:58:55 +0000 2023,in,0.0,False,,1.66427030274927e+18,,,False,"{'type': 'user', 'userName': 'ballambinlove', 'url': 'https://x.com/ballambinlove', 'twitterUrl': 'https://twitter.com/ballambinlove', 'id': '114452217', 'name': 'ballambinlove', 'isVerified': False, 'isBlueVerified': False, 'profilePicture': 'https://pbs.twimg.com/profile_images/1760650509403508736/-TRdskX8_normal.jpg', 'coverPicture': 'https://pbs.twimg.com/profile_banners/114452217/1519791086', 'description': 'Mantan Buruh, Pernah di PHK', 'location': 'indonesia', 'followers': 1690, 'following': 1656, 'status': '', 'canDm': False, 'canMediaTag': False, 'createdAt': 'Mon Feb 15 13:16:07 +0000 2010', 'entities': {'description': {'urls': []}, 'url': {}}, 'fastFollowersCount': 0, 'favouritesCount': 48857, 'hasCustomTimelines': True, 'isTranslator': False, 'mediaCount': 11736, 'statusesCount': 123683, 'withheldInCountries': [], 'affiliatesHighlightedLabel': {}, 'possiblySensitive': False, 'pinnedTweetIds': ['1682897507523895297'], 'profile_bio': {'description': 'Mantan Buruh, Pernah di PHK'}, 'isAutomated': False, 'automatedBy': None}",{},,{},"{'hashtags': [], 'symbols': [], 'timestamps': [], 'urls': [], 'user_mentions': []}",,,"{'type': 'tweet', 'id': '1664258478666571776', 'url': 'https://x.com/cutsarina5/status/1664258478666571776', 'twitterUrl': 'https://twitter.com/cutsarina5/status/1664258478666571776', 'text': '@geloraco https://t.co/eZkukOMqWP', 'source': '', 'retweetCount': 11, 'replyCount': 1, 'likeCount': 63, 'quoteCount': 1, 'viewCount': 1721, 'createdAt': 'Thu Jun 01 13:11:56 +0000 2023', 'lang': 'qme', 'bookmarkCount': 0, 'isReply': True, 'inReplyToId': '1664243883524632576', 'conversationId': '1664243883524632576', 'inReplyToUserId': None, 'inReplyToUsername': None, 'isPinned': False, 'author': {'type': 'user', 'userName': 'cutsarina5', 'url': 'https://x.com/cutsarina5', 'twitterUrl': 'https://twitter.com/cutsarina5', 'id': '1344460749964414976', 'name': '🌸 CUT PUTROE 🌸', 'isVerified': False, 'isBlueVerified': False, 'profilePicture': 'https://pbs.twimg.com/profile_images/1996763809441361920/henBt6-F_normal.jpg', 'coverPicture': 'https://pbs.twimg.com/profile_banners/1344460749964414976/1764347320', 'description': 'Kirim itu bantuan bukan kirim Buzzer ke sosial media ,Buzzer taik,Buzzer taik taik!!!!', 'location': ' Baghdad', 'followers': 57597, 'following': 12446, 'status': '', 'canDm': False, 'canMediaTag': False, 'createdAt': 'Thu Dec 31 01:50:04 +0000 2020', 'entities': {'description': {'urls': []}, 'url': {}}, 'fastFollowersCount': 0, 'favouritesCount': 210883, 'hasCustomTimelines': True, 'isTranslator': False, 'mediaCount': 19464, 'statusesCount': 102957, 'withheldInCountries': [], 'affiliatesHighlightedLabel': {}, 'possiblySensitive': False, 'pinnedTweetIds': [], 'profile_bio': {'description': 'Kirim itu bantuan bukan kirim Buzzer ke sosial media ,Buzzer taik,Buzzer taik taik!!!!'}, 'isAutomated': False, 'automatedBy': None}, 'extendedEntities': {'media': [{'display_url': 'pic.x.com/eZkukOMqWP', 'expanded_url': 'https://x.com/CutSarina5/status/1664258478666571776/photo/1', 'id_str': '1664258454410891265', 'indices': [10, 33], 'media_key': '3_1664258454410891265', 'media_url_https': 'https://pbs.twimg.com/media/FxiiPyWaEAE2Lp1.jpg', 'type': 'photo', 'url': 'https://t.co/eZkukOMqWP', 'ext_media_availability': {'status': 'Available'}, 'features': {'large': {'faces': []}, 'medium': {'faces': []}, 'small': {'faces': []}, 'orig': {'faces': []}}, 'sizes': {'large': {'h': 2048, 'w': 1848, 'resize': 'fit'}, 'medium': {'h': 1200, 'w': 1083, 'resize': 'fit'}, 'small': {'h': 680, 'w': 614, 'resize': 'fit'}, 'thumb': {'h': 150, 'w': 150, 'resize': 'crop'}}, 'original_info': {'height': 2048, 'width': 1848, 'focus_rects': [{'x': 0, 'y': 1013, 'w': 1848, 'h': 1035}, {'x': 0, 'y': 200, 'w': 1848, 'h': 1848}, {'x': 0, 'y': 0, 'w': 1796, 'h': 2048}, {'x': 0, 'y': 0, 'w': 1024, 'h': 2048}, {'x': 0, 'y': 0, 'w': 1848, 'h': 2048}]}, 'media_results': {'result': {'media_key': '3_1664258454410891265'}}}]}, 'card': None, 'place': {}, 'entities': {'hashtags': [], 'media': [{'display_url': 'pic.x.com/eZkukOMqWP', 'expanded_url': 'https://x.com/CutSarina5/status/1664258478666571776/photo/1', 'id_str': '1664258454410891265', 'indices': [10, 33], 'media_key': '3_1664258454410891265', 'media_url_https': 'https://pbs.twimg.com/media/FxiiPyWaEAE2Lp1.jpg', 'type': 'photo', 'url': 'https://t.co/eZkukOMqWP', 'ext_media_availability': {'status': 'Available'}, 'features': {'large': {'faces': []}, 'medium': {'faces': []}, 'small': {'faces': []}, 'orig': {'faces': []}}, 'sizes': {'large': {'h': 2048, 'w': 1848, 'resize': 'fit'}, 'medium': {'h': 1200, 'w': 1083, 'resize': 'fit'}, 'small': {'h': 680, 'w': 614, 'resize': 'fit'}, 'thumb': {'h': 150, 'w': 150, 'resize': 'crop'}}, 'original_info': {'height': 2048, 'width': 1848, 'focus_rects': [{'x': 0, 'y': 1013, 'w': 1848, 'h': 1035}, {'x': 0, 'y': 200, 'w': 1848, 'h': 1848}, {'x': 0, 'y': 0, 'w': 1796, 'h': 2048}, {'x': 0, 'y': 0, 'w': 1024, 'h': 2048}, {'x': 0, 'y': 0, 'w': 1848, 'h': 2048}]}, 'media_results': {'result': {'media_key': '3_1664258454410891265'}}}], 'symbols': [], 'timestamps': [], 'urls': [], 'user_mentions': [{'id_str': '3319260420', 'name': 'GELORA NEWS', 'screen_name': 'geloraco', 'indices': [0, 9]}]}, 'reply_to_user_results': None, 'quoted_tweet_results': None, 'quoted_tweet': None, 'retweeted_tweet': None, 'isConversationControlled': False}",,False,0.0,True
tweet,1664105840968863745,https://x.com/TjatorP/status/1664105840968863745,https://twitter.com/TjatorP/status/1664105840968863745,"Kalo sy tdk salah memahami sistem terbuka tertutup hanya untuk pemilihan anggota legislatif kalo pemilihan presiden, gubernur,bupati dan walikota ttap dipilih lngsng oleh rakyat,,,, ketika anggota DPR, DPRD dipilih secara terbuka maka yg mencalonkan hanyalah orang2 yg kaya raya.",,0.0,0.0,0.0,0.0,13.0,Thu Jun 01 03:05:24 +0000 2023,in,0.0,True,1.6630647317317878e+18,1.662794302244946e+18,,,False,"{'type': 'user', 'userName': 'TjatorP', 'url': 'https://x.com/TjatorP', 'twitterUrl': 'https://twitter.com/TjatorP', 'id': '1224957752402792449', 'name': 'tjator prei', 'isVerified': False, 'isBlueVerified': False, 'profilePicture': 'https://pbs.twimg.com/profile_images/1224958082989510656/vYZRugIm_normal.jpg', 'coverPicture': '', 'description': '', 'location': '', 'followers': 1, 'following': 10, 'status': '', 'canDm': False, 'canMediaTag': True, 'createdAt': 'Wed Feb 05 07:28:15 +0000 2020', 'entities': {'description': {'urls': []}, 'url': {}}, 'fastFollowersCount': 0, 'favouritesCount': 15, 'hasCustomTimelines': True, 'isTranslator': False, 'mediaCount': 0, 'statusesCount': 40, 'withheldInCountries': [], 'affiliatesHighlightedLabel': {}, 'possiblySensitive': False, 'pinnedTweetIds': [], 'profile_bio': {'description': ''}, 'isAutomated': False, 'automatedBy': None}",{},,{},"{'hashtags': [], 'symbols': [], 'timestamps': [], 'urls': [], 'user_mentions': [{'id_str': '942024849790091264', 'name': 'arman_putra', 'screen_name': 'armansyahp90', 'indices': [0, 13]}, {'id_str': '172766975', 'name': 'Khairil Anwar Notodiputro', 'screen_name': 'kh_notodiputro', 'indices': [14, 29]}, {'id_str': '282006208', 'name': 'Mahfud MD', 'screen_name': 'mohmahfudmd', 'indices': [30, 42]}]}",,,,,False,0.0,
tweet,1628008615465619458,https://x.com/lpminstitut/status/1628008615465619458,https://twitter.com/lpminstitut/status/1628008615465619458,"Ditinjau dari sistem pemerintahan presidensial, pemilihan gubernur oleh presiden atau DPRD ini dianggap terlalu terburu-buru. Dalam sistem tersebut, eksekutif memang dipilih oleh rakyat, baik di level pusat maupun daerah.",,0.0,1.0,3.0,0.0,252.0,Tue Feb 21 12:27:55 +0000 2023,in,0.0,False,,1.6280086154656195e+18,,,False,"{'type': 'user', 'userName': 'lpminstitut', 'url': 'https://x.com/lpminstitut', 'twitterUrl': 'https://twitter.com/lpminstitut', 'id': '16637045', 'name': 'LPM Institut UIN Jakarta', 'isVerified': False, 'isBlueVerified': False, 'profilePicture': 'https://pbs.twimg.com/profile_images/1446168713091162133/D4Oo2-E5_normal.jpg', 'coverPicture': 'https://pbs.twimg.com/profile_banners/16637045/1625409160', 'description': '#BacaTulisLawan | Menyuarakan Kebebasan, Keadilan dan Kejujuran. \nNarahubung:  0818-0797-2937 (Naufal)\nhttps://t.co/1hd8U3eVNn', 'location': 'Ciputat, Indonesia', 'followers': 4341, 'following': 237, 'status': '', 'canDm': True, 'canMediaTag': True, 'createdAt': 'Tue Oct 07 21:06:25 +0000 2008', 'entities': {'description': {'urls': []}, 'url': {}}, 'fastFollowersCount': 0, 'favouritesCount': 49, 'hasCustomTimelines': True, 'isTranslator': False, 'mediaCount': 4218, 'statusesCount': 14533, 'withheldInCountries': [], 'affiliatesHighlightedLabel': {}, 'possiblySensitive': False, 'pinnedTweetIds': ['1568129672881520640'], 'profile_bio': {'description': '#BacaTulisLawan | Menyuarakan Kebebasan, Keadilan dan Kejujuran. \nNarahubung:  0818-0797-2937 (Naufal)\nhttps://t.co/1hd8U3eVNn'}, 'isAutomated': False, 'automatedBy': None}","{'media': [{'display_url': 'pic.x.com/TnLAoWcRUM', 'expanded_url': 'https://x.com/lpminstitut/status/1628008615465619458/photo/1', 'id_str': '1628008603499245568', 'indices': [222, 245], 'media_key': '3_1628008603499245568', 'media_url_https': 'https://pbs.twimg.com/media/FpfZMwbaMAAwEsq.jpg', 'type': 'photo', 'url': 'https://t.co/TnLAoWcRUM', 'ext_media_availability': {'status': 'Available'}, 'features': {'large': {'faces': [{'x': 874, 'y': 855, 'h': 58, 'w': 58}, {'x': 1290, 'y': 681, 'h': 150, 'w': 150}]}, 'medium': {'faces': [{'x': 647, 'y': 633, 'h': 42, 'w': 42}, {'x': 955, 'y': 504, 'h': 111, 'w': 111}]}, 'small': {'faces': [{'x': 366, 'y': 358, 'h': 24, 'w': 24}, {'x': 541, 'y': 285, 'h': 62, 'w': 62}]}, 'orig': {'faces': [{'x': 874, 'y': 855, 'h': 58, 'w': 58}, {'x': 1290, 'y': 681, 'h': 150, 'w': 150}]}}, 'sizes': {'large': {'h': 1620, 'w': 1620, 'resize': 'fit'}, 'medium': {'h': 1200, 'w': 1200, 'resize': 'fit'}, 'small': {'h': 680, 'w': 680, 'resize': 'fit'}, 'thumb': {'h': 150, 'w': 150, 'resize': 'crop'}}, 'original_info': {'height': 1620, 'width': 1620, 'focus_rects': [{'x': 0, 'y': 73, 'w': 1620, 'h': 907}, {'x': 0, 'y': 0, 'w': 1620, 'h': 1620}, {'x': 0, 'y': 0, 'w': 1421, 'h': 1620}, {'x': 0, 'y': 0, 'w': 810, 'h': 1620}, {'x': 0, 'y': 0, 'w': 1620, 'h': 1620}]}, 'media_results': {'result': {'media_key': '3_1628008603499245568'}}}]}",,{},"{'hashtags': [], 'media': [{'display_url': 'pic.x.com/TnLAoWcRUM', 'expanded_url': 'https://x.com/lpminstitut/status/1628008615465619458/photo/1', 'id_str': '1628008603499245568', 'indices': [222, 245], 'media_key': '3_1628008603499245568', 'media_url_https': 'https://pbs.twimg.com/media/FpfZMwbaMAAwEsq.jpg', 'type': 'photo', 'url': 'https://t.co/TnLAoWcRUM', 'ext_media_availability': {'status': 'Available'}, 'features': {'large': {'faces': [{'x': 874, 'y': 855, 'h': 58, 'w': 58}, {'x': 1290, 'y': 681, 'h': 150, 'w': 150}]}, 'medium': {'faces': [{'x': 647, 'y': 633, 'h': 42, 'w': 42}, {'x': 955, 'y': 504, 'h': 111, 'w': 111}]}, 'small': {'faces': [{'x': 366, 'y': 358, 'h': 24, 'w': 24}, {'x': 541, 'y': 285, 'h': 62, 'w': 62}]}, 'orig': {'faces': [{'x': 874, 'y': 855, 'h': 58, 'w': 58}, {'x': 1290, 'y': 681, 'h': 150, 'w': 150}]}}, 'sizes': {'large': {'h': 1620, 'w': 1620, 'resize': 'fit'}, 'medium': {'h': 1200, 'w': 1200, 'resize': 'fit'}, 'small': {'h': 680, 'w': 680, 'resize': 'fit'}, 'thumb': {'h': 150, 'w': 150, 'resize': 'crop'}}, 'original_info': {'height': 1620, 'width': 1620, 'focus_rects': [{'x': 0, 'y': 73, 'w': 1620, 'h': 907}, {'x': 0, 'y': 0, 'w': 1620, 'h': 1620}, {'x': 0, 'y': 0, 'w': 1421, 'h': 1620}, {'x': 0, 'y': 0, 'w': 810, 'h': 1620}, {'x': 0, 'y': 0, 'w': 1620, 'h': 1620}]}, 'media_results': {'result': {'media_key': '3_1628008603499245568'}}}], 'symbols': [], 'timestamps': [], 'urls': [], 'user_mentions': []}",,,,,False,0.0,
tweet,1623150153237663744,https://x.com/_Haris_Srg/status/1623150153237663744,https://twitter.com/_Haris_Srg/status/1623150153237663744,"Saya setuju soal ini dengan Teddy. Pilkada lebih byk mudharatnya dari baiknya. Perpecahan, boros biaya, menciptakan raja² kecil dan koruptor² baru. Sudah saatnya Pemilihan Gubernur, Bup/Walkota dilakukan oleh DPRD kembali.",,0.0,0.0,0.0,0.0,76.0,Wed Feb 08 02:42:07 +0000 2023,in,0.0,True,1.6231289637816484e+18,1.6231289637816484e+18,,,False,"{'type': 'user', 'userName': '_Haris_Srg', 'url': 'https://x.com/_Haris_Srg', 'twitterUrl': 'https://twitter.com/_Haris_Srg', 'id': '213168371', 'name': 'SuluhKebenaran', 'isVerified': False, 'isBlueVerified': False, 'profilePicture': 'https://pbs.twimg.com/profile_images/1989345199454396416/SxCvCR12_normal.jpg', 'coverPicture': 'https://pbs.twimg.com/profile_banners/213168371/1763173691', 'description': 'Orang yang berpikiran tinggi harus lebih peduli pada kebenaran daripada apa yang dipikirkan orang.  -Aris Toteles-', 'location': 'Diatas Genteng Istana', 'followers': 6085, 'following': 2704, 'status': '', 'canDm': False, 'canMediaTag': False, 'createdAt': 'Mon Nov 08 04:36:01 +0000 2010', 'entities': {'description': {'urls': []}, 'url': {}}, 'fastFollowersCount': 0, 'favouritesCount': 10612, 'hasCustomTimelines': True, 'isTranslator': False, 'mediaCount': 5330, 'statusesCount': 127632, 'withheldInCountries': [], 'affiliatesHighlightedLabel': {}, 'possiblySensitive': False, 'pinnedTweetIds': ['1782388145331609873'], 'profile_bio': {'description': 'Orang yang berpikiran tinggi harus lebih peduli pada kebenaran daripada apa yang dipikirkan orang.  -Aris Toteles-'}, 'isAutomated': False, 'automatedBy': None}",{},,{},"{'hashtags': [], 'symbols': [], 'timestamps': [], 'urls': [], 'user_mentions': [{'id_str': '1447610310529982467', 'name': 'Teddy Gusnaidi', 'screen_name': 'TeddGus', 'indices': [0, 8]}]}",,,,,False,0.0,
tweet,1622433483074465792,https://x.com/_Haris_Srg/status/1622433483074465792,https://twitter.com/_Haris_Srg/status/1622433483074465792,"Berdasarkan Sila ke.4 sebanarnya kita tidak ada pemilihan langsung. Presiden oleh MPR, Gubernur dan Bup/Walkot oleh DPRD. Bagi saya, Presiden tetap dipilih oleh rakyat namun tanpa ada Presiden Threshold. Namun Parliamentary Threshold 10%.",,0.0,1.0,0.0,0.0,103.0,Mon Feb 06 03:14:20 +0000 2023,in,0.0,False,,1.6224334830744658e+18,,,False,"{'type': 'user', 'userName': '_Haris_Srg', 'url': 'https://x.com/_Haris_Srg', 'twitterUrl': 'https://twitter.com/_Haris_Srg', 'id': '213168371', 'name': 'SuluhKebenaran', 'isVerified': False, 'isBlueVerified': False, 'profilePicture': 'https://pbs.twimg.com/profile_images/1989345199454396416/SxCvCR12_normal.jpg', 'coverPicture': 'https://pbs.twimg.com/profile_banners/213168371/1763173691', 'description': 'Orang yang berpikiran tinggi harus lebih peduli pada kebenaran daripada apa yang dipikirkan orang.  -Aris Toteles-', 'location': 'Diatas Genteng Istana', 'followers': 6085, 'following': 2704, 'status': '', 'canDm': False, 'canMediaTag': False, 'createdAt': 'Mon Nov 08 04:36:01 +0000 2010', 'entities': {'description': {'urls': []}, 'url': {}}, 'fastFollowersCount': 0, 'favouritesCount': 10612, 'hasCustomTimelines': True, 'isTranslator': False, 'mediaCount': 5330, 'statusesCount': 127632, 'withheldInCountries': [], 'affiliatesHighlightedLabel': {}, 'possiblySensitive': False, 'pinnedTweetIds': ['1782388145331609873'], 'profile_bio': {'description': 'Orang yang berpikiran tinggi harus lebih peduli pada kebenaran daripada apa yang dipikirkan orang.  -Aris Toteles-'}, 'isAutomated': False, 'automatedBy': None}","{'media': [{'display_url': 'pic.x.com/NofRStXRZV', 'expanded_url': 'https://x.com/AH_SiregarXIX/status/1622433483074465792/photo/1', 'id_str': '1622433478959853568', 'indices': [240, 263], 'media_key': '3_1622433478959853568', 'media_url_https': 'https://pbs.twimg.com/media/FoQKpzEacAAQSBc.jpg', 'type': 'photo', 'url': 'https://t.co/NofRStXRZV', 'ext_media_availability': {'status': 'Available'}, 'features': {'large': {'faces': [{'x': 269, 'y': 490, 'h': 102, 'w': 102}]}, 'medium': {'faces': [{'x': 269, 'y': 490, 'h': 102, 'w': 102}]}, 'small': {'faces': [{'x': 163, 'y': 298, 'h': 62, 'w': 62}]}, 'orig': {'faces': [{'x': 269, 'y': 490, 'h': 102, 'w': 102}]}}, 'sizes': {'large': {'h': 1119, 'w': 720, 'resize': 'fit'}, 'medium': {'h': 1119, 'w': 720, 'resize': 'fit'}, 'small': {'h': 680, 'w': 438, 'resize': 'fit'}, 'thumb': {'h': 150, 'w': 150, 'resize': 'crop'}}, 'original_info': {'height': 1119, 'width': 720, 'focus_rects': [{'x': 0, 'y': 0, 'w': 720, 'h': 403}, {'x': 0, 'y': 0, 'w': 720, 'h': 720}, {'x': 0, 'y': 0, 'w': 720, 'h': 821}, {'x': 0, 'y': 0, 'w': 560, 'h': 1119}, {'x': 0, 'y': 0, 'w': 720, 'h': 1119}]}, 'media_results': {'result': {'media_key': '3_1622433478959853568'}}}]}",,{},"{'hashtags': [], 'media': [{'display_url': 'pic.x.com/NofRStXRZV', 'expanded_url': 'https://x.com/AH_SiregarXIX/status/1622433483074465792/photo/1', 'id_str': '1622433478959853568', 'indices': [240, 263], 'media_key': '3_1622433478959853568', 'media_url_https': 'https://pbs.twimg.com/media/FoQKpzEacAAQSBc.jpg', 'type': 'photo', 'url': 'https://t.co/NofRStXRZV', 'ext_media_availability': {'status': 'Available'}, 'features': {'large': {'faces': [{'x': 269, 'y': 490, 'h': 102, 'w': 102}]}, 'medium': {'faces': [{'x': 269, 'y': 490, 'h': 102, 'w': 102}]}, 'small': {'faces': [{'x': 163, 'y': 298, 'h': 62, 'w': 62}]}, 'orig': {'faces': [{'x': 269, 'y': 490, 'h': 102, 'w': 102}]}}, 'sizes': {'large': {'h': 1119, 'w': 720, 'resize': 'fit'}, 'medium': {'h': 1119, 'w': 720, 'resize': 'fit'}, 'small': {'h': 680, 'w': 438, 'resize': 'fit'}, 'thumb': {'h': 150, 'w': 150, 'resize': 'crop'}}, 'original_info': {'height': 1119, 'width': 720, 'focus_rects': [{'x': 0, 'y': 0, 'w': 720, 'h': 403}, {'x': 0, 'y': 0, 'w': 720, 'h': 720}, {'x': 0, 'y': 0, 'w': 720, 'h': 821}, {'x': 0, 'y': 0, 'w': 560, 'h': 1119}, {'x': 0, 'y': 0, 'w': 720, 'h': 1119}]}, 'media_results': {'result': {'media_key': '3_1622433478959853568'}}}], 'symbols': [], 'timestamps': [], 'urls': [], 'user_mentions': []}",,,,,False,0.0,
tweet,1619961956907237376,https://x.com/D1t07/status/1619961956907237376,https://twitter.com/D1t07/status/1619961956907237376,"Sejak Pilkada diundur oleh Presiden, Ogut udah mempertanyakan 'legalitas' pengangkatan Gubernur Kep Daerah oleh Presiden, yg terang2an memperkosa dan bertentangan dgn UU ttg pemilihan kepala daerah. Seharusnya BUKAN presiden yg pilih, tapi DPRD. Sama2 ilegal tp lebih demokratis",,0.0,0.0,0.0,0.0,51.0,Mon Jan 30 07:33:22 +0000 2023,in,0.0,True,1.6196916079048827e+18,1.6196916079048827e+18,,,False,"{'type': 'user', 'userName': 'D1t07', 'url': 'https://x.com/D1t07', 'twitterUrl': 'https://twitter.com/D1t07', 'id': '1257050681925459968', 'name': 'D1T0 7AD1', 'isVerified': False, 'isBlueVerified': False, 'profilePicture': 'https://pbs.twimg.com/profile_images/1951979126241546240/jhm3mP1n_normal.jpg', 'coverPicture': 'https://pbs.twimg.com/profile_banners/1257050681925459968/1588539496', 'description': '| Non Partisan & Non Sectarian || QUANDO A DITADURA É UM FACTO, A REVOLIÇÃO É UM DEVER || ええじゃないか |', 'location': 'Somewhere in the universe. ', 'followers': 870, 'following': 886, 'status': '', 'canDm': False, 'canMediaTag': True, 'createdAt': 'Sun May 03 20:54:33 +0000 2020', 'entities': {'description': {'urls': []}, 'url': {}}, 'fastFollowersCount': 0, 'favouritesCount': 48904, 'hasCustomTimelines': True, 'isTranslator': False, 'mediaCount': 3557, 'statusesCount': 25055, 'withheldInCountries': [], 'affiliatesHighlightedLabel': {}, 'possiblySensitive': False, 'pinnedTweetIds': ['1952613854565069035'], 'profile_bio': {'description': '| Non Partisan & Non Sectarian || QUANDO A DITADURA É UM FACTO, A REVOLIÇÃO É UM DEVER || ええじゃないか |'}, 'isAutomated': False, 'automatedBy': None}",{},,{},"{'hashtags': [], 'symbols': [], 'timestamps': [], 'urls': [], 'user_mentions': [{'id_str': '1337026329879793666', 'name': 'baliandra', 'screen_name': 'baliandra2', 'indices': [0, 11]}]}",,,,,False,0.0,
tweet,1604766498731749376,https://x.com/tvOneNews/status/1604766498731749376,https://twitter.com/tvOneNews/status/1604766498731749376,Asosiasi Doktor Hukum Indonesia Usulkan Pemilihan Gubernur Oleh DPRD,,0.0,0.0,0.0,0.0,684.0,Mon Dec 19 09:12:03 +0000 2022,in,0.0,False,,1.6047664987317494e+18,,,False,"{'type': 'user', 'userName': 'tvOneNews', 'url': 'https://x.com/tvOneNews', 'twitterUrl': 'https://twitter.com/tvOneNews', 'id': '55507370', 'name': 'tvOnenews', 'isVerified': False, 'isBlueVerified': False, 'profilePicture': 'https://pbs.twimg.com/profile_images/1811001498689753089/p2l374M3_normal.jpg', 'coverPicture': 'https://pbs.twimg.com/profile_banners/55507370/1690282621', 'description': 'Official Account of tvOneNews', 'location': 'Pulo Gadung, Indonesia', 'followers': 7881312, 'following': 49, 'status': '', 'canDm': False, 'canMediaTag': True, 'createdAt': 'Fri Jul 10 08:16:35 +0000 2009', 'entities': {'description': {'urls': []}, 'url': {}}, 'fastFollowersCount': 0, 'favouritesCount': 0, 'hasCustomTimelines': True, 'isTranslator': False, 'mediaCount': 209975, 'statusesCount': 509597, 'withheldInCountries': [], 'affiliatesHighlightedLabel': {}, 'possiblySensitive': False, 'pinnedTweetIds': [], 'profile_bio': {'description': 'Official Account of tvOneNews'}, 'isAutomated': False, 'automatedBy': None}",{},,{},"{'hashtags': [], 'symbols': [], 'timestamps': [], 'urls': [{'display_url': 'dlvr.it/Sfbc2h', 'expanded_url': 'http://dlvr.it/Sfbc2h', 'url': 'https://t.co/p3rJ1f28ET', 'indices': [69, 92]}], 'user_mentions': []}",,,,,False,0.0,
tweet,1604351396257861633,https://x.com/kumparan/status/1604351396257861633,https://twitter.com/kumparan/status/1604351396257861633,"Dari 3 nama yang diusulkan oleh Gubernur Kalbar ke Kemendagri, tak ada nama Sumastro. Belakangan diketahui, Sumastro diusulkan oleh DPRD Singkawang sebagai Pj Wali Kota. publisherstory hipontianak",,0.0,0.0,0.0,0.0,1343.0,Sun Dec 18 05:42:34 +0000 2022,in,0.0,False,,1.6043513962578616e+18,,,False,"{'type': 'user', 'userName': 'kumparan', 'url': 'https://x.com/kumparan', 'twitterUrl': 'https://twitter.com/kumparan', 'id': '759692754985242625', 'name': 'kumparan', 'isVerified': False, 'isBlueVerified': True, 'profilePicture': 'https://pbs.twimg.com/profile_images/2001859748917055494/J5kLm8_P_normal.jpg', 'coverPicture': 'https://pbs.twimg.com/profile_banners/759692754985242625/1766116302', 'description': 'Bicara Fakta Lewat Berita', 'location': '', 'followers': 1154634, 'following': 3, 'status': '', 'canDm': True, 'canMediaTag': True, 'createdAt': 'Sun Jul 31 10:10:42 +0000 2016', 'entities': {'description': {'urls': []}, 'url': {}}, 'fastFollowersCount': 0, 'favouritesCount': 1067, 'hasCustomTimelines': True, 'isTranslator': False, 'mediaCount': 101352, 'statusesCount': 1151443, 'withheldInCountries': [], 'affiliatesHighlightedLabel': {}, 'possiblySensitive': False, 'pinnedTweetIds': ['1998326618738262502'], 'profile_bio': {'description': 'Bicara Fakta Lewat Berita'}, 'isAutomated': False, 'automatedBy': None}",{},,{},"{'hashtags': [{'indices': [170, 185], 'text': 'publisherstory'}, {'indices': [186, 198], 'text': 'hipontianak'}], 'symbols': [], 'timestamps': [], 'urls': [{'display_url': 'kumparan.com/hipontianak/so…', 'expanded_url': 'https://kumparan.com/hipontianak/soal-polemik-pemilihan-pj-wali-kota-singkawang-ini-penjelasan-sekda-kalbar-1zSlDEnUDJ0?utm_source=Twitter&utm_medium=post&utm_campaign=int', 'url': 'https://t.co/eQyVxINZk0', 'indices': [199, 222]}], 'user_mentions': []}",,,,,False,0.0,
tweet,1602678333384163328,https://x.com/ZakyPongngax/status/1602678333384163328,https://twitter.com/ZakyPongngax/status/1602678333384163328,"Pemilihan langsung cukup pemilihan presiden, gubernur , walikota dan bupati dipilih oleh dprd mengurangi ongkos politik",,0.0,0.0,0.0,0.0,0.0,Tue Dec 13 14:54:25 +0000 2022,in,0.0,True,1.6026095430618563e+18,1.6026095430618563e+18,,,False,"{'type': 'user', 'userName': 'ZakyPongngax', 'url': 'https://x.com/ZakyPongngax', 'twitterUrl': 'https://twitter.com/ZakyPongngax', 'id': '724860637', 'name': 'IPongs', 'isVerified': False, 'isBlueVerified': False, 'profilePicture': 'https://pbs.twimg.com/profile_images/1615002994973757440/TAOSSuBS_normal.jpg', 'coverPicture': 'https://pbs.twimg.com/profile_banners/724860637/1560202864', 'description': 'Jika tidak bisa menjadi yang terbaik, jadilah pribadi yang membahagiakan', 'location': 'Indonesia', 'followers': 164, 'following': 628, 'status': '', 'canDm': False, 'canMediaTag': False, 'createdAt': 'Sun Jul 29 23:52:30 +0000 2012', 'entities': {'description': {'urls': []}, 'url': {}}, 'fastFollowersCount': 0, 'favouritesCount': 4811, 'hasCustomTimelines': True, 'isTranslator': False, 'mediaCount': 156, 'statusesCount': 5754, 'withheldInCountries': [], 'affiliatesHighlightedLabel': {}, 'possiblySensitive': False, 'pinnedTweetIds': [], 'profile_bio': {'description': 'Jika tidak bisa menjadi yang terbaik, jadilah pribadi yang membahagiakan'}, 'isAutomated': False, 'automatedBy': None}",{},,{},"{'hashtags': [], 'symbols': [], 'timestamps': [], 'urls': [], 'user_mentions': [{'id_str': '17128975', 'name': 'CNN Indonesia', 'screen_name': 'CNNIndonesia', 'indices': [0, 13]}]}",,,,,False,0.0,
tweet,1598878160853999616,https://x.com/9usmulAgus/status/1598878160853999616,https://twitter.com/9usmulAgus/status/1598878160853999616,Lah kan memang sdh disulkan DPRD sebelumnya? Proses ini mirip dengan pemilihan gubernur jaman Soeharto. Tetap dipilih rakyat tapi diwakilkan oleh DPRD. Permusyawaratan perwakilan gitu loh,,0.0,0.0,0.0,0.0,0.0,Sat Dec 03 03:13:53 +0000 2022,in,0.0,True,1.5986547380352246e+18,1.5986482534022922e+18,,,False,"{'type': 'user', 'userName': '9usmulAgus', 'url': 'https://x.com/9usmulAgus', 'twitterUrl': 'https://twitter.com/9usmulAgus', 'id': '2277564600', 'name': 'AGS', 'isVerified': False, 'isBlueVerified': False, 'profilePicture': 'https://pbs.twimg.com/profile_images/1641042392609607680/QrNW1NTd_normal.jpg', 'coverPicture': 'https://pbs.twimg.com/profile_banners/2277564600/1680089949', 'description': '', 'location': '', 'followers': 7, 'following': 31, 'status': '', 'canDm': False, 'canMediaTag': True, 'createdAt': 'Sun Jan 05 12:42:17 +0000 2014', 'entities': {'description': {'urls': []}, 'url': {}}, 'fastFollowersCount': 0, 'favouritesCount': 71, 'hasCustomTimelines': True, 'isTranslator': False, 'mediaCount': 11, 'statusesCount': 1835, 'withheldInCountries': [], 'affiliatesHighlightedLabel': {}, 'possiblySensitive': False, 'pinnedTweetIds': [], 'profile_bio': {'description': ''}, 'isAutomated': False, 'automatedBy': None}",{},,{},"{'hashtags': [], 'symbols': [], 'timestamps': [], 'urls': [], 'user_mentions': [{'id_str': '544922461', 'name': 'Mu0808', 'screen_name': 'Ibnu_Radi', 'indices': [0, 10]}, {'id_str': '69183155', 'name': 'detikcom', 'screen_name': 'detikcom', 'indices': [11, 20]}]}",,,,,False,0.0,
tweet,1597588428253966338,https://x.com/HILARlO/status/1597588428253966338,https://twitter.com/HILARlO/status/1597588428253966338,"Afah iyah dek pemilihan Presiden, DPR, DPD, DPRD Propinsi, DPRD Kota/Kabupaten, Gubernur, Walikota/Bupati segitu banyaknya di Indonesia, yg diawasi oleh Bawaslu, parpol, & masyarakat, dan dijamin oleh MK, semuanya pemenangnya sudah jelas dan bisa diatur? Anda punya buktinya kah?",,0.0,1.0,0.0,0.0,0.0,Tue Nov 29 13:48:57 +0000 2022,in,0.0,True,1.5975862434657935e+18,1.5971913965945487e+18,,,False,"{'type': 'user', 'userName': 'HILARlO', 'url': 'https://x.com/HILARlO', 'twitterUrl': 'https://twitter.com/HILARlO', 'id': '82550378', 'name': 'Hilario', 'isVerified': False, 'isBlueVerified': False, 'profilePicture': 'https://pbs.twimg.com/profile_images/1944107408848019456/eWNqKcQz_normal.jpg', 'coverPicture': 'https://pbs.twimg.com/profile_banners/82550378/1667047855', 'description': 'Terima jasa aplikasi, web, desain, organ tunggal, tambal ban, sedot WC, sunat massal, pasang genset, badut ulang tahun, rukyah, vaksin rabies, servis radiator', 'location': 'Jogja', 'followers': 988, 'following': 89, 'status': '', 'canDm': True, 'canMediaTag': True, 'createdAt': 'Thu Oct 15 05:52:27 +0000 2009', 'entities': {'description': {'urls': []}, 'url': {}}, 'fastFollowersCount': 0, 'favouritesCount': 21620, 'hasCustomTimelines': True, 'isTranslator': False, 'mediaCount': 3832, 'statusesCount': 21281, 'withheldInCountries': [], 'affiliatesHighlightedLabel': {}, 'possiblySensitive': False, 'pinnedTweetIds': ['1829592065107521742'], 'profile_bio': {'description': 'Terima jasa aplikasi, web, desain, organ tunggal, tambal ban, sedot WC, sunat massal, pasang genset, badut ulang tahun, rukyah, vaksin rabies, servis radiator'}, 'isAutomated': False, 'automatedBy': None}",{},,{},"{'hashtags': [], 'symbols': [], 'timestamps': [], 'urls': [], 'user_mentions': [{'id_str': '249646913', 'name': '𝒦𝓎', 'screen_name': 'SiiiKurusss', 'indices': [0, 12]}, {'id_str': '1499871292073283588', 'name': 'RigAlFatih', 'screen_name': 'AlfatihRig', 'indices': [13, 24]}, {'id_str': '1495326248100589569', 'name': 'neohistoria Indonesia', 'screen_name': 'neohistoria_id', 'indices': [25, 40]}]}",,,,,False,0.0,
tweet,1579705630470057984,https://x.com/ARosadi76/status/1579705630470057984,https://twitter.com/ARosadi76/status/1579705630470057984,"bagi saya yg melihat dan tahu bgmn pilkada daerah, tentu sangat setuju pemilihan dikembalikan ke DPRD atau bahkan dipilih langsung oleh presiden/menteri.karena biaya pilkada yg super gila itulah yg menjadi sebab munculnya korupsi. bayangkan Bupati antara 10-30m, gubernur 100m",,0.0,1.0,0.0,0.0,0.0,Tue Oct 11 05:29:06 +0000 2022,in,0.0,True,1.5797002189371146e+18,1.5797002189371146e+18,,,False,"{'type': 'user', 'userName': 'ARosadi76', 'url': 'https://x.com/ARosadi76', 'twitterUrl': 'https://twitter.com/ARosadi76', 'id': '1329171484955140097', 'name': 'Agus Gunawan Rosadi76', 'isVerified': False, 'isBlueVerified': False, 'profilePicture': 'https://pbs.twimg.com/profile_images/1366772874208366597/dlh9B5od_normal.jpg', 'coverPicture': '', 'description': 'traveling', 'location': '', 'followers': 46, 'following': 93, 'status': '', 'canDm': True, 'canMediaTag': True, 'createdAt': 'Wed Nov 18 21:17:16 +0000 2020', 'entities': {'description': {'urls': []}, 'url': {}}, 'fastFollowersCount': 0, 'favouritesCount': 630, 'hasCustomTimelines': True, 'isTranslator': False, 'mediaCount': 26, 'statusesCount': 2059, 'withheldInCountries': [], 'affiliatesHighlightedLabel': {}, 'possiblySensitive': False, 'pinnedTweetIds': [], 'profile_bio': {'description': 'traveling'}, 'isAutomated': False, 'automatedBy': None}",{},,{},"{'hashtags': [], 'symbols': [], 'timestamps': [], 'urls': [], 'user_mentions': [{'id_str': '182699119', 'name': 'Naufal Firman Yursak', 'screen_name': 'firmanyursak', 'indices': [0, 13]}]}",,,,,False,0.0,
tweet,1570237737026080772,https://x.com/kompascom/status/1570237737026080772,https://twitter.com/kompascom/status/1570237737026080772,"Heru menyebut proses pemilihan Pj Gubernur DKI masih panjang. Sementara itu, Marullah dan Bahtiar berterimakasih karena sudah dipilih oleh DPRD DKI.",,0.0,0.0,1.0,0.0,0.0,Thu Sep 15 02:27:04 +0000 2022,in,0.0,False,,1.5702377370260808e+18,,,False,"{'type': 'user', 'userName': 'kompascom', 'url': 'https://x.com/kompascom', 'twitterUrl': 'https://twitter.com/kompascom', 'id': '23343960', 'name': 'Kompas.com', 'isVerified': False, 'isBlueVerified': True, 'profilePicture': 'https://pbs.twimg.com/profile_images/1577144849437888514/d9x3nKN8_normal.jpg', 'coverPicture': 'https://pbs.twimg.com/profile_banners/23343960/1664855609', 'description': 'Jernih Melihat Dunia | Berita Indonesia Terkini, Akurat, dan Terpercaya', 'location': 'Jakarta', 'followers': 7787160, 'following': 26, 'status': '', 'canDm': True, 'canMediaTag': False, 'createdAt': 'Sun Mar 08 19:32:04 +0000 2009', 'entities': {'description': {'urls': []}, 'url': {}}, 'fastFollowersCount': 0, 'favouritesCount': 149, 'hasCustomTimelines': True, 'isTranslator': False, 'mediaCount': 129887, 'statusesCount': 2724744, 'withheldInCountries': [], 'affiliatesHighlightedLabel': {}, 'possiblySensitive': False, 'pinnedTweetIds': [], 'profile_bio': {'description': 'Jernih Melihat Dunia | Berita Indonesia Terkini, Akurat, dan Terpercaya'}, 'isAutomated': False, 'automatedBy': None}",{},,{},"{'hashtags': [], 'symbols': [], 'timestamps': [], 'urls': [{'display_url': 'dlvr.it/SYLZq9', 'expanded_url': 'http://dlvr.it/SYLZq9', 'url': 'https://t.co/yUhSKcDSyU', 'indices': [149, 172]}], 'user_mentions': []}",,,,,False,0.0,
tweet,1567109093718134786,https://x.com/tempodotco/status/1567109093718134786,https://twitter.com/tempodotco/status/1567109093718134786,"Ketua Fraksi Golkar Basri Baco menyebut, proses penetapan tiga calon pengganti Gubernur DKI Anies Baswedan itu harus diputuskan bersama-sama bukan hanya oleh pimpinan DPRD. TempoMetro",,0.0,1.0,6.0,0.0,0.0,Tue Sep 06 11:14:58 +0000 2022,in,0.0,False,,1.5671090937181348e+18,,,False,"{'type': 'user', 'userName': 'tempodotco', 'url': 'https://x.com/tempodotco', 'twitterUrl': 'https://twitter.com/tempodotco', 'id': '18129942', 'name': 'tempo.co', 'isVerified': False, 'isBlueVerified': True, 'profilePicture': 'https://pbs.twimg.com/profile_images/1968882591031058432/qH8VMl2G_normal.jpg', 'coverPicture': 'https://pbs.twimg.com/profile_banners/18129942/1730987805', 'description': 'sejak 1971 | enak dibaca dan perlu | follow untuk berita terbaru, laporan khusus, dan penjelasan yang seru.', 'location': 'Indonesia', 'followers': 2299416, 'following': 19, 'status': '', 'canDm': True, 'canMediaTag': True, 'createdAt': 'Mon Dec 15 03:54:15 +0000 2008', 'entities': {'description': {'urls': []}, 'url': {}}, 'fastFollowersCount': 0, 'favouritesCount': 1069, 'hasCustomTimelines': True, 'isTranslator': False, 'mediaCount': 32650, 'statusesCount': 1436529, 'withheldInCountries': [], 'affiliatesHighlightedLabel': {}, 'possiblySensitive': False, 'pinnedTweetIds': ['2009211270181081444'], 'profile_bio': {'description': 'sejak 1971 | enak dibaca dan perlu | follow untuk berita terbaru, laporan khusus, dan penjelasan yang seru.'}, 'isAutomated': False, 'automatedBy': None}",{},,{},"{'hashtags': [{'indices': [173, 184], 'text': 'TempoMetro'}], 'symbols': [], 'timestamps': [], 'urls': [{'display_url': 'bit.ly/3QnRGqW', 'expanded_url': 'https://bit.ly/3QnRGqW', 'url': 'https://t.co/BiYg9avTIb', 'indices': [185, 208]}], 'user_mentions': []}",,,,,False,0.0,
tweet,1518184301044637696,https://x.com/sinyonamaqu/status/1518184301044637696,https://twitter.com/sinyonamaqu/status/1518184301044637696,"Gubernur jaman Pak Harto, dipilih oleh DPRD (bukan ditunjuk). Namanya pemilihan tak langsung.",,0.0,2.0,0.0,0.0,0.0,Sun Apr 24 11:05:18 +0000 2022,in,0.0,True,1.5181680462122885e+18,1.5181238348804342e+18,,,False,"{'type': 'user', 'userName': 'sinyonamaqu', 'url': 'https://x.com/sinyonamaqu', 'twitterUrl': 'https://twitter.com/sinyonamaqu', 'id': '66011286', 'name': 'BapakBahagia', 'isVerified': False, 'isBlueVerified': True, 'profilePicture': 'https://pbs.twimg.com/profile_images/838187063002308608/GW_7xbXh_normal.jpg', 'coverPicture': 'https://pbs.twimg.com/profile_banners/66011286/1591341418', 'description': 'Bapak dari 3 putri yang Cantik, sehat dan berprestasi. Twitter lebih untuk share hal-hal positif', 'location': 'Bersama anak dan istri', 'followers': 334, 'following': 1083, 'status': '', 'canDm': False, 'canMediaTag': True, 'createdAt': 'Sun Aug 16 00:25:34 +0000 2009', 'entities': {'description': {'urls': []}, 'url': {}}, 'fastFollowersCount': 0, 'favouritesCount': 11577, 'hasCustomTimelines': True, 'isTranslator': False, 'mediaCount': 468, 'statusesCount': 12286, 'withheldInCountries': [], 'affiliatesHighlightedLabel': {}, 'possiblySensitive': False, 'pinnedTweetIds': [], 'profile_bio': {'description': 'Bapak dari 3 putri yang Cantik, sehat dan berprestasi. Twitter lebih untuk share hal-hal positif'}, 'isAutomated': False, 'automatedBy': None}",{},,{},"{'hashtags': [], 'symbols': [], 'timestamps': [], 'urls': [], 'user_mentions': [{'id_str': '2530482194', 'name': 'Ramon yap', 'screen_name': 'pramono_yap', 'indices': [0, 12]}, {'id_str': '236639447', 'name': 'Kakak Made ✨', 'screen_name': 'KakakMade', 'indices': [13, 23]}, {'id_str': '36321448', 'name': 'Fajar Nugros', 'screen_name': 'fajarnugros', 'indices': [24, 36]}]}",,,,,False,0.0,
tweet,1501820147480215552,https://x.com/klinikhukum/status/1501820147480215552,https://twitter.com/klinikhukum/status/1501820147480215552,Tata tertib pemilihan Gubernur yang disusun oleh DPRD dapat diajukan judicial review lho. Siapa lembaga yang berwenang mengajukan permohonan judicial review tersebut? Temukan jawabannya di sini:,,0.0,0.0,3.0,0.0,0.0,Thu Mar 10 07:20:00 +0000 2022,in,0.0,False,,1.5018201474802156e+18,,,False,"{'type': 'user', 'userName': 'klinikhukum', 'url': 'https://x.com/klinikhukum', 'twitterUrl': 'https://twitter.com/klinikhukum', 'id': '81066525', 'name': 'Klinik Hukumonline', 'isVerified': False, 'isBlueVerified': False, 'profilePicture': 'https://pbs.twimg.com/profile_images/1957701718910939136/kA2SYr81_normal.jpg', 'coverPicture': 'https://pbs.twimg.com/profile_banners/81066525/1724421483', 'description': ""Yang 'Bikin Melek Hukum' emang Klinik Hukumonline!"", 'location': 'Jakarta Selatan, DKI Jakarta', 'followers': 127163, 'following': 194, 'status': '', 'canDm': True, 'canMediaTag': True, 'createdAt': 'Fri Oct 09 09:03:19 +0000 2009', 'entities': {'description': {'urls': []}, 'url': {}}, 'fastFollowersCount': 0, 'favouritesCount': 210, 'hasCustomTimelines': True, 'isTranslator': False, 'mediaCount': 4196, 'statusesCount': 124839, 'withheldInCountries': [], 'affiliatesHighlightedLabel': {}, 'possiblySensitive': False, 'pinnedTweetIds': ['2000785625650487592'], 'profile_bio': {'description': ""Yang 'Bikin Melek Hukum' emang Klinik Hukumonline!""}, 'isAutomated': False, 'automatedBy': None}",{},,{},"{'hashtags': [], 'symbols': [], 'timestamps': [], 'urls': [{'display_url': 'huku.mn/le8l9', 'expanded_url': 'http://huku.mn/le8l9', 'url': 'https://t.co/EP7ghZBLK9', 'indices': [195, 218]}], 'user_mentions': []}",,,,,False,0.0,
tweet,1501812380270936065,https://x.com/1rfani/status/1501812380270936065,https://twitter.com/1rfani/status/1501812380270936065,Putin secara bertahap mengendalikan 83 wilayah Rusia dengan menunjuk politisi yang dia percaya sebagai gubernur. Dia menghapus pilkada pada 2004 dan menggantinya dengan pemilihan kepala daerah oleh para anggota DPRD.,,0.0,0.0,0.0,0.0,0.0,Thu Mar 10 06:49:08 +0000 2022,in,0.0,True,1.501789272441254e+18,1.5017614645704622e+18,,,False,"{'type': 'user', 'userName': '1rfani', 'url': 'https://x.com/1rfani', 'twitterUrl': 'https://twitter.com/1rfani', 'id': '109993136', 'name': 'irf', 'isVerified': False, 'isBlueVerified': False, 'profilePicture': 'https://pbs.twimg.com/profile_images/1224645065470959617/gErK75Fk_normal.jpg', 'coverPicture': 'https://pbs.twimg.com/profile_banners/109993136/1574876803', 'description': 'Budaya kita adalah beragama tapi berkorupsi. \n- Stock - Volunteer - Econ - Social - Goweser - Quoran.', 'location': '', 'followers': 771, 'following': 846, 'status': '', 'canDm': False, 'canMediaTag': False, 'createdAt': 'Sun Jan 31 00:05:56 +0000 2010', 'entities': {'description': {'urls': []}, 'url': {}}, 'fastFollowersCount': 0, 'favouritesCount': 3661, 'hasCustomTimelines': True, 'isTranslator': False, 'mediaCount': 468, 'statusesCount': 11996, 'withheldInCountries': [], 'affiliatesHighlightedLabel': {}, 'possiblySensitive': False, 'pinnedTweetIds': [], 'profile_bio': {'description': 'Budaya kita adalah beragama tapi berkorupsi. \n- Stock - Volunteer - Econ - Social - Goweser - Quoran.'}, 'isAutomated': False, 'automatedBy': None}",{},,{},"{'hashtags': [], 'symbols': [], 'timestamps': [], 'urls': [], 'user_mentions': [{'id_str': '1137588544447307777', 'name': 'new era', 'screen_name': 'New_Era_PS', 'indices': [0, 11]}, {'id_str': '736384867181547520', 'name': 'Daemoen', 'screen_name': 'Mentimoen', 'indices': [12, 22]}]}",,,,,False,0.0,
mock_tweet,-1,,,"Since you are a free user, you can only access a maximum of 15 tweets. Please upgrade to a paid user to unlock access to all tweets.",,,,,,,,,,,,,,,,,,,,,,,,,,,
