image,title,source,sourceUrl,publishedAt,link,source_file,url,description,published_at,content_type,metadata,pemilihan gubernur oleh DPRD,pilkada DPRD,gubernur dipilih DPRD,pemilihan kepala daerah DPRD,pilih gubernur lewat DPRD,revisi UU Pilkada,perubahan sistem pilkada,gubernur tidak langsung
https://i.headtopics.com/images/2026/1/6/vivacoid/demokrat-pertimbangkan-pilkada-oleh-dprd-sebagai-o-demokrat-pertimbangkan-pilkada-oleh-dprd-sebagai-o-44B5C1066897F5E503FB6C7694293E73.webp,Demokrat Pertimbangkan Pilkada oleh DPRD sebagai Opsi Serius,Head Topics,https://id.headtopics.com,2026-01-06T10:32:55.000Z,https://id.headtopics.com/news/demokrat-pertimbangkan-pilkada-oleh-dprd-sebagai-opsi-serius-78019974,dataset_google-news-scraper_2026-01-08_17-39-39-954.json,,,,,,,,,,,,,
https://www.matakalteng.com/assets/storage/2026/01/05/1000015447_750x500.jpg?v=1767611019,DPRD Kalteng Sampaikan Hasil Reses dan Buka Masa Persidangan II 2026,Mata Kalteng,https://www.matakalteng.com,2026-01-05T11:08:41.000Z,https://www.matakalteng.com/legislatif/dprd-kalimantan-tengah/2026/01/05/dprd-kalteng-sampaikan-hasil-reses-dan-buka-masa-persidangan-ii-2026,dataset_google-news-scraper_2026-01-08_17-39-39-954.json,,,,,,,,,,,,,
https://fajar.co.id/wp-content/uploads/2025/09/Menteri-Koordinator-bidang-Infrastruktur-dan-Pembangunan-Kewilayahan-Agus-Harimurti-Yudhoyono-AHY.-istimewa.webp,Demokrat Disebut dapat Iming-iming Jadikan AHY Cawapres 2029 di Tengah Dukungan Pilkada Lewat DPRD,FAJAR,https://fajar.co.id,2026-01-08T02:43:38.000Z,https://fajar.co.id/2026/01/08/demokrat-disebut-dapat-iming-iming-jadikan-ahy-jadi-cawapres-2029-di-tengah-dukungan-pilkada-lewat-dprd/,dataset_google-news-scraper_2026-01-08_17-39-39-954.json,,,,,,,,,,,,,
https://statik.tempo.co/data/2024/11/16/id_1353939/1353939_720.jpg,Pilkada Tak Langsung Jadi Ancaman Demokrasi Lokal,Tempo.co,https://nasional.tempo.co,2026-01-08T11:52:32.000Z,https://nasional.tempo.co/read/2079058/pilkada-tak-langsung-jadi-ancaman-demokrasi-lokal,dataset_google-news-scraper_2026-01-08_17-39-39-954.json,,,,,,,,,,,,,
https://cdn-1.timesmedia.co.id/images/2025/08/21/Ketua-DPD-GMNI-Jatim-Hendra-Prayogi.jpg,GMNI Jatim Tolak Pilkada Dipilih DPRD: Jangan Cabut Hak Politik Rakyat,TIMES Surabaya,https://surabaya.times.co.id,2026-01-07T05:01:00.000Z,https://surabaya.times.co.id/news/berita/ABsMszbI1/GMNI-Jatim-Tolak-Pilkada-Dipilih-DPRD-Jangan-Cabut-Hak-Politik-Rakyat,dataset_google-news-scraper_2026-01-08_17-39-39-954.json,,,,,,,,,,,,,
https://aktual.com/wp-content/uploads/2026/01/hasil-survei-puspoll-pilkada-dprd-publik-menolak-.jpeg,"Hasil Survei, 64,5 Persen Publik Tolak Wacana Pilkada lewat DPRD",Aktual.com,https://aktual.com,2026-01-08T08:35:36.000Z,https://aktual.com/hasil-survei-645-persen-publik-tolak-wacana-pilkada-lewat-dprd/,dataset_google-news-scraper_2026-01-08_17-39-39-954.json,,,,,,,,,,,,,
https://telusur.co.id/storage/thumbnails/1767884641.jpeg,"Biaya Politik Mahal, PKB Ingin Pilkada ke Depan Dilakukan Melalui DPRD",Telusur.co.id,https://telusur.co.id,2026-01-08T15:14:20.000Z,https://telusur.co.id/detail/biaya-politik-mahal-pkb-ingin-pilkada-ke-depan-dilakukan-melalui-dprd,dataset_google-news-scraper_2026-01-08_17-39-39-954.json,,,,,,,,,,,,,
https://fajar.co.id/wp-content/uploads/2025/11/IMG-20221027-WA0026.jpg,"Keputusan Ijtima Ulama, MUI Dukung Pilkada Lewat DPRD",FAJAR,https://fajar.co.id,2026-01-08T06:03:57.000Z,https://fajar.co.id/2026/01/08/keputusan-ijtima-ulama-mui-dukung-pilkada-lewat-dprd/,dataset_google-news-scraper_2026-01-08_17-39-39-954.json,,,,,,,,,,,,,
https://fajar.co.id/wp-content/uploads/2025/01/IMG_0820.jpg,DPR: Kepala Daerah Tidak Boleh Ditunjuk Langsung Presiden,FAJAR,https://fajar.co.id,2026-01-02T07:53:46.000Z,https://fajar.co.id/2026/01/02/dpr-kepala-daerah-tidak-boleh-ditunjuk-langsung-presiden/,dataset_google-news-scraper_2026-01-08_17-39-39-954.json,,,,,,,,,,,,,
https://halloriau.com/foto_berita/83IMG_20260108_102112_(500_x_330_piksel).jpg,"PPP Riau: Pemilihan Gubernur oleh DPRD Masuk Akal, Tapi Bupati?",HALLORIAU.COM,https://m.halloriau.com,2026-01-08T03:23:00.000Z,https://m.halloriau.com/read-14614266-2026-01-08-ppp-riau-pemilihan-gubernur-oleh-dprd-masuk-akal-tapi-bupati.html,dataset_google-news-scraper_2026-01-08_17-39-39-954.json,,,,,,,,,,,,,
https://fajar.co.id/wp-content/uploads/2022/10/BUZZER-ANIES-DAN-HTI-DI-BALIK-FITNAH-IJAZAH-PALSU-JOKOWI-I-Fatwa-Guntur-Romli-YouTube.png,Guntur Romli PDIP: Pilkada Langsung adalah Warisan Kebijakan Presiden Megawati Soekarnoputri,FAJAR,https://fajar.co.id,2026-01-03T06:15:03.000Z,https://fajar.co.id/2026/01/03/guntur-romli-pdip-pilkada-langsung-adalah-warisan-kebijakan-presiden-megawati-soekarnoputri/,dataset_google-news-scraper_2026-01-08_17-39-39-954.json,,,,,,,,,,,,,
https://fajar.co.id/wp-content/uploads/2025/05/IMG-20250514-WA0020.jpg,"Pernyataan Lawas SBY Soal Pilkada Kembali Viral: Kalau Mereka Berniat oleh DPRD, Rakyat Kita Kemana kan",FAJAR,https://fajar.co.id,2026-01-07T08:05:25.000Z,https://fajar.co.id/2026/01/07/pernyataan-lawas-sby-soal-pilkada-kembali-viral-kalau-mereka-berniat-oleh-dprd-rakyat-kita-kemana-kan/,dataset_google-news-scraper_2026-01-08_17-39-39-954.json,,,,,,,,,,,,,
https://static.gosumbar.com/assets/news/02012026/gosumbarcom_egkrd_78174.jpg,Wacana Pilkada oleh DPRD Perlu Kajian Mendalam dan Komprehensif,gosumbar.com,https://www.gosumbar.com,2026-01-02T13:06:00.000Z,https://www.gosumbar.com/berita/baca/2026/01/02/wacana-pilkada-oleh-dprd-perlu-kajian-mendalam-dan-komprehensif,dataset_google-news-scraper_2026-01-08_17-39-39-954.json,,,,,,,,,,,,,
https://riaumandiri.co/LogoKecil.png,Mengabarkan dengan Cepat dan Akurat,Riau Mandiri,https://riaumandiri.co,2026-01-08T11:38:07.000Z,https://riaumandiri.co/article/126545/pemilihan-gubernur-lewat-dprd-dianggap-perampokan-demokrasi,dataset_google-news-scraper_2026-01-08_17-39-39-954.json,,,,,,,,,,,,,
https://awsimages.detik.net.id/api/wm/2022/05/18/ilustrasi_169.jpeg?wid=54&w=1200&v=1&t=jpeg,Respons Gerindra soal Usulan Kepala Daerah Dipilih DPRD,detikcom,https://www.detik.com,2025-12-29T05:30:10.000Z,https://www.detik.com/sumut/berita/d-8281854/respons-gerindra-soal-usulan-kepala-daerah-dipilih-dprd,dataset_google-news-scraper_2026-01-08_17-39-39-954.json,,,,,,,,,,,,,
https://www.matakalteng.com/assets/storage/2026/01/05/1000015476_750x500.jpg?v=1767652765,Wagub Kalteng Hadiri Paripurna DPRD Provinsi,Mata Kalteng,https://www.matakalteng.com,2026-01-05T22:44:28.000Z,https://www.matakalteng.com/daerah/kalimantan-tengah/2026/01/05/wagub-kalteng-hadiri-paripurna-dprd-provinsi,dataset_google-news-scraper_2026-01-08_17-39-39-954.json,,,,,,,,,,,,,
https://fajar.co.id/wp-content/uploads/2025/08/umar-hasibuan.webp,"Wacana Pilkada di DPRD, Umar Hasibuan: Ubah Dulu UU di MK seperti Meloloskan Gibran Jadi Wapres",FAJAR,https://fajar.co.id,2025-12-30T12:06:42.000Z,https://fajar.co.id/2025/12/30/wacana-pilkada-di-dprd-umar-hasibuan-ubah-dulu-uu-di-mk-seperti-meloloskan-gibran-jadi-wapres/,dataset_google-news-scraper_2026-01-08_17-39-39-954.json,,,,,,,,,,,,,
https://cdns.klimg.com/mav-prod-resized/1280x720/ori/newsCover/2025/2/21/1740132770311-qkzhx.jpeg,"Profil Lengkap Dedi Mulyadi: Seorang Anak Kolong, Karirnya Dimulai dari Aktivis Kini Jadi Gubernur Jawa Barat",Merdeka.com,https://www.merdeka.com,2025-02-21T08:00:00.000Z,https://www.merdeka.com/politik/profil-lengkap-dedi-mulyadi-seorang-anak-kolong-karirnya-dimulai-dari-aktivis-kini-jadi-gubernur-jawa-barat-321610-mvk.html,dataset_google-news-scraper_2026-01-08_17-39-39-954.json,,,,,,,,,,,,,
https://liputanoke.com/foto_berita/77674244722-img_20260107_165300.jpg,PPP Riau Setuju Gubernur Dipilih DPRD,LiputanOke.Com,https://liputanoke.com,2026-01-08T06:15:35.000Z,https://liputanoke.com/read-66045-2026-01-08-ppp-riau-setuju-gubernur-dipilih-dprd.html,dataset_google-news-scraper_2026-01-08_17-39-39-954.json,,,,,,,,,,,,,
https://assetd.kompas.id/-ckszW2-va_KFILCO7_ES4zPajo=/1024x643/smart/filters:format(webp):quality(75)/https://cdn-dam.kompas.id/photo/ori/2020/08/24/32780219-f50b-486b-9dc3-e4215b036dbd.jpg,Benarkah Pilkada lewat DPRD Lebih Murah?,Kompas.id,https://www.kompas.id,2026-01-01T05:04:00.000Z,https://www.kompas.id/artikel/benarkah-pilkada-lewat-dprd-lebih-murah,dataset_google-news-scraper_2026-01-08_17-39-39-954.json,,,,,,,,,,,,,
https://i.headtopics.com/images/2026/1/6/vivacoid/rocky-gerung-soal-wacana-pilkada-lewat-dprd-suara--rocky-gerung-soal-wacana-pilkada-lewat-dprd-suara--78710D56342AC02B4C15BB859E8F3CDC.webp,Rocky Gerung soal Wacana Pilkada Lewat DPRD: Suara Rakyat Tak Boleh Pakai Joki,Head Topics,https://id.headtopics.com,2026-01-06T23:27:52.000Z,https://id.headtopics.com/news/rocky-gerung-soal-wacana-pilkada-lewat-dprd-suara-rakyat-78047566,dataset_google-news-scraper_2026-01-08_17-39-39-954.json,,,,,,,,,,,,,
https://ichef.bbci.co.uk/news/1024/branded_indonesia/b6d7/live/417c0fa0-e65a-11f0-a8dc-93c15fe68710.jpg,"Pilkada oleh DPRD: 'Yang harus dibenahi partai politik dan aktornya, bukan mengganti sistem,' kata peneliti",BBC,https://www.bbc.com,2026-01-01T00:22:30.000Z,https://www.bbc.com/indonesia/articles/cvgr5n0yyrqo,dataset_google-news-scraper_2026-01-08_17-39-39-954.json,,,,,,,,,,,,,
https://sulsel.disway.id/upload/174d5850bfec4742d0bb9cb94d7d6cc7.jpg,"Projo Sulsel Usulkan Jalan Tengah: Gubernur Dipilih DPRD, Bupati/Wali Kota Tetap Dipilih Langsung - sulsel.disway.id",Disway Sulsel,https://sulsel.disway.id,2026-01-08T00:37:00.000Z,https://sulsel.disway.id/berita/read/14152/projo-sulsel-usulkan-jalan-tengah-gubernur-dipilih-dprd-bupatiwali-kota-tetap-dipilih-langsung,dataset_google-news-scraper_2026-01-08_17-39-39-954.json,,,,,,,,,,,,,
http://luwuktimes.id/wp-content/uploads/socialmark-images/176785625469549.jpg,Membayangkan Berani Cerdas Jika Gubernur Dipilih DPRD,Luwuk Times,https://luwuktimes.id,2026-01-08T07:10:37.000Z,https://luwuktimes.id/membayangkan-berani-cerdas-jika-gubernur-dipilih-dprd/,dataset_google-news-scraper_2026-01-08_17-39-39-954.json,,,,,,,,,,,,,
https://awsimages.detik.net.id/api/wm/2024/10/10/ilustrasi-pilkada_169.png?wid=54&w=1200&v=1&t=jpeg,Sikap 8 Parpol di DPR Usai Muncul Usulan Kepala Daerah Dipilih DPRD,detikNews,https://news.detik.com,2026-01-06T06:53:08.000Z,https://news.detik.com/berita/d-8294372/sikap-8-parpol-di-dpr-usai-muncul-usulan-kepala-daerah-dipilih-dprd,dataset_google-news-scraper_2026-01-08_17-39-39-954.json,,,,,,,,,,,,,
https://selasar.co/assets/images/news/2026/01/begini-respon-gubernur-masud-soal-wacana-pilkada-dipilih-dprd-695b6b595d0e5.jpeg,Begini Respon Gubernur Mas’ud Soal Wacana Pilkada Dipilih DPRD,selasar.co,https://selasar.co,2026-01-05T07:36:00.000Z,https://selasar.co/read/2026/01/05/15678/begini-respon-gubernur-masud-soal-wacana-pilkada-dipilih-dprd,dataset_google-news-scraper_2026-01-08_17-39-39-954.json,,,,,,,,,,,,,
https://assetd.kompas.id/A9xlDiJgvsbJYttjCQVXGja7YmA=/1024x576/smart/filters:format(webp):quality(75)/https://cdn-dam.kompas.id/photo/ori/2023/03/06/6ad86220-dd46-4959-8d8f-edf09b3ab028.jpg,"Pilkada lewat DPRD: Partai Besar Merapat, Partai Kecil Tak Sepakat",Kompas.id,https://www.kompas.id,2025-12-29T08:00:00.000Z,https://www.kompas.id/artikel/pilkada-lewat-dprd-partai-besar-merapat-partai-kecil-tak-sepakat,dataset_google-news-scraper_2026-01-08_17-39-39-954.json,,,,,,,,,,,,,
https://static.promediateknologi.id/crop/0x0:0x0/750x500/webp/photo/p2/01/2025/08/20/ahok-free-man-1941116874.jpg,Ahok Tak Setuju Pilkada Lewat DPRD: Kental Transaksional hingga Pengaturan Pemenang oleh Penguasa - Jawa Pos,Jawa Pos,https://www.jawapos.com,2026-01-08T07:55:06.000Z,https://www.jawapos.com/nasional/017045312/ahok-tak-setuju-pilkada-lewat-dprd-kental-transaksional-hingga-pengaturan-pemenang-oleh-penguasa,dataset_google-news-scraper_2026-01-08_17-39-39-954.json,,,,,,,,,,,,,
https://halloriau.com/foto_berita/25IkbalSayuti.jpg,"PPP Riau Dukung Gubernur Dipilih DPRD, Ikbal Ingatkan Risiko Hilangnya Hak Rakyat",HALLORIAU.COM,https://m.halloriau.com,2026-01-08T03:10:00.000Z,https://m.halloriau.com/read-14614267-2026-01-08-ppp-riau-dukung-gubernur-dipilih-dprd-ikbal-ingatkan-risiko-hilangnya-hak-rakyat.html,dataset_google-news-scraper_2026-01-08_17-39-39-954.json,,,,,,,,,,,,,
https://assetd.kompas.id/uZxYsC4tH39hGbPOpbtQW6TMNrs=/1024x660/smart/filters:format(webp):quality(75)/https://asset.kgnewsroom.com/photo/pre/2024/11/27/239cd496-c82e-4b53-b125-356ae3f29d09_jpg.jpg,Jejak Politik Uang Saat Kepala Daerah Masih Dipilih oleh DPRD,Kompas.id,https://www.kompas.id,2025-12-13T08:00:00.000Z,https://www.kompas.id/artikel/jejak-politik-uang-saat-kepala-daerah-masih-dipilih-oleh-dprd,dataset_google-news-scraper_2026-01-08_17-39-39-954.json,,,,,,,,,,,,,
https://awsimages.detik.net.id/api/wm/2025/10/29/ketua-komisi-ii-dpr-rifqinizamy-karsayuda-adrialdetikcom-1761743131293_169.jpeg?wid=54&w=1200&v=1&t=jpeg,Komisi II DPR Minta Usulan Kepala Daerah Dipilih DPRD Tak Perlu Diperdebatkan,detikNews,https://news.detik.com,2025-12-31T09:51:12.000Z,https://news.detik.com/berita/d-8286322/komisi-ii-dpr-minta-usulan-kepala-daerah-dipilih-dprd-tak-perlu-diperdebatkan,dataset_google-news-scraper_2026-01-08_17-39-39-954.json,,,,,,,,,,,,,
https://statik.tempo.co/data/2026/01/07/id_1451959/1451959_720.jpg,CSIS Tolak Dua Opsi Pilkada lewat DPRD,Tempo.co,https://www.tempo.co,2026-01-07T08:21:09.000Z,https://www.tempo.co/politik/csis-tolak-dua-opsi-pilkada-lewat-dprd-2105154,dataset_google-news-scraper_2026-01-08_17-39-39-954.json,,,,,,,,,,,,,
https://batamtoday.com/media/news/2026-01-06-18-57-02-PROJO_copy_470x250.jpg,"Projo Usul Gubernur Dipilih DPRD, Bupati-Walikota Pilkada Langsung",Batamtoday.com,https://batamtoday.com,2026-01-06T08:28:00.000Z,https://batamtoday.com/home/read/224844/Projo-Usul-Gubernur-Dipilih-DPRD-Bupati-Walikota-Pilkada-Langsung,dataset_google-news-scraper_2026-01-08_17-39-39-954.json,,,,,,,,,,,,,
https://pdiperjuangan-jatim.com/wp-content/uploads/2023/01/pdip-jatim-dpp-05012022-komarudin-watubun.jpg,"PDI Perjuangan Tolak Wacana Pilkada Melalui DPRD, Minta Semuanya Fokus Urus Bencana",DPD PDI Perjuangan Jawa Timur,https://pdiperjuangan-jatim.com,2025-12-23T09:33:00.000Z,https://pdiperjuangan-jatim.com/pdi-perjuangan-tolak-wacana-pilkada-melalui-dprd-minta-semuanya-fokus-urus-bencana/,dataset_google-news-scraper_2026-01-08_17-39-39-954.json,,,,,,,,,,,,,
https://halloriau.com/foto_berita/17peneliti-lipi-prof-siti-zuhro.jpg,"Pilkada DPRD Dinilai Batasi Dampak Politik Uang, Bukan Menghapus",HALLORIAU.COM,https://m.halloriau.com,2026-01-06T01:16:00.000Z,https://m.halloriau.com/read-14614172-2026-01-06-pilkada-dprd-dinilai-batasi-dampak-politik-uang-bukan-menghapus.html,dataset_google-news-scraper_2026-01-08_17-39-39-954.json,,,,,,,,,,,,,
https://timeskaltim.com/wp-content/uploads/2026/01/a94f63ca-d330-410f-bea8-7e4c55498b3b.jpeg,"Wacana Pilkada Lewat DPRD Menguat, Gubernur Kaltim Pilih Tunggu Keputusan Pusat",times kaltim,https://timeskaltim.com,2026-01-06T13:42:52.000Z,https://timeskaltim.com/wacana-pilkada-lewat-dprd-menguat-gubernur-kaltim-pilih-tunggu-keputusan-pusat/,dataset_google-news-scraper_2026-01-08_17-39-39-954.json,,,,,,,,,,,,,
https://awsimages.detik.net.id/api/wm/2023/07/10/ketua-divisi-teknis-kpu-ri-idham-holik-dok-kpu-ri_169.jpeg?wid=54&w=1200&v=1&t=jpeg,"Ada Usul Gubernur Dipilih DPRD, KPU Singgung Pilkada Serentak Dipuji Dunia",detikNews,https://news.detik.com,2025-08-01T07:00:00.000Z,https://news.detik.com/berita/d-8039626/ada-usul-gubernur-dipilih-dprd-kpu-singgung-pilkada-serentak-dipuji-dunia,dataset_google-news-scraper_2026-01-08_17-39-39-954.json,,,,,,,,,,,,,
https://assetd.kompas.id/dqxRo7rRd4diGu6VadmkpMnI3Mc=/1024x576/smart/filters:format(webp):quality(75)/https://cdn-dam.kompas.id/images/2025/03/22/2f5aae1d6787c62d38e8a4cb1f9a6c79-WhatsApp_Image_2025_03_22_at_15.25.36.jpeg,Kepala Daerah Dipilih DPRD Berpotensi Buka Ruang Transaksi Politik,Kompas.id,https://www.kompas.id,2025-12-07T08:00:00.000Z,https://www.kompas.id/artikel/kepala-daerah-dipilih-dprd-berpotensi-buka-ruang-transaksi-politik,dataset_google-news-scraper_2026-01-08_17-39-39-954.json,,,,,,,,,,,,,
https://assetd.kompas.id/82wWDONTSFY4HO8jOZ6i1EDzPTk=/1024x683/smart/filters:format(webp):quality(75)/https://asset.kgnewsroom.com/photo/pre/2025/02/20/86e87da3-52c0-4dc3-8f29-b05473cea4cc_jpg.jpg,"Pilkada oleh DPRD, Berulang Ditolak, tetapi Terus Diembuskan Elite Politik",Kompas.id,https://www.kompas.id,2025-12-06T08:00:00.000Z,https://www.kompas.id/artikel/pilkada-oleh-dprd-berulang-ditolak-tetapi-terus-diembuskan-elite-politik,dataset_google-news-scraper_2026-01-08_17-39-39-954.json,,,,,,,,,,,,,
https://i.headtopics.com/images/2026/1/2/hariankompas/ruu-pemilu-dan-ruu-pilkada-berpeluang-dibahas-lewa-ruu-pemilu-dan-ruu-pilkada-berpeluang-dibahas-lewa-8DE9F83E4BBCC204C0D092B42D9E0DD4.webp,RUU Pemilu dan RUU Pilkada Berpeluang Dibahas lewat Kodifikasi - Komisi II DPR | Pilkada Oleh Dprd Berita,Head Topics,https://id.headtopics.com,2026-01-02T23:24:54.000Z,https://id.headtopics.com/news/ruu-pemilu-dan-ruu-pilkada-berpeluang-dibahas-lewat-77892560,dataset_google-news-scraper_2026-01-08_17-39-39-954.json,,,,,,,,,,,,,
https://berita.nunukankab.go.id/image_berita_teks/1752735959_ilustrasi-pemungutan-suara-pemilu-1_169.jpeg,SIMP4TIK,NUNUKANSATU,https://berita.nunukankab.go.id,2025-07-17T07:00:00.000Z,https://berita.nunukankab.go.id/view/pemilihan-gubernur-langsung-oleh-presiden-solusi-atau-masalah-baru,dataset_google-news-scraper_2026-01-08_17-39-39-954.json,,,,,,,,,,,,,
https://mureks.co.id/wp-content/uploads/2026/01/projo-usulkan-gubernur-dipilih-dprd-bupati-dan-wali-kota-tetap-lewat-pilkada-langsung.webp,"Projo Usulkan Gubernur Dipilih DPRD, Bupati dan Wali Kota Tetap Lewat Pilkada Langsung",mureks.co.id,https://mureks.co.id,2026-01-06T05:50:04.000Z,https://mureks.co.id/projo-usulkan-gubernur-dipilih-dprd-bupati-dan-wali-kota-tetap-lewat-pilkada-langsung,dataset_google-news-scraper_2026-01-08_17-39-39-954.json,,,,,,,,,,,,,
,Pilkada lewat DPRD Memperlemah Demokrasi Lokal,kppod,https://www.kppod.org,2025-12-18T08:00:00.000Z,https://www.kppod.org/berita/view?id,dataset_google-news-scraper_2026-01-08_17-39-39-954.json,,,,,,,,,,,,,
https://i.headtopics.com/images/2026/1/3/jpnncom/pusako-unand-tegas-tolak-wacana-pilkada-dipilih-dp-pusako-unand-tegas-tolak-wacana-pilkada-dipilih-dp-27E13C504A0906030BABC133AF41F98F.webp,PUSaKO Unand Tegas Tolak Wacana Pilkada Dipilih DPRD,Head Topics,https://id.headtopics.com,2026-01-03T08:40:20.000Z,https://id.headtopics.com/news/pusako-unand-tegas-tolak-wacana-pilkada-dipilih-dprd-77902740,dataset_google-news-scraper_2026-01-08_17-39-39-954.json,,,,,,,,,,,,,
https://static.promediateknologi.id/crop/0x0:0x0/750x500/webp/photo/p2/150/2026/01/04/Screenshot_20260104_152511_WhatsApp-3328410566.jpg,"PKS Sebut Pilkada oleh DPRD Isu Sensitif, Perlu Kajian Matang dan Utamakan Aspirasi Rakyat - Lombok Post",Lombok Post,https://lombokpost.jawapos.com,2026-01-04T12:31:17.000Z,https://lombokpost.jawapos.com/politika/1507028789/pks-sebut-pilkada-oleh-dprd-isu-sensitif-perlu-kajian-matang-dan-utamakan-aspirasi-rakyat,dataset_google-news-scraper_2026-01-08_17-39-39-954.json,,,,,,,,,,,,,
https://awsimages.detik.net.id/api/wm/2025/08/27/waketum-golkar-ahmad-doli-kurnia-evadetikcom-1756291602255_169.jpeg?wid=54&w=1200&v=1&t=jpeg,"Golkar Usul Pilkada Lewat DPRD Hanya Pilih Kepala Daerah, Tak Sepaket Wakil",detikNews,https://news.detik.com,2025-12-30T08:00:00.000Z,https://news.detik.com/berita/d-8285036/golkar-usul-pilkada-lewat-dprd-hanya-pilih-kepala-daerah-tak-sepaket-wakil,dataset_google-news-scraper_2026-01-08_17-39-39-954.json,,,,,,,,,,,,,
https://awsimages.detik.net.id/api/wm/2024/12/13/ilustrasi-pilkada-2024_169.jpeg?wid=54&w=1200&v=1&t=jpeg,"Projo Usul Gubernur Dipilih DPRD, Bupati-Walkot Tetap Pilkada Langsung",detikNews,https://news.detik.com,2026-01-06T05:38:40.000Z,https://news.detik.com/berita/d-8294215/projo-usul-gubernur-dipilih-dprd-bupati-walkot-tetap-pilkada-langsung/amp,dataset_google-news-scraper_2026-01-08_17-39-39-954.json,,,,,,,,,,,,,
https://image.idntimes.com/post/20250220/1000045829-3e1f347156a971449c9db348a50db84a.jpg,"Projo Usul Pilkada Gubernur Dipilih DPRD, Bupati-Walkot Tetap Langsung",IDN Times,https://www.idntimes.com,2026-01-06T06:13:52.000Z,https://www.idntimes.com/news/indonesia/projo-usul-pilkada-gubernur-dipilih-dprd-bupati-walkot-tetap-langsung-00-jkxzp-pv1g7z,dataset_google-news-scraper_2026-01-08_17-39-39-954.json,,,,,,,,,,,,,
"https://dam.mediacorp.sg/image/upload/s--Vg6buizb--/c_crop,h_900,w_1600,x_0,y_0/c_fill,g_auto,h_676,w_1200/fl_relative,g_south_east,l_mediacorp:cna:watermark:2021-08:cna,w_0.1/f_auto,q_auto/v1/mediacorp/cnabahasa/images/2025-12/dsc_6309_0-1.jpg?itok=OyFgAqNC","Prabowo usul kepala daerah dipilih DPRD, apa dampaknya bagi Indonesia?",CNA.id,https://www.cna.id,2025-12-19T08:00:00.000Z,https://www.cna.id/indonesia/prabowo-hapus-pilkada-langsung-42311,dataset_google-news-scraper_2026-01-08_17-39-39-954.json,,,,,,,,,,,,,
https://jatimupdate.id/ogimage/202601/img-20260102-wa0197.jpg,"Saatnya memilih DPRD bermoral dan berkualitas, telaah soal pemilihan gubernur dan bupati oleh DPRD",jatimupdate.id,https://jatimupdate.id,2026-01-02T13:03:00.000Z,https://jatimupdate.id/baca-14219-saatnya-memilih-dprd-bermoral-dan-berkualitas-telaah-soal-pemilihan-gubernur-dan-bupati-oleh-dprd,dataset_google-news-scraper_2026-01-08_17-39-39-954.json,,,,,,,,,,,,,
"https://asset.kompas.com/crops/t0ifREV8omNO-QMS95IxaG0hjh8=/0x0:0x0/780x390/filters:watermark(data/photo/2020/03/10/5e6775ae18c31.png,0,-0,1)/data/photo/2025/12/19/69453eff00752.jpg","Cak Imin Ungkap Wacana Gubernur Dipilih Presiden, Kepala Daerah Dipilih DPRD",Kompas.com,https://surabaya.kompas.com,2025-12-20T08:00:00.000Z,https://surabaya.kompas.com/read/2025/12/20/060200678/cak-imin-ungkap-wacana-gubernur-dipilih-presiden-kepala-daerah-dipilih-dprd,dataset_google-news-scraper_2026-01-08_17-39-39-954.json,,,,,,,,,,,,,
https://statik.tempo.co/data/2025/07/24/id_1415468/1415468_720.jpg,"Wacana Pilkada Dipilih DPRD, PKS: Perlu Ada Recall Politik",Tempo.co,https://www.tempo.co,2025-12-30T06:08:20.000Z,https://www.tempo.co/politik/wacana-pilkada-dipilih-dprd-pks-perlu-ada-recall-politik-2103173,dataset_google-news-scraper_2026-01-08_17-39-39-954.json,,,,,,,,,,,,,
https://todaynews.id/wp-content/uploads/2026/01/img_20260107_154815.webp,Golkar Dorong Wacana Pilkada Lewat DPRD Dibahas Bersama Koalisi Parpol Pendukung Pemerintah,todaynews.id,https://todaynews.id,2026-01-07T13:05:29.000Z,https://todaynews.id/golkar-dorong-wacana-pilkada-lewat-dprd-dibahas-bersama-koalisi-parpol-pendukung-pemerintah/,dataset_google-news-scraper_2026-01-08_17-39-39-954.json,,,,,,,,,,,,,
https://rmol.id/images/berita/normal/2026/01/80372_02364507012026_ahmad_doli_rmol.jpeg,Mayoritas Kader Golkar Usulkan Pilkada Dipilih DPRD,Rmol.id,https://rmol.id,2026-01-07T07:35:00.000Z,https://rmol.id/politik/read/2026/01/07/693015/mayoritas-kader-golkar-usulkan-pilkada-dipilih-dprd,dataset_google-news-scraper_2026-01-08_17-39-39-954.json,,,,,,,,,,,,,
https://assetd.kompas.id/Z_fdWfZQmnh-X2jO619iDv13cXw=/1024x629/smart/filters:format(webp):quality(75)/https://asset.kgnewsroom.com/photo/pre/2024/11/27/b7661d76-b537-44b7-8983-8518e8484756_jpg.jpg,Lagu Lama Usulan Pilkada lewat DPRD,Kompas.id,https://www.kompas.id,2025-07-26T07:00:00.000Z,https://www.kompas.id/artikel/lagu-lama-usulan-pilkada-lewat-dprd,dataset_google-news-scraper_2026-01-08_17-39-39-954.json,,,,,,,,,,,,,
,Pemilu Nasional dan Pemilu Lokal Diselenggarakan Terpisah Mulai 2029,Mahkamah Konstitusi RI,https://www.mkri.id,2025-06-26T07:00:00.000Z,https://www.mkri.id/berita/pemilu-nasional-dan-pemilu-lokal-diselenggarakan-terpisah-mulai-2029-23414,dataset_google-news-scraper_2026-01-08_17-39-39-954.json,,,,,,,,,,,,,
https://assetd.kompas.id/QdXmYXbs2F0vHE9mkNhRlH6iZ5Q=/1024x615/smart/filters:format(webp):quality(75)/https://asset.kgnewsroom.com/photo/pre/2025/07/23/4343fe90-f8ee-4f29-a999-a3dd840d9de9_jpg.jpg,"PKB Minta Pilkada Dievaluasi, Kepala Daerah Cukup Ditunjuk Pusat atau Dipilih DPRD",Kompas.id,https://www.kompas.id,2025-07-23T07:00:00.000Z,https://www.kompas.id/artikel/pkb-minta-pilkada-dievaluasi-kepala-daerah-cukup-ditunjuk-pusat-atau-dipilih-dprd,dataset_google-news-scraper_2026-01-08_17-39-39-954.json,,,,,,,,,,,,,
https://img.gesuri.id/crop/600x315/content/2026/01/02/236799/deni-wicaksono-tegaskan-akan-ada-kemunduran-demokrasi-jika-pilkada-dipilih-dprd-KVvqtIT88Z.jpg,Deni Wicaksono Tegaskan Akan Ada Kemunduran Demokrasi Jika Pilkada Dipilih DPRD,gesuri.id,https://www.gesuri.id,2026-01-01T08:29:00.000Z,https://www.gesuri.id/pemilu/deni-wicaksono-tegaskan-akan-ada-kemunduran-demokrasi-jika-pilkada-dipilih-dprd-b2pMOZbcCW,dataset_google-news-scraper_2026-01-08_17-39-39-954.json,,,,,,,,,,,,,
https://assetd.kompas.id/l1nG_8AkabWP1GMC8k88mX9cVPY=/1024x682/smart/filters:format(webp):quality(75)/https://cdn-dam.kompas.id/images/2025/03/21/257c3ca6f66ab56b18f19ab52ac48e31-IMG_20250321_WA0007.jpg,"Pemerintah Kaji Usulan Pilkada oleh DPRD, Pengamat Ingatkan Potensi Kemunduran Demokrasi",Kompas.id,https://www.kompas.id,2025-07-29T07:00:00.000Z,https://www.kompas.id/artikel/pemerintah-buka-peluang-dukung-pilkada-oleh-dprd,dataset_google-news-scraper_2026-01-08_17-39-39-954.json,,,,,,,,,,,,,
https://assetd.kompas.id/hB5GaxGd1ehXJcE6qh4Rx5365z4=/1024x576/smart/filters:format(webp):quality(75)/https://cdn-dam.kompas.id/images/2025/10/15/2c1a5ea206120f7c422678e131904619-Screenshot_2025_10_15_at_23.48.59.png,"Menakar Empat Skenario Pilkada, antara Demokrasi Langsung dan Efisiensi Politik",Kompas.id,https://www.kompas.id,2025-10-16T07:00:00.000Z,https://www.kompas.id/artikel/menakar-empat-skenario-pilkada-antara-demokrasi-langsung-dan-efisiensi-politik,dataset_google-news-scraper_2026-01-08_17-39-39-954.json,,,,,,,,,,,,,
https://static.promediateknologi.id/crop/0x0:0x0/750x500/webp/photo/p2/199/2025/12/30/IMG-20251230-WA0025-2126619603.jpg,Pemilihan Gubernur Diopsikan Dipilih DPRD - Cepos Online,Cepos Online,https://www.ceposonline.com,2025-12-30T04:10:16.000Z,https://www.ceposonline.com/nasional/1997012618/pemilihan-gubernur-diopsikan-dipilih-dprd,dataset_google-news-scraper_2026-01-08_17-39-39-954.json,,,,,,,,,,,,,
https://statik.tempo.co/data/2022/09/08/id_1139373/1139373_720.jpg,Begini Usul PKS soal Wacana Pilkada Lewat DPRD,Tempo.co,https://www.tempo.co,2025-12-30T08:00:00.000Z,https://www.tempo.co/politik/begini-usul-pks-soal-wacana-pilkada-lewat-dprd-2103121,dataset_google-news-scraper_2026-01-08_17-39-39-954.json,,,,,,,,,,,,,
https://image-korankaltim.sgp1.cdn.digitaloceanspaces.com/berita/medium/3c486cfbe5148bc197ce4dff036eccbd_26010506451879313.jpeg,"Pembangunan Jalan Mahulu Dipuji, Gubernur Minta DPRD Kaltim Ikut Tinjau Masalah di Dapil",Korankaltim.com,https://korankaltim.com,2026-01-05T10:07:30.000Z,https://korankaltim.com/read/samarinda/85131/pembangunan-jalan-mahulu-dipuji-gubernur-minta-dprd-kaltim-ikut-tinjau-masalah-di-dapil,dataset_google-news-scraper_2026-01-08_17-39-39-954.json,,,,,,,,,,,,,
,Pemohon Usul Pemilu Presiden Dipisah dengan Pemilihan DPR,Mahkamah Konstitusi RI,https://www.mkri.id,2025-08-01T07:00:00.000Z,https://www.mkri.id/berita/pemohon-usul-pemilu-presiden-dipisah-dengan-pemilihan-dpr-23565,dataset_google-news-scraper_2026-01-08_17-39-39-954.json,,,,,,,,,,,,,
https://nasdemdprri.id/storage/app/resources/resize/400_0_0_0_auto/img_05998ac927d1840be9bbf10ea8fd1bf5.jpg,Rifqinizamy Tegaskan Gubernur Dipilih Presiden tidak Sesuai Konstitusi,Fraksi Nasdem,https://nasdemdprri.id,2025-07-28T07:00:00.000Z,https://nasdemdprri.id/berita/rifqinizamy-tegaskan-gubernur-dipilih-presiden-tidak-sesuai-konstitusi,dataset_google-news-scraper_2026-01-08_17-39-39-954.json,,,,,,,,,,,,,
https://akcdn.detik.net.id/visual/2015/05/11/58db257e-42af-4e72-9834-a12479c98478_169.jpg?w=1200,Demokrat Tolak Usul Pilkada Lewat DPRD: Kami Pernah Menolaknya,CNN Indonesia,https://www.cnnindonesia.com,2025-12-24T08:00:00.000Z,https://www.cnnindonesia.com/nasional/20251223193434-32-1310116/demokrat-tolak-usul-pilkada-lewat-dprd-kami-pernah-menolaknya,dataset_google-news-scraper_2026-01-08_17-39-39-954.json,,,,,,,,,,,,,
https://statik.tempo.co/data/2025/07/24/id_1415580/1415580_720.jpg,Sikap Fraksi-Fraksi di DPR atas Kontroversi Kepala Daerah Dipilih DPRD,Tempo.co,https://www.tempo.co,2025-07-27T07:00:00.000Z,https://www.tempo.co/politik/sikap-fraksi-fraksi-di-dpr-atas-kontroversi-kepala-daerah-dipilih-dprd-2051481,dataset_google-news-scraper_2026-01-08_17-39-39-954.json,,,,,,,,,,,,,
"https://micms.mediaindonesia.com/storage/app/media/FOTO/Operator/03-Rifqinizamy Karsayuda Pemilihan.jpg?tr=w-600,h-315",Pemilihan Gubernur lewat DPRD Demokratis,Epaper Media Indonesia,https://epaper.mediaindonesia.com,2025-07-26T07:00:00.000Z,https://epaper.mediaindonesia.com/detail/pemilihan-gubernur-lewat-dprd-demokratis,dataset_google-news-scraper_2026-01-08_17-39-39-954.json,,,,,,,,,,,,,
https://statik.tempo.co/data/2018/06/27/id_714850/714850_720.jpg,"Kata NasDem, PKS, hingga PDIP Soal Pilkada Lewat DPRD",Tempo.co,https://www.tempo.co,2025-12-31T00:37:33.000Z,https://www.tempo.co/politik/kata-nasdem-pks-hingga-pdip-soal-pilkada-lewat-dprd-2103358,dataset_google-news-scraper_2026-01-08_17-39-39-954.json,,,,,,,,,,,,,
https://awsimages.detik.net.id/api/wm/2025/12/19/ketum-pkb-muhaimin-iskandar-cak-imin-1766146062265_169.jpeg?wid=54&w=1200&v=1&t=jpeg,"Cak Imin Usul Gubernur Ditunjuk Presiden, Bupati/Walkot Dipilih DPRD",detikcom,https://www.detik.com,2025-12-19T08:00:00.000Z,https://www.detik.com/jatim/berita/d-8268601/cak-imin-usul-gubernur-ditunjuk-presiden-bupati-walkot-dipilih-dprd,dataset_google-news-scraper_2026-01-08_17-39-39-954.json,,,,,,,,,,,,,
https://www.inanews.co.id/wp-content/plugins/open-graph-image-overlay/generate-og-image.php?p=66148,"Wacana Pilkada via DPRD Hanya Memindahkan Politik Uang, Bukan Menghapusnya",INAnews,https://www.inanews.co.id,2025-12-23T08:00:00.000Z,https://www.inanews.co.id/2025/12/wacana-pilkada-via-dprd-hanya-memindahkan-politik-uang-bukan-menghapusnya/,dataset_google-news-scraper_2026-01-08_17-39-39-954.json,,,,,,,,,,,,,
https://statik.tempo.co/data/2025/12/06/id_1445791/1445791_720.jpg,Prabowo Lontarkan Lagi Wacana Kepala Daerah Dipilih DPRD,Tempo.co,https://www.tempo.co,2025-12-06T08:00:00.000Z,https://www.tempo.co/politik/prabowo-lontarkan-lagi-wacana-kepala-daerah-dipilih-dprd-2096326,dataset_google-news-scraper_2026-01-08_17-39-39-954.json,,,,,,,,,,,,,
https://rm.id/images/berita/med/alasan-lebih-efisien-dan-tingginya-biaya-politik-wacana-pilkada-lewat-dprd-menuai-pro-kontra-ahmad-doli-kurnia-pastinya-rakyat-tetap-akan-dilibatkan-kok_295442.jpg,"Pilkada Lewat DPRD Dinilai Efisien, Ahmad Doli Pastikan Rakyat Tetap Dilibatkan - Hal.2",RM.ID,https://rm.id,2025-12-30T00:10:00.000Z,https://rm.id/baca-berita/blakblakan/295442/alasan-lebih-efisien-dan-tingginya-biaya-politik-wacana-pilkada-lewat-dprd-menuai-pro-kontra-ahmad-doli-kurnia-pastinya-rakyat-tetap-akan-dilibatkan-kok/2,dataset_google-news-scraper_2026-01-08_17-39-39-954.json,,,,,,,,,,,,,
https://images.fraksipkb.com/2025/07/Gus-Muhaimin-Harlah-PKB.jpg,"Momen Harlah ke-27 PKB, Gus Muhaimin Usulkan Kepala Daerah Dipilih DPRD",FPKB DPR RI,https://www.fraksipkb.com,2025-07-24T07:00:00.000Z,https://www.fraksipkb.com/2025/07/24/momen-harlah-ke-27-pkb-gus-muhaimin-usulkan-kepala-daerah-dipilih-dprd/,dataset_google-news-scraper_2026-01-08_17-39-39-954.json,,,,,,,,,,,,,
https://assetd.kompas.id/3uwaM468h5UqXhPJoZT6w_U6oRM=/1024x768/smart/filters:format(webp):quality(75)/https://cdn-dam.kompas.id/images/2024/11/27/5c11c1d22b5f5d835b33e1f8508783b4-1000510094.jpg,MK Putuskan Pemilu Nasional dan Lokal Tak Serentak Lagi,Kompas.id,https://www.kompas.id,2025-06-26T07:00:00.000Z,https://www.kompas.id/artikel/mk-pemilu-nasional-dan-lokal-terpisah-mulai-2029,dataset_google-news-scraper_2026-01-08_17-39-39-954.json,,,,,,,,,,,,,
https://www.tintahijau.com/wp-content/uploads/2025/12/IMG_20251227_184120_909_copy_800x500.jpg,"PKB Dorong Evaluasi Sistem Pilkada, DPW Jabar Masih Kaji Opsi Pemilihan Lewat DPRD",TINTAHIJAU.com,https://www.tintahijau.com,2025-12-28T08:00:00.000Z,https://www.tintahijau.com/pemerintahan/pkb-dorong-evaluasi-sistem-pilkada-dpw-jabar-masih-kaji-opsi-pemilihan-lewat-dprd/,dataset_google-news-scraper_2026-01-08_17-39-39-954.json,,,,,,,,,,,,,
https://awsimages.detik.net.id/api/wm/2025/07/23/cak-imin-di-hut-pkb-1753278713023_169.jpeg?wid=54&w=1200&v=1&t=jpeg,"Cak Imin Usul 2 Pola Pilkada: Gubernur Ditunjuk Pusat, Bupati Dipilih DPRD",detikNews,https://news.detik.com,2025-07-23T07:00:00.000Z,https://news.detik.com/berita/d-8026146/cak-imin-usul-2-pola-pilkada-gubernur-ditunjuk-pusat-bupati-dipilih-dprd,dataset_google-news-scraper_2026-01-08_17-39-39-954.json,,,,,,,,,,,,,
https://rmol.id/images/berita/normal/2025/12/134716_06110030122025_WhatsApp_Image_2025-12-30_at_16.46.38.jpeg,PKS Masih Pelajari Usulan Pilkada Dipilih DPRD,Rmol.id,https://rmol.id,2025-12-30T11:08:00.000Z,https://rmol.id/politik/read/2025/12/30/692108/pks-masih-pelajari-usulan-pilkada-dipilih-dprd,dataset_google-news-scraper_2026-01-08_17-39-39-954.json,,,,,,,,,,,,,
https://images.bisnis.com/posts/2025/12/31/1940399/whatsapp_image_2024-11-27_at_08.50.20_1732673319.jpeg,"Riuh Wacana Pilkada Dipilih DPRD: Gerindra-Golkar Cs Setuju, PDIP Tolak",Bisnis.com,https://kabar24.bisnis.com,2025-12-31T12:00:02.000Z,https://kabar24.bisnis.com/read/20251231/15/1940399/riuh-wacana-pilkada-dipilih-dprd-gerindra-golkar-cs-setuju-pdip-tolak,dataset_google-news-scraper_2026-01-08_17-39-39-954.json,,,,,,,,,,,,,
"https://asset.kompas.com/crops/KwySIKFN0aH6QIi_1Y1JUuKxjSU=/364x58:1228x634/780x390/filters:watermark(data/photo/2020/03/10/5e6775ae18c31.png,0,-0,1)/data/photo/2025/12/05/6932e7b124f91.jpeg",Prabowo Pertimbangkan Usulan Bahlil Agar Kepala Daerah Dipilih Langsung DPRD,Kompas.com,https://nasional.kompas.com,2025-12-05T08:00:00.000Z,https://nasional.kompas.com/read/2025/12/05/22092961/prabowo-pertimbangkan-usulan-bahlil-agar-kepala-daerah-dipilih-langsung-dprd,dataset_google-news-scraper_2026-01-08_17-39-39-954.json,,,,,,,,,,,,,
https://image-korankaltim.sgp1.cdn.digitaloceanspaces.com/seputarfakta/news/photo/6b17ac36-b54a-4e4f-8662-c1db58a4bc76.jpg,"Isu Pilkada Kembali Dipilih DPRD, Gubernur Kaltim Tegak Lurus: ""Kami Dukung Apapun Kebijakan Pusat""",Seputar Fakta,https://seputarfakta.com,2025-12-10T08:00:00.000Z,https://seputarfakta.com/seputar-kaltim/isu-pilkada-kembali-dipilih-dprd-gubernur-kaltim-tegak-lurus-kami-dukung-apapun-kebijakan-pusat-15578,dataset_google-news-scraper_2026-01-08_17-39-39-954.json,,,,,,,,,,,,,
https://beritanasional.com/storage/2025/06/mulyanto-1-14062025-123913.jpg,"Wacana Pilkada Melalui DPRD, PKS: Yang Utama Sistem Berpihak kepada Kepentingan Rakyat",Berita Nasional - Media Pencerah Bangsa,https://beritanasional.com,2026-01-01T01:02:00.000Z,https://beritanasional.com/detail/125448/wacana-pilkada-melalui-dprd-pks-yang-utama-sistem-berpihak-kepada-kepentingan-rakyat,dataset_google-news-scraper_2026-01-08_17-39-39-954.json,,,,,,,,,,,,,
https://www.kaltengpedia.com/wp-content/uploads/2025/12/1393160678.jpg,"Gerindra Dorong Pilkada Lewat DPRD Memilih Gubernur dan Bupati, Rakyat Untung atau Partai?",Kaltengpedia,https://www.kaltengpedia.com,2025-12-29T15:06:25.000Z,https://www.kaltengpedia.com/gerindra-dorong-pilkada-lewat-dprd-memilih-gubernur-dan-bupati-rakyat-untung-atau-partai/,dataset_google-news-scraper_2026-01-08_17-39-39-954.json,,,,,,,,,,,,,
"https://asset.kompas.com/crops/QdKAeMWfi83KbbBuHzVHh7P6aqY=/0x0:0x0/780x390/filters:watermark(data/photo/2020/03/10/5e6775ae18c31.png,0,-0,1)/data/photo/2025/11/02/6907229019b2c.jpg","Usulkan Pemilihan Gubernur oleh DPRD, Bahlil: Proses yang Demokratis Juga",Kompas.com,https://regional.kompas.com,2025-11-02T07:00:00.000Z,https://regional.kompas.com/read/2025/11/02/163513778/usulkan-pemilihan-gubernur-oleh-dprd-bahlil-proses-yang-demokratis-juga,dataset_google-news-scraper_2026-01-08_17-39-39-954.json,,,,,,,,,,,,,
https://awsimages.detik.net.id/api/wm/2025/03/05/dede-yusuf-1741171144600_169.jpeg?wid=54&w=1200&v=1&t=jpeg,Waka Komisi II DPR soal Gubernur Dipilih DPRD: Pelibatan Publik Penting,detikNews,https://news.detik.com,2025-08-01T07:00:00.000Z,https://news.detik.com/berita/d-8039593/waka-komisi-ii-dpr-soal-gubernur-dipilih-dprd-pelibatan-publik-penting,dataset_google-news-scraper_2026-01-08_17-39-39-954.json,,,,,,,,,,,,,
https://akcdn.detik.net.id/visual/2018/06/27/aaf9e1e2-6aba-46e6-ad65-1ca97f805b1c_169.jpeg?w=1200,"Usul PKB: Gubernur Ditunjuk Pusat, Bupati dan Walkot Dipilih DPRD",CNN Indonesia,https://www.cnnindonesia.com,2025-12-08T08:00:00.000Z,https://www.cnnindonesia.com/nasional/20251208122046-20-1304064/usul-pkb-gubernur-ditunjuk-pusat-bupati-dan-walkot-dipilih-dprd,dataset_google-news-scraper_2026-01-08_17-39-39-954.json,,,,,,,,,,,,,
https://awsimages.detik.net.id/api/wm/2025/07/31/detik-sore-31-juli-2025-1753974283575_169.jpeg?wid=54&w=1200&v=1&t=jpeg,"Kepala Daerah Dipilih DPRD, Efektif atau Kemunduran Demokrasi?",detikNews,https://news.detik.com,2025-07-31T07:00:00.000Z,https://news.detik.com/berita/d-8038496/kepala-daerah-dipilih-dprd-efektif-atau-kemunduran-demokrasi,dataset_google-news-scraper_2026-01-08_17-39-39-954.json,,,,,,,,,,,,,
https://statik.tempo.co/data/2025/12/06/id_1445794/1445794_720.jpg,Golkar Punya Tim Internal untuk Kaji Opsi Pilkada Dipilih DPRD,Tempo.co,https://www.tempo.co,2025-12-10T08:00:00.000Z,https://www.tempo.co/politik/golkar-punya-tim-internal-untuk-kaji-opsi-pilkada-dipilih-dprd-2097614,dataset_google-news-scraper_2026-01-08_17-39-39-954.json,,,,,,,,,,,,,
https://statik.tempo.co/data/2025/12/10/id_1446773/1446773_720.jpg,Ketua DPD Usul Pilkada Tak Langsung Hanya untuk Gubernur,Tempo.co,https://www.tempo.co,2025-12-25T08:00:00.000Z,https://www.tempo.co/politik/ketua-dpd-usul-pilkada-tak-langsung-hanya-untuk-gubernur-2102090,dataset_google-news-scraper_2026-01-08_17-39-39-954.json,,,,,,,,,,,,,
https://awsimages.detik.net.id/api/wm/2025/07/08/mendagri-tito-karnavian-anggidetikcom-1751975342106_169.jpeg?wid=54&w=1200&v=1&t=jpeg,Mendagri Bicara Aturan di UUD 1945 Buka Peluang Pilkada Dipilih DPRD,detikNews,https://news.detik.com,2025-07-29T07:00:00.000Z,https://news.detik.com/berita/d-8035484/mendagri-bicara-aturan-di-uud-1945-buka-peluang-pilkada-dipilih-dprd,dataset_google-news-scraper_2026-01-08_17-39-39-954.json,,,,,,,,,,,,,
https://radarsukabumi.com/wp-content/uploads/2025/02/70008_11502208022025_bahlil_preskon_di_dpp_rmol.jpg,"Alasan Golkar Setuju Gubernur Dipilih DPRD, Ini Alasannya",Radar Sukabumi,https://radarsukabumi.com,2025-08-01T07:00:00.000Z,https://radarsukabumi.com/politik/alasan-golkar-setuju-gubernur-dipilih-dprd-ini-alasannya/,dataset_google-news-scraper_2026-01-08_17-39-39-954.json,,,,,,,,,,,,,
https://awsimages.detik.net.id/api/wm/2025/01/21/mardani-ali-sera_169.jpeg?wid=54&w=1200&v=1&t=jpeg,PKS Nilai Usulan Gubernur Dipilih DPRD Sebagai Eksperimen Berisiko,detikNews,https://news.detik.com,2025-08-01T07:00:00.000Z,https://news.detik.com/berita/d-8039548/pks-nilai-usulan-gubernur-dipilih-dprd-sebagai-eksperimen-berisiko,dataset_google-news-scraper_2026-01-08_17-39-39-954.json,,,,,,,,,,,,,
https://awsimages.detik.net.id/api/wm/2024/03/25/gedung-mahkamah-konstitusi-mk-anggi-muliawatidetikcom-7_169.jpeg?wid=54&w=1200&v=1&t=jpeg,"5 Hal soal Putusan MK Terbaru, Pileg DPRD Digabung Pilkada",detikNews,https://news.detik.com,2025-06-27T07:00:00.000Z,https://news.detik.com/berita/d-7984542/5-hal-soal-putusan-mk-terbaru-pileg-dprd-digabung-pilkada,dataset_google-news-scraper_2026-01-08_17-39-39-954.json,,,,,,,,,,,,,
,"Berpotensi Perpanjang Masa Jabatan DPRD, Putusan MK Ini Dinilai Inkonstitusional",Hukumonline,https://www.hukumonline.com,2025-06-30T07:00:00.000Z,https://www.hukumonline.com/berita/a/berpotensi-perpanjang-masa-jabatan-dprd--putusan-mk-ini-dinilai-inkonstitusional-lt68627dc2dea05/,dataset_google-news-scraper_2026-01-08_17-39-39-954.json,,,,,,,,,,,,,
,"PKB Usul 2 Model Pilkada: Gubernur Ditunjuk Pusat, Bupati Dipilih DPRD",CAKAPLAH.com,https://www.cakaplah.com,2025-07-24T07:00:00.000Z,https://www.cakaplah.com/berita/baca/125717/2025/07/24/pkb-usul-2-model-pilkada-gubernur-ditunjuk-pusat-bupati-dipilih-dprd,dataset_google-news-scraper_2026-01-08_17-39-39-954.json,,,,,,,,,,,,,
https://s3.pixie.deka.dev/kaltimkece/media/01jzd21raq6rg5e8ygbnykzvez/conversions/Aksi-Mahasiswa-April-1998-watermarked.jpg,Banjir Protes dan Aksi saat Pemilihan Gubernur Kaltim 1998,Kaltim Kece,https://kaltimkece.id,2025-07-05T07:00:00.000Z,https://kaltimkece.id/historia/banjir-protes-dan-aksi-saat-pemilihan-gubernur-kaltim-1998,dataset_google-news-scraper_2026-01-08_17-39-39-954.json,,,,,,,,,,,,,
https://diskominfo.sumutprov.go.id/img_artikel/1000158456-xxy02.jpg,Pj Gubernur Sumut Agus Fatoni Hadiri Rapat Paripurna DPRD Penetapan Paslon Gubernur dan Wagub Terpilih Sumut Hasil Pilkada 2024,Diskominfo Provsu,https://diskominfo.sumutprov.go.id,2025-02-07T08:00:00.000Z,https://diskominfo.sumutprov.go.id/page/berita/pj-gubernur-sumut-agus-fatoni-hadiri-rapat-paripurna-dprd-penetapan-paslon-gubernur-dan-wagub-terpilih-sumut-hasil-pilkada-2024,dataset_google-news-scraper_2026-01-08_17-39-39-954.json,,,,,,,,,,,,,
https://statik.tempo.co/data/2025/07/15/id_1413168/1413168_720.jpg,"Respons Golkar, PDIP, NasDem, Demokrat, hingga Dosen UI soal Pilkada lewat DPRD",Tempo.co,https://www.tempo.co,2025-07-29T07:00:00.000Z,https://www.tempo.co/politik/respons-golkar-pdip-nasdem-demokrat-hingga-dosen-ui-soal-pilkada-lewat-dprd-2052151,dataset_google-news-scraper_2026-01-08_17-39-39-954.json,,,,,,,,,,,,,
,Fraksi PKS Setuju Jika Pemilihan Gubernur Dikembalikan ke DPRD,Waspada Online,https://waspada.co.id,2025-07-30T07:00:00.000Z,https://waspada.co.id/fraksi-pks-setuju-jika-pemilihan-gubernur-dikembalikan-ke-dprd/,dataset_google-news-scraper_2026-01-08_17-39-39-954.json,,,,,,,,,,,,,
https://statik.tempo.co/data/2025/07/24/id_1415381/1415381_720.jpg,Dapatkah Presiden Menunjuk Langsung Gubernur?,Tempo.co,https://www.tempo.co,2025-07-28T07:00:00.000Z,https://www.tempo.co/politik/dapatkah-presiden-menunjuk-langsung-gubernur--2051790,dataset_google-news-scraper_2026-01-08_17-39-39-954.json,,,,,,,,,,,,,
"https://asset.kompas.com/crops/4z6BZAbavuMv717F3VPo9GsY-Lo=/0x0:1200x800/780x390/filters:watermark(data/photo/2020/03/10/5e6775ae18c31.png,0,-0,1)/data/photo/2025/01/13/6784ea212e2e7.jpg","MK Putuskan Pemilu Nasional-Daerah Dipisah, Pemilihan DPRD Bareng Pilkada",Kompas.com,https://nasional.kompas.com,2025-06-26T07:00:00.000Z,https://nasional.kompas.com/read/2025/06/26/15533221/mk-putuskan-pemilu-nasional-daerah-dipisah-pemilihan-dprd-bareng-pilkada,dataset_google-news-scraper_2026-01-08_17-39-39-954.json,,,,,,,,,,,,,
https://jatengprov.go.id/wp-content/uploads/2025/02/IMG-20250207-WA0111-scaled.jpg,"DPRD Usulkan Pelantikan Gubernur-Wakil Gubernur Jateng Terpilih, Nana Sudjana Apresiasi Lancarnya Pilkada",Pemerintah Provinsi Jawa Tengah,https://jatengprov.go.id,2025-02-07T08:00:00.000Z,https://jatengprov.go.id/publik/dprd-usulkan-pelantikan-gubernur-wakil-gubernur-jateng-terpilih-nana-sudjana-apresiasi-lancarnya-pilkada/,dataset_google-news-scraper_2026-01-08_17-39-39-954.json,,,,,,,,,,,,,
https://awsimages.detik.net.id/api/wm/2024/02/15/ilustrasi-pemilu_169.jpeg?wid=54&w=1200&v=1&t=jpeg,"Pileg DPRD Bakal Digabung Pilkada, Digelar 2 Tahun Usai Pilpres 2029",detikNews,https://news.detik.com,2025-06-26T07:00:00.000Z,https://news.detik.com/berita/d-7983699/pileg-dprd-bakal-digabung-pilkada-digelar-2-tahun-usai-pilpres-2029,dataset_google-news-scraper_2026-01-08_17-39-39-954.json,,,,,,,,,,,,,
https://statik.tempo.co/data/2025/08/03/id_1417952/1417952_720.jpg,Muzani Gerindra Sebut Pilkada Tak Langsung Dimungkinkan Demokrasi,Tempo.co,https://www.tempo.co,2025-08-03T07:00:00.000Z,https://www.tempo.co/politik/muzani-gerindra-sebut-pilkada-tak-langsung-dimungkinkan-demokrasi-2054441,dataset_google-news-scraper_2026-01-08_17-39-39-954.json,,,,,,,,,,,,,
https://gopos.id/wp-content/uploads/2023/12/ilustrasi-KPPS.jpg,"Mulai 2029, Pileg DPRD dan Pikada Dilaksanakan Serentak",gopos.id,https://gopos.id,2025-06-26T07:00:00.000Z,https://gopos.id/mulai-2029-pileg-dprd-dan-pikada-dilaksanakan-serentak/,dataset_google-news-scraper_2026-01-08_17-39-39-954.json,,,,,,,,,,,,,
,Respon Fraksi Gerindra Terkait Wacana Pemilihan Gubernur Dikembalikan ke DPRD,Waspada Online,https://waspada.co.id,2025-07-30T07:00:00.000Z,https://waspada.co.id/respon-fraksi-gerindra-terkait-wacana-pemilihan-gubernur-dikembalikan-ke-dprd/,dataset_google-news-scraper_2026-01-08_17-39-39-954.json,,,,,,,,,,,,,
"https://asset.kompas.com/crops/KqYULOjoeHUD6iJ-rRZudKSnFBY=/0x0:0x0/780x390/filters:watermark(data/photo/2020/03/10/5e6775ae18c31.png,0,-0,1)/data/photo/2025/07/23/6880deab3f957.jpg","Bahlil Klaim Pemilihan Langsung Buat Rakyat Berkelahi, Usul Pilkada Dipilih DPRD",Kompas.com,https://nasional.kompas.com,2025-07-29T07:00:00.000Z,https://nasional.kompas.com/read/2025/07/29/10072721/bahlil-klaim-pemilihan-langsung-buat-rakyat-berkelahi-usul-pilkada-dipilih?page,dataset_google-news-scraper_2026-01-08_17-39-39-954.json,,,,,,,,,,,,,
https://awsimages.detik.net.id/api/wm/2025/07/29/melchias-markus-mekeng-1753776470009_169.jpeg?wid=54&w=1200&v=1&t=jpeg,Mekeng Golkar Usul Gubernur Dipilih DPRD: Lebih Bagus Zaman Pak Harto,detikNews,https://news.detik.com,2025-07-29T07:00:00.000Z,https://news.detik.com/berita/d-8035593/mekeng-golkar-usul-gubernur-dipilih-dprd-lebih-bagus-zaman-pak-harto,dataset_google-news-scraper_2026-01-08_17-39-39-954.json,,,,,,,,,,,,,
,Bahlil Lahadalia Lempar Wacana Pilkada Dipilih Lewat DPRD,inilampung.com,https://www.inilampung.com,2025-11-03T08:00:00.000Z,https://www.inilampung.com/2025/11/bahlil-lahadalia-lempar-wacana-pilkada.html,dataset_google-news-scraper_2026-01-08_17-39-39-954.json,,,,,,,,,,,,,
https://pict.sindonews.net/dyn/850/pena/news/2025/07/24/12/1596901/pkb-usul-gubernur-ditunjuk-pemerintah-pusat-bupati-dipilih-dprd-itb.jpg,"PKB Usul Gubernur Ditunjuk Pemerintah Pusat, Bupati Dipilih DPRD",SINDOnews Nasional,https://nasional.sindonews.com,2025-07-24T07:00:00.000Z,https://nasional.sindonews.com/read/1596901/12/pkb-usul-gubernur-ditunjuk-pemerintah-pusat-bupati-dipilih-dprd-1753312068,dataset_google-news-scraper_2026-01-08_17-39-39-954.json,,,,,,,,,,,,,
https://dprd.jatengprov.go.id/site/wp-content/uploads/2025/02/1738902955491-scaled.jpg,RAPAT PARIPURNA: Pengumuman Hasil Penetapan Paslon Gubernur & Wagub Terpilih 2025-2030,dprd jateng,https://dprd.jatengprov.go.id,2025-02-07T08:00:00.000Z,https://dprd.jatengprov.go.id/rapat-paripurna-pengumuman-hasil-penetapan-paslon-gubernur-wagub-terpilih-2025-2030/,dataset_google-news-scraper_2026-01-08_17-39-39-954.json,,,,,,,,,,,,,
https://aktual.com/wp-content/uploads/2025/02/IMG_20250221_113857.jpg,"Usulan Gubernur Dipilih Pusat Dinilai Kemunduran Demokrasi, Adi Prayitno: Kalau Perlu Tak Usah Pemilu Sekalian",Aktual.com,https://aktual.com,2025-07-29T07:00:00.000Z,https://aktual.com/usulan-gubernur-dipilih-pusat-dinilai-kemunduran-demokrasi-adi-prayitno-kalau-perlu-tak-usah-pemilu-sekalian/,dataset_google-news-scraper_2026-01-08_17-39-39-954.json,,,,,,,,,,,,,
https://statik.tempo.co/data/2025/07/22/id_1414963/1414963_720.jpg,Demokrat soal Wacana Gubernur Dipilih Presiden: Harus Pertimbangkan Demokrasinya,Tempo.co,https://www.tempo.co,2025-07-26T07:00:00.000Z,https://www.tempo.co/politik/demokrat-soal-wacana-gubernur-dipilih-presiden-harus-pertimbangkan-demokrasinya-2051264,dataset_google-news-scraper_2026-01-08_17-39-39-954.json,,,,,,,,,,,,,
,Zeira Salim Ungkap Alasan PKB Berikan Opsi Pemilihan Gubernur Dipilih DPRD,Waspada Online,https://waspada.co.id,2025-07-29T07:00:00.000Z,https://waspada.co.id/zeira-salim-ungkap-alasan-pkb-berikan-opsi-pemilihan-gubernur-dipilih-dprd/,dataset_google-news-scraper_2026-01-08_17-39-39-954.json,,,,,,,,,,,,,
https://cloud.jpnn.com/photo/galeri/watermark/2017/02/15/38e15a5a2c5d5375347bbee165a4accd.JPG,Pilkada Melalui DPRD Tak Menyelesaikan Masalah Politik Uang hingga Ekses Polarisasi,JPNN.com,https://www.jpnn.com,2026-01-05T12:00:00.000Z,https://www.jpnn.com/news/pilkada-melalui-dprd-tak-menyelesaikan-masalah-politik-uang-hingga-ekses-polarisasi,dataset_google-news-scraper_2026-01-08_17-45-13-055.json,,,,,,,,,,,,,
https://cloud.jpnn.com/photo/arsip/normal/2025/12/31/anggota-komisi-ii-dpr-ri-azis-subekti-source-for-jpnn-5am1t-zpmj.jpg,"Konstitusi Indonesia Tak Kaku, Evaluasi Pilkada Langsung Dimungkinkan",JPNN.com,https://www.jpnn.com,2025-12-31T10:31:00.000Z,https://www.jpnn.com/news/konstitusi-indonesia-tak-kaku-evaluasi-pilkada-langsung-dimungkinkan,dataset_google-news-scraper_2026-01-08_17-45-13-055.json,,,,,,,,,,,,,
https://i.headtopics.com/images/2026/1/4/jpnncom/tolak-pilkada-melalui-dprd-partai-buruh-pemilihan-tolak-pilkada-melalui-dprd-partai-buruh-pemilihan-8FC1FB0F1D64DDFD63F07A93F754FD15.webp,"Tolak Pilkada Melalui DPRD, Partai Buruh: Pemilihan Langsung Cermin Kedaulatan Rakyat",Head Topics,https://id.headtopics.com,2026-01-04T11:40:09.000Z,https://id.headtopics.com/news/tolak-pilkada-melalui-dprd-partai-buruh-pemilihan-77939585,dataset_google-news-scraper_2026-01-08_17-45-13-055.json,,,,,,,,,,,,,
https://cdn-assetd.kompas.id/T3fS_8CXRPC0qPFFtWlSciJ8Xmo=/1024x554/https%3A%2F%2Fcdn-dam.kompas.id%2Fimages%2F2025%2F12%2F31%2F29ea0c23b4699ffcf78f117b6a3495e1-selfie_hi.jpg,Menyambut Tahun Baru 2026,Kompas.id,https://www.kompas.id,2025-12-31T07:27:00.000Z,https://www.kompas.id/repola/menyambut-tahun-baru-2026,dataset_google-news-scraper_2026-01-08_17-45-13-055.json,,,,,,,,,,,,,
https://pelakita.id/wp-content/uploads/2026/01/logo-unhas-footer.png,Pemilihan Rektor Unhas Periode 2026-2030 akan Digelar di Kampus Jakarta,PELAKITA.ID,https://pelakita.id,2026-01-07T09:10:30.000Z,https://pelakita.id/2026/01/07/pemilihan-rektor-unhas-periode-2026-2030-akan-digelar-di-kampus-jakarta/,dataset_google-news-scraper_2026-01-08_17-45-13-055.json,,,,,,,,,,,,,
https://i.headtopics.com/images/2026/1/4/liputan6dotcom/kawendra-dpr-pilkada-melalui-dprd-tak-hilangkan-es-kawendra-dpr-pilkada-melalui-dprd-tak-hilangkan-es-435D6B25A946D1D3C2920F6E74138368.webp,Kawendra DPR: Pilkada Melalui DPRD Tak Hilangkan Esensi Demokrasi,Head Topics,https://id.headtopics.com,2026-01-04T05:14:55.000Z,https://id.headtopics.com/news/kawendra-dpr-pilkada-melalui-dprd-tak-hilangkan-esensi-77930336,dataset_google-news-scraper_2026-01-08_17-45-13-055.json,,,,,,,,,,,,,
https://indonesiapos.co.id/wp-content/uploads/2026/01/Dedy-Sitorus.webp,Deddy Sitorus : Pilkada Dipilih DPRD Bukan Solusi,— IndonesiaPos,https://indonesiapos.co.id,2026-01-03T09:30:25.000Z,https://indonesiapos.co.id/deddy-sitorus-pilkada-dipilih-dprd-bukan-solusi/,dataset_google-news-scraper_2026-01-08_17-45-13-055.json,,,,,,,,,,,,,
https://telusur.co.id/storage/thumbnails/1767884587.jpeg,"Demokrat Dukung Pilkada Lewat DPRD, Pengamat Sebut Warisan Politik SBY Dipertaruhkan",Telusur.co.id,https://telusur.co.id,2026-01-08T15:14:20.000Z,https://telusur.co.id/detail/demokrat-dukung-pilkada-lewat-dprd-pengamat-sebut-warisan-politik-sby-dipertaruhkan,dataset_google-news-scraper_2026-01-08_17-45-13-055.json,,,,,,,,,,,,,
https://static.promediateknologi.id/crop/0x0:0x0/750x500/webp/photo/p2/116/2025/12/30/IMG_3974-142282070.jpeg,Warga Aceh Gotong Royong Tarik Truk PLN yang Akan Perbaiki Listrik - Paradigma,paradigma.co.id,https://www.paradigma.co.id,2025-12-30T06:48:20.000Z,https://www.paradigma.co.id/news/1167013251/warga-aceh-gotong-royong-tarik-truk-pln-yang-akan-perbaiki-listrik,dataset_google-news-scraper_2026-01-08_17-45-13-055.json,,,,,,,,,,,,,
https://i.headtopics.com/images/2026/1/8/jpnncom/mayoritas-publik-tolak-pilkada-via-dprd-pdip-terla-mayoritas-publik-tolak-pilkada-via-dprd-pdip-terla-72D8D69E1FC4E502F4D6B83B614719AF.webp,"Mayoritas Publik Tolak Pilkada via DPRD, PDIP: Terlalu Mahal Cabut Hak Rakyat",Head Topics,https://id.headtopics.com,2026-01-08T08:53:31.000Z,https://id.headtopics.com/news/mayoritas-publik-tolak-pilkada-via-dprd-pdip-terlalu-78111251,dataset_google-news-scraper_2026-01-08_17-45-13-055.json,,,,,,,,,,,,,
https://i.headtopics.com/images/2026/1/3/jpnncom/soal-pilkada-lewat-dprd-pusako-efisiensi-jangan-soal-pilkada-lewat-dprd-pusako-efisiensi-jangan-A209C4BE8308A8862C3F661FFCA9A98F.webp,"Soal Pilkada Lewat DPRD, PUSaKO: Efisiensi Jangan Mengorbankan Demokrasi",Head Topics,https://id.headtopics.com,2026-01-03T19:40:55.000Z,https://id.headtopics.com/news/soal-pilkada-lewat-dprd-pusako-efisiensi-jangan-77920437,dataset_google-news-scraper_2026-01-08_17-45-13-055.json,,,,,,,,,,,,,
https://cloud.jpnn.com/photo/arsip/normal/2026/01/03/direktur-pusako-fakultas-hukum-unand-charles-simabura-antara-ghsd.jpg,"PUSaKO Unand Tolak Wacana Pilkada Lewat DPRD, Singgung Korupsi Sistemik",JPNN.com,https://www.jpnn.com,2026-01-03T07:49:42.000Z,https://www.jpnn.com/news/pusako-unand-tolak-wacana-pilkada-lewat-dprd-singgung-korupsi-sistemik,dataset_google-news-scraper_2026-01-08_17-45-13-055.json,,,,,,,,,,,,,
https://cloud.jpnn.com/photo/arsip/normal/2025/09/30/wali-kota-pekanbaru-agung-nugroho-fotosource-for-jpnn-k8uvs-ryjl.jpg,"Program Wali Kota Sudah Dirasakan, Pengamat: DPRD Seharusnya Fokus Mendukung",JPNN.com,https://www.jpnn.com,2026-01-02T12:01:00.000Z,https://www.jpnn.com/news/program-wali-kota-sudah-dirasakan-pengamat-dprd-seharusnya-fokus-mendukung,dataset_google-news-scraper_2026-01-08_17-45-13-055.json,,,,,,,,,,,,,
https://fajar.co.id/wp-content/uploads/2026/01/IMG_20260108_103512.jpg,Wacana Pilkada Dipilih DPRD; Efisiensi Semu dan Ancaman Terhadap Kedaulatan Rakyat,FAJAR,https://fajar.co.id,2026-01-08T02:38:00.000Z,https://fajar.co.id/2026/01/08/wacana-pilkada-dipilih-dprd-efisiensi-semu-dan-ancaman-terhadap-kedaulatan-rakyat/,dataset_google-news-scraper_2026-01-08_17-45-13-055.json,,,,,,,,,,,,,
https://fajar.co.id/wp-content/uploads/2025/01/Pilkada.jpeg,"Enam Fraksi DPR Setujui Pilkada Lewat DPRD, PDIP: Secara Matematis Usul Itu Telah Berhasil",FAJAR,https://fajar.co.id,2026-01-08T01:59:47.000Z,https://fajar.co.id/2026/01/08/enam-fraksi-dpr-setujui-pilkada-lewat-dprd-pdip-secara-matematis-usul-itu-telah-berhasil/,dataset_google-news-scraper_2026-01-08_17-45-13-055.json,,,,,,,,,,,,,
https://sinpo.id/storage/2026/01/pkb-pilkada-lewat-dprd-upaya-buat-demokrasi-semakin-efektif-08012026-201829.jpg,PKB: Pilkada Lewat DPRD Upaya Buat Demokrasi Semakin Efektif,SinPo.id,https://sinpo.id,2026-01-08T13:50:53.000Z,https://sinpo.id/detail/112466/pkb-pilkada-lewat-dprd-upaya-buat-demokrasi-semakin-efektif,dataset_google-news-scraper_2026-01-08_17-45-13-055.json,,,,,,,,,,,,,
https://fajar.co.id/wp-content/uploads/2023/04/Ismail-Fahmi.jpg,"Analisis Drone Emprit, Penolakan Pilkada DPRD Ramai tapi Elite Tetap Santai - Laman 3",FAJAR,https://fajar.co.id,2026-01-08T03:07:49.000Z,https://fajar.co.id/2026/01/08/analisis-drone-emprit-penolakan-pilkada-dprd-ramai-tapi-elite-tetap-santai/3/,dataset_google-news-scraper_2026-01-08_17-45-13-055.json,,,,,,,,,,,,,
https://nasdemdprri.id/storage/app/resources/resize/400_0_0_0_auto/img_f1dd1df091e3c6ba27ffb880bd404ade.jpg,"Rentan Politik Uang, Semua Skema Pilkada Perlu Dievaluasi",Fraksi Nasdem,https://nasdemdprri.id,2026-01-08T07:33:31.000Z,https://nasdemdprri.id/berita/rentan-politik-uang-semua-skema-pilkada-perlu-dievaluasi,dataset_google-news-scraper_2026-01-08_17-45-13-055.json,,,,,,,,,,,,,
https://pdiperjuangan-jatim.com/wp-content/uploads/2025/12/pdip-jatim-251223-armuji.jpg,"DPC PDIP Surabaya Tegas Tolak Wacana Pilkada Melalui DPRD, Armuji: Demokrasi Tidak Boleh Mundur",DPD PDI Perjuangan Jawa Timur,https://pdiperjuangan-jatim.com,2026-01-08T11:32:00.000Z,https://pdiperjuangan-jatim.com/dpc-pdip-surabaya-tegas-tolak-wacana-pilkada-melalui-dprd-armuji-demokrasi-tidak-boleh-mundur/,dataset_google-news-scraper_2026-01-08_17-45-13-055.json,,,,,,,,,,,,,
https://fajar.co.id/wp-content/uploads/2026/01/bivitri-susanti.webp,"Parpol Ramai-ramai Dukung Pilkada melalui DPRD, Bivitri Susanti Curiga Pemerintah Juga Ingin Pilpres melalui MPR",FAJAR,https://fajar.co.id,2026-01-07T15:03:34.000Z,https://fajar.co.id/2026/01/07/parpol-ramai-ramai-dukung-pilkada-melalui-dprd-bivitri-susanti-curiga-pemerintah-juga-ingin-pilpres-melalui-mpr/,dataset_google-news-scraper_2026-01-08_17-45-13-055.json,,,,,,,,,,,,,
https://i.headtopics.com/images/2026/1/3/kompastv/akademisi-unand-tolak-wacana-kepala-daerah-ditunju-akademisi-unand-tolak-wacana-kepala-daerah-ditunju-6D61F89F4E9D6DC8B9E2AB5215292AE6.webp,Akademisi Unand Tolak Wacana Kepala Daerah Ditunjuk DPRD: Efisiensi Tak Bisa Jadi Alasan,Head Topics,https://id.headtopics.com,2026-01-03T12:11:58.000Z,https://id.headtopics.com/news/akademisi-unand-tolak-wacana-kepala-daerah-ditunjuk-dprd-77908337,dataset_google-news-scraper_2026-01-08_17-45-13-055.json,,,,,,,,,,,,,
https://i.headtopics.com/images/2026/1/4/antaranews/deep-indonesia-usul-pilkada-oleh-dprd-langkah-mund-deep-indonesia-usul-pilkada-oleh-dprd-langkah-mund-BF07330B158E2964E4FBC665B8696AC8.webp,DEEP Indonesia: Usul pilkada oleh DPRD langkah mundur demokrasi,Head Topics,https://id.headtopics.com,2026-01-04T14:45:54.000Z,https://id.headtopics.com/news/deep-indonesia-usul-pilkada-oleh-dprd-langkah-mundur-77944301,dataset_google-news-scraper_2026-01-08_17-45-13-055.json,,,,,,,,,,,,,
https://fajar.co.id/wp-content/uploads/2024/04/IMG-20240430-WA0041.jpg,"Survei LSI Ungkap Penolakan Publik, Ras MD Ingatkan Bahaya Pilkada Lewat DPRD",FAJAR,https://fajar.co.id,2026-01-08T06:47:26.000Z,https://fajar.co.id/2026/01/08/survei-lsi-ungkap-penolakan-publik-ras-md-ingatkan-bahaya-pilkada-lewat-dprd/,dataset_google-news-scraper_2026-01-08_17-45-13-055.json,,,,,,,,,,,,,
https://www.umy.ac.id/wp-content/uploads/2026/01/WhatsApp-Image-2026-01-03-at-10.19.59.jpeg,Pilkada Dipilih DPRD Beresiko Lemahkan Demokrasi Lokal,UMY,https://www.umy.ac.id,2026-01-03T04:06:00.000Z,https://www.umy.ac.id/pilkada-dipilih-dprd-beresiko-lemahkan-demokrasi-lokal/,dataset_google-news-scraper_2026-01-08_17-45-13-055.json,,,,,,,,,,,,,
https://i.headtopics.com/images/2026/1/6/antaranews/mui-itjima-ulama-usulkan-pemilihan-kepala-daerah-d-mui-itjima-ulama-usulkan-pemilihan-kepala-daerah-d-857B74D903D393FE8C882F3CA5609061.webp,MUI: Itjima ulama usulkan pemilihan kepala daerah dilakukan oleh DPRD,Head Topics,https://id.headtopics.com,2026-01-06T16:23:16.000Z,https://id.headtopics.com/news/mui-itjima-ulama-usulkan-pemilihan-kepala-daerah-dilakukan-78034186,dataset_google-news-scraper_2026-01-08_17-45-13-055.json,,,,,,,,,,,,,
https://fajar.co.id/wp-content/uploads/2025/09/Screenshot_2025-09-13-12-28-00-504-edit_com.instagram.android.jpg,"Tuntutan Adili Jokowi dan Makzulkan Gibran Mendadak Hilang, 17+8 Ditunggangi?",FAJAR,https://fajar.co.id,2025-09-13T07:00:00.000Z,https://fajar.co.id/2025/09/13/tuntutan-adili-jokowi-dan-makzulkan-gibran-mendadak-hilang-178-ditunggangi/,dataset_google-news-scraper_2026-01-08_17-45-13-055.json,,,,,,,,,,,,,
https://klikfakta.com/wp-content/uploads/2025/10/IMG-20251009-WA0005.jpg,"Najeeb Yakubu Dipanggil Timnas Niger, Tampil di Laga FIFA World Cup African qualifiers 2026",Klikfakta,https://klikfakta.com,2025-10-09T07:00:00.000Z,https://klikfakta.com/2025/10/najeeb-yakubu-dipanggil-timnas-niger-tampil-di-laga-fifa-world-cup-african-qualifiers-2026/,dataset_google-news-scraper_2026-01-08_17-45-13-055.json,,,,,,,,,,,,,
https://cdn25.metrotvnews.com/dynamic/content/2026/01/08/NgxCaYOJ/t_695fb77b6559a.jpg?w=1024,"Polemik Pilkada Lewat DPRD, Istana: Kita Dengarkan Masukan Masyarakat",MetroTVNews.com,https://www.metrotvnews.com,2026-01-08T13:54:04.000Z,https://www.metrotvnews.com/read/NgxCaYOJ-polemik-pilkada-lewat-dprd-istana-kita-dengarkan-masukan-masyarakat,dataset_google-news-scraper_2026-01-08_17-45-13-055.json,,,,,,,,,,,,,
https://cloud.jpnn.com/photo/arsip/normal/2025/11/27/peneliti-forum-masyarakat-peduli-parlemen-indonesia-formappi-bqs9.jpg,Formappi Tagih KPK untuk Segera Tahan Satori dan Heri Gunawan,JPNN.com,https://www.jpnn.com,2025-12-29T05:08:57.000Z,https://www.jpnn.com/news/formappi-tagih-kpk-untuk-segera-tahan-satori-dan-heri-gunawan,dataset_google-news-scraper_2026-01-08_17-45-13-055.json,,,,,,,,,,,,,
https://fajar.co.id/wp-content/uploads/2023/03/IMG-20230302-WA0003.jpg,"Ramai Tolak Pilkada DPRD, Dede Budhyarto Malah Ungkit Golput 2024",FAJAR,https://fajar.co.id,2026-01-08T03:56:19.000Z,https://fajar.co.id/2026/01/08/ramai-tolak-pilkada-dprd-dede-budhyarto-malah-ungkit-golput-2024/,dataset_google-news-scraper_2026-01-08_17-45-13-055.json,,,,,,,,,,,,,
https://i.headtopics.com/images/2026/1/6/antaranews/demokrat-nyatakan-akan-sejalan-dengan-prabowo-meny-demokrat-nyatakan-akan-sejalan-dengan-prabowo-meny-09FBBF2776A76535F81B13C5AD311801.webp,Demokrat nyatakan akan sejalan dengan Prabowo menyikapi sistem Pilkada,Head Topics,https://id.headtopics.com,2026-01-06T11:45:21.000Z,https://id.headtopics.com/news/demokrat-nyatakan-akan-sejalan-dengan-prabowo-menyikapi-78023282,dataset_google-news-scraper_2026-01-08_17-45-13-055.json,,,,,,,,,,,,,
https://pks.id/contentAsset/image-thumbnail/45c5976f-95c0-4c05-afb3-1dfe21b95910/image/w/800/h/450/bg/000000000,PKS Belum Putuskan soal Pilkada Dipilih DPRD: UUD 1945 Tak Larang,PKS - Partai Keadilan Sejahtera,https://pks.id,2026-01-05T02:23:51.000Z,https://pks.id/content/pks-belum-putuskan-soal-pilkada-dipilih-dprd-uud-1945-tak-larang,dataset_google-news-scraper_2026-01-08_17-45-13-055.json,,,,,,,,,,,,,
https://i.headtopics.com/images/2026/1/2/antaranews/kemarin-prabowo-beri-tugas-khusus-hingga-kpk-soal--kemarin-prabowo-beri-tugas-khusus-hingga-kpk-soal--F67A6891AEC5E680A7D83E05EBAD4E7A.webp,"Kemarin, Prabowo beri tugas khusus hingga KPK soal pilkada lewat DPRD",Head Topics,https://id.headtopics.com,2026-01-02T23:07:47.000Z,https://id.headtopics.com/news/kemarin-prabowo-beri-tugas-khusus-hingga-kpk-soal-pilkada-77892062,dataset_google-news-scraper_2026-01-08_17-45-13-055.json,,,,,,,,,,,,,
https://telusur.co.id/storage/thumbnails/1767005255.jpg,HIPMI: Pilkada Tak Langsung Perlu Dikaji Jadi Opsi Penguatan Tata Kelola Daerah,Telusur.co.id,https://telusur.co.id,2025-12-29T10:48:45.000Z,https://telusur.co.id/detail/hipmi-pilkada-tak-langsung-perlu-dikaji-jadi-opsi-penguatan-tata-kelola-daerah,dataset_google-news-scraper_2026-01-08_17-45-13-055.json,,,,,,,,,,,,,
https://i.headtopics.com/images/2026/1/8/suaradotcom/lobi-prabowo-sby-bikin-demokrat-ubah-sikap-soal-pi-lobi-prabowo-sby-bikin-demokrat-ubah-sikap-soal-pi-84D788E1032C522985843BFD468E19F8.webp,Lobi Prabowo-SBY Bikin Demokrat Ubah Sikap Soal Pilkada? Ini Kata Gerindra,Head Topics,https://id.headtopics.com,2026-01-08T12:07:47.000Z,https://id.headtopics.com/news/lobi-prabowo-sby-bikin-demokrat-ubah-sikap-soal-pilkada-78119002,dataset_google-news-scraper_2026-01-08_17-45-13-055.json,,,,,,,,,,,,,
https://assetd.kompas.id/uJN4q4oQYu05CrWbK3gw2iQ8beA=/1024x576/smart/filters:format(webp):quality(75)/https://cdn-dam.kompas.id/images/2026/01/06/cc411bfe126189dcb3f81567382ff871-20260106_OPINI_Manuver_Pilkada_DPRD.jpg,Manuver Pilkada DPRD,Kompas.id,https://www.kompas.id,2026-01-07T07:00:00.000Z,https://www.kompas.id/artikel/manuver-pilkada-dprd,dataset_google-news-scraper_2026-01-08_17-45-13-055.json,,,,,,,,,,,,,
https://fajar.co.id/wp-content/uploads/2024/05/ferdinand-hutahaean.webp,"Ungkit Pernyataan Lawas SBY Soal Pilkada Langsung, Ferdinand Hutahaean: Sekarang Harganya Jabatan AHY",FAJAR,https://fajar.co.id,2026-01-07T08:02:36.000Z,https://fajar.co.id/2026/01/07/ungkit-pernyataan-lawas-sby-soal-pilkada-langsung-ferdinand-hutahaean-sekarang-harganya-jabatan-ahy/,dataset_google-news-scraper_2026-01-08_17-45-13-055.json,,,,,,,,,,,,,
https://i.headtopics.com/images/2026/1/2/antaranews/negara-harus-hadir-cegah-modal-politik-tinggi-negara-harus-hadir-cegah-modal-politik-tinggi-396E27C0F53148A840344E69ABC74663.webp,Negara harus hadir cegah modal politik tinggi,Head Topics,https://id.headtopics.com,2026-01-02T02:34:23.000Z,https://id.headtopics.com/news/negara-harus-hadir-cegah-modal-politik-tinggi-77858422,dataset_google-news-scraper_2026-01-08_17-45-13-055.json,,,,,,,,,,,,,
https://i.headtopics.com/images/2026/1/4/liputan6dotcom/penjelasan-lengkap-ketua-dprd-soppeng-jawab-isu-an-penjelasan-lengkap-ketua-dprd-soppeng-jawab-isu-an-51DCC85869E81384E8E7F873F7F4F6DA.webp,Penjelasan Lengkap Ketua DPRD Soppeng Jawab Isu Aniaya dan Tendang Pejabat Pemkab,Head Topics,https://id.headtopics.com,2026-01-04T15:15:56.000Z,https://id.headtopics.com/news/penjelasan-lengkap-ketua-dprd-soppeng-jawab-isu-aniaya-dan-77945315,dataset_google-news-scraper_2026-01-08_17-45-13-055.json,,,,,,,,,,,,,
https://cdns.klimg.com/mav-prod-resized/1280x720/ori/image_bank/2025/11/06/073902.484-politisi-pan-dan-demokrat-ribut-mobil-fortuner-sampai-dibakar-1.jpg,"Kader PAN dan Demokrat Berseteru, Mobil Fortuner Sampai DIbakar",Merdeka.com,https://www.merdeka.com,2025-11-06T08:00:00.000Z,https://www.merdeka.com/peristiwa/kader-pan-dan-demokrat-berseteru-mobil-fortuner-sampai-dibakar-490800-mvk.html,dataset_google-news-scraper_2026-01-08_17-45-13-055.json,,,,,,,,,,,,,
https://lampost.co/wp-content/uploads/2025/03/tajuk03-1.jpg,84 Persen Generasi Z Tolak Wacana Pilkada Lewat DPRD ·,Lampost.co ·,https://lampost.co,2026-01-08T03:10:03.000Z,https://lampost.co/lamban-pilkada/84-persen-generasi-z-tolak-wacana-pilkada-lewat-dprd/,dataset_google-news-scraper_2026-01-08_17-45-13-055.json,,,,,,,,,,,,,
https://awsimages.detik.net.id/api/wm/2026/01/08/ketum-pp-muhammadiyah-haedar-nashir-1767858621953_169.jpeg?wid=54&w=1200&v=1&t=jpeg,Haedar Nashir soal Pilkada Lewat DPRD: Jangan Mudah Mengubah Struktur,detikcom,https://www.detik.com,2026-01-08T08:05:36.000Z,https://www.detik.com/jateng/berita/d-8297784/haedar-nashir-soal-pilkada-lewat-dprd-jangan-mudah-mengubah-struktur/amp,dataset_google-news-scraper_2026-01-08_17-45-13-055.json,,,,,,,,,,,,,
https://fajar.co.id/wp-content/uploads/2025/12/yusuf-dumdum.webp,"Sepanjang 2010 hingga 2024, 545 Anggota DPRD Terjerat Kasus, Yusuf Dumdum: Permainan di Bawah Meja Akan Semakin Gila",FAJAR,https://fajar.co.id,2026-01-08T14:07:09.000Z,https://fajar.co.id/2026/01/08/sepanjang-2010-hingga-2024-545-anggota-dprd-terjerat-kasus-yusuf-dumdum-permainan-di-bawah-meja-akan-semakin-gila/,dataset_google-news-scraper_2026-01-08_17-45-13-055.json,,,,,,,,,,,,,
https://fajar.co.id/wp-content/uploads/2025/11/benny-k-harman.jpg,Demokrat Timpali Cak Imin soal Dukung Pilkada Ditunjuk DPRD Karena Mahal: Itu Bukan Solusi,FAJAR,https://fajar.co.id,2026-01-02T02:48:12.000Z,https://fajar.co.id/2026/01/02/demokrat-timpali-cak-imin-soal-dukung-pilkada-ditunjuk-dprd-karena-mahal-itu-bukan-solusi/,dataset_google-news-scraper_2026-01-08_17-45-13-055.json,,,,,,,,,,,,,
"https://asset.kompas.com/crops/ChazYbIU5zZc1jDnuF3zPKbZ03Q=/0x0:1200x800/780x390/filters:watermark(data/photo/2020/03/10/5e6775d554370.png,0,-0,1)/data/photo/2025/12/31/6954962f9247b.jpg","Bertambah 1, Ini Daftar Partai yang Dukung Pilkada Melalui DPRD, Hanya 1 Menolak",Kompas.com,https://www.kompas.com,2026-01-08T08:30:00.000Z,https://www.kompas.com/tren/read/2026/01/08/153000965/bertambah-1-ini-daftar-partai-yang-dukung-pilkada-melalui-dprd-hanya-1?page,dataset_google-news-scraper_2026-01-08_17-45-13-055.json,,,,,,,,,,,,,
https://i.headtopics.com/images/2026/1/7/suaradotcom/dpr-ri-minta-tunda-debat-pilkada-demi-prioritaskan-dpr-ri-minta-tunda-debat-pilkada-demi-prioritaskan-29A2069792F620172744F245F86D1EA9.webp,DPR RI Minta Tunda Debat Pilkada Demi Prioritaskan Penanganan Bencana di Sumatra,Head Topics,https://id.headtopics.com,2026-01-07T08:34:59.000Z,https://id.headtopics.com/news/dpr-ri-minta-tunda-debat-pilkada-demi-prioritaskan-78061827,dataset_google-news-scraper_2026-01-08_17-45-13-055.json,,,,,,,,,,,,,
https://i.headtopics.com/images/2026/1/7/antaranews/dprd-bogor-apresiasi-kinerja-kombes-eko-selama-men-dprd-bogor-apresiasi-kinerja-kombes-eko-selama-men-C5B93BF255138AAACD535287DD048DF4.webp,DPRD Bogor apresiasi kinerja Kombes Eko selama menjabat Kapolresta,Head Topics,https://id.headtopics.com,2026-01-07T04:44:48.000Z,https://id.headtopics.com/news/dprd-bogor-apresiasi-kinerja-kombes-eko-selama-menjabat-78054774,dataset_google-news-scraper_2026-01-08_17-45-13-055.json,,,,,,,,,,,,,
https://cloud.jpnn.com/photo/arsip/normal/2026/01/06/presiden-prabowo-memimpin-retret-kabinet-merah-putih-di-hamb-5qvi.jpg,Retret Dianggap Agenda Politik yang Menghambat Kinerja Pejabat,JPNN.com,https://www.jpnn.com,2026-01-06T12:01:00.000Z,https://www.jpnn.com/news/retret-dianggap-agenda-politik-yang-menghambat-kinerja-pejabat,dataset_google-news-scraper_2026-01-08_17-45-13-055.json,,,,,,,,,,,,,
"https://asset.kompas.com/crops/i-wV0aWi_RYkWUu0PWwg8iP50_U=/0x0:1280x853/780x390/filters:watermark(data/photo/2020/03/10/5e6775ae18c31.png,0,-0,1)/data/photo/2025/10/02/68de4d9088b1a.jpeg","Peta Dukungan Ide Pilkada via DPRD: 5 Partai di Parlemen Setuju, PDIP Menolak",Kompas.com,https://nasional.kompas.com,2026-01-08T02:13:00.000Z,https://nasional.kompas.com/read/2026/01/08/09132031/peta-dukungan-ide-pilkada-via-dprd-5-partai-di-parlemen-setuju-pdip-menolak?page,dataset_google-news-scraper_2026-01-08_17-45-13-055.json,,,,,,,,,,,,,
https://i.headtopics.com/images/2026/1/3/antaranews/pusako-unand-tolak-wacana-pilkada-lewat-dprd-pusako-unand-tolak-wacana-pilkada-lewat-dprd-F9F6ADEE087CE34092806034AD05881A.webp,PUSaKO Unand tolak wacana Pilkada lewat DPRD,Head Topics,https://id.headtopics.com,2026-01-03T07:35:07.000Z,https://id.headtopics.com/news/pusako-unand-tolak-wacana-pilkada-lewat-dprd-77901409,dataset_google-news-scraper_2026-01-08_17-45-13-055.json,,,,,,,,,,,,,
https://asset.tribunnews.com/u-AGisVmOM02jP7R8FwvuX8KRIg=/1200x675/filters:upscale():quality(30):format(webp):focal(0.5x0.5:0.5x0.5)/makassar/foto/bank/originals/20251016-A-Edy-Manaf-435.jpg,"Legislator Sinjai Kamrianto Tersangka Pembakaran Mobil, DPW PAN Sulsel: Tindak Tegas",Tribun-timur.com,https://makassar.tribunnews.com,2025-11-04T08:00:00.000Z,https://makassar.tribunnews.com/sinjai/1818266/legislator-sinjai-kamrianto-tersangka-pembakaran-mobil-dpw-pan-sulsel-tindak-tegas,dataset_google-news-scraper_2026-01-08_17-45-13-055.json,,,,,,,,,,,,,
https://telusur.co.id/storage/thumbnails/1767871356.jpeg,"Prabowo Minta PKB Diawasi, Pengamat: Itu Refleksi Pengalaman Masa Lalu",Telusur.co.id,https://telusur.co.id,2026-01-08T11:24:06.000Z,https://telusur.co.id/detail/prabowo-minta-pkb-diawasi-pengamat-itu-refleksi-pengalaman-masa-lalu,dataset_google-news-scraper_2026-01-08_17-45-13-055.json,,,,,,,,,,,,,
https://assetd.kompas.id/dGMm-24cVqOPj2_-j2Ri791Mapw=/1024x575/smart/filters:format(webp):quality(75)/https://cdn-dam.kompas.id/photo/ori/2022/04/23/a7dc0a05-ddef-4735-adad-42b579465104.jpg,"Revisi Pilkada lewat DPRD, Pemerintah Lempar Bola Panas ke DPR",Kompas.id,https://www.kompas.id,2026-01-07T09:57:00.000Z,https://www.kompas.id/artikel/revisi-pilkada-lewat-dprd-pemerintah-lempar-bola-panas-ke-dpr,dataset_google-news-scraper_2026-01-08_17-45-13-055.json,,,,,,,,,,,,,
"https://asset.kompas.com/crops/gzgOEdz2S87Hb6p0QDx6gCcdzqY=/0x0:0x0/780x390/filters:watermark(data/photo/2020/03/10/5e6775ae18c31.png,0,-0,1)/data/photo/2025/12/31/6954cd16df39b.jpg","Kantor DPRD Sidoarjo Dilanda Banjir, Air Masuk ke Ruang VVIP",Kompas.com,https://surabaya.kompas.com,2025-12-31T07:31:00.000Z,https://surabaya.kompas.com/read/2025/12/31/143121978/kantor-dprd-sidoarjo-dilanda-banjir-air-masuk-ke-ruang-vvip,dataset_google-news-scraper_2026-01-08_17-45-13-055.json,,,,,,,,,,,,,
https://britabrita.com/wp-content/uploads/2026/01/67db8116a6970.jpg,"Wacana Kepala Daerah Dipilih DPRD: Antara Gagasan, Proses, dan Kewaspadaan Publik",BritaBrita.com,https://britabrita.com,2026-01-03T08:35:35.000Z,https://britabrita.com/2026/01/03/wacana-kepala-daerah-dipilih-dprd-antara-gagasan-proses-dan-kewaspadaan-publik/,dataset_google-news-scraper_2026-01-08_17-45-13-055.json,,,,,,,,,,,,,
https://i.headtopics.com/images/2026/1/2/liputan6dotcom/heboh-pejabat-pemerintah-mengaku-dianiaya-ketua-dp-heboh-pejabat-pemerintah-mengaku-dianiaya-ketua-dp-F1881DC6385ACF926D1E6552D914A40E.webp,"Heboh Pejabat Pemerintah Mengaku Dianiaya Ketua DPRD Soppeng, Begini Duduk Perkaranya",Head Topics,https://id.headtopics.com,2026-01-02T11:12:35.000Z,https://id.headtopics.com/news/heboh-pejabat-pemerintah-mengaku-dianiaya-ketua-dprd-77871051,dataset_google-news-scraper_2026-01-08_17-45-13-055.json,,,,,,,,,,,,,
"https://asset.kompas.com/crops/NPN6CuqvCDEV5yca9SUq8BBFX0k=/147x0:1497x900/780x390/filters:watermark(data/photo/2020/03/10/5e6775ae18c31.png,0,-0,1)/data/photo/2025/12/29/695261ebae843.jpeg",Warga Keluhkan Yai Mim ke DPRD Kota Malang soal Perusakan Fasum,Kompas.com,https://surabaya.kompas.com,2025-12-29T08:00:00.000Z,https://surabaya.kompas.com/read/2025/12/29/181342178/warga-keluhkan-yai-mim-ke-dprd-kota-malang-soal-perusakan-fasum,dataset_google-news-scraper_2026-01-08_17-45-13-055.json,,,,,,,,,,,,,
https://static.promediateknologi.id/crop/0x0:0x0/750x500/webp/photo/p1/1015/2026/01/03/IMG-20260103-WA0065_copy_700x465-2045884214.jpg,"HMI Purwakarta: DPRD Jangan Bikin Gaduh, Fokus Kawal Isu Lokal - Delik Jabar",Delik Jabar,https://www.delikjabar.com,2026-01-03T08:33:14.000Z,https://www.delikjabar.com/info-jabar/101516510892/hmi-purwakarta-dprd-jangan-bikin-gaduh-fokus-kawal-isu-lokal,dataset_google-news-scraper_2026-01-08_17-45-13-055.json,,,,,,,,,,,,,
https://assetd.kompas.id/fPt4ercUQIk7nB5W5OORoAaTRaI=/1024x576/smart/filters:format(webp):quality(75)/https://asset.kgnewsroom.com/photo/pre/2023/10/22/dcd3eaef-3b84-4d6d-ac8b-517247df29c2_jpg.jpg,"LSI Denny JA: Mayoritas Publik Tolak Pilkada lewat DPRD, Elektabilitas Partai Dipertaruhkan",Kompas.id,https://www.kompas.id,2026-01-07T12:10:00.000Z,https://www.kompas.id/artikel/mayoritas-publik-tolak-pilkada-dprd-elektabilitas-partai-dan-kepuasan-pemerintah-dipertaruhkan,dataset_google-news-scraper_2026-01-08_17-45-13-055.json,,,,,,,,,,,,,
"https://asset.kompas.com/crops/xeQvGhYkgcDahBTsz_I-n8h3c5I=/0x0:1200x800/780x390/filters:watermark(data/photo/2020/03/10/5e6775ae18c31.png,0,-0,1)/data/photo/2025/12/31/6954962f9247b.jpg","Gerindra Sebut Pilkada via DPRD untuk Penyempurnaan Demokrasi, Bukan Kemunduran",Kompas.com,https://nasional.kompas.com,2025-12-31T10:46:00.000Z,https://nasional.kompas.com/read/2025/12/31/17463441/gerindra-sebut-pilkada-via-dprd-untuk-penyempurnaan-demokrasi-bukan,dataset_google-news-scraper_2026-01-08_17-45-13-055.json,,,,,,,,,,,,,
https://asset.tribunnews.com/2MqJSr-Am2GKMpZ_sNfOsH4O47w=/1200x675/filters:upscale():quality(30):format(webp):focal(0.5x0.5:0.5x0.5)/makassar/foto/bank/originals/Irwan-Hasan-Ketua-Fraksi-PPP-DPRD-Makassar-345456.jpg,"Profil Irwan Hasan, Dulu Tukang Tambal Ban Kini Ketua Fraksi PPP DPRD Makassar",Tribun-timur.com,https://makassar.tribunnews.com,2024-09-11T07:00:00.000Z,https://makassar.tribunnews.com/2024/09/11/profil-irwan-hasan-dulu-tukang-tambal-ban-kini-ketua-fraksi-ppp-dprd-makassar,dataset_google-news-scraper_2026-01-08_17-45-13-055.json,,,,,,,,,,,,,
https://www.inanews.co.id/wp-content/plugins/open-graph-image-overlay/generate-og-image.php?p=66565,"Alasan Publik Tolak Pilkada via DPRD Ada Lima, Temuan Survei",INAnews,https://www.inanews.co.id,2026-01-08T04:41:00.000Z,https://www.inanews.co.id/2026/01/alasan-publik-tolak-pilkada-via-dprd-ada-lima-temuan-survei/,dataset_google-news-scraper_2026-01-08_17-45-13-055.json,,,,,,,,,,,,,
,Anggota DPR RI Demokrat Benny K Harman Tegas Menolak Wacana Pilkada di DPRD,Herald ID,https://herald.id,2026-01-05T13:35:00.000Z,https://herald.id/2026/01/05/anggota-dpr-ri-demokrat-benny-k-harman-tegas-menolak-wacana-pilkada-di-dprd/,dataset_google-news-scraper_2026-01-08_17-45-13-055.json,,,,,,,,,,,,,
,Pilkada Dipilih DPRD pada 2026 dan Kontroversinya: Antara Efisiensi dan Hak Politik Rakyat?,Universitas Negeri Surabaya,https://pendidikan-sains.fmipa.unesa.ac.id,2026-01-08T15:33:00.000Z,https://pendidikan-sains.fmipa.unesa.ac.id/post/pilkada-dipilih-dprd-pada-2026-dan-kontroversinya-antara-efisiensi-dan-hak-politik-rakyat,dataset_google-news-scraper_2026-01-08_17-45-13-055.json,,,,,,,,,,,,,
,Survei LSI Denny JA: Penolakan Pilkada Oleh DPRD Bersifat Massif dan Sistemik,Publicanews,https://www.publica-news.com,2026-01-08T01:12:07.000Z,https://www.publica-news.com/berita/nasional/2026/01/08/76575/survei-lsi-denny-ja-penolakan-pilkada-oleh-dprd-bersifat-massif-dan-sistemik.html,dataset_google-news-scraper_2026-01-08_17-45-13-055.json,,,,,,,,,,,,,
,"Wacana Pilkada oleh DPRD Bergulir, Benny K Harman: Itu Bukan Solusi",DPR RI,https://www.dpr.go.id,2026-01-05T12:42:37.000Z,https://www.dpr.go.id/kegiatan-dpr/berita/Wacana-Pilkada-oleh-DPRD-Bergulir-Benny-K-Harman-Itu-Bukan-Solusi-62195,dataset_google-news-scraper_2026-01-08_17-45-13-055.json,,,,,,,,,,,,,
"https://asset.kompas.com/crops/UERLpspOuYrnRORActU6zCen3ow=/0x0:0x0/780x390/filters:watermark(data/photo/2020/03/10/5e6775ae18c31.png,0,-0,1)/data/photo/2025/09/17/68ca538f66e88.jpg",Isu Sistem Pilkada Masuk Agenda Pembahasan Rakernas PDI-P di Ancol,Kompas.com,https://nasional.kompas.com,2026-01-07T05:18:00.000Z,https://nasional.kompas.com/read/2026/01/07/12182331/isu-sistem-pilkada-masuk-agenda-pembahasan-rakernas-pdi-p-di-ancol,dataset_google-news-scraper_2026-01-08_17-45-13-055.json,,,,,,,,,,,,,
,Golkar Jamin Pilkada via DPRD yang Diusulkan Tak Seperti Orde Baru,Kompas.com,https://nasional.kompas.com,2026-01-08T15:49:00.000Z,https://nasional.kompas.com/read/2026/01/08/22492701/golkar-jamin-pilkada-via-dprd-yang-diusulkan-tak-seperti-orde-baru,dataset_google-news-scraper_2026-01-08_17-45-13-055.json,,,,,,,,,,,,,
,"PDIP Sumut Lawan Wacana Pilkada DPRD, Sebut Ada Niat Tertentu Elite Politik",Waspada Online,https://waspada.co.id,2026-01-08T14:45:53.000Z,https://waspada.co.id/pdip-sumut-lawan-wacana-pilkada-dprd-sebut-ada-niat-tertentu-elite-politik/,dataset_google-news-scraper_2026-01-08_17-45-13-055.json,,,,,,,,,,,,,
"https://asset.kompas.com/crops/Ng5-JiXUqXsaNjCDqhgBx5L8FpI=/0x0:0x0/780x390/filters:watermark(data/photo/2020/03/10/5e6775ae18c31.png,0,-0,1)/data/photo/2025/09/15/68c7bc8b57bd5.jpg","Kini Dukung Pilkada via DPRD, Demokrat: Politik Itu Dinamis, Setiap Periode Ada Masanya",Kompas.com,https://nasional.kompas.com,2026-01-08T07:15:00.000Z,https://nasional.kompas.com/read/2026/01/08/14152541/kini-dukung-pilkada-via-dprd-demokrat-politik-itu-dinamis-setiap-periode-ada,dataset_google-news-scraper_2026-01-08_17-45-13-055.json,,,,,,,,,,,,,
,"Hasto Khawatir, Pilkada Lewat DPRD Lahirkan Pemimpin Diktator",RRI.co.id,https://rri.co.id,2026-01-08T16:39:00.000Z,https://rri.co.id/pemilu/2094734/hasto-khawatir-pilkada-lewat-dprd-lahirkan-pemimpin-diktator,dataset_google-news-scraper_2026-01-08_17-45-13-055.json,,,,,,,,,,,,,
https://www.inanews.co.id/wp-content/plugins/open-graph-image-overlay/generate-og-image.php?p=66562,"Publik Tolak Pilkada via DPRD, Temuan Survei LSI Denny JA",INAnews,https://www.inanews.co.id,2026-01-08T04:03:00.000Z,https://www.inanews.co.id/2026/01/publik-tolak-pilkada-via-dprd-temuan-survei-lsi-denny-ja/,dataset_google-news-scraper_2026-01-08_17-45-13-055.json,,,,,,,,,,,,,
"https://asset.kompas.com/crops/6zYrxWOQ_HrD7aaBHKnyBdSibbs=/0x0:0x0/780x390/filters:watermark(data/photo/2020/03/10/5e6775ae18c31.png,0,-0,1)/data/photo/2025/08/14/689d6c2d3a30d.jpg","Demokrat Kini Dukung Pilkada via DPRD, Kebijakan yang Dulu Digagalkan SBY",Kompas.com,https://nasional.kompas.com,2026-01-06T11:21:00.000Z,https://nasional.kompas.com/read/2026/01/06/18214221/demokrat-kini-dukung-pilkada-via-dprd-kebijakan-yang-dulu-digagalkan-sby,dataset_google-news-scraper_2026-01-08_17-45-13-055.json,,,,,,,,,,,,,
,Demokrasi Tidak Boleh Ditarik Mundur: Tolak Wacana Pengembalian Pilkada oleh DPRD!,antikorupsi.org,https://antikorupsi.org,2025-12-30T08:00:00.000Z,https://antikorupsi.org/id/demokrasi-tidak-boleh-ditarik-mundur-tolak-wacana-pengembalian-pilkada-oleh-dprd,dataset_google-news-scraper_2026-01-08_17-45-13-055.json,,,,,,,,,,,,,
https://images.indonesiasatu.co/userfiles/thumbs/large/Politik/Pilkada_melalui_DPRD.jpeg,"Wacana Usang Bagi Kemunduran Demokrasi, KIPP Indonesia Tolak Pilkada Melalui DPRD",Indonesia Satu,https://indonesiasatu.co,2026-01-08T10:48:00.000Z,https://indonesiasatu.co/detail/wacana-usang-bagi-kemunduran-demokrasi--kipp-indonesia-tolak-pilkada-melalui-dprd,dataset_google-news-scraper_2026-01-08_17-45-13-055.json,,,,,,,,,,,,,
,Populi Center: Pilkada Melalui DPRD Perlu Dikaji Mendalam,RRI.co.id,https://rri.co.id,2026-01-08T12:45:00.000Z,https://rri.co.id/nasional/2094417/populi-center-pilkada-melalui-dprd-perlu-dikaji-mendalam,dataset_google-news-scraper_2026-01-08_17-45-13-055.json,,,,,,,,,,,,,
https://statik.tempo.co/data/2026/01/07/id_1451890/1451890_720.jpg,Istana Respons Hasil Survei Tolak Pilkada Lewat DPRD,Tempo.co,https://www.tempo.co,2026-01-08T16:02:01.000Z,https://www.tempo.co/politik/istana-respons-hasil-survei-tolak-pilkada-lewat-dprd-2105600,dataset_google-news-scraper_2026-01-08_17-45-13-055.json,,,,,,,,,,,,,
https://cms.kbr.id/media?filename=Aksi+menolak+pemilu+curang+di+depan+Gedung+Bawaslu+RI+Jakarta+Senin+19-2-2024+-+Foto+ANTARA+Moh+Adimaja.jpg,Pilkada Lewat DPRD Langkah Sistematis Kembalikan Orde Baru,KBR.ID,https://kbr.id,2026-01-07T00:03:59.000Z,https://kbr.id/articles/ragam/pilkada-lewat-dprd-langkah-sistematis-kembalikan-orde-baru,dataset_google-news-scraper_2026-01-08_17-45-13-055.json,,,,,,,,,,,,,
"https://asset.kompas.com/crops/kYwPGoZFRz-TJhOgqzm6aI-dwZI=/0x0:0x0/780x390/filters:watermark(data/photo/2020/03/10/5e6775ae18c31.png,0,-0,1)/data/photo/2026/01/08/695fc686af59e.jpg",Gerindra Hormati Putusan Demokrat yang Beralih Dukung Pilkada Lewat DPRD,Kompas.com,https://nasional.kompas.com,2026-01-08T15:58:00.000Z,https://nasional.kompas.com/read/2026/01/08/22583801/gerindra-hormati-putusan-demokrat-yang-beralih-dukung-pilkada-lewat-dprd,dataset_google-news-scraper_2026-01-08_17-45-13-055.json,,,,,,,,,,,,,
https://awsimages.detik.net.id/api/wm/2025/10/13/ketua-fraksi-partai-golkar-dpr-ri-m-sarmuji-1760294189193_169.jpeg?wid=54&w=1200&v=1&t=jpeg,Golkar Nilai Penolakan Wacana Pilkada Via DPRD karena Bayangan Orde Baru,detikNews,https://news.detik.com,2026-01-08T08:59:50.000Z,https://news.detik.com/berita/d-8297891/golkar-nilai-penolakan-wacana-pilkada-via-dprd-karena-bayangan-orde-baru,dataset_google-news-scraper_2026-01-08_17-45-13-055.json,,,,,,,,,,,,,
"https://ik.imagekit.io/goodid/nyc/goodstats/uploads/articles/original/2026/01/08/5-parpol-setuju-atas-usulan-pilkada-via-dprd-apa-saja-9PwHXyIFX3.jpeg?tr=w-1200,h-630,fo-center","5 Parpol Setuju atas Usulan Pilkada oleh DPRD, Apa Saja?",GoodStats,https://goodstats.id,2026-01-08T09:00:00.000Z,https://goodstats.id/article/5-parpol-setuju-atas-usulan-pilkada-via-dprd-apa-saja-DblK1,dataset_google-news-scraper_2026-01-08_17-45-13-055.json,,,,,,,,,,,,,
https://statics.cdn.kedaipena.com/images/2025/06/pdip.jpg,"VIDEO: PDIP Dukung Pilkada Langsung, Tolak Via DPRD",kedaipena.com,https://www.kedaipena.com,2026-01-08T10:54:40.000Z,https://www.kedaipena.com/video-pdip-dukung-pilkada-langsung-tolak-via-dprd/,dataset_google-news-scraper_2026-01-08_17-45-13-055.json,,,,,,,,,,,,,
https://img.harianjogja.com/posts/2026/01/08/1241888/hasto.jpg,Hasto Wardoyo Sebut Pilkada Lewat DPRD Hilangkan Emotional Bonding,Harianjogja.com,https://www.harianjogja.com,2026-01-08T13:47:00.000Z,https://www.harianjogja.com/read/2026/01/08/652/1241888/hasto-wardoyo-sebut-pilkada-lewat-dprd-hilangkan-emotional-bonding,dataset_google-news-scraper_2026-01-08_17-45-13-055.json,,,,,,,,,,,,,
"https://asset.kompas.com/crops/xkPCyTqojRpuuHE6nvkhdlfFUpQ=/0x0:0x0/780x390/filters:watermark(data/photo/2020/03/10/5e6775ae18c31.png,0,-0,1)/data/photo/2025/08/29/68b16b23c38ee.jpg","Penolakan Pilkada via DPRD Tinggi, Golkar: Yang Dibayangkan Publik Desain Model Orba",Kompas.com,https://nasional.kompas.com,2026-01-08T09:07:00.000Z,https://nasional.kompas.com/read/2026/01/08/16071941/penolakan-pilkada-via-dprd-tinggi-golkar-yang-dibayangkan-publik-desain,dataset_google-news-scraper_2026-01-08_17-45-13-055.json,,,,,,,,,,,,,
https://nasdemdprri.id/storage/app/resources/resize/400_0_0_0_auto/img_befd1b150b10e79286de7f79fe49246a.jpg,Pilkada Lewat DPRD Selaras dengan Konstitusi,Fraksi Nasdem,https://nasdemdprri.id,2025-12-29T08:00:00.000Z,https://nasdemdprri.id/berita/fraksi-nasdem-pilkada-lewat-dprd-selaras-dengan-konstitusi,dataset_google-news-scraper_2026-01-08_17-45-13-055.json,,,,,,,,,,,,,
https://cdn.antaranews.com/cache/1200x800/2024/11/22/1000486211_1200x800.jpg,Mencegah bayang-bayang powerful apabila DPRD memilih kepala daerah,ANTARA News,https://www.antaranews.com,2026-01-08T11:04:51.000Z,https://www.antaranews.com/berita/5340109/mencegah-bayang-bayang-powerful-apabila-dprd-memilih-kepala-daerah?page,dataset_google-news-scraper_2026-01-08_17-45-13-055.json,,,,,,,,,,,,,
https://static.promediateknologi.id/crop/261x132:1396x885/750x500/webp/photo/p1/134/2026/01/08/IMG-20260108-WA0012-1775461676.jpg,Direktur Eksekutif Populi Center Sebut Pilkada Lewat DPRD Syaratnya Berat - Suara Merdeka Jakarta,Suara Merdeka Jakarta,https://jakarta.suaramerdeka.com,2026-01-08T13:41:43.000Z,https://jakarta.suaramerdeka.com/nasional/13416536414/direktur-eksekutif-populi-center-sebut-pilkada-lewat-dprd-syaratnya-berat,dataset_google-news-scraper_2026-01-08_17-45-13-055.json,,,,,,,,,,,,,
https://static.promediateknologi.id/crop/73x5:680x713/750x500/webp/photo/p2/146/2025/08/08/WhatsApp-Image-2025-08-08-at-152548-4160272276.jpeg,"Wacana Pilkada Lewat DPRD Masih Tahap Diskursus, DPR RI Belum Bahas Revisi UU - Pontianak Post",Pontianak Post,https://pontianakpost.jawapos.com,2026-01-08T09:49:43.000Z,https://pontianakpost.jawapos.com/nasional/1467045803/wacana-pilkada-lewat-dprd-masih-tahap-diskursus-dpr-ri-belum-bahas-revisi-uu,dataset_google-news-scraper_2026-01-08_17-45-13-055.json,,,,,,,,,,,,,
https://img.harianjogja.com/posts/2026/01/08/1241886/pilkada-ilustrasi-antara2.jpg,Gerindra Hormati Sikap Demokrat soal Pilkada Lewat DPRD,Harianjogja.com,https://news.harianjogja.com,2026-01-08T14:47:00.000Z,https://news.harianjogja.com/read/2026/01/08/500/1241886/gerindra-hormati-sikap-demokrat-soal-pilkada-lewat-dprd,dataset_google-news-scraper_2026-01-08_17-45-13-055.json,,,,,,,,,,,,,
https://beritamanado.com/wp-content/uploads/2026/01/1000785980.webp,"Bukan Sekadar Soal Hemat Anggaran, Empat Syarat Berat Menanti Jika Pilkada Lewat DPRD",BeritaManado.com,https://beritamanado.com,2026-01-08T13:42:18.000Z,https://beritamanado.com/bukan-sekadar-soal-hemat-anggaran-empat-syarat-berat-menanti-jika-pilkada-lewat-dprd/,dataset_google-news-scraper_2026-01-08_17-45-13-055.json,,,,,,,,,,,,,
https://beritabernas.com/wp-content/uploads/2026/01/0801pius-lustrilanang.jpg,Pius Lustrilanang: Pilkada Melalui DPRD Merupakan Kemunduran Simbolik Demokrasi -,beritabernas.com,https://beritabernas.com,2026-01-08T13:11:34.000Z,https://beritabernas.com/pius-lustrilanang-pilkada-melalui-dprd-merupakan-kemunduran-simbolik-demokrasi/,dataset_google-news-scraper_2026-01-08_17-45-13-055.json,,,,,,,,,,,,,
https://www.jurnas.com/images/posts/1/2024/2024-10-02/7d4ee53162e84b5abd73f750b6c5217a_1.jpeg,| Pilkada Melalui DPRD Ditolak Masyarakat Karena Bayangan Orde Baru,jurnas.com,https://www.jurnas.com,2026-01-08T15:15:00.000Z,https://www.jurnas.com/artikel/1651951/pilkada-melalui-dprd-ditolak-masyarakat-karena-bayangan-orde-baru/,dataset_google-news-scraper_2026-01-08_17-45-13-055.json,,,,,,,,,,,,,
https://kaltimtoday.co/wp-content/uploads/2026/01/pengamat-kebijakan-publik-dari-universitas-mulawarman-saipul-bachtiar-istimewa-695f5e870ddd4.jpeg,"Pengamat Kaltim Kritik Pilkada Lewat DPRD, Sebut Potensi Hidupkan Kembali Orde Baru",Kaltimtoday.co,https://kaltimtoday.co,2026-01-08T07:31:00.000Z,https://kaltimtoday.co/pengamat-kaltim-kritik-pilkada-lewat-dprd-sebut-potensi-hidupkan-kembali-orde-baru,dataset_google-news-scraper_2026-01-08_17-45-13-055.json,,,,,,,,,,,,,
https://awsimages.detik.net.id/api/wm/2024/06/06/ketua-dewan-pertimbangan-dpd-partai-demokrat-jabar-dede-yusuf-macan-effendi_169.jpeg?wid=54&w=1200&v=1&t=jpeg,Penjelasan Demokrat di Balik Ikut Presiden soal Pilkada Via DPRD,detikNews,https://news.detik.com,2026-01-08T06:54:23.000Z,https://news.detik.com/berita/d-8297645/penjelasan-demokrat-di-balik-ikut-presiden-soal-pilkada-via-dprd,dataset_google-news-scraper_2026-01-08_17-45-13-055.json,,,,,,,,,,,,,
https://nnc-media.netralnews.com/2025/11/IMG-Netral-News-User-15646-7IE0B3NQKD-Thumbnail-L.jpg,Wacana Pilkada oleh DPRD Dilihat dari Efisiensi dan Efektivitas Demokrasi,netralnews.com,https://www.netralnews.com,2026-01-08T09:32:00.000Z,https://www.netralnews.com/wacana-pilkada-oleh-dprd-dilihat-dari-efisiensi-dan-efektivitas-demokrasi/RVhqZFE2VUc4cVFydVhOaFlJM0RVdz09,dataset_google-news-scraper_2026-01-08_17-45-13-055.json,,,,,,,,,,,,,
https://cdnmedia.beritajatim.com/images/2026/01/IMG_20260108_182106_11zon.webp,"Wacana Pilkada Melalui DPRD: PKB Bondowoso Mendukung, PDI Perjuangan Menolak",beritajatim.com,https://beritajatim.com,2026-01-08T12:46:22.000Z,https://beritajatim.com/wacana-pilkada-melalui-dprd-pkb-bondowoso-mendukung-pdi-perjuangan-menolak,dataset_google-news-scraper_2026-01-08_17-45-13-055.json,,,,,,,,,,,,,
https://optika.id/wp-content/uploads/2026/01/IMG_8118.jpeg,"Menolak Pilkada DPRD, Merawat Demokrasi di Era Politik 3.0",optika.id,https://optika.id,2026-01-08T14:37:10.000Z,https://optika.id/2026/01/08/menolak-pilkada-dprd-merawat-demokrasi-di-era-politik-3-0/,dataset_google-news-scraper_2026-01-08_17-45-13-055.json,,,,,,,,,,,,,
https://image-korankaltim.sgp1.cdn.digitaloceanspaces.com/pusaranmedia/news/photo/a89b67b7-c6a1-42f0-b6b6-89aaaf76dc10.jpg,"Ketua DPRD Kukar Tegas Tolak Pilkada Dipilih DPRD, Minta Tetap Langsung oleh Rakyat",PusaranMedia.com,https://pusaranmedia.com,2026-01-08T09:33:45.000Z,https://pusaranmedia.com/read/45168/ketua-dprd-kukar-tegas-tolak-pilkada-dipilih-dprd-minta-tetap-langsung-oleh-rakyat,dataset_google-news-scraper_2026-01-08_17-45-13-055.json,,,,,,,,,,,,,
https://static.promediateknologi.id/crop/0x0:0x0/750x500/webp/photo/p2/146/2026/01/08/01-Banner-Pilkada-DPRD-3313501036.jpeg,"Ide Pilkada DPRD Makin Kuat, Survei Tunjukkan Publik Mayoritas Menolak - Pontianak Post",Pontianak Post,https://pontianakpost.jawapos.com,2026-01-08T02:56:53.000Z,https://pontianakpost.jawapos.com/nasional/1467043943/ide-pilkada-dprd-makin-kuat-survei-tunjukkan-publik-mayoritas-menolak,dataset_google-news-scraper_2026-01-08_17-45-13-055.json,,,,,,,,,,,,,
https://rm.id/images/berita/med/agar-diterima-masyarakat-populi-center-pilkada-lewat-dprd-perlu-prasyarat_296470.jpg,"Agar Diterima Masyarakat, Populi Center: Pilkada Lewat DPRD Perlu Prasyarat",RM.ID,https://rm.id,2026-01-08T12:11:00.000Z,https://rm.id/baca-berita/nasional/296470/agar-diterima-masyarakat-populi-center-pilkada-lewat-dprd-perlu-prasyarat,dataset_google-news-scraper_2026-01-08_17-45-13-055.json,,,,,,,,,,,,,
,"Pilkada Lewat DPRD Dinilai Memindahkan Daulat Rakyat ke Partai, Kemunduran Demokrasi",Waspada Online,https://waspada.co.id,2026-01-08T10:55:27.000Z,https://waspada.co.id/pilkada-lewat-dprd-dinilai-memindahkan-daulat-rakyat-ke-partai-kemunduran-demokrasi/,dataset_google-news-scraper_2026-01-08_17-45-13-055.json,,,,,,,,,,,,,
"https://asset.kompas.com/crops/wghUJifF6Pbo4YyqfhC1XUoTm4A=/0x0:0x0/780x390/filters:watermark(data/photo/2020/03/10/5e6775ae18c31.png,0,-0,1)/data/photo/2025/08/02/688d994159e3b.jpg","PDIP Akui Dilobi agar Dukung Pilkada via DPRD, tetapi Sikap Partai Tak Berubah",Kompas.com,https://nasional.kompas.com,2026-01-07T10:29:00.000Z,https://nasional.kompas.com/read/2026/01/07/17290711/pdip-akui-dilobi-agar-dukung-pilkada-via-dprd-tetapi-sikap-partai-tak,dataset_google-news-scraper_2026-01-08_17-45-13-055.json,,,,,,,,,,,,,
https://lingkartv.com/wp-content/uploads/2026/01/pilkada--scaled-e1767883569412.jpg,"Pilkada Lewat DPRD Dinilai Lebih Pancasilais, Begini Kata Politisi Gerindra Semarang",Lingkar TV,https://lingkartv.com,2026-01-08T14:48:58.000Z,https://lingkartv.com/pilkada-lewat-dprd-dinilai-lebih-pancasilais/,dataset_google-news-scraper_2026-01-08_17-45-13-055.json,,,,,,,,,,,,,
"https://asset.kompas.com/crops/fMiRlzzD7ycklYDLxM3V0l2IOZM=/0x0:0x0/780x390/filters:watermark(data/photo/2020/03/10/5e6775ae18c31.png,0,-0,1)/data/photo/2026/01/07/695e3c1d9bab0.jpeg","Soal Usulan Pilkada via DPRD, Yusril Sebut Inisiatif Diserahkan kepada DPR",Kompas.com,https://nasional.kompas.com,2026-01-08T06:32:00.000Z,https://nasional.kompas.com/read/2026/01/08/13322541/soal-usulan-pilkada-via-dprd-yusril-sebut-inisiatif-diserahkan-kepada-dpr,dataset_google-news-scraper_2026-01-08_17-45-13-055.json,,,,,,,,,,,,,
https://image-korankaltim.sgp1.cdn.digitaloceanspaces.com/pusaranmedia/news/photo/fd1a8634-8174-4708-9acc-ea23bd7576e7.jpg,Ketua DPC PDIP Kukar Tak Khawatir Jika Pilkada Dipilih DPRD,PusaranMedia.com,https://pusaranmedia.com,2026-01-08T09:35:16.000Z,https://pusaranmedia.com/read/45163/ketua-dpc-pdip-kukar-tak-khawatir-jika-pilkada-dipilih-dprd,dataset_google-news-scraper_2026-01-08_17-45-13-055.json,,,,,,,,,,,,,
https://awsimages.detik.net.id/api/wm/2023/11/17/ketua-dpp-pkb-daniel-johan_169.jpeg?wid=54&w=1200&v=1&t=jpeg,"Survei Pilkada LSI Denny JA, PKB: Dulu Gubernur Dipilih Bukan Cuma Populer",detikNews,https://news.detik.com,2026-01-08T10:17:50.000Z,https://news.detik.com/berita/d-8298137/survei-pilkada-lsi-denny-ja-pkb-dulu-gubernur-dipilih-bukan-cuma-populer,dataset_google-news-scraper_2026-01-08_17-45-13-055.json,,,,,,,,,,,,,
https://pdiperjuangan-jatim.com/wp-content/uploads/2026/01/pdip-jatim-250107-kotak-suara-pilkada-pemilu.jpg,Survei LSI Denny JA: 66% Responden Tak Setuju Usulan Pilkada Lewat DPRD,DPD PDI Perjuangan Jawa Timur,https://pdiperjuangan-jatim.com,2026-01-07T14:33:00.000Z,https://pdiperjuangan-jatim.com/survei-lsi-denny-ja-66-responden-tak-setuju-usulan-pilkada-lewat-dprd/,dataset_google-news-scraper_2026-01-08_17-45-13-055.json,,,,,,,,,,,,,
https://beritabuana.co/wp-content/uploads/2025/06/IMG-20250616-WA0069_copy_384x256.jpg,"Golkar Nilai Ketidaksetujuan Rakyat Pilkada Lewat DPRD, Hanya Kekhawatiran Saat Orde Baru",beritabuana.co,https://beritabuana.co,2026-01-08T09:25:02.000Z,https://beritabuana.co/2026/01/08/golkar-nilai-ketidaksetujuan-rakyat-pilkada-lewat-dprd-hanya-kekhawatiran-saat-orde-baru/,dataset_google-news-scraper_2026-01-08_17-45-13-055.json,,,,,,,,,,,,,
https://statik.tempo.co/data/2018/06/27/id_714850/714850_720.jpg,Gaduh Percakapan di Medsos Soal Pilkada Lewat DPRD,Tempo.co,https://www.tempo.co,2026-01-08T10:49:39.000Z,https://www.tempo.co/politik/gaduh-percakapan-di-medsos-soal-pilkada-lewat-dprd-2105502,dataset_google-news-scraper_2026-01-08_17-45-13-055.json,,,,,,,,,,,,,
https://images.genpi.co/uploads/arsip/normal/2025/09/16/wakil-ketua-komisi-xiii-dpr-ri-andreas-hugo-pareir-bqvg.jpg,"PDIP Sebut Harga Terlalu Mahal, Jika Pilkada Melalui DPRD Dipaksakan - GenPI.co",GenPI.co,https://www.genpi.co,2026-01-08T17:30:09.000Z,https://www.genpi.co/polhukam/272539/pdip-sebut-harga-terlalu-mahal-jika-pilkada-melalui-dprd-dipaksakan,dataset_google-news-scraper_2026-01-08_17-45-13-055.json,,,,,,,,,,,,,
https://nnc-media.netralnews.com/2026/01/IMG-Netral-News-User-20697-NK07TVFQYA-Thumbnail-L.jpg,Saiful Mujani Nilai Wacana Pilkada DPRD Berisiko Lahirkan Pemimpin Lemah,netralnews.com,https://www.netralnews.com,2026-01-08T06:32:00.000Z,https://www.netralnews.com/saiful-mujani-nilai-wacana-pilkada-dprd-berisiko-lahirkan-pemimpin-lemah/VVBuTElyVUtRQnQydHVKaXF0bW9EQT09,dataset_google-news-scraper_2026-01-08_17-45-13-055.json,,,,,,,,,,,,,
https://portal.riau24.com/news/20260108/riau24_1767879625.jpg,Menanti Sikap PKS Tentukan Arah Pilkada Melalui DPRD atau Langsung,riau24.com,https://www.riau24.com,2026-01-08T13:35:00.000Z,https://www.riau24.com/berita/baca/1767879625-menanti-sikap-pks-tentukan-arah-pilkada-melalui-dprd-atau-langsung,dataset_google-news-scraper_2026-01-08_17-45-13-055.json,,,,,,,,,,,,,
https://mureks.co.id/wp-content/uploads/2026/01/golkar-setuju-pilkada-lewat-dprd-asal-partisipasi-rakyat-dijamin-maksimal-scaled.webp,Golkar Setuju Pilkada Lewat DPRD Asal Partisipasi Rakyat Dijamin Maksimal,mureks.co.id,https://mureks.co.id,2026-01-08T16:52:19.000Z,https://mureks.co.id/golkar-setuju-pilkada-lewat-dprd-asal-partisipasi-rakyat-dijamin-maksimal,dataset_google-news-scraper_2026-01-08_17-45-13-055.json,,,,,,,,,,,,,
,84 Persen Gen Z Tolak Pilkada Lewat DPRD,Radarpekanbaru.com,https://radarpekanbaru.com,2026-01-08T02:55:29.000Z,https://radarpekanbaru.com/amp/detail/26710/84-persen-gen-z-tolak-pilkada-lewat-dprd,dataset_google-news-scraper_2026-01-08_17-45-13-055.json,,,,,,,,,,,,,
,Gaduh percakapan di medsos soal pilkada lewat DPRD,MSN,https://www.msn.com,2026-01-08T10:41:15.000Z,https://www.msn.com/id-id/berita/nasional/gaduh-percakapan-di-medsos-soal-pilkada-lewat-dprd/ar-AA1TOclv,dataset_google-news-scraper_2026-01-08_17-45-13-055.json,,,,,,,,,,,,,
https://mui.or.id/storage/berita/287c5f8079ff8f96373c7e6f44bf18f3-gambar.jpeg,"Polemik Pilkada lewat DPRD, MUI Tekankan Pentingnya Kemaslahatan, Ingatkan Keputusan Ijtima Ulama",Majelis Ulama Indonesia,https://mui.or.id,2026-01-06T11:32:00.000Z,https://mui.or.id/baca/berita/polemik-pilkada-lewat-dprd-mui-tekankan-pentingnya-kemaslahatan-ingatkan-keputusan-ijtima-ulama,dataset_google-news-scraper_2026-01-08_17-45-13-055.json,,,,,,,,,,,,,
,Golkar: Pilkada Jalur DPRD Bukan Seperti Zaman Orde Baru,Inilah.com,https://www.inilah.com,2026-01-08T14:36:00.000Z,https://www.inilah.com/golkar-pilkada-jalur-dprd-bukan-seperti-zaman-orde-baru,dataset_google-news-scraper_2026-01-08_17-45-13-055.json,,,,,,,,,,,,,
,"Tegaskan Taat Konstitusi, PDIP Tolak Pilkada Lewat DPRD",RRI.co.id,https://rri.co.id,2026-01-08T08:41:00.000Z,https://rri.co.id/nasional/2093703/tegaskan-taat-konstitusi-pdip-tolak-pilkada-lewat-dprd,dataset_google-news-scraper_2026-01-08_17-45-13-055.json,,,,,,,,,,,,,
https://statik.tempo.co/data/2025/04/08/id_1390101/1390101_720.jpg,Wali Kota Yogya: Pilkada lewat DPRD Hanya Lahirkan Tirani,Tempo.co,https://www.tempo.co,2026-01-08T10:05:43.000Z,https://www.tempo.co/politik/wali-kota-yogya-pilkada-lewat-dprd-hanya-lahirkan-tirani-2105489,dataset_google-news-scraper_2026-01-08_17-45-13-055.json,,,,,,,,,,,,,
https://editor.fajaronline.co.id/wp-content/uploads/2025/05/POL-F-HL-TAWAKKAL_Debat-PALOPO_2-scaled.jpg,Parpol di Daerah Tolak Pilkada via DPRD,fajaronline.co.id,https://fajaronline.co.id,2026-01-06T21:49:24.000Z,https://fajaronline.co.id/baca/parpol-di-daerah-tolak-pilkada-via-dprd-3766,dataset_google-news-scraper_2026-01-08_17-45-13-055.json,,,,,,,,,,,,,
https://nnc-media.netralnews.com/2026/01/IMG-Netral-News-User-20697-LV2SQRGBME-Thumbnail-L.jpg,"John Sitorus Kritik Sikap Demokrat soal Pilkada DPRD, Singgung AHY dan 2029",netralnews.com,https://www.netralnews.com,2026-01-08T05:12:00.000Z,https://www.netralnews.com/john-sitorus-kritik-sikap-demokrat-soal-pilkada-dprd-singgung-ahy-dan-2029/YStHdWU4NTBXbDQ0L0ZTOExONXR2dz09,dataset_google-news-scraper_2026-01-08_17-45-13-055.json,,,,,,,,,,,,,
https://nnc-media.netralnews.com/293915-5f3a13bf843dd-presiden-keenam-ri-susilo-bambang-yudhoyono-sby_665_374.jpg,Sikap Demokrat soal Pilkada DPRD Berbanding Terbalik dengan Pernyataan SBY 2014,netralnews.com,https://www.netralnews.com,2026-01-08T09:20:00.000Z,https://www.netralnews.com/sikap-demokrat-soal-pilkada-dprd-berbanding-terbalik-dengan-pernyataan-sby-2014/SjJ6UGNpa3Zzb1FYVWJKbFdDbHYrZz09,dataset_google-news-scraper_2026-01-08_17-45-13-055.json,,,,,,,,,,,,,
https://assetd.kompas.id/_TBTw-0koSjp51oSjX9W3nnUV0E=/1024x2048/smart/filters:format(webp):quality(75)/https://asset.kgnewsroom.com/photo/pre/2020/12/09/e05430d0-86e1-4572-8113-538860123d5f_jpg.jpg,Usulan Pilkada oleh DPRD Pertaruhkan Stabilitas Politik Nasional,Kompas.id,https://www.kompas.id,2026-01-07T10:41:00.000Z,https://www.kompas.id/artikel/usulan-pilkada-oleh-dprd-pertaruhkan-stabilitas-politik-nasional,dataset_google-news-scraper_2026-01-08_17-45-13-055.json,,,,,,,,,,,,,
https://cdnmedia.beritajatim.com/images/2026/01/1001586170.webp,DPC PDI Perjuangan Pasuruan Tolak Pilkada Lewat DPRD Demi Jaga Hak Politik Rakyat,beritajatim.com,https://beritajatim.com,2026-01-08T05:12:50.000Z,https://beritajatim.com/dpc-pdi-perjuangan-pasuruan-tolak-pilkada-dprd,dataset_google-news-scraper_2026-01-08_17-45-13-055.json,,,,,,,,,,,,,
,Pilkada melalui DPRD Akan Membuat Oligarki Partai Politik Makin Kuat,KBA News,https://kbanews.com,2026-01-08T14:09:33.000Z,https://kbanews.com/hot-news/pilkada-melalui-dprd-akan-membuat-oligarki-partai-politik-makin-kuat/,dataset_google-news-scraper_2026-01-08_17-45-13-055.json,,,,,,,,,,,,,
,Gerindra Bantah Pengaruhi Demokrat soal Pilkada Jalur DPRD,Inilah.com,https://www.inilah.com,2026-01-08T14:00:00.000Z,https://www.inilah.com/gerindra-bantah-pengaruhi-demokrat-soal-pilkada-jalur-dprd,dataset_google-news-scraper_2026-01-08_17-45-13-055.json,,,,,,,,,,,,,
"https://asset.kompas.com/crops/A--T06wFYLeSEZcxS_Ap5kfy-Ps=/174x119:813x546/780x390/filters:watermark(data/photo/2020/03/10/5e6775ae18c31.png,0,-0,1)/data/photo/2018/03/17/1682104990.JPG",Pilkada via DPRD dan Perampokan Demokrasi,Kompas.com,https://nasional.kompas.com,2026-01-08T01:58:00.000Z,https://nasional.kompas.com/read/2026/01/08/08584281/pilkada-via-dprd-dan-perampokan-demokrasi?page,dataset_google-news-scraper_2026-01-08_17-45-13-055.json,,,,,,,,,,,,,
https://beritajateng.id/wp-content/uploads/2026/01/Semarang1-2.jpg,"Isu Pilkada Tak Langsung Mencuat, Ini Tanggapan DPRD Semarang",BeritaJateng.id,https://beritajateng.id,2026-01-08T11:24:55.000Z,https://beritajateng.id/kota-semarang/isu-pilkada-tak-langsung-mencuat-ini-tanggapan-dprd-semarang/,dataset_google-news-scraper_2026-01-08_17-45-13-055.json,,,,,,,,,,,,,
https://img2.beritasatu.com/cache/investor/960x620-w/2023/03/1677762203-636x377.webp,"LSI Denny JA: 66,1% Publik Tolak Pilkada Dipilih DPRD",investor.id,https://investor.id,2026-01-08T05:31:00.000Z,https://investor.id/national/424001/lsi-denny-ja-661-publik-tolak-pilkada-dipilih-dprd,dataset_google-news-scraper_2026-01-08_17-45-13-055.json,,,,,,,,,,,,,
,Pilkada Dipilih DPRD dan Reduksi Demokrasi Lokal,TIMES Indonesia,https://timesindonesia.co.id,2026-01-08T06:11:00.000Z,https://timesindonesia.co.id/kopi-times/572571/pilkada-dipilih-dprd-dan-reduksi-demokrasi-lokal,dataset_google-news-scraper_2026-01-08_17-45-13-055.json,,,,,,,,,,,,,
https://www.tintahijau.com/wp-content/uploads/2025/06/Annas-1-2-scaled.jpg,"OPINI | Pilkada Lewat DPRD: Efisiensi Semu, Demokrasi yang Tergerus",TINTAHIJAU.com,https://www.tintahijau.com,2026-01-08T12:51:48.000Z,https://www.tintahijau.com/literasi/opini-pilkada-lewat-dprd-efisiensi-semu-demokrasi-yang-tergerus/,dataset_google-news-scraper_2026-01-08_17-45-13-055.json,,,,,,,,,,,,,
https://c.inilahjateng.com/2026/01/IMG_7476.webp,Gerindra Tegaskan Tak Intervensi Sikap Demokrat soal Pilkada DPRD,inilahjateng.com,https://inilahjateng.com,2026-01-08T14:25:00.000Z,https://inilahjateng.com/gerindra-tegaskan-tak-intervensi-sikap-demokrat-soal-pilkada-dprd/,dataset_google-news-scraper_2026-01-08_17-45-13-055.json,,,,,,,,,,,,,
https://assetd.kompas.id/vbVh2wqzUJLW2G6_Oh_GYIsvsTw=/1024x576/smart/filters:format(webp):quality(75)/https://cdn-dam.kompas.id/photo/ori/2018/07/30/518f478f-3c02-433c-9c64-fceded0591cf.jpg,"Demokrat Dukung Pilkada lewat DPRD, Warisan Politik SBY Dipertaruhkan",Kompas.id,https://www.kompas.id,2026-01-06T13:18:00.000Z,https://www.kompas.id/artikel/demokrat-putar-haluan-dukung-pilkada-lewat-dprd-warisan-politik-sby-dipertaruhkan,dataset_google-news-scraper_2026-01-08_17-45-13-055.json,,,,,,,,,,,,,
https://cloud.jpnn.com/photo/arsip/watermark/2025/09/15/wakil-ketua-komisi-ii-dpr-ri-dede-yusuf-di-kompleks-parlemen-y802.jpg,"Wacana Pilkada Melalui DPRD, Demokrat Tidak Mau Disebut Berubah Pikiran",JPNN.com,https://www.jpnn.com,2026-01-08T14:31:09.000Z,https://www.jpnn.com/news/wacana-pilkada-melalui-dprd-demokrat-tidak-mau-disebut-berubah-pikiran,dataset_google-news-scraper_2026-01-08_17-45-13-055.json,,,,,,,,,,,,,
https://awsimages.detik.net.id/api/wm/2023/06/02/gubernur-nusa-tenggara-timur-viktor-bungtilu-laiskodat-menelepon-menteri-kesehatan_169.jpeg?wid=54&w=1200&v=1&t=jpeg,NasDem Nilai Pilkada Dipilih DPRD Punya Dasar Konstitusional yang Sah,detikNews,https://news.detik.com,2025-12-30T08:00:00.000Z,https://news.detik.com/berita/d-8283432/nasdem-nilai-pilkada-dipilih-dprd-punya-dasar-konstitusional-yang-sah,dataset_google-news-scraper_2026-01-08_17-45-13-055.json,,,,,,,,,,,,,
