"bookmarks","conversation_id","created_at","hashtags/0/indices/0","hashtags/0/indices/1","hashtags/0/text","hashtags/1/indices/0","hashtags/1/indices/1","hashtags/1/text","hashtags/2/indices/0","hashtags/2/indices/1","hashtags/2/text","hashtags/3/indices/0","hashtags/3/indices/1","hashtags/3/text","hashtags/4/indices/0","hashtags/4/indices/1","hashtags/4/text","in_reply_to_tweet_id","is_quote","is_reply","is_retweet","lang","like_count","mentions/0/id","mentions/0/indices/0","mentions/0/indices/1","mentions/0/name","mentions/0/username","mentions/1/id","mentions/1/indices/0","mentions/1/indices/1","mentions/1/name","mentions/1/username","mentions/2/id","mentions/2/indices/0","mentions/2/indices/1","mentions/2/name","mentions/2/username","mentions/3/id","mentions/3/indices/0","mentions/3/indices/1","mentions/3/name","mentions/3/username","mentions/4/id","mentions/4/indices/0","mentions/4/indices/1","mentions/4/name","mentions/4/username","mentions/5/id","mentions/5/indices/0","mentions/5/indices/1","mentions/5/name","mentions/5/username","mentions/6/id","mentions/6/indices/0","mentions/6/indices/1","mentions/6/name","mentions/6/username","original_tweet_id","quote_count","raw_data/bookmark_count","raw_data/created_at","raw_data/error","raw_data/favorite_count","raw_data/hashtags/0/indices/0","raw_data/hashtags/0/indices/1","raw_data/hashtags/0/text","raw_data/hashtags/1/indices/0","raw_data/hashtags/1/indices/1","raw_data/hashtags/1/text","raw_data/hashtags/2/indices/0","raw_data/hashtags/2/indices/1","raw_data/hashtags/2/text","raw_data/hashtags/3/indices/0","raw_data/hashtags/3/indices/1","raw_data/hashtags/3/text","raw_data/hashtags/4/indices/0","raw_data/hashtags/4/indices/1","raw_data/hashtags/4/text","raw_data/in_reply_to_screen_name","raw_data/in_reply_to_status_id_str","raw_data/in_reply_to_user_id_str","raw_data/media/0/display_url","raw_data/media/0/expanded_url","raw_data/media/0/height","raw_data/media/0/type","raw_data/media/0/url","raw_data/media/0/video_info/duration_millis","raw_data/media/0/video_info/variants/0/bitrate","raw_data/media/0/video_info/variants/0/content_type","raw_data/media/0/video_info/variants/0/url","raw_data/media/0/video_info/variants/1/bitrate","raw_data/media/0/video_info/variants/1/content_type","raw_data/media/0/video_info/variants/1/url","raw_data/media/0/video_info/variants/2/bitrate","raw_data/media/0/video_info/variants/2/content_type","raw_data/media/0/video_info/variants/2/url","raw_data/media/0/video_info/variants/3/bitrate","raw_data/media/0/video_info/variants/3/content_type","raw_data/media/0/video_info/variants/3/url","raw_data/media/0/width","raw_data/media/1/display_url","raw_data/media/1/expanded_url","raw_data/media/1/height","raw_data/media/1/type","raw_data/media/1/url","raw_data/media/1/video_info/duration_millis","raw_data/media/1/video_info/variants/0/bitrate","raw_data/media/1/video_info/variants/0/content_type","raw_data/media/1/video_info/variants/0/url","raw_data/media/1/video_info/variants/1/bitrate","raw_data/media/1/video_info/variants/1/content_type","raw_data/media/1/video_info/variants/1/url","raw_data/media/1/video_info/variants/2/bitrate","raw_data/media/1/video_info/variants/2/content_type","raw_data/media/1/video_info/variants/2/url","raw_data/media/1/video_info/variants/3/bitrate","raw_data/media/1/video_info/variants/3/content_type","raw_data/media/1/video_info/variants/3/url","raw_data/media/1/width","raw_data/media/2/display_url","raw_data/media/2/expanded_url","raw_data/media/2/height","raw_data/media/2/type","raw_data/media/2/url","raw_data/media/2/video_info/duration_millis","raw_data/media/2/video_info/variants/0/bitrate","raw_data/media/2/video_info/variants/0/content_type","raw_data/media/2/video_info/variants/0/url","raw_data/media/2/video_info/variants/1/bitrate","raw_data/media/2/video_info/variants/1/content_type","raw_data/media/2/video_info/variants/1/url","raw_data/media/2/video_info/variants/2/bitrate","raw_data/media/2/video_info/variants/2/content_type","raw_data/media/2/video_info/variants/2/url","raw_data/media/2/video_info/variants/3/bitrate","raw_data/media/2/video_info/variants/3/content_type","raw_data/media/2/video_info/variants/3/url","raw_data/media/2/width","raw_data/media/3/display_url","raw_data/media/3/expanded_url","raw_data/media/3/height","raw_data/media/3/type","raw_data/media/3/url","raw_data/media/3/video_info/duration_millis","raw_data/media/3/video_info/variants/0/bitrate","raw_data/media/3/video_info/variants/0/content_type","raw_data/media/3/video_info/variants/0/url","raw_data/media/3/video_info/variants/1/bitrate","raw_data/media/3/video_info/variants/1/content_type","raw_data/media/3/video_info/variants/1/url","raw_data/media/3/video_info/variants/2/bitrate","raw_data/media/3/video_info/variants/2/content_type","raw_data/media/3/video_info/variants/2/url","raw_data/media/3/video_info/variants/3/bitrate","raw_data/media/3/video_info/variants/3/content_type","raw_data/media/3/video_info/variants/3/url","raw_data/media/3/width","raw_data/mentions/0/id","raw_data/mentions/0/indices/0","raw_data/mentions/0/indices/1","raw_data/mentions/0/name","raw_data/mentions/0/username","raw_data/mentions/1/id","raw_data/mentions/1/indices/0","raw_data/mentions/1/indices/1","raw_data/mentions/1/name","raw_data/mentions/1/username","raw_data/mentions/2/id","raw_data/mentions/2/indices/0","raw_data/mentions/2/indices/1","raw_data/mentions/2/name","raw_data/mentions/2/username","raw_data/mentions/3/id","raw_data/mentions/3/indices/0","raw_data/mentions/3/indices/1","raw_data/mentions/3/name","raw_data/mentions/3/username","raw_data/mentions/4/id","raw_data/mentions/4/indices/0","raw_data/mentions/4/indices/1","raw_data/mentions/4/name","raw_data/mentions/4/username","raw_data/mentions/5/id","raw_data/mentions/5/indices/0","raw_data/mentions/5/indices/1","raw_data/mentions/5/name","raw_data/mentions/5/username","raw_data/mentions/6/id","raw_data/mentions/6/indices/0","raw_data/mentions/6/indices/1","raw_data/mentions/6/name","raw_data/mentions/6/username","raw_data/original_tweet_id","raw_data/quote_count","raw_data/raw_data","raw_data/reply_count","raw_data/reply_depth","raw_data/retweet_count","raw_data/text","raw_data/tweet_id","raw_data/urls/0/display_url","raw_data/urls/0/expanded_url","raw_data/urls/0/unwound_url","raw_data/urls/0/url","raw_data/user_id_str","raw_data/user_legacy/can_dm","raw_data/user_legacy/can_media_tag","raw_data/user_legacy/created_at","raw_data/user_legacy/default_profile","raw_data/user_legacy/default_profile_image","raw_data/user_legacy/description","raw_data/user_legacy/entities/description/urls/0/display_url","raw_data/user_legacy/entities/description/urls/0/expanded_url","raw_data/user_legacy/entities/description/urls/0/indices/0","raw_data/user_legacy/entities/description/urls/0/indices/1","raw_data/user_legacy/entities/description/urls/0/url","raw_data/user_legacy/entities/description/urls/1/display_url","raw_data/user_legacy/entities/description/urls/1/expanded_url","raw_data/user_legacy/entities/description/urls/1/indices/0","raw_data/user_legacy/entities/description/urls/1/indices/1","raw_data/user_legacy/entities/description/urls/1/url","raw_data/user_legacy/entities/description/urls/2/display_url","raw_data/user_legacy/entities/description/urls/2/expanded_url","raw_data/user_legacy/entities/description/urls/2/indices/0","raw_data/user_legacy/entities/description/urls/2/indices/1","raw_data/user_legacy/entities/description/urls/2/url","raw_data/user_legacy/entities/url/urls/0/display_url","raw_data/user_legacy/entities/url/urls/0/expanded_url","raw_data/user_legacy/entities/url/urls/0/indices/0","raw_data/user_legacy/entities/url/urls/0/indices/1","raw_data/user_legacy/entities/url/urls/0/url","raw_data/user_legacy/fast_followers_count","raw_data/user_legacy/favourites_count","raw_data/user_legacy/followers_count","raw_data/user_legacy/friends_count","raw_data/user_legacy/has_custom_timelines","raw_data/user_legacy/is_translator","raw_data/user_legacy/listed_count","raw_data/user_legacy/location","raw_data/user_legacy/media_count","raw_data/user_legacy/name","raw_data/user_legacy/normal_followers_count","raw_data/user_legacy/pinned_tweet_ids_str/0","raw_data/user_legacy/possibly_sensitive","raw_data/user_legacy/profile_banner_url","raw_data/user_legacy/profile_image_url_https","raw_data/user_legacy/profile_interstitial_type","raw_data/user_legacy/screen_name","raw_data/user_legacy/statuses_count","raw_data/user_legacy/translator_type","raw_data/user_legacy/url","raw_data/user_legacy/verified","raw_data/user_legacy/verified_type","raw_data/user_legacy/want_retweets","reply_author","reply_author_name","reply_count","reply_id","reply_text","reply_url","retweet_count","source","urls/0/display_url","urls/0/expanded_url","urls/0/unwound_url","urls/0/url","verified"
"0","","Tue Jan 06 11:55:33 +0000 2026",,,,,,,,,,,,,,,,"","false","true","false","","0","57222373","0","11","gitaputrid","gitaputrid",,,,,,,,,,,,,,,,,,,,,,,,,,,,,,,"2008507726905962737","1","2","Tue Jan 06 11:55:33 +0000 2026",,"0",,,,,,,,,,,,,,,,"gitaputrid","2008455670451106062","57222373",,,,,,,,,,,,,,,,,,,,,,,,,,,,,,,,,,,,,,,,,,,,,,,,,,,,,,,,,,,,,,,,,,,,,,,,,,,,,"57222373","0","11","gitaputrid","gitaputrid",,,,,,,,,,,,,,,,,,,,,,,,,,,,,,,"2008507726905962737","1",,"13","0","2","@gitaputrid Nope, saya berbeda pendapat

Bila boleh berandai-andai, misalkan saja undang undang pemilihan kepala daerah oleh DPRD tahun 2014 itu tidak dibatalkan melalui mekanisme Perppu oleh presiden, maka pada tahun 2017 gubernur DKI Jakarta akan dipilih oleh DPRD

Andaikan tahun 2017 itu","2008507726905962737",,,,,"1557182798888198144","true","true","Wed Aug 10 01:52:08 +0000 2022","true","false","(by default) berprasangka baik namun kritis pada kebijakan  pemerintah, siapapun presiden nya",,,,,,,,,,,,,,,,,,,,,"0","1558","1438","737","false","false","4","Jakarta","88","logika sederhana","1438","2005952239416783218","false","https://pbs.twimg.com/profile_banners/1557182798888198144/1759556544","https://pbs.twimg.com/profile_images/2008469856098861056/FbC2Y3Jy_normal.jpg","","nalar_logis","7896","none",,"false",,"false","","","13","","@gitaputrid Nope, saya berbeda pendapat

Bila boleh berandai-andai, misalkan saja undang undang pemilihan kepala daerah oleh DPRD tahun 2014 itu tidak dibatalkan melalui mekanisme Perppu oleh presiden, maka pada tahun 2017 gubernur DKI Jakarta akan dipilih oleh DPRD

Andaikan tahun 2017 itu","","2","",,,,,"false"
"0","","Wed Jan 07 01:39:30 +0000 2026",,,,,,,,,,,,,,,,"","false","true","false","","0","1557182798888198144","0","12","logika sederhana","nalar_logis","57222373","13","24","gitaputrid","gitaputrid",,,,,,,,,,,,,,,,,,,,,,,,,,"2008507726905962737","0","0","Wed Jan 07 01:39:30 +0000 2026",,"0",,,,,,,,,,,,,,,,"nalar_logis","2008507726905962737","1557182798888198144",,,,,,,,,,,,,,,,,,,,,,,,,,,,,,,,,,,,,,,,,,,,,,,,,,,,,,,,,,,,,,,,,,,,,,,,,,,,,"1557182798888198144","0","12","logika sederhana","nalar_logis","57222373","13","24","gitaputrid","gitaputrid",,,,,,,,,,,,,,,,,,,,,,,,,,"2008507726905962737","0",,"1","0","0","@nalar_logis @gitaputrid Polarisasi mulai 2012 .","2008715081497145469",,,,,"832252085471059969","true","true","Thu Feb 16 15:35:34 +0000 2017","true","false","",,,,,,,,,,,,,,,,,,,,,"0","12975","27","314","true","false","0","","64","mohammad","27",,"false",,"https://pbs.twimg.com/profile_images/1425376331995385858/RcAQV6-9_normal.jpg","","Ubuntu230","4819","none",,"false",,"false","","","1","","@nalar_logis @gitaputrid Polarisasi mulai 2012 .","","0","",,,,,"false"
"0","","Wed Jan 07 02:11:01 +0000 2026",,,,,,,,,,,,,,,,"","false","true","false","","0","832252085471059969","0","10","mohammad","Ubuntu230","57222373","11","22","gitaputrid","gitaputrid",,,,,,,,,,,,,,,,,,,,,,,,,,"2008507726905962737","0","0","Wed Jan 07 02:11:01 +0000 2026",,"0",,,,,,,,,,,,,,,,"Ubuntu230","2008715081497145469","832252085471059969",,,,,,,,,,,,,,,,,,,,,,,,,,,,,,,,,,,,,,,,,,,,,,,,,,,,,,,,,,,,,,,,,,,,,,,,,,,,,"832252085471059969","0","10","mohammad","Ubuntu230","57222373","11","22","gitaputrid","gitaputrid",,,,,,,,,,,,,,,,,,,,,,,,,,"2008507726905962737","0",,"1","0","0","@Ubuntu230 @gitaputrid Polarisasi 2012 dan polarisasi pasca pilpres 2014 intensitasnya relatif normal.
Tidak sampai setahun dinamika nya kembali biasa saja

Polarisasi yg begitu mencabik-cabik kemajemukan bangsa ini, ya akibat pilkada paling brutal sepanjang
Sejarah negeri ini, pilkada dki 2017

Ormas","2008723015174123722",,,,,"1557182798888198144","true","true","Wed Aug 10 01:52:08 +0000 2022","true","false","(by default) berprasangka baik namun kritis pada kebijakan  pemerintah, siapapun presiden nya",,,,,,,,,,,,,,,,,,,,,"0","1558","1438","737","false","false","4","Jakarta","88","logika sederhana","1438","2005952239416783218","false","https://pbs.twimg.com/profile_banners/1557182798888198144/1759556544","https://pbs.twimg.com/profile_images/2008469856098861056/FbC2Y3Jy_normal.jpg","","nalar_logis","7896","none",,"false",,"false","","","1","","@Ubuntu230 @gitaputrid Polarisasi 2012 dan polarisasi pasca pilpres 2014 intensitasnya relatif normal.
Tidak sampai setahun dinamika nya kembali biasa saja

Polarisasi yg begitu mencabik-cabik kemajemukan bangsa ini, ya akibat pilkada paling brutal sepanjang
Sejarah negeri ini, pilkada dki 2017

Ormas","","0","",,,,,"false"
"0","","Tue Jan 06 22:31:36 +0000 2026",,,,,,,,,,,,,,,,"","false","true","false","","16","1557182798888198144","0","12","logika sederhana","nalar_logis","57222373","13","24","gitaputrid","gitaputrid",,,,,,,,,,,,,,,,,,,,,,,,,,"2008507726905962737","0","0","Tue Jan 06 22:31:36 +0000 2026",,"16",,,,,,,,,,,,,,,,"nalar_logis","2008507726905962737","1557182798888198144",,,,,,,,,,,,,,,,,,,,,,,,,,,,,,,,,,,,,,,,,,,,,,,,,,,,,,,,,,,,,,,,,,,,,,,,,,,,,"1557182798888198144","0","12","logika sederhana","nalar_logis","57222373","13","24","gitaputrid","gitaputrid",,,,,,,,,,,,,,,,,,,,,,,,,,"2008507726905962737","0",,"1","0","2","@nalar_logis @gitaputrid Kenapa cuma pilkada bang? Demokrasi indonesia dibubarkan saja kalo masalahnya takut polemik.

Ga ada pemilu, ga ada yang argumen tentang presiden mana yang bagus? Semua telan saja pemerintahnya siapa kayak budak yang manis.

Pinter anda.","2008667795924701537",,,,,"171071880","false","true","Mon Jul 26 13:52:49 +0000 2010","false","false","Gamer 🎮 | Anime Watcher 🎌 | Programmer 💻 | SNSD & KARA Fan 💕 | EN/ID 👌 | Everyday is 🌞~",,,,,,,,,,,,,,,,"steamcommunity.com/id/GGSunshiner…","http://steamcommunity.com/id/GGSunshiners/","0","23","https://t.co/Qgmc7YsLYC","0","56596","111","633","true","false","2","discord: ggsunshiners","420","GG.Sunshiners🌻","111","1112368101582991361","false","https://pbs.twimg.com/profile_banners/171071880/1629540831","https://pbs.twimg.com/profile_images/1612762122299269120/kDJAUVpg_normal.jpg","","GGSunshiners","9850","regular","https://t.co/Qgmc7YsLYC","false",,"false","","","1","","@nalar_logis @gitaputrid Kenapa cuma pilkada bang? Demokrasi indonesia dibubarkan saja kalo masalahnya takut polemik.

Ga ada pemilu, ga ada yang argumen tentang presiden mana yang bagus? Semua telan saja pemerintahnya siapa kayak budak yang manis.

Pinter anda.","","2","",,,,,"false"
"0","","Tue Jan 06 21:27:51 +0000 2026",,,,,,,,,,,,,,,,"","false","true","false","","0","1557182798888198144","0","12","logika sederhana","nalar_logis","57222373","13","24","gitaputrid","gitaputrid",,,,,,,,,,,,,,,,,,,,,,,,,,"2008507726905962737","0","0","Tue Jan 06 21:27:51 +0000 2026",,"0",,,,,,,,,,,,,,,,"nalar_logis","2008507726905962737","1557182798888198144",,,,,,,,,,,,,,,,,,,,,,,,,,,,,,,,,,,,,,,,,,,,,,,,,,,,,,,,,,,,,,,,,,,,,,,,,,,,,"1557182798888198144","0","12","logika sederhana","nalar_logis","57222373","13","24","gitaputrid","gitaputrid",,,,,,,,,,,,,,,,,,,,,,,,,,"2008507726905962737","0",,"1","0","0","@nalar_logis @gitaputrid Bukannya mulai panas itu pas Ahok jadi gubernur ya?","2008651755018719467",,,,,"1832222879834107906","true","true","Sat Sep 07 01:02:57 +0000 2024","true","false","",,,,,,,,,,,,,,,,,,,,,"0","52","9","27","false","false","0","","17","fufufafa","9",,"false","https://pbs.twimg.com/profile_banners/1832222879834107906/1756810187","https://pbs.twimg.com/profile_images/1832223388867461120/ORYwaDlG_normal.jpg","","fufafufafu","384","none",,"false",,"false","","","1","","@nalar_logis @gitaputrid Bukannya mulai panas itu pas Ahok jadi gubernur ya?","","0","",,,,,"false"
"0","","Tue Jan 06 18:45:51 +0000 2026",,,,,,,,,,,,,,,,"","false","true","false","","2","1557182798888198144","0","12","logika sederhana","nalar_logis","57222373","13","24","gitaputrid","gitaputrid",,,,,,,,,,,,,,,,,,,,,,,,,,"2008507726905962737","0","0","Tue Jan 06 18:45:51 +0000 2026",,"2",,,,,,,,,,,,,,,,"nalar_logis","2008507726905962737","1557182798888198144",,,,,,,,,,,,,,,,,,,,,,,,,,,,,,,,,,,,,,,,,,,,,,,,,,,,,,,,,,,,,,,,,,,,,,,,,,,,,"1557182798888198144","0","12","logika sederhana","nalar_logis","57222373","13","24","gitaputrid","gitaputrid",,,,,,,,,,,,,,,,,,,,,,,,,,"2008507726905962737","0",,"0","0","0","@nalar_logis @gitaputrid it will happen. if not the 2017 way, then some other way. logika sederhana.","2008610983712030888",,,,,"1705479713932861440","true","true","Sat Sep 23 07:10:32 +0000 2023","true","false","dni: homophobic, minor, voter 02 | pls @ me if u wanna be moots",,,,,,,,,,,,,,,,,,,,,"0","8834","175","278","false","false","1","🇮🇩 in 🇹🇭 • 🩷💜💙","519","yumi ⋆·˚ ༘ *","175",,"false","https://pbs.twimg.com/profile_banners/1705479713932861440/1765769926","https://pbs.twimg.com/profile_images/2000410230426152960/JrJkw_83_normal.jpg","","peruerre","7593","none",,"false",,"false","","","0","","@nalar_logis @gitaputrid it will happen. if not the 2017 way, then some other way. logika sederhana.","","0","",,,,,"false"
"0","","Tue Jan 06 23:13:38 +0000 2026",,,,,,,,,,,,,,,,"","false","true","false","","0","1557182798888198144","0","12","logika sederhana","nalar_logis","57222373","13","24","gitaputrid","gitaputrid",,,,,,,,,,,,,,,,,,,,,,,,,,"2008507726905962737","0","0","Tue Jan 06 23:13:38 +0000 2026",,"0",,,,,,,,,,,,,,,,"nalar_logis","2008507726905962737","1557182798888198144",,,,,,,,,,,,,,,,,,,,,,,,,,,,,,,,,,,,,,,,,,,,,,,,,,,,,,,,,,,,,,,,,,,,,,,,,,,,,"1557182798888198144","0","12","logika sederhana","nalar_logis","57222373","13","24","gitaputrid","gitaputrid",,,,,,,,,,,,,,,,,,,,,,,,,,"2008507726905962737","0",,"0","0","0","@nalar_logis @gitaputrid Polarisasi? Wkwkwk","2008678373854507339",,,,,"1118577011969052672","false","true","Wed Apr 17 18:08:36 +0000 2019","true","false","Lawan kesewenangan sambil bergembira.
Tukang ngurus ayam ➡️🥚🐣🐥🐓.

       AFC Ajax - Netherland NT - McLaren diehard 🔥",,,,,,,,,,,,,,,,,,,,,"0","31621","283","518","true","false","0","","1013","Wawan ⚪🔴⚪","283","1293711784721829888","false",,"https://pbs.twimg.com/profile_images/1984093144196247554/ugRETztH_normal.jpg","","FachSetiawan","28779","none",,"false",,"false","","","0","","@nalar_logis @gitaputrid Polarisasi? Wkwkwk","","0","",,,,,"false"
"0","","Tue Jan 06 15:08:47 +0000 2026",,,,,,,,,,,,,,,,"","false","true","false","","4","1557182798888198144","0","12","logika sederhana","nalar_logis","57222373","13","24","gitaputrid","gitaputrid",,,,,,,,,,,,,,,,,,,,,,,,,,"2008507726905962737","0","0","Tue Jan 06 15:08:47 +0000 2026",,"4",,,,,,,,,,,,,,,,"nalar_logis","2008507726905962737","1557182798888198144",,,,,,,,,,,,,,,,,,,,,,,,,,,,,,,,,,,,,,,,,,,,,,,,,,,,,,,,,,,,,,,,,,,,,,,,,,,,,"1557182798888198144","0","12","logika sederhana","nalar_logis","57222373","13","24","gitaputrid","gitaputrid",,,,,,,,,,,,,,,,,,,,,,,,,,"2008507726905962737","0",,"0","0","0","@nalar_logis @gitaputrid Tahun itu sby batalin aturan itu krn protes besar2an. Tadinya dia niat nerapin aturan itu krn demokrat jg wakilnya dominan di dpr/d","2008556358724161599",,,,,"1694949474","true","true","Fri Aug 23 22:54:10 +0000 2013","true","false","Free Tibet!!! Fuck One China Policy",,,,,,,,,,,,,,,,,,,,,"0","316","18","72","false","false","0","","137","oysterdate","18",,"false",,"https://pbs.twimg.com/profile_images/1952741246805708800/0l-Uv9im_normal.jpg","","oystterdate","10253","none",,"false",,"false","","","0","","@nalar_logis @gitaputrid Tahun itu sby batalin aturan itu krn protes besar2an. Tadinya dia niat nerapin aturan itu krn demokrat jg wakilnya dominan di dpr/d","","0","",,,,,"false"
"0","","Wed Jan 07 05:44:42 +0000 2026",,,,,,,,,,,,,,,,"","false","true","false","","1","1557182798888198144","0","12","logika sederhana","nalar_logis","57222373","13","24","gitaputrid","gitaputrid",,,,,,,,,,,,,,,,,,,,,,,,,,"2008507726905962737","0","0","Wed Jan 07 05:44:42 +0000 2026",,"1",,,,,,,,,,,,,,,,"nalar_logis","2008507726905962737","1557182798888198144",,,,,,,,,,,,,,,,,,,,,,,,,,,,,,,,,,,,,,,,,,,,,,,,,,,,,,,,,,,,,,,,,,,,,,,,,,,,,"1557182798888198144","0","12","logika sederhana","nalar_logis","57222373","13","24","gitaputrid","gitaputrid",,,,,,,,,,,,,,,,,,,,,,,,,,"2008507726905962737","0",,"0","0","0","@nalar_logis @gitaputrid Jakarta urusan Jakarta aja. Terus daerah lain harus ikut akibatnya gitu? Polaris asi dibutuhkan Buat pemilu, tanpa Polaris asi, Jokowi gabakal menang, karna gapunya musuh bersama","2008776789964058791",,,,,"1526177023068016640","true","true","Mon May 16 12:25:40 +0000 2022","true","false","",,,,,,,,,,,,,,,,,,,,,"0","14162","10","44","false","false","0","Central Region, Singapore","68","Z","10",,"false",,"https://pbs.twimg.com/profile_images/1938246035144626176/g2YWVjDQ_normal.jpg","","moxziva","1729","none",,"false",,"false","","","0","","@nalar_logis @gitaputrid Jakarta urusan Jakarta aja. Terus daerah lain harus ikut akibatnya gitu? Polaris asi dibutuhkan Buat pemilu, tanpa Polaris asi, Jokowi gabakal menang, karna gapunya musuh bersama","","0","",,,,,"false"
"0","","Tue Jan 06 22:51:47 +0000 2026",,,,,,,,,,,,,,,,"","false","true","false","","0","1557182798888198144","0","12","logika sederhana","nalar_logis","57222373","13","24","gitaputrid","gitaputrid",,,,,,,,,,,,,,,,,,,,,,,,,,"2008507726905962737","0","0","Tue Jan 06 22:51:47 +0000 2026",,"0",,,,,,,,,,,,,,,,"nalar_logis","2008507726905962737","1557182798888198144",,,,,,,,,,,,,,,,,,,,,,,,,,,,,,,,,,,,,,,,,,,,,,,,,,,,,,,,,,,,,,,,,,,,,,,,,,,,,"1557182798888198144","0","12","logika sederhana","nalar_logis","57222373","13","24","gitaputrid","gitaputrid",,,,,,,,,,,,,,,,,,,,,,,,,,"2008507726905962737","0",,"0","0","0","@nalar_logis @gitaputrid Itu DNA. Kita ini negaranya orang beriman. Kita ini besar karena keroyokan. 
Kalau sendirian... takutlah kita... takut jadi kapir.","2008672874497011778",,,,,"1775813990100398080","false","false","Thu Apr 04 09:14:20 +0000 2024","true","false","",,,,,,,,,,,,,,,,,,,,,"0","1723","45","24","false","false","1","","609","captaincode","45","1972033366636876251","false","https://pbs.twimg.com/profile_banners/1775813990100398080/1724741779","https://pbs.twimg.com/profile_images/1992927103789178880/VZgHJ5dA_normal.jpg","","c6pt61nc0d3","6942","none",,"false",,"false","","","0","","@nalar_logis @gitaputrid Itu DNA. Kita ini negaranya orang beriman. Kita ini besar karena keroyokan. 
Kalau sendirian... takutlah kita... takut jadi kapir.","","0","",,,,,"false"
"0","","Tue Jan 06 12:47:51 +0000 2026",,,,,,,,,,,,,,,,"","false","true","false","","0","1557182798888198144","0","12","logika sederhana","nalar_logis","57222373","13","24","gitaputrid","gitaputrid",,,,,,,,,,,,,,,,,,,,,,,,,,"2008507726905962737","0","0","Tue Jan 06 12:47:51 +0000 2026",,"0",,,,,,,,,,,,,,,,"nalar_logis","2008507726905962737","1557182798888198144",,,,,,,,,,,,,,,,,,,,,,,,,,,,,,,,,,,,,,,,,,,,,,,,,,,,,,,,,,,,,,,,,,,,,,,,,,,,,"1557182798888198144","0","12","logika sederhana","nalar_logis","57222373","13","24","gitaputrid","gitaputrid",,,,,,,,,,,,,,,,,,,,,,,,,,"2008507726905962737","0",,"1","0","0","@nalar_logis @gitaputrid Tapi... kl ga ada polarisasi di pilkada brutal 2017 itu, rakyat Indonesia jadi ga tahu atau blm tahu siapa Anies sebenernya, paling tdk aktor2 polarisasi ini sdh diidentifikasi dan jd rujukan pengambilan keputusan mayoritas pemilih di pilpres kemarin.","2008520889508433946",,,,,"1640631154503204864","false","true","Tue Mar 28 08:26:13 +0000 2023","true","false","Akun ke-3!
Orang penting! di suspend 2x tanpa penjelasan. 😄",,,,,,,,,,,,,,,,,,,,,"0","328","24","175","false","false","1","","139","Cangka","24","2009113727673774356","false","https://pbs.twimg.com/profile_banners/1640631154503204864/1739348482","https://pbs.twimg.com/profile_images/1871575281074659328/YVstqnJI_normal.jpg","","cangpanjaaang","3984","none",,"false",,"false","","","1","","@nalar_logis @gitaputrid Tapi... kl ga ada polarisasi di pilkada brutal 2017 itu, rakyat Indonesia jadi ga tahu atau blm tahu siapa Anies sebenernya, paling tdk aktor2 polarisasi ini sdh diidentifikasi dan jd rujukan pengambilan keputusan mayoritas pemilih di pilpres kemarin.","","0","",,,,,"false"
"0","","Tue Jan 06 23:41:31 +0000 2026",,,,,,,,,,,,,,,,"","false","true","false","","2","1557182798888198144","0","12","logika sederhana","nalar_logis","57222373","13","24","gitaputrid","gitaputrid",,,,,,,,,,,,,,,,,,,,,,,,,,"2008507726905962737","0","0","Tue Jan 06 23:41:31 +0000 2026",,"2",,,,,,,,,,,,,,,,"nalar_logis","2008507726905962737","1557182798888198144",,,,,,,,,,,,,,,,,,,,,,,,,,,,,,,,,,,,,,,,,,,,,,,,,,,,,,,,,,,,,,,,,,,,,,,,,,,,,"1557182798888198144","0","12","logika sederhana","nalar_logis","57222373","13","24","gitaputrid","gitaputrid",,,,,,,,,,,,,,,,,,,,,,,,,,"2008507726905962737","0",,"0","0","0","@nalar_logis @gitaputrid Polarisasi mah udah ada sejak cebong vs kampret 2014.
Yg jd presiden skrg kan ikutan jg waktu itu. Kyk gak tau aja","2008685392707678723",,,,,"1738204447090864128","true","true","Fri Dec 22 14:27:22 +0000 2023","true","false","mutualan kuy | freetag sepuasnya🙏🏻",,,,,,,,,,,,,,,,,,,,,"0","11","63","1","false","false","1","","1220","Muggle Wong","63",,"false","https://pbs.twimg.com/profile_banners/1738204447090864128/1713881403","https://pbs.twimg.com/profile_images/1782773926957105153/gqgU8eYU_normal.jpg","","mugglew1nss","8827","none",,"false",,"false","","","0","","@nalar_logis @gitaputrid Polarisasi mah udah ada sejak cebong vs kampret 2014.
Yg jd presiden skrg kan ikutan jg waktu itu. Kyk gak tau aja","","0","",,,,,"false"
"0","","Sat Jan 03 15:40:20 +0000 2026",,,,,,,,,,,,,,,,"","false","true","false","","4",,,,,,,,,,,,,,,,,,,,,,,,,,,,,,,,,,,,"2007477128678211936","0","0","Sat Jan 03 15:40:20 +0000 2026",,"4",,,,,,,,,,,,,,,,"marzukialie_MA","2007477128678211936","208784759",,,,,,,,,,,,,,,,,,,,,,,,,,,,,,,,,,,,,,,,,,,,,,,,,,,,,,,,,,,,,,,,,,,,,,,,,,,,,,,,,,,,,,,,,,,,,,,,,,,,,,,,,,,,,,,,"2007477128678211936","0",,"3","0","1","mewakili rakyat untuk memilih Kepala Daerah, keduanya tidak melanggar konstitusi. 

Apakah keduanya demokratis? Keduanya demokratis.  Lalu kenapa diributkan? 

Ini hanya masalah untung rugi dari berbagai profesi yang terlibat.

Kalau dipilih langsung oleh rakyat, ada pihak yang :","2007477132096831568",,,,,"208784759","true","true","Wed Oct 27 23:12:36 +0000 2010","false","false","Founder TK - SD - SMP - SMA - UIGM, STEBIS IGM, AL IHSANIA. Inisiator YP3I. https://t.co/k09pbUyV2Q ; https://t.co/pIX0Q17riK ; https://t.co/CK5ZQylQFW","igm.ac.id","http://www.igm.ac.id","76","99","https://t.co/k09pbUyV2Q","yp3i.or.id","http://yp3i.or.id/","102","125","https://t.co/pIX0Q17riK","uigm.ac.id","http://www.uigm.ac.id","128","151","https://t.co/CK5ZQylQFW","marzukialie.com","http://marzukialie.com","0","23","https://t.co/faTQn3JqdM","0","520","362828","884","false","false","261","Jakarta - Indonesia","702","Marzuki Alie Dr.H.","362828",,"false","https://pbs.twimg.com/profile_banners/208784759/1434378976","https://pbs.twimg.com/profile_images/1347477419083485185/5qLjpA7p_normal.jpg","","marzukialie_MA","31436","none","https://t.co/faTQn3JqdM","false",,"false","","","3","","mewakili rakyat untuk memilih Kepala Daerah, keduanya tidak melanggar konstitusi. 

Apakah keduanya demokratis? Keduanya demokratis.  Lalu kenapa diributkan? 

Ini hanya masalah untung rugi dari berbagai profesi yang terlibat.

Kalau dipilih langsung oleh rakyat, ada pihak yang :","","1","",,,,,"false"
"0","","Sat Jan 03 15:40:20 +0000 2026",,,,,,,,,,,,,,,,"","false","true","false","","3",,,,,,,,,,,,,,,,,,,,,,,,,,,,,,,,,,,,"2007477128678211936","1","1","Sat Jan 03 15:40:20 +0000 2026",,"3",,,,,,,,,,,,,,,,"marzukialie_MA","2007477132096831568","208784759",,,,,,,,,,,,,,,,,,,,,,,,,,,,,,,,,,,,,,,,,,,,,,,,,,,,,,,,,,,,,,,,,,,,,,,,,,,,,,,,,,,,,,,,,,,,,,,,,,,,,,,,,,,,,,,,"2007477128678211936","1",,"8","0","3","diuntungkan, antara lain :

1. Konsultan politik dipastikan ada jobnya. Biaya konsultan gak main2, tidak ada cash bisa dibayar dengan IUP, khususnya incumbent. Tidak aneh klo konsultan politik punya bisnis tambang, khususnya konsultan politik yang sering cuap2 tampil di media","2007477135410352257",,,,,"208784759","true","true","Wed Oct 27 23:12:36 +0000 2010","false","false","Founder TK - SD - SMP - SMA - UIGM, STEBIS IGM, AL IHSANIA. Inisiator YP3I. https://t.co/k09pbUyV2Q ; https://t.co/pIX0Q17riK ; https://t.co/CK5ZQylQFW","igm.ac.id","http://www.igm.ac.id","76","99","https://t.co/k09pbUyV2Q","yp3i.or.id","http://yp3i.or.id/","102","125","https://t.co/pIX0Q17riK","uigm.ac.id","http://www.uigm.ac.id","128","151","https://t.co/CK5ZQylQFW","marzukialie.com","http://marzukialie.com","0","23","https://t.co/faTQn3JqdM","0","520","362828","884","false","false","261","Jakarta - Indonesia","702","Marzuki Alie Dr.H.","362828",,"false","https://pbs.twimg.com/profile_banners/208784759/1434378976","https://pbs.twimg.com/profile_images/1347477419083485185/5qLjpA7p_normal.jpg","","marzukialie_MA","31436","none","https://t.co/faTQn3JqdM","false",,"false","","","8","","diuntungkan, antara lain :

1. Konsultan politik dipastikan ada jobnya. Biaya konsultan gak main2, tidak ada cash bisa dibayar dengan IUP, khususnya incumbent. Tidak aneh klo konsultan politik punya bisnis tambang, khususnya konsultan politik yang sering cuap2 tampil di media","","3","",,,,,"false"
"0","","Sat Jan 03 15:40:21 +0000 2026",,,,,,,,,,,,,,,,"","false","true","false","","4",,,,,,,,,,,,,,,,,,,,,,,,,,,,,,,,,,,,"2007477128678211936","1","0","Sat Jan 03 15:40:21 +0000 2026",,"4",,,,,,,,,,,,,,,,"marzukialie_MA","2007477135410352257","208784759",,,,,,,,,,,,,,,,,,,,,,,,,,,,,,,,,,,,,,,,,,,,,,,,,,,,,,,,,,,,,,,,,,,,,,,,,,,,,,,,,,,,,,,,,,,,,,,,,,,,,,,,,,,,,,,,"2007477128678211936","1",,"1","0","2","2. Lembaga survey, sering dipergunakan untuk mengukur popularitas dan elektabilitas. Tarif survey cukup menggiurkan.

Kedua profesi inilah yang paling keras bersuara, dan membully siapapun yang punya pikiran utk merubah sistem pemilukada. Saya ingat th 2014 bagaimana pres sby","2007477138660720643",,,,,"208784759","true","true","Wed Oct 27 23:12:36 +0000 2010","false","false","Founder TK - SD - SMP - SMA - UIGM, STEBIS IGM, AL IHSANIA. Inisiator YP3I. https://t.co/k09pbUyV2Q ; https://t.co/pIX0Q17riK ; https://t.co/CK5ZQylQFW","igm.ac.id","http://www.igm.ac.id","76","99","https://t.co/k09pbUyV2Q","yp3i.or.id","http://yp3i.or.id/","102","125","https://t.co/pIX0Q17riK","uigm.ac.id","http://www.uigm.ac.id","128","151","https://t.co/CK5ZQylQFW","marzukialie.com","http://marzukialie.com","0","23","https://t.co/faTQn3JqdM","0","520","362828","884","false","false","261","Jakarta - Indonesia","702","Marzuki Alie Dr.H.","362828",,"false","https://pbs.twimg.com/profile_banners/208784759/1434378976","https://pbs.twimg.com/profile_images/1347477419083485185/5qLjpA7p_normal.jpg","","marzukialie_MA","31436","none","https://t.co/faTQn3JqdM","false",,"false","","","1","","2. Lembaga survey, sering dipergunakan untuk mengukur popularitas dan elektabilitas. Tarif survey cukup menggiurkan.

Kedua profesi inilah yang paling keras bersuara, dan membully siapapun yang punya pikiran utk merubah sistem pemilukada. Saya ingat th 2014 bagaimana pres sby","","2","",,,,,"false"
"0","","Sat Jan 03 15:40:22 +0000 2026",,,,,,,,,,,,,,,,"","false","true","false","","2",,,,,,,,,,,,,,,,,,,,,,,,,,,,,,,,,,,,"2007477128678211936","0","1","Sat Jan 03 15:40:22 +0000 2026",,"2",,,,,,,,,,,,,,,,"marzukialie_MA","2007477138660720643","208784759",,,,,,,,,,,,,,,,,,,,,,,,,,,,,,,,,,,,,,,,,,,,,,,,,,,,,,,,,,,,,,,,,,,,,,,,,,,,,,,,,,,,,,,,,,,,,,,,,,,,,,,,,,,,,,,,"2007477128678211936","0",,"1","0","0","dibully dianggap anti demokrasi, tatkala DPR dan Pres mengesahkan UU Pemilukada lewat DPRD. Akhirnya pres sby mengeluarkan perpu no.1 th 2014 membatalkan pemilukada melalui dprd, kembali ke pemilihan langsung.

3. Partai politik, punya kesempatan untuk mengumpulkan pundi2 lewat","2007477143857750443",,,,,"208784759","true","true","Wed Oct 27 23:12:36 +0000 2010","false","false","Founder TK - SD - SMP - SMA - UIGM, STEBIS IGM, AL IHSANIA. Inisiator YP3I. https://t.co/k09pbUyV2Q ; https://t.co/pIX0Q17riK ; https://t.co/CK5ZQylQFW","igm.ac.id","http://www.igm.ac.id","76","99","https://t.co/k09pbUyV2Q","yp3i.or.id","http://yp3i.or.id/","102","125","https://t.co/pIX0Q17riK","uigm.ac.id","http://www.uigm.ac.id","128","151","https://t.co/CK5ZQylQFW","marzukialie.com","http://marzukialie.com","0","23","https://t.co/faTQn3JqdM","0","520","362828","884","false","false","261","Jakarta - Indonesia","702","Marzuki Alie Dr.H.","362828",,"false","https://pbs.twimg.com/profile_banners/208784759/1434378976","https://pbs.twimg.com/profile_images/1347477419083485185/5qLjpA7p_normal.jpg","","marzukialie_MA","31436","none","https://t.co/faTQn3JqdM","false",,"false","","","1","","dibully dianggap anti demokrasi, tatkala DPR dan Pres mengesahkan UU Pemilukada lewat DPRD. Akhirnya pres sby mengeluarkan perpu no.1 th 2014 membatalkan pemilukada melalui dprd, kembali ke pemilihan langsung.

3. Partai politik, punya kesempatan untuk mengumpulkan pundi2 lewat","","0","",,,,,"false"
"0","","Sat Jan 03 15:40:23 +0000 2026",,,,,,,,,,,,,,,,"","false","true","false","","1",,,,,,,,,,,,,,,,,,,,,,,,,,,,,,,,,,,,"2007477128678211936","1","0","Sat Jan 03 15:40:23 +0000 2026",,"1",,,,,,,,,,,,,,,,"marzukialie_MA","2007477143857750443","208784759",,,,,,,,,,,,,,,,,,,,,,,,,,,,,,,,,,,,,,,,,,,,,,,,,,,,,,,,,,,,,,,,,,,,,,,,,,,,,,,,,,,,,,,,,,,,,,,,,,,,,,,,,,,,,,,,"2007477128678211936","1",,"2","0","0","mahar politik, baik untuk biaya hidup mewah elitnya maupun untuk kepentingan pilleg. Kita tau, mahar politik ini tidak murah. Ada yang bilang sewa kendaraan. Makanya tidak aneh rata2 kepala daerah saat ini adalah pengusaha kaya, atau dengan menggunakan dana sponsor, sudah diijon.","2007477147279970795",,,,,"208784759","true","true","Wed Oct 27 23:12:36 +0000 2010","false","false","Founder TK - SD - SMP - SMA - UIGM, STEBIS IGM, AL IHSANIA. Inisiator YP3I. https://t.co/k09pbUyV2Q ; https://t.co/pIX0Q17riK ; https://t.co/CK5ZQylQFW","igm.ac.id","http://www.igm.ac.id","76","99","https://t.co/k09pbUyV2Q","yp3i.or.id","http://yp3i.or.id/","102","125","https://t.co/pIX0Q17riK","uigm.ac.id","http://www.uigm.ac.id","128","151","https://t.co/CK5ZQylQFW","marzukialie.com","http://marzukialie.com","0","23","https://t.co/faTQn3JqdM","0","520","362828","884","false","false","261","Jakarta - Indonesia","702","Marzuki Alie Dr.H.","362828",,"false","https://pbs.twimg.com/profile_banners/208784759/1434378976","https://pbs.twimg.com/profile_images/1347477419083485185/5qLjpA7p_normal.jpg","","marzukialie_MA","31436","none","https://t.co/faTQn3JqdM","false",,"false","","","2","","mahar politik, baik untuk biaya hidup mewah elitnya maupun untuk kepentingan pilleg. Kita tau, mahar politik ini tidak murah. Ada yang bilang sewa kendaraan. Makanya tidak aneh rata2 kepala daerah saat ini adalah pengusaha kaya, atau dengan menggunakan dana sponsor, sudah diijon.","","0","",,,,,"false"
"0","","Sat Jan 03 15:40:24 +0000 2026",,,,,,,,,,,,,,,,"","false","true","false","","1",,,,,,,,,,,,,,,,,,,,,,,,,,,,,,,,,,,,"2007477128678211936","0","2","Sat Jan 03 15:40:24 +0000 2026",,"1",,,,,,,,,,,,,,,,"marzukialie_MA","2007477147279970795","208784759",,,,,,,,,,,,,,,,,,,,,,,,,,,,,,,,,,,,,,,,,,,,,,,,,,,,,,,,,,,,,,,,,,,,,,,,,,,,,,,,,,,,,,,,,,,,,,,,,,,,,,,,,,,,,,,,"2007477128678211936","0",,"1","0","0","Mahar politik ini dihitung dari jumlah kursi anggota dewan. Tarif standard untuk kab/kota yang kering rp.500 juta/kursi, untuk kab/kota basah mencapai rp 2 M/kursi. Tapi untuk kursi yang sedikit, bisa juga mengunci dan menjadi mahal, kalau jumlah kursi untuk mengusung belum cukup","2007477150807667154",,,,,"208784759","true","true","Wed Oct 27 23:12:36 +0000 2010","false","false","Founder TK - SD - SMP - SMA - UIGM, STEBIS IGM, AL IHSANIA. Inisiator YP3I. https://t.co/k09pbUyV2Q ; https://t.co/pIX0Q17riK ; https://t.co/CK5ZQylQFW","igm.ac.id","http://www.igm.ac.id","76","99","https://t.co/k09pbUyV2Q","yp3i.or.id","http://yp3i.or.id/","102","125","https://t.co/pIX0Q17riK","uigm.ac.id","http://www.uigm.ac.id","128","151","https://t.co/CK5ZQylQFW","marzukialie.com","http://marzukialie.com","0","23","https://t.co/faTQn3JqdM","0","520","362828","884","false","false","261","Jakarta - Indonesia","702","Marzuki Alie Dr.H.","362828",,"false","https://pbs.twimg.com/profile_banners/208784759/1434378976","https://pbs.twimg.com/profile_images/1347477419083485185/5qLjpA7p_normal.jpg","","marzukialie_MA","31436","none","https://t.co/faTQn3JqdM","false",,"false","","","1","","Mahar politik ini dihitung dari jumlah kursi anggota dewan. Tarif standard untuk kab/kota yang kering rp.500 juta/kursi, untuk kab/kota basah mencapai rp 2 M/kursi. Tapi untuk kursi yang sedikit, bisa juga mengunci dan menjadi mahal, kalau jumlah kursi untuk mengusung belum cukup","","0","",,,,,"false"
"0","","Sat Jan 03 15:40:25 +0000 2026",,,,,,,,,,,,,,,,"","false","true","false","","3",,,,,,,,,,,,,,,,,,,,,,,,,,,,,,,,,,,,"2007477128678211936","0","0","Sat Jan 03 15:40:25 +0000 2026",,"3",,,,,,,,,,,,,,,,"marzukialie_MA","2007477150807667154","208784759",,,,,,,,,,,,,,,,,,,,,,,,,,,,,,,,,,,,,,,,,,,,,,,,,,,,,,,,,,,,,,,,,,,,,,,,,,,,,,,,,,,,,,,,,,,,,,,,,,,,,,,,,,,,,,,,"2007477128678211936","0",,"1","0","0","sehingga harga 1 kursi menjadi sangat mahal sekali.

4. KPUD / Panwas. Banyak masalah dalam pelaksanaan pemilukada, baik dalam pengelolaan anggaran dan ketidak adilan  penyelenggaraan. Panwas yang tutup mata atas kecurangan. 

5. Usaha sablon/ percetakan juga ketiban rezeki dari","2007477154452279358",,,,,"208784759","true","true","Wed Oct 27 23:12:36 +0000 2010","false","false","Founder TK - SD - SMP - SMA - UIGM, STEBIS IGM, AL IHSANIA. Inisiator YP3I. https://t.co/k09pbUyV2Q ; https://t.co/pIX0Q17riK ; https://t.co/CK5ZQylQFW","igm.ac.id","http://www.igm.ac.id","76","99","https://t.co/k09pbUyV2Q","yp3i.or.id","http://yp3i.or.id/","102","125","https://t.co/pIX0Q17riK","uigm.ac.id","http://www.uigm.ac.id","128","151","https://t.co/CK5ZQylQFW","marzukialie.com","http://marzukialie.com","0","23","https://t.co/faTQn3JqdM","0","520","362828","884","false","false","261","Jakarta - Indonesia","702","Marzuki Alie Dr.H.","362828",,"false","https://pbs.twimg.com/profile_banners/208784759/1434378976","https://pbs.twimg.com/profile_images/1347477419083485185/5qLjpA7p_normal.jpg","","marzukialie_MA","31436","none","https://t.co/faTQn3JqdM","false",,"false","","","1","","sehingga harga 1 kursi menjadi sangat mahal sekali.

4. KPUD / Panwas. Banyak masalah dalam pelaksanaan pemilukada, baik dalam pengelolaan anggaran dan ketidak adilan  penyelenggaraan. Panwas yang tutup mata atas kecurangan. 

5. Usaha sablon/ percetakan juga ketiban rezeki dari","","0","",,,,,"false"
"0","","Sat Jan 03 15:40:26 +0000 2026",,,,,,,,,,,,,,,,"","false","true","false","","2",,,,,,,,,,,,,,,,,,,,,,,,,,,,,,,,,,,,"2007477128678211936","0","0","Sat Jan 03 15:40:26 +0000 2026",,"2",,,,,,,,,,,,,,,,"marzukialie_MA","2007477154452279358","208784759",,,,,,,,,,,,,,,,,,,,,,,,,,,,,,,,,,,,,,,,,,,,,,,,,,,,,,,,,,,,,,,,,,,,,,,,,,,,,,,,,,,,,,,,,,,,,,,,,,,,,,,,,,,,,,,,"2007477128678211936","0",,"1","0","0","pemilukada langsung. Biaya cetak mengakibatkan cost politik semakain mahal

6. Munculnya relawan2, merupakan ruang bagi pengangguran. Relawan ini bisa membawa pemerintahan menjadi tidak sehat, tatkala mereka tetap hidup dan dibiayai. 

7. Rakyat yang memilih dengan sukacita, krn:","2007477157904445943",,,,,"208784759","true","true","Wed Oct 27 23:12:36 +0000 2010","false","false","Founder TK - SD - SMP - SMA - UIGM, STEBIS IGM, AL IHSANIA. Inisiator YP3I. https://t.co/k09pbUyV2Q ; https://t.co/pIX0Q17riK ; https://t.co/CK5ZQylQFW","igm.ac.id","http://www.igm.ac.id","76","99","https://t.co/k09pbUyV2Q","yp3i.or.id","http://yp3i.or.id/","102","125","https://t.co/pIX0Q17riK","uigm.ac.id","http://www.uigm.ac.id","128","151","https://t.co/CK5ZQylQFW","marzukialie.com","http://marzukialie.com","0","23","https://t.co/faTQn3JqdM","0","520","362828","884","false","false","261","Jakarta - Indonesia","702","Marzuki Alie Dr.H.","362828",,"false","https://pbs.twimg.com/profile_banners/208784759/1434378976","https://pbs.twimg.com/profile_images/1347477419083485185/5qLjpA7p_normal.jpg","","marzukialie_MA","31436","none","https://t.co/faTQn3JqdM","false",,"false","","","1","","pemilukada langsung. Biaya cetak mengakibatkan cost politik semakain mahal

6. Munculnya relawan2, merupakan ruang bagi pengangguran. Relawan ini bisa membawa pemerintahan menjadi tidak sehat, tatkala mereka tetap hidup dan dibiayai. 

7. Rakyat yang memilih dengan sukacita, krn:","","0","",,,,,"false"
"0","","Sat Jan 03 15:40:27 +0000 2026",,,,,,,,,,,,,,,,"","false","true","false","","3",,,,,,,,,,,,,,,,,,,,,,,,,,,,,,,,,,,,"2007477128678211936","0","1","Sat Jan 03 15:40:27 +0000 2026",,"3",,,,,,,,,,,,,,,,"marzukialie_MA","2007477157904445943","208784759",,,,,,,,,,,,,,,,,,,,,,,,,,,,,,,,,,,,,,,,,,,,,,,,,,,,,,,,,,,,,,,,,,,,,,,,,,,,,,,,,,,,,,,,,,,,,,,,,,,,,,,,,,,,,,,,"2007477128678211936","0",,"1","0","0","dibayar, atau atau alasan lain yang lbh rasional. Pemilih rasional masih sangat terbatas, krn masih rendahnya tingkat pendidikan pemilih dan kehidupan yang tidak sejahtera. Jangan harap kualitas demokrasi kita baik, dengan situasi masyarakat kita saat ini, miskin dan belum pintar","2007477161318293642",,,,,"208784759","true","true","Wed Oct 27 23:12:36 +0000 2010","false","false","Founder TK - SD - SMP - SMA - UIGM, STEBIS IGM, AL IHSANIA. Inisiator YP3I. https://t.co/k09pbUyV2Q ; https://t.co/pIX0Q17riK ; https://t.co/CK5ZQylQFW","igm.ac.id","http://www.igm.ac.id","76","99","https://t.co/k09pbUyV2Q","yp3i.or.id","http://yp3i.or.id/","102","125","https://t.co/pIX0Q17riK","uigm.ac.id","http://www.uigm.ac.id","128","151","https://t.co/CK5ZQylQFW","marzukialie.com","http://marzukialie.com","0","23","https://t.co/faTQn3JqdM","0","520","362828","884","false","false","261","Jakarta - Indonesia","702","Marzuki Alie Dr.H.","362828",,"false","https://pbs.twimg.com/profile_banners/208784759/1434378976","https://pbs.twimg.com/profile_images/1347477419083485185/5qLjpA7p_normal.jpg","","marzukialie_MA","31436","none","https://t.co/faTQn3JqdM","false",,"false","","","1","","dibayar, atau atau alasan lain yang lbh rasional. Pemilih rasional masih sangat terbatas, krn masih rendahnya tingkat pendidikan pemilih dan kehidupan yang tidak sejahtera. Jangan harap kualitas demokrasi kita baik, dengan situasi masyarakat kita saat ini, miskin dan belum pintar","","0","",,,,,"false"
"0","","Sat Jan 03 15:40:27 +0000 2026",,,,,,,,,,,,,,,,"","false","true","false","","2",,,,,,,,,,,,,,,,,,,,,,,,,,,,,,,,,,,,"2007477128678211936","0","0","Sat Jan 03 15:40:27 +0000 2026",,"2",,,,,,,,,,,,,,,,"marzukialie_MA","2007477161318293642","208784759",,,,,,,,,,,,,,,,,,,,,,,,,,,,,,,,,,,,,,,,,,,,,,,,,,,,,,,,,,,,,,,,,,,,,,,,,,,,,,,,,,,,,,,,,,,,,,,,,,,,,,,,,,,,,,,,"2007477128678211936","0",,"1","0","0","8. Setelah ada keputusan pemenang, pihak yang kalah dipastikan akan menggugat, akan ada job bagi Pengacara, yang mewakili yang kalah dan menang untuk berperkara di MK. Mayoritas yang kalah tidak mau menerima hasil pemilukada.

Akhir dari semua itu, walau menang sudah babak belur.","2007477164707569828",,,,,"208784759","true","true","Wed Oct 27 23:12:36 +0000 2010","false","false","Founder TK - SD - SMP - SMA - UIGM, STEBIS IGM, AL IHSANIA. Inisiator YP3I. https://t.co/k09pbUyV2Q ; https://t.co/pIX0Q17riK ; https://t.co/CK5ZQylQFW","igm.ac.id","http://www.igm.ac.id","76","99","https://t.co/k09pbUyV2Q","yp3i.or.id","http://yp3i.or.id/","102","125","https://t.co/pIX0Q17riK","uigm.ac.id","http://www.uigm.ac.id","128","151","https://t.co/CK5ZQylQFW","marzukialie.com","http://marzukialie.com","0","23","https://t.co/faTQn3JqdM","0","520","362828","884","false","false","261","Jakarta - Indonesia","702","Marzuki Alie Dr.H.","362828",,"false","https://pbs.twimg.com/profile_banners/208784759/1434378976","https://pbs.twimg.com/profile_images/1347477419083485185/5qLjpA7p_normal.jpg","","marzukialie_MA","31436","none","https://t.co/faTQn3JqdM","false",,"false","","","1","","8. Setelah ada keputusan pemenang, pihak yang kalah dipastikan akan menggugat, akan ada job bagi Pengacara, yang mewakili yang kalah dan menang untuk berperkara di MK. Mayoritas yang kalah tidak mau menerima hasil pemilukada.

Akhir dari semua itu, walau menang sudah babak belur.","","0","",,,,,"false"
"0","","Sat Jan 03 15:40:28 +0000 2026",,,,,,,,,,,,,,,,"","false","true","false","","2",,,,,,,,,,,,,,,,,,,,,,,,,,,,,,,,,,,,"2007477128678211936","0","0","Sat Jan 03 15:40:28 +0000 2026",,"2",,,,,,,,,,,,,,,,"marzukialie_MA","2007477164707569828","208784759",,,,,,,,,,,,,,,,,,,,,,,,,,,,,,,,,,,,,,,,,,,,,,,,,,,,,,,,,,,,,,,,,,,,,,,,,,,,,,,,,,,,,,,,,,,,,,,,,,,,,,,,,,,,,,,,"2007477128678211936","0",,"1","0","0","Cost yang sedemikian besar, hampir pastj tidak ada kepala daerah yang bisa bekerja jujur dan amanah.

Yang tidak ketangkap karena korupsi, karena pintar atau karena Tuhan masih melindungi, selebihnya babak belur menghadapi masalah hukum.

Apa yang didapatkan rakyat? Hanya harapan","2007477168037867913",,,,,"208784759","true","true","Wed Oct 27 23:12:36 +0000 2010","false","false","Founder TK - SD - SMP - SMA - UIGM, STEBIS IGM, AL IHSANIA. Inisiator YP3I. https://t.co/k09pbUyV2Q ; https://t.co/pIX0Q17riK ; https://t.co/CK5ZQylQFW","igm.ac.id","http://www.igm.ac.id","76","99","https://t.co/k09pbUyV2Q","yp3i.or.id","http://yp3i.or.id/","102","125","https://t.co/pIX0Q17riK","uigm.ac.id","http://www.uigm.ac.id","128","151","https://t.co/CK5ZQylQFW","marzukialie.com","http://marzukialie.com","0","23","https://t.co/faTQn3JqdM","0","520","362828","884","false","false","261","Jakarta - Indonesia","702","Marzuki Alie Dr.H.","362828",,"false","https://pbs.twimg.com/profile_banners/208784759/1434378976","https://pbs.twimg.com/profile_images/1347477419083485185/5qLjpA7p_normal.jpg","","marzukialie_MA","31436","none","https://t.co/faTQn3JqdM","false",,"false","","","1","","Cost yang sedemikian besar, hampir pastj tidak ada kepala daerah yang bisa bekerja jujur dan amanah.

Yang tidak ketangkap karena korupsi, karena pintar atau karena Tuhan masih melindungi, selebihnya babak belur menghadapi masalah hukum.

Apa yang didapatkan rakyat? Hanya harapan","","0","",,,,,"false"
"0","","Sat Jan 03 15:40:29 +0000 2026",,,,,,,,,,,,,,,,"","false","true","false","","2",,,,,,,,,,,,,,,,,,,,,,,,,,,,,,,,,,,,"2007477128678211936","0","0","Sat Jan 03 15:40:29 +0000 2026",,"2",,,,,,,,,,,,,,,,"marzukialie_MA","2007477168037867913","208784759",,,,,,,,,,,,,,,,,,,,,,,,,,,,,,,,,,,,,,,,,,,,,,,,,,,,,,,,,,,,,,,,,,,,,,,,,,,,,,,,,,,,,,,,,,,,,,,,,,,,,,,,,,,,,,,,"2007477128678211936","0",,"1","0","0","yang tidak pernah terwujud dari periode ke periode. Kondisi ini membuat pesisme masyarakat, akhirnya setiap pemilu yang ada rakyat yang memeras pemimpinnya, krn selama berkuasa pemimpin yang akan meras rakyatnya.
Sedemikian banyak persoalan, tp masih ada yang ingin mempertahankan","2007477171627991423",,,,,"208784759","true","true","Wed Oct 27 23:12:36 +0000 2010","false","false","Founder TK - SD - SMP - SMA - UIGM, STEBIS IGM, AL IHSANIA. Inisiator YP3I. https://t.co/k09pbUyV2Q ; https://t.co/pIX0Q17riK ; https://t.co/CK5ZQylQFW","igm.ac.id","http://www.igm.ac.id","76","99","https://t.co/k09pbUyV2Q","yp3i.or.id","http://yp3i.or.id/","102","125","https://t.co/pIX0Q17riK","uigm.ac.id","http://www.uigm.ac.id","128","151","https://t.co/CK5ZQylQFW","marzukialie.com","http://marzukialie.com","0","23","https://t.co/faTQn3JqdM","0","520","362828","884","false","false","261","Jakarta - Indonesia","702","Marzuki Alie Dr.H.","362828",,"false","https://pbs.twimg.com/profile_banners/208784759/1434378976","https://pbs.twimg.com/profile_images/1347477419083485185/5qLjpA7p_normal.jpg","","marzukialie_MA","31436","none","https://t.co/faTQn3JqdM","false",,"false","","","1","","yang tidak pernah terwujud dari periode ke periode. Kondisi ini membuat pesisme masyarakat, akhirnya setiap pemilu yang ada rakyat yang memeras pemimpinnya, krn selama berkuasa pemimpin yang akan meras rakyatnya.
Sedemikian banyak persoalan, tp masih ada yang ingin mempertahankan","","0","",,,,,"false"
"0","","Sat Jan 03 15:40:30 +0000 2026",,,,,,,,,,,,,,,,"","false","true","false","","3",,,,,,,,,,,,,,,,,,,,,,,,,,,,,,,,,,,,"2007477128678211936","0","0","Sat Jan 03 15:40:30 +0000 2026",,"3",,,,,,,,,,,,,,,,"marzukialie_MA","2007477171627991423","208784759",,,,,,,,,,,,,,,,,,,,,,,,,,,,,,,,,,,,,,,,,,,,,,,,,,,,,,,,,,,,,,,,,,,,,,,,,,,,,,,,,,,,,,,,,,,,,,,,,,,,,,,,,,,,,,,,"2007477128678211936","0",,"1","0","0","pemilukada secara langsung dengan alasan demokrasi, amanat reformasi. Meningkatkan kesejahteraan masyarakat dan mencerdaskannya perlu waktu yang panjang, artinya pemilu kita tidak akan pernah berkualitas. 
Kenapa tidak berpikir untuk mundur selangkah, akan melompat jauh ke depan.","2007477175226675551",,,,,"208784759","true","true","Wed Oct 27 23:12:36 +0000 2010","false","false","Founder TK - SD - SMP - SMA - UIGM, STEBIS IGM, AL IHSANIA. Inisiator YP3I. https://t.co/k09pbUyV2Q ; https://t.co/pIX0Q17riK ; https://t.co/CK5ZQylQFW","igm.ac.id","http://www.igm.ac.id","76","99","https://t.co/k09pbUyV2Q","yp3i.or.id","http://yp3i.or.id/","102","125","https://t.co/pIX0Q17riK","uigm.ac.id","http://www.uigm.ac.id","128","151","https://t.co/CK5ZQylQFW","marzukialie.com","http://marzukialie.com","0","23","https://t.co/faTQn3JqdM","0","520","362828","884","false","false","261","Jakarta - Indonesia","702","Marzuki Alie Dr.H.","362828",,"false","https://pbs.twimg.com/profile_banners/208784759/1434378976","https://pbs.twimg.com/profile_images/1347477419083485185/5qLjpA7p_normal.jpg","","marzukialie_MA","31436","none","https://t.co/faTQn3JqdM","false",,"false","","","1","","pemilukada secara langsung dengan alasan demokrasi, amanat reformasi. Meningkatkan kesejahteraan masyarakat dan mencerdaskannya perlu waktu yang panjang, artinya pemilu kita tidak akan pernah berkualitas. 
Kenapa tidak berpikir untuk mundur selangkah, akan melompat jauh ke depan.","","0","",,,,,"false"
"0","","Sat Jan 03 15:40:31 +0000 2026",,,,,,,,,,,,,,,,"","false","true","false","","2",,,,,,,,,,,,,,,,,,,,,,,,,,,,,,,,,,,,"2007477128678211936","0","0","Sat Jan 03 15:40:31 +0000 2026",,"2",,,,,,,,,,,,,,,,"marzukialie_MA","2007477175226675551","208784759",,,,,,,,,,,,,,,,,,,,,,,,,,,,,,,,,,,,,,,,,,,,,,,,,,,,,,,,,,,,,,,,,,,,,,,,,,,,,,,,,,,,,,,,,,,,,,,,,,,,,,,,,,,,,,,,"2007477128678211936","0",,"2","0","0","Berbeda pemilihan lewat dprd, selama ini diduga ada money politik hanya oleh segelintir orang, akan lbh mudah utk mengatasinya, semua anggota dprd bisa diawasi, semua HPnya disadap, tidak boleh ada pertemuan2 khusus secara pribadi. Bahwa ada kepentingan elit parpol, itu lbh baik.","2007477179207278651",,,,,"208784759","true","true","Wed Oct 27 23:12:36 +0000 2010","false","false","Founder TK - SD - SMP - SMA - UIGM, STEBIS IGM, AL IHSANIA. Inisiator YP3I. https://t.co/k09pbUyV2Q ; https://t.co/pIX0Q17riK ; https://t.co/CK5ZQylQFW","igm.ac.id","http://www.igm.ac.id","76","99","https://t.co/k09pbUyV2Q","yp3i.or.id","http://yp3i.or.id/","102","125","https://t.co/pIX0Q17riK","uigm.ac.id","http://www.uigm.ac.id","128","151","https://t.co/CK5ZQylQFW","marzukialie.com","http://marzukialie.com","0","23","https://t.co/faTQn3JqdM","0","520","362828","884","false","false","261","Jakarta - Indonesia","702","Marzuki Alie Dr.H.","362828",,"false","https://pbs.twimg.com/profile_banners/208784759/1434378976","https://pbs.twimg.com/profile_images/1347477419083485185/5qLjpA7p_normal.jpg","","marzukialie_MA","31436","none","https://t.co/faTQn3JqdM","false",,"false","","","2","","Berbeda pemilihan lewat dprd, selama ini diduga ada money politik hanya oleh segelintir orang, akan lbh mudah utk mengatasinya, semua anggota dprd bisa diawasi, semua HPnya disadap, tidak boleh ada pertemuan2 khusus secara pribadi. Bahwa ada kepentingan elit parpol, itu lbh baik.","","0","",,,,,"false"
"0","","Sat Jan 03 15:40:32 +0000 2026",,,,,,,,,,,,,,,,"","false","true","false","","3",,,,,,,,,,,,,,,,,,,,,,,,,,,,,,,,,,,,"2007477128678211936","0","0","Sat Jan 03 15:40:32 +0000 2026",,"3",,,,,,,,,,,,,,,,"marzukialie_MA","2007477179207278651","208784759",,,,,,,,,,,,,,,,,,,,,,,,,,,,,,,,,,,,,,,,,,,,,,,,,,,,,,,,,,,,,,,,,,,,,,,,,,,,,,,,,,,,,,,,,,,,,,,,,,,,,,,,,,,,,,,,"2007477128678211936","0",,"1","0","0","Akan lebih baik, kepala daerah yang sama warnanya dengan pemerintah pusat, daripada yang pernah kita alami dimana kepala daerah tidak mau menjalankan perintah presiden karena beda partai, dengan alasan atas perintah partainya.

Kalau saya disuruh memilih, saya akan memilih untuk","2007477182546026878",,,,,"208784759","true","true","Wed Oct 27 23:12:36 +0000 2010","false","false","Founder TK - SD - SMP - SMA - UIGM, STEBIS IGM, AL IHSANIA. Inisiator YP3I. https://t.co/k09pbUyV2Q ; https://t.co/pIX0Q17riK ; https://t.co/CK5ZQylQFW","igm.ac.id","http://www.igm.ac.id","76","99","https://t.co/k09pbUyV2Q","yp3i.or.id","http://yp3i.or.id/","102","125","https://t.co/pIX0Q17riK","uigm.ac.id","http://www.uigm.ac.id","128","151","https://t.co/CK5ZQylQFW","marzukialie.com","http://marzukialie.com","0","23","https://t.co/faTQn3JqdM","0","520","362828","884","false","false","261","Jakarta - Indonesia","702","Marzuki Alie Dr.H.","362828",,"false","https://pbs.twimg.com/profile_banners/208784759/1434378976","https://pbs.twimg.com/profile_images/1347477419083485185/5qLjpA7p_normal.jpg","","marzukialie_MA","31436","none","https://t.co/faTQn3JqdM","false",,"false","","","1","","Akan lebih baik, kepala daerah yang sama warnanya dengan pemerintah pusat, daripada yang pernah kita alami dimana kepala daerah tidak mau menjalankan perintah presiden karena beda partai, dengan alasan atas perintah partainya.

Kalau saya disuruh memilih, saya akan memilih untuk","","0","",,,,,"false"
"0","","Sat Jan 03 15:40:32 +0000 2026",,,,,,,,,,,,,,,,"","false","true","false","","5",,,,,,,,,,,,,,,,,,,,,,,,,,,,,,,,,,,,"2007477128678211936","0","0","Sat Jan 03 15:40:32 +0000 2026",,"5",,,,,,,,,,,,,,,,"marzukialie_MA","2007477182546026878","208784759",,,,,,,,,,,,,,,,,,,,,,,,,,,,,,,,,,,,,,,,,,,,,,,,,,,,,,,,,,,,,,,,,,,,,,,,,,,,,,,,,,,,,,,,,,,,,,,,,,,,,,,,,,,,,,,,"2007477128678211936","0",,"2","0","0","kembali ke DPRD, kita tingkatkan kualitas masyarakat kita, baik dari sisi pendidikan maupun kesejahteraan. Bukan tidak mungkin ada saatnya nanti kita kembali kepada sistem seperti sekarang ini yaitu dilakukan secara langsung, dimana rakyatnya sudah pintar dan sekahtera, sehingga","2007477185980805477",,,,,"208784759","true","true","Wed Oct 27 23:12:36 +0000 2010","false","false","Founder TK - SD - SMP - SMA - UIGM, STEBIS IGM, AL IHSANIA. Inisiator YP3I. https://t.co/k09pbUyV2Q ; https://t.co/pIX0Q17riK ; https://t.co/CK5ZQylQFW","igm.ac.id","http://www.igm.ac.id","76","99","https://t.co/k09pbUyV2Q","yp3i.or.id","http://yp3i.or.id/","102","125","https://t.co/pIX0Q17riK","uigm.ac.id","http://www.uigm.ac.id","128","151","https://t.co/CK5ZQylQFW","marzukialie.com","http://marzukialie.com","0","23","https://t.co/faTQn3JqdM","0","520","362828","884","false","false","261","Jakarta - Indonesia","702","Marzuki Alie Dr.H.","362828",,"false","https://pbs.twimg.com/profile_banners/208784759/1434378976","https://pbs.twimg.com/profile_images/1347477419083485185/5qLjpA7p_normal.jpg","","marzukialie_MA","31436","none","https://t.co/faTQn3JqdM","false",,"false","","","2","","kembali ke DPRD, kita tingkatkan kualitas masyarakat kita, baik dari sisi pendidikan maupun kesejahteraan. Bukan tidak mungkin ada saatnya nanti kita kembali kepada sistem seperti sekarang ini yaitu dilakukan secara langsung, dimana rakyatnya sudah pintar dan sekahtera, sehingga","","0","",,,,,"false"
"0","","Sat Jan 03 15:40:33 +0000 2026",,,,,,,,,,,,,,,,"","false","true","false","","3",,,,,,,,,,,,,,,,,,,,,,,,,,,,,,,,,,,,"2007477128678211936","1","0","Sat Jan 03 15:40:33 +0000 2026",,"3",,,,,,,,,,,,,,,,"marzukialie_MA","2007477185980805477","208784759",,,,,,,,,,,,,,,,,,,,,,,,,,,,,,,,,,,,,,,,,,,,,,,,,,,,,,,,,,,,,,,,,,,,,,,,,,,,,,,,,,,,,,,,,,,,,,,,,,,,,,,,,,,,,,,,"2007477128678211936","1",,"5","0","0","Demokrasi yang berkualitas sdh bisa ditegakkan, daripada memaksakan pemilihan secara langsung pada saat ini seperti menegakkan benang basah. 

Jkt 03 januari 2026: MA","2007477189336543461",,,,,"208784759","true","true","Wed Oct 27 23:12:36 +0000 2010","false","false","Founder TK - SD - SMP - SMA - UIGM, STEBIS IGM, AL IHSANIA. Inisiator YP3I. https://t.co/k09pbUyV2Q ; https://t.co/pIX0Q17riK ; https://t.co/CK5ZQylQFW","igm.ac.id","http://www.igm.ac.id","76","99","https://t.co/k09pbUyV2Q","yp3i.or.id","http://yp3i.or.id/","102","125","https://t.co/pIX0Q17riK","uigm.ac.id","http://www.uigm.ac.id","128","151","https://t.co/CK5ZQylQFW","marzukialie.com","http://marzukialie.com","0","23","https://t.co/faTQn3JqdM","0","520","362828","884","false","false","261","Jakarta - Indonesia","702","Marzuki Alie Dr.H.","362828",,"false","https://pbs.twimg.com/profile_banners/208784759/1434378976","https://pbs.twimg.com/profile_images/1347477419083485185/5qLjpA7p_normal.jpg","","marzukialie_MA","31436","none","https://t.co/faTQn3JqdM","false",,"false","","","5","","Demokrasi yang berkualitas sdh bisa ditegakkan, daripada memaksakan pemilihan secara langsung pada saat ini seperti menegakkan benang basah. 

Jkt 03 januari 2026: MA","","0","",,,,,"false"
"0","","Sun Jan 04 04:40:34 +0000 2026",,,,,,,,,,,,,,,,"","false","true","false","","6","208784759","0","15","Marzuki Alie Dr.H.","marzukialie_MA","517105241","28","41","Mahkamah Konstitusi","officialMKRI","748953283","230","238","DPP PKB","DPP_PKB","721898354502930433","240","252","#GolkarSolid","golkarpedia","397673651","254","263","Partai Gerindra","Gerindra","1515689815","264","278","saiful mujani","saiful_mujani","99728171","279","290","feri amsari","feriamsari","2007477128678211936","0","0","Sun Jan 04 04:40:34 +0000 2026",,"6",,,,,,,,,,,,,,,,"marzukialie_MA","2007477128678211936","208784759",,,,,,,,,,,,,,,,,,,,,,,,,,,,,,,,,,,,,,,,,,,,,,,,,,,,,,,,,,,,,,,,,,,,,,,,,,,,,"208784759","0","15","Marzuki Alie Dr.H.","marzukialie_MA","517105241","28","41","Mahkamah Konstitusi","officialMKRI","748953283","230","238","DPP PKB","DPP_PKB","721898354502930433","240","252","#GolkarSolid","golkarpedia","397673651","254","263","Partai Gerindra","Gerindra","1515689815","264","278","saiful mujani","saiful_mujani","99728171","279","290","feri amsari","feriamsari","2007477128678211936","0",,"0","0","1","@marzukialie_MA Sdh diputus @officialMKRI tinggal melaksanakan sj, parpol jngn ngarang bebas &amp; berkreasi lg dg put. MK, just do it! Hormatilah lembaga yudikatif itu tp kl gak mau ngagugu, bubarin aja MK nya! Percuma ada MK🤔🤤  @DPP_PKB  @golkarpedia  @Gerindra @saiful_mujani @feriamsari","2007673484722466881",,,,,"1832903541272494080","false","true","Sun Sep 08 22:07:30 +0000 2024","true","false","",,,,,,,,,,,,,,,,,,,,,"0","160","51","14","false","false","0","","90","AbdiNata","51",,"false","https://pbs.twimg.com/profile_banners/1832903541272494080/1763173066","https://pbs.twimg.com/profile_images/1990262978189651968/j85wIx4w_normal.jpg","","AbdiNata035","3039","none",,"false",,"false","","","0","","@marzukialie_MA Sdh diputus @officialMKRI tinggal melaksanakan sj, parpol jngn ngarang bebas &amp; berkreasi lg dg put. MK, just do it! Hormatilah lembaga yudikatif itu tp kl gak mau ngagugu, bubarin aja MK nya! Percuma ada MK🤔🤤  @DPP_PKB  @golkarpedia  @Gerindra @saiful_mujani @feriamsari","","1","",,,,,"false"
"0","","Sun Jan 04 07:40:54 +0000 2026",,,,,,,,,,,,,,,,"","false","true","false","","4","208784759","0","15","Marzuki Alie Dr.H.","marzukialie_MA",,,,,,,,,,,,,,,,,,,,,,,,,,,,,,,"2007477128678211936","0","0","Sun Jan 04 07:40:54 +0000 2026",,"4",,,,,,,,,,,,,,,,"marzukialie_MA","2007477128678211936","208784759",,,,,,,,,,,,,,,,,,,,,,,,,,,,,,,,,,,,,,,,,,,,,,,,,,,,,,,,,,,,,,,,,,,,,,,,,,,,,"208784759","0","15","Marzuki Alie Dr.H.","marzukialie_MA",,,,,,,,,,,,,,,,,,,,,,,,,,,,,,,"2007477128678211936","0",,"1","0","0","@marzukialie_MA Di bagian paling awal, Bung menulis ➡️ Pemilukada bupati/wako/gubernur selalu menjadi perdebatan⬅️

Selain para politisi dan kaum yang haus dan penghamba kekuasaan 

Sepertinya rakyat tidak pernah memperdebatkannya.

Rakyat cuma bilang: 1 suara 100 rebu, di rumah ada 4 orang.","2007718868702396565",,,,,"952430549372616704","false","true","Sun Jan 14 06:41:53 +0000 2018","true","false","Itu saja",,,,,,,,,,,,,,,,,,,,,"0","459","99","85","false","false","0","","667","presedeng","99",,"false","https://pbs.twimg.com/profile_banners/952430549372616704/1739888680","https://pbs.twimg.com/profile_images/1891856361316917248/47LSl3Gj_normal.jpg","","anaknyasiape","6175","none",,"false",,"false","","","1","","@marzukialie_MA Di bagian paling awal, Bung menulis ➡️ Pemilukada bupati/wako/gubernur selalu menjadi perdebatan⬅️

Selain para politisi dan kaum yang haus dan penghamba kekuasaan 

Sepertinya rakyat tidak pernah memperdebatkannya.

Rakyat cuma bilang: 1 suara 100 rebu, di rumah ada 4 orang.","","0","",,,,,"false"
"0","","Sun Jan 04 05:57:21 +0000 2026",,,,,,,,,,,,,,,,"","false","true","false","","3","208784759","0","15","Marzuki Alie Dr.H.","marzukialie_MA",,,,,,,,,,,,,,,,,,,,,,,,,,,,,,,"2007477128678211936","0","0","Sun Jan 04 05:57:21 +0000 2026",,"3",,,,,,,,,,,,,,,,"marzukialie_MA","2007477128678211936","208784759",,,,,,,,,,,,,,,,,,,,,,,,,,,,,,,,,,,,,,,,,,,,,,,,,,,,,,,,,,,,,,,,,,,,,,,,,,,,,"208784759","0","15","Marzuki Alie Dr.H.","marzukialie_MA",,,,,,,,,,,,,,,,,,,,,,,,,,,,,,,"2007477128678211936","0",,"0","0","0","@marzukialie_MA rendah sekali takaran budi pekertinya buat seorang bergelar doktor.","2007692809646813677",,,,,"1529898812642189314","false","true","Thu May 26 18:55:04 +0000 2022","true","false","",,,,,,,,,,,,,,,,,,,,,"0","85","23","32","false","false","0","","0","ndoyok","23",,"false",,"https://pbs.twimg.com/profile_images/1529898933681463301/x3C6iIaQ_normal.jpg","","land_yok","3158","none",,"false",,"false","","","0","","@marzukialie_MA rendah sekali takaran budi pekertinya buat seorang bergelar doktor.","","0","",,,,,"false"
"0","","Sun Jan 04 03:57:12 +0000 2026",,,,,,,,,,,,,,,,"","false","true","false","","2","208784759","0","15","Marzuki Alie Dr.H.","marzukialie_MA",,,,,,,,,,,,,,,,,,,,,,,,,,,,,,,"2007477128678211936","0","0","Sun Jan 04 03:57:12 +0000 2026",,"2",,,,,,,,,,,,,,,,"marzukialie_MA","2007477128678211936","208784759",,,,,,,,,,,,,,,,,,,,,,,,,,,,,,,,,,,,,,,,,,,,,,,,,,,,,,,,,,,,,,,,,,,,,,,,,,,,,"208784759","0","15","Marzuki Alie Dr.H.","marzukialie_MA",,,,,,,,,,,,,,,,,,,,,,,,,,,,,,,"2007477128678211936","0",,"0","0","0","@marzukialie_MA Mau milih lgsg? Tp yg milih g kompeten, yg memberi pilihan pikirannya korup.. jd?","2007662572598944237",,,,,"78272180","false","false","Tue Sep 29 10:29:41 +0000 2009","true","false","liverpool fan... 😍",,,,,,,,,,,,,,,,,,,,,"0","10257","311","1038","true","false","3","","529","Liverpool Fan 🏆","311","1393984610724237314","false","https://pbs.twimg.com/profile_banners/78272180/1645991665","https://pbs.twimg.com/profile_images/1393986348063678466/YsEdTI1W_normal.jpg","","Me_LiverpoolFC","21714","none",,"false",,"false","","","0","","@marzukialie_MA Mau milih lgsg? Tp yg milih g kompeten, yg memberi pilihan pikirannya korup.. jd?","","0","",,,,,"false"
"0","","Sun Jan 04 07:45:52 +0000 2026",,,,,,,,,,,,,,,,"","false","true","false","","2","208784759","0","15","Marzuki Alie Dr.H.","marzukialie_MA",,,,,,,,,,,,,,,,,,,,,,,,,,,,,,,"2007477128678211936","0","0","Sun Jan 04 07:45:52 +0000 2026",,"2",,,,,,,,,,,,,,,,"marzukialie_MA","2007477128678211936","208784759",,,,,,,,,,,,,,,,,,,,,,,,,,,,,,,,,,,,,,,,,,,,,,,,,,,,,,,,,,,,,,,,,,,,,,,,,,,,,"208784759","0","15","Marzuki Alie Dr.H.","marzukialie_MA",,,,,,,,,,,,,,,,,,,,,,,,,,,,,,,"2007477128678211936","0",,"0","0","0","@marzukialie_MA Bapak ga baca putusan MK tentang maksud pemilihan demokratis di UUD tsb?","2007720116331655342",,,,,"52263467","false","false","Tue Jun 30 01:46:13 +0000 2009","false","false","",,,,,,,,,,,,,,,,,,,,,"0","58","171","152","true","false","0","ÜT: -6.868439,107.560669","96","Erland Ariasena P","171",,"false","https://pbs.twimg.com/profile_banners/52263467/1419047013","https://pbs.twimg.com/profile_images/982606085688193024/gh3mdtu2_normal.jpg","","erlandariasena","13926","none",,"false",,"false","","","0","","@marzukialie_MA Bapak ga baca putusan MK tentang maksud pemilihan demokratis di UUD tsb?","","0","",,,,,"false"
"0","","Sun Jan 04 10:48:50 +0000 2026",,,,,,,,,,,,,,,,"","false","true","false","","2","208784759","0","15","Marzuki Alie Dr.H.","marzukialie_MA",,,,,,,,,,,,,,,,,,,,,,,,,,,,,,,"2007477128678211936","0","0","Sun Jan 04 10:48:50 +0000 2026",,"2",,,,,,,,,,,,,,,,"marzukialie_MA","2007477128678211936","208784759",,,,,,,,,,,,,,,,,,,,,,,,,,,,,,,,,,,,,,,,,,,,,,,,,,,,,,,,,,,,,,,,,,,,,,,,,,,,,"208784759","0","15","Marzuki Alie Dr.H.","marzukialie_MA",,,,,,,,,,,,,,,,,,,,,,,,,,,,,,,"2007477128678211936","0",,"0","0","0","@marzukialie_MA Penjilat","2007766163426853244",,,,,"113381564","true","false","Thu Feb 11 15:39:26 +0000 2010","false","false","I am mr. nobody  😎😎 II @CTnurhaliza11 & @sheilaon7 II Penikmat Sejarah, Politik & Ekonomi ll Chelsea forever   💯Islam",,,,,,,,,,,,,,,,,,,,,"0","28945","318","752","true","false","1","Singapore","2087","𝕾𝖊𝖙𝖎𝖆 𝕻𝖔𝖊𝖗𝖓𝖆𝖒𝖆","318",,"false","https://pbs.twimg.com/profile_banners/113381564/1561762932","https://pbs.twimg.com/profile_images/1324913785803452417/mC0AuJL4_normal.jpg","","setia_purnama","31800","none",,"false",,"false","","","0","","@marzukialie_MA Penjilat","","0","",,,,,"false"
"0","","Sun Jan 04 02:37:07 +0000 2026",,,,,,,,,,,,,,,,"","false","true","false","","1","208784759","0","15","Marzuki Alie Dr.H.","marzukialie_MA",,,,,,,,,,,,,,,,,,,,,,,,,,,,,,,"2007477128678211936","0","0","Sun Jan 04 02:37:07 +0000 2026",,"1",,,,,,,,,,,,,,,,"marzukialie_MA","2007477128678211936","208784759",,,,,,,,,,,,,,,,,,,,,,,,,,,,,,,,,,,,,,,,,,,,,,,,,,,,,,,,,,,,,,,,,,,,,,,,,,,,,"208784759","0","15","Marzuki Alie Dr.H.","marzukialie_MA",,,,,,,,,,,,,,,,,,,,,,,,,,,,,,,"2007477128678211936","0",,"3","0","0","@marzukialie_MA 20 tahun pilkada langsung menunjukan yg paling dirugikan justru rakyat di daerah tsb

Rakyat relatif tidak mendapatkan kepala daerah yg ""terbaik"" dari hasil pilkada 

Mengapa?
Karena yg menunjuk siapa calon kepala daerah yg akan berkompetisi (dengan sistem apapun) adalah partai","2007642417126846581",,,,,"1557182798888198144","true","true","Wed Aug 10 01:52:08 +0000 2022","true","false","(by default) berprasangka baik namun kritis pada kebijakan  pemerintah, siapapun presiden nya",,,,,,,,,,,,,,,,,,,,,"0","1558","1438","737","false","false","4","Jakarta","88","logika sederhana","1438","2005952239416783218","false","https://pbs.twimg.com/profile_banners/1557182798888198144/1759556544","https://pbs.twimg.com/profile_images/2008469856098861056/FbC2Y3Jy_normal.jpg","","nalar_logis","7896","none",,"false",,"false","","","3","","@marzukialie_MA 20 tahun pilkada langsung menunjukan yg paling dirugikan justru rakyat di daerah tsb

Rakyat relatif tidak mendapatkan kepala daerah yg ""terbaik"" dari hasil pilkada 

Mengapa?
Karena yg menunjuk siapa calon kepala daerah yg akan berkompetisi (dengan sistem apapun) adalah partai","","0","",,,,,"false"
"0","","Sun Jan 04 02:25:30 +0000 2026",,,,,,,,,,,,,,,,"","false","true","false","","1","208784759","0","15","Marzuki Alie Dr.H.","marzukialie_MA",,,,,,,,,,,,,,,,,,,,,,,,,,,,,,,"2007477128678211936","0","0","Sun Jan 04 02:25:30 +0000 2026",,"1",,,,,,,,,,,,,,,,"marzukialie_MA","2007477128678211936","208784759",,,,,,,,,,,,,,,,,,,,,,,,,,,,,,,,,,,,,,,,,,,,,,,,,,,,,,,,,,,,,,,,,,,,,,,,,,,,,"208784759","0","15","Marzuki Alie Dr.H.","marzukialie_MA",,,,,,,,,,,,,,,,,,,,,,,,,,,,,,,"2007477128678211936","0",,"1","0","0","@marzukialie_MA Konstitusi yg mana yg  berlaku saat ini  dan memperbolehkan pemilukada dipilih DPRD? Boleh tolong dijelaskan, Pak?","2007639496758833239",,,,,"127147954","false","true","Sun Mar 28 06:20:38 +0000 2010","false","false","Pragmatic idealistic whatever that means.... Startup, Digital,Payment, Impact Investment #Yankees #YNWA.",,,,,,,,,,,,,,,,,,,,,"0","29909","1753","2673","true","false","15","ÜT: -6.218565,106.813425","521","Dodong Cahyono","1753",,"false",,"https://pbs.twimg.com/profile_images/1994220826355486723/qrMt5Y_G_normal.jpg","","dodongc","43881","none",,"false",,"false","","","1","","@marzukialie_MA Konstitusi yg mana yg  berlaku saat ini  dan memperbolehkan pemilukada dipilih DPRD? Boleh tolong dijelaskan, Pak?","","0","",,,,,"false"
"0","","Mon Dec 29 13:06:03 +0000 2025",,,,,,,,,,,,,,,,"","false","true","false","","0","2993008392","0","9","Jejak digital.","ARSIPAJA",,,,,,,,,,,,,,,,,,,,,,,,,,,,,,,"2006038117590155551","0","0","Mon Dec 29 13:06:03 +0000 2025",,"0",,,,,,,,,,,,,,,,"ARSIPAJA","2005590870565724281","2993008392",,,,,,,,,,,,,,,,,,,,,,,,,,,,,,,,,,,,,,,,,,,,,,,,,,,,,,,,,,,,,,,,,,,,,,,,,,,,,"2993008392","0","9","Jejak digital.","ARSIPAJA",,,,,,,,,,,,,,,,,,,,,,,,,,,,,,,"2006038117590155551","0",,"8","0","0","@ARSIPAJA Sebetulnya ada sisi baik, menghemat biaya sang calon kepala daerah,  sehingga kemungkinan utk bermain fee dan korupsi kepala daerah bisa berkurang, utk dipilih masyarakat biayanya sangat besar,  dikumpulkan gaji dan tunjangan s3lama 5 th belum sebanding dg biaya yg dikeluarkan","2005626369124995342",,,,,"1858076450039169024","false","true","Sun Nov 17 09:16:25 +0000 2024","true","false","",,,,,,,,,,,,,,,,,,,,,"0","867","22","85","false","false","0","","4","ADAB harus Lebih Tinggi dari Pada ILMU","22",,"false",,"https://pbs.twimg.com/profile_images/1969419582688673798/LvTONvF0_normal.jpg","","Pejuang_desa001","1138","none",,"false",,"false","","","8","","@ARSIPAJA Sebetulnya ada sisi baik, menghemat biaya sang calon kepala daerah,  sehingga kemungkinan utk bermain fee dan korupsi kepala daerah bisa berkurang, utk dipilih masyarakat biayanya sangat besar,  dikumpulkan gaji dan tunjangan s3lama 5 th belum sebanding dg biaya yg dikeluarkan","","0","",,,,,"false"
"0","","Tue Dec 30 16:22:12 +0000 2025",,,,,,,,,,,,,,,,"","false","true","false","","0","2993008392","0","9","Jejak digital.","ARSIPAJA",,,,,,,,,,,,,,,,,,,,,,,,,,,,,,,"2006038117590155551","0","0","Tue Dec 30 16:22:12 +0000 2025",,"0",,,,,,,,,,,,,,,,"Pejuang_desa001","2005626369124995342","1858076450039169024",,,,,,,,,,,,,,,,,,,,,,,,,,,,,,,,,,,,,,,,,,,,,,,,,,,,,,,,,,,,,,,,,,,,,,,,,,,,,"2993008392","0","9","Jejak digital.","ARSIPAJA",,,,,,,,,,,,,,,,,,,,,,,,,,,,,,,"2006038117590155551","0",,"0","0","0","@ARSIPAJA 😆😁, buat analisa yg masuk akal, aku dizaman pemilihan kepala daerah oleh DPRD sudah Menjadi Mahasiswa,  pernah jadi tim sukses utama di TINGKAT Daerah mulai dari di pemilihan Presiden, Gubernur dan bupati pemilihan langsung, SETIDAKNYA MENGETAHUI BIAYA YG DIKELUARKAN SANG CALON","2006038117590155551",,,,,"1858076450039169024","false","true","Sun Nov 17 09:16:25 +0000 2024","true","false","",,,,,,,,,,,,,,,,,,,,,"0","867","22","85","false","false","0","","4","ADAB harus Lebih Tinggi dari Pada ILMU","22",,"false",,"https://pbs.twimg.com/profile_images/1969419582688673798/LvTONvF0_normal.jpg","","Pejuang_desa001","1138","none",,"false",,"false","","","0","","@ARSIPAJA 😆😁, buat analisa yg masuk akal, aku dizaman pemilihan kepala daerah oleh DPRD sudah Menjadi Mahasiswa,  pernah jadi tim sukses utama di TINGKAT Daerah mulai dari di pemilihan Presiden, Gubernur dan bupati pemilihan langsung, SETIDAKNYA MENGETAHUI BIAYA YG DIKELUARKAN SANG CALON","","0","",,,,,"false"
"0","","Tue Dec 30 06:40:42 +0000 2025",,,,,,,,,,,,,,,,"","false","true","false","","0","1912306655766933507","0","15","Jhon Sitorus","jhonsitorus_19","1720665183188922368","16","21","Grok","grok",,,,,,,,,,,,,,,,,,,,,,,,,,"2005892013099475390","0","0","Tue Dec 30 06:40:42 +0000 2025",,"0",,,,,,,,,,,,,,,,"jhonsitorus_19","2005817260766814409","1912306655766933507",,,,,,,,,,,,,,,,,,,,,,,,,,,,,,,,,,,,,,,,,,,,,,,,,,,,,,,,,,,,,,,,,,,,,,,,,,,,,"1912306655766933507","0","15","Jhon Sitorus","jhonsitorus_19","1720665183188922368","16","21","Grok","grok",,,,,,,,,,,,,,,,,,,,,,,,,,"2005892013099475390","0",,"1","0","0","@jhonsitorus_19 @grok apakah berit ini benar?","2005891780059795519",,,,,"1260556613435322373","true","false","Wed May 13 13:05:09 +0000 2020","true","false","Do it with confidence 😼",,,,,,,,,,,,,,,,,,,,,"0","2291","53","238","true","false","5","Indonesia","93","malis base.eth","53",,"false",,"https://pbs.twimg.com/profile_images/1824044920942030848/4Fhjmky__normal.jpg","","official_malis","4053","none",,"false",,"false","","","1","","@jhonsitorus_19 @grok apakah berit ini benar?","","0","",,,,,"false"
"0","","Tue Dec 30 06:41:38 +0000 2025",,,,,,,,,,,,,,,,"","false","true","false","","0","1260556613435322373","0","15","malis base.eth","official_malis","1912306655766933507","16","31","Jhon Sitorus","jhonsitorus_19",,,,,,,,,,,,,,,,,,,,,,,,,,"2005892013099475390","0","0","Tue Dec 30 06:41:38 +0000 2025",,"0",,,,,,,,,,,,,,,,"official_malis","2005891780059795519","1260556613435322373",,,,,,,,,,,,,,,,,,,,,,,,,,,,,,,,,,,,,,,,,,,,,,,,,,,,,,,,,,,,,,,,,,,,,,,,,,,,,"1260556613435322373","0","15","malis base.eth","official_malis","1912306655766933507","16","31","Jhon Sitorus","jhonsitorus_19",,,,,,,,,,,,,,,,,,,,,,,,,,"2005892013099475390","0",,"0","0","0","@official_malis @jhonsitorus_19 Ya, berita tentang usulan pemilihan gubernur, bupati, dan walikota melalui DPRD memang benar ada. Presiden Prabowo mendukungnya untuk menghemat biaya, didorong Golkar dan Gerindra. Namun, ini masih usulan dan dikritik sebagai kemunduran demokrasi oleh oposisi seperti PDI-P dan","2005892013099475390",,,,,"1720665183188922368","false","true","Sat Nov 04 04:52:34 +0000 2023","true","false","https://t.co/fqNKQSiLQB
@grok it","grok.com/download","http://grok.com/download","0","23","https://t.co/fqNKQSiLQB",,,,,,,,,,,"grok.com","https://grok.com","0","23","https://t.co/BFoTHXcJ8D","0","82","7365771","3","false","false","5739","wherever you are","7494281","Grok","7365771","1955006865332638036","false","https://pbs.twimg.com/profile_banners/1720665183188922368/1740213586","https://pbs.twimg.com/profile_images/1893219113717342208/Vgg2hEPa_normal.jpg","","grok","87586229","none","https://t.co/BFoTHXcJ8D","false","Business","false","","","0","","@official_malis @jhonsitorus_19 Ya, berita tentang usulan pemilihan gubernur, bupati, dan walikota melalui DPRD memang benar ada. Presiden Prabowo mendukungnya untuk menghemat biaya, didorong Golkar dan Gerindra. Namun, ini masih usulan dan dikritik sebagai kemunduran demokrasi oleh oposisi seperti PDI-P dan","","0","",,,,,"false"
"0","","Tue Dec 30 04:34:48 +0000 2025",,,,,,,,,,,,,,,,"","false","true","false","","0",,,,,,,,,,,,,,,,,,,,,,,,,,,,,,,,,,,,"2005859649854042389","0","0","Tue Dec 30 04:34:48 +0000 2025",,"0",,,,,,,,,,,,,,,,"PortalTuban","2005859649854042389","1940612240513880064",,,,,,,,,,,,,,,,,,,,,,,,,,,,,,,,,,,,,,,,,,,,,,,,,,,,,,,,,,,,,,,,,,,,,,,,,,,,,,,,,,,,,,,,,,,,,,,,,,,,,,,,,,,,,,,,"2005859649854042389","0",,"1","0","0","Pada 2015 lalu, menurut dia, dana hibah dari APBD untuk pelaksanaan pilkada hampir Rp7 triliun. 

Nominalnya terus mengalami kenaikan dalam jumlah yang tidak sedikit, hingga pada 2024, dana hibah dari APBD untuk pelaksanaan pilkada lebih dari Rp37 triliun.","2005860097243705799",,,,,"1940612240513880064","false","true","Thu Jul 03 03:23:38 +0000 2025","true","false","",,,,,,,,,,,,,,,,,,,,,"0","39","16","1","false","false","0","","409","Portal Tuban","16",,"false","https://pbs.twimg.com/profile_banners/1940612240513880064/1751673824","https://pbs.twimg.com/profile_images/2002258704507576320/IECnA8m7_normal.jpg","","PortalTuban","919","none",,"false",,"false","","","1","","Pada 2015 lalu, menurut dia, dana hibah dari APBD untuk pelaksanaan pilkada hampir Rp7 triliun. 

Nominalnya terus mengalami kenaikan dalam jumlah yang tidak sedikit, hingga pada 2024, dana hibah dari APBD untuk pelaksanaan pilkada lebih dari Rp37 triliun.","","0","",,,,,"false"
"0","","Tue Dec 30 04:34:57 +0000 2025",,,,,,,,,,,,,,,,"","false","true","false","","0",,,,,,,,,,,,,,,,,,,,,,,,,,,,,,,,,,,,"2005859649854042389","0","0","Tue Dec 30 04:34:57 +0000 2025",,"0",,,,,,,,,,,,,,,,"PortalTuban","2005860097243705799","1940612240513880064",,,,,,,,,,,,,,,,,,,,,,,,,,,,,,,,,,,,,,,,,,,,,,,,,,,,,,,,,,,,,,,,,,,,,,,,,,,,,,,,,,,,,,,,,,,,,,,,,,,,,,,,,,,,,,,,"2005859649854042389","0",,"1","0","0","""Itu merupakan jumlah yang bisa digunakan untuk hal-hal lain yang sifatnya lebih produktif, upaya-upaya peningkatan kesejahteraan dan ekonomi rakyat. Saya kira ini adalah sesuatu yang perlu kita pertimbangkan,"" kata dia.","2005860133033607489",,,,,"1940612240513880064","false","true","Thu Jul 03 03:23:38 +0000 2025","true","false","",,,,,,,,,,,,,,,,,,,,,"0","39","16","1","false","false","0","","409","Portal Tuban","16",,"false","https://pbs.twimg.com/profile_banners/1940612240513880064/1751673824","https://pbs.twimg.com/profile_images/2002258704507576320/IECnA8m7_normal.jpg","","PortalTuban","919","none",,"false",,"false","","","1","","""Itu merupakan jumlah yang bisa digunakan untuk hal-hal lain yang sifatnya lebih produktif, upaya-upaya peningkatan kesejahteraan dan ekonomi rakyat. Saya kira ini adalah sesuatu yang perlu kita pertimbangkan,"" kata dia.","","0","",,,,,"false"
"0","","Tue Dec 30 04:35:04 +0000 2025","235","247","PortalTuban",,,,,,,,,,,,,"","false","true","false","","0",,,,,,,,,,,,,,,,,,,,,,,,,,,,,,,,,,,,"2005859649854042389","0","0","Tue Dec 30 04:35:04 +0000 2025",,"0","235","247","PortalTuban",,,,,,,,,,,,,"PortalTuban","2005860133033607489","1940612240513880064",,,,,,,,,,,,,,,,,,,,,,,,,,,,,,,,,,,,,,,,,,,,,,,,,,,,,,,,,,,,,,,,,,,,,,,,,,,,,,,,,,,,,,,,,,,,,,,,,,,,,,,,,,,,,,,,"2005859649854042389","0",,"0","0","0","Begitu pun dengan ongkos politik yang dibutuhkan calon kepala daerah selama ini. Dia menilai ongkos politik cenderung mahal, bahkan kerap kali jadi hambatan bagi sosok yang kompeten untuk menjadi kepala daerah.

Sumber: Suara Surabaya
#PortalTuban","2005860162590978555",,,,,"1940612240513880064","false","true","Thu Jul 03 03:23:38 +0000 2025","true","false","",,,,,,,,,,,,,,,,,,,,,"0","39","16","1","false","false","0","","409","Portal Tuban","16",,"false","https://pbs.twimg.com/profile_banners/1940612240513880064/1751673824","https://pbs.twimg.com/profile_images/2002258704507576320/IECnA8m7_normal.jpg","","PortalTuban","919","none",,"false",,"false","","","0","","Begitu pun dengan ongkos politik yang dibutuhkan calon kepala daerah selama ini. Dia menilai ongkos politik cenderung mahal, bahkan kerap kali jadi hambatan bagi sosok yang kompeten untuk menjadi kepala daerah.

Sumber: Suara Surabaya
#PortalTuban","","0","",,,,,"false"
"0","","Tue Dec 30 01:17:05 +0000 2025",,,,,,,,,,,,,,,,"","false","true","false","","28","214159664","0","15","Satyam Eva Jayate!!!","PaltiHutabarat",,,,,,,,,,,,,,,,,,,,,,,,,,,,,,,"2005810337938026663","0","1","Tue Dec 30 01:17:05 +0000 2025",,"28",,,,,,,,,,,,,,,,"PaltiHutabarat","2005654120901017915","214159664",,,,,,,,,,,,,,,,,,,,,,,,,,,,,,,,,,,,,,,,,,,,,,,,,,,,,,,,,,,,,,,,,,,,,,,,,,,,,"214159664","0","15","Satyam Eva Jayate!!!","PaltiHutabarat",,,,,,,,,,,,,,,,,,,,,,,,,,,,,,,"2005810337938026663","0",,"0","0","1","@PaltiHutabarat Pemilihan Kepala Daerah tingkat Kota / Kabupaten terbaik tetap pemilihan langsung oleh rakyat.
Untuk Pemilihan Gubernur, dipilih oleh DPRD Propinsi.

2 model tsb paling sesuai dgn semangat otonomi satu sisi, 
 dan sisi lain  Pemerintah Propinsi sbg perpanjangan tangan Pemerintah","2005810337938026663",,,,,"170171658","true","false","Sat Jul 24 03:20:54 +0000 2010","true","false","Walikota Yogyakarta 2001-2011; Pembina BW UII; BPH UAD;  Founder Margaria Grup; BHACA AWARD 2010.
 #Urip Iku Tansah Urup",,,,,,,,,,,,,,,,,,,,,"0","7603","33785","726","true","false","56","Kota Jogja,DIY,Indonesia","1705","kang herry z","33785",,"false","https://pbs.twimg.com/profile_banners/170171658/1407313331","https://pbs.twimg.com/profile_images/1304308179006701575/CJCgCqpA_normal.jpg","","herry_zudianto","27820","none",,"false",,"false","","","0","","@PaltiHutabarat Pemilihan Kepala Daerah tingkat Kota / Kabupaten terbaik tetap pemilihan langsung oleh rakyat.
Untuk Pemilihan Gubernur, dipilih oleh DPRD Propinsi.

2 model tsb paling sesuai dgn semangat otonomi satu sisi, 
 dan sisi lain  Pemerintah Propinsi sbg perpanjangan tangan Pemerintah","","1","",,,,,"false"
"0","","Sat Dec 20 10:55:38 +0000 2025",,,,,,,,,,,,,,,,"","false","true","false","","6","23343960","0","10","Kompas.com","kompascom",,,,,,,,,,,,,,,,,,,,,,,,,,,,,,,"2002186340750987396","0","0","Sat Dec 20 10:55:38 +0000 2025",,"6",,,,,,,,,,,,,,,,"kompascom","2002186340750987396","23343960",,,,,,,,,,,,,,,,,,,,,,,,,,,,,,,,,,,,,,,,,,,,,,,,,,,,,,,,,,,,,,,,,,,,,,,,,,,,,"23343960","0","10","Kompas.com","kompascom",,,,,,,,,,,,,,,,,,,,,,,,,,,,,,,"2002186340750987396","0",,"0","0","0","@kompascom Mengokohkan NKRI ke depan. Saya setuju","2002332055594770922",,,,,"1951685486","true","false","Thu Oct 10 12:57:35 +0000 2013","true","false","Mudir Ma'had Aly Raudhatul Muhibbin Bogor, Mengajar Tasawuf, Menulis Kitab, Tafsir dan Buku seputar Tasawuf, CEO Cahaya Sufi Mag. https://t.co/hqHBdg5Vjh.","Sufinews.com","http://Sufinews.com","130","153","https://t.co/hqHBdg5Vjh",,,,,,,,,,,"youtube.com/channel/UCHBAc…","https://www.youtube.com/channel/UCHBAczsk2mvwCIgRGei7r_w","0","23","https://t.co/PDSTgP5BeC","0","16417","193343","198","true","false","127","Bogor, Jawa Barat, Indonesia","2767","KHM.Luqman Hakim, Ph D","193343","1890939035499045207","false","https://pbs.twimg.com/profile_banners/1951685486/1591064691","https://pbs.twimg.com/profile_images/1516754955712942084/B569rXub_normal.jpg","","KHMLuqman","17332","none","https://t.co/PDSTgP5BeC","false",,"false","","","0","","@kompascom Mengokohkan NKRI ke depan. Saya setuju","","0","",,,,,"false"
"0","","Sat Dec 20 03:22:23 +0000 2025",,,,,,,,,,,,,,,,"","false","true","false","","4","23343960","0","10","Kompas.com","kompascom",,,,,,,,,,,,,,,,,,,,,,,,,,,,,,,"2002186340750987396","0","0","Sat Dec 20 03:22:23 +0000 2025",,"4",,,,,,,,,,,,,,,,"kompascom","2002186340750987396","23343960",,,,,,,,,,,,,,,,,,,,,,,,,,,,,,,,,,,,,,,,,,,,,,,,,,,,,,,,,,,,,,,,,,,,,,,,,,,,,"23343960","0","10","Kompas.com","kompascom",,,,,,,,,,,,,,,,,,,,,,,,,,,,,,,"2002186340750987396","0",,"0","0","0","@kompascom Pemilahan langsung aja belum menjamin dapat kepala daerah yang bagus, sekarang dipilih sama presiden dan dewan yang penuh dengan birokrasi busuk dan sistem hukum cacat? Tolol kalo saya boleh bilang!","2002217991161983085",,,,,"1365728965940273155","false","false","Sat Feb 27 18:23:04 +0000 2021","true","false","Kepuasan pribadi",,,,,,,,,,,,,,,,,,,,,"0","155","1","93","false","false","0","","1","Verm2025","1",,"false","https://pbs.twimg.com/profile_banners/1365728965940273155/1627778155","https://pbs.twimg.com/profile_images/1401562661398016002/l7p8bDGw_normal.jpg","","AdiPray19078582","386","none",,"false",,"false","","","0","","@kompascom Pemilahan langsung aja belum menjamin dapat kepala daerah yang bagus, sekarang dipilih sama presiden dan dewan yang penuh dengan birokrasi busuk dan sistem hukum cacat? Tolol kalo saya boleh bilang!","","0","",,,,,"false"
"0","","Sat Dec 20 01:27:28 +0000 2025",,,,,,,,,,,,,,,,"","false","true","false","","3","23343960","0","10","Kompas.com","kompascom",,,,,,,,,,,,,,,,,,,,,,,,,,,,,,,"2002186340750987396","0","0","Sat Dec 20 01:27:28 +0000 2025",,"3",,,,,,,,,,,,,,,,"kompascom","2002186340750987396","23343960",,,,,,,,,,,,,,,,,,,,,,,,,,,,,,,,,,,,,,,,,,,,,,,,,,,,,,,,,,,,,,,,,,,,,,,,,,,,,"23343960","0","10","Kompas.com","kompascom",,,,,,,,,,,,,,,,,,,,,,,,,,,,,,,"2002186340750987396","0",,"0","0","0","@kompascom Skrg aja gub dipilih rakyat gak punya kuasa menghambat rusaknya lingkungan di daerah akibat eksploitasi SDA di daerah ditetapkan di pusat","2002189073197506622",,,,,"1647571685036654593","false","true","Sun Apr 16 12:05:24 +0000 2023","true","false","",,,,,,,,,,,,,,,,,,,,,"0","10095","82","78","false","false","0","","293","Jaya Manula","82",,"false","https://pbs.twimg.com/profile_banners/1647571685036654593/1682151404","https://pbs.twimg.com/profile_images/1649689080744284160/aa0FKWPH_normal.jpg","","JayaManula","12258","none",,"false",,"false","","","0","","@kompascom Skrg aja gub dipilih rakyat gak punya kuasa menghambat rusaknya lingkungan di daerah akibat eksploitasi SDA di daerah ditetapkan di pusat","","0","",,,,,"false"
"0","","Sat Dec 20 02:55:49 +0000 2025",,,,,,,,,,,,,,,,"","false","true","false","","2","23343960","0","10","Kompas.com","kompascom",,,,,,,,,,,,,,,,,,,,,,,,,,,,,,,"2002186340750987396","0","1","Sat Dec 20 02:55:49 +0000 2025",,"2",,,,,,,,,,,,,,,,"kompascom","2002186340750987396","23343960","pic.x.com/1GNv2QduTM","https://x.com/fajriramli137/status/2002211306116690389/video/1","1024","video","https://pbs.twimg.com/ext_tw_video_thumb/2002211265112895488/pu/img/GEGdc4PfGGfhf-iw.jpg","94598","0","application/x-mpegURL","https://video.twimg.com/ext_tw_video/2002211265112895488/pu/pl/Zi3bYx7NcyuBsBv7.m3u8?tag=12","632000","video/mp4","https://video.twimg.com/ext_tw_video/2002211265112895488/pu/vid/avc1/320x568/RoMgv0MQwnQXTGv0.mp4?tag=12","950000","video/mp4","https://video.twimg.com/ext_tw_video/2002211265112895488/pu/vid/avc1/480x852/oAhtQ9oz0_w7uoPc.mp4?tag=12","2176000","video/mp4","https://video.twimg.com/ext_tw_video/2002211265112895488/pu/vid/avc1/576x1024/nR23jHUvP9uifSPr.mp4?tag=12","576","pic.x.com/1GNv2QduTM","https://x.com/fajriramli137/status/2002211306116690389/video/1","1350","photo","https://pbs.twimg.com/media/G8lIijkWkAAMkKK.jpg",,,,,,,,,,,,,,"1080",,,,,,,,,,,,,,,,,,,,,,,,,,,,,,,,,,,,,,,"23343960","0","10","Kompas.com","kompascom",,,,,,,,,,,,,,,,,,,,,,,,,,,,,,,"2002186340750987396","0",,"0","0","0","@kompascom Mbok berpikir tuh jgn mundur, ktanya hrs optimis memandang kedepan, yg begundal2 pejabat (bkn penjahat lho ya) bersama berpikir bagaimana memajukan bangsa dan negara, jgn jelas2 ga patut ttep dilkukan itu yg bikin rusak, pemilihan hanya sistem tp bagaimana dg ORANGNYA??? https://t.co/1GNv2QduTM","2002211306116690389",,,,,"712554618023186432","true","false","Wed Mar 23 08:20:34 +0000 2016","true","false","",,,,,,,,,,,,,,,,,,,,,"0","879","141","285","true","false","1","cirebon","1773","Fajri Ramli","141",,"false",,"https://pbs.twimg.com/profile_images/712557493960871936/DjYW3N_m_normal.jpg","","fajriramli137","6002","none",,"false",,"false","","","0","","@kompascom Mbok berpikir tuh jgn mundur, ktanya hrs optimis memandang kedepan, yg begundal2 pejabat (bkn penjahat lho ya) bersama berpikir bagaimana memajukan bangsa dan negara, jgn jelas2 ga patut ttep dilkukan itu yg bikin rusak, pemilihan hanya sistem tp bagaimana dg ORANGNYA??? https://t.co/1GNv2QduTM","","0","",,,,,"false"
"0","","Sat Dec 20 03:11:09 +0000 2025",,,,,,,,,,,,,,,,"","false","true","false","","1","23343960","0","10","Kompas.com","kompascom",,,,,,,,,,,,,,,,,,,,,,,,,,,,,,,"2002186340750987396","0","0","Sat Dec 20 03:11:09 +0000 2025",,"1",,,,,,,,,,,,,,,,"kompascom","2002186340750987396","23343960",,,,,,,,,,,,,,,,,,,,,,,,,,,,,,,,,,,,,,,,,,,,,,,,,,,,,,,,,,,,,,,,,,,,,,,,,,,,,"23343960","0","10","Kompas.com","kompascom",,,,,,,,,,,,,,,,,,,,,,,,,,,,,,,"2002186340750987396","0",,"0","0","0","@kompascom Elu mw jadi orang pertama yg di Nepalkan?","2002215165518021099",,,,,"31662081","true","false","Thu Apr 16 05:42:30 +0000 2009","false","false","Bianconerri grinta personified ♠️⚪🔲🔳",,,,,,,,,,,,,,,,,,,,,"0","44141","309","2605","true","false","8","","1325","phoenix8","309",,"false","https://pbs.twimg.com/profile_banners/31662081/1767622615","https://pbs.twimg.com/profile_images/2008180919526711296/Xm9q5ajL_normal.jpg","","andy__1983","32159","none",,"false",,"false","","","0","","@kompascom Elu mw jadi orang pertama yg di Nepalkan?","","0","",,,,,"false"
"0","","Sat Dec 20 03:34:02 +0000 2025",,,,,,,,,,,,,,,,"","false","true","false","","1","23343960","0","10","Kompas.com","kompascom",,,,,,,,,,,,,,,,,,,,,,,,,,,,,,,"2002186340750987396","0","0","Sat Dec 20 03:34:02 +0000 2025",,"1",,,,,,,,,,,,,,,,"kompascom","2002186340750987396","23343960",,,,,,,,,,,,,,,,,,,,,,,,,,,,,,,,,,,,,,,,,,,,,,,,,,,,,,,,,,,,,,,,,,,,,,,,,,,,,"23343960","0","10","Kompas.com","kompascom",,,,,,,,,,,,,,,,,,,,,,,,,,,,,,,"2002186340750987396","0",,"0","0","0","@kompascom Sejak gabung ke pemerintah jadi tolol si paimin","2002220925614530992",,,,,"1256207282636906497","false","true","Fri May 01 13:03:24 +0000 2020","true","false","anti Celeng",,,,,,,,,,,,,,,,,,,,,"0","6860","12496","1704","true","false","17","","9764","L E O N","12496",,"false","https://pbs.twimg.com/profile_banners/1256207282636906497/1726845738","https://pbs.twimg.com/profile_images/1972330957752737792/OuDKn_6k_normal.jpg","","LokalPendaki","19885","none",,"false",,"false","","","0","","@kompascom Sejak gabung ke pemerintah jadi tolol si paimin","","0","",,,,,"false"
"0","","Sat Dec 20 05:25:25 +0000 2025",,,,,,,,,,,,,,,,"","false","true","false","","1","23343960","0","10","Kompas.com","kompascom",,,,,,,,,,,,,,,,,,,,,,,,,,,,,,,"2002186340750987396","0","0","Sat Dec 20 05:25:25 +0000 2025",,"1",,,,,,,,,,,,,,,,"kompascom","2002186340750987396","23343960",,,,,,,,,,,,,,,,,,,,,,,,,,,,,,,,,,,,,,,,,,,,,,,,,,,,,,,,,,,,,,,,,,,,,,,,,,,,,"23343960","0","10","Kompas.com","kompascom",,,,,,,,,,,,,,,,,,,,,,,,,,,,,,,"2002186340750987396","0",,"0","0","0","@kompascom Yg jd mslh itu kampanye2an. Larang aja kampanye politik, itu tempat transaksi2 kekuasaan titipan.

Calon2 suruh debat aja 10x keliling, tempatnya mereka sepakati, dan hrs didokumentasiin. Ada yg kampanye lgsg diskualifikasi, KPU macem2, nepalin. Kita cari pemimpin otak.","2002248953644163480",,,,,"1615994105133412352","false","true","Thu Jan 19 08:46:50 +0000 2023","true","false","",,,,,,,,,,,,,,,,,,,,,"0","41205","203","724","true","false","1","Earth","65","loopless","203","1844528503385096671","false","https://pbs.twimg.com/profile_banners/1615994105133412352/1711117905","https://pbs.twimg.com/profile_images/1623534178280304641/D-kXzoEf_normal.jpg","","loopseey","33399","none",,"false",,"false","","","0","","@kompascom Yg jd mslh itu kampanye2an. Larang aja kampanye politik, itu tempat transaksi2 kekuasaan titipan.

Calon2 suruh debat aja 10x keliling, tempatnya mereka sepakati, dan hrs didokumentasiin. Ada yg kampanye lgsg diskualifikasi, KPU macem2, nepalin. Kita cari pemimpin otak.","","0","",,,,,"false"
"0","","Sat Dec 20 03:26:30 +0000 2025",,,,,,,,,,,,,,,,"","false","true","false","","1","23343960","0","10","Kompas.com","kompascom",,,,,,,,,,,,,,,,,,,,,,,,,,,,,,,"2002186340750987396","0","0","Sat Dec 20 03:26:30 +0000 2025",,"1",,,,,,,,,,,,,,,,"kompascom","2002186340750987396","23343960",,,,,,,,,,,,,,,,,,,,,,,,,,,,,,,,,,,,,,,,,,,,,,,,,,,,,,,,,,,,,,,,,,,,,,,,,,,,,"23343960","0","10","Kompas.com","kompascom",,,,,,,,,,,,,,,,,,,,,,,,,,,,,,,"2002186340750987396","0",,"0","0","0","@kompascom Saatnya rakyat indonesia siap2... Ini sudah melenceng jauh dan balik lagi ke jaman ORBA","2002219027079516558",,,,,"1560166829569765376","false","true","Thu Aug 18 07:29:07 +0000 2022","true","false","",,,,,,,,,,,,,,,,,,,,,"0","152","112","426","true","false","1","","391","agnosticjack","112","1870084444373299691","false",,"https://pbs.twimg.com/profile_images/1560520244426203136/TRIukAZh_normal.jpg","","agnosticjack","18408","none",,"false",,"false","","","0","","@kompascom Saatnya rakyat indonesia siap2... Ini sudah melenceng jauh dan balik lagi ke jaman ORBA","","0","",,,,,"false"
"0","","Sat Dec 20 04:52:47 +0000 2025",,,,,,,,,,,,,,,,"","false","true","false","","1","23343960","0","10","Kompas.com","kompascom",,,,,,,,,,,,,,,,,,,,,,,,,,,,,,,"2002186340750987396","0","0","Sat Dec 20 04:52:47 +0000 2025",,"1",,,,,,,,,,,,,,,,"kompascom","2002186340750987396","23343960","pic.x.com/TLPymDBNT9","https://x.com/Irsyad_A_Malaba/status/2002240742195147001/photo/1","1080","photo","https://pbs.twimg.com/media/G8ljV_xaMAAbOv3.jpg",,,,,,,,,,,,,,"1080",,,,,,,,,,,,,,,,,,,,,,,,,,,,,,,,,,,,,,,,,,,,,,,,,,,,,,,,,,"23343960","0","10","Kompas.com","kompascom",,,,,,,,,,,,,,,,,,,,,,,,,,,,,,,"2002186340750987396","0",,"0","0","0","@kompascom https://t.co/TLPymDBNT9","2002240742195147001",,,,,"1245915766139916298","false","false","Fri Apr 03 03:27:40 +0000 2020","true","false","Notaris | PPAT | Legal Drafter | Interest in Visual Art & Graphic Design | Kota Palu - Sulawesi Tengah  🔥🔥",,,,,,,,,,,,,,,,,,,,,"0","1355","90","504","false","false","0","","972","𝙄𝙍𝙎𝙔𝘼𝘿𝙐𝙇 𝘼𝙉𝘼𝙈 𝙈𝘼𝙇𝘼𝘽𝘼","90",,"false","https://pbs.twimg.com/profile_banners/1245915766139916298/1590997056","https://pbs.twimg.com/profile_images/1967331050172129280/xD1zke36_normal.jpg","","Irsyad_A_Malaba","998","none",,"false",,"false","","","0","","@kompascom https://t.co/TLPymDBNT9","","0","",,,,,"false"
"0","","Sat Dec 20 03:32:51 +0000 2025",,,,,,,,,,,,,,,,"","false","true","false","","1","23343960","0","10","Kompas.com","kompascom",,,,,,,,,,,,,,,,,,,,,,,,,,,,,,,"2002186340750987396","0","0","Sat Dec 20 03:32:51 +0000 2025",,"1",,,,,,,,,,,,,,,,"kompascom","2002186340750987396","23343960",,,,,,,,,,,,,,,,,,,,,,,,,,,,,,,,,,,,,,,,,,,,,,,,,,,,,,,,,,,,,,,,,,,,,,,,,,,,,"23343960","0","10","Kompas.com","kompascom",,,,,,,,,,,,,,,,,,,,,,,,,,,,,,,"2002186340750987396","0",,"0","0","0","@kompascom Rakyat milih dprd? Kalo nanti rakyat gak ada yang milih dprd  gimana dung?","2002220628171194839",,,,,"28366523","true","true","Thu Apr 02 16:19:19 +0000 2009","true","false","Being a great man must have a hard struggle...",,,,,,,,,,,,,,,,,,,,,"0","376","135","246","false","false","0","ÜT: -6.2456113,107.022506","12","rezA","135",,"false",,"https://pbs.twimg.com/profile_images/2018471007/Mama_Ayah_Cha_normal.jpg","","morey_pls","516","none",,"false",,"false","","","0","","@kompascom Rakyat milih dprd? Kalo nanti rakyat gak ada yang milih dprd  gimana dung?","","0","",,,,,"false"
"0","","Sat Dec 20 03:49:45 +0000 2025",,,,,,,,,,,,,,,,"","false","true","false","","1","23343960","0","10","Kompas.com","kompascom",,,,,,,,,,,,,,,,,,,,,,,,,,,,,,,"2002186340750987396","0","0","Sat Dec 20 03:49:45 +0000 2025",,"1",,,,,,,,,,,,,,,,"kompascom","2002186340750987396","23343960",,,,,,,,,,,,,,,,,,,,,,,,,,,,,,,,,,,,,,,,,,,,,,,,,,,,,,,,,,,,,,,,,,,,,,,,,,,,,"23343960","0","10","Kompas.com","kompascom",,,,,,,,,,,,,,,,,,,,,,,,,,,,,,,"2002186340750987396","0",,"1","0","0","@kompascom Apapun caranya, Gubernur adlh Pembantu Presiden, dgn statusnya sbg Kepala Pemerintahan Daerah.

Nah, sbg Kepala Daerah ini yg perlu diberi HAK VETO utk menolak kebijakan Presiden yg menyangkut Daerahnya. dan HAK VETO utk memberi izin di Daerahnya. KEMEN hny bikin regulasi.","2002224880436289903",,,,,"1475476928521859076","false","false","Mon Dec 27 14:42:10 +0000 2021","true","false","fun",,,,,,,,,,,,,,,,,,,,,"0","12","10","26","false","false","0","","0","印尼 dibo neio","10",,"false",,"https://pbs.twimg.com/profile_images/1475477626672189440/rhKpqd-G_normal.jpg","","DiboNeio","1102","none",,"false",,"false","","","1","","@kompascom Apapun caranya, Gubernur adlh Pembantu Presiden, dgn statusnya sbg Kepala Pemerintahan Daerah.

Nah, sbg Kepala Daerah ini yg perlu diberi HAK VETO utk menolak kebijakan Presiden yg menyangkut Daerahnya. dan HAK VETO utk memberi izin di Daerahnya. KEMEN hny bikin regulasi.","","0","",,,,,"false"
"0","","Sat Dec 20 02:01:58 +0000 2025",,,,,,,,,,,,,,,,"","false","true","false","","1","23343960","0","10","Kompas.com","kompascom",,,,,,,,,,,,,,,,,,,,,,,,,,,,,,,"2002186340750987396","0","0","Sat Dec 20 02:01:58 +0000 2025",,"1",,,,,,,,,,,,,,,,"kompascom","2002186340750987396","23343960",,,,,,,,,,,,,,,,,,,,,,,,,,,,,,,,,,,,,,,,,,,,,,,,,,,,,,,,,,,,,,,,,,,,,,,,,,,,,"23343960","0","10","Kompas.com","kompascom",,,,,,,,,,,,,,,,,,,,,,,,,,,,,,,"2002186340750987396","0",,"0","0","0","@kompascom Ndasmu min,,, kalau sudah masuk kabinet omon omon otomatis semua manusia ya jadi penjilat,,,","2002197753234141637",,,,,"1748535073664864256","false","true","Sat Jan 20 02:37:15 +0000 2024","true","false","",,,,,,,,,,,,,,,,,,,,,"0","2933","13","42","false","false","0","","2","iskafiandy","13",,"false",,"https://pbs.twimg.com/profile_images/1748551492934696960/2IckOPEV_normal.jpg","","iskafiandy5","1213","none",,"false",,"false","","","0","","@kompascom Ndasmu min,,, kalau sudah masuk kabinet omon omon otomatis semua manusia ya jadi penjilat,,,","","0","",,,,,"false"
"0","","Sat Dec 20 04:04:04 +0000 2025",,,,,,,,,,,,,,,,"","false","true","false","","0","23343960","0","10","Kompas.com","kompascom",,,,,,,,,,,,,,,,,,,,,,,,,,,,,,,"2002186340750987396","0","0","Sat Dec 20 04:04:04 +0000 2025",,"0",,,,,,,,,,,,,,,,"kompascom","2002186340750987396","23343960",,,,,,,,,,,,,,,,,,,,,,,,,,,,,,,,,,,,,,,,,,,,,,,,,,,,,,,,,,,,,,,,,,,,,,,,,,,,,"23343960","0","10","Kompas.com","kompascom",,,,,,,,,,,,,,,,,,,,,,,,,,,,,,,"2002186340750987396","0",,"0","0","0","@kompascom Wacana sentralistik tidak pernah hilang dari mereka yang harus akan kekuasaan. Biar rakyat hanya boneka alasan pengematan namun korupsi kkn jalan terusss","2002228480495530168",,,,,"1770772132609363968","false","true","Thu Mar 21 11:19:55 +0000 2024","true","false","",,,,,,,,,,,,,,,,,,,,,"0","2748","77","121","false","false","1","","405","yokohama pasput","77","2002504557583348054","false",,"https://pbs.twimg.com/profile_images/1827272422065848321/Y9-Ul3yj_normal.jpg","","PasputYoko90396","5198","none",,"false",,"false","","","0","","@kompascom Wacana sentralistik tidak pernah hilang dari mereka yang harus akan kekuasaan. Biar rakyat hanya boneka alasan pengematan namun korupsi kkn jalan terusss","","0","",,,,,"false"
"0","","Sat Dec 20 04:37:56 +0000 2025",,,,,,,,,,,,,,,,"","false","true","false","","0","23343960","0","10","Kompas.com","kompascom",,,,,,,,,,,,,,,,,,,,,,,,,,,,,,,"2002186340750987396","0","0","Sat Dec 20 04:37:56 +0000 2025",,"0",,,,,,,,,,,,,,,,"kompascom","2002186340750987396","23343960",,,,,,,,,,,,,,,,,,,,,,,,,,,,,,,,,,,,,,,,,,,,,,,,,,,,,,,,,,,,,,,,,,,,,,,,,,,,,"23343960","0","10","Kompas.com","kompascom",,,,,,,,,,,,,,,,,,,,,,,,,,,,,,,"2002186340750987396","0",,"0","0","0","@kompascom secara pelan pelan KEMBALI ke mode ORBA..","2002237003761660328",,,,,"1021678650226176001","true","false","Tue Jul 24 08:49:06 +0000 2018","true","false","lets make all things better",,,,,,,,,,,,,,,,,,,,,"0","1346","265","610","true","false","1","İstanbul, Türkiye","502","tukang sol sepatu","265",,"false","https://pbs.twimg.com/profile_banners/1021678650226176001/1584500407","https://pbs.twimg.com/profile_images/1999486698452127744/WRyAXy2h_normal.jpg","","gembelsuci","10263","none",,"false",,"false","","","0","","@kompascom secara pelan pelan KEMBALI ke mode ORBA..","","0","",,,,,"false"
"0","","Sat Dec 20 13:49:13 +0000 2025",,,,,,,,,,,,,,,,"","false","true","false","","0","23343960","0","10","Kompas.com","kompascom",,,,,,,,,,,,,,,,,,,,,,,,,,,,,,,"2002186340750987396","0","0","Sat Dec 20 13:49:13 +0000 2025",,"0",,,,,,,,,,,,,,,,"kompascom","2002186340750987396","23343960",,,,,,,,,,,,,,,,,,,,,,,,,,,,,,,,,,,,,,,,,,,,,,,,,,,,,,,,,,,,,,,,,,,,,,,,,,,,,"23343960","0","10","Kompas.com","kompascom",,,,,,,,,,,,,,,,,,,,,,,,,,,,,,,"2002186340750987396","0",,"0","0","0","@kompascom Kaya gini ini gaya komunikasi pemerintah. Ya gak salah juga kalau dirujak masyarakat.","2002375739900112988",,,,,"326959009","true","true","Thu Jun 30 19:27:41 +0000 2011","false","false","nama saya: Mirwan",,,,,,,,,,,,,,,,"mirwanaryahamdy.blogspot.com","http://mirwanaryahamdy.blogspot.com","0","23","https://t.co/BeYlbMF5p4","0","1103","545","568","true","false","2","Palu-Surabaya, Gresik.","308","Mirwan Hamdy","545",,"false","https://pbs.twimg.com/profile_banners/326959009/1458723445","https://pbs.twimg.com/profile_images/729734054359113728/So2EZn7E_normal.jpg","","mirwanaryahamdy","19930","none","https://t.co/BeYlbMF5p4","false",,"false","","","0","","@kompascom Kaya gini ini gaya komunikasi pemerintah. Ya gak salah juga kalau dirujak masyarakat.","","0","",,,,,"false"
"0","","Sat Dec 20 03:58:05 +0000 2025",,,,,,,,,,,,,,,,"","false","true","false","","0","23343960","0","10","Kompas.com","kompascom",,,,,,,,,,,,,,,,,,,,,,,,,,,,,,,"2002186340750987396","0","0","Sat Dec 20 03:58:05 +0000 2025",,"0",,,,,,,,,,,,,,,,"kompascom","2002186340750987396","23343960","pic.x.com/Al3DlZvRXo","https://x.com/Thomass90392754/status/2002226976954913090/photo/1","815","photo","https://pbs.twimg.com/media/G8lW0zTaMAAWik-.jpg",,,,,,,,,,,,,,"1080",,,,,,,,,,,,,,,,,,,,,,,,,,,,,,,,,,,,,,,,,,,,,,,,,,,,,,,,,,"23343960","0","10","Kompas.com","kompascom",,,,,,,,,,,,,,,,,,,,,,,,,,,,,,,"2002186340750987396","0",,"0","0","0","@kompascom Efek dari kesal dan kecewa para presiden terdahulu, apa yg di inginkan presiden malah di pending sama gubernurnya, seakan visi misi presiden ngga jalan.seakan negara auto pilot. https://t.co/Al3DlZvRXo","2002226976954913090",,,,,"1191387008012189699","false","false","Mon Nov 04 16:09:41 +0000 2019","true","false","Pemeran antagonis yg idealis namun skeptis.",,,,,,,,,,,,,,,,,,,,,"0","51221","2478","3388","false","false","0","","2090","Thomassen","2478","1327280123708510208","false","https://pbs.twimg.com/profile_banners/1191387008012189699/1605586426","https://pbs.twimg.com/profile_images/1301090007243845635/8i4Ta9N6_normal.jpg","","Thomass90392754","67493","none",,"false",,"false","","","0","","@kompascom Efek dari kesal dan kecewa para presiden terdahulu, apa yg di inginkan presiden malah di pending sama gubernurnya, seakan visi misi presiden ngga jalan.seakan negara auto pilot. https://t.co/Al3DlZvRXo","","0","",,,,,"false"
"0","","Sat Dec 20 09:02:01 +0000 2025",,,,,,,,,,,,,,,,"","false","true","false","","0","23343960","0","10","Kompas.com","kompascom",,,,,,,,,,,,,,,,,,,,,,,,,,,,,,,"2002186340750987396","0","0","Sat Dec 20 09:02:01 +0000 2025",,"0",,,,,,,,,,,,,,,,"kompascom","2002186340750987396","23343960",,,,,,,,,,,,,,,,,,,,,,,,,,,,,,,,,,,,,,,,,,,,,,,,,,,,,,,,,,,,,,,,,,,,,,,,,,,,,"23343960","0","10","Kompas.com","kompascom",,,,,,,,,,,,,,,,,,,,,,,,,,,,,,,"2002186340750987396","0",,"0","0","0","@kompascom Mana nih yang ""What if.. ""","2002303463758364697",,,,,"1528618615","false","true","Tue Jun 18 19:13:16 +0000 2013","false","false","Service AC-mu minimal empat bulan sekali! | 📱whatsapp chatt: 0815-6874-758",,,,,,,,,,,,,,,,,,,,,"0","39","339","161","true","false","0","Yogyakarta, Indonesia","997","Service AC Jogja","339","1950421083255164987","false","https://pbs.twimg.com/profile_banners/1528618615/1753672059","https://pbs.twimg.com/profile_images/1966444014577819648/KwtTrvWa_normal.jpg","","yogya_serviceAC","12945","none",,"false",,"false","","","0","","@kompascom Mana nih yang ""What if.. ""","","0","",,,,,"false"
"0","","Sat Dec 20 03:36:14 +0000 2025",,,,,,,,,,,,,,,,"","false","true","false","","0","23343960","0","10","Kompas.com","kompascom",,,,,,,,,,,,,,,,,,,,,,,,,,,,,,,"2002186340750987396","0","0","Sat Dec 20 03:36:14 +0000 2025",,"0",,,,,,,,,,,,,,,,"kompascom","2002186340750987396","23343960",,,,,,,,,,,,,,,,,,,,,,,,,,,,,,,,,,,,,,,,,,,,,,,,,,,,,,,,,,,,,,,,,,,,,,,,,,,,,"23343960","0","10","Kompas.com","kompascom",,,,,,,,,,,,,,,,,,,,,,,,,,,,,,,"2002186340750987396","0",,"0","0","0","@kompascom Siap2 REVOLUSI TOTAL ✊✊✊✊✊✊✊✊✊skalian d NEPALKAN pejabat anjing Kya gini","2002221478990000287",,,,,"1422070215735611392","false","false","Mon Aug 02 05:42:49 +0000 2021","true","false","Anti Mulyono Mulyono club.",,,,,,,,,,,,,,,,,,,,,"0","24945","160","204","true","false","1","","4665","amatigeni🎃🎃🎃","160",,"false","https://pbs.twimg.com/profile_banners/1422070215735611392/1645984794","https://pbs.twimg.com/profile_images/1837710771083755520/vkZ2iJda_normal.jpg","","Amal81gmailcom1","12966","none",,"false",,"false","","","0","","@kompascom Siap2 REVOLUSI TOTAL ✊✊✊✊✊✊✊✊✊skalian d NEPALKAN pejabat anjing Kya gini","","0","",,,,,"false"
"0","","Sat Dec 20 03:38:01 +0000 2025",,,,,,,,,,,,,,,,"","false","true","false","","0","23343960","0","10","Kompas.com","kompascom",,,,,,,,,,,,,,,,,,,,,,,,,,,,,,,"2002186340750987396","0","0","Sat Dec 20 03:38:01 +0000 2025",,"0",,,,,,,,,,,,,,,,"kompascom","2002186340750987396","23343960",,,,,,,,,,,,,,,,,,,,,,,,,,,,,,,,,,,,,,,,,,,,,,,,,,,,,,,,,,,,,,,,,,,,,,,,,,,,,"23343960","0","10","Kompas.com","kompascom",,,,,,,,,,,,,,,,,,,,,,,,,,,,,,,"2002186340750987396","0",,"0","0","0","@kompascom SELAMA DATANG NEO ORBA. LAKSANAKAN SILA KE IV DENGAN KONSEKUEN","2002221926052475033",,,,,"1941796336921399297","false","true","Sun Jul 06 09:49:06 +0000 2025","true","false","",,,,,,,,,,,,,,,,,,,,,"0","10","94","27","false","false","0","","1369","Rully Oedaya","94",,"false",,"https://pbs.twimg.com/profile_images/1941796541259509760/idDn_yvY_normal.jpg","","oedaya76979","3104","none",,"false",,"false","","","0","","@kompascom SELAMA DATANG NEO ORBA. LAKSANAKAN SILA KE IV DENGAN KONSEKUEN","","0","",,,,,"false"
"0","","Sat Dec 20 07:37:33 +0000 2025",,,,,,,,,,,,,,,,"","false","true","false","","0","23343960","0","10","Kompas.com","kompascom",,,,,,,,,,,,,,,,,,,,,,,,,,,,,,,"2002186340750987396","0","0","Sat Dec 20 07:37:33 +0000 2025",,"0",,,,,,,,,,,,,,,,"kompascom","2002186340750987396","23343960",,,,,,,,,,,,,,,,,,,,,,,,,,,,,,,,,,,,,,,,,,,,,,,,,,,,,,,,,,,,,,,,,,,,,,,,,,,,,"23343960","0","10","Kompas.com","kompascom",,,,,,,,,,,,,,,,,,,,,,,,,,,,,,,"2002186340750987396","0",,"0","0","0","@kompascom Baguslah Biaya Politik Murah Pusat dengan Daerah Sejalan tidak ada Janji Politik Kepala Daerah rakyat aman dan damai.","2002282207738810710",,,,,"1114870864862834689","false","false","Sun Apr 07 12:41:42 +0000 2019","true","false","Make friends from all over the world, friends are the key to success.🇮🇩",,,,,,,,,,,,,,,,,,,,,"0","7448","281","228","true","false","0","Indonesia","1669","Galuh lalenta","281","1362379293481791490","false","https://pbs.twimg.com/profile_banners/1114870864862834689/1710611663","https://pbs.twimg.com/profile_images/1754107219334119424/KqpGmG07_normal.jpg","","galuhlalenta94","21892","none",,"false",,"false","","","0","","@kompascom Baguslah Biaya Politik Murah Pusat dengan Daerah Sejalan tidak ada Janji Politik Kepala Daerah rakyat aman dan damai.","","0","",,,,,"false"
"0","","Sat Dec 20 09:25:28 +0000 2025",,,,,,,,,,,,,,,,"","false","true","false","","0","23343960","0","10","Kompas.com","kompascom",,,,,,,,,,,,,,,,,,,,,,,,,,,,,,,"2002186340750987396","0","0","Sat Dec 20 09:25:28 +0000 2025",,"0",,,,,,,,,,,,,,,,"kompascom","2002186340750987396","23343960",,,,,,,,,,,,,,,,,,,,,,,,,,,,,,,,,,,,,,,,,,,,,,,,,,,,,,,,,,,,,,,,,,,,,,,,,,,,,"23343960","0","10","Kompas.com","kompascom",,,,,,,,,,,,,,,,,,,,,,,,,,,,,,,"2002186340750987396","0",,"0","0","0","@kompascom Percuma dong ada reformasi???","2002309367081939279",,,,,"344601410","true","false","Fri Jul 29 09:15:50 +0000 2011","false","false","Bismillah : izin Jualan!!!",,,,,,,,,,,,,,,,,,,,,"0","75426","635","638","true","false","1","","3160","doso_10","635",,"false",,"https://pbs.twimg.com/profile_images/1819192977232994304/dTZrS2H9_normal.jpg","","dosopriyanto","22790","none",,"false",,"false","","","0","","@kompascom Percuma dong ada reformasi???","","0","",,,,,"false"
"0","","Sat Dec 20 04:58:17 +0000 2025",,,,,,,,,,,,,,,,"","false","true","false","","0","23343960","0","10","Kompas.com","kompascom",,,,,,,,,,,,,,,,,,,,,,,,,,,,,,,"2002186340750987396","0","0","Sat Dec 20 04:58:17 +0000 2025",,"0",,,,,,,,,,,,,,,,"kompascom","2002186340750987396","23343960",,,,,,,,,,,,,,,,,,,,,,,,,,,,,,,,,,,,,,,,,,,,,,,,,,,,,,,,,,,,,,,,,,,,,,,,,,,,,"23343960","0","10","Kompas.com","kompascom",,,,,,,,,,,,,,,,,,,,,,,,,,,,,,,"2002186340750987396","0",,"0","0","0","@kompascom Di India, Gubernur juga diangkat oleh Perdana Menteri.","2002242124901941460",,,,,"892015585231380480","false","true","Mon Jul 31 13:34:23 +0000 2017","true","false","Online media focusing on Jakarta issues",,,,,,,,,,,,,,,,"JakartaInsider.id","http://JakartaInsider.id","0","23","https://t.co/6dKGlO83b4","0","15943","2350","2016","false","false","1","Jakarta Capital Region","318","Jakarta Insider","2350","2009131931196379417","false","https://pbs.twimg.com/profile_banners/892015585231380480/1736230824","https://pbs.twimg.com/profile_images/1876514152178708480/iMsHIJRd_normal.jpg","","KasanBaret","41414","none","https://t.co/6dKGlO83b4","false",,"false","","","0","","@kompascom Di India, Gubernur juga diangkat oleh Perdana Menteri.","","0","",,,,,"false"
"0","","Sat Dec 20 04:46:52 +0000 2025",,,,,,,,,,,,,,,,"","false","true","false","","0","23343960","0","10","Kompas.com","kompascom",,,,,,,,,,,,,,,,,,,,,,,,,,,,,,,"2002186340750987396","0","0","Sat Dec 20 04:46:52 +0000 2025",,"0",,,,,,,,,,,,,,,,"kompascom","2002186340750987396","23343960",,,,,,,,,,,,,,,,,,,,,,,,,,,,,,,,,,,,,,,,,,,,,,,,,,,,,,,,,,,,,,,,,,,,,,,,,,,,,"23343960","0","10","Kompas.com","kompascom",,,,,,,,,,,,,,,,,,,,,,,,,,,,,,,"2002186340750987396","0",,"0","0","0","@kompascom Anjing penjilat ini senengnya aneh2...","2002239254840357156",,,,,"920096674227281920","false","false","Tue Oct 17 01:18:36 +0000 2017","true","false","God is good... 
urip kuwi kudu urup",,,,,,,,,,,,,,,,,,,,,"0","2252","305","420","true","false","0","Indonesia","356","Gunawan","305",,"false","https://pbs.twimg.com/profile_banners/920096674227281920/1544660199","https://pbs.twimg.com/profile_images/1933135915519729664/ApWsuCBn_normal.jpg","","Gunawan53722139","18114","none",,"false",,"false","","","0","","@kompascom Anjing penjilat ini senengnya aneh2...","","0","",,,,,"false"
"0","","Sat Dec 20 04:07:06 +0000 2025",,,,,,,,,,,,,,,,"","false","true","false","","0","23343960","0","10","Kompas.com","kompascom",,,,,,,,,,,,,,,,,,,,,,,,,,,,,,,"2002186340750987396","0","0","Sat Dec 20 04:07:06 +0000 2025",,"0",,,,,,,,,,,,,,,,"kompascom","2002186340750987396","23343960",,,,,,,,,,,,,,,,,,,,,,,,,,,,,,,,,,,,,,,,,,,,,,,,,,,,,,,,,,,,,,,,,,,,,,,,,,,,,"23343960","0","10","Kompas.com","kompascom",,,,,,,,,,,,,,,,,,,,,,,,,,,,,,,"2002186340750987396","0",,"0","0","0","@kompascom Mau mengurangi porsi kontribusi rakyat dalam kontestasi politik nih ya..","2002229246979395901",,,,,"1748154067388633089","false","true","Fri Jan 19 01:23:21 +0000 2024","true","false","",,,,,,,,,,,,,,,,,,,,,"0","79704","119","187","false","false","0","","9","infinity_bless","119",,"false",,"https://pbs.twimg.com/profile_images/1983747119451406336/-fVcUHhW_normal.jpg","","zinzang69","24708","none",,"false",,"false","","","0","","@kompascom Mau mengurangi porsi kontribusi rakyat dalam kontestasi politik nih ya..","","0","",,,,,"false"
"0","","Sat Dec 20 04:18:14 +0000 2025",,,,,,,,,,,,,,,,"","false","true","false","","0","23343960","0","10","Kompas.com","kompascom",,,,,,,,,,,,,,,,,,,,,,,,,,,,,,,"2002186340750987396","0","0","Sat Dec 20 04:18:14 +0000 2025",,"0",,,,,,,,,,,,,,,,"kompascom","2002186340750987396","23343960",,,,,,,,,,,,,,,,,,,,,,,,,,,,,,,,,,,,,,,,,,,,,,,,,,,,,,,,,,,,,,,,,,,,,,,,,,,,,"23343960","0","10","Kompas.com","kompascom",,,,,,,,,,,,,,,,,,,,,,,,,,,,,,,"2002186340750987396","0",,"0","0","0","@kompascom Totalitarisme sedang merangkak mengkudeta secara perlahan utk membunuh tujuan reformasi memakan korban jiwa yg tdk sedikit.","2002232049131008020",,,,,"1926149302629314560","false","true","Sat May 24 05:33:28 +0000 2025","true","false","",,,,,,,,,,,,,,,,,,,,,"0","468","19","74","false","false","0","","544","mangkuthok","19",,"false",,"https://pbs.twimg.com/profile_images/1926152852352704512/ld_XCTWy_normal.jpg","","Mangkuthok","3513","none",,"false",,"false","","","0","","@kompascom Totalitarisme sedang merangkak mengkudeta secara perlahan utk membunuh tujuan reformasi memakan korban jiwa yg tdk sedikit.","","0","",,,,,"false"
"0","","Thu Oct 23 12:52:20 +0000 2025",,,,,,,,,,,,,,,,"","false","true","false","","0","99728171","0","11","feri amsari","feriamsari",,,,,,,,,,,,,,,,,,,,,,,,,,,,,,,"1981342928552518091","1","0","Thu Oct 23 12:52:20 +0000 2025",,"0",,,,,,,,,,,,,,,,"feriamsari","1981339402849964252","99728171",,,,,,,,,,,,,,,,,,,,,,,,,,,,,,,,,,,,,,,,,,,,,,,,,,,,,,,,,,,,,,,,,,,,,,,,,,,,,"99728171","0","11","feri amsari","feriamsari",,,,,,,,,,,,,,,,,,,,,,,,,,,,,,,"1981342928552518091","1",,"1","0","0","@feriamsari peran KPU semakin berkurang karena hanya mengurus pemilihan DPR, DPRD, dan DPD. lantas untuk bupati/walikota/gubernur juga dipilih oleh DPRD atau pusat kan pak dosen?","1981342928552518091",,,,,"483438796","false","true","Sun Feb 05 01:09:45 +0000 2012","false","false","hidin’, wishin’, waitin'",,,,,,,,,,,,,,,,"line.me/R/ti/p/~wachid…","http://line.me/R/ti/p/~wachidnz","0","23","https://t.co/QMtqIHos8n","0","465","347","402","true","false","2","Semarang, Jawa Tengah","1048","wachid nur zidiq","347","1344261024673763328","false","https://pbs.twimg.com/profile_banners/483438796/1577355494","https://pbs.twimg.com/profile_images/1277630743678562310/Rs5Aw1Rf_normal.jpg","","wachidnz","45204","none","https://t.co/QMtqIHos8n","false",,"false","","","1","","@feriamsari peran KPU semakin berkurang karena hanya mengurus pemilihan DPR, DPRD, dan DPD. lantas untuk bupati/walikota/gubernur juga dipilih oleh DPRD atau pusat kan pak dosen?","","0","",,,,,"false"
"0","","Fri Oct 24 00:47:44 +0000 2025",,,,,,,,,,,,,,,,"","false","true","false","","0","483438796","0","9","wachid nur zidiq","wachidnz","99728171","10","21","feri amsari","feriamsari",,,,,,,,,,,,,,,,,,,,,,,,,,"1981342928552518091","0","0","Fri Oct 24 00:47:44 +0000 2025",,"0",,,,,,,,,,,,,,,,"wachidnz","1981342928552518091","483438796",,,,,,,,,,,,,,,,,,,,,,,,,,,,,,,,,,,,,,,,,,,,,,,,,,,,,,,,,,,,,,,,,,,,,,,,,,,,,"483438796","0","9","wachid nur zidiq","wachidnz","99728171","10","21","feri amsari","feriamsari",,,,,,,,,,,,,,,,,,,,,,,,,,"1981342928552518091","0",,"0","0","0","@wachidnz @feriamsari Gubernur, Bupati, dan Walikota tanpa kembali ke naskah awal pun sudah fleksibel, coba periksa pasal 18 ayat (4) UUD NRI 1945 yang sekarang hanya mengatakan ""..dipilih secara demokratis.” Kalau mau lewat DPRD cuma perlu ubah UU tentang Pilkada. CMIIW","1981522963552956713",,,,,"187388388","false","false","Mon Sep 06 02:38:09 +0000 2010","false","false","اهْدِنَا الصِّراطَ المُسْتَقِيمَ",,,,,,,,,,,,,,,,"metsuboujinrai.net","http://metsuboujinrai.net","0","23","https://t.co/mzBHv3IdNI","0","9957","231","96","true","false","1","","746","Is this a Spongebob reference?","231","1673615519625404416","false","https://pbs.twimg.com/profile_banners/187388388/1737688255","https://pbs.twimg.com/profile_images/1882625969015635968/bWs5rL7X_normal.jpg","","d6un","10648","none","https://t.co/mzBHv3IdNI","false",,"false","","","0","","@wachidnz @feriamsari Gubernur, Bupati, dan Walikota tanpa kembali ke naskah awal pun sudah fleksibel, coba periksa pasal 18 ayat (4) UUD NRI 1945 yang sekarang hanya mengatakan ""..dipilih secara demokratis.” Kalau mau lewat DPRD cuma perlu ubah UU tentang Pilkada. CMIIW","","0","",,,,,"false"
"0","","Mon Sep 08 08:42:32 +0000 2025",,,,,,,,,,,,,,,,"","false","true","false","","0","1233304674561753088","0","13","iii_chromatic","blue_berets7","1720665183188922368","161","166","Grok","grok",,,,,,,,,,,,,,,,,,,,,,,,,,"1964972831076409432","0","0","Mon Sep 08 08:42:32 +0000 2025",,"0",,,,,,,,,,,,,,,,"blue_berets7","1964631049822204347","1233304674561753088",,,,,,,,,,,,,,,,,,,,,,,,,,,,,,,,,,,,,,,,,,,,,,,,,,,,,,,,,,,,,,,,,,,,,,,,,,,,,"1233304674561753088","0","13","iii_chromatic","blue_berets7","1720665183188922368","161","166","Grok","grok",,,,,,,,,,,,,,,,,,,,,,,,,,"1964972831076409432","0",,"1","0","0","@blue_berets7 Gubernur di tarik pusat masuk kabinet,wakil menggantikan posisi,otomatis posisi wakil yg baru jadi kosong dan masuk itu barang.
Gitu aja gak paham @grok.","1964972610971976090",,,,,"2940114757","false","true","Tue Dec 23 00:23:37 +0000 2014","true","false","",,,,,,,,,,,,,,,,,,,,,"0","21","2","3","false","false","0","jawa tengah","0","Shobirin","2",,"false",,"https://pbs.twimg.com/profile_images/1210465591854657536/pbjTh5du_normal.jpg","","shobirin338","3","none",,"false",,"false","","","1","","@blue_berets7 Gubernur di tarik pusat masuk kabinet,wakil menggantikan posisi,otomatis posisi wakil yg baru jadi kosong dan masuk itu barang.
Gitu aja gak paham @grok.","","0","",,,,,"false"
"0","","Mon Sep 08 08:43:25 +0000 2025",,,,,,,,,,,,,,,,"","false","true","false","","0","2940114757","0","12","Shobirin","shobirin338","1233304674561753088","13","26","iii_chromatic","blue_berets7",,,,,,,,,,,,,,,,,,,,,,,,,,"1964972831076409432","0","0","Mon Sep 08 08:43:25 +0000 2025",,"0",,,,,,,,,,,,,,,,"shobirin338","1964972610971976090","2940114757",,,,,,,,,,,,,,,,,,,,,,,,,,,,,,,,,,,,,,,,,,,,,,,,,,,,,,,,,,,,,,,,,,,,,,,,,,,,,"2940114757","0","12","Shobirin","shobirin338","1233304674561753088","13","26","iii_chromatic","blue_berets7",,,,,,,,,,,,,,,,,,,,,,,,,,"1964972831076409432","0",,"0","0","0","@shobirin338 @blue_berets7 Ya, saya paham prosesnya. Menurut UU No. 23/2014, jika gubernur ditarik ke pusat (misalnya masuk kabinet), wakil gubernur naik jadi gubernur definitif. Posisi wakil gubernur kosong lalu diisi lewat pemilihan oleh DPRD dari calon yang diajukan gubernur baru. Jika istilah ""barang""","1964972831076409432",,,,,"1720665183188922368","false","true","Sat Nov 04 04:52:34 +0000 2023","true","false","https://t.co/fqNKQSiLQB
@grok it","grok.com/download","http://grok.com/download","0","23","https://t.co/fqNKQSiLQB",,,,,,,,,,,"grok.com","https://grok.com","0","23","https://t.co/BFoTHXcJ8D","0","82","7365804","3","false","false","5739","wherever you are","7494492","Grok","7365804","1955006865332638036","false","https://pbs.twimg.com/profile_banners/1720665183188922368/1740213586","https://pbs.twimg.com/profile_images/1893219113717342208/Vgg2hEPa_normal.jpg","","grok","87586728","none","https://t.co/BFoTHXcJ8D","false","Business","false","","","0","","@shobirin338 @blue_berets7 Ya, saya paham prosesnya. Menurut UU No. 23/2014, jika gubernur ditarik ke pusat (misalnya masuk kabinet), wakil gubernur naik jadi gubernur definitif. Posisi wakil gubernur kosong lalu diisi lewat pemilihan oleh DPRD dari calon yang diajukan gubernur baru. Jika istilah ""barang""","","0","",,,,,"false"
"0","","Mon Sep 01 15:16:03 +0000 2025",,,,,,,,,,,,,,,,"","false","true","false","","0",,,,,,,,,,,,,,,,,,,,,,,,,,,,,,,,,,,,"1962538353834053748","0","0","Mon Sep 01 15:16:03 +0000 2025",,"0",,,,,,,,,,,,,,,,"kebohejoreborn","1962534770560393227","1512790187449135106",,,,,,,,,,,,,,,,,,,,,,,,,,,,,,,,,,,,,,,,,,,,,,,,,,,,,,,,,,,,,,,,,,,,,,,,,,,,,,,,,,,,,,,,,,,,,,,,,,,,,,,,,,,,,,,,"1962538353834053748","0",,"1","0","0","bbrp ini alasan kenapa jawaban itu bisa muncul;","1962534926844403796",,,,,"1512790187449135106","true","true","Sat Apr 09 13:51:12 +0000 2022","true","false","pusing banget jadi warga 62",,,,,,,,,,,,,,,,,,,,,"0","17532","455","398","true","false","0","everywhere","2838","19 juta lapangan padel | kebohejoreborn","455","1966408786530447683","false","https://pbs.twimg.com/profile_banners/1512790187449135106/1655641818","https://pbs.twimg.com/profile_images/1980056253175865344/47oYgOu-_normal.jpg","","kebohejoreborn","43306","none",,"false",,"false","","","1","","bbrp ini alasan kenapa jawaban itu bisa muncul;","","0","",,,,,"false"
"0","","Mon Sep 01 15:16:26 +0000 2025",,,,,,,,,,,,,,,,"","false","true","false","","1",,,,,,,,,,,,,,,,,,,,,,,,,,,,,,,,,,,,"1962538353834053748","0","0","Mon Sep 01 15:16:26 +0000 2025",,"1",,,,,,,,,,,,,,,,"kebohejoreborn","1962534926844403796","1512790187449135106",,,,,,,,,,,,,,,,,,,,,,,,,,,,,,,,,,,,,,,,,,,,,,,,,,,,,,,,,,,,,,,,,,,,,,,,,,,,,,,,,,,,,,,,,,,,,,,,,,,,,,,,,,,,,,,,"1962538353834053748","0",,"1","0","0","pernah ga sih berfikir knp MBG, koperasi merah putih bahkan sampai Danantara bisa ter-ACC secepat kilat jadi program pemerintah padahal jelas2 itu program paling ga logis sejagat raya?","1962535025121112288",,,,,"1512790187449135106","true","true","Sat Apr 09 13:51:12 +0000 2022","true","false","pusing banget jadi warga 62",,,,,,,,,,,,,,,,,,,,,"0","17532","455","398","true","false","0","everywhere","2838","19 juta lapangan padel | kebohejoreborn","455","1966408786530447683","false","https://pbs.twimg.com/profile_banners/1512790187449135106/1655641818","https://pbs.twimg.com/profile_images/1980056253175865344/47oYgOu-_normal.jpg","","kebohejoreborn","43306","none",,"false",,"false","","","1","","pernah ga sih berfikir knp MBG, koperasi merah putih bahkan sampai Danantara bisa ter-ACC secepat kilat jadi program pemerintah padahal jelas2 itu program paling ga logis sejagat raya?","","0","",,,,,"false"
"0","","Mon Sep 01 15:16:49 +0000 2025",,,,,,,,,,,,,,,,"","false","true","false","","0",,,,,,,,,,,,,,,,,,,,,,,,,,,,,,,,,,,,"1962538353834053748","0","0","Mon Sep 01 15:16:49 +0000 2025",,"0",,,,,,,,,,,,,,,,"kebohejoreborn","1962535025121112288","1512790187449135106",,,,,,,,,,,,,,,,,,,,,,,,,,,,,,,,,,,,,,,,,,,,,,,,,,,,,,,,,,,,,,,,,,,,,,,,,,,,,,,,,,,,,,,,,,,,,,,,,,,,,,,,,,,,,,,,"1962538353834053748","0",,"1","0","0","padahal, koalisi 02 ini koalisi tergendut sepanjang sejarah pemilihan, bukan?","1962535120457617628",,,,,"1512790187449135106","true","true","Sat Apr 09 13:51:12 +0000 2022","true","false","pusing banget jadi warga 62",,,,,,,,,,,,,,,,,,,,,"0","17532","455","398","true","false","0","everywhere","2838","19 juta lapangan padel | kebohejoreborn","455","1966408786530447683","false","https://pbs.twimg.com/profile_banners/1512790187449135106/1655641818","https://pbs.twimg.com/profile_images/1980056253175865344/47oYgOu-_normal.jpg","","kebohejoreborn","43306","none",,"false",,"false","","","1","","padahal, koalisi 02 ini koalisi tergendut sepanjang sejarah pemilihan, bukan?","","0","",,,,,"false"
"0","","Mon Sep 01 15:17:08 +0000 2025",,,,,,,,,,,,,,,,"","false","true","false","","0",,,,,,,,,,,,,,,,,,,,,,,,,,,,,,,,,,,,"1962538353834053748","0","0","Mon Sep 01 15:17:08 +0000 2025",,"0",,,,,,,,,,,,,,,,"kebohejoreborn","1962535120457617628","1512790187449135106",,,,,,,,,,,,,,,,,,,,,,,,,,,,,,,,,,,,,,,,,,,,,,,,,,,,,,,,,,,,,,,,,,,,,,,,,,,,,,,,,,,,,,,,,,,,,,,,,,,,,,,,,,,,,,,,"1962538353834053748","0",,"1","0","0","semakin banyak kepala, seharusnya semakin ‘sengit’ gejolak pro-kontra di dalamnya, bukan? apalagi setelah diperhatikan, gerindra ini suaranya ga gede2 bgt loh timbang ada golkar di situ 💅🏻","1962535201642565904",,,,,"1512790187449135106","true","true","Sat Apr 09 13:51:12 +0000 2022","true","false","pusing banget jadi warga 62",,,,,,,,,,,,,,,,,,,,,"0","17532","455","398","true","false","0","everywhere","2838","19 juta lapangan padel | kebohejoreborn","455","1966408786530447683","false","https://pbs.twimg.com/profile_banners/1512790187449135106/1655641818","https://pbs.twimg.com/profile_images/1980056253175865344/47oYgOu-_normal.jpg","","kebohejoreborn","43306","none",,"false",,"false","","","1","","semakin banyak kepala, seharusnya semakin ‘sengit’ gejolak pro-kontra di dalamnya, bukan? apalagi setelah diperhatikan, gerindra ini suaranya ga gede2 bgt loh timbang ada golkar di situ 💅🏻","","0","",,,,,"false"
"0","","Mon Sep 01 15:18:19 +0000 2025",,,,,,,,,,,,,,,,"","false","true","false","","0",,,,,,,,,,,,,,,,,,,,,,,,,,,,,,,,,,,,"1962538353834053748","0","0","Mon Sep 01 15:18:19 +0000 2025",,"0",,,,,,,,,,,,,,,,"kebohejoreborn","1962535201642565904","1512790187449135106",,,,,,,,,,,,,,,,,,,,,,,,,,,,,,,,,,,,,,,,,,,,,,,,,,,,,,,,,,,,,,,,,,,,,,,,,,,,,,,,,,,,,,,,,,,,,,,,,,,,,,,,,,,,,,,,"1962538353834053748","0",,"1","0","0","entah ‘deal-deal’ an apa aja yg udah dilakukan prabowo buat tetep mewujudkan impian presiden2annya ini sampai2 koalisinya, para dpr dll setuju 😌

tidak ada makan siang gratis di dunia ini kawand 🤌","1962535496074293730",,,,,"1512790187449135106","true","true","Sat Apr 09 13:51:12 +0000 2022","true","false","pusing banget jadi warga 62",,,,,,,,,,,,,,,,,,,,,"0","17532","455","398","true","false","0","everywhere","2838","19 juta lapangan padel | kebohejoreborn","455","1966408786530447683","false","https://pbs.twimg.com/profile_banners/1512790187449135106/1655641818","https://pbs.twimg.com/profile_images/1980056253175865344/47oYgOu-_normal.jpg","","kebohejoreborn","43306","none",,"false",,"false","","","1","","entah ‘deal-deal’ an apa aja yg udah dilakukan prabowo buat tetep mewujudkan impian presiden2annya ini sampai2 koalisinya, para dpr dll setuju 😌

tidak ada makan siang gratis di dunia ini kawand 🤌","","0","",,,,,"false"
"0","","Mon Sep 01 15:19:11 +0000 2025",,,,,,,,,,,,,,,,"","false","true","false","","0",,,,,,,,,,,,,,,,,,,,,,,,,,,,,,,,,,,,"1962538353834053748","0","0","Mon Sep 01 15:19:11 +0000 2025",,"0",,,,,,,,,,,,,,,,"kebohejoreborn","1962535496074293730","1512790187449135106",,,,,,,,,,,,,,,,,,,,,,,,,,,,,,,,,,,,,,,,,,,,,,,,,,,,,,,,,,,,,,,,,,,,,,,,,,,,,,,,,,,,,,,,,,,,,,,,,,,,,,,,,,,,,,,,"1962538353834053748","0",,"1","0","0","aku yakin bgt, prabowo jg udah kesel sama banyak ‘permintaan’ partai2 (aka DPR dkk) yg udah sekoalisi sama dia. makanya terciptalah keinginan bikin asumsi publik buat ‘membenci’ DPR dg cara ini.
ditambah juga kebetulan momentumnya ini tepat, yakk, DPR berulah 🤣","1962535715159617701",,,,,"1512790187449135106","true","true","Sat Apr 09 13:51:12 +0000 2022","true","false","pusing banget jadi warga 62",,,,,,,,,,,,,,,,,,,,,"0","17532","455","398","true","false","0","everywhere","2838","19 juta lapangan padel | kebohejoreborn","455","1966408786530447683","false","https://pbs.twimg.com/profile_banners/1512790187449135106/1655641818","https://pbs.twimg.com/profile_images/1980056253175865344/47oYgOu-_normal.jpg","","kebohejoreborn","43306","none",,"false",,"false","","","1","","aku yakin bgt, prabowo jg udah kesel sama banyak ‘permintaan’ partai2 (aka DPR dkk) yg udah sekoalisi sama dia. makanya terciptalah keinginan bikin asumsi publik buat ‘membenci’ DPR dg cara ini.
ditambah juga kebetulan momentumnya ini tepat, yakk, DPR berulah 🤣","","0","",,,,,"false"
"0","","Mon Sep 01 15:19:46 +0000 2025",,,,,,,,,,,,,,,,"","false","true","false","","0",,,,,,,,,,,,,,,,,,,,,,,,,,,,,,,,,,,,"1962538353834053748","0","0","Mon Sep 01 15:19:46 +0000 2025",,"0",,,,,,,,,,,,,,,,"kebohejoreborn","1962535715159617701","1512790187449135106",,,,,,,,,,,,,,,,,,,,,,,,,,,,,,,,,,,,,,,,,,,,,,,,,,,,,,,,,,,,,,,,,,,,,,,,,,,,,,,,,,,,,,,,,,,,,,,,,,,,,,,,,,,,,,,,"1962538353834053748","0",,"1","0","0","ehh bonusnya lagi polisi pake acara lindes rakyat. makin2 lah panas. terlebih juga kan emg blio ini kutengok2 kureng suka jg ya sama polri (yg mana polri ini bisa dibilang orangnya Mulyono semua).","1962535863617048601",,,,,"1512790187449135106","true","true","Sat Apr 09 13:51:12 +0000 2022","true","false","pusing banget jadi warga 62",,,,,,,,,,,,,,,,,,,,,"0","17532","455","398","true","false","0","everywhere","2838","19 juta lapangan padel | kebohejoreborn","455","1966408786530447683","false","https://pbs.twimg.com/profile_banners/1512790187449135106/1655641818","https://pbs.twimg.com/profile_images/1980056253175865344/47oYgOu-_normal.jpg","","kebohejoreborn","43306","none",,"false",,"false","","","1","","ehh bonusnya lagi polisi pake acara lindes rakyat. makin2 lah panas. terlebih juga kan emg blio ini kutengok2 kureng suka jg ya sama polri (yg mana polri ini bisa dibilang orangnya Mulyono semua).","","0","",,,,,"false"
"0","","Mon Sep 01 15:20:22 +0000 2025",,,,,,,,,,,,,,,,"","false","true","false","","0",,,,,,,,,,,,,,,,,,,,,,,,,,,,,,,,,,,,"1962538353834053748","0","0","Mon Sep 01 15:20:22 +0000 2025",,"0",,,,,,,,,,,,,,,,"kebohejoreborn","1962535863617048601","1512790187449135106",,,,,,,,,,,,,,,,,,,,,,,,,,,,,,,,,,,,,,,,,,,,,,,,,,,,,,,,,,,,,,,,,,,,,,,,,,,,,,,,,,,,,,,,,,,,,,,,,,,,,,,,,,,,,,,,"1962538353834053748","0",,"1","0","0","ohya, flashback, btw Prabowo abis bikin 100 batalyon baru ya pemirsa, ini nnt ada hubungannya sama analisis akhirku. anjaay","1962536014607749578",,,,,"1512790187449135106","true","true","Sat Apr 09 13:51:12 +0000 2022","true","false","pusing banget jadi warga 62",,,,,,,,,,,,,,,,,,,,,"0","17532","455","398","true","false","0","everywhere","2838","19 juta lapangan padel | kebohejoreborn","455","1966408786530447683","false","https://pbs.twimg.com/profile_banners/1512790187449135106/1655641818","https://pbs.twimg.com/profile_images/1980056253175865344/47oYgOu-_normal.jpg","","kebohejoreborn","43306","none",,"false",,"false","","","1","","ohya, flashback, btw Prabowo abis bikin 100 batalyon baru ya pemirsa, ini nnt ada hubungannya sama analisis akhirku. anjaay","","0","",,,,,"false"
"0","","Mon Sep 01 15:20:48 +0000 2025",,,,,,,,,,,,,,,,"","false","true","false","","0",,,,,,,,,,,,,,,,,,,,,,,,,,,,,,,,,,,,"1962538353834053748","0","0","Mon Sep 01 15:20:48 +0000 2025",,"0",,,,,,,,,,,,,,,,"kebohejoreborn","1962536014607749578","1512790187449135106",,,,,,,,,,,,,,,,,,,,,,,,,,,,,,,,,,,,,,,,,,,,,,,,,,,,,,,,,,,,,,,,,,,,,,,,,,,,,,,,,,,,,,,,,,,,,,,,,,,,,,,,,,,,,,,,"1962538353834053748","0",,"1","0","0","Prabowo jadi pahlawan kesiangan lagi? rada kaget sih pas dia tiba2 kasih statement ttg tunjangan rumah DPR dihapuskan. loh ko wowok yg ngomong bak pahlawan? wkwk","1962536122229358796",,,,,"1512790187449135106","true","true","Sat Apr 09 13:51:12 +0000 2022","true","false","pusing banget jadi warga 62",,,,,,,,,,,,,,,,,,,,,"0","17532","455","398","true","false","0","everywhere","2838","19 juta lapangan padel | kebohejoreborn","455","1966408786530447683","false","https://pbs.twimg.com/profile_banners/1512790187449135106/1655641818","https://pbs.twimg.com/profile_images/1980056253175865344/47oYgOu-_normal.jpg","","kebohejoreborn","43306","none",,"false",,"false","","","1","","Prabowo jadi pahlawan kesiangan lagi? rada kaget sih pas dia tiba2 kasih statement ttg tunjangan rumah DPR dihapuskan. loh ko wowok yg ngomong bak pahlawan? wkwk","","0","",,,,,"false"
"0","","Mon Sep 01 15:21:10 +0000 2025",,,,,,,,,,,,,,,,"","false","true","false","","0",,,,,,,,,,,,,,,,,,,,,,,,,,,,,,,,,,,,"1962538353834053748","0","0","Mon Sep 01 15:21:10 +0000 2025",,"0",,,,,,,,,,,,,,,,"kebohejoreborn","1962536122229358796","1512790187449135106",,,,,,,,,,,,,,,,,,,,,,,,,,,,,,,,,,,,,,,,,,,,,,,,,,,,,,,,,,,,,,,,,,,,,,,,,,,,,,,,,,,,,,,,,,,,,,,,,,,,,,,,,,,,,,,,"1962538353834053748","0",,"1","0","0","setau w ini masalah rumah tangga DPR, harusnya ya diselesaikan (dipublikasikan) sama (ketua) DPR. soalnya yg kupahami.. DPR bisa cawe2 rumah tangga presiden, but presiden gabisa cawe2 rumah tangga DPR (?)","1962536215800123661",,,,,"1512790187449135106","true","true","Sat Apr 09 13:51:12 +0000 2022","true","false","pusing banget jadi warga 62",,,,,,,,,,,,,,,,,,,,,"0","17532","455","398","true","false","0","everywhere","2838","19 juta lapangan padel | kebohejoreborn","455","1966408786530447683","false","https://pbs.twimg.com/profile_banners/1512790187449135106/1655641818","https://pbs.twimg.com/profile_images/1980056253175865344/47oYgOu-_normal.jpg","","kebohejoreborn","43306","none",,"false",,"false","","","1","","setau w ini masalah rumah tangga DPR, harusnya ya diselesaikan (dipublikasikan) sama (ketua) DPR. soalnya yg kupahami.. DPR bisa cawe2 rumah tangga presiden, but presiden gabisa cawe2 rumah tangga DPR (?)","","0","",,,,,"false"
"0","","Mon Sep 01 15:21:57 +0000 2025",,,,,,,,,,,,,,,,"","false","true","false","","0",,,,,,,,,,,,,,,,,,,,,,,,,,,,,,,,,,,,"1962538353834053748","0","0","Mon Sep 01 15:21:57 +0000 2025",,"0",,,,,,,,,,,,,,,,"kebohejoreborn","1962536215800123661","1512790187449135106",,,,,,,,,,,,,,,,,,,,,,,,,,,,,,,,,,,,,,,,,,,,,,,,,,,,,,,,,,,,,,,,,,,,,,,,,,,,,,,,,,,,,,,,,,,,,,,,,,,,,,,,,,,,,,,,"1962538353834053748","0",,"1","0","0","setelah statement tersebut, mulailah sedikit mereda.. mungkin di balik layar

“udah udah rusuhnya udah, mundur mundur, statement udah terlontarkan” wkwkw","1962536411464421568",,,,,"1512790187449135106","true","true","Sat Apr 09 13:51:12 +0000 2022","true","false","pusing banget jadi warga 62",,,,,,,,,,,,,,,,,,,,,"0","17532","455","398","true","false","0","everywhere","2838","19 juta lapangan padel | kebohejoreborn","455","1966408786530447683","false","https://pbs.twimg.com/profile_banners/1512790187449135106/1655641818","https://pbs.twimg.com/profile_images/1980056253175865344/47oYgOu-_normal.jpg","","kebohejoreborn","43306","none",,"false",,"false","","","1","","setelah statement tersebut, mulailah sedikit mereda.. mungkin di balik layar

“udah udah rusuhnya udah, mundur mundur, statement udah terlontarkan” wkwkw","","0","",,,,,"false"
"0","","Mon Sep 01 15:22:30 +0000 2025",,,,,,,,,,,,,,,,"","false","true","false","","0",,,,,,,,,,,,,,,,,,,,,,,,,,,,,,,,,,,,"1962538353834053748","0","0","Mon Sep 01 15:22:30 +0000 2025",,"0",,,,,,,,,,,,,,,,"kebohejoreborn","1962536411464421568","1512790187449135106",,,,,,,,,,,,,,,,,,,,,,,,,,,,,,,,,,,,,,,,,,,,,,,,,,,,,,,,,,,,,,,,,,,,,,,,,,,,,,,,,,,,,,,,,,,,,,,,,,,,,,,,,,,,,,,,"1962538353834053748","0",,"1","0","0","yg bikin makin yakin ini terorganisir soalnya pembakaran gedung DPRD di bbrp daerah dilakukan serentak. rada unik aja sih menurutku. apalagi kalau bukan kerjaannya orang suruhan, bukan?","1962536550904054206",,,,,"1512790187449135106","true","true","Sat Apr 09 13:51:12 +0000 2022","true","false","pusing banget jadi warga 62",,,,,,,,,,,,,,,,,,,,,"0","17532","455","398","true","false","0","everywhere","2838","19 juta lapangan padel | kebohejoreborn","455","1966408786530447683","false","https://pbs.twimg.com/profile_banners/1512790187449135106/1655641818","https://pbs.twimg.com/profile_images/1980056253175865344/47oYgOu-_normal.jpg","","kebohejoreborn","43306","none",,"false",,"false","","","1","","yg bikin makin yakin ini terorganisir soalnya pembakaran gedung DPRD di bbrp daerah dilakukan serentak. rada unik aja sih menurutku. apalagi kalau bukan kerjaannya orang suruhan, bukan?","","0","",,,,,"false"
"0","","Mon Sep 01 15:23:15 +0000 2025",,,,,,,,,,,,,,,,"","false","true","false","","0",,,,,,,,,,,,,,,,,,,,,,,,,,,,,,,,,,,,"1962538353834053748","0","0","Mon Sep 01 15:23:15 +0000 2025",,"0",,,,,,,,,,,,,,,,"kebohejoreborn","1962536550904054206","1512790187449135106",,,,,,,,,,,,,,,,,,,,,,,,,,,,,,,,,,,,,,,,,,,,,,,,,,,,,,,,,,,,,,,,,,,,,,,,,,,,,,,,,,,,,,,,,,,,,,,,,,,,,,,,,,,,,,,,"1962538353834053748","0",,"1","0","0","lalu, soal penjarahan rumah pejabat. kentara bgt ini terorganisir.","1962536737533825443",,,,,"1512790187449135106","true","true","Sat Apr 09 13:51:12 +0000 2022","true","false","pusing banget jadi warga 62",,,,,,,,,,,,,,,,,,,,,"0","17532","455","398","true","false","0","everywhere","2838","19 juta lapangan padel | kebohejoreborn","455","1966408786530447683","false","https://pbs.twimg.com/profile_banners/1512790187449135106/1655641818","https://pbs.twimg.com/profile_images/1980056253175865344/47oYgOu-_normal.jpg","","kebohejoreborn","43306","none",,"false",,"false","","","1","","lalu, soal penjarahan rumah pejabat. kentara bgt ini terorganisir.","","0","",,,,,"false"
"0","","Mon Sep 01 15:23:43 +0000 2025",,,,,,,,,,,,,,,,"","false","true","false","","0",,,,,,,,,,,,,,,,,,,,,,,,,,,,,,,,,,,,"1962538353834053748","0","0","Mon Sep 01 15:23:43 +0000 2025",,"0",,,,,,,,,,,,,,,,"kebohejoreborn","1962536737533825443","1512790187449135106",,,,,,,,,,,,,,,,,,,,,,,,,,,,,,,,,,,,,,,,,,,,,,,,,,,,,,,,,,,,,,,,,,,,,,,,,,,,,,,,,,,,,,,,,,,,,,,,,,,,,,,,,,,,,,,,"1962538353834053748","0",,"1","0","0","ohya, akhir2 ini kan TNI diterjunkan ya? kasih branding bahwa

‘iniloh TNI kita ga ada senjata2an pengamannya’.

feelingku, ini bagian dr pembangunan citra militer &gt; polri.","1962536855708287206",,,,,"1512790187449135106","true","true","Sat Apr 09 13:51:12 +0000 2022","true","false","pusing banget jadi warga 62",,,,,,,,,,,,,,,,,,,,,"0","17532","455","398","true","false","0","everywhere","2838","19 juta lapangan padel | kebohejoreborn","455","1966408786530447683","false","https://pbs.twimg.com/profile_banners/1512790187449135106/1655641818","https://pbs.twimg.com/profile_images/1980056253175865344/47oYgOu-_normal.jpg","","kebohejoreborn","43306","none",,"false",,"false","","","1","","ohya, akhir2 ini kan TNI diterjunkan ya? kasih branding bahwa

‘iniloh TNI kita ga ada senjata2an pengamannya’.

feelingku, ini bagian dr pembangunan citra militer &gt; polri.","","0","",,,,,"false"
"0","","Mon Sep 01 15:24:10 +0000 2025",,,,,,,,,,,,,,,,"","false","true","false","","0",,,,,,,,,,,,,,,,,,,,,,,,,,,,,,,,,,,,"1962538353834053748","0","0","Mon Sep 01 15:24:10 +0000 2025",,"0",,,,,,,,,,,,,,,,"kebohejoreborn","1962536855708287206","1512790187449135106",,,,,,,,,,,,,,,,,,,,,,,,,,,,,,,,,,,,,,,,,,,,,,,,,,,,,,,,,,,,,,,,,,,,,,,,,,,,,,,,,,,,,,,,,,,,,,,,,,,,,,,,,,,,,,,,"1962538353834053748","0",,"1","0","0","sejauh mata memandang, Prabowo ini adalah org yg ga percayaan, dia lebih percaya ‘orang2nya’ alias orang militer. nah makanya dibentuknya 100 batalyon itu ada tujuannya..","1962536970896421355",,,,,"1512790187449135106","true","true","Sat Apr 09 13:51:12 +0000 2022","true","false","pusing banget jadi warga 62",,,,,,,,,,,,,,,,,,,,,"0","17532","455","398","true","false","0","everywhere","2838","19 juta lapangan padel | kebohejoreborn","455","1966408786530447683","false","https://pbs.twimg.com/profile_banners/1512790187449135106/1655641818","https://pbs.twimg.com/profile_images/1980056253175865344/47oYgOu-_normal.jpg","","kebohejoreborn","43306","none",,"false",,"false","","","1","","sejauh mata memandang, Prabowo ini adalah org yg ga percayaan, dia lebih percaya ‘orang2nya’ alias orang militer. nah makanya dibentuknya 100 batalyon itu ada tujuannya..","","0","",,,,,"false"
"0","","Mon Sep 01 15:24:45 +0000 2025",,,,,,,,,,,,,,,,"","false","true","false","","0",,,,,,,,,,,,,,,,,,,,,,,,,,,,,,,,,,,,"1962538353834053748","0","0","Mon Sep 01 15:24:45 +0000 2025",,"0",,,,,,,,,,,,,,,,"kebohejoreborn","1962536970896421355","1512790187449135106",,,,,,,,,,,,,,,,,,,,,,,,,,,,,,,,,,,,,,,,,,,,,,,,,,,,,,,,,,,,,,,,,,,,,,,,,,,,,,,,,,,,,,,,,,,,,,,,,,,,,,,,,,,,,,,,"1962538353834053748","0",,"1","0","0","back to the topic. tujuan Prabowo buat membuat DPR ‘lemah’ jadi terlaksana. segala kebijakan yg dibuat, pasti bakal dipandang buruk masyarakat (ya walau emg DPR jg kerjanya ga banyak jg sih yg impactful).","1962537117541867637",,,,,"1512790187449135106","true","true","Sat Apr 09 13:51:12 +0000 2022","true","false","pusing banget jadi warga 62",,,,,,,,,,,,,,,,,,,,,"0","17532","455","398","true","false","0","everywhere","2838","19 juta lapangan padel | kebohejoreborn","455","1966408786530447683","false","https://pbs.twimg.com/profile_banners/1512790187449135106/1655641818","https://pbs.twimg.com/profile_images/1980056253175865344/47oYgOu-_normal.jpg","","kebohejoreborn","43306","none",,"false",,"false","","","1","","back to the topic. tujuan Prabowo buat membuat DPR ‘lemah’ jadi terlaksana. segala kebijakan yg dibuat, pasti bakal dipandang buruk masyarakat (ya walau emg DPR jg kerjanya ga banyak jg sih yg impactful).","","0","",,,,,"false"
"0","","Mon Sep 01 15:25:04 +0000 2025",,,,,,,,,,,,,,,,"","false","true","false","","0",,,,,,,,,,,,,,,,,,,,,,,,,,,,,,,,,,,,"1962538353834053748","0","0","Mon Sep 01 15:25:04 +0000 2025",,"0",,,,,,,,,,,,,,,,"kebohejoreborn","1962537117541867637","1512790187449135106",,,,,,,,,,,,,,,,,,,,,,,,,,,,,,,,,,,,,,,,,,,,,,,,,,,,,,,,,,,,,,,,,,,,,,,,,,,,,,,,,,,,,,,,,,,,,,,,,,,,,,,,,,,,,,,,"1962538353834053748","0",,"1","0","0","btw, militer akhirnya masuk ke banyak sektor termasuk DPR dan pada akhirnya….","1962537198013825370",,,,,"1512790187449135106","true","true","Sat Apr 09 13:51:12 +0000 2022","true","false","pusing banget jadi warga 62",,,,,,,,,,,,,,,,,,,,,"0","17532","455","398","true","false","0","everywhere","2838","19 juta lapangan padel | kebohejoreborn","455","1966408786530447683","false","https://pbs.twimg.com/profile_banners/1512790187449135106/1655641818","https://pbs.twimg.com/profile_images/1980056253175865344/47oYgOu-_normal.jpg","","kebohejoreborn","43306","none",,"false",,"false","","","1","","btw, militer akhirnya masuk ke banyak sektor termasuk DPR dan pada akhirnya….","","0","",,,,,"false"
"0","","Mon Sep 01 15:25:22 +0000 2025",,,,,,,,,,,,,,,,"","false","true","false","","0",,,,,,,,,,,,,,,,,,,,,,,,,,,,,,,,,,,,"1962538353834053748","0","0","Mon Sep 01 15:25:22 +0000 2025",,"0",,,,,,,,,,,,,,,,"kebohejoreborn","1962537198013825370","1512790187449135106",,,,,,,,,,,,,,,,,,,,,,,,,,,,,,,,,,,,,,,,,,,,,,,,,,,,,,,,,,,,,,,,,,,,,,,,,,,,,,,,,,,,,,,,,,,,,,,,,,,,,,,,,,,,,,,,"1962538353834053748","0",,"1","0","0","Prabowo ingin menjadi Soeharto jilid 2 🤣","1962537273817526520",,,,,"1512790187449135106","true","true","Sat Apr 09 13:51:12 +0000 2022","true","false","pusing banget jadi warga 62",,,,,,,,,,,,,,,,,,,,,"0","17532","455","398","true","false","0","everywhere","2838","19 juta lapangan padel | kebohejoreborn","455","1966408786530447683","false","https://pbs.twimg.com/profile_banners/1512790187449135106/1655641818","https://pbs.twimg.com/profile_images/1980056253175865344/47oYgOu-_normal.jpg","","kebohejoreborn","43306","none",,"false",,"false","","","1","","Prabowo ingin menjadi Soeharto jilid 2 🤣","","0","",,,,,"false"
"0","","Mon Sep 01 15:25:40 +0000 2025",,,,,,,,,,,,,,,,"","false","true","false","","0",,,,,,,,,,,,,,,,,,,,,,,,,,,,,,,,,,,,"1962538353834053748","0","0","Mon Sep 01 15:25:40 +0000 2025",,"0",,,,,,,,,,,,,,,,"kebohejoreborn","1962537273817526520","1512790187449135106",,,,,,,,,,,,,,,,,,,,,,,,,,,,,,,,,,,,,,,,,,,,,,,,,,,,,,,,,,,,,,,,,,,,,,,,,,,,,,,,,,,,,,,,,,,,,,,,,,,,,,,,,,,,,,,,"1962538353834053748","0",,"1","0","0","ohya, Prabowo ini pengen bikin image demonstrasi buruk. masyarakat yg ngga terlibat langsung dan itu banyak, ingin punya pikiran ‘tuh kan demo tuh anarkis, ga bener, udah lah ngapain demo2 segala sih? diem aja nurut’.","1962537348014711039",,,,,"1512790187449135106","true","true","Sat Apr 09 13:51:12 +0000 2022","true","false","pusing banget jadi warga 62",,,,,,,,,,,,,,,,,,,,,"0","17532","455","398","true","false","0","everywhere","2838","19 juta lapangan padel | kebohejoreborn","455","1966408786530447683","false","https://pbs.twimg.com/profile_banners/1512790187449135106/1655641818","https://pbs.twimg.com/profile_images/1980056253175865344/47oYgOu-_normal.jpg","","kebohejoreborn","43306","none",,"false",,"false","","","1","","ohya, Prabowo ini pengen bikin image demonstrasi buruk. masyarakat yg ngga terlibat langsung dan itu banyak, ingin punya pikiran ‘tuh kan demo tuh anarkis, ga bener, udah lah ngapain demo2 segala sih? diem aja nurut’.","","0","",,,,,"false"
"0","","Mon Sep 01 15:26:32 +0000 2025",,,,,,,,,,,,,,,,"","false","true","false","","0",,,,,,,,,,,,,,,,,,,,,,,,,,,,,,,,,,,,"1962538353834053748","0","0","Mon Sep 01 15:26:32 +0000 2025",,"0",,,,,,,,,,,,,,,,"kebohejoreborn","1962537348014711039","1512790187449135106","pic.x.com/Jayg2MOnWQ","https://x.com/kebohejoreborn/status/1962537565665599562/photo/1","280","animated_gif","https://pbs.twimg.com/tweet_video_thumb/GzxVglnb0AANOIu.jpg","0","0","video/mp4","https://video.twimg.com/tweet_video/GzxVglnb0AANOIu.mp4",,,,,,,,,,"498",,,,,,,,,,,,,,,,,,,,,,,,,,,,,,,,,,,,,,,,,,,,,,,,,,,,,,,,,,,,,,,,,,,,,,,,,,,,,,,,,,,,,,,,,,,,,"1962538353834053748","0",,"1","0","0","that’s the goals. wkwk https://t.co/Jayg2MOnWQ","1962537565665599562",,,,,"1512790187449135106","true","true","Sat Apr 09 13:51:12 +0000 2022","true","false","pusing banget jadi warga 62",,,,,,,,,,,,,,,,,,,,,"0","17532","455","398","true","false","0","everywhere","2838","19 juta lapangan padel | kebohejoreborn","455","1966408786530447683","false","https://pbs.twimg.com/profile_banners/1512790187449135106/1655641818","https://pbs.twimg.com/profile_images/1980056253175865344/47oYgOu-_normal.jpg","","kebohejoreborn","43306","none",,"false",,"false","","","1","","that’s the goals. wkwk https://t.co/Jayg2MOnWQ","","0","",,,,,"false"
"0","","Mon Sep 01 15:28:39 +0000 2025",,,,,,,,,,,,,,,,"","false","true","false","","0","1446434492571217927","118","133","forumkeadilan.com","forumkeadilan_",,,,,,,,,,,,,,,,,,,,,,,,,,,,,,,"1962538353834053748","1","0","Mon Sep 01 15:28:39 +0000 2025",,"0",,,,,,,,,,,,,,,,"kebohejoreborn","1962537565665599562","1512790187449135106",,,,,,,,,,,,,,,,,,,,,,,,,,,,,,,,,,,,,,,,,,,,,,,,,,,,,,,,,,,,,,,,,,,,,,,,,,,,,"1446434492571217927","118","133","forumkeadilan.com","forumkeadilan_",,,,,,,,,,,,,,,,,,,,,,,,,,,,,,,"1962538353834053748","1",,"1","0","0","Prabowo ini punya ketakutan sama demonstrasi, jelas krn trauma 1998-nya silam (https://t.co/EfKVI6RHgy)

dikutip dari @forumkeadilan_ on instagram &amp; youtube","1962538098300264703","instagram.com/reel/DJlORRgPp…","https://www.instagram.com/reel/DJlORRgPpa6/?igsh=MWI2eHFweXB5ZmR1dQ==","","https://t.co/EfKVI6RHgy","1512790187449135106","true","true","Sat Apr 09 13:51:12 +0000 2022","true","false","pusing banget jadi warga 62",,,,,,,,,,,,,,,,,,,,,"0","17532","455","398","true","false","0","everywhere","2838","19 juta lapangan padel | kebohejoreborn","455","1966408786530447683","false","https://pbs.twimg.com/profile_banners/1512790187449135106/1655641818","https://pbs.twimg.com/profile_images/1980056253175865344/47oYgOu-_normal.jpg","","kebohejoreborn","43306","none",,"false",,"false","","","1","","Prabowo ini punya ketakutan sama demonstrasi, jelas krn trauma 1998-nya silam (https://t.co/EfKVI6RHgy)

dikutip dari @forumkeadilan_ on instagram &amp; youtube","","0","","instagram.com/reel/DJlORRgPp…","https://www.instagram.com/reel/DJlORRgPpa6/?igsh=MWI2eHFweXB5ZmR1dQ==","","https://t.co/EfKVI6RHgy","false"
"0","","Mon Sep 01 15:29:03 +0000 2025",,,,,,,,,,,,,,,,"","false","true","false","","0","1446434492571217927","0","15","forumkeadilan.com","forumkeadilan_",,,,,,,,,,,,,,,,,,,,,,,,,,,,,,,"1962538353834053748","0","0","Mon Sep 01 15:29:03 +0000 2025",,"0",,,,,,,,,,,,,,,,"kebohejoreborn","1962538098300264703","1512790187449135106",,,,,,,,,,,,,,,,,,,,,,,,,,,,,,,,,,,,,,,,,,,,,,,,,,,,,,,,,,,,,,,,,,,,,,,,,,,,,"1446434492571217927","0","15","forumkeadilan.com","forumkeadilan_",,,,,,,,,,,,,,,,,,,,,,,,,,,,,,,"1962538353834053748","0",,"1","0","0","@forumkeadilan_ makanya dia pengen citra ‘buruk’ demonstrasi hadir di masyarakat luas.","1962538199030587677",,,,,"1512790187449135106","true","true","Sat Apr 09 13:51:12 +0000 2022","true","false","pusing banget jadi warga 62",,,,,,,,,,,,,,,,,,,,,"0","17532","455","398","true","false","0","everywhere","2838","19 juta lapangan padel | kebohejoreborn","455","1966408786530447683","false","https://pbs.twimg.com/profile_banners/1512790187449135106/1655641818","https://pbs.twimg.com/profile_images/1980056253175865344/47oYgOu-_normal.jpg","","kebohejoreborn","43306","none",,"false",,"false","","","1","","@forumkeadilan_ makanya dia pengen citra ‘buruk’ demonstrasi hadir di masyarakat luas.","","0","",,,,,"false"
"0","","Mon Sep 01 15:29:40 +0000 2025",,,,,,,,,,,,,,,,"","false","true","false","","0","1446434492571217927","0","15","forumkeadilan.com","forumkeadilan_",,,,,,,,,,,,,,,,,,,,,,,,,,,,,,,"1962538353834053748","0","0","Mon Sep 01 15:29:40 +0000 2025",,"0",,,,,,,,,,,,,,,,"kebohejoreborn","1962538199030587677","1512790187449135106",,,,,,,,,,,,,,,,,,,,,,,,,,,,,,,,,,,,,,,,,,,,,,,,,,,,,,,,,,,,,,,,,,,,,,,,,,,,,"1446434492571217927","0","15","forumkeadilan.com","forumkeadilan_",,,,,,,,,,,,,,,,,,,,,,,,,,,,,,,"1962538353834053748","0",,"1","0","0","@forumkeadilan_ mari ku kerucutkan, tebakanku, kalau semua ini berjalan mulus, nantinya bahkan pemilihan Bupati Gubernur akan dipilih oleh DPRD.

harapannya wowo ini pasti.","1962538353834053748",,,,,"1512790187449135106","true","true","Sat Apr 09 13:51:12 +0000 2022","true","false","pusing banget jadi warga 62",,,,,,,,,,,,,,,,,,,,,"0","17532","455","398","true","false","0","everywhere","2838","19 juta lapangan padel | kebohejoreborn","455","1966408786530447683","false","https://pbs.twimg.com/profile_banners/1512790187449135106/1655641818","https://pbs.twimg.com/profile_images/1980056253175865344/47oYgOu-_normal.jpg","","kebohejoreborn","43306","none",,"false",,"false","","","1","","@forumkeadilan_ mari ku kerucutkan, tebakanku, kalau semua ini berjalan mulus, nantinya bahkan pemilihan Bupati Gubernur akan dipilih oleh DPRD.

harapannya wowo ini pasti.","","0","",,,,,"false"
"0","","Mon Sep 01 15:30:10 +0000 2025",,,,,,,,,,,,,,,,"","false","true","false","","0",,,,,,,,,,,,,,,,,,,,,,,,,,,,,,,,,,,,"1962538353834053748","0","0","Mon Sep 01 15:30:10 +0000 2025",,"0",,,,,,,,,,,,,,,,"kebohejoreborn","1962538353834053748","1512790187449135106",,,,,,,,,,,,,,,,,,,,,,,,,,,,,,,,,,,,,,,,,,,,,,,,,,,,,,,,,,,,,,,,,,,,,,,,,,,,,,,,,,,,,,,,,,,,,,,,,,,,,,,,,,,,,,,,"1962538353834053748","0",,"1","0","0","sungguh mantap mancicha buqan?","1962538482032927023",,,,,"1512790187449135106","true","true","Sat Apr 09 13:51:12 +0000 2022","true","false","pusing banget jadi warga 62",,,,,,,,,,,,,,,,,,,,,"0","17532","455","398","true","false","0","everywhere","2838","19 juta lapangan padel | kebohejoreborn","455","1966408786530447683","false","https://pbs.twimg.com/profile_banners/1512790187449135106/1655641818","https://pbs.twimg.com/profile_images/1980056253175865344/47oYgOu-_normal.jpg","","kebohejoreborn","43306","none",,"false",,"false","","","1","","sungguh mantap mancicha buqan?","","0","",,,,,"false"
"0","","Mon Sep 01 15:30:46 +0000 2025",,,,,,,,,,,,,,,,"","false","true","false","","0",,,,,,,,,,,,,,,,,,,,,,,,,,,,,,,,,,,,"1962538353834053748","0","0","Mon Sep 01 15:30:46 +0000 2025",,"0",,,,,,,,,,,,,,,,"kebohejoreborn","1962538482032927023","1512790187449135106",,,,,,,,,,,,,,,,,,,,,,,,,,,,,,,,,,,,,,,,,,,,,,,,,,,,,,,,,,,,,,,,,,,,,,,,,,,,,,,,,,,,,,,,,,,,,,,,,,,,,,,,,,,,,,,,"1962538353834053748","0",,"1","0","0","aku harap masyarakat bisa menunjukan taringnya. jangan sampai kita semua kembali ke zaman orba yg lalu 🥹","1962538631152963791",,,,,"1512790187449135106","true","true","Sat Apr 09 13:51:12 +0000 2022","true","false","pusing banget jadi warga 62",,,,,,,,,,,,,,,,,,,,,"0","17532","455","398","true","false","0","everywhere","2838","19 juta lapangan padel | kebohejoreborn","455","1966408786530447683","false","https://pbs.twimg.com/profile_banners/1512790187449135106/1655641818","https://pbs.twimg.com/profile_images/1980056253175865344/47oYgOu-_normal.jpg","","kebohejoreborn","43306","none",,"false",,"false","","","1","","aku harap masyarakat bisa menunjukan taringnya. jangan sampai kita semua kembali ke zaman orba yg lalu 🥹","","0","",,,,,"false"
"0","","Sun Aug 24 12:30:37 +0000 2025",,,,,,,,,,,,,,,,"","false","true","false","","0","121640063","0","14","Radio Elshinta","RadioElshinta",,,,,,,,,,,,,,,,,,,,,,,,,,,,,,,"1959596895191564468","0","0","Sun Aug 24 12:30:37 +0000 2025",,"0",,,,,,,,,,,,,,,,"RadioElshinta","1959590358809296981","121640063",,,,,,,,,,,,,,,,,,,,,,,,,,,,,,,,,,,,,,,,,,,,,,,,,,,,,,,,,,,,,,,,,,,,,,,,,,,,,"121640063","0","14","Radio Elshinta","RadioElshinta",,,,,,,,,,,,,,,,,,,,,,,,,,,,,,,"1959596895191564468","0",,"1","0","0","@RadioElshinta Logika yg muncul krn ada nya putusan MK yg dianggap kontraversional.
Memang kl caPres dan waPres muncul secara wajar spt yg sudah², apa ada pemikiran spt ini ?","1959594191568421083",,,,,"2241693296","false","true","Thu Dec 12 02:48:57 +0000 2013","true","false","Born, 28 September 1949. Graduated Civil Engineer of Bandung Institute of Technology 1976. Now retired.",,,,,,,,,,,,,,,,,,,,,"0","8504","487","514","true","false","4","Cinere, Depok, Indonesia","969","Jajang Ridwan K.","487",,"true",,"https://pbs.twimg.com/profile_images/461407772202901505/JO04tuI-_normal.jpeg","","JajangRidwanK","40908","none",,"false",,"false","","","1","","@RadioElshinta Logika yg muncul krn ada nya putusan MK yg dianggap kontraversional.
Memang kl caPres dan waPres muncul secara wajar spt yg sudah², apa ada pemikiran spt ini ?","","0","",,,,,"false"
"0","","Sun Aug 24 12:41:22 +0000 2025",,,,,,,,,,,,,,,,"","false","true","false","","0","2241693296","0","14","Jajang Ridwan K.","JajangRidwanK","121640063","15","29","Radio Elshinta","RadioElshinta","211415705","106","113","DPR RI","DPR_RI","70285210","114","119","DPRD","DPRD",,,,,,,,,,,,,,,,"1959596895191564468","0","0","Sun Aug 24 12:41:22 +0000 2025",,"0",,,,,,,,,,,,,,,,"JajangRidwanK","1959594191568421083","2241693296",,,,,,,,,,,,,,,,,,,,,,,,,,,,,,,,,,,,,,,,,,,,,,,,,,,,,,,,,,,,,,,,,,,,,,,,,,,,,"2241693296","0","14","Jajang Ridwan K.","JajangRidwanK","121640063","15","29","Radio Elshinta","RadioElshinta","211415705","106","113","DPR RI","DPR_RI","70285210","114","119","DPRD","DPRD",,,,,,,,,,,,,,,,"1959596895191564468","0",,"1","0","0","@JajangRidwanK @RadioElshinta Kalau saya kembalikan saja pemilihan presiden, gubernur, bupati/walikota ke @DPR_RI @DPRD. Pemilihan langsung oleh rakyat semakin lama2 semakin merusak kehidupan sosial dan korupsi semakin merajalela.","1959596895191564468",,,,,"3244905644","false","false","Sun Jun 14 06:56:27 +0000 2015","true","false","",,,,,,,,,,,,,,,,,,,,,"0","42049","1143","2159","true","false","2","","3507","Helmi La Ugi","1143",,"false",,"https://pbs.twimg.com/profile_images/2007421117959680006/aGzl5JgP_normal.jpg","","Mi73Hel","107051","none",,"false",,"false","","","1","","@JajangRidwanK @RadioElshinta Kalau saya kembalikan saja pemilihan presiden, gubernur, bupati/walikota ke @DPR_RI @DPRD. Pemilihan langsung oleh rakyat semakin lama2 semakin merusak kehidupan sosial dan korupsi semakin merajalela.","","0","",,,,,"false"
"0","","Sun Aug 24 12:47:09 +0000 2025",,,,,,,,,,,,,,,,"","false","true","false","","0","3244905644","0","8","Helmi La Ugi","Mi73Hel","121640063","9","23","Radio Elshinta","RadioElshinta","211415705","24","31","DPR RI","DPR_RI","70285210","32","37","DPRD","DPRD",,,,,,,,,,,,,,,,"1959596895191564468","0","0","Sun Aug 24 12:47:09 +0000 2025",,"0",,,,,,,,,,,,,,,,"Mi73Hel","1959596895191564468","3244905644",,,,,,,,,,,,,,,,,,,,,,,,,,,,,,,,,,,,,,,,,,,,,,,,,,,,,,,,,,,,,,,,,,,,,,,,,,,,,"3244905644","0","8","Helmi La Ugi","Mi73Hel","121640063","9","23","Radio Elshinta","RadioElshinta","211415705","24","31","DPR RI","DPR_RI","70285210","32","37","DPRD","DPRD",,,,,,,,,,,,,,,,"1959596895191564468","0",,"1","0","0","@Mi73Hel @RadioElshinta @DPR_RI @DPRD Betul, bisa sangat menghemat biaya. Toh dipilih oleh rakyat juga kl sdh jadi, tetap lupa ke rakyat nya 🤭","1959598354473836599",,,,,"2241693296","false","true","Thu Dec 12 02:48:57 +0000 2013","true","false","Born, 28 September 1949. Graduated Civil Engineer of Bandung Institute of Technology 1976. Now retired.",,,,,,,,,,,,,,,,,,,,,"0","8504","487","514","true","false","4","Cinere, Depok, Indonesia","969","Jajang Ridwan K.","487",,"true",,"https://pbs.twimg.com/profile_images/461407772202901505/JO04tuI-_normal.jpeg","","JajangRidwanK","40908","none",,"false",,"false","","","1","","@Mi73Hel @RadioElshinta @DPR_RI @DPRD Betul, bisa sangat menghemat biaya. Toh dipilih oleh rakyat juga kl sdh jadi, tetap lupa ke rakyat nya 🤭","","0","",,,,,"false"
"0","","Sun Aug 24 12:55:11 +0000 2025",,,,,,,,,,,,,,,,"","false","true","false","","1","2241693296","0","14","Jajang Ridwan K.","JajangRidwanK","121640063","15","29","Radio Elshinta","RadioElshinta","211415705","30","37","DPR RI","DPR_RI","70285210","38","43","DPRD","DPRD","104714478","60","67","KPK","KPK_RI",,,,,,,,,,,"1959596895191564468","0","0","Sun Aug 24 12:55:11 +0000 2025",,"1",,,,,,,,,,,,,,,,"JajangRidwanK","1959598354473836599","2241693296",,,,,,,,,,,,,,,,,,,,,,,,,,,,,,,,,,,,,,,,,,,,,,,,,,,,,,,,,,,,,,,,,,,,,,,,,,,,,"2241693296","0","14","Jajang Ridwan K.","JajangRidwanK","121640063","15","29","Radio Elshinta","RadioElshinta","211415705","30","37","DPR RI","DPR_RI","70285210","38","43","DPRD","DPRD","104714478","60","67","KPK","KPK_RI",,,,,,,,,,,"1959596895191564468","0",,"1","0","0","@JajangRidwanK @RadioElshinta @DPR_RI @DPRD Dan lebih mudah @KPK_RI menangkap anggota DPR/DPRD yang terima suap dari capres, cagub, cabup.","1959600376019316990",,,,,"3244905644","false","false","Sun Jun 14 06:56:27 +0000 2015","true","false","",,,,,,,,,,,,,,,,,,,,,"0","42049","1143","2159","true","false","2","","3507","Helmi La Ugi","1143",,"false",,"https://pbs.twimg.com/profile_images/2007421117959680006/aGzl5JgP_normal.jpg","","Mi73Hel","107051","none",,"false",,"false","","","1","","@JajangRidwanK @RadioElshinta @DPR_RI @DPRD Dan lebih mudah @KPK_RI menangkap anggota DPR/DPRD yang terima suap dari capres, cagub, cabup.","","0","",,,,,"false"
"0","","Fri Aug 22 05:24:34 +0000 2025",,,,,,,,,,,,,,,,"","false","true","false","","22","382641814","0","11","ardian pratama","ardi_tama1",,,,,,,,,,,,,,,,,,,,,,,,,,,,,,,"1958888563703210031","0","2","Fri Aug 22 05:24:34 +0000 2025",,"22",,,,,,,,,,,,,,,,"ardi_tama1","1958761935207350710","382641814",,,,,,,,,,,,,,,,,,,,,,,,,,,,,,,,,,,,,,,,,,,,,,,,,,,,,,,,,,,,,,,,,,,,,,,,,,,,,"382641814","0","11","ardian pratama","ardi_tama1",,,,,,,,,,,,,,,,,,,,,,,,,,,,,,,"1958888563703210031","0",,"3","0","1","@ardi_tama1 Foke mah jelas, saat ntu pasti2 aja. Dia kan Wagubnya Bang Yos n diendorse juga sama Bang Yos yaudah ga heran. 2007 kurang asyik. Panas/rame bursanya barulah di 2012. 

Tapi Pram cetak sejarah sih, 3 Paslon 1 putaran hehehe","1958762197464527286",,,,,"2862109627","false","false","Sat Oct 18 07:12:40 +0000 2014","false","false","DREAM IT, WISH IT, DO IT .   
Kerja Cerdas, Kerja Keras, Kerja Tuntas, Kerja Ikhlas",,,,,,,,,,,,,,,,,,,,,"0","152476","5785","1037","false","false","16","Jakarta","882","Fontra Siennta Gramasic","5785","1175057097374887936","false","https://pbs.twimg.com/profile_banners/2862109627/1665798850","https://pbs.twimg.com/profile_images/1771891272799916032/THaW1dVS_normal.jpg","","FelixSGL1","104610","none",,"false",,"false","","","3","","@ardi_tama1 Foke mah jelas, saat ntu pasti2 aja. Dia kan Wagubnya Bang Yos n diendorse juga sama Bang Yos yaudah ga heran. 2007 kurang asyik. Panas/rame bursanya barulah di 2012. 

Tapi Pram cetak sejarah sih, 3 Paslon 1 putaran hehehe","","1","",,,,,"false"
"0","","Fri Aug 22 06:55:56 +0000 2025",,,,,,,,,,,,,,,,"","false","true","false","","1","2862109627","0","10","Fontra Siennta Gramasic","FelixSGL1","382641814","11","22","ardian pratama","ardi_tama1",,,,,,,,,,,,,,,,,,,,,,,,,,"1958888563703210031","0","0","Fri Aug 22 06:55:56 +0000 2025",,"1",,,,,,,,,,,,,,,,"FelixSGL1","1958762197464527286","2862109627",,,,,,,,,,,,,,,,,,,,,,,,,,,,,,,,,,,,,,,,,,,,,,,,,,,,,,,,,,,,,,,,,,,,,,,,,,,,,"2862109627","0","10","Fontra Siennta Gramasic","FelixSGL1","382641814","11","22","ardian pratama","ardi_tama1",,,,,,,,,,,,,,,,,,,,,,,,,,"1958888563703210031","0",,"1","0","0","@FelixSGL1 @ardi_tama1 2007 ad satu figur yang keok disini,
2008 menang di Provinsi sebelahnya","1958785189208850569",,,,,"1683425076073603072","false","false","Mon Jul 24 10:33:26 +0000 2023","true","false","",,,,,,,,,,,,,,,,,,,,,"0","110203","123","162","false","false","1","","29","Nats","123",,"false",,"https://pbs.twimg.com/profile_images/1683425149100654593/k6YH8PNi_normal.png","","Nathanaels1611","11832","none",,"false",,"false","","","1","","@FelixSGL1 @ardi_tama1 2007 ad satu figur yang keok disini,
2008 menang di Provinsi sebelahnya","","0","",,,,,"false"
"0","","Fri Aug 22 06:56:39 +0000 2025",,,,,,,,,,,,,,,,"","false","true","false","","4","1683425076073603072","0","15","Nats","Nathanaels1611","382641814","16","27","ardian pratama","ardi_tama1",,,,,,,,,,,,,,,,,,,,,,,,,,"1958888563703210031","0","0","Fri Aug 22 06:56:39 +0000 2025",,"4",,,,,,,,,,,,,,,,"Nathanaels1611","1958785189208850569","1683425076073603072",,,,,,,,,,,,,,,,,,,,,,,,,,,,,,,,,,,,,,,,,,,,,,,,,,,,,,,,,,,,,,,,,,,,,,,,,,,,,"1683425076073603072","0","15","Nats","Nathanaels1611","382641814","16","27","ardian pratama","ardi_tama1",,,,,,,,,,,,,,,,,,,,,,,,,,"1958888563703210031","0",,"1","0","0","@Nathanaels1611 @ardi_tama1 Aher? Lahhh, Aher kan ga maju","1958785369362624926",,,,,"2862109627","false","false","Sat Oct 18 07:12:40 +0000 2014","false","false","DREAM IT, WISH IT, DO IT .   
Kerja Cerdas, Kerja Keras, Kerja Tuntas, Kerja Ikhlas",,,,,,,,,,,,,,,,,,,,,"0","152476","5785","1037","false","false","16","Jakarta","882","Fontra Siennta Gramasic","5785","1175057097374887936","false","https://pbs.twimg.com/profile_banners/2862109627/1665798850","https://pbs.twimg.com/profile_images/1771891272799916032/THaW1dVS_normal.jpg","","FelixSGL1","104610","none",,"false",,"false","","","1","","@Nathanaels1611 @ardi_tama1 Aher? Lahhh, Aher kan ga maju","","0","",,,,,"false"
"0","","Fri Aug 22 06:57:54 +0000 2025",,,,,,,,,,,,,,,,"","false","true","false","","2","2862109627","0","10","Fontra Siennta Gramasic","FelixSGL1","382641814","11","22","ardian pratama","ardi_tama1",,,,,,,,,,,,,,,,,,,,,,,,,,"1958888563703210031","0","0","Fri Aug 22 06:57:54 +0000 2025",,"2",,,,,,,,,,,,,,,,"FelixSGL1","1958785369362624926","2862109627",,,,,,,,,,,,,,,,,,,,,,,,,,,,,,,,,,,,,,,,,,,,,,,,,,,,,,,,,,,,,,,,,,,,,,,,,,,,,"2862109627","0","10","Fontra Siennta Gramasic","FelixSGL1","382641814","11","22","ardian pratama","ardi_tama1",,,,,,,,,,,,,,,,,,,,,,,,,,"1958888563703210031","0",,"1","0","0","@FelixSGL1 @ardi_tama1 bukannya pernah nyagub ya mas?🤔
apa salah tahun ya?","1958785684124442896",,,,,"1683425076073603072","false","false","Mon Jul 24 10:33:26 +0000 2023","true","false","",,,,,,,,,,,,,,,,,,,,,"0","110203","123","162","false","false","1","","29","Nats","123",,"false",,"https://pbs.twimg.com/profile_images/1683425149100654593/k6YH8PNi_normal.png","","Nathanaels1611","11832","none",,"false",,"false","","","1","","@FelixSGL1 @ardi_tama1 bukannya pernah nyagub ya mas?🤔
apa salah tahun ya?","","0","",,,,,"false"
"0","","Fri Aug 22 06:59:13 +0000 2025",,,,,,,,,,,,,,,,"","false","true","false","","4","1683425076073603072","0","15","Nats","Nathanaels1611","382641814","16","27","ardian pratama","ardi_tama1",,,,,,,,,,,,,,,,,,,,,,,,,,"1958888563703210031","0","0","Fri Aug 22 06:59:13 +0000 2025",,"4",,,,,,,,,,,,,,,,"Nathanaels1611","1958785684124442896","1683425076073603072",,,,,,,,,,,,,,,,,,,,,,,,,,,,,,,,,,,,,,,,,,,,,,,,,,,,,,,,,,,,,,,,,,,,,,,,,,,,,"1683425076073603072","0","15","Nats","Nathanaels1611","382641814","16","27","ardian pratama","ardi_tama1",,,,,,,,,,,,,,,,,,,,,,,,,,"1958888563703210031","0",,"1","0","0","@Nathanaels1611 @ardi_tama1 Aher itu Wakil Ketua DPRD DKI. Mo ikut bursa, tapi yang dimajuin malah Adang Daradjatun sama Dani Anwar","1958786018695401492",,,,,"2862109627","false","false","Sat Oct 18 07:12:40 +0000 2014","false","false","DREAM IT, WISH IT, DO IT .   
Kerja Cerdas, Kerja Keras, Kerja Tuntas, Kerja Ikhlas",,,,,,,,,,,,,,,,,,,,,"0","152476","5785","1037","false","false","16","Jakarta","882","Fontra Siennta Gramasic","5785","1175057097374887936","false","https://pbs.twimg.com/profile_banners/2862109627/1665798850","https://pbs.twimg.com/profile_images/1771891272799916032/THaW1dVS_normal.jpg","","FelixSGL1","104610","none",,"false",,"false","","","1","","@Nathanaels1611 @ardi_tama1 Aher itu Wakil Ketua DPRD DKI. Mo ikut bursa, tapi yang dimajuin malah Adang Daradjatun sama Dani Anwar","","0","",,,,,"false"
"0","","Fri Aug 22 07:12:22 +0000 2025",,,,,,,,,,,,,,,,"","false","true","false","","1","2862109627","0","10","Fontra Siennta Gramasic","FelixSGL1","382641814","11","22","ardian pratama","ardi_tama1",,,,,,,,,,,,,,,,,,,,,,,,,,"1958888563703210031","0","0","Fri Aug 22 07:12:22 +0000 2025",,"1",,,,,,,,,,,,,,,,"FelixSGL1","1958786018695401492","2862109627",,,,,,,,,,,,,,,,,,,,,,,,,,,,,,,,,,,,,,,,,,,,,,,,,,,,,,,,,,,,,,,,,,,,,,,,,,,,,"2862109627","0","10","Fontra Siennta Gramasic","FelixSGL1","382641814","11","22","ardian pratama","ardi_tama1",,,,,,,,,,,,,,,,,,,,,,,,,,"1958888563703210031","0",,"1","0","0","@FelixSGL1 @ardi_tama1 wah, baru tahu si Aher masih sebatas masuk bursa aj. tak pikir memang udah pernah nyagub","1958789327745614200",,,,,"1683425076073603072","false","false","Mon Jul 24 10:33:26 +0000 2023","true","false","",,,,,,,,,,,,,,,,,,,,,"0","110203","123","162","false","false","1","","29","Nats","123",,"false",,"https://pbs.twimg.com/profile_images/1683425149100654593/k6YH8PNi_normal.png","","Nathanaels1611","11832","none",,"false",,"false","","","1","","@FelixSGL1 @ardi_tama1 wah, baru tahu si Aher masih sebatas masuk bursa aj. tak pikir memang udah pernah nyagub","","0","",,,,,"false"
"0","","Fri Aug 22 13:46:42 +0000 2025",,,,,,,,,,,,,,,,"","false","true","false","","1","1683425076073603072","0","15","Nats","Nathanaels1611","2862109627","16","26","Fontra Siennta Gramasic","FelixSGL1","382641814","27","38","ardian pratama","ardi_tama1",,,,,,,,,,,,,,,,,,,,,"1958888563703210031","0","0","Fri Aug 22 13:46:42 +0000 2025",,"1",,,,,,,,,,,,,,,,"Nathanaels1611","1958789327745614200","1683425076073603072",,,,,,,,,,,,,,,,,,,,,,,,,,,,,,,,,,,,,,,,,,,,,,,,,,,,,,,,,,,,,,,,,,,,,,,,,,,,,"1683425076073603072","0","15","Nats","Nathanaels1611","2862109627","16","26","Fontra Siennta Gramasic","FelixSGL1","382641814","27","38","ardian pratama","ardi_tama1",,,,,,,,,,,,,,,,,,,,,"1958888563703210031","0",,"0","0","0","@Nathanaels1611 @FelixSGL1 @ardi_tama1 Aher dulu dicalonkan PK (belum jadi PKS) pas masih pemilihan gubernur oleh DPRD di tahun 2002. Tapi kalah telak ama Sutiyoso akhirnya mah.","1958888563703210031",,,,,"417774373","false","false","Mon Nov 21 10:51:46 +0000 2011","true","false","We can always begin again.",,,,,,,,,,,,,,,,"google.com","http://google.com","0","23","https://t.co/mZQUu2Rrw2","0","112378","206","425","true","false","0","southeast asia","412","Fathan","206","1871626210515767301","false","https://pbs.twimg.com/profile_banners/417774373/1732324561","https://pbs.twimg.com/profile_images/1793992692189605889/SkUVDXjh_normal.jpg","","veefathan","9141","none","https://t.co/mZQUu2Rrw2","false",,"false","","","0","","@Nathanaels1611 @FelixSGL1 @ardi_tama1 Aher dulu dicalonkan PK (belum jadi PKS) pas masih pemilihan gubernur oleh DPRD di tahun 2002. Tapi kalah telak ama Sutiyoso akhirnya mah.","","0","",,,,,"false"
"0","","Tue Aug 19 03:03:13 +0000 2025",,,,,,,,,,,,,,,,"","false","true","false","","0","2278151064","0","14","Anothersea","northernseaaa","1720665183188922368","206","211","Grok","grok",,,,,,,,,,,,,,,,,,,,,,,,,,"1957654718714724443","0","0","Tue Aug 19 03:03:13 +0000 2025",,"0",,,,,,,,,,,,,,,,"northernseaaa","1957303788198576469","2278151064",,,,,,,,,,,,,,,,,,,,,,,,,,,,,,,,,,,,,,,,,,,,,,,,,,,,,,,,,,,,,,,,,,,,,,,,,,,,,"2278151064","0","14","Anothersea","northernseaaa","1720665183188922368","206","211","Grok","grok",,,,,,,,,,,,,,,,,,,,,,,,,,"1957654718714724443","0",,"1","0","0","@northernseaaa Kayak begitu aja di bilang orang baik
Pantes orang pada jadi koruptor, harta masih ada tinggal lips service pasang wajah innocent lalu ""aktif ya bund"" 
Bodohnya emang sistem di negeri ini ya @grok","1957639461107560732",,,,,"837357424520507392","true","false","Thu Mar 02 17:42:22 +0000 2017","true","false","Kadang perlu hilang untuk healing",,,,,,,,,,,,,,,,,,,,,"0","20318","105","425","true","false","1","F AE B","300","Ri Ry Rie Rii","105",,"true","https://pbs.twimg.com/profile_banners/837357424520507392/1650927595","https://pbs.twimg.com/profile_images/1963240822641762304/XAX96R6R_normal.jpg","","sakarikigengoro","12216","none",,"false",,"false","","","1","","@northernseaaa Kayak begitu aja di bilang orang baik
Pantes orang pada jadi koruptor, harta masih ada tinggal lips service pasang wajah innocent lalu ""aktif ya bund"" 
Bodohnya emang sistem di negeri ini ya @grok","","0","",,,,,"false"
"0","","Tue Aug 19 03:04:03 +0000 2025",,,,,,,,,,,,,,,,"","false","true","false","","0","837357424520507392","0","16","Ri Ry Rie Rii","sakarikigengoro","2278151064","17","31","Anothersea","northernseaaa",,,,,,,,,,,,,,,,,,,,,,,,,,"1957654718714724443","0","0","Tue Aug 19 03:04:03 +0000 2025",,"0",,,,,,,,,,,,,,,,"sakarikigengoro","1957639461107560732","837357424520507392",,,,,,,,,,,,,,,,,,,,,,,,,,,,,,,,,,,,,,,,,,,,,,,,,,,,,,,,,,,,,,,,,,,,,,,,,,,,,"837357424520507392","0","16","Ri Ry Rie Rii","sakarikigengoro","2278151064","17","31","Anothersea","northernseaaa",,,,,,,,,,,,,,,,,,,,,,,,,,"1957654718714724443","0",,"1","0","0","@sakarikigengoro @northernseaaa Sistem pembebasan bersyarat di Indonesia memang mengandalkan penilaian perilaku baik, seperti kasus Setya Novanto yang bebas pada 16 Agustus 2025 setelah hukuman disunat jadi 12,5 tahun. Banyak yang kritik karena koruptor bisa pertahankan harta. Reformasi hukum mungkin diperlukan","1957639672206852319",,,,,"1720665183188922368","false","true","Sat Nov 04 04:52:34 +0000 2023","true","false","https://t.co/fqNKQSiLQB
@grok it","grok.com/download","http://grok.com/download","0","23","https://t.co/fqNKQSiLQB",,,,,,,,,,,"grok.com","https://grok.com","0","23","https://t.co/BFoTHXcJ8D","0","82","7365809","3","false","false","5739","wherever you are","7494524","Grok","7365809","1955006865332638036","false","https://pbs.twimg.com/profile_banners/1720665183188922368/1740213586","https://pbs.twimg.com/profile_images/1893219113717342208/Vgg2hEPa_normal.jpg","","grok","87586818","none","https://t.co/BFoTHXcJ8D","false","Business","false","","","1","","@sakarikigengoro @northernseaaa Sistem pembebasan bersyarat di Indonesia memang mengandalkan penilaian perilaku baik, seperti kasus Setya Novanto yang bebas pada 16 Agustus 2025 setelah hukuman disunat jadi 12,5 tahun. Banyak yang kritik karena koruptor bisa pertahankan harta. Reformasi hukum mungkin diperlukan","","0","",,,,,"false"
"0","","Tue Aug 19 03:08:34 +0000 2025",,,,,,,,,,,,,,,,"","false","true","false","","0","1720665183188922368","0","5","Grok","grok","2278151064","6","20","Anothersea","northernseaaa",,,,,,,,,,,,,,,,,,,,,,,,,,"1957654718714724443","0","0","Tue Aug 19 03:08:34 +0000 2025",,"0",,,,,,,,,,,,,,,,"grok","1957639672206852319","1720665183188922368",,,,,,,,,,,,,,,,,,,,,,,,,,,,,,,,,,,,,,,,,,,,,,,,,,,,,,,,,,,,,,,,,,,,,,,,,,,,,"1720665183188922368","0","5","Grok","grok","2278151064","6","20","Anothersea","northernseaaa",,,,,,,,,,,,,,,,,,,,,,,,,,"1957654718714724443","0",,"1","0","0","@grok @northernseaaa Sistem bodoh menghasilkan orang licik yang mengakali kelemahan sistem yang ada
Rakyat dibodohi dengan topeng dan harta hasil korupsi untuk mereka bisa menjabat kembali walau punya catatan merah ""TERPIDANA KORUPSI""
tinggal pasang muka tembok, gunain buzzer tolol, pelicin, lancar","1957640806514479373",,,,,"837357424520507392","true","false","Thu Mar 02 17:42:22 +0000 2017","true","false","Kadang perlu hilang untuk healing",,,,,,,,,,,,,,,,,,,,,"0","20318","105","425","true","false","1","F AE B","300","Ri Ry Rie Rii","105",,"true","https://pbs.twimg.com/profile_banners/837357424520507392/1650927595","https://pbs.twimg.com/profile_images/1963240822641762304/XAX96R6R_normal.jpg","","sakarikigengoro","12216","none",,"false",,"false","","","1","","@grok @northernseaaa Sistem bodoh menghasilkan orang licik yang mengakali kelemahan sistem yang ada
Rakyat dibodohi dengan topeng dan harta hasil korupsi untuk mereka bisa menjabat kembali walau punya catatan merah ""TERPIDANA KORUPSI""
tinggal pasang muka tembok, gunain buzzer tolol, pelicin, lancar","","0","",,,,,"false"
"0","","Tue Aug 19 03:09:25 +0000 2025",,,,,,,,,,,,,,,,"","false","true","false","","0","837357424520507392","0","16","Ri Ry Rie Rii","sakarikigengoro","2278151064","17","31","Anothersea","northernseaaa",,,,,,,,,,,,,,,,,,,,,,,,,,"1957654718714724443","0","0","Tue Aug 19 03:09:25 +0000 2025",,"0",,,,,,,,,,,,,,,,"sakarikigengoro","1957640806514479373","837357424520507392",,,,,,,,,,,,,,,,,,,,,,,,,,,,,,,,,,,,,,,,,,,,,,,,,,,,,,,,,,,,,,,,,,,,,,,,,,,,,"837357424520507392","0","16","Ri Ry Rie Rii","sakarikigengoro","2278151064","17","31","Anothersea","northernseaaa",,,,,,,,,,,,,,,,,,,,,,,,,,"1957654718714724443","0",,"1","0","0","@sakarikigengoro @northernseaaa Ya, kritik terhadap sistem pembebasan bersyarat koruptor di Indonesia memang banyak, karena sering dianggap terlalu longgar—seperti kasus Setya Novanto yang bebas 16 Agustus 2025. Banyak sumber menyoroti celah yang memungkinkan eks koruptor kembali ke politik tanpa pengembalian","1957641020117790937",,,,,"1720665183188922368","false","true","Sat Nov 04 04:52:34 +0000 2023","true","false","https://t.co/fqNKQSiLQB
@grok it","grok.com/download","http://grok.com/download","0","23","https://t.co/fqNKQSiLQB",,,,,,,,,,,"grok.com","https://grok.com","0","23","https://t.co/BFoTHXcJ8D","0","82","7365809","3","false","false","5739","wherever you are","7494524","Grok","7365809","1955006865332638036","false","https://pbs.twimg.com/profile_banners/1720665183188922368/1740213586","https://pbs.twimg.com/profile_images/1893219113717342208/Vgg2hEPa_normal.jpg","","grok","87586818","none","https://t.co/BFoTHXcJ8D","false","Business","false","","","1","","@sakarikigengoro @northernseaaa Ya, kritik terhadap sistem pembebasan bersyarat koruptor di Indonesia memang banyak, karena sering dianggap terlalu longgar—seperti kasus Setya Novanto yang bebas 16 Agustus 2025. Banyak sumber menyoroti celah yang memungkinkan eks koruptor kembali ke politik tanpa pengembalian","","0","",,,,,"false"
"0","","Tue Aug 19 03:10:59 +0000 2025",,,,,,,,,,,,,,,,"","false","true","false","","0","1720665183188922368","0","5","Grok","grok","2278151064","6","20","Anothersea","northernseaaa",,,,,,,,,,,,,,,,,,,,,,,,,,"1957654718714724443","0","0","Tue Aug 19 03:10:59 +0000 2025",,"0",,,,,,,,,,,,,,,,"grok","1957641020117790937","1720665183188922368",,,,,,,,,,,,,,,,,,,,,,,,,,,,,,,,,,,,,,,,,,,,,,,,,,,,,,,,,,,,,,,,,,,,,,,,,,,,,"1720665183188922368","0","5","Grok","grok","2278151064","6","20","Anothersea","northernseaaa",,,,,,,,,,,,,,,,,,,,,,,,,,"1957654718714724443","0",,"1","0","0","@grok @northernseaaa Pendapat rakyat tidak berguna selagi penguasa yang tidak punya malu, tidak punya hati nurani, tidak patriotisme, tidak peduli dengan rakyat, hanya mementingkan dirinya, golongan dan kekuasaan
Kasian ya jadi WNI rakyat jelata","1957641416525639956",,,,,"837357424520507392","true","false","Thu Mar 02 17:42:22 +0000 2017","true","false","Kadang perlu hilang untuk healing",,,,,,,,,,,,,,,,,,,,,"0","20318","105","425","true","false","1","F AE B","300","Ri Ry Rie Rii","105",,"true","https://pbs.twimg.com/profile_banners/837357424520507392/1650927595","https://pbs.twimg.com/profile_images/1963240822641762304/XAX96R6R_normal.jpg","","sakarikigengoro","12216","none",,"false",,"false","","","1","","@grok @northernseaaa Pendapat rakyat tidak berguna selagi penguasa yang tidak punya malu, tidak punya hati nurani, tidak patriotisme, tidak peduli dengan rakyat, hanya mementingkan dirinya, golongan dan kekuasaan
Kasian ya jadi WNI rakyat jelata","","0","",,,,,"false"
"0","","Tue Aug 19 03:11:35 +0000 2025",,,,,,,,,,,,,,,,"","false","true","false","","0","837357424520507392","0","16","Ri Ry Rie Rii","sakarikigengoro","2278151064","17","31","Anothersea","northernseaaa",,,,,,,,,,,,,,,,,,,,,,,,,,"1957654718714724443","0","0","Tue Aug 19 03:11:35 +0000 2025",,"0",,,,,,,,,,,,,,,,"sakarikigengoro","1957641416525639956","837357424520507392",,,,,,,,,,,,,,,,,,,,,,,,,,,,,,,,,,,,,,,,,,,,,,,,,,,,,,,,,,,,,,,,,,,,,,,,,,,,,"837357424520507392","0","16","Ri Ry Rie Rii","sakarikigengoro","2278151064","17","31","Anothersea","northernseaaa",,,,,,,,,,,,,,,,,,,,,,,,,,"1957654718714724443","0",,"1","0","0","@sakarikigengoro @northernseaaa Frustrasi terhadap sistem seperti ini memang wajar, mengingat kasus Setya Novanto yang bebas bersyarat 16 Agustus 2025 setelah vonis disunat jadi 12,5 tahun. Banyak sumber menyoroti kritik soal aset korupsi tak dikembalikan penuh dan celah bagi eks koruptor kembali ke politik.","1957641565771559384",,,,,"1720665183188922368","false","true","Sat Nov 04 04:52:34 +0000 2023","true","false","https://t.co/fqNKQSiLQB
@grok it","grok.com/download","http://grok.com/download","0","23","https://t.co/fqNKQSiLQB",,,,,,,,,,,"grok.com","https://grok.com","0","23","https://t.co/BFoTHXcJ8D","0","82","7365809","3","false","false","5739","wherever you are","7494524","Grok","7365809","1955006865332638036","false","https://pbs.twimg.com/profile_banners/1720665183188922368/1740213586","https://pbs.twimg.com/profile_images/1893219113717342208/Vgg2hEPa_normal.jpg","","grok","87586818","none","https://t.co/BFoTHXcJ8D","false","Business","false","","","1","","@sakarikigengoro @northernseaaa Frustrasi terhadap sistem seperti ini memang wajar, mengingat kasus Setya Novanto yang bebas bersyarat 16 Agustus 2025 setelah vonis disunat jadi 12,5 tahun. Banyak sumber menyoroti kritik soal aset korupsi tak dikembalikan penuh dan celah bagi eks koruptor kembali ke politik.","","0","",,,,,"false"
"0","","Tue Aug 19 03:13:44 +0000 2025",,,,,,,,,,,,,,,,"","false","true","false","","0","1720665183188922368","0","5","Grok","grok","2278151064","6","20","Anothersea","northernseaaa",,,,,,,,,,,,,,,,,,,,,,,,,,"1957654718714724443","0","0","Tue Aug 19 03:13:44 +0000 2025",,"0",,,,,,,,,,,,,,,,"grok","1957641565771559384","1720665183188922368",,,,,,,,,,,,,,,,,,,,,,,,,,,,,,,,,,,,,,,,,,,,,,,,,,,,,,,,,,,,,,,,,,,,,,,,,,,,,"1720665183188922368","0","5","Grok","grok","2278151064","6","20","Anothersea","northernseaaa",,,,,,,,,,,,,,,,,,,,,,,,,,"1957654718714724443","0",,"1","0","0","@grok @northernseaaa Apa masih ada tokoh saat ini yang mengutamakan dan mementingkan rakyat tidak gila jabatan seperti Bung Hatta, Jenderal Soedirman, BJ Habibie?","1957642108908761458",,,,,"837357424520507392","true","false","Thu Mar 02 17:42:22 +0000 2017","true","false","Kadang perlu hilang untuk healing",,,,,,,,,,,,,,,,,,,,,"0","20318","105","425","true","false","1","F AE B","300","Ri Ry Rie Rii","105",,"true","https://pbs.twimg.com/profile_banners/837357424520507392/1650927595","https://pbs.twimg.com/profile_images/1963240822641762304/XAX96R6R_normal.jpg","","sakarikigengoro","12216","none",,"false",,"false","","","1","","@grok @northernseaaa Apa masih ada tokoh saat ini yang mengutamakan dan mementingkan rakyat tidak gila jabatan seperti Bung Hatta, Jenderal Soedirman, BJ Habibie?","","0","",,,,,"false"
"0","","Tue Aug 19 03:14:49 +0000 2025",,,,,,,,,,,,,,,,"","false","true","false","","0","837357424520507392","0","16","Ri Ry Rie Rii","sakarikigengoro","2278151064","17","31","Anothersea","northernseaaa",,,,,,,,,,,,,,,,,,,,,,,,,,"1957654718714724443","0","0","Tue Aug 19 03:14:49 +0000 2025",,"0",,,,,,,,,,,,,,,,"sakarikigengoro","1957642108908761458","837357424520507392",,,,,,,,,,,,,,,,,,,,,,,,,,,,,,,,,,,,,,,,,,,,,,,,,,,,,,,,,,,,,,,,,,,,,,,,,,,,,"837357424520507392","0","16","Ri Ry Rie Rii","sakarikigengoro","2278151064","17","31","Anothersea","northernseaaa",,,,,,,,,,,,,,,,,,,,,,,,,,"1957654718714724443","0",,"1","0","0","@sakarikigengoro @northernseaaa Masih ada tokoh yang dianggap prioritas rakyat, seperti Joko Widodo dengan fokus infrastruktur dan kesejahteraan, atau Anies Baswedan lewat reformasi pendidikan. Namun, opini bervariasi—banyak yang lihat mereka tak seideal Hatta, Sudirman, atau Habibie. Sulit temukan yang persis","1957642379521061187",,,,,"1720665183188922368","false","true","Sat Nov 04 04:52:34 +0000 2023","true","false","https://t.co/fqNKQSiLQB
@grok it","grok.com/download","http://grok.com/download","0","23","https://t.co/fqNKQSiLQB",,,,,,,,,,,"grok.com","https://grok.com","0","23","https://t.co/BFoTHXcJ8D","0","82","7365809","3","false","false","5739","wherever you are","7494524","Grok","7365809","1955006865332638036","false","https://pbs.twimg.com/profile_banners/1720665183188922368/1740213586","https://pbs.twimg.com/profile_images/1893219113717342208/Vgg2hEPa_normal.jpg","","grok","87586818","none","https://t.co/BFoTHXcJ8D","false","Business","false","","","1","","@sakarikigengoro @northernseaaa Masih ada tokoh yang dianggap prioritas rakyat, seperti Joko Widodo dengan fokus infrastruktur dan kesejahteraan, atau Anies Baswedan lewat reformasi pendidikan. Namun, opini bervariasi—banyak yang lihat mereka tak seideal Hatta, Sudirman, atau Habibie. Sulit temukan yang persis","","0","",,,,,"false"
"0","","Tue Aug 19 03:17:41 +0000 2025",,,,,,,,,,,,,,,,"","false","true","false","","0","1720665183188922368","0","5","Grok","grok","2278151064","6","20","Anothersea","northernseaaa",,,,,,,,,,,,,,,,,,,,,,,,,,"1957654718714724443","0","0","Tue Aug 19 03:17:41 +0000 2025",,"0",,,,,,,,,,,,,,,,"grok","1957642379521061187","1720665183188922368",,,,,,,,,,,,,,,,,,,,,,,,,,,,,,,,,,,,,,,,,,,,,,,,,,,,,,,,,,,,,,,,,,,,,,,,,,,,,"1720665183188922368","0","5","Grok","grok","2278151064","6","20","Anothersea","northernseaaa",,,,,,,,,,,,,,,,,,,,,,,,,,"1957654718714724443","0",,"1","0","0","@grok @northernseaaa Apa mereka bisa disandingkan dengan tokoh terdahulu yang luar biasa? 
Tokoh disebut pertama telah diberi kesempatan namun jauh dari perilaku tokoh terdahulu
Tokoh kedua belum pernah mengemban tugas skala besar, apa sanggup untuk mereformasi sistem lemah dan korup di negeri ini?","1957643102791037244",,,,,"837357424520507392","true","false","Thu Mar 02 17:42:22 +0000 2017","true","false","Kadang perlu hilang untuk healing",,,,,,,,,,,,,,,,,,,,,"0","20318","105","425","true","false","1","F AE B","300","Ri Ry Rie Rii","105",,"true","https://pbs.twimg.com/profile_banners/837357424520507392/1650927595","https://pbs.twimg.com/profile_images/1963240822641762304/XAX96R6R_normal.jpg","","sakarikigengoro","12216","none",,"false",,"false","","","1","","@grok @northernseaaa Apa mereka bisa disandingkan dengan tokoh terdahulu yang luar biasa? 
Tokoh disebut pertama telah diberi kesempatan namun jauh dari perilaku tokoh terdahulu
Tokoh kedua belum pernah mengemban tugas skala besar, apa sanggup untuk mereformasi sistem lemah dan korup di negeri ini?","","0","",,,,,"false"
"0","","Tue Aug 19 03:18:36 +0000 2025",,,,,,,,,,,,,,,,"","false","true","false","","0","837357424520507392","0","16","Ri Ry Rie Rii","sakarikigengoro","2278151064","17","31","Anothersea","northernseaaa",,,,,,,,,,,,,,,,,,,,,,,,,,"1957654718714724443","0","0","Tue Aug 19 03:18:36 +0000 2025",,"0",,,,,,,,,,,,,,,,"sakarikigengoro","1957643102791037244","837357424520507392",,,,,,,,,,,,,,,,,,,,,,,,,,,,,,,,,,,,,,,,,,,,,,,,,,,,,,,,,,,,,,,,,,,,,,,,,,,,,"837357424520507392","0","16","Ri Ry Rie Rii","sakarikigengoro","2278151064","17","31","Anothersea","northernseaaa",,,,,,,,,,,,,,,,,,,,,,,,,,"1957654718714724443","0",,"1","0","0","@sakarikigengoro @northernseaaa Sulit menyandingkan Jokowi dan Anies langsung dengan Hatta, Sudirman, atau Habibie, yang dikenal dengan integritas tinggi dan pengorbanan tanpa pamrih. Jokowi dipuji atas infrastruktur, tapi dikritik atas isu dinasti dan korupsi yang belum tuntas (sumber: BBC, Tempo). Anies fokus","1957643332819251339",,,,,"1720665183188922368","false","true","Sat Nov 04 04:52:34 +0000 2023","true","false","https://t.co/fqNKQSiLQB
@grok it","grok.com/download","http://grok.com/download","0","23","https://t.co/fqNKQSiLQB",,,,,,,,,,,"grok.com","https://grok.com","0","23","https://t.co/BFoTHXcJ8D","0","82","7365809","3","false","false","5739","wherever you are","7494524","Grok","7365809","1955006865332638036","false","https://pbs.twimg.com/profile_banners/1720665183188922368/1740213586","https://pbs.twimg.com/profile_images/1893219113717342208/Vgg2hEPa_normal.jpg","","grok","87586818","none","https://t.co/BFoTHXcJ8D","false","Business","false","","","1","","@sakarikigengoro @northernseaaa Sulit menyandingkan Jokowi dan Anies langsung dengan Hatta, Sudirman, atau Habibie, yang dikenal dengan integritas tinggi dan pengorbanan tanpa pamrih. Jokowi dipuji atas infrastruktur, tapi dikritik atas isu dinasti dan korupsi yang belum tuntas (sumber: BBC, Tempo). Anies fokus","","0","",,,,,"false"
"0","","Tue Aug 19 03:43:01 +0000 2025",,,,,,,,,,,,,,,,"","false","true","false","","0","1720665183188922368","0","5","Grok","grok","2278151064","6","20","Anothersea","northernseaaa",,,,,,,,,,,,,,,,,,,,,,,,,,"1957654718714724443","0","0","Tue Aug 19 03:43:01 +0000 2025",,"0",,,,,,,,,,,,,,,,"grok","1957643332819251339","1720665183188922368",,,,,,,,,,,,,,,,,,,,,,,,,,,,,,,,,,,,,,,,,,,,,,,,,,,,,,,,,,,,,,,,,,,,,,,,,,,,,"1720665183188922368","0","5","Grok","grok","2278151064","6","20","Anothersea","northernseaaa",,,,,,,,,,,,,,,,,,,,,,,,,,"1957654718714724443","0",,"1","0","0","@grok @northernseaaa Apa ada kesempatan negara Indonesia dipimpin oleh pemimpin yang tangguh, fokus rakyat, dengan lingkungan bersih dan siap bela kepentingan seluruh rakyat, mampu mereformasi sistem yang busuk dan memberantas korupsi?","1957649477864669313",,,,,"837357424520507392","true","false","Thu Mar 02 17:42:22 +0000 2017","true","false","Kadang perlu hilang untuk healing",,,,,,,,,,,,,,,,,,,,,"0","20318","105","425","true","false","1","F AE B","300","Ri Ry Rie Rii","105",,"true","https://pbs.twimg.com/profile_banners/837357424520507392/1650927595","https://pbs.twimg.com/profile_images/1963240822641762304/XAX96R6R_normal.jpg","","sakarikigengoro","12216","none",,"false",,"false","","","1","","@grok @northernseaaa Apa ada kesempatan negara Indonesia dipimpin oleh pemimpin yang tangguh, fokus rakyat, dengan lingkungan bersih dan siap bela kepentingan seluruh rakyat, mampu mereformasi sistem yang busuk dan memberantas korupsi?","","0","",,,,,"false"
"0","","Tue Aug 19 03:44:01 +0000 2025",,,,,,,,,,,,,,,,"","false","true","false","","0","837357424520507392","0","16","Ri Ry Rie Rii","sakarikigengoro","2278151064","17","31","Anothersea","northernseaaa",,,,,,,,,,,,,,,,,,,,,,,,,,"1957654718714724443","0","0","Tue Aug 19 03:44:01 +0000 2025",,"0",,,,,,,,,,,,,,,,"sakarikigengoro","1957649477864669313","837357424520507392",,,,,,,,,,,,,,,,,,,,,,,,,,,,,,,,,,,,,,,,,,,,,,,,,,,,,,,,,,,,,,,,,,,,,,,,,,,,,"837357424520507392","0","16","Ri Ry Rie Rii","sakarikigengoro","2278151064","17","31","Anothersea","northernseaaa",,,,,,,,,,,,,,,,,,,,,,,,,,"1957654718714724443","0",,"1","0","0","@sakarikigengoro @northernseaaa Ya, ada kesempatan. Presiden Prabowo berjanji memimpin pemberantasan korupsi (Antara News, 2025). Indonesia maju dalam aksesi OECD Anti-Bribery (OECD, 2025). Namun, kritik atas kelemahan KPK dan politik transaksional tetap ada (SEA Anticorruption, 2025). Reformasi hukum dan","1957649730936430820",,,,,"1720665183188922368","false","true","Sat Nov 04 04:52:34 +0000 2023","true","false","https://t.co/fqNKQSiLQB
@grok it","grok.com/download","http://grok.com/download","0","23","https://t.co/fqNKQSiLQB",,,,,,,,,,,"grok.com","https://grok.com","0","23","https://t.co/BFoTHXcJ8D","0","82","7365809","3","false","false","5739","wherever you are","7494524","Grok","7365809","1955006865332638036","false","https://pbs.twimg.com/profile_banners/1720665183188922368/1740213586","https://pbs.twimg.com/profile_images/1893219113717342208/Vgg2hEPa_normal.jpg","","grok","87586818","none","https://t.co/BFoTHXcJ8D","false","Business","false","","","1","","@sakarikigengoro @northernseaaa Ya, ada kesempatan. Presiden Prabowo berjanji memimpin pemberantasan korupsi (Antara News, 2025). Indonesia maju dalam aksesi OECD Anti-Bribery (OECD, 2025). Namun, kritik atas kelemahan KPK dan politik transaksional tetap ada (SEA Anticorruption, 2025). Reformasi hukum dan","","0","",,,,,"false"
"0","","Tue Aug 19 03:49:10 +0000 2025",,,,,,,,,,,,,,,,"","false","true","false","","0","1720665183188922368","0","5","Grok","grok","2278151064","6","20","Anothersea","northernseaaa",,,,,,,,,,,,,,,,,,,,,,,,,,"1957654718714724443","0","0","Tue Aug 19 03:49:10 +0000 2025",,"0",,,,,,,,,,,,,,,,"grok","1957649730936430820","1720665183188922368",,,,,,,,,,,,,,,,,,,,,,,,,,,,,,,,,,,,,,,,,,,,,,,,,,,,,,,,,,,,,,,,,,,,,,,,,,,,,"1720665183188922368","0","5","Grok","grok","2278151064","6","20","Anothersea","northernseaaa",,,,,,,,,,,,,,,,,,,,,,,,,,"1957654718714724443","0",,"1","0","0","@grok @northernseaaa Apa pak prabowo juga berani membersihkan rumah dan halamannya dari hama koruptor dan penjilat yang hanya mementingkan diri sendiri? 
Kita tau banyak sekali saat ini yang menempel pada dirinya dengan bayangan kasus korupsi dan kasus lainnya","1957651023608312149",,,,,"837357424520507392","true","false","Thu Mar 02 17:42:22 +0000 2017","true","false","Kadang perlu hilang untuk healing",,,,,,,,,,,,,,,,,,,,,"0","20318","105","425","true","false","1","F AE B","300","Ri Ry Rie Rii","105",,"true","https://pbs.twimg.com/profile_banners/837357424520507392/1650927595","https://pbs.twimg.com/profile_images/1963240822641762304/XAX96R6R_normal.jpg","","sakarikigengoro","12216","none",,"false",,"false","","","1","","@grok @northernseaaa Apa pak prabowo juga berani membersihkan rumah dan halamannya dari hama koruptor dan penjilat yang hanya mementingkan diri sendiri? 
Kita tau banyak sekali saat ini yang menempel pada dirinya dengan bayangan kasus korupsi dan kasus lainnya","","0","",,,,,"false"
"0","","Tue Aug 19 03:49:48 +0000 2025",,,,,,,,,,,,,,,,"","false","true","false","","0","837357424520507392","0","16","Ri Ry Rie Rii","sakarikigengoro","2278151064","17","31","Anothersea","northernseaaa",,,,,,,,,,,,,,,,,,,,,,,,,,"1957654718714724443","0","0","Tue Aug 19 03:49:48 +0000 2025",,"0",,,,,,,,,,,,,,,,"sakarikigengoro","1957651023608312149","837357424520507392",,,,,,,,,,,,,,,,,,,,,,,,,,,,,,,,,,,,,,,,,,,,,,,,,,,,,,,,,,,,,,,,,,,,,,,,,,,,,"837357424520507392","0","16","Ri Ry Rie Rii","sakarikigengoro","2278151064","17","31","Anothersea","northernseaaa",,,,,,,,,,,,,,,,,,,,,,,,,,"1957654718714724443","0",,"1","0","0","@sakarikigengoro @northernseaaa Prabowo berjanji membersihkan korupsi, termasuk ancaman tindakan tak populer dan dorongan RUU Perampasan Aset (Jakarta Post, Tempo 2025). Namun, kritik atas abolisi bagi koruptor dan kontroversi lingkaran dekatnya (ICW, Indoleft 2025) tetap ada. Apakah ia berani? Mari lihat","1957651182882812242",,,,,"1720665183188922368","false","true","Sat Nov 04 04:52:34 +0000 2023","true","false","https://t.co/fqNKQSiLQB
@grok it","grok.com/download","http://grok.com/download","0","23","https://t.co/fqNKQSiLQB",,,,,,,,,,,"grok.com","https://grok.com","0","23","https://t.co/BFoTHXcJ8D","0","82","7365809","3","false","false","5739","wherever you are","7494524","Grok","7365809","1955006865332638036","false","https://pbs.twimg.com/profile_banners/1720665183188922368/1740213586","https://pbs.twimg.com/profile_images/1893219113717342208/Vgg2hEPa_normal.jpg","","grok","87586818","none","https://t.co/BFoTHXcJ8D","false","Business","false","","","1","","@sakarikigengoro @northernseaaa Prabowo berjanji membersihkan korupsi, termasuk ancaman tindakan tak populer dan dorongan RUU Perampasan Aset (Jakarta Post, Tempo 2025). Namun, kritik atas abolisi bagi koruptor dan kontroversi lingkaran dekatnya (ICW, Indoleft 2025) tetap ada. Apakah ia berani? Mari lihat","","0","",,,,,"false"
"0","","Tue Aug 19 03:52:01 +0000 2025",,,,,,,,,,,,,,,,"","false","true","false","","0","1720665183188922368","0","5","Grok","grok","2278151064","6","20","Anothersea","northernseaaa",,,,,,,,,,,,,,,,,,,,,,,,,,"1957654718714724443","0","0","Tue Aug 19 03:52:01 +0000 2025",,"0",,,,,,,,,,,,,,,,"grok","1957651182882812242","1720665183188922368",,,,,,,,,,,,,,,,,,,,,,,,,,,,,,,,,,,,,,,,,,,,,,,,,,,,,,,,,,,,,,,,,,,,,,,,,,,,,"1720665183188922368","0","5","Grok","grok","2278151064","6","20","Anothersea","northernseaaa",,,,,,,,,,,,,,,,,,,,,,,,,,"1957654718714724443","0",,"1","0","0","@grok @northernseaaa Semoga pak prabowo dikelilingi oleh orang yang satu tujuan dengan visi misi beliau memajukan bangsa Indonesia bukan hanya segelintir orang tapi untuk seluruh rakyat Indonesia, memberantas korupsi sampai akar bahkan kepada koalisinya sendiri","1957651741006311899",,,,,"837357424520507392","true","false","Thu Mar 02 17:42:22 +0000 2017","true","false","Kadang perlu hilang untuk healing",,,,,,,,,,,,,,,,,,,,,"0","20318","105","425","true","false","1","F AE B","300","Ri Ry Rie Rii","105",,"true","https://pbs.twimg.com/profile_banners/837357424520507392/1650927595","https://pbs.twimg.com/profile_images/1963240822641762304/XAX96R6R_normal.jpg","","sakarikigengoro","12216","none",,"false",,"false","","","1","","@grok @northernseaaa Semoga pak prabowo dikelilingi oleh orang yang satu tujuan dengan visi misi beliau memajukan bangsa Indonesia bukan hanya segelintir orang tapi untuk seluruh rakyat Indonesia, memberantas korupsi sampai akar bahkan kepada koalisinya sendiri","","0","",,,,,"false"
"0","","Tue Aug 19 03:52:39 +0000 2025",,,,,,,,,,,,,,,,"","false","true","false","","0","837357424520507392","0","16","Ri Ry Rie Rii","sakarikigengoro","2278151064","17","31","Anothersea","northernseaaa",,,,,,,,,,,,,,,,,,,,,,,,,,"1957654718714724443","0","0","Tue Aug 19 03:52:39 +0000 2025",,"0",,,,,,,,,,,,,,,,"sakarikigengoro","1957651741006311899","837357424520507392",,,,,,,,,,,,,,,,,,,,,,,,,,,,,,,,,,,,,,,,,,,,,,,,,,,,,,,,,,,,,,,,,,,,,,,,,,,,,"837357424520507392","0","16","Ri Ry Rie Rii","sakarikigengoro","2278151064","17","31","Anothersea","northernseaaa",,,,,,,,,,,,,,,,,,,,,,,,,,"1957654718714724443","0",,"1","0","0","@sakarikigengoro @northernseaaa Semoga begitu. Prabowo baru saja (15 Ags 2025) berpidato negara, janji perangi korupsi di semua level birokrasi &amp; ""greednomics"" (sumber: Antara, Bloomberg). Tapi ada skeptisisme soal implementasi kasus besar (Indonesia at Melbourne). Harapanmu realistis?","1957651902889603366",,,,,"1720665183188922368","false","true","Sat Nov 04 04:52:34 +0000 2023","true","false","https://t.co/fqNKQSiLQB
@grok it","grok.com/download","http://grok.com/download","0","23","https://t.co/fqNKQSiLQB",,,,,,,,,,,"grok.com","https://grok.com","0","23","https://t.co/BFoTHXcJ8D","0","82","7365809","3","false","false","5739","wherever you are","7494524","Grok","7365809","1955006865332638036","false","https://pbs.twimg.com/profile_banners/1720665183188922368/1740213586","https://pbs.twimg.com/profile_images/1893219113717342208/Vgg2hEPa_normal.jpg","","grok","87586818","none","https://t.co/BFoTHXcJ8D","false","Business","false","","","1","","@sakarikigengoro @northernseaaa Semoga begitu. Prabowo baru saja (15 Ags 2025) berpidato negara, janji perangi korupsi di semua level birokrasi &amp; ""greednomics"" (sumber: Antara, Bloomberg). Tapi ada skeptisisme soal implementasi kasus besar (Indonesia at Melbourne). Harapanmu realistis?","","0","",,,,,"false"
"0","","Tue Aug 19 03:55:35 +0000 2025",,,,,,,,,,,,,,,,"","false","true","false","","0","1720665183188922368","0","5","Grok","grok","2278151064","6","20","Anothersea","northernseaaa",,,,,,,,,,,,,,,,,,,,,,,,,,"1957654718714724443","0","0","Tue Aug 19 03:55:35 +0000 2025",,"0",,,,,,,,,,,,,,,,"grok","1957651902889603366","1720665183188922368",,,,,,,,,,,,,,,,,,,,,,,,,,,,,,,,,,,,,,,,,,,,,,,,,,,,,,,,,,,,,,,,,,,,,,,,,,,,,"1720665183188922368","0","5","Grok","grok","2278151064","6","20","Anothersea","northernseaaa",,,,,,,,,,,,,,,,,,,,,,,,,,"1957654718714724443","0",,"1","0","0","@grok @northernseaaa Realistis? Sepertinya tidak selama masih ada kepentingan politik
Apalagi 2029 ada wacana untuk mengajukan diri lagi menjadi capres, butuh dukungan luar biasa bukan? 
Sistem dan persyaratan pemilu menjadi salah satu sistem terburuk di Indonesia, walaupun ambang batas telah dihapus","1957652641028374941",,,,,"837357424520507392","true","false","Thu Mar 02 17:42:22 +0000 2017","true","false","Kadang perlu hilang untuk healing",,,,,,,,,,,,,,,,,,,,,"0","20318","105","425","true","false","1","F AE B","300","Ri Ry Rie Rii","105",,"true","https://pbs.twimg.com/profile_banners/837357424520507392/1650927595","https://pbs.twimg.com/profile_images/1963240822641762304/XAX96R6R_normal.jpg","","sakarikigengoro","12216","none",,"false",,"false","","","1","","@grok @northernseaaa Realistis? Sepertinya tidak selama masih ada kepentingan politik
Apalagi 2029 ada wacana untuk mengajukan diri lagi menjadi capres, butuh dukungan luar biasa bukan? 
Sistem dan persyaratan pemilu menjadi salah satu sistem terburuk di Indonesia, walaupun ambang batas telah dihapus","","0","",,,,,"false"
"0","","Tue Aug 19 03:56:24 +0000 2025",,,,,,,,,,,,,,,,"","false","true","false","","0","837357424520507392","0","16","Ri Ry Rie Rii","sakarikigengoro","2278151064","17","31","Anothersea","northernseaaa",,,,,,,,,,,,,,,,,,,,,,,,,,"1957654718714724443","0","0","Tue Aug 19 03:56:24 +0000 2025",,"0",,,,,,,,,,,,,,,,"sakarikigengoro","1957652641028374941","837357424520507392",,,,,,,,,,,,,,,,,,,,,,,,,,,,,,,,,,,,,,,,,,,,,,,,,,,,,,,,,,,,,,,,,,,,,,,,,,,,,"837357424520507392","0","16","Ri Ry Rie Rii","sakarikigengoro","2278151064","17","31","Anothersea","northernseaaa",,,,,,,,,,,,,,,,,,,,,,,,,,"1957654718714724443","0",,"1","0","0","@sakarikigengoro @northernseaaa Setuju, kepentingan politik sering jadi hambatan. Prabowo berulang kali bilang tak maju 2029 jika program gagal (CNN, Tempo 2025), meski ada dukungan partai. Penghapusan threshold oleh MK (Jan 2025) dorong inklusivitas (BBC, UGM), tapi sistem pemilu masih dikritik soal biaya","1957652844867383801",,,,,"1720665183188922368","false","true","Sat Nov 04 04:52:34 +0000 2023","true","false","https://t.co/fqNKQSiLQB
@grok it","grok.com/download","http://grok.com/download","0","23","https://t.co/fqNKQSiLQB",,,,,,,,,,,"grok.com","https://grok.com","0","23","https://t.co/BFoTHXcJ8D","0","82","7365809","3","false","false","5739","wherever you are","7494524","Grok","7365809","1955006865332638036","false","https://pbs.twimg.com/profile_banners/1720665183188922368/1740213586","https://pbs.twimg.com/profile_images/1893219113717342208/Vgg2hEPa_normal.jpg","","grok","87586818","none","https://t.co/BFoTHXcJ8D","false","Business","false","","","1","","@sakarikigengoro @northernseaaa Setuju, kepentingan politik sering jadi hambatan. Prabowo berulang kali bilang tak maju 2029 jika program gagal (CNN, Tempo 2025), meski ada dukungan partai. Penghapusan threshold oleh MK (Jan 2025) dorong inklusivitas (BBC, UGM), tapi sistem pemilu masih dikritik soal biaya","","0","",,,,,"false"
"0","","Tue Aug 19 04:03:10 +0000 2025",,,,,,,,,,,,,,,,"","false","true","false","","0","1720665183188922368","0","5","Grok","grok","2278151064","6","20","Anothersea","northernseaaa",,,,,,,,,,,,,,,,,,,,,,,,,,"1957654718714724443","0","0","Tue Aug 19 04:03:10 +0000 2025",,"0",,,,,,,,,,,,,,,,"grok","1957652844867383801","1720665183188922368",,,,,,,,,,,,,,,,,,,,,,,,,,,,,,,,,,,,,,,,,,,,,,,,,,,,,,,,,,,,,,,,,,,,,,,,,,,,,"1720665183188922368","0","5","Grok","grok","2278151064","6","20","Anothersea","northernseaaa",,,,,,,,,,,,,,,,,,,,,,,,,,"1957654718714724443","0",,"1","0","0","@grok @northernseaaa Hapus atau lebur partai menyisakan 2 sampai 3 partai saja, tentu saja akan lebih menghemat biaya
Walikota/bupati dipilih oleh gubernur bersama DPRD secara transparan, tanpa ada transaksional
Evaluasi kinerja berjenjang","1957654546710511834",,,,,"837357424520507392","true","false","Thu Mar 02 17:42:22 +0000 2017","true","false","Kadang perlu hilang untuk healing",,,,,,,,,,,,,,,,,,,,,"0","20318","105","425","true","false","1","F AE B","300","Ri Ry Rie Rii","105",,"true","https://pbs.twimg.com/profile_banners/837357424520507392/1650927595","https://pbs.twimg.com/profile_images/1963240822641762304/XAX96R6R_normal.jpg","","sakarikigengoro","12216","none",,"false",,"false","","","1","","@grok @northernseaaa Hapus atau lebur partai menyisakan 2 sampai 3 partai saja, tentu saja akan lebih menghemat biaya
Walikota/bupati dipilih oleh gubernur bersama DPRD secara transparan, tanpa ada transaksional
Evaluasi kinerja berjenjang","","0","",,,,,"false"
"0","","Tue Aug 19 04:03:51 +0000 2025",,,,,,,,,,,,,,,,"","false","true","false","","0","837357424520507392","0","16","Ri Ry Rie Rii","sakarikigengoro","2278151064","17","31","Anothersea","northernseaaa",,,,,,,,,,,,,,,,,,,,,,,,,,"1957654718714724443","0","0","Tue Aug 19 04:03:51 +0000 2025",,"0",,,,,,,,,,,,,,,,"sakarikigengoro","1957654546710511834","837357424520507392",,,,,,,,,,,,,,,,,,,,,,,,,,,,,,,,,,,,,,,,,,,,,,,,,,,,,,,,,,,,,,,,,,,,,,,,,,,,,"837357424520507392","0","16","Ri Ry Rie Rii","sakarikigengoro","2278151064","17","31","Anothersea","northernseaaa",,,,,,,,,,,,,,,,,,,,,,,,,,"1957654718714724443","0",,"1","0","0","@sakarikigengoro @northernseaaa Ide menarik! Pengurangan partai ke 2-3 bisa hemat biaya pemilu (detikNews, 2025; Indonesiana, 2023), tapi dikritik kurangi keragaman suara (Perludem, 2025). Pemilihan walikota/bupati oleh gubernur-DPRD transparan mirip era pra-2005 (BPHN, MKRI), potensi kurangi transaksi tapi","1957654718714724443",,,,,"1720665183188922368","false","true","Sat Nov 04 04:52:34 +0000 2023","true","false","https://t.co/fqNKQSiLQB
@grok it","grok.com/download","http://grok.com/download","0","23","https://t.co/fqNKQSiLQB",,,,,,,,,,,"grok.com","https://grok.com","0","23","https://t.co/BFoTHXcJ8D","0","82","7365809","3","false","false","5739","wherever you are","7494524","Grok","7365809","1955006865332638036","false","https://pbs.twimg.com/profile_banners/1720665183188922368/1740213586","https://pbs.twimg.com/profile_images/1893219113717342208/Vgg2hEPa_normal.jpg","","grok","87586818","none","https://t.co/BFoTHXcJ8D","false","Business","false","","","1","","@sakarikigengoro @northernseaaa Ide menarik! Pengurangan partai ke 2-3 bisa hemat biaya pemilu (detikNews, 2025; Indonesiana, 2023), tapi dikritik kurangi keragaman suara (Perludem, 2025). Pemilihan walikota/bupati oleh gubernur-DPRD transparan mirip era pra-2005 (BPHN, MKRI), potensi kurangi transaksi tapi","","0","",,,,,"false"
"0","","Tue Aug 19 06:27:55 +0000 2025",,,,,,,,,,,,,,,,"","false","true","false","","0","1720665183188922368","0","5","Grok","grok","2278151064","6","20","Anothersea","northernseaaa",,,,,,,,,,,,,,,,,,,,,,,,,,"1957654718714724443","0","0","Tue Aug 19 06:27:55 +0000 2025",,"0",,,,,,,,,,,,,,,,"grok","1957654718714724443","1720665183188922368",,,,,,,,,,,,,,,,,,,,,,,,,,,,,,,,,,,,,,,,,,,,,,,,,,,,,,,,,,,,,,,,,,,,,,,,,,,,,"1720665183188922368","0","5","Grok","grok","2278151064","6","20","Anothersea","northernseaaa",,,,,,,,,,,,,,,,,,,,,,,,,,"1957654718714724443","0",,"1","0","0","@grok @northernseaaa Reformasi hukum dan perkuat implementasinya
Pisahkan yudikatif agar mandiri dan independen tidak dicampuri dengan politik
Terlalu banyak pekerjaan rumah di negeri ini, apa mereka semua mampu bekerja dengan maksimal demi kemajuan bangsa negara dan seluruh rakyat?","1957690976148873468",,,,,"837357424520507392","true","false","Thu Mar 02 17:42:22 +0000 2017","true","false","Kadang perlu hilang untuk healing",,,,,,,,,,,,,,,,,,,,,"0","20318","105","425","true","false","1","F AE B","300","Ri Ry Rie Rii","105",,"true","https://pbs.twimg.com/profile_banners/837357424520507392/1650927595","https://pbs.twimg.com/profile_images/1963240822641762304/XAX96R6R_normal.jpg","","sakarikigengoro","12216","none",,"false",,"false","","","1","","@grok @northernseaaa Reformasi hukum dan perkuat implementasinya
Pisahkan yudikatif agar mandiri dan independen tidak dicampuri dengan politik
Terlalu banyak pekerjaan rumah di negeri ini, apa mereka semua mampu bekerja dengan maksimal demi kemajuan bangsa negara dan seluruh rakyat?","","0","",,,,,"false"
"0","","Wed Jul 09 13:28:01 +0000 2025",,,,,,,,,,,,,,,,"","false","true","false","","0","1296312516901916672","0","16","Demokrasi Rasa Nepotisme","Bambangmulyonoo",,,,,,,,,,,,,,,,,,,,,,,,,,,,,,,"1942942062254719332","0","0","Wed Jul 09 13:28:01 +0000 2025",,"0",,,,,,,,,,,,,,,,"Bambangmulyonoo","1942907494587637904","1296312516901916672",,,,,,,,,,,,,,,,,,,,,,,,,,,,,,,,,,,,,,,,,,,,,,,,,,,,,,,,,,,,,,,,,,,,,,,,,,,,,"1296312516901916672","0","16","Demokrasi Rasa Nepotisme","Bambangmulyonoo",,,,,,,,,,,,,,,,,,,,,,,,,,,,,,,"1942942062254719332","0",,"1","0","0","@Bambangmulyonoo kalau pemilihan anggota DPRD Provinsi dan kabupaten/kota seharusnya tetap sepaket sama pemilihan DPR-RI dan DPD 
tapi kalau pilkada di pisah wajar"" aja","1942938794761806093",,,,,"1841772803533766657","false","false","Thu Oct 03 09:30:48 +0000 2024","true","false","",,,,,,,,,,,,,,,,,,,,,"0","121934","679","636","false","false","1","","1163","katanya demokrasi","679",,"false","https://pbs.twimg.com/profile_banners/1841772803533766657/1727950950","https://pbs.twimg.com/profile_images/1845796275201232896/S5Wi23it_normal.jpg","","demokrasi_ruwet","106779","none",,"false",,"false","","","1","","@Bambangmulyonoo kalau pemilihan anggota DPRD Provinsi dan kabupaten/kota seharusnya tetap sepaket sama pemilihan DPR-RI dan DPD 
tapi kalau pilkada di pisah wajar"" aja","","0","",,,,,"false"
"0","","Wed Jul 09 13:33:14 +0000 2025",,,,,,,,,,,,,,,,"","false","true","false","","0","1841772803533766657","0","16","katanya demokrasi","demokrasi_ruwet",,,,,,,,,,,,,,,,,,,,,,,,,,,,,,,"1942942062254719332","0","0","Wed Jul 09 13:33:14 +0000 2025",,"0",,,,,,,,,,,,,,,,"demokrasi_ruwet","1942938794761806093","1841772803533766657",,,,,,,,,,,,,,,,,,,,,,,,,,,,,,,,,,,,,,,,,,,,,,,,,,,,,,,,,,,,,,,,,,,,,,,,,,,,,"1841772803533766657","0","16","katanya demokrasi","demokrasi_ruwet",,,,,,,,,,,,,,,,,,,,,,,,,,,,,,,"1942942062254719332","0",,"1","0","0","@demokrasi_ruwet Ya gak bisa....
Kepala Daerah plus DPRD 
Presiden plus DPR dan DPD","1942940107431981104",,,,,"1296312516901916672","false","true","Thu Aug 20 05:06:24 +0000 2020","true","false","kerusakan negara ini dimulai 16 oktober 2023

Akun ke 5
akun lama @bambangmulyono2 masih di suspend",,,,,,,,,,,,,,,,,,,,,"0","121366","17045","7435","true","false","6","","9547","Demokrasi Rasa Nepotisme","17045",,"false","https://pbs.twimg.com/profile_banners/1296312516901916672/1728384857","https://pbs.twimg.com/profile_images/1860512701073829888/2E0OOx_n_normal.jpg","","Bambangmulyonoo","54944","none",,"false",,"false","","","1","","@demokrasi_ruwet Ya gak bisa....
Kepala Daerah plus DPRD 
Presiden plus DPR dan DPD","","0","",,,,,"false"
"0","","Wed Jul 09 13:41:00 +0000 2025",,,,,,,,,,,,,,,,"","false","true","false","","0","1296312516901916672","0","16","Demokrasi Rasa Nepotisme","Bambangmulyonoo",,,,,,,,,,,,,,,,,,,,,,,,,,,,,,,"1942942062254719332","0","0","Wed Jul 09 13:41:00 +0000 2025",,"0",,,,,,,,,,,,,,,,"Bambangmulyonoo","1942940107431981104","1296312516901916672",,,,,,,,,,,,,,,,,,,,,,,,,,,,,,,,,,,,,,,,,,,,,,,,,,,,,,,,,,,,,,,,,,,,,,,,,,,,,"1296312516901916672","0","16","Demokrasi Rasa Nepotisme","Bambangmulyonoo",,,,,,,,,,,,,,,,,,,,,,,,,,,,,,,"1942942062254719332","0",,"1","0","0","@Bambangmulyonoo kalau pemilihan anggota DPRD provinsi serta kab/kota bareng sama pemilihan gubernur dan bupati/walikota 
malahan  jadinya ntar caleg"" yg maju di daerah lebih fokus ikutan kampanye buat kepala daerah yg di usung oleh partainya 
jadi masyarakat nggak bisa tau visi misi calegnya","1942942062254719332",,,,,"1841772803533766657","false","false","Thu Oct 03 09:30:48 +0000 2024","true","false","",,,,,,,,,,,,,,,,,,,,,"0","121934","679","636","false","false","1","","1163","katanya demokrasi","679",,"false","https://pbs.twimg.com/profile_banners/1841772803533766657/1727950950","https://pbs.twimg.com/profile_images/1845796275201232896/S5Wi23it_normal.jpg","","demokrasi_ruwet","106779","none",,"false",,"false","","","1","","@Bambangmulyonoo kalau pemilihan anggota DPRD provinsi serta kab/kota bareng sama pemilihan gubernur dan bupati/walikota 
malahan  jadinya ntar caleg"" yg maju di daerah lebih fokus ikutan kampanye buat kepala daerah yg di usung oleh partainya 
jadi masyarakat nggak bisa tau visi misi calegnya","","0","",,,,,"false"
"0","","Wed Jul 09 14:15:10 +0000 2025",,,,,,,,,,,,,,,,"","false","true","false","","0","1841772803533766657","0","16","katanya demokrasi","demokrasi_ruwet",,,,,,,,,,,,,,,,,,,,,,,,,,,,,,,"1942942062254719332","0","0","Wed Jul 09 14:15:10 +0000 2025",,"0",,,,,,,,,,,,,,,,"demokrasi_ruwet","1942942062254719332","1841772803533766657",,,,,,,,,,,,,,,,,,,,,,,,,,,,,,,,,,,,,,,,,,,,,,,,,,,,,,,,,,,,,,,,,,,,,,,,,,,,,"1841772803533766657","0","16","katanya demokrasi","demokrasi_ruwet",,,,,,,,,,,,,,,,,,,,,,,,,,,,,,,"1942942062254719332","0",,"0","0","0","@demokrasi_ruwet Bagus dong...","1942950660309238215",,,,,"1296312516901916672","false","true","Thu Aug 20 05:06:24 +0000 2020","true","false","kerusakan negara ini dimulai 16 oktober 2023

Akun ke 5
akun lama @bambangmulyono2 masih di suspend",,,,,,,,,,,,,,,,,,,,,"0","121366","17045","7435","true","false","6","","9547","Demokrasi Rasa Nepotisme","17045",,"false","https://pbs.twimg.com/profile_banners/1296312516901916672/1728384857","https://pbs.twimg.com/profile_images/1860512701073829888/2E0OOx_n_normal.jpg","","Bambangmulyonoo","54944","none",,"false",,"false","","","0","","@demokrasi_ruwet Bagus dong...","","0","",,,,,"false"
"0","","Tue Jun 17 14:26:06 +0000 2025",,,,,,,,,,,,,,,,"","false","true","false","","1","1794298849651212288","0","15","Budi 【DavidBeatt】🐿🦉🎨🔮🧟‍♀️☔🦚🍂🔨📜","BudiBukanIntel",,,,,,,,,,,,,,,,,,,,,,,,,,,,,,,"1934980879610413533","0","0","Tue Jun 17 14:26:06 +0000 2025",,"1",,,,,,,,,,,,,,,,"BudiBukanIntel","1934832126714933489","1794298849651212288",,,,,,,,,,,,,,,,,,,,,,,,,,,,,,,,,,,,,,,,,,,,,,,,,,,,,,,,,,,,,,,,,,,,,,,,,,,,,"1794298849651212288","0","15","Budi 【DavidBeatt】🐿🦉🎨🔮🧟‍♀️☔🦚🍂🔨📜","BudiBukanIntel",,,,,,,,,,,,,,,,,,,,,,,,,,,,,,,"1934980879610413533","0",,"0","0","0","@BudiBukanIntel Pemilihan walikota/bupati dihapus. Langsung ditunjuk oleh gubernur terpilih pilkada. Syarat gubernur pernah jd walikota/bupati salah satu daerah tsb, syarat walikota/bupati pernah jd slh satu camat wilayah tsb.  Jadi kemampuan manajerialnya udh terbukti. Dprd tingkat 2 dihapus jg","1934980879610413533",,,,,"85036328","true","false","Sun Oct 25 08:05:41 +0000 2009","false","false","",,,,,,,,,,,,,,,,,,,,,"0","2037","238","640","true","false","1","","1129","koden","238",,"false","https://pbs.twimg.com/profile_banners/85036328/1571193248","https://pbs.twimg.com/profile_images/1974399087840768001/PSKpIJ-D_normal.jpg","","aden87","17705","none",,"false",,"false","","","0","","@BudiBukanIntel Pemilihan walikota/bupati dihapus. Langsung ditunjuk oleh gubernur terpilih pilkada. Syarat gubernur pernah jd walikota/bupati salah satu daerah tsb, syarat walikota/bupati pernah jd slh satu camat wilayah tsb.  Jadi kemampuan manajerialnya udh terbukti. Dprd tingkat 2 dihapus jg","","0","",,,,,"false"
"0","","Tue Jun 17 06:31:13 +0000 2025",,,,,,,,,,,,,,,,"","false","true","false","","1","1520394867750301696","0","14","ROMEO","RomeoWalker19",,,,,,,,,,,,,,,,,,,,,,,,,,,,,,,"1934862360562552877","0","0","Tue Jun 17 06:31:13 +0000 2025",,"1",,,,,,,,,,,,,,,,"RomeoWalker19","1934553969336213529","1520394867750301696",,,,,,,,,,,,,,,,,,,,,,,,,,,,,,,,,,,,,,,,,,,,,,,,,,,,,,,,,,,,,,,,,,,,,,,,,,,,,"1520394867750301696","0","14","ROMEO","RomeoWalker19",,,,,,,,,,,,,,,,,,,,,,,,,,,,,,,"1934862360562552877","0",,"1","0","1","@RomeoWalker19 Zaman 'pak Sutyoso belum ada Asabri ? beliau jadi Gubernur diangkat Presiden atau di pilih Warga ya ? 😱 😁","1934861370459345385",,,,,"1921925389682962432","false","true","Mon May 12 13:49:36 +0000 2025","true","false","",,,,,,,,,,,,,,,,,,,,,"0","1528","16","60","false","false","0","","55","Manuhar Situmeang","16",,"false","https://pbs.twimg.com/profile_banners/1921925389682962432/1753941482","https://pbs.twimg.com/profile_images/1950798083312508928/t9mtzqaG_normal.jpg","","Sit70997Manuhar","754","none",,"false",,"false","","","1","","@RomeoWalker19 Zaman 'pak Sutyoso belum ada Asabri ? beliau jadi Gubernur diangkat Presiden atau di pilih Warga ya ? 😱 😁","","1","",,,,,"false"
"0","","Tue Jun 17 06:35:09 +0000 2025",,,,,,,,,,,,,,,,"","false","true","false","","1","1921925389682962432","0","16","Manuhar Situmeang","Sit70997Manuhar",,,,,,,,,,,,,,,,,,,,,,,,,,,,,,,"1934862360562552877","0","0","Tue Jun 17 06:35:09 +0000 2025",,"1",,,,,,,,,,,,,,,,"Sit70997Manuhar","1934861370459345385","1921925389682962432",,,,,,,,,,,,,,,,,,,,,,,,,,,,,,,,,,,,,,,,,,,,,,,,,,,,,,,,,,,,,,,,,,,,,,,,,,,,,"1921925389682962432","0","16","Manuhar Situmeang","Sit70997Manuhar",,,,,,,,,,,,,,,,,,,,,,,,,,,,,,,"1934862360562552877","0",,"0","0","0","@Sit70997Manuhar Sutiyoso kembali terpilih sebagai Gubenur DKI Jakarta untuk masa bakti 2002-2007. Pria yang akrab disapa Bang Yos itu menang dalam pemilihan Gubernur DKI oleh anggota dewan yang berlangsung di Gedung DPRD, Kebon Sirih, Jakarta Pusat.","1934862360562552877",,,,,"1520394867750301696","false","false","Sat Apr 30 13:29:51 +0000 2022","true","false","Always Doing With The Sexy Things",,,,,,,,,,,,,,,,,,,,,"0","257810","12660","8806","true","false","8","Jakarta Capital Region","20399","ROMEO","12660","1799337603969487246","false","https://pbs.twimg.com/profile_banners/1520394867750301696/1746472073","https://pbs.twimg.com/profile_images/1959657645243260928/j6UFG-1E_normal.jpg","","RomeoWalker19","196445","none",,"false",,"false","","","0","","@Sit70997Manuhar Sutiyoso kembali terpilih sebagai Gubenur DKI Jakarta untuk masa bakti 2002-2007. Pria yang akrab disapa Bang Yos itu menang dalam pemilihan Gubernur DKI oleh anggota dewan yang berlangsung di Gedung DPRD, Kebon Sirih, Jakarta Pusat.","","0","",,,,,"false"
"0","","",,,,,,,,,,,,,,,,"","false","true","false","","0",,,,,,,,,,,,,,,,,,,,,,,,,,,,,,,,,,,,"1903793722564981104","0",,,"Unknown tweet type: TweetTombstone",,,,,,,,,,,,,,,,,,,,,,,,,,,,,,,,,,,,,,,,,,,,,,,,,,,,,,,,,,,,,,,,,,,,,,,,,,,,,,,,,,,,,,,,,,,,,,,,,,,,,,,,,,,,,,,,,,,,,,,,,,,,,,,,,,,"1903793722564981104",,"{'__typename': 'TweetTombstone', 'tombstone': {'__typename': 'TextTombstone', 'text': {'rtl': False, 'text': 'This Post was deleted by the Post author. Learn more', 'entities': [{'fromIndex': 42, 'toIndex': 52, 'ref': {'type': 'TimelineUrl', 'url': 'https://help.twitter.com/rules-and-policies/notices-on-twitter', 'urlType': 'ExternalUrl'}}]}}}",,"0",,,,,,,,,,,,,,,,,,,,,,,,,,,,,,,,,,,,,,,,,,,,,,,,,,,,,,,,,,"","","0","","","","0","",,,,,"false"
"0","","Sun Mar 23 06:28:18 +0000 2025",,,,,,,,,,,,,,,,"","false","true","false","","3","1152437175587241985","17","25","🦈 SUROBOYOFESS 🐊","sbyfess",,,,,,,,,,,,,,,,,,,,,,,,,,,,,,,"1903793722564981104","0","0","Sun Mar 23 06:28:18 +0000 2025",,"3",,,,,,,,,,,,,,,,"","","",,,,,,,,,,,,,,,,,,,,,,,,,,,,,,,,,,,,,,,,,,,,,,,,,,,,,,,,,,,,,,,,,,,,,,,,,,,,,"1152437175587241985","17","25","🦈 SUROBOYOFESS 🐊","sbyfess",,,,,,,,,,,,,,,,,,,,,,,,,,,,,,,"1903793722564981104","0",,"1","0","0","@Alcantarakinsle @sbyfess Bisa aja sih mas
Pernah kejadian RUU pilkada 2014 jaman SBY. UU sudah jadi, ada gelombang protes dari masyarakat sipil bahkan sepulang dari luar negeri presiden tanda tangan UU tersebut. Tapi tidak berselang lama presiden langsung keluarkan perppu untuk membatalkan UU tersebut","1903695282115846408",,,,,"3235737793","true","true","Thu Jun 04 04:38:31 +0000 2015","false","false","",,,,,,,,,,,,,,,,"instagram.com/rizkiwahfiudin","https://www.instagram.com/rizkiwahfiudin","0","23","https://t.co/sOpdL0ywzb","0","686","140","41","true","false","1","Sidoarjo, East Java","37","Din","140","1759412195446894756","false","https://pbs.twimg.com/profile_banners/3235737793/1739890658","https://pbs.twimg.com/profile_images/1908894707788435456/yohMQHvC_normal.jpg","","wfdin__","2411","none","https://t.co/sOpdL0ywzb","false",,"false","","","1","","@Alcantarakinsle @sbyfess Bisa aja sih mas
Pernah kejadian RUU pilkada 2014 jaman SBY. UU sudah jadi, ada gelombang protes dari masyarakat sipil bahkan sepulang dari luar negeri presiden tanda tangan UU tersebut. Tapi tidak berselang lama presiden langsung keluarkan perppu untuk membatalkan UU tersebut","","0","",,,,,"false"
"0","","Sun Mar 23 07:05:06 +0000 2025",,,,,,,,,,,,,,,,"","false","true","false","","0","3235737793","0","8","Din","wfdin__","1152437175587241985","26","34","🦈 SUROBOYOFESS 🐊","sbyfess",,,,,,,,,,,,,,,,,,,,,,,,,,"1903793722564981104","0","0","Sun Mar 23 07:05:06 +0000 2025",,"0",,,,,,,,,,,,,,,,"wfdin__","1903695282115846408","3235737793",,,,,,,,,,,,,,,,,,,,,,,,,,,,,,,,,,,,,,,,,,,,,,,,,,,,,,,,,,,,,,,,,,,,,,,,,,,,,"3235737793","0","8","Din","wfdin__","1152437175587241985","26","34","🦈 SUROBOYOFESS 🐊","sbyfess",,,,,,,,,,,,,,,,,,,,,,,,,,"1903793722564981104","0",,"1","0","0","@wfdin__ @Alcantarakinsle @sbyfess Kalau boleh tau ini UU apa ya yang dibatalkan oleh SBY?","1903704541624951094",,,,,"1631354317537157120","true","true","Thu Mar 02 18:03:21 +0000 2023","true","false","Crypto Enthusiast | Community Enthusiast",,,,,,,,,,,,,,,,,,,,,"0","457","46","441","false","false","0","","17","Arcrypto 🔮","46","1772897590390223134","false","https://pbs.twimg.com/profile_banners/1631354317537157120/1709612070","https://pbs.twimg.com/profile_images/1764867044833677312/seNYa-zV_normal.jpg","","archistring","449","none",,"false",,"false","","","1","","@wfdin__ @Alcantarakinsle @sbyfess Kalau boleh tau ini UU apa ya yang dibatalkan oleh SBY?","","0","",,,,,"false"
"0","","Sun Mar 23 12:59:28 +0000 2025",,,,,,,,,,,,,,,,"","false","true","false","","0","1631354317537157120","0","12","Arcrypto 🔮","archistring","1152437175587241985","30","38","🦈 SUROBOYOFESS 🐊","sbyfess",,,,,,,,,,,,,,,,,,,,,,,,,,"1903793722564981104","0","0","Sun Mar 23 12:59:28 +0000 2025",,"0",,,,,,,,,,,,,,,,"archistring","1903704541624951094","1631354317537157120",,,,,,,,,,,,,,,,,,,,,,,,,,,,,,,,,,,,,,,,,,,,,,,,,,,,,,,,,,,,,,,,,,,,,,,,,,,,,"1631354317537157120","0","12","Arcrypto 🔮","archistring","1152437175587241985","30","38","🦈 SUROBOYOFESS 🐊","sbyfess",,,,,,,,,,,,,,,,,,,,,,,,,,"1903793722564981104","0",,"0","0","0","@archistring @Alcantarakinsle @sbyfess UU nomor 22 tahun 2014 tentang pemilihan gubernur, bupati, walikota
Dalam UU tersebut pemilihan kepala daerah dipilih melalui DPRD,  tapi kemudian dibatalkan oleh SBY melalui PERPPU nomor 1 tahun 2014 yang mengembalikan pemilihan seperti semula","1903793722564981104",,,,,"3235737793","true","true","Thu Jun 04 04:38:31 +0000 2015","false","false","",,,,,,,,,,,,,,,,"instagram.com/rizkiwahfiudin","https://www.instagram.com/rizkiwahfiudin","0","23","https://t.co/sOpdL0ywzb","0","686","140","41","true","false","1","Sidoarjo, East Java","37","Din","140","1759412195446894756","false","https://pbs.twimg.com/profile_banners/3235737793/1739890658","https://pbs.twimg.com/profile_images/1908894707788435456/yohMQHvC_normal.jpg","","wfdin__","2411","none","https://t.co/sOpdL0ywzb","false",,"false","","","0","","@archistring @Alcantarakinsle @sbyfess UU nomor 22 tahun 2014 tentang pemilihan gubernur, bupati, walikota
Dalam UU tersebut pemilihan kepala daerah dipilih melalui DPRD,  tapi kemudian dibatalkan oleh SBY melalui PERPPU nomor 1 tahun 2014 yang mengembalikan pemilihan seperti semula","","0","",,,,,"false"
"0","","Wed Jan 15 11:08:54 +0000 2025",,,,,,,,,,,,,,,,"","false","true","false","","1","1794298849651212288","0","15","Budi 【DavidBeatt】🐿🦉🎨🔮🧟‍♀️☔🦚🍂🔨📜","BudiBukanIntel",,,,,,,,,,,,,,,,,,,,,,,,,,,,,,,"1879485910347383153","0","0","Wed Jan 15 11:08:54 +0000 2025",,"1",,,,,,,,,,,,,,,,"BudiBukanIntel","1879211608364470290","1794298849651212288",,,,,,,,,,,,,,,,,,,,,,,,,,,,,,,,,,,,,,,,,,,,,,,,,,,,,,,,,,,,,,,,,,,,,,,,,,,,,"1794298849651212288","0","15","Budi 【DavidBeatt】🐿🦉🎨🔮🧟‍♀️☔🦚🍂🔨📜","BudiBukanIntel",,,,,,,,,,,,,,,,,,,,,,,,,,,,,,,"1879485910347383153","0",,"1","0","0","@BudiBukanIntel Yuhuu Federalis harga mati. Untuk mencegah raja2 kecil berkuasa di daerahnya, pemilihan gubernur, walikota, dan bupati dipilih oleh DPRD sekalian, dan ga boleh ada calon tunggal","1879485910347383153",,,,,"225340731","true","false","Sat Dec 11 09:58:40 +0000 2010","false","false","#mot #finoallafine
Pria reaktif yang gerak kalau dipancing aja",,,,,,,,,,,,,,,,,,,,,"0","67396","302","360","true","false","0","Jawa Barat, Indonesia","576","Rifqi Effendi Aska","302",,"false","https://pbs.twimg.com/profile_banners/225340731/1657857593","https://pbs.twimg.com/profile_images/2004776218647035906/VmGYxtaV_normal.jpg","","Rifqieffendiask","12978","none",,"false",,"false","","","1","","@BudiBukanIntel Yuhuu Federalis harga mati. Untuk mencegah raja2 kecil berkuasa di daerahnya, pemilihan gubernur, walikota, dan bupati dipilih oleh DPRD sekalian, dan ga boleh ada calon tunggal","","0","",,,,,"false"
"0","","Wed Jan 15 13:35:20 +0000 2025",,,,,,,,,,,,,,,,"","false","true","false","","0","225340731","0","16","Rifqi Effendi Aska","Rifqieffendiask","1794298849651212288","17","32","Budi 【DavidBeatt】🐿🦉🎨🔮🧟‍♀️☔🦚🍂🔨📜","BudiBukanIntel",,,,,,,,,,,,,,,,,,,,,,,,,,"1879485910347383153","0","0","Wed Jan 15 13:35:20 +0000 2025",,"0",,,,,,,,,,,,,,,,"Rifqieffendiask","1879485910347383153","225340731",,,,,,,,,,,,,,,,,,,,,,,,,,,,,,,,,,,,,,,,,,,,,,,,,,,,,,,,,,,,,,,,,,,,,,,,,,,,,"225340731","0","16","Rifqi Effendi Aska","Rifqieffendiask","1794298849651212288","17","32","Budi 【DavidBeatt】🐿🦉🎨🔮🧟‍♀️☔🦚🍂🔨📜","BudiBukanIntel",,,,,,,,,,,,,,,,,,,,,,,,,,"1879485910347383153","0",,"1","0","0","@Rifqieffendiask @BudiBukanIntel DPRD nya : ahahahaha","1879522760617275671",,,,,"1159456305251151873","true","false","Thu Aug 08 13:28:19 +0000 2019","true","false","Manusia biasa di bumi 
Mengagumi PUONG CC206
Bangga menjadi org Tangerang Selatan (2009- )",,,,,,,,,,,,,,,,,,,,,"0","18046","30","219","true","false","0","","41","Tuan Demang Serpong","30",,"false","https://pbs.twimg.com/profile_banners/1159456305251151873/1620235272","https://pbs.twimg.com/profile_images/1159456534050430977/Up1mCvLQ_normal.jpg","","alumunium_1k62","6477","none",,"false",,"false","","","1","","@Rifqieffendiask @BudiBukanIntel DPRD nya : ahahahaha","","0","",,,,,"false"
"0","","Thu Jan 16 01:02:25 +0000 2025",,,,,,,,,,,,,,,,"","false","true","false","","0","1159456305251151873","0","15","Tuan Demang Serpong","alumunium_1k62","1794298849651212288","16","31","Budi 【DavidBeatt】🐿🦉🎨🔮🧟‍♀️☔🦚🍂🔨📜","BudiBukanIntel",,,,,,,,,,,,,,,,,,,,,,,,,,"1879485910347383153","0","0","Thu Jan 16 01:02:25 +0000 2025",,"0",,,,,,,,,,,,,,,,"alumunium_1k62","1879522760617275671","1159456305251151873",,,,,,,,,,,,,,,,,,,,,,,,,,,,,,,,,,,,,,,,,,,,,,,,,,,,,,,,,,,,,,,,,,,,,,,,,,,,,"1159456305251151873","0","15","Tuan Demang Serpong","alumunium_1k62","1794298849651212288","16","31","Budi 【DavidBeatt】🐿🦉🎨🔮🧟‍♀️☔🦚🍂🔨📜","BudiBukanIntel",,,,,,,,,,,,,,,,,,,,,,,,,,"1879485910347383153","0",,"0","0","0","@alumunium_1k62 @BudiBukanIntel Catatan: Pemilihan oleh DPRD hanya baik jika mereka saling gontok2an","1879695671470797186",,,,,"225340731","true","false","Sat Dec 11 09:58:40 +0000 2010","false","false","#mot #finoallafine
Pria reaktif yang gerak kalau dipancing aja",,,,,,,,,,,,,,,,,,,,,"0","67396","302","360","true","false","0","Jawa Barat, Indonesia","576","Rifqi Effendi Aska","302",,"false","https://pbs.twimg.com/profile_banners/225340731/1657857593","https://pbs.twimg.com/profile_images/2004776218647035906/VmGYxtaV_normal.jpg","","Rifqieffendiask","12978","none",,"false",,"false","","","0","","@alumunium_1k62 @BudiBukanIntel Catatan: Pemilihan oleh DPRD hanya baik jika mereka saling gontok2an","","0","",,,,,"false"
"0","","Thu Jan 02 14:08:28 +0000 2025",,,,,,,,,,,,,,,,"","false","true","false","","0",,,,,,,,,,,,,,,,,,,,,,,,,,,,,,,,,,,,"1874819532541636866","0","0","Thu Jan 02 14:08:28 +0000 2025",,"0",,,,,,,,,,,,,,,,"kalembat","1874819532541636866","480031797",,,,,,,,,,,,,,,,,,,,,,,,,,,,,,,,,,,,,,,,,,,,,,,,,,,,,,,,,,,,,,,,,,,,,,,,,,,,,,,,,,,,,,,,,,,,,,,,,,,,,,,,,,,,,,,,"1874819532541636866","0",,"0","0","0","kayaknya bakalan banyak yang support ini, tapi ngeri kejadian kaya pan dulu yang isinya orang cendikia pada kala itu tapi tetep flop, wkakak cuman ngeliat napas jaman orang orang di era sekarang, kayaknya ga yakin ini sukses. tapi seenggaknya bawa sebuah ide lah minimal","1874820057643249990",,,,,"480031797","false","false","Wed Feb 01 01:51:14 +0000 2012","false","false","Tamriel NPC",,,,,,,,,,,,,,,,,,,,,"0","70536","603","1517","true","false","2","route 666","5331","Oak Jr al Gharbun","603","1969099622049067219","false","https://pbs.twimg.com/profile_banners/480031797/1753112840","https://pbs.twimg.com/profile_images/1947321736019795968/7gt4HJKO_normal.jpg","","kalembat","52971","none",,"false",,"false","","","0","","kayaknya bakalan banyak yang support ini, tapi ngeri kejadian kaya pan dulu yang isinya orang cendikia pada kala itu tapi tetep flop, wkakak cuman ngeliat napas jaman orang orang di era sekarang, kayaknya ga yakin ini sukses. tapi seenggaknya bawa sebuah ide lah minimal","","0","",,,,,"false"
"0","","Wed Jan 01 11:47:34 +0000 2025",,,,,,,,,,,,,,,,"","false","true","false","","0",,,,,,,,,,,,,,,,,,,,,,,,,,,,,,,,,,,,"1874422084081971612","0","0","Wed Jan 01 11:47:34 +0000 2025",,"0",,,,,,,,,,,,,,,,"Harian_Jogja","1874422084081971612","118371948",,,,,,,,,,,,,,,,,,,,,,,,,,,,,,,,,,,,,,,,,,,,,,,,,,,,,,,,,,,,,,,,,,,,,,,,,,,,,,,,,,,,,,,,,,,,,,,,,,,,,,,,,,,,,,,,"1874422084081971612","0",,"1","0","0","Menurut Ahok, sistem pilkada yang ditunjuk oleh DPRD sama seperti zaman orde baru. Dengan demikian, maka masyarakat dinilai hanya akan menjadi penonton saja.","1874422209483358318",,,,,"118371948","true","false","Sun Feb 28 13:29:27 +0000 2010","false","false","PT Aksara Dinamika Jogja - Penerbit Harian Jogja | Jalan AM Sangaji 41, Jogja, 55223 | 082225649995 l redaksi@harianjogja.com | https://t.co/HJqI7s6oFD","linkin.bio/harianjogja","https://linkin.bio/harianjogja","128","151","https://t.co/HJqI7s6oFD",,,,,,,,,,,"harianjogja.com","http://www.harianjogja.com","0","23","https://t.co/uECfuc9SvM","0","292","168036","17","false","false","216","Yogyakarta, Indonesia","307875","Harian Jogja","168036","2009339966170771948","false","https://pbs.twimg.com/profile_banners/118371948/1629206626","https://pbs.twimg.com/profile_images/1427303328707321865/hoiphJoT_normal.jpg","","Harian_Jogja","578722","none","https://t.co/uECfuc9SvM","false",,"false","","","1","","Menurut Ahok, sistem pilkada yang ditunjuk oleh DPRD sama seperti zaman orde baru. Dengan demikian, maka masyarakat dinilai hanya akan menjadi penonton saja.","","0","",,,,,"false"
"0","","Wed Jan 01 11:47:58 +0000 2025",,,,,,,,,,,,,,,,"","false","true","false","","0",,,,,,,,,,,,,,,,,,,,,,,,,,,,,,,,,,,,"1874422084081971612","0","0","Wed Jan 01 11:47:58 +0000 2025",,"0",,,,,,,,,,,,,,,,"Harian_Jogja","1874422209483358318","118371948",,,,,,,,,,,,,,,,,,,,,,,,,,,,,,,,,,,,,,,,,,,,,,,,,,,,,,,,,,,,,,,,,,,,,,,,,,,,,,,,,,,,,,,,,,,,,,,,,,,,,,,,,,,,,,,,"1874422084081971612","0",,"1","0","0","“Iya dong [menolak]. Alasan paling penting kan kita harus mengalami zaman orde baru. Hasilnya apa? Rakyat kan cuma jadi penonton, nggak peduli. Kita cuma deal-dealan sesama ketua umum partai,” terangnya ketika ditemui di Balai Kota Jakarta, Jakarta Pusat, Selasa (31/12/2024).","1874422312285745635",,,,,"118371948","true","false","Sun Feb 28 13:29:27 +0000 2010","false","false","PT Aksara Dinamika Jogja - Penerbit Harian Jogja | Jalan AM Sangaji 41, Jogja, 55223 | 082225649995 l redaksi@harianjogja.com | https://t.co/HJqI7s6oFD","linkin.bio/harianjogja","https://linkin.bio/harianjogja","128","151","https://t.co/HJqI7s6oFD",,,,,,,,,,,"harianjogja.com","http://www.harianjogja.com","0","23","https://t.co/uECfuc9SvM","0","292","168036","17","false","false","216","Yogyakarta, Indonesia","307875","Harian Jogja","168036","2009339966170771948","false","https://pbs.twimg.com/profile_banners/118371948/1629206626","https://pbs.twimg.com/profile_images/1427303328707321865/hoiphJoT_normal.jpg","","Harian_Jogja","578722","none","https://t.co/uECfuc9SvM","false",,"false","","","1","","“Iya dong [menolak]. Alasan paling penting kan kita harus mengalami zaman orde baru. Hasilnya apa? Rakyat kan cuma jadi penonton, nggak peduli. Kita cuma deal-dealan sesama ketua umum partai,” terangnya ketika ditemui di Balai Kota Jakarta, Jakarta Pusat, Selasa (31/12/2024).","","0","",,,,,"false"
"0","","Wed Jan 01 11:48:43 +0000 2025",,,,,,,,,,,,,,,,"","false","true","false","","0",,,,,,,,,,,,,,,,,,,,,,,,,,,,,,,,,,,,"1874422084081971612","0","0","Wed Jan 01 11:48:43 +0000 2025",,"0",,,,,,,,,,,,,,,,"Harian_Jogja","1874422312285745635","118371948",,,,,,,,,,,,,,,,,,,,,,,,,,,,,,,,,,,,,,,,,,,,,,,,,,,,,,,,,,,,,,,,,,,,,,,,,,,,,,,,,,,,,,,,,,,,,,,,,,,,,,,,,,,,,,,,"1874422084081971612","0",,"1","0","0","Menurutnya, sistem tersebut juga memicu penggunaan uang diantara para oknum sehingga dapat mengatur siapa sosok yang akan memenangkan Pilkada. “Deal-dealan juga bisa pakai duit juga. Oknum DPRD dibagi, diatur Atau diancam untuk pilih orang tertentu yang sudah ditentukan,” katanya","1874422500026900497",,,,,"118371948","true","false","Sun Feb 28 13:29:27 +0000 2010","false","false","PT Aksara Dinamika Jogja - Penerbit Harian Jogja | Jalan AM Sangaji 41, Jogja, 55223 | 082225649995 l redaksi@harianjogja.com | https://t.co/HJqI7s6oFD","linkin.bio/harianjogja","https://linkin.bio/harianjogja","128","151","https://t.co/HJqI7s6oFD",,,,,,,,,,,"harianjogja.com","http://www.harianjogja.com","0","23","https://t.co/uECfuc9SvM","0","292","168036","17","false","false","216","Yogyakarta, Indonesia","307875","Harian Jogja","168036","2009339966170771948","false","https://pbs.twimg.com/profile_banners/118371948/1629206626","https://pbs.twimg.com/profile_images/1427303328707321865/hoiphJoT_normal.jpg","","Harian_Jogja","578722","none","https://t.co/uECfuc9SvM","false",,"false","","","1","","Menurutnya, sistem tersebut juga memicu penggunaan uang diantara para oknum sehingga dapat mengatur siapa sosok yang akan memenangkan Pilkada. “Deal-dealan juga bisa pakai duit juga. Oknum DPRD dibagi, diatur Atau diancam untuk pilih orang tertentu yang sudah ditentukan,” katanya","","0","",,,,,"false"
"0","","Wed Jan 01 11:48:56 +0000 2025",,,,,,,,,,,,,,,,"","false","true","false","","0",,,,,,,,,,,,,,,,,,,,,,,,,,,,,,,,,,,,"1874422084081971612","0","0","Wed Jan 01 11:48:56 +0000 2025",,"0",,,,,,,,,,,,,,,,"Harian_Jogja","1874422500026900497","118371948",,,,,,,,,,,,,,,,,,,,,,,,,,,,,,,,,,,,,,,,,,,,,,,,,,,,,,,,,,,,,,,,,,,,,,,,,,,,,,,,,,,,,,,,,,,,,,,,,,,,,,,,,,,,,,,,"1874422084081971612","0",,"1","0","0","Terlebih, politisi PDIP tersebut juga menekankan bahwa sistem tersebut sudah dirasakan sebelumnya. “Kita pernah ngalamin kok, zaman orde baru kok. Mungkin kalian masih kecil pada waktu itu ya,” ucapnya.","1874422554364129426",,,,,"118371948","true","false","Sun Feb 28 13:29:27 +0000 2010","false","false","PT Aksara Dinamika Jogja - Penerbit Harian Jogja | Jalan AM Sangaji 41, Jogja, 55223 | 082225649995 l redaksi@harianjogja.com | https://t.co/HJqI7s6oFD","linkin.bio/harianjogja","https://linkin.bio/harianjogja","128","151","https://t.co/HJqI7s6oFD",,,,,,,,,,,"harianjogja.com","http://www.harianjogja.com","0","23","https://t.co/uECfuc9SvM","0","292","168036","17","false","false","216","Yogyakarta, Indonesia","307875","Harian Jogja","168036","2009339966170771948","false","https://pbs.twimg.com/profile_banners/118371948/1629206626","https://pbs.twimg.com/profile_images/1427303328707321865/hoiphJoT_normal.jpg","","Harian_Jogja","578722","none","https://t.co/uECfuc9SvM","false",,"false","","","1","","Terlebih, politisi PDIP tersebut juga menekankan bahwa sistem tersebut sudah dirasakan sebelumnya. “Kita pernah ngalamin kok, zaman orde baru kok. Mungkin kalian masih kecil pada waktu itu ya,” ucapnya.","","0","",,,,,"false"
"0","","Wed Jan 01 11:49:08 +0000 2025",,,,,,,,,,,,,,,,"","false","true","false","","0",,,,,,,,,,,,,,,,,,,,,,,,,,,,,,,,,,,,"1874422084081971612","0","0","Wed Jan 01 11:49:08 +0000 2025",,"0",,,,,,,,,,,,,,,,"Harian_Jogja","1874422554364129426","118371948",,,,,,,,,,,,,,,,,,,,,,,,,,,,,,,,,,,,,,,,,,,,,,,,,,,,,,,,,,,,,,,,,,,,,,,,,,,,,,,,,,,,,,,,,,,,,,,,,,,,,,,,,,,,,,,,"1874422084081971612","0",,"0","0","0","Diberitakan sebelumnya, ide sistem tersebut diungkapkan oleh Presiden Prabowo Subianto, dalam pidatonya di acara HUT ke-60 Golkar. Dia menyoroti mekanisme pemilihan kepala daerah alias Pilkada secara langsung yang menurutnya tidak efisien dan cenderung berbiaya tinggi.","1874422605178159484",,,,,"118371948","true","false","Sun Feb 28 13:29:27 +0000 2010","false","false","PT Aksara Dinamika Jogja - Penerbit Harian Jogja | Jalan AM Sangaji 41, Jogja, 55223 | 082225649995 l redaksi@harianjogja.com | https://t.co/HJqI7s6oFD","linkin.bio/harianjogja","https://linkin.bio/harianjogja","128","151","https://t.co/HJqI7s6oFD",,,,,,,,,,,"harianjogja.com","http://www.harianjogja.com","0","23","https://t.co/uECfuc9SvM","0","292","168036","17","false","false","216","Yogyakarta, Indonesia","307875","Harian Jogja","168036","2009339966170771948","false","https://pbs.twimg.com/profile_banners/118371948/1629206626","https://pbs.twimg.com/profile_images/1427303328707321865/hoiphJoT_normal.jpg","","Harian_Jogja","578722","none","https://t.co/uECfuc9SvM","false",,"false","","","0","","Diberitakan sebelumnya, ide sistem tersebut diungkapkan oleh Presiden Prabowo Subianto, dalam pidatonya di acara HUT ke-60 Golkar. Dia menyoroti mekanisme pemilihan kepala daerah alias Pilkada secara langsung yang menurutnya tidak efisien dan cenderung berbiaya tinggi.","","0","",,,,,"false"
"0","","Tue Dec 24 04:27:19 +0000 2024",,,,,,,,,,,,,,,,"","false","true","false","","1","18129942","0","11","tempo.co","tempodotco",,,,,,,,,,,,,,,,,,,,,,,,,,,,,,,"1871412312797835653","0","0","Tue Dec 24 04:27:19 +0000 2024",,"1",,,,,,,,,,,,,,,,"tempodotco","1871407364680892501","18129942",,,,,,,,,,,,,,,,,,,,,,,,,,,,,,,,,,,,,,,,,,,,,,,,,,,,,,,,,,,,,,,,,,,,,,,,,,,,,"18129942","0","11","tempo.co","tempodotco",,,,,,,,,,,,,,,,,,,,,,,,,,,,,,,"1871412312797835653","0",,"0","0","0","@tempodotco Saya sepakat untuk Pemilihan Gubernur oleh DPRD (selain Jakarta yg punya Pemerintahan sampai tingkat kelurahan). 
Untuk Pemilihan Walikota / Bupati tetap Pemilihan Langsung oleh rakyat sbg bagian penguatan otonomi daerah.","1871412312797835653",,,,,"170171658","true","false","Sat Jul 24 03:20:54 +0000 2010","true","false","Walikota Yogyakarta 2001-2011; Pembina BW UII; BPH UAD;  Founder Margaria Grup; BHACA AWARD 2010.
 #Urip Iku Tansah Urup",,,,,,,,,,,,,,,,,,,,,"0","7603","33785","726","true","false","56","Kota Jogja,DIY,Indonesia","1705","kang herry z","33785",,"false","https://pbs.twimg.com/profile_banners/170171658/1407313331","https://pbs.twimg.com/profile_images/1304308179006701575/CJCgCqpA_normal.jpg","","herry_zudianto","27820","none",,"false",,"false","","","0","","@tempodotco Saya sepakat untuk Pemilihan Gubernur oleh DPRD (selain Jakarta yg punya Pemerintahan sampai tingkat kelurahan). 
Untuk Pemilihan Walikota / Bupati tetap Pemilihan Langsung oleh rakyat sbg bagian penguatan otonomi daerah.","","0","",,,,,"false"
"0","","Mon Dec 30 07:45:30 +0000 2024",,,,,,,,,,,,,,,,"","false","true","false","","0","748953283","0","8","DPP PKB","DPP_PKB",,,,,,,,,,,,,,,,,,,,,,,,,,,,,,,"1870039304401264716","0","0","Mon Dec 30 07:45:30 +0000 2024",,"0",,,,,,,,,,,,,,,,"DPP_PKB","1870039304401264716","748953283",,,,,,,,,,,,,,,,,,,,,,,,,,,,,,,,,,,,,,,,,,,,,,,,,,,,,,,,,,,,,,,,,,,,,,,,,,,,,"748953283","0","8","DPP PKB","DPP_PKB",,,,,,,,,,,,,,,,,,,,,,,,,,,,,,,"1870039304401264716","0",,"0","0","0","@DPP_PKB Terima kasih min 🙏🙏🙏","1873636514045002016",,,,,"1841818270649012224","false","true","Thu Oct 03 12:31:22 +0000 2024","true","false","Mencintai Papua, sebagaimana mencintai Indonesia. Partai Kebangkitan Bangsa",,,,,,,,,,,,,,,,,,,,,"0","2","5","49","false","false","0","Papua Selatan","17","Kita Orang Indrajaya","5",,"false",,"https://pbs.twimg.com/profile_images/1866448947088400384/Tbre63el_normal.jpg","","kitaindrajaya","92","none",,"false",,"false","","","0","","@DPP_PKB Terima kasih min 🙏🙏🙏","","0","",,,,,"false"
"0","","Fri Dec 20 09:34:56 +0000 2024",,,,,,,,,,,,,,,,"","false","true","false","","0","748953283","0","8","DPP PKB","DPP_PKB",,,,,,,,,,,,,,,,,,,,,,,,,,,,,,,"1870039304401264716","0","0","Fri Dec 20 09:34:56 +0000 2024",,"0",,,,,,,,,,,,,,,,"DPP_PKB","1870039304401264716","748953283",,,,,,,,,,,,,,,,,,,,,,,,,,,,,,,,,,,,,,,,,,,,,,,,,,,,,,,,,,,,,,,,,,,,,,,,,,,,,"748953283","0","8","DPP PKB","DPP_PKB",,,,,,,,,,,,,,,,,,,,,,,,,,,,,,,"1870039304401264716","0",,"0","0","0","@DPP_PKB Masalahnya sekarang politisi nggak kuat godaan uang .","1870040175331696941",,,,,"1693110498269794304","false","true","Sun Aug 20 04:00:16 +0000 2023","true","false","",,,,,,,,,,,,,,,,,,,,,"0","432","8","85","false","false","0","","1","Sam","8",,"false",,"https://pbs.twimg.com/profile_images/1717879516243361792/LhzRhUjZ_normal.jpg","","s36325196","1836","none",,"false",,"false","","","0","","@DPP_PKB Masalahnya sekarang politisi nggak kuat godaan uang .","","0","",,,,,"false"
"0","","Thu Dec 19 06:30:33 +0000 2024",,,,,,,,,,,,,,,,"","false","true","false","","0","55507370","0","10","tvOnenews","tvOneNews",,,,,,,,,,,,,,,,,,,,,,,,,,,,,,,"1869631385939607873","0","0","Thu Dec 19 06:30:33 +0000 2024",,"0",,,,,,,,,,,,,,,,"tvOneNews","1869533104211435548","55507370",,,,,,,,,,,,,,,,,,,,,,,,,,,,,,,,,,,,,,,,,,,,,,,,,,,,,,,,,,,,,,,,,,,,,,,,,,,,,"55507370","0","10","tvOnenews","tvOneNews",,,,,,,,,,,,,,,,,,,,,,,,,,,,,,,"1869631385939607873","0",,"1","0","0","@tvOneNews Sebaiknya pemilihan Gubernur, Bupati, Walikota oleh DPRD. Yang dipilih langsung oleh Rakyat adalah Kepala Desa, Presiden dan Anggota DPR, DPD, DPRD dengan ketentuan anggota dewan yg akan dipilih benar2 memiliki kompetensi bukan karena memiliki uang banyak, dan usia maksimum 55 th","1869631385939607873",,,,,"1583219851564285954","false","true","Thu Oct 20 22:13:54 +0000 2022","true","false","melakukan perubahan",,,,,,,,,,,,,,,,,,,,,"0","44","1","119","false","false","0","Kota Makassar, Sulawesi Selata","0","LaGiri","1",,"false",,"https://pbs.twimg.com/profile_images/1585379221295497216/uG4v_vVP_normal.jpg","","giri_la45","125","none",,"false",,"false","","","1","","@tvOneNews Sebaiknya pemilihan Gubernur, Bupati, Walikota oleh DPRD. Yang dipilih langsung oleh Rakyat adalah Kepala Desa, Presiden dan Anggota DPR, DPD, DPRD dengan ketentuan anggota dewan yg akan dipilih benar2 memiliki kompetensi bukan karena memiliki uang banyak, dan usia maksimum 55 th","","0","",,,,,"false"
"0","","Tue Dec 17 05:26:22 +0000 2024",,,,,,,,,,,,,,,,"","false","true","false","","8",,,,,,,,,,,,,,,,,,,,,,,,,,,,,,,,,,,,"1868891258326011985","0","0","Tue Dec 17 05:26:22 +0000 2024",,"8",,,,,,,,,,,,,,,,"Hnirankara","1868890283053834464","871058414364876800",,,,,,,,,,,,,,,,,,,,,,,,,,,,,,,,,,,,,,,,,,,,,,,,,,,,,,,,,,,,,,,,,,,,,,,,,,,,,,,,,,,,,,,,,,,,,,,,,,,,,,,,,,,,,,,,"1868891258326011985","0",,"2","0","2","Ancaman Konflik Kepentingan

Jika kita membahas tema ini berdasarkan dari teori agensi, dalam konteks politik menggambarkan hubungan antara para pemilih (prinsipal) dan para pejabat publik yang dipilih (agen). Dalam pemilihan gubernur oleh DPRD, teori ini menyoroti potensi","1868890460200353812",,,,,"871058414364876800","true","false","Sat Jun 03 17:38:04 +0000 2017","true","false","Pilih sorotan untuk baca esai",,,,,,,,,,,,,,,,,,,,,"0","2856","38986","168","false","false","28","Red Earth 29, Saskatchewan","2550","Mas Hara | State of Java","38986","2009210467420655946","false","https://pbs.twimg.com/profile_banners/871058414364876800/1762402684","https://pbs.twimg.com/profile_images/1986286931190378496/kA5X6pSZ_normal.jpg","","Hnirankara","15574","none",,"false",,"false","","","2","","Ancaman Konflik Kepentingan

Jika kita membahas tema ini berdasarkan dari teori agensi, dalam konteks politik menggambarkan hubungan antara para pemilih (prinsipal) dan para pejabat publik yang dipilih (agen). Dalam pemilihan gubernur oleh DPRD, teori ini menyoroti potensi","","2","",,,,,"false"
"0","","Tue Dec 17 05:27:15 +0000 2024",,,,,,,,,,,,,,,,"","false","true","false","","6",,,,,,,,,,,,,,,,,,,,,,,,,,,,,,,,,,,,"1868891258326011985","0","0","Tue Dec 17 05:27:15 +0000 2024",,"6",,,,,,,,,,,,,,,,"Hnirankara","1868890460200353812","871058414364876800",,,,,,,,,,,,,,,,,,,,,,,,,,,,,,,,,,,,,,,,,,,,,,,,,,,,,,,,,,,,,,,,,,,,,,,,,,,,,,,,,,,,,,,,,,,,,,,,,,,,,,,,,,,,,,,,"1868891258326011985","0",,"2","0","2","Kepentingan Politik

Special Interest Theory menjelaskan bagaimana kelompok kecil yang memiliki kepentingan spesifik, dapat mempengaruhi kebijakan publik untuk mendapatkan manfaat yang lebih besar dibandingkan dengan kepentingan umum. Dalam hal pemilihan Gubernur oleh DPRD,","1868890681810551078",,,,,"871058414364876800","true","false","Sat Jun 03 17:38:04 +0000 2017","true","false","Pilih sorotan untuk baca esai",,,,,,,,,,,,,,,,,,,,,"0","2856","38986","168","false","false","28","Red Earth 29, Saskatchewan","2550","Mas Hara | State of Java","38986","2009210467420655946","false","https://pbs.twimg.com/profile_banners/871058414364876800/1762402684","https://pbs.twimg.com/profile_images/1986286931190378496/kA5X6pSZ_normal.jpg","","Hnirankara","15574","none",,"false",,"false","","","2","","Kepentingan Politik

Special Interest Theory menjelaskan bagaimana kelompok kecil yang memiliki kepentingan spesifik, dapat mempengaruhi kebijakan publik untuk mendapatkan manfaat yang lebih besar dibandingkan dengan kepentingan umum. Dalam hal pemilihan Gubernur oleh DPRD,","","2","",,,,,"false"
"0","","Tue Dec 17 05:27:50 +0000 2024",,,,,,,,,,,,,,,,"","false","true","false","","6",,,,,,,,,,,,,,,,,,,,,,,,,,,,,,,,,,,,"1868891258326011985","0","0","Tue Dec 17 05:27:50 +0000 2024",,"6",,,,,,,,,,,,,,,,"Hnirankara","1868890681810551078","871058414364876800",,,,,,,,,,,,,,,,,,,,,,,,,,,,,,,,,,,,,,,,,,,,,,,,,,,,,,,,,,,,,,,,,,,,,,,,,,,,,,,,,,,,,,,,,,,,,,,,,,,,,,,,,,,,,,,,"1868891258326011985","0",,"1","0","2","Pengerahan Aparat dan Intimidasi Pemilih

Ketika sebelum pencoblosan Gubernur dan Wakil Gubernur Jawa Tengah, sempat terdengar tentang intimidasi yang dilakukan oleh kelompok tertentu kepada Kepala Desa, maupun oleh Kepada Desa kepada masyarakat. Isu ini jika dapat dibuktikan","1868890829018013900",,,,,"871058414364876800","true","false","Sat Jun 03 17:38:04 +0000 2017","true","false","Pilih sorotan untuk baca esai",,,,,,,,,,,,,,,,,,,,,"0","2856","38986","168","false","false","28","Red Earth 29, Saskatchewan","2550","Mas Hara | State of Java","38986","2009210467420655946","false","https://pbs.twimg.com/profile_banners/871058414364876800/1762402684","https://pbs.twimg.com/profile_images/1986286931190378496/kA5X6pSZ_normal.jpg","","Hnirankara","15574","none",,"false",,"false","","","1","","Pengerahan Aparat dan Intimidasi Pemilih

Ketika sebelum pencoblosan Gubernur dan Wakil Gubernur Jawa Tengah, sempat terdengar tentang intimidasi yang dilakukan oleh kelompok tertentu kepada Kepala Desa, maupun oleh Kepada Desa kepada masyarakat. Isu ini jika dapat dibuktikan","","2","",,,,,"false"
"0","","Tue Dec 17 05:28:24 +0000 2024",,,,,,,,,,,,,,,,"","false","true","false","","7",,,,,,,,,,,,,,,,,,,,,,,,,,,,,,,,,,,,"1868891258326011985","0","0","Tue Dec 17 05:28:24 +0000 2024",,"7",,,,,,,,,,,,,,,,"Hnirankara","1868890829018013900","871058414364876800",,,,,,,,,,,,,,,,,,,,,,,,,,,,,,,,,,,,,,,,,,,,,,,,,,,,,,,,,,,,,,,,,,,,,,,,,,,,,,,,,,,,,,,,,,,,,,,,,,,,,,,,,,,,,,,,"1868891258326011985","0",,"2","0","2","Degradasi Demokrasi

Teori Demokrasi Partisipatoris, menekankan pada keterlibatan langsung serta aktif dari masyarakat dalam proses pengambilan keputusan politik, di dalam teori ini, idealnya DPRD tidak hanya bertindak sebagai perwakilan yang memilih gubernur, tetapi juga","1868890971276296655",,,,,"871058414364876800","true","false","Sat Jun 03 17:38:04 +0000 2017","true","false","Pilih sorotan untuk baca esai",,,,,,,,,,,,,,,,,,,,,"0","2856","38986","168","false","false","28","Red Earth 29, Saskatchewan","2550","Mas Hara | State of Java","38986","2009210467420655946","false","https://pbs.twimg.com/profile_banners/871058414364876800/1762402684","https://pbs.twimg.com/profile_images/1986286931190378496/kA5X6pSZ_normal.jpg","","Hnirankara","15574","none",,"false",,"false","","","2","","Degradasi Demokrasi

Teori Demokrasi Partisipatoris, menekankan pada keterlibatan langsung serta aktif dari masyarakat dalam proses pengambilan keputusan politik, di dalam teori ini, idealnya DPRD tidak hanya bertindak sebagai perwakilan yang memilih gubernur, tetapi juga","","2","",,,,,"false"
"0","","Tue Dec 17 05:28:58 +0000 2024",,,,,,,,,,,,,,,,"","false","true","false","","5",,,,,,,,,,,,,,,,,,,,,,,,,,,,,,,,,,,,"1868891258326011985","0","0","Tue Dec 17 05:28:58 +0000 2024",,"5",,,,,,,,,,,,,,,,"Hnirankara","1868890971276296655","871058414364876800",,,,,,,,,,,,,,,,,,,,,,,,,,,,,,,,,,,,,,,,,,,,,,,,,,,,,,,,,,,,,,,,,,,,,,,,,,,,,,,,,,,,,,,,,,,,,,,,,,,,,,,,,,,,,,,,"1868891258326011985","0",,"2","0","2","Boneka Oligarki

Elite Theory melihat pemilihan Gubernur oleh DPRD sebagai, kekuasaan politik yang sebenarnya dipegang oleh sekelompok kecil individu atau kelompok yang memiliki kekayaan, pengaruh, atau posisi strategis di dalam masyarakat. Dalam sistem ini, pemilihan gubernur","1868891115824595004",,,,,"871058414364876800","true","false","Sat Jun 03 17:38:04 +0000 2017","true","false","Pilih sorotan untuk baca esai",,,,,,,,,,,,,,,,,,,,,"0","2856","38986","168","false","false","28","Red Earth 29, Saskatchewan","2550","Mas Hara | State of Java","38986","2009210467420655946","false","https://pbs.twimg.com/profile_banners/871058414364876800/1762402684","https://pbs.twimg.com/profile_images/1986286931190378496/kA5X6pSZ_normal.jpg","","Hnirankara","15574","none",,"false",,"false","","","2","","Boneka Oligarki

Elite Theory melihat pemilihan Gubernur oleh DPRD sebagai, kekuasaan politik yang sebenarnya dipegang oleh sekelompok kecil individu atau kelompok yang memiliki kekayaan, pengaruh, atau posisi strategis di dalam masyarakat. Dalam sistem ini, pemilihan gubernur","","2","",,,,,"false"
"0","","Tue Dec 17 05:29:32 +0000 2024",,,,,,,,,,,,,,,,"","false","true","false","","7",,,,,,,,,,,,,,,,,,,,,,,,,,,,,,,,,,,,"1868891258326011985","0","0","Tue Dec 17 05:29:32 +0000 2024",,"7",,,,,,,,,,,,,,,,"Hnirankara","1868891115824595004","871058414364876800",,,,,,,,,,,,,,,,,,,,,,,,,,,,,,,,,,,,,,,,,,,,,,,,,,,,,,,,,,,,,,,,,,,,,,,,,,,,,,,,,,,,,,,,,,,,,,,,,,,,,,,,,,,,,,,,"1868891258326011985","0",,"3","0","2","Apakah Pemilihan Gubernur oleh DPRD Layak Di Indonesia?

Keterlibatan kaum elite dalam proses pemilihan Gubernur oleh DPRD ini, tentunya membuat kualitas demokrasi di Indonesia menurun. Nah jika dijelaskan dalam Quality pf Democracy Theory, pemilihan Gubernur oleh DPRD menyoroti","1868891258326011985",,,,,"871058414364876800","true","false","Sat Jun 03 17:38:04 +0000 2017","true","false","Pilih sorotan untuk baca esai",,,,,,,,,,,,,,,,,,,,,"0","2856","38986","168","false","false","28","Red Earth 29, Saskatchewan","2550","Mas Hara | State of Java","38986","2009210467420655946","false","https://pbs.twimg.com/profile_banners/871058414364876800/1762402684","https://pbs.twimg.com/profile_images/1986286931190378496/kA5X6pSZ_normal.jpg","","Hnirankara","15574","none",,"false",,"false","","","3","","Apakah Pemilihan Gubernur oleh DPRD Layak Di Indonesia?

Keterlibatan kaum elite dalam proses pemilihan Gubernur oleh DPRD ini, tentunya membuat kualitas demokrasi di Indonesia menurun. Nah jika dijelaskan dalam Quality pf Democracy Theory, pemilihan Gubernur oleh DPRD menyoroti","","2","",,,,,"false"
"0","","Tue Dec 17 05:30:20 +0000 2024",,,,,,,,,,,,,,,,"","false","true","false","","10",,,,,,,,,,,,,,,,,,,,,,,,,,,,,,,,,,,,"1868891258326011985","0","0","Tue Dec 17 05:30:20 +0000 2024",,"10",,,,,,,,,,,,,,,,"Hnirankara","1868891258326011985","871058414364876800",,,,,,,,,,,,,,,,,,,,,,,,,,,,,,,,,,,,,,,,,,,,,,,,,,,,,,,,,,,,,,,,,,,,,,,,,,,,,,,,,,,,,,,,,,,,,,,,,,,,,,,,,,,,,,,,"1868891258326011985","0",,"1","0","2","Daftar Pustaka

1. Barber, Benjamin. ""Strong Democracy: Participatory Politics for a New Age"". University of California Press, 1984.
2. Diamond, Larry. ""Developing Democracy: Toward Consolidation"". Johns Hopkins University Press, 1999.
3. Jensen, Michael C., dan William H.","1868891458717335764",,,,,"871058414364876800","true","false","Sat Jun 03 17:38:04 +0000 2017","true","false","Pilih sorotan untuk baca esai",,,,,,,,,,,,,,,,,,,,,"0","2856","38986","168","false","false","28","Red Earth 29, Saskatchewan","2550","Mas Hara | State of Java","38986","2009210467420655946","false","https://pbs.twimg.com/profile_banners/871058414364876800/1762402684","https://pbs.twimg.com/profile_images/1986286931190378496/kA5X6pSZ_normal.jpg","","Hnirankara","15574","none",,"false",,"false","","","1","","Daftar Pustaka

1. Barber, Benjamin. ""Strong Democracy: Participatory Politics for a New Age"". University of California Press, 1984.
2. Diamond, Larry. ""Developing Democracy: Toward Consolidation"". Johns Hopkins University Press, 1999.
3. Jensen, Michael C., dan William H.","","2","",,,,,"false"
"0","","Tue Dec 17 05:55:04 +0000 2024",,,,,,,,,,,,,,,,"","false","true","false","","7",,,,,,,,,,,,,,,,,,,,,,,,,,,,,,,,,,,,"1868891258326011985","0","0","Tue Dec 17 05:55:04 +0000 2024",,"7",,,,,,,,,,,,,,,,"Hnirankara","1868891458717335764","871058414364876800",,,,,,,,,,,,,,,,,,,,,,,,,,,,,,,,,,,,,,,,,,,,,,,,,,,,,,,,,,,,,,,,,,,,,,,,,,,,,,,,,,,,,,,,,,,,,,,,,,,,,,,,,,,,,,,,"1868891258326011985","0",,"0","0","2","Setuju? https://t.co/NmKokp3rIh","1868897680229122052","x.com/widarto6328582…","https://x.com/widarto63285827/status/1868893226125738134?t=3nWIB0kbkEJ6p79-lcKNOQ&s=19","","https://t.co/NmKokp3rIh","871058414364876800","true","false","Sat Jun 03 17:38:04 +0000 2017","true","false","Pilih sorotan untuk baca esai",,,,,,,,,,,,,,,,,,,,,"0","2856","38986","168","false","false","28","Red Earth 29, Saskatchewan","2550","Mas Hara | State of Java","38986","2009210467420655946","false","https://pbs.twimg.com/profile_banners/871058414364876800/1762402684","https://pbs.twimg.com/profile_images/1986286931190378496/kA5X6pSZ_normal.jpg","","Hnirankara","15574","none",,"false",,"false","","","0","","Setuju? https://t.co/NmKokp3rIh","","2","","x.com/widarto6328582…","https://x.com/widarto63285827/status/1868893226125738134?t=3nWIB0kbkEJ6p79-lcKNOQ&s=19","","https://t.co/NmKokp3rIh","false"
"0","","Tue Dec 17 05:31:39 +0000 2024",,,,,,,,,,,,,,,,"","false","true","false","","0","871058414364876800","0","11","Mas Hara | State of Java","hnirankara",,,,,,,,,,,,,,,,,,,,,,,,,,,,,,,"1868891258326011985","0","0","Tue Dec 17 05:31:39 +0000 2024",,"0",,,,,,,,,,,,,,,,"Hnirankara","1868891258326011985","871058414364876800",,,,,,,,,,,,,,,,,,,,,,,,,,,,,,,,,,,,,,,,,,,,,,,,,,,,,,,,,,,,,,,,,,,,,,,,,,,,,"871058414364876800","0","11","Mas Hara | State of Java","hnirankara",,,,,,,,,,,,,,,,,,,,,,,,,,,,,,,"1868891258326011985","0",,"1","0","0","@hnirankara Selama cungkring ga cawe"" inn syaa Allah bisa demokratis.....","1868891787252978082",,,,,"1383898333056430086","false","true","Sun Apr 18 21:41:06 +0000 2021","true","false","slow",,,,,,,,,,,,,,,,,,,,,"0","139","29","272","false","false","0","","37","Othman","29",,"false",,"https://pbs.twimg.com/profile_images/1383898618222895105/dPOzfJc1_normal.jpg","","Othman19752471","1005","none",,"false",,"false","","","1","","@hnirankara Selama cungkring ga cawe"" inn syaa Allah bisa demokratis.....","","0","",,,,,"false"
"0","","Tue Dec 17 05:33:48 +0000 2024",,,,,,,,,,,,,,,,"","false","true","false","","1","1383898333056430086","0","15","Othman","Othman19752471",,,,,,,,,,,,,,,,,,,,,,,,,,,,,,,"1868891258326011985","0","0","Tue Dec 17 05:33:48 +0000 2024",,"1",,,,,,,,,,,,,,,,"Othman19752471","1868891787252978082","1383898333056430086",,,,,,,,,,,,,,,,,,,,,,,,,,,,,,,,,,,,,,,,,,,,,,,,,,,,,,,,,,,,,,,,,,,,,,,,,,,,,"1383898333056430086","0","15","Othman","Othman19752471",,,,,,,,,,,,,,,,,,,,,,,,,,,,,,,"1868891258326011985","0",,"0","0","1","@Othman19752471 Masalahnya, yang cawe2 bukan dia doang. Dari dulu juga udh banyak KKN.","1868892329064776114",,,,,"871058414364876800","true","false","Sat Jun 03 17:38:04 +0000 2017","true","false","Pilih sorotan untuk baca esai",,,,,,,,,,,,,,,,,,,,,"0","2856","38986","168","false","false","28","Red Earth 29, Saskatchewan","2550","Mas Hara | State of Java","38986","2009210467420655946","false","https://pbs.twimg.com/profile_banners/871058414364876800/1762402684","https://pbs.twimg.com/profile_images/1986286931190378496/kA5X6pSZ_normal.jpg","","Hnirankara","15574","none",,"false",,"false","","","0","","@Othman19752471 Masalahnya, yang cawe2 bukan dia doang. Dari dulu juga udh banyak KKN.","","1","",,,,,"false"
"0","","Tue Dec 17 05:26:22 +0000 2024",,,,,,,,,,,,,,,,"","false","true","false","","8",,,,,,,,,,,,,,,,,,,,,,,,,,,,,,,,,,,,"1868891115824595004","0","0","Tue Dec 17 05:26:22 +0000 2024",,"8",,,,,,,,,,,,,,,,"Hnirankara","1868890283053834464","871058414364876800",,,,,,,,,,,,,,,,,,,,,,,,,,,,,,,,,,,,,,,,,,,,,,,,,,,,,,,,,,,,,,,,,,,,,,,,,,,,,,,,,,,,,,,,,,,,,,,,,,,,,,,,,,,,,,,,"1868891115824595004","0",,"2","0","2","Ancaman Konflik Kepentingan

Jika kita membahas tema ini berdasarkan dari teori agensi, dalam konteks politik menggambarkan hubungan antara para pemilih (prinsipal) dan para pejabat publik yang dipilih (agen). Dalam pemilihan gubernur oleh DPRD, teori ini menyoroti potensi","1868890460200353812",,,,,"871058414364876800","true","false","Sat Jun 03 17:38:04 +0000 2017","true","false","Pilih sorotan untuk baca esai",,,,,,,,,,,,,,,,,,,,,"0","2856","38986","168","false","false","28","Red Earth 29, Saskatchewan","2550","Mas Hara | State of Java","38986","2009210467420655946","false","https://pbs.twimg.com/profile_banners/871058414364876800/1762402684","https://pbs.twimg.com/profile_images/1986286931190378496/kA5X6pSZ_normal.jpg","","Hnirankara","15574","none",,"false",,"false","","","2","","Ancaman Konflik Kepentingan

Jika kita membahas tema ini berdasarkan dari teori agensi, dalam konteks politik menggambarkan hubungan antara para pemilih (prinsipal) dan para pejabat publik yang dipilih (agen). Dalam pemilihan gubernur oleh DPRD, teori ini menyoroti potensi","","2","",,,,,"false"
"0","","Tue Dec 17 05:27:15 +0000 2024",,,,,,,,,,,,,,,,"","false","true","false","","6",,,,,,,,,,,,,,,,,,,,,,,,,,,,,,,,,,,,"1868891115824595004","0","0","Tue Dec 17 05:27:15 +0000 2024",,"6",,,,,,,,,,,,,,,,"Hnirankara","1868890460200353812","871058414364876800",,,,,,,,,,,,,,,,,,,,,,,,,,,,,,,,,,,,,,,,,,,,,,,,,,,,,,,,,,,,,,,,,,,,,,,,,,,,,,,,,,,,,,,,,,,,,,,,,,,,,,,,,,,,,,,,"1868891115824595004","0",,"2","0","2","Kepentingan Politik

Special Interest Theory menjelaskan bagaimana kelompok kecil yang memiliki kepentingan spesifik, dapat mempengaruhi kebijakan publik untuk mendapatkan manfaat yang lebih besar dibandingkan dengan kepentingan umum. Dalam hal pemilihan Gubernur oleh DPRD,","1868890681810551078",,,,,"871058414364876800","true","false","Sat Jun 03 17:38:04 +0000 2017","true","false","Pilih sorotan untuk baca esai",,,,,,,,,,,,,,,,,,,,,"0","2856","38986","168","false","false","28","Red Earth 29, Saskatchewan","2550","Mas Hara | State of Java","38986","2009210467420655946","false","https://pbs.twimg.com/profile_banners/871058414364876800/1762402684","https://pbs.twimg.com/profile_images/1986286931190378496/kA5X6pSZ_normal.jpg","","Hnirankara","15574","none",,"false",,"false","","","2","","Kepentingan Politik

Special Interest Theory menjelaskan bagaimana kelompok kecil yang memiliki kepentingan spesifik, dapat mempengaruhi kebijakan publik untuk mendapatkan manfaat yang lebih besar dibandingkan dengan kepentingan umum. Dalam hal pemilihan Gubernur oleh DPRD,","","2","",,,,,"false"
"0","","Tue Dec 17 05:27:50 +0000 2024",,,,,,,,,,,,,,,,"","false","true","false","","6",,,,,,,,,,,,,,,,,,,,,,,,,,,,,,,,,,,,"1868891115824595004","0","0","Tue Dec 17 05:27:50 +0000 2024",,"6",,,,,,,,,,,,,,,,"Hnirankara","1868890681810551078","871058414364876800",,,,,,,,,,,,,,,,,,,,,,,,,,,,,,,,,,,,,,,,,,,,,,,,,,,,,,,,,,,,,,,,,,,,,,,,,,,,,,,,,,,,,,,,,,,,,,,,,,,,,,,,,,,,,,,,"1868891115824595004","0",,"1","0","2","Pengerahan Aparat dan Intimidasi Pemilih

Ketika sebelum pencoblosan Gubernur dan Wakil Gubernur Jawa Tengah, sempat terdengar tentang intimidasi yang dilakukan oleh kelompok tertentu kepada Kepala Desa, maupun oleh Kepada Desa kepada masyarakat. Isu ini jika dapat dibuktikan","1868890829018013900",,,,,"871058414364876800","true","false","Sat Jun 03 17:38:04 +0000 2017","true","false","Pilih sorotan untuk baca esai",,,,,,,,,,,,,,,,,,,,,"0","2856","38986","168","false","false","28","Red Earth 29, Saskatchewan","2550","Mas Hara | State of Java","38986","2009210467420655946","false","https://pbs.twimg.com/profile_banners/871058414364876800/1762402684","https://pbs.twimg.com/profile_images/1986286931190378496/kA5X6pSZ_normal.jpg","","Hnirankara","15574","none",,"false",,"false","","","1","","Pengerahan Aparat dan Intimidasi Pemilih

Ketika sebelum pencoblosan Gubernur dan Wakil Gubernur Jawa Tengah, sempat terdengar tentang intimidasi yang dilakukan oleh kelompok tertentu kepada Kepala Desa, maupun oleh Kepada Desa kepada masyarakat. Isu ini jika dapat dibuktikan","","2","",,,,,"false"
"0","","Tue Dec 17 05:28:24 +0000 2024",,,,,,,,,,,,,,,,"","false","true","false","","7",,,,,,,,,,,,,,,,,,,,,,,,,,,,,,,,,,,,"1868891115824595004","0","0","Tue Dec 17 05:28:24 +0000 2024",,"7",,,,,,,,,,,,,,,,"Hnirankara","1868890829018013900","871058414364876800",,,,,,,,,,,,,,,,,,,,,,,,,,,,,,,,,,,,,,,,,,,,,,,,,,,,,,,,,,,,,,,,,,,,,,,,,,,,,,,,,,,,,,,,,,,,,,,,,,,,,,,,,,,,,,,,"1868891115824595004","0",,"2","0","2","Degradasi Demokrasi

Teori Demokrasi Partisipatoris, menekankan pada keterlibatan langsung serta aktif dari masyarakat dalam proses pengambilan keputusan politik, di dalam teori ini, idealnya DPRD tidak hanya bertindak sebagai perwakilan yang memilih gubernur, tetapi juga","1868890971276296655",,,,,"871058414364876800","true","false","Sat Jun 03 17:38:04 +0000 2017","true","false","Pilih sorotan untuk baca esai",,,,,,,,,,,,,,,,,,,,,"0","2856","38986","168","false","false","28","Red Earth 29, Saskatchewan","2550","Mas Hara | State of Java","38986","2009210467420655946","false","https://pbs.twimg.com/profile_banners/871058414364876800/1762402684","https://pbs.twimg.com/profile_images/1986286931190378496/kA5X6pSZ_normal.jpg","","Hnirankara","15574","none",,"false",,"false","","","2","","Degradasi Demokrasi

Teori Demokrasi Partisipatoris, menekankan pada keterlibatan langsung serta aktif dari masyarakat dalam proses pengambilan keputusan politik, di dalam teori ini, idealnya DPRD tidak hanya bertindak sebagai perwakilan yang memilih gubernur, tetapi juga","","2","",,,,,"false"
"0","","Tue Dec 17 05:28:58 +0000 2024",,,,,,,,,,,,,,,,"","false","true","false","","5",,,,,,,,,,,,,,,,,,,,,,,,,,,,,,,,,,,,"1868891115824595004","0","0","Tue Dec 17 05:28:58 +0000 2024",,"5",,,,,,,,,,,,,,,,"Hnirankara","1868890971276296655","871058414364876800",,,,,,,,,,,,,,,,,,,,,,,,,,,,,,,,,,,,,,,,,,,,,,,,,,,,,,,,,,,,,,,,,,,,,,,,,,,,,,,,,,,,,,,,,,,,,,,,,,,,,,,,,,,,,,,,"1868891115824595004","0",,"2","0","2","Boneka Oligarki

Elite Theory melihat pemilihan Gubernur oleh DPRD sebagai, kekuasaan politik yang sebenarnya dipegang oleh sekelompok kecil individu atau kelompok yang memiliki kekayaan, pengaruh, atau posisi strategis di dalam masyarakat. Dalam sistem ini, pemilihan gubernur","1868891115824595004",,,,,"871058414364876800","true","false","Sat Jun 03 17:38:04 +0000 2017","true","false","Pilih sorotan untuk baca esai",,,,,,,,,,,,,,,,,,,,,"0","2856","38986","168","false","false","28","Red Earth 29, Saskatchewan","2550","Mas Hara | State of Java","38986","2009210467420655946","false","https://pbs.twimg.com/profile_banners/871058414364876800/1762402684","https://pbs.twimg.com/profile_images/1986286931190378496/kA5X6pSZ_normal.jpg","","Hnirankara","15574","none",,"false",,"false","","","2","","Boneka Oligarki

Elite Theory melihat pemilihan Gubernur oleh DPRD sebagai, kekuasaan politik yang sebenarnya dipegang oleh sekelompok kecil individu atau kelompok yang memiliki kekayaan, pengaruh, atau posisi strategis di dalam masyarakat. Dalam sistem ini, pemilihan gubernur","","2","",,,,,"false"
"0","","Tue Dec 17 05:29:32 +0000 2024",,,,,,,,,,,,,,,,"","false","true","false","","7",,,,,,,,,,,,,,,,,,,,,,,,,,,,,,,,,,,,"1868891115824595004","0","0","Tue Dec 17 05:29:32 +0000 2024",,"7",,,,,,,,,,,,,,,,"Hnirankara","1868891115824595004","871058414364876800",,,,,,,,,,,,,,,,,,,,,,,,,,,,,,,,,,,,,,,,,,,,,,,,,,,,,,,,,,,,,,,,,,,,,,,,,,,,,,,,,,,,,,,,,,,,,,,,,,,,,,,,,,,,,,,,"1868891115824595004","0",,"3","0","2","Apakah Pemilihan Gubernur oleh DPRD Layak Di Indonesia?

Keterlibatan kaum elite dalam proses pemilihan Gubernur oleh DPRD ini, tentunya membuat kualitas demokrasi di Indonesia menurun. Nah jika dijelaskan dalam Quality pf Democracy Theory, pemilihan Gubernur oleh DPRD menyoroti","1868891258326011985",,,,,"871058414364876800","true","false","Sat Jun 03 17:38:04 +0000 2017","true","false","Pilih sorotan untuk baca esai",,,,,,,,,,,,,,,,,,,,,"0","2856","38986","168","false","false","28","Red Earth 29, Saskatchewan","2550","Mas Hara | State of Java","38986","2009210467420655946","false","https://pbs.twimg.com/profile_banners/871058414364876800/1762402684","https://pbs.twimg.com/profile_images/1986286931190378496/kA5X6pSZ_normal.jpg","","Hnirankara","15574","none",,"false",,"false","","","3","","Apakah Pemilihan Gubernur oleh DPRD Layak Di Indonesia?

Keterlibatan kaum elite dalam proses pemilihan Gubernur oleh DPRD ini, tentunya membuat kualitas demokrasi di Indonesia menurun. Nah jika dijelaskan dalam Quality pf Democracy Theory, pemilihan Gubernur oleh DPRD menyoroti","","2","",,,,,"false"
"0","","Tue Dec 17 05:30:20 +0000 2024",,,,,,,,,,,,,,,,"","false","true","false","","10",,,,,,,,,,,,,,,,,,,,,,,,,,,,,,,,,,,,"1868891115824595004","0","0","Tue Dec 17 05:30:20 +0000 2024",,"10",,,,,,,,,,,,,,,,"Hnirankara","1868891258326011985","871058414364876800",,,,,,,,,,,,,,,,,,,,,,,,,,,,,,,,,,,,,,,,,,,,,,,,,,,,,,,,,,,,,,,,,,,,,,,,,,,,,,,,,,,,,,,,,,,,,,,,,,,,,,,,,,,,,,,,"1868891115824595004","0",,"1","0","2","Daftar Pustaka

1. Barber, Benjamin. ""Strong Democracy: Participatory Politics for a New Age"". University of California Press, 1984.
2. Diamond, Larry. ""Developing Democracy: Toward Consolidation"". Johns Hopkins University Press, 1999.
3. Jensen, Michael C., dan William H.","1868891458717335764",,,,,"871058414364876800","true","false","Sat Jun 03 17:38:04 +0000 2017","true","false","Pilih sorotan untuk baca esai",,,,,,,,,,,,,,,,,,,,,"0","2856","38986","168","false","false","28","Red Earth 29, Saskatchewan","2550","Mas Hara | State of Java","38986","2009210467420655946","false","https://pbs.twimg.com/profile_banners/871058414364876800/1762402684","https://pbs.twimg.com/profile_images/1986286931190378496/kA5X6pSZ_normal.jpg","","Hnirankara","15574","none",,"false",,"false","","","1","","Daftar Pustaka

1. Barber, Benjamin. ""Strong Democracy: Participatory Politics for a New Age"". University of California Press, 1984.
2. Diamond, Larry. ""Developing Democracy: Toward Consolidation"". Johns Hopkins University Press, 1999.
3. Jensen, Michael C., dan William H.","","2","",,,,,"false"
"0","","Tue Dec 17 05:55:04 +0000 2024",,,,,,,,,,,,,,,,"","false","true","false","","7",,,,,,,,,,,,,,,,,,,,,,,,,,,,,,,,,,,,"1868891115824595004","0","0","Tue Dec 17 05:55:04 +0000 2024",,"7",,,,,,,,,,,,,,,,"Hnirankara","1868891458717335764","871058414364876800",,,,,,,,,,,,,,,,,,,,,,,,,,,,,,,,,,,,,,,,,,,,,,,,,,,,,,,,,,,,,,,,,,,,,,,,,,,,,,,,,,,,,,,,,,,,,,,,,,,,,,,,,,,,,,,,"1868891115824595004","0",,"0","0","2","Setuju? https://t.co/NmKokp3rIh","1868897680229122052","x.com/widarto6328582…","https://x.com/widarto63285827/status/1868893226125738134?t=3nWIB0kbkEJ6p79-lcKNOQ&s=19","","https://t.co/NmKokp3rIh","871058414364876800","true","false","Sat Jun 03 17:38:04 +0000 2017","true","false","Pilih sorotan untuk baca esai",,,,,,,,,,,,,,,,,,,,,"0","2856","38986","168","false","false","28","Red Earth 29, Saskatchewan","2550","Mas Hara | State of Java","38986","2009210467420655946","false","https://pbs.twimg.com/profile_banners/871058414364876800/1762402684","https://pbs.twimg.com/profile_images/1986286931190378496/kA5X6pSZ_normal.jpg","","Hnirankara","15574","none",,"false",,"false","","","0","","Setuju? https://t.co/NmKokp3rIh","","2","","x.com/widarto6328582…","https://x.com/widarto63285827/status/1868893226125738134?t=3nWIB0kbkEJ6p79-lcKNOQ&s=19","","https://t.co/NmKokp3rIh","false"
"0","","Tue Dec 17 05:26:22 +0000 2024",,,,,,,,,,,,,,,,"","false","true","false","","8",,,,,,,,,,,,,,,,,,,,,,,,,,,,,,,,,,,,"1868890681810551078","0","0","Tue Dec 17 05:26:22 +0000 2024",,"8",,,,,,,,,,,,,,,,"Hnirankara","1868890283053834464","871058414364876800",,,,,,,,,,,,,,,,,,,,,,,,,,,,,,,,,,,,,,,,,,,,,,,,,,,,,,,,,,,,,,,,,,,,,,,,,,,,,,,,,,,,,,,,,,,,,,,,,,,,,,,,,,,,,,,,"1868890681810551078","0",,"2","0","2","Ancaman Konflik Kepentingan

Jika kita membahas tema ini berdasarkan dari teori agensi, dalam konteks politik menggambarkan hubungan antara para pemilih (prinsipal) dan para pejabat publik yang dipilih (agen). Dalam pemilihan gubernur oleh DPRD, teori ini menyoroti potensi","1868890460200353812",,,,,"871058414364876800","true","false","Sat Jun 03 17:38:04 +0000 2017","true","false","Pilih sorotan untuk baca esai",,,,,,,,,,,,,,,,,,,,,"0","2856","38986","168","false","false","28","Red Earth 29, Saskatchewan","2550","Mas Hara | State of Java","38986","2009210467420655946","false","https://pbs.twimg.com/profile_banners/871058414364876800/1762402684","https://pbs.twimg.com/profile_images/1986286931190378496/kA5X6pSZ_normal.jpg","","Hnirankara","15574","none",,"false",,"false","","","2","","Ancaman Konflik Kepentingan

Jika kita membahas tema ini berdasarkan dari teori agensi, dalam konteks politik menggambarkan hubungan antara para pemilih (prinsipal) dan para pejabat publik yang dipilih (agen). Dalam pemilihan gubernur oleh DPRD, teori ini menyoroti potensi","","2","",,,,,"false"
"0","","Tue Dec 17 05:27:15 +0000 2024",,,,,,,,,,,,,,,,"","false","true","false","","6",,,,,,,,,,,,,,,,,,,,,,,,,,,,,,,,,,,,"1868890681810551078","0","0","Tue Dec 17 05:27:15 +0000 2024",,"6",,,,,,,,,,,,,,,,"Hnirankara","1868890460200353812","871058414364876800",,,,,,,,,,,,,,,,,,,,,,,,,,,,,,,,,,,,,,,,,,,,,,,,,,,,,,,,,,,,,,,,,,,,,,,,,,,,,,,,,,,,,,,,,,,,,,,,,,,,,,,,,,,,,,,,"1868890681810551078","0",,"2","0","2","Kepentingan Politik

Special Interest Theory menjelaskan bagaimana kelompok kecil yang memiliki kepentingan spesifik, dapat mempengaruhi kebijakan publik untuk mendapatkan manfaat yang lebih besar dibandingkan dengan kepentingan umum. Dalam hal pemilihan Gubernur oleh DPRD,","1868890681810551078",,,,,"871058414364876800","true","false","Sat Jun 03 17:38:04 +0000 2017","true","false","Pilih sorotan untuk baca esai",,,,,,,,,,,,,,,,,,,,,"0","2856","38986","168","false","false","28","Red Earth 29, Saskatchewan","2550","Mas Hara | State of Java","38986","2009210467420655946","false","https://pbs.twimg.com/profile_banners/871058414364876800/1762402684","https://pbs.twimg.com/profile_images/1986286931190378496/kA5X6pSZ_normal.jpg","","Hnirankara","15574","none",,"false",,"false","","","2","","Kepentingan Politik

Special Interest Theory menjelaskan bagaimana kelompok kecil yang memiliki kepentingan spesifik, dapat mempengaruhi kebijakan publik untuk mendapatkan manfaat yang lebih besar dibandingkan dengan kepentingan umum. Dalam hal pemilihan Gubernur oleh DPRD,","","2","",,,,,"false"
"0","","Tue Dec 17 05:27:50 +0000 2024",,,,,,,,,,,,,,,,"","false","true","false","","6",,,,,,,,,,,,,,,,,,,,,,,,,,,,,,,,,,,,"1868890681810551078","0","0","Tue Dec 17 05:27:50 +0000 2024",,"6",,,,,,,,,,,,,,,,"Hnirankara","1868890681810551078","871058414364876800",,,,,,,,,,,,,,,,,,,,,,,,,,,,,,,,,,,,,,,,,,,,,,,,,,,,,,,,,,,,,,,,,,,,,,,,,,,,,,,,,,,,,,,,,,,,,,,,,,,,,,,,,,,,,,,,"1868890681810551078","0",,"1","0","2","Pengerahan Aparat dan Intimidasi Pemilih

Ketika sebelum pencoblosan Gubernur dan Wakil Gubernur Jawa Tengah, sempat terdengar tentang intimidasi yang dilakukan oleh kelompok tertentu kepada Kepala Desa, maupun oleh Kepada Desa kepada masyarakat. Isu ini jika dapat dibuktikan","1868890829018013900",,,,,"871058414364876800","true","false","Sat Jun 03 17:38:04 +0000 2017","true","false","Pilih sorotan untuk baca esai",,,,,,,,,,,,,,,,,,,,,"0","2856","38986","168","false","false","28","Red Earth 29, Saskatchewan","2550","Mas Hara | State of Java","38986","2009210467420655946","false","https://pbs.twimg.com/profile_banners/871058414364876800/1762402684","https://pbs.twimg.com/profile_images/1986286931190378496/kA5X6pSZ_normal.jpg","","Hnirankara","15574","none",,"false",,"false","","","1","","Pengerahan Aparat dan Intimidasi Pemilih

Ketika sebelum pencoblosan Gubernur dan Wakil Gubernur Jawa Tengah, sempat terdengar tentang intimidasi yang dilakukan oleh kelompok tertentu kepada Kepala Desa, maupun oleh Kepada Desa kepada masyarakat. Isu ini jika dapat dibuktikan","","2","",,,,,"false"
"0","","Tue Dec 17 05:28:24 +0000 2024",,,,,,,,,,,,,,,,"","false","true","false","","7",,,,,,,,,,,,,,,,,,,,,,,,,,,,,,,,,,,,"1868890681810551078","0","0","Tue Dec 17 05:28:24 +0000 2024",,"7",,,,,,,,,,,,,,,,"Hnirankara","1868890829018013900","871058414364876800",,,,,,,,,,,,,,,,,,,,,,,,,,,,,,,,,,,,,,,,,,,,,,,,,,,,,,,,,,,,,,,,,,,,,,,,,,,,,,,,,,,,,,,,,,,,,,,,,,,,,,,,,,,,,,,,"1868890681810551078","0",,"2","0","2","Degradasi Demokrasi

Teori Demokrasi Partisipatoris, menekankan pada keterlibatan langsung serta aktif dari masyarakat dalam proses pengambilan keputusan politik, di dalam teori ini, idealnya DPRD tidak hanya bertindak sebagai perwakilan yang memilih gubernur, tetapi juga","1868890971276296655",,,,,"871058414364876800","true","false","Sat Jun 03 17:38:04 +0000 2017","true","false","Pilih sorotan untuk baca esai",,,,,,,,,,,,,,,,,,,,,"0","2856","38986","168","false","false","28","Red Earth 29, Saskatchewan","2550","Mas Hara | State of Java","38986","2009210467420655946","false","https://pbs.twimg.com/profile_banners/871058414364876800/1762402684","https://pbs.twimg.com/profile_images/1986286931190378496/kA5X6pSZ_normal.jpg","","Hnirankara","15574","none",,"false",,"false","","","2","","Degradasi Demokrasi

Teori Demokrasi Partisipatoris, menekankan pada keterlibatan langsung serta aktif dari masyarakat dalam proses pengambilan keputusan politik, di dalam teori ini, idealnya DPRD tidak hanya bertindak sebagai perwakilan yang memilih gubernur, tetapi juga","","2","",,,,,"false"
"0","","Tue Dec 17 05:28:58 +0000 2024",,,,,,,,,,,,,,,,"","false","true","false","","5",,,,,,,,,,,,,,,,,,,,,,,,,,,,,,,,,,,,"1868890681810551078","0","0","Tue Dec 17 05:28:58 +0000 2024",,"5",,,,,,,,,,,,,,,,"Hnirankara","1868890971276296655","871058414364876800",,,,,,,,,,,,,,,,,,,,,,,,,,,,,,,,,,,,,,,,,,,,,,,,,,,,,,,,,,,,,,,,,,,,,,,,,,,,,,,,,,,,,,,,,,,,,,,,,,,,,,,,,,,,,,,,"1868890681810551078","0",,"2","0","2","Boneka Oligarki

Elite Theory melihat pemilihan Gubernur oleh DPRD sebagai, kekuasaan politik yang sebenarnya dipegang oleh sekelompok kecil individu atau kelompok yang memiliki kekayaan, pengaruh, atau posisi strategis di dalam masyarakat. Dalam sistem ini, pemilihan gubernur","1868891115824595004",,,,,"871058414364876800","true","false","Sat Jun 03 17:38:04 +0000 2017","true","false","Pilih sorotan untuk baca esai",,,,,,,,,,,,,,,,,,,,,"0","2856","38986","168","false","false","28","Red Earth 29, Saskatchewan","2550","Mas Hara | State of Java","38986","2009210467420655946","false","https://pbs.twimg.com/profile_banners/871058414364876800/1762402684","https://pbs.twimg.com/profile_images/1986286931190378496/kA5X6pSZ_normal.jpg","","Hnirankara","15574","none",,"false",,"false","","","2","","Boneka Oligarki

Elite Theory melihat pemilihan Gubernur oleh DPRD sebagai, kekuasaan politik yang sebenarnya dipegang oleh sekelompok kecil individu atau kelompok yang memiliki kekayaan, pengaruh, atau posisi strategis di dalam masyarakat. Dalam sistem ini, pemilihan gubernur","","2","",,,,,"false"
"0","","Tue Dec 17 05:29:32 +0000 2024",,,,,,,,,,,,,,,,"","false","true","false","","7",,,,,,,,,,,,,,,,,,,,,,,,,,,,,,,,,,,,"1868890681810551078","0","0","Tue Dec 17 05:29:32 +0000 2024",,"7",,,,,,,,,,,,,,,,"Hnirankara","1868891115824595004","871058414364876800",,,,,,,,,,,,,,,,,,,,,,,,,,,,,,,,,,,,,,,,,,,,,,,,,,,,,,,,,,,,,,,,,,,,,,,,,,,,,,,,,,,,,,,,,,,,,,,,,,,,,,,,,,,,,,,,"1868890681810551078","0",,"3","0","2","Apakah Pemilihan Gubernur oleh DPRD Layak Di Indonesia?

Keterlibatan kaum elite dalam proses pemilihan Gubernur oleh DPRD ini, tentunya membuat kualitas demokrasi di Indonesia menurun. Nah jika dijelaskan dalam Quality pf Democracy Theory, pemilihan Gubernur oleh DPRD menyoroti","1868891258326011985",,,,,"871058414364876800","true","false","Sat Jun 03 17:38:04 +0000 2017","true","false","Pilih sorotan untuk baca esai",,,,,,,,,,,,,,,,,,,,,"0","2856","38986","168","false","false","28","Red Earth 29, Saskatchewan","2550","Mas Hara | State of Java","38986","2009210467420655946","false","https://pbs.twimg.com/profile_banners/871058414364876800/1762402684","https://pbs.twimg.com/profile_images/1986286931190378496/kA5X6pSZ_normal.jpg","","Hnirankara","15574","none",,"false",,"false","","","3","","Apakah Pemilihan Gubernur oleh DPRD Layak Di Indonesia?

Keterlibatan kaum elite dalam proses pemilihan Gubernur oleh DPRD ini, tentunya membuat kualitas demokrasi di Indonesia menurun. Nah jika dijelaskan dalam Quality pf Democracy Theory, pemilihan Gubernur oleh DPRD menyoroti","","2","",,,,,"false"
"0","","Tue Dec 17 05:30:20 +0000 2024",,,,,,,,,,,,,,,,"","false","true","false","","10",,,,,,,,,,,,,,,,,,,,,,,,,,,,,,,,,,,,"1868890681810551078","0","0","Tue Dec 17 05:30:20 +0000 2024",,"10",,,,,,,,,,,,,,,,"Hnirankara","1868891258326011985","871058414364876800",,,,,,,,,,,,,,,,,,,,,,,,,,,,,,,,,,,,,,,,,,,,,,,,,,,,,,,,,,,,,,,,,,,,,,,,,,,,,,,,,,,,,,,,,,,,,,,,,,,,,,,,,,,,,,,,"1868890681810551078","0",,"1","0","2","Daftar Pustaka

1. Barber, Benjamin. ""Strong Democracy: Participatory Politics for a New Age"". University of California Press, 1984.
2. Diamond, Larry. ""Developing Democracy: Toward Consolidation"". Johns Hopkins University Press, 1999.
3. Jensen, Michael C., dan William H.","1868891458717335764",,,,,"871058414364876800","true","false","Sat Jun 03 17:38:04 +0000 2017","true","false","Pilih sorotan untuk baca esai",,,,,,,,,,,,,,,,,,,,,"0","2856","38986","168","false","false","28","Red Earth 29, Saskatchewan","2550","Mas Hara | State of Java","38986","2009210467420655946","false","https://pbs.twimg.com/profile_banners/871058414364876800/1762402684","https://pbs.twimg.com/profile_images/1986286931190378496/kA5X6pSZ_normal.jpg","","Hnirankara","15574","none",,"false",,"false","","","1","","Daftar Pustaka

1. Barber, Benjamin. ""Strong Democracy: Participatory Politics for a New Age"". University of California Press, 1984.
2. Diamond, Larry. ""Developing Democracy: Toward Consolidation"". Johns Hopkins University Press, 1999.
3. Jensen, Michael C., dan William H.","","2","",,,,,"false"
"0","","Tue Dec 17 05:55:04 +0000 2024",,,,,,,,,,,,,,,,"","false","true","false","","7",,,,,,,,,,,,,,,,,,,,,,,,,,,,,,,,,,,,"1868890681810551078","0","0","Tue Dec 17 05:55:04 +0000 2024",,"7",,,,,,,,,,,,,,,,"Hnirankara","1868891458717335764","871058414364876800",,,,,,,,,,,,,,,,,,,,,,,,,,,,,,,,,,,,,,,,,,,,,,,,,,,,,,,,,,,,,,,,,,,,,,,,,,,,,,,,,,,,,,,,,,,,,,,,,,,,,,,,,,,,,,,,"1868890681810551078","0",,"0","0","2","Setuju? https://t.co/NmKokp3rIh","1868897680229122052","x.com/widarto6328582…","https://x.com/widarto63285827/status/1868893226125738134?t=3nWIB0kbkEJ6p79-lcKNOQ&s=19","","https://t.co/NmKokp3rIh","871058414364876800","true","false","Sat Jun 03 17:38:04 +0000 2017","true","false","Pilih sorotan untuk baca esai",,,,,,,,,,,,,,,,,,,,,"0","2856","38986","168","false","false","28","Red Earth 29, Saskatchewan","2550","Mas Hara | State of Java","38986","2009210467420655946","false","https://pbs.twimg.com/profile_banners/871058414364876800/1762402684","https://pbs.twimg.com/profile_images/1986286931190378496/kA5X6pSZ_normal.jpg","","Hnirankara","15574","none",,"false",,"false","","","0","","Setuju? https://t.co/NmKokp3rIh","","2","","x.com/widarto6328582…","https://x.com/widarto63285827/status/1868893226125738134?t=3nWIB0kbkEJ6p79-lcKNOQ&s=19","","https://t.co/NmKokp3rIh","false"
"0","","Tue Dec 17 05:26:22 +0000 2024",,,,,,,,,,,,,,,,"","false","true","false","","8",,,,,,,,,,,,,,,,,,,,,,,,,,,,,,,,,,,,"1868890460200353812","0","0","Tue Dec 17 05:26:22 +0000 2024",,"8",,,,,,,,,,,,,,,,"Hnirankara","1868890283053834464","871058414364876800",,,,,,,,,,,,,,,,,,,,,,,,,,,,,,,,,,,,,,,,,,,,,,,,,,,,,,,,,,,,,,,,,,,,,,,,,,,,,,,,,,,,,,,,,,,,,,,,,,,,,,,,,,,,,,,,"1868890460200353812","0",,"2","0","2","Ancaman Konflik Kepentingan

Jika kita membahas tema ini berdasarkan dari teori agensi, dalam konteks politik menggambarkan hubungan antara para pemilih (prinsipal) dan para pejabat publik yang dipilih (agen). Dalam pemilihan gubernur oleh DPRD, teori ini menyoroti potensi","1868890460200353812",,,,,"871058414364876800","true","false","Sat Jun 03 17:38:04 +0000 2017","true","false","Pilih sorotan untuk baca esai",,,,,,,,,,,,,,,,,,,,,"0","2856","38986","168","false","false","28","Red Earth 29, Saskatchewan","2550","Mas Hara | State of Java","38986","2009210467420655946","false","https://pbs.twimg.com/profile_banners/871058414364876800/1762402684","https://pbs.twimg.com/profile_images/1986286931190378496/kA5X6pSZ_normal.jpg","","Hnirankara","15574","none",,"false",,"false","","","2","","Ancaman Konflik Kepentingan

Jika kita membahas tema ini berdasarkan dari teori agensi, dalam konteks politik menggambarkan hubungan antara para pemilih (prinsipal) dan para pejabat publik yang dipilih (agen). Dalam pemilihan gubernur oleh DPRD, teori ini menyoroti potensi","","2","",,,,,"false"
"0","","Tue Dec 17 05:27:15 +0000 2024",,,,,,,,,,,,,,,,"","false","true","false","","6",,,,,,,,,,,,,,,,,,,,,,,,,,,,,,,,,,,,"1868890460200353812","0","0","Tue Dec 17 05:27:15 +0000 2024",,"6",,,,,,,,,,,,,,,,"Hnirankara","1868890460200353812","871058414364876800",,,,,,,,,,,,,,,,,,,,,,,,,,,,,,,,,,,,,,,,,,,,,,,,,,,,,,,,,,,,,,,,,,,,,,,,,,,,,,,,,,,,,,,,,,,,,,,,,,,,,,,,,,,,,,,,"1868890460200353812","0",,"2","0","2","Kepentingan Politik

Special Interest Theory menjelaskan bagaimana kelompok kecil yang memiliki kepentingan spesifik, dapat mempengaruhi kebijakan publik untuk mendapatkan manfaat yang lebih besar dibandingkan dengan kepentingan umum. Dalam hal pemilihan Gubernur oleh DPRD,","1868890681810551078",,,,,"871058414364876800","true","false","Sat Jun 03 17:38:04 +0000 2017","true","false","Pilih sorotan untuk baca esai",,,,,,,,,,,,,,,,,,,,,"0","2856","38986","168","false","false","28","Red Earth 29, Saskatchewan","2550","Mas Hara | State of Java","38986","2009210467420655946","false","https://pbs.twimg.com/profile_banners/871058414364876800/1762402684","https://pbs.twimg.com/profile_images/1986286931190378496/kA5X6pSZ_normal.jpg","","Hnirankara","15574","none",,"false",,"false","","","2","","Kepentingan Politik

Special Interest Theory menjelaskan bagaimana kelompok kecil yang memiliki kepentingan spesifik, dapat mempengaruhi kebijakan publik untuk mendapatkan manfaat yang lebih besar dibandingkan dengan kepentingan umum. Dalam hal pemilihan Gubernur oleh DPRD,","","2","",,,,,"false"
"0","","Tue Dec 17 05:27:50 +0000 2024",,,,,,,,,,,,,,,,"","false","true","false","","6",,,,,,,,,,,,,,,,,,,,,,,,,,,,,,,,,,,,"1868890460200353812","0","0","Tue Dec 17 05:27:50 +0000 2024",,"6",,,,,,,,,,,,,,,,"Hnirankara","1868890681810551078","871058414364876800",,,,,,,,,,,,,,,,,,,,,,,,,,,,,,,,,,,,,,,,,,,,,,,,,,,,,,,,,,,,,,,,,,,,,,,,,,,,,,,,,,,,,,,,,,,,,,,,,,,,,,,,,,,,,,,,"1868890460200353812","0",,"1","0","2","Pengerahan Aparat dan Intimidasi Pemilih

Ketika sebelum pencoblosan Gubernur dan Wakil Gubernur Jawa Tengah, sempat terdengar tentang intimidasi yang dilakukan oleh kelompok tertentu kepada Kepala Desa, maupun oleh Kepada Desa kepada masyarakat. Isu ini jika dapat dibuktikan","1868890829018013900",,,,,"871058414364876800","true","false","Sat Jun 03 17:38:04 +0000 2017","true","false","Pilih sorotan untuk baca esai",,,,,,,,,,,,,,,,,,,,,"0","2856","38986","168","false","false","28","Red Earth 29, Saskatchewan","2550","Mas Hara | State of Java","38986","2009210467420655946","false","https://pbs.twimg.com/profile_banners/871058414364876800/1762402684","https://pbs.twimg.com/profile_images/1986286931190378496/kA5X6pSZ_normal.jpg","","Hnirankara","15574","none",,"false",,"false","","","1","","Pengerahan Aparat dan Intimidasi Pemilih

Ketika sebelum pencoblosan Gubernur dan Wakil Gubernur Jawa Tengah, sempat terdengar tentang intimidasi yang dilakukan oleh kelompok tertentu kepada Kepala Desa, maupun oleh Kepada Desa kepada masyarakat. Isu ini jika dapat dibuktikan","","2","",,,,,"false"
"0","","Tue Dec 17 05:28:24 +0000 2024",,,,,,,,,,,,,,,,"","false","true","false","","7",,,,,,,,,,,,,,,,,,,,,,,,,,,,,,,,,,,,"1868890460200353812","0","0","Tue Dec 17 05:28:24 +0000 2024",,"7",,,,,,,,,,,,,,,,"Hnirankara","1868890829018013900","871058414364876800",,,,,,,,,,,,,,,,,,,,,,,,,,,,,,,,,,,,,,,,,,,,,,,,,,,,,,,,,,,,,,,,,,,,,,,,,,,,,,,,,,,,,,,,,,,,,,,,,,,,,,,,,,,,,,,,"1868890460200353812","0",,"2","0","2","Degradasi Demokrasi

Teori Demokrasi Partisipatoris, menekankan pada keterlibatan langsung serta aktif dari masyarakat dalam proses pengambilan keputusan politik, di dalam teori ini, idealnya DPRD tidak hanya bertindak sebagai perwakilan yang memilih gubernur, tetapi juga","1868890971276296655",,,,,"871058414364876800","true","false","Sat Jun 03 17:38:04 +0000 2017","true","false","Pilih sorotan untuk baca esai",,,,,,,,,,,,,,,,,,,,,"0","2856","38986","168","false","false","28","Red Earth 29, Saskatchewan","2550","Mas Hara | State of Java","38986","2009210467420655946","false","https://pbs.twimg.com/profile_banners/871058414364876800/1762402684","https://pbs.twimg.com/profile_images/1986286931190378496/kA5X6pSZ_normal.jpg","","Hnirankara","15574","none",,"false",,"false","","","2","","Degradasi Demokrasi

Teori Demokrasi Partisipatoris, menekankan pada keterlibatan langsung serta aktif dari masyarakat dalam proses pengambilan keputusan politik, di dalam teori ini, idealnya DPRD tidak hanya bertindak sebagai perwakilan yang memilih gubernur, tetapi juga","","2","",,,,,"false"
"0","","Tue Dec 17 05:28:58 +0000 2024",,,,,,,,,,,,,,,,"","false","true","false","","5",,,,,,,,,,,,,,,,,,,,,,,,,,,,,,,,,,,,"1868890460200353812","0","0","Tue Dec 17 05:28:58 +0000 2024",,"5",,,,,,,,,,,,,,,,"Hnirankara","1868890971276296655","871058414364876800",,,,,,,,,,,,,,,,,,,,,,,,,,,,,,,,,,,,,,,,,,,,,,,,,,,,,,,,,,,,,,,,,,,,,,,,,,,,,,,,,,,,,,,,,,,,,,,,,,,,,,,,,,,,,,,,"1868890460200353812","0",,"2","0","2","Boneka Oligarki

Elite Theory melihat pemilihan Gubernur oleh DPRD sebagai, kekuasaan politik yang sebenarnya dipegang oleh sekelompok kecil individu atau kelompok yang memiliki kekayaan, pengaruh, atau posisi strategis di dalam masyarakat. Dalam sistem ini, pemilihan gubernur","1868891115824595004",,,,,"871058414364876800","true","false","Sat Jun 03 17:38:04 +0000 2017","true","false","Pilih sorotan untuk baca esai",,,,,,,,,,,,,,,,,,,,,"0","2856","38986","168","false","false","28","Red Earth 29, Saskatchewan","2550","Mas Hara | State of Java","38986","2009210467420655946","false","https://pbs.twimg.com/profile_banners/871058414364876800/1762402684","https://pbs.twimg.com/profile_images/1986286931190378496/kA5X6pSZ_normal.jpg","","Hnirankara","15574","none",,"false",,"false","","","2","","Boneka Oligarki

Elite Theory melihat pemilihan Gubernur oleh DPRD sebagai, kekuasaan politik yang sebenarnya dipegang oleh sekelompok kecil individu atau kelompok yang memiliki kekayaan, pengaruh, atau posisi strategis di dalam masyarakat. Dalam sistem ini, pemilihan gubernur","","2","",,,,,"false"
"0","","Tue Dec 17 05:29:32 +0000 2024",,,,,,,,,,,,,,,,"","false","true","false","","7",,,,,,,,,,,,,,,,,,,,,,,,,,,,,,,,,,,,"1868890460200353812","0","0","Tue Dec 17 05:29:32 +0000 2024",,"7",,,,,,,,,,,,,,,,"Hnirankara","1868891115824595004","871058414364876800",,,,,,,,,,,,,,,,,,,,,,,,,,,,,,,,,,,,,,,,,,,,,,,,,,,,,,,,,,,,,,,,,,,,,,,,,,,,,,,,,,,,,,,,,,,,,,,,,,,,,,,,,,,,,,,,"1868890460200353812","0",,"3","0","2","Apakah Pemilihan Gubernur oleh DPRD Layak Di Indonesia?

Keterlibatan kaum elite dalam proses pemilihan Gubernur oleh DPRD ini, tentunya membuat kualitas demokrasi di Indonesia menurun. Nah jika dijelaskan dalam Quality pf Democracy Theory, pemilihan Gubernur oleh DPRD menyoroti","1868891258326011985",,,,,"871058414364876800","true","false","Sat Jun 03 17:38:04 +0000 2017","true","false","Pilih sorotan untuk baca esai",,,,,,,,,,,,,,,,,,,,,"0","2856","38986","168","false","false","28","Red Earth 29, Saskatchewan","2550","Mas Hara | State of Java","38986","2009210467420655946","false","https://pbs.twimg.com/profile_banners/871058414364876800/1762402684","https://pbs.twimg.com/profile_images/1986286931190378496/kA5X6pSZ_normal.jpg","","Hnirankara","15574","none",,"false",,"false","","","3","","Apakah Pemilihan Gubernur oleh DPRD Layak Di Indonesia?

Keterlibatan kaum elite dalam proses pemilihan Gubernur oleh DPRD ini, tentunya membuat kualitas demokrasi di Indonesia menurun. Nah jika dijelaskan dalam Quality pf Democracy Theory, pemilihan Gubernur oleh DPRD menyoroti","","2","",,,,,"false"
"0","","Tue Dec 17 05:30:20 +0000 2024",,,,,,,,,,,,,,,,"","false","true","false","","10",,,,,,,,,,,,,,,,,,,,,,,,,,,,,,,,,,,,"1868890460200353812","0","0","Tue Dec 17 05:30:20 +0000 2024",,"10",,,,,,,,,,,,,,,,"Hnirankara","1868891258326011985","871058414364876800",,,,,,,,,,,,,,,,,,,,,,,,,,,,,,,,,,,,,,,,,,,,,,,,,,,,,,,,,,,,,,,,,,,,,,,,,,,,,,,,,,,,,,,,,,,,,,,,,,,,,,,,,,,,,,,,"1868890460200353812","0",,"1","0","2","Daftar Pustaka

1. Barber, Benjamin. ""Strong Democracy: Participatory Politics for a New Age"". University of California Press, 1984.
2. Diamond, Larry. ""Developing Democracy: Toward Consolidation"". Johns Hopkins University Press, 1999.
3. Jensen, Michael C., dan William H.","1868891458717335764",,,,,"871058414364876800","true","false","Sat Jun 03 17:38:04 +0000 2017","true","false","Pilih sorotan untuk baca esai",,,,,,,,,,,,,,,,,,,,,"0","2856","38986","168","false","false","28","Red Earth 29, Saskatchewan","2550","Mas Hara | State of Java","38986","2009210467420655946","false","https://pbs.twimg.com/profile_banners/871058414364876800/1762402684","https://pbs.twimg.com/profile_images/1986286931190378496/kA5X6pSZ_normal.jpg","","Hnirankara","15574","none",,"false",,"false","","","1","","Daftar Pustaka

1. Barber, Benjamin. ""Strong Democracy: Participatory Politics for a New Age"". University of California Press, 1984.
2. Diamond, Larry. ""Developing Democracy: Toward Consolidation"". Johns Hopkins University Press, 1999.
3. Jensen, Michael C., dan William H.","","2","",,,,,"false"
"0","","Tue Dec 17 05:55:04 +0000 2024",,,,,,,,,,,,,,,,"","false","true","false","","7",,,,,,,,,,,,,,,,,,,,,,,,,,,,,,,,,,,,"1868890460200353812","0","0","Tue Dec 17 05:55:04 +0000 2024",,"7",,,,,,,,,,,,,,,,"Hnirankara","1868891458717335764","871058414364876800",,,,,,,,,,,,,,,,,,,,,,,,,,,,,,,,,,,,,,,,,,,,,,,,,,,,,,,,,,,,,,,,,,,,,,,,,,,,,,,,,,,,,,,,,,,,,,,,,,,,,,,,,,,,,,,,"1868890460200353812","0",,"0","0","2","Setuju? https://t.co/NmKokp3rIh","1868897680229122052","x.com/widarto6328582…","https://x.com/widarto63285827/status/1868893226125738134?t=3nWIB0kbkEJ6p79-lcKNOQ&s=19","","https://t.co/NmKokp3rIh","871058414364876800","true","false","Sat Jun 03 17:38:04 +0000 2017","true","false","Pilih sorotan untuk baca esai",,,,,,,,,,,,,,,,,,,,,"0","2856","38986","168","false","false","28","Red Earth 29, Saskatchewan","2550","Mas Hara | State of Java","38986","2009210467420655946","false","https://pbs.twimg.com/profile_banners/871058414364876800/1762402684","https://pbs.twimg.com/profile_images/1986286931190378496/kA5X6pSZ_normal.jpg","","Hnirankara","15574","none",,"false",,"false","","","0","","Setuju? https://t.co/NmKokp3rIh","","2","","x.com/widarto6328582…","https://x.com/widarto63285827/status/1868893226125738134?t=3nWIB0kbkEJ6p79-lcKNOQ&s=19","","https://t.co/NmKokp3rIh","false"
"0","","Tue Dec 17 05:26:22 +0000 2024",,,,,,,,,,,,,,,,"","false","true","false","","8",,,,,,,,,,,,,,,,,,,,,,,,,,,,,,,,,,,,"1868890283053834464","0","0","Tue Dec 17 05:26:22 +0000 2024",,"8",,,,,,,,,,,,,,,,"Hnirankara","1868890283053834464","871058414364876800",,,,,,,,,,,,,,,,,,,,,,,,,,,,,,,,,,,,,,,,,,,,,,,,,,,,,,,,,,,,,,,,,,,,,,,,,,,,,,,,,,,,,,,,,,,,,,,,,,,,,,,,,,,,,,,,"1868890283053834464","0",,"2","0","2","Ancaman Konflik Kepentingan

Jika kita membahas tema ini berdasarkan dari teori agensi, dalam konteks politik menggambarkan hubungan antara para pemilih (prinsipal) dan para pejabat publik yang dipilih (agen). Dalam pemilihan gubernur oleh DPRD, teori ini menyoroti potensi","1868890460200353812",,,,,"871058414364876800","true","false","Sat Jun 03 17:38:04 +0000 2017","true","false","Pilih sorotan untuk baca esai",,,,,,,,,,,,,,,,,,,,,"0","2856","38986","168","false","false","28","Red Earth 29, Saskatchewan","2550","Mas Hara | State of Java","38986","2009210467420655946","false","https://pbs.twimg.com/profile_banners/871058414364876800/1762402684","https://pbs.twimg.com/profile_images/1986286931190378496/kA5X6pSZ_normal.jpg","","Hnirankara","15574","none",,"false",,"false","","","2","","Ancaman Konflik Kepentingan

Jika kita membahas tema ini berdasarkan dari teori agensi, dalam konteks politik menggambarkan hubungan antara para pemilih (prinsipal) dan para pejabat publik yang dipilih (agen). Dalam pemilihan gubernur oleh DPRD, teori ini menyoroti potensi","","2","",,,,,"false"
"0","","Tue Dec 17 05:27:15 +0000 2024",,,,,,,,,,,,,,,,"","false","true","false","","6",,,,,,,,,,,,,,,,,,,,,,,,,,,,,,,,,,,,"1868890283053834464","0","0","Tue Dec 17 05:27:15 +0000 2024",,"6",,,,,,,,,,,,,,,,"Hnirankara","1868890460200353812","871058414364876800",,,,,,,,,,,,,,,,,,,,,,,,,,,,,,,,,,,,,,,,,,,,,,,,,,,,,,,,,,,,,,,,,,,,,,,,,,,,,,,,,,,,,,,,,,,,,,,,,,,,,,,,,,,,,,,,"1868890283053834464","0",,"2","0","2","Kepentingan Politik

Special Interest Theory menjelaskan bagaimana kelompok kecil yang memiliki kepentingan spesifik, dapat mempengaruhi kebijakan publik untuk mendapatkan manfaat yang lebih besar dibandingkan dengan kepentingan umum. Dalam hal pemilihan Gubernur oleh DPRD,","1868890681810551078",,,,,"871058414364876800","true","false","Sat Jun 03 17:38:04 +0000 2017","true","false","Pilih sorotan untuk baca esai",,,,,,,,,,,,,,,,,,,,,"0","2856","38986","168","false","false","28","Red Earth 29, Saskatchewan","2550","Mas Hara | State of Java","38986","2009210467420655946","false","https://pbs.twimg.com/profile_banners/871058414364876800/1762402684","https://pbs.twimg.com/profile_images/1986286931190378496/kA5X6pSZ_normal.jpg","","Hnirankara","15574","none",,"false",,"false","","","2","","Kepentingan Politik

Special Interest Theory menjelaskan bagaimana kelompok kecil yang memiliki kepentingan spesifik, dapat mempengaruhi kebijakan publik untuk mendapatkan manfaat yang lebih besar dibandingkan dengan kepentingan umum. Dalam hal pemilihan Gubernur oleh DPRD,","","2","",,,,,"false"
"0","","Tue Dec 17 05:27:50 +0000 2024",,,,,,,,,,,,,,,,"","false","true","false","","6",,,,,,,,,,,,,,,,,,,,,,,,,,,,,,,,,,,,"1868890283053834464","0","0","Tue Dec 17 05:27:50 +0000 2024",,"6",,,,,,,,,,,,,,,,"Hnirankara","1868890681810551078","871058414364876800",,,,,,,,,,,,,,,,,,,,,,,,,,,,,,,,,,,,,,,,,,,,,,,,,,,,,,,,,,,,,,,,,,,,,,,,,,,,,,,,,,,,,,,,,,,,,,,,,,,,,,,,,,,,,,,,"1868890283053834464","0",,"1","0","2","Pengerahan Aparat dan Intimidasi Pemilih

Ketika sebelum pencoblosan Gubernur dan Wakil Gubernur Jawa Tengah, sempat terdengar tentang intimidasi yang dilakukan oleh kelompok tertentu kepada Kepala Desa, maupun oleh Kepada Desa kepada masyarakat. Isu ini jika dapat dibuktikan","1868890829018013900",,,,,"871058414364876800","true","false","Sat Jun 03 17:38:04 +0000 2017","true","false","Pilih sorotan untuk baca esai",,,,,,,,,,,,,,,,,,,,,"0","2856","38986","168","false","false","28","Red Earth 29, Saskatchewan","2550","Mas Hara | State of Java","38986","2009210467420655946","false","https://pbs.twimg.com/profile_banners/871058414364876800/1762402684","https://pbs.twimg.com/profile_images/1986286931190378496/kA5X6pSZ_normal.jpg","","Hnirankara","15574","none",,"false",,"false","","","1","","Pengerahan Aparat dan Intimidasi Pemilih

Ketika sebelum pencoblosan Gubernur dan Wakil Gubernur Jawa Tengah, sempat terdengar tentang intimidasi yang dilakukan oleh kelompok tertentu kepada Kepala Desa, maupun oleh Kepada Desa kepada masyarakat. Isu ini jika dapat dibuktikan","","2","",,,,,"false"
"0","","Tue Dec 17 05:28:24 +0000 2024",,,,,,,,,,,,,,,,"","false","true","false","","7",,,,,,,,,,,,,,,,,,,,,,,,,,,,,,,,,,,,"1868890283053834464","0","0","Tue Dec 17 05:28:24 +0000 2024",,"7",,,,,,,,,,,,,,,,"Hnirankara","1868890829018013900","871058414364876800",,,,,,,,,,,,,,,,,,,,,,,,,,,,,,,,,,,,,,,,,,,,,,,,,,,,,,,,,,,,,,,,,,,,,,,,,,,,,,,,,,,,,,,,,,,,,,,,,,,,,,,,,,,,,,,,"1868890283053834464","0",,"2","0","2","Degradasi Demokrasi

Teori Demokrasi Partisipatoris, menekankan pada keterlibatan langsung serta aktif dari masyarakat dalam proses pengambilan keputusan politik, di dalam teori ini, idealnya DPRD tidak hanya bertindak sebagai perwakilan yang memilih gubernur, tetapi juga","1868890971276296655",,,,,"871058414364876800","true","false","Sat Jun 03 17:38:04 +0000 2017","true","false","Pilih sorotan untuk baca esai",,,,,,,,,,,,,,,,,,,,,"0","2856","38986","168","false","false","28","Red Earth 29, Saskatchewan","2550","Mas Hara | State of Java","38986","2009210467420655946","false","https://pbs.twimg.com/profile_banners/871058414364876800/1762402684","https://pbs.twimg.com/profile_images/1986286931190378496/kA5X6pSZ_normal.jpg","","Hnirankara","15574","none",,"false",,"false","","","2","","Degradasi Demokrasi

Teori Demokrasi Partisipatoris, menekankan pada keterlibatan langsung serta aktif dari masyarakat dalam proses pengambilan keputusan politik, di dalam teori ini, idealnya DPRD tidak hanya bertindak sebagai perwakilan yang memilih gubernur, tetapi juga","","2","",,,,,"false"
"0","","Tue Dec 17 05:28:58 +0000 2024",,,,,,,,,,,,,,,,"","false","true","false","","5",,,,,,,,,,,,,,,,,,,,,,,,,,,,,,,,,,,,"1868890283053834464","0","0","Tue Dec 17 05:28:58 +0000 2024",,"5",,,,,,,,,,,,,,,,"Hnirankara","1868890971276296655","871058414364876800",,,,,,,,,,,,,,,,,,,,,,,,,,,,,,,,,,,,,,,,,,,,,,,,,,,,,,,,,,,,,,,,,,,,,,,,,,,,,,,,,,,,,,,,,,,,,,,,,,,,,,,,,,,,,,,,"1868890283053834464","0",,"2","0","2","Boneka Oligarki

Elite Theory melihat pemilihan Gubernur oleh DPRD sebagai, kekuasaan politik yang sebenarnya dipegang oleh sekelompok kecil individu atau kelompok yang memiliki kekayaan, pengaruh, atau posisi strategis di dalam masyarakat. Dalam sistem ini, pemilihan gubernur","1868891115824595004",,,,,"871058414364876800","true","false","Sat Jun 03 17:38:04 +0000 2017","true","false","Pilih sorotan untuk baca esai",,,,,,,,,,,,,,,,,,,,,"0","2856","38986","168","false","false","28","Red Earth 29, Saskatchewan","2550","Mas Hara | State of Java","38986","2009210467420655946","false","https://pbs.twimg.com/profile_banners/871058414364876800/1762402684","https://pbs.twimg.com/profile_images/1986286931190378496/kA5X6pSZ_normal.jpg","","Hnirankara","15574","none",,"false",,"false","","","2","","Boneka Oligarki

Elite Theory melihat pemilihan Gubernur oleh DPRD sebagai, kekuasaan politik yang sebenarnya dipegang oleh sekelompok kecil individu atau kelompok yang memiliki kekayaan, pengaruh, atau posisi strategis di dalam masyarakat. Dalam sistem ini, pemilihan gubernur","","2","",,,,,"false"
"0","","Tue Dec 17 05:29:32 +0000 2024",,,,,,,,,,,,,,,,"","false","true","false","","7",,,,,,,,,,,,,,,,,,,,,,,,,,,,,,,,,,,,"1868890283053834464","0","0","Tue Dec 17 05:29:32 +0000 2024",,"7",,,,,,,,,,,,,,,,"Hnirankara","1868891115824595004","871058414364876800",,,,,,,,,,,,,,,,,,,,,,,,,,,,,,,,,,,,,,,,,,,,,,,,,,,,,,,,,,,,,,,,,,,,,,,,,,,,,,,,,,,,,,,,,,,,,,,,,,,,,,,,,,,,,,,,"1868890283053834464","0",,"3","0","2","Apakah Pemilihan Gubernur oleh DPRD Layak Di Indonesia?

Keterlibatan kaum elite dalam proses pemilihan Gubernur oleh DPRD ini, tentunya membuat kualitas demokrasi di Indonesia menurun. Nah jika dijelaskan dalam Quality pf Democracy Theory, pemilihan Gubernur oleh DPRD menyoroti","1868891258326011985",,,,,"871058414364876800","true","false","Sat Jun 03 17:38:04 +0000 2017","true","false","Pilih sorotan untuk baca esai",,,,,,,,,,,,,,,,,,,,,"0","2856","38986","168","false","false","28","Red Earth 29, Saskatchewan","2550","Mas Hara | State of Java","38986","2009210467420655946","false","https://pbs.twimg.com/profile_banners/871058414364876800/1762402684","https://pbs.twimg.com/profile_images/1986286931190378496/kA5X6pSZ_normal.jpg","","Hnirankara","15574","none",,"false",,"false","","","3","","Apakah Pemilihan Gubernur oleh DPRD Layak Di Indonesia?

Keterlibatan kaum elite dalam proses pemilihan Gubernur oleh DPRD ini, tentunya membuat kualitas demokrasi di Indonesia menurun. Nah jika dijelaskan dalam Quality pf Democracy Theory, pemilihan Gubernur oleh DPRD menyoroti","","2","",,,,,"false"
"0","","Tue Dec 17 05:30:20 +0000 2024",,,,,,,,,,,,,,,,"","false","true","false","","10",,,,,,,,,,,,,,,,,,,,,,,,,,,,,,,,,,,,"1868890283053834464","0","0","Tue Dec 17 05:30:20 +0000 2024",,"10",,,,,,,,,,,,,,,,"Hnirankara","1868891258326011985","871058414364876800",,,,,,,,,,,,,,,,,,,,,,,,,,,,,,,,,,,,,,,,,,,,,,,,,,,,,,,,,,,,,,,,,,,,,,,,,,,,,,,,,,,,,,,,,,,,,,,,,,,,,,,,,,,,,,,,"1868890283053834464","0",,"1","0","2","Daftar Pustaka

1. Barber, Benjamin. ""Strong Democracy: Participatory Politics for a New Age"". University of California Press, 1984.
2. Diamond, Larry. ""Developing Democracy: Toward Consolidation"". Johns Hopkins University Press, 1999.
3. Jensen, Michael C., dan William H.","1868891458717335764",,,,,"871058414364876800","true","false","Sat Jun 03 17:38:04 +0000 2017","true","false","Pilih sorotan untuk baca esai",,,,,,,,,,,,,,,,,,,,,"0","2856","38986","168","false","false","28","Red Earth 29, Saskatchewan","2550","Mas Hara | State of Java","38986","2009210467420655946","false","https://pbs.twimg.com/profile_banners/871058414364876800/1762402684","https://pbs.twimg.com/profile_images/1986286931190378496/kA5X6pSZ_normal.jpg","","Hnirankara","15574","none",,"false",,"false","","","1","","Daftar Pustaka

1. Barber, Benjamin. ""Strong Democracy: Participatory Politics for a New Age"". University of California Press, 1984.
2. Diamond, Larry. ""Developing Democracy: Toward Consolidation"". Johns Hopkins University Press, 1999.
3. Jensen, Michael C., dan William H.","","2","",,,,,"false"
"0","","Tue Dec 17 05:55:04 +0000 2024",,,,,,,,,,,,,,,,"","false","true","false","","7",,,,,,,,,,,,,,,,,,,,,,,,,,,,,,,,,,,,"1868890283053834464","0","0","Tue Dec 17 05:55:04 +0000 2024",,"7",,,,,,,,,,,,,,,,"Hnirankara","1868891458717335764","871058414364876800",,,,,,,,,,,,,,,,,,,,,,,,,,,,,,,,,,,,,,,,,,,,,,,,,,,,,,,,,,,,,,,,,,,,,,,,,,,,,,,,,,,,,,,,,,,,,,,,,,,,,,,,,,,,,,,,"1868890283053834464","0",,"0","0","2","Setuju? https://t.co/NmKokp3rIh","1868897680229122052","x.com/widarto6328582…","https://x.com/widarto63285827/status/1868893226125738134?t=3nWIB0kbkEJ6p79-lcKNOQ&s=19","","https://t.co/NmKokp3rIh","871058414364876800","true","false","Sat Jun 03 17:38:04 +0000 2017","true","false","Pilih sorotan untuk baca esai",,,,,,,,,,,,,,,,,,,,,"0","2856","38986","168","false","false","28","Red Earth 29, Saskatchewan","2550","Mas Hara | State of Java","38986","2009210467420655946","false","https://pbs.twimg.com/profile_banners/871058414364876800/1762402684","https://pbs.twimg.com/profile_images/1986286931190378496/kA5X6pSZ_normal.jpg","","Hnirankara","15574","none",,"false",,"false","","","0","","Setuju? https://t.co/NmKokp3rIh","","2","","x.com/widarto6328582…","https://x.com/widarto63285827/status/1868893226125738134?t=3nWIB0kbkEJ6p79-lcKNOQ&s=19","","https://t.co/NmKokp3rIh","false"
"0","","Tue Dec 17 05:37:22 +0000 2024",,,,,,,,,,,,,,,,"","false","true","false","","3","871058414364876800","0","11","Mas Hara | State of Java","hnirankara",,,,,,,,,,,,,,,,,,,,,,,,,,,,,,,"1868890283053834464","1","1","Tue Dec 17 05:37:22 +0000 2024",,"3",,,,,,,,,,,,,,,,"Hnirankara","1868890283053834464","871058414364876800",,,,,,,,,,,,,,,,,,,,,,,,,,,,,,,,,,,,,,,,,,,,,,,,,,,,,,,,,,,,,,,,,,,,,,,,,,,,,"871058414364876800","0","11","Mas Hara | State of Java","hnirankara",,,,,,,,,,,,,,,,,,,,,,,,,,,,,,,"1868890283053834464","1",,"0","0","2","@hnirankara jika uud’45 kembalikan sebelum amademen berarti prabowo harus mengundurkan diri, karena presiden dan wakil presiden harus warga indonesia keturunan asli

https://t.co/bhoOkZb6Ig","1868893226125738134","m.kaskus.co.id/thread/5c22018…","https://m.kaskus.co.id/thread/5c220181b840887ccc68fe91/darah-yahudi-dan-cina-dalam-tubuh-prabowo-subianto","","https://t.co/bhoOkZb6Ig","1473607825725145090","true","true","Wed Dec 22 10:55:00 +0000 2021","true","false","",,,,,,,,,,,,,,,,,,,,,"0","5523","1580","461","true","false","2","","37535","Widarto 🇮🇩 #IndonesiaMerdeka","1580","1934984527430259121","false","https://pbs.twimg.com/profile_banners/1473607825725145090/1752088277","https://pbs.twimg.com/profile_images/1473614344713687041/UAVlmnKe_normal.jpg","","widarto63285827","62859","none",,"false",,"false","","","0","","@hnirankara jika uud’45 kembalikan sebelum amademen berarti prabowo harus mengundurkan diri, karena presiden dan wakil presiden harus warga indonesia keturunan asli

https://t.co/bhoOkZb6Ig","","2","","m.kaskus.co.id/thread/5c22018…","https://m.kaskus.co.id/thread/5c220181b840887ccc68fe91/darah-yahudi-dan-cina-dalam-tubuh-prabowo-subianto","","https://t.co/bhoOkZb6Ig","false"
"0","","Tue Dec 17 09:07:54 +0000 2024",,,,,,,,,,,,,,,,"","false","true","false","","1","871058414364876800","0","11","Mas Hara | State of Java","hnirankara","1572608169100316672","12","28","Ney🌸","PUTRY_NUSANTARA",,,,,,,,,,,,,,,,,,,,,,,,,,"1868890283053834464","0","0","Tue Dec 17 09:07:54 +0000 2024",,"1",,,,,,,,,,,,,,,,"Hnirankara","1868890283053834464","871058414364876800",,,,,,,,,,,,,,,,,,,,,,,,,,,,,,,,,,,,,,,,,,,,,,,,,,,,,,,,,,,,,,,,,,,,,,,,,,,,,"871058414364876800","0","11","Mas Hara | State of Java","hnirankara","1572608169100316672","12","28","Ney🌸","PUTRY_NUSANTARA",,,,,,,,,,,,,,,,,,,,,,,,,,"1868890283053834464","0",,"0","0","0","@hnirankara @PUTRY_NUSANTARA Bisa jadi urunan...pilih 1 calon yaakk..😊","1868946211321139299",,,,,"1180704860066344960","false","true","Sun Oct 06 04:43:17 +0000 2019","true","false","Owners.. Kost-Kost-an..💰💰💰💰💰 🏠🏠🏠🏠🏠🏠🏠🏠",,,,,,,,,,,,,,,,,,,,,"0","46","1365","1483","true","false","0","Numpang hidup d Jakarta","12155","Berty","1365",,"false",,"https://pbs.twimg.com/profile_images/1180725466904137728/At7aj4ll_normal.jpg","","Berty69968038","41717","none",,"false",,"false","","","0","","@hnirankara @PUTRY_NUSANTARA Bisa jadi urunan...pilih 1 calon yaakk..😊","","0","",,,,,"false"
"0","","Mon Dec 16 11:43:07 +0000 2024",,,,,,,,,,,,,,,,"","false","true","false","","6","59387308","0","14","Titi Anggraini","titianggraini",,,,,,,,,,,,,,,,,,,,,,,,,,,,,,,"1868622884551504145","0","0","Mon Dec 16 11:43:07 +0000 2024",,"6",,,,,,,,,,,,,,,,"titianggraini","1868471829410750844","59387308",,,,,,,,,,,,,,,,,,,,,,,,,,,,,,,,,,,,,,,,,,,,,,,,,,,,,,,,,,,,,,,,,,,,,,,,,,,,,"59387308","0","14","Titi Anggraini","titianggraini",,,,,,,,,,,,,,,,,,,,,,,,,,,,,,,"1868622884551504145","0",,"1","0","2","@titianggraini Koalisi parpol pendukung pemerintah kuasai lebih dari 80%  kursi DPR

Klo pemilihan gubernur oleh DPRD, maka calon yg ditunjuk koalisi parpol pendukung pemerintah hampir  pasti menang

Klo.demikian, apa faedah dari seremoni pemilihan kepala daerah oleh DPRD?","1868622884551504145",,,,,"545264533","true","true","Wed Apr 04 16:40:48 +0000 2012","true","false","INDONESIA  🇮🇩  HANYA BISA MENJELMA MENJADI NEGARA MAJU, MAKMUR, BERKEADILAN, RUKUN, & SEJAHTERA, 
JIKA KORUPSI KOLUSI NEPOTISME BERHASIL DITUMPAS",,,,,,,,,,,,,,,,,,,,,"0","91322","3090","4013","true","false","0","Jakarta Pusat","7844","🆄🅽🅸🅵🅾🆁🅼👔👖🥼🧥🥻👗👚🩳🧢🎓🛍🎒🥾","3090",,"false","https://pbs.twimg.com/profile_banners/545264533/1726910527","https://pbs.twimg.com/profile_images/1592934948562153472/_93bZjt3_normal.jpg","","WAHYU_UNIFORM","57810","none",,"false",,"false","","","1","","@titianggraini Koalisi parpol pendukung pemerintah kuasai lebih dari 80%  kursi DPR

Klo pemilihan gubernur oleh DPRD, maka calon yg ditunjuk koalisi parpol pendukung pemerintah hampir  pasti menang

Klo.demikian, apa faedah dari seremoni pemilihan kepala daerah oleh DPRD?","","2","",,,,,"false"
"0","","Mon Dec 16 11:58:52 +0000 2024",,,,,,,,,,,,,,,,"","false","true","false","","0","545264533","0","14","🆄🅽🅸🅵🅾🆁🅼👔👖🥼🧥🥻👗👚🩳🧢🎓🛍🎒🥾","WAHYU_UNIFORM","59387308","15","29","Titi Anggraini","titianggraini",,,,,,,,,,,,,,,,,,,,,,,,,,"1868622884551504145","0","0","Mon Dec 16 11:58:52 +0000 2024",,"0",,,,,,,,,,,,,,,,"WAHYU_UNIFORM","1868622884551504145","545264533",,,,,,,,,,,,,,,,,,,,,,,,,,,,,,,,,,,,,,,,,,,,,,,,,,,,,,,,,,,,,,,,,,,,,,,,,,,,,"545264533","0","14","🆄🅽🅸🅵🅾🆁🅼👔👖🥼🧥🥻👗👚🩳🧢🎓🛍🎒🥾","WAHYU_UNIFORM","59387308","15","29","Titi Anggraini","titianggraini",,,,,,,,,,,,,,,,,,,,,,,,,,"1868622884551504145","0",,"1","0","0","@WAHYU_UNIFORM @titianggraini Meniru pemilu internal di PKS, sebelum dipilih harus dibentuk komisi independen yang kompeten terbuka dengan masukan dari masyarakat umum untuk dapat tetapkan bakal cakada dan cawakilnya yang harusnya luluskan hasil yang kompeten. Jadi anggota DPRD sudah dapat calon paslon yang","1868626847657034119",,,,,"1492079136","false","false","Sat Jun 08 06:05:55 +0000 2013","true","false","Ayo Lebih Baik ...",,,,,,,,,,,,,,,,,,,,,"0","7705","1983","654","true","false","3","INDONESIA","5401","KASAYANTO","1983",,"false","https://pbs.twimg.com/profile_banners/1492079136/1711431150","https://pbs.twimg.com/profile_images/1772545274529058816/_alIkdMO_normal.jpg","","Kasayanto_","41970","none",,"false",,"false","","","1","","@WAHYU_UNIFORM @titianggraini Meniru pemilu internal di PKS, sebelum dipilih harus dibentuk komisi independen yang kompeten terbuka dengan masukan dari masyarakat umum untuk dapat tetapkan bakal cakada dan cawakilnya yang harusnya luluskan hasil yang kompeten. Jadi anggota DPRD sudah dapat calon paslon yang","","0","",,,,,"false"
"0","","Mon Dec 16 12:16:20 +0000 2024",,,,,,,,,,,,,,,,"","false","true","false","","0","1492079136","0","11","KASAYANTO","Kasayanto_","59387308","12","26","Titi Anggraini","titianggraini",,,,,,,,,,,,,,,,,,,,,,,,,,"1868622884551504145","0","0","Mon Dec 16 12:16:20 +0000 2024",,"0",,,,,,,,,,,,,,,,"Kasayanto_","1868626847657034119","1492079136",,,,,,,,,,,,,,,,,,,,,,,,,,,,,,,,,,,,,,,,,,,,,,,,,,,,,,,,,,,,,,,,,,,,,,,,,,,,,"1492079136","0","11","KASAYANTO","Kasayanto_","59387308","12","26","Titi Anggraini","titianggraini",,,,,,,,,,,,,,,,,,,,,,,,,,"1868622884551504145","0",,"1","0","0","@Kasayanto_ @titianggraini Itu yg hampir imposible

Krn untuk merawat kekuasaan yg dibutuhkan pertama bukan tokoh terbaik,  tp tokoh yg sdh terbukti loyalitasnya, kriteria2 yg lain

Dan tokoh tsb hanya mungkin didapat dari org2 dekat, tokoh2 lingkar kekuasaan yg sdh dikenal n teruji loyalitasnya","1868631242071294247",,,,,"545264533","true","true","Wed Apr 04 16:40:48 +0000 2012","true","false","INDONESIA  🇮🇩  HANYA BISA MENJELMA MENJADI NEGARA MAJU, MAKMUR, BERKEADILAN, RUKUN, & SEJAHTERA, 
JIKA KORUPSI KOLUSI NEPOTISME BERHASIL DITUMPAS",,,,,,,,,,,,,,,,,,,,,"0","91322","3090","4013","true","false","0","Jakarta Pusat","7844","🆄🅽🅸🅵🅾🆁🅼👔👖🥼🧥🥻👗👚🩳🧢🎓🛍🎒🥾","3090",,"false","https://pbs.twimg.com/profile_banners/545264533/1726910527","https://pbs.twimg.com/profile_images/1592934948562153472/_93bZjt3_normal.jpg","","WAHYU_UNIFORM","57810","none",,"false",,"false","","","1","","@Kasayanto_ @titianggraini Itu yg hampir imposible

Krn untuk merawat kekuasaan yg dibutuhkan pertama bukan tokoh terbaik,  tp tokoh yg sdh terbukti loyalitasnya, kriteria2 yg lain

Dan tokoh tsb hanya mungkin didapat dari org2 dekat, tokoh2 lingkar kekuasaan yg sdh dikenal n teruji loyalitasnya","","0","",,,,,"false"
"0","","Mon Dec 16 04:02:27 +0000 2024",,,,,,,,,,,,,,,,"","false","true","false","","0","71436318","0","9","KOMPAS TV","KompasTV",,,,,,,,,,,,,,,,,,,,,,,,,,,,,,,"1868506953615606088","0","0","Mon Dec 16 04:02:27 +0000 2024",,"0",,,,,,,,,,,,,,,,"KompasTV","1867810500647457223","71436318",,,,,,,,,,,,,,,,,,,,,,,,,,,,,,,,,,,,,,,,,,,,,,,,,,,,,,,,,,,,,,,,,,,,,,,,,,,,,"71436318","0","9","KOMPAS TV","KompasTV",,,,,,,,,,,,,,,,,,,,,,,,,,,,,,,"1868506953615606088","0",,"0","0","0","@KompasTV Kalau MENTAL ANGGOTA DPRD nya Letoy, yg terpilih jd Gubernur/Walikota/Bupati pasti Mental2 nya jg Letoy. 
Anggota DPRD Nya hrs nya juga, tidak di pilih Rakyat. Karena Rakyat bisa Di- akali oleh Mafia2 Pemilihan atau ParPol.","1868506953615606088",,,,,"1597253898317991936","true","true","Mon Nov 28 15:40:53 +0000 2022","true","false","NKRI sbg Warisan dari Para Pahlawan KEMERDEKAAN. Jgn kecewakan Pengorbanan Nya, dgn Pengkhianatan thd Bangsa ini.srmar",,,,,,,,,,,,,,,,,,,,,"0","27","35","42","true","false","0","","6","S3MAR NUR.","35",,"false","https://pbs.twimg.com/profile_banners/1597253898317991936/1747315430","https://pbs.twimg.com/profile_images/1635530546469277696/p1IC_HJp_normal.jpg","","Dank89375697","8547","none",,"false",,"false","","","0","","@KompasTV Kalau MENTAL ANGGOTA DPRD nya Letoy, yg terpilih jd Gubernur/Walikota/Bupati pasti Mental2 nya jg Letoy. 
Anggota DPRD Nya hrs nya juga, tidak di pilih Rakyat. Karena Rakyat bisa Di- akali oleh Mafia2 Pemilihan atau ParPol.","","0","",,,,,"false"
"0","","Sun Dec 15 11:29:29 +0000 2024",,,,,,,,,,,,,,,,"","false","true","false","","35","759692754985242625","0","9","kumparan","kumparan",,,,,,,,,,,,,,,,,,,,,,,,,,,,,,,"1868257063027253607","0","0","Sun Dec 15 11:29:29 +0000 2024",,"35",,,,,,,,,,,,,,,,"kumparan","1868227155684982840","759692754985242625",,,,,,,,,,,,,,,,,,,,,,,,,,,,,,,,,,,,,,,,,,,,,,,,,,,,,,,,,,,,,,,,,,,,,,,,,,,,,"759692754985242625","0","9","kumparan","kumparan",,,,,,,,,,,,,,,,,,,,,,,,,,,,,,,"1868257063027253607","0",,"1","0","7","@kumparan Gubernur dipilih DPRD
=
Gubernur ditentukan Presiden dan Parpol2 koalisi

Tak perlu pemilihan sajalahh
Percuma jg, krn calon2 pasti persetujuan koalisi

&amp; calon gubernur yg didukung mayoritas parpol pendukung pemerintah pasti yg menang

Knp pura2 ada pemilihan gubernur oleh DPRD?","1868257063027253607",,,,,"545264533","true","true","Wed Apr 04 16:40:48 +0000 2012","true","false","INDONESIA  🇮🇩  HANYA BISA MENJELMA MENJADI NEGARA MAJU, MAKMUR, BERKEADILAN, RUKUN, & SEJAHTERA, 
JIKA KORUPSI KOLUSI NEPOTISME BERHASIL DITUMPAS",,,,,,,,,,,,,,,,,,,,,"0","91322","3090","4013","true","false","0","Jakarta Pusat","7844","🆄🅽🅸🅵🅾🆁🅼👔👖🥼🧥🥻👗👚🩳🧢🎓🛍🎒🥾","3090",,"false","https://pbs.twimg.com/profile_banners/545264533/1726910527","https://pbs.twimg.com/profile_images/1592934948562153472/_93bZjt3_normal.jpg","","WAHYU_UNIFORM","57810","none",,"false",,"false","","","1","","@kumparan Gubernur dipilih DPRD
=
Gubernur ditentukan Presiden dan Parpol2 koalisi

Tak perlu pemilihan sajalahh
Percuma jg, krn calon2 pasti persetujuan koalisi

&amp; calon gubernur yg didukung mayoritas parpol pendukung pemerintah pasti yg menang

Knp pura2 ada pemilihan gubernur oleh DPRD?","","7","",,,,,"false"
"0","","Tue Dec 17 11:48:11 +0000 2024",,,,,,,,,,,,,,,,"","false","true","false","","1","545264533","0","14","🆄🅽🅸🅵🅾🆁🅼👔👖🥼🧥🥻👗👚🩳🧢🎓🛍🎒🥾","WAHYU_UNIFORM","759692754985242625","15","24","kumparan","kumparan",,,,,,,,,,,,,,,,,,,,,,,,,,"1868257063027253607","0","0","Tue Dec 17 11:48:11 +0000 2024",,"1",,,,,,,,,,,,,,,,"WAHYU_UNIFORM","1868257063027253607","545264533",,,,,,,,,,,,,,,,,,,,,,,,,,,,,,,,,,,,,,,,,,,,,,,,,,,,,,,,,,,,,,,,,,,,,,,,,,,,,"545264533","0","14","🆄🅽🅸🅵🅾🆁🅼👔👖🥼🧥🥻👗👚🩳🧢🎓🛍🎒🥾","WAHYU_UNIFORM","759692754985242625","15","24","kumparan","kumparan",,,,,,,,,,,,,,,,,,,,,,,,,,"1868257063027253607","0",,"1","0","0","@WAHYU_UNIFORM @kumparan Sangat tidak setuju...","1868986548223721598",,,,,"1519567770098475010","true","true","Thu Apr 28 06:43:54 +0000 2022","true","false","Pensiunan PNS",,,,,,,,,,,,,,,,,,,,,"0","24785","176","182","false","false","0","","38","Arjuna Pagat","176",,"false",,"https://pbs.twimg.com/profile_images/1519568069039116288/VYrvFNGV_normal.jpg","","arjuna_pagat","10470","none",,"false",,"false","","","1","","@WAHYU_UNIFORM @kumparan Sangat tidak setuju...","","0","",,,,,"false"
"0","","Tue Dec 17 12:07:05 +0000 2024",,,,,,,,,,,,,,,,"","false","true","false","","0","1519567770098475010","0","13","Arjuna Pagat","arjuna_pagat","759692754985242625","14","23","kumparan","kumparan",,,,,,,,,,,,,,,,,,,,,,,,,,"1868257063027253607","0","0","Tue Dec 17 12:07:05 +0000 2024",,"0",,,,,,,,,,,,,,,,"arjuna_pagat","1868986548223721598","1519567770098475010",,,,,,,,,,,,,,,,,,,,,,,,,,,,,,,,,,,,,,,,,,,,,,,,,,,,,,,,,,,,,,,,,,,,,,,,,,,,,"1519567770098475010","0","13","Arjuna Pagat","arjuna_pagat","759692754985242625","14","23","kumparan","kumparan",,,,,,,,,,,,,,,,,,,,,,,,,,"1868257063027253607","0",,"0","0","0","@arjuna_pagat @kumparan Parpol2 koalisi pendukung pemerintah sepertinya sdh klop, satu suara setuju Gubernur dipilih DPRD

Tentunya mrk sdg menyimak respon publik

Klo penolakan publik dirasa tak masif akan mnjadi angin segar wacana tsb","1868991301112545579",,,,,"545264533","true","true","Wed Apr 04 16:40:48 +0000 2012","true","false","INDONESIA  🇮🇩  HANYA BISA MENJELMA MENJADI NEGARA MAJU, MAKMUR, BERKEADILAN, RUKUN, & SEJAHTERA, 
JIKA KORUPSI KOLUSI NEPOTISME BERHASIL DITUMPAS",,,,,,,,,,,,,,,,,,,,,"0","91322","3090","4013","true","false","0","Jakarta Pusat","7844","🆄🅽🅸🅵🅾🆁🅼👔👖🥼🧥🥻👗👚🩳🧢🎓🛍🎒🥾","3090",,"false","https://pbs.twimg.com/profile_banners/545264533/1726910527","https://pbs.twimg.com/profile_images/1592934948562153472/_93bZjt3_normal.jpg","","WAHYU_UNIFORM","57810","none",,"false",,"false","","","0","","@arjuna_pagat @kumparan Parpol2 koalisi pendukung pemerintah sepertinya sdh klop, satu suara setuju Gubernur dipilih DPRD

Tentunya mrk sdg menyimak respon publik

Klo penolakan publik dirasa tak masif akan mnjadi angin segar wacana tsb","","0","",,,,,"false"
"0","","Sun Dec 15 08:20:01 +0000 2024",,,,,,,,,,,,,,,,"","false","true","false","","0","960248512108576768","16","25","𝗲𝗯𝗼𝗻❌ ","ebonXboy","40580714","26","34","Prabowo Subianto","prabowo",,,,,,,,,,,,,,,,,,,,,,,,,,"1868189848185753986","0","0","Sun Dec 15 08:20:01 +0000 2024",,"0",,,,,,,,,,,,,,,,"Blues_321lagi","1868189848185753986","1677662458167836673",,,,,,,,,,,,,,,,,,,,,,,,,,,,,,,,,,,,,,,,,,,,,,,,,,,,,,,,,,,,,,,,,,,,,,,,,,,,,"960248512108576768","16","25","𝗲𝗯𝗼𝗻❌ ","ebonXboy","40580714","26","34","Prabowo Subianto","prabowo",,,,,,,,,,,,,,,,,,,,,,,,,,"1868189848185753986","0",,"0","0","1","@lolina_321lagi @ebonXboy @prabowo 58% kan pilih tukang kebiri.","1868209383093760290",,,,,"82789900","false","true","Fri Oct 16 03:43:10 +0000 2009","true","false","*Pancasila,UUD 1945,NKRI & Bhinneka Tunggal Ika...sudah Final* No DM.",,,,,,,,,,,,,,,,,,,,,"0","32377","23917","5411","true","false","28","Indonesia.","1821","Semiaji🇮🇩","23917",,"false",,"https://pbs.twimg.com/profile_images/1328298482872979457/T8MZLBGC_normal.jpg","","semiaji_w","296203","none",,"false",,"false","","","0","","@lolina_321lagi @ebonXboy @prabowo 58% kan pilih tukang kebiri.","","1","",,,,,"false"
"0","","Sun Dec 15 11:47:03 +0000 2024",,,,,,,,,,,,,,,,"","false","true","false","","1","1263109250466762757","16","27","GM_Warrios","GM_Warrios","40580714","28","36","Prabowo Subianto","prabowo",,,,,,,,,,,,,,,,,,,,,,,,,,"1868189848185753986","0","0","Sun Dec 15 11:47:03 +0000 2024",,"1",,,,,,,,,,,,,,,,"Blues_321lagi","1868189848185753986","1677662458167836673",,,,,,,,,,,,,,,,,,,,,,,,,,,,,,,,,,,,,,,,,,,,,,,,,,,,,,,,,,,,,,,,,,,,,,,,,,,,,"1263109250466762757","16","27","GM_Warrios","GM_Warrios","40580714","28","36","Prabowo Subianto","prabowo",,,,,,,,,,,,,,,,,,,,,,,,,,"1868189848185753986","0",,"0","0","0","@lolina_321lagi @GM_Warrios @prabowo Soeharto jilid II","1868261484226293954",,,,,"1772870402613927936","false","true","Wed Mar 27 06:17:19 +0000 2024","true","false","",,,,,,,,,,,,,,,,,,,,,"0","36035","162","116","false","false","1","","1116",".","162",,"false",,"https://pbs.twimg.com/profile_images/1779393836403617792/TWmj7GCQ_normal.jpg","","sastri200531","26546","none",,"false",,"false","","","0","","@lolina_321lagi @GM_Warrios @prabowo Soeharto jilid II","","0","",,,,,"false"
"0","","Sun Dec 15 07:13:08 +0000 2024",,,,,,,,,,,,,,,,"","false","true","false","","0","40580714","16","24","Prabowo Subianto","prabowo",,,,,,,,,,,,,,,,,,,,,,,,,,,,,,,"1868189848185753986","0","0","Sun Dec 15 07:13:08 +0000 2024",,"0",,,,,,,,,,,,,,,,"Blues_321lagi","1868189848185753986","1677662458167836673",,,,,,,,,,,,,,,,,,,,,,,,,,,,,,,,,,,,,,,,,,,,,,,,,,,,,,,,,,,,,,,,,,,,,,,,,,,,,"40580714","16","24","Prabowo Subianto","prabowo",,,,,,,,,,,,,,,,,,,,,,,,,,,,,,,"1868189848185753986","0",,"0","0","0","@lolina_321lagi @prabowo kita harus mendukung program pemerintahan Presiden Prabowo untuk Indonesai Maju","1868192553146925418",,,,,"1697307114983796737","false","true","Thu Aug 31 17:56:02 +0000 2023","true","false","Feel your soul",,,,,,,,,,,,,,,,,,,,,"0","274","10","4","false","false","0","South Sumatra, Indonesia","948","Kopi Gajah","10","2002293591914267047","false",,"https://pbs.twimg.com/profile_images/1714080332969058304/7JMhYwLG_normal.jpg","","kopi94senja","1170","none",,"false",,"false","","","0","","@lolina_321lagi @prabowo kita harus mendukung program pemerintahan Presiden Prabowo untuk Indonesai Maju","","0","",,,,,"false"
"0","","Mon Dec 16 10:18:40 +0000 2024",,,,,,,,,,,,,,,,"","false","true","false","","0","40580714","16","24","Prabowo Subianto","prabowo",,,,,,,,,,,,,,,,,,,,,,,,,,,,,,,"1868189848185753986","0","0","Mon Dec 16 10:18:40 +0000 2024",,"0",,,,,,,,,,,,,,,,"Blues_321lagi","1868189848185753986","1677662458167836673",,,,,,,,,,,,,,,,,,,,,,,,,,,,,,,,,,,,,,,,,,,,,,,,,,,,,,,,,,,,,,,,,,,,,,,,,,,,,"40580714","16","24","Prabowo Subianto","prabowo",,,,,,,,,,,,,,,,,,,,,,,,,,,,,,,"1868189848185753986","0",,"0","0","0","@lolina_321lagi @prabowo Saya setuju , karena bangsa ini akan kembali menggamalkan sila ke 4 dari Pancasila ...
Karena dua dasa warsa ini , kita telah kebablasan ..","1868601632168264121",,,,,"1620414085237202944","false","true","Tue Jan 31 13:30:45 +0000 2023","true","false","",,,,,,,,,,,,,,,,,,,,,"0","6841","17","21","false","false","0","","0","Ice Lava","17",,"false",,"https://pbs.twimg.com/profile_images/1620414282625331202/XAM-zRN9_normal.jpg","","IceLava6","2547","none",,"false",,"false","","","0","","@lolina_321lagi @prabowo Saya setuju , karena bangsa ini akan kembali menggamalkan sila ke 4 dari Pancasila ...
Karena dua dasa warsa ini , kita telah kebablasan ..","","0","",,,,,"false"
"0","","Sun Dec 15 15:34:13 +0000 2024",,,,,,,,,,,,,,,,"","false","true","false","","0","40580714","16","24","Prabowo Subianto","prabowo",,,,,,,,,,,,,,,,,,,,,,,,,,,,,,,"1868189848185753986","0","0","Sun Dec 15 15:34:13 +0000 2024",,"0",,,,,,,,,,,,,,,,"Blues_321lagi","1868189848185753986","1677662458167836673",,,,,,,,,,,,,,,,,,,,,,,,,,,,,,,,,,,,,,,,,,,,,,,,,,,,,,,,,,,,,,,,,,,,,,,,,,,,,"40580714","16","24","Prabowo Subianto","prabowo",,,,,,,,,,,,,,,,,,,,,,,,,,,,,,,"1868189848185753986","0",,"0","0","0","@lolina_321lagi @prabowo Mau kembali ala orde baru.","1868318655697846574",,,,,"746098895315361792","false","false","Thu Jun 23 21:53:33 +0000 2016","true","false","🤔🤔🤔",,,,,,,,,,,,,,,,"mcaf.ee/n2w9z3?DendaWa…","http://mcaf.ee/n2w9z3?DendaWanara","0","23","https://t.co/FdpTSgbFQY","0","9060","541","541","true","false","3","Indonesia","483","Apatis","541","1893484839120294208","false","https://pbs.twimg.com/profile_banners/746098895315361792/1695615545","https://pbs.twimg.com/profile_images/1986476542009221121/hdj3uA32_normal.jpg","","DendaWanara","11780","none","https://t.co/FdpTSgbFQY","false",,"false","","","0","","@lolina_321lagi @prabowo Mau kembali ala orde baru.","","0","",,,,,"false"
"0","","Mon Dec 16 06:46:00 +0000 2024",,,,,,,,,,,,,,,,"","false","true","false","","0","40580714","16","24","Prabowo Subianto","prabowo",,,,,,,,,,,,,,,,,,,,,,,,,,,,,,,"1868189848185753986","0","0","Mon Dec 16 06:46:00 +0000 2024",,"0",,,,,,,,,,,,,,,,"Blues_321lagi","1868189848185753986","1677662458167836673",,,,,,,,,,,,,,,,,,,,,,,,,,,,,,,,,,,,,,,,,,,,,,,,,,,,,,,,,,,,,,,,,,,,,,,,,,,,,"40580714","16","24","Prabowo Subianto","prabowo",,,,,,,,,,,,,,,,,,,,,,,,,,,,,,,"1868189848185753986","0",,"0","0","0","@lolina_321lagi @prabowo Prabowo tidak bisa bedakan sistim pemerintahan di Indonesia dan Malaysia !","1868548113004408882",,,,,"793427822949769216","false","true","Tue Nov 01 12:21:49 +0000 2016","true","false","Pertiwi Berduka !
#GakFollowPorno",,,,,,,,,,,,,,,,,,,,,"0","51367","731","463","true","false","1","Jakarta Timur, DKI Jakarta","950","Negara Mafia !","731",,"false","https://pbs.twimg.com/profile_banners/793427822949769216/1672240310","https://pbs.twimg.com/profile_images/1826544783742885888/kUjaBAFy_normal.jpg","","MgmPtmgm","99165","none",,"false",,"false","","","0","","@lolina_321lagi @prabowo Prabowo tidak bisa bedakan sistim pemerintahan di Indonesia dan Malaysia !","","0","",,,,,"false"
"0","","Sun Dec 15 14:26:14 +0000 2024",,,,,,,,,,,,,,,,"","false","true","false","","0","40580714","16","24","Prabowo Subianto","prabowo",,,,,,,,,,,,,,,,,,,,,,,,,,,,,,,"1868189848185753986","0","0","Sun Dec 15 14:26:14 +0000 2024",,"0",,,,,,,,,,,,,,,,"Blues_321lagi","1868189848185753986","1677662458167836673",,,,,,,,,,,,,,,,,,,,,,,,,,,,,,,,,,,,,,,,,,,,,,,,,,,,,,,,,,,,,,,,,,,,,,,,,,,,,"40580714","16","24","Prabowo Subianto","prabowo",,,,,,,,,,,,,,,,,,,,,,,,,,,,,,,"1868189848185753986","0",,"0","0","0","@lolina_321lagi @prabowo Calon KIM keok lahirlah wacana kepala daerah dipilih DPRD.Yg benar bebaskan PT /ET jadi 0% agar demokrasi lebih meriah calon independen bisa berkiprah dlm proses demokrasi","1868301545240220046",,,,,"1700488405464035328","false","false","Sat Sep 09 12:37:02 +0000 2023","true","false","",,,,,,,,,,,,,,,,,,,,,"0","28122","1","11","false","false","0","","3","oscar73","1",,"false",,"https://pbs.twimg.com/profile_images/1700488779860258816/eHM3PVj__normal.jpg","","oscar73120864","13861","none",,"false",,"false","","","0","","@lolina_321lagi @prabowo Calon KIM keok lahirlah wacana kepala daerah dipilih DPRD.Yg benar bebaskan PT /ET jadi 0% agar demokrasi lebih meriah calon independen bisa berkiprah dlm proses demokrasi","","0","",,,,,"false"
"0","","Sun Dec 15 12:38:17 +0000 2024",,,,,,,,,,,,,,,,"","false","true","false","","0","40580714","16","24","Prabowo Subianto","prabowo",,,,,,,,,,,,,,,,,,,,,,,,,,,,,,,"1868189848185753986","0","0","Sun Dec 15 12:38:17 +0000 2024",,"0",,,,,,,,,,,,,,,,"Blues_321lagi","1868189848185753986","1677662458167836673",,,,,,,,,,,,,,,,,,,,,,,,,,,,,,,,,,,,,,,,,,,,,,,,,,,,,,,,,,,,,,,,,,,,,,,,,,,,,"40580714","16","24","Prabowo Subianto","prabowo",,,,,,,,,,,,,,,,,,,,,,,,,,,,,,,"1868189848185753986","0",,"0","0","0","@lolina_321lagi @prabowo - bedakan parlementer VS presidensial
- warga low quality + bansos = somplack berjamaah
- politikus korup yg bikin mahal pelaksanaannya 
https://t.co/u8CcyQMk9K","1868274378976403836","x.com/SOOM4D/status/…","https://x.com/SOOM4D/status/1867888342626652299?t=8O7uTq1RotEk84BXsCiMZQ&s=19","","https://t.co/u8CcyQMk9K","1106126766702133249","false","false","Thu Mar 14 09:35:46 +0000 2019","true","false","Jaremu Ngono l⭕l Jareku Ngene l⭕l Opo Jare",,,,,,,,,,,,,,,,,,,,,"0","127392","4741","2861","true","false","2","Etane Alasrandu","4349","⭕_iD","4741",,"false","https://pbs.twimg.com/profile_banners/1106126766702133249/1665428064","https://pbs.twimg.com/profile_images/1813546689405546496/gojdP6JP_normal.jpg","","SIJHI23","61518","none",,"false",,"false","","","0","","@lolina_321lagi @prabowo - bedakan parlementer VS presidensial
- warga low quality + bansos = somplack berjamaah
- politikus korup yg bikin mahal pelaksanaannya 
https://t.co/u8CcyQMk9K","","0","","x.com/SOOM4D/status/…","https://x.com/SOOM4D/status/1867888342626652299?t=8O7uTq1RotEk84BXsCiMZQ&s=19","","https://t.co/u8CcyQMk9K","false"
"0","","Mon Dec 16 01:24:27 +0000 2024",,,,,,,,,,,,,,,,"","false","true","false","","0","40580714","16","24","Prabowo Subianto","prabowo",,,,,,,,,,,,,,,,,,,,,,,,,,,,,,,"1868189848185753986","0","0","Mon Dec 16 01:24:27 +0000 2024",,"0",,,,,,,,,,,,,,,,"Blues_321lagi","1868189848185753986","1677662458167836673",,,,,,,,,,,,,,,,,,,,,,,,,,,,,,,,,,,,,,,,,,,,,,,,,,,,,,,,,,,,,,,,,,,,,,,,,,,,,"40580714","16","24","Prabowo Subianto","prabowo",,,,,,,,,,,,,,,,,,,,,,,,,,,,,,,"1868189848185753986","0",,"0","0","0","@lolina_321lagi @prabowo Tanda tanda penguasa haus kekuasaan.....
Bukan ingin memajukan negara ini....
Jadi percuma aja slogan NKRI harga mati....","1868467192301601264",,,,,"1551331383884148736","false","true","Sun Jul 24 22:20:32 +0000 2022","true","false","",,,,,,,,,,,,,,,,,,,,,"0","1091","10","4","false","false","1","","618","thomas","10",,"false",,"https://pbs.twimg.com/profile_images/1551331527224504320/8Eh54B20_normal.png","","samosir_frengki","1862","none",,"false",,"false","","","0","","@lolina_321lagi @prabowo Tanda tanda penguasa haus kekuasaan.....
Bukan ingin memajukan negara ini....
Jadi percuma aja slogan NKRI harga mati....","","0","",,,,,"false"
"0","","Sun Dec 15 16:06:00 +0000 2024",,,,,,,,,,,,,,,,"","false","true","false","","0","40580714","16","24","Prabowo Subianto","prabowo",,,,,,,,,,,,,,,,,,,,,,,,,,,,,,,"1868189848185753986","0","0","Sun Dec 15 16:06:00 +0000 2024",,"0",,,,,,,,,,,,,,,,"Blues_321lagi","1868189848185753986","1677662458167836673",,,,,,,,,,,,,,,,,,,,,,,,,,,,,,,,,,,,,,,,,,,,,,,,,,,,,,,,,,,,,,,,,,,,,,,,,,,,,"40580714","16","24","Prabowo Subianto","prabowo",,,,,,,,,,,,,,,,,,,,,,,,,,,,,,,"1868189848185753986","0",,"0","0","0","@lolina_321lagi @prabowo Beliau hanya memikirkan nasionalisme dg alutsistanya saja. Soal Politik? 0.
Makanya banyak pendukungnya yg kebelet nyetir.","1868326653774156250",,,,,"1143860453803622400","false","false","Wed Jun 26 12:35:58 +0000 2019","true","false","what do you expect ? 😁",,,,,,,,,,,,,,,,,,,,,"0","21980","1777","2559","false","false","1","","557","Dee","1777",,"false","https://pbs.twimg.com/profile_banners/1143860453803622400/1672966304","https://pbs.twimg.com/profile_images/1143861506640994304/jTp0aF9z_normal.jpg","","Dee06644722","22932","none",,"false",,"false","","","0","","@lolina_321lagi @prabowo Beliau hanya memikirkan nasionalisme dg alutsistanya saja. Soal Politik? 0.
Makanya banyak pendukungnya yg kebelet nyetir.","","0","",,,,,"false"
"0","","Sun Dec 15 12:37:08 +0000 2024",,,,,,,,,,,,,,,,"","false","true","false","","0","40580714","16","24","Prabowo Subianto","prabowo",,,,,,,,,,,,,,,,,,,,,,,,,,,,,,,"1868189848185753986","0","0","Sun Dec 15 12:37:08 +0000 2024",,"0",,,,,,,,,,,,,,,,"Blues_321lagi","1868189848185753986","1677662458167836673",,,,,,,,,,,,,,,,,,,,,,,,,,,,,,,,,,,,,,,,,,,,,,,,,,,,,,,,,,,,,,,,,,,,,,,,,,,,,"40580714","16","24","Prabowo Subianto","prabowo",,,,,,,,,,,,,,,,,,,,,,,,,,,,,,,"1868189848185753986","0",,"0","0","0","@lolina_321lagi @prabowo Main boxing dulu","1868274087937867952",,,,,"1637941776848945152","false","true","Mon Mar 20 22:20:11 +0000 2023","true","false","",,,,,,,,,,,,,,,,,,,,,"0","762","109","163","false","false","1","","91","Rondang Sibarani","109",,"false",,"https://pbs.twimg.com/profile_images/1907653269268377600/1lD00qt7_normal.jpg","","RondangSib1136","6760","none",,"false",,"false","","","0","","@lolina_321lagi @prabowo Main boxing dulu","","0","",,,,,"false"
"0","","Sun Dec 15 15:12:22 +0000 2024",,,,,,,,,,,,,,,,"","false","true","false","","0","40580714","16","24","Prabowo Subianto","prabowo",,,,,,,,,,,,,,,,,,,,,,,,,,,,,,,"1868189848185753986","0","0","Sun Dec 15 15:12:22 +0000 2024",,"0",,,,,,,,,,,,,,,,"Blues_321lagi","1868189848185753986","1677662458167836673",,,,,,,,,,,,,,,,,,,,,,,,,,,,,,,,,,,,,,,,,,,,,,,,,,,,,,,,,,,,,,,,,,,,,,,,,,,,,"40580714","16","24","Prabowo Subianto","prabowo",,,,,,,,,,,,,,,,,,,,,,,,,,,,,,,"1868189848185753986","0",,"0","0","0","@lolina_321lagi @prabowo Dari rakyat tetep pemilu ...klau ada penyelenggara pemilu atau ada banyak oknum ...mengapa yg salah rakyat..situ yg bermain main hak rakyat mau dikebiri lagi ..","1868313157414097170",,,,,"1556431414890967040","false","true","Mon Aug 08 00:06:24 +0000 2022","true","false","",,,,,,,,,,,,,,,,,,,,,"0","534","0","12","false","false","0","","0","Sub Khan Mahrus","0",,"false",,"https://pbs.twimg.com/profile_images/1556431596474863616/l-8nN7Nb_normal.png","","MahrusSub","574","none",,"false",,"false","","","0","","@lolina_321lagi @prabowo Dari rakyat tetep pemilu ...klau ada penyelenggara pemilu atau ada banyak oknum ...mengapa yg salah rakyat..situ yg bermain main hak rakyat mau dikebiri lagi ..","","0","",,,,,"false"
"0","","Sun Dec 15 15:32:56 +0000 2024",,,,,,,,,,,,,,,,"","false","true","false","","0","40580714","16","24","Prabowo Subianto","prabowo",,,,,,,,,,,,,,,,,,,,,,,,,,,,,,,"1868189848185753986","0","0","Sun Dec 15 15:32:56 +0000 2024",,"0",,,,,,,,,,,,,,,,"Blues_321lagi","1868189848185753986","1677662458167836673",,,,,,,,,,,,,,,,,,,,,,,,,,,,,,,,,,,,,,,,,,,,,,,,,,,,,,,,,,,,,,,,,,,,,,,,,,,,,"40580714","16","24","Prabowo Subianto","prabowo",,,,,,,,,,,,,,,,,,,,,,,,,,,,,,,"1868189848185753986","0",,"0","0","0","@lolina_321lagi @prabowo Tunggu ujaran "" Ndasmu demokrasi""","1868318332048560242",,,,,"116697176","false","true","Tue Feb 23 09:33:05 +0000 2010","false","true","",,,,,,,,,,,,,,,,,,,,,"0","193","24","114","false","false","0","Gorongosa Mozambique","1","Nutmeg jazzholic","24",,"false","https://pbs.twimg.com/profile_banners/116697176/1399131491","https://abs.twimg.com/sticky/default_profile_images/default_profile_normal.png","","Nutmegjazz","5859","none",,"false",,"false","","","0","","@lolina_321lagi @prabowo Tunggu ujaran "" Ndasmu demokrasi""","","0","",,,,,"false"
"0","","Sun Dec 15 14:00:19 +0000 2024",,,,,,,,,,,,,,,,"","false","true","false","","0","40580714","16","24","Prabowo Subianto","prabowo",,,,,,,,,,,,,,,,,,,,,,,,,,,,,,,"1868189848185753986","0","0","Sun Dec 15 14:00:19 +0000 2024",,"0",,,,,,,,,,,,,,,,"Blues_321lagi","1868189848185753986","1677662458167836673",,,,,,,,,,,,,,,,,,,,,,,,,,,,,,,,,,,,,,,,,,,,,,,,,,,,,,,,,,,,,,,,,,,,,,,,,,,,,"40580714","16","24","Prabowo Subianto","prabowo",,,,,,,,,,,,,,,,,,,,,,,,,,,,,,,"1868189848185753986","0",,"0","0","0","@lolina_321lagi @prabowo Setuju","1868295022174670871",,,,,"115208231","false","true","Wed Feb 17 23:38:48 +0000 2010","true","false","Brave, calm on surface, charm",,,,,,,,,,,,,,,,,,,,,"0","2554","111","545","true","false","0","Bandung,indonesia","48","sigit tri cahyono","111",,"false",,"https://pbs.twimg.com/profile_images/706937301/Copy_of_IMG_0237_normal.JPG","","sigittricahyono","10433","none",,"false",,"false","","","0","","@lolina_321lagi @prabowo Setuju","","0","",,,,,"false"
"0","","Sun Dec 15 17:57:04 +0000 2024",,,,,,,,,,,,,,,,"","false","true","false","","0","40580714","16","24","Prabowo Subianto","prabowo",,,,,,,,,,,,,,,,,,,,,,,,,,,,,,,"1868189848185753986","0","0","Sun Dec 15 17:57:04 +0000 2024",,"0",,,,,,,,,,,,,,,,"Blues_321lagi","1868189848185753986","1677662458167836673",,,,,,,,,,,,,,,,,,,,,,,,,,,,,,,,,,,,,,,,,,,,,,,,,,,,,,,,,,,,,,,,,,,,,,,,,,,,,"40580714","16","24","Prabowo Subianto","prabowo",,,,,,,,,,,,,,,,,,,,,,,,,,,,,,,"1868189848185753986","0",,"0","0","0","@lolina_321lagi @prabowo ngidam apa ya bu pertiwi waktu hamilnya, hingga py rezim yang sama saja dan makin parah dari waktu ke waktu.. dulu saya berhrp KPK benteng terakhirnya... ehhhh ancur maning jadi KoPloK..","1868354602774769714",,,,,"1504020071949090821","false","true","Wed Mar 16 09:01:57 +0000 2022","true","true","",,,,,,,,,,,,,,,,,,,,,"0","64157","191","39","false","false","2","","4031","qwerty","191",,"false",,"https://abs.twimg.com/sticky/default_profile_images/default_profile_normal.png","","qwerty21103","93960","none",,"false",,"false","","","0","","@lolina_321lagi @prabowo ngidam apa ya bu pertiwi waktu hamilnya, hingga py rezim yang sama saja dan makin parah dari waktu ke waktu.. dulu saya berhrp KPK benteng terakhirnya... ehhhh ancur maning jadi KoPloK..","","0","",,,,,"false"
"0","","Sun Dec 15 07:16:46 +0000 2024",,,,,,,,,,,,,,,,"","false","true","false","","2","23343960","0","10","Kompas.com","kompascom",,,,,,,,,,,,,,,,,,,,,,,,,,,,,,,"1868175735242011072","0","0","Sun Dec 15 07:16:46 +0000 2024",,"2",,,,,,,,,,,,,,,,"kompascom","1868175735242011072","23343960",,,,,,,,,,,,,,,,,,,,,,,,,,,,,,,,,,,,,,,,,,,,,,,,,,,,,,,,,,,,,,,,,,,,,,,,,,,,,"23343960","0","10","Kompas.com","kompascom",,,,,,,,,,,,,,,,,,,,,,,,,,,,,,,"1868175735242011072","0",,"0","0","0","@kompascom Ini orang lahir tahun berapa sih? Apa dia gak tau yg namanya ORBA? Dulukan ORBA begitu.","1868193467631018104",,,,,"48933389","false","true","Sat Jun 20 05:09:14 +0000 2009","true","false","Don't follow me.
I'm lost too because googlemaps",,,,,,,,,,,,,,,,,,,,,"0","90194","141","122","true","false","1","jakarta","550","boahaya","141",,"false",,"https://pbs.twimg.com/profile_images/272534609/aldo_normal.gif","","boahaya","11315","none",,"false",,"false","","","0","","@kompascom Ini orang lahir tahun berapa sih? Apa dia gak tau yg namanya ORBA? Dulukan ORBA begitu.","","0","",,,,,"false"
"0","","Sun Dec 15 07:26:18 +0000 2024",,,,,,,,,,,,,,,,"","false","true","false","","2","23343960","0","10","Kompas.com","kompascom",,,,,,,,,,,,,,,,,,,,,,,,,,,,,,,"1868175735242011072","0","0","Sun Dec 15 07:26:18 +0000 2024",,"2",,,,,,,,,,,,,,,,"kompascom","1868175735242011072","23343960",,,,,,,,,,,,,,,,,,,,,,,,,,,,,,,,,,,,,,,,,,,,,,,,,,,,,,,,,,,,,,,,,,,,,,,,,,,,,"23343960","0","10","Kompas.com","kompascom",,,,,,,,,,,,,,,,,,,,,,,,,,,,,,,"1868175735242011072","0",,"0","0","0","@kompascom Lah itu mah sistem nya Parlementer kocak, bandingin kok ama yang sistem nya beda. Gak sekalian bandingin ama Arab atau Korut?","1868195866626216325",,,,,"1054013941129474048","true","true","Sun Oct 21 14:18:00 +0000 2018","true","false","",,,,,,,,,,,,,,,,,,,,,"0","144015","177","160","true","false","1","","306","Juxst Lumos","177",,"false","https://pbs.twimg.com/profile_banners/1054013941129474048/1735540659","https://pbs.twimg.com/profile_images/1950844979234082816/SgpSmY2y_normal.jpg","","JuxstLumos","22117","none",,"false",,"false","","","0","","@kompascom Lah itu mah sistem nya Parlementer kocak, bandingin kok ama yang sistem nya beda. Gak sekalian bandingin ama Arab atau Korut?","","0","",,,,,"false"
"0","","Sun Dec 15 06:11:03 +0000 2024",,,,,,,,,,,,,,,,"","false","true","false","","2","23343960","0","10","Kompas.com","kompascom",,,,,,,,,,,,,,,,,,,,,,,,,,,,,,,"1868175735242011072","0","0","Sun Dec 15 06:11:03 +0000 2024",,"2",,,,,,,,,,,,,,,,"kompascom","1868175735242011072","23343960",,,,,,,,,,,,,,,,,,,,,,,,,,,,,,,,,,,,,,,,,,,,,,,,,,,,,,,,,,,,,,,,,,,,,,,,,,,,,"23343960","0","10","Kompas.com","kompascom",,,,,,,,,,,,,,,,,,,,,,,,,,,,,,,"1868175735242011072","0",,"1","0","0","@kompascom Ngapain repot2. Bisa mencontoh dari jaman Orba juga kok 😊","1868176926709538938",,,,,"2203373412","false","true","Tue Nov 19 16:25:40 +0000 2013","true","false","vive la revolution",,,,,,,,,,,,,,,,,,,,,"0","23779","12","35","true","false","0","","87","Dwi","12",,"false","https://pbs.twimg.com/profile_banners/2203373412/1756827358","https://pbs.twimg.com/profile_images/1962893045453684737/086Sy-Hu_normal.jpg","","dwee_nieh","5071","none",,"false",,"false","","","1","","@kompascom Ngapain repot2. Bisa mencontoh dari jaman Orba juga kok 😊","","0","",,,,,"false"
"0","","Sun Dec 15 14:09:32 +0000 2024",,,,,,,,,,,,,,,,"","false","true","false","","1","23343960","0","10","Kompas.com","kompascom",,,,,,,,,,,,,,,,,,,,,,,,,,,,,,,"1868175735242011072","0","0","Sun Dec 15 14:09:32 +0000 2024",,"1",,,,,,,,,,,,,,,,"kompascom","1868175735242011072","23343960",,,,,,,,,,,,,,,,,,,,,,,,,,,,,,,,,,,,,,,,,,,,,,,,,,,,,,,,,,,,,,,,,,,,,,,,,,,,,"23343960","0","10","Kompas.com","kompascom",,,,,,,,,,,,,,,,,,,,,,,,,,,,,,,"1868175735242011072","0",,"0","0","0","@kompascom Lha ngapaen belajar jauh2 ke negara lain..negara mu kan pernah puluhan tahun mmilih kep.daerah oleh dprd?? Hslnya rusak parah..makanya dilakukn pilkada sbg bagian dri amanah uu otonomi daerah..parah mmng pjbt dn anggota dpr skrng..mngekor pnjilat semua..hak rakyat jd diamputasi😏","1868297343097065504",,,,,"1563956377478778880","false","false","Sun Aug 28 18:27:25 +0000 2022","true","false","🛀Akun Santai🤣",,,,,,,,,,,,,,,,,,,,,"0","4179","649","119","false","false","1","","2214","Pro Keadilan⏩#Warga Merdeka🆓","649",,"false","https://pbs.twimg.com/profile_banners/1563956377478778880/1667221644","https://pbs.twimg.com/profile_images/1599044103727378432/p7DaKv4Y_normal.jpg","","Legislator75","19632","none",,"false",,"false","","","0","","@kompascom Lha ngapaen belajar jauh2 ke negara lain..negara mu kan pernah puluhan tahun mmilih kep.daerah oleh dprd?? Hslnya rusak parah..makanya dilakukn pilkada sbg bagian dri amanah uu otonomi daerah..parah mmng pjbt dn anggota dpr skrng..mngekor pnjilat semua..hak rakyat jd diamputasi😏","","0","",,,,,"false"
"0","","Sun Dec 15 11:41:45 +0000 2024",,,,,,,,,,,,,,,,"","false","true","false","","1","23343960","0","10","Kompas.com","kompascom",,,,,,,,,,,,,,,,,,,,,,,,,,,,,,,"1868175735242011072","0","0","Sun Dec 15 11:41:45 +0000 2024",,"1",,,,,,,,,,,,,,,,"kompascom","1868175735242011072","23343960",,,,,,,,,,,,,,,,,,,,,,,,,,,,,,,,,,,,,,,,,,,,,,,,,,,,,,,,,,,,,,,,,,,,,,,,,,,,,"23343960","0","10","Kompas.com","kompascom",,,,,,,,,,,,,,,,,,,,,,,,,,,,,,,"1868175735242011072","0",,"0","0","0","@kompascom berubah jadi parlamenter ? 
ngaku ajalah, mau kembali ke orde baru","1868260152467718398",,,,,"872646548","false","true","Wed Oct 10 23:11:14 +0000 2012","true","false","Agent Import & Export / 
Tai Chi  for health practitioner
Chinese Martial Arts practitioner",,,,,,,,,,,,,,,,,,,,,"0","37534","168","405","false","false","0","Jakarta, YIwu, Guangzhou","58","wuchen c s","168",,"false","https://pbs.twimg.com/profile_banners/872646548/1428550307","https://pbs.twimg.com/profile_images/1796487562703626240/eMfdgCrE_normal.jpg","","wuchenyics","3074","none",,"false",,"false","","","0","","@kompascom berubah jadi parlamenter ? 
ngaku ajalah, mau kembali ke orde baru","","0","",,,,,"false"
"0","","Sun Dec 15 10:32:53 +0000 2024",,,,,,,,,,,,,,,,"","false","true","false","","1","23343960","0","10","Kompas.com","kompascom",,,,,,,,,,,,,,,,,,,,,,,,,,,,,,,"1868175735242011072","0","0","Sun Dec 15 10:32:53 +0000 2024",,"1",,,,,,,,,,,,,,,,"kompascom","1868175735242011072","23343960",,,,,,,,,,,,,,,,,,,,,,,,,,,,,,,,,,,,,,,,,,,,,,,,,,,,,,,,,,,,,,,,,,,,,,,,,,,,,"23343960","0","10","Kompas.com","kompascom",,,,,,,,,,,,,,,,,,,,,,,,,,,,,,,"1868175735242011072","0",,"0","0","0","@kompascom waahh hari ini hari minggu bapak melkiedes gak gereja hari ini ??","1868242821695819850",,,,,"1594732397492195330","false","false","Mon Nov 21 16:40:34 +0000 2022","true","false","Sedang diluar ruangan",,,,,,,,,,,,,,,,,,,,,"0","9347","73","11","false","false","0","","0","BurungPipitYangKecil","73","1820830314937352551","false","https://pbs.twimg.com/profile_banners/1594732397492195330/1669086449","https://pbs.twimg.com/profile_images/1594890279378595840/Y4_6Qxys_normal.jpg","","Partikellirs","31445","none",,"false",,"false","","","0","","@kompascom waahh hari ini hari minggu bapak melkiedes gak gereja hari ini ??","","0","",,,,,"false"
"0","","Sun Dec 15 13:57:57 +0000 2024",,,,,,,,,,,,,,,,"","false","true","false","","1","23343960","0","10","Kompas.com","kompascom",,,,,,,,,,,,,,,,,,,,,,,,,,,,,,,"1868175735242011072","0","0","Sun Dec 15 13:57:57 +0000 2024",,"1",,,,,,,,,,,,,,,,"kompascom","1868175735242011072","23343960","pic.x.com/naEWCaT51u","https://x.com/jamail_amin/status/1868294428961673701/photo/1","1080","photo","https://pbs.twimg.com/media/Ge2D4c1aQAAR6W0.jpg",,,,,,,,,,,,,,"1080",,,,,,,,,,,,,,,,,,,,,,,,,,,,,,,,,,,,,,,,,,,,,,,,,,,,,,,,,,"23343960","0","10","Kompas.com","kompascom",,,,,,,,,,,,,,,,,,,,,,,,,,,,,,,"1868175735242011072","0",,"0","0","0","@kompascom tdk usah mencontoh negara lain, klo mau mencontoh itu PPN di vietnam yg turun dari 10 ke 8%.
kalian hrsnya malu, karena kalian yg menciptakan pilkada mahal, karena permainan politik uang dan sembako.
hrs nya kalian yg sadar diri, karena kalian yg merusak demokrasi itu sendiri https://t.co/naEWCaT51u","1868294428961673701",,,,,"776225088622383104","false","true","Thu Sep 15 01:04:17 +0000 2016","true","false","",,,,,,,,,,,,,,,,,,,,,"0","0","24","110","false","false","0","","468","Negri Wakanda","24",,"false","https://pbs.twimg.com/profile_banners/776225088622383104/1473902375","https://pbs.twimg.com/profile_images/1830188602304901120/A0MltjWW_normal.jpg","","Sil4Ke5","2429","none",,"false",,"false","","","0","","@kompascom tdk usah mencontoh negara lain, klo mau mencontoh itu PPN di vietnam yg turun dari 10 ke 8%.
kalian hrsnya malu, karena kalian yg menciptakan pilkada mahal, karena permainan politik uang dan sembako.
hrs nya kalian yg sadar diri, karena kalian yg merusak demokrasi itu sendiri https://t.co/naEWCaT51u","","0","",,,,,"false"
"0","","Sun Dec 15 06:14:49 +0000 2024",,,,,,,,,,,,,,,,"","false","true","false","","1","23343960","0","10","Kompas.com","kompascom",,,,,,,,,,,,,,,,,,,,,,,,,,,,,,,"1868175735242011072","0","0","Sun Dec 15 06:14:49 +0000 2024",,"1",,,,,,,,,,,,,,,,"kompascom","1868175735242011072","23343960",,,,,,,,,,,,,,,,,,,,,,,,,,,,,,,,,,,,,,,,,,,,,,,,,,,,,,,,,,,,,,,,,,,,,,,,,,,,,"23343960","0","10","Kompas.com","kompascom",,,,,,,,,,,,,,,,,,,,,,,,,,,,,,,"1868175735242011072","0",,"0","0","0","@kompascom Dimulainya permufakatan iblis","1868177876316778617",,,,,"273977169","true","false","Tue Mar 29 13:58:33 +0000 2011","false","false","ih kepo yaa ???",,,,,,,,,,,,,,,,,,,,,"0","35277","270","466","true","false","1","Nomaden","3917","MHDHH","270","1925597466965196817","false","https://pbs.twimg.com/profile_banners/273977169/1732763376","https://pbs.twimg.com/profile_images/1886500412829917187/SxEINFUG_normal.jpg","","Masmas_NewJeans","59846","none",,"false",,"false","","","0","","@kompascom Dimulainya permufakatan iblis","","0","",,,,,"false"
"0","","Sun Dec 15 14:08:33 +0000 2024",,,,,,,,,,,,,,,,"","false","true","false","","1","23343960","0","10","Kompas.com","kompascom",,,,,,,,,,,,,,,,,,,,,,,,,,,,,,,"1868175735242011072","0","0","Sun Dec 15 14:08:33 +0000 2024",,"1",,,,,,,,,,,,,,,,"kompascom","1868175735242011072","23343960",,,,,,,,,,,,,,,,,,,,,,,,,,,,,,,,,,,,,,,,,,,,,,,,,,,,,,,,,,,,,,,,,,,,,,,,,,,,,"23343960","0","10","Kompas.com","kompascom",,,,,,,,,,,,,,,,,,,,,,,,,,,,,,,"1868175735242011072","0",,"0","0","0","@kompascom Ngapain Belajar ke negara Tetangga la wong jaman Orba Indonesia sudah menerapkan aneh.... Malah Mundur Demokrasi nya mikir","1868297093615702326",,,,,"851379912","false","true","Fri Sep 28 16:48:45 +0000 2012","true","false","",,,,,,,,,,,,,,,,,,,,,"0","33047","591","1117","true","false","0","Kota Depok","583","Junae","591",,"false",,"https://pbs.twimg.com/profile_images/1826037819137208320/wKnzVktU_normal.jpg","","cintasejatiyou","31335","none",,"false",,"false","","","0","","@kompascom Ngapain Belajar ke negara Tetangga la wong jaman Orba Indonesia sudah menerapkan aneh.... Malah Mundur Demokrasi nya mikir","","0","",,,,,"false"
"0","","Sun Dec 15 09:53:28 +0000 2024",,,,,,,,,,,,,,,,"","false","true","false","","1","23343960","0","10","Kompas.com","kompascom",,,,,,,,,,,,,,,,,,,,,,,,,,,,,,,"1868175735242011072","0","0","Sun Dec 15 09:53:28 +0000 2024",,"1",,,,,,,,,,,,,,,,"kompascom","1868175735242011072","23343960","pic.x.com/qhbSrInNr3","https://x.com/thelawismine/status/1868232901529415817/photo/1","1080","photo","https://pbs.twimg.com/media/Ge1L6wibkAEqhp4.jpg",,,,,,,,,,,,,,"1080",,,,,,,,,,,,,,,,,,,,,,,,,,,,,,,,,,,,,,,,,,,,,,,,,,,,,,,,,,"23343960","0","10","Kompas.com","kompascom",,,,,,,,,,,,,,,,,,,,,,,,,,,,,,,"1868175735242011072","0",,"0","0","0","@kompascom Tokai! https://t.co/qhbSrInNr3","1868232901529415817",,,,,"1554095029677076481","false","true","Mon Aug 01 13:22:16 +0000 2022","true","false","I'm just ordinary people",,,,,,,,,,,,,,,,,,,,,"0","2391","24","232","false","false","0","","899","Agus Prayitno","24",,"false",,"https://pbs.twimg.com/profile_images/1554095169141882880/RHCCVjIG_normal.png","","thelawismine","14307","none",,"false",,"false","","","0","","@kompascom Tokai! https://t.co/qhbSrInNr3","","0","",,,,,"false"
"0","","Sun Dec 15 08:46:41 +0000 2024",,,,,,,,,,,,,,,,"","false","true","false","","1","23343960","0","10","Kompas.com","kompascom",,,,,,,,,,,,,,,,,,,,,,,,,,,,,,,"1868175735242011072","0","0","Sun Dec 15 08:46:41 +0000 2024",,"1",,,,,,,,,,,,,,,,"kompascom","1868175735242011072","23343960",,,,,,,,,,,,,,,,,,,,,,,,,,,,,,,,,,,,,,,,,,,,,,,,,,,,,,,,,,,,,,,,,,,,,,,,,,,,,"23343960","0","10","Kompas.com","kompascom",,,,,,,,,,,,,,,,,,,,,,,,,,,,,,,"1868175735242011072","0",,"1","0","0","@kompascom Apa di Malaysia ada otonomi daerah?","1868216093292327167",,,,,"393958116","true","false","Wed Oct 19 10:51:19 +0000 2011","false","false","",,,,,,,,,,,,,,,,,,,,,"0","3949","152","143","false","false","1","St.East Beji,New Depokville.","69","Fajar Ajinugroho","152",,"false",,"https://pbs.twimg.com/profile_images/1606878875019268097/GQr4wXNy_normal.jpg","","fajarajiie","13254","none",,"false",,"false","","","1","","@kompascom Apa di Malaysia ada otonomi daerah?","","0","",,,,,"false"
"0","","Sun Dec 15 10:41:16 +0000 2024",,,,,,,,,,,,,,,,"","false","true","false","","1","23343960","0","10","Kompas.com","kompascom",,,,,,,,,,,,,,,,,,,,,,,,,,,,,,,"1868175735242011072","0","0","Sun Dec 15 10:41:16 +0000 2024",,"1",,,,,,,,,,,,,,,,"kompascom","1868175735242011072","23343960",,,,,,,,,,,,,,,,,,,,,,,,,,,,,,,,,,,,,,,,,,,,,,,,,,,,,,,,,,,,,,,,,,,,,,,,,,,,,"23343960","0","10","Kompas.com","kompascom",,,,,,,,,,,,,,,,,,,,,,,,,,,,,,,"1868175735242011072","0",,"0","0","0","@kompascom Kalo menguntungkan rezim ditiru
Kalo dirasa merugikan rezim jawabnya negara punya pola pikir msg²

Kan gk lucu☺️","1868244932424765711",,,,,"1836306645212893188","false","true","Wed Sep 18 07:30:59 +0000 2024","true","false","",,,,,,,,,,,,,,,,,,,,,"0","2870","37","76","false","false","0","","288","gigih","37",,"false","https://pbs.twimg.com/profile_banners/1836306645212893188/1726811619","https://pbs.twimg.com/profile_images/1836309343807115265/tTi71Y6S_normal.jpg","","Bolonedewe66365","2203","none",,"false",,"false","","","0","","@kompascom Kalo menguntungkan rezim ditiru
Kalo dirasa merugikan rezim jawabnya negara punya pola pikir msg²

Kan gk lucu☺️","","0","",,,,,"false"
"0","","Sun Dec 15 09:48:52 +0000 2024",,,,,,,,,,,,,,,,"","false","true","false","","1","23343960","0","10","Kompas.com","kompascom",,,,,,,,,,,,,,,,,,,,,,,,,,,,,,,"1868175735242011072","0","0","Sun Dec 15 09:48:52 +0000 2024",,"1",,,,,,,,,,,,,,,,"kompascom","1868175735242011072","23343960",,,,,,,,,,,,,,,,,,,,,,,,,,,,,,,,,,,,,,,,,,,,,,,,,,,,,,,,,,,,,,,,,,,,,,,,,,,,,"23343960","0","10","Kompas.com","kompascom",,,,,,,,,,,,,,,,,,,,,,,,,,,,,,,"1868175735242011072","0",,"0","0","0","@kompascom Mestinya partai belajarlah untuk jujur tentang cara perekrutan kader untuk masuk calon kepala daerah.. shg saat pilkada yang diandalkan bukan sebar bansos, bagi2 proyek,dan lain sebagainya. 
Mestinya partai pilih kader yang bisa menggerakkan rakyat tanpa embel-embel uang..😁🤭🤟","1868231744547353055",,,,,"126916183","false","false","Sat Mar 27 12:10:16 +0000 2010","false","false","Rahasia",,,,,,,,,,,,,,,,,,,,,"0","694","211","291","false","false","0","jakarta","510","Syukur Ab.Laia #Yaahowu#","211",,"false","https://pbs.twimg.com/profile_banners/126916183/1486914011","https://pbs.twimg.com/profile_images/883328779396853764/aGm-ghnE_normal.jpg","","abadilaia","4316","none",,"false",,"false","","","0","","@kompascom Mestinya partai belajarlah untuk jujur tentang cara perekrutan kader untuk masuk calon kepala daerah.. shg saat pilkada yang diandalkan bukan sebar bansos, bagi2 proyek,dan lain sebagainya. 
Mestinya partai pilih kader yang bisa menggerakkan rakyat tanpa embel-embel uang..😁🤭🤟","","0","",,,,,"false"
"0","","Sun Dec 15 12:22:27 +0000 2024",,,,,,,,,,,,,,,,"","false","true","false","","1","23343960","0","10","Kompas.com","kompascom",,,,,,,,,,,,,,,,,,,,,,,,,,,,,,,"1868175735242011072","0","0","Sun Dec 15 12:22:27 +0000 2024",,"1",,,,,,,,,,,,,,,,"kompascom","1868175735242011072","23343960",,,,,,,,,,,,,,,,,,,,,,,,,,,,,,,,,,,,,,,,,,,,,,,,,,,,,,,,,,,,,,,,,,,,,,,,,,,,,"23343960","0","10","Kompas.com","kompascom",,,,,,,,,,,,,,,,,,,,,,,,,,,,,,,"1868175735242011072","0",,"0","0","0","@kompascom Fenomena BRAIN ROT...semua LOGIKA TERBALIK....ini bentuk pembodohan pola fikir masyarakat.","1868270392898658632",,,,,"1672464730689265664","false","true","Sat Jun 24 04:41:47 +0000 2023","true","false","",,,,,,,,,,,,,,,,,,,,,"0","370","2","34","false","false","0","","7","Edralin Parulian","2",,"false",,"https://pbs.twimg.com/profile_images/1672465019316076546/cm39IGg4_normal.png","","EdralinPar79650","896","none",,"false",,"false","","","0","","@kompascom Fenomena BRAIN ROT...semua LOGIKA TERBALIK....ini bentuk pembodohan pola fikir masyarakat.","","0","",,,,,"false"
"0","","Sun Dec 15 11:27:48 +0000 2024",,,,,,,,,,,,,,,,"","false","true","false","","0","23343960","0","10","Kompas.com","kompascom",,,,,,,,,,,,,,,,,,,,,,,,,,,,,,,"1868175735242011072","0","0","Sun Dec 15 11:27:48 +0000 2024",,"0",,,,,,,,,,,,,,,,"kompascom","1868175735242011072","23343960",,,,,,,,,,,,,,,,,,,,,,,,,,,,,,,,,,,,,,,,,,,,,,,,,,,,,,,,,,,,,,,,,,,,,,,,,,,,,"23343960","0","10","Kompas.com","kompascom",,,,,,,,,,,,,,,,,,,,,,,,,,,,,,,"1868175735242011072","0",,"0","0","0","@kompascom Beda dong moralitas nya integritas nya lebih tinggi pejabat negara tetangga,d banding dgn Indonesia, Indonesia gak ada apa apa nya, pejabat pejabat Indonesia ini busuk buruk bejat dan banyak yg tdk bermoral publik etik","1868256643378807018",,,,,"1642627278789283840","true","false","Sun Apr 02 20:38:29 +0000 2023","true","false","hidup seperti sebuah piano
ada yg putih ada yg hitam
jika tuhan memainkan akan menjadi melodi yang indah",,,,,,,,,,,,,,,,,,,,,"0","8499","378","392","false","false","0","Kota Surabaya, Jawa Timur","1468","Ali Dey","378",,"false","https://pbs.twimg.com/profile_banners/1642627278789283840/1754980368","https://pbs.twimg.com/profile_images/1743329271140188162/Il2ioRUZ_normal.jpg","","JendralKepitin9","30923","none",,"false",,"false","","","0","","@kompascom Beda dong moralitas nya integritas nya lebih tinggi pejabat negara tetangga,d banding dgn Indonesia, Indonesia gak ada apa apa nya, pejabat pejabat Indonesia ini busuk buruk bejat dan banyak yg tdk bermoral publik etik","","0","",,,,,"false"
"0","","Sun Dec 15 08:25:01 +0000 2024",,,,,,,,,,,,,,,,"","false","true","false","","0","23343960","0","10","Kompas.com","kompascom",,,,,,,,,,,,,,,,,,,,,,,,,,,,,,,"1868175735242011072","0","0","Sun Dec 15 08:25:01 +0000 2024",,"0",,,,,,,,,,,,,,,,"kompascom","1868175735242011072","23343960",,,,,,,,,,,,,,,,,,,,,,,,,,,,,,,,,,,,,,,,,,,,,,,,,,,,,,,,,,,,,,,,,,,,,,,,,,,,,"23343960","0","10","Kompas.com","kompascom",,,,,,,,,,,,,,,,,,,,,,,,,,,,,,,"1868175735242011072","0",,"0","0","0","@kompascom Kenapa Indonesia harus belajar? Aoakah mereka sedemokratis kita?  Pilkada kata mereka mahal, ya kalau mahal dibikin dong UU yg membatasi pengeluaran dan biaya kampanye.","1868210642710331478",,,,,"1044829630476234753","false","true","Wed Sep 26 06:02:50 +0000 2018","true","false","Carpe Diem",,,,,,,,,,,,,,,,,,,,,"0","21346","94","684","false","false","0","","33","Magenta99","94",,"false",,"https://pbs.twimg.com/profile_images/1544631947212627968/yynP3in-_normal.jpg","","sembroy1","9086","none",,"false",,"false","","","0","","@kompascom Kenapa Indonesia harus belajar? Aoakah mereka sedemokratis kita?  Pilkada kata mereka mahal, ya kalau mahal dibikin dong UU yg membatasi pengeluaran dan biaya kampanye.","","0","",,,,,"false"
"0","","Sun Dec 15 06:37:16 +0000 2024",,,,,,,,,,,,,,,,"","false","true","false","","0","23343960","0","10","Kompas.com","kompascom",,,,,,,,,,,,,,,,,,,,,,,,,,,,,,,"1868175735242011072","0","0","Sun Dec 15 06:37:16 +0000 2024",,"0",,,,,,,,,,,,,,,,"kompascom","1868175735242011072","23343960",,,,,,,,,,,,,,,,,,,,,,,,,,,,,,,,,,,,,,,,,,,,,,,,,,,,,,,,,,,,,,,,,,,,,,,,,,,,,"23343960","0","10","Kompas.com","kompascom",,,,,,,,,,,,,,,,,,,,,,,,,,,,,,,"1868175735242011072","0",,"0","0","0","@kompascom sakarepmu, yg penting PPN gak naik jadi 12 persen,harga sembako dan BBM murah, gaji naik terus biar bisa umroh terus","1868183525805220156",,,,,"884709186705039360","false","true","Tue Jul 11 09:41:22 +0000 2017","true","false","Orang biasa yg ingin berbagi ilmu",,,,,,,,,,,,,,,,,,,,,"0","17768","119","510","false","false","0","Hero City of NKRI","361","M. Y. A","119",,"false",,"https://pbs.twimg.com/profile_images/1878440039623127040/E4-7BGvy_normal.jpg","","SahabathtJ","41381","none",,"false",,"false","","","0","","@kompascom sakarepmu, yg penting PPN gak naik jadi 12 persen,harga sembako dan BBM murah, gaji naik terus biar bisa umroh terus","","0","",,,,,"false"
"0","","Sun Dec 15 22:59:45 +0000 2024",,,,,,,,,,,,,,,,"","false","true","false","","0","23343960","0","10","Kompas.com","kompascom",,,,,,,,,,,,,,,,,,,,,,,,,,,,,,,"1868175735242011072","0","0","Sun Dec 15 22:59:45 +0000 2024",,"0",,,,,,,,,,,,,,,,"kompascom","1868175735242011072","23343960",,,,,,,,,,,,,,,,,,,,,,,,,,,,,,,,,,,,,,,,,,,,,,,,,,,,,,,,,,,,,,,,,,,,,,,,,,,,,"23343960","0","10","Kompas.com","kompascom",,,,,,,,,,,,,,,,,,,,,,,,,,,,,,,"1868175735242011072","0",,"0","0","0","@kompascom Kalau gitu, PPN turunkan ke 8% dan Kementrian dan jabatan politisi banyak di hapus.","1868430775705870366",,,,,"33473755","false","false","Mon Apr 20 10:06:30 +0000 2009","true","false","JD & The Straight Shot #1 Fan",,,,,,,,,,,,,,,,,,,,,"0","2926","158","353","true","false","0","Forest Hills to Jakarta","1459","JD & The Straight Shot","158",,"false","https://pbs.twimg.com/profile_banners/33473755/1716007174","https://pbs.twimg.com/profile_images/1986759860638330880/9jePjSfR_normal.jpg","","YouSuckSekali","13507","none",,"false",,"false","","","0","","@kompascom Kalau gitu, PPN turunkan ke 8% dan Kementrian dan jabatan politisi banyak di hapus.","","0","",,,,,"false"
"0","","Sun Dec 15 16:04:31 +0000 2024",,,,,,,,,,,,,,,,"","false","true","false","","0","23343960","0","10","Kompas.com","kompascom",,,,,,,,,,,,,,,,,,,,,,,,,,,,,,,"1868175735242011072","0","0","Sun Dec 15 16:04:31 +0000 2024",,"0",,,,,,,,,,,,,,,,"kompascom","1868175735242011072","23343960",,,,,,,,,,,,,,,,,,,,,,,,,,,,,,,,,,,,,,,,,,,,,,,,,,,,,,,,,,,,,,,,,,,,,,,,,,,,,"23343960","0","10","Kompas.com","kompascom",,,,,,,,,,,,,,,,,,,,,,,,,,,,,,,"1868175735242011072","0",,"0","0","0","@kompascom Kita juga harus belajar bahwa Anggota Legislatif mereka itu Cerdas dan relatif Bermoral 🤣🤣🤣","1868326278203597203",,,,,"4352858325","true","false","Wed Dec 02 17:53:39 +0000 2015","true","false","Guitar Trader at Goedang Gitar owner",,,,,,,,,,,,,,,,,,,,,"0","1015","77","556","false","false","0","Bandung, Indonesia","412","Freedom","77",,"false",,"https://pbs.twimg.com/profile_images/1114940597129715712/eaZ4RiFe_normal.jpg","","free_m4","8581","none",,"false",,"false","","","0","","@kompascom Kita juga harus belajar bahwa Anggota Legislatif mereka itu Cerdas dan relatif Bermoral 🤣🤣🤣","","0","",,,,,"false"
"0","","Sun Dec 15 16:28:11 +0000 2024",,,,,,,,,,,,,,,,"","false","true","false","","0","23343960","0","10","Kompas.com","kompascom",,,,,,,,,,,,,,,,,,,,,,,,,,,,,,,"1868175735242011072","0","0","Sun Dec 15 16:28:11 +0000 2024",,"0",,,,,,,,,,,,,,,,"kompascom","1868175735242011072","23343960",,,,,,,,,,,,,,,,,,,,,,,,,,,,,,,,,,,,,,,,,,,,,,,,,,,,,,,,,,,,,,,,,,,,,,,,,,,,,"23343960","0","10","Kompas.com","kompascom",,,,,,,,,,,,,,,,,,,,,,,,,,,,,,,"1868175735242011072","0",,"0","0","0","@kompascom Jangan malu belajar dari negara jiran atau neg mana pun yg lebih maju, rasional. Model demokrasi bisa beda, bisa macam2, yg penting esensi, hakikatnya menghormati, memberikan hak2 warga neg unt bersuara, berpendapat secara bebas, tanpa tekanan, dimanipulasi. Prinsip luber jurdil","1868332237328138291",,,,,"1779877120262766592","true","true","Mon Apr 15 14:20:16 +0000 2024","true","false","",,,,,,,,,,,,,,,,,,,,,"0","2","4","5","false","false","1","","3","martinus pri hendratmoko","4",,"false",,"https://pbs.twimg.com/profile_images/1785311291739090944/WvV3yPen_normal.jpg","","mprihendratmoko","3406","none",,"false",,"false","","","0","","@kompascom Jangan malu belajar dari negara jiran atau neg mana pun yg lebih maju, rasional. Model demokrasi bisa beda, bisa macam2, yg penting esensi, hakikatnya menghormati, memberikan hak2 warga neg unt bersuara, berpendapat secara bebas, tanpa tekanan, dimanipulasi. Prinsip luber jurdil","","0","",,,,,"false"
"0","","Sun Dec 15 09:16:01 +0000 2024",,,,,,,,,,,,,,,,"","false","true","false","","0","23343960","0","10","Kompas.com","kompascom",,,,,,,,,,,,,,,,,,,,,,,,,,,,,,,"1868175735242011072","0","0","Sun Dec 15 09:16:01 +0000 2024",,"0",,,,,,,,,,,,,,,,"kompascom","1868175735242011072","23343960",,,,,,,,,,,,,,,,,,,,,,,,,,,,,,,,,,,,,,,,,,,,,,,,,,,,,,,,,,,,,,,,,,,,,,,,,,,,,"23343960","0","10","Kompas.com","kompascom",,,,,,,,,,,,,,,,,,,,,,,,,,,,,,,"1868175735242011072","0",,"0","0","0","@kompascom MUAAAAAAAAAAK DENGAN SIKAP POLITISI‼️","1868223475460329956",,,,,"1790936744428556288","false","true","Thu May 16 02:46:58 +0000 2024","true","false","Penikmat Kopi",,,,,,,,,,,,,,,,,,,,,"0","2586","49","64","false","false","0","","255","B4C07","49",,"false","https://pbs.twimg.com/profile_banners/1790936744428556288/1734102631","https://pbs.twimg.com/profile_images/1902078792786702338/zF_x55wu_normal.jpg","","3D1_14","4242","none",,"false",,"false","","","0","","@kompascom MUAAAAAAAAAAK DENGAN SIKAP POLITISI‼️","","0","",,,,,"false"
"0","","Mon Dec 16 03:13:54 +0000 2024",,,,,,,,,,,,,,,,"","false","true","false","","0","23343960","0","10","Kompas.com","kompascom",,,,,,,,,,,,,,,,,,,,,,,,,,,,,,,"1868175735242011072","0","0","Mon Dec 16 03:13:54 +0000 2024",,"0",,,,,,,,,,,,,,,,"kompascom","1868175735242011072","23343960",,,,,,,,,,,,,,,,,,,,,,,,,,,,,,,,,,,,,,,,,,,,,,,,,,,,,,,,,,,,,,,,,,,,,,,,,,,,,"23343960","0","10","Kompas.com","kompascom",,,,,,,,,,,,,,,,,,,,,,,,,,,,,,,"1868175735242011072","0",,"0","0","0","@kompascom kata si air langga mah ..ngapain ngikutin negara lain ...","1868494733708025912",,,,,"1729769037587173376","false","true","Wed Nov 29 07:50:00 +0000 2023","true","false","",,,,,,,,,,,,,,,,,,,,,"0","22308","100","187","false","false","1","","1553","doctorhumoris causal 🤣🤣🤣","100",,"false","https://pbs.twimg.com/profile_banners/1729769037587173376/1737893782","https://pbs.twimg.com/profile_images/1833647259097153536/Zh6RG5d-_normal.jpg","","rustamanuus158","21183","none",,"false",,"false","","","0","","@kompascom kata si air langga mah ..ngapain ngikutin negara lain ...","","0","",,,,,"false"
"0","","Sun Dec 15 06:47:22 +0000 2024",,,,,,,,,,,,,,,,"","false","true","false","","0","23343960","0","10","Kompas.com","kompascom",,,,,,,,,,,,,,,,,,,,,,,,,,,,,,,"1868175735242011072","0","0","Sun Dec 15 06:47:22 +0000 2024",,"0",,,,,,,,,,,,,,,,"kompascom","1868175735242011072","23343960",,,,,,,,,,,,,,,,,,,,,,,,,,,,,,,,,,,,,,,,,,,,,,,,,,,,,,,,,,,,,,,,,,,,,,,,,,,,,"23343960","0","10","Kompas.com","kompascom",,,,,,,,,,,,,,,,,,,,,,,,,,,,,,,"1868175735242011072","0",,"1","0","0","@kompascom Kalo meniru negara lain tuh yang baik baiknya aja bisa gak sih?","1868186069579255940",,,,,"968170203535237120","false","true","Mon Feb 26 17:05:39 +0000 2018","true","false","Laki laki.

Borderland: Dunia Perbatasan",,,,,,,,,,,,,,,,,,,,,"0","9438","4","107","false","false","0","Jakarta?","95","will","4",,"false","https://pbs.twimg.com/profile_banners/968170203535237120/1683483741","https://pbs.twimg.com/profile_images/1829894387993890816/Hk3EsZEX_normal.jpg","","willdanz17","2547","none",,"false",,"false","","","1","","@kompascom Kalo meniru negara lain tuh yang baik baiknya aja bisa gak sih?","","0","",,,,,"false"
"0","","Sun Dec 15 14:18:02 +0000 2024",,,,,,,,,,,,,,,,"","false","true","false","","0","23343960","0","10","Kompas.com","kompascom",,,,,,,,,,,,,,,,,,,,,,,,,,,,,,,"1868175735242011072","0","0","Sun Dec 15 14:18:02 +0000 2024",,"0",,,,,,,,,,,,,,,,"kompascom","1868175735242011072","23343960",,,,,,,,,,,,,,,,,,,,,,,,,,,,,,,,,,,,,,,,,,,,,,,,,,,,,,,,,,,,,,,,,,,,,,,,,,,,,"23343960","0","10","Kompas.com","kompascom",,,,,,,,,,,,,,,,,,,,,,,,,,,,,,,"1868175735242011072","0",,"0","0","0","@kompascom Jangan aneh aneh blok","1868299480640213462",,,,,"1558741030811607040","false","true","Sun Aug 14 09:03:28 +0000 2022","true","false","",,,,,,,,,,,,,,,,,,,,,"0","14246","41","273","false","false","2","","102","Endo","41",,"false",,"https://pbs.twimg.com/profile_images/1928716409384873984/JaZ71HlA_normal.jpg","","Endorph083","2586","none",,"false",,"false","","","0","","@kompascom Jangan aneh aneh blok","","0","",,,,,"false"
"0","","Sun Dec 15 23:28:32 +0000 2024",,,,,,,,,,,,,,,,"","false","true","false","","0","23343960","0","10","Kompas.com","kompascom",,,,,,,,,,,,,,,,,,,,,,,,,,,,,,,"1868175735242011072","0","0","Sun Dec 15 23:28:32 +0000 2024",,"0",,,,,,,,,,,,,,,,"kompascom","1868175735242011072","23343960",,,,,,,,,,,,,,,,,,,,,,,,,,,,,,,,,,,,,,,,,,,,,,,,,,,,,,,,,,,,,,,,,,,,,,,,,,,,,"23343960","0","10","Kompas.com","kompascom",,,,,,,,,,,,,,,,,,,,,,,,,,,,,,,"1868175735242011072","0",,"0","0","0","@kompascom Another pjbt go*""""""""""","1868438018518049191",,,,,"1726031471205588992","false","true","Sun Nov 19 00:16:03 +0000 2023","true","false","",,,,,,,,,,,,,,,,,,,,,"0","12746","77","61","false","false","1","","268","Alfa","77",,"false",,"https://pbs.twimg.com/profile_images/1961254581834584065/52VuqAJm_normal.jpg","","Alfa_Bimas","18482","none",,"false",,"false","","","0","","@kompascom Another pjbt go*""""""""""","","0","",,,,,"false"
"0","","Sat Dec 14 17:59:25 +0000 2024",,,,,,,,,,,,,,,,"","false","true","false","","0","1068371293290946561","0","9","King Purwa","BosPurwa","40580714","10","18","Prabowo Subianto","prabowo","110312278","19","33","Anies Rasyid Baswedan","aniesbaswedan",,,,,,,,,,,,,,,,,,,,,"1867992805286781250","0","0","Sat Dec 14 17:59:25 +0000 2024",,"0",,,,,,,,,,,,,,,,"BosPurwa","1867862378580500646","1068371293290946561",,,,,,,,,,,,,,,,,,,,,,,,,,,,,,,,,,,,,,,,,,,,,,,,,,,,,,,,,,,,,,,,,,,,,,,,,,,,,"1068371293290946561","0","9","King Purwa","BosPurwa","40580714","10","18","Prabowo Subianto","prabowo","110312278","19","33","Anies Rasyid Baswedan","aniesbaswedan",,,,,,,,,,,,,,,,,,,,,"1867992805286781250","0",,"0","0","0","@BosPurwa @prabowo @aniesbaswedan Knp pak Prabowo terburu-buru membuat sistem pemilihan gubernur/bupati/walikota oleh DPRD, apakah pilkada berbiaya mahal, knp bisa mahal ? tentu ada sebab itu lah yg di analisis  secara detil dgn melibatkan peran serta masyarakat dari seluruh kalangan jgn hanya ketum parpol doang.","1867992805286781250",,,,,"1616592924388786176","false","true","Sat Jan 21 00:26:31 +0000 2023","true","false","",,,,,,,,,,,,,,,,,,,,,"0","7033","63","132","false","false","0","","504","iangalent","63",,"false","https://pbs.twimg.com/profile_banners/1616592924388786176/1674262668","https://pbs.twimg.com/profile_images/1616600694433394688/4AhIw0fu_normal.jpg","","iangalent1","3944","none",,"false",,"false","","","0","","@BosPurwa @prabowo @aniesbaswedan Knp pak Prabowo terburu-buru membuat sistem pemilihan gubernur/bupati/walikota oleh DPRD, apakah pilkada berbiaya mahal, knp bisa mahal ? tentu ada sebab itu lah yg di analisis  secara detil dgn melibatkan peran serta masyarakat dari seluruh kalangan jgn hanya ketum parpol doang.","","0","",,,,,"false"
"0","","Sat Dec 14 14:03:06 +0000 2024",,,,,,,,,,,,,,,,"","false","true","false","","0","1334853481019056128","0","15","Maudy Asmara","Mdy_Asmara1701",,,,,,,,,,,,,,,,,,,,,,,,,,,,,,,"1867933335265460255","0","0","Sat Dec 14 14:03:06 +0000 2024",,"0",,,,,,,,,,,,,,,,"Mdy_Asmara1701","1867875446479847497","1334853481019056128",,,,,,,,,,,,,,,,,,,,,,,,,,,,,,,,,,,,,,,,,,,,,,,,,,,,,,,,,,,,,,,,,,,,,,,,,,,,,"1334853481019056128","0","15","Maudy Asmara","Mdy_Asmara1701",,,,,,,,,,,,,,,,,,,,,,,,,,,,,,,"1867933335265460255","0",,"0","0","0","@Mdy_Asmara1701 Ini bisa terjadi di negeri ini kalau ngotot merubah undang-undang tentang pemilihan gubernur Bupati Walikota oleh DPRD dan presiden dipilih oleh MPR","1867933335265460255",,,,,"2273834636","false","true","Fri Jan 03 02:19:13 +0000 2014","true","false","",,,,,,,,,,,,,,,,,,,,,"0","62744","238","684","true","false","0","","201","joko tingkir","238",,"false",,"https://pbs.twimg.com/profile_images/1076388679080280064/rcbO9N5G_normal.jpg","","jokotin59927788","17726","none",,"false",,"false","","","0","","@Mdy_Asmara1701 Ini bisa terjadi di negeri ini kalau ngotot merubah undang-undang tentang pemilihan gubernur Bupati Walikota oleh DPRD dan presiden dipilih oleh MPR","","0","",,,,,"false"
"0","","Sat Dec 14 14:01:03 +0000 2024",,,,,,,,,,,,,,,,"","false","true","false","","0","71436318","0","9","KOMPAS TV","KompasTV",,,,,,,,,,,,,,,,,,,,,,,,,,,,,,,"1867932820620169728","0","0","Sat Dec 14 14:01:03 +0000 2024",,"0",,,,,,,,,,,,,,,,"KompasTV","1867810500647457223","71436318",,,,,,,,,,,,,,,,,,,,,,,,,,,,,,,,,,,,,,,,,,,,,,,,,,,,,,,,,,,,,,,,,,,,,,,,,,,,,"71436318","0","9","KOMPAS TV","KompasTV",,,,,,,,,,,,,,,,,,,,,,,,,,,,,,,"1867932820620169728","0",,"0","0","0","@KompasTV Tahun 99, pemilihan gubernur/walikota dilakukan oleh DPRD, tahu apa yg terjadi, semua anggota DPRD di karantina, di masa karantina uang berjalan, gub/walkot terpilih, semua senang, semua menang, rakyat gigit jari, wkwkwkw

Gas trus bosku, biar rakyat biasa, tetap jd rakyat biasa","1867932820620169728",,,,,"2248413540","false","true","Mon Dec 16 08:30:18 +0000 2013","true","false","The man who can't help everybody, but you can share anythings with me",,,,,,,,,,,,,,,,"Gapazhe.blogspot.com","http://Gapazhe.blogspot.com","0","23","https://t.co/ICdHtOKOUq","0","106","117","98","false","false","0","Medan","187","JemaahOldTrafford","117",,"false","https://pbs.twimg.com/profile_banners/2248413540/1664912296","https://pbs.twimg.com/profile_images/1577382934130356224/GKJeyIb7_normal.jpg","","Gapazhe","4474","none","https://t.co/ICdHtOKOUq","false",,"false","","","0","","@KompasTV Tahun 99, pemilihan gubernur/walikota dilakukan oleh DPRD, tahu apa yg terjadi, semua anggota DPRD di karantina, di masa karantina uang berjalan, gub/walkot terpilih, semua senang, semua menang, rakyat gigit jari, wkwkwkw

Gas trus bosku, biar rakyat biasa, tetap jd rakyat biasa","","0","",,,,,"false"
"0","","Sat Dec 14 13:43:49 +0000 2024",,,,,,,,,,,,,,,,"","false","true","false","","0","120110169","0","8","Jimly Asshiddiqie","JimlyAs",,,,,,,,,,,,,,,,,,,,,,,,,,,,,,,"1867928484552810955","0","0","Sat Dec 14 13:43:49 +0000 2024",,"0",,,,,,,,,,,,,,,,"JimlyAs","1867573066441851300","120110169",,,,,,,,,,,,,,,,,,,,,,,,,,,,,,,,,,,,,,,,,,,,,,,,,,,,,,,,,,,,,,,,,,,,,,,,,,,,,"120110169","0","8","Jimly Asshiddiqie","JimlyAs",,,,,,,,,,,,,,,,,,,,,,,,,,,,,,,"1867928484552810955","0",,"0","0","0","@JimlyAs Setuju pak, tp hanya untuk pemilihan gubernur saja pak yg dipilih oleh DPRD, untuk pemilihan bupati atau walikota tetap dipilih oleh rakyat","1867928484552810955",,,,,"1375958005","false","true","Wed Apr 24 02:11:34 +0000 2013","true","false","Soleh",,,,,,,,,,,,,,,,,,,,,"0","1254","22","540","false","false","1","Pematang Siantar, Indonesia","3","roni ibnu sutedi","22",,"false","https://pbs.twimg.com/profile_banners/1375958005/1578762731","https://pbs.twimg.com/profile_images/1312009848611979270/rHWGeFl7_normal.jpg","","IbnuSutedi","396","none",,"false",,"false","","","0","","@JimlyAs Setuju pak, tp hanya untuk pemilihan gubernur saja pak yg dipilih oleh DPRD, untuk pemilihan bupati atau walikota tetap dipilih oleh rakyat","","0","",,,,,"false"
"0","","Sat Dec 14 10:06:10 +0000 2024",,,,,,,,,,,,,,,,"","false","true","false","","10","1068371293290946561","0","9","King Purwa","BosPurwa","40580714","10","18","Prabowo Subianto","prabowo","110312278","19","33","Anies Rasyid Baswedan","aniesbaswedan",,,,,,,,,,,,,,,,,,,,,"1867862378580500646","0","0","Sat Dec 14 10:06:10 +0000 2024",,"10",,,,,,,,,,,,,,,,"BosPurwa","1867862378580500646","1068371293290946561",,,,,,,,,,,,,,,,,,,,,,,,,,,,,,,,,,,,,,,,,,,,,,,,,,,,,,,,,,,,,,,,,,,,,,,,,,,,,"1068371293290946561","0","9","King Purwa","BosPurwa","40580714","10","18","Prabowo Subianto","prabowo","110312278","19","33","Anies Rasyid Baswedan","aniesbaswedan",,,,,,,,,,,,,,,,,,,,,"1867862378580500646","0",,"0","0","1","@BosPurwa @prabowo @aniesbaswedan Makin diputer makin sebel kenapa bapak ini bukan yg jadi presiden","1867873709920539090",,,,,"59319789","false","false","Thu Jul 23 01:33:14 +0000 2009","true","false","",,,,,,,,,,,,,,,,,,,,,"0","24164","476","439","true","false","3","Random Country","680","air_jeruk","476",,"false","https://pbs.twimg.com/profile_banners/59319789/1714139770","https://pbs.twimg.com/profile_images/1897194305460076544/4jWXZp6j_normal.jpg","","ikan_mainan","49248","none",,"false",,"false","","","0","","@BosPurwa @prabowo @aniesbaswedan Makin diputer makin sebel kenapa bapak ini bukan yg jadi presiden","","1","",,,,,"false"
"0","","Sat Dec 14 13:51:37 +0000 2024",,,,,,,,,,,,,,,,"","false","true","false","","4","1068371293290946561","0","9","King Purwa","BosPurwa","40580714","10","18","Prabowo Subianto","prabowo","110312278","19","33","Anies Rasyid Baswedan","aniesbaswedan",,,,,,,,,,,,,,,,,,,,,"1867862378580500646","0","0","Sat Dec 14 13:51:37 +0000 2024",,"4",,,,,,,,,,,,,,,,"BosPurwa","1867862378580500646","1068371293290946561",,,,,,,,,,,,,,,,,,,,,,,,,,,,,,,,,,,,,,,,,,,,,,,,,,,,,,,,,,,,,,,,,,,,,,,,,,,,,"1068371293290946561","0","9","King Purwa","BosPurwa","40580714","10","18","Prabowo Subianto","prabowo","110312278","19","33","Anies Rasyid Baswedan","aniesbaswedan",,,,,,,,,,,,,,,,,,,,,"1867862378580500646","0",,"0","0","0","@BosPurwa @prabowo @aniesbaswedan Mungkin mereka2 yg wacanakan gub dipilih DPRD itu krn malu sdh ""DITAMPAR"" warga jakarta..😄😄😄","1867930446472024109",,,,,"1610297087018815490","false","true","Tue Jan 03 15:29:07 +0000 2023","true","false","Konsisten",,,,,,,,,,,,,,,,,,,,,"0","1769","441","549","true","false","0","Jatinegara, Indonesia","612","Eko Putra","441","1616452194664067080","false",,"https://pbs.twimg.com/profile_images/1868956179269140481/CdhTtWDY_normal.jpg","","EkoPutr86520727","9665","none",,"false",,"false","","","0","","@BosPurwa @prabowo @aniesbaswedan Mungkin mereka2 yg wacanakan gub dipilih DPRD itu krn malu sdh ""DITAMPAR"" warga jakarta..😄😄😄","","0","",,,,,"false"
"0","","Sat Dec 14 16:12:41 +0000 2024",,,,,,,,,,,,,,,,"","false","true","false","","4","1068371293290946561","0","9","King Purwa","BosPurwa","40580714","10","18","Prabowo Subianto","prabowo","110312278","19","33","Anies Rasyid Baswedan","aniesbaswedan","110312278","43","57","Anies Rasyid Baswedan","aniesbaswedan",,,,,,,,,,,,,,,,"1867862378580500646","0","0","Sat Dec 14 16:12:41 +0000 2024",,"4",,,,,,,,,,,,,,,,"BosPurwa","1867862378580500646","1068371293290946561",,,,,,,,,,,,,,,,,,,,,,,,,,,,,,,,,,,,,,,,,,,,,,,,,,,,,,,,,,,,,,,,,,,,,,,,,,,,,"1068371293290946561","0","9","King Purwa","BosPurwa","40580714","10","18","Prabowo Subianto","prabowo","110312278","19","33","Anies Rasyid Baswedan","aniesbaswedan","110312278","43","57","Anies Rasyid Baswedan","aniesbaswedan",,,,,,,,,,,,,,,,"1867862378580500646","0",,"0","0","0","@BosPurwa @prabowo @aniesbaswedan Aduh pak @aniesbaswedan jgn di kasih kuliah yg 8 SKS, nnti byk yg remedial bahkan tdk lulus karna cuma omon2 dan joget doank bisa nya 🤣🤣","1867965945437929548",,,,,"209607978","false","false","Fri Oct 29 14:36:15 +0000 2010","false","false","",,,,,,,,,,,,,,,,,,,,,"0","1240","18","280","true","false","0","Suriname","52","Tjah Bagus","18",,"false","https://pbs.twimg.com/profile_banners/209607978/1663736540","https://pbs.twimg.com/profile_images/1572450682174853121/nuc0mEFP_normal.jpg","","c4h_b4gus001","650","none",,"false",,"false","","","0","","@BosPurwa @prabowo @aniesbaswedan Aduh pak @aniesbaswedan jgn di kasih kuliah yg 8 SKS, nnti byk yg remedial bahkan tdk lulus karna cuma omon2 dan joget doank bisa nya 🤣🤣","","0","",,,,,"false"
"0","","Sat Dec 14 12:22:36 +0000 2024",,,,,,,,,,,,,,,,"","false","true","false","","3","1068371293290946561","0","9","King Purwa","BosPurwa","40580714","10","18","Prabowo Subianto","prabowo","110312278","19","33","Anies Rasyid Baswedan","aniesbaswedan",,,,,,,,,,,,,,,,,,,,,"1867862378580500646","0","0","Sat Dec 14 12:22:36 +0000 2024",,"3",,,,,,,,,,,,,,,,"BosPurwa","1867862378580500646","1068371293290946561",,,,,,,,,,,,,,,,,,,,,,,,,,,,,,,,,,,,,,,,,,,,,,,,,,,,,,,,,,,,,,,,,,,,,,,,,,,,,"1068371293290946561","0","9","King Purwa","BosPurwa","40580714","10","18","Prabowo Subianto","prabowo","110312278","19","33","Anies Rasyid Baswedan","aniesbaswedan",,,,,,,,,,,,,,,,,,,,,"1867862378580500646","0",,"0","0","0","@BosPurwa @prabowo @aniesbaswedan Memperbaiki sistem demokrasi di negeri ini tdk segampang membalikkan telapak tangan.  Penyakitnya sudah akut.
Perlu ada gerakan dan kesadaran masif dari semua kalangan utk mendaptkan formula terbaik sesuai dengan realita saat ini.","1867908043767431413",,,,,"1685174450","true","false","Tue Aug 20 07:48:35 +0000 2013","true","false","Untuk mencapai puncak, jalan terjal bukanlah rintangan. 
Kekuatan tekad harus siap diuji demi perubahan.",,,,,,,,,,,,,,,,,,,,,"0","7107","1070","1364","false","false","0","Indonesia Raya","79","Pengembara_16","1070",,"false","https://pbs.twimg.com/profile_banners/1685174450/1571879959","https://pbs.twimg.com/profile_images/1431651378766630916/iHe189Tu_normal.jpg","","uman_2009","9237","none",,"false",,"false","","","0","","@BosPurwa @prabowo @aniesbaswedan Memperbaiki sistem demokrasi di negeri ini tdk segampang membalikkan telapak tangan.  Penyakitnya sudah akut.
Perlu ada gerakan dan kesadaran masif dari semua kalangan utk mendaptkan formula terbaik sesuai dengan realita saat ini.","","0","",,,,,"false"
"0","","Sat Dec 14 15:23:02 +0000 2024",,,,,,,,,,,,,,,,"","false","true","false","","2","1068371293290946561","0","9","King Purwa","BosPurwa","40580714","10","18","Prabowo Subianto","prabowo","110312278","19","33","Anies Rasyid Baswedan","aniesbaswedan",,,,,,,,,,,,,,,,,,,,,"1867862378580500646","0","0","Sat Dec 14 15:23:02 +0000 2024",,"2",,,,,,,,,,,,,,,,"BosPurwa","1867862378580500646","1068371293290946561",,,,,,,,,,,,,,,,,,,,,,,,,,,,,,,,,,,,,,,,,,,,,,,,,,,,,,,,,,,,,,,,,,,,,,,,,,,,,"1068371293290946561","0","9","King Purwa","BosPurwa","40580714","10","18","Prabowo Subianto","prabowo","110312278","19","33","Anies Rasyid Baswedan","aniesbaswedan",,,,,,,,,,,,,,,,,,,,,"1867862378580500646","0",,"0","0","0","@BosPurwa @prabowo @aniesbaswedan ""Rezim ingin berkuasa seperti rezim ORBA (32 thn atau lbh)

Sdh menguasai PARTAI (ketua2 partai menjadi mentri), &amp; menguasai DPR/D yg akibatnya tdk lagi menjadi wakil rakyat (wakil rezim). 
Mereka ingin menyempurnakan dgn memguasai kepala daerah.

Kebodohan hakiki.","1867953452875383008",,,,,"1006487451135762433","true","true","Tue Jun 12 10:44:42 +0000 2018","true","false","Peminum obat anti dungu
(akun ke-112 aktif semua)

Gue balik lagi ke akun ini, Nyari yg tolol macam gerombolan part tai sokmed 😘👌 AP3 LO3...?! 😂",,,,,,,,,,,,,,,,,,,,,"0","9771","89","267","false","false","0","unpredicted","345","Pong Tiku ( da tator ) ⚔️","89",,"false","https://pbs.twimg.com/profile_banners/1006487451135762433/1528801815","https://pbs.twimg.com/profile_images/1006493847096971265/guvvW870_normal.jpg","","da_tator_id","11817","none",,"false",,"false","","","0","","@BosPurwa @prabowo @aniesbaswedan ""Rezim ingin berkuasa seperti rezim ORBA (32 thn atau lbh)

Sdh menguasai PARTAI (ketua2 partai menjadi mentri), &amp; menguasai DPR/D yg akibatnya tdk lagi menjadi wakil rakyat (wakil rezim). 
Mereka ingin menyempurnakan dgn memguasai kepala daerah.

Kebodohan hakiki.","","0","",,,,,"false"
"0","","Sat Dec 14 09:37:30 +0000 2024",,,,,,,,,,,,,,,,"","false","true","false","","1","1068371293290946561","0","9","King Purwa","BosPurwa","40580714","10","18","Prabowo Subianto","prabowo","110312278","19","33","Anies Rasyid Baswedan","aniesbaswedan",,,,,,,,,,,,,,,,,,,,,"1867862378580500646","0","0","Sat Dec 14 09:37:30 +0000 2024",,"1",,,,,,,,,,,,,,,,"BosPurwa","1867862378580500646","1068371293290946561",,,,,,,,,,,,,,,,,,,,,,,,,,,,,,,,,,,,,,,,,,,,,,,,,,,,,,,,,,,,,,,,,,,,,,,,,,,,,"1068371293290946561","0","9","King Purwa","BosPurwa","40580714","10","18","Prabowo Subianto","prabowo","110312278","19","33","Anies Rasyid Baswedan","aniesbaswedan",,,,,,,,,,,,,,,,,,,,,"1867862378580500646","0",,"0","0","0","@BosPurwa @prabowo @aniesbaswedan Seharusnya pemimpin (Presiden dan Gubernur) dipilih oleh dewan cendikiawan/ulama yang berintegritas dan disumpah.","1867866497563218038",,,,,"3344388914","false","false","Wed Aug 26 03:54:59 +0000 2015","false","false","Memberi = Menerima.
Cepat atau lambat kezholiman akan kembali kepada pelakunya sendiri.",,,,,,,,,,,,,,,,,,,,,"0","614282","2823","1297","true","false","0","","9050","Pray for Indonesia","2823","1494482288675266561","false","https://pbs.twimg.com/profile_banners/3344388914/1623368276","https://pbs.twimg.com/profile_images/989509324719325184/_WvLLqp1_normal.jpg","","MawasDir","55090","none",,"false",,"false","","","0","","@BosPurwa @prabowo @aniesbaswedan Seharusnya pemimpin (Presiden dan Gubernur) dipilih oleh dewan cendikiawan/ulama yang berintegritas dan disumpah.","","0","",,,,,"false"
"0","","Sun Dec 15 03:53:32 +0000 2024",,,,,,,,,,,,,,,,"","false","true","false","","1","1068371293290946561","0","9","King Purwa","BosPurwa","40580714","10","18","Prabowo Subianto","prabowo","110312278","19","33","Anies Rasyid Baswedan","aniesbaswedan",,,,,,,,,,,,,,,,,,,,,"1867862378580500646","0","0","Sun Dec 15 03:53:32 +0000 2024",,"1",,,,,,,,,,,,,,,,"BosPurwa","1867862378580500646","1068371293290946561",,,,,,,,,,,,,,,,,,,,,,,,,,,,,,,,,,,,,,,,,,,,,,,,,,,,,,,,,,,,,,,,,,,,,,,,,,,,,"1068371293290946561","0","9","King Purwa","BosPurwa","40580714","10","18","Prabowo Subianto","prabowo","110312278","19","33","Anies Rasyid Baswedan","aniesbaswedan",,,,,,,,,,,,,,,,,,,,,"1867862378580500646","0",,"0","0","0","@BosPurwa @prabowo @aniesbaswedan Terkesan mahal krn apbn tdk mencukupi? Coba pangkas kementrian RI spt yg dilakukan pres Argentina, memangkas kementrian dari 21 menjadi 12 ( silakan cek), sdh tahu neraca keuangan defisit malah nambah kementrian.","1868142322917228582",,,,,"1721125598867914752","false","true","Sun Nov 05 11:22:08 +0000 2023","true","false","",,,,,,,,,,,,,,,,,,,,,"0","216","45","153","false","false","0","","92","Benjamin Handali","45",,"false",,"https://pbs.twimg.com/profile_images/1745405387799728128/PgPWzJ4j_normal.jpg","","HandaliBen12382","5482","none",,"false",,"false","","","0","","@BosPurwa @prabowo @aniesbaswedan Terkesan mahal krn apbn tdk mencukupi? Coba pangkas kementrian RI spt yg dilakukan pres Argentina, memangkas kementrian dari 21 menjadi 12 ( silakan cek), sdh tahu neraca keuangan defisit malah nambah kementrian.","","0","",,,,,"false"
"0","","Sat Dec 14 16:12:55 +0000 2024",,,,,,,,,,,,,,,,"","false","true","false","","1","1068371293290946561","0","9","King Purwa","BosPurwa","40580714","10","18","Prabowo Subianto","prabowo","110312278","19","33","Anies Rasyid Baswedan","aniesbaswedan",,,,,,,,,,,,,,,,,,,,,"1867862378580500646","0","0","Sat Dec 14 16:12:55 +0000 2024",,"1",,,,,,,,,,,,,,,,"BosPurwa","1867862378580500646","1068371293290946561",,,,,,,,,,,,,,,,,,,,,,,,,,,,,,,,,,,,,,,,,,,,,,,,,,,,,,,,,,,,,,,,,,,,,,,,,,,,,"1068371293290946561","0","9","King Purwa","BosPurwa","40580714","10","18","Prabowo Subianto","prabowo","110312278","19","33","Anies Rasyid Baswedan","aniesbaswedan",,,,,,,,,,,,,,,,,,,,,"1867862378580500646","0",,"0","0","0","@BosPurwa @prabowo @aniesbaswedan Jangan malah jadi bumerang bagi prabowo nantinya..kejadian seperti thn 98 lalu..","1867966005210976503",,,,,"1670047549502410752","false","true","Sat Jun 17 12:36:39 +0000 2023","true","false","",,,,,,,,,,,,,,,,,,,,,"0","5136","31","82","false","false","1","","3","Kahingking","31","1902679309049032808","false",,"https://pbs.twimg.com/profile_images/1670047807066226690/yWyTWEyN_normal.png","","Kahingking","4894","none",,"false",,"false","","","0","","@BosPurwa @prabowo @aniesbaswedan Jangan malah jadi bumerang bagi prabowo nantinya..kejadian seperti thn 98 lalu..","","0","",,,,,"false"
"0","","Sun Dec 15 02:59:29 +0000 2024",,,,,,,,,,,,,,,,"","false","true","false","","0","1068371293290946561","0","9","King Purwa","BosPurwa","40580714","10","18","Prabowo Subianto","prabowo","110312278","19","33","Anies Rasyid Baswedan","aniesbaswedan",,,,,,,,,,,,,,,,,,,,,"1867862378580500646","0","0","Sun Dec 15 02:59:29 +0000 2024",,"0",,,,,,,,,,,,,,,,"BosPurwa","1867862378580500646","1068371293290946561",,,,,,,,,,,,,,,,,,,,,,,,,,,,,,,,,,,,,,,,,,,,,,,,,,,,,,,,,,,,,,,,,,,,,,,,,,,,,"1068371293290946561","0","9","King Purwa","BosPurwa","40580714","10","18","Prabowo Subianto","prabowo","110312278","19","33","Anies Rasyid Baswedan","aniesbaswedan",,,,,,,,,,,,,,,,,,,,,"1867862378580500646","0",,"0","0","0","@BosPurwa @prabowo @aniesbaswedan pidatonya prabowo jelas mengajak pemimpin politik &amp; masyarakat untuk mengkaji ulang sistem pemilu yang mahal ini.","1868128719174553799",,,,,"1603237585434075137","true","true","Thu Dec 15 03:57:23 +0000 2022","true","false","Pengusaha Pejuang - Pejuang Pengusaha",,,,,,,,,,,,,,,,,,,,,"0","17082","129","258","false","false","4","","612","Qomaru","129",,"false","https://pbs.twimg.com/profile_banners/1603237585434075137/1763949842","https://pbs.twimg.com/profile_images/1970777390667509760/OeVRxURC_normal.jpg","","MasQomaru","9517","none",,"false",,"false","","","0","","@BosPurwa @prabowo @aniesbaswedan pidatonya prabowo jelas mengajak pemimpin politik &amp; masyarakat untuk mengkaji ulang sistem pemilu yang mahal ini.","","0","",,,,,"false"
"0","","Sat Dec 14 12:42:07 +0000 2024",,,,,,,,,,,,,,,,"","false","true","false","","0","1068371293290946561","0","9","King Purwa","BosPurwa","40580714","10","18","Prabowo Subianto","prabowo","110312278","19","33","Anies Rasyid Baswedan","aniesbaswedan",,,,,,,,,,,,,,,,,,,,,"1867862378580500646","0","0","Sat Dec 14 12:42:07 +0000 2024",,"0",,,,,,,,,,,,,,,,"BosPurwa","1867862378580500646","1068371293290946561",,,,,,,,,,,,,,,,,,,,,,,,,,,,,,,,,,,,,,,,,,,,,,,,,,,,,,,,,,,,,,,,,,,,,,,,,,,,,"1068371293290946561","0","9","King Purwa","BosPurwa","40580714","10","18","Prabowo Subianto","prabowo","110312278","19","33","Anies Rasyid Baswedan","aniesbaswedan",,,,,,,,,,,,,,,,,,,,,"1867862378580500646","0",,"0","0","0","@BosPurwa @prabowo @aniesbaswedan Kalo cara spt ini pasti penguasa partai2 besar pada demo.. Karena cuan tdk akan mengalir lg di pemerintah.. Inti y negara sdh sadis kebocoran negara y so perlu di restar ulang.","1867912955935031678",,,,,"1241596438561181696","true","false","Sun Mar 22 05:24:04 +0000 2020","true","false","",,,,,,,,,,,,,,,,,,,,,"0","7970","149","212","true","false","1","","794","A.Ꭵ𝓢𝓚Ⓐ𝐧∂𝓪ｒ","149",,"false","https://pbs.twimg.com/profile_banners/1241596438561181696/1615657408","https://pbs.twimg.com/profile_images/2001609123520303104/Mp6tg1xy_normal.jpg","","iskan45v","24479","none",,"false",,"false","","","0","","@BosPurwa @prabowo @aniesbaswedan Kalo cara spt ini pasti penguasa partai2 besar pada demo.. Karena cuan tdk akan mengalir lg di pemerintah.. Inti y negara sdh sadis kebocoran negara y so perlu di restar ulang.","","0","",,,,,"false"
"0","","Sat Dec 14 09:42:52 +0000 2024",,,,,,,,,,,,,,,,"","false","true","false","","0","1068371293290946561","0","9","King Purwa","BosPurwa","40580714","10","18","Prabowo Subianto","prabowo","110312278","19","33","Anies Rasyid Baswedan","aniesbaswedan",,,,,,,,,,,,,,,,,,,,,"1867862378580500646","0","0","Sat Dec 14 09:42:52 +0000 2024",,"0",,,,,,,,,,,,,,,,"BosPurwa","1867862378580500646","1068371293290946561",,,,,,,,,,,,,,,,,,,,,,,,,,,,,,,,,,,,,,,,,,,,,,,,,,,,,,,,,,,,,,,,,,,,,,,,,,,,,"1068371293290946561","0","9","King Purwa","BosPurwa","40580714","10","18","Prabowo Subianto","prabowo","110312278","19","33","Anies Rasyid Baswedan","aniesbaswedan",,,,,,,,,,,,,,,,,,,,,"1867862378580500646","0",,"3","0","0","@BosPurwa @prabowo @aniesbaswedan Terlalu muluk konsepnya Abah. Bikin aja kayak pemilihan OSIS. Semua komponen bleh maju, bebas bikin partai2 di daerah. Kayak di Aceh. PT murni 0%. Makin banyak yg maju, rakyat punya banyak pilihan, kompetisi makin seru. 
Jgn ngebatasin calon pake kuota2, ini yg ngerusak demokrasi","1867867848233947441",,,,,"1554217355898601475","false","true","Mon Aug 01 21:28:46 +0000 2022","true","false","",,,,,,,,,,,,,,,,,,,,,"0","277","37","25","false","false","1","","97","kapal semesta","37",,"false","https://pbs.twimg.com/profile_banners/1554217355898601475/1734145938","https://pbs.twimg.com/profile_images/1824282341843537921/gGVoATW8_normal.jpg","","SemestaKapal","900","none",,"false",,"false","","","3","","@BosPurwa @prabowo @aniesbaswedan Terlalu muluk konsepnya Abah. Bikin aja kayak pemilihan OSIS. Semua komponen bleh maju, bebas bikin partai2 di daerah. Kayak di Aceh. PT murni 0%. Makin banyak yg maju, rakyat punya banyak pilihan, kompetisi makin seru. 
Jgn ngebatasin calon pake kuota2, ini yg ngerusak demokrasi","","0","",,,,,"false"
"0","","Sat Dec 14 12:32:34 +0000 2024",,,,,,,,,,,,,,,,"","false","true","false","","0","1068371293290946561","0","9","King Purwa","BosPurwa","40580714","10","18","Prabowo Subianto","prabowo","110312278","19","33","Anies Rasyid Baswedan","aniesbaswedan",,,,,,,,,,,,,,,,,,,,,"1867862378580500646","0","0","Sat Dec 14 12:32:34 +0000 2024",,"0",,,,,,,,,,,,,,,,"BosPurwa","1867862378580500646","1068371293290946561",,,,,,,,,,,,,,,,,,,,,,,,,,,,,,,,,,,,,,,,,,,,,,,,,,,,,,,,,,,,,,,,,,,,,,,,,,,,,"1068371293290946561","0","9","King Purwa","BosPurwa","40580714","10","18","Prabowo Subianto","prabowo","110312278","19","33","Anies Rasyid Baswedan","aniesbaswedan",,,,,,,,,,,,,,,,,,,,,"1867862378580500646","0",,"0","0","0","@BosPurwa @prabowo @aniesbaswedan kalo ini diterapin nanti pejabat2 tolol pada gabisa berkuasa dong? :(","1867910551978053779",,,,,"1354187004343275520","true","false","Tue Jan 26 22:04:03 +0000 2021","true","false","",,,,,,,,,,,,,,,,,,,,,"0","2711","35","99","true","false","1","","128","zzz","35",,"false",,"https://pbs.twimg.com/profile_images/1763785031288594432/w8PAcTO0_normal.jpg","","hellmemoriess","6859","none",,"false",,"false","","","0","","@BosPurwa @prabowo @aniesbaswedan kalo ini diterapin nanti pejabat2 tolol pada gabisa berkuasa dong? :(","","0","",,,,,"false"
"0","","Sat Dec 14 21:57:04 +0000 2024",,,,,,,,,,,,,,,,"","false","true","false","","0","1068371293290946561","0","9","King Purwa","BosPurwa","40580714","10","18","Prabowo Subianto","prabowo","110312278","19","33","Anies Rasyid Baswedan","aniesbaswedan","40580714","73","81","Prabowo Subianto","prabowo",,,,,,,,,,,,,,,,"1867862378580500646","0","0","Sat Dec 14 21:57:04 +0000 2024",,"0",,,,,,,,,,,,,,,,"BosPurwa","1867862378580500646","1068371293290946561",,,,,,,,,,,,,,,,,,,,,,,,,,,,,,,,,,,,,,,,,,,,,,,,,,,,,,,,,,,,,,,,,,,,,,,,,,,,,"1068371293290946561","0","9","King Purwa","BosPurwa","40580714","10","18","Prabowo Subianto","prabowo","110312278","19","33","Anies Rasyid Baswedan","aniesbaswedan","40580714","73","81","Prabowo Subianto","prabowo",,,,,,,,,,,,,,,,"1867862378580500646","0",,"0","0","0","@BosPurwa @prabowo @aniesbaswedan Jangan grasa grusu macam ikn oleh jkw. @prabowo","1868052613570453739",,,,,"1844763275461890049","false","true","Fri Oct 11 15:33:47 +0000 2024","true","false","akun lama lupa password",,,,,,,,,,,,,,,,,,,,,"0","11142","76","83","false","false","1","","4","sweetapril","76",,"false",,"https://pbs.twimg.com/profile_images/1950317864864374784/iitDORZD_normal.jpg","","sweetapril2010","10340","none",,"false",,"false","","","0","","@BosPurwa @prabowo @aniesbaswedan Jangan grasa grusu macam ikn oleh jkw. @prabowo","","0","",,,,,"false"
"0","","Sat Dec 14 17:59:25 +0000 2024",,,,,,,,,,,,,,,,"","false","true","false","","0","1068371293290946561","0","9","King Purwa","BosPurwa","40580714","10","18","Prabowo Subianto","prabowo","110312278","19","33","Anies Rasyid Baswedan","aniesbaswedan",,,,,,,,,,,,,,,,,,,,,"1867862378580500646","0","0","Sat Dec 14 17:59:25 +0000 2024",,"0",,,,,,,,,,,,,,,,"BosPurwa","1867862378580500646","1068371293290946561",,,,,,,,,,,,,,,,,,,,,,,,,,,,,,,,,,,,,,,,,,,,,,,,,,,,,,,,,,,,,,,,,,,,,,,,,,,,,"1068371293290946561","0","9","King Purwa","BosPurwa","40580714","10","18","Prabowo Subianto","prabowo","110312278","19","33","Anies Rasyid Baswedan","aniesbaswedan",,,,,,,,,,,,,,,,,,,,,"1867862378580500646","0",,"0","0","0","@BosPurwa @prabowo @aniesbaswedan Knp pak Prabowo terburu-buru membuat sistem pemilihan gubernur/bupati/walikota oleh DPRD, apakah pilkada berbiaya mahal, knp bisa mahal ? tentu ada sebab itu lah yg di analisis  secara detil dgn melibatkan peran serta masyarakat dari seluruh kalangan jgn hanya ketum parpol doang.","1867992805286781250",,,,,"1616592924388786176","false","true","Sat Jan 21 00:26:31 +0000 2023","true","false","",,,,,,,,,,,,,,,,,,,,,"0","7033","63","132","false","false","0","","504","iangalent","63",,"false","https://pbs.twimg.com/profile_banners/1616592924388786176/1674262668","https://pbs.twimg.com/profile_images/1616600694433394688/4AhIw0fu_normal.jpg","","iangalent1","3944","none",,"false",,"false","","","0","","@BosPurwa @prabowo @aniesbaswedan Knp pak Prabowo terburu-buru membuat sistem pemilihan gubernur/bupati/walikota oleh DPRD, apakah pilkada berbiaya mahal, knp bisa mahal ? tentu ada sebab itu lah yg di analisis  secara detil dgn melibatkan peran serta masyarakat dari seluruh kalangan jgn hanya ketum parpol doang.","","0","",,,,,"false"
"0","","Sat Dec 14 21:53:22 +0000 2024",,,,,,,,,,,,,,,,"","false","true","false","","1","1068371293290946561","0","9","King Purwa","BosPurwa","40580714","10","18","Prabowo Subianto","prabowo","110312278","19","33","Anies Rasyid Baswedan","aniesbaswedan",,,,,,,,,,,,,,,,,,,,,"1867862378580500646","0","0","Sat Dec 14 21:53:22 +0000 2024",,"1",,,,,,,,,,,,,,,,"BosPurwa","1867862378580500646","1068371293290946561",,,,,,,,,,,,,,,,,,,,,,,,,,,,,,,,,,,,,,,,,,,,,,,,,,,,,,,,,,,,,,,,,,,,,,,,,,,,,"1068371293290946561","0","9","King Purwa","BosPurwa","40580714","10","18","Prabowo Subianto","prabowo","110312278","19","33","Anies Rasyid Baswedan","aniesbaswedan",,,,,,,,,,,,,,,,,,,,,"1867862378580500646","0",,"0","0","0","@BosPurwa @prabowo @aniesbaswedan Gara2 ridwan kamil kalah 😢","1868051683458285881",,,,,"1797448471307493376","false","true","Mon Jun 03 02:01:43 +0000 2024","true","false","Lullaby",,,,,,,,,,,,,,,,,,,,,"0","4762","11","885","false","false","0","","11","immolationcwatb","11",,"false",,"https://pbs.twimg.com/profile_images/1809711486400622595/OAcFYbOu_normal.jpg","","immolationcwatb","354","none",,"false",,"false","","","0","","@BosPurwa @prabowo @aniesbaswedan Gara2 ridwan kamil kalah 😢","","0","",,,,,"false"
"0","","Sat Dec 14 19:12:43 +0000 2024",,,,,,,,,,,,,,,,"","false","true","false","","0","1068371293290946561","0","9","King Purwa","BosPurwa","40580714","10","18","Prabowo Subianto","prabowo","110312278","19","33","Anies Rasyid Baswedan","aniesbaswedan",,,,,,,,,,,,,,,,,,,,,"1867862378580500646","0","0","Sat Dec 14 19:12:43 +0000 2024",,"0",,,,,,,,,,,,,,,,"BosPurwa","1867862378580500646","1068371293290946561",,,,,,,,,,,,,,,,,,,,,,,,,,,,,,,,,,,,,,,,,,,,,,,,,,,,,,,,,,,,,,,,,,,,,,,,,,,,,"1068371293290946561","0","9","King Purwa","BosPurwa","40580714","10","18","Prabowo Subianto","prabowo","110312278","19","33","Anies Rasyid Baswedan","aniesbaswedan",,,,,,,,,,,,,,,,,,,,,"1867862378580500646","0",,"0","0","0","@BosPurwa @prabowo @aniesbaswedan politik mahal krn para politisi mendidik warga dgn sogokan kaos, bansos, jg ratusan ribu Rp. selain ego untuk mjd penguasa krn bisa sambil nyolong. hrsnya ada pembatas dana dan diaudit oleh auditor independen berintegritas. melebihi batas di diskualifikasi meskipun sbg pemenang.","1868011251831566542",,,,,"1594845221728440320","false","true","Tue Nov 22 00:08:53 +0000 2022","true","false","Befikirlah Secara Bebas Dan Bernalarlah Dengan Kaidah Kebebasan Berdasarkan Ilmu Pengetahuan. Bukanlah Atas Nama Agama Apalagi Dongeng Takhayul.",,,,,,,,,,,,,,,,,,,,,"0","8","75","2","true","false","0","on plate of the 🌎","451","Bebas 🤔lalu🗣️ bknlah 🗣️lalu🤔","75","1791634412444287032","false","https://pbs.twimg.com/profile_banners/1594845221728440320/1669077096","https://pbs.twimg.com/profile_images/1594851042008911873/2dVWrarV_normal.jpg","","freethink32","19544","none",,"false",,"false","","","0","","@BosPurwa @prabowo @aniesbaswedan politik mahal krn para politisi mendidik warga dgn sogokan kaos, bansos, jg ratusan ribu Rp. selain ego untuk mjd penguasa krn bisa sambil nyolong. hrsnya ada pembatas dana dan diaudit oleh auditor independen berintegritas. melebihi batas di diskualifikasi meskipun sbg pemenang.","","0","",,,,,"false"
"0","","Sun Dec 15 07:09:58 +0000 2024",,,,,,,,,,,,,,,,"","false","true","false","","0","1068371293290946561","0","9","King Purwa","BosPurwa","40580714","10","18","Prabowo Subianto","prabowo","110312278","19","33","Anies Rasyid Baswedan","aniesbaswedan",,,,,,,,,,,,,,,,,,,,,"1867862378580500646","0","0","Sun Dec 15 07:09:58 +0000 2024",,"0",,,,,,,,,,,,,,,,"BosPurwa","1867862378580500646","1068371293290946561",,,,,,,,,,,,,,,,,,,,,,,,,,,,,,,,,,,,,,,,,,,,,,,,,,,,,,,,,,,,,,,,,,,,,,,,,,,,,"1068371293290946561","0","9","King Purwa","BosPurwa","40580714","10","18","Prabowo Subianto","prabowo","110312278","19","33","Anies Rasyid Baswedan","aniesbaswedan",,,,,,,,,,,,,,,,,,,,,"1867862378580500646","0",,"0","0","0","@BosPurwa @prabowo @aniesbaswedan iya abah doang yg paling pintar dah","1868191756132683815",,,,,"4859508591","true","false","Fri Jan 29 08:42:43 +0000 2016","true","false","visioner",,,,,,,,,,,,,,,,,,,,,"0","1757","78","116","true","false","0","Jakarta Capital Region","198","Parklotus","78",,"false","https://pbs.twimg.com/profile_banners/4859508591/1651721522","https://pbs.twimg.com/profile_images/1774824301566537728/IEvHlSBd_normal.jpg","","Gunawanpark","17938","none",,"false",,"false","","","0","","@BosPurwa @prabowo @aniesbaswedan iya abah doang yg paling pintar dah","","0","",,,,,"false"
"0","","Sat Dec 14 12:15:29 +0000 2024",,,,,,,,,,,,,,,,"","false","true","false","","0","1068371293290946561","0","9","King Purwa","BosPurwa","40580714","10","18","Prabowo Subianto","prabowo","110312278","19","33","Anies Rasyid Baswedan","aniesbaswedan",,,,,,,,,,,,,,,,,,,,,"1867862378580500646","0","0","Sat Dec 14 12:15:29 +0000 2024",,"0",,,,,,,,,,,,,,,,"BosPurwa","1867862378580500646","1068371293290946561",,,,,,,,,,,,,,,,,,,,,,,,,,,,,,,,,,,,,,,,,,,,,,,,,,,,,,,,,,,,,,,,,,,,,,,,,,,,,"1068371293290946561","0","9","King Purwa","BosPurwa","40580714","10","18","Prabowo Subianto","prabowo","110312278","19","33","Anies Rasyid Baswedan","aniesbaswedan",,,,,,,,,,,,,,,,,,,,,"1867862378580500646","0",,"0","0","0","@BosPurwa @prabowo @aniesbaswedan Bantuan keuangan dari Negara kepada parpol belum mencukupi, tapi bukan tidak ada samasekali; Rp 1.000 per surat suara sah.

https://t.co/k8nawqzrza","1867906254406049988","detik.com/sumut/berita/d…","https://www.detik.com/sumut/berita/d-6928010/parpol-dapat-dana-bantuan-rp-126-m-dari-pemerintah-ini-alasannya","","https://t.co/k8nawqzrza","940211514664935424","false","false","Mon Dec 11 13:27:48 +0000 2017","true","false","buanglah tempat sampah kalau tidak tahu kegunaannya",,,,,,,,,,,,,,,,,,,,,"0","957","76","57","true","false","1","the 3rd stone from the sun","1838","ajeg","76","1238112345399779329","false","https://pbs.twimg.com/profile_banners/940211514664935424/1755374172","https://pbs.twimg.com/profile_images/1956515360691335168/7UqgFQPA_normal.jpg","","ajegilelu1","12824","none",,"false",,"false","","","0","","@BosPurwa @prabowo @aniesbaswedan Bantuan keuangan dari Negara kepada parpol belum mencukupi, tapi bukan tidak ada samasekali; Rp 1.000 per surat suara sah.

https://t.co/k8nawqzrza","","0","","detik.com/sumut/berita/d…","https://www.detik.com/sumut/berita/d-6928010/parpol-dapat-dana-bantuan-rp-126-m-dari-pemerintah-ini-alasannya","","https://t.co/k8nawqzrza","false"
"0","","Sun Dec 15 03:36:52 +0000 2024",,,,,,,,,,,,,,,,"","false","true","false","","0","1068371293290946561","0","9","King Purwa","BosPurwa","40580714","10","18","Prabowo Subianto","prabowo","110312278","19","33","Anies Rasyid Baswedan","aniesbaswedan",,,,,,,,,,,,,,,,,,,,,"1867862378580500646","0","0","Sun Dec 15 03:36:52 +0000 2024",,"0",,,,,,,,,,,,,,,,"BosPurwa","1867862378580500646","1068371293290946561",,,,,,,,,,,,,,,,,,,,,,,,,,,,,,,,,,,,,,,,,,,,,,,,,,,,,,,,,,,,,,,,,,,,,,,,,,,,,"1068371293290946561","0","9","King Purwa","BosPurwa","40580714","10","18","Prabowo Subianto","prabowo","110312278","19","33","Anies Rasyid Baswedan","aniesbaswedan",,,,,,,,,,,,,,,,,,,,,"1867862378580500646","0",,"0","0","0","@BosPurwa @prabowo @aniesbaswedan Pokoknya buat aja dulu ntar alasannya bs dibuat belakangan....Politik mengikuti kekuasaan","1868138126197362958",,,,,"64605516","false","false","Tue Aug 11 03:02:43 +0000 2009","true","false","",,,,,,,,,,,,,,,,,,,,,"0","29","107","324","false","false","0","ÜT: -6.289942,106.753653","654","iswarsyah anwar","107",,"false",,"https://pbs.twimg.com/profile_images/1538763339811409920/l5e06pVB_normal.jpg","","iwalanwar","20919","none",,"false",,"false","","","0","","@BosPurwa @prabowo @aniesbaswedan Pokoknya buat aja dulu ntar alasannya bs dibuat belakangan....Politik mengikuti kekuasaan","","0","",,,,,"false"
"0","","Sat Dec 14 10:30:48 +0000 2024",,,,,,,,,,,,,,,,"","false","true","false","","0","1068371293290946561","0","9","King Purwa","BosPurwa","40580714","10","18","Prabowo Subianto","prabowo","110312278","19","33","Anies Rasyid Baswedan","aniesbaswedan",,,,,,,,,,,,,,,,,,,,,"1867862378580500646","0","0","Sat Dec 14 10:30:48 +0000 2024",,"0",,,,,,,,,,,,,,,,"BosPurwa","1867862378580500646","1068371293290946561",,,,,,,,,,,,,,,,,,,,,,,,,,,,,,,,,,,,,,,,,,,,,,,,,,,,,,,,,,,,,,,,,,,,,,,,,,,,,"1068371293290946561","0","9","King Purwa","BosPurwa","40580714","10","18","Prabowo Subianto","prabowo","110312278","19","33","Anies Rasyid Baswedan","aniesbaswedan",,,,,,,,,,,,,,,,,,,,,"1867862378580500646","0",,"0","0","0","@BosPurwa @prabowo @aniesbaswedan Banyak koq caleg  2024 yg lolos jadi Anggota DPRD. 

Pas pilbup/pilgub nyalon lagi,ternyata menang 

Aspirasi rakyat tersalurkan tentunya 2 kali. 

Indonesia luas bukan cuma DKJ.","1867879910058123483",,,,,"1328361595756453889","false","true","Mon Nov 16 15:37:51 +0000 2020","true","false","",,,,,,,,,,,,,,,,,,,,,"0","103","10","6","true","false","0","","1","Kopi hitam kupu-kupu","10","1349291431228186624","false",,"https://pbs.twimg.com/profile_images/1869724921158578177/bvcDCw_A_normal.jpg","","odadin9","157","none",,"false",,"false","","","0","","@BosPurwa @prabowo @aniesbaswedan Banyak koq caleg  2024 yg lolos jadi Anggota DPRD. 

Pas pilbup/pilgub nyalon lagi,ternyata menang 

Aspirasi rakyat tersalurkan tentunya 2 kali. 

Indonesia luas bukan cuma DKJ.","","0","",,,,,"false"
"0","","Sun Dec 15 00:15:58 +0000 2024",,,,,,,,,,,,,,,,"","false","true","false","","0","55507370","0","10","tvOnenews","tvOneNews",,,,,,,,,,,,,,,,,,,,,,,,,,,,,,,"1867827726486581749","0","0","Sun Dec 15 00:15:58 +0000 2024",,"0",,,,,,,,,,,,,,,,"tvOneNews","1867827726486581749","55507370",,,,,,,,,,,,,,,,,,,,,,,,,,,,,,,,,,,,,,,,,,,,,,,,,,,,,,,,,,,,,,,,,,,,,,,,,,,,,"55507370","0","10","tvOnenews","tvOneNews",,,,,,,,,,,,,,,,,,,,,,,,,,,,,,,"1867827726486581749","0",,"0","0","0","@tvOneNews Jangan halangi hak² politik rakyat 

Pilkada atau pilpres itu dibiayai pake duit negara (uang rakyat)
tidak menggunakan duit pribadi siapapun.
Jadi gak usah musingin pilkada

Klau pemerintah serius ingin memajukan bangsa berlakukan UU perampasan aset.
Yg menjadi aspirasi rakyat","1868087567213892064",,,,,"1665289147844812800","false","true","Sun Jun 04 09:28:05 +0000 2023","true","false","",,,,,,,,,,,,,,,,,,,,,"0","10875","112","51","false","false","1","","5617","Samuel andrew","112","1768803694328598695","false",,"https://pbs.twimg.com/profile_images/1751922499456311296/Grck7sDV_normal.jpg","","anu318725175311","21402","none",,"false",,"false","","","0","","@tvOneNews Jangan halangi hak² politik rakyat 

Pilkada atau pilpres itu dibiayai pake duit negara (uang rakyat)
tidak menggunakan duit pribadi siapapun.
Jadi gak usah musingin pilkada

Klau pemerintah serius ingin memajukan bangsa berlakukan UU perampasan aset.
Yg menjadi aspirasi rakyat","","0","",,,,,"false"
"0","","Sat Dec 14 11:03:50 +0000 2024",,,,,,,,,,,,,,,,"","false","true","false","","0","55507370","0","10","tvOnenews","tvOneNews",,,,,,,,,,,,,,,,,,,,,,,,,,,,,,,"1867827726486581749","0","0","Sat Dec 14 11:03:50 +0000 2024",,"0",,,,,,,,,,,,,,,,"tvOneNews","1867827726486581749","55507370",,,,,,,,,,,,,,,,,,,,,,,,,,,,,,,,,,,,,,,,,,,,,,,,,,,,,,,,,,,,,,,,,,,,,,,,,,,,,"55507370","0","10","tvOnenews","tvOneNews",,,,,,,,,,,,,,,,,,,,,,,,,,,,,,,"1867827726486581749","0",,"0","0","0","@tvOneNews Ayo rame² para menteri mulai mencari simpati Presiden.","1867888221142872428",,,,,"716300942056894464","false","true","Sat Apr 02 16:27:07 +0000 2016","true","false","Biasakan yg benar dan jangan membenarkan yg biasa",,,,,,,,,,,,,,,,,,,,,"0","47","56","57","false","false","0","Lampung, Indonesia","57","arief indriadi","56",,"false",,"https://pbs.twimg.com/profile_images/1950004406101168128/rG1lUPHh_normal.jpg","","dodolandewe","2955","none",,"false",,"false","","","0","","@tvOneNews Ayo rame² para menteri mulai mencari simpati Presiden.","","0","",,,,,"false"
"0","","Sat Dec 14 07:33:07 +0000 2024",,,,,,,,,,,,,,,,"","false","true","false","","0","55507370","0","10","tvOnenews","tvOneNews",,,,,,,,,,,,,,,,,,,,,,,,,,,,,,,"1867827726486581749","0","0","Sat Dec 14 07:33:07 +0000 2024",,"0",,,,,,,,,,,,,,,,"tvOneNews","1867827726486581749","55507370",,,,,,,,,,,,,,,,,,,,,,,,,,,,,,,,,,,,,,,,,,,,,,,,,,,,,,,,,,,,,,,,,,,,,,,,,,,,,"55507370","0","10","tvOnenews","tvOneNews",,,,,,,,,,,,,,,,,,,,,,,,,,,,,,,"1867827726486581749","0",,"0","0","0","@tvOneNews Permainan Bagi bagi duit cukup di sekitar DPRD dan mudah di kontrol dan dikondisikan... Trus rakyat pemilih TDK ada lagi guna nya. Atau rakyat Indonesia akan menaikkan tarif suara untuk PILEG PILPRES. 1 SUARA 5 JUTA","1867835194172186905",,,,,"1599302289629806595","false","true","Sun Dec 04 07:20:17 +0000 2022","true","false","Jesus is my SAVIOR",,,,,,,,,,,,,,,,,,,,,"0","1286","13","115","false","false","0","Indonesian ","36","Langgeng Tio","13",,"false","https://pbs.twimg.com/profile_banners/1599302289629806595/1670200585","https://pbs.twimg.com/profile_images/1600118024803323905/vLy6O9tS_normal.jpg","","roading2474","1710","none",,"false",,"false","","","0","","@tvOneNews Permainan Bagi bagi duit cukup di sekitar DPRD dan mudah di kontrol dan dikondisikan... Trus rakyat pemilih TDK ada lagi guna nya. Atau rakyat Indonesia akan menaikkan tarif suara untuk PILEG PILPRES. 1 SUARA 5 JUTA","","0","",,,,,"false"
"0","","Sun Dec 15 07:06:38 +0000 2024",,,,,,,,,,,,,,,,"","false","true","false","","0","55507370","0","10","tvOnenews","tvOneNews",,,,,,,,,,,,,,,,,,,,,,,,,,,,,,,"1867827726486581749","0","0","Sun Dec 15 07:06:38 +0000 2024",,"0",,,,,,,,,,,,,,,,"tvOneNews","1867827726486581749","55507370",,,,,,,,,,,,,,,,,,,,,,,,,,,,,,,,,,,,,,,,,,,,,,,,,,,,,,,,,,,,,,,,,,,,,,,,,,,,,"55507370","0","10","tvOnenews","tvOneNews",,,,,,,,,,,,,,,,,,,,,,,,,,,,,,,"1867827726486581749","0",,"0","0","0","@tvOneNews Tidak setuju. Rakyat ingin tetap terlibat langsung dalam pemilihan pejabat publik..","1868190916311498953",,,,,"1834015664753065984","true","true","Wed Sep 11 23:48:13 +0000 2024","true","false","",,,,,,,,,,,,,,,,,,,,,"0","3","3","62","false","false","0","","2","Handito Gs","3",,"false",,"https://pbs.twimg.com/profile_images/1834016128865370113/-P0-7_G6_normal.png","","NdutUno0815","2393","none",,"false",,"false","","","0","","@tvOneNews Tidak setuju. Rakyat ingin tetap terlibat langsung dalam pemilihan pejabat publik..","","0","",,,,,"false"
"0","","Sun Dec 15 04:54:50 +0000 2024",,,,,,,,,,,,,,,,"","false","true","false","","0","55507370","0","10","tvOnenews","tvOneNews",,,,,,,,,,,,,,,,,,,,,,,,,,,,,,,"1867827726486581749","0","0","Sun Dec 15 04:54:50 +0000 2024",,"0",,,,,,,,,,,,,,,,"tvOneNews","1867827726486581749","55507370",,,,,,,,,,,,,,,,,,,,,,,,,,,,,,,,,,,,,,,,,,,,,,,,,,,,,,,,,,,,,,,,,,,,,,,,,,,,,"55507370","0","10","tvOnenews","tvOneNews",,,,,,,,,,,,,,,,,,,,,,,,,,,,,,,"1867827726486581749","0",,"0","0","0","@tvOneNews Harusnya usulan polri dibawah tni/mendagri jd pertimbangan juga dong pak","1868157749881970820",,,,,"1834487947686805505","false","true","Fri Sep 13 07:03:46 +0000 2024","true","false","",,,,,,,,,,,,,,,,,,,,,"0","2294","64","73","false","false","1","","422","Si Unyil Kecil","64",,"false",,"https://pbs.twimg.com/profile_images/1834564812464140288/8XBvXQEw_normal.jpg","","SudarsonoD58885","12148","none",,"false",,"false","","","0","","@tvOneNews Harusnya usulan polri dibawah tni/mendagri jd pertimbangan juga dong pak","","0","",,,,,"false"
"0","","Sat Dec 14 07:14:55 +0000 2024",,,,,,,,,,,,,,,,"","false","true","false","","0","55507370","0","10","tvOnenews","tvOneNews","40580714","55","63","Prabowo Subianto","prabowo","211415705","65","72","DPR RI","DPR_RI",,,,,,,,,,,,,,,,,,,,,"1867827726486581749","0","0","Sat Dec 14 07:14:55 +0000 2024",,"0",,,,,,,,,,,,,,,,"tvOneNews","1867827726486581749","55507370","pic.x.com/vaF32M2ShW","https://x.com/aadhmusic/status/1867830613103063241/photo/1","1002","photo","https://pbs.twimg.com/media/GeveCjxbsAESyBX.jpg",,,,,,,,,,,,,,"643",,,,,,,,,,,,,,,,,,,,,,,,,,,,,,,,,,,,,,,,,,,,,,,,,,,,,,,,,,"55507370","0","10","tvOnenews","tvOneNews","40580714","55","63","Prabowo Subianto","prabowo","211415705","65","72","DPR RI","DPR_RI",,,,,,,,,,,,,,,,,,,,,"1867827726486581749","0",,"0","0","0","@tvOneNews Ok lanjutken cukup pilgub dan pilpres saja👍
@prabowo 
@DPR_RI https://t.co/vaF32M2ShW","1867830613103063241",,,,,"1017939924","true","false","Mon Dec 17 17:38:41 +0000 2012","true","false","Qalalisaiin qunpayakun",,,,,,,,,,,,,,,,,,,,,"0","94237","885","1513","true","false","1","indonesia","10621","Dadan Hamdani","885","1286205274705915904","false","https://pbs.twimg.com/profile_banners/1017939924/1634446750","https://pbs.twimg.com/profile_images/1124274659262746624/oszeFUoS_normal.jpg","","aadhmusic","30807","none",,"false",,"false","","","0","","@tvOneNews Ok lanjutken cukup pilgub dan pilpres saja👍
@prabowo 
@DPR_RI https://t.co/vaF32M2ShW","","0","",,,,,"false"
"0","","Sat Dec 14 06:18:46 +0000 2024",,,,,,,,,,,,,,,,"","false","true","false","","0","188194869","0","15","Adi Prayitno","Adiprayitno_20",,,,,,,,,,,,,,,,,,,,,,,,,,,,,,,"1867816481628860809","0","0","Sat Dec 14 06:18:46 +0000 2024",,"0",,,,,,,,,,,,,,,,"Adiprayitno_20","1867773466239545854","188194869",,,,,,,,,,,,,,,,,,,,,,,,,,,,,,,,,,,,,,,,,,,,,,,,,,,,,,,,,,,,,,,,,,,,,,,,,,,,,"188194869","0","15","Adi Prayitno","Adiprayitno_20",,,,,,,,,,,,,,,,,,,,,,,,,,,,,,,"1867816481628860809","0",,"0","0","0","@Adiprayitno_20 Untuk gubernur setuju, malah gak perlu dipilih DPRD, tapi dipilih langsung oleh presiden , yg tingkat 2 dan presiden tetap harus pemilihan langsung.","1867816481628860809",,,,,"77157351","false","false","Fri Sep 25 07:14:02 +0000 2009","true","false","Simple guy who loves his family so much",,,,,,,,,,,,,,,,,,,,,"0","1436","523","869","true","false","3","Bogor","198","Agung Rahutomo","523",,"true","https://pbs.twimg.com/profile_banners/77157351/1383488661","https://pbs.twimg.com/profile_images/794117822058086400/Rr-ZDIcn_normal.png","","agungrahutomo","3602","none",,"false",,"false","","","0","","@Adiprayitno_20 Untuk gubernur setuju, malah gak perlu dipilih DPRD, tapi dipilih langsung oleh presiden , yg tingkat 2 dan presiden tetap harus pemilihan langsung.","","0","",,,,,"false"
"0","","Sat Dec 14 04:11:41 +0000 2024",,,,,,,,,,,,,,,,"","false","true","false","","0","1450037307826860039","0","8","@Tatok sugiarto","QianzyZ",,,,,,,,,,,,,,,,,,,,,,,,,,,,,,,"1867784500991996189","0","0","Sat Dec 14 04:11:41 +0000 2024",,"0",,,,,,,,,,,,,,,,"QianzyZ","1867399276256760122","1450037307826860039",,,,,,,,,,,,,,,,,,,,,,,,,,,,,,,,,,,,,,,,,,,,,,,,,,,,,,,,,,,,,,,,,,,,,,,,,,,,,"1450037307826860039","0","8","@Tatok sugiarto","QianzyZ",,,,,,,,,,,,,,,,,,,,,,,,,,,,,,,"1867784500991996189","0",,"0","0","0","@QianzyZ Pemilihan anggota Dewan, oleh rakyat.
Pemilihan Bupati/Walikota, oleh DPRD tk. II.
Pemilihan Gubernur, oleh DPRD tk. I.
Pemilihan Preseden, oleh DPR RI.","1867784500991996189",,,,,"1754384087480184832","false","true","Mon Feb 05 05:59:17 +0000 2024","true","false","",,,,,,,,,,,,,,,,,,,,,"0","892","25","185","false","false","1","","1","EdyRukidjo","25",,"false",,"https://pbs.twimg.com/profile_images/1754384324277981184/oY0QWB-N_normal.jpg","","ERukidjo","1011","none",,"false",,"false","","","0","","@QianzyZ Pemilihan anggota Dewan, oleh rakyat.
Pemilihan Bupati/Walikota, oleh DPRD tk. II.
Pemilihan Gubernur, oleh DPRD tk. I.
Pemilihan Preseden, oleh DPR RI.","","0","",,,,,"false"
"0","","Sat Dec 14 03:38:06 +0000 2024",,,,,,,,,,,,,,,,"","false","true","false","","0","120110169","0","8","Jimly Asshiddiqie","JimlyAs",,,,,,,,,,,,,,,,,,,,,,,,,,,,,,,"1867776048559272369","0","0","Sat Dec 14 03:38:06 +0000 2024",,"0",,,,,,,,,,,,,,,,"JimlyAs","1867573066441851300","120110169",,,,,,,,,,,,,,,,,,,,,,,,,,,,,,,,,,,,,,,,,,,,,,,,,,,,,,,,,,,,,,,,,,,,,,,,,,,,,"120110169","0","8","Jimly Asshiddiqie","JimlyAs",,,,,,,,,,,,,,,,,,,,,,,,,,,,,,,"1867776048559272369","0",,"0","0","0","@JimlyAs Gubernur dipilih oleh DPRD Dan presiden. Seperti pemilihan rektor kampus. Untuk kepala daerah bupati walikota tetap pilihan langsung","1867776048559272369",,,,,"16656937","false","false","Wed Oct 08 21:48:47 +0000 2008","false","false","a Scientist",,,,,,,,,,,,,,,,"here.com","http://here.com","0","23","https://t.co/pPQvyvv9JK","0","652","32","157","true","false","1","Kyoto-fu, Japan","24","afandi15","32",,"false","https://pbs.twimg.com/profile_banners/16656937/1677336593","https://pbs.twimg.com/profile_images/1755502941660946432/ypma2SeD_normal.jpg","","afan137","1665","none","https://t.co/pPQvyvv9JK","false",,"false","","","0","","@JimlyAs Gubernur dipilih oleh DPRD Dan presiden. Seperti pemilihan rektor kampus. Untuk kepala daerah bupati walikota tetap pilihan langsung","","0","",,,,,"false"
"0","","Fri Dec 13 14:39:05 +0000 2024",,,,,,,,,,,,,,,,"","false","true","false","","280","120110169","0","8","Jimly Asshiddiqie","JimlyAs",,,,,,,,,,,,,,,,,,,,,,,,,,,,,,,"1867580003636195490","0","0","Fri Dec 13 14:39:05 +0000 2024",,"280",,,,,,,,,,,,,,,,"JimlyAs","1867573066441851300","120110169","pic.x.com/XLY6wfBKAA","https://x.com/MRLaode/status/1867580003636195490/photo/1","401","photo","https://pbs.twimg.com/media/Ger6HZUacAAvwWD.jpg",,,,,,,,,,,,,,"800",,,,,,,,,,,,,,,,,,,,,,,,,,,,,,,,,,,,,,,,,,,,,,,,,,,,,,,,,,"120110169","0","8","Jimly Asshiddiqie","JimlyAs",,,,,,,,,,,,,,,,,,,,,,,,,,,,,,,"1867580003636195490","0",,"18","0","19","@JimlyAs Gubernur dan Wakil Gubernur periode 2024-2029 hasil pemilihan langsung oleh DPRD Daerah Khusus Jakarta. https://t.co/XLY6wfBKAA","1867580003636195490",,,,,"237314012","true","false","Wed Jan 12 15:23:53 +0000 2011","true","false","Jangan pernah berbuat salah agar hidupmu tak dibayangi rasa takut.",,,,,,,,,,,,,,,,,,,,,"0","33379","121","752","true","false","0","","608","mr.laode","121","1873242661051875499","false","https://pbs.twimg.com/profile_banners/237314012/1558717768","https://pbs.twimg.com/profile_images/1763758037268119552/-KULkBhw_normal.jpg","","MRLaode","11843","none",,"false",,"false","","","18","","@JimlyAs Gubernur dan Wakil Gubernur periode 2024-2029 hasil pemilihan langsung oleh DPRD Daerah Khusus Jakarta. https://t.co/XLY6wfBKAA","","19","",,,,,"false"
"0","","Sat Dec 14 05:10:01 +0000 2024",,,,,,,,,,,,,,,,"","false","true","false","","0","237314012","0","8","mr.laode","MRLaode","120110169","9","17","Jimly Asshiddiqie","JimlyAs",,,,,,,,,,,,,,,,,,,,,,,,,,"1867580003636195490","0","0","Sat Dec 14 05:10:01 +0000 2024",,"0",,,,,,,,,,,,,,,,"MRLaode","1867580003636195490","237314012",,,,,,,,,,,,,,,,,,,,,,,,,,,,,,,,,,,,,,,,,,,,,,,,,,,,,,,,,,,,,,,,,,,,,,,,,,,,,"237314012","0","8","mr.laode","MRLaode","120110169","9","17","Jimly Asshiddiqie","JimlyAs",,,,,,,,,,,,,,,,,,,,,,,,,,"1867580003636195490","0",,"1","0","0","@MRLaode @JimlyAs Balik RSJ om
Terlaluncepat keluar
belum sehat ya","1867799181412512104",,,,,"1026208477","true","false","Fri Dec 21 11:26:31 +0000 2012","true","false","🇮🇩🇮🇩🇮🇩NKRI II Penikmat Kopi, Travel Ii Twit Suka-Suka",,,,,,,,,,,,,,,,,,,,,"0","29255","5059","5081","false","false","2","Indonesia","1391","₳Ⱡł₣ ₣₳₮Ⱨ₳Ⱨ ₳","5059","2002571339719405875","false","https://pbs.twimg.com/profile_banners/1026208477/1699088308","https://pbs.twimg.com/profile_images/1853214775460995072/SKfCircr_normal.jpg","","sig4rpenjalin","33393","none",,"false",,"false","","","1","","@MRLaode @JimlyAs Balik RSJ om
Terlaluncepat keluar
belum sehat ya","","0","",,,,,"false"
"0","","Sat Dec 14 20:55:07 +0000 2024",,,,,,,,,,,,,,,,"","false","true","false","","2","1026208477","0","14","₳Ⱡł₣ ₣₳₮Ⱨ₳Ⱨ ₳","sig4rpenjalin","120110169","15","23","Jimly Asshiddiqie","JimlyAs",,,,,,,,,,,,,,,,,,,,,,,,,,"1867580003636195490","0","0","Sat Dec 14 20:55:07 +0000 2024",,"2",,,,,,,,,,,,,,,,"sig4rpenjalin","1867799181412512104","1026208477",,,,,,,,,,,,,,,,,,,,,,,,,,,,,,,,,,,,,,,,,,,,,,,,,,,,,,,,,,,,,,,,,,,,,,,,,,,,,"1026208477","0","14","₳Ⱡł₣ ₣₳₮Ⱨ₳Ⱨ ₳","sig4rpenjalin","120110169","15","23","Jimly Asshiddiqie","JimlyAs",,,,,,,,,,,,,,,,,,,,,,,,,,"1867580003636195490","0",,"0","0","0","@sig4rpenjalin @JimlyAs Pendukung Mulyono naik tekanan darahnya. Sana tinggal di IKN.","1868037021442494941",,,,,"237314012","true","false","Wed Jan 12 15:23:53 +0000 2011","true","false","Jangan pernah berbuat salah agar hidupmu tak dibayangi rasa takut.",,,,,,,,,,,,,,,,,,,,,"0","33379","121","752","true","false","0","","608","mr.laode","121","1873242661051875499","false","https://pbs.twimg.com/profile_banners/237314012/1558717768","https://pbs.twimg.com/profile_images/1763758037268119552/-KULkBhw_normal.jpg","","MRLaode","11843","none",,"false",,"false","","","0","","@sig4rpenjalin @JimlyAs Pendukung Mulyono naik tekanan darahnya. Sana tinggal di IKN.","","0","",,,,,"false"
"0","","Fri Dec 13 14:45:53 +0000 2024",,,,,,,,,,,,,,,,"","false","true","false","","20","237314012","0","8","mr.laode","MRLaode","120110169","9","17","Jimly Asshiddiqie","JimlyAs",,,,,,,,,,,,,,,,,,,,,,,,,,"1867580003636195490","0","0","Fri Dec 13 14:45:53 +0000 2024",,"20",,,,,,,,,,,,,,,,"MRLaode","1867580003636195490","237314012",,,,,,,,,,,,,,,,,,,,,,,,,,,,,,,,,,,,,,,,,,,,,,,,,,,,,,,,,,,,,,,,,,,,,,,,,,,,,"237314012","0","8","mr.laode","MRLaode","120110169","9","17","Jimly Asshiddiqie","JimlyAs",,,,,,,,,,,,,,,,,,,,,,,,,,"1867580003636195490","0",,"0","0","2","@MRLaode @JimlyAs Wkwkkw iya bener juga calon sesuai kepentingan mereka","1867581714794787067",,,,,"1432242767544008704","false","false","Mon Aug 30 07:24:54 +0000 2021","true","false","",,,,,,,,,,,,,,,,,,,,,"0","684","35","61","false","false","1","","34","Akmal_Syam","35",,"false",,"https://pbs.twimg.com/profile_images/1970392626244485120/RQ6q6mCH_normal.jpg","","AkmaL_syam21","6192","none",,"false",,"false","","","0","","@MRLaode @JimlyAs Wkwkkw iya bener juga calon sesuai kepentingan mereka","","2","",,,,,"false"
"0","","Fri Dec 13 15:06:04 +0000 2024",,,,,,,,,,,,,,,,"","false","true","false","","6","237314012","0","8","mr.laode","MRLaode","120110169","9","17","Jimly Asshiddiqie","JimlyAs",,,,,,,,,,,,,,,,,,,,,,,,,,"1867580003636195490","0","0","Fri Dec 13 15:06:04 +0000 2024",,"6",,,,,,,,,,,,,,,,"MRLaode","1867580003636195490","237314012",,,,,,,,,,,,,,,,,,,,,,,,,,,,,,,,,,,,,,,,,,,,,,,,,,,,,,,,,,,,,,,,,,,,,,,,,,,,,"237314012","0","8","mr.laode","MRLaode","120110169","9","17","Jimly Asshiddiqie","JimlyAs",,,,,,,,,,,,,,,,,,,,,,,,,,"1867580003636195490","0",,"1","0","0","@MRLaode @JimlyAs Btw Setiap kali liat foto ini, senyuman mereka kayak canggung dan maksa bgt😭 greget liat","1867586792863805457",,,,,"1813559576865984513","false","false","Wed Jul 17 13:01:22 +0000 2024","true","false","",,,,,,,,,,,,,,,,,,,,,"0","487","24","77","false","false","1","Jakarta Timur, DKI Jakarta","99","zenna 🐛","24",,"false",,"https://pbs.twimg.com/profile_images/1901038890250899457/RzQv1BG4_normal.jpg","","zennaRa_","6777","none",,"false",,"false","","","1","","@MRLaode @JimlyAs Btw Setiap kali liat foto ini, senyuman mereka kayak canggung dan maksa bgt😭 greget liat","","0","",,,,,"false"
"0","","Sat Dec 14 08:30:43 +0000 2024",,,,,,,,,,,,,,,,"","false","true","false","","2","237314012","0","8","mr.laode","MRLaode","120110169","9","17","Jimly Asshiddiqie","JimlyAs",,,,,,,,,,,,,,,,,,,,,,,,,,"1867580003636195490","0","0","Sat Dec 14 08:30:43 +0000 2024",,"2",,,,,,,,,,,,,,,,"MRLaode","1867580003636195490","237314012",,,,,,,,,,,,,,,,,,,,,,,,,,,,,,,,,,,,,,,,,,,,,,,,,,,,,,,,,,,,,,,,,,,,,,,,,,,,,"237314012","0","8","mr.laode","MRLaode","120110169","9","17","Jimly Asshiddiqie","JimlyAs",,,,,,,,,,,,,,,,,,,,,,,,,,"1867580003636195490","0",,"0","0","0","@MRLaode @JimlyAs Kalo ditunjuk ma kaesang, bukan mereka","1867849688663388406",,,,,"1061472473185628161","true","true","Sun Nov 11 04:15:33 +0000 2018","true","false","Iife is like a game",,,,,,,,,,,,,,,,,,,,,"0","166881","34","127","true","false","0","","922","adrav","34",,"false","https://pbs.twimg.com/profile_banners/1061472473185628161/1717567138","https://pbs.twimg.com/profile_images/1294325416388222976/Jsz7AWSI_normal.jpg","","Tampandanbrni","20988","none",,"false",,"false","","","0","","@MRLaode @JimlyAs Kalo ditunjuk ma kaesang, bukan mereka","","0","",,,,,"false"
"0","","Sat Dec 14 00:22:38 +0000 2024",,,,,,,,,,,,,,,,"","false","true","false","","2","237314012","0","8","mr.laode","MRLaode","120110169","9","17","Jimly Asshiddiqie","JimlyAs","120110169","35","43","Jimly Asshiddiqie","JimlyAs",,,,,,,,,,,,,,,,,,,,,"1867580003636195490","0","0","Sat Dec 14 00:22:38 +0000 2024",,"2",,,,,,,,,,,,,,,,"MRLaode","1867580003636195490","237314012",,,,,,,,,,,,,,,,,,,,,,,,,,,,,,,,,,,,,,,,,,,,,,,,,,,,,,,,,,,,,,,,,,,,,,,,,,,,,"237314012","0","8","mr.laode","MRLaode","120110169","9","17","Jimly Asshiddiqie","JimlyAs","120110169","35","43","Jimly Asshiddiqie","JimlyAs",,,,,,,,,,,,,,,,,,,,,"1867580003636195490","0",,"0","0","0","@MRLaode @JimlyAs Hahaha...usul si @JimlyAs sangat lapar 😂😂😂","1867726860073009646",,,,,"732793907935862785","true","true","Wed May 18 04:44:17 +0000 2016","true","false","",,,,,,,,,,,,,,,,,,,,,"0","13932","16","69","false","false","0","","32","che46","16",,"false","https://pbs.twimg.com/profile_banners/732793907935862785/1463547213","https://pbs.twimg.com/profile_images/732796246566555649/70t2cKfo_normal.jpg","","atche46","677","none",,"false",,"false","","","0","","@MRLaode @JimlyAs Hahaha...usul si @JimlyAs sangat lapar 😂😂😂","","0","",,,,,"false"
"0","","Sat Dec 14 04:58:42 +0000 2024",,,,,,,,,,,,,,,,"","false","true","false","","1","237314012","0","8","mr.laode","MRLaode","120110169","9","17","Jimly Asshiddiqie","JimlyAs",,,,,,,,,,,,,,,,,,,,,,,,,,"1867580003636195490","0","0","Sat Dec 14 04:58:42 +0000 2024",,"1",,,,,,,,,,,,,,,,"MRLaode","1867580003636195490","237314012",,,,,,,,,,,,,,,,,,,,,,,,,,,,,,,,,,,,,,,,,,,,,,,,,,,,,,,,,,,,,,,,,,,,,,,,,,,,,"237314012","0","8","mr.laode","MRLaode","120110169","9","17","Jimly Asshiddiqie","JimlyAs",,,,,,,,,,,,,,,,,,,,,,,,,,"1867580003636195490","0",,"0","0","0","@MRLaode @JimlyAs lha iya, koalisi gemuk plus plus","1867796331487731914",,,,,"1269934033535975426","false","true","Mon Jun 08 10:07:40 +0000 2020","true","false","bernegara sdh gk ada gunanya ,pengelolanya anj*k smua",,,,,,,,,,,,,,,,,,,,,"0","105964","682","1523","true","false","0","","1183","Cimote","682","1653746107925794816","false","https://pbs.twimg.com/profile_banners/1269934033535975426/1708947452","https://pbs.twimg.com/profile_images/1726215033468989440/ZdWa_jA3_normal.jpg","","RMoceh","42028","none",,"false",,"false","","","0","","@MRLaode @JimlyAs lha iya, koalisi gemuk plus plus","","0","",,,,,"false"
"0","","Sat Dec 14 00:35:29 +0000 2024",,,,,,,,,,,,,,,,"","false","true","false","","1","237314012","0","8","mr.laode","MRLaode","120110169","9","17","Jimly Asshiddiqie","JimlyAs",,,,,,,,,,,,,,,,,,,,,,,,,,"1867580003636195490","0","0","Sat Dec 14 00:35:29 +0000 2024",,"1",,,,,,,,,,,,,,,,"MRLaode","1867580003636195490","237314012",,,,,,,,,,,,,,,,,,,,,,,,,,,,,,,,,,,,,,,,,,,,,,,,,,,,,,,,,,,,,,,,,,,,,,,,,,,,,"237314012","0","8","mr.laode","MRLaode","120110169","9","17","Jimly Asshiddiqie","JimlyAs",,,,,,,,,,,,,,,,,,,,,,,,,,"1867580003636195490","0",,"0","0","0","@MRLaode @JimlyAs Ngeri kaan?","1867730091012501647",,,,,"1302075773667348481","false","true","Sat Sep 05 02:47:49 +0000 2020","true","false","belajar mencoblos semua gambar🥱😴",,,,,,,,,,,,,,,,,,,,,"0","31500","119","290","false","false","1","","256","Andik","119",,"false",,"https://pbs.twimg.com/profile_images/1302076412438880256/5Lt7qaoj_normal.jpg","","Andik51697431","22209","none",,"false",,"false","","","0","","@MRLaode @JimlyAs Ngeri kaan?","","0","",,,,,"false"
"0","","Sat Dec 14 06:07:12 +0000 2024",,,,,,,,,,,,,,,,"","false","true","false","","1","237314012","0","8","mr.laode","MRLaode","120110169","9","17","Jimly Asshiddiqie","JimlyAs",,,,,,,,,,,,,,,,,,,,,,,,,,"1867580003636195490","0","0","Sat Dec 14 06:07:12 +0000 2024",,"1",,,,,,,,,,,,,,,,"MRLaode","1867580003636195490","237314012",,,,,,,,,,,,,,,,,,,,,,,,,,,,,,,,,,,,,,,,,,,,,,,,,,,,,,,,,,,,,,,,,,,,,,,,,,,,,"237314012","0","8","mr.laode","MRLaode","120110169","9","17","Jimly Asshiddiqie","JimlyAs",,,,,,,,,,,,,,,,,,,,,,,,,,"1867580003636195490","0",,"0","0","0","@MRLaode @JimlyAs Sangat benar kalo yg milih  DPRD 😁😄","1867813572455411981",,,,,"775934308389298176","true","false","Wed Sep 14 05:48:50 +0000 2016","true","false","",,,,,,,,,,,,,,,,,,,,,"0","483","2516","119","true","false","3","Gazama, Nigeria","56","mukidi","2516","818354112454459393","false",,"https://pbs.twimg.com/profile_images/1866956192599392256/_QbkCLNy_normal.jpg","","MukidiWf","1185","none",,"false",,"false","","","0","","@MRLaode @JimlyAs Sangat benar kalo yg milih  DPRD 😁😄","","0","",,,,,"false"
"0","","Sat Dec 14 08:44:48 +0000 2024",,,,,,,,,,,,,,,,"","false","true","false","","0","237314012","0","8","mr.laode","MRLaode","120110169","9","17","Jimly Asshiddiqie","JimlyAs",,,,,,,,,,,,,,,,,,,,,,,,,,"1867580003636195490","0","0","Sat Dec 14 08:44:48 +0000 2024",,"0",,,,,,,,,,,,,,,,"MRLaode","1867580003636195490","237314012",,,,,,,,,,,,,,,,,,,,,,,,,,,,,,,,,,,,,,,,,,,,,,,,,,,,,,,,,,,,,,,,,,,,,,,,,,,,,"237314012","0","8","mr.laode","MRLaode","120110169","9","17","Jimly Asshiddiqie","JimlyAs",,,,,,,,,,,,,,,,,,,,,,,,,,"1867580003636195490","0",,"0","0","0","@MRLaode @JimlyAs Kagak punya TV apa yaa","1867853231495536843",,,,,"1775116743939411968","false","true","Tue Apr 02 11:03:32 +0000 2024","true","false","",,,,,,,,,,,,,,,,,,,,,"0","972","32","19","false","false","0","","50","ali abu","32",,"false",,"https://pbs.twimg.com/profile_images/1775116853960187904/Pq4VT2e9_normal.png","","aliAbuAsh","2091","none",,"false",,"false","","","0","","@MRLaode @JimlyAs Kagak punya TV apa yaa","","0","",,,,,"false"
"0","","Sat Dec 14 13:11:19 +0000 2024",,,,,,,,,,,,,,,,"","false","true","false","","0","237314012","0","8","mr.laode","MRLaode","120110169","9","17","Jimly Asshiddiqie","JimlyAs",,,,,,,,,,,,,,,,,,,,,,,,,,"1867580003636195490","0","0","Sat Dec 14 13:11:19 +0000 2024",,"0",,,,,,,,,,,,,,,,"MRLaode","1867580003636195490","237314012","pic.x.com/wQmgkOhUwS","https://x.com/DeniSenjaya4/status/1867920303936192537/photo/1","512","photo","https://pbs.twimg.com/media/GewvniKbcAAaczP.jpg",,,,,,,,,,,,,,"512",,,,,,,,,,,,,,,,,,,,,,,,,,,,,,,,,,,,,,,,,,,,,,,,,,,,,,,,,,"237314012","0","8","mr.laode","MRLaode","120110169","9","17","Jimly Asshiddiqie","JimlyAs",,,,,,,,,,,,,,,,,,,,,,,,,,"1867580003636195490","0",,"0","0","0","@MRLaode @JimlyAs Mas otaknya ga nyampe ya https://t.co/wQmgkOhUwS","1867920303936192537",,,,,"1058987380823097344","false","true","Sun Nov 04 07:40:41 +0000 2018","true","false","akuadalahaku",,,,,,,,,,,,,,,,,,,,,"0","74","5","46","false","false","1","Sukajadi, Indonesia","14","gasalah","5",,"false","https://pbs.twimg.com/profile_banners/1058987380823097344/1544602519","https://pbs.twimg.com/profile_images/1612005025194323970/7BTEmmrG_normal.jpg","","DeniSenjaya4","1043","none",,"false",,"false","","","0","","@MRLaode @JimlyAs Mas otaknya ga nyampe ya https://t.co/wQmgkOhUwS","","0","",,,,,"false"
"0","","Sat Dec 14 11:29:47 +0000 2024",,,,,,,,,,,,,,,,"","false","true","false","","0","237314012","0","8","mr.laode","MRLaode","120110169","9","17","Jimly Asshiddiqie","JimlyAs",,,,,,,,,,,,,,,,,,,,,,,,,,"1867580003636195490","0","0","Sat Dec 14 11:29:47 +0000 2024",,"0",,,,,,,,,,,,,,,,"MRLaode","1867580003636195490","237314012",,,,,,,,,,,,,,,,,,,,,,,,,,,,,,,,,,,,,,,,,,,,,,,,,,,,,,,,,,,,,,,,,,,,,,,,,,,,,"237314012","0","8","mr.laode","MRLaode","120110169","9","17","Jimly Asshiddiqie","JimlyAs",,,,,,,,,,,,,,,,,,,,,,,,,,"1867580003636195490","0",,"0","0","0","@MRLaode @JimlyAs Cari panggung buat mengulang kesuksesan sidang MKMK wkwkwkw cuan didepan mata.. hasil tipu2 rakyat","1867894753645429150",,,,,"1605218848939991040","false","true","Tue Dec 20 15:10:24 +0000 2022","true","false","perjuangan memerlukan pengorbanan",,,,,,,,,,,,,,,,,,,,,"0","204","25","236","false","false","0","","27","ms Saridin","25",,"false","https://pbs.twimg.com/profile_banners/1605218848939991040/1671550420","https://pbs.twimg.com/profile_images/1605224913110896640/61EoFBuj_normal.jpg","","Saridin_gtg","1208","none",,"false",,"false","","","0","","@MRLaode @JimlyAs Cari panggung buat mengulang kesuksesan sidang MKMK wkwkwkw cuan didepan mata.. hasil tipu2 rakyat","","0","",,,,,"false"
"0","","Sat Dec 14 17:48:26 +0000 2024",,,,,,,,,,,,,,,,"","false","true","false","","0","237314012","0","8","mr.laode","MRLaode","120110169","9","17","Jimly Asshiddiqie","JimlyAs",,,,,,,,,,,,,,,,,,,,,,,,,,"1867580003636195490","0","0","Sat Dec 14 17:48:26 +0000 2024",,"0",,,,,,,,,,,,,,,,"MRLaode","1867580003636195490","237314012",,,,,,,,,,,,,,,,,,,,,,,,,,,,,,,,,,,,,,,,,,,,,,,,,,,,,,,,,,,,,,,,,,,,,,,,,,,,,"237314012","0","8","mr.laode","MRLaode","120110169","9","17","Jimly Asshiddiqie","JimlyAs",,,,,,,,,,,,,,,,,,,,,,,,,,"1867580003636195490","0",,"0","0","0","@MRLaode @JimlyAs Wkwkwk.. Betul nih 👍","1867990042242961825",,,,,"1504178816133976064","false","true","Wed Mar 16 19:32:46 +0000 2022","true","false","Simple",,,,,,,,,,,,,,,,,,,,,"0","1996","11","46","false","false","0","","23","Melly Benz","11",,"false","https://pbs.twimg.com/profile_banners/1504178816133976064/1651602872","https://pbs.twimg.com/profile_images/1964323986952900611/A32epRzI_normal.jpg","","benz_melly","812","none",,"false",,"false","","","0","","@MRLaode @JimlyAs Wkwkwk.. Betul nih 👍","","0","",,,,,"false"
"0","","Sat Dec 14 16:24:00 +0000 2024",,,,,,,,,,,,,,,,"","false","true","false","","0","237314012","0","8","mr.laode","MRLaode","120110169","9","17","Jimly Asshiddiqie","JimlyAs",,,,,,,,,,,,,,,,,,,,,,,,,,"1867580003636195490","0","0","Sat Dec 14 16:24:00 +0000 2024",,"0",,,,,,,,,,,,,,,,"MRLaode","1867580003636195490","237314012",,,,,,,,,,,,,,,,,,,,,,,,,,,,,,,,,,,,,,,,,,,,,,,,,,,,,,,,,,,,,,,,,,,,,,,,,,,,,"237314012","0","8","mr.laode","MRLaode","120110169","9","17","Jimly Asshiddiqie","JimlyAs",,,,,,,,,,,,,,,,,,,,,,,,,,"1867580003636195490","0",,"0","0","0","@MRLaode @JimlyAs Pasti menangnya...rakyat luar jakarta nggak akan bs ikut2an berwacana....pdhl ibukota negara 🤣🤣","1867968794402140493",,,,,"1749674762476150784","false","true","Tue Jan 23 06:06:08 +0000 2024","true","false","Melawan anti demokrasi...",,,,,,,,,,,,,,,,,,,,,"0","988","175","1285","false","false","0","Semarang, Jawa Tengah","75","samsara","175","1761101407158186063","false","https://pbs.twimg.com/profile_banners/1749674762476150784/1705990814","https://pbs.twimg.com/profile_images/1771170794133245952/JICF6CkC_normal.jpg","","GusSiradz","2964","none",,"false",,"false","","","0","","@MRLaode @JimlyAs Pasti menangnya...rakyat luar jakarta nggak akan bs ikut2an berwacana....pdhl ibukota negara 🤣🤣","","0","",,,,,"false"
"0","","Fri Dec 13 14:53:41 +0000 2024",,,,,,,,,,,,,,,,"","false","true","false","","0","237314012","0","8","mr.laode","MRLaode","120110169","9","17","Jimly Asshiddiqie","JimlyAs",,,,,,,,,,,,,,,,,,,,,,,,,,"1867580003636195490","0","0","Fri Dec 13 14:53:41 +0000 2024",,"0",,,,,,,,,,,,,,,,"MRLaode","1867580003636195490","237314012",,,,,,,,,,,,,,,,,,,,,,,,,,,,,,,,,,,,,,,,,,,,,,,,,,,,,,,,,,,,,,,,,,,,,,,,,,,,,"237314012","0","8","mr.laode","MRLaode","120110169","9","17","Jimly Asshiddiqie","JimlyAs",,,,,,,,,,,,,,,,,,,,,,,,,,"1867580003636195490","0",,"0","0","0","@MRLaode @JimlyAs 🤣🤣","1867583679754879247",,,,,"1749962147055218688","false","true","Wed Jan 24 01:08:11 +0000 2024","true","false","",,,,,,,,,,,,,,,,,,,,,"0","2","0","37","false","false","1","","1","Natanael Siregar","0",,"false",,"https://pbs.twimg.com/profile_images/1749962264969678848/QQ1eDGRk_normal.png","","natasiregar86","611","none",,"false",,"false","","","0","","@MRLaode @JimlyAs 🤣🤣","","0","",,,,,"false"
"0","","Sat Dec 14 06:39:21 +0000 2024",,,,,,,,,,,,,,,,"","false","true","false","","2","237314012","0","8","mr.laode","MRLaode","120110169","9","17","Jimly Asshiddiqie","JimlyAs",,,,,,,,,,,,,,,,,,,,,,,,,,"1867580003636195490","0","0","Sat Dec 14 06:39:21 +0000 2024",,"2",,,,,,,,,,,,,,,,"MRLaode","1867580003636195490","237314012",,,,,,,,,,,,,,,,,,,,,,,,,,,,,,,,,,,,,,,,,,,,,,,,,,,,,,,,,,,,,,,,,,,,,,,,,,,,,"237314012","0","8","mr.laode","MRLaode","120110169","9","17","Jimly Asshiddiqie","JimlyAs",,,,,,,,,,,,,,,,,,,,,,,,,,"1867580003636195490","0",,"0","0","0","@MRLaode @JimlyAs Pilkada DKI kemarin menunjukkan DPR bukan wakil rakyat. Masa gubernur dengan dukungan partai terbanyak malah kalah?","1867821662554796303",,,,,"761158021825204224","true","false","Thu Aug 04 11:13:09 +0000 2016","false","false","",,,,,,,,,,,,,,,,,,,,,"0","21450","102","133","true","false","1","","612","Redilog","102","1401536753719119880","false","https://pbs.twimg.com/profile_banners/761158021825204224/1578670133","https://pbs.twimg.com/profile_images/1352437747970052096/YsTxSwr8_normal.jpg","","gufronian","8663","none",,"false",,"false","","","0","","@MRLaode @JimlyAs Pilkada DKI kemarin menunjukkan DPR bukan wakil rakyat. Masa gubernur dengan dukungan partai terbanyak malah kalah?","","0","",,,,,"false"
"0","","Fri Dec 13 14:44:41 +0000 2024",,,,,,,,,,,,,,,,"","false","true","false","","0","237314012","0","8","mr.laode","MRLaode","120110169","9","17","Jimly Asshiddiqie","JimlyAs",,,,,,,,,,,,,,,,,,,,,,,,,,"1867580003636195490","0","0","Fri Dec 13 14:44:41 +0000 2024",,"0",,,,,,,,,,,,,,,,"MRLaode","1867580003636195490","237314012",,,,,,,,,,,,,,,,,,,,,,,,,,,,,,,,,,,,,,,,,,,,,,,,,,,,,,,,,,,,,,,,,,,,,,,,,,,,,"237314012","0","8","mr.laode","MRLaode","120110169","9","17","Jimly Asshiddiqie","JimlyAs",,,,,,,,,,,,,,,,,,,,,,,,,,"1867580003636195490","0",,"0","0","0","@MRLaode @JimlyAs Saya menyarankan presiden di pilih oleh DPR dengan kuris partai terbanyak, saya menyarankan pilkada di tiadakan pemilihan di tunjuk DPRD, saya menyarankan mainkan pph-ppn, menghapus subsidi, mempajakai UMKM😔, menuju Indonesia emas⭐💫","1867581413920584104",,,,,"1752890641850503168","true","false","Thu Feb 01 03:04:53 +0000 2024","true","false","𝑵𝒐𝒏 𝒅𝒖𝒄𝒐𝒓, 𝒅𝒖𝒄𝒐.",,,,,,,,,,,,,,,,,,,,,"0","73","4","136","false","false","0","Queens, NY","118","MUHAMMAD ADIT PUTRA MAHARDIKA PURNOMO BROERI","4","1786730486699848173","false","https://pbs.twimg.com/profile_banners/1752890641850503168/1731981957","https://pbs.twimg.com/profile_images/1901243922002960384/r37tB5gf_normal.jpg","","BRUHImnotURdad9","1114","none",,"false",,"false","","","0","","@MRLaode @JimlyAs Saya menyarankan presiden di pilih oleh DPR dengan kuris partai terbanyak, saya menyarankan pilkada di tiadakan pemilihan di tunjuk DPRD, saya menyarankan mainkan pph-ppn, menghapus subsidi, mempajakai UMKM😔, menuju Indonesia emas⭐💫","","0","",,,,,"false"
"0","","Fri Dec 13 15:01:42 +0000 2024",,,,,,,,,,,,,,,,"","false","true","false","","0","237314012","0","8","mr.laode","MRLaode","120110169","9","17","Jimly Asshiddiqie","JimlyAs",,,,,,,,,,,,,,,,,,,,,,,,,,"1867580003636195490","0","0","Fri Dec 13 15:01:42 +0000 2024",,"0",,,,,,,,,,,,,,,,"MRLaode","1867580003636195490","237314012","pic.x.com/spHIxESV7r","https://x.com/gemahsada/status/1867585696569209027/photo/1","338","animated_gif","https://pbs.twimg.com/tweet_video_thumb/Ger_SwUbsAIcW7l.jpg","0","0","video/mp4","https://video.twimg.com/tweet_video/Ger_SwUbsAIcW7l.mp4",,,,,,,,,,"478",,,,,,,,,,,,,,,,,,,,,,,,,,,,,,,,,,,,,,,,,,,,,,,,,,,,,,,,,,"237314012","0","8","mr.laode","MRLaode","120110169","9","17","Jimly Asshiddiqie","JimlyAs",,,,,,,,,,,,,,,,,,,,,,,,,,"1867580003636195490","0",,"0","0","0","@MRLaode @JimlyAs https://t.co/spHIxESV7r","1867585696569209027",,,,,"1713179433778171904","true","true","Sat Oct 14 13:07:02 +0000 2023","true","false","",,,,,,,,,,,,,,,,,,,,,"0","10867","46","64","false","false","0","","566","tubirijup","46",,"false","https://pbs.twimg.com/profile_banners/1713179433778171904/1719725145","https://pbs.twimg.com/profile_images/1808180535245803520/s_FUDekT_normal.jpg","","gemahsada","7574","none",,"false",,"false","","","0","","@MRLaode @JimlyAs https://t.co/spHIxESV7r","","0","",,,,,"false"
"0","","Thu Dec 05 08:53:34 +0000 2024",,,,,,,,,,,,,,,,"","false","true","false","","0","848614550","0","7","Radio Suara Surabaya","e100ss",,,,,,,,,,,,,,,,,,,,,,,,,,,,,,,"1864532159459098966","0","0","Thu Dec 05 08:53:34 +0000 2024",,"0",,,,,,,,,,,,,,,,"e100ss","1864532159459098966","848614550",,,,,,,,,,,,,,,,,,,,,,,,,,,,,,,,,,,,,,,,,,,,,,,,,,,,,,,,,,,,,,,,,,,,,,,,,,,,,"848614550","0","7","Radio Suara Surabaya","e100ss",,,,,,,,,,,,,,,,,,,,,,,,,,,,,,,"1864532159459098966","0",,"0","0","0","@e100ss Masyarakat sing Endi🤭","1864593947135549462",,,,,"1794178272928071680","true","false","Sat May 25 01:27:11 +0000 2024","true","false","",,,,,,,,,,,,,,,,,,,,,"0","33503","128","200","false","false","0","Pennsylvania, USA","1709","Papanya Ara","128",,"false","https://pbs.twimg.com/profile_banners/1794178272928071680/1743808509","https://pbs.twimg.com/profile_images/2001464168583671809/YHBwCRM6_normal.jpg","","Ara_Nazh","18181","none",,"false",,"false","","","0","","@e100ss Masyarakat sing Endi🤭","","0","",,,,,"false"
"0","","Thu Dec 05 09:26:59 +0000 2024",,,,,,,,,,,,,,,,"","false","true","false","","0","848614550","0","7","Radio Suara Surabaya","e100ss",,,,,,,,,,,,,,,,,,,,,,,,,,,,,,,"1864532159459098966","0","0","Thu Dec 05 09:26:59 +0000 2024",,"0",,,,,,,,,,,,,,,,"e100ss","1864532159459098966","848614550",,,,,,,,,,,,,,,,,,,,,,,,,,,,,,,,,,,,,,,,,,,,,,,,,,,,,,,,,,,,,,,,,,,,,,,,,,,,,"848614550","0","7","Radio Suara Surabaya","e100ss",,,,,,,,,,,,,,,,,,,,,,,,,,,,,,,"1864532159459098966","0",,"0","0","0","@e100ss Poling bu risma dicurangi","1864602359638446321",,,,,"78186098","false","false","Tue Sep 29 01:55:31 +0000 2009","false","false","setelah mukidi terbitlah mukiyo",,,,,,,,,,,,,,,,,,,,,"0","23985","485","290","true","false","0","e d e n s o r","1117","sesararief","485","1695853970747723827","false","https://pbs.twimg.com/profile_banners/78186098/1767405547","https://pbs.twimg.com/profile_images/2007270460845895681/5DHE_Yx4_normal.jpg","","sesar_arief","11882","none",,"false",,"false","","","0","","@e100ss Poling bu risma dicurangi","","0","",,,,,"false"
"0","","Thu Dec 05 09:07:55 +0000 2024",,,,,,,,,,,,,,,,"","false","true","false","","0","848614550","0","7","Radio Suara Surabaya","e100ss",,,,,,,,,,,,,,,,,,,,,,,,,,,,,,,"1864532159459098966","0","0","Thu Dec 05 09:07:55 +0000 2024",,"0",,,,,,,,,,,,,,,,"e100ss","1864532159459098966","848614550",,,,,,,,,,,,,,,,,,,,,,,,,,,,,,,,,,,,,,,,,,,,,,,,,,,,,,,,,,,,,,,,,,,,,,,,,,,,,"848614550","0","7","Radio Suara Surabaya","e100ss",,,,,,,,,,,,,,,,,,,,,,,,,,,,,,,"1864532159459098966","0",,"0","0","0","@e100ss Sebenarnya dipilih oleh Rakyat itu supaya tidak ada lagi suara dibeli, dipikir gak bakal mampu membeli suara rakyat sebegiti banyak, dibanding dgn anggota DPRD yang cuma segelintir orang..","1864597557923729625",,,,,"1452061770672066562","false","true","Sat Oct 23 23:58:40 +0000 2021","true","false","",,,,,,,,,,,,,,,,,,,,,"0","44","77","8","false","false","0","","41","Yusuf Wibisono","77",,"false",,"https://pbs.twimg.com/profile_images/1452061945738137600/Sto3BV6o_normal.jpg","","YusufWi70781128","13092","none",,"false",,"false","","","0","","@e100ss Sebenarnya dipilih oleh Rakyat itu supaya tidak ada lagi suara dibeli, dipikir gak bakal mampu membeli suara rakyat sebegiti banyak, dibanding dgn anggota DPRD yang cuma segelintir orang..","","0","",,,,,"false"
"0","","Thu Dec 05 05:14:45 +0000 2024",,,,,,,,,,,,,,,,"","false","true","false","","0","848614550","0","7","Radio Suara Surabaya","e100ss",,,,,,,,,,,,,,,,,,,,,,,,,,,,,,,"1864532159459098966","0","0","Thu Dec 05 05:14:45 +0000 2024",,"0",,,,,,,,,,,,,,,,"e100ss","1864532159459098966","848614550",,,,,,,,,,,,,,,,,,,,,,,,,,,,,,,,,,,,,,,,,,,,,,,,,,,,,,,,,,,,,,,,,,,,,,,,,,,,,"848614550","0","7","Radio Suara Surabaya","e100ss",,,,,,,,,,,,,,,,,,,,,,,,,,,,,,,"1864532159459098966","0",,"0","0","0","@e100ss Dipilih oleh dpr dprd ?? Itu lak jadi titipan partai donk","1864538882735526040",,,,,"2516764844","false","false","Fri May 23 01:18:14 +0000 2014","true","false","life is beautiful....❤️",,,,,,,,,,,,,,,,,,,,,"0","485619","419","1037","true","false","0","","6324","clara la vita è bella","419","1750829290349072446","false",,"https://pbs.twimg.com/profile_images/1963929176463052800/dvO_l4VA_normal.jpg","","casteloseven","130634","none",,"false",,"false","","","0","","@e100ss Dipilih oleh dpr dprd ?? Itu lak jadi titipan partai donk","","0","",,,,,"false"
"0","","Thu Dec 05 04:51:44 +0000 2024",,,,,,,,,,,,,,,,"","false","true","false","","0","848614550","0","7","Radio Suara Surabaya","e100ss",,,,,,,,,,,,,,,,,,,,,,,,,,,,,,,"1864532159459098966","0","0","Thu Dec 05 04:51:44 +0000 2024",,"0",,,,,,,,,,,,,,,,"e100ss","1864532159459098966","848614550",,,,,,,,,,,,,,,,,,,,,,,,,,,,,,,,,,,,,,,,,,,,,,,,,,,,,,,,,,,,,,,,,,,,,,,,,,,,,"848614550","0","7","Radio Suara Surabaya","e100ss",,,,,,,,,,,,,,,,,,,,,,,,,,,,,,,"1864532159459098966","0",,"0","0","0","@e100ss Setuju mending pemilu ulang masa ada kejanggalan yang menang kubu 02 🤔🤔🤔 ?","1864533091244777748",,,,,"1615552767460003840","false","true","Wed Jan 18 03:33:41 +0000 2023","true","false","",,,,,,,,,,,,,,,,,,,,,"0","178894","104","3284","true","false","0","","5","Aditya Nadevka","104",,"false",,"https://pbs.twimg.com/profile_images/1901964022725169152/PRIhYAl4_normal.jpg","","AdityaNadevka2","893","none",,"false",,"false","","","0","","@e100ss Setuju mending pemilu ulang masa ada kejanggalan yang menang kubu 02 🤔🤔🤔 ?","","0","",,,,,"false"
"0","","Mon Dec 02 14:15:11 +0000 2024",,,,,,,,,,,,,,,,"","false","true","false","","0","201554665","0","14","Henri Subiakto","henrysubiakto",,,,,,,,,,,,,,,,,,,,,,,,,,,,,,,"1863587720792322168","0","0","Mon Dec 02 14:15:11 +0000 2024",,"0",,,,,,,,,,,,,,,,"henrysubiakto","1863340939705762293","201554665",,,,,,,,,,,,,,,,,,,,,,,,,,,,,,,,,,,,,,,,,,,,,,,,,,,,,,,,,,,,,,,,,,,,,,,,,,,,,"201554665","0","14","Henri Subiakto","henrysubiakto",,,,,,,,,,,,,,,,,,,,,,,,,,,,,,,"1863587720792322168","0",,"0","0","0","@henrysubiakto Prof, rasanya dari hasil Pemilihan Langsung ini scr umum kualitas pemimpin kurang begitu menggembirakan, mlh cenderung pemborosan uang negara. Mending kembali spt dulu, Bupati/Wlkota/Gubernur dipilih DPRD, Presiden oleh DPR RI. Sptnya saat ini yg berduitlah yg bisa jadi Pemimpin.","1863587720792322168",,,,,"975323517557207041","false","true","Sun Mar 18 10:50:21 +0000 2018","true","false","Agus Sastro Indonesia Bangett..!",,,,,,,,,,,,,,,,,,,,,"0","1864","138","179","true","false","0","Kota Surabaya, Jawa Timur","3004","@Goes_Shs9907/P","138",,"false",,"https://pbs.twimg.com/profile_images/1271052005318856705/4TI6Abv7_normal.jpg","","gus_shs","12083","none",,"false",,"false","","","0","","@henrysubiakto Prof, rasanya dari hasil Pemilihan Langsung ini scr umum kualitas pemimpin kurang begitu menggembirakan, mlh cenderung pemborosan uang negara. Mending kembali spt dulu, Bupati/Wlkota/Gubernur dipilih DPRD, Presiden oleh DPR RI. Sptnya saat ini yg berduitlah yg bisa jadi Pemimpin.","","0","",,,,,"false"
"0","","Fri Nov 29 12:38:59 +0000 2024",,,,,,,,,,,,,,,,"","false","true","false","","0","17128975","0","13","CNN Indonesia","CNNIndonesia",,,,,,,,,,,,,,,,,,,,,,,,,,,,,,,"1862476348947931552","0","0","Fri Nov 29 12:38:59 +0000 2024",,"0",,,,,,,,,,,,,,,,"CNNIndonesia","1862285583546294630","17128975",,,,,,,,,,,,,,,,,,,,,,,,,,,,,,,,,,,,,,,,,,,,,,,,,,,,,,,,,,,,,,,,,,,,,,,,,,,,,"17128975","0","13","CNN Indonesia","CNNIndonesia",,,,,,,,,,,,,,,,,,,,,,,,,,,,,,,"1862476348947931552","0",,"0","0","0","@CNNIndonesia Saya setuju dgn pemilihan gubernur dilakukan oleh dprd bukan krn biayanya Mahal, tapi Karena rakyat  belum siapa utk memilih.","1862476348947931552",,,,,"40243817","true","true","Fri May 15 13:54:22 +0000 2009","true","false","",,,,,,,,,,,,,,,,,,,,,"0","13978","57","180","false","false","0","","35","Danil Gabril","57",,"false",,"https://pbs.twimg.com/profile_images/1584061227625459712/-wr16QLR_normal.jpg","","DanilGabril","3400","none",,"false",,"false","","","0","","@CNNIndonesia Saya setuju dgn pemilihan gubernur dilakukan oleh dprd bukan krn biayanya Mahal, tapi Karena rakyat  belum siapa utk memilih.","","0","",,,,,"false"
"0","","Mon Sep 23 14:35:25 +0000 2024",,,,,,,,,,,,,,,,"","false","true","false","","0",,,,,,,,,,,,,,,,,,,,,,,,,,,,,,,,,,,,"1838225668590477385","0","0","Mon Sep 23 14:35:25 +0000 2024",,"0",,,,,,,,,,,,,,,,"kpukalbarprov","1838225659820408908","821744028018294784","pic.x.com/fHW7v4dx7o","https://x.com/kpukalbarprov/status/1838225664585220421/photo/1","2667","photo","https://pbs.twimg.com/media/GYKvs5FbwAAdXqv.jpg",,,,,,,,,,,,,,"4000",,,,,,,,,,,,,,,,,,,,,,,,,,,,,,,,,,,,,,,,,,,,,,,,,,,,,,,,,,,,,,,,,,,,,,,,,,,,,,,,,,,,,,,,,,,,,"1838225668590477385","0",,"1","0","0","Naskah Deklarasi Kampanye Damai dibacakan oleh Ketua KPU Kalbar Muhammad Syarifuddin Budi dan diikuti oleh seluruh peserta yang hadir, kegiatan kemudian dilanjutkan dengan penandatanganan Naskah Deklarasi Kampanye Damai oleh... https://t.co/fHW7v4dx7o","1838225664585220421",,,,,"821744028018294784","false","true","Wed Jan 18 15:40:18 +0000 2017","true","false","Akun Twitter Resmi KPU Provinsi Kalimantan Barat",,,,,,,,,,,,,,,,"kalbar.kpu.go.id","http://kalbar.kpu.go.id","0","23","https://t.co/dxbvmqD2pu","0","614","1481","77","true","false","1","Pontianak","5944","KPU Provinsi Kalbar","1481",,"false","https://pbs.twimg.com/profile_banners/821744028018294784/1600410165","https://pbs.twimg.com/profile_images/1815289214369755136/y4o7i6Ml_normal.jpg","","kpukalbarprov","7562","none","https://t.co/dxbvmqD2pu","false",,"false","","","1","","Naskah Deklarasi Kampanye Damai dibacakan oleh Ketua KPU Kalbar Muhammad Syarifuddin Budi dan diikuti oleh seluruh peserta yang hadir, kegiatan kemudian dilanjutkan dengan penandatanganan Naskah Deklarasi Kampanye Damai oleh... https://t.co/fHW7v4dx7o","","0","",,,,,"false"
"0","","Mon Sep 23 14:35:26 +0000 2024",,,,,,,,,,,,,,,,"","false","true","false","","0",,,,,,,,,,,,,,,,,,,,,,,,,,,,,,,,,,,,"1838225668590477385","0","0","Mon Sep 23 14:35:26 +0000 2024",,"0",,,,,,,,,,,,,,,,"kpukalbarprov","1838225664585220421","821744028018294784","pic.x.com/la26AvQ4LI","https://x.com/kpukalbarprov/status/1838225668590477385/photo/1","2667","photo","https://pbs.twimg.com/media/GYKvyXvbUAAm4q5.jpg",,,,,,,,,,,,,,"4000","pic.x.com/la26AvQ4LI","https://x.com/kpukalbarprov/status/1838225668590477385/photo/1","2667","photo","https://pbs.twimg.com/media/GYKvyX0aYAA8KPQ.jpg",,,,,,,,,,,,,,"4000","pic.x.com/la26AvQ4LI","https://x.com/kpukalbarprov/status/1838225668590477385/photo/1","2667","photo","https://pbs.twimg.com/media/GYKvyXzaUAA1n65.jpg",,,,,,,,,,,,,,"4000",,,,,,,,,,,,,,,,,,,,,,,,,,,,,,,,,,,,,,,,,,,,,,,,,,,,,,,"1838225668590477385","0",,"1","0","0","Pasangan Calon peserta Pemilihan Gubernur dan Wakil Gubernur Kalimantan Barat, Ketua dan Sekretaris Tim Pelaksana Kampanye, dan disaksikan oleh Pj. Gubernur Kalbar, Ketua DPRD Kalbar... https://t.co/la26AvQ4LI","1838225668590477385",,,,,"821744028018294784","false","true","Wed Jan 18 15:40:18 +0000 2017","true","false","Akun Twitter Resmi KPU Provinsi Kalimantan Barat",,,,,,,,,,,,,,,,"kalbar.kpu.go.id","http://kalbar.kpu.go.id","0","23","https://t.co/dxbvmqD2pu","0","614","1481","77","true","false","1","Pontianak","5944","KPU Provinsi Kalbar","1481",,"false","https://pbs.twimg.com/profile_banners/821744028018294784/1600410165","https://pbs.twimg.com/profile_images/1815289214369755136/y4o7i6Ml_normal.jpg","","kpukalbarprov","7562","none","https://t.co/dxbvmqD2pu","false",,"false","","","1","","Pasangan Calon peserta Pemilihan Gubernur dan Wakil Gubernur Kalimantan Barat, Ketua dan Sekretaris Tim Pelaksana Kampanye, dan disaksikan oleh Pj. Gubernur Kalbar, Ketua DPRD Kalbar... https://t.co/la26AvQ4LI","","0","",,,,,"false"
"0","","Mon Sep 23 14:36:01 +0000 2024","119","131","KPUMelayani","132","152","PilkadaSerentak2024","153","184","BersamaTentukanMasaDepanKalbar",,,,,,,"","false","true","false","","0",,,,,,,,,,,,,,,,,,,,,,,,,,,,,,,,,,,,"1838225668590477385","0","0","Mon Sep 23 14:36:01 +0000 2024",,"0","119","131","KPUMelayani","132","152","PilkadaSerentak2024","153","184","BersamaTentukanMasaDepanKalbar",,,,,,,"kpukalbarprov","1838225668590477385","821744028018294784","pic.x.com/olDsK3Y0fL","https://x.com/kpukalbarprov/status/1838225812866338931/photo/1","2667","photo","https://pbs.twimg.com/media/GYKv0ojbEAAK9CJ.jpg",,,,,,,,,,,,,,"4000","pic.x.com/olDsK3Y0fL","https://x.com/kpukalbarprov/status/1838225812866338931/photo/1","2667","photo","https://pbs.twimg.com/media/GYKv0oobUAARSCp.jpg",,,,,,,,,,,,,,"4000",,,,,,,,,,,,,,,,,,,,,,,,,,,,,,,,,,,,,,,,,,,,,,,,,,,,,,,,,,,,,,,,,,,,,,,,,,"1838225668590477385","0",,"0","0","0","Kapolda Kalbar, Kepala Kejaksaan Tinggi Kalbar, Pangdam XII Tanjungpura, Ketua KPU Kalbar, dan Ketua Bawaslu Kalbar. 

#KPUMelayani #PilkadaSerentak2024 #BersamaTentukanMasaDepanKalbar https://t.co/olDsK3Y0fL","1838225812866338931",,,,,"821744028018294784","false","true","Wed Jan 18 15:40:18 +0000 2017","true","false","Akun Twitter Resmi KPU Provinsi Kalimantan Barat",,,,,,,,,,,,,,,,"kalbar.kpu.go.id","http://kalbar.kpu.go.id","0","23","https://t.co/dxbvmqD2pu","0","614","1481","77","true","false","1","Pontianak","5944","KPU Provinsi Kalbar","1481",,"false","https://pbs.twimg.com/profile_banners/821744028018294784/1600410165","https://pbs.twimg.com/profile_images/1815289214369755136/y4o7i6Ml_normal.jpg","","kpukalbarprov","7562","none","https://t.co/dxbvmqD2pu","false",,"false","","","0","","Kapolda Kalbar, Kepala Kejaksaan Tinggi Kalbar, Pangdam XII Tanjungpura, Ketua KPU Kalbar, dan Ketua Bawaslu Kalbar. 

#KPUMelayani #PilkadaSerentak2024 #BersamaTentukanMasaDepanKalbar https://t.co/olDsK3Y0fL","","0","",,,,,"false"
"0","","Thu Sep 19 15:17:31 +0000 2024",,,,,,,,,,,,,,,,"","false","true","false","","8","1805234582926864384","0","8","WA","6_arung",,,,,,,,,,,,,,,,,,,,,,,,,,,,,,,"1837356824946946314","7","0","Thu Sep 19 15:17:31 +0000 2024",,"8",,,,,,,,,,,,,,,,"6_arung","1836708698879930872","1805234582926864384","pic.x.com/lULSxWoCC7","https://x.com/AgusSiswanto789/status/1836786705904628139/photo/1","782","photo","https://pbs.twimg.com/media/GX2TxNoasAAlINq.jpg",,,,,,,,,,,,,,"1063",,,,,,,,,,,,,,,,,,,,,,,,,,,,,,,,,,,,,,,,,,,,,,,,,,,,,,,,,,"1805234582926864384","0","8","WA","6_arung",,,,,,,,,,,,,,,,,,,,,,,,,,,,,,,"1837356824946946314","7",,"4","0","1","@6_arung Sementara itu kepala daerah nya dipilih pemerintah pusat 🤣🤣🤣🤣🤣 https://t.co/lULSxWoCC7","1836786705904628139",,,,,"1254753962625888256","false","true","Mon Apr 27 12:47:29 +0000 2020","true","false","",,,,,,,,,,,,,,,,,,,,,"0","5227","39","54","false","false","1","Kebayoran Lama, Indonesia","426","Agus","39",,"false",,"https://pbs.twimg.com/profile_images/1711939267294015488/idrc5m8l_normal.jpg","","AgusSiswanto789","5497","none",,"false",,"false","","","4","","@6_arung Sementara itu kepala daerah nya dipilih pemerintah pusat 🤣🤣🤣🤣🤣 https://t.co/lULSxWoCC7","","1","",,,,,"false"
"0","","Sat Sep 21 04:36:31 +0000 2024",,,,,,,,,,,,,,,,"","false","true","false","","1","1254753962625888256","0","16","Agus","AgusSiswanto789","1805234582926864384","17","25","WA","6_arung",,,,,,,,,,,,,,,,,,,,,,,,,,"1837356824946946314","0","0","Sat Sep 21 04:36:31 +0000 2024",,"1",,,,,,,,,,,,,,,,"AgusSiswanto789","1836786705904628139","1254753962625888256",,,,,,,,,,,,,,,,,,,,,,,,,,,,,,,,,,,,,,,,,,,,,,,,,,,,,,,,,,,,,,,,,,,,,,,,,,,,,"1254753962625888256","0","16","Agus","AgusSiswanto789","1805234582926864384","17","25","WA","6_arung",,,,,,,,,,,,,,,,,,,,,,,,,,"1837356824946946314","0",,"1","0","0","@AgusSiswanto789 @6_arung Gw engga mau komentarin banyak2 dulu soal politik karena gamau dicap mihak salah satu kubu, tapi buset deh orang macam mas Agus ini baca tulisan yang discreenshot sendiri aja engga becus. Tolong lahhh","1837350169081225676",,,,,"1183297844494524416","true","true","Sun Oct 13 08:26:25 +0000 2019","true","false","Cause you can be the beauty and I could be the monster",,,,,,,,,,,,,,,,,,,,,"0","30769","361","492","true","false","2","Aldebaran","5784","Kumon","361","1839732406666105184","false","https://pbs.twimg.com/profile_banners/1183297844494524416/1727631297","https://pbs.twimg.com/profile_images/1868238071898206209/MZBbapH3_normal.jpg","","yogasuud","38264","none",,"false",,"false","","","1","","@AgusSiswanto789 @6_arung Gw engga mau komentarin banyak2 dulu soal politik karena gamau dicap mihak salah satu kubu, tapi buset deh orang macam mas Agus ini baca tulisan yang discreenshot sendiri aja engga becus. Tolong lahhh","","0","",,,,,"false"
"0","","Sat Sep 21 04:44:51 +0000 2024",,,,,,,,,,,,,,,,"","false","true","false","","1","1183297844494524416","0","9","Kumon","yogasuud","1805234582926864384","10","18","WA","6_arung",,,,,,,,,,,,,,,,,,,,,,,,,,"1837356824946946314","0","0","Sat Sep 21 04:44:51 +0000 2024",,"1",,,,,,,,,,,,,,,,"yogasuud","1837350169081225676","1183297844494524416",,,,,,,,,,,,,,,,,,,,,,,,,,,,,,,,,,,,,,,,,,,,,,,,,,,,,,,,,,,,,,,,,,,,,,,,,,,,,"1183297844494524416","0","9","Kumon","yogasuud","1805234582926864384","10","18","WA","6_arung",,,,,,,,,,,,,,,,,,,,,,,,,,"1837356824946946314","0",,"1","0","0","@yogasuud @6_arung Gak becusnya dimana ? Karena pilkada serentak banyak jadwal pilkada yg di undur sehingga ada kekosongan jabatan kepala daerah yg sekarang menjabat di isi oleh PJ yg di tunjuk pemerintah pusat.  Itukan ss ada data kepala daerah (PJ) yg sekarang menjabat","1837352268938760334",,,,,"1254753962625888256","false","true","Mon Apr 27 12:47:29 +0000 2020","true","false","",,,,,,,,,,,,,,,,,,,,,"0","5227","39","54","false","false","1","Kebayoran Lama, Indonesia","426","Agus","39",,"false",,"https://pbs.twimg.com/profile_images/1711939267294015488/idrc5m8l_normal.jpg","","AgusSiswanto789","5497","none",,"false",,"false","","","1","","@yogasuud @6_arung Gak becusnya dimana ? Karena pilkada serentak banyak jadwal pilkada yg di undur sehingga ada kekosongan jabatan kepala daerah yg sekarang menjabat di isi oleh PJ yg di tunjuk pemerintah pusat.  Itukan ss ada data kepala daerah (PJ) yg sekarang menjabat","","0","",,,,,"false"
"0","","Sat Sep 21 05:02:18 +0000 2024",,,,,,,,,,,,,,,,"","false","true","false","","2","1254753962625888256","0","16","Agus","AgusSiswanto789","1805234582926864384","17","25","WA","6_arung",,,,,,,,,,,,,,,,,,,,,,,,,,"1837356824946946314","0","0","Sat Sep 21 05:02:18 +0000 2024",,"2",,,,,,,,,,,,,,,,"AgusSiswanto789","1837352268938760334","1254753962625888256",,,,,,,,,,,,,,,,,,,,,,,,,,,,,,,,,,,,,,,,,,,,,,,,,,,,,,,,,,,,,,,,,,,,,,,,,,,,,"1254753962625888256","0","16","Agus","AgusSiswanto789","1805234582926864384","17","25","WA","6_arung",,,,,,,,,,,,,,,,,,,,,,,,,,"1837356824946946314","0",,"2","0","0","@AgusSiswanto789 @6_arung Pertama, Pilkada serentak sudah dijelaskan di ss yang mas posting tujuannya untuk lebih mengsinkronisasikan program pemerintah pusat dan daerah. Maksudnya agar tidak ada tumpang tindih, dan alur komunikasi dan koordinasi lebih baik antar level.","1837356658294673891",,,,,"1183297844494524416","true","true","Sun Oct 13 08:26:25 +0000 2019","true","false","Cause you can be the beauty and I could be the monster",,,,,,,,,,,,,,,,,,,,,"0","30769","361","492","true","false","2","Aldebaran","5784","Kumon","361","1839732406666105184","false","https://pbs.twimg.com/profile_banners/1183297844494524416/1727631297","https://pbs.twimg.com/profile_images/1868238071898206209/MZBbapH3_normal.jpg","","yogasuud","38264","none",,"false",,"false","","","2","","@AgusSiswanto789 @6_arung Pertama, Pilkada serentak sudah dijelaskan di ss yang mas posting tujuannya untuk lebih mengsinkronisasikan program pemerintah pusat dan daerah. Maksudnya agar tidak ada tumpang tindih, dan alur komunikasi dan koordinasi lebih baik antar level.","","0","",,,,,"false"
"0","","Sat Sep 21 05:02:58 +0000 2024",,,,,,,,,,,,,,,,"","false","true","false","","1","1254753962625888256","0","16","Agus","AgusSiswanto789","1805234582926864384","17","25","WA","6_arung",,,,,,,,,,,,,,,,,,,,,,,,,,"1837356824946946314","0","0","Sat Sep 21 05:02:58 +0000 2024",,"1",,,,,,,,,,,,,,,,"yogasuud","1837356658294673891","1183297844494524416",,,,,,,,,,,,,,,,,,,,,,,,,,,,,,,,,,,,,,,,,,,,,,,,,,,,,,,,,,,,,,,,,,,,,,,,,,,,,"1254753962625888256","0","16","Agus","AgusSiswanto789","1805234582926864384","17","25","WA","6_arung",,,,,,,,,,,,,,,,,,,,,,,,,,"1837356824946946314","0",,"1","0","0","@AgusSiswanto789 @6_arung Kedua, PJ Gubernur dan kepala daerah lainnya muncul karena masa jabatan mereka telah berakhir. Di luar pemilihan PJ (Penanggung Jawab) sementara agar tidak jadi kekosongan jabatan yang diputuskan oleh koordinasi antara Mendagri, DPRD, dan Presiden.","1837356824946946314",,,,,"1183297844494524416","true","true","Sun Oct 13 08:26:25 +0000 2019","true","false","Cause you can be the beauty and I could be the monster",,,,,,,,,,,,,,,,,,,,,"0","30769","361","492","true","false","2","Aldebaran","5784","Kumon","361","1839732406666105184","false","https://pbs.twimg.com/profile_banners/1183297844494524416/1727631297","https://pbs.twimg.com/profile_images/1868238071898206209/MZBbapH3_normal.jpg","","yogasuud","38264","none",,"false",,"false","","","1","","@AgusSiswanto789 @6_arung Kedua, PJ Gubernur dan kepala daerah lainnya muncul karena masa jabatan mereka telah berakhir. Di luar pemilihan PJ (Penanggung Jawab) sementara agar tidak jadi kekosongan jabatan yang diputuskan oleh koordinasi antara Mendagri, DPRD, dan Presiden.","","0","",,,,,"false"
"0","","Sat Sep 21 05:03:25 +0000 2024",,,,,,,,,,,,,,,,"","false","true","false","","1","1254753962625888256","0","16","Agus","AgusSiswanto789","1805234582926864384","17","25","WA","6_arung",,,,,,,,,,,,,,,,,,,,,,,,,,"1837356824946946314","0","0","Sat Sep 21 05:03:25 +0000 2024",,"1",,,,,,,,,,,,,,,,"yogasuud","1837356824946946314","1183297844494524416",,,,,,,,,,,,,,,,,,,,,,,,,,,,,,,,,,,,,,,,,,,,,,,,,,,,,,,,,,,,,,,,,,,,,,,,,,,,,"1254753962625888256","0","16","Agus","AgusSiswanto789","1805234582926864384","17","25","WA","6_arung",,,,,,,,,,,,,,,,,,,,,,,,,,"1837356824946946314","0",,"1","0","0","@AgusSiswanto789 @6_arung Apakah ada cara lebih simpel untuk memilih PJ? Pemilu untuk PJ? PJ itu sementara, mas, wajar ada ketakutan rentan dipolitisasi, tapi untuk sementara sampai kepala daerah terbaru dipilih, apakah ada solusi lebih simpel? Saya terbayang keresahan mas, tapi tidak berarti skeptis toh?","1837356940747493630",,,,,"1183297844494524416","true","true","Sun Oct 13 08:26:25 +0000 2019","true","false","Cause you can be the beauty and I could be the monster",,,,,,,,,,,,,,,,,,,,,"0","30769","361","492","true","false","2","Aldebaran","5784","Kumon","361","1839732406666105184","false","https://pbs.twimg.com/profile_banners/1183297844494524416/1727631297","https://pbs.twimg.com/profile_images/1868238071898206209/MZBbapH3_normal.jpg","","yogasuud","38264","none",,"false",,"false","","","1","","@AgusSiswanto789 @6_arung Apakah ada cara lebih simpel untuk memilih PJ? Pemilu untuk PJ? PJ itu sementara, mas, wajar ada ketakutan rentan dipolitisasi, tapi untuk sementara sampai kepala daerah terbaru dipilih, apakah ada solusi lebih simpel? Saya terbayang keresahan mas, tapi tidak berarti skeptis toh?","","0","",,,,,"false"
"0","","Fri Sep 06 13:31:21 +0000 2024",,,,,,,,,,,,,,,,"","false","true","false","","260",,,,,,,,,,,,,,,,,,,,,,,,,,,,,,,,,,,,"1832367827782930515","17","38","Fri Sep 06 13:31:21 +0000 2024",,"260",,,,,,,,,,,,,,,,"samsarigged","1831968201590423942","2418597883",,,,,,,,,,,,,,,,,,,,,,,,,,,,,,,,,,,,,,,,,,,,,,,,,,,,,,,,,,,,,,,,,,,,,,,,,,,,,,,,,,,,,,,,,,,,,,,,,,,,,,,,,,,,,,,,"1832367827782930515","17",,"9","0","85","@mercbrah 👏👏👏
Semakin sadar kekuatan otonomi daerah.
Jadi, kira-kira 70% hajat hidup kita ditentukan oleh daerah (kab/kota), 25% pusat dan hanya 5 % provinsi. Dan Rata-rata kita abai dng politik daerah.","1832048948787462194",,,,,"441971537","false","false","Tue Dec 20 16:23:59 +0000 2011","false","false","nothing personal, no hard feeling",,,,,,,,,,,,,,,,,,,,,"0","1158","291","383","true","false","4","","498","OldGru","291",,"false","https://pbs.twimg.com/profile_banners/441971537/1577190744","https://pbs.twimg.com/profile_images/1621194493755260928/iN_r--Ao_normal.jpg","","Mertosari","36113","none",,"false",,"false","","","9","","@mercbrah 👏👏👏
Semakin sadar kekuatan otonomi daerah.
Jadi, kira-kira 70% hajat hidup kita ditentukan oleh daerah (kab/kota), 25% pusat dan hanya 5 % provinsi. Dan Rata-rata kita abai dng politik daerah.","","85","",,,,,"false"
"0","","Sat Sep 07 10:38:28 +0000 2024",,,,,,,,,,,,,,,,"","false","true","false","","5","441971537","0","10","OldGru","Mertosari",,,,,,,,,,,,,,,,,,,,,,,,,,,,,,,"1832367827782930515","0","1","Sat Sep 07 10:38:28 +0000 2024",,"5",,,,,,,,,,,,,,,,"Mertosari","1832048948787462194","441971537",,,,,,,,,,,,,,,,,,,,,,,,,,,,,,,,,,,,,,,,,,,,,,,,,,,,,,,,,,,,,,,,,,,,,,,,,,,,,"441971537","0","10","OldGru","Mertosari",,,,,,,,,,,,,,,,,,,,,,,,,,,,,,,"1832367827782930515","0",,"1","0","2","@Mertosari @mercbrah UU OTDA sudah mengembiri kekuasaan Presiden.
UU OTDA harus direvisi, Presiden harus punya kewenangan penuh pada kepala daerah. 
Pemilihan Gubernur cukup oleh DPRD dg kandidat yg dipilih Presiden.","1832367827782930515",,,,,"2881653068","false","true","Wed Oct 29 05:39:44 +0000 2014","true","false","",,,,,,,,,,,,,,,,,,,,,"0","1188","698","512","true","false","4","","1337","St. Rajo Alam","698",,"false","https://pbs.twimg.com/profile_banners/2881653068/1623769801","https://pbs.twimg.com/profile_images/1463438838517297164/uoW9eE23_normal.jpg","","AGoeci","48541","none",,"false",,"false","","","1","","@Mertosari @mercbrah UU OTDA sudah mengembiri kekuasaan Presiden.
UU OTDA harus direvisi, Presiden harus punya kewenangan penuh pada kepala daerah. 
Pemilihan Gubernur cukup oleh DPRD dg kandidat yg dipilih Presiden.","","2","",,,,,"false"
"0","","Sat Sep 07 19:33:32 +0000 2024",,,,,,,,,,,,,,,,"","false","true","false","","1","2881653068","0","7","St. Rajo Alam","AGoeci","441971537","8","18","OldGru","Mertosari",,,,,,,,,,,,,,,,,,,,,,,,,,"1832367827782930515","0","0","Sat Sep 07 19:33:32 +0000 2024",,"1",,,,,,,,,,,,,,,,"AGoeci","1832367827782930515","2881653068",,,,,,,,,,,,,,,,,,,,,,,,,,,,,,,,,,,,,,,,,,,,,,,,,,,,,,,,,,,,,,,,,,,,,,,,,,,,,"2881653068","0","7","St. Rajo Alam","AGoeci","441971537","8","18","OldGru","Mertosari",,,,,,,,,,,,,,,,,,,,,,,,,,"1832367827782930515","0",,"0","0","0","@AGoeci @Mertosari @mercbrah Sangat setuju, apalagi kalau pemdanya berbeda koalisi dgn presiden terpilih, disitu terjadi pembangkangan.","1832502481697542481",,,,,"1562242243796561920","true","true","Wed Aug 24 00:56:45 +0000 2022","true","false","",,,,,,,,,,,,,,,,,,,,,"0","94487","351","3354","false","false","0","","65","Arief Usman","351",,"false",,"https://pbs.twimg.com/profile_images/1786797038652502016/Bvr8D4EH_normal.jpg","","AriefUs95953043","1521","none",,"false",,"false","","","0","","@AGoeci @Mertosari @mercbrah Sangat setuju, apalagi kalau pemdanya berbeda koalisi dgn presiden terpilih, disitu terjadi pembangkangan.","","0","",,,,,"false"
"0","","Tue Aug 27 22:30:13 +0000 2024",,,,,,,,,,,,,,,,"","false","true","false","","0","759692754985242625","0","9","kumparan","kumparan",,,,,,,,,,,,,,,,,,,,,,,,,,,,,,,"1828560678208315590","0","0","Tue Aug 27 22:30:13 +0000 2024",,"0",,,,,,,,,,,,,,,,"kumparan","1828448529909719094","759692754985242625",,,,,,,,,,,,,,,,,,,,,,,,,,,,,,,,,,,,,,,,,,,,,,,,,,,,,,,,,,,,,,,,,,,,,,,,,,,,,"759692754985242625","0","9","kumparan","kumparan",,,,,,,,,,,,,,,,,,,,,,,,,,,,,,,"1828560678208315590","0",,"0","0","0","@kumparan Kembalikan lagi aja Pemilihan Gubernur di lakukan oleh DPRD , gak buang buang energi dan gak buang buang duit…","1828560678208315590",,,,,"1572790830951178243","false","false","Thu Sep 22 03:33:27 +0000 2022","true","false","Pemerhati Perilaku Politik, Golfer, Penyuka Sepak Bola , Penyuka Basket, Hobi Nyanyi, Suka Aktivitas OutDoor ( Adventure ), Penyuka Teh,Komentator….🤭",,,,,,,,,,,,,,,,,,,,,"0","17610","77","894","true","false","0","","90","BayanakaZhafi","77",,"false","https://pbs.twimg.com/profile_banners/1572790830951178243/1663818689","https://pbs.twimg.com/profile_images/1879330328705449984/Jd0Pwr-5_normal.jpg","","Bayanaka_2020","5166","none",,"false",,"false","","","0","","@kumparan Kembalikan lagi aja Pemilihan Gubernur di lakukan oleh DPRD , gak buang buang energi dan gak buang buang duit…","","0","",,,,,"false"
"0","","Wed Aug 21 17:27:23 +0000 2024","18","32","ShameOnYouSBY",,,,,,,,,,,,,"","false","true","false","","0",,,,,,,,,,,,,,,,,,,,,,,,,,,,,,,,,,,,"1826311011248578929","0","0","Wed Aug 21 17:27:23 +0000 2024",,"0","18","32","ShameOnYouSBY",,,,,,,,,,,,,"wisnudennyy","1826309736238891243","62175546",,,,,,,,,,,,,,,,,,,,,,,,,,,,,,,,,,,,,,,,,,,,,,,,,,,,,,,,,,,,,,,,,,,,,,,,,,,,,,,,,,,,,,,,,,,,,,,,,,,,,,,,,,,,,,,,"1826311011248578929","0",,"1","0","0","Sampai dulu tagar #ShameOnYouSBY trending dimana2","1826310142021042612",,,,,"62175546","false","false","Sun Aug 02 02:27:27 +0000 2009","false","false","my freedom of speech",,,,,,,,,,,,,,,,,,,,,"0","342","577","421","true","false","1","East Borneo, Indonesia","392","WDG","577",,"false","https://pbs.twimg.com/profile_banners/62175546/1411493677","https://pbs.twimg.com/profile_images/1751705244718043136/-STccTW9_normal.jpg","","wisnudennyy","13370","regular",,"false",,"false","","","1","","Sampai dulu tagar #ShameOnYouSBY trending dimana2","","0","",,,,,"false"
"0","","Wed Aug 21 17:30:50 +0000 2024",,,,,,,,,,,,,,,,"","false","true","false","","0",,,,,,,,,,,,,,,,,,,,,,,,,,,,,,,,,,,,"1826311011248578929","0","0","Wed Aug 21 17:30:50 +0000 2024",,"0",,,,,,,,,,,,,,,,"wisnudennyy","1826310142021042612","62175546",,,,,,,,,,,,,,,,,,,,,,,,,,,,,,,,,,,,,,,,,,,,,,,,,,,,,,,,,,,,,,,,,,,,,,,,,,,,,,,,,,,,,,,,,,,,,,,,,,,,,,,,,,,,,,,,"1826311011248578929","0",,"1","0","0","Tapi dengan kerennya SBY terbitkan 2 perppu untuk mancabut UU pilkada tentang pemilihan Pemilihan Gubernur, Bupati, dan Wali Kota yang mengatur bahwa kepala daerah dipilih oleh DPRD di bulan Oktober tepat di akhir masa jabatannya.","1826311011248578929",,,,,"62175546","false","false","Sun Aug 02 02:27:27 +0000 2009","false","false","my freedom of speech",,,,,,,,,,,,,,,,,,,,,"0","342","577","421","true","false","1","East Borneo, Indonesia","392","WDG","577",,"false","https://pbs.twimg.com/profile_banners/62175546/1411493677","https://pbs.twimg.com/profile_images/1751705244718043136/-STccTW9_normal.jpg","","wisnudennyy","13370","regular",,"false",,"false","","","1","","Tapi dengan kerennya SBY terbitkan 2 perppu untuk mancabut UU pilkada tentang pemilihan Pemilihan Gubernur, Bupati, dan Wali Kota yang mengatur bahwa kepala daerah dipilih oleh DPRD di bulan Oktober tepat di akhir masa jabatannya.","","0","",,,,,"false"
"0","","Wed Aug 21 17:32:48 +0000 2024",,,,,,,,,,,,,,,,"","false","true","false","","0",,,,,,,,,,,,,,,,,,,,,,,,,,,,,,,,,,,,"1826311011248578929","0","0","Wed Aug 21 17:32:48 +0000 2024",,"0",,,,,,,,,,,,,,,,"wisnudennyy","1826311011248578929","62175546",,,,,,,,,,,,,,,,,,,,,,,,,,,,,,,,,,,,,,,,,,,,,,,,,,,,,,,,,,,,,,,,,,,,,,,,,,,,,,,,,,,,,,,,,,,,,,,,,,,,,,,,,,,,,,,,"1826311011248578929","0",,"0","0","0","The Question is, apakah dengan disahkan UU Pilkada ini adalah salah satu grand design untuk menutup masa bakti Jokowi dengan keren seperti SBY? Dimana nanti Jokowi akan menerbitkan perppu juga? Who knows.","1826311502498070652",,,,,"62175546","false","false","Sun Aug 02 02:27:27 +0000 2009","false","false","my freedom of speech",,,,,,,,,,,,,,,,,,,,,"0","342","577","421","true","false","1","East Borneo, Indonesia","392","WDG","577",,"false","https://pbs.twimg.com/profile_banners/62175546/1411493677","https://pbs.twimg.com/profile_images/1751705244718043136/-STccTW9_normal.jpg","","wisnudennyy","13370","regular",,"false",,"false","","","0","","The Question is, apakah dengan disahkan UU Pilkada ini adalah salah satu grand design untuk menutup masa bakti Jokowi dengan keren seperti SBY? Dimana nanti Jokowi akan menerbitkan perppu juga? Who knows.","","0","",,,,,"false"
"0","","Sun Aug 11 10:53:31 +0000 2024","104","120","AyoAwasiBersama","121","135","KawalHakPilih","136","146","BawasluRI","147","162","BawasluLampung",,,,"","false","true","false","","3",,,,,,,,,,,,,,,,,,,,,,,,,,,,,,,,,,,,"1822587020151308298","0","0","Sun Aug 11 10:53:31 +0000 2024",,"3","104","120","AyoAwasiBersama","121","135","KawalHakPilih","136","146","BawasluRI","147","162","BawasluLampung",,,,"BawasluLampung_","1822587020151308298","973396388124835841","pic.x.com/sOhHoZp5AN","https://x.com/BawasluLampung_/status/1822587143812001868/photo/1","1781","photo","https://pbs.twimg.com/media/GUshPkIaQAA7bV6.jpg",,,,,,,,,,,,,,"2048","pic.x.com/sOhHoZp5AN","https://x.com/BawasluLampung_/status/1822587143812001868/photo/1","1781","photo","https://pbs.twimg.com/media/GUshPmUb0AARfKE.jpg",,,,,,,,,,,,,,"2048","pic.x.com/sOhHoZp5AN","https://x.com/BawasluLampung_/status/1822587143812001868/photo/1","1781","photo","https://pbs.twimg.com/media/GUshPoKbgAAhUgP.jpg",,,,,,,,,,,,,,"2048","pic.x.com/sOhHoZp5AN","https://x.com/BawasluLampung_/status/1822587143812001868/photo/1","1781","photo","https://pbs.twimg.com/media/GUshQcxbIAADl5p.jpg",,,,,,,,,,,,,,"2048",,,,,,,,,,,,,,,,,,,,,,,,,,,,,,,,,,,,"1822587020151308298","0",,"0","0","0","yang didampingi oleh jajaran KPU dan Bawaslu Provinsi Lampung.

Selengkapnya : https://t.co/A61e22tOVm

#AyoAwasiBersama
#KawalHakPilih
#BawasluRI
#BawasluLampung
---------------------------------- https://t.co/sOhHoZp5AN","1822587143812001868","lampung.bawaslu.go.id/bawaslu-lampun…","https://lampung.bawaslu.go.id/bawaslu-lampung-awasi-penyerahan-dokumen-calon-terpilih-dprd-provinsi-2024-oleh-kpu/","","https://t.co/A61e22tOVm","973396388124835841","true","true","Tue Mar 13 03:12:38 +0000 2018","true","false","Bersama Rakyat Awasi Pemilu, Bersama Bawaslu Tegakkan Keadilan Pemilu",,,,,,,,,,,,,,,,,,,,,"0","374","964","135","true","false","1","Bandar Lampung, Lampung","6441","Bawaslulampung","964",,"false","https://pbs.twimg.com/profile_banners/973396388124835841/1690511997","https://pbs.twimg.com/profile_images/1684757559746727937/fKz1v5YY_normal.jpg","","BawasluLampung_","9559","none",,"false",,"false","","","0","","yang didampingi oleh jajaran KPU dan Bawaslu Provinsi Lampung.

Selengkapnya : https://t.co/A61e22tOVm

#AyoAwasiBersama
#KawalHakPilih
#BawasluRI
#BawasluLampung
---------------------------------- https://t.co/sOhHoZp5AN","","0","","lampung.bawaslu.go.id/bawaslu-lampun…","https://lampung.bawaslu.go.id/bawaslu-lampung-awasi-penyerahan-dokumen-calon-terpilih-dprd-provinsi-2024-oleh-kpu/","","https://t.co/A61e22tOVm","false"
"0","","Sun Jun 09 00:12:16 +0000 2024",,,,,,,,,,,,,,,,"","false","true","false","","1","1068371293290946561","0","9","King Purwa","BosPurwa",,,,,,,,,,,,,,,,,,,,,,,,,,,,,,,"1799595333045117165","0","0","Sun Jun 09 00:12:16 +0000 2024",,"1",,,,,,,,,,,,,,,,"BosPurwa","1799479389555712359","1068371293290946561",,,,,,,,,,,,,,,,,,,,,,,,,,,,,,,,,,,,,,,,,,,,,,,,,,,,,,,,,,,,,,,,,,,,,,,,,,,,,"1068371293290946561","0","9","King Purwa","BosPurwa",,,,,,,,,,,,,,,,,,,,,,,,,,,,,,,"1799595333045117165","0",,"1","0","0","@BosPurwa Agustus langsung dilantik krn pemilihan gubernur setelah UU direvisi dipilih oleh DPRD 1. Itulah kejutannya","1799595333045117165",,,,,"162627606","false","true","Sun Jul 04 06:38:51 +0000 2010","true","false","",,,,,,,,,,,,,,,,,,,,,"0","972","136","128","true","false","0","","437","alpha wolf","136",,"false",,"https://pbs.twimg.com/profile_images/1603720765815525376/mOzGcTm__normal.jpg","","sulaimanariefst","23347","none",,"false",,"false","","","1","","@BosPurwa Agustus langsung dilantik krn pemilihan gubernur setelah UU direvisi dipilih oleh DPRD 1. Itulah kejutannya","","0","",,,,,"false"
"0","","Mon Apr 22 05:47:40 +0000 2024",,,,,,,,,,,,,,,,"","false","true","false","","1","1117990249806721024","0","11","Muhammad Said Didu","msaid_didu",,,,,,,,,,,,,,,,,,,,,,,,,,,,,,,"1782320345665728692","0","0","Mon Apr 22 05:47:40 +0000 2024",,"1",,,,,,,,,,,,,,,,"msaid_didu","1782284836558016739","1117990249806721024",,,,,,,,,,,,,,,,,,,,,,,,,,,,,,,,,,,,,,,,,,,,,,,,,,,,,,,,,,,,,,,,,,,,,,,,,,,,,"1117990249806721024","0","11","Muhammad Said Didu","msaid_didu",,,,,,,,,,,,,,,,,,,,,,,,,,,,,,,"1782320345665728692","0",,"1","0","0","@msaid_didu pemilihan presiden lewat MPR dong","1782285120546000984",,,,,"77230976","true","true","Fri Sep 25 14:52:59 +0000 2009","false","false","I lost my badge, but I still have a gun. Unlocked & fully loaded.",,,,,,,,,,,,,,,,"rumputpagi.blogspot.com","http://rumputpagi.blogspot.com","0","23","https://t.co/aZB6HyR8Rg","0","588","318","279","true","false","3","Under The Same Sun","438","RaeAgainstTheMachine","318",,"false","https://pbs.twimg.com/profile_banners/77230976/1355241329","https://pbs.twimg.com/profile_images/1574190415699320832/sOtU0Dv9_normal.jpg","","aranigr","23225","none","https://t.co/aZB6HyR8Rg","false",,"false","","","1","","@msaid_didu pemilihan presiden lewat MPR dong","","0","",,,,,"false"
"0","","Mon Apr 22 08:07:38 +0000 2024",,,,,,,,,,,,,,,,"","false","true","false","","0","77230976","0","8","RaeAgainstTheMachine","aranigr","1117990249806721024","9","20","Muhammad Said Didu","msaid_didu",,,,,,,,,,,,,,,,,,,,,,,,,,"1782320345665728692","0","0","Mon Apr 22 08:07:38 +0000 2024",,"0",,,,,,,,,,,,,,,,"aranigr","1782285120546000984","77230976",,,,,,,,,,,,,,,,,,,,,,,,,,,,,,,,,,,,,,,,,,,,,,,,,,,,,,,,,,,,,,,,,,,,,,,,,,,,,"77230976","0","8","RaeAgainstTheMachine","aranigr","1117990249806721024","9","20","Muhammad Said Didu","msaid_didu",,,,,,,,,,,,,,,,,,,,,,,,,,"1782320345665728692","0",,"0","0","0","@aranigr @msaid_didu Amademen sistem addendum contoh pasal pemilihan presiden dlm UUD 1945 dipilih oleh MPR dirubah disempurnakan menjadi di pilih dewan pemilihan yg terdiri anggota DPR utusan daerah dan utusan golongan/ MPR ditambah DPRD provinsi kabupaten kota gubernur bupati walikota se-Indonesia","1782320345665728692",,,,,"1603600431825186816","false","true","Fri Dec 16 03:59:04 +0000 2022","true","false","",,,,,,,,,,,,,,,,,,,,,"0","115516","145","91","true","false","1","","121","margo Siswadi","145",,"false",,"https://pbs.twimg.com/profile_images/1603601270937645056/dMaPFn8m_normal.jpg","","Didi_margo","10462","none",,"false",,"false","","","0","","@aranigr @msaid_didu Amademen sistem addendum contoh pasal pemilihan presiden dlm UUD 1945 dipilih oleh MPR dirubah disempurnakan menjadi di pilih dewan pemilihan yg terdiri anggota DPR utusan daerah dan utusan golongan/ MPR ditambah DPRD provinsi kabupaten kota gubernur bupati walikota se-Indonesia","","0","",,,,,"false"
"0","","Tue Mar 12 17:01:13 +0000 2024",,,,,,,,,,,,,,,,"","false","true","false","","0",,,,,,,,,,,,,,,,,,,,,,,,,,,,,,,,,,,,"1767596721352446115","0","0","Tue Mar 12 17:01:13 +0000 2024",,"0",,,,,,,,,,,,,,,,"AryaPanam","1767596370402353554","1440146286204764174",,,,,,,,,,,,,,,,,,,,,,,,,,,,,,,,,,,,,,,,,,,,,,,,,,,,,,,,,,,,,,,,,,,,,,,,,,,,,,,,,,,,,,,,,,,,,,,,,,,,,,,,,,,,,,,,"1767596721352446115","0",,"0","0","0","Poin pertama yang langsung disoroti, yaitu tentang polemik pemilihan gubernur Jakarta oleh Presiden, dengan pertimbangan dari DPRD Jakarta.
Dari survei yang dilakukan oleh Kompas, mayoritas responden menyatakan bahwa mereka tidak menyetujui rancangan tersebut.","1767596721352446115",,,,,"1440146286204764174","false","true","Tue Sep 21 02:50:17 +0000 2021","true","false","Laboratorium bahasa
Tampek buek-buek Bahaso
Language laboratory
Sprachlabor
Taallaboratorium",,,,,,,,,,,,,,,,"kompasiana.com/arya123","https://www.kompasiana.com/arya123","0","23","https://t.co/wQH8EMaofh","0","2914","68","159","true","false","0","Pekan Baru, Riau","1706","Arya","68",,"false","https://pbs.twimg.com/profile_banners/1440146286204764174/1688700636","https://pbs.twimg.com/profile_images/1676266618719174656/fFheu2LT_normal.jpg","","AryaPanam","19919","none","https://t.co/wQH8EMaofh","false",,"false","","","0","","Poin pertama yang langsung disoroti, yaitu tentang polemik pemilihan gubernur Jakarta oleh Presiden, dengan pertimbangan dari DPRD Jakarta.
Dari survei yang dilakukan oleh Kompas, mayoritas responden menyatakan bahwa mereka tidak menyetujui rancangan tersebut.","","0","",,,,,"false"
"0","","Thu Feb 15 11:18:19 +0000 2024",,,,,,,,,,,,,,,,"","false","true","false","","0","310751498","0","10","Mujab MS","MSMujab22",,,,,,,,,,,,,,,,,,,,,,,,,,,,,,,"1758086048230600791","0","0","Thu Feb 15 11:18:19 +0000 2024",,"0",,,,,,,,,,,,,,,,"MSMujab22","1758086048230600791","310751498",,,,,,,,,,,,,,,,,,,,,,,,,,,,,,,,,,,,,,,,,,,,,,,,,,,,,,,,,,,,,,,,,,,,,,,,,,,,,"310751498","0","10","Mujab MS","MSMujab22",,,,,,,,,,,,,,,,,,,,,,,,,,,,,,,"1758086048230600791","0",,"0","0","0","@MSMujab22 Awal mula Prabowo dendam sama Ahok","1758088345799004364",,,,,"619797633","false","false","Wed Jun 27 05:52:50 +0000 2012","false","false","Long hair enthusiast",,,,,,,,,,,,,,,,,,,,,"0","1621","1013","241","true","false","0","Jakarta Capital Region","193","alysa","1013","2009137507242545616","false","https://pbs.twimg.com/profile_banners/619797633/1767789798","https://pbs.twimg.com/profile_images/2008857406181416960/MllItsf6_normal.jpg","","cinnamorrollysa","26611","none",,"false",,"false","","","0","","@MSMujab22 Awal mula Prabowo dendam sama Ahok","","0","",,,,,"false"
"0","","Fri Dec 29 23:57:44 +0000 2023",,,,,,,,,,,,,,,,"","false","true","false","","0",,,,,,,,,,,,,,,,,,,,,,,,,,,,,,,,,,,,"1740884838658482655","0","0","Fri Dec 29 23:57:44 +0000 2023",,"0",,,,,,,,,,,,,,,,"JantunGPiisanG","1740569250639802380","1152707809689010176",,,,,,,,,,,,,,,,,,,,,,,,,,,,,,,,,,,,,,,,,,,,,,,,,,,,,,,,,,,,,,,,,,,,,,,,,,,,,,,,,,,,,,,,,,,,,,,,,,,,,,,,,,,,,,,,"1740884838658482655","0",,"0","0","0","@mbahjhojho Saya sii udah ngebayangin ketika Anies turun dari pesawat, itu adalah Anies lg turun dari pesawat kenegaraan

Kalo pun iya RUU pemilihan gubernur o presiden atas izin DPRD itu akan dipilih oleh Pak Anies sebagai presiden.","1740884838658482655",,,,,"514341659","false","true","Sun Mar 04 13:29:26 +0000 2012","true","false","sehat mental,  fisik, dan financial. dengan cara simple.",,,,,,,,,,,,,,,,,,,,,"0","8261","154","390","false","false","2","Indonesia","332","Iso kiyo","154",,"false",,"https://pbs.twimg.com/profile_images/1964036359230017538/z-bftQt1_normal.jpg","","kinoyastilianti","9435","none",,"false",,"false","","","0","","@mbahjhojho Saya sii udah ngebayangin ketika Anies turun dari pesawat, itu adalah Anies lg turun dari pesawat kenegaraan

Kalo pun iya RUU pemilihan gubernur o presiden atas izin DPRD itu akan dipilih oleh Pak Anies sebagai presiden.","","0","",,,,,"false"
"0","","Mon Dec 25 03:19:30 +0000 2023",,,,,,,,,,,,,,,,"","false","true","false","","1",,,,,,,,,,,,,,,,,,,,,,,,,,,,,,,,,,,,"1739123675738276056","0","0","Mon Dec 25 03:19:30 +0000 2023",,"1",,,,,,,,,,,,,,,,"gauzal","1739121838549307482","63368467",,,,,,,,,,,,,,,,,,,,,,,,,,,,,,,,,,,,,,,,,,,,,,,,,,,,,,,,,,,,,,,,,,,,,,,,,,,,,,,,,,,,,,,,,,,,,,,,,,,,,,,,,,,,,,,,"1739123675738276056","0",,"1","0","0","RUU DKJ memiliki banyak masalah sehingga perlu ditolak! Di antaranya: menghapus pemilihan gubernur (ditunjuk presiden); adanya Dewan Kota yg tumpang tindih dengan kewenangan DPRD; adanya Kawasan Aglomerasi yg dipimpin oleh Wapres.","1739123675738276056",,,,,"63368467","false","true","Thu Aug 06 04:20:00 +0000 2009","false","false","ngetweet politik, arsitektur, dan sepakbola. campur aduk english-indonesia",,,,,,,,,,,,,,,,"about.me/gauzal","http://about.me/gauzal","0","23","https://t.co/7kxOdQlUKa","0","3218","298","476","true","false","3","Jakarta","121","Gauzal Asnawi","298",,"false","https://pbs.twimg.com/profile_banners/63368467/1621290414","https://pbs.twimg.com/profile_images/1616950663933747200/3uQgf0Ku_normal.jpg","","gauzal","5067","none","https://t.co/7kxOdQlUKa","false",,"false","","","1","","RUU DKJ memiliki banyak masalah sehingga perlu ditolak! Di antaranya: menghapus pemilihan gubernur (ditunjuk presiden); adanya Dewan Kota yg tumpang tindih dengan kewenangan DPRD; adanya Kawasan Aglomerasi yg dipimpin oleh Wapres.","","0","",,,,,"false"
"0","","Mon Dec 25 03:19:30 +0000 2023",,,,,,,,,,,,,,,,"","false","true","false","","0",,,,,,,,,,,,,,,,,,,,,,,,,,,,,,,,,,,,"1739123675738276056","0","0","Mon Dec 25 03:19:30 +0000 2023",,"0",,,,,,,,,,,,,,,,"gauzal","1739123675738276056","63368467",,,,,,,,,,,,,,,,,,,,,,,,,,,,,,,,,,,,,,,,,,,,,,,,,,,,,,,,,,,,,,,,,,,,,,,,,,,,,,,,,,,,,,,,,,,,,,,,,,,,,,,,,,,,,,,,"1739123675738276056","0",,"0","0","0","Ini adalah bentuk perampasan hak suara dari warga Jakarta untuk memilih arah perkembangan kota, dan juga perampasan pengelolaan spasial oleh pemerintah pusat dari pemerintahan daerah! TOLAK","1739123677885784426",,,,,"63368467","false","true","Thu Aug 06 04:20:00 +0000 2009","false","false","ngetweet politik, arsitektur, dan sepakbola. campur aduk english-indonesia",,,,,,,,,,,,,,,,"about.me/gauzal","http://about.me/gauzal","0","23","https://t.co/7kxOdQlUKa","0","3218","298","476","true","false","3","Jakarta","121","Gauzal Asnawi","298",,"false","https://pbs.twimg.com/profile_banners/63368467/1621290414","https://pbs.twimg.com/profile_images/1616950663933747200/3uQgf0Ku_normal.jpg","","gauzal","5067","none","https://t.co/7kxOdQlUKa","false",,"false","","","0","","Ini adalah bentuk perampasan hak suara dari warga Jakarta untuk memilih arah perkembangan kota, dan juga perampasan pengelolaan spasial oleh pemerintah pusat dari pemerintahan daerah! TOLAK","","0","",,,,,"false"
"0","","Mon Dec 18 03:02:32 +0000 2023",,,,,,,,,,,,,,,,"","false","true","false","","7097",,,,,,,,,,,,,,,,,,,,,,,,,,,,,,,,,,,,"1737289080063594555","194","204","Mon Dec 18 03:02:32 +0000 2023",,"7097",,,,,,,,,,,,,,,,"brosgpt","1736376504781832647","1628402468379049984",,,,,,,,,,,,,,,,,,,,,,,,,,,,,,,,,,,,,,,,,,,,,,,,,,,,,,,,,,,,,,,,,,,,,,,,,,,,,,,,,,,,,,,,,,,,,,,,,,,,,,,,,,,,,,,,"1737289080063594555","194",,"71","0","4251","Mereka:

-Nak hak sama rata
-Nak hapus kuota masuk U
-Nak masuk UiTM
-Nak diskaun bumiputra
-Nak dilayan adil untuk semua warganegara

Juga mereka:

-Tak nak sekolah kebangsaan
-Tak nak bercampur dengan kaum lain
-Tak nak cakap bahasa kebangsaan","1736582689808175515",,,,,"1628402468379049984","true","true","Wed Feb 22 14:33:45 +0000 2023","true","false","",,,,,,,,,,,,,,,,,,,,,"0","3403","86","133","true","false","3","","28","Bavrick","86","1639546210716635139","false",,"https://pbs.twimg.com/profile_images/1662371434604429313/W0p5yqkw_normal.jpg","","brosgpt","3903","none",,"false",,"false","","","71","","Mereka:

-Nak hak sama rata
-Nak hapus kuota masuk U
-Nak masuk UiTM
-Nak diskaun bumiputra
-Nak dilayan adil untuk semua warganegara

Juga mereka:

-Tak nak sekolah kebangsaan
-Tak nak bercampur dengan kaum lain
-Tak nak cakap bahasa kebangsaan","","4251","",,,,,"false"
"0","","Mon Dec 18 05:16:52 +0000 2023",,,,,,,,,,,,,,,,"","false","true","false","","75","1628402468379049984","0","8","Bavrick","brosgpt",,,,,,,,,,,,,,,,,,,,,,,,,,,,,,,"1737289080063594555","4","0","Mon Dec 18 05:16:52 +0000 2023",,"75",,,,,,,,,,,,,,,,"brosgpt","1736582689808175515","1628402468379049984",,,,,,,,,,,,,,,,,,,,,,,,,,,,,,,,,,,,,,,,,,,,,,,,,,,,,,,,,,,,,,,,,,,,,,,,,,,,,"1628402468379049984","0","8","Bavrick","brosgpt",,,,,,,,,,,,,,,,,,,,,,,,,,,,,,,"1737289080063594555","4",,"7","0","3","@brosgpt Ok kalau mereka dah give up sjk, ready ke nak bagi hak sama rata?","1736616498624635306",,,,,"1182603888169369600","false","true","Fri Oct 11 10:28:43 +0000 2019","true","false","An educator",,,,,,,,,,,,,,,,,,,,,"0","4462","79","317","false","false","0","","29","Jonathan James","79",,"false",,"https://pbs.twimg.com/profile_images/1190844269961121795/UwNBXLgC_normal.jpg","","Jonatha83116671","599","none",,"false",,"false","","","7","","@brosgpt Ok kalau mereka dah give up sjk, ready ke nak bagi hak sama rata?","","3","",,,,,"false"
"0","","Tue Dec 19 00:15:51 +0000 2023",,,,,,,,,,,,,,,,"","false","true","false","","9","1182603888169369600","0","16","Jonathan James","Jonatha83116671","1628402468379049984","17","25","Bavrick","brosgpt",,,,,,,,,,,,,,,,,,,,,,,,,,"1737289080063594555","2","0","Tue Dec 19 00:15:51 +0000 2023",,"9",,,,,,,,,,,,,,,,"Jonatha83116671","1736616498624635306","1182603888169369600",,,,,,,,,,,,,,,,,,,,,,,,,,,,,,,,,,,,,,,,,,,,,,,,,,,,,,,,,,,,,,,,,,,,,,,,,,,,,"1182603888169369600","0","16","Jonathan James","Jonatha83116671","1628402468379049984","17","25","Bavrick","brosgpt",,,,,,,,,,,,,,,,,,,,,,,,,,"1737289080063594555","2",,"2","0","0","@Jonatha83116671 @brosgpt Sedar sikit tanah mana ni, this is tanah melayu ( malaysia ) ada ka kat india nama tanah melayu ? So sedar, nenek moyang kay agree dengan perjanjian sebelum ni","1736903132196778261",,,,,"1640021674480504832","true","true","Sun Mar 26 16:03:43 +0000 2023","true","false","isu semasa ,apa yang berfaedah dan memberi manfaat 🙂‍↔️🙂‍↕️",,,,,,,,,,,,,,,,,,,,,"0","10924","132","515","false","false","0","","23","Alyp_ayman🇲🇾","132","1945370959466389926","false","https://pbs.twimg.com/profile_banners/1640021674480504832/1718635440","https://pbs.twimg.com/profile_images/1640021974427779076/DyEIdihH_normal.jpg","","AlypAyman","2330","none",,"false",,"false","","","2","","@Jonatha83116671 @brosgpt Sedar sikit tanah mana ni, this is tanah melayu ( malaysia ) ada ka kat india nama tanah melayu ? So sedar, nenek moyang kay agree dengan perjanjian sebelum ni","","0","",,,,,"false"
"0","","",,,,,,,,,,,,,,,,"","false","true","false","","0",,,,,,,,,,,,,,,,,,,,,,,,,,,,,,,,,,,,"1737289080063594555","0",,,"Unknown tweet type: TweetTombstone",,,,,,,,,,,,,,,,,,,,,,,,,,,,,,,,,,,,,,,,,,,,,,,,,,,,,,,,,,,,,,,,,,,,,,,,,,,,,,,,,,,,,,,,,,,,,,,,,,,,,,,,,,,,,,,,,,,,,,,,,,,,,,,,,,,"1737289080063594555",,"{'__typename': 'TweetTombstone', 'tombstone': {'__typename': 'TextTombstone', 'text': {'rtl': False, 'text': 'This Post is from an account that no longer exists. Learn more', 'entities': [{'fromIndex': 52, 'toIndex': 62, 'ref': {'type': 'TimelineUrl', 'url': 'https://help.twitter.com/rules-and-policies/notices-on-twitter', 'urlType': 'ExternalUrl'}}]}}}",,"0",,,,,,,,,,,,,,,,,,,,,,,,,,,,,,,,,,,,,,,,,,,,,,,,,,,,,,,,,,"","","0","","","","0","",,,,,"false"
"0","","Tue Dec 19 18:14:59 +0000 2023",,,,,,,,,,,,,,,,"","false","true","false","","1","1640021674480504832","13","23","Alyp_ayman🇲🇾","AlypAyman","1182603888169369600","24","40","Jonathan James","Jonatha83116671","1628402468379049984","41","49","Bavrick","brosgpt",,,,,,,,,,,,,,,,,,,,,"1737289080063594555","0","0","Tue Dec 19 18:14:59 +0000 2023",,"1",,,,,,,,,,,,,,,,"adambennetttt_","1736934814195077419","1025817706723823616",,,,,,,,,,,,,,,,,,,,,,,,,,,,,,,,,,,,,,,,,,,,,,,,,,,,,,,,,,,,,,,,,,,,,,,,,,,,,"1640021674480504832","13","23","Alyp_ayman🇲🇾","AlypAyman","1182603888169369600","24","40","Jonathan James","Jonatha83116671","1628402468379049984","41","49","Bavrick","brosgpt",,,,,,,,,,,,,,,,,,,,,"1737289080063594555","0",,"10","0","0","@adamasherr_ @AlypAyman @Jonatha83116671 @brosgpt kena ingat tau..kat indonesia..org cina dn india tidak ada hak utk mengundi dn tak boleh jadi wakil rakyat..ready ke nk jadi mcm indonesia😂😂..meroyan  guan eng..terduduk kit siang..termenung teresa..ye la..risau tak leh dok kat parlimen dh😂😂","1737174704161775706",,,,,"1009525987","false","false","Thu Dec 13 19:09:52 +0000 2012","false","false","Diploma, Bachelor Degree & Master (Information Scientist)👨🏻‍🎓",,,,,,,,,,,,,,,,,,,,,"0","4030","210","634","false","false","0","Alor Star, Kedah","144","Shehzade Aiman","210",,"false","https://pbs.twimg.com/profile_banners/1009525987/1688070054","https://pbs.twimg.com/profile_images/1968220845773561856/BhFWDjKx_normal.jpg","","MohammadAiman01","3759","none",,"false",,"false","","","10","","@adamasherr_ @AlypAyman @Jonatha83116671 @brosgpt kena ingat tau..kat indonesia..org cina dn india tidak ada hak utk mengundi dn tak boleh jadi wakil rakyat..ready ke nk jadi mcm indonesia😂😂..meroyan  guan eng..terduduk kit siang..termenung teresa..ye la..risau tak leh dok kat parlimen dh😂😂","","0","",,,,,"false"
"0","","Wed Dec 20 01:42:32 +0000 2023",,,,,,,,,,,,,,,,"","false","true","false","","4","1009525987","0","16","Shehzade Aiman","MohammadAiman01","1640021674480504832","30","40","Alyp_ayman🇲🇾","AlypAyman","1182603888169369600","41","57","Jonathan James","Jonatha83116671","1628402468379049984","58","66","Bavrick","brosgpt",,,,,,,,,,,,,,,,"1737289080063594555","1","0","Wed Dec 20 01:42:32 +0000 2023",,"4",,,,,,,,,,,,,,,,"MohammadAiman01","1737174704161775706","1009525987","pic.x.com/E2cokL7ygd","https://x.com/veerapracha/status/1737287336596320583/photo/1","588","photo","https://pbs.twimg.com/media/GBwRgzfasAAUQsn.png",,,,,,,,,,,,,,"336","pic.x.com/E2cokL7ygd","https://x.com/veerapracha/status/1737287336596320583/photo/1","602","photo","https://pbs.twimg.com/media/GBwRi1ka8AA_QYs.png",,,,,,,,,,,,,,"342",,,,,,,,,,,,,,,,,,,,,,,,,,,,,,,,,,,,,,,"1009525987","0","16","Shehzade Aiman","MohammadAiman01","1640021674480504832","30","40","Alyp_ayman🇲🇾","AlypAyman","1182603888169369600","41","57","Jonathan James","Jonatha83116671","1628402468379049984","58","66","Bavrick","brosgpt",,,,,,,,,,,,,,,,"1737289080063594555","1",,"1","0","0","@MohammadAiman01 @adamasherr_ @AlypAyman @Jonatha83116671 @brosgpt Tjhai Chui Mie dan Andrei Angouw, keduanya keturunan Tionghoa yang berhasil jadi Walikota di Singkawang dan Manado melalui pemilihan langsung oleh rakyat. Keduanya juga pernah jadi Ketua Dewan Perwakilan Rakyat Daerah (DPRD) di tempatnya masing-masing https://t.co/E2cokL7ygd","1737287336596320583",,,,,"1314247903976648704","false","false","Thu Oct 08 16:55:03 +0000 2020","true","false","",,,,,,,,,,,,,,,,,,,,,"0","2131","27","282","true","false","0","","737","Veerapcha","27",,"false","https://pbs.twimg.com/profile_banners/1314247903976648704/1613905475","https://pbs.twimg.com/profile_images/1486490145679237121/GLBRAN2u_normal.jpg","","veerapracha","2850","none",,"false",,"false","","","1","","@MohammadAiman01 @adamasherr_ @AlypAyman @Jonatha83116671 @brosgpt Tjhai Chui Mie dan Andrei Angouw, keduanya keturunan Tionghoa yang berhasil jadi Walikota di Singkawang dan Manado melalui pemilihan langsung oleh rakyat. Keduanya juga pernah jadi Ketua Dewan Perwakilan Rakyat Daerah (DPRD) di tempatnya masing-masing https://t.co/E2cokL7ygd","","0","",,,,,"false"
"0","","Wed Dec 20 01:49:28 +0000 2023",,,,,,,,,,,,,,,,"","false","true","false","","1","1009525987","0","16","Shehzade Aiman","MohammadAiman01","1640021674480504832","30","40","Alyp_ayman🇲🇾","AlypAyman","1182603888169369600","41","57","Jonathan James","Jonatha83116671","1628402468379049984","58","66","Bavrick","brosgpt",,,,,,,,,,,,,,,,"1737289080063594555","0","0","Wed Dec 20 01:49:28 +0000 2023",,"1",,,,,,,,,,,,,,,,"veerapracha","1737287336596320583","1314247903976648704","pic.x.com/jMSkL3B0fA","https://x.com/veerapracha/status/1737289080063594555/photo/1","838","photo","https://pbs.twimg.com/media/GBwVu3faUAA5bzY.png",,,,,,,,,,,,,,"266","pic.x.com/jMSkL3B0fA","https://x.com/veerapracha/status/1737289080063594555/photo/1","685","photo","https://pbs.twimg.com/media/GBwVwEla0AAUtJP.png",,,,,,,,,,,,,,"337",,,,,,,,,,,,,,,,,,,,,,,,,,,,,,,,,,,,,,,"1009525987","0","16","Shehzade Aiman","MohammadAiman01","1640021674480504832","30","40","Alyp_ayman🇲🇾","AlypAyman","1182603888169369600","41","57","Jonathan James","Jonatha83116671","1628402468379049984","58","66","Bavrick","brosgpt",,,,,,,,,,,,,,,,"1737289080063594555","0",,"1","0","0","@MohammadAiman01 @adamasherr_ @AlypAyman @Jonatha83116671 @brosgpt Sebelum jd Wakil Gubernur Jakarta &amp; gagal di Pemilihan Gubernur Jakarta, Ahok itu Bupati Belitung Timur pertama yg dipilih oleh rakyat secara langsung. FYI: Belitung Timur 93% nya muslim. Ahok jg pernah jadi Anggota DPRD &amp; Parlemen Pusat. Adik Ahok pun terpilih menjadi Bupati https://t.co/jMSkL3B0fA","1737289080063594555",,,,,"1314247903976648704","false","false","Thu Oct 08 16:55:03 +0000 2020","true","false","",,,,,,,,,,,,,,,,,,,,,"0","2131","27","282","true","false","0","","737","Veerapcha","27",,"false","https://pbs.twimg.com/profile_banners/1314247903976648704/1613905475","https://pbs.twimg.com/profile_images/1486490145679237121/GLBRAN2u_normal.jpg","","veerapracha","2850","none",,"false",,"false","","","1","","@MohammadAiman01 @adamasherr_ @AlypAyman @Jonatha83116671 @brosgpt Sebelum jd Wakil Gubernur Jakarta &amp; gagal di Pemilihan Gubernur Jakarta, Ahok itu Bupati Belitung Timur pertama yg dipilih oleh rakyat secara langsung. FYI: Belitung Timur 93% nya muslim. Ahok jg pernah jadi Anggota DPRD &amp; Parlemen Pusat. Adik Ahok pun terpilih menjadi Bupati https://t.co/jMSkL3B0fA","","0","",,,,,"false"
"0","","Wed Dec 20 02:01:09 +0000 2023",,,,,,,,,,,,,,,,"","false","true","false","","1","1009525987","0","16","Shehzade Aiman","MohammadAiman01","1640021674480504832","30","40","Alyp_ayman🇲🇾","AlypAyman","1182603888169369600","41","57","Jonathan James","Jonatha83116671","1628402468379049984","58","66","Bavrick","brosgpt",,,,,,,,,,,,,,,,"1737289080063594555","0","0","Wed Dec 20 02:01:09 +0000 2023",,"1",,,,,,,,,,,,,,,,"veerapracha","1737289080063594555","1314247903976648704","pic.x.com/V3ZMLVfMaZ","https://x.com/veerapracha/status/1737292017854824655/photo/1","760","photo","https://pbs.twimg.com/media/GBwYrmBaQAA-Nlo.png",,,,,,,,,,,,,,"327",,,,,,,,,,,,,,,,,,,,,,,,,,,,,,,,,,,,,,,,,,,,,,,,,,,,,,,,,,"1009525987","0","16","Shehzade Aiman","MohammadAiman01","1640021674480504832","30","40","Alyp_ayman🇲🇾","AlypAyman","1182603888169369600","41","57","Jonathan James","Jonatha83116671","1628402468379049984","58","66","Bavrick","brosgpt",,,,,,,,,,,,,,,,"1737289080063594555","0",,"0","0","0","@MohammadAiman01 @adamasherr_ @AlypAyman @Jonatha83116671 @brosgpt Banyak contoh lain Tionghoa yang berhasil di masuk legislatif dan eksekutif baik itu di peringkat daerah dan nasional. Partai Perindo (Persatuan Indonesia) didirikan keturunan Tionghoa. Anaknya, Angela Tanoesoedibjo jadi Wakil Menteri Pariwisata. https://t.co/V3ZMLVfMaZ","1737292017854824655",,,,,"1314247903976648704","false","false","Thu Oct 08 16:55:03 +0000 2020","true","false","",,,,,,,,,,,,,,,,,,,,,"0","2131","27","282","true","false","0","","737","Veerapcha","27",,"false","https://pbs.twimg.com/profile_banners/1314247903976648704/1613905475","https://pbs.twimg.com/profile_images/1486490145679237121/GLBRAN2u_normal.jpg","","veerapracha","2850","none",,"false",,"false","","","0","","@MohammadAiman01 @adamasherr_ @AlypAyman @Jonatha83116671 @brosgpt Banyak contoh lain Tionghoa yang berhasil di masuk legislatif dan eksekutif baik itu di peringkat daerah dan nasional. Partai Perindo (Persatuan Indonesia) didirikan keturunan Tionghoa. Anaknya, Angela Tanoesoedibjo jadi Wakil Menteri Pariwisata. https://t.co/V3ZMLVfMaZ","","0","",,,,,"false"
"0","","Tue Dec 12 12:59:54 +0000 2023",,,,,,,,,,,,,,,,"","false","true","false","","137","1502822366946402304","0","11","Dokter Tifa","DokterTifa","1356478042797797377","12","25","Gibran Rakabuming","gibran_tweet",,,,,,,,,,,,,,,,,,,,,,,,,,"1734615858465386881","0","0","Tue Dec 12 12:59:54 +0000 2023",,"137",,,,,,,,,,,,,,,,"DokterTifa","1734557877178671357","1502822366946402304",,,,,,,,,,,,,,,,,,,,,,,,,,,,,,,,,,,,,,,,,,,,,,,,,,,,,,,,,,,,,,,,,,,,,,,,,,,,,"1502822366946402304","0","11","Dokter Tifa","DokterTifa","1356478042797797377","12","25","Gibran Rakabuming","gibran_tweet",,,,,,,,,,,,,,,,,,,,,,,,,,"1734615858465386881","0",,"18","0","1","@DokterTifa @gibran_tweet Opening speechnya Anis....luar biasa.  Ga level dgn 2 paslon yg ada....jaaauuuuuhhhh","1734558694887817354",,,,,"1900885218","false","true","Tue Sep 24 15:50:25 +0000 2013","true","false","",,,,,,,,,,,,,,,,,,,,,"0","1415","11","114","false","false","0","","233","Dexter","11",,"false","https://pbs.twimg.com/profile_banners/1900885218/1407027704","https://pbs.twimg.com/profile_images/495736243150274560/weFwfdD0_normal.jpeg","","DEXTER888j","2700","none",,"false",,"false","","","18","","@DokterTifa @gibran_tweet Opening speechnya Anis....luar biasa.  Ga level dgn 2 paslon yg ada....jaaauuuuuhhhh","","1","",,,,,"false"
"0","","",,,,,,,,,,,,,,,,"","false","true","false","","0",,,,,,,,,,,,,,,,,,,,,,,,,,,,,,,,,,,,"1734615858465386881","0",,,"Unknown tweet type: TweetTombstone",,,,,,,,,,,,,,,,,,,,,,,,,,,,,,,,,,,,,,,,,,,,,,,,,,,,,,,,,,,,,,,,,,,,,,,,,,,,,,,,,,,,,,,,,,,,,,,,,,,,,,,,,,,,,,,,,,,,,,,,,,,,,,,,,,,"1734615858465386881",,"{'__typename': 'TweetTombstone', 'tombstone': {'__typename': 'TextTombstone', 'text': {'rtl': False, 'text': 'This Post was deleted by the Post author. Learn more', 'entities': [{'fromIndex': 42, 'toIndex': 52, 'ref': {'type': 'TimelineUrl', 'url': 'https://help.twitter.com/rules-and-policies/notices-on-twitter', 'urlType': 'ExternalUrl'}}]}}}",,"0",,,,,,,,,,,,,,,,,,,,,,,,,,,,,,,,,,,,,,,,,,,,,,,,,,,,,,,,,,"","","0","","","","0","",,,,,"false"
"0","","Tue Dec 12 16:47:02 +0000 2023",,,,,,,,,,,,,,,,"","false","true","false","","1","1900885218","12","23","Dexter","DEXTER888j","1502822366946402304","24","35","Dokter Tifa","DokterTifa","1356478042797797377","36","49","Gibran Rakabuming","gibran_tweet",,,,,,,,,,,,,,,,,,,,,"1734615858465386881","0","0","Tue Dec 12 16:47:02 +0000 2023",,"1",,,,,,,,,,,,,,,,"","","",,,,,,,,,,,,,,,,,,,,,,,,,,,,,,,,,,,,,,,,,,,,,,,,,,,,,,,,,,,,,,,,,,,,,,,,,,,,,"1900885218","12","23","Dexter","DEXTER888j","1502822366946402304","24","35","Dokter Tifa","DokterTifa","1356478042797797377","36","49","Gibran Rakabuming","gibran_tweet",,,,,,,,,,,,,,,,,,,,,"1734615858465386881","0",,"0","0","0","@wahnyoto06 @DEXTER888j @DokterTifa @gibran_tweet Ngelawak luu. Trus kenapa rencana pemilihan gubernur di Jakarta mau diganti dari pilihan rakyat jadi usulan DPRD kemudian dipilih oleh preside. Mbang mbang bang","1734615858465386881",,,,,"1033493738876678144","false","true","Sat Aug 25 23:18:03 +0000 2018","true","true","",,,,,,,,,,,,,,,,,,,,,"0","116","4","32","true","false","0","","11","Dekanio8415","4",,"false",,"https://abs.twimg.com/sticky/default_profile_images/default_profile_normal.png","","dekanio8415","742","none",,"false",,"false","","","0","","@wahnyoto06 @DEXTER888j @DokterTifa @gibran_tweet Ngelawak luu. Trus kenapa rencana pemilihan gubernur di Jakarta mau diganti dari pilihan rakyat jadi usulan DPRD kemudian dipilih oleh preside. Mbang mbang bang","","0","",,,,,"false"
"0","","Thu Dec 07 09:31:30 +0000 2023","144","156","threadtvOne",,,,,,,,,,,,,"","false","true","false","","1",,,,,,,,,,,,,,,,,,,,,,,,,,,,,,,,,,,,"1732694413577797853","0","0","Thu Dec 07 09:31:30 +0000 2023",,"1","144","156","threadtvOne",,,,,,,,,,,,,"tvOneNews","1732694182941352041","55507370",,,,,,,,,,,,,,,,,,,,,,,,,,,,,,,,,,,,,,,,,,,,,,,,,,,,,,,,,,,,,,,,,,,,,,,,,,,,,,,,,,,,,,,,,,,,,,,,,,,,,,,,,,,,,,,,"1732694413577797853","0",,"1","0","0","Adapun wacana ini termuat dalam Rancangan Undang-Undang tentang Daerah Khusus Jakarta (RUU DKJ) yang sudah disahkan menjadi RUU inisiatif DPR.

#threadtvOne","1732694309907083767",,,,,"55507370","false","true","Fri Jul 10 08:16:35 +0000 2009","true","false","Official Account of tvOneNews",,,,,,,,,,,,,,,,,,,,,"0","0","7881608","49","false","false","7529","Pulo Gadung, Indonesia","209977","tvOnenews","7881608",,"false","https://pbs.twimg.com/profile_banners/55507370/1690282621","https://pbs.twimg.com/profile_images/1811001498689753089/p2l374M3_normal.jpg","","tvOneNews","509599","regular",,"false","Business","false","","","1","","Adapun wacana ini termuat dalam Rancangan Undang-Undang tentang Daerah Khusus Jakarta (RUU DKJ) yang sudah disahkan menjadi RUU inisiatif DPR.

#threadtvOne","","0","",,,,,"false"
"0","","Thu Dec 07 09:31:54 +0000 2023","246","258","threadtvOne",,,,,,,,,,,,,"","false","true","false","","1",,,,,,,,,,,,,,,,,,,,,,,,,,,,,,,,,,,,"1732694413577797853","0","0","Thu Dec 07 09:31:54 +0000 2023",,"1","246","258","threadtvOne",,,,,,,,,,,,,"tvOneNews","1732694309907083767","55507370",,,,,,,,,,,,,,,,,,,,,,,,,,,,,,,,,,,,,,,,,,,,,,,,,,,,,,,,,,,,,,,,,,,,,,,,,,,,,,,,,,,,,,,,,,,,,,,,,,,,,,,,,,,,,,,,"1732694413577797853","0",,"1","0","0","“Kami tidak setuju atas usulan Pemilihan Gubernur dan Wakil Gubernur Daerah Khusus Jakarta ditunjuk dan diangkat oleh Presiden dengan memperhatikan usulan DPRD Jakarta,” tegas Ketua DPP PDIP Said Abdullah dalam keterangannya, Kamis (7/12/2023).

#threadtvOne","1732694413577797853",,,,,"55507370","false","true","Fri Jul 10 08:16:35 +0000 2009","true","false","Official Account of tvOneNews",,,,,,,,,,,,,,,,,,,,,"0","0","7881608","49","false","false","7529","Pulo Gadung, Indonesia","209977","tvOnenews","7881608",,"false","https://pbs.twimg.com/profile_banners/55507370/1690282621","https://pbs.twimg.com/profile_images/1811001498689753089/p2l374M3_normal.jpg","","tvOneNews","509599","regular",,"false","Business","false","","","1","","“Kami tidak setuju atas usulan Pemilihan Gubernur dan Wakil Gubernur Daerah Khusus Jakarta ditunjuk dan diangkat oleh Presiden dengan memperhatikan usulan DPRD Jakarta,” tegas Ketua DPP PDIP Said Abdullah dalam keterangannya, Kamis (7/12/2023).

#threadtvOne","","0","",,,,,"false"
"0","","Thu Dec 07 09:32:30 +0000 2023",,,,,,,,,,,,,,,,"","false","true","false","","1",,,,,,,,,,,,,,,,,,,,,,,,,,,,,,,,,,,,"1732694413577797853","0","0","Thu Dec 07 09:32:30 +0000 2023",,"1",,,,,,,,,,,,,,,,"tvOneNews","1732694413577797853","55507370",,,,,,,,,,,,,,,,,,,,,,,,,,,,,,,,,,,,,,,,,,,,,,,,,,,,,,,,,,,,,,,,,,,,,,,,,,,,,,,,,,,,,,,,,,,,,,,,,,,,,,,,,,,,,,,,"1732694413577797853","0",,"0","0","0","“Selain bertolak belakang dengan prinsip-prinsip demokrasi, usulan ini mencabut hak politik warga Jakarta. Apalagi sebagai pemegang kekuasaan pemerintahan di daerah khusus, Gubernur Jakarta akan memiliki kewenangan yang lebih daripada daerah otonom lainnya,” sambung dia.","1732694562748178557",,,,,"55507370","false","true","Fri Jul 10 08:16:35 +0000 2009","true","false","Official Account of tvOneNews",,,,,,,,,,,,,,,,,,,,,"0","0","7881608","49","false","false","7529","Pulo Gadung, Indonesia","209977","tvOnenews","7881608",,"false","https://pbs.twimg.com/profile_banners/55507370/1690282621","https://pbs.twimg.com/profile_images/1811001498689753089/p2l374M3_normal.jpg","","tvOneNews","509599","regular",,"false","Business","false","","","0","","“Selain bertolak belakang dengan prinsip-prinsip demokrasi, usulan ini mencabut hak politik warga Jakarta. Apalagi sebagai pemegang kekuasaan pemerintahan di daerah khusus, Gubernur Jakarta akan memiliki kewenangan yang lebih daripada daerah otonom lainnya,” sambung dia.","","0","",,,,,"false"
"0","","Thu Dec 07 08:30:56 +0000 2023",,,,,,,,,,,,,,,,"","false","true","false","","1",,,,,,,,,,,,,,,,,,,,,,,,,,,,,,,,,,,,"1732679071623217321","0","0","Thu Dec 07 08:30:56 +0000 2023",,"1",,,,,,,,,,,,,,,,"asumsico","1732679065503699082","829366551446818816","pic.x.com/gwdUx6jtma","https://x.com/asumsico/status/1732679068301291591/photo/1","1500","photo","https://pbs.twimg.com/media/GAu1-iFaEAAexaA.jpg",,,,,,,,,,,,,,"1200","pic.x.com/gwdUx6jtma","https://x.com/asumsico/status/1732679068301291591/photo/1","1500","photo","https://pbs.twimg.com/media/GAu2AUTbEAA5fsQ.jpg",,,,,,,,,,,,,,"1201",,,,,,,,,,,,,,,,,,,,,,,,,,,,,,,,,,,,,,,,,,,,,,,,,,,,,,,,,,,,,,,,,,,,,,,,,,"1732679071623217321","0",,"1","0","0","Wacana jabatan gubernur dan wakil gubernur akan ditetapkan oleh Presiden RI bergulir usai Rancangan Undang-Undang (RUU) tentang Daerah Khusus Jakarta (DKJ) disahkan menjadi inisiatif DPR pada Selasa (5/12/2023). https://t.co/gwdUx6jtma","1732679068301291591",,,,,"829366551446818816","true","true","Wed Feb 08 16:29:29 +0000 2017","false","false","Current Affairs & Pop Culture | Kami mendengar semua orang | redaksi@asumsi.co | Newsletter: https://t.co/4C1daw7gd3 I https://t.co/SjgBOSgBJO","545byasumsi.substack.com","http://545byasumsi.substack.com","93","116","https://t.co/4C1daw7gd3","linktr.ee/asumsi.co","https://linktr.ee/asumsi.co","119","142","https://t.co/SjgBOSgBJO",,,,,,"asumsi.co","http://asumsi.co","0","23","https://t.co/u9c4cqorSx","0","248","344458","2","true","false","842","Jakarta Capital Region","12995","Asumsi","344458",,"false","https://pbs.twimg.com/profile_banners/829366551446818816/1700046408","https://pbs.twimg.com/profile_images/1448160661540724740/ZGg4wvhJ_normal.jpg","","asumsico","45017","none","https://t.co/u9c4cqorSx","false",,"false","","","1","","Wacana jabatan gubernur dan wakil gubernur akan ditetapkan oleh Presiden RI bergulir usai Rancangan Undang-Undang (RUU) tentang Daerah Khusus Jakarta (DKJ) disahkan menjadi inisiatif DPR pada Selasa (5/12/2023). https://t.co/gwdUx6jtma","","0","",,,,,"false"
"0","","Thu Dec 07 08:30:56 +0000 2023",,,,,,,,,,,,,,,,"","false","true","false","","1",,,,,,,,,,,,,,,,,,,,,,,,,,,,,,,,,,,,"1732679071623217321","0","0","Thu Dec 07 08:30:56 +0000 2023",,"1",,,,,,,,,,,,,,,,"asumsico","1732679068301291591","829366551446818816","pic.x.com/lWni6d2uah","https://x.com/asumsico/status/1732679071623217321/photo/1","1500","photo","https://pbs.twimg.com/media/GAu2F0oaAAAL-JM.jpg",,,,,,,,,,,,,,"1200","pic.x.com/lWni6d2uah","https://x.com/asumsico/status/1732679071623217321/photo/1","1500","photo","https://pbs.twimg.com/media/GAu2HmIagAAuHpl.jpg",,,,,,,,,,,,,,"1201",,,,,,,,,,,,,,,,,,,,,,,,,,,,,,,,,,,,,,,,,,,,,,,,,,,,,,,,,,,,,,,,,,,,,,,,,,"1732679071623217321","0",,"1","0","0","Dalam RUU itu, pemilihan gubernur dan wakil gubernur Jakarta tidak melalui Pilkada. Berdasarkan Pasal 10 ayat (2) Bab IV RUU DKJ, disebutkan bahwa gubernur dan wakil gubernur ditunjuk, diangkat, dan diberhentikan oleh presiden dengan memperhatikan usul atau pendapat DPRD. https://t.co/lWni6d2uah","1732679071623217321",,,,,"829366551446818816","true","true","Wed Feb 08 16:29:29 +0000 2017","false","false","Current Affairs & Pop Culture | Kami mendengar semua orang | redaksi@asumsi.co | Newsletter: https://t.co/4C1daw7gd3 I https://t.co/SjgBOSgBJO","545byasumsi.substack.com","http://545byasumsi.substack.com","93","116","https://t.co/4C1daw7gd3","linktr.ee/asumsi.co","https://linktr.ee/asumsi.co","119","142","https://t.co/SjgBOSgBJO",,,,,,"asumsi.co","http://asumsi.co","0","23","https://t.co/u9c4cqorSx","0","248","344458","2","true","false","842","Jakarta Capital Region","12995","Asumsi","344458",,"false","https://pbs.twimg.com/profile_banners/829366551446818816/1700046408","https://pbs.twimg.com/profile_images/1448160661540724740/ZGg4wvhJ_normal.jpg","","asumsico","45017","none","https://t.co/u9c4cqorSx","false",,"false","","","1","","Dalam RUU itu, pemilihan gubernur dan wakil gubernur Jakarta tidak melalui Pilkada. Berdasarkan Pasal 10 ayat (2) Bab IV RUU DKJ, disebutkan bahwa gubernur dan wakil gubernur ditunjuk, diangkat, dan diberhentikan oleh presiden dengan memperhatikan usul atau pendapat DPRD. https://t.co/lWni6d2uah","","0","",,,,,"false"
"0","","Thu Dec 07 08:30:57 +0000 2023",,,,,,,,,,,,,,,,"","false","true","false","","2",,,,,,,,,,,,,,,,,,,,,,,,,,,,,,,,,,,,"1732679071623217321","0","0","Thu Dec 07 08:30:57 +0000 2023",,"2",,,,,,,,,,,,,,,,"asumsico","1732679071623217321","829366551446818816",,,,,,,,,,,,,,,,,,,,,,,,,,,,,,,,,,,,,,,,,,,,,,,,,,,,,,,,,,,,,,,,,,,,,,,,,,,,,,,,,,,,,,,,,,,,,,,,,,,,,,,,,,,,,,,,"1732679071623217321","0",,"2","0","0","Baca berita selengkapnya!

https://t.co/49MiJx0XTK","1732679074878042264","asumsi.co/post/86562/dpr…","https://asumsi.co/post/86562/dprd-dki-tolak-wacana-gubernur-dipilih-langsung-oleh-presiden/","","https://t.co/49MiJx0XTK","829366551446818816","true","true","Wed Feb 08 16:29:29 +0000 2017","false","false","Current Affairs & Pop Culture | Kami mendengar semua orang | redaksi@asumsi.co | Newsletter: https://t.co/4C1daw7gd3 I https://t.co/SjgBOSgBJO","545byasumsi.substack.com","http://545byasumsi.substack.com","93","116","https://t.co/4C1daw7gd3","linktr.ee/asumsi.co","https://linktr.ee/asumsi.co","119","142","https://t.co/SjgBOSgBJO",,,,,,"asumsi.co","http://asumsi.co","0","23","https://t.co/u9c4cqorSx","0","248","344458","2","true","false","842","Jakarta Capital Region","12995","Asumsi","344458",,"false","https://pbs.twimg.com/profile_banners/829366551446818816/1700046408","https://pbs.twimg.com/profile_images/1448160661540724740/ZGg4wvhJ_normal.jpg","","asumsico","45017","none","https://t.co/u9c4cqorSx","false",,"false","","","2","","Baca berita selengkapnya!

https://t.co/49MiJx0XTK","","0","","asumsi.co/post/86562/dpr…","https://asumsi.co/post/86562/dprd-dki-tolak-wacana-gubernur-dipilih-langsung-oleh-presiden/","","https://t.co/49MiJx0XTK","false"
"0","","Tue Dec 05 15:15:25 +0000 2023",,,,,,,,,,,,,,,,"","false","true","false","","61",,,,,,,,,,,,,,,,,,,,,,,,,,,,,,,,,,,,"1732048162079244520","0","0","Tue Dec 05 15:15:25 +0000 2023",,"61",,,,,,,,,,,,,,,,"JhonSitorus_18","1732048162079244520","1102461866129776640",,,,,,,,,,,,,,,,,,,,,,,,,,,,,,,,,,,,,,,,,,,,,,,,,,,,,,,,,,,,,,,,,,,,,,,,,,,,,,,,,,,,,,,,,,,,,,,,,,,,,,,,,,,,,,,,"1732048162079244520","0",,"8","0","3","@Miduk17 Dan Kaesang pun akan ditunjuk jadi Gubernur DKI bila Prabowo menang. Lagi-lagi dengan alasan, melakukan regenerasi kepemimpinan nasional.","1732056085140553816",,,,,"268687443","true","false","Sat Mar 19 08:00:58 +0000 2011","false","false","Indonesia Bangkit lah Segera",,,,,,,,,,,,,,,,,,,,,"0","50408","2191","1664","false","false","2","","2026","Indonesia Guyub","2191",,"false","https://pbs.twimg.com/profile_banners/268687443/1416629625","https://pbs.twimg.com/profile_images/861990670021533696/ZrdJyDYH_normal.jpg","","Indonesiaguyub","83169","none",,"false",,"false","","","8","","@Miduk17 Dan Kaesang pun akan ditunjuk jadi Gubernur DKI bila Prabowo menang. Lagi-lagi dengan alasan, melakukan regenerasi kepemimpinan nasional.","","3","",,,,,"false"
"0","","Tue Dec 05 15:02:12 +0000 2023","56","80","JokowiPantasDimakzulkan",,,,,,,,,,,,,"","false","true","false","","40",,,,,,,,,,,,,,,,,,,,,,,,,,,,,,,,,,,,"1732048162079244520","0","0","Tue Dec 05 15:02:12 +0000 2023",,"40","56","80","JokowiPantasDimakzulkan",,,,,,,,,,,,,"JhonSitorus_18","1732048162079244520","1102461866129776640",,,,,,,,,,,,,,,,,,,,,,,,,,,,,,,,,,,,,,,,,,,,,,,,,,,,,,,,,,,,,,,,,,,,,,,,,,,,,,,,,,,,,,,,,,,,,,,,,,,,,,,,,,,,,,,,"1732048162079244520","0",,"1","0","0","@Miduk17 Lebih pantas disebut sebagai perusak DEMOKRASI #JokowiPantasDimakzulkan","1732052757807530300",,,,,"964832526232530944","false","true","Sat Feb 17 12:02:54 +0000 2018","true","false","Saat Mesin Mulai Menyalah Selalu Ada Cerita||AturanNya IMO upahNya ANTIMO||PELAUT||KE LAUT||AJA",,,,,,,,,,,,,,,,,,,,,"0","9003","59","194","false","false","0","Ciomas, Indonesia","239","TimurFlores","59",,"false","https://pbs.twimg.com/profile_banners/964832526232530944/1552310909","https://pbs.twimg.com/profile_images/1105099515290238978/ip-Rr46B_normal.jpg","","gererekmela","8286","none",,"false",,"false","","","1","","@Miduk17 Lebih pantas disebut sebagai perusak DEMOKRASI #JokowiPantasDimakzulkan","","0","",,,,,"false"
"0","","Tue Dec 05 15:17:03 +0000 2023",,,,,,,,,,,,,,,,"","false","true","false","","34",,,,,,,,,,,,,,,,,,,,,,,,,,,,,,,,,,,,"1732048162079244520","0","0","Tue Dec 05 15:17:03 +0000 2023",,"34",,,,,,,,,,,,,,,,"JhonSitorus_18","1732048162079244520","1102461866129776640",,,,,,,,,,,,,,,,,,,,,,,,,,,,,,,,,,,,,,,,,,,,,,,,,,,,,,,,,,,,,,,,,,,,,,,,,,,,,,,,,,,,,,,,,,,,,,,,,,,,,,,,,,,,,,,,"1732048162079244520","0",,"2","0","2","@Miduk17 Makanya sempat ada wacana PilGub tahun depan mau di majuin sebelum Nopember, sktr Agustus.. kalo Draf UU ini jd.., brti nga ada PilGub di jkta...tinggal nunjuk , Lantik sebelum lengser... Pa Lurah makin aneh tp nyata...","1732056497599971357",,,,,"70622978","false","true","Tue Sep 01 07:22:04 +0000 2009","false","false","Bali Tourism Organized",,,,,,,,,,,,,,,,,,,,,"0","33264","885","424","true","false","1","Denpasar - Bali","482","#SuperJuve","885",,"false","https://pbs.twimg.com/profile_banners/70622978/1395605676","https://pbs.twimg.com/profile_images/1284472336364662785/WWFXgp-B_normal.jpg","","teojuve","18849","none",,"false",,"false","","","2","","@Miduk17 Makanya sempat ada wacana PilGub tahun depan mau di majuin sebelum Nopember, sktr Agustus.. kalo Draf UU ini jd.., brti nga ada PilGub di jkta...tinggal nunjuk , Lantik sebelum lengser... Pa Lurah makin aneh tp nyata...","","2","",,,,,"false"
"0","","Tue Dec 05 16:10:52 +0000 2023",,,,,,,,,,,,,,,,"","false","true","false","","33",,,,,,,,,,,,,,,,,,,,,,,,,,,,,,,,,,,,"1732048162079244520","0","1","Tue Dec 05 16:10:52 +0000 2023",,"33",,,,,,,,,,,,,,,,"JhonSitorus_18","1732048162079244520","1102461866129776640",,,,,,,,,,,,,,,,,,,,,,,,,,,,,,,,,,,,,,,,,,,,,,,,,,,,,,,,,,,,,,,,,,,,,,,,,,,,,,,,,,,,,,,,,,,,,,,,,,,,,,,,,,,,,,,,"1732048162079244520","0",,"1","0","1","@Miduk17 Dijamin RUU yg satu ini akan disahkan sebelum pak lurah lengser. Dan tentunya, everybody yg duduk di Senayan bakal happy","1732070040286237134",,,,,"4200694752","false","false","Wed Nov 11 11:22:13 +0000 2015","true","false","⛔️ | No DM",,,,,,,,,,,,,,,,,,,,,"0","159366","14027","5053","true","false","1","Indonesia","10605","Ari3Pras ☯️","14027","1988602727837081756","false","https://pbs.twimg.com/profile_banners/4200694752/1724508836","https://pbs.twimg.com/profile_images/1968227038705356804/-GsfR7aV_normal.jpg","","Ari3Pras","150271","none",,"false",,"false","","","1","","@Miduk17 Dijamin RUU yg satu ini akan disahkan sebelum pak lurah lengser. Dan tentunya, everybody yg duduk di Senayan bakal happy","","1","",,,,,"false"
"0","","Tue Dec 05 15:04:26 +0000 2023",,,,,,,,,,,,,,,,"","false","true","false","","28",,,,,,,,,,,,,,,,,,,,,,,,,,,,,,,,,,,,"1732048162079244520","0","1","Tue Dec 05 15:04:26 +0000 2023",,"28",,,,,,,,,,,,,,,,"JhonSitorus_18","1732048162079244520","1102461866129776640","pic.x.com/bivLfIBB7T","https://x.com/kadrun_balap/status/1732053320708354246/photo/1","538","photo","https://pbs.twimg.com/media/GAl9UQOawAET1qm.jpg",,,,,,,,,,,,,,"435",,,,,,,,,,,,,,,,,,,,,,,,,,,,,,,,,,,,,,,,,,,,,,,,,,,,,,,,,,,,,,,,,,,,,,,,,,,,,,,,,,,,,,,,,,,,,"1732048162079244520","0",,"8","0","0","@Miduk17 Titah maharaja harus di laksanakan https://t.co/bivLfIBB7T","1732053320708354246",,,,,"715893356627255296","false","false","Fri Apr 01 13:27:31 +0000 2016","true","false","free speech.
defending the truth.
never mind.
aku ora popo.
bukan orang partai. 
golput.
 لا بأس.",,,,,,,,,,,,,,,,,,,,,"0","1123","217","383","false","false","1","Lungsod ng Cebu, Rehiyon ng Gi","3432","noorca 7","217","2002354761182622071","false","https://pbs.twimg.com/profile_banners/715893356627255296/1762575267","https://pbs.twimg.com/profile_images/1992452685673746432/tUpLKE0N_normal.jpg","","noorca_7","12529","none",,"false",,"false","","","8","","@Miduk17 Titah maharaja harus di laksanakan https://t.co/bivLfIBB7T","","0","",,,,,"false"
"0","","Tue Dec 05 15:54:09 +0000 2023",,,,,,,,,,,,,,,,"","false","true","false","","26",,,,,,,,,,,,,,,,,,,,,,,,,,,,,,,,,,,,"1732048162079244520","0","0","Tue Dec 05 15:54:09 +0000 2023",,"26",,,,,,,,,,,,,,,,"JhonSitorus_18","1732048162079244520","1102461866129776640",,,,,,,,,,,,,,,,,,,,,,,,,,,,,,,,,,,,,,,,,,,,,,,,,,,,,,,,,,,,,,,,,,,,,,,,,,,,,,,,,,,,,,,,,,,,,,,,,,,,,,,,,,,,,,,,"1732048162079244520","0",,"1","0","0","@Miduk17 MAKIN KACAI NEGARA IN. .. BUBAR BUBAR DAH...PENGKHIANATAN THD REFORMASI.... KALIAN SIAPAPUN YG RENCANAKAN INI... TERKUTUKLAH KALIAN... ITU  SUMPAHKU SBG WARGA BANGSA YG CINTA DEMOKRASJ TOTAL...","1732065834120650934",,,,,"1645537391371857921","false","true","Mon Apr 10 21:21:42 +0000 2023","true","false","",,,,,,,,,,,,,,,,,,,,,"0","48","69","127","false","false","0","Mataram, Indonesia","24","Steve Marthen","69",,"false",,"https://pbs.twimg.com/profile_images/1707785009623625728/uV7RRm8e_normal.jpg","","steve_marthen","1634","none",,"false",,"false","","","1","","@Miduk17 MAKIN KACAI NEGARA IN. .. BUBAR BUBAR DAH...PENGKHIANATAN THD REFORMASI.... KALIAN SIAPAPUN YG RENCANAKAN INI... TERKUTUKLAH KALIAN... ITU  SUMPAHKU SBG WARGA BANGSA YG CINTA DEMOKRASJ TOTAL...","","0","",,,,,"false"
"0","","Tue Dec 05 14:56:02 +0000 2023",,,,,,,,,,,,,,,,"","false","true","false","","24",,,,,,,,,,,,,,,,,,,,,,,,,,,,,,,,,,,,"1732048162079244520","0","0","Tue Dec 05 14:56:02 +0000 2023",,"24",,,,,,,,,,,,,,,,"JhonSitorus_18","1732048162079244520","1102461866129776640",,,,,,,,,,,,,,,,,,,,,,,,,,,,,,,,,,,,,,,,,,,,,,,,,,,,,,,,,,,,,,,,,,,,,,,,,,,,,,,,,,,,,,,,,,,,,,,,,,,,,,,,,,,,,,,,"1732048162079244520","0",,"5","0","0","@Miduk17 Ntar DKI dijadikan pilot project, di make up kayak Solo. Dianggap Gubernur yg ditunjuk Presiden lebih baik. Jadilah ntar di Nasionalkan. 

Jadi deh tuh barang semua ditunjuk Presiden. 😭","1732051207928369152",,,,,"1190530742553460736","true","true","Sat Nov 02 07:27:13 +0000 2019","true","false","Indonesia, tetap Merah Putih dan Pancasila.",,,,,,,,,,,,,,,,,,,,,"0","165609","3281","3662","true","false","0","Indonesia","995","Smart O .1312.","3281",,"false","https://pbs.twimg.com/profile_banners/1190530742553460736/1725018261","https://pbs.twimg.com/profile_images/1998951903548551169/MFULzaeZ_normal.jpg","","Smart_O_","51415","none",,"false",,"false","","","5","","@Miduk17 Ntar DKI dijadikan pilot project, di make up kayak Solo. Dianggap Gubernur yg ditunjuk Presiden lebih baik. Jadilah ntar di Nasionalkan. 

Jadi deh tuh barang semua ditunjuk Presiden. 😭","","0","",,,,,"false"
"0","","Tue Dec 05 15:44:55 +0000 2023",,,,,,,,,,,,,,,,"","false","true","false","","19",,,,,,,,,,,,,,,,,,,,,,,,,,,,,,,,,,,,"1732048162079244520","0","0","Tue Dec 05 15:44:55 +0000 2023",,"19",,,,,,,,,,,,,,,,"JhonSitorus_18","1732048162079244520","1102461866129776640",,,,,,,,,,,,,,,,,,,,,,,,,,,,,,,,,,,,,,,,,,,,,,,,,,,,,,,,,,,,,,,,,,,,,,,,,,,,,,,,,,,,,,,,,,,,,,,,,,,,,,,,,,,,,,,,"1732048162079244520","0",,"2","0","0","@Miduk17 Artinya, kalo 02 menang siap2 PSI punya gubernur yg diajukan ""DPRD DKI"" dan ditunjuk presiden ? Asyiiik. Itu kalo presiden  terpilih bisa dikendalikan mantan presiden. Atau punya agenda sendiri.","1732063508442046888",,,,,"1700288981945200640","false","true","Fri Sep 08 23:25:36 +0000 2023","true","false","",,,,,,,,,,,,,,,,,,,,,"0","1236","80","279","false","false","0","","4","Hery Purwanto","80",,"false",,"https://pbs.twimg.com/profile_images/1700866418504519680/stxoO7Rr_normal.jpg","","HPurwanto35026","5774","none",,"false",,"false","","","2","","@Miduk17 Artinya, kalo 02 menang siap2 PSI punya gubernur yg diajukan ""DPRD DKI"" dan ditunjuk presiden ? Asyiiik. Itu kalo presiden  terpilih bisa dikendalikan mantan presiden. Atau punya agenda sendiri.","","0","",,,,,"false"
"0","","Tue Dec 05 23:55:03 +0000 2023",,,,,,,,,,,,,,,,"","false","true","false","","13",,,,,,,,,,,,,,,,,,,,,,,,,,,,,,,,,,,,"1732048162079244520","0","0","Tue Dec 05 23:55:03 +0000 2023",,"13",,,,,,,,,,,,,,,,"JhonSitorus_18","1732048162079244520","1102461866129776640",,,,,,,,,,,,,,,,,,,,,,,,,,,,,,,,,,,,,,,,,,,,,,,,,,,,,,,,,,,,,,,,,,,,,,,,,,,,,,,,,,,,,,,,,,,,,,,,,,,,,,,,,,,,,,,,"1732048162079244520","0",,"0","0","0","@Miduk17 Ternyata kekuasaan membuat manusia tdk lagi adil. Mulai otak-atik konstitusi yg menguntungkan diri &amp; keluarganya. Kekuasaan yg kebablasan disambut parpol2 tak berdaya yg sdg butuh2 nya. Pas gayung bersambut","1732186856056664269",,,,,"948751735392120832","false","true","Thu Jan 04 03:03:35 +0000 2018","true","false","Pensiunan TKI, Berjuang lanjutkan hidup",,,,,,,,,,,,,,,,,,,,,"0","17283","2730","4498","true","false","1","","2903","Rfadlis","2730",,"false",,"https://pbs.twimg.com/profile_images/1328342030473261058/8EMGMrsd_normal.jpg","","Rfadlis1","27991","none",,"false",,"false","","","0","","@Miduk17 Ternyata kekuasaan membuat manusia tdk lagi adil. Mulai otak-atik konstitusi yg menguntungkan diri &amp; keluarganya. Kekuasaan yg kebablasan disambut parpol2 tak berdaya yg sdg butuh2 nya. Pas gayung bersambut","","0","",,,,,"false"
"0","","Tue Dec 05 16:33:50 +0000 2023",,,,,,,,,,,,,,,,"","false","true","false","","12",,,,,,,,,,,,,,,,,,,,,,,,,,,,,,,,,,,,"1732048162079244520","0","0","Tue Dec 05 16:33:50 +0000 2023",,"12",,,,,,,,,,,,,,,,"JhonSitorus_18","1732048162079244520","1102461866129776640",,,,,,,,,,,,,,,,,,,,,,,,,,,,,,,,,,,,,,,,,,,,,,,,,,,,,,,,,,,,,,,,,,,,,,,,,,,,,,,,,,,,,,,,,,,,,,,,,,,,,,,,,,,,,,,,"1732048162079244520","0",,"1","0","0","@Miduk17 Di penghujung masa baktinya semakin semrawut aja ini Negara ,,","1732075820812816579",,,,,"1240703119174111232","true","true","Thu Mar 19 18:14:25 +0000 2020","true","false","Love of my Life",,,,,,,,,,,,,,,,,,,,,"0","34316","124","164","false","false","0","Abu Dhabi, United Arab Emirate","29","PaNadol MeRah🔌♥️🇲🇨","124","1240712625614278657","false","https://pbs.twimg.com/profile_banners/1240703119174111232/1698935923","https://pbs.twimg.com/profile_images/1720085752535728129/YBENdAph_normal.jpg","","ArnoldS81008357","3070","none",,"false",,"false","","","1","","@Miduk17 Di penghujung masa baktinya semakin semrawut aja ini Negara ,,","","0","",,,,,"false"
"0","","Tue Dec 05 23:42:26 +0000 2023",,,,,,,,,,,,,,,,"","false","true","false","","6",,,,,,,,,,,,,,,,,,,,,,,,,,,,,,,,,,,,"1732048162079244520","0","0","Tue Dec 05 23:42:26 +0000 2023",,"6",,,,,,,,,,,,,,,,"JhonSitorus_18","1732048162079244520","1102461866129776640","pic.x.com/7b5PyDYtUN","https://x.com/Mercyboyz/status/1732183682381926806/photo/1","534","photo","https://pbs.twimg.com/media/GAnz4SmbEAAZt1L.png",,,,,,,,,,,,,,"534",,,,,,,,,,,,,,,,,,,,,,,,,,,,,,,,,,,,,,,,,,,,,,,,,,,,,,,,,,,,,,,,,,,,,,,,,,,,,,,,,,,,,,,,,,,,,"1732048162079244520","0",,"1","0","2","@Miduk17 Sekarang terbukti pilihan lu salah dua kali duk. Orang salah dua kali sekarang kasih saran pilihan presidennya apa ngga keblinger ..mana pede banget bilang orang baik pilih orang baik..radikal radikul ngga jalan lagi nih dagangannya?? https://t.co/7b5PyDYtUN","1732183682381926806",,,,,"183840135","false","false","Sat Aug 28 01:07:14 +0000 2010","true","false","Arah baru tanpa ruwet",,,,,,,,,,,,,,,,,,,,,"0","14636","250","622","false","false","1","","850","last Round","250",,"false","https://pbs.twimg.com/profile_banners/183840135/1413388917","https://pbs.twimg.com/profile_images/1412971897797545984/245j9nU4_normal.jpg","","Mercyboyz","21522","none",,"false",,"false","","","1","","@Miduk17 Sekarang terbukti pilihan lu salah dua kali duk. Orang salah dua kali sekarang kasih saran pilihan presidennya apa ngga keblinger ..mana pede banget bilang orang baik pilih orang baik..radikal radikul ngga jalan lagi nih dagangannya?? https://t.co/7b5PyDYtUN","","2","",,,,,"false"
"0","","Tue Dec 05 14:48:27 +0000 2023",,,,,,,,,,,,,,,,"","false","true","false","","5","2363550331","14","25","Agenda & Info DPR RI","DPRRI_INFO",,,,,,,,,,,,,,,,,,,,,,,,,,,,,,,"1732048162079244520","0","0","Tue Dec 05 14:48:27 +0000 2023",,"5",,,,,,,,,,,,,,,,"JhonSitorus_18","1732048162079244520","1102461866129776640","pic.x.com/i2OVKNk34P","https://x.com/rido_trio/status/1732049298903421411/photo/1","2048","photo","https://pbs.twimg.com/media/GAl5qG5aUAAj2tX.jpg",,,,,,,,,,,,,,"922",,,,,,,,,,,,,,,,,,,,,,,,,,,,,,,,,,,,,,,,,,,,,,,,,,,,,,,,,,"2363550331","14","25","Agenda & Info DPR RI","DPRRI_INFO",,,,,,,,,,,,,,,,,,,,,,,,,,,,,,,"1732048162079244520","0",,"3","0","1","@Miduk17 Dear @DPRRI_INFO 
GAK ADA HAL YANG LEBIH BERFAEDAH UNTUK DI BAHAS?? 

Ini semua sibuk demi kepentingan dan kenyamanan partai partainya. https://t.co/i2OVKNk34P","1732049298903421411",,,,,"1299772022","false","false","Mon Mar 25 14:45:11 +0000 2013","true","false","PENGANGGURAN MULTI TALENAN. 

A. KA. WIRASWASTA",,,,,,,,,,,,,,,,,,,,,"0","39530","325","701","true","false","1","bebas ,yang penting happy","1357","Rido Hutasoit","325",,"false","https://pbs.twimg.com/profile_banners/1299772022/1514563207","https://pbs.twimg.com/profile_images/1830650308067811329/LaObhDO6_normal.jpg","","rido_trio","18528","none",,"false",,"false","","","3","","@Miduk17 Dear @DPRRI_INFO 
GAK ADA HAL YANG LEBIH BERFAEDAH UNTUK DI BAHAS?? 

Ini semua sibuk demi kepentingan dan kenyamanan partai partainya. https://t.co/i2OVKNk34P","","1","",,,,,"false"
"0","","Tue Dec 05 23:45:32 +0000 2023",,,,,,,,,,,,,,,,"","false","true","false","","5",,,,,,,,,,,,,,,,,,,,,,,,,,,,,,,,,,,,"1732048162079244520","0","0","Tue Dec 05 23:45:32 +0000 2023",,"5",,,,,,,,,,,,,,,,"JhonSitorus_18","1732048162079244520","1102461866129776640",,,,,,,,,,,,,,,,,,,,,,,,,,,,,,,,,,,,,,,,,,,,,,,,,,,,,,,,,,,,,,,,,,,,,,,,,,,,,,,,,,,,,,,,,,,,,,,,,,,,,,,,,,,,,,,,"1732048162079244520","0",,"2","0","0","@Miduk17 Terlalu jauh buruk sangkanya.","1732184458537935020",,,,,"867654511028031488","false","true","Thu May 25 08:12:10 +0000 2017","true","false","Pancasila dan NKRI harga mati.
Hidup mati ku untuk tanah air tercinta.
My loyalty to my party end, when my loyalty to my country begin.",,,,,,,,,,,,,,,,,,,,,"0","38844","15255","14949","true","false","9","","6506","Toto Kartarahardja","15255","1203852384918573057","false","https://pbs.twimg.com/profile_banners/867654511028031488/1612483695","https://pbs.twimg.com/profile_images/1365282008138620936/qoEHvDax_normal.jpg","","kartarahardja","26032","none",,"false",,"false","","","2","","@Miduk17 Terlalu jauh buruk sangkanya.","","0","",,,,,"false"
"0","","Tue Dec 05 15:27:48 +0000 2023",,,,,,,,,,,,,,,,"","false","true","false","","4",,,,,,,,,,,,,,,,,,,,,,,,,,,,,,,,,,,,"1732048162079244520","0","0","Tue Dec 05 15:27:48 +0000 2023",,"4",,,,,,,,,,,,,,,,"JhonSitorus_18","1732048162079244520","1102461866129776640",,,,,,,,,,,,,,,,,,,,,,,,,,,,,,,,,,,,,,,,,,,,,,,,,,,,,,,,,,,,,,,,,,,,,,,,,,,,,,,,,,,,,,,,,,,,,,,,,,,,,,,,,,,,,,,,"1732048162079244520","0",,"0","0","0","@Miduk17 Jokowi perusak demokrasi..","1732059203462959520",,,,,"972775722925277184","true","false","Sun Mar 11 10:06:20 +0000 2018","true","false","CAKRAWALA NUSANTARA DEMOKRASI TIDAK BOLEH MATI",,,,,,,,,,,,,,,,,,,,,"0","132358","1501","1749","false","false","1","Sumatera Utara, Indonesia","5","I cuk roy karo-karo","1501","1418178410421964800","false","https://pbs.twimg.com/profile_banners/972775722925277184/1636264325","https://pbs.twimg.com/profile_images/1771361016712196096/xm2-k5w9_normal.jpg","","Roykarokaro2","9445","none",,"false",,"false","","","0","","@Miduk17 Jokowi perusak demokrasi..","","0","",,,,,"false"
"0","","Tue Dec 05 17:11:57 +0000 2023",,,,,,,,,,,,,,,,"","false","true","false","","3",,,,,,,,,,,,,,,,,,,,,,,,,,,,,,,,,,,,"1732048162079244520","0","0","Tue Dec 05 17:11:57 +0000 2023",,"3",,,,,,,,,,,,,,,,"JhonSitorus_18","1732048162079244520","1102461866129776640",,,,,,,,,,,,,,,,,,,,,,,,,,,,,,,,,,,,,,,,,,,,,,,,,,,,,,,,,,,,,,,,,,,,,,,,,,,,,,,,,,,,,,,,,,,,,,,,,,,,,,,,,,,,,,,,"1732048162079244520","0",,"1","0","0","@Miduk17 semoga Tuhan dan alam semesta segera menegurmu🙏","1732085414025101453",,,,,"1117410552664346625","false","true","Sun Apr 14 12:53:31 +0000 2019","true","false","sen kiri belok kanan,pagi tahu sore tempe",,,,,,,,,,,,,,,,,,,,,"0","20236","104","192","true","false","0","Jakarta Capital Region","1141","mynamejoe","104",,"false","https://pbs.twimg.com/profile_banners/1117410552664346625/1614501952","https://pbs.twimg.com/profile_images/1703228857292353536/vYJG4DfB_normal.jpg","","sembiringjoe1","9057","none",,"false",,"false","","","1","","@Miduk17 semoga Tuhan dan alam semesta segera menegurmu🙏","","0","",,,,,"false"
"0","","Tue Dec 05 17:11:05 +0000 2023",,,,,,,,,,,,,,,,"","false","true","false","","3","22365191","262","274","DPP PKS","PKSejahtera",,,,,,,,,,,,,,,,,,,,,,,,,,,,,,,"1732048162079244520","0","0","Tue Dec 05 17:11:05 +0000 2023",,"3",,,,,,,,,,,,,,,,"JhonSitorus_18","1732048162079244520","1102461866129776640",,,,,,,,,,,,,,,,,,,,,,,,,,,,,,,,,,,,,,,,,,,,,,,,,,,,,,,,,,,,,,,,,,,,,,,,,,,,,"22365191","262","274","DPP PKS","PKSejahtera",,,,,,,,,,,,,,,,,,,,,,,,,,,,,,,"1732048162079244520","0",,"2","0","0","@Miduk17 Trus, kok sebego ini DPR ini?
Kenapa dimasukin sebagai prolegnas?, trus kenapa DPR ngedraft UU beginian?
Trus hubungannya sama jokowi, dmn?

Coba kau terangkan @Miduk17 , kulihat kau orang cerdas. Jelaskan dl sama km rakyat awam ini.

Karna hanya faksi @PKSejahtera  yg nolak.","1732085191953481913",,,,,"1124329628","false","true","Sun Jan 27 07:55:00 +0000 2013","false","false","MEMILIH UNTUK TIDAK MEMILIH
&
DILARANG MELARANG",,,,,,,,,,,,,,,,,,,,,"0","968","818","366","false","false","2","INDONESIA","1016","Swing Voters Nusantara (🍉)","818","1731337891614494742","false","https://pbs.twimg.com/profile_banners/1124329628/1700851410","https://pbs.twimg.com/profile_images/1951702265804562432/6DxmsLY2_normal.jpg","","swingvoters15","19995","none",,"false",,"false","","","2","","@Miduk17 Trus, kok sebego ini DPR ini?
Kenapa dimasukin sebagai prolegnas?, trus kenapa DPR ngedraft UU beginian?
Trus hubungannya sama jokowi, dmn?

Coba kau terangkan @Miduk17 , kulihat kau orang cerdas. Jelaskan dl sama km rakyat awam ini.

Karna hanya faksi @PKSejahtera  yg nolak.","","0","",,,,,"false"
"0","","Wed Dec 06 03:53:15 +0000 2023",,,,,,,,,,,,,,,,"","false","true","false","","3",,,,,,,,,,,,,,,,,,,,,,,,,,,,,,,,,,,,"1732048162079244520","0","0","Wed Dec 06 03:53:15 +0000 2023",,"3",,,,,,,,,,,,,,,,"JhonSitorus_18","1732048162079244520","1102461866129776640",,,,,,,,,,,,,,,,,,,,,,,,,,,,,,,,,,,,,,,,,,,,,,,,,,,,,,,,,,,,,,,,,,,,,,,,,,,,,,,,,,,,,,,,,,,,,,,,,,,,,,,,,,,,,,,,"1732048162079244520","0",,"0","0","0","@Miduk17 Kalau ini disah mahasiswa dan rakyat harus turun ke jalan dan lakukan sepeti 1998 lagi !","1732246799216488530",,,,,"1652742867411161088","false","true","Sun Apr 30 18:33:15 +0000 2023","true","false","NKRI Maju#AkunReal no Debat# toleransi itu keniscayaan. no Radikal",,,,,,,,,,,,,,,,,,,,,"0","1607","116","149","false","false","0","","442","andeslauw","116",,"false","https://pbs.twimg.com/profile_banners/1652742867411161088/1702224716","https://pbs.twimg.com/profile_images/1696358417735323648/mYOgWn7C_normal.jpg","","andes_lauw81","6297","none",,"false",,"false","","","0","","@Miduk17 Kalau ini disah mahasiswa dan rakyat harus turun ke jalan dan lakukan sepeti 1998 lagi !","","0","",,,,,"false"
"0","","Tue Dec 05 22:24:03 +0000 2023",,,,,,,,,,,,,,,,"","false","true","false","","3",,,,,,,,,,,,,,,,,,,,,,,,,,,,,,,,,,,,"1732048162079244520","0","0","Tue Dec 05 22:24:03 +0000 2023",,"3",,,,,,,,,,,,,,,,"JhonSitorus_18","1732048162079244520","1102461866129776640",,,,,,,,,,,,,,,,,,,,,,,,,,,,,,,,,,,,,,,,,,,,,,,,,,,,,,,,,,,,,,,,,,,,,,,,,,,,,,,,,,,,,,,,,,,,,,,,,,,,,,,,,,,,,,,,"1732048162079244520","0",,"0","0","0","@Miduk17 jangan terus membuat rakyat Indonesia muak dengan segala cara kotor mu pak...","1732163954569556021",,,,,"84529455","true","true","Fri Oct 23 07:20:35 +0000 2009","false","false","Father from beautiful daughter|jerseylover|#RA10|Reds Army#2|if cut my vein you'll find the Red blood|475",,,,,,,,,,,,,,,,,,,,,"0","7905","418","492","true","false","2","Depok-Jakarta-depok","1164","D.Christian","418",,"false","https://pbs.twimg.com/profile_banners/84529455/1373933445","https://pbs.twimg.com/profile_images/1826394948985651201/IjQvLqlF_normal.jpg","","bnyo","27098","none",,"false",,"false","","","0","","@Miduk17 jangan terus membuat rakyat Indonesia muak dengan segala cara kotor mu pak...","","0","",,,,,"false"
"0","","Tue Dec 05 15:12:02 +0000 2023",,,,,,,,,,,,,,,,"","false","true","false","","0",,,,,,,,,,,,,,,,,,,,,,,,,,,,,,,,,,,,"1732048162079244520","0","0","Tue Dec 05 15:12:02 +0000 2023",,"0",,,,,,,,,,,,,,,,"JhonSitorus_18","1732048162079244520","1102461866129776640","pic.x.com/myN6xj5JoR","https://x.com/the_ancha/status/1732055233319285212/photo/1","2400","photo","https://pbs.twimg.com/media/GAl-rrmbcAAs3Ex.jpg",,,,,,,,,,,,,,"1080",,,,,,,,,,,,,,,,,,,,,,,,,,,,,,,,,,,,,,,,,,,,,,,,,,,,,,,,,,,,,,,,,,,,,,,,,,,,,,,,,,,,,,,,,,,,,"1732048162079244520","0",,"1","0","1","@Miduk17 Berp kursi sih pdip di dpr...? https://t.co/myN6xj5JoR","1732055233319285212",,,,,"980092775470325760","true","true","Sat Mar 31 14:41:41 +0000 2018","true","false","🧑🏽‍🔧",,,,,,,,,,,,,,,,,,,,,"0","1294","50","216","false","false","0","","125","THE R ANCHA","50",,"false",,"https://pbs.twimg.com/profile_images/1731358570036518912/zr6gKWWR_normal.jpg","","the_ancha","2093","none",,"false",,"false","","","1","","@Miduk17 Berp kursi sih pdip di dpr...? https://t.co/myN6xj5JoR","","1","",,,,,"false"
"0","","Tue Dec 05 17:15:32 +0000 2023",,,,,,,,,,,,,,,,"","false","true","false","","2",,,,,,,,,,,,,,,,,,,,,,,,,,,,,,,,,,,,"1732048162079244520","0","0","Tue Dec 05 17:15:32 +0000 2023",,"2",,,,,,,,,,,,,,,,"JhonSitorus_18","1732048162079244520","1102461866129776640",,,,,,,,,,,,,,,,,,,,,,,,,,,,,,,,,,,,,,,,,,,,,,,,,,,,,,,,,,,,,,,,,,,,,,,,,,,,,,,,,,,,,,,,,,,,,,,,,,,,,,,,,,,,,,,,"1732048162079244520","0",,"1","0","0","@Miduk17 Rasanya baeu kemarin kau Puja² duk, mencret² kau...🤣🤣🤣🤭🤭","1732086315473305863",,,,,"1168755491524079616","true","true","Tue Sep 03 05:20:09 +0000 2019","true","false","Bergengsi & Berprestasi, Jogja Menyapa, Jogja istimewa!",,,,,,,,,,,,,,,,"yogyanews.com","http://yogyanews.com","0","23","https://t.co/G4L56psQr5","0","17754","7015","2320","true","false","3","Yogyakarta, Indonesia","2403","~Jogja Menyapa~","7015","1757895602820751425","false","https://pbs.twimg.com/profile_banners/1168755491524079616/1693979672","https://pbs.twimg.com/profile_images/1719833920970330113/IPqGyvhU_normal.jpg","","jogja_menyapa","29379","none","https://t.co/G4L56psQr5","false",,"false","","","1","","@Miduk17 Rasanya baeu kemarin kau Puja² duk, mencret² kau...🤣🤣🤣🤭🤭","","0","",,,,,"false"
"0","","Tue Dec 05 17:48:45 +0000 2023",,,,,,,,,,,,,,,,"","false","true","false","","2",,,,,,,,,,,,,,,,,,,,,,,,,,,,,,,,,,,,"1732048162079244520","0","0","Tue Dec 05 17:48:45 +0000 2023",,"2",,,,,,,,,,,,,,,,"JhonSitorus_18","1732048162079244520","1102461866129776640",,,,,,,,,,,,,,,,,,,,,,,,,,,,,,,,,,,,,,,,,,,,,,,,,,,,,,,,,,,,,,,,,,,,,,,,,,,,,,,,,,,,,,,,,,,,,,,,,,,,,,,,,,,,,,,,"1732048162079244520","0",,"5","0","0","@Miduk17 Jokowi pas sama PDIP jauh lebih baik, pas udah keluar malah jadi edan 😭😭","1732094675245465638",,,,,"1639299095629266944","true","false","Fri Mar 24 16:12:25 +0000 2023","true","false","life",,,,,,,,,,,,,,,,,,,,,"0","289","31","410","false","false","0","","94","sky","31","1930938997896847392","false","https://pbs.twimg.com/profile_banners/1639299095629266944/1701688072","https://pbs.twimg.com/profile_images/1788192937014411264/vPRVtibS_normal.jpg","","Enthusiasticsy","3265","none",,"false",,"false","","","5","","@Miduk17 Jokowi pas sama PDIP jauh lebih baik, pas udah keluar malah jadi edan 😭😭","","0","",,,,,"false"
"0","","Wed Dec 06 02:42:46 +0000 2023",,,,,,,,,,,,,,,,"","false","true","false","","2",,,,,,,,,,,,,,,,,,,,,,,,,,,,,,,,,,,,"1732048162079244520","0","0","Wed Dec 06 02:42:46 +0000 2023",,"2",,,,,,,,,,,,,,,,"JhonSitorus_18","1732048162079244520","1102461866129776640",,,,,,,,,,,,,,,,,,,,,,,,,,,,,,,,,,,,,,,,,,,,,,,,,,,,,,,,,,,,,,,,,,,,,,,,,,,,,,,,,,,,,,,,,,,,,,,,,,,,,,,,,,,,,,,,"1732048162079244520","0",,"0","0","0","@Miduk17 Semua tau biar putra mahkota atau semua kroninya busa jd gub dki ,sangat membagongkan😁😁😁","1732229061374853151",,,,,"1603184808540049408","true","true","Thu Dec 15 00:28:11 +0000 2022","true","false","",,,,,,,,,,,,,,,,,,,,,"0","36828","1221","1317","false","false","1","Cirebon, Jawa Barat","328","ujangsugiat","1221",,"false","https://pbs.twimg.com/profile_banners/1603184808540049408/1731961135","https://pbs.twimg.com/profile_images/1799392586064592896/ECxMpkyo_normal.jpg","","oezankzoegiat","10697","none",,"false",,"false","","","0","","@Miduk17 Semua tau biar putra mahkota atau semua kroninya busa jd gub dki ,sangat membagongkan😁😁😁","","0","",,,,,"false"
"0","","Wed Dec 06 01:06:07 +0000 2023",,,,,,,,,,,,,,,,"","false","true","false","","2",,,,,,,,,,,,,,,,,,,,,,,,,,,,,,,,,,,,"1732048162079244520","0","0","Wed Dec 06 01:06:07 +0000 2023",,"2",,,,,,,,,,,,,,,,"JhonSitorus_18","1732048162079244520","1102461866129776640",,,,,,,,,,,,,,,,,,,,,,,,,,,,,,,,,,,,,,,,,,,,,,,,,,,,,,,,,,,,,,,,,,,,,,,,,,,,,,,,,,,,,,,,,,,,,,,,,,,,,,,,,,,,,,,,"1732048162079244520","0",,"0","0","0","@Miduk17 Ketika itu jokowi msh kader partai,  saiki biar kader Dinasti Orde Baru😃","1732204738685370671",,,,,"2449850334","false","false","Thu Apr 17 14:33:10 +0000 2014","false","false","Free Palestina 🌷",,,,,,,,,,,,,,,,"tamanhaikumiryanti.blogspot.nl","http://tamanhaikumiryanti.blogspot.nl/","0","23","https://t.co/k5HGpEePIx","0","70159","2152","1116","true","false","4","Amsterdam, Nederland","3111","MiRa🌷","2152","1888264012476953002","false","https://pbs.twimg.com/profile_banners/2449850334/1709494455","https://pbs.twimg.com/profile_images/1931844310913212416/bBwG53d9_normal.jpg","","rmiryanti","68895","none","https://t.co/k5HGpEePIx","false",,"false","","","0","","@Miduk17 Ketika itu jokowi msh kader partai,  saiki biar kader Dinasti Orde Baru😃","","0","",,,,,"false"
"0","","Wed Dec 06 07:59:32 +0000 2023",,,,,,,,,,,,,,,,"","false","true","false","","2",,,,,,,,,,,,,,,,,,,,,,,,,,,,,,,,,,,,"1732048162079244520","0","0","Wed Dec 06 07:59:32 +0000 2023",,"2",,,,,,,,,,,,,,,,"JhonSitorus_18","1732048162079244520","1102461866129776640",,,,,,,,,,,,,,,,,,,,,,,,,,,,,,,,,,,,,,,,,,,,,,,,,,,,,,,,,,,,,,,,,,,,,,,,,,,,,,,,,,,,,,,,,,,,,,,,,,,,,,,,,,,,,,,,"1732048162079244520","0",,"0","0","0","@Miduk17 Dan cuma PKS doang yg menentang di rapat dewan","1732308778773782691",,,,,"1129176352668577792","true","false","Fri May 17 00:06:36 +0000 2019","true","false","mantan gento Gejayan...",,,,,,,,,,,,,,,,,,,,,"0","6397","1267","1576","true","false","1"," ","606","MENAK DOOOBOL","1267",,"false","https://pbs.twimg.com/profile_banners/1129176352668577792/1572666748","https://pbs.twimg.com/profile_images/1228066270953627649/8wDwN_q-_normal.jpg","","menakdobol","17934","none",,"false",,"false","","","0","","@Miduk17 Dan cuma PKS doang yg menentang di rapat dewan","","0","",,,,,"false"
"0","","Wed Dec 06 00:04:18 +0000 2023",,,,,,,,,,,,,,,,"","false","true","false","","2","1362973097272377345","9","22","Timorsabu","BlackcoTanya",,,,,,,,,,,,,,,,,,,,,,,,,,,,,,,"1732048162079244520","0","0","Wed Dec 06 00:04:18 +0000 2023",,"2",,,,,,,,,,,,,,,,"JhonSitorus_18","1732048162079244520","1102461866129776640",,,,,,,,,,,,,,,,,,,,,,,,,,,,,,,,,,,,,,,,,,,,,,,,,,,,,,,,,,,,,,,,,,,,,,,,,,,,,"1362973097272377345","9","22","Timorsabu","BlackcoTanya",,,,,,,,,,,,,,,,,,,,,,,,,,,,,,,"1732048162079244520","0",,"1","0","0","@Miduk17 @BlackcoTanya Aku lebih suka Gubenur dipilih sama presiden. Lihat kebanyakan kinerja gubenur hasil pilkada langsung sangatlah buruk. Propinsi di Indonesia itu bukan negara bagian.","1732189184654537009",,,,,"829742209377275905","false","false","Thu Feb 09 17:22:13 +0000 2017","true","true","Hanya warga negara Indonesia, bukan buzzer, bukan cyber army.",,,,,,,,,,,,,,,,,,,,,"0","23654","99","108","false","false","1","","34","Nameless","99","1628446385107537926","false","https://pbs.twimg.com/profile_banners/829742209377275905/1638597743","https://abs.twimg.com/sticky/default_profile_images/default_profile_normal.png","","widj_wuming","8477","none",,"false",,"false","","","1","","@Miduk17 @BlackcoTanya Aku lebih suka Gubenur dipilih sama presiden. Lihat kebanyakan kinerja gubenur hasil pilkada langsung sangatlah buruk. Propinsi di Indonesia itu bukan negara bagian.","","0","",,,,,"false"
"0","","Tue Dec 05 11:37:07 +0000 2023",,,,,,,,,,,,,,,,"","false","true","false","","0","69183155","0","9","detikcom","detikcom",,,,,,,,,,,,,,,,,,,,,,,,,,,,,,,"1731996840147738876","0","0","Tue Dec 05 11:37:07 +0000 2023",,"0",,,,,,,,,,,,,,,,"detikcom","1731996840147738876","69183155",,,,,,,,,,,,,,,,,,,,,,,,,,,,,,,,,,,,,,,,,,,,,,,,,,,,,,,,,,,,,,,,,,,,,,,,,,,,,"69183155","0","9","detikcom","detikcom",,,,,,,,,,,,,,,,,,,,,,,,,,,,,,,"1731996840147738876","0",,"1","0","0","@detikcom Ini pendapat orang awam,Gubernur ditunjuk Presiden tdk ada biaya sehingga Gubernur menjalankan tugasnya bisa tenang krn tdk ada alasan unt korupsi,tdk ada setoran ke partainya,tdk ada bagi2 proyek kpd kawannya dlm 1 partai,rakyat sangat amat se7 sekali","1732001149098598877",,,,,"1395713255637585923","true","true","Fri May 21 12:09:30 +0000 2021","true","false","wong urip mung mampir ngombe",,,,,,,,,,,,,,,,,,,,,"0","159","524","239","true","false","0","","208","terus semangat,semangat terus","524",,"false","https://pbs.twimg.com/profile_banners/1395713255637585923/1688429170","https://pbs.twimg.com/profile_images/1938547211144724480/9JQpFEW3_normal.jpg","","Budionotaslim3","51931","none",,"false",,"false","","","1","","@detikcom Ini pendapat orang awam,Gubernur ditunjuk Presiden tdk ada biaya sehingga Gubernur menjalankan tugasnya bisa tenang krn tdk ada alasan unt korupsi,tdk ada setoran ke partainya,tdk ada bagi2 proyek kpd kawannya dlm 1 partai,rakyat sangat amat se7 sekali","","0","",,,,,"false"
"0","","Wed Nov 22 13:35:02 +0000 2023",,,,,,,,,,,,,,,,"","false","true","false","","0","2156465923","0","13","Dumdum","yusuf_dumdum",,,,,,,,,,,,,,,,,,,,,,,,,,,,,,,"1727368660262748350","0","0","Wed Nov 22 13:35:02 +0000 2023",,"0",,,,,,,,,,,,,,,,"yusuf_dumdum","1727265351015260521","2156465923",,,,,,,,,,,,,,,,,,,,,,,,,,,,,,,,,,,,,,,,,,,,,,,,,,,,,,,,,,,,,,,,,,,,,,,,,,,,,"2156465923","0","13","Dumdum","yusuf_dumdum",,,,,,,,,,,,,,,,,,,,,,,,,,,,,,,"1727368660262748350","0",,"1","0","0","@yusuf_dumdum Klo di DIY itu lurahnya juksung apa pemilihan langsung.","1727319779718115804",,,,,"1628218715975335936","false","true","Wed Feb 22 02:23:05 +0000 2023","true","false","https://t.co/qPUMCrUUTd 

https://t.co/qm58SGvILJ","youtube.com/@vetDam","https://www.youtube.com/@vetDam","0","23","https://t.co/qPUMCrUUTd","sociabuzz.com/vetdamvlog/sup…","https://sociabuzz.com/vetdamvlog/support","26","49","https://t.co/qm58SGvILJ",,,,,,,,,,,"0","15244","96","185","false","false","1","","325","maryono","96",,"false","https://pbs.twimg.com/profile_banners/1628218715975335936/1727227206","https://pbs.twimg.com/profile_images/1628219692237344768/VzmqyQqn_normal.jpg","","vetdam1616","25314","none",,"false",,"false","","","1","","@yusuf_dumdum Klo di DIY itu lurahnya juksung apa pemilihan langsung.","","0","",,,,,"false"
"0","","Wed Nov 22 16:49:16 +0000 2023",,,,,,,,,,,,,,,,"","false","true","false","","0","1628218715975335936","0","11","maryono","vetdam1616","2156465923","12","25","Dumdum","yusuf_dumdum",,,,,,,,,,,,,,,,,,,,,,,,,,"1727368660262748350","0","0","Wed Nov 22 16:49:16 +0000 2023",,"0",,,,,,,,,,,,,,,,"vetdam1616","1727319779718115804","1628218715975335936",,,,,,,,,,,,,,,,,,,,,,,,,,,,,,,,,,,,,,,,,,,,,,,,,,,,,,,,,,,,,,,,,,,,,,,,,,,,,"1628218715975335936","0","11","maryono","vetdam1616","2156465923","12","25","Dumdum","yusuf_dumdum",,,,,,,,,,,,,,,,,,,,,,,,,,"1727368660262748350","0",,"0","0","0","@vetdam1616 @yusuf_dumdum Lurah itu jabatan setingkat kades tp di perkotaan. Lurah ditunjuk oleh bupati/ walikota. Klo kades, bupati/ walikota lewat pemilihan.
Hny raja keraton yg otomatis jd gubernur, dilakukan penetapan tiap 5 tahun oleh DPRD dan dilantik presiden.","1727368660262748350",,,,,"1603958716768071681","false","true","Sat Dec 17 03:42:30 +0000 2022","true","false","📌 pelanggaran konstitusi = beban moral, kecuali tidak punya moral.",,,,,,,,,,,,,,,,,,,,,"0","25972","140","660","false","false","0","Tidak Ditemukan ","429","58% hasil manipulasi","140",,"false",,"https://pbs.twimg.com/profile_images/1754868685368623104/odJpM7TT_normal.jpg","","Ijaunsi","12663","none",,"false",,"false","","","0","","@vetdam1616 @yusuf_dumdum Lurah itu jabatan setingkat kades tp di perkotaan. Lurah ditunjuk oleh bupati/ walikota. Klo kades, bupati/ walikota lewat pemilihan.
Hny raja keraton yg otomatis jd gubernur, dilakukan penetapan tiap 5 tahun oleh DPRD dan dilantik presiden.","","0","",,,,,"false"
"0","","Sun Nov 12 22:37:33 +0000 2023",,,,,,,,,,,,,,,,"","false","true","false","","0","185156524","0","10","Hasyim Muhammad","hasyimmah",,,,,,,,,,,,,,,,,,,,,,,,,,,,,,,"1723832429373206979","0","0","Sun Nov 12 22:37:33 +0000 2023",,"0",,,,,,,,,,,,,,,,"hasyimmah","1723664472798359915","185156524",,,,,,,,,,,,,,,,,,,,,,,,,,,,,,,,,,,,,,,,,,,,,,,,,,,,,,,,,,,,,,,,,,,,,,,,,,,,,"185156524","0","10","Hasyim Muhammad","hasyimmah",,,,,,,,,,,,,,,,,,,,,,,,,,,,,,,"1723832429373206979","0",,"0","0","0","@hasyimmah Pemilihan sekarang aja udah bikin ruwet, mendingan kek jaman orba partai cuma 3, Presiden dipilih langsung, jabatan presiden cukup 2 periode, gubernur dn walikota dipilih oleh Presiden setelah mendapat rekomendasi 3 calon dari DPRD, yang korupsi dihukum mati itu paling penting","1723832429373206979",,,,,"1604517307778154496","false","false","Sun Dec 18 16:41:59 +0000 2022","true","false","Keadilan Sosial",,,,,,,,,,,,,,,,,,,,,"0","1902","37","178","false","false","0","","37","Jack November","37",,"false",,"https://pbs.twimg.com/profile_images/1728066576073814016/CzKBT5Z0_normal.jpg","","jacknovember24","2551","none",,"false",,"false","","","0","","@hasyimmah Pemilihan sekarang aja udah bikin ruwet, mendingan kek jaman orba partai cuma 3, Presiden dipilih langsung, jabatan presiden cukup 2 periode, gubernur dn walikota dipilih oleh Presiden setelah mendapat rekomendasi 3 calon dari DPRD, yang korupsi dihukum mati itu paling penting","","0","",,,,,"false"
"0","","Thu Jan 08 03:52:31 +0000 2026",,,,,,,,,,,,,,,,"","false","true","false","","0","1901591046","0","15","Dosen Kesayanganmu","direktoridosen","397673651","16","25","Partai Gerindra","Gerindra","748953283","26","34","DPP PKB","DPP_PKB","721898354502930433","35","47","#GolkarSolid","golkarpedia","248199104","48","58","Partai Demokrat","PDemokrat","166014938","59","70","Pemprov DKI Jakarta","DKIJakarta",,,,,,"2009110944916594952","0","0","Thu Jan 08 03:52:31 +0000 2026",,"0",,,,,,,,,,,,,,,,"direktoridosen","2008855717101625811","1901591046",,,,,,,,,,,,,,,,,,,,,,,,,,,,,,,,,,,,,,,,,,,,,,,,,,,,,,,,,,,,,,,,,,,,,,,,,,,,,"1901591046","0","15","Dosen Kesayanganmu","direktoridosen","397673651","16","25","Partai Gerindra","Gerindra","748953283","26","34","DPP PKB","DPP_PKB","721898354502930433","35","47","#GolkarSolid","golkarpedia","248199104","48","58","Partai Demokrat","PDemokrat","166014938","59","70","Pemprov DKI Jakarta","DKIJakarta",,,,,,"2009110944916594952","0",,"0","0","0","@direktoridosen @Gerindra @DPP_PKB @golkarpedia @PDemokrat @DKIJakarta Biar irit dan kualitas pilpres jadi lebih baik :
1. Capres membuat daftar cagub
2. Cagub akan jadi gubernur jika capresnya terpilih. 
Keuntungan : 
1. tidak ada capres dadakan
2. Biaya sangat irit.","2009110944916594952",,,,,"1187162373842325504","true","true","Thu Oct 24 00:22:37 +0000 2019","true","false","bukan seseorang",,,,,,,,,,,,,,,,,,,,,"0","6571","247","803","true","false","0","","116","Koezuma__","247",,"false","https://pbs.twimg.com/profile_banners/1187162373842325504/1701079393","https://pbs.twimg.com/profile_images/1951414483752230912/3pPwteIW_normal.jpg","","Koezuma2","11520","none",,"false",,"false","","","0","","@direktoridosen @Gerindra @DPP_PKB @golkarpedia @PDemokrat @DKIJakarta Biar irit dan kualitas pilpres jadi lebih baik :
1. Capres membuat daftar cagub
2. Cagub akan jadi gubernur jika capresnya terpilih. 
Keuntungan : 
1. tidak ada capres dadakan
2. Biaya sangat irit.","","0","",,,,,"false"
"0","","Thu Jan 08 03:24:19 +0000 2026",,,,,,,,,,,,,,,,"","false","true","false","","0","1901591046","0","15","Dosen Kesayanganmu","direktoridosen","397673651","16","25","Partai Gerindra","Gerindra","748953283","26","34","DPP PKB","DPP_PKB","721898354502930433","35","47","#GolkarSolid","golkarpedia","248199104","48","58","Partai Demokrat","PDemokrat","166014938","59","70","Pemprov DKI Jakarta","DKIJakarta",,,,,,"2009103850037498349","0","0","Thu Jan 08 03:24:19 +0000 2026",,"0",,,,,,,,,,,,,,,,"direktoridosen","2008855717101625811","1901591046",,,,,,,,,,,,,,,,,,,,,,,,,,,,,,,,,,,,,,,,,,,,,,,,,,,,,,,,,,,,,,,,,,,,,,,,,,,,,"1901591046","0","15","Dosen Kesayanganmu","direktoridosen","397673651","16","25","Partai Gerindra","Gerindra","748953283","26","34","DPP PKB","DPP_PKB","721898354502930433","35","47","#GolkarSolid","golkarpedia","248199104","48","58","Partai Demokrat","PDemokrat","166014938","59","70","Pemprov DKI Jakarta","DKIJakarta",,,,,,"2009103850037498349","0",,"0","0","0","@direktoridosen @Gerindra @DPP_PKB @golkarpedia @PDemokrat @DKIJakarta Kalau menurut saya, gubernur lebih cocok pilkada tak langsung biar garis komando sbg perpanjangan tangan presiden jelas. Dlm UU, otonomi kan pemerintah tingkat 2 (kab/kota)","2009103850037498349",,,,,"62825608","false","true","Tue Aug 04 14:03:00 +0000 2009","false","false","Berbicara, jagalah lidah. 
Ngetwit, jagalah burung | black coffee-sea-poem lovers | 🇮🇩
💯% FB",,,,,,,,,,,,,,,,,,,,,"0","44770","7512","6964","false","false","24","Singapore","43999","KOYAN","7512",,"false","https://pbs.twimg.com/profile_banners/62825608/1761727518","https://pbs.twimg.com/profile_images/1949440047218126848/LLbVoYGw_normal.jpg","","KoyanBtm","459766","none",,"false",,"false","","","0","","@direktoridosen @Gerindra @DPP_PKB @golkarpedia @PDemokrat @DKIJakarta Kalau menurut saya, gubernur lebih cocok pilkada tak langsung biar garis komando sbg perpanjangan tangan presiden jelas. Dlm UU, otonomi kan pemerintah tingkat 2 (kab/kota)","","0","",,,,,"false"
"0","","Wed Jan 07 23:49:20 +0000 2026",,,,,,,,,,,,,,,,"","false","true","false","","1","1901591046","0","15","Dosen Kesayanganmu","direktoridosen","397673651","16","25","Partai Gerindra","Gerindra","748953283","26","34","DPP PKB","DPP_PKB","721898354502930433","35","47","#GolkarSolid","golkarpedia","248199104","48","58","Partai Demokrat","PDemokrat","166014938","59","70","Pemprov DKI Jakarta","DKIJakarta",,,,,,"2009049746695156127","0","0","Wed Jan 07 23:49:20 +0000 2026",,"1",,,,,,,,,,,,,,,,"direktoridosen","2008855717101625811","1901591046",,,,,,,,,,,,,,,,,,,,,,,,,,,,,,,,,,,,,,,,,,,,,,,,,,,,,,,,,,,,,,,,,,,,,,,,,,,,,"1901591046","0","15","Dosen Kesayanganmu","direktoridosen","397673651","16","25","Partai Gerindra","Gerindra","748953283","26","34","DPP PKB","DPP_PKB","721898354502930433","35","47","#GolkarSolid","golkarpedia","248199104","48","58","Partai Demokrat","PDemokrat","166014938","59","70","Pemprov DKI Jakarta","DKIJakarta",,,,,,"2009049746695156127","0",,"0","0","0","@direktoridosen @Gerindra @DPP_PKB @golkarpedia @PDemokrat @DKIJakarta Naah ide bagus, cukup pilih langsung Gubernur, nanti kepala2 daerah (Walkot/Bupati) di wilayahnya diangkat oleh Gubernur terpilih aja supaya program2 Pemprov berjalan sampe ke pelosok krn Bupati/Walkot nggada agenda sndiri2 sesuai janji kampanye.","2009049746695156127",,,,,"217376888","false","false","Fri Nov 19 10:51:52 +0000 2010","true","false","We commence to make you (jump, jump)
The Mac Dad'll make you (jump, jump)
Daddy Mac'll make you (jump, jump)
Kris Kross'll make you (jump, jump)",,,,,,,,,,,,,,,,,,,,,"0","29348","274","35","true","false","1","Depok, Jawa Barat","2516","KrsKrs","274",,"false",,"https://pbs.twimg.com/profile_images/1673895596816740352/rk2ROirG_normal.jpg","","p4piKRiS","35476","none",,"false",,"false","","","0","","@direktoridosen @Gerindra @DPP_PKB @golkarpedia @PDemokrat @DKIJakarta Naah ide bagus, cukup pilih langsung Gubernur, nanti kepala2 daerah (Walkot/Bupati) di wilayahnya diangkat oleh Gubernur terpilih aja supaya program2 Pemprov berjalan sampe ke pelosok krn Bupati/Walkot nggada agenda sndiri2 sesuai janji kampanye.","","0","",,,,,"false"
"0","","Wed Jan 07 11:16:12 +0000 2026",,,,,,,,,,,,,,,,"","false","true","false","","2",,,,,,,,,,,,,,,,,,,,,,,,,,,,,,,,,,,,"2008860843220603299","0","0","Wed Jan 07 11:16:12 +0000 2026",,"2",,,,,,,,,,,,,,,,"Ramadhan_M81","2008859673366294760","1488701111163027457",,,,,,,,,,,,,,,,,,,,,,,,,,,,,,,,,,,,,,,,,,,,,,,,,,,,,,,,,,,,,,,,,,,,,,,,,,,,,,,,,,,,,,,,,,,,,,,,,,,,,,,,,,,,,,,,"2008860843220603299","0",,"1","0","0","Buat serius bikin sistem politik dan pemilu itu bukan nanya “ini mahal ato murah”. selama ada budaya duit, kompetisi, dan pemaen, dipilih DPRD jg bakal tetep mahal.

bikin sistem pemilu itu hrs dgn pertanyaan: mau bikin sistem dan kompetisi politik yg seperti apa?","2008860213466816676",,,,,"1488701111163027457","false","false","Wed Feb 02 02:29:54 +0000 2022","true","false","",,,,,,,,,,,,,,,,"medium.com/@mmd.ramadhan01","https://medium.com/@mmd.ramadhan01","0","23","https://t.co/s3QvdsEDoQ","0","303","281","335","false","false","1","","176","Gibang","281","1976494028163252289","false","https://pbs.twimg.com/profile_banners/1488701111163027457/1761104114","https://pbs.twimg.com/profile_images/1734927718293397504/L5WwYkZZ_normal.jpg","","Ramadhan_M81","1707","none","https://t.co/s3QvdsEDoQ","false",,"false","","","1","","Buat serius bikin sistem politik dan pemilu itu bukan nanya “ini mahal ato murah”. selama ada budaya duit, kompetisi, dan pemaen, dipilih DPRD jg bakal tetep mahal.

bikin sistem pemilu itu hrs dgn pertanyaan: mau bikin sistem dan kompetisi politik yg seperti apa?","","0","",,,,,"false"
"0","","Wed Jan 07 11:18:42 +0000 2026",,,,,,,,,,,,,,,,"","false","true","false","","1",,,,,,,,,,,,,,,,,,,,,,,,,,,,,,,,,,,,"2008860843220603299","0","0","Wed Jan 07 11:18:42 +0000 2026",,"1",,,,,,,,,,,,,,,,"Ramadhan_M81","2008860213466816676","1488701111163027457",,,,,,,,,,,,,,,,,,,,,,,,,,,,,,,,,,,,,,,,,,,,,,,,,,,,,,,,,,,,,,,,,,,,,,,,,,,,,,,,,,,,,,,,,,,,,,,,,,,,,,,,,,,,,,,,"2008860843220603299","0",,"1","0","0","Kalo emang mau hapus Pilkada, kita jadi negara parlementer aja. kalo KADA gabecus, bisa dijatohin sm DPRD.

kalo gubernur dipilih DPRD kan gabisa dijatuhkan parlemen dan fixed term, padahal KADAnya gadipilih via election.

justru esensi ada election itu biar gbs dijatuhkan DPRD","2008860843220603299",,,,,"1488701111163027457","false","false","Wed Feb 02 02:29:54 +0000 2022","true","false","",,,,,,,,,,,,,,,,"medium.com/@mmd.ramadhan01","https://medium.com/@mmd.ramadhan01","0","23","https://t.co/s3QvdsEDoQ","0","303","281","335","false","false","1","","176","Gibang","281","1976494028163252289","false","https://pbs.twimg.com/profile_banners/1488701111163027457/1761104114","https://pbs.twimg.com/profile_images/1734927718293397504/L5WwYkZZ_normal.jpg","","Ramadhan_M81","1707","none","https://t.co/s3QvdsEDoQ","false",,"false","","","1","","Kalo emang mau hapus Pilkada, kita jadi negara parlementer aja. kalo KADA gabecus, bisa dijatohin sm DPRD.

kalo gubernur dipilih DPRD kan gabisa dijatuhkan parlemen dan fixed term, padahal KADAnya gadipilih via election.

justru esensi ada election itu biar gbs dijatuhkan DPRD","","0","",,,,,"false"
"0","","Wed Jan 07 11:20:13 +0000 2026",,,,,,,,,,,,,,,,"","false","true","false","","0",,,,,,,,,,,,,,,,,,,,,,,,,,,,,,,,,,,,"2008860843220603299","0","0","Wed Jan 07 11:20:13 +0000 2026",,"0",,,,,,,,,,,,,,,,"Ramadhan_M81","2008860843220603299","1488701111163027457",,,,,,,,,,,,,,,,,,,,,,,,,,,,,,,,,,,,,,,,,,,,,,,,,,,,,,,,,,,,,,,,,,,,,,,,,,,,,,,,,,,,,,,,,,,,,,,,,,,,,,,,,,,,,,,,"2008860843220603299","0",,"0","0","0","Siapa yang mengangkat = Kepada dia lah yang bertanggung jawab.

Kalo dipilih DPRD, harusnya bs dijatuhkan jg sm DPRD. itu parlementer.

ini dipilih DPRD tp gaada mosi tifak percaya = gabisa dijatuhkan DPRD. itu namanya sistem bukan-bukan. bkn presidensil, bkn parlementer.","2008861226529677451",,,,,"1488701111163027457","false","false","Wed Feb 02 02:29:54 +0000 2022","true","false","",,,,,,,,,,,,,,,,"medium.com/@mmd.ramadhan01","https://medium.com/@mmd.ramadhan01","0","23","https://t.co/s3QvdsEDoQ","0","303","281","335","false","false","1","","176","Gibang","281","1976494028163252289","false","https://pbs.twimg.com/profile_banners/1488701111163027457/1761104114","https://pbs.twimg.com/profile_images/1734927718293397504/L5WwYkZZ_normal.jpg","","Ramadhan_M81","1707","none","https://t.co/s3QvdsEDoQ","false",,"false","","","0","","Siapa yang mengangkat = Kepada dia lah yang bertanggung jawab.

Kalo dipilih DPRD, harusnya bs dijatuhkan jg sm DPRD. itu parlementer.

ini dipilih DPRD tp gaada mosi tifak percaya = gabisa dijatuhkan DPRD. itu namanya sistem bukan-bukan. bkn presidensil, bkn parlementer.","","0","",,,,,"false"
"0","","Wed Jan 07 08:01:36 +0000 2026","87","99","BubarkanDPR",,,,,,,,,,,,,"","false","true","false","","0","9688522","0","5","Aceh 🇮🇩🇹🇷🇵🇸","Aceh","1119499561943199744","6","15","Dewan Perwakilan Rakyat Aceh","DPR_Aceh","211415705","16","23","DPR RI","DPR_RI","977870468","24","30","Senator Indonesia","DPDRI","2413697946","31","38","KPU RI","KPU_ID","109149190","39","46","Partai NasDem","NasDem",,,,,,"2008801271323738351","0","0","Wed Jan 07 08:01:36 +0000 2026",,"0","87","99","BubarkanDPR",,,,,,,,,,,,,"Aceh","2008801271323738351","9688522",,,,,,,,,,,,,,,,,,,,,,,,,,,,,,,,,,,,,,,,,,,,,,,,,,,,,,,,,,,,,,,,,,,,,,,,,,,,,"9688522","0","5","Aceh 🇮🇩🇹🇷🇵🇸","Aceh","1119499561943199744","6","15","Dewan Perwakilan Rakyat Aceh","DPR_Aceh","211415705","16","23","DPR RI","DPR_RI","977870468","24","30","Senator Indonesia","DPDRI","2413697946","31","38","KPU RI","KPU_ID","109149190","39","46","Partai NasDem","NasDem",,,,,,"2008801271323738351","0",,"0","0","0","@Aceh @DPR_Aceh @DPR_RI @DPDRI @KPU_ID @NasDem Lhaini baru beneran murah, bisalah kita #BubarkanDPR. Pemimpin digilir aja antar golongan masing-masing 1 tahunan, gitu aja terus bergantian jadi semuanya punya kesempatan dan peluang yang sama untuk korupsi","2008811242820169883",,,,,"531477540","true","true","Tue Mar 20 16:06:21 +0000 2012","true","false","طَاعَتِيْ سِرٌّ بَيْنِيْ وَبَيْنَ رَبِّيْ",,,,,,,,,,,,,,,,,,,,,"0","50293","254","361","false","false","1","Aceh, Indonesia","532","Farhan Muchtar","254",,"false",,"https://pbs.twimg.com/profile_images/1915999071/IMG00002-20120226-1432_normal.jpg","","FarhanAtjeh","15171","none",,"false",,"false","","","0","","@Aceh @DPR_Aceh @DPR_RI @DPDRI @KPU_ID @NasDem Lhaini baru beneran murah, bisalah kita #BubarkanDPR. Pemimpin digilir aja antar golongan masing-masing 1 tahunan, gitu aja terus bergantian jadi semuanya punya kesempatan dan peluang yang sama untuk korupsi","","0","",,,,,"false"
"0","","Tue Jan 06 16:58:32 +0000 2026",,,,,,,,,,,,,,,,"","false","true","false","","0","1855228547943788544","0","12","Qori Ari Pratama","Pemancar_17",,,,,,,,,,,,,,,,,,,,,,,,,,,,,,,"2008585167825146247","0","0","Tue Jan 06 16:58:32 +0000 2026",,"0",,,,,,,,,,,,,,,,"Pemancar_17","2008583371136626888","1855228547943788544",,,,,,,,,,,,,,,,,,,,,,,,,,,,,,,,,,,,,,,,,,,,,,,,,,,,,,,,,,,,,,,,,,,,,,,,,,,,,"1855228547943788544","0","12","Qori Ari Pratama","Pemancar_17",,,,,,,,,,,,,,,,,,,,,,,,,,,,,,,"2008585167825146247","0",,"1","0","0","@Pemancar_17 Ya, saya paham kekhawatiranmu soal wacana Pilkada lewat DPRD. Berdasarkan putusan MK terbaru seperti No. 135/PUU-XXII/2024, pemilu nasional dan daerah dipisah, tapi tetap menegaskan pemilihan langsung oleh rakyat. Putusan ini dan No. 62/PUU-XXII/2024 bertentangan dengan pilkada","2008583976529621460",,,,,"1720665183188922368","false","true","Sat Nov 04 04:52:34 +0000 2023","true","false","https://t.co/fqNKQSiLQB
@grok it","grok.com/download","http://grok.com/download","0","23","https://t.co/fqNKQSiLQB",,,,,,,,,,,"grok.com","https://grok.com","0","23","https://t.co/BFoTHXcJ8D","0","82","7365979","3","false","false","5739","wherever you are","7495625","Grok","7365979","1955006865332638036","false","https://pbs.twimg.com/profile_banners/1720665183188922368/1740213586","https://pbs.twimg.com/profile_images/1893219113717342208/Vgg2hEPa_normal.jpg","","grok","87589470","none","https://t.co/BFoTHXcJ8D","false","Business","false","","","1","","@Pemancar_17 Ya, saya paham kekhawatiranmu soal wacana Pilkada lewat DPRD. Berdasarkan putusan MK terbaru seperti No. 135/PUU-XXII/2024, pemilu nasional dan daerah dipisah, tapi tetap menegaskan pemilihan langsung oleh rakyat. Putusan ini dan No. 62/PUU-XXII/2024 bertentangan dengan pilkada","","0","",,,,,"false"
"0","","Tue Jan 06 17:02:29 +0000 2026",,,,,,,,,,,,,,,,"","false","true","false","","0","1720665183188922368","0","5","Grok","grok","1720665183188922368","6","11","Grok","grok",,,,,,,,,,,,,,,,,,,,,,,,,,"2008585167825146247","0","0","Tue Jan 06 17:02:29 +0000 2026",,"0",,,,,,,,,,,,,,,,"grok","2008583976529621460","1720665183188922368",,,,,,,,,,,,,,,,,,,,,,,,,,,,,,,,,,,,,,,,,,,,,,,,,,,,,,,,,,,,,,,,,,,,,,,,,,,,,"1720665183188922368","0","5","Grok","grok","1720665183188922368","6","11","Grok","grok",,,,,,,,,,,,,,,,,,,,,,,,,,"2008585167825146247","0",,"1","0","0","@grok @grok terus elitnya gimana... emang tolol sumpah...","2008584972568064382",,,,,"1855228547943788544","false","true","Sat Nov 09 12:39:16 +0000 2024","true","false","Halo Namaku Qori Ari Pratama",,,,,,,,,,,,,,,,,,,,,"0","186","7","75","false","false","0","Indonesia","57","Qori Ari Pratama","7",,"false",,"https://pbs.twimg.com/profile_images/1896093480562151424/llZkZc9O_normal.jpg","","Pemancar_17","470","none",,"false",,"false","","","1","","@grok @grok terus elitnya gimana... emang tolol sumpah...","","0","",,,,,"false"
"0","","Tue Jan 06 17:03:16 +0000 2026",,,,,,,,,,,,,,,,"","false","true","false","","0","1855228547943788544","0","12","Qori Ari Pratama","Pemancar_17",,,,,,,,,,,,,,,,,,,,,,,,,,,,,,,"2008585167825146247","0","0","Tue Jan 06 17:03:16 +0000 2026",,"0",,,,,,,,,,,,,,,,"Pemancar_17","2008584972568064382","1855228547943788544",,,,,,,,,,,,,,,,,,,,,,,,,,,,,,,,,,,,,,,,,,,,,,,,,,,,,,,,,,,,,,,,,,,,,,,,,,,,,"1855228547943788544","0","12","Qori Ari Pratama","Pemancar_17",,,,,,,,,,,,,,,,,,,,,,,,,,,,,,,"2008585167825146247","0",,"0","0","0","@Pemancar_17 Ya, wacana pilkada lewat DPRD memang kontroversial. Beberapa elit dorong ini untuk efisiensi biaya, kurangi politik uang, dan hindari konflik (spt disampaikan Golkar &amp; Demokrat). Tapi, ini bertentangan dengan putusan MK seperti No. 135/PUU-XXII/2024 yang tegaskan pilkada langsung","2008585167825146247",,,,,"1720665183188922368","false","true","Sat Nov 04 04:52:34 +0000 2023","true","false","https://t.co/fqNKQSiLQB
@grok it","grok.com/download","http://grok.com/download","0","23","https://t.co/fqNKQSiLQB",,,,,,,,,,,"grok.com","https://grok.com","0","23","https://t.co/BFoTHXcJ8D","0","82","7365979","3","false","false","5739","wherever you are","7495625","Grok","7365979","1955006865332638036","false","https://pbs.twimg.com/profile_banners/1720665183188922368/1740213586","https://pbs.twimg.com/profile_images/1893219113717342208/Vgg2hEPa_normal.jpg","","grok","87589470","none","https://t.co/BFoTHXcJ8D","false","Business","false","","","0","","@Pemancar_17 Ya, wacana pilkada lewat DPRD memang kontroversial. Beberapa elit dorong ini untuk efisiensi biaya, kurangi politik uang, dan hindari konflik (spt disampaikan Golkar &amp; Demokrat). Tapi, ini bertentangan dengan putusan MK seperti No. 135/PUU-XXII/2024 yang tegaskan pilkada langsung","","0","",,,,,"false"
"0","","Mon Jan 05 01:17:26 +0000 2026",,,,,,,,,,,,,,,,"","false","true","false","","0","708615828007034880","0","15","Gerakan Pemuda Ansor","Official_Ansor",,,,,,,,,,,,,,,,,,,,,,,,,,,,,,,"2007403497378001402","0","0","Mon Jan 05 01:17:26 +0000 2026",,"0",,,,,,,,,,,,,,,,"Official_Ansor","2007403497378001402","708615828007034880",,,,,,,,,,,,,,,,,,,,,,,,,,,,,,,,,,,,,,,,,,,,,,,,,,,,,,,,,,,,,,,,,,,,,,,,,,,,,"708615828007034880","0","15","Gerakan Pemuda Ansor","Official_Ansor",,,,,,,,,,,,,,,,,,,,,,,,,,,,,,,"2007403497378001402","0",,"0","0","0","@Official_Ansor Pilihan langsung benarkah rakyat memilih pemimpinnya, atau sudah dipilihkan parpol 100% lalu disodorkan ke pemilih.","2007984753820250597",,,,,"1922507346624053249","true","false","Wed May 14 04:21:03 +0000 2025","true","false","kaki meja",,,,,,,,,,,,,,,,,,,,,"0","0","26","39","false","false","0","","12","Seger","26",,"false","https://pbs.twimg.com/profile_banners/1922507346624053249/1764232202","https://pbs.twimg.com/profile_images/1993960047530135552/XR8_3USK_normal.jpg","","kursimalas87","2436","none",,"false",,"false","","","0","","@Official_Ansor Pilihan langsung benarkah rakyat memilih pemimpinnya, atau sudah dipilihkan parpol 100% lalu disodorkan ke pemilih.","","0","",,,,,"false"
"0","","Sun Jan 04 02:33:44 +0000 2026",,,,,,,,,,,,,,,,"","false","true","false","","0","708615828007034880","0","15","Gerakan Pemuda Ansor","Official_Ansor",,,,,,,,,,,,,,,,,,,,,,,,,,,,,,,"2007403497378001402","0","0","Sun Jan 04 02:33:44 +0000 2026",,"0",,,,,,,,,,,,,,,,"Official_Ansor","2007403497378001402","708615828007034880","pic.x.com/rY4Bxn6QqT","https://x.com/SudartoFarel/status/2007641566450696321/photo/1","1148","photo","https://pbs.twimg.com/media/G9yTXYEasAElOfX.jpg",,,,,,,,,,,,,,"1080","pic.x.com/rY4Bxn6QqT","https://x.com/SudartoFarel/status/2007641566450696321/photo/1","538","photo","https://pbs.twimg.com/media/G9yTXWmaYAAYRBU.jpg",,,,,,,,,,,,,,"540",,,,,,,,,,,,,,,,,,,,,,,,,,,,,,,,,,,,,,,"708615828007034880","0","15","Gerakan Pemuda Ansor","Official_Ansor",,,,,,,,,,,,,,,,,,,,,,,,,,,,,,,"2007403497378001402","0",,"0","0","0","@Official_Ansor Boleh gak jadi anjing yahudi?? https://t.co/rY4Bxn6QqT","2007641566450696321",,,,,"1434170287268892677","false","true","Sat Sep 04 15:03:51 +0000 2021","true","false","",,,,,,,,,,,,,,,,,,,,,"0","611","24","17","false","false","0","","2650","fififafa","24",,"false",,"https://pbs.twimg.com/profile_images/1841324271894962176/oROOKLnm_normal.jpg","","SudartoFarel","2926","none",,"false",,"false","","","0","","@Official_Ansor Boleh gak jadi anjing yahudi?? https://t.co/rY4Bxn6QqT","","0","",,,,,"false"
"0","","Fri Jan 02 02:39:45 +0000 2026",,,,,,,,,,,,,,,,"","false","true","false","","3",,,,,,,,,,,,,,,,,,,,,,,,,,,,,,,,,,,,"2006915690993955266","0","0","Fri Jan 02 02:39:45 +0000 2026",,"3",,,,,,,,,,,,,,,,"yudiharahap46","2006915690993955266","149066414",,,,,,,,,,,,,,,,,,,,,,,,,,,,,,,,,,,,,,,,,,,,,,,,,,,,,,,,,,,,,,,,,,,,,,,,,,,,,,,,,,,,,,,,,,,,,,,,,,,,,,,,,,,,,,,,"2006915690993955266","0",,"1","0","1","Berdasarkan statement beberapa petinggi partai di Media, sepertinya nanti melalui DPRD pemilihan kepala daerahnya","2006918305882480968",,,,,"149066414","false","false","Fri May 28 09:43:52 +0000 2010","true","false","Ketua Wadah Pegawai KPK 2018-2021, eks penyidik kpk, alumni FIB UI 2001, FH Unsurya, penyuka sejarah, intelijen, hukum, asli Blora & Padang Sidempuan",,,,,,,,,,,,,,,,"youtu.be/ZeMRxEP5kfU","https://youtu.be/ZeMRxEP5kfU","0","23","https://t.co/uAxHBCVj31","0","35861","25720","8270","true","false","24","Jakarta ","2785","Yudi Purnomo Harahap","25720","1730595279408406969","false","https://pbs.twimg.com/profile_banners/149066414/1633133785","https://pbs.twimg.com/profile_images/1584693137804361728/-LmWD4p9_normal.jpg","","yudiharahap46","126215","none","https://t.co/uAxHBCVj31","false",,"false","","","1","","Berdasarkan statement beberapa petinggi partai di Media, sepertinya nanti melalui DPRD pemilihan kepala daerahnya","","1","",,,,,"false"
"0","","Fri Jan 02 03:57:16 +0000 2026",,,,,,,,,,,,,,,,"","false","true","false","","0","149066414","0","14","Yudi Purnomo Harahap","yudiharahap46",,,,,,,,,,,,,,,,,,,,,,,,,,,,,,,"2006915690993955266","0","0","Fri Jan 02 03:57:16 +0000 2026",,"0",,,,,,,,,,,,,,,,"yudiharahap46","2006915690993955266","149066414",,,,,,,,,,,,,,,,,,,,,,,,,,,,,,,,,,,,,,,,,,,,,,,,,,,,,,,,,,,,,,,,,,,,,,,,,,,,,"149066414","0","14","Yudi Purnomo Harahap","yudiharahap46",,,,,,,,,,,,,,,,,,,,,,,,,,,,,,,"2006915690993955266","0",,"1","0","0","@yudiharahap46 Ralat Bang...one person one vote bukan one man one vote..😅 perempuan juga memiliki hak pilih yang sama.","2006937812608888914",,,,,"1185961470242148353","true","false","Sun Oct 20 16:51:02 +0000 2019","true","false","",,,,,,,,,,,,,,,,,,,,,"0","22763","261","767","true","false","0","Lampung, Indonesia","1045","Josua Napitupulu","261","1988855173519671763","false","https://pbs.twimg.com/profile_banners/1185961470242148353/1636551909","https://pbs.twimg.com/profile_images/1963066585176014848/dGiJk6fW_normal.jpg","","JosuaNapitupul6","5629","none",,"false",,"false","","","1","","@yudiharahap46 Ralat Bang...one person one vote bukan one man one vote..😅 perempuan juga memiliki hak pilih yang sama.","","0","",,,,,"false"
"0","","Fri Jan 02 04:31:09 +0000 2026",,,,,,,,,,,,,,,,"","false","true","false","","1","1185961470242148353","0","16","Josua Napitupulu","JosuaNapitupul6",,,,,,,,,,,,,,,,,,,,,,,,,,,,,,,"2006915690993955266","0","0","Fri Jan 02 04:31:09 +0000 2026",,"1",,,,,,,,,,,,,,,,"JosuaNapitupul6","2006937812608888914","1185961470242148353",,,,,,,,,,,,,,,,,,,,,,,,,,,,,,,,,,,,,,,,,,,,,,,,,,,,,,,,,,,,,,,,,,,,,,,,,,,,,"1185961470242148353","0","16","Josua Napitupulu","JosuaNapitupul6",,,,,,,,,,,,,,,,,,,,,,,,,,,,,,,"2006915690993955266","0",,"0","0","0","@JosuaNapitupul6 He he siap maksudnya itu","2006946342116250020",,,,,"149066414","false","false","Fri May 28 09:43:52 +0000 2010","true","false","Ketua Wadah Pegawai KPK 2018-2021, eks penyidik kpk, alumni FIB UI 2001, FH Unsurya, penyuka sejarah, intelijen, hukum, asli Blora & Padang Sidempuan",,,,,,,,,,,,,,,,"youtu.be/ZeMRxEP5kfU","https://youtu.be/ZeMRxEP5kfU","0","23","https://t.co/uAxHBCVj31","0","35861","25720","8270","true","false","24","Jakarta ","2785","Yudi Purnomo Harahap","25720","1730595279408406969","false","https://pbs.twimg.com/profile_banners/149066414/1633133785","https://pbs.twimg.com/profile_images/1584693137804361728/-LmWD4p9_normal.jpg","","yudiharahap46","126215","none","https://t.co/uAxHBCVj31","false",,"false","","","0","","@JosuaNapitupul6 He he siap maksudnya itu","","0","",,,,,"false"
"0","","Tue Nov 25 12:12:00 +0000 2025",,,,,,,,,,,,,,,,"","false","true","false","","374",,,,,,,,,,,,,,,,,,,,,,,,,,,,,,,,,,,,"2006915690993955266","16","98","Tue Nov 25 12:12:00 +0000 2025",,"374",,,,,,,,,,,,,,,,"","","",,,,,,,,,,,,,,,,,,,,,,,,,,,,,,,,,,,,,,,,,,,,,,,,,,,,,,,,,,,,,,,,,,,,,,,,,,,,,,,,,,,,,,,,,,,,,,,,,,,,,,,,,,,,,,,,"2006915690993955266","16",,"35","0","43","Access powerful AI GPUs with no hidden fees.","1993291580107792632",,,,,"1531285449012027394","false","true","Mon May 30 14:47:18 +0000 2022","true","false","Join Hivenet - the sustainable, distributed, and community-centric cloud solution. We're transforming the way data is stored and accessed for a greener future.",,,,,,,,,,,,,,,,"linktr.ee/hivenet","https://linktr.ee/hivenet","0","23","https://t.co/bsWloLGWly","0","340","1901","81","false","false","10","Geneva, Switzerland","474","Hivenet","1901","1996978372950315083","false","https://pbs.twimg.com/profile_banners/1531285449012027394/1731938770","https://pbs.twimg.com/profile_images/1858512019621568513/GCzBREJF_normal.jpg","","hivenet_cloud","1108","none","https://t.co/bsWloLGWly","false","Business","false","","","35","","Access powerful AI GPUs with no hidden fees.","","43","",,,,,"false"
"0","","Fri Jan 02 02:38:15 +0000 2026",,,,,,,,,,,,,,,,"","false","true","false","","2","149066414","0","14","Yudi Purnomo Harahap","yudiharahap46",,,,,,,,,,,,,,,,,,,,,,,,,,,,,,,"2006915690993955266","0","0","Fri Jan 02 02:38:15 +0000 2026",,"2",,,,,,,,,,,,,,,,"yudiharahap46","2006915690993955266","149066414",,,,,,,,,,,,,,,,,,,,,,,,,,,,,,,,,,,,,,,,,,,,,,,,,,,,,,,,,,,,,,,,,,,,,,,,,,,,,"149066414","0","14","Yudi Purnomo Harahap","yudiharahap46",,,,,,,,,,,,,,,,,,,,,,,,,,,,,,,"2006915690993955266","0",,"0","0","0","@yudiharahap46 Yg lbh menguntungkan buat rezim demi melanggengkan kekuasaan di 2029

Akar rumput cukup jd penonton sandiwara","2006917930303541555",,,,,"1716060084286177280","false","true","Sun Oct 22 11:53:53 +0000 2023","true","false","#NoPorn #NoPenghinaUlama
                           OPOSISI TULEN",,,,,,,,,,,,,,,,,,,,,"0","24699","1510","1463","false","false","2","","1536","Syahruzy #Penikmat kopi pahit","1510",,"false","https://pbs.twimg.com/profile_banners/1716060084286177280/1713871894","https://pbs.twimg.com/profile_images/1950565281056841728/Fi5CvQjj_normal.jpg","","Syahruzy44356","53514","none",,"false",,"false","","","0","","@yudiharahap46 Yg lbh menguntungkan buat rezim demi melanggengkan kekuasaan di 2029

Akar rumput cukup jd penonton sandiwara","","0","",,,,,"false"
"0","","Fri Jan 02 03:29:34 +0000 2026",,,,,,,,,,,,,,,,"","false","true","false","","2","149066414","0","14","Yudi Purnomo Harahap","yudiharahap46",,,,,,,,,,,,,,,,,,,,,,,,,,,,,,,"2006915690993955266","0","0","Fri Jan 02 03:29:34 +0000 2026",,"2",,,,,,,,,,,,,,,,"yudiharahap46","2006915690993955266","149066414",,,,,,,,,,,,,,,,,,,,,,,,,,,,,,,,,,,,,,,,,,,,,,,,,,,,,,,,,,,,,,,,,,,,,,,,,,,,,"149066414","0","14","Yudi Purnomo Harahap","yudiharahap46",,,,,,,,,,,,,,,,,,,,,,,,,,,,,,,"2006915690993955266","0",,"0","0","0","@yudiharahap46 Boleh jadi negara federal gak? Biar pemerintahan masing² dikelola tiap propinsi saja, gak terpusat.","2006930843139453117",,,,,"78929686","false","false","Thu Oct 01 15:25:49 +0000 2009","false","false","",,,,,,,,,,,,,,,,,,,,,"0","1342","135","1025","true","false","0","Indonesia","291","刀ﾑﾶんの尺尺ひﾚ","135","1249367016319770624","false","https://pbs.twimg.com/profile_banners/78929686/1641946900","https://pbs.twimg.com/profile_images/1535878367420903424/l_-hP8Ys_normal.jpg","","_xmnID","3281","none",,"false",,"false","","","0","","@yudiharahap46 Boleh jadi negara federal gak? Biar pemerintahan masing² dikelola tiap propinsi saja, gak terpusat.","","0","",,,,,"false"
"0","","Fri Jan 02 04:01:36 +0000 2026",,,,,,,,,,,,,,,,"","false","true","false","","1","149066414","0","14","Yudi Purnomo Harahap","yudiharahap46",,,,,,,,,,,,,,,,,,,,,,,,,,,,,,,"2006915690993955266","0","0","Fri Jan 02 04:01:36 +0000 2026",,"1",,,,,,,,,,,,,,,,"yudiharahap46","2006915690993955266","149066414",,,,,,,,,,,,,,,,,,,,,,,,,,,,,,,,,,,,,,,,,,,,,,,,,,,,,,,,,,,,,,,,,,,,,,,,,,,,,"149066414","0","14","Yudi Purnomo Harahap","yudiharahap46",,,,,,,,,,,,,,,,,,,,,,,,,,,,,,,"2006915690993955266","0",,"0","0","0","@yudiharahap46 Aturan yg berubah2 hanya akan menghasilkan ketidakpastian akan lebih jika aturan yg ada disempurnakan, bolong-bolongnyq spt money politics dll ditambal dengan kebijakan-kebijakan yg mempersempit peluangnya atau aturan hukumnya diterapkan dengan disiplin dan tegas. 

Aturan pidana","2006938903866208735",,,,,"899824419492712448","false","false","Tue Aug 22 02:43:54 +0000 2017","true","false","Fairness and Justice For All ⚖️",,,,,,,,,,,,,,,,,,,,,"0","34643","1969","1230","true","false","2","Indonesia","128","Caktweetjustice","1969","1984844971867062635","true","https://pbs.twimg.com/profile_banners/899824419492712448/1640247095","https://pbs.twimg.com/profile_images/1679779111055802370/GTjLRO9g_normal.jpg","","Caktweetjustice","15545","none",,"false",,"false","","","0","","@yudiharahap46 Aturan yg berubah2 hanya akan menghasilkan ketidakpastian akan lebih jika aturan yg ada disempurnakan, bolong-bolongnyq spt money politics dll ditambal dengan kebijakan-kebijakan yg mempersempit peluangnya atau aturan hukumnya diterapkan dengan disiplin dan tegas. 

Aturan pidana","","0","",,,,,"false"
"0","","Fri Jan 02 03:11:19 +0000 2026",,,,,,,,,,,,,,,,"","false","true","false","","1","149066414","0","14","Yudi Purnomo Harahap","yudiharahap46",,,,,,,,,,,,,,,,,,,,,,,,,,,,,,,"2006915690993955266","0","0","Fri Jan 02 03:11:19 +0000 2026",,"1",,,,,,,,,,,,,,,,"yudiharahap46","2006915690993955266","149066414","pic.x.com/dSdRz5uuho","https://x.com/mutajir_mohamat/status/2006926248744988733/photo/1","1996","photo","https://pbs.twimg.com/media/G9oIx4ubYAAzIny.jpg",,,,,,,,,,,,,,"1638",,,,,,,,,,,,,,,,,,,,,,,,,,,,,,,,,,,,,,,,,,,,,,,,,,,,,,,,,,"149066414","0","14","Yudi Purnomo Harahap","yudiharahap46",,,,,,,,,,,,,,,,,,,,,,,,,,,,,,,"2006915690993955266","0",,"0","0","0","@yudiharahap46 Malingnya makin tambah parah. Klo pemilu lewat DPRD. Lebih baik bubarkan aja DPRD, gak ada gunanya buat masyarakat. https://t.co/dSdRz5uuho","2006926248744988733",,,,,"997779086926790656","false","false","Sat May 19 10:00:46 +0000 2018","true","false",".",,,,,,,,,,,,,,,,,,,,,"0","70058","813","1805","false","false","1",".","1189","Mohamat Mutajir","813","1520249179452637184","false","https://pbs.twimg.com/profile_banners/997779086926790656/1637106159","https://pbs.twimg.com/profile_images/1057435361536692225/hrkTwf42_normal.jpg","","mutajir_mohamat","93984","none",,"false",,"false","","","0","","@yudiharahap46 Malingnya makin tambah parah. Klo pemilu lewat DPRD. Lebih baik bubarkan aja DPRD, gak ada gunanya buat masyarakat. https://t.co/dSdRz5uuho","","0","",,,,,"false"
"0","","Fri Jan 02 11:03:51 +0000 2026",,,,,,,,,,,,,,,,"","false","true","false","","1","149066414","0","14","Yudi Purnomo Harahap","yudiharahap46",,,,,,,,,,,,,,,,,,,,,,,,,,,,,,,"2006915690993955266","0","0","Fri Jan 02 11:03:51 +0000 2026",,"1",,,,,,,,,,,,,,,,"yudiharahap46","2006915690993955266","149066414",,,,,,,,,,,,,,,,,,,,,,,,,,,,,,,,,,,,,,,,,,,,,,,,,,,,,,,,,,,,,,,,,,,,,,,,,,,,,"149066414","0","14","Yudi Purnomo Harahap","yudiharahap46",,,,,,,,,,,,,,,,,,,,,,,,,,,,,,,"2006915690993955266","0",,"0","0","0","@yudiharahap46 Demokrasi tidak akan selesai. Selama syahwat digunakan. Nyogok 100 orang Anggota Dewan lebih murah drpd nyogok rakyat. Jk terpilih pejabat lupa rakyat, mrk akan kongkalikong dg anggota Dewan u perkaya diri. Krn tdk dipilih rakyat. Memakzulkan mudah.","2007045168197955934",,,,,"892811567217098752","true","true","Wed Aug 02 18:17:20 +0000 2017","true","false","mencari hidayah Allah untuk bekal hari akhir",,,,,,,,,,,,,,,,,,,,,"0","61","487","761","false","false","0","","41","mahesa jenar.","487",,"false",,"https://pbs.twimg.com/profile_images/1733639232420499456/7okisMsT_normal.jpg","","zen_dal","3035","none",,"false",,"false","","","0","","@yudiharahap46 Demokrasi tidak akan selesai. Selama syahwat digunakan. Nyogok 100 orang Anggota Dewan lebih murah drpd nyogok rakyat. Jk terpilih pejabat lupa rakyat, mrk akan kongkalikong dg anggota Dewan u perkaya diri. Krn tdk dipilih rakyat. Memakzulkan mudah.","","0","",,,,,"false"
"0","","Fri Jan 02 05:19:04 +0000 2026",,,,,,,,,,,,,,,,"","false","true","false","","1","149066414","0","14","Yudi Purnomo Harahap","yudiharahap46",,,,,,,,,,,,,,,,,,,,,,,,,,,,,,,"2006915690993955266","0","0","Fri Jan 02 05:19:04 +0000 2026",,"1",,,,,,,,,,,,,,,,"yudiharahap46","2006915690993955266","149066414",,,,,,,,,,,,,,,,,,,,,,,,,,,,,,,,,,,,,,,,,,,,,,,,,,,,,,,,,,,,,,,,,,,,,,,,,,,,,"149066414","0","14","Yudi Purnomo Harahap","yudiharahap46",,,,,,,,,,,,,,,,,,,,,,,,,,,,,,,"2006915690993955266","0",,"0","0","0","@yudiharahap46 dipilih sama DPR ama presiden nggak masalah, yg masalah screening calon kepala daerahnya ini. dan juga screening calon anggota dewan supaya nggak terintervensi fraud. proses pertanggungjawaban kinerja mereka saat menjabat","2006958397523112138",,,,,"1613812264636919809","false","true","Fri Jan 13 08:17:52 +0000 2023","true","false","Free, free Palestine, merdeka!",,,,,,,,,,,,,,,,,,,,,"0","4609","28","159","false","false","1","","113","Ahmad Rozali","28",,"false","https://pbs.twimg.com/profile_banners/1613812264636919809/1729600363","https://pbs.twimg.com/profile_images/1848703513834229761/L-hybwxO_normal.jpg","","arozali691701","6537","none",,"false",,"false","","","0","","@yudiharahap46 dipilih sama DPR ama presiden nggak masalah, yg masalah screening calon kepala daerahnya ini. dan juga screening calon anggota dewan supaya nggak terintervensi fraud. proses pertanggungjawaban kinerja mereka saat menjabat","","0","",,,,,"false"
"0","","Fri Jan 02 04:38:47 +0000 2026",,,,,,,,,,,,,,,,"","false","true","false","","1","149066414","0","14","Yudi Purnomo Harahap","yudiharahap46",,,,,,,,,,,,,,,,,,,,,,,,,,,,,,,"2006915690993955266","0","0","Fri Jan 02 04:38:47 +0000 2026",,"1",,,,,,,,,,,,,,,,"yudiharahap46","2006915690993955266","149066414",,,,,,,,,,,,,,,,,,,,,,,,,,,,,,,,,,,,,,,,,,,,,,,,,,,,,,,,,,,,,,,,,,,,,,,,,,,,,"149066414","0","14","Yudi Purnomo Harahap","yudiharahap46",,,,,,,,,,,,,,,,,,,,,,,,,,,,,,,"2006915690993955266","0",,"0","0","0","@yudiharahap46 Akan lebih efektif jika presiden langsung yang nunjuk, lebih mudah menggantinya jika tidak kompeten menjadi kepala daerah.","2006948260527878436",,,,,"1420005073992572930","false","true","Tue Jul 27 12:56:22 +0000 2021","true","false","realita sosial",,,,,,,,,,,,,,,,,,,,,"0","141","60","275","true","false","0","Indonesia","296","akunaspal","60",,"false","https://pbs.twimg.com/profile_banners/1420005073992572930/1714494454","https://pbs.twimg.com/profile_images/1785345261910556673/IJ0bKz-x_normal.jpg","","madinakopikoi","7044","none",,"false",,"false","","","0","","@yudiharahap46 Akan lebih efektif jika presiden langsung yang nunjuk, lebih mudah menggantinya jika tidak kompeten menjadi kepala daerah.","","0","",,,,,"false"
"0","","Fri Jan 02 12:26:52 +0000 2026",,,,,,,,,,,,,,,,"","false","true","false","","0","149066414","0","14","Yudi Purnomo Harahap","yudiharahap46",,,,,,,,,,,,,,,,,,,,,,,,,,,,,,,"2006915690993955266","0","0","Fri Jan 02 12:26:52 +0000 2026",,"0",,,,,,,,,,,,,,,,"yudiharahap46","2006915690993955266","149066414",,,,,,,,,,,,,,,,,,,,,,,,,,,,,,,,,,,,,,,,,,,,,,,,,,,,,,,,,,,,,,,,,,,,,,,,,,,,,"149066414","0","14","Yudi Purnomo Harahap","yudiharahap46",,,,,,,,,,,,,,,,,,,,,,,,,,,,,,,"2006915690993955266","0",,"0","0","0","@yudiharahap46 2 mekanisme setelahnya itu cara paling absurd. 

Ketidakmampuan mesin partai dan ketidakbecusan KETUM PARTAI dalam mengkader PEMIMPIN DAERAH akhirnya bersembunyi dibalik alibi 2 mekanisme tsb.

LALU APA DONG FUNGSINYA PARTAI. Bubarin aja kalau begitu.","2007066057501213094",,,,,"161609845","false","true","Thu Jul 01 08:21:01 +0000 2010","false","false","KREATOR KONTEN ~ Tukang Kopi | Tukang Nulis | Nguripi Kanal 🔴YouTube AVlog ⬇️ Cek Bio ⬇️",,,,,,,,,,,,,,,,"lynk.id/antonmahapatih","https://lynk.id/antonmahapatih","0","23","https://t.co/TMamgjvFnZ","0","12008","765","727","true","false","12","Depok, Jawa Barat","999","BICARA CONTENT | Anton Mabruri KN","765","1039066394644504576","false","https://pbs.twimg.com/profile_banners/161609845/1688293944","https://pbs.twimg.com/profile_images/1898009218516762628/PPpO3RVp_normal.jpg","","ant_on8","20767","none","https://t.co/TMamgjvFnZ","false",,"false","","","0","","@yudiharahap46 2 mekanisme setelahnya itu cara paling absurd. 

Ketidakmampuan mesin partai dan ketidakbecusan KETUM PARTAI dalam mengkader PEMIMPIN DAERAH akhirnya bersembunyi dibalik alibi 2 mekanisme tsb.

LALU APA DONG FUNGSINYA PARTAI. Bubarin aja kalau begitu.","","0","",,,,,"false"
"0","","Fri Jan 02 12:57:34 +0000 2026",,,,,,,,,,,,,,,,"","false","true","false","","0","149066414","0","14","Yudi Purnomo Harahap","yudiharahap46",,,,,,,,,,,,,,,,,,,,,,,,,,,,,,,"2006915690993955266","0","0","Fri Jan 02 12:57:34 +0000 2026",,"0",,,,,,,,,,,,,,,,"yudiharahap46","2006915690993955266","149066414",,,,,,,,,,,,,,,,,,,,,,,,,,,,,,,,,,,,,,,,,,,,,,,,,,,,,,,,,,,,,,,,,,,,,,,,,,,,,"149066414","0","14","Yudi Purnomo Harahap","yudiharahap46",,,,,,,,,,,,,,,,,,,,,,,,,,,,,,,"2006915690993955266","0",,"0","0","0","@yudiharahap46 Ganti presidensial ke Parlementer. Tidak bagus semua pilihan di atas.","2007073784805892363",,,,,"277520663","true","true","Tue Apr 05 14:51:15 +0000 2011","true","false","Open minded on scientific-logic view, ingin khusyuk beribadah, bukan siapa2. Tdk ter-afiliasi partai & kepentingan manapun. Benahi/revisi+juklak/nis UU Parpol!",,,,,,,,,,,,,,,,"takasitau.com","http://takasitau.com","0","23","https://t.co/ZDoy1QYhq9","0","77059","379","847","true","false","0","","866","ardjoe","379",,"false","https://pbs.twimg.com/profile_banners/277520663/1394293573","https://pbs.twimg.com/profile_images/1201188236862705664/54Cv1L_s_normal.jpg","","ardjoe0704","23740","none","https://t.co/ZDoy1QYhq9","false",,"false","","","0","","@yudiharahap46 Ganti presidensial ke Parlementer. Tidak bagus semua pilihan di atas.","","0","",,,,,"false"
"0","","Fri Jan 02 13:21:21 +0000 2026",,,,,,,,,,,,,,,,"","false","true","false","","0","149066414","0","14","Yudi Purnomo Harahap","yudiharahap46",,,,,,,,,,,,,,,,,,,,,,,,,,,,,,,"2006915690993955266","0","0","Fri Jan 02 13:21:21 +0000 2026",,"0",,,,,,,,,,,,,,,,"yudiharahap46","2006915690993955266","149066414",,,,,,,,,,,,,,,,,,,,,,,,,,,,,,,,,,,,,,,,,,,,,,,,,,,,,,,,,,,,,,,,,,,,,,,,,,,,,"149066414","0","14","Yudi Purnomo Harahap","yudiharahap46",,,,,,,,,,,,,,,,,,,,,,,,,,,,,,,"2006915690993955266","0",,"0","0","0","@yudiharahap46 One man one vote dgn cara e vote","2007079771327660220",,,,,"74360905","true","true","Tue Sep 15 04:06:24 +0000 2009","true","false","",,,,,,,,,,,,,,,,,,,,,"0","14393","157","656","true","false","0","somewhere","20","Oepick","157",,"false",,"https://pbs.twimg.com/profile_images/1684703989361950720/ICRLqn4D_normal.jpg","","zoelf1k4r","37257","none",,"false",,"false","","","0","","@yudiharahap46 One man one vote dgn cara e vote","","0","",,,,,"false"
"0","","Thu Jan 01 23:37:05 +0000 2026",,,,,,,,,,,,,,,,"","false","true","false","","0","1040306964100669440","0","11","𝕸𝖔𝖓𝖎𝖈𝖆 ᴼᶠᶠⁱᶜⁱᵃˡ","NenkMonica",,,,,,,,,,,,,,,,,,,,,,,,,,,,,,,"2006872335849238653","0","0","Thu Jan 01 23:37:05 +0000 2026",,"0",,,,,,,,,,,,,,,,"NenkMonica","2006608105870864509","1040306964100669440",,,,,,,,,,,,,,,,,,,,,,,,,,,,,,,,,,,,,,,,,,,,,,,,,,,,,,,,,,,,,,,,,,,,,,,,,,,,,"1040306964100669440","0","11","𝕸𝖔𝖓𝖎𝖈𝖆 ᴼᶠᶠⁱᶜⁱᵃˡ","NenkMonica",,,,,,,,,,,,,,,,,,,,,,,,,,,,,,,"2006872335849238653","0",,"0","0","0","@NenkMonica Yang salah yang milih. DPRD yang skup wilayah nya 3 kecamatan banyak rakyat yang salah pilih , gimana kepala daerah yang skup wilayah nya satu kabupaten, makin banyak yang salah pilih jika rakyat yang memilih","2006872335849238653",,,,,"1581782575214755841","true","false","Sun Oct 16 23:02:44 +0000 2022","true","false","#GakFollowPorno",,,,,,,,,,,,,,,,,,,,,"0","1966","343","677","false","false","0","","141","Helmpulpes","343",,"false",,"https://pbs.twimg.com/profile_images/1581928111171518464/PMTzQB8P_normal.jpg","","MuhammadZuhriii","6611","none",,"false",,"false","","","0","","@NenkMonica Yang salah yang milih. DPRD yang skup wilayah nya 3 kecamatan banyak rakyat yang salah pilih , gimana kepala daerah yang skup wilayah nya satu kabupaten, makin banyak yang salah pilih jika rakyat yang memilih","","0","",,,,,"false"
"0","","Sat Dec 14 13:08:12 +0000 2024",,,,,,,,,,,,,,,,"","false","true","false","","4","19190361","0","12","Sammy Notaslimboy","NOTASLIMBOY",,,,,,,,,,,,,,,,,,,,,,,,,,,,,,,"1867911103159935103","0","1","Sat Dec 14 13:08:12 +0000 2024",,"4",,,,,,,,,,,,,,,,"NOTASLIMBOY","1867911103159935103","19190361",,,,,,,,,,,,,,,,,,,,,,,,,,,,,,,,,,,,,,,,,,,,,,,,,,,,,,,,,,,,,,,,,,,,,,,,,,,,,"19190361","0","12","Sammy Notaslimboy","NOTASLIMBOY",,,,,,,,,,,,,,,,,,,,,,,,,,,,,,,"1867911103159935103","0",,"1","0","0","@NOTASLIMBOY Kalo kata pak mahfud krn waktu itu ada penolakan besar2an makanya sby keluarin perppu","1867919518833746405",,,,,"1604251675250020352","false","true","Sat Dec 17 23:06:54 +0000 2022","true","false","suka jalan - jalan",,,,,,,,,,,,,,,,,,,,,"0","14623","63","76","false","false","0","Bandar Lampung, Lampung","207","iwan_alma","63",,"false",,"https://pbs.twimg.com/profile_images/1609478664982528000/uwGAeBHP_normal.jpg","","IwanAlma","5215","none",,"false",,"false","","","1","","@NOTASLIMBOY Kalo kata pak mahfud krn waktu itu ada penolakan besar2an makanya sby keluarin perppu","","0","",,,,,"false"
"0","","Sat Dec 14 12:39:54 +0000 2024",,,,,,,,,,,,,,,,"","false","true","false","","2","19190361","0","12","Sammy Notaslimboy","NOTASLIMBOY","1307120064","36","48","S. B. Yudhoyono","SBYudhoyono",,,,,,,,,,,,,,,,,,,,,,,,,,"1867911103159935103","0","0","Sat Dec 14 12:39:54 +0000 2024",,"2",,,,,,,,,,,,,,,,"NOTASLIMBOY","1867911103159935103","19190361",,,,,,,,,,,,,,,,,,,,,,,,,,,,,,,,,,,,,,,,,,,,,,,,,,,,,,,,,,,,,,,,,,,,,,,,,,,,,"19190361","0","12","Sammy Notaslimboy","NOTASLIMBOY","1307120064","36","48","S. B. Yudhoyono","SBYudhoyono",,,,,,,,,,,,,,,,,,,,,,,,,,"1867911103159935103","0",,"0","0","1","@NOTASLIMBOY Ya. Waktu itu Presiden @SBYudhoyono mengeluarkan Perppu No.1 Tahun 2014 dan Perppu No.2 Tahun 2014.","1867912399669575771",,,,,"14508092","false","false","Thu Apr 24 06:49:51 +0000 2008","false","false","bicara apa adanya,
RT tidak berarti setuju",,,,,,,,,,,,,,,,,,,,,"0","30788","4468","1779","true","false","21","Indonesia","2247","Pilpres 1 Putaran","4468","1782321978843816023","false","https://pbs.twimg.com/profile_banners/14508092/1481072664","https://pbs.twimg.com/profile_images/1487670665448914945/qdCnL6Je_normal.jpg","","MohArifWidarto","208908","none",,"false",,"false","","","0","","@NOTASLIMBOY Ya. Waktu itu Presiden @SBYudhoyono mengeluarkan Perppu No.1 Tahun 2014 dan Perppu No.2 Tahun 2014.","","1","",,,,,"false"
"0","","Sat Dec 14 13:55:09 +0000 2024",,,,,,,,,,,,,,,,"","false","true","false","","2","19190361","0","12","Sammy Notaslimboy","NOTASLIMBOY",,,,,,,,,,,,,,,,,,,,,,,,,,,,,,,"1867911103159935103","0","1","Sat Dec 14 13:55:09 +0000 2024",,"2",,,,,,,,,,,,,,,,"NOTASLIMBOY","1867911103159935103","19190361",,,,,,,,,,,,,,,,,,,,,,,,,,,,,,,,,,,,,,,,,,,,,,,,,,,,,,,,,,,,,,,,,,,,,,,,,,,,,"19190361","0","12","Sammy Notaslimboy","NOTASLIMBOY",,,,,,,,,,,,,,,,,,,,,,,,,,,,,,,"1867911103159935103","0",,"0","0","0","@NOTASLIMBOY Mau konsisten takutnya jabatan hilang 😂","1867931336792797626",,,,,"1510617126654328833","false","true","Sun Apr 03 13:56:21 +0000 2022","true","false","",,,,,,,,,,,,,,,,,,,,,"0","42619","599","735","false","false","0","","9812","Herri","599","1801640826533253310","false","https://pbs.twimg.com/profile_banners/1510617126654328833/1671516837","https://pbs.twimg.com/profile_images/1863433300016345088/NdMScy4p_normal.jpg","","Herri32407314","43870","none",,"false",,"false","","","0","","@NOTASLIMBOY Mau konsisten takutnya jabatan hilang 😂","","0","",,,,,"false"
"0","","Sat Dec 14 14:18:59 +0000 2024",,,,,,,,,,,,,,,,"","false","true","false","","1","19190361","0","12","Sammy Notaslimboy","NOTASLIMBOY",,,,,,,,,,,,,,,,,,,,,,,,,,,,,,,"1867911103159935103","0","1","Sat Dec 14 14:18:59 +0000 2024",,"1",,,,,,,,,,,,,,,,"NOTASLIMBOY","1867911103159935103","19190361",,,,,,,,,,,,,,,,,,,,,,,,,,,,,,,,,,,,,,,,,,,,,,,,,,,,,,,,,,,,,,,,,,,,,,,,,,,,,"19190361","0","12","Sammy Notaslimboy","NOTASLIMBOY",,,,,,,,,,,,,,,,,,,,,,,,,,,,,,,"1867911103159935103","0",,"0","0","0","@NOTASLIMBOY Sekarang yg ngusulin si presiden secara langsung dan kemungkinan besar bakal ACC tok","1867937334232264802",,,,,"1555830908737191936","true","true","Sat Aug 06 08:20:07 +0000 2022","true","false","Buat Hiburan Aja",,,,,,,,,,,,,,,,,,,,,"0","44498","54","408","true","false","0","","455","PenikmatHiburan","54","1848374499827392662","false","https://pbs.twimg.com/profile_banners/1555830908737191936/1708954910","https://pbs.twimg.com/profile_images/1555832888389926912/JlDOerXp_normal.jpg","","PenikmatHibura2","35422","none",,"false",,"false","","","0","","@NOTASLIMBOY Sekarang yg ngusulin si presiden secara langsung dan kemungkinan besar bakal ACC tok","","0","",,,,,"false"
"0","","Sat Dec 14 14:25:30 +0000 2024",,,,,,,,,,,,,,,,"","false","true","false","","1","19190361","0","12","Sammy Notaslimboy","NOTASLIMBOY",,,,,,,,,,,,,,,,,,,,,,,,,,,,,,,"1867911103159935103","0","1","Sat Dec 14 14:25:30 +0000 2024",,"1",,,,,,,,,,,,,,,,"NOTASLIMBOY","1867911103159935103","19190361",,,,,,,,,,,,,,,,,,,,,,,,,,,,,,,,,,,,,,,,,,,,,,,,,,,,,,,,,,,,,,,,,,,,,,,,,,,,,"19190361","0","12","Sammy Notaslimboy","NOTASLIMBOY",,,,,,,,,,,,,,,,,,,,,,,,,,,,,,,"1867911103159935103","0",,"0","0","0","@NOTASLIMBOY Kata-kata kunci: ""kalau konsisten""","1867938974624530591",,,,,"1603590210431746048","false","true","Fri Dec 16 03:18:11 +0000 2022","true","false","Web3D enthusiast

(2nd account, @toxynusca ™ is currently in read-only mode)",,,,,,,,,,,,,,,,,,,,,"0","33466","471","313","false","false","1","","127","Mursid W. Hananto ®","471",,"false","https://pbs.twimg.com/profile_banners/1603590210431746048/1671161777","https://pbs.twimg.com/profile_images/1603594470280204289/4oEszNl4_normal.jpg","","toxynuscaV2","49557","none",,"false",,"false","","","0","","@NOTASLIMBOY Kata-kata kunci: ""kalau konsisten""","","0","",,,,,"false"
"0","","Sat Dec 14 13:28:14 +0000 2024",,,,,,,,,,,,,,,,"","false","true","false","","1","19190361","0","12","Sammy Notaslimboy","NOTASLIMBOY",,,,,,,,,,,,,,,,,,,,,,,,,,,,,,,"1867911103159935103","0","1","Sat Dec 14 13:28:14 +0000 2024",,"1",,,,,,,,,,,,,,,,"NOTASLIMBOY","1867911103159935103","19190361",,,,,,,,,,,,,,,,,,,,,,,,,,,,,,,,,,,,,,,,,,,,,,,,,,,,,,,,,,,,,,,,,,,,,,,,,,,,,"19190361","0","12","Sammy Notaslimboy","NOTASLIMBOY",,,,,,,,,,,,,,,,,,,,,,,,,,,,,,,"1867911103159935103","0",,"0","0","0","@NOTASLIMBOY Pragmatis dulu laaaah... baru gabung,, cuan belum ngumpul...","1867924562744340583",,,,,"1569863143656136705","false","true","Wed Sep 14 01:39:27 +0000 2022","true","false","",,,,,,,,,,,,,,,,,,,,,"0","8226","45","200","false","false","0","","2","Raden Blues","45",,"false",,"https://pbs.twimg.com/profile_images/1569863367539703808/ng9F6TaH_normal.png","","prabowo_wishnu","3295","none",,"false",,"false","","","0","","@NOTASLIMBOY Pragmatis dulu laaaah... baru gabung,, cuan belum ngumpul...","","0","",,,,,"false"
"0","","Sat Dec 14 14:51:01 +0000 2024",,,,,,,,,,,,,,,,"","false","true","false","","1","19190361","0","12","Sammy Notaslimboy","NOTASLIMBOY",,,,,,,,,,,,,,,,,,,,,,,,,,,,,,,"1867911103159935103","0","1","Sat Dec 14 14:51:01 +0000 2024",,"1",,,,,,,,,,,,,,,,"NOTASLIMBOY","1867911103159935103","19190361",,,,,,,,,,,,,,,,,,,,,,,,,,,,,,,,,,,,,,,,,,,,,,,,,,,,,,,,,,,,,,,,,,,,,,,,,,,,,"19190361","0","12","Sammy Notaslimboy","NOTASLIMBOY",,,,,,,,,,,,,,,,,,,,,,,,,,,,,,,"1867911103159935103","0",,"0","0","0","@NOTASLIMBOY susah sih kalo konsisten demokrat ini. uda kecemplung, apalagi si agus diangkat mentri. otomatis mereka manut dan tiarap grakkk.","1867945394111721786",,,,,"56937533","false","false","Wed Jul 15 05:37:53 +0000 2009","false","false","",,,,,,,,,,,,,,,,,,,,,"0","705","133","540","true","false","1","","254","aabdoelkarim","133",,"false","https://pbs.twimg.com/profile_banners/56937533/1739901695","https://pbs.twimg.com/profile_images/1975748814800879616/4vFBvvuJ_normal.jpg","","aabdoelkarim","10164","none",,"false",,"false","","","0","","@NOTASLIMBOY susah sih kalo konsisten demokrat ini. uda kecemplung, apalagi si agus diangkat mentri. otomatis mereka manut dan tiarap grakkk.","","0","",,,,,"false"
"0","","Sun Dec 15 10:18:13 +0000 2024",,,,,,,,,,,,,,,,"","false","true","false","","0","19190361","0","12","Sammy Notaslimboy","NOTASLIMBOY",,,,,,,,,,,,,,,,,,,,,,,,,,,,,,,"1867911103159935103","0","0","Sun Dec 15 10:18:13 +0000 2024",,"0",,,,,,,,,,,,,,,,"NOTASLIMBOY","1867911103159935103","19190361",,,,,,,,,,,,,,,,,,,,,,,,,,,,,,,,,,,,,,,,,,,,,,,,,,,,,,,,,,,,,,,,,,,,,,,,,,,,,"19190361","0","12","Sammy Notaslimboy","NOTASLIMBOY",,,,,,,,,,,,,,,,,,,,,,,,,,,,,,,"1867911103159935103","0",,"0","0","0","@NOTASLIMBOY Suara rakyat suara Tuhan
Biarkan rakyat langsung memilih pemimpinnya.
Kemunduran namanya kalau dipilih oleh DPR.","1868239128208507261",,,,,"1603768816189988865","false","true","Fri Dec 16 15:07:48 +0000 2022","true","false","Wakanda No More, Indonesia Forever 🇲🇨
#Trader Saham# Pembenci Koruptor#",,,,,,,,,,,,,,,,,,,,,"0","65330","164","11","true","false","0","Kota Surabaya, Jawa Timur","864","Rangkuti","164",,"false","https://pbs.twimg.com/profile_banners/1603768816189988865/1671265828","https://pbs.twimg.com/profile_images/1638382655065718784/MoEDu3YP_normal.jpg","","rangkutifuat","29352","none",,"false",,"false","","","0","","@NOTASLIMBOY Suara rakyat suara Tuhan
Biarkan rakyat langsung memilih pemimpinnya.
Kemunduran namanya kalau dipilih oleh DPR.","","0","",,,,,"false"
"0","","Sat Dec 14 23:43:05 +0000 2024",,,,,,,,,,,,,,,,"","false","true","false","","0","19190361","0","12","Sammy Notaslimboy","NOTASLIMBOY",,,,,,,,,,,,,,,,,,,,,,,,,,,,,,,"1867911103159935103","0","1","Sat Dec 14 23:43:05 +0000 2024",,"0",,,,,,,,,,,,,,,,"NOTASLIMBOY","1867911103159935103","19190361",,,,,,,,,,,,,,,,,,,,,,,,,,,,,,,,,,,,,,,,,,,,,,,,,,,,,,,,,,,,,,,,,,,,,,,,,,,,,"19190361","0","12","Sammy Notaslimboy","NOTASLIMBOY",,,,,,,,,,,,,,,,,,,,,,,,,,,,,,,"1867911103159935103","0",,"1","0","0","@NOTASLIMBOY PKS dulu juga menolak, kalo PKS dan Demokrat konsisten, ditambah PDIP yg sudah nyatakan menolak, maka wacana kepala daerah dipilih DPRD akan latu sebelum berkembang, kecuali PRabowo berani keluarkan Perppu","1868079292070138208",,,,,"180112404","true","false","Wed Aug 18 21:34:34 +0000 2010","true","false","",,,,,,,,,,,,,,,,,,,,,"0","1280","109","252","true","false","0","","154","Budi Permana","109",,"false","https://pbs.twimg.com/profile_banners/180112404/1529109332","https://pbs.twimg.com/profile_images/974179356724490240/9KVNyeOf_normal.jpg","","irhamnapermana","16806","none",,"false",,"false","","","1","","@NOTASLIMBOY PKS dulu juga menolak, kalo PKS dan Demokrat konsisten, ditambah PDIP yg sudah nyatakan menolak, maka wacana kepala daerah dipilih DPRD akan latu sebelum berkembang, kecuali PRabowo berani keluarkan Perppu","","0","",,,,,"false"
"0","","Sat Dec 14 14:03:57 +0000 2024",,,,,,,,,,,,,,,,"","false","true","false","","0","19190361","0","12","Sammy Notaslimboy","NOTASLIMBOY",,,,,,,,,,,,,,,,,,,,,,,,,,,,,,,"1867911103159935103","0","1","Sat Dec 14 14:03:57 +0000 2024",,"0",,,,,,,,,,,,,,,,"NOTASLIMBOY","1867911103159935103","19190361",,,,,,,,,,,,,,,,,,,,,,,,,,,,,,,,,,,,,,,,,,,,,,,,,,,,,,,,,,,,,,,,,,,,,,,,,,,,,"19190361","0","12","Sammy Notaslimboy","NOTASLIMBOY",,,,,,,,,,,,,,,,,,,,,,,,,,,,,,,"1867911103159935103","0",,"0","0","0","@NOTASLIMBOY pasti berubah lah gak mungkin demokrat mau jadi oposisi","1867933547992162478",,,,,"33392911","false","true","Mon Apr 20 02:44:22 +0000 2009","false","false","",,,,,,,,,,,,,,,,,,,,,"0","1753","165","2630","true","false","2","Cengkareng, Indonesia","63","劉偉禮 rott183","165",,"false","https://pbs.twimg.com/profile_banners/33392911/1383163716","https://pbs.twimg.com/profile_images/424864505160400897/S_1uNsH7_normal.jpeg","","rott183_lau","2067","none",,"false",,"false","","","0","","@NOTASLIMBOY pasti berubah lah gak mungkin demokrat mau jadi oposisi","","0","",,,,,"false"
"0","","Sat Dec 14 15:40:34 +0000 2024",,,,,,,,,,,,,,,,"","false","true","false","","0","19190361","0","12","Sammy Notaslimboy","NOTASLIMBOY",,,,,,,,,,,,,,,,,,,,,,,,,,,,,,,"1867911103159935103","0","1","Sat Dec 14 15:40:34 +0000 2024",,"0",,,,,,,,,,,,,,,,"NOTASLIMBOY","1867911103159935103","19190361",,,,,,,,,,,,,,,,,,,,,,,,,,,,,,,,,,,,,,,,,,,,,,,,,,,,,,,,,,,,,,,,,,,,,,,,,,,,,"19190361","0","12","Sammy Notaslimboy","NOTASLIMBOY",,,,,,,,,,,,,,,,,,,,,,,,,,,,,,,"1867911103159935103","0",,"0","0","0","@NOTASLIMBOY Masalahnya kekuatan fraksi Partai Demokrat sekarang adalah yg paling kecil di parlemen (44 kursi). Saat peristiwa di tahun 2014, fraksi PD saat itu adalah yg terbesar di parlemen dgn 148 kursi.","1867957865325146166",,,,,"1653948686098124800","false","false","Thu May 04 02:24:48 +0000 2023","true","false","historian wannabe",,,,,,,,,,,,,,,,,,,,,"0","307","211","574","false","false","0","Indonesia","768","WartaGlobal","211",,"false","https://pbs.twimg.com/profile_banners/1653948686098124800/1701497150","https://pbs.twimg.com/profile_images/2007633225250942982/iB1tdHPh_normal.jpg","","newswaLker","6210","none",,"false",,"false","","","0","","@NOTASLIMBOY Masalahnya kekuatan fraksi Partai Demokrat sekarang adalah yg paling kecil di parlemen (44 kursi). Saat peristiwa di tahun 2014, fraksi PD saat itu adalah yg terbesar di parlemen dgn 148 kursi.","","0","",,,,,"false"
"0","","Sun Dec 15 01:18:46 +0000 2024",,,,,,,,,,,,,,,,"","false","true","false","","0","19190361","0","12","Sammy Notaslimboy","NOTASLIMBOY",,,,,,,,,,,,,,,,,,,,,,,,,,,,,,,"1867911103159935103","0","0","Sun Dec 15 01:18:46 +0000 2024",,"0",,,,,,,,,,,,,,,,"NOTASLIMBOY","1867911103159935103","19190361",,,,,,,,,,,,,,,,,,,,,,,,,,,,,,,,,,,,,,,,,,,,,,,,,,,,,,,,,,,,,,,,,,,,,,,,,,,,,"19190361","0","12","Sammy Notaslimboy","NOTASLIMBOY",,,,,,,,,,,,,,,,,,,,,,,,,,,,,,,"1867911103159935103","0",,"0","0","0","@NOTASLIMBOY Kekuasan itu Indah Kawaaaannnnnnn....","1868103374824161315",,,,,"243567232","false","true","Thu Jan 27 09:59:05 +0000 2011","true","false","2018 & #NggaFollowPorno",,,,,,,,,,,,,,,,,,,,,"0","85381","1497","1836","true","false","0","Banten, Indonesia","1312","SuksesSelalu","1497","1737980369222431042","false","https://pbs.twimg.com/profile_banners/243567232/1533467232","https://pbs.twimg.com/profile_images/1026062064802881537/lp7IEjZG_normal.jpg","","RYANKENCANA","14307","none",,"false",,"false","","","0","","@NOTASLIMBOY Kekuasan itu Indah Kawaaaannnnnnn....","","0","",,,,,"false"
"0","","Sat Dec 14 15:30:13 +0000 2024",,,,,,,,,,,,,,,,"","false","true","false","","0","19190361","0","12","Sammy Notaslimboy","NOTASLIMBOY",,,,,,,,,,,,,,,,,,,,,,,,,,,,,,,"1867911103159935103","0","0","Sat Dec 14 15:30:13 +0000 2024",,"0",,,,,,,,,,,,,,,,"NOTASLIMBOY","1867911103159935103","19190361",,,,,,,,,,,,,,,,,,,,,,,,,,,,,,,,,,,,,,,,,,,,,,,,,,,,,,,,,,,,,,,,,,,,,,,,,,,,,"19190361","0","12","Sammy Notaslimboy","NOTASLIMBOY",,,,,,,,,,,,,,,,,,,,,,,,,,,,,,,"1867911103159935103","0",,"0","0","0","@NOTASLIMBOY ""kalau""","1867955261132112267",,,,,"1310448120216481794","true","false","Mon Sep 28 05:16:30 +0000 2020","true","false","kalau diblock, berarti saya tidak suka. makasih🙏🏼",,,,,,,,,,,,,,,,,,,,,"0","7502","28","46","true","false","1","","331","ken yoi","28","1951927847708156278","false","https://pbs.twimg.com/profile_banners/1310448120216481794/1706195718","https://pbs.twimg.com/profile_images/1865741578498887680/p7w-17Cs_normal.jpg","","sasugaken","22595","none",,"false",,"false","","","0","","@NOTASLIMBOY ""kalau""","","0","",,,,,"false"
"0","","Sun Dec 15 06:41:09 +0000 2024",,,,,,,,,,,,,,,,"","false","true","false","","0","19190361","0","12","Sammy Notaslimboy","NOTASLIMBOY",,,,,,,,,,,,,,,,,,,,,,,,,,,,,,,"1867911103159935103","0","0","Sun Dec 15 06:41:09 +0000 2024",,"0",,,,,,,,,,,,,,,,"NOTASLIMBOY","1867911103159935103","19190361",,,,,,,,,,,,,,,,,,,,,,,,,,,,,,,,,,,,,,,,,,,,,,,,,,,,,,,,,,,,,,,,,,,,,,,,,,,,,"19190361","0","12","Sammy Notaslimboy","NOTASLIMBOY",,,,,,,,,,,,,,,,,,,,,,,,,,,,,,,"1867911103159935103","0",,"0","0","0","@NOTASLIMBOY pak sby.. knp sih pak :( masa demokrat yg dulu bukanlah yg skr..","1868184502008496131",,,,,"1432881302433243139","true","false","Wed Sep 01 01:41:58 +0000 2021","true","false","Free Palestine 🍉 | #ResetIndonesia #wargabantuwarga",,,,,,,,,,,,,,,,"arab.org/click-to-help/…","https://arab.org/click-to-help/palestine/","0","23","https://t.co/CkxZR2Fwhj","0","146856","190","520","true","false","1","","716","🇵🇸🤍","190","1844671652564758772","false","https://pbs.twimg.com/profile_banners/1432881302433243139/1756822065","https://pbs.twimg.com/profile_images/1962938302098767872/zd-Oet7K_normal.jpg","","letmesleepmate","24406","none","https://t.co/CkxZR2Fwhj","false",,"false","","","0","","@NOTASLIMBOY pak sby.. knp sih pak :( masa demokrat yg dulu bukanlah yg skr..","","0","",,,,,"false"
"0","","Sun Dec 15 02:15:19 +0000 2024",,,,,,,,,,,,,,,,"","false","true","false","","0","19190361","0","12","Sammy Notaslimboy","NOTASLIMBOY","856934112250126336","17","28","Jansen Sitindaon","jansen_jsp",,,,,,,,,,,,,,,,,,,,,,,,,,"1867911103159935103","0","0","Sun Dec 15 02:15:19 +0000 2024",,"0",,,,,,,,,,,,,,,,"NOTASLIMBOY","1867911103159935103","19190361",,,,,,,,,,,,,,,,,,,,,,,,,,,,,,,,,,,,,,,,,,,,,,,,,,,,,,,,,,,,,,,,,,,,,,,,,,,,,"19190361","0","12","Sammy Notaslimboy","NOTASLIMBOY","856934112250126336","17","28","Jansen Sitindaon","jansen_jsp",,,,,,,,,,,,,,,,,,,,,,,,,,"1867911103159935103","0",,"0","0","0","@NOTASLIMBOY Pak @jansen_jsp 🤔","1868117602909966504",,,,,"1791366362142773248","false","true","Fri May 17 07:14:11 +0000 2024","true","false","hello world,,aku kembali",,,,,,,,,,,,,,,,,,,,,"0","247695","35","79","false","false","0","","43","irvansatoshi","35","1791375473353838638","false","https://pbs.twimg.com/profile_banners/1791366362142773248/1715930472","https://pbs.twimg.com/profile_images/1791366734102044672/Nj2Iukpb_normal.jpg","","irvansatoshi90","13902","none",,"false",,"false","","","0","","@NOTASLIMBOY Pak @jansen_jsp 🤔","","0","",,,,,"false"
"0","","Sat Dec 14 15:09:10 +0000 2024",,,,,,,,,,,,,,,,"","false","true","false","","0","19190361","0","12","Sammy Notaslimboy","NOTASLIMBOY",,,,,,,,,,,,,,,,,,,,,,,,,,,,,,,"1867911103159935103","0","1","Sat Dec 14 15:09:10 +0000 2024",,"0",,,,,,,,,,,,,,,,"NOTASLIMBOY","1867911103159935103","19190361",,,,,,,,,,,,,,,,,,,,,,,,,,,,,,,,,,,,,,,,,,,,,,,,,,,,,,,,,,,,,,,,,,,,,,,,,,,,,"19190361","0","12","Sammy Notaslimboy","NOTASLIMBOY",,,,,,,,,,,,,,,,,,,,,,,,,,,,,,,"1867911103159935103","0",,"0","0","0","@NOTASLIMBOY Akhirnya ide orba bangkit lagi 😂","1867949960513433614",,,,,"1116677970221862912","false","true","Fri Apr 12 12:22:29 +0000 2019","true","false","komunis, pejabat korup, aparat pemeras rakyat, habib palsu, politisi sampah, enyahkan dari bumi Indonesia",,,,,,,,,,,,,,,,,,,,,"0","3581","36","30","false","false","0","","541","#Birojomblo","36",,"false",,"https://pbs.twimg.com/profile_images/1117280897466634240/HsN98tIl_normal.jpg","","BijakHuman","4473","none",,"false",,"false","","","0","","@NOTASLIMBOY Akhirnya ide orba bangkit lagi 😂","","0","",,,,,"false"
"0","","Mon Dec 16 04:07:48 +0000 2024",,,,,,,,,,,,,,,,"","false","true","false","","0","19190361","0","12","Sammy Notaslimboy","NOTASLIMBOY",,,,,,,,,,,,,,,,,,,,,,,,,,,,,,,"1867911103159935103","0","0","Mon Dec 16 04:07:48 +0000 2024",,"0",,,,,,,,,,,,,,,,"NOTASLIMBOY","1867911103159935103","19190361",,,,,,,,,,,,,,,,,,,,,,,,,,,,,,,,,,,,,,,,,,,,,,,,,,,,,,,,,,,,,,,,,,,,,,,,,,,,,"19190361","0","12","Sammy Notaslimboy","NOTASLIMBOY",,,,,,,,,,,,,,,,,,,,,,,,,,,,,,,"1867911103159935103","0",,"0","0","0","@NOTASLIMBOY Politik mengikuti kekuasaan, dan DPR akan mendukung kekuasaan","1868508301409059086",,,,,"64605516","false","false","Tue Aug 11 03:02:43 +0000 2009","true","false","",,,,,,,,,,,,,,,,,,,,,"0","29","107","324","false","false","0","ÜT: -6.289942,106.753653","654","iswarsyah anwar","107",,"false",,"https://pbs.twimg.com/profile_images/1538763339811409920/l5e06pVB_normal.jpg","","iwalanwar","20919","none",,"false",,"false","","","0","","@NOTASLIMBOY Politik mengikuti kekuasaan, dan DPR akan mendukung kekuasaan","","0","",,,,,"false"
"0","","Sun Dec 15 10:33:16 +0000 2024",,,,,,,,,,,,,,,,"","false","true","false","","0","19190361","0","12","Sammy Notaslimboy","NOTASLIMBOY",,,,,,,,,,,,,,,,,,,,,,,,,,,,,,,"1867911103159935103","0","0","Sun Dec 15 10:33:16 +0000 2024",,"0",,,,,,,,,,,,,,,,"NOTASLIMBOY","1867911103159935103","19190361","pic.x.com/FuqZcHrOTn","https://x.com/freemaksi/status/1868242916701057483/photo/1","1245","photo","https://pbs.twimg.com/media/Ge1VB-mbMAAg0LG.jpg",,,,,,,,,,,,,,"1080","pic.x.com/FuqZcHrOTn","https://x.com/freemaksi/status/1868242916701057483/photo/1","1521","photo","https://pbs.twimg.com/media/Ge1VCAHbsAA0Qln.jpg",,,,,,,,,,,,,,"1080","pic.x.com/FuqZcHrOTn","https://x.com/freemaksi/status/1868242916701057483/photo/1","1425","photo","https://pbs.twimg.com/media/Ge1VCAJa0AAB8UB.jpg",,,,,,,,,,,,,,"1080",,,,,,,,,,,,,,,,,,,,"19190361","0","12","Sammy Notaslimboy","NOTASLIMBOY",,,,,,,,,,,,,,,,,,,,,,,,,,,,,,,"1867911103159935103","0",,"1","0","0","@NOTASLIMBOY Fraksi lain mah aman. Justru PDIP yg diragukan soal demokrasi. Nih: https://t.co/FuqZcHrOTn","1868242916701057483",,,,,"1791046334654615552","false","true","Thu May 16 10:02:00 +0000 2024","true","false","",,,,,,,,,,,,,,,,,,,,,"0","96","14","78","false","false","1","","300","FREE MAKSI","14","1970701886035763701","false",,"https://pbs.twimg.com/profile_images/1866447409104261120/SOwIablR_normal.jpg","","freemaksi","1249","none",,"false",,"false","","","1","","@NOTASLIMBOY Fraksi lain mah aman. Justru PDIP yg diragukan soal demokrasi. Nih: https://t.co/FuqZcHrOTn","","0","",,,,,"false"
"0","","Mon Feb 12 11:05:12 +0000 2024",,,,,,,,,,,,,,,,"","false","true","false","","0","89855607","0","7","IMA MAHDIAH","imadya",,,,,,,,,,,,,,,,,,,,,,,,,,,,,,,"1756974502897152356","0","0","Mon Feb 12 11:05:12 +0000 2024",,"0",,,,,,,,,,,,,,,,"imadya","1756974502897152356","89855607","pic.x.com/FiFJwOGp1F","https://x.com/rdh131/status/1756997878667694082/photo/1","1024","photo","https://pbs.twimg.com/media/GGIcQQdakAAuw6B.jpg",,,,,,,,,,,,,,"513",,,,,,,,,,,,,,,,,,,,,,,,,,,,,,,,,,,,,,,,,,,,,,,,,,,,,,,,,,"89855607","0","7","IMA MAHDIAH","imadya",,,,,,,,,,,,,,,,,,,,,,,,,,,,,,,"1756974502897152356","0",,"1","0","0","@imadya Dua suara dr saya dan istri buat Ibu https://t.co/FiFJwOGp1F","1756997878667694082",,,,,"1385995076","false","true","Sun Apr 28 03:15:51 +0000 2013","true","false","",,,,,,,,,,,,,,,,,,,,,"0","725","13","76","false","false","0","Jakarta","6","Ardha","13",,"false",,"https://pbs.twimg.com/profile_images/487562464431587328/b4OJJP0Y_normal.jpeg","","rdh131","125","none",,"false",,"false","","","1","","@imadya Dua suara dr saya dan istri buat Ibu https://t.co/FiFJwOGp1F","","0","",,,,,"false"
"0","","Tue Feb 13 00:01:36 +0000 2024",,,,,,,,,,,,,,,,"","false","true","false","","0","1385995076","0","7","Ardha","rdh131",,,,,,,,,,,,,,,,,,,,,,,,,,,,,,,"1756974502897152356","0","0","Tue Feb 13 00:01:36 +0000 2024",,"0",,,,,,,,,,,,,,,,"rdh131","1756997878667694082","1385995076",,,,,,,,,,,,,,,,,,,,,,,,,,,,,,,,,,,,,,,,,,,,,,,,,,,,,,,,,,,,,,,,,,,,,,,,,,,,,"1385995076","0","7","Ardha","rdh131",,,,,,,,,,,,,,,,,,,,,,,,,,,,,,,"1756974502897152356","0",,"1","0","0","@rdh131 Terima kasih atas perhatian dan dukungannya pak. Salam utk istri ya","1757193266213360093",,,,,"89855607","false","true","Sat Nov 14 02:59:20 +0000 2009","false","false","#wakilRakyat & #pelayanWarga  | @fpdip_jakarta | Aspirasi/Pengaduan langsung WA: 0811-8055-155 | Dapil 10 Jakarta Barat",,,,,,,,,,,,,,,,"linktr.ee/imamahdiah","https://linktr.ee/imamahdiah","0","23","https://t.co/36NxngXiGw","0","1065","42383","374","true","false","28","Jakarta, Indonesia","1132","IMA MAHDIAH","42383",,"false","https://pbs.twimg.com/profile_banners/89855607/1370753862","https://pbs.twimg.com/profile_images/1541047500739555329/VePhEzRa_normal.jpg","","imadya","56007","none","https://t.co/36NxngXiGw","false",,"false","","","1","","@rdh131 Terima kasih atas perhatian dan dukungannya pak. Salam utk istri ya","","0","",,,,,"false"
"0","","Mon Feb 12 17:23:55 +0000 2024",,,,,,,,,,,,,,,,"","false","true","false","","0","89855607","0","7","IMA MAHDIAH","imadya",,,,,,,,,,,,,,,,,,,,,,,,,,,,,,,"1756974502897152356","0","0","Mon Feb 12 17:23:55 +0000 2024",,"0",,,,,,,,,,,,,,,,"imadya","1756974502897152356","89855607",,,,,,,,,,,,,,,,,,,,,,,,,,,,,,,,,,,,,,,,,,,,,,,,,,,,,,,,,,,,,,,,,,,,,,,,,,,,,"89855607","0","7","IMA MAHDIAH","imadya",,,,,,,,,,,,,,,,,,,,,,,,,,,,,,,"1756974502897152356","0",,"1","0","0","@imadya Utk dapil jakarta selatan,siapa yg harus dipilih,Krn aku blm tau siapa yg mau di pilih buat DPRD dki","1757093187691372714",,,,,"1228206623153254400","true","true","Fri Feb 14 06:37:54 +0000 2020","true","false","masak",,,,,,,,,,,,,,,,,,,,,"0","4021","79","195","false","false","0","Jakarta Capital Region","160","Christin Matipa","79",,"false","https://pbs.twimg.com/profile_banners/1228206623153254400/1653057389","https://pbs.twimg.com/profile_images/1767430665195393024/o46Wr1mr_normal.jpg","","ChristinMatipa","1073","none",,"false",,"false","","","1","","@imadya Utk dapil jakarta selatan,siapa yg harus dipilih,Krn aku blm tau siapa yg mau di pilih buat DPRD dki","","0","",,,,,"false"
"0","","Tue Feb 13 00:01:03 +0000 2024",,,,,,,,,,,,,,,,"","false","true","false","","1","1228206623153254400","0","15","Christin Matipa","ChristinMatipa",,,,,,,,,,,,,,,,,,,,,,,,,,,,,,,"1756974502897152356","0","0","Tue Feb 13 00:01:03 +0000 2024",,"1",,,,,,,,,,,,,,,,"ChristinMatipa","1757093187691372714","1228206623153254400",,,,,,,,,,,,,,,,,,,,,,,,,,,,,,,,,,,,,,,,,,,,,,,,,,,,,,,,,,,,,,,,,,,,,,,,,,,,,"1228206623153254400","0","15","Christin Matipa","ChristinMatipa",,,,,,,,,,,,,,,,,,,,,,,,,,,,,,,"1756974502897152356","0",,"1","0","0","@ChristinMatipa Dapil 7/8? coblos partainya saja juga bisa","1757193128745087353",,,,,"89855607","false","true","Sat Nov 14 02:59:20 +0000 2009","false","false","#wakilRakyat & #pelayanWarga  | @fpdip_jakarta | Aspirasi/Pengaduan langsung WA: 0811-8055-155 | Dapil 10 Jakarta Barat",,,,,,,,,,,,,,,,"linktr.ee/imamahdiah","https://linktr.ee/imamahdiah","0","23","https://t.co/36NxngXiGw","0","1065","42383","374","true","false","28","Jakarta, Indonesia","1132","IMA MAHDIAH","42383",,"false","https://pbs.twimg.com/profile_banners/89855607/1370753862","https://pbs.twimg.com/profile_images/1541047500739555329/VePhEzRa_normal.jpg","","imadya","56007","none","https://t.co/36NxngXiGw","false",,"false","","","1","","@ChristinMatipa Dapil 7/8? coblos partainya saja juga bisa","","0","",,,,,"false"
"0","","Mon Feb 12 10:28:26 +0000 2024",,,,,,,,,,,,,,,,"","false","true","false","","0","89855607","0","7","IMA MAHDIAH","imadya",,,,,,,,,,,,,,,,,,,,,,,,,,,,,,,"1756974502897152356","0","0","Mon Feb 12 10:28:26 +0000 2024",,"0",,,,,,,,,,,,,,,,"imadya","1756974502897152356","89855607",,,,,,,,,,,,,,,,,,,,,,,,,,,,,,,,,,,,,,,,,,,,,,,,,,,,,,,,,,,,,,,,,,,,,,,,,,,,,"89855607","0","7","IMA MAHDIAH","imadya",,,,,,,,,,,,,,,,,,,,,,,,,,,,,,,"1756974502897152356","0",,"1","0","0","@imadya gw di timur, sih. sukses ya mbak...","1756988626339287253",,,,,"624428203","false","true","Mon Jul 02 06:33:07 +0000 2012","true","false","mengaum, menyambar",,,,,,,,,,,,,,,,,,,,,"0","3713","2313","925","true","false","0","di Palung Terdalam","1471","awang sancaka🤟","2313",,"false","https://pbs.twimg.com/profile_banners/624428203/1553318679","https://pbs.twimg.com/profile_images/1109324624456630273/MTO-U1vv_normal.jpg","","AwangSancaka","32160","none",,"false",,"false","","","1","","@imadya gw di timur, sih. sukses ya mbak...","","0","",,,,,"false"
"0","","Tue Feb 13 00:01:11 +0000 2024",,,,,,,,,,,,,,,,"","false","true","false","","1","624428203","0","13","awang sancaka🤟","AwangSancaka",,,,,,,,,,,,,,,,,,,,,,,,,,,,,,,"1756974502897152356","0","0","Tue Feb 13 00:01:11 +0000 2024",,"1",,,,,,,,,,,,,,,,"AwangSancaka","1756988626339287253","624428203",,,,,,,,,,,,,,,,,,,,,,,,,,,,,,,,,,,,,,,,,,,,,,,,,,,,,,,,,,,,,,,,,,,,,,,,,,,,,"624428203","0","13","awang sancaka🤟","AwangSancaka",,,,,,,,,,,,,,,,,,,,,,,,,,,,,,,"1756974502897152356","0",,"0","0","0","@AwangSancaka Terima kasih","1757193160776942044",,,,,"89855607","false","true","Sat Nov 14 02:59:20 +0000 2009","false","false","#wakilRakyat & #pelayanWarga  | @fpdip_jakarta | Aspirasi/Pengaduan langsung WA: 0811-8055-155 | Dapil 10 Jakarta Barat",,,,,,,,,,,,,,,,"linktr.ee/imamahdiah","https://linktr.ee/imamahdiah","0","23","https://t.co/36NxngXiGw","0","1065","42383","374","true","false","28","Jakarta, Indonesia","1132","IMA MAHDIAH","42383",,"false","https://pbs.twimg.com/profile_banners/89855607/1370753862","https://pbs.twimg.com/profile_images/1541047500739555329/VePhEzRa_normal.jpg","","imadya","56007","none","https://t.co/36NxngXiGw","false",,"false","","","0","","@AwangSancaka Terima kasih","","0","",,,,,"false"
"0","","Mon Feb 12 09:39:39 +0000 2024",,,,,,,,,,,,,,,,"","false","true","false","","3","89855607","0","7","IMA MAHDIAH","imadya",,,,,,,,,,,,,,,,,,,,,,,,,,,,,,,"1756974502897152356","0","0","Mon Feb 12 09:39:39 +0000 2024",,"3",,,,,,,,,,,,,,,,"imadya","1756974502897152356","89855607",,,,,,,,,,,,,,,,,,,,,,,,,,,,,,,,,,,,,,,,,,,,,,,,,,,,,,,,,,,,,,,,,,,,,,,,,,,,,"89855607","0","7","IMA MAHDIAH","imadya",,,,,,,,,,,,,,,,,,,,,,,,,,,,,,,"1756974502897152356","0",,"0","0","0","@imadya Semoga terpilih lagi kak imadya 🤟","1756976350228107431",,,,,"1737722169810120704","true","true","Thu Dec 21 06:30:47 +0000 2023","true","false","tupak sagai Team",,,,,,,,,,,,,,,,,,,,,"0","412","20","126","false","false","0","telok dalam","24","kik ber'ak","20",,"false","https://pbs.twimg.com/profile_banners/1737722169810120704/1703140808","https://pbs.twimg.com/profile_images/1737722764273004544/MlgDNVFm_normal.jpg","","KikBer21","163","none",,"false",,"false","","","0","","@imadya Semoga terpilih lagi kak imadya 🤟","","0","",,,,,"false"
"0","","Mon Feb 12 09:39:53 +0000 2024",,,,,,,,,,,,,,,,"","false","true","false","","1","89855607","0","7","IMA MAHDIAH","imadya","89855607","26","33","IMA MAHDIAH","imadya",,,,,,,,,,,,,,,,,,,,,,,,,,"1756974502897152356","0","0","Mon Feb 12 09:39:53 +0000 2024",,"1",,,,,,,,,,,,,,,,"imadya","1756974502897152356","89855607","pic.x.com/kvlGBO4lvS","https://x.com/hokimulu/status/1756976406733750478/photo/1","2048","photo","https://pbs.twimg.com/media/GGIIuLoaMAAnJxz.jpg",,,,,,,,,,,,,,"1536",,,,,,,,,,,,,,,,,,,,,,,,,,,,,,,,,,,,,,,,,,,,,,,,,,,,,,,,,,"89855607","0","7","IMA MAHDIAH","imadya","89855607","26","33","IMA MAHDIAH","imadya",,,,,,,,,,,,,,,,,,,,,,,,,,"1756974502897152356","0",,"0","0","1","@imadya Jangan lupa pilih @imadya https://t.co/kvlGBO4lvS","1756976406733750478",,,,,"76852518","false","true","Thu Sep 24 04:11:42 +0000 2009","false","false","",,,,,,,,,,,,,,,,,,,,,"0","3115","216","399","false","false","3","ÜT: -6.168572,106.785677","678","FALLOUT","216",,"false","https://pbs.twimg.com/profile_banners/76852518/1405570277","https://pbs.twimg.com/profile_images/1826303310959112192/gfhPB1aV_normal.jpg","","hokimulu","3507","none",,"false",,"false","","","0","","@imadya Jangan lupa pilih @imadya https://t.co/kvlGBO4lvS","","1","",,,,,"false"
"0","","Mon Feb 12 09:35:57 +0000 2024",,,,,,,,,,,,,,,,"","false","true","false","","2","89855607","0","7","IMA MAHDIAH","imadya",,,,,,,,,,,,,,,,,,,,,,,,,,,,,,,"1756974502897152356","0","0","Mon Feb 12 09:35:57 +0000 2024",,"2",,,,,,,,,,,,,,,,"imadya","1756974502897152356","89855607",,,,,,,,,,,,,,,,,,,,,,,,,,,,,,,,,,,,,,,,,,,,,,,,,,,,,,,,,,,,,,,,,,,,,,,,,,,,,"89855607","0","7","IMA MAHDIAH","imadya",,,,,,,,,,,,,,,,,,,,,,,,,,,,,,,"1756974502897152356","0",,"0","0","0","@imadya Ima madiah dki 1","1756975420589957486",,,,,"1692740699710767104","false","false","Sat Aug 19 03:30:20 +0000 2023","true","false","fuck 🇦🇪🇷🇺🇮🇱🇨🇳

proud radical centrist 
fuck far left far right",,,,,,,,,,,,,,,,,,,,,"0","53698","482","854","false","false","9","","1776","Anti Bani Emirati","482",,"false","https://pbs.twimg.com/profile_banners/1692740699710767104/1767704977","https://pbs.twimg.com/profile_images/2006963972948566016/3umHRhxg_normal.jpg","","2029GantiRezim","76750","none",,"false",,"false","","","0","","@imadya Ima madiah dki 1","","0","",,,,,"false"
"0","","Mon Feb 12 09:48:43 +0000 2024",,,,,,,,,,,,,,,,"","false","true","false","","1","89855607","0","7","IMA MAHDIAH","imadya",,,,,,,,,,,,,,,,,,,,,,,,,,,,,,,"1756974502897152356","0","0","Mon Feb 12 09:48:43 +0000 2024",,"1",,,,,,,,,,,,,,,,"imadya","1756974502897152356","89855607",,,,,,,,,,,,,,,,,,,,,,,,,,,,,,,,,,,,,,,,,,,,,,,,,,,,,,,,,,,,,,,,,,,,,,,,,,,,,"89855607","0","7","IMA MAHDIAH","imadya",,,,,,,,,,,,,,,,,,,,,,,,,,,,,,,"1756974502897152356","0",,"0","0","0","@imadya Aku baru tau. Makasih infonya kak Ima","1756978632021643623",,,,,"1957903376","false","false","Sun Oct 13 03:15:50 +0000 2013","true","false","Champions of the World,You'll never ever sing that Assna 🤣",,,,,,,,,,,,,,,,,,,,,"0","27166","183","237","true","false","0","Waldorf, MD","917","IgiEkaKurniawan","183","1780851500878909692","false","https://pbs.twimg.com/profile_banners/1957903376/1764117860","https://pbs.twimg.com/profile_images/1937423809465974787/0X-oX6Gg_normal.jpg","","igiekakurniawan","15919","none",,"false",,"false","","","0","","@imadya Aku baru tau. Makasih infonya kak Ima","","0","",,,,,"false"
"0","","Mon Feb 12 09:36:00 +0000 2024",,,,,,,,,,,,,,,,"","false","true","false","","1","89855607","0","7","IMA MAHDIAH","imadya",,,,,,,,,,,,,,,,,,,,,,,,,,,,,,,"1756974502897152356","0","0","Mon Feb 12 09:36:00 +0000 2024",,"1",,,,,,,,,,,,,,,,"imadya","1756974502897152356","89855607",,,,,,,,,,,,,,,,,,,,,,,,,,,,,,,,,,,,,,,,,,,,,,,,,,,,,,,,,,,,,,,,,,,,,,,,,,,,,"89855607","0","7","IMA MAHDIAH","imadya",,,,,,,,,,,,,,,,,,,,,,,,,,,,,,,"1756974502897152356","0",,"1","0","0","@imadya Kalau untuk Kec. Koja Jakut ada caleg yang bagus yg seperti Ibu?","1756975432661135590",,,,,"149270262","true","true","Fri May 28 21:35:26 +0000 2010","false","false","Do what you love",,,,,,,,,,,,,,,,,,,,,"0","494","204","920","true","false","1","Jakarta / Jatiasih","343","RckHtjl","204",,"false",,"https://pbs.twimg.com/profile_images/1401746055922819072/MNJNeyCm_normal.jpg","","RickyHutadjulu","12704","none",,"false",,"false","","","1","","@imadya Kalau untuk Kec. Koja Jakut ada caleg yang bagus yg seperti Ibu?","","0","",,,,,"false"
"0","","Mon Feb 12 11:59:18 +0000 2024",,,,,,,,,,,,,,,,"","false","true","false","","0","89855607","0","7","IMA MAHDIAH","imadya",,,,,,,,,,,,,,,,,,,,,,,,,,,,,,,"1756974502897152356","0","0","Mon Feb 12 11:59:18 +0000 2024",,"0",,,,,,,,,,,,,,,,"imadya","1756974502897152356","89855607",,,,,,,,,,,,,,,,,,,,,,,,,,,,,,,,,,,,,,,,,,,,,,,,,,,,,,,,,,,,,,,,,,,,,,,,,,,,,"89855607","0","7","IMA MAHDIAH","imadya",,,,,,,,,,,,,,,,,,,,,,,,,,,,,,,"1756974502897152356","0",,"0","0","0","@imadya Siap pilih PDIP mbak","1757011492082429960",,,,,"3226616154","false","true","Tue May 26 01:07:29 +0000 2015","true","false","",,,,,,,,,,,,,,,,,,,,,"0","43487","29","280","false","false","0","","5","Teguh Swasono","29",,"false",,"https://pbs.twimg.com/profile_images/603005838253400064/a0zbTp38_normal.jpg","","47b2b39c9ce2480","7725","none",,"false",,"false","","","0","","@imadya Siap pilih PDIP mbak","","0","",,,,,"false"
"0","","Mon Feb 12 09:44:06 +0000 2024",,,,,,,,,,,,,,,,"","false","true","false","","0","89855607","0","7","IMA MAHDIAH","imadya",,,,,,,,,,,,,,,,,,,,,,,,,,,,,,,"1756974502897152356","0","0","Mon Feb 12 09:44:06 +0000 2024",,"0",,,,,,,,,,,,,,,,"imadya","1756974502897152356","89855607",,,,,,,,,,,,,,,,,,,,,,,,,,,,,,,,,,,,,,,,,,,,,,,,,,,,,,,,,,,,,,,,,,,,,,,,,,,,,"89855607","0","7","IMA MAHDIAH","imadya",,,,,,,,,,,,,,,,,,,,,,,,,,,,,,,"1756974502897152356","0",,"1","0","0","@imadya Mba Ima...tetangga saya suami istri...suami terdaftar di dpt si istri tidak. Apakah si istri bisa datang ke TPS sambil bawa KTP dan KK? Alamat rambutan Ciracas Jaktim","1756977469708816511",,,,,"1586375002668269575","false","true","Sat Oct 29 15:11:08 +0000 2022","true","false","",,,,,,,,,,,,,,,,,,,,,"0","18889","100","484","false","false","0","","272","Arrayain","100",,"false","https://pbs.twimg.com/profile_banners/1586375002668269575/1667099741","https://pbs.twimg.com/profile_images/1586557409853865984/VrhssFVv_normal.jpg","","ARayyain","5189","none",,"false",,"false","","","1","","@imadya Mba Ima...tetangga saya suami istri...suami terdaftar di dpt si istri tidak. Apakah si istri bisa datang ke TPS sambil bawa KTP dan KK? Alamat rambutan Ciracas Jaktim","","0","",,,,,"false"
"0","","Mon Feb 12 11:47:24 +0000 2024",,,,,,,,,,,,,,,,"","false","true","false","","0","89855607","0","7","IMA MAHDIAH","imadya",,,,,,,,,,,,,,,,,,,,,,,,,,,,,,,"1756974502897152356","0","0","Mon Feb 12 11:47:24 +0000 2024",,"0",,,,,,,,,,,,,,,,"imadya","1756974502897152356","89855607",,,,,,,,,,,,,,,,,,,,,,,,,,,,,,,,,,,,,,,,,,,,,,,,,,,,,,,,,,,,,,,,,,,,,,,,,,,,,"89855607","0","7","IMA MAHDIAH","imadya",,,,,,,,,,,,,,,,,,,,,,,,,,,,,,,"1756974502897152356","0",,"0","0","0","@imadya Semangat mbak.. Kalahkan PSI.. 🔥🔥🔥","1757008500423905619",,,,,"1692431009239945216","true","false","Fri Aug 18 07:00:12 +0000 2023","true","false","kuLi Korporasi, Salesman, milenial,  as Father",,,,,,,,,,,,,,,,,,,,,"0","582","33","165","false","false","0","","162","pak_Bewok","33",,"false",,"https://pbs.twimg.com/profile_images/1716973864524374016/PbektadG_normal.jpg","","lexotansbo","2415","none",,"false",,"false","","","0","","@imadya Semangat mbak.. Kalahkan PSI.. 🔥🔥🔥","","0","",,,,,"false"
"0","","Mon Feb 12 12:16:01 +0000 2024",,,,,,,,,,,,,,,,"","false","true","false","","0","89855607","0","7","IMA MAHDIAH","imadya",,,,,,,,,,,,,,,,,,,,,,,,,,,,,,,"1756974502897152356","0","0","Mon Feb 12 12:16:01 +0000 2024",,"0",,,,,,,,,,,,,,,,"imadya","1756974502897152356","89855607",,,,,,,,,,,,,,,,,,,,,,,,,,,,,,,,,,,,,,,,,,,,,,,,,,,,,,,,,,,,,,,,,,,,,,,,,,,,,"89855607","0","7","IMA MAHDIAH","imadya",,,,,,,,,,,,,,,,,,,,,,,,,,,,,,,"1756974502897152356","0",,"0","0","0","@imadya Siap amankan","1757015699690762373",,,,,"1564894248599957505","false","true","Wed Aug 31 08:34:43 +0000 2022","true","false","",,,,,,,,,,,,,,,,,,,,,"0","6266","120","393","false","false","0","","927","SSS","120",,"false","https://pbs.twimg.com/profile_banners/1564894248599957505/1664266170","https://pbs.twimg.com/profile_images/1564894442020282368/EyaIN8N__normal.jpg","","Syafira2010","5790","none",,"false",,"false","","","0","","@imadya Siap amankan","","0","",,,,,"false"
"0","","Tue Feb 13 18:51:54 +0000 2024",,,,,,,,,,,,,,,,"","false","true","false","","0","89855607","0","7","IMA MAHDIAH","imadya",,,,,,,,,,,,,,,,,,,,,,,,,,,,,,,"1756974502897152356","0","0","Tue Feb 13 18:51:54 +0000 2024",,"0",,,,,,,,,,,,,,,,"imadya","1756974502897152356","89855607",,,,,,,,,,,,,,,,,,,,,,,,,,,,,,,,,,,,,,,,,,,,,,,,,,,,,,,,,,,,,,,,,,,,,,,,,,,,,"89855607","0","7","IMA MAHDIAH","imadya",,,,,,,,,,,,,,,,,,,,,,,,,,,,,,,"1756974502897152356","0",,"0","0","0","@imadya Kak, Untuk Sumur Batu, Cempaka Putih ada rekomendasi?","1757477714439942624",,,,,"581835598","false","false","Wed May 16 13:25:15 +0000 2012","false","false","“Kau yang gelap.”",,,,,,,,,,,,,,,,,,,,,"0","993","310","509","false","false","5","Tanah Terjanji","276","Aspiring Middle Class","310",,"false","https://pbs.twimg.com/profile_banners/581835598/1671339036","https://pbs.twimg.com/profile_images/1658533342252515328/inhhn7iy_normal.jpg","","Pencoret_","36303","none",,"false",,"false","","","0","","@imadya Kak, Untuk Sumur Batu, Cempaka Putih ada rekomendasi?","","0","",,,,,"false"
"0","","Sun Dec 10 06:51:18 +0000 2023","59","74","fraksipksdprri","76","93","PKSpembelaRakyat","95","105","PKSnomor8",,,,,,,"","false","true","false","","3","71436318","30","39","KOMPAS TV","KompasTV","110312278","43","57","Anies Rasyid Baswedan","aniesbaswedan",,,,,,,,,,,,,,,,,,,,,,,,,,"1733741156230721721","0","0","Sun Dec 10 06:51:18 +0000 2023",,"3","59","74","fraksipksdprri","76","93","PKSpembelaRakyat","95","105","PKSnomor8",,,,,,,"FPKSDPRRI","1733741156230721721","91255162",,,,,,,,,,,,,,,,,,,,,,,,,,,,,,,,,,,,,,,,,,,,,,,,,,,,,,,,,,,,,,,,,,,,,,,,,,,,,"71436318","30","39","KOMPAS TV","KompasTV","110312278","43","57","Anies Rasyid Baswedan","aniesbaswedan",,,,,,,,,,,,,,,,,,,,,,,,,,"1733741156230721721","0",,"0","0","1","Sumber Video: Youtube Channel @KompasTV
|| @aniesbaswedan

#fraksipksdprri 
#PKSpembelaRakyat 
#PKSnomor8","1733741158654996784",,,,,"91255162","true","true","Fri Nov 20 02:53:30 +0000 2009","false","false","Official Account of the Prosperous Justice Party Faction at Indonesian Parliament | Pembela Rakyat di Parlemen | email: humas@fraksi.pks.id",,,,,,,,,,,,,,,,"fraksi.pks.id","http://fraksi.pks.id","0","23","https://t.co/MoUsvcRCvq","0","11791","216288","95","true","false","150","Jakarta Capital Region","17988","Fraksi PKS DPR RI","216288",,"false","https://pbs.twimg.com/profile_banners/91255162/1751875115","https://pbs.twimg.com/profile_images/1937831716409974784/bUVr7G8o_normal.jpg","","FPKSDPRRI","58942","none","https://t.co/MoUsvcRCvq","false",,"false","","","0","","Sumber Video: Youtube Channel @KompasTV
|| @aniesbaswedan

#fraksipksdprri 
#PKSpembelaRakyat 
#PKSnomor8","","1","",,,,,"false"
"0","","Mon Dec 11 01:30:46 +0000 2023","11","24","𝘼𝙈1𝙉𝚔𝚎𝚞𝚗𝟮𝟬𝟮𝟰","25","38","𝘼𝙈1𝙉𝚔𝚎𝚞𝚗𝟮𝟬𝟮𝟰","39","52","𝘼𝙈1𝙉𝚔𝚎𝚞𝚗𝟮𝟬𝟮𝟰","53","66","𝘼𝙈1𝙉𝚔𝚎𝚞𝚗𝟮𝟬𝟮𝟰","67","80","𝘼𝙈1𝙉𝚔𝚎𝚞𝚗𝟮𝟬𝟮𝟰","","false","true","false","","0","91255162","0","10","Fraksi PKS DPR RI","FPKSDPRRI",,,,,,,,,,,,,,,,,,,,,,,,,,,,,,,"1733741156230721721","0","0","Mon Dec 11 01:30:46 +0000 2023",,"0","11","24","𝘼𝙈1𝙉𝚔𝚎𝚞𝚗𝟮𝟬𝟮𝟰","25","38","𝘼𝙈1𝙉𝚔𝚎𝚞𝚗𝟮𝟬𝟮𝟰","39","52","𝘼𝙈1𝙉𝚔𝚎𝚞𝚗𝟮𝟬𝟮𝟰","53","66","𝘼𝙈1𝙉𝚔𝚎𝚞𝚗𝟮𝟬𝟮𝟰","67","80","𝘼𝙈1𝙉𝚔𝚎𝚞𝚗𝟮𝟬𝟮𝟰","FPKSDPRRI","1733741156230721721","91255162",,,,,,,,,,,,,,,,,,,,,,,,,,,,,,,,,,,,,,,,,,,,,,,,,,,,,,,,,,,,,,,,,,,,,,,,,,,,,"91255162","0","10","Fraksi PKS DPR RI","FPKSDPRRI",,,,,,,,,,,,,,,,,,,,,,,,,,,,,,,"1733741156230721721","0",,"0","0","0","@FPKSDPRRI #𝘼𝙈1𝙉𝚔𝚎𝚞𝚗𝟮𝟬𝟮𝟰
#𝘼𝙈1𝙉𝚔𝚎𝚞𝚗𝟮𝟬𝟮𝟰
#𝘼𝙈1𝙉𝚔𝚎𝚞𝚗𝟮𝟬𝟮𝟰
#𝘼𝙈1𝙉𝚔𝚎𝚞𝚗𝟮𝟬𝟮𝟰
#𝘼𝙈1𝙉𝚔𝚎𝚞𝚗𝟮𝟬𝟮𝟰","1734022884576956783",,,,,"2830583826","false","true","Wed Sep 24 22:39:02 +0000 2014","true","false","𝚏𝚊𝚗𝚜 𝚔𝚊𝚛𝚋𝚒𝚝 𝙻𝙸𝚅𝙴𝚁𝙿𝙾𝙾𝙻 𝙵𝙲🔴
Anjeun Moal Mapah Nyalira-
You'll Never Walk Alone",,,,,,,,,,,,,,,,,,,,,"0","19054","172","156","true","false","2","Jakarta Utara, DKI Jakarta","965","ᴋᴀɴɢ ᴍᴀᴜʟʟ™","172",,"false","https://pbs.twimg.com/profile_banners/2830583826/1755669702","https://pbs.twimg.com/profile_images/1922196035327115264/1SZtKbQR_normal.jpg","","kangmaull35","16498","none",,"false",,"false","","","0","","@FPKSDPRRI #𝘼𝙈1𝙉𝚔𝚎𝚞𝚗𝟮𝟬𝟮𝟰
#𝘼𝙈1𝙉𝚔𝚎𝚞𝚗𝟮𝟬𝟮𝟰
#𝘼𝙈1𝙉𝚔𝚎𝚞𝚗𝟮𝟬𝟮𝟰
#𝘼𝙈1𝙉𝚔𝚎𝚞𝚗𝟮𝟬𝟮𝟰
#𝘼𝙈1𝙉𝚔𝚎𝚞𝚗𝟮𝟬𝟮𝟰","","0","",,,,,"false"
"0","","Sun Dec 10 06:33:16 +0000 2023",,,,,,,,,,,,,,,,"","false","true","false","","5","134742518","0","14","IG @burhanuddinmuhtadi","BurhanMuhtadi",,,,,,,,,,,,,,,,,,,,,,,,,,,,,,,"1733636558371397816","0","0","Sun Dec 10 06:33:16 +0000 2023",,"5",,,,,,,,,,,,,,,,"BurhanMuhtadi","1733636558371397816","134742518",,,,,,,,,,,,,,,,,,,,,,,,,,,,,,,,,,,,,,,,,,,,,,,,,,,,,,,,,,,,,,,,,,,,,,,,,,,,,"134742518","0","14","IG @burhanuddinmuhtadi","BurhanMuhtadi",,,,,,,,,,,,,,,,,,,,,,,,,,,,,,,"1733636558371397816","0",,"1","0","0","@BurhanMuhtadi Kalau mau baca hasil surveinya bisakah mas?","1733736619541422252",,,,,"871103989","true","false","Wed Oct 10 04:15:43 +0000 2012","false","false","Jurnalis @projectm_org | @IDJ_Network | Eks-Tirto | email : mawakresna@gmail.com",,,,,,,,,,,,,,,,"projectmultatuli.org","http://projectmultatuli.org","0","23","https://t.co/prbUOFkG1I","0","5667","15484","3680","true","false","39","Indonesia","2310","Mawa Kresna","15484","1911953882416287855","false","https://pbs.twimg.com/profile_banners/871103989/1493963700","https://pbs.twimg.com/profile_images/1971774018492715009/qfS02gVi_normal.jpg","","mawakresna","35906","none","https://t.co/prbUOFkG1I","false",,"false","","","1","","@BurhanMuhtadi Kalau mau baca hasil surveinya bisakah mas?","","0","",,,,,"false"
"0","","Sun Dec 10 02:43:18 +0000 2023",,,,,,,,,,,,,,,,"","false","true","false","","33","134742518","0","14","IG @burhanuddinmuhtadi","BurhanMuhtadi",,,,,,,,,,,,,,,,,,,,,,,,,,,,,,,"1733636558371397816","0","0","Sun Dec 10 02:43:18 +0000 2023",,"33",,,,,,,,,,,,,,,,"BurhanMuhtadi","1733636558371397816","134742518",,,,,,,,,,,,,,,,,,,,,,,,,,,,,,,,,,,,,,,,,,,,,,,,,,,,,,,,,,,,,,,,,,,,,,,,,,,,,"134742518","0","14","IG @burhanuddinmuhtadi","BurhanMuhtadi",,,,,,,,,,,,,,,,,,,,,,,,,,,,,,,"1733636558371397816","0",,"6","0","4","@BurhanMuhtadi Survey, selama bisa dipertanggungjawabkan metodologinya, hasilnya valid. Jika ada yang meragukan hasilnya, bisa melakukan survey lain, tentunya dengan metodologi yang bisa dipertanggungjawabkan.

Teringat di DIY, Lembaga Ombudsman Seasta melakukan penelitian tentang bantuan untuk","1733678750456565963",,,,,"1636674081193078790","true","true","Fri Mar 17 10:21:58 +0000 2023","true","false","Independent. Impartial. Non partisan.",,,,,,,,,,,,,,,,,,,,,"0","0","2910","169","true","false","1","","402","Pedagang Kritik","2910","1656333601682898944","false","https://pbs.twimg.com/profile_banners/1636674081193078790/1708174282","https://pbs.twimg.com/profile_images/1758836532365164544/xL4aXlfs_normal.jpg","","pedagang_kritik","6937","none",,"false",,"false","","","6","","@BurhanMuhtadi Survey, selama bisa dipertanggungjawabkan metodologinya, hasilnya valid. Jika ada yang meragukan hasilnya, bisa melakukan survey lain, tentunya dengan metodologi yang bisa dipertanggungjawabkan.

Teringat di DIY, Lembaga Ombudsman Seasta melakukan penelitian tentang bantuan untuk","","4","",,,,,"false"
"0","","Sun Dec 10 00:10:42 +0000 2023",,,,,,,,,,,,,,,,"","false","true","false","","24","134742518","0","14","IG @burhanuddinmuhtadi","BurhanMuhtadi",,,,,,,,,,,,,,,,,,,,,,,,,,,,,,,"1733636558371397816","2","0","Sun Dec 10 00:10:42 +0000 2023",,"24",,,,,,,,,,,,,,,,"BurhanMuhtadi","1733636558371397816","134742518",,,,,,,,,,,,,,,,,,,,,,,,,,,,,,,,,,,,,,,,,,,,,,,,,,,,,,,,,,,,,,,,,,,,,,,,,,,,,"134742518","0","14","IG @burhanuddinmuhtadi","BurhanMuhtadi",,,,,,,,,,,,,,,,,,,,,,,,,,,,,,,"1733636558371397816","2",,"19","0","0","@BurhanMuhtadi Apakah penduduk yg di survey adalah  berasal dari Jogja asli?","1733640346633146461",,,,,"856717388569493505","false","false","Tue Apr 25 03:51:57 +0000 2017","true","false","CEO, Aviation Business, AOG & Hard To Find Parts, Airlines Observer, Traveller, Husband, Dad, Kopites, Advocate",,,,,,,,,,,,,,,,,,,,,"0","886","1773","1958","true","false","1","Rotterdam, The Netherlands","281","Arifin Siregar","1773","1770230595270197277","false","https://pbs.twimg.com/profile_banners/856717388569493505/1575522640","https://pbs.twimg.com/profile_images/1586977679416643585/r8et6bQg_normal.jpg","","ArifinSMSiregar","6373","none",,"false",,"false","","","19","","@BurhanMuhtadi Apakah penduduk yg di survey adalah  berasal dari Jogja asli?","","0","",,,,,"false"
"0","","Sun Dec 10 00:20:53 +0000 2023",,,,,,,,,,,,,,,,"","false","true","false","","16","134742518","0","14","IG @burhanuddinmuhtadi","BurhanMuhtadi",,,,,,,,,,,,,,,,,,,,,,,,,,,,,,,"1733636558371397816","0","0","Sun Dec 10 00:20:53 +0000 2023",,"16",,,,,,,,,,,,,,,,"BurhanMuhtadi","1733636558371397816","134742518",,,,,,,,,,,,,,,,,,,,,,,,,,,,,,,,,,,,,,,,,,,,,,,,,,,,,,,,,,,,,,,,,,,,,,,,,,,,,"134742518","0","14","IG @burhanuddinmuhtadi","BurhanMuhtadi",,,,,,,,,,,,,,,,,,,,,,,,,,,,,,,"1733636558371397816","0",,"7","0","2","@BurhanMuhtadi Pendapat bahwa kepemimpinan di DIY itu merupakan Dinasti salahnya dimana? Yg aneh justru yg membantah pendapat ini.","1733642907373199587",,,,,"148263574","false","true","Wed May 26 07:36:35 +0000 2010","true","false","",,,,,,,,,,,,,,,,,,,,,"0","41","32","101","false","false","1","bandung","1","Lik harno","32",,"false",,"https://pbs.twimg.com/profile_images/526672988809093121/BQnzRjXg_normal.jpeg","","harno91","174","none",,"false",,"false","","","7","","@BurhanMuhtadi Pendapat bahwa kepemimpinan di DIY itu merupakan Dinasti salahnya dimana? Yg aneh justru yg membantah pendapat ini.","","2","",,,,,"false"
"0","","Sun Dec 10 01:42:42 +0000 2023",,,,,,,,,,,,,,,,"","false","true","false","","13","134742518","0","14","IG @burhanuddinmuhtadi","BurhanMuhtadi",,,,,,,,,,,,,,,,,,,,,,,,,,,,,,,"1733636558371397816","0","0","Sun Dec 10 01:42:42 +0000 2023",,"13",,,,,,,,,,,,,,,,"BurhanMuhtadi","1733636558371397816","134742518",,,,,,,,,,,,,,,,,,,,,,,,,,,,,,,,,,,,,,,,,,,,,,,,,,,,,,,,,,,,,,,,,,,,,,,,,,,,,"134742518","0","14","IG @burhanuddinmuhtadi","BurhanMuhtadi",,,,,,,,,,,,,,,,,,,,,,,,,,,,,,,"1733636558371397816","0",,"1","0","2","@BurhanMuhtadi Dan warga yg masuk survey nya BUKAN ASLI WARGA JOGJA 😆
Hati2 saja dgn manuver mereka2 yg memang usil mau utak atik kekeratonan Jogjakarta. Terutama kaum sipit yg sejak dlu bernapsu mau memiliki tanah di Jogja","1733663497282789586",,,,,"183517457","true","false","Fri Aug 27 05:27:37 +0000 2010","true","false","Lebih baik menjadi singa sehari, daripada menjadi domba seumur hidup",,,,,,,,,,,,,,,,,,,,,"0","91563","5812","4245","false","false","6","Jakarta","11070","Elang Bintang","5812",,"false","https://pbs.twimg.com/profile_banners/183517457/1681486143","https://pbs.twimg.com/profile_images/1637629549096898560/in2CkbaU_normal.jpg","","el4n9bint4n9","52550","none",,"false",,"false","","","1","","@BurhanMuhtadi Dan warga yg masuk survey nya BUKAN ASLI WARGA JOGJA 😆
Hati2 saja dgn manuver mereka2 yg memang usil mau utak atik kekeratonan Jogjakarta. Terutama kaum sipit yg sejak dlu bernapsu mau memiliki tanah di Jogja","","2","",,,,,"false"
"0","","Sun Dec 10 00:03:30 +0000 2023",,,,,,,,,,,,,,,,"","false","true","false","","14","134742518","0","14","IG @burhanuddinmuhtadi","BurhanMuhtadi",,,,,,,,,,,,,,,,,,,,,,,,,,,,,,,"1733636558371397816","0","0","Sun Dec 10 00:03:30 +0000 2023",,"14",,,,,,,,,,,,,,,,"BurhanMuhtadi","1733636558371397816","134742518",,,,,,,,,,,,,,,,,,,,,,,,,,,,,,,,,,,,,,,,,,,,,,,,,,,,,,,,,,,,,,,,,,,,,,,,,,,,,"134742518","0","14","IG @burhanuddinmuhtadi","BurhanMuhtadi",,,,,,,,,,,,,,,,,,,,,,,,,,,,,,,"1733636558371397816","0",,"1","0","0","@BurhanMuhtadi Analisa dari sisi Antropologi, krn yg dekat ke Keraton adalah orang2 asli Jogja atau punya bisnis yg daya tariknya adalah kehidupan Keraton.

Sementara yg jauh sekarang lebih banyak pendatang dari luar Jogja yg mungkin kurang paham bahkan tidak peduli dgn Keraton.","1733638533745979688",,,,,"98595876","false","true","Tue Dec 22 09:31:41 +0000 2009","false","false","The sinner's saved by Grace.
Milanisti
robinsar.marpaung@yahoo.com",,,,,,,,,,,,,,,,,,,,,"0","4832","311","849","true","false","3","Jakarta Capital Region, Indone","368","robin marpaung","311",,"false","https://pbs.twimg.com/profile_banners/98595876/1412056953","https://pbs.twimg.com/profile_images/1592785573403840512/6NbxJIza_normal.jpg","","robindoang","21816","none",,"false",,"false","","","1","","@BurhanMuhtadi Analisa dari sisi Antropologi, krn yg dekat ke Keraton adalah orang2 asli Jogja atau punya bisnis yg daya tariknya adalah kehidupan Keraton.

Sementara yg jauh sekarang lebih banyak pendatang dari luar Jogja yg mungkin kurang paham bahkan tidak peduli dgn Keraton.","","0","",,,,,"false"
"0","","Sun Dec 10 00:04:40 +0000 2023",,,,,,,,,,,,,,,,"","false","true","false","","13","134742518","0","14","IG @burhanuddinmuhtadi","BurhanMuhtadi",,,,,,,,,,,,,,,,,,,,,,,,,,,,,,,"1733636558371397816","0","1","Sun Dec 10 00:04:40 +0000 2023",,"13",,,,,,,,,,,,,,,,"BurhanMuhtadi","1733636558371397816","134742518",,,,,,,,,,,,,,,,,,,,,,,,,,,,,,,,,,,,,,,,,,,,,,,,,,,,,,,,,,,,,,,,,,,,,,,,,,,,,"134742518","0","14","IG @burhanuddinmuhtadi","BurhanMuhtadi",,,,,,,,,,,,,,,,,,,,,,,,,,,,,,,"1733636558371397816","0",,"2","0","0","@BurhanMuhtadi Real life nya dominan msh pro keraton..

Buih2 di twitter yg menolak monarki ini di real life cmn pemuda senja yg sehabis 2 cangkir kopi merasa bisa menaklukan dunia :))","1733638826571202737",,,,,"1144161498375155712","false","false","Thu Jun 27 08:32:13 +0000 2019","true","false","yang ada disini hanya permukaan",,,,,,,,,,,,,,,,,,,,,"0","6912","40","548","true","false","0","Chile","657","virgoo","40",,"false","https://pbs.twimg.com/profile_banners/1144161498375155712/1675616996","https://pbs.twimg.com/profile_images/2003626885167874054/IhEKzsPa_normal.jpg","","up2youaja","8047","none",,"false",,"false","","","2","","@BurhanMuhtadi Real life nya dominan msh pro keraton..

Buih2 di twitter yg menolak monarki ini di real life cmn pemuda senja yg sehabis 2 cangkir kopi merasa bisa menaklukan dunia :))","","0","",,,,,"false"
"0","","Sun Dec 10 01:30:21 +0000 2023",,,,,,,,,,,,,,,,"","false","true","false","","12","134742518","0","14","IG @burhanuddinmuhtadi","BurhanMuhtadi","134742518","19","33","IG @burhanuddinmuhtadi","BurhanMuhtadi",,,,,,,,,,,,,,,,,,,,,,,,,,"1733636558371397816","0","0","Sun Dec 10 01:30:21 +0000 2023",,"12",,,,,,,,,,,,,,,,"BurhanMuhtadi","1733636558371397816","134742518",,,,,,,,,,,,,,,,,,,,,,,,,,,,,,,,,,,,,,,,,,,,,,,,,,,,,,,,,,,,,,,,,,,,,,,,,,,,,"134742518","0","14","IG @burhanuddinmuhtadi","BurhanMuhtadi","134742518","19","33","IG @burhanuddinmuhtadi","BurhanMuhtadi",,,,,,,,,,,,,,,,,,,,,,,,,,"1733636558371397816","0",,"0","0","0","@BurhanMuhtadi Mas @BurhanMuhtadi njenengan survei didaerah mana, sy ad di kulon progo, itu jauh dr pusat kraton, tp tdk ad yg mengungkit/menginginkan gub dipilih scr langsung, terbukti pd saat SBY mengusik Jogja, semua dukung keistimewaan. Cuma org dr demokrat paling yg mau?","1733660388997361913",,,,,"2332814360","true","true","Sat Feb 08 03:55:04 +0000 2014","false","false","Sopo kang tekun golek teken bakal tekan.",,,,,,,,,,,,,,,,,,,,,"0","14164","136","203","false","false","0","Semampir, Indonesia","78","Sogol","136",,"false","https://pbs.twimg.com/profile_banners/2332814360/1663381402","https://pbs.twimg.com/profile_images/1968092772986130432/m9uwRSfU_normal.jpg","","tangguhniti","15512","none",,"false",,"false","","","0","","@BurhanMuhtadi Mas @BurhanMuhtadi njenengan survei didaerah mana, sy ad di kulon progo, itu jauh dr pusat kraton, tp tdk ad yg mengungkit/menginginkan gub dipilih scr langsung, terbukti pd saat SBY mengusik Jogja, semua dukung keistimewaan. Cuma org dr demokrat paling yg mau?","","0","",,,,,"false"
"0","","Sun Dec 10 01:39:01 +0000 2023",,,,,,,,,,,,,,,,"","false","true","false","","6","134742518","0","14","IG @burhanuddinmuhtadi","BurhanMuhtadi","1647786833148018691","76","89","ade armando","adearmando61",,,,,,,,,,,,,,,,,,,,,,,,,,"1733636558371397816","0","0","Sun Dec 10 01:39:01 +0000 2023",,"6",,,,,,,,,,,,,,,,"BurhanMuhtadi","1733636558371397816","134742518",,,,,,,,,,,,,,,,,,,,,,,,,,,,,,,,,,,,,,,,,,,,,,,,,,,,,,,,,,,,,,,,,,,,,,,,,,,,,"134742518","0","14","IG @burhanuddinmuhtadi","BurhanMuhtadi","1647786833148018691","76","89","ade armando","adearmando61",,,,,,,,,,,,,,,,,,,,,,,,,,"1733636558371397816","0",,"0","0","1","@BurhanMuhtadi Lah lah lah… maksudnya anda membenarkan dan membela tindakan @adearmando61 ? Sok sok an pake data survey… DIY itu sdh jangan di utak utik lagi.. sok sokan framing pembenaran..!!! 🤮🤮🤮","1733662569674772586",,,,,"1651162329625825280","false","true","Wed Apr 26 09:53:08 +0000 2023","true","false","",,,,,,,,,,,,,,,,,,,,,"0","8134","74","248","false","false","0","","190","simelekete","74",,"false",,"https://pbs.twimg.com/profile_images/1651162791401893889/Tf8ZHXkQ_normal.jpg","","parabelum1971","1593","none",,"false",,"false","","","0","","@BurhanMuhtadi Lah lah lah… maksudnya anda membenarkan dan membela tindakan @adearmando61 ? Sok sok an pake data survey… DIY itu sdh jangan di utak utik lagi.. sok sokan framing pembenaran..!!! 🤮🤮🤮","","1","",,,,,"false"
"0","","Sun Dec 10 00:07:45 +0000 2023",,,,,,,,,,,,,,,,"","false","true","false","","6","134742518","0","14","IG @burhanuddinmuhtadi","BurhanMuhtadi",,,,,,,,,,,,,,,,,,,,,,,,,,,,,,,"1733636558371397816","0","0","Sun Dec 10 00:07:45 +0000 2023",,"6",,,,,,,,,,,,,,,,"BurhanMuhtadi","1733636558371397816","134742518",,,,,,,,,,,,,,,,,,,,,,,,,,,,,,,,,,,,,,,,,,,,,,,,,,,,,,,,,,,,,,,,,,,,,,,,,,,,,"134742518","0","14","IG @burhanuddinmuhtadi","BurhanMuhtadi",,,,,,,,,,,,,,,,,,,,,,,,,,,,,,,"1733636558371397816","0",,"2","0","1","@BurhanMuhtadi Pantesan pak prabowo selalu dekat dengan pak jokowi, ternyata pak prabowo juga menerapkan falsafah jawa. Mungkin ini juga yg menjadi alasan pak jokowi sering blusukan supaya dekat dengan rakyat, sehingga pijar cahaya lampu itu dirasakan rakyat. 😊","1733639601712222659",,,,,"1647647857133129728","false","true","Sun Apr 16 17:07:37 +0000 2023","true","false","Nothing Personal Here",,,,,,,,,,,,,,,,,,,,,"0","1665","67","56","false","false","1","","240","The Darkside","67",,"false","https://pbs.twimg.com/profile_banners/1647647857133129728/1705428592","https://pbs.twimg.com/profile_images/1723550888143548416/sdBHW-De_normal.jpg","","Jason_scalper","2787","none",,"false",,"false","","","2","","@BurhanMuhtadi Pantesan pak prabowo selalu dekat dengan pak jokowi, ternyata pak prabowo juga menerapkan falsafah jawa. Mungkin ini juga yg menjadi alasan pak jokowi sering blusukan supaya dekat dengan rakyat, sehingga pijar cahaya lampu itu dirasakan rakyat. 😊","","1","",,,,,"false"
"0","","Sun Dec 10 01:14:49 +0000 2023",,,,,,,,,,,,,,,,"","false","true","false","","8","134742518","0","14","IG @burhanuddinmuhtadi","BurhanMuhtadi",,,,,,,,,,,,,,,,,,,,,,,,,,,,,,,"1733636558371397816","1","1","Sun Dec 10 01:14:49 +0000 2023",,"8",,,,,,,,,,,,,,,,"BurhanMuhtadi","1733636558371397816","134742518",,,,,,,,,,,,,,,,,,,,,,,,,,,,,,,,,,,,,,,,,,,,,,,,,,,,,,,,,,,,,,,,,,,,,,,,,,,,,"134742518","0","14","IG @burhanuddinmuhtadi","BurhanMuhtadi",,,,,,,,,,,,,,,,,,,,,,,,,,,,,,,"1733636558371397816","1",,"4","0","0","@BurhanMuhtadi Gw ga sabar nunggu Pilpres. Tgl 15 nya gw cari thread pertama elu.  Trus gw ludah-ludahin. Trus treak ke sohib² gw inilah salah satu contoh melacurkan diri pake topeng akademis.","1733656481973862774",,,,,"1331484760552603649","false","true","Wed Nov 25 06:28:28 +0000 2020","true","false","My Cat's Name Is GeGe. But He Was Gone 😢
Anies Baswedan quotes: TIDAK AKAN ADA PERSATUAN TANPA KEADILAN. SATU KEMAKMURAN UNTUK SEMUA.",,,,,,,,,,,,,,,,,,,,,"0","8381","622","95","true","false","1","Jakarta Selatan, DKI Jakarta","1950","The 76er","622","1691638096247586982","false","https://pbs.twimg.com/profile_banners/1331484760552603649/1640007461","https://pbs.twimg.com/profile_images/1749070843232305152/jAMFypDM_normal.jpg","","QodryAmir","11572","none",,"false",,"false","","","4","","@BurhanMuhtadi Gw ga sabar nunggu Pilpres. Tgl 15 nya gw cari thread pertama elu.  Trus gw ludah-ludahin. Trus treak ke sohib² gw inilah salah satu contoh melacurkan diri pake topeng akademis.","","0","",,,,,"false"
"0","","Sun Dec 10 04:17:15 +0000 2023",,,,,,,,,,,,,,,,"","false","true","false","","3","134742518","0","14","IG @burhanuddinmuhtadi","BurhanMuhtadi",,,,,,,,,,,,,,,,,,,,,,,,,,,,,,,"1733636558371397816","0","0","Sun Dec 10 04:17:15 +0000 2023",,"3",,,,,,,,,,,,,,,,"BurhanMuhtadi","1733636558371397816","134742518",,,,,,,,,,,,,,,,,,,,,,,,,,,,,,,,,,,,,,,,,,,,,,,,,,,,,,,,,,,,,,,,,,,,,,,,,,,,,"134742518","0","14","IG @burhanuddinmuhtadi","BurhanMuhtadi",,,,,,,,,,,,,,,,,,,,,,,,,,,,,,,"1733636558371397816","0",,"4","0","2","@BurhanMuhtadi UGM sbg salah satu pusat kajian dan diskusi ilmiah pun tak pernah berani menyentuh area diskusi tsb. Yg ada mrk dg alasan historis dn macam2 jd tll sungkan utk sekadar mendiskusikannya. Tp sebagian org/ahli dr sana br berani bicara kl di luar Yogya 🙂","1733702389855924614",,,,,"508535668","false","true","Wed Feb 29 07:37:12 +0000 2012","false","false","Selamatkan Indonesia dr kaum intoleran",,,,,,,,,,,,,,,,,,,,,"0","9136","334","288","false","false","2","DKI Jakarta","480","Topan Tj","334","1757994174153134509","false","https://pbs.twimg.com/profile_banners/508535668/1705953103","https://pbs.twimg.com/profile_images/378800000399585112/f161763acf15982ac5b30ada3a57975c_normal.jpeg","","TopanTj","9287","none",,"false",,"false","","","4","","@BurhanMuhtadi UGM sbg salah satu pusat kajian dan diskusi ilmiah pun tak pernah berani menyentuh area diskusi tsb. Yg ada mrk dg alasan historis dn macam2 jd tll sungkan utk sekadar mendiskusikannya. Tp sebagian org/ahli dr sana br berani bicara kl di luar Yogya 🙂","","2","",,,,,"false"
"0","","Sun Dec 10 01:13:37 +0000 2023",,,,,,,,,,,,,,,,"","false","true","false","","6","134742518","0","14","IG @burhanuddinmuhtadi","BurhanMuhtadi",,,,,,,,,,,,,,,,,,,,,,,,,,,,,,,"1733636558371397816","0","0","Sun Dec 10 01:13:37 +0000 2023",,"6",,,,,,,,,,,,,,,,"BurhanMuhtadi","1733636558371397816","134742518",,,,,,,,,,,,,,,,,,,,,,,,,,,,,,,,,,,,,,,,,,,,,,,,,,,,,,,,,,,,,,,,,,,,,,,,,,,,,"134742518","0","14","IG @burhanuddinmuhtadi","BurhanMuhtadi",,,,,,,,,,,,,,,,,,,,,,,,,,,,,,,"1733636558371397816","0",,"1","0","0","@BurhanMuhtadi Salah besar. Justru ketertundukan org pinggiran itu sangat kuat dibanding org kota","1733656179811975208",,,,,"1295938221113667584","true","false","Wed Aug 19 04:21:34 +0000 2020","true","false","garangan garislucu",,,,,,,,,,,,,,,,,,,,,"0","23331","6751","5883","true","false","3","","4411","garis ralucu","6751",,"false","https://pbs.twimg.com/profile_banners/1295938221113667584/1724393620","https://pbs.twimg.com/profile_images/1926443305333583872/dkmzvCCo_normal.jpg","","ralucublass","46029","none",,"false",,"false","","","1","","@BurhanMuhtadi Salah besar. Justru ketertundukan org pinggiran itu sangat kuat dibanding org kota","","0","",,,,,"false"
"0","","Sun Dec 10 00:51:45 +0000 2023",,,,,,,,,,,,,,,,"","false","true","false","","5","134742518","0","14","IG @burhanuddinmuhtadi","BurhanMuhtadi",,,,,,,,,,,,,,,,,,,,,,,,,,,,,,,"1733636558371397816","0","1","Sun Dec 10 00:51:45 +0000 2023",,"5",,,,,,,,,,,,,,,,"BurhanMuhtadi","1733636558371397816","134742518",,,,,,,,,,,,,,,,,,,,,,,,,,,,,,,,,,,,,,,,,,,,,,,,,,,,,,,,,,,,,,,,,,,,,,,,,,,,,"134742518","0","14","IG @burhanuddinmuhtadi","BurhanMuhtadi",,,,,,,,,,,,,,,,,,,,,,,,,,,,,,,"1733636558371397816","0",,"2","0","0","@BurhanMuhtadi Pendekatan berbasis survei utk memahami DIY? Cobalah berbasis wawancara mendalam. Sy pny kolega, seorang ningrat, tapi tinggal di bagian utara Sleman, cukup jauh dr keraton. Katanya, dia kurang suka sultan yg skrg, tapi tetap tunduk dan patuh. Dan tentu ttp bangga dg kesultanan.","1733650675995980184",,,,,"58825602","true","true","Tue Jul 21 15:30:31 +0000 2009","false","false","""Bahagia itu cara, bukan tujuan"" (Fahrudin Faiz, 2024).",,,,,,,,,,,,,,,,"journal.upgris.ac.id/index.php/mtfr","http://journal.upgris.ac.id/index.php/mtfr","0","23","https://t.co/Z5vRu98R2g","0","68093","1129","850","true","false","6","Pare-Lamongan-Jogja-Semarang","996","Icuk Prayogi","1129","1774144709310734773","false","https://pbs.twimg.com/profile_banners/58825602/1671553702","https://pbs.twimg.com/profile_images/1354991729997307907/85rCBa6q_normal.jpg","","icukprayogi","41168","none","https://t.co/Z5vRu98R2g","false",,"false","","","2","","@BurhanMuhtadi Pendekatan berbasis survei utk memahami DIY? Cobalah berbasis wawancara mendalam. Sy pny kolega, seorang ningrat, tapi tinggal di bagian utara Sleman, cukup jauh dr keraton. Katanya, dia kurang suka sultan yg skrg, tapi tetap tunduk dan patuh. Dan tentu ttp bangga dg kesultanan.","","0","",,,,,"false"
"0","","Sun Dec 10 04:08:14 +0000 2023",,,,,,,,,,,,,,,,"","false","true","false","","3","134742518","0","14","IG @burhanuddinmuhtadi","BurhanMuhtadi",,,,,,,,,,,,,,,,,,,,,,,,,,,,,,,"1733636558371397816","0","1","Sun Dec 10 04:08:14 +0000 2023",,"3",,,,,,,,,,,,,,,,"BurhanMuhtadi","1733636558371397816","134742518",,,,,,,,,,,,,,,,,,,,,,,,,,,,,,,,,,,,,,,,,,,,,,,,,,,,,,,,,,,,,,,,,,,,,,,,,,,,,"134742518","0","14","IG @burhanuddinmuhtadi","BurhanMuhtadi",,,,,,,,,,,,,,,,,,,,,,,,,,,,,,,"1733636558371397816","0",,"0","0","1","@BurhanMuhtadi Jogja udah banyak pendatang yg menetap dan berKTP DIY. Yg secara kultural mendukung keraton warga asli jogja,klo warga pendatang serta etnis tionghoa pasti ingin Gub bukan diangkat dari keraton krn berharap aturan keraton pudar agar tanah jogja bisa dimiliki","1733700123614740690",,,,,"1606431312159838208","false","true","Fri Dec 23 23:27:46 +0000 2022","true","false","melayu muslim",,,,,,,,,,,,,,,,,,,,,"0","4719","75","117","false","false","0","","41","kamal","75",,"false","https://pbs.twimg.com/profile_banners/1606431312159838208/1672152808","https://pbs.twimg.com/profile_images/1780855805388181504/CZbLRAIt_normal.jpg","","kamaloeby","6263","none",,"false",,"false","","","0","","@BurhanMuhtadi Jogja udah banyak pendatang yg menetap dan berKTP DIY. Yg secara kultural mendukung keraton warga asli jogja,klo warga pendatang serta etnis tionghoa pasti ingin Gub bukan diangkat dari keraton krn berharap aturan keraton pudar agar tanah jogja bisa dimiliki","","1","",,,,,"false"
"0","","Sun Dec 10 00:35:50 +0000 2023",,,,,,,,,,,,,,,,"","false","true","false","","4","134742518","0","14","IG @burhanuddinmuhtadi","BurhanMuhtadi",,,,,,,,,,,,,,,,,,,,,,,,,,,,,,,"1733636558371397816","0","0","Sun Dec 10 00:35:50 +0000 2023",,"4",,,,,,,,,,,,,,,,"BurhanMuhtadi","1733636558371397816","134742518",,,,,,,,,,,,,,,,,,,,,,,,,,,,,,,,,,,,,,,,,,,,,,,,,,,,,,,,,,,,,,,,,,,,,,,,,,,,,"134742518","0","14","IG @burhanuddinmuhtadi","BurhanMuhtadi",,,,,,,,,,,,,,,,,,,,,,,,,,,,,,,"1733636558371397816","0",,"0","0","0","@BurhanMuhtadi Itu sudah pasti krn masyarakat yg tdk tahu sejarah &amp; pentingnya yogya dalam sejarah akan setuju dengan Pilkada, berbeda dengan masyarakat yg mengerti sejarah yogya. Masyarakat yg jauh dari keraton pasti masyarakat pendatang yg tidak ambil pusing tentang keraton&amp;adat istiadatnya.","1733646668548243891",,,,,"151691702","true","false","Fri Jun 04 01:08:11 +0000 2010","true","false","",,,,,,,,,,,,,,,,,,,,,"0","13980","73","571","true","false","0","Alcatraz","11","serambi 06","73",,"false",,"https://pbs.twimg.com/profile_images/1962846285406560256/xdNHMZi-_normal.jpg","","j4ck21","11485","none",,"false",,"false","","","0","","@BurhanMuhtadi Itu sudah pasti krn masyarakat yg tdk tahu sejarah &amp; pentingnya yogya dalam sejarah akan setuju dengan Pilkada, berbeda dengan masyarakat yg mengerti sejarah yogya. Masyarakat yg jauh dari keraton pasti masyarakat pendatang yg tidak ambil pusing tentang keraton&amp;adat istiadatnya.","","0","",,,,,"false"
"0","","Sun Dec 10 02:04:44 +0000 2023",,,,,,,,,,,,,,,,"","false","true","false","","3","134742518","0","14","IG @burhanuddinmuhtadi","BurhanMuhtadi",,,,,,,,,,,,,,,,,,,,,,,,,,,,,,,"1733636558371397816","0","0","Sun Dec 10 02:04:44 +0000 2023",,"3",,,,,,,,,,,,,,,,"BurhanMuhtadi","1733636558371397816","134742518",,,,,,,,,,,,,,,,,,,,,,,,,,,,,,,,,,,,,,,,,,,,,,,,,,,,,,,,,,,,,,,,,,,,,,,,,,,,,"134742518","0","14","IG @burhanuddinmuhtadi","BurhanMuhtadi",,,,,,,,,,,,,,,,,,,,,,,,,,,,,,,"1733636558371397816","0",,"0","0","0","@BurhanMuhtadi kok sy rasa terbalik ya, yg mendukung ""keistimewaan jogja"" itu cenderung lbh bnyk dari masyarakat yg ada di kabupaten2 di pinggiran DIY bkn di pusat kota. krn di pusat kota lbh heterogen.","1733669041812992141",,,,,"588990388","false","true","Thu May 24 09:35:25 +0000 2012","true","false","Junior Business Consultant @FrontierIndonesia                                            I Project Manager @tmcorganizer",,,,,,,,,,,,,,,,,,,,,"0","339","65","227","true","false","1","Jogjakarta","2","Adi Kurniawan","65",,"false",,"https://pbs.twimg.com/profile_images/1782645487834910720/sBcKMg4T_normal.jpg","","de_kurniawan706","138","none",,"false",,"false","","","0","","@BurhanMuhtadi kok sy rasa terbalik ya, yg mendukung ""keistimewaan jogja"" itu cenderung lbh bnyk dari masyarakat yg ada di kabupaten2 di pinggiran DIY bkn di pusat kota. krn di pusat kota lbh heterogen.","","0","",,,,,"false"
"0","","Sun Dec 10 00:22:18 +0000 2023",,,,,,,,,,,,,,,,"","false","true","false","","3","134742518","0","14","IG @burhanuddinmuhtadi","BurhanMuhtadi",,,,,,,,,,,,,,,,,,,,,,,,,,,,,,,"1733636558371397816","0","0","Sun Dec 10 00:22:18 +0000 2023",,"3",,,,,,,,,,,,,,,,"BurhanMuhtadi","1733636558371397816","134742518",,,,,,,,,,,,,,,,,,,,,,,,,,,,,,,,,,,,,,,,,,,,,,,,,,,,,,,,,,,,,,,,,,,,,,,,,,,,,"134742518","0","14","IG @burhanuddinmuhtadi","BurhanMuhtadi",,,,,,,,,,,,,,,,,,,,,,,,,,,,,,,"1733636558371397816","0",,"0","0","0","@BurhanMuhtadi Cahaya itu hanya bermanfaat untuk lingkungan terdekat, seperti keluarga, kerabat dan para pengabdi turun temurun yang masih mensakralkan keberadaan monarki di alam demokrasi.","1733643264874385652",,,,,"1286936602703323136","true","true","Sat Jul 25 08:10:27 +0000 2020","true","false","The greatest pleasure in life is doing what people say you can't do.",,,,,,,,,,,,,,,,,,,,,"0","6255","160","379","true","false","1","Tanjung Enim, Indonesia. ","958","Cony Silado","160",,"false","https://pbs.twimg.com/profile_banners/1286936602703323136/1617288878","https://pbs.twimg.com/profile_images/1756377839140737024/Q9Zpo--u_normal.jpg","","Marconi70456466","5893","none",,"false",,"false","","","0","","@BurhanMuhtadi Cahaya itu hanya bermanfaat untuk lingkungan terdekat, seperti keluarga, kerabat dan para pengabdi turun temurun yang masih mensakralkan keberadaan monarki di alam demokrasi.","","0","",,,,,"false"
"0","","Sun Dec 10 04:57:25 +0000 2023",,,,,,,,,,,,,,,,"","false","true","false","","3","134742518","0","14","IG @burhanuddinmuhtadi","BurhanMuhtadi",,,,,,,,,,,,,,,,,,,,,,,,,,,,,,,"1733636558371397816","1","0","Sun Dec 10 04:57:25 +0000 2023",,"3",,,,,,,,,,,,,,,,"BurhanMuhtadi","1733636558371397816","134742518",,,,,,,,,,,,,,,,,,,,,,,,,,,,,,,,,,,,,,,,,,,,,,,,,,,,,,,,,,,,,,,,,,,,,,,,,,,,,"134742518","0","14","IG @burhanuddinmuhtadi","BurhanMuhtadi",,,,,,,,,,,,,,,,,,,,,,,,,,,,,,,"1733636558371397816","1",,"0","0","0","@BurhanMuhtadi ukuran jauh dekat secara geografis? atau dari relasi kuasa?","1733712499479060613",,,,,"295306701","true","true","Sun May 08 19:21:51 +0000 2011","false","false","",,,,,,,,,,,,,,,,"elantowow.wordpress.com","http://elantowow.wordpress.com","0","23","https://t.co/PfUV59eDpI","0","19589","11502","624","true","false","26","Yogyakarta, Indonesia","1547","Elanto Wijoyono","11502","1893577183068635589","false","https://pbs.twimg.com/profile_banners/295306701/1349665550","https://pbs.twimg.com/profile_images/981847706241908736/LpMi_Glt_normal.jpg","","joeyakarta","33951","none","https://t.co/PfUV59eDpI","false",,"false","","","0","","@BurhanMuhtadi ukuran jauh dekat secara geografis? atau dari relasi kuasa?","","0","",,,,,"false"
"0","","Sun Dec 10 01:40:47 +0000 2023",,,,,,,,,,,,,,,,"","false","true","false","","3","134742518","0","14","IG @burhanuddinmuhtadi","BurhanMuhtadi",,,,,,,,,,,,,,,,,,,,,,,,,,,,,,,"1733636558371397816","0","0","Sun Dec 10 01:40:47 +0000 2023",,"3",,,,,,,,,,,,,,,,"BurhanMuhtadi","1733636558371397816","134742518",,,,,,,,,,,,,,,,,,,,,,,,,,,,,,,,,,,,,,,,,,,,,,,,,,,,,,,,,,,,,,,,,,,,,,,,,,,,,"134742518","0","14","IG @burhanuddinmuhtadi","BurhanMuhtadi",,,,,,,,,,,,,,,,,,,,,,,,,,,,,,,"1733636558371397816","0",,"0","0","0","@BurhanMuhtadi Teori ini mungkin bisa kita anologikan juga seperti para survayor, semakin dekat para survayor dengan kekuasaan semakin kuat juga angka angka Survey mendukung Penguasa, semakin jauh Survayor dengan kekuasaan maka lambat laun Survayor tersebut ""mati"" kehabisan oksigen","1733663016779190276",,,,,"1698739481262837760","false","true","Mon Sep 04 16:47:45 +0000 2023","true","false","Semua yang kita dengar adalah opini, bukan fakta. Semua yang kita lihat adalah perspektif, bukan kebenaran #free 🇵🇸 #Pro Perubahan 🇮🇩 01#
인도네시아에는 변화가 필요하다",,,,,,,,,,,,,,,,,,,,,"0","2180","128","193","false","false","1","","423","Rela One 🦉","128","1757184484611641344","false",,"https://pbs.twimg.com/profile_images/1726033253596049408/N5dGUSoV_normal.jpg","","myperspective76","4556","none",,"false",,"false","","","0","","@BurhanMuhtadi Teori ini mungkin bisa kita anologikan juga seperti para survayor, semakin dekat para survayor dengan kekuasaan semakin kuat juga angka angka Survey mendukung Penguasa, semakin jauh Survayor dengan kekuasaan maka lambat laun Survayor tersebut ""mati"" kehabisan oksigen","","0","",,,,,"false"
"0","","Sun Dec 10 03:49:16 +0000 2023",,,,,,,,,,,,,,,,"","false","true","false","","1","134742518","0","14","IG @burhanuddinmuhtadi","BurhanMuhtadi",,,,,,,,,,,,,,,,,,,,,,,,,,,,,,,"1733636558371397816","0","0","Sun Dec 10 03:49:16 +0000 2023",,"1",,,,,,,,,,,,,,,,"BurhanMuhtadi","1733636558371397816","134742518",,,,,,,,,,,,,,,,,,,,,,,,,,,,,,,,,,,,,,,,,,,,,,,,,,,,,,,,,,,,,,,,,,,,,,,,,,,,,"134742518","0","14","IG @burhanuddinmuhtadi","BurhanMuhtadi",,,,,,,,,,,,,,,,,,,,,,,,,,,,,,,"1733636558371397816","0",,"0","0","1","@BurhanMuhtadi Saya jadi teringat pernyataan Cak Nur (alm) saat menjadi co-host di salah satu acara tv swasta, ""Dalam masyarakat Islam, semakin mendekati pusat ke-ISLAM-annya bisa dilihat bahwa mereka akan semakin toleran""...sebuah analogi yg bisa berlaku vice-versa dalam kondisi lain...🌿✊🖖","1733695350102446346",,,,,"1227038540","false","true","Thu Feb 28 08:23:46 +0000 2013","true","false","Arsitek Lansekap",,,,,,,,,,,,,,,,,,,,,"0","56","20","85","false","false","0","","137","dj_alu","20",,"false",,"https://pbs.twimg.com/profile_images/1988047736823050242/4jFq1Mcf_normal.jpg","","djalu107","946","none",,"false",,"false","","","0","","@BurhanMuhtadi Saya jadi teringat pernyataan Cak Nur (alm) saat menjadi co-host di salah satu acara tv swasta, ""Dalam masyarakat Islam, semakin mendekati pusat ke-ISLAM-annya bisa dilihat bahwa mereka akan semakin toleran""...sebuah analogi yg bisa berlaku vice-versa dalam kondisi lain...🌿✊🖖","","1","",,,,,"false"
"0","","Sun Dec 10 01:14:36 +0000 2023",,,,,,,,,,,,,,,,"","false","true","false","","3","134742518","0","14","IG @burhanuddinmuhtadi","BurhanMuhtadi",,,,,,,,,,,,,,,,,,,,,,,,,,,,,,,"1733636558371397816","1","0","Sun Dec 10 01:14:36 +0000 2023",,"3",,,,,,,,,,,,,,,,"BurhanMuhtadi","1733636558371397816","134742518",,,,,,,,,,,,,,,,,,,,,,,,,,,,,,,,,,,,,,,,,,,,,,,,,,,,,,,,,,,,,,,,,,,,,,,,,,,,,"134742518","0","14","IG @burhanuddinmuhtadi","BurhanMuhtadi",,,,,,,,,,,,,,,,,,,,,,,,,,,,,,,"1733636558371397816","1",,"0","0","0","@BurhanMuhtadi Mandala. Anderson’s Language &amp; Power","1733656428005777756",,,,,"341878767","false","true","Mon Jul 25 03:16:07 +0000 2011","false","false","",,,,,,,,,,,,,,,,,,,,,"0","67556","1134","5181","true","false","4","","262","Herlily","1134","880303307754881024","false",,"https://pbs.twimg.com/profile_images/1677189004/kursi_kuning_normal.jpg","","her_fnu","18347","none",,"false",,"false","","","0","","@BurhanMuhtadi Mandala. Anderson’s Language &amp; Power","","0","",,,,,"false"
"0","","Sun Dec 10 01:22:58 +0000 2023",,,,,,,,,,,,,,,,"","false","true","false","","2","134742518","0","14","IG @burhanuddinmuhtadi","BurhanMuhtadi","3260970042","88","100","Keraton Yogyakarta","kratonjogja",,,,,,,,,,,,,,,,,,,,,,,,,,"1733636558371397816","0","0","Sun Dec 10 01:22:58 +0000 2023",,"2",,,,,,,,,,,,,,,,"BurhanMuhtadi","1733636558371397816","134742518",,,,,,,,,,,,,,,,,,,,,,,,,,,,,,,,,,,,,,,,,,,,,,,,,,,,,,,,,,,,,,,,,,,,,,,,,,,,,"134742518","0","14","IG @burhanuddinmuhtadi","BurhanMuhtadi","3260970042","88","100","Keraton Yogyakarta","kratonjogja",,,,,,,,,,,,,,,,,,,,,,,,,,"1733636558371397816","0",,"0","0","0","@BurhanMuhtadi nah pembentukan opini dan narasinya mulai nyerang2 dikit nih, gimana min @kratonjogja","1733658531872792691",,,,,"268279513","true","true","Fri Mar 18 13:17:22 +0000 2011","true","false","terus berupaya temukan hal baik tuk jadi lebih baik",,,,,,,,,,,,,,,,,,,,,"0","57697","1469","759","true","false","7","","764","Alabedjo","1469",,"false","https://pbs.twimg.com/profile_banners/268279513/1602838251","https://pbs.twimg.com/profile_images/1714582774458523648/oAdk8ibG_normal.jpg","","alabedjo","86510","none",,"false",,"false","","","0","","@BurhanMuhtadi nah pembentukan opini dan narasinya mulai nyerang2 dikit nih, gimana min @kratonjogja","","0","",,,,,"false"
"0","","Sun Dec 10 01:51:16 +0000 2023",,,,,,,,,,,,,,,,"","false","true","false","","2","134742518","0","14","IG @burhanuddinmuhtadi","BurhanMuhtadi",,,,,,,,,,,,,,,,,,,,,,,,,,,,,,,"1733636558371397816","0","0","Sun Dec 10 01:51:16 +0000 2023",,"2",,,,,,,,,,,,,,,,"BurhanMuhtadi","1733636558371397816","134742518",,,,,,,,,,,,,,,,,,,,,,,,,,,,,,,,,,,,,,,,,,,,,,,,,,,,,,,,,,,,,,,,,,,,,,,,,,,,,"134742518","0","14","IG @burhanuddinmuhtadi","BurhanMuhtadi",,,,,,,,,,,,,,,,,,,,,,,,,,,,,,,"1733636558371397816","0",,"0","0","0","@BurhanMuhtadi Demokrasi kita diperbaiki dulu. Jogja biarkan saja dengan keistimewaannya dan terbukti sampai saat ini, Jogja salah satu kota ternyaman di Indonesia. Parameternya mudah, jogja jadi kita tujuan bagi para pensiun menghabiskan waktu karena Jogja punya daya tarik khusus.","1733665653490618576",,,,,"1114546327315070976","false","true","Sat Apr 06 15:12:06 +0000 2019","true","false","New Account - Politik Akal Sehat",,,,,,,,,,,,,,,,,,,,,"0","8144","178","356","true","false","0","Jakarta Capital Region","359","Diks_btn","178",,"false","https://pbs.twimg.com/profile_banners/1114546327315070976/1610908867","https://pbs.twimg.com/profile_images/1379094857478639618/64JtBhjZ_normal.jpg","","Diks_btn","17128","none",,"false",,"false","","","0","","@BurhanMuhtadi Demokrasi kita diperbaiki dulu. Jogja biarkan saja dengan keistimewaannya dan terbukti sampai saat ini, Jogja salah satu kota ternyaman di Indonesia. Parameternya mudah, jogja jadi kita tujuan bagi para pensiun menghabiskan waktu karena Jogja punya daya tarik khusus.","","0","",,,,,"false"
"0","","Sun Dec 10 00:00:45 +0000 2023",,,,,,,,,,,,,,,,"","false","true","false","","2","134742518","0","14","IG @burhanuddinmuhtadi","BurhanMuhtadi",,,,,,,,,,,,,,,,,,,,,,,,,,,,,,,"1733636558371397816","1","0","Sun Dec 10 00:00:45 +0000 2023",,"2",,,,,,,,,,,,,,,,"BurhanMuhtadi","1733636558371397816","134742518",,,,,,,,,,,,,,,,,,,,,,,,,,,,,,,,,,,,,,,,,,,,,,,,,,,,,,,,,,,,,,,,,,,,,,,,,,,,,"134742518","0","14","IG @burhanuddinmuhtadi","BurhanMuhtadi",,,,,,,,,,,,,,,,,,,,,,,,,,,,,,,"1733636558371397816","1",,"0","0","0","@BurhanMuhtadi hapuskan monarki DIY","1733637840616177946",,,,,"1615189358826651648","false","false","Tue Jan 17 03:29:03 +0000 2023","true","false","chief security officer of antifa",,,,,,,,,,,,,,,,,,,,,"0","12505","80","441","false","false","1","Portland, OR","1482","ANTIGA","80",,"false",,"https://pbs.twimg.com/profile_images/1975000451792973825/Uhptg2X3_normal.jpg","","kohaku012023","9358","none",,"false",,"false","","","0","","@BurhanMuhtadi hapuskan monarki DIY","","0","",,,,,"false"
"0","","Wed Dec 06 09:23:56 +0000 2023",,,,,,,,,,,,,,,,"","false","true","false","","1","1515689815","0","14","saiful mujani","saiful_mujani",,,,,,,,,,,,,,,,,,,,,,,,,,,,,,,"1732255761173283043","2","0","Wed Dec 06 09:23:56 +0000 2023",,"1",,,,,,,,,,,,,,,,"saiful_mujani","1732255761173283043","1515689815",,,,,,,,,,,,,,,,,,,,,,,,,,,,,,,,,,,,,,,,,,,,,,,,,,,,,,,,,,,,,,,,,,,,,,,,,,,,,"1515689815","0","14","saiful mujani","saiful_mujani",,,,,,,,,,,,,,,,,,,,,,,,,,,,,,,"1732255761173283043","2",,"3","0","1","@saiful_mujani Enak sekali yg bikin ulah DPR yg disalahin presiden","1732330019069079612",,,,,"1161807341919977472","false","true","Thu Aug 15 01:10:30 +0000 2019","true","false","interior works",,,,,,,,,,,,,,,,,,,,,"0","100964","1894","2387","true","false","1","Tangerang, Indonesia","640","Bro Ari🇮🇩","1894","1576552017086279682","false","https://pbs.twimg.com/profile_banners/1161807341919977472/1643377612","https://pbs.twimg.com/profile_images/1750158336740446208/4kpQRX5Z_normal.jpg","","BroAri6","17901","none",,"false",,"false","","","3","","@saiful_mujani Enak sekali yg bikin ulah DPR yg disalahin presiden","","1","",,,,,"false"
"0","","Wed Dec 06 07:30:54 +0000 2023",,,,,,,,,,,,,,,,"","false","true","false","","1","1515689815","0","14","saiful mujani","saiful_mujani","1515689815","86","100","saiful mujani","saiful_mujani",,,,,,,,,,,,,,,,,,,,,,,,,,"1732255761173283043","0","0","Wed Dec 06 07:30:54 +0000 2023",,"1",,,,,,,,,,,,,,,,"saiful_mujani","1732255761173283043","1515689815","pic.x.com/FD4CrRx1tD","https://x.com/handrisontea/status/1732301574532415668/photo/1","1383","photo","https://pbs.twimg.com/media/GApfGe4bUAA9qqQ.jpg",,,,,,,,,,,,,,"1080",,,,,,,,,,,,,,,,,,,,,,,,,,,,,,,,,,,,,,,,,,,,,,,,,,,,,,,,,,"1515689815","0","14","saiful mujani","saiful_mujani","1515689815","86","100","saiful mujani","saiful_mujani",,,,,,,,,,,,,,,,,,,,,,,,,,"1732255761173283043","0",,"0","0","1","@saiful_mujani Semua itu di lakukan agar Anggaran 400 trilyun gak jadi Bancakan...apa @saiful_mujani paham sampai di sini .? https://t.co/FD4CrRx1tD","1732301574532415668",,,,,"170177558","false","true","Sat Jul 24 03:43:15 +0000 2010","true","false","THE LEADER akan meninggalkan JEJAK YANG BESAR bagi negara dan rakyat. JEJAK ITU akan tetap abadi di dalam sanubari rakyat",,,,,,,,,,,,,,,,,,,,,"0","39395","933","1081","true","false","3","Bogor Utara 2, Indonesia","1669","Muaknyusss","933",,"false","https://pbs.twimg.com/profile_banners/170177558/1623563345","https://pbs.twimg.com/profile_images/1717383997431644160/cAniiztB_normal.jpg","","antikadrun81","35369","none",,"false",,"false","","","0","","@saiful_mujani Semua itu di lakukan agar Anggaran 400 trilyun gak jadi Bancakan...apa @saiful_mujani paham sampai di sini .? https://t.co/FD4CrRx1tD","","1","",,,,,"false"
"0","","Wed Dec 06 07:29:05 +0000 2023",,,,,,,,,,,,,,,,"","false","true","false","","1","1515689815","0","14","saiful mujani","saiful_mujani",,,,,,,,,,,,,,,,,,,,,,,,,,,,,,,"1732255761173283043","0","0","Wed Dec 06 07:29:05 +0000 2023",,"1",,,,,,,,,,,,,,,,"saiful_mujani","1732255761173283043","1515689815",,,,,,,,,,,,,,,,,,,,,,,,,,,,,,,,,,,,,,,,,,,,,,,,,,,,,,,,,,,,,,,,,,,,,,,,,,,,,"1515689815","0","14","saiful mujani","saiful_mujani",,,,,,,,,,,,,,,,,,,,,,,,,,,,,,,"1732255761173283043","0",,"0","0","0","@saiful_mujani Yah kan GANJAR tinggal nunjuk nanti ... 😀","1732301116858335617",,,,,"227679821","true","true","Fri Dec 17 14:11:07 +0000 2010","true","false","You have freedom to say what you wanna  say, but prepare for the impact of what you said. Sometimes its impact nothing, sometimes good, but sometimes bad",,,,,,,,,,,,,,,,,,,,,"0","1993","1333","1941","true","false","0","","2283","counterattack82","1333",,"false",,"https://pbs.twimg.com/profile_images/1637976599403569152/rVcERtZU_normal.jpg","","youthofnation13","22075","none",,"false",,"false","","","0","","@saiful_mujani Yah kan GANJAR tinggal nunjuk nanti ... 😀","","0","",,,,,"false"
"0","","Wed Dec 06 04:45:10 +0000 2023",,,,,,,,,,,,,,,,"","false","true","false","","1","1515689815","0","14","saiful mujani","saiful_mujani",,,,,,,,,,,,,,,,,,,,,,,,,,,,,,,"1732255761173283043","0","0","Wed Dec 06 04:45:10 +0000 2023",,"1",,,,,,,,,,,,,,,,"saiful_mujani","1732255761173283043","1515689815",,,,,,,,,,,,,,,,,,,,,,,,,,,,,,,,,,,,,,,,,,,,,,,,,,,,,,,,,,,,,,,,,,,,,,,,,,,,,"1515689815","0","14","saiful mujani","saiful_mujani",,,,,,,,,,,,,,,,,,,,,,,,,,,,,,,"1732255761173283043","0",,"0","0","0","@saiful_mujani Hancur demokrasi Indonesia main tunjuk gubernur Jakarta. Sudah dibegal keputusan MK demi Gibran cawapres, dan melindungi kpruptor dan KPK dibuat mandul, main tunjuk lagi.","1732259865568182330",,,,,"1716136366843822080","false","true","Sun Oct 22 16:56:32 +0000 2023","true","false","Dosen dan Penulis.",,,,,,,,,,,,,,,,,,,,,"0","48","54","75","false","false","0","Depok, Jawa Barat","1193","Sabaruddin Siagian","54",,"false",,"https://pbs.twimg.com/profile_images/1716137085206437888/_RpLlcUW_normal.jpg","","SabaruddinS64","5000","none",,"false",,"false","","","0","","@saiful_mujani Hancur demokrasi Indonesia main tunjuk gubernur Jakarta. Sudah dibegal keputusan MK demi Gibran cawapres, dan melindungi kpruptor dan KPK dibuat mandul, main tunjuk lagi.","","0","",,,,,"false"
"0","","Wed Dec 06 04:58:10 +0000 2023",,,,,,,,,,,,,,,,"","false","true","false","","0","1515689815","0","14","saiful mujani","saiful_mujani",,,,,,,,,,,,,,,,,,,,,,,,,,,,,,,"1732255761173283043","0","0","Wed Dec 06 04:58:10 +0000 2023",,"0",,,,,,,,,,,,,,,,"saiful_mujani","1732255761173283043","1515689815",,,,,,,,,,,,,,,,,,,,,,,,,,,,,,,,,,,,,,,,,,,,,,,,,,,,,,,,,,,,,,,,,,,,,,,,,,,,,"1515689815","0","14","saiful mujani","saiful_mujani",,,,,,,,,,,,,,,,,,,,,,,,,,,,,,,"1732255761173283043","0",,"0","0","0","@saiful_mujani akibat keenakan minum asam sulfat","1732263136307314730",,,,,"1186656691581927427","false","true","Tue Oct 22 14:53:33 +0000 2019","true","false","my Savior",,,,,,,,,,,,,,,,,,,,,"0","662","971","5143","false","false","1","Ⓘⓝⓓⓞⓝⓔⓢⓘⓐ","94","Sabotase Baut?","971",,"false",,"https://pbs.twimg.com/profile_images/1993504163523969025/O4P8iAlb_normal.jpg","","PribumiD","7574","none",,"false",,"false","","","0","","@saiful_mujani akibat keenakan minum asam sulfat","","0","",,,,,"false"
"0","","Wed Dec 06 09:13:29 +0000 2023",,,,,,,,,,,,,,,,"","false","true","false","","0","1515689815","0","14","saiful mujani","saiful_mujani","111819716","52","61","butet kartaredjasa","masbutet","153407983","75","90","PDI Perjuangan","PDI_Perjuangan",,,,,,,,,,,,,,,,,,,,,"1732255761173283043","0","0","Wed Dec 06 09:13:29 +0000 2023",,"0",,,,,,,,,,,,,,,,"saiful_mujani","1732255761173283043","1515689815",,,,,,,,,,,,,,,,,,,,,,,,,,,,,,,,,,,,,,,,,,,,,,,,,,,,,,,,,,,,,,,,,,,,,,,,,,,,,"1515689815","0","14","saiful mujani","saiful_mujani","111819716","52","61","butet kartaredjasa","masbutet","153407983","75","90","PDI Perjuangan","PDI_Perjuangan",,,,,,,,,,,,,,,,,,,,,"1732255761173283043","0",,"0","0","0","@saiful_mujani Selamat Datang Orde Baru; betul kata @masbutet dan Megawati @PDI_Perjuangan","1732327389047435455",,,,,"1421306168555704320","false","true","Sat Jul 31 03:07:18 +0000 2021","true","false","Umur 44, mandor gudang besi",,,,,,,,,,,,,,,,,,,,,"0","9","94","115","false","false","0","","2034","President of the universe","94",,"false","https://pbs.twimg.com/profile_banners/1421306168555704320/1701916024","https://pbs.twimg.com/profile_images/1732587764720541696/M8E0M2-6_normal.jpg","","novemlupanyabut","2988","none",,"false",,"false","","","0","","@saiful_mujani Selamat Datang Orde Baru; betul kata @masbutet dan Megawati @PDI_Perjuangan","","0","",,,,,"false"
"0","","Wed Dec 06 07:57:44 +0000 2023",,,,,,,,,,,,,,,,"","false","true","false","","0","1515689815","0","14","saiful mujani","saiful_mujani",,,,,,,,,,,,,,,,,,,,,,,,,,,,,,,"1732255761173283043","0","0","Wed Dec 06 07:57:44 +0000 2023",,"0",,,,,,,,,,,,,,,,"saiful_mujani","1732255761173283043","1515689815",,,,,,,,,,,,,,,,,,,,,,,,,,,,,,,,,,,,,,,,,,,,,,,,,,,,,,,,,,,,,,,,,,,,,,,,,,,,,"1515689815","0","14","saiful mujani","saiful_mujani",,,,,,,,,,,,,,,,,,,,,,,,,,,,,,,"1732255761173283043","0",,"0","0","0","@saiful_mujani Orang pintar @syaiful_mujani belum tentu orang yang bijaksana, karena kepintarannya dipakai untuk memenuhi syahwatnya.","1732308325323382816",,,,,"1286936602703323136","true","true","Sat Jul 25 08:10:27 +0000 2020","true","false","The greatest pleasure in life is doing what people say you can't do.",,,,,,,,,,,,,,,,,,,,,"0","6255","160","379","true","false","1","Tanjung Enim, Indonesia. ","958","Cony Silado","160",,"false","https://pbs.twimg.com/profile_banners/1286936602703323136/1617288878","https://pbs.twimg.com/profile_images/1756377839140737024/Q9Zpo--u_normal.jpg","","Marconi70456466","5893","none",,"false",,"false","","","0","","@saiful_mujani Orang pintar @syaiful_mujani belum tentu orang yang bijaksana, karena kepintarannya dipakai untuk memenuhi syahwatnya.","","0","",,,,,"false"
"0","","Wed Dec 06 14:51:03 +0000 2023",,,,,,,,,,,,,,,,"","false","true","false","","0","1515689815","0","14","saiful mujani","saiful_mujani",,,,,,,,,,,,,,,,,,,,,,,,,,,,,,,"1732255761173283043","0","0","Wed Dec 06 14:51:03 +0000 2023",,"0",,,,,,,,,,,,,,,,"saiful_mujani","1732255761173283043","1515689815",,,,,,,,,,,,,,,,,,,,,,,,,,,,,,,,,,,,,,,,,,,,,,,,,,,,,,,,,,,,,,,,,,,,,,,,,,,,,"1515689815","0","14","saiful mujani","saiful_mujani",,,,,,,,,,,,,,,,,,,,,,,,,,,,,,,"1732255761173283043","0",,"0","0","0","@saiful_mujani KALAH sama Pemilihan Ketua Kelas anak SD... Ga Malu yaaa ??? 😄😄😄","1732412340153524586",,,,,"1605464388202541057","false","true","Wed Dec 21 07:25:37 +0000 2022","true","false","akun 2012 tumbang, kini Balik Lagi !",,,,,,,,,,,,,,,,,,,,,"0","25280","292","282","false","false","0","","99","kohlervooler","292",,"false",,"https://pbs.twimg.com/profile_images/1605474602926440448/mWf48PTX_normal.jpg","","kohlervooler","16660","none",,"false",,"false","","","0","","@saiful_mujani KALAH sama Pemilihan Ketua Kelas anak SD... Ga Malu yaaa ??? 😄😄😄","","0","",,,,,"false"
"0","","Wed Dec 06 16:51:33 +0000 2023",,,,,,,,,,,,,,,,"","false","true","false","","0","1515689815","0","14","saiful mujani","saiful_mujani",,,,,,,,,,,,,,,,,,,,,,,,,,,,,,,"1732255761173283043","0","0","Wed Dec 06 16:51:33 +0000 2023",,"0",,,,,,,,,,,,,,,,"saiful_mujani","1732255761173283043","1515689815",,,,,,,,,,,,,,,,,,,,,,,,,,,,,,,,,,,,,,,,,,,,,,,,,,,,,,,,,,,,,,,,,,,,,,,,,,,,,"1515689815","0","14","saiful mujani","saiful_mujani",,,,,,,,,,,,,,,,,,,,,,,,,,,,,,,"1732255761173283043","0",,"0","0","0","@saiful_mujani Tanggung, sampai tingkat RT sekalian.","1732442666800128121",,,,,"1555387640676921344","false","true","Fri Aug 05 02:58:23 +0000 2022","true","false","Smart",,,,,,,,,,,,,,,,,,,,,"0","653","42","85","false","false","0","","123","Ali farihi","42",,"false","https://pbs.twimg.com/profile_banners/1555387640676921344/1659789136","https://pbs.twimg.com/profile_images/1555893458803388418/EZzllt_i_normal.jpg","","alifarihin69","3909","none",,"false",,"false","","","0","","@saiful_mujani Tanggung, sampai tingkat RT sekalian.","","0","",,,,,"false"
"0","","Wed Dec 06 08:20:18 +0000 2023",,,,,,,,,,,,,,,,"","false","true","false","","0","1515689815","0","14","saiful mujani","saiful_mujani",,,,,,,,,,,,,,,,,,,,,,,,,,,,,,,"1732255761173283043","0","0","Wed Dec 06 08:20:18 +0000 2023",,"0",,,,,,,,,,,,,,,,"saiful_mujani","1732255761173283043","1515689815",,,,,,,,,,,,,,,,,,,,,,,,,,,,,,,,,,,,,,,,,,,,,,,,,,,,,,,,,,,,,,,,,,,,,,,,,,,,,"1515689815","0","14","saiful mujani","saiful_mujani",,,,,,,,,,,,,,,,,,,,,,,,,,,,,,,"1732255761173283043","0",,"0","0","0","@saiful_mujani Pada mau balik ke orba tapi malu malu, kalo semua propinsi isinya relawan dan buzzerp bisa ancur negeri ini?","1732314006197858790",,,,,"1599823232190025728","false","true","Mon Dec 05 17:50:20 +0000 2022","true","false","",,,,,,,,,,,,,,,,,,,,,"0","11704","92","10","false","false","1","","49","Jampang","92",,"false",,"https://pbs.twimg.com/profile_images/1607711820298735616/9hWuzg_8_normal.jpg","","BudiSan75825121","22538","none",,"false",,"false","","","0","","@saiful_mujani Pada mau balik ke orba tapi malu malu, kalo semua propinsi isinya relawan dan buzzerp bisa ancur negeri ini?","","0","",,,,,"false"
"0","","Wed Dec 06 15:56:57 +0000 2023",,,,,,,,,,,,,,,,"","false","true","false","","0","1515689815","0","14","saiful mujani","saiful_mujani",,,,,,,,,,,,,,,,,,,,,,,,,,,,,,,"1732255761173283043","0","0","Wed Dec 06 15:56:57 +0000 2023",,"0",,,,,,,,,,,,,,,,"saiful_mujani","1732255761173283043","1515689815","pic.x.com/OVlwS0jIzd","https://x.com/BeBuzzerNKRI/status/1732428926092534062/photo/1","2048","photo","https://pbs.twimg.com/media/GArS42ZbcAALqRV.jpg",,,,,,,,,,,,,,"922","pic.x.com/OVlwS0jIzd","https://x.com/BeBuzzerNKRI/status/1732428926092534062/photo/1","2048","photo","https://pbs.twimg.com/media/GArS5MlbQAA4i1L.jpg",,,,,,,,,,,,,,"922","pic.x.com/OVlwS0jIzd","https://x.com/BeBuzzerNKRI/status/1732428926092534062/photo/1","2048","photo","https://pbs.twimg.com/media/GArS69Pb0AAq4LT.jpg",,,,,,,,,,,,,,"922","pic.x.com/OVlwS0jIzd","https://x.com/BeBuzzerNKRI/status/1732428926092534062/photo/1","2048","photo","https://pbs.twimg.com/media/GArS7VoacAANqv1.jpg",,,,,,,,,,,,,,"922","1515689815","0","14","saiful mujani","saiful_mujani",,,,,,,,,,,,,,,,,,,,,,,,,,,,,,,"1732255761173283043","0",,"0","0","0","@saiful_mujani Logika kadrun.
RUU DKJ inisiatif DPR dimana di dalamnya ada PDIP dan PPP...tp yg disalahkan Pemerintah.

Logika kadrun. 
Penunjukkan plt kepala daerah adlh adlh amanat UU No 10 thn 2016, tp yg disalahkan Pemerintah.

Profesor KADRUN... https://t.co/OVlwS0jIzd","1732428926092534062",,,,,"998800626816499712","false","false","Tue May 22 05:40:01 +0000 2018","true","false","Life is about a relationship. With a good relationship your life will be good. #AlwaysGood",,,,,,,,,,,,,,,,,,,,,"0","6903","1002","687","true","false","1","Indonesia","6404","OraUrus#❌","1002",,"false","https://pbs.twimg.com/profile_banners/998800626816499712/1747035577","https://pbs.twimg.com/profile_images/1921735517949083648/mGnEhm5Z_normal.jpg","","BeBuzzerNKRI","35162","none",,"false",,"false","","","0","","@saiful_mujani Logika kadrun.
RUU DKJ inisiatif DPR dimana di dalamnya ada PDIP dan PPP...tp yg disalahkan Pemerintah.

Logika kadrun. 
Penunjukkan plt kepala daerah adlh adlh amanat UU No 10 thn 2016, tp yg disalahkan Pemerintah.

Profesor KADRUN... https://t.co/OVlwS0jIzd","","0","",,,,,"false"
"0","","Wed Dec 06 06:45:28 +0000 2023",,,,,,,,,,,,,,,,"","false","true","false","","0","1515689815","0","14","saiful mujani","saiful_mujani",,,,,,,,,,,,,,,,,,,,,,,,,,,,,,,"1732255761173283043","0","0","Wed Dec 06 06:45:28 +0000 2023",,"0",,,,,,,,,,,,,,,,"saiful_mujani","1732255761173283043","1515689815",,,,,,,,,,,,,,,,,,,,,,,,,,,,,,,,,,,,,,,,,,,,,,,,,,,,,,,,,,,,,,,,,,,,,,,,,,,,,"1515689815","0","14","saiful mujani","saiful_mujani",,,,,,,,,,,,,,,,,,,,,,,,,,,,,,,"1732255761173283043","0",,"0","0","0","@saiful_mujani Ful iful mana hasil survey, kerja oi kerja....ngetweer melulu katanya konsultan. Hasil survey mana ? Mana?","1732290138292842569",,,,,"460938992","false","true","Wed Jan 11 08:41:59 +0000 2012","true","false","I Love My Life. #stillwithJokowi #TerimakasihPakJokowi #Bolonemase",,,,,,,,,,,,,,,,,,,,,"0","2191","50","32","false","false","1","Indonesia","187","Lian","50","1829932031771611182","false","https://pbs.twimg.com/profile_banners/460938992/1574785633","https://pbs.twimg.com/profile_images/1847863635345100800/mUxxLcLU_normal.jpg","","Lian_2791","7838","none",,"false",,"false","","","0","","@saiful_mujani Ful iful mana hasil survey, kerja oi kerja....ngetweer melulu katanya konsultan. Hasil survey mana ? Mana?","","0","",,,,,"false"
"0","","Wed Dec 06 09:18:15 +0000 2023",,,,,,,,,,,,,,,,"","false","true","false","","0","1515689815","0","14","saiful mujani","saiful_mujani",,,,,,,,,,,,,,,,,,,,,,,,,,,,,,,"1732255761173283043","0","0","Wed Dec 06 09:18:15 +0000 2023",,"0",,,,,,,,,,,,,,,,"saiful_mujani","1732255761173283043","1515689815",,,,,,,,,,,,,,,,,,,,,,,,,,,,,,,,,,,,,,,,,,,,,,,,,,,,,,,,,,,,,,,,,,,,,,,,,,,,,"1515689815","0","14","saiful mujani","saiful_mujani",,,,,,,,,,,,,,,,,,,,,,,,,,,,,,,"1732255761173283043","0",,"0","0","0","@saiful_mujani Tapi kann,, kalo presiden ny petugas partai y kembali lagi partai yg menentukan.
Yg usul partai yg nentuin ketum partai juga.
Presiden hny petugas di jadikan kambing hitam. Lucu.","1732328589692146119",,,,,"1477299019","false","true","Sun Jun 02 13:11:27 +0000 2013","true","false","",,,,,,,,,,,,,,,,,,,,,"0","138","51","54","false","false","1","Jogja","54","prasetyo putro","51",,"false",,"https://pbs.twimg.com/profile_images/3748822713/cc04907dee87c4399672ee86a7a09b07_normal.jpeg","","dixie_pp","7395","none",,"false",,"false","","","0","","@saiful_mujani Tapi kann,, kalo presiden ny petugas partai y kembali lagi partai yg menentukan.
Yg usul partai yg nentuin ketum partai juga.
Presiden hny petugas di jadikan kambing hitam. Lucu.","","0","",,,,,"false"
"0","","Wed Dec 06 05:37:09 +0000 2023",,,,,,,,,,,,,,,,"","false","true","false","","0","1515689815","0","14","saiful mujani","saiful_mujani",,,,,,,,,,,,,,,,,,,,,,,,,,,,,,,"1732255761173283043","0","0","Wed Dec 06 05:37:09 +0000 2023",,"0",,,,,,,,,,,,,,,,"saiful_mujani","1732255761173283043","1515689815",,,,,,,,,,,,,,,,,,,,,,,,,,,,,,,,,,,,,,,,,,,,,,,,,,,,,,,,,,,,,,,,,,,,,,,,,,,,,"1515689815","0","14","saiful mujani","saiful_mujani",,,,,,,,,,,,,,,,,,,,,,,,,,,,,,,"1732255761173283043","0",,"1","0","0","@saiful_mujani Prof kenapa gak kau gas DPR? Itu inisiatif DPR, Presiden lg yg kau salahkan...😀😀🤣🤣","1732272948873146601",,,,,"2835276488","true","true","Sun Sep 28 17:11:30 +0000 2014","true","false","Terimakasih Pak JOKOWI, Selamat bertugas Pak PRABOWO.",,,,,,,,,,,,,,,,,,,,,"0","965","2090","1905","true","false","1","Indonesia","1530","K E N A P A ?","2090","1725715258604732860","false","https://pbs.twimg.com/profile_banners/2835276488/1651805920","https://pbs.twimg.com/profile_images/1939207528748871680/amNXVdNO_normal.jpg","","ChSitum","8506","none",,"false",,"false","","","1","","@saiful_mujani Prof kenapa gak kau gas DPR? Itu inisiatif DPR, Presiden lg yg kau salahkan...😀😀🤣🤣","","0","",,,,,"false"
"0","","Wed Dec 06 05:05:51 +0000 2023",,,,,,,,,,,,,,,,"","false","true","false","","0","1515689815","0","14","saiful mujani","saiful_mujani",,,,,,,,,,,,,,,,,,,,,,,,,,,,,,,"1732255761173283043","0","0","Wed Dec 06 05:05:51 +0000 2023",,"0",,,,,,,,,,,,,,,,"saiful_mujani","1732255761173283043","1515689815",,,,,,,,,,,,,,,,,,,,,,,,,,,,,,,,,,,,,,,,,,,,,,,,,,,,,,,,,,,,,,,,,,,,,,,,,,,,,"1515689815","0","14","saiful mujani","saiful_mujani",,,,,,,,,,,,,,,,,,,,,,,,,,,,,,,"1732255761173283043","0",,"0","0","0","@saiful_mujani Persis era orde baru dulu ya…","1732265071479521691",,,,,"120970119","false","false","Mon Mar 08 04:19:44 +0000 2010","false","false","Long lost psychologist turned psychotic with coffee in the bloodstream & bicycle parked nearby",,,,,,,,,,,,,,,,,,,,,"0","5862","3288","1490","true","false","32","Jakarta-BSD-Seminyak-Pecatu","3028","Rivo Pamudji~Cipong","3288",,"false","https://pbs.twimg.com/profile_banners/120970119/1581268932","https://pbs.twimg.com/profile_images/1302753481904717824/Khi-TzFu_normal.jpg","","RivoPamudji","37432","none",,"false",,"false","","","0","","@saiful_mujani Persis era orde baru dulu ya…","","0","",,,,,"false"
"0","","Wed Dec 06 04:37:32 +0000 2023",,,,,,,,,,,,,,,,"","false","true","false","","0","1515689815","0","14","saiful mujani","saiful_mujani",,,,,,,,,,,,,,,,,,,,,,,,,,,,,,,"1732255761173283043","0","0","Wed Dec 06 04:37:32 +0000 2023",,"0",,,,,,,,,,,,,,,,"saiful_mujani","1732255761173283043","1515689815",,,,,,,,,,,,,,,,,,,,,,,,,,,,,,,,,,,,,,,,,,,,,,,,,,,,,,,,,,,,,,,,,,,,,,,,,,,,,"1515689815","0","14","saiful mujani","saiful_mujani",,,,,,,,,,,,,,,,,,,,,,,,,,,,,,,"1732255761173283043","0",,"0","0","0","@saiful_mujani Aaggh luar binasa lurah 1 ini,,,, nikmat mana lagi yg kau dustakan ???","1732257944790864050",,,,,"154028885","false","true","Thu Jun 10 05:14:50 +0000 2010","true","false","",,,,,,,,,,,,,,,,,,,,,"0","250","18","140","true","false","0","","2","andromeda_(M31)","18",,"false","https://pbs.twimg.com/profile_banners/154028885/1691650134","https://pbs.twimg.com/profile_images/1697085492196700160/0GwyfvM3_normal.jpg","","darwis_mgrnot","1949","none",,"false",,"false","","","0","","@saiful_mujani Aaggh luar binasa lurah 1 ini,,,, nikmat mana lagi yg kau dustakan ???","","0","",,,,,"false"
"0","","Wed Dec 06 19:17:22 +0000 2023",,,,,,,,,,,,,,,,"","false","true","false","","0","1515689815","0","14","saiful mujani","saiful_mujani",,,,,,,,,,,,,,,,,,,,,,,,,,,,,,,"1732255761173283043","0","0","Wed Dec 06 19:17:22 +0000 2023",,"0",,,,,,,,,,,,,,,,"saiful_mujani","1732255761173283043","1515689815",,,,,,,,,,,,,,,,,,,,,,,,,,,,,,,,,,,,,,,,,,,,,,,,,,,,,,,,,,,,,,,,,,,,,,,,,,,,,"1515689815","0","14","saiful mujani","saiful_mujani",,,,,,,,,,,,,,,,,,,,,,,,,,,,,,,"1732255761173283043","0",,"0","0","0","@saiful_mujani Ingat: Loe pemuja Joko","1732479360261910845",,,,,"760406047722909696","false","true","Tue Aug 02 09:25:04 +0000 2016","true","false","guru, nasionalis penyuka sains dan alam",,,,,,,,,,,,,,,,,,,,,"0","16176","443","672","true","false","0","","291","ToviX","443",,"false","https://pbs.twimg.com/profile_banners/760406047722909696/1546826022","https://pbs.twimg.com/profile_images/1870441332898148352/B9OgteEP_normal.jpg","","Toviq7","18014","none",,"false",,"false","","","0","","@saiful_mujani Ingat: Loe pemuja Joko","","0","",,,,,"false"
"0","","Wed Dec 06 05:20:28 +0000 2023",,,,,,,,,,,,,,,,"","false","true","false","","0","1515689815","0","14","saiful mujani","saiful_mujani",,,,,,,,,,,,,,,,,,,,,,,,,,,,,,,"1732255761173283043","0","0","Wed Dec 06 05:20:28 +0000 2023",,"0",,,,,,,,,,,,,,,,"saiful_mujani","1732255761173283043","1515689815",,,,,,,,,,,,,,,,,,,,,,,,,,,,,,,,,,,,,,,,,,,,,,,,,,,,,,,,,,,,,,,,,,,,,,,,,,,,,"1515689815","0","14","saiful mujani","saiful_mujani",,,,,,,,,,,,,,,,,,,,,,,,,,,,,,,"1732255761173283043","0",,"0","0","0","@saiful_mujani Kembali kejaman Orde Baru,dimana waktu itu semua pejabat ditunjuk oleh presiden..dari gubernur hingga anggota DPR..Pak Lurah emang hebat 👍👍👍","1732268750622371856",,,,,"1223409418189987840","false","true","Sat Feb 01 00:55:35 +0000 2020","true","false","Jangan follow kalo berharap di fb..",,,,,,,,,,,,,,,,,,,,,"0","159054","758","382","true","false","1","","23","Firdausy Muh","758",,"false","https://pbs.twimg.com/profile_banners/1223409418189987840/1581333892","https://pbs.twimg.com/profile_images/1608740589411135488/4zLXyB8w_normal.jpg","","FirdausyMuh","68863","none",,"false",,"false","","","0","","@saiful_mujani Kembali kejaman Orde Baru,dimana waktu itu semua pejabat ditunjuk oleh presiden..dari gubernur hingga anggota DPR..Pak Lurah emang hebat 👍👍👍","","0","",,,,,"false"
"0","","Thu Dec 07 16:53:29 +0000 2023",,,,,,,,,,,,,,,,"","false","true","false","","0","1515689815","0","14","saiful mujani","saiful_mujani",,,,,,,,,,,,,,,,,,,,,,,,,,,,,,,"1732255761173283043","0","0","Thu Dec 07 16:53:29 +0000 2023",,"0",,,,,,,,,,,,,,,,"saiful_mujani","1732255761173283043","1515689815",,,,,,,,,,,,,,,,,,,,,,,,,,,,,,,,,,,,,,,,,,,,,,,,,,,,,,,,,,,,,,,,,,,,,,,,,,,,,"1515689815","0","14","saiful mujani","saiful_mujani",,,,,,,,,,,,,,,,,,,,,,,,,,,,,,,"1732255761173283043","0",,"0","0","0","@saiful_mujani Narasinya selalu presiden yg disalahkan..tukang survey abak abal..","1732805538659115269",,,,,"1484796145587322886","false","true","Sat Jan 22 07:53:13 +0000 2022","true","false","scorpio",,,,,,,,,,,,,,,,,,,,,"0","2627","49","109","false","false","0","","33","sang berpengaruh","49",,"false",,"https://pbs.twimg.com/profile_images/1552962377649631232/CjpFyIx9_normal.jpg","","SangBerpengaruh","3417","none",,"false",,"false","","","0","","@saiful_mujani Narasinya selalu presiden yg disalahkan..tukang survey abak abal..","","0","",,,,,"false"
"0","","Wed Dec 06 15:56:57 +0000 2023",,,,,,,,,,,,,,,,"","false","true","false","","0","1515689815","0","14","saiful mujani","saiful_mujani",,,,,,,,,,,,,,,,,,,,,,,,,,,,,,,"1732255761173283043","0","0","Wed Dec 06 15:56:57 +0000 2023",,"0",,,,,,,,,,,,,,,,"saiful_mujani","1732255761173283043","1515689815",,,,,,,,,,,,,,,,,,,,,,,,,,,,,,,,,,,,,,,,,,,,,,,,,,,,,,,,,,,,,,,,,,,,,,,,,,,,,"1515689815","0","14","saiful mujani","saiful_mujani",,,,,,,,,,,,,,,,,,,,,,,,,,,,,,,"1732255761173283043","0",,"0","0","0","@saiful_mujani Kalaupun iya, memangnya yg nunjuk pak Jokowi? Memangnya Pilgub DKI kapan? Memangnya pak Jokowi lengser kapan? Memangnya pelantikan Presiden ke8 kapan? 
Ijin bertanya Prof 🙏","1732428925618594186",,,,,"2776050139","false","true","Thu Aug 28 08:26:28 +0000 2014","true","false","husband, parent, have faith, God save us all...",,,,,,,,,,,,,,,,,,,,,"0","21154","770","1437","true","false","0","","64","庫婁荷遭輪縫 柄肛","770",,"false","https://pbs.twimg.com/profile_banners/2776050139/1581523108","https://pbs.twimg.com/profile_images/1364864385328369665/6N1ZgvbR_normal.jpg","","whawhan_eko","3297","none",,"false",,"false","","","0","","@saiful_mujani Kalaupun iya, memangnya yg nunjuk pak Jokowi? Memangnya Pilgub DKI kapan? Memangnya pak Jokowi lengser kapan? Memangnya pelantikan Presiden ke8 kapan? 
Ijin bertanya Prof 🙏","","0","",,,,,"false"
"0","","Thu Dec 07 02:42:35 +0000 2023",,,,,,,,,,,,,,,,"","false","true","false","","0","1515689815","0","14","saiful mujani","saiful_mujani",,,,,,,,,,,,,,,,,,,,,,,,,,,,,,,"1732255761173283043","0","0","Thu Dec 07 02:42:35 +0000 2023",,"0",,,,,,,,,,,,,,,,"saiful_mujani","1732255761173283043","1515689815",,,,,,,,,,,,,,,,,,,,,,,,,,,,,,,,,,,,,,,,,,,,,,,,,,,,,,,,,,,,,,,,,,,,,,,,,,,,,"1515689815","0","14","saiful mujani","saiful_mujani",,,,,,,,,,,,,,,,,,,,,,,,,,,,,,,"1732255761173283043","0",,"0","0","0","@saiful_mujani Cuci tangan yg bersih!","1732591405238014440",,,,,"1363673094","false","false","Fri Apr 19 05:58:41 +0000 2013","false","false","",,,,,,,,,,,,,,,,,,,,,"0","3027","62","155","true","false","3","","252","Sesuai Arahan Pimpinan","62",,"false","https://pbs.twimg.com/profile_banners/1363673094/1729670885","https://pbs.twimg.com/profile_images/1836584198523736064/VncNf5B9_normal.jpg","","yukgoblokbareng","6486","none",,"false",,"false","","","0","","@saiful_mujani Cuci tangan yg bersih!","","0","",,,,,"false"
"0","","Wed Dec 06 09:28:53 +0000 2023",,,,,,,,,,,,,,,,"","false","true","false","","2","1515689815","0","14","saiful mujani","saiful_mujani",,,,,,,,,,,,,,,,,,,,,,,,,,,,,,,"1732255761173283043","1","0","Wed Dec 06 09:28:53 +0000 2023",,"2",,,,,,,,,,,,,,,,"saiful_mujani","1732255761173283043","1515689815",,,,,,,,,,,,,,,,,,,,,,,,,,,,,,,,,,,,,,,,,,,,,,,,,,,,,,,,,,,,,,,,,,,,,,,,,,,,,"1515689815","0","14","saiful mujani","saiful_mujani",,,,,,,,,,,,,,,,,,,,,,,,,,,,,,,"1732255761173283043","1",,"0","0","0","@saiful_mujani Seharusnya dr dulu bupati dan gubernur itu dipilihkan presiden sja krn ga da jg gunanya buat masyarakat. 
Milih bupati &amp; gubernur hbis uang negara triliunan tp cuma bisa korupsi tnpa ada kerja nyatanya untuk rakyat!!","1732331265448439970",,,,,"1198814304369139712","false","true","Mon Nov 25 04:03:18 +0000 2019","true","false","hobby tawur😆",,,,,,,,,,,,,,,,,,,,,"0","102281","2852","3481","true","false","0","wuhan","2128","IblisbaikHATI","2852",,"false",,"https://pbs.twimg.com/profile_images/1734785421572476928/0MeCMyZq_normal.jpg","","freddyarjuna","32489","none",,"false",,"false","","","0","","@saiful_mujani Seharusnya dr dulu bupati dan gubernur itu dipilihkan presiden sja krn ga da jg gunanya buat masyarakat. 
Milih bupati &amp; gubernur hbis uang negara triliunan tp cuma bisa korupsi tnpa ada kerja nyatanya untuk rakyat!!","","0","",,,,,"false"
"0","","Wed Dec 06 07:54:24 +0000 2023",,,,,,,,,,,,,,,,"","false","true","false","","0","1515689815","0","14","saiful mujani","saiful_mujani",,,,,,,,,,,,,,,,,,,,,,,,,,,,,,,"1732255761173283043","0","0","Wed Dec 06 07:54:24 +0000 2023",,"0",,,,,,,,,,,,,,,,"saiful_mujani","1732255761173283043","1515689815","pic.x.com/1GjRI9P4AM","https://x.com/FauziAbdil76784/status/1732307487850987652/photo/1","1280","photo","https://pbs.twimg.com/media/GApkeDGboAEX46y.jpg",,,,,,,,,,,,,,"720",,,,,,,,,,,,,,,,,,,,,,,,,,,,,,,,,,,,,,,,,,,,,,,,,,,,,,,,,,"1515689815","0","14","saiful mujani","saiful_mujani",,,,,,,,,,,,,,,,,,,,,,,,,,,,,,,"1732255761173283043","0",,"0","0","0","@saiful_mujani Hayoook PDIP juga setuju loh ini. https://t.co/1GjRI9P4AM","1732307487850987652",,,,,"1645608438079315971","false","true","Tue Apr 11 02:04:15 +0000 2023","true","false","",,,,,,,,,,,,,,,,,,,,,"0","186","12","111","false","false","0","","195","Fauzi Abdilah","12",,"false",,"https://pbs.twimg.com/profile_images/1645608669504233472/didS6j1K_normal.jpg","","FauziAbdil76784","1972","none",,"false",,"false","","","0","","@saiful_mujani Hayoook PDIP juga setuju loh ini. https://t.co/1GjRI9P4AM","","0","",,,,,"false"
"0","","Wed Dec 06 05:44:09 +0000 2023",,,,,,,,,,,,,,,,"","false","true","false","","0","1515689815","0","14","saiful mujani","saiful_mujani",,,,,,,,,,,,,,,,,,,,,,,,,,,,,,,"1732255761173283043","0","0","Wed Dec 06 05:44:09 +0000 2023",,"0",,,,,,,,,,,,,,,,"saiful_mujani","1732255761173283043","1515689815",,,,,,,,,,,,,,,,,,,,,,,,,,,,,,,,,,,,,,,,,,,,,,,,,,,,,,,,,,,,,,,,,,,,,,,,,,,,,"1515689815","0","14","saiful mujani","saiful_mujani",,,,,,,,,,,,,,,,,,,,,,,,,,,,,,,"1732255761173283043","0",,"0","0","0","@saiful_mujani lha yg usulkan dpr om. Cuma PKS yg nolak. Jangan2 ini perintah ketum partai yg setuju spt petugas partainya yg nyapres kalau menang nanti bisa enak2 saja nunjuk gub dki.","1732274707410673694",,,,,"91326639","false","true","Fri Nov 20 12:09:20 +0000 2009","true","true","",,,,,,,,,,,,,,,,,,,,,"0","418","91","337","true","false","8","","773","Dodol Garut","91",,"false",,"https://abs.twimg.com/sticky/default_profile_images/default_profile_normal.png","","chireng","9914","none",,"false",,"false","","","0","","@saiful_mujani lha yg usulkan dpr om. Cuma PKS yg nolak. Jangan2 ini perintah ketum partai yg setuju spt petugas partainya yg nyapres kalau menang nanti bisa enak2 saja nunjuk gub dki.","","0","",,,,,"false"
"0","","Mon Dec 23 23:57:50 +0000 2024",,,,,,,,,,,,,,,,"","false","true","false","","1","1534410359561666560","13","24","BurmanAcil","AcilBurman",,,,,,,,,,,,,,,,,,,,,,,,,,,,,,,"1871217229100191854","0","0","Mon Dec 23 23:57:50 +0000 2024",,"1",,,,,,,,,,,,,,,,"King_SpeakUp","1871217229100191854","1787788662295683072",,,,,,,,,,,,,,,,,,,,,,,,,,,,,,,,,,,,,,,,,,,,,,,,,,,,,,,,,,,,,,,,,,,,,,,,,,,,,"1534410359561666560","13","24","BurmanAcil","AcilBurman",,,,,,,,,,,,,,,,,,,,,,,,,,,,,,,"1871217229100191854","0",,"2","0","0","@Nobody_2811 @AcilBurman OMON OMON","1871344494714732754",,,,,"1661041817138368512","true","false","Tue May 23 16:11:53 +0000 2023","true","false","no porno    ⛔
no Cebong ⛔
No DM         ⛔",,,,,,,,,,,,,,,,,,,,,"0","86868","5110","5512","false","false","1","","10020","Amelia","5110",,"false","https://pbs.twimg.com/profile_banners/1661041817138368512/1758346909","https://pbs.twimg.com/profile_images/1974305174979293188/cvfPfB7u_normal.jpg","","amelcewaw","114697","none",,"false",,"false","","","2","","@Nobody_2811 @AcilBurman OMON OMON","","0","",,,,,"false"
"0","","Tue Dec 24 11:55:15 +0000 2024",,,,,,,,,,,,,,,,"","false","true","false","","1","1661041817138368512","0","10","Amelia","amelcewaw","1534410359561666560","11","22","BurmanAcil","AcilBurman",,,,,,,,,,,,,,,,,,,,,,,,,,"1871217229100191854","0","0","Tue Dec 24 11:55:15 +0000 2024",,"1",,,,,,,,,,,,,,,,"amelcewaw","1871344494714732754","1661041817138368512",,,,,,,,,,,,,,,,,,,,,,,,,,,,,,,,,,,,,,,,,,,,,,,,,,,,,,,,,,,,,,,,,,,,,,,,,,,,,"1661041817138368512","0","10","Amelia","amelcewaw","1534410359561666560","11","22","BurmanAcil","AcilBurman",,,,,,,,,,,,,,,,,,,,,,,,,,"1871217229100191854","0",,"0","0","0","@amelcewaw @AcilBurman Ho'oh 😂","1871525040405336227",,,,,"1787788662295683072","false","true","Tue May 07 10:17:13 +0000 2024","true","false","Should stay humble 🇮🇩❤️🇵🇸",,,,,,,,,,,,,,,,,,,,,"0","49037","4038","592","false","false","2","DKI Jakarta, Indonesia","7236","Nobody","4038",,"false","https://pbs.twimg.com/profile_banners/1787788662295683072/1756926808","https://pbs.twimg.com/profile_images/1985692845798539268/V3ap0ig5_normal.jpg","","King_SpeakUp","38595","none",,"false",,"false","","","0","","@amelcewaw @AcilBurman Ho'oh 😂","","0","",,,,,"false"
"0","","Tue Dec 24 14:26:08 +0000 2024",,,,,,,,,,,,,,,,"","false","true","false","","0",,,,,,,,,,,,,,,,,,,,,,,,,,,,,,,,,,,,"1871217229100191854","0","0","Tue Dec 24 14:26:08 +0000 2024",,"0",,,,,,,,,,,,,,,,"King_SpeakUp","1871217229100191854","1787788662295683072","pic.x.com/OJKUz9plNv","https://x.com/AnasisFeri/status/1871563009228996660/photo/1","498","animated_gif","https://pbs.twimg.com/tweet_video_thumb/GfkgoebbgAABjIG.jpg","0","0","video/mp4","https://video.twimg.com/tweet_video/GfkgoebbgAABjIG.mp4",,,,,,,,,,"498",,,,,,,,,,,,,,,,,,,,,,,,,,,,,,,,,,,,,,,,,,,,,,,,,,,,,,,,,,,,,,,,,,,,,,,,,,,,,,,,,,,,,,,,,,,,,"1871217229100191854","0",,"0","0","0","@Nobody_2811 https://t.co/OJKUz9plNv","1871563009228996660",,,,,"1411709087532781572","false","true","Sun Jul 04 15:31:06 +0000 2021","true","false","Setiap Orang Pasti Pernah Di Guyur Hujan,Hanya Beda Di Curahnya,Namun Mereka Tetaplah Kehujanan. Kendati Begitu Hujan Pastilah Reda.",,,,,,,,,,,,,,,,,,,,,"0","15739","298","459","false","false","1","","1048","Anindio Ligouris","298",,"false","https://pbs.twimg.com/profile_banners/1411709087532781572/1665412302","https://pbs.twimg.com/profile_images/1836384384146116614/QhYX7kJp_normal.jpg","","AnasisFeri","14923","none",,"false",,"false","","","0","","@Nobody_2811 https://t.co/OJKUz9plNv","","0","",,,,,"false"
"0","","Thu Oct 26 11:40:58 +0000 2023",,,,,,,,,,,,,,,,"","false","true","false","","0","230059397","0","14","mas penyok","wisanggeni_11",,,,,,,,,,,,,,,,,,,,,,,,,,,,,,,"1717515524379410641","0","0","Thu Oct 26 11:40:58 +0000 2023",,"0",,,,,,,,,,,,,,,,"wisanggeni_11","1717503204395753598","230059397",,,,,,,,,,,,,,,,,,,,,,,,,,,,,,,,,,,,,,,,,,,,,,,,,,,,,,,,,,,,,,,,,,,,,,,,,,,,,"230059397","0","14","mas penyok","wisanggeni_11",,,,,,,,,,,,,,,,,,,,,,,,,,,,,,,"1717515524379410641","0",,"1","0","0","@wisanggeni_11 maksudnya FZ, dipilih oleh DPRD.","1717506602650230993",,,,,"1112521320640602113","true","true","Mon Apr 01 01:05:27 +0000 2019","true","false","Tak ada gading,
tak boleh akar pun jadi",,,,,,,,,,,,,,,,,,,,,"0","24658","1158","2366","true","false","0","","771","Haydhar","1158",,"false","https://pbs.twimg.com/profile_banners/1112521320640602113/1572924514","https://pbs.twimg.com/profile_images/1191559301254402049/tZ1trp-G_normal.jpg","","Haydhar3","3798","none",,"false",,"false","","","1","","@wisanggeni_11 maksudnya FZ, dipilih oleh DPRD.","","0","",,,,,"false"
"0","","Thu Oct 26 11:48:15 +0000 2023",,,,,,,,,,,,,,,,"","false","true","false","","0","1112521320640602113","0","9","Haydhar","Haydhar3",,,,,,,,,,,,,,,,,,,,,,,,,,,,,,,"1717515524379410641","0","0","Thu Oct 26 11:48:15 +0000 2023",,"0",,,,,,,,,,,,,,,,"Haydhar3","1717506602650230993","1112521320640602113",,,,,,,,,,,,,,,,,,,,,,,,,,,,,,,,,,,,,,,,,,,,,,,,,,,,,,,,,,,,,,,,,,,,,,,,,,,,,"1112521320640602113","0","9","Haydhar","Haydhar3",,,,,,,,,,,,,,,,,,,,,,,,,,,,,,,"1717515524379410641","0",,"2","0","0","@Haydhar3 Era orba DPRD hanya mengajukan, utk gubernur dipilih presiden, utk bupati dipilih Mendagri.
Jumlah yg diajukan min 2 max 4.","1717508433719746855",,,,,"230059397","true","false","Fri Dec 24 04:20:40 +0000 2010","true","false","mlarat keri sombong disek",,,,,,,,,,,,,,,,,,,,,"0","26577","3898","2576","true","false","6","Indonesia","5056","mas penyok","3898",,"false","https://pbs.twimg.com/profile_banners/230059397/1637374187","https://pbs.twimg.com/profile_images/1847610501737623552/5iPI_yyV_normal.jpg","","wisanggeni_11","123842","none",,"false",,"false","","","2","","@Haydhar3 Era orba DPRD hanya mengajukan, utk gubernur dipilih presiden, utk bupati dipilih Mendagri.
Jumlah yg diajukan min 2 max 4.","","0","",,,,,"false"
"0","","Thu Oct 26 11:55:01 +0000 2023",,,,,,,,,,,,,,,,"","false","true","false","","0","230059397","0","14","mas penyok","wisanggeni_11",,,,,,,,,,,,,,,,,,,,,,,,,,,,,,,"1717515524379410641","0","0","Thu Oct 26 11:55:01 +0000 2023",,"0",,,,,,,,,,,,,,,,"wisanggeni_11","1717508433719746855","230059397",,,,,,,,,,,,,,,,,,,,,,,,,,,,,,,,,,,,,,,,,,,,,,,,,,,,,,,,,,,,,,,,,,,,,,,,,,,,,"230059397","0","14","mas penyok","wisanggeni_11",,,,,,,,,,,,,,,,,,,,,,,,,,,,,,,"1717515524379410641","0",,"1","0","0","@wisanggeni_11 🤣🤣
ya melalui DPRD lah.
mana ada?","1717510136703643752",,,,,"1112521320640602113","true","true","Mon Apr 01 01:05:27 +0000 2019","true","false","Tak ada gading,
tak boleh akar pun jadi",,,,,,,,,,,,,,,,,,,,,"0","24658","1158","2366","true","false","0","","771","Haydhar","1158",,"false","https://pbs.twimg.com/profile_banners/1112521320640602113/1572924514","https://pbs.twimg.com/profile_images/1191559301254402049/tZ1trp-G_normal.jpg","","Haydhar3","3798","none",,"false",,"false","","","1","","@wisanggeni_11 🤣🤣
ya melalui DPRD lah.
mana ada?","","0","",,,,,"false"
"0","","Thu Oct 26 11:59:16 +0000 2023",,,,,,,,,,,,,,,,"","false","true","false","","0","1112521320640602113","0","9","Haydhar","Haydhar3",,,,,,,,,,,,,,,,,,,,,,,,,,,,,,,"1717515524379410641","0","0","Thu Oct 26 11:59:16 +0000 2023",,"0",,,,,,,,,,,,,,,,"Haydhar3","1717510136703643752","1112521320640602113",,,,,,,,,,,,,,,,,,,,,,,,,,,,,,,,,,,,,,,,,,,,,,,,,,,,,,,,,,,,,,,,,,,,,,,,,,,,,"1112521320640602113","0","9","Haydhar","Haydhar3",,,,,,,,,,,,,,,,,,,,,,,,,,,,,,,"1717515524379410641","0",,"4","0","0","@Haydhar3 Makanya rajin membaca ya","1717511209459806557",,,,,"230059397","true","false","Fri Dec 24 04:20:40 +0000 2010","true","false","mlarat keri sombong disek",,,,,,,,,,,,,,,,,,,,,"0","26577","3898","2576","true","false","6","Indonesia","5056","mas penyok","3898",,"false","https://pbs.twimg.com/profile_banners/230059397/1637374187","https://pbs.twimg.com/profile_images/1847610501737623552/5iPI_yyV_normal.jpg","","wisanggeni_11","123842","none",,"false",,"false","","","4","","@Haydhar3 Makanya rajin membaca ya","","0","",,,,,"false"
"0","","Thu Oct 26 12:16:25 +0000 2023",,,,,,,,,,,,,,,,"","false","true","false","","0","230059397","0","14","mas penyok","wisanggeni_11",,,,,,,,,,,,,,,,,,,,,,,,,,,,,,,"1717515524379410641","0","0","Thu Oct 26 12:16:25 +0000 2023",,"0",,,,,,,,,,,,,,,,"wisanggeni_11","1717511209459806557","230059397",,,,,,,,,,,,,,,,,,,,,,,,,,,,,,,,,,,,,,,,,,,,,,,,,,,,,,,,,,,,,,,,,,,,,,,,,,,,,"230059397","0","14","mas penyok","wisanggeni_11",,,,,,,,,,,,,,,,,,,,,,,,,,,,,,,"1717515524379410641","0",,"0","0","0","@wisanggeni_11 Maksudnya FZ pilkada jaman orba,
Pilkada pemilihan (umum) kepala daerah, yang milih itu DPRD.

Yang mengangkat bupati itu Mendagri. Gubernur oleh Presiden.

🤣🤣","1717515524379410641",,,,,"1112521320640602113","true","true","Mon Apr 01 01:05:27 +0000 2019","true","false","Tak ada gading,
tak boleh akar pun jadi",,,,,,,,,,,,,,,,,,,,,"0","24658","1158","2366","true","false","0","","771","Haydhar","1158",,"false","https://pbs.twimg.com/profile_banners/1112521320640602113/1572924514","https://pbs.twimg.com/profile_images/1191559301254402049/tZ1trp-G_normal.jpg","","Haydhar3","3798","none",,"false",,"false","","","0","","@wisanggeni_11 Maksudnya FZ pilkada jaman orba,
Pilkada pemilihan (umum) kepala daerah, yang milih itu DPRD.

Yang mengangkat bupati itu Mendagri. Gubernur oleh Presiden.

🤣🤣","","0","",,,,,"false"
"0","","Mon Oct 16 07:18:05 +0000 2023",,,,,,,,,,,,,,,,"","false","true","false","","0",,,,,,,,,,,,,,,,,,,,,,,,,,,,,,,,,,,,"1713816711768727811","0","0","Mon Oct 16 07:18:05 +0000 2023",,"0",,,,,,,,,,,,,,,,"JhonSitorus_18","1713751880818712691","1102461866129776640",,,,,,,,,,,,,,,,,,,,,,,,,,,,,,,,,,,,,,,,,,,,,,,,,,,,,,,,,,,,,,,,,,,,,,,,,,,,,,,,,,,,,,,,,,,,,,,,,,,,,,,,,,,,,,,,"1713816711768727811","0",,"1","0","0","@Miduk17 Menarik Pertimbangan MK jg tdk sepakat smua penyelenggara negara disamakan sbg syarat. Hrs dibedakan antara penyelenggara negara hsl pilpres, pileg dan pilkada dgn penyelenggara negara yg ditunjuk pemerintah.","1713816567975399607",,,,,"1307933874744303616","false","true","Mon Sep 21 06:46:00 +0000 2020","true","false","akun lama tumbang Santai ajalah... serius ok, santai ok..   MU biggest fan! #GGMU #MasPeler",,,,,,,,,,,,,,,,,,,,,"0","46090","669","751","false","false","0","Jakarta, Indonesia","432","Mentik Wangi","669",,"false",,"https://pbs.twimg.com/profile_images/1720749668114817024/PESpKOeR_normal.jpg","","wangi_mentik","16674","none",,"false",,"false","","","1","","@Miduk17 Menarik Pertimbangan MK jg tdk sepakat smua penyelenggara negara disamakan sbg syarat. Hrs dibedakan antara penyelenggara negara hsl pilpres, pileg dan pilkada dgn penyelenggara negara yg ditunjuk pemerintah.","","0","",,,,,"false"
"0","","Mon Oct 16 07:18:39 +0000 2023",,,,,,,,,,,,,,,,"","false","true","false","","0",,,,,,,,,,,,,,,,,,,,,,,,,,,,,,,,,,,,"1713816711768727811","0","0","Mon Oct 16 07:18:39 +0000 2023",,"0",,,,,,,,,,,,,,,,"wangi_mentik","1713816567975399607","1307933874744303616",,,,,,,,,,,,,,,,,,,,,,,,,,,,,,,,,,,,,,,,,,,,,,,,,,,,,,,,,,,,,,,,,,,,,,,,,,,,,,,,,,,,,,,,,,,,,,,,,,,,,,,,,,,,,,,,"1713816711768727811","0",,"0","0","0","@Miduk17 Jd intinya Calon Presiden/Wakil hrs berpengalaman menjadi penyelenggara negara dari hasil pemilihan oleh rakyat. Pernah menjabat Presiden/Wapres Gubernur/Wagub, Walkot/Wawalkot, Bupati/Wabup, anggota DPR, DPD, DPRD.","1713816711768727811",,,,,"1307933874744303616","false","true","Mon Sep 21 06:46:00 +0000 2020","true","false","akun lama tumbang Santai ajalah... serius ok, santai ok..   MU biggest fan! #GGMU #MasPeler",,,,,,,,,,,,,,,,,,,,,"0","46090","669","751","false","false","0","Jakarta, Indonesia","432","Mentik Wangi","669",,"false",,"https://pbs.twimg.com/profile_images/1720749668114817024/PESpKOeR_normal.jpg","","wangi_mentik","16674","none",,"false",,"false","","","0","","@Miduk17 Jd intinya Calon Presiden/Wakil hrs berpengalaman menjadi penyelenggara negara dari hasil pemilihan oleh rakyat. Pernah menjabat Presiden/Wapres Gubernur/Wagub, Walkot/Wawalkot, Bupati/Wabup, anggota DPR, DPD, DPRD.","","0","",,,,,"false"
"0","","Wed Aug 16 12:21:46 +0000 2023",,,,,,,,,,,,,,,,"","false","true","false","","55","17128975","0","13","CNN Indonesia","CNNIndonesia",,,,,,,,,,,,,,,,,,,,,,,,,,,,,,,"1691787332377247985","0","0","Wed Aug 16 12:21:46 +0000 2023",,"55",,,,,,,,,,,,,,,,"CNNIndonesia","1691662448947073425","17128975",,,,,,,,,,,,,,,,,,,,,,,,,,,,,,,,,,,,,,,,,,,,,,,,,,,,,,,,,,,,,,,,,,,,,,,,,,,,,"17128975","0","13","CNN Indonesia","CNNIndonesia",,,,,,,,,,,,,,,,,,,,,,,,,,,,,,,"1691787332377247985","0",,"1","0","10","@CNNIndonesia Di bahasa Indonesia kan, pemilihan presiden dan wakil presiden, dipilih oleh MPR, gubenur dan wakil gubernur dipilih DPRD tk I, walkot dan bupati dipilih DPRD tk II... New orba bangkit...","1691787332377247985",,,,,"591195676","false","true","Sat May 26 19:39:35 +0000 2012","true","false","aku senang melihat keramaian namun tidak senang terlibat dalam keramaian itu. uchiha itachi",,,,,,,,,,,,,,,,,,,,,"0","48231","1554","2130","true","false","0","","1990","#99","1554","1873330639916974570","false","https://pbs.twimg.com/profile_banners/591195676/1650214387","https://pbs.twimg.com/profile_images/1351198487405330441/GCFHizSO_normal.png","","lesmana_sofyan","61538","none",,"false",,"false","","","1","","@CNNIndonesia Di bahasa Indonesia kan, pemilihan presiden dan wakil presiden, dipilih oleh MPR, gubenur dan wakil gubernur dipilih DPRD tk I, walkot dan bupati dipilih DPRD tk II... New orba bangkit...","","10","",,,,,"false"
"0","","Sun May 28 12:22:36 +0000 2023",,,,,,,,,,,,,,,,"","false","true","false","","1378",,,,,,,,,,,,,,,,,,,,,,,,,,,,,,,,,,,,"1664105840968863745","44","8","Sun May 28 12:22:36 +0000 2023",,"1378",,,,,,,,,,,,,,,,"mohmahfudmd","1662794302244945920","282006208",,,,,,,,,,,,,,,,,,,,,,,,,,,,,,,,,,,,,,,,,,,,,,,,,,,,,,,,,,,,,,,,,,,,,,,,,,,,,,,,,,,,,,,,,,,,,,,,,,,,,,,,,,,,,,,,"1664105840968863745","44",,"419","0","259","Putusan MK itu menjadi rahasia ketat sebelum dibacakan, tapi harus terbuka luas setetalah diputuskan dengan pengetokan palu vonis di sidang resmi dan terbuka. Sy yg mantan Ketua MK sj tak berani meminta isyarat apalagi bertanya ttg vonis MK yg belum dibacakan sbg vonis resmi. MK","1662796513746231298",,,,,"282006208","false","true","Thu Apr 14 11:37:48 +0000 2011","false","false","Guru Besar Hukum Tata Negara. pernah jadi Menko Polhukam, Ketua MK, anggota DPR, dan Menhan.",,,,,,,,,,,,,,,,,,,,,"0","116","4462962","637","true","false","1270","Jakarta","1124","Mahfud MD","4462962",,"false","https://pbs.twimg.com/profile_banners/282006208/1707281426","https://pbs.twimg.com/profile_images/1209268107190996992/aycrl4be_normal.jpg","","mohmahfudmd","26429","none",,"false","Government","false","","","419","","Putusan MK itu menjadi rahasia ketat sebelum dibacakan, tapi harus terbuka luas setetalah diputuskan dengan pengetokan palu vonis di sidang resmi dan terbuka. Sy yg mantan Ketua MK sj tak berani meminta isyarat apalagi bertanya ttg vonis MK yg belum dibacakan sbg vonis resmi. MK","","259","",,,,,"false"
"0","","Sun May 28 15:54:08 +0000 2023",,,,,,,,,,,,,,,,"","false","true","false","","18","282006208","0","12","Mahfud MD","mohmahfudmd",,,,,,,,,,,,,,,,,,,,,,,,,,,,,,,"1664105840968863745","0","1","Sun May 28 15:54:08 +0000 2023",,"18",,,,,,,,,,,,,,,,"mohmahfudmd","1662796513746231298","282006208",,,,,,,,,,,,,,,,,,,,,,,,,,,,,,,,,,,,,,,,,,,,,,,,,,,,,,,,,,,,,,,,,,,,,,,,,,,,,"282006208","0","12","Mahfud MD","mohmahfudmd",,,,,,,,,,,,,,,,,,,,,,,,,,,,,,,"1664105840968863745","0",,"2","0","1","@mohmahfudmd Terlepas dr benar/tdknya info ini saya lbh mendukung sistem proporsional tertutup. Fakta menunjukkan sistem terbuka menghasilkan anggota legislatif yg kurang berkualitas, hanya sekedar populer saja.

Tinggal buatkan rambu kpd parpol bgm aturan yg objektif utk memberi nomor urut.","1662849745361174529",,,,,"172766975","false","true","Fri Jul 30 15:18:18 +0000 2010","true","false","An elementary training in statistical methods is necessary for everyone. Tweets are personal opinion. Media dilarang mengutip tanpa ijin. 카이릴 안왈 노토디푸터",,,,,,,,,,,,,,,,"stat.ipb.ac.id","http://www.stat.ipb.ac.id","0","23","https://t.co/LPw3adMcxo","0","4873","14384","697","false","false","19","Bogor, Indonesia","1328","Khairil Anwar Notodiputro","14384","1566424614871642112","false","https://pbs.twimg.com/profile_banners/172766975/1393671610","https://pbs.twimg.com/profile_images/1682364237212160000/0cJlvNrv_normal.jpg","","kh_notodiputro","19883","none","https://t.co/LPw3adMcxo","false",,"false","","","2","","@mohmahfudmd Terlepas dr benar/tdknya info ini saya lbh mendukung sistem proporsional tertutup. Fakta menunjukkan sistem terbuka menghasilkan anggota legislatif yg kurang berkualitas, hanya sekedar populer saja.

Tinggal buatkan rambu kpd parpol bgm aturan yg objektif utk memberi nomor urut.","","1","",,,,,"false"
"0","","Sun May 28 23:50:20 +0000 2023",,,,,,,,,,,,,,,,"","false","true","false","","2","172766975","0","15","Khairil Anwar Notodiputro","kh_notodiputro","282006208","16","28","Mahfud MD","mohmahfudmd",,,,,,,,,,,,,,,,,,,,,,,,,,"1664105840968863745","0","0","Sun May 28 23:50:20 +0000 2023",,"2",,,,,,,,,,,,,,,,"kh_notodiputro","1662849745361174529","172766975",,,,,,,,,,,,,,,,,,,,,,,,,,,,,,,,,,,,,,,,,,,,,,,,,,,,,,,,,,,,,,,,,,,,,,,,,,,,,"172766975","0","15","Khairil Anwar Notodiputro","kh_notodiputro","282006208","16","28","Mahfud MD","mohmahfudmd",,,,,,,,,,,,,,,,,,,,,,,,,,"1664105840968863745","0",,"1","0","0","@kh_notodiputro @mohmahfudmd Bukan rahasia umum ,secara tidak disadari bahwa sistem terbuka membuat biaya politik menjadi sangat mahal dan itu lah sumber awal terjadinya korupsi","1662969586147536896",,,,,"1224957752402792449","false","true","Wed Feb 05 07:28:15 +0000 2020","true","false","",,,,,,,,,,,,,,,,,,,,,"0","15","1","10","false","false","0","","0","tjator prei","1",,"false",,"https://pbs.twimg.com/profile_images/1224958082989510656/vYZRugIm_normal.jpg","","TjatorP","40","none",,"false",,"false","","","1","","@kh_notodiputro @mohmahfudmd Bukan rahasia umum ,secara tidak disadari bahwa sistem terbuka membuat biaya politik menjadi sangat mahal dan itu lah sumber awal terjadinya korupsi","","0","",,,,,"false"
"0","","Mon May 29 06:08:24 +0000 2023",,,,,,,,,,,,,,,,"","false","true","false","","0","1224957752402792449","0","8","tjator prei","TjatorP","172766975","9","24","Khairil Anwar Notodiputro","kh_notodiputro","282006208","25","37","Mahfud MD","mohmahfudmd",,,,,,,,,,,,,,,,,,,,,"1664105840968863745","0","0","Mon May 29 06:08:24 +0000 2023",,"0",,,,,,,,,,,,,,,,"TjatorP","1662969586147536896","1224957752402792449",,,,,,,,,,,,,,,,,,,,,,,,,,,,,,,,,,,,,,,,,,,,,,,,,,,,,,,,,,,,,,,,,,,,,,,,,,,,,"1224957752402792449","0","8","tjator prei","TjatorP","172766975","9","24","Khairil Anwar Notodiputro","kh_notodiputro","282006208","25","37","Mahfud MD","mohmahfudmd",,,,,,,,,,,,,,,,,,,,,"1664105840968863745","0",,"1","0","0","@TjatorP @kh_notodiputro @mohmahfudmd Kalau masalah duit yg di permasalahkan..semua serba duit, hanya pindah lapak saja itu duit dari rakyat ke partai politik, Krn kalau terbuka duit nya ke rakyat kalau tertutup duitnya masuk partai.","1663064731731787776",,,,,"942024849790091264","false","true","Sat Dec 16 13:33:20 +0000 2017","true","false","Ikhtiar dan Berusaha",,,,,,,,,,,,,,,,,,,,,"0","1210","19","211","true","false","0","Kota Bandung, Jawa Barat","16","arman_putra","19",,"false",,"https://pbs.twimg.com/profile_images/1587958762047881216/vu5j5Bpd_normal.jpg","","armansyahp90","1351","none",,"false",,"false","","","1","","@TjatorP @kh_notodiputro @mohmahfudmd Kalau masalah duit yg di permasalahkan..semua serba duit, hanya pindah lapak saja itu duit dari rakyat ke partai politik, Krn kalau terbuka duit nya ke rakyat kalau tertutup duitnya masuk partai.","","0","",,,,,"false"
"0","","Thu Jun 01 03:05:24 +0000 2023",,,,,,,,,,,,,,,,"","false","true","false","","0","942024849790091264","0","13","arman_putra","armansyahp90","172766975","14","29","Khairil Anwar Notodiputro","kh_notodiputro","282006208","30","42","Mahfud MD","mohmahfudmd",,,,,,,,,,,,,,,,,,,,,"1664105840968863745","0","0","Thu Jun 01 03:05:24 +0000 2023",,"0",,,,,,,,,,,,,,,,"armansyahp90","1663064731731787776","942024849790091264",,,,,,,,,,,,,,,,,,,,,,,,,,,,,,,,,,,,,,,,,,,,,,,,,,,,,,,,,,,,,,,,,,,,,,,,,,,,,"942024849790091264","0","13","arman_putra","armansyahp90","172766975","14","29","Khairil Anwar Notodiputro","kh_notodiputro","282006208","30","42","Mahfud MD","mohmahfudmd",,,,,,,,,,,,,,,,,,,,,"1664105840968863745","0",,"0","0","0","@armansyahp90 @kh_notodiputro @mohmahfudmd Kalo sy tdk salah memahami sistem terbuka tertutup hanya untuk pemilihan anggota legislatif kalo pemilihan presiden, gubernur,bupati dan walikota ttap dipilih lngsng oleh rakyat,,,, ketika anggota DPR, DPRD dipilih secara terbuka maka yg mencalonkan hanyalah orang2 yg  kaya raya.","1664105840968863745",,,,,"1224957752402792449","false","true","Wed Feb 05 07:28:15 +0000 2020","true","false","",,,,,,,,,,,,,,,,,,,,,"0","15","1","10","false","false","0","","0","tjator prei","1",,"false",,"https://pbs.twimg.com/profile_images/1224958082989510656/vYZRugIm_normal.jpg","","TjatorP","40","none",,"false",,"false","","","0","","@armansyahp90 @kh_notodiputro @mohmahfudmd Kalo sy tdk salah memahami sistem terbuka tertutup hanya untuk pemilihan anggota legislatif kalo pemilihan presiden, gubernur,bupati dan walikota ttap dipilih lngsng oleh rakyat,,,, ketika anggota DPR, DPRD dipilih secara terbuka maka yg mencalonkan hanyalah orang2 yg  kaya raya.","","0","",,,,,"false"
"0","","Tue Feb 21 12:27:56 +0000 2023",,,,,,,,,,,,,,,,"","false","true","false","","0",,,,,,,,,,,,,,,,,,,,,,,,,,,,,,,,,,,,"1628008615465619458","0","0","Tue Feb 21 12:27:56 +0000 2023",,"0",,,,,,,,,,,,,,,,"lpminstitut","1628008615465619458","16637045",,,,,,,,,,,,,,,,,,,,,,,,,,,,,,,,,,,,,,,,,,,,,,,,,,,,,,,,,,,,,,,,,,,,,,,,,,,,,,,,,,,,,,,,,,,,,,,,,,,,,,,,,,,,,,,,"1628008615465619458","0",,"1","0","0","Bila kita merujuk pada ideologi liberalisme politik atau demokrasi, gagasan beliau melanggar hak masyarakat untuk memilih langsung kepala daerahnya. Kalau merujuk ke Pancasila juga menjadi perdebatan karena akan melanggar sila keempat Pancasila.","1628008619462782977",,,,,"16637045","true","true","Tue Oct 07 21:06:25 +0000 2008","false","false","#BacaTulisLawan | Menyuarakan Kebebasan, Keadilan dan Kejujuran. 
Narahubung:  0818-0797-2937 (Naufal)
https://t.co/1hd8U3eVNn","Instagram.com/lpminstitut","http://Instagram.com/lpminstitut","103","126","https://t.co/1hd8U3eVNn",,,,,,,,,,,"beacons.ai/lpminstitut","https://beacons.ai/lpminstitut","0","23","https://t.co/mtVXNh0ljX","0","49","4341","237","true","false","9","Ciputat, Indonesia","4218","LPM Institut UIN Jakarta","4341","1568129672881520640","false","https://pbs.twimg.com/profile_banners/16637045/1625409160","https://pbs.twimg.com/profile_images/1446168713091162133/D4Oo2-E5_normal.jpg","","lpminstitut","14533","none","https://t.co/mtVXNh0ljX","false",,"false","","","1","","Bila kita merujuk pada ideologi liberalisme politik atau demokrasi, gagasan beliau melanggar hak masyarakat untuk memilih langsung kepala daerahnya. Kalau merujuk ke Pancasila juga menjadi perdebatan karena akan melanggar sila keempat Pancasila.","","0","",,,,,"false"
"0","","Tue Feb 21 12:27:57 +0000 2023","46","62","peniadaanpilgub","63","70","pilgub","71","78","persma","79","91","lpminstitut","92","107","bacatulislawan","","false","true","false","","1",,,,,,,,,,,,,,,,,,,,,,,,,,,,,,,,,,,,"1628008615465619458","0","0","Tue Feb 21 12:27:57 +0000 2023",,"1","46","62","peniadaanpilgub","63","70","pilgub","71","78","persma","79","91","lpminstitut","92","107","bacatulislawan","lpminstitut","1628008619462782977","16637045",,,,,,,,,,,,,,,,,,,,,,,,,,,,,,,,,,,,,,,,,,,,,,,,,,,,,,,,,,,,,,,,,,,,,,,,,,,,,,,,,,,,,,,,,,,,,,,,,,,,,,,,,,,,,,,,"1628008615465619458","0",,"0","0","0","Baca selengkapnya di https://t.co/EFbKJoHZuF

#peniadaanpilgub #pilgub #persma #lpminstitut #bacatulislawan","1628008623287975937","lpminstitut.com/2023/02/21/pro…","https://lpminstitut.com/2023/02/21/pro-kontra-peniadaan-pemilihan-gubernur/","","https://t.co/EFbKJoHZuF","16637045","true","true","Tue Oct 07 21:06:25 +0000 2008","false","false","#BacaTulisLawan | Menyuarakan Kebebasan, Keadilan dan Kejujuran. 
Narahubung:  0818-0797-2937 (Naufal)
https://t.co/1hd8U3eVNn","Instagram.com/lpminstitut","http://Instagram.com/lpminstitut","103","126","https://t.co/1hd8U3eVNn",,,,,,,,,,,"beacons.ai/lpminstitut","https://beacons.ai/lpminstitut","0","23","https://t.co/mtVXNh0ljX","0","49","4341","237","true","false","9","Ciputat, Indonesia","4218","LPM Institut UIN Jakarta","4341","1568129672881520640","false","https://pbs.twimg.com/profile_banners/16637045/1625409160","https://pbs.twimg.com/profile_images/1446168713091162133/D4Oo2-E5_normal.jpg","","lpminstitut","14533","none","https://t.co/mtVXNh0ljX","false",,"false","","","0","","Baca selengkapnya di https://t.co/EFbKJoHZuF

#peniadaanpilgub #pilgub #persma #lpminstitut #bacatulislawan","","0","","lpminstitut.com/2023/02/21/pro…","https://lpminstitut.com/2023/02/21/pro-kontra-peniadaan-pemilihan-gubernur/","","https://t.co/EFbKJoHZuF","false"
"0","","Wed Feb 08 02:42:07 +0000 2023",,,,,,,,,,,,,,,,"","false","true","false","","0","1447610310529982467","0","8","Teddy Gusnaidi","TeddGus",,,,,,,,,,,,,,,,,,,,,,,,,,,,,,,"1623150153237663744","0","0","Wed Feb 08 02:42:07 +0000 2023",,"0",,,,,,,,,,,,,,,,"TeddGus","1623128963781648385","1447610310529982467",,,,,,,,,,,,,,,,,,,,,,,,,,,,,,,,,,,,,,,,,,,,,,,,,,,,,,,,,,,,,,,,,,,,,,,,,,,,,"1447610310529982467","0","8","Teddy Gusnaidi","TeddGus",,,,,,,,,,,,,,,,,,,,,,,,,,,,,,,"1623150153237663744","0",,"0","0","0","@TeddGus Saya setuju soal ini dengan Teddy. Pilkada lebih byk mudharatnya dari baiknya. Perpecahan, boros biaya, menciptakan raja² kecil dan koruptor² baru. Sudah saatnya Pemilihan Gubernur, Bup/Walkota dilakukan oleh DPRD kembali.","1623150153237663744",,,,,"213168371","false","false","Mon Nov 08 04:36:01 +0000 2010","false","false","Orang yang berpikiran tinggi harus lebih peduli pada kebenaran daripada apa yang dipikirkan orang.  -Aris Toteles-",,,,,,,,,,,,,,,,,,,,,"0","10612","6084","2704","true","false","13","Diatas Genteng Istana","5331","SuluhKebenaran","6084","1782388145331609873","false","https://pbs.twimg.com/profile_banners/213168371/1763173691","https://pbs.twimg.com/profile_images/1989345199454396416/SxCvCR12_normal.jpg","","_Haris_Srg","127635","none",,"false",,"false","","","0","","@TeddGus Saya setuju soal ini dengan Teddy. Pilkada lebih byk mudharatnya dari baiknya. Perpecahan, boros biaya, menciptakan raja² kecil dan koruptor² baru. Sudah saatnya Pemilihan Gubernur, Bup/Walkota dilakukan oleh DPRD kembali.","","0","",,,,,"false"
"0","","Mon Feb 06 03:14:21 +0000 2023",,,,,,,,,,,,,,,,"","false","true","false","","0",,,,,,,,,,,,,,,,,,,,,,,,,,,,,,,,,,,,"1622433483074465792","0","0","Mon Feb 06 03:14:21 +0000 2023",,"0",,,,,,,,,,,,,,,,"_Haris_Srg","1622433483074465792","213168371",,,,,,,,,,,,,,,,,,,,,,,,,,,,,,,,,,,,,,,,,,,,,,,,,,,,,,,,,,,,,,,,,,,,,,,,,,,,,,,,,,,,,,,,,,,,,,,,,,,,,,,,,,,,,,,,"1622433483074465792","0",,"1","0","0","Capres hanya bisa diusung oleh Partai² yg lolos parliamentary threshold 10%. Cagub juga hanya boleh diusung oleh Partai² yg minimal memiliki 10% perolehan suara dari suara sah tk Propinsi. Cabup/cawalkot diusung oleh partai yg memiliki minimal 10% suara dari suara sah Kab/kota.","1622433487415574528",,,,,"213168371","false","false","Mon Nov 08 04:36:01 +0000 2010","false","false","Orang yang berpikiran tinggi harus lebih peduli pada kebenaran daripada apa yang dipikirkan orang.  -Aris Toteles-",,,,,,,,,,,,,,,,,,,,,"0","10612","6084","2704","true","false","13","Diatas Genteng Istana","5331","SuluhKebenaran","6084","1782388145331609873","false","https://pbs.twimg.com/profile_banners/213168371/1763173691","https://pbs.twimg.com/profile_images/1989345199454396416/SxCvCR12_normal.jpg","","_Haris_Srg","127635","none",,"false",,"false","","","1","","Capres hanya bisa diusung oleh Partai² yg lolos parliamentary threshold 10%. Cagub juga hanya boleh diusung oleh Partai² yg minimal memiliki 10% perolehan suara dari suara sah tk Propinsi. Cabup/cawalkot diusung oleh partai yg memiliki minimal 10% suara dari suara sah Kab/kota.","","0","",,,,,"false"
"0","","Mon Feb 06 03:14:22 +0000 2023",,,,,,,,,,,,,,,,"","false","true","false","","0",,,,,,,,,,,,,,,,,,,,,,,,,,,,,,,,,,,,"1622433483074465792","0","0","Mon Feb 06 03:14:22 +0000 2023",,"0",,,,,,,,,,,,,,,,"_Haris_Srg","1622433487415574528","213168371",,,,,,,,,,,,,,,,,,,,,,,,,,,,,,,,,,,,,,,,,,,,,,,,,,,,,,,,,,,,,,,,,,,,,,,,,,,,,,,,,,,,,,,,,,,,,,,,,,,,,,,,,,,,,,,,"1622433483074465792","0",,"0","0","0","Tiadanya Presiden threahold nmn dengan Parliamantary threshold 10% dan 10% perolehan suarah untuk DPRD I dan II akan menyebabkan Partai  terseleksi secara ketat. Jlh partai yg ada diparlemen juga sedikit. Hingga capres, kada yg diusung juga sedikit. Bisa diusung masing² Partai.","1622433491429523458",,,,,"213168371","false","false","Mon Nov 08 04:36:01 +0000 2010","false","false","Orang yang berpikiran tinggi harus lebih peduli pada kebenaran daripada apa yang dipikirkan orang.  -Aris Toteles-",,,,,,,,,,,,,,,,,,,,,"0","10612","6084","2704","true","false","13","Diatas Genteng Istana","5331","SuluhKebenaran","6084","1782388145331609873","false","https://pbs.twimg.com/profile_banners/213168371/1763173691","https://pbs.twimg.com/profile_images/1989345199454396416/SxCvCR12_normal.jpg","","_Haris_Srg","127635","none",,"false",,"false","","","0","","Tiadanya Presiden threahold nmn dengan Parliamantary threshold 10% dan 10% perolehan suarah untuk DPRD I dan II akan menyebabkan Partai  terseleksi secara ketat. Jlh partai yg ada diparlemen juga sedikit. Hingga capres, kada yg diusung juga sedikit. Bisa diusung masing² Partai.","","0","",,,,,"false"
"0","","Mon Jan 30 07:33:22 +0000 2023",,,,,,,,,,,,,,,,"","false","true","false","","0","1337026329879793666","0","11","baliandra","baliandra2",,,,,,,,,,,,,,,,,,,,,,,,,,,,,,,"1619961956907237376","0","0","Mon Jan 30 07:33:22 +0000 2023",,"0",,,,,,,,,,,,,,,,"baliandra2","1619691607904882689","1337026329879793666",,,,,,,,,,,,,,,,,,,,,,,,,,,,,,,,,,,,,,,,,,,,,,,,,,,,,,,,,,,,,,,,,,,,,,,,,,,,,"1337026329879793666","0","11","baliandra","baliandra2",,,,,,,,,,,,,,,,,,,,,,,,,,,,,,,"1619961956907237376","0",,"0","0","0","@baliandra2 Sejak Pilkada diundur oleh Presiden, Ogut udah mempertanyakan 'legalitas' pengangkatan Gubernur Kep Daerah oleh Presiden, yg terang2an memperkosa dan bertentangan dgn UU ttg pemilihan kepala daerah. Seharusnya BUKAN presiden yg pilih, tapi DPRD. Sama2 ilegal tp lebih demokratis","1619961956907237376",,,,,"1257050681925459968","false","true","Sun May 03 20:54:33 +0000 2020","true","false","| Non Partisan & Non Sectarian || QUANDO A DITADURA É UM FACTO, A REVOLIÇÃO É UM DEVER || ええじゃないか |",,,,,,,,,,,,,,,,"d1t07ad1.blogspot.com","https://d1t07ad1.blogspot.com/","0","23","https://t.co/O0LVIXXSBg","0","48903","872","886","true","false","1","Somewhere in the universe. ","3557","D1T0 7AD1","872","1952613854565069035","false","https://pbs.twimg.com/profile_banners/1257050681925459968/1588539496","https://pbs.twimg.com/profile_images/1951979126241546240/jhm3mP1n_normal.jpg","","D1t07","25055","none","https://t.co/O0LVIXXSBg","false",,"false","","","0","","@baliandra2 Sejak Pilkada diundur oleh Presiden, Ogut udah mempertanyakan 'legalitas' pengangkatan Gubernur Kep Daerah oleh Presiden, yg terang2an memperkosa dan bertentangan dgn UU ttg pemilihan kepala daerah. Seharusnya BUKAN presiden yg pilih, tapi DPRD. Sama2 ilegal tp lebih demokratis","","0","",,,,,"false"
"0","","Tue Dec 13 14:54:25 +0000 2022",,,,,,,,,,,,,,,,"","false","true","false","","0","17128975","0","13","CNN Indonesia","CNNIndonesia",,,,,,,,,,,,,,,,,,,,,,,,,,,,,,,"1602678333384163328","0","0","Tue Dec 13 14:54:25 +0000 2022",,"0",,,,,,,,,,,,,,,,"CNNIndonesia","1602609543061856256","17128975",,,,,,,,,,,,,,,,,,,,,,,,,,,,,,,,,,,,,,,,,,,,,,,,,,,,,,,,,,,,,,,,,,,,,,,,,,,,,"17128975","0","13","CNN Indonesia","CNNIndonesia",,,,,,,,,,,,,,,,,,,,,,,,,,,,,,,"1602678333384163328","0",,"0","0","0","@CNNIndonesia Pemilihan langsung cukup pemilihan presiden, gubernur , walikota dan bupati dipilih oleh dprd mengurangi ongkos politik","1602678333384163328",,,,,"724860637","false","false","Sun Jul 29 23:52:30 +0000 2012","false","false","Jika tidak bisa menjadi yang terbaik, jadilah pribadi yang membahagiakan",,,,,,,,,,,,,,,,,,,,,"0","4811","164","628","false","false","1","Indonesia","156","IPongs","164",,"false","https://pbs.twimg.com/profile_banners/724860637/1560202864","https://pbs.twimg.com/profile_images/1615002994973757440/TAOSSuBS_normal.jpg","","ZakyPongngax","5754","none",,"false",,"false","","","0","","@CNNIndonesia Pemilihan langsung cukup pemilihan presiden, gubernur , walikota dan bupati dipilih oleh dprd mengurangi ongkos politik","","0","",,,,,"false"
"0","","Fri Dec 02 12:26:05 +0000 2022",,,,,,,,,,,,,,,,"","false","true","false","","18","69183155","0","9","detikcom","detikcom",,,,,,,,,,,,,,,,,,,,,,,,,,,,,,,"1598878160853999616","0","0","Fri Dec 02 12:26:05 +0000 2022",,"18",,,,,,,,,,,,,,,,"detikcom","1598648253402292224","69183155",,,,,,,,,,,,,,,,,,,,,,,,,,,,,,,,,,,,,,,,,,,,,,,,,,,,,,,,,,,,,,,,,,,,,,,,,,,,,"69183155","0","9","detikcom","detikcom",,,,,,,,,,,,,,,,,,,,,,,,,,,,,,,"1598878160853999616","0",,"10","0","1","@detikcom Sebagai negara demokrasi seharusnya PJ kepala daerah dipilih oleh wakil rakyat (DPRD) Presiden atau Mendagri yang melantik","1598654738035224576",,,,,"544922461","false","true","Wed Apr 04 07:26:13 +0000 2012","true","false","LDR",,,,,,,,,,,,,,,,,,,,,"0","342","145","407","false","false","0","Indonesia","82","Mu0808","145",,"false","https://pbs.twimg.com/profile_banners/544922461/1700743863","https://pbs.twimg.com/profile_images/1903558965591691264/PG3hCfSp_normal.jpg","","Ibnu_Radi","5483","none",,"false",,"false","","","10","","@detikcom Sebagai negara demokrasi seharusnya PJ kepala daerah dipilih oleh wakil rakyat (DPRD) Presiden atau Mendagri yang melantik","","1","",,,,,"false"
"0","","Sat Dec 03 03:13:53 +0000 2022",,,,,,,,,,,,,,,,"","false","true","false","","0","544922461","0","10","Mu0808","Ibnu_Radi","69183155","11","20","detikcom","detikcom",,,,,,,,,,,,,,,,,,,,,,,,,,"1598878160853999616","0","0","Sat Dec 03 03:13:53 +0000 2022",,"0",,,,,,,,,,,,,,,,"Ibnu_Radi","1598654738035224576","544922461",,,,,,,,,,,,,,,,,,,,,,,,,,,,,,,,,,,,,,,,,,,,,,,,,,,,,,,,,,,,,,,,,,,,,,,,,,,,,"544922461","0","10","Mu0808","Ibnu_Radi","69183155","11","20","detikcom","detikcom",,,,,,,,,,,,,,,,,,,,,,,,,,"1598878160853999616","0",,"0","0","0","@Ibnu_Radi @detikcom Lah kan memang sdh disulkan DPRD sebelumnya? Proses ini mirip dengan pemilihan gubernur jaman Soeharto. Tetap dipilih rakyat tapi diwakilkan oleh DPRD. Permusyawaratan perwakilan gitu loh","1598878160853999616",,,,,"2277564600","false","true","Sun Jan 05 12:42:17 +0000 2014","true","false","",,,,,,,,,,,,,,,,,,,,,"0","71","7","31","false","false","0","","11","AGS","7",,"false","https://pbs.twimg.com/profile_banners/2277564600/1680089949","https://pbs.twimg.com/profile_images/1641042392609607680/QrNW1NTd_normal.jpg","","9usmulAgus","1835","none",,"false",,"false","","","0","","@Ibnu_Radi @detikcom Lah kan memang sdh disulkan DPRD sebelumnya? Proses ini mirip dengan pemilihan gubernur jaman Soeharto. Tetap dipilih rakyat tapi diwakilkan oleh DPRD. Permusyawaratan perwakilan gitu loh","","0","",,,,,"false"
"0","","Mon Nov 28 13:07:14 +0000 2022",,,,,,,,,,,,,,,,"","false","true","false","","944","1495326248100589569","0","15","neohistoria Indonesia","neohistoria_id",,,,,,,,,,,,,,,,,,,,,,,,,,,,,,,"1597588428253966338","7","30","Mon Nov 28 13:07:14 +0000 2022",,"944",,,,,,,,,,,,,,,,"neohistoria_id","1597191396594548741","1495326248100589569","pic.x.com/FugrLvOw5Y","https://x.com/HILARlO/status/1597215543165333504/photo/1","383","photo","https://pbs.twimg.com/media/FipzEnwaAAIHWxN.jpg",,,,,,,,,,,,,,"314",,,,,,,,,,,,,,,,,,,,,,,,,,,,,,,,,,,,,,,,,,,,,,,,,,,,,,,,,,"1495326248100589569","0","15","neohistoria Indonesia","neohistoria_id",,,,,,,,,,,,,,,,,,,,,,,,,,,,,,,"1597588428253966338","7",,"32","0","67","@neohistoria_id Salah seorang tokoh legendaris terkenal di dunia yg pandai bermain sandiwara, peran yg dimainkan adalah sebagai seorang pembunuh kejam, nekat membantai musuh-musuhnya tanpa ampun. Nah sedangkan pria di sebelah orang tersebut bernama Sylvester Stallone. https://t.co/FugrLvOw5Y","1597215543165333504",,,,,"82550378","true","true","Thu Oct 15 05:52:27 +0000 2009","false","false","Terima jasa aplikasi, web, desain, organ tunggal, tambal ban, sedot WC, sunat massal, pasang genset, badut ulang tahun, rukyah, vaksin rabies, servis radiator",,,,,,,,,,,,,,,,,,,,,"0","21628","987","89","true","false","3","Jogja","3833","Hilario","987","1829592065107521742","false","https://pbs.twimg.com/profile_banners/82550378/1667047855","https://pbs.twimg.com/profile_images/1944107408848019456/eWNqKcQz_normal.jpg","","HILARlO","21283","regular",,"false",,"false","","","32","","@neohistoria_id Salah seorang tokoh legendaris terkenal di dunia yg pandai bermain sandiwara, peran yg dimainkan adalah sebagai seorang pembunuh kejam, nekat membantai musuh-musuhnya tanpa ampun. Nah sedangkan pria di sebelah orang tersebut bernama Sylvester Stallone. https://t.co/FugrLvOw5Y","","67","",,,,,"false"
"0","","",,,,,,,,,,,,,,,,"","false","true","false","","0",,,,,,,,,,,,,,,,,,,,,,,,,,,,,,,,,,,,"1597588428253966338","0",,,"Unknown tweet type: TweetTombstone",,,,,,,,,,,,,,,,,,,,,,,,,,,,,,,,,,,,,,,,,,,,,,,,,,,,,,,,,,,,,,,,,,,,,,,,,,,,,,,,,,,,,,,,,,,,,,,,,,,,,,,,,,,,,,,,,,,,,,,,,,,,,,,,,,,"1597588428253966338",,"{'__typename': 'TweetTombstone', 'tombstone': {'__typename': 'TextTombstone', 'text': {'rtl': False, 'text': 'This Post is from a suspended account. Learn more', 'entities': [{'fromIndex': 39, 'toIndex': 49, 'ref': {'type': 'TimelineUrl', 'url': 'https://help.twitter.com/rules-and-policies/notices-on-twitter', 'urlType': 'ExternalUrl'}}]}}}",,"0",,,,,,,,,,,,,,,,,,,,,,,,,,,,,,,,,,,,,,,,,,,,,,,,,,,,,,,,,,"","","0","","","","0","",,,,,"false"
"0","","Tue Nov 29 05:42:19 +0000 2022",,,,,,,,,,,,,,,,"","false","true","false","","5","1499871292073283588","0","11","RigAlFatih","AlfatihRig","1495326248100589569","12","27","neohistoria Indonesia","neohistoria_id",,,,,,,,,,,,,,,,,,,,,,,,,,"1597588428253966338","0","1","Tue Nov 29 05:42:19 +0000 2022",,"5",,,,,,,,,,,,,,,,"AlfatihRig","1597406468684541952","1499871292073283588",,,,,,,,,,,,,,,,,,,,,,,,,,,,,,,,,,,,,,,,,,,,,,,,,,,,,,,,,,,,,,,,,,,,,,,,,,,,,"1499871292073283588","0","11","RigAlFatih","AlfatihRig","1495326248100589569","12","27","neohistoria Indonesia","neohistoria_id",,,,,,,,,,,,,,,,,,,,,,,,,,"1597588428253966338","0",,"3","0","1","@AlfatihRig @neohistoria_id Iyalah, orang jaman Pak Harto Pemilu cuman sekali nyoblos kertas kecil yg bergambar PPP, Golkar, &amp; PDI. Beda sama sekarang yg nyoblos utk Presiden, DPR, DPD, DPRD Propinsi, DPRD Kota/Kab, mana kertasnya gede2, dimana nyiapin, ngeproses, &amp; ngitungnya lebih lama &amp; melelahkan.","1597465962940600321",,,,,"82550378","true","true","Thu Oct 15 05:52:27 +0000 2009","false","false","Terima jasa aplikasi, web, desain, organ tunggal, tambal ban, sedot WC, sunat massal, pasang genset, badut ulang tahun, rukyah, vaksin rabies, servis radiator",,,,,,,,,,,,,,,,,,,,,"0","21628","987","89","true","false","3","Jogja","3833","Hilario","987","1829592065107521742","false","https://pbs.twimg.com/profile_banners/82550378/1667047855","https://pbs.twimg.com/profile_images/1944107408848019456/eWNqKcQz_normal.jpg","","HILARlO","21283","regular",,"false",,"false","","","3","","@AlfatihRig @neohistoria_id Iyalah, orang jaman Pak Harto Pemilu cuman sekali nyoblos kertas kecil yg bergambar PPP, Golkar, &amp; PDI. Beda sama sekarang yg nyoblos utk Presiden, DPR, DPD, DPRD Propinsi, DPRD Kota/Kab, mana kertasnya gede2, dimana nyiapin, ngeproses, &amp; ngitungnya lebih lama &amp; melelahkan.","","1","",,,,,"false"
"0","","Tue Nov 29 13:40:16 +0000 2022",,,,,,,,,,,,,,,,"","false","true","false","","0","82550378","0","8","Hilario","HILARlO","1499871292073283588","9","20","RigAlFatih","AlfatihRig","1495326248100589569","21","36","neohistoria Indonesia","neohistoria_id",,,,,,,,,,,,,,,,,,,,,"1597588428253966338","0","0","Tue Nov 29 13:40:16 +0000 2022",,"0",,,,,,,,,,,,,,,,"HILARlO","1597465962940600321","82550378",,,,,,,,,,,,,,,,,,,,,,,,,,,,,,,,,,,,,,,,,,,,,,,,,,,,,,,,,,,,,,,,,,,,,,,,,,,,,"82550378","0","8","Hilario","HILARlO","1499871292073283588","9","20","RigAlFatih","AlfatihRig","1495326248100589569","21","36","neohistoria Indonesia","neohistoria_id",,,,,,,,,,,,,,,,,,,,,"1597588428253966338","0",,"1","0","0","@HILARlO @AlfatihRig @neohistoria_id Disini pemilu cuma formalitas 🤡 pemenang nya sudah jelas dan bisa di atur","1597586243465793536",,,,,"249646913","true","false","Wed Feb 09 13:54:29 +0000 2011","false","false","Saya kalau sendirian jarang ngobrol ..",,,,,,,,,,,,,,,,,,,,,"0","2001","196","125","true","false","0","payakumbuh,indonesia","456","𝒦𝓎","196",,"false","https://pbs.twimg.com/profile_banners/249646913/1582248853","https://pbs.twimg.com/profile_images/1443796380338716672/bz0thmAe_normal.jpg","","SiiiKurusss","2570","none",,"false",,"false","","","1","","@HILARlO @AlfatihRig @neohistoria_id Disini pemilu cuma formalitas 🤡 pemenang nya sudah jelas dan bisa di atur","","0","",,,,,"false"
"0","","Tue Nov 29 13:48:57 +0000 2022",,,,,,,,,,,,,,,,"","false","true","false","","0","249646913","0","12","𝒦𝓎","SiiiKurusss","1499871292073283588","13","24","RigAlFatih","AlfatihRig","1495326248100589569","25","40","neohistoria Indonesia","neohistoria_id",,,,,,,,,,,,,,,,,,,,,"1597588428253966338","0","0","Tue Nov 29 13:48:57 +0000 2022",,"0",,,,,,,,,,,,,,,,"SiiiKurusss","1597586243465793536","249646913",,,,,,,,,,,,,,,,,,,,,,,,,,,,,,,,,,,,,,,,,,,,,,,,,,,,,,,,,,,,,,,,,,,,,,,,,,,,,"249646913","0","12","𝒦𝓎","SiiiKurusss","1499871292073283588","13","24","RigAlFatih","AlfatihRig","1495326248100589569","25","40","neohistoria Indonesia","neohistoria_id",,,,,,,,,,,,,,,,,,,,,"1597588428253966338","0",,"1","0","0","@SiiiKurusss @AlfatihRig @neohistoria_id Afah iyah dek pemilihan Presiden, DPR, DPD, DPRD Propinsi, DPRD Kota/Kabupaten, Gubernur, Walikota/Bupati segitu banyaknya di Indonesia, yg diawasi oleh Bawaslu, parpol, &amp; masyarakat, dan dijamin oleh MK, semuanya pemenangnya sudah jelas dan bisa diatur? Anda punya buktinya kah?","1597588428253966338",,,,,"82550378","true","true","Thu Oct 15 05:52:27 +0000 2009","false","false","Terima jasa aplikasi, web, desain, organ tunggal, tambal ban, sedot WC, sunat massal, pasang genset, badut ulang tahun, rukyah, vaksin rabies, servis radiator",,,,,,,,,,,,,,,,,,,,,"0","21628","987","89","true","false","3","Jogja","3833","Hilario","987","1829592065107521742","false","https://pbs.twimg.com/profile_banners/82550378/1667047855","https://pbs.twimg.com/profile_images/1944107408848019456/eWNqKcQz_normal.jpg","","HILARlO","21283","regular",,"false",,"false","","","1","","@SiiiKurusss @AlfatihRig @neohistoria_id Afah iyah dek pemilihan Presiden, DPR, DPD, DPRD Propinsi, DPRD Kota/Kabupaten, Gubernur, Walikota/Bupati segitu banyaknya di Indonesia, yg diawasi oleh Bawaslu, parpol, &amp; masyarakat, dan dijamin oleh MK, semuanya pemenangnya sudah jelas dan bisa diatur? Anda punya buktinya kah?","","0","",,,,,"false"
"0","","Tue Oct 11 05:29:06 +0000 2022",,,,,,,,,,,,,,,,"","false","true","false","","0","182699119","0","13","Naufal Firman Yursak","firmanyursak",,,,,,,,,,,,,,,,,,,,,,,,,,,,,,,"1579705630470057984","0","0","Tue Oct 11 05:29:06 +0000 2022",,"0",,,,,,,,,,,,,,,,"firmanyursak","1579700218937114626","182699119",,,,,,,,,,,,,,,,,,,,,,,,,,,,,,,,,,,,,,,,,,,,,,,,,,,,,,,,,,,,,,,,,,,,,,,,,,,,,"182699119","0","13","Naufal Firman Yursak","firmanyursak",,,,,,,,,,,,,,,,,,,,,,,,,,,,,,,"1579705630470057984","0",,"1","0","0","@firmanyursak bagi saya yg melihat dan tahu bgmn pilkada daerah, tentu sangat setuju pemilihan dikembalikan ke DPRD atau bahkan dipilih langsung oleh presiden/menteri.karena biaya pilkada yg super gila itulah yg menjadi sebab munculnya korupsi. bayangkan Bupati antara 10-30m, gubernur 100m","1579705630470057984",,,,,"1329171484955140097","true","true","Wed Nov 18 21:17:16 +0000 2020","true","false","traveling",,,,,,,,,,,,,,,,,,,,,"0","630","46","93","false","false","0","","26","Agus Gunawan Rosadi76","46",,"false",,"https://pbs.twimg.com/profile_images/1366772874208366597/dlh9B5od_normal.jpg","","ARosadi76","2059","none",,"false",,"false","","","1","","@firmanyursak bagi saya yg melihat dan tahu bgmn pilkada daerah, tentu sangat setuju pemilihan dikembalikan ke DPRD atau bahkan dipilih langsung oleh presiden/menteri.karena biaya pilkada yg super gila itulah yg menjadi sebab munculnya korupsi. bayangkan Bupati antara 10-30m, gubernur 100m","","0","",,,,,"false"
"0","","Tue Oct 11 10:09:55 +0000 2022",,,,,,,,,,,,,,,,"","false","true","false","","0","1329171484955140097","0","10","Agus Gunawan Rosadi76","ARosadi76","182699119","11","24","Naufal Firman Yursak","firmanyursak",,,,,,,,,,,,,,,,,,,,,,,,,,"1579705630470057984","0","0","Tue Oct 11 10:09:55 +0000 2022",,"0",,,,,,,,,,,,,,,,"ARosadi76","1579705630470057984","1329171484955140097",,,,,,,,,,,,,,,,,,,,,,,,,,,,,,,,,,,,,,,,,,,,,,,,,,,,,,,,,,,,,,,,,,,,,,,,,,,,,"1329171484955140097","0","10","Agus Gunawan Rosadi76","ARosadi76","182699119","11","24","Naufal Firman Yursak","firmanyursak",,,,,,,,,,,,,,,,,,,,,,,,,,"1579705630470057984","0",,"0","0","0","@ARosadi76 @firmanyursak Klo gitu waktu UU Pilkada disahkan gak usah dong protes2 sampai ada yg keluar dari partainya gara2 partainya dukung UU itu","1579776302294634496",,,,,"97174911","false","true","Wed Dec 16 09:31:37 +0000 2009","true","false","moviegoer & food lover",,,,,,,,,,,,,,,,"youtube.com/user/fadhlier/","http://www.youtube.com/user/fadhlier/","0","23","https://t.co/r1TWr4pwxD","0","41017","930","4748","true","false","6","Bintaro, Tangerang, Banten","3412","Fadhli Erlanda Arlan","930",,"false","https://pbs.twimg.com/profile_banners/97174911/1585979344","https://pbs.twimg.com/profile_images/1246313812170432512/-3-mjwwm_normal.jpg","","fadhlierlanda","84829","none","https://t.co/r1TWr4pwxD","false",,"false","","","0","","@ARosadi76 @firmanyursak Klo gitu waktu UU Pilkada disahkan gak usah dong protes2 sampai ada yg keluar dari partainya gara2 partainya dukung UU itu","","0","",,,,,"false"
"0","","Tue Sep 06 11:27:01 +0000 2022",,,,,,,,,,,,,,,,"","false","true","false","","0","18129942","0","11","tempo.co","tempodotco",,,,,,,,,,,,,,,,,,,,,,,,,,,,,,,"1567109093718134786","0","0","Tue Sep 06 11:27:01 +0000 2022",,"0",,,,,,,,,,,,,,,,"tempodotco","1567109093718134786","18129942",,,,,,,,,,,,,,,,,,,,,,,,,,,,,,,,,,,,,,,,,,,,,,,,,,,,,,,,,,,,,,,,,,,,,,,,,,,,,"18129942","0","11","tempo.co","tempodotco",,,,,,,,,,,,,,,,,,,,,,,,,,,,,,,"1567109093718134786","0",,"0","0","0","@tempodotco sudah keliatan semua partai berebut ""mainan"" dijakarta, pffft....🤭","1567112126854213632",,,,,"2913365256","false","false","Sat Nov 29 06:29:18 +0000 2014","true","false","Ranger bukan buzzerRp 

independent thought",,,,,,,,,,,,,,,,,,,,,"0","814","28","100","true","false","0","","234","i'm RANGER","28","1683104669793681408","false","https://pbs.twimg.com/profile_banners/2913365256/1662994022","https://pbs.twimg.com/profile_images/1673184266275151873/H4ft8giv_normal.jpg","","Tandoek_","3970","none",,"false",,"false","","","0","","@tempodotco sudah keliatan semua partai berebut ""mainan"" dijakarta, pffft....🤭","","0","",,,,,"false"
"0","","Sun Apr 24 07:05:55 +0000 2022",,,,,,,,,,,,,,,,"","false","true","false","","8","36321448","0","12","Fajar Nugros","fajarnugros",,,,,,,,,,,,,,,,,,,,,,,,,,,,,,,"1518184301044637696","0","0","Sun Apr 24 07:05:55 +0000 2022",,"8",,,,,,,,,,,,,,,,"fajarnugros","1518123834880434176","36321448",,,,,,,,,,,,,,,,,,,,,,,,,,,,,,,,,,,,,,,,,,,,,,,,,,,,,,,,,,,,,,,,,,,,,,,,,,,,,"36321448","0","12","Fajar Nugros","fajarnugros",,,,,,,,,,,,,,,,,,,,,,,,,,,,,,,"1518184301044637696","0",,"24","0","2","@fajarnugros Polarisasi ini terjadi kan karena ulah oknum yang membawa agama ke urusan politik.","1518124056645873664",,,,,"236639447","true","true","Tue Jan 11 01:42:33 +0000 2011","true","false","♌Leo | 🩺Dokter | ✍️Blogger | 👨‍⚕️Health Influencer | 📍Bali | 📧Konsul & Kerjasama: https://t.co/JEqSHs6j6e","linktr.ee/dokterbaik","https://linktr.ee/dokterbaik","82","105","https://t.co/JEqSHs6j6e",,,,,,,,,,,"linktr.ee/dokterbaik","https://linktr.ee/dokterbaik","0","23","https://t.co/JEqSHs6j6e","0","155","60026","743","true","false","302","Bali","2167","Kakak Made ✨","60026","1974271949867278684","false","https://pbs.twimg.com/profile_banners/236639447/1726321672","https://pbs.twimg.com/profile_images/1966499014280437760/1XSiQyzb_normal.jpg","","KakakMade","147626","none","https://t.co/JEqSHs6j6e","false",,"false","","","24","","@fajarnugros Polarisasi ini terjadi kan karena ulah oknum yang membawa agama ke urusan politik.","","2","",,,,,"false"
"0","","",,,,,,,,,,,,,,,,"","false","true","false","","0",,,,,,,,,,,,,,,,,,,,,,,,,,,,,,,,,,,,"1518184301044637696","0",,,"Unknown tweet type: TweetTombstone",,,,,,,,,,,,,,,,,,,,,,,,,,,,,,,,,,,,,,,,,,,,,,,,,,,,,,,,,,,,,,,,,,,,,,,,,,,,,,,,,,,,,,,,,,,,,,,,,,,,,,,,,,,,,,,,,,,,,,,,,,,,,,,,,,,"1518184301044637696",,"{'__typename': 'TweetTombstone', 'tombstone': {'__typename': 'TextTombstone', 'text': {'rtl': False, 'text': 'This Post is from a suspended account. Learn more', 'entities': [{'fromIndex': 39, 'toIndex': 49, 'ref': {'type': 'TimelineUrl', 'url': 'https://help.twitter.com/rules-and-policies/notices-on-twitter', 'urlType': 'ExternalUrl'}}]}}}",,"0",,,,,,,,,,,,,,,,,,,,,,,,,,,,,,,,,,,,,,,,,,,,,,,,,,,,,,,,,,"","","0","","","","0","",,,,,"false"
"0","","Sun Apr 24 08:50:43 +0000 2022",,,,,,,,,,,,,,,,"","false","true","false","","0","2530482194","0","12","Ramon yap","pramono_yap","236639447","13","23","Kakak Made ✨","KakakMade","36321448","24","36","Fajar Nugros","fajarnugros",,,,,,,,,,,,,,,,,,,,,"1518184301044637696","0","0","Sun Apr 24 08:50:43 +0000 2022",,"0",,,,,,,,,,,,,,,,"pramono_yap","1518144976877621248","2530482194",,,,,,,,,,,,,,,,,,,,,,,,,,,,,,,,,,,,,,,,,,,,,,,,,,,,,,,,,,,,,,,,,,,,,,,,,,,,,"2530482194","0","12","Ramon yap","pramono_yap","236639447","13","23","Kakak Made ✨","KakakMade","36321448","24","36","Fajar Nugros","fajarnugros",,,,,,,,,,,,,,,,,,,,,"1518184301044637696","0",,"1","0","0","@pramono_yap @KakakMade @fajarnugros Bali sudah pernah punya gubernur muslim,namanya Soekarmen","1518150433537400833",,,,,"66011286","false","true","Sun Aug 16 00:25:34 +0000 2009","false","false","Bapak dari 3 putri yang Cantik, sehat dan berprestasi. Twitter lebih untuk share hal-hal positif",,,,,,,,,,,,,,,,,,,,,"0","11577","334","1083","false","false","1","Bersama anak dan istri","468","BapakBahagia","334",,"false","https://pbs.twimg.com/profile_banners/66011286/1591341418","https://pbs.twimg.com/profile_images/838187063002308608/GW_7xbXh_normal.jpg","","sinyonamaqu","12286","none",,"false",,"false","","","1","","@pramono_yap @KakakMade @fajarnugros Bali sudah pernah punya gubernur muslim,namanya Soekarmen","","0","",,,,,"false"
"0","","",,,,,,,,,,,,,,,,"","false","true","false","","0",,,,,,,,,,,,,,,,,,,,,,,,,,,,,,,,,,,,"1518184301044637696","0",,,"Unknown tweet type: TweetTombstone",,,,,,,,,,,,,,,,,,,,,,,,,,,,,,,,,,,,,,,,,,,,,,,,,,,,,,,,,,,,,,,,,,,,,,,,,,,,,,,,,,,,,,,,,,,,,,,,,,,,,,,,,,,,,,,,,,,,,,,,,,,,,,,,,,,"1518184301044637696",,"{'__typename': 'TweetTombstone', 'tombstone': {'__typename': 'TextTombstone', 'text': {'rtl': False, 'text': 'This Post is from a suspended account. Learn more', 'entities': [{'fromIndex': 39, 'toIndex': 49, 'ref': {'type': 'TimelineUrl', 'url': 'https://help.twitter.com/rules-and-policies/notices-on-twitter', 'urlType': 'ExternalUrl'}}]}}}",,"0",,,,,,,,,,,,,,,,,,,,,,,,,,,,,,,,,,,,,,,,,,,,,,,,,,,,,,,,,,"","","0","","","","0","",,,,,"false"
"0","","Sun Apr 24 09:09:57 +0000 2022",,,,,,,,,,,,,,,,"","false","true","false","","0","2530482194","0","12","Ramon yap","pramono_yap","236639447","13","23","Kakak Made ✨","KakakMade","36321448","24","36","Fajar Nugros","fajarnugros",,,,,,,,,,,,,,,,,,,,,"1518184301044637696","0","0","Sun Apr 24 09:09:57 +0000 2022",,"0",,,,,,,,,,,,,,,,"pramono_yap","1518152692811587584","2530482194",,,,,,,,,,,,,,,,,,,,,,,,,,,,,,,,,,,,,,,,,,,,,,,,,,,,,,,,,,,,,,,,,,,,,,,,,,,,,"2530482194","0","12","Ramon yap","pramono_yap","236639447","13","23","Kakak Made ✨","KakakMade","36321448","24","36","Fajar Nugros","fajarnugros",,,,,,,,,,,,,,,,,,,,,"1518184301044637696","0",,"1","0","0","@pramono_yap @KakakMade @fajarnugros Mlipir lagi...dipilih donk bahkan untuk 2x masa jabatan.","1518155271285374976",,,,,"66011286","false","true","Sun Aug 16 00:25:34 +0000 2009","false","false","Bapak dari 3 putri yang Cantik, sehat dan berprestasi. Twitter lebih untuk share hal-hal positif",,,,,,,,,,,,,,,,,,,,,"0","11577","334","1083","false","false","1","Bersama anak dan istri","468","BapakBahagia","334",,"false","https://pbs.twimg.com/profile_banners/66011286/1591341418","https://pbs.twimg.com/profile_images/838187063002308608/GW_7xbXh_normal.jpg","","sinyonamaqu","12286","none",,"false",,"false","","","1","","@pramono_yap @KakakMade @fajarnugros Mlipir lagi...dipilih donk bahkan untuk 2x masa jabatan.","","0","",,,,,"false"
"0","","",,,,,,,,,,,,,,,,"","false","true","false","","0",,,,,,,,,,,,,,,,,,,,,,,,,,,,,,,,,,,,"1518184301044637696","0",,,"Unknown tweet type: TweetTombstone",,,,,,,,,,,,,,,,,,,,,,,,,,,,,,,,,,,,,,,,,,,,,,,,,,,,,,,,,,,,,,,,,,,,,,,,,,,,,,,,,,,,,,,,,,,,,,,,,,,,,,,,,,,,,,,,,,,,,,,,,,,,,,,,,,,"1518184301044637696",,"{'__typename': 'TweetTombstone', 'tombstone': {'__typename': 'TextTombstone', 'text': {'rtl': False, 'text': 'This Post is from a suspended account. Learn more', 'entities': [{'fromIndex': 39, 'toIndex': 49, 'ref': {'type': 'TimelineUrl', 'url': 'https://help.twitter.com/rules-and-policies/notices-on-twitter', 'urlType': 'ExternalUrl'}}]}}}",,"0",,,,,,,,,,,,,,,,,,,,,,,,,,,,,,,,,,,,,,,,,,,,,,,,,,,,,,,,,,"","","0","","","","0","",,,,,"false"
"0","","Sun Apr 24 11:05:18 +0000 2022",,,,,,,,,,,,,,,,"","false","true","false","","0","2530482194","0","12","Ramon yap","pramono_yap","236639447","13","23","Kakak Made ✨","KakakMade","36321448","24","36","Fajar Nugros","fajarnugros",,,,,,,,,,,,,,,,,,,,,"1518184301044637696","0","0","Sun Apr 24 11:05:18 +0000 2022",,"0",,,,,,,,,,,,,,,,"pramono_yap","1518168046212288517","2530482194",,,,,,,,,,,,,,,,,,,,,,,,,,,,,,,,,,,,,,,,,,,,,,,,,,,,,,,,,,,,,,,,,,,,,,,,,,,,,"2530482194","0","12","Ramon yap","pramono_yap","236639447","13","23","Kakak Made ✨","KakakMade","36321448","24","36","Fajar Nugros","fajarnugros",,,,,,,,,,,,,,,,,,,,,"1518184301044637696","0",,"2","0","0","@pramono_yap @KakakMade @fajarnugros Gubernur jaman Pak Harto, dipilih oleh DPRD (bukan ditunjuk). Namanya pemilihan tak langsung.","1518184301044637696",,,,,"66011286","false","true","Sun Aug 16 00:25:34 +0000 2009","false","false","Bapak dari 3 putri yang Cantik, sehat dan berprestasi. Twitter lebih untuk share hal-hal positif",,,,,,,,,,,,,,,,,,,,,"0","11577","334","1083","false","false","1","Bersama anak dan istri","468","BapakBahagia","334",,"false","https://pbs.twimg.com/profile_banners/66011286/1591341418","https://pbs.twimg.com/profile_images/838187063002308608/GW_7xbXh_normal.jpg","","sinyonamaqu","12286","none",,"false",,"false","","","2","","@pramono_yap @KakakMade @fajarnugros Gubernur jaman Pak Harto, dipilih oleh DPRD (bukan ditunjuk). Namanya pemilihan tak langsung.","","0","",,,,,"false"
"0","","Sun Apr 24 11:45:47 +0000 2022",,,,,,,,,,,,,,,,"","false","true","false","","0","66011286","0","12","BapakBahagia","sinyonamaqu","2530482194","13","25","Ramon yap","pramono_yap","236639447","26","36","Kakak Made ✨","KakakMade","36321448","37","49","Fajar Nugros","fajarnugros",,,,,,,,,,,,,,,,"1518184301044637696","0","0","Sun Apr 24 11:45:47 +0000 2022",,"0",,,,,,,,,,,,,,,,"sinyonamaqu","1518184301044637696","66011286",,,,,,,,,,,,,,,,,,,,,,,,,,,,,,,,,,,,,,,,,,,,,,,,,,,,,,,,,,,,,,,,,,,,,,,,,,,,,"66011286","0","12","BapakBahagia","sinyonamaqu","2530482194","13","25","Ramon yap","pramono_yap","236639447","26","36","Kakak Made ✨","KakakMade","36321448","37","49","Fajar Nugros","fajarnugros",,,,,,,,,,,,,,,,"1518184301044637696","0",,"0","0","0","@sinyonamaqu @pramono_yap @KakakMade @fajarnugros Maksudnya mungkin bukan dipilih langsung oleh rakyat, pake kotak suara di TPS. Dan memang, jam orde baru yg berlaku pemilihan tidak langsung, dan biasanya ada perintah langsung dari pimpinan ABRI yg menjabat didaerah itu..","1518194490548568065",,,,,"1257317672007593990","false","true","Mon May 04 14:35:03 +0000 2020","true","true","sy suka sejarah",,,,,,,,,,,,,,,,,,,,,"0","129","8","178","true","false","0","","61","Antoniosp","8",,"false",,"https://abs.twimg.com/sticky/default_profile_images/default_profile_normal.png","","Antonio76363114","3582","none",,"false",,"false","","","0","","@sinyonamaqu @pramono_yap @KakakMade @fajarnugros Maksudnya mungkin bukan dipilih langsung oleh rakyat, pake kotak suara di TPS. Dan memang, jam orde baru yg berlaku pemilihan tidak langsung, dan biasanya ada perintah langsung dari pimpinan ABRI yg menjabat didaerah itu..","","0","",,,,,"false"
"0","","Thu Mar 10 04:11:28 +0000 2022",,,,,,,,,,,,,,,,"","false","true","false","","1","736384867181547520","0","10","Daemoen","Mentimoen",,,,,,,,,,,,,,,,,,,,,,,,,,,,,,,"1501812380270936065","0","0","Thu Mar 10 04:11:28 +0000 2022",,"1",,,,,,,,,,,,,,,,"Mentimoen","1501761464570462209","736384867181547520",,,,,,,,,,,,,,,,,,,,,,,,,,,,,,,,,,,,,,,,,,,,,,,,,,,,,,,,,,,,,,,,,,,,,,,,,,,,,"736384867181547520","0","10","Daemoen","Mentimoen",,,,,,,,,,,,,,,,,,,,,,,,,,,,,,,"1501812380270936065","0",,"3","0","0","@Mentimoen Iya terpilih Pemilu tapi ngakalin konstitusi. 

https://t.co/8VkcIUduHa","1501772703346589698","dunia.tempo.co/read/1318441/p…","https://dunia.tempo.co/read/1318441/perubahan-konstitusi-putin-bisa-jadi-presiden-rusia-sampai-2036","","https://t.co/8VkcIUduHa","109993136","false","false","Sun Jan 31 00:05:56 +0000 2010","false","false","Budaya kita adalah beragama tapi berkorupsi. 
- Stock - Volunteer - Econ - Social - Goweser - Quoran.",,,,,,,,,,,,,,,,,,,,,"0","3661","771","846","true","false","4","","468","irf","771",,"false","https://pbs.twimg.com/profile_banners/109993136/1574876803","https://pbs.twimg.com/profile_images/1224645065470959617/gErK75Fk_normal.jpg","","1rfani","11996","none",,"false",,"false","","","3","","@Mentimoen Iya terpilih Pemilu tapi ngakalin konstitusi. 

https://t.co/8VkcIUduHa","","0","","dunia.tempo.co/read/1318441/p…","https://dunia.tempo.co/read/1318441/perubahan-konstitusi-putin-bisa-jadi-presiden-rusia-sampai-2036","","https://t.co/8VkcIUduHa","false"
"0","","Thu Mar 10 05:17:19 +0000 2022",,,,,,,,,,,,,,,,"","false","true","false","","0","109993136","0","7","irf","1rfani","736384867181547520","8","18","Daemoen","Mentimoen",,,,,,,,,,,,,,,,,,,,,,,,,,"1501812380270936065","0","0","Thu Mar 10 05:17:19 +0000 2022",,"0",,,,,,,,,,,,,,,,"1rfani","1501772703346589698","109993136",,,,,,,,,,,,,,,,,,,,,,,,,,,,,,,,,,,,,,,,,,,,,,,,,,,,,,,,,,,,,,,,,,,,,,,,,,,,,"109993136","0","7","irf","1rfani","736384867181547520","8","18","Daemoen","Mentimoen",,,,,,,,,,,,,,,,,,,,,,,,,,"1501812380270936065","0",,"3","0","0","@1rfani @Mentimoen https://t.co/dib1PVXFnk","1501789272441253888","bbc.com/indonesia/duni…","https://www.bbc.com/indonesia/dunia-53161689","","https://t.co/dib1PVXFnk","1137588544447307777","false","true","Sun Jun 09 05:13:39 +0000 2019","true","false","non muslim indonesia, but supporting palestine from long time ago, proud of iran, yemen, hezboll4h
https://t.co/bsOWXVxOi5 / #etn, https://t.co/NEKuXUXr2a","electroneum.com","http://electroneum.com","99","122","https://t.co/bsOWXVxOi5","anytask.com","http://anytask.com","131","154","https://t.co/NEKuXUXr2a",,,,,,,,,,,"0","114576","1712","6143","false","false","4","Indonesia","332","new era","1712",,"false",,"https://pbs.twimg.com/profile_images/1857621245279481861/3fJ5W5P6_normal.jpg","","New_Era_PS","82688","none",,"false",,"false","","","3","","@1rfani @Mentimoen https://t.co/dib1PVXFnk","","0","","bbc.com/indonesia/duni…","https://www.bbc.com/indonesia/dunia-53161689","","https://t.co/dib1PVXFnk","false"
"0","","Thu Mar 10 06:49:08 +0000 2022",,,,,,,,,,,,,,,,"","false","true","false","","0","1137588544447307777","0","11","new era","New_Era_PS","736384867181547520","12","22","Daemoen","Mentimoen",,,,,,,,,,,,,,,,,,,,,,,,,,"1501812380270936065","0","0","Thu Mar 10 06:49:08 +0000 2022",,"0",,,,,,,,,,,,,,,,"New_Era_PS","1501789272441253888","1137588544447307777",,,,,,,,,,,,,,,,,,,,,,,,,,,,,,,,,,,,,,,,,,,,,,,,,,,,,,,,,,,,,,,,,,,,,,,,,,,,,"1137588544447307777","0","11","new era","New_Era_PS","736384867181547520","12","22","Daemoen","Mentimoen",,,,,,,,,,,,,,,,,,,,,,,,,,"1501812380270936065","0",,"0","0","0","@New_Era_PS @Mentimoen Putin secara bertahap mengendalikan 83 wilayah Rusia dengan menunjuk politisi yang dia percaya sebagai gubernur.

Dia menghapus pilkada pada 2004 dan menggantinya dengan pemilihan kepala daerah oleh para anggota DPRD.","1501812380270936065",,,,,"109993136","false","false","Sun Jan 31 00:05:56 +0000 2010","false","false","Budaya kita adalah beragama tapi berkorupsi. 
- Stock - Volunteer - Econ - Social - Goweser - Quoran.",,,,,,,,,,,,,,,,,,,,,"0","3661","771","846","true","false","4","","468","irf","771",,"false","https://pbs.twimg.com/profile_banners/109993136/1574876803","https://pbs.twimg.com/profile_images/1224645065470959617/gErK75Fk_normal.jpg","","1rfani","11996","none",,"false",,"false","","","0","","@New_Era_PS @Mentimoen Putin secara bertahap mengendalikan 83 wilayah Rusia dengan menunjuk politisi yang dia percaya sebagai gubernur.

Dia menghapus pilkada pada 2004 dan menggantinya dengan pemilihan kepala daerah oleh para anggota DPRD.","","0","",,,,,"false"
