url,title,displayedUrl,description,emphasizedKeywords,siteLinks,productInfo,likes,lastUpdated,channelName,type,position,reelLength,followersAmount,tweetCards,date,views,personalInfo,source_file
https://www.instagram.com/p/DTMxDoxk5av/,Wacana pemilihan kepala daerah (Pilkada) melalui DPRD ...,Instagram › narasinewsroom,Usulan ini didukung hampir seluruh partai politik yang duduk di parlemen. Pemerintah turut merespons wacana ini.,[],[],{},"1,4 rb+ suka",1 hari yang lalu,p,organic,1,,,,,,,instagram_search.json
https://www.instagram.com/p/DSFIfoJkXhB/,Pemilihan Kepala Daerah oleh DPRD kembali ...,Instagram › mediaindonesia,"69 likes, 5 comments - mediaindonesia on December 10, 2025: ""Pemilihan Kepala Daerah oleh DPRD kembali mengemuka di tengah penolakan oleh ...","['Pemilihan', 'DPRD']",[],{},60+ suka,4 minggu yang lalu,p,organic,2,,,,,,,instagram_search.json
https://www.instagram.com/p/DTQBWS8Eg-9/,Wacana pilkada lewat DPRD kembali menguat setelah ...,Instagram › kompascom,"1310 likes, 201 comments - kompascom on January 8, 2026: ""Wacana pilkada lewat DPRD kembali menguat setelah Ketua Umum Partai Golkar Bahlil ...",['DPRD'],[],{},"1,3 rb+ suka",4 jam yang lalu,p,organic,3,,,,,,,instagram_search.json
https://www.instagram.com/p/DTKoLDzk_eD/,PROJO Setujui Kompromi Pilkada: Gubernur Dipilih DPRD ...,Instagram › dppprojo,Dewan Pimpinan Daerah (DPD) Projo Banten telah menggelar konsolidasi besar dengan delapan DPC kabupaten/kota se-Provinsi Banten.,[],[],{},10+ suka,2 hari yang lalu,p,organic,4,,,,,,,instagram_search.json
https://www.instagram.com/reel/DDyQwNrPzhy/,Kami sepakat dengan adanya wacana Gubernur dipilih oleh ...,Instagram › syaifulhooda,... Gubernur dipilih oleh DPRD karena besar nya biaya pilkada langsung . 3 pertimbangan penting kenapa Gubernur tidak harus di pilih langsung ...,[],[],{},130+ suka,1 tahun yang lalu,reel,organic,5,2:17,,,,,,instagram_search.json
https://www.instagram.com/p/DSr4dnKkkhR/,[ 𝐁𝐔𝐏𝐀𝐓𝐈 𝐃𝐈𝐏𝐈𝐋𝐈𝐇 𝐃𝐏𝐑𝐃? 𝐃𝐄𝐌𝐎𝐊𝐑𝐀𝐒𝐈 𝐊𝐎𝐊 ...,Instagram › juristic.id,"juristic.id on December 24, 2025: ""[ BUPATI DIPILIH DPRD? DEMOKRASI KOK MAKIN PENDEK ] Wacana pemilihan kepala daerah oleh DPRD kembali ...","['DPRD', 'pemilihan', 'DPRD']",[],{},70+ suka,2 minggu yang lalu,p,organic,6,,,,,,,instagram_search.json
https://www.instagram.com/p/DTNhwDKE_A6/,"Gubernur Dipilih DPRD, Bupati dan Wali Kota Tetap ...",Instagram › dppprojo,"Pemerintah Daerah Kabupaten Gowa dan proses demokrasi semakin demokratis. DPRD terpilih sebagai penentu Gubernur, Bupati, dan Wali Kota ...","['DPRD', 'Gubernur']",[],{},1 suka,1 hari yang lalu,p,organic,7,,,,,,,instagram_search.json
https://www.instagram.com/p/DOdM9jdE3FR/,"️ Pilkada memilih Gubernur, Bupati, dan ...",Instagram › panwaslihkotabandaaceh,"Pemilu dan Pilkada adalah dua proses yang penting dalam demokrasi Indonesia. Dalam pemilu, rakyat memilih anggota Dewan Perwakilan Rakyat, ...",[],[],{},6 suka,3 bulan yang lalu,p,organic,8,,,,,,,instagram_search.json
https://www.instagram.com/p/DTO7kOqE2DQ/,PROJO Probolinggo Dukung Kompromi Pilkada: Gubernur ...,Instagram › dppprojo,"1 likes, 0 comments - dppprojo on January 7, 2026: ""PROJO Probolinggo Dukung Kompromi Pilkada: Gubernur Dipilih DPRD, Bupati/Wali Kota Tetap ...","['Gubernur', 'DPRD']",[],{},1 suka,14 jam yang lalu,p,organic,9,,,,,,,instagram_search.json
https://www.instagram.com/reel/DSD5MW7kjgI/,Elite partai politik berulang kali berusaha menghapus pilkada ...,Instagram › tempodotco,"Pilkada langsung adalah bagian penting dari demokrasi Indonesia. Namun, beberapa partai politik telah berusaha menghapusnya untuk ...",[],[],{},"3,2 rb+ suka",1 bulan yang lalu,reel,organic,10,0:30,,,,,,instagram_search.json
https://www.instagram.com/p/DTKpi7UkxX9/,...,Instagram › dppprojo,"PROJO Setujui Kompromi Pilkada: Gubernur Dipilih DPRD, Bupati dan Wali Kota Tetap Dipilih Langsung Editorial Team Admin@ Selasa, 6 Januari 2026 ...","['Gubernur', 'DPRD']",[],{},6 suka,2 hari yang lalu,p,organic,11,,,,,,,instagram_search.json
https://www.instagram.com/p/DD6WuHAyOUH/,"DPRD Pilih Gubernur, Demokrasi Mundur. Perhelatan ...",Instagram › seknasjppr,"90 likes, 2 comments - seknasjppr on December 22, 2024: ""DPRD Pilih Gubernur, Demokrasi Mundur. Perhelatan Pilkada Serentak 2024 menarik ...","['DPRD', 'Gubernur']",[],{},90+ suka,1 tahun yang lalu,p,organic,12,,,,,,,instagram_search.json
https://www.instagram.com/p/DE4DisAyCUS/,Pimpinan dan Anggota DPRD Provinsi Banten Menggelar ...,Instagram › dprdbanten,... DPRD Provinsi Banten Menggelar Rapat Paripurna Pengumuman Hasil Penetapan Pasangan Calon Gubernur dan Wakil Gubernur Terpilih oleh KPU ...,"['DPRD', 'Gubernur', 'Gubernur']",[],{},80+ suka,11 bulan yang lalu,p,organic,13,,,,,,,instagram_search.json
https://www.instagram.com/p/DTQGoLyEXqB/,PDI Perjuangan Provinsi Gorontalo menolak Pemilihan ...,Instagram › pdiperjuangan,"9 likes, 0 comments - pdiperjuangan on January 8, 2026: ""PDI Perjuangan Provinsi Gorontalo menolak Pemilihan Kepala Daerah (Pilkada) melalui ...",['Pemilihan'],[],{},9 suka,3 jam yang lalu,p,organic,14,,,,,,,instagram_search.json
https://www.instagram.com/p/DHA-ZfQSp-s/,"TemanPemilih, KPU Asahan mengikuti kegiatan Rapat ...",Instagram › kpuasahan_official,"29 likes, 0 comments - kpuasahan_official on March 10, 2025: ""TemanPemilih, KPU Asahan mengikuti kegiatan Rapat Paripurna DPRD Kabupaten ...",['DPRD'],[],{},20+ suka,10 bulan yang lalu,p,organic,15,,,,,,,instagram_search.json
https://www.instagram.com/p/DTP2UXgkycP/,Setelah lebih dari 20 tahun pilkada langsung berjalan ...,Instagram › almuzzammil.yusuf,"SNN, JAKARTA — Dukungan terhadap wacana pemilihan kepala daerah melalui DPRD kian meluas di kalangan partai pendukung pemerintah. Partai ...","['pemilihan', 'DPRD']",[],{},10+ suka,6 jam yang lalu,p,organic,16,,,,,,,instagram_search.json
https://www.instagram.com/p/DEqsQq3z_sa/,"SobatBPKAD, Kepala Badan Pengelolaan Keuangan dan ...",Instagram › bpkadjabarprov,"... Gubernur dan Calon Wakil Gubernur Jawa Barat Terpilih bertempat di Ruang Rapat Paripurna DPRD Provinsi Jawa Barat, Jum'at (10/01/2025) ...","['Gubernur', 'Gubernur', 'DPRD']",[],{},40+ suka,12 bulan yang lalu,p,organic,17,,,,,,,instagram_search.json
https://www.instagram.com/reel/C71XZYtp9Gq/,"KPU Provinsi Jawa Timur on Instagram: ""Hai..hai ...",Instagram › kpu_jatim,"684 likes, 5 comments - kpu_jatim on June 5, 2024: ""Hai..hai TemanPemilih Happy asmara aja mau meriahkan Peluncuran Pemilihan Gubernur dan ...",[],[],{},680+ suka,1 tahun yang lalu,reel,organic,18,0:36,,,,,,instagram_search.json
https://www.instagram.com/reel/DTO4LbujxIN/,PDIP mengungkap adanya upaya lobi dari partai politik koalisi ...,Instagram › tribunnews,PDIP tetap menolak mendukung Pilkada melalui DPRD meski ada yang melobi. Deddy Sitorus menyatakan bahwa PDIP tidak akan berubah sikapnya ...,[],[],{},10+ suka,15 jam yang lalu,reel,organic,22,1:39,,,,,,instagram_search.json
https://www.instagram.com/p/DR9p3aXAWsC/,Bahlil Usul Kepala Daerah Dipilih DPRD Simak ...,Instagram › lkigolkar,Bupati Bantul didampingi Sekda Bantul hari ini di ruang kerja Bupati secara online mengikuti rapat persiapan pelaksanaan Pemilihan Kepala ...,['Pemilihan'],[],{},100+ suka,1 bulan yang lalu,p,organic,23,,,,,,,instagram_search.json
https://www.instagram.com/p/DTPhT66k2bU/,Lagi rame soal usulan Pilkada mung dipilih karo DPRD ...,Instagram › medhioen.ae,"Nek sok disahne berarti Gubernur, Walikota, lan Bupati ora dipilih langsung karo rakyat maneh, nganging cukup dipilih DPRD.","['Gubernur', 'DPRD']",[],{},"1,3 rb+ suka",9 jam yang lalu,p,organic,24,,,,,,,instagram_search.json
https://www.instagram.com/p/DTP6ucQk_0A/,...,Instagram › dppprojo,,"['gubernur', 'dprd']",[],{},3 suka,5 jam yang lalu,p,organic,25,,,,,,,instagram_search.json
https://www.instagram.com/p/DDhOVk1Tbg2/,"Ketua DPP PDIP, Deddy Sitorus, menanggapi soal usulan ...",Instagram › totalpolitikcom,"3797 likes, 231 comments - totalpolitikcom on December 13, 2024: ""Ketua DPP PDIP, Deddy Sitorus, menanggapi soal usulan kepala daerah yang ...",[],[],{},"3,8 rb+ suka",1 tahun yang lalu,p,organic,26,,,,,,,instagram_search.json
https://www.instagram.com/p/DTOzNHIk58w/,Photo by Dewan Pimpinan Pusat PROJO (),Instagram › dppprojo,"dppprojo PROJO Setujui Kompromi Pilkada: Gubernur Dipilih DPRD, Bupati dan Wali Kota Tetap Dipilih Langsung //teropongistana.com ...","['Gubernur', 'DPRD']",[],{},1 suka,15 jam yang lalu,p,organic,27,,,,,,,instagram_search.json
https://www.instagram.com/reel/DErQpS-y4I_/,こんにちは ✌️🏔️,Instagram › alialaksono,"Alhamdulilah! Di bulan kemerdekaan dan kemenangan ini, akhirnya kita resmi dilantik menjadi anggota DPRD Provinsi DKI Jakarta Periode 2024- ...",[],[],{},60+ suka,12 bulan yang lalu,reel,organic,28,0:40,,,,,,instagram_search.json
https://www.instagram.com/p/DEqncFVyGPj/,"Wakil Ketua DPRD Provinsi Kalimantan Utara, H. ...",Instagram › dprdkaltara,... Gubernur dan Wakil Gubernur Kalimantan Utara terpilih dalam Pemilihan Tahun 2024. Rapat pleno ini berlangsung pada Kamis (09/01/25) di ...,"['Gubernur', 'Gubernur', 'Pemilihan']",[],{},20+ suka,12 bulan yang lalu,p,organic,46,,,,,,,instagram_search.json
https://www.instagram.com/reel/DC3auRpT_wH/,"Dprd Kabupaten Sumedang on Instagram: ""Wakil Ketua ...",Instagram › humas.dprdsumedang,... pemilihan Gubernur & Wakil Gubernur Jawa Barat serta Bupati & Wakil Bupati Kabupaten Sumedang sekaligus monitoring Pilkada 2024. Acara ini dilaksanakan di ...,[],[],{},,5 Nov 2025,reel,organic,53,0:44,,,,,,instagram_search.json
https://www.instagram.com/reel/DCvVB8BSlf1/,3 Hari menuju Pilkada Serentak 2024. Pemilihan Gubernur ...,Instagram › humaspoldajatim,"Polda Jawa Timur menggelar tasyakuran HUT ke-54 KORPRI di Gedung Mahameru Polda Jatim pada Selasa, 2 Desember 2025.",[],[],{},50+ suka,1 tahun yang lalu,reel,organic,70,0:08,,,,,,instagram_search.json
https://www.instagram.com/reel/DLkLv3Go824/,Hai Courtizen! Babak baru Pemilu Indonesia ...,Instagram › mahkamahkonstitusi,"Penyelenggaraan pemilihan umum anggota DPR, anggota DPD, presiden dan wakil presiden dan anggota DPRD provinsi, kabupaten, kota yang berada ...",[],[],{},"1,1 rb+ suka",6 bulan yang lalu,reel,organic,81,2:18,,,,,,instagram_search.json
https://www.instagram.com/p/DTPzNEcgctF/,Wacana pemilihan kepala daerah melalui DPRD menuai ...,Instagram › harianjogja,"PROJO Setujui Kompromi Pilkada: Gubernur Dipilih DPRD, Bupati dan Wali Kota Tetap Dipilih Langsung Jakarta, 06 Januari 2026. Ketua Umum Projo ...",['Gubernur Dipilih DPRD'],[],{},10+ suka,8 jam yang lalu,p,organic,5,,,,,,,instagram_search2.json
https://www.instagram.com/p/DTOzfZ9E2UT/,Photo by Dewan Pimpinan Pusat PROJO (),Instagram › dppprojo,"Projo mengusulkan jalan tengah, gubernur dipilih DPRD dan bupati/wali kota dipilih langsung masyarakat. 07/01/2025 Foto Istimewa.",['gubernur dipilih DPRD'],[],{},3 suka,17 jam yang lalu,p,organic,7,,,,,,,instagram_search2.json
https://www.instagram.com/p/DDEUJZKyESl/,"Gubernur Dipilih DPRD! Ada pro & kontranya sih, kalau menurut ...",https://www.instagram.com › DDEUJZKyESl,"7 likes, 3 comments - garudatv.official on December 1, 2024: ""Gubernur Dipilih DPRD! Ada pro & kontranya sih, kalau menurut kamu, mending pilih langsung ...",['Gubernur Dipilih DPRD'],[],{},,,p,organic,8,,,,,,,instagram_search2.json
https://www.instagram.com/p/DTKqIsiEjxU/,...,Instagram › rcyberprojo14,"4 likes, 0 comments - rcyberprojo14 on January 6, 2026: "" ...",['gubernur-dipilih-dprd'],[],{},4 suka,2 hari yang lalu,p,organic,10,,,,,,,instagram_search2.json
https://www.instagram.com/p/DTM6Tn3D22f/,DPRD DIY menegaskan pentingnya kajian konstitusional ...,Instagram › humasjogja,HumasJogja. more. 7 hours ago. OCR. জरेरটी jogja istimewa DPRD DIY Tekankan Kajian Konstitusional dalam Mekanisme Pilkada DPRD DIY ...,['Pilkada DPRD'],[],{},30+ suka,1 hari yang lalu,p,organic,3,,,,,,,instagram_search2.json
https://www.instagram.com/p/DTPVEjJk8Rr/,Wacana perubahan mekanisme pemilihan kepala daerah ...,Instagram › kaltimtoday.co,Ketum Bahlil Lahadalia nampaknya serius dengan manuver politik ini. Tim Pilkada Langsung atau Tim Pilkada DPRD? Berikan argumen terbaikmu di ...,['Pilkada DPRD'],[],{},390+ suka,12 jam yang lalu,p,organic,4,,,,,,,instagram_search2.json
https://www.instagram.com/p/DTO8TY3k-6u/,Wacana pengembalian mekanisme Pilkada ke DPRD ...,Instagram › sefruitfakta,SuaraAnies pilkada dprd. more. 6 days ago · Sign up • Instagram · Meta · About · Blog · Jobs · Help · API · Privacy · Consumer Health Privacy.,['pilkada dprd'],[],{},10+ suka,16 jam yang lalu,p,organic,5,,,,,,,instagram_search2.json
https://www.instagram.com/p/DTKT8IQknPu/,Wacana pengembalian mekanisme Pilkada ke DPRD ...,Instagram › akbarfaizal_uncensored,melesatku fokuspoint pilkada dprd dpr gubernur bupati gerinda partaipolitik. more. 7 days ago · cakapviral.id's profile picture.,['pilkada dprd'],[],{},"15,4 rb+ suka",2 hari yang lalu,p,organic,6,,,,,,,instagram_search2.json
https://www.instagram.com/p/DTPdQ1SEwIQ/,Partai Golkar dan PAN secara terbuka kembali ...,Instagram › hariankompas,... Pilkada DPRD Opini 8 Desember 2026 Ditulis oleh Djayadi Hanan () Dosen Ilmu Politik Universitas Islam Internasional Indonesia ...,['Pilkada DPRD'],[],{},320+ suka,11 jam yang lalu,p,organic,7,,,,,,,instagram_search2.json
https://www.instagram.com/p/DTQIzuWk0mZ/,Wacana perubahan mekanisme pemilihan kepala daerah ...,Instagram › palembangkulukilir,Tim Pilkada Langsung atau Tim Pilkada DPRD? Berikan argumen terbaikmu di kolom komentar! Baca selengkapnya: ...,['Pilkada DPRD'],[],{},20+ suka,4 jam yang lalu,p,organic,8,,,,,,,instagram_search2.json
https://www.instagram.com/p/DTKdXX1j0mq/,"""Sempat lantang menolak pemilihan kepala daerah ...",Instagram › hariankompas,Sejumlah elite NasDem menilai perubahan sistem pilkada tidak bisa dilakukan terburu-buru karena menyangkut hak politik rakyat. Di sisi lain ...,['perubahan sistem pilkada'],[],{},"4,6 rb+ suka",2 hari yang lalu,p,organic,3,,,,,,,instagram_search2.json
https://www.instagram.com/p/DTMwZNTkjhD/,Demokrat bersama Presiden Prabowo membahas ...,Instagram › demokratjabar,... perubahan sistem pilkada oleh beberapa elite politik dan partai. Andi Arief (Politikus Partai Demokrat) menyatakan bahwa Demokrat masih ...,['perubahan sistem pilkada'],[],{},9 suka,1 hari yang lalu,p,organic,5,,,,,,,instagram_search2.json
https://www.instagram.com/p/DTPjeC6D4gL/,Partai Demokrat disebut mendukung pemilihan Kepala ...,Instagram › asumsico,... perubahan sistem pilkada oleh beberapa elite politik dan partai. Andi Arief (Politikus Partai Demokrat) menyatakan bahwa Demokrat masih ...,['perubahan sistem pilkada'],[],{},620+ suka,10 jam yang lalu,p,organic,6,,,,,,,instagram_search2.json
https://www.instagram.com/p/DTKXvIXE4Pe/,Dewan Pimpinan Pusat (DPP) Partai Demokrat ...,Instagram › totalpolitikcom,... perubahan sistem pilkada oleh beberapa elite politik dan partai. Andi Arief (Politikus Partai Demokrat) menyatakan bahwa Demokrat masih ...,['perubahan sistem pilkada'],[],{},"4,1 rb+ suka",2 hari yang lalu,p,organic,7,,,,,,,instagram_search2.json
https://www.instagram.com/p/DTM3VInk-83/,Sejumlah partai politik telah mengeluarkan sikap resmi ...,Instagram › radar_bogor,... perubahan sistem pilkada itu. Dukungan juga diberikan Partai NasDem. Ketua Fraksi NasDem Viktor Bungtilu Laiskodat mengatakan bahwa sistem ...,['perubahan sistem pilkada'],[],{},"1,2 rb+ suka",1 hari yang lalu,p,organic,8,,,,,,,instagram_search2.json
https://www.instagram.com/reel/DSq6AJpE68N/,Cerita Haru Prabowo Subianto & Joko Widodo,Instagram › dppprojo,more. Now.,[],[],{},20+ suka,2 minggu yang lalu,reel,organic,12,2:22,,,,,,instagram_search2.json
https://www.instagram.com/korankaltara/reel/DS3mFSJkjEY/?hl=ar,Partai Gerindra menyatakan dukungan terhadap usulan ...,Instagram › korankaltara,"... Gubernur Dipilih DPRD"" . K KORAN KALTARA K ORAN KALTARA ""Gerindra Dukung Usulan Bupati/Walikota dan Gubernur Dipilih DPRD"" . K KORAN ...","['Gubernur Dipilih DPRD', 'Gubernur Dipilih DPRD']",[],{},60+ suka,1 minggu yang lalu,korankaltara,organic,13,,,,,,,instagram_search2.json
https://www.instagram.com/reel/DTP8-8Gkpf1/,GELORA.CO -Sikap Partai Keadilan Sejahtera (PKS) ...,Instagram › jubir_pemedsos77,"PKS menyatakan dukungan terbatas: pemilihan gubernur dipilih DPRD, sementara bupati dan wali kota tetap dipilih langsung oleh rakyat.",['gubernur dipilih DPRD'],[],{},1 suka,6 jam yang lalu,reel,organic,14,,,,,,,instagram_search2.json
https://www.instagram.com/reel/DSkO73FjOFy/,Golkar dan PKB Sepakat Bupati dan Gubernur dipilih ...,Instagram › apdianutama,"29 likes, 9 comments - apdianutama on December 22, 2025: ""Golkar dan PKB Sepakat Bupati dan Gubernur dipilih DPRD beritaviral fypreels ...",['Gubernur dipilih DPRD'],[],{},20+ suka,2 minggu yang lalu,reel,organic,15,,,,,,,instagram_search2.json
https://www.instagram.com/p/DSSPVhFmIkD/,Hasil Polling Wacana Presiden Prabowo Subianto soal ...,Instagram › sukabumiupdatecom,"Artikel ini telah tayang di Bisnis.com dengan judul ""Biaya Pilkada Mahal, Prabowo Usul Bupati/Gubernur Dipilih DPRD"", Klik selengkapnya di ...",['Gubernur Dipilih DPRD'],[],{},40+ suka,3 minggu yang lalu,p,organic,16,,,,,,,instagram_search2.json
https://www.instagram.com/p/DJF1AujhTzv/,Happy Mayday 🇮🇩 Projo Prabowo gibran ...,Instagram › dppprojo,"PROJO Setujui Kompromi Pilkada: Gubernur Dipilih DPRD, Bupati dan Wali Kota Tetap Dipilih Langsung ...",['Gubernur Dipilih DPRD'],[],{},7 suka,8 bulan yang lalu,p,organic,17,,,,,,,instagram_search2.json
https://www.instagram.com/p/DTAdeEkEir8/,"SNN, JAKARTA — Dukungan terhadap wacana pemilihan ...",Instagram › snnnusantara,"PKS menyatakan dukungan terbatas: pemilihan gubernur dipilih DPRD, sementara bupati dan wali kota tetap dipilih langsung oleh rakyat.",['gubernur dipilih DPRD'],[],{},1 suka,6 hari yang lalu,p,organic,18,,,,,,,instagram_search2.json
https://www.instagram.com/p/DR_K504D1IP/,PRABOWO MENCINTAI PERSPEKTIF PILKADA DI PILIH ...,Instagram › sultraonline2025,"... Gubernur Dipilih DPRD"", Klik selengkapnya di sini: ...",['Gubernur Dipilih DPRD'],[],{},,,p,organic,19,,1 bulan yang lalu,,,,,instagram_search2.json
https://www.instagram.com/reel/DTM7TEdk5Yq/,Anggaran besar dalam penyelenggaraan pemilihan kepala ...,Instagram › narasinewsroom,Selengkapnya imbcnews pilkada dprd pro kontra. more.,[],[],{},"1,8 rb+ suka",1 hari yang lalu,reel,organic,10,5:03,,,,,,instagram_search2.json
https://www.instagram.com/reel/DTMFBsPE5aA/,Pilkada Lewat DPRD??,Instagram › lkigolkar,"dan pengkhianatan terhadap semangat Reformasi. pilkada dprd info. more. View all 2 comments. December 31, 2025 · iyan.sofyan.5648. •. Follow.",[],[],{},120+ suka,1 hari yang lalu,reel,organic,12,1:46,,,,,,instagram_search2.json
https://www.instagram.com/p/DTQX56GEsV2/,"Membaca Ulang Pilkada antara Perwakilan, Negara, dan ...",Instagram › k.hery_,"Dalam pilkada DPRD, hukuman itu dipotong ... Partai berkursi sedikit yang mendukung pilkada DPRD sedang menggali kubur politiknya sendiri.","['pilkada DPRD', 'pilkada DPRD']",[],{},6 suka,2 jam yang lalu,p,organic,13,,,,,,,instagram_search2.json
https://www.instagram.com/reel/DTP5IzwE66G/,Pilkada Dipilih Rakayat atau Dipilih Partai ?,Instagram › _yusufmuhammad_,... tapi akal-akalan. pilkada dprd kotakkosong. more. View all 51 comments. 6 days ago · arifkichaniago's profile picture · arifkichaniago. •.,['pilkada dprd'],[],{},10+ suka,7 jam yang lalu,reel,organic,15,,,,,,,instagram_search2.json
https://www.instagram.com/reel/DTQKDiYDKWY/,Dukungan terhadap Pilkada via DPRD datang dari Golkar ...,Instagram › hitamputihgp.01,... PILKADA DPRD SUARA MINORITAS DI DPR DEMOKRAT DEMOKRAT DPRD SUARA PUBLIK SURVEI TOLAK! 66% MENOLAK PILKADA VIA DPRD MAYORITAS PUBLIK MENOLAK ...,['PILKADA DPRD'],[],{},30+ suka,4 jam yang lalu,reel,organic,16,,,,,,,instagram_search2.json
https://www.instagram.com/p/DTPPhPQkWQE/,Partai Demokrat menegaskan komitmennya ...,Instagram › pdemokrat,... perubahan sistem pilkada oleh beberapa elite politik dan partai. Andi Arief (Politikus Partai Demokrat) menyatakan bahwa Demokrat masih ...,['perubahan sistem pilkada'],[],{},70+ suka,13 jam yang lalu,p,organic,10,,,,,,,instagram_search2.json
https://www.instagram.com/reel/DTKw2_2k1r_/,Pilkada bukan sekadar soal teknis pemilihan atau hitung ...,Instagram › bantengsenayan,Partai Kebangkitan Bangsa (PKB) juga secara terbuka mendukung. Ketua DPP PKB Daniel Johan mengatakan perubahan sistem pilkada tersebut merupakan ...,[],[],{},340+ suka,2 hari yang lalu,reel,organic,11,1:15,,,,,,instagram_search2.json
https://www.instagram.com/p/DTO_TuoCWPW/,Di tengah wacana pemilihan kepala daerah (pilkada) ...,Instagram › nasionalberita_,"... perubahan sistem pilkada itu, termasuk Partai Golkar yang mengusung ide tersebut. Ardian menguraikan, pemilih Partai Gerindra sebanyak 74,5 ...",['perubahan sistem pilkada'],[],{},10+ suka,15 jam yang lalu,p,organic,12,,,,,,,instagram_search2.json
https://www.instagram.com/reel/DTPYGt4jPPb/,Pilkada dipilih oleh DPRD mencuat dan memicu pro kontra ...,Instagram › garudatv.official,Ketua DPP PKB Daniel Johan mengatakan perubahan sistem pilkada tersebut merupakan ide lama Ketum PKB Muhaimin Iskandar atau Cak Imin.,[],[],{},2 suka,10 jam yang lalu,reel,organic,13,1:19,,,,,,instagram_search2.json
https://www.instagram.com/p/DS3ikSmAWEp/,"""Partai Gerindra mendukung mekanisme Pemilihan Kepala ...",Instagram › katadatacoid,"... perubahan sistem pilkada domestik. Menteri Sekretaris Negara itu mengatakan, partainya merupakan bagian dari pihak yang mengusulkan agar ...",['perubahan sistem pilkada'],[],{},750+ suka,1 minggu yang lalu,p,organic,14,,,,,,,instagram_search2.json
https://www.instagram.com/reel/DTPlGxhkrrQ/,Ternyata Pilkada Via DPRD Lebih Mahal daripada Dipilih ...,Instagram › pangi_syarwi,Alasan utama perubahan sistem pilkada tersebut adalah karena pilkada langsung dinilai mahal biaya politiknya. Hal itu memicu potensi korupsi ...,[],[],{},730+ suka,10 jam yang lalu,reel,organic,15,1:22,,,,,,instagram_search2.json
https://www.instagram.com/p/DTKFWUOkgKT/,Partai Demokrat berada dalam satu barisan ...,Instagram › laporan8.id,... perubahan sistem pilkada oleh beberapa elite politik dan partai. Andi Arief (Politikus Partai Demokrat) menyatakan bahwa Demokrat masih ...,['perubahan sistem pilkada'],[],{},20+ suka,2 hari yang lalu,p,organic,16,,,,,,,instagram_search2.json
https://www.instagram.com/reel/DTOvIVSE5BP/,Dukung pilkada alias pemilihan bupati/walikota/gubernur ...,Instagram › terkinidotid,"Ketua Umum PKB Muhaimin Iskandar (Cak Imin) mengusulkan perubahan sistem Pilkada. Ia mengusulkan gubernur ditunjuk Presiden, sedangkan ...",['perubahan sistem Pilkada'],[],{},80+ suka,18 jam yang lalu,reel,organic,17,,,,,,,instagram_search2.json
https://www.instagram.com/reel/DS2BaFDitrI/,Wacana perubahan sistem Pilkada kembali mencuat! Partai ...,Instagram › laporan8.id,"12 likes, 0 comments - laporan8.id on December 29, 2025: ""Wacana perubahan sistem Pilkada kembali mencuat! Partai Amanat Nasional (PAN) ...",[],[],{},10+ suka,1 minggu yang lalu,reel,organic,18,7:34,,,,,,instagram_search2.json
https://www.instagram.com/p/DS6yKw3EjgQ/,Wacana pengembalian pilkada melalui DPRD kembali ...,Instagram › teras_lotara,"... perubahan sistem pilkada tidak bisa dilakukan terburu-buru karena menyangkut hak politik rakyat. Di sisi lain, Gerindra menyatakan dukungan ...",['perubahan sistem pilkada'],[],{},"2,3 rb+ suka",1 minggu yang lalu,p,organic,19,,,,,,,instagram_search2.json
https://www.instagram.com/p/DTAb7T7EfWV/,Wakil Ketua Umum (Waketum) Partai Golongan Karya ...,Instagram › beritakosgoro57.id,Partai Kebangkitan Bangsa (PKB) juga secara terbuka mendukung. Ketua DPP PKB Daniel Johan mengatakan perubahan sistem pilkada tersebut merupakan ...,['perubahan sistem pilkada'],[],{},5 suka,6 hari yang lalu,p,organic,20,,,,,,,instagram_search2.json
https://www.instagram.com/p/DTPszfmkcE-/,Wacana pemilihan kepala daerah oleh DPRD kembali ...,Instagram › warta.labura,Ketua Dewan Pimpinan Pusat Partai Gerindra Prasetyo Hadi mengklaim kajian internal mereka sudah lama mengusulkan perubahan sistem pilkada itu.,['perubahan sistem pilkada'],[],{},5 suka,9 jam yang lalu,p,organic,21,,,,,,,instagram_search2.json
https://www.instagram.com/reel/DTOyqWBkg_D/,Pemilihan kepala daerah (pilkada) melalui Dewan ...,Instagram › todaynewsindonesia,Ketua DPP PKB Daniel Johan mengatakan perubahan sistem pilkada tersebut merupakan ide lama Ketum PKB Muhaimin Iskandar atau Cak Imin.,['perubahan sistem pilkada'],[],{},,,reel,organic,22,,17 jam yang lalu,,,,,instagram_search2.json
https://www.instagram.com/p/DDqFrq2T3YF/,Presiden Prabowo Subianto mengusulkan perubahan ...,Instagram › tvtempochannel,"262 likes, 49 comments - tvtempochannel on December 16, 2024: ""Presiden Prabowo Subianto mengusulkan perubahan sistem pilkada dari pemilu ...",['perubahan sistem pilkada'],[],{},260+ suka,1 tahun yang lalu,p,organic,23,,,,,,,instagram_search2.json
https://www.instagram.com/wow.info/p/DSeN8IlE_ws/?hl=he,‏‎WOW INFO‎‏ | ‏‎Muhaimin Iskandar (Cak Imin) mengusulkan ...,Instagram › wow.info,Cak Imin Usulkan Reformasi Pilkada untuk Meningkatkan Efisiensi dan Efektivitas Pemerintahan | Cak Imin mengusulkan perubahan sistem Pilkada ...,['perubahan sistem Pilkada'],[],{},"6,1 rb+ suka",2 minggu yang lalu,wow.info,organic,24,,,,,,,instagram_search2.json
https://www.instagram.com/p/DTNI9BkgNzc/,12 hours ago,Instagram › tirtoid,... perubahan sistem Pilkada itu juga datang dari laki-laki maupun perempuan. Penolakan juga muncul dari masyarakat desa maupun kota. Di samping ...,['perubahan sistem Pilkada'],[],{},540+ suka,1 hari yang lalu,p,organic,25,,,,,,,instagram_search2.json
https://www.instagram.com/reel/DTPIIi-CZgP/,Peneliti sekaligus konsultan politik Saiful Mujani ...,Instagram › kuatbacacom,Wacana perubahan sistem Pilkada kembali mencuat! Partai Amanat Nasional (PAN) menyatakan dukungannya jika pemilihan kepala daerah ...,['perubahan sistem Pilkada'],[],{},7 suka,14 jam yang lalu,reel,organic,26,,,,,,,instagram_search2.json
https://www.instagram.com/reel/DSRM1aqAVnO/,Wacana pengembalian pemilihan kepala daerah ke Dewan ...,Instagram › rakyatsulseldotco,Ketua DPP PKB Daniel Johan mengatakan perubahan sistem pilkada tersebut merupakan ide lama Ketum PKB Muhaimin Iskandar atau Cak Imin.,[],[],{},6 suka,3 minggu yang lalu,reel,organic,27,0:51,,,,,,instagram_search2.json
https://www.instagram.com/p/DTMeGmriGoj/,Wacana pemilihan kepala daerah (Pilkada) melalui DPRD ...,Instagram › teropongmedia,"... Pilkada DPRD adalah efisiensi anggaran. Namun, menurut Deddy, persoalan mahalnya biaya Pilkada dan maraknya politik uang seharusnya ...",['Pilkada DPRD'],[],{},4 suka,1 hari yang lalu,p,organic,20,,,,,,,instagram_search2.json
https://www.instagram.com/p/DTM2maVktwy/,MUI menilai wacana pengembalian Pilkada ke DPRD ...,Instagram › akbarfaizal_uncensored,"... bermanfaat bagi bangsa. Baca artikel selengkapnya di portal berita AFU.id MUI pilkada dprd akbarfaizaluncensored"".",['pilkada dprd'],[],{},10+ suka,1 hari yang lalu,p,organic,21,,,,,,,instagram_search2.json
https://www.instagram.com/p/DTIGTplAamS/,Wacana Pilkada dipilih melalui DPRD kembali muncul. ...,Instagram › partaiburuh_,"... SimakPolitik. more. 3 days ago · agungbaskor0. •. Follow. pilkada, dprd, kompas. 3. agungbaskor0. Sudahi wacana Pilkada Lewat DPRD di tengah ...","['pilkada, dprd']",[],{},170+ suka,3 hari yang lalu,p,organic,23,,,,,,,instagram_search2.json
https://www.instagram.com/p/DTKNYpqEnmM/,"“Kalau Pilkada Dipilih DPRD, Jangan Tertipu!” Izwaryani ...",Instagram › padang_tv,... demokrasi dan pengkhianatan terhadap semangat Reformasi. pilkada dprd info. more. View all 2 comments. 5 days ago · keidenesia.tv. •. Follow.,['pilkada dprd'],[],{},6 suka,2 hari yang lalu,p,organic,24,,,,,,,instagram_search2.json
https://www.instagram.com/p/DS9E9EZgHYt/,Usulan Pilkada melalui DPRD disetujui hampir semua ...,Instagram › bbcindonesia,"December 22 · agungbaskor0's profile picture. agungbaskor0. •. Follow. pilkada, dprd, kompas. 3. agungbaskor0. Sudahi wacana Pilkada Lewat DPRD ...","['pilkada, dprd']",[],{},"2,4 rb+ suka",1 minggu yang lalu,p,organic,25,,,,2025-12-22T12:00:00.000Z,,,instagram_search2.json
https://www.instagram.com/reel/DTAql6qFW2B/,PDIP Tolak Wacana Pilkada Lewat DPRD: Kebiri Terhadap ...,Instagram › kompastv,... pilkada DPRD oleh karena itu PDI Perjuangan tegas menolak pilkada melalui DPRD dan tetap ingin pilkada langsung dan mari kita partai-partai ...,[],[],{},"1,6 rb+ suka",6 hari yang lalu,reel,organic,26,2:27,,,,,,instagram_search2.json
https://www.instagram.com/p/DS84wLEkhfZ/,Pilkada Langsung atau Lewat DPRD? Inilah Gagasan ...,Instagram › inilah_com,"Menurut kamu, mana yang lebih mendesak: membenahi money politics atau mengubah sistem pilkada? Pilkada DPRD HakRakyat Demokrasi # ...",['Pilkada DPRD'],[],{},140+ suka,1 minggu yang lalu,p,organic,27,,,,,,,instagram_search2.json
https://www.instagram.com/p/DTP7kPdEnSw/,MajuIndonesia MajuIDN Indonesia Jakarta Pilkada,Instagram › maju.idn,... -kedaulatan-rakyat/ pdip tolak pilkada dprd kedaultanrakyat. more. 4 days ago · moncongpublik's profile picture · moncongpublik. •. Follow.,['pilkada dprd'],[],{},80+ suka,6 jam yang lalu,p,organic,30,,,,,,,instagram_search2.json
https://www.instagram.com/p/DTHsri1EVl0/,Pilkada melalui DPRD tidak bisa disederhanakan hanya ...,Instagram › kabargolkar,... efektivitas dan akuntabilitas negara. pilkada dprd gerindra melihatindonesia. more. View all 12 comments. 5 days ago. makasar.keras. •.,['pilkada dprd'],[],{},50+ suka,3 hari yang lalu,p,organic,31,,,,,,,instagram_search2.json
https://www.instagram.com/p/DTKisMCklgw/,Wacana Pilkada lewat DPRD kembali diangkat ...,Instagram › yayasan_lkis,"Dalam pilkada DPRD, hukuman itu dipotong di tengah jalan—yang gagal tetap bisa dipoles dan diselamatkan lewat koalisi. Alasan “lebih murah ...",['pilkada DPRD'],[],{},10+ suka,2 hari yang lalu,p,organic,32,,,,,,,instagram_search2.json
https://www.instagram.com/reel/DTKuxKKk6_9/,Apakah memilih kepala daerah lewat DPRD ...,Instagram › melkisedekhuang,"... bakal dipilih DPRD, naik pitam ga kelen? pilkada dprd #. more. View all 4 comments. 7 days ago · buminity's profile picture · buminity. •.",['pilkada dprd'],[],{},"5,7 rb+ suka",2 hari yang lalu,reel,organic,34,,,,,,,instagram_search2.json
https://www.instagram.com/p/DS34si7lGHD/,Usulan pemilihan kepala daerah lewat DPRD kembali ...,Instagram › hariankompas,"""Pilkada DPRD: Gerakan Mundur Menuju Oligarki Partai?"" pilkada dprd oligarkipartai beritaviral berita beritahariini beritaterbaru ...","['Pilkada DPRD', 'pilkada dprd']",[],{},930+ suka,1 minggu yang lalu,p,organic,35,,,,,,,instagram_search2.json
https://www.instagram.com/reel/DS2dJUxCevK/,Gerindra Dukung Pilkada Lewat DPRD: Kita Harus Berani ...,Instagram › kompastv,"Partai Gerindra mendukung perubahan sistem pilkada, DPRD menjadi jawaban untuk mengatasi kelemahan sistem politik yang ada saat ini.",[],[],{},990+ suka,1 minggu yang lalu,reel,organic,28,6:40,,,,,,instagram_search2.json
https://www.instagram.com/p/DS2PmYKk4nc/,Wacana Pilkada tanpa pemilihan langsung oleh rakyat ...,Instagram › moncongpublik,"... perubahan sistem pilkada sebagai langkah yang tidak tepat waktu. Di tengah penderitaan rakyat, perdebatan soal mekanisme kekuasaan dianggap ...",['perubahan sistem pilkada'],[],{},6 suka,1 minggu yang lalu,p,organic,29,,,,,,,instagram_search2.json
https://www.instagram.com/reel/DLmZpDMxzpE/,PEMILU NASIONAL DAN DAERAH DIPISAH? Wacana ini ...,Instagram › garudatv.official,"... perubahan sistem pilkada sebagai langkah yang tidak tepat waktu. Di tengah penderitaan rakyat, perdebatan soal mekanisme kekuasaan dianggap ...",[],[],{},7 suka,6 bulan yang lalu,reel,organic,30,1:07,,,,,,instagram_search2.json
https://www.instagram.com/p/DSpMwvMjYkl/,Rektor Universitas Paramadina Didik Junaedi Rachbini ...,Instagram › tempodotco,"... perubahan sistem Pilkada. Menurut pemerintah, mekanisme pemilihan melalui DPRD dinilai lebih efisien dan memungkinkan proses politik ...",['perubahan sistem Pilkada'],[],{},150+ suka,2 minggu yang lalu,p,organic,31,,,,,,,instagram_search2.json
https://www.instagram.com/p/DNp34cczxSP/,"Wacana Pilkada Via DPRD, Demokrat Ikuti Kehendak ...",Instagram › pdemokrat,... perubahan sistem pilkada oleh beberapa elite politik dan partai. Andi Arief (Politikus Partai Demokrat) menyatakan bahwa Demokrat masih ...,['perubahan sistem pilkada'],[],{},60+ suka,4 bulan yang lalu,p,organic,32,,,,,,,instagram_search2.json
https://www.instagram.com/reel/DBvm1o8Co_5/,Pelaksanaan Pilkada semakin dekat! Daftarkan diri dan ikut ...,https://www.instagram.com › reel,Wacana perubahan sistem Pilkada kembali mencuat! Partai Amanat Nasional (PAN) menyatakan dukungannya jika pemilihan kepala daerah dikembalikan ke DPRD ...,['perubahan sistem Pilkada'],[],{},,,reel,organic,33,,,,,,,instagram_search2.json
https://www.instagram.com/reel/DDEj07mMeT5/,Partai Kebangkitan Bangsa (PKB) tengah mengkaji usulan ...,Instagram › officialinewstv,Ketua Umum PKB Muhaimin Iskandar (Cak Imin) mengusulkan perubahan sistem pilkada dengan alasan tingginya biaya politik dan potensi korupsi.,[],[],{},90+ suka,1 tahun yang lalu,reel,organic,35,0:38,,,,,,instagram_search2.json
https://www.instagram.com/p/DDgLIWRNktj/,Presiden Prabowo Subianto menggulirkan ide perubahan sistem ...,https://www.instagram.com › DDgLIWRNktj,"Presiden Prabowo Subianto menggulirkan ide perubahan sistem Pilkada dengan mekanisme pemilihan gubernur oleh DPRD, bukan melalui pemilu langsung.",['perubahan sistem Pilkada'],[],{},,,p,organic,36,,,,,,,instagram_search2.json
https://www.instagram.com/p/DSpDHKPEfh7/,Wacana pemilihan kepala daerah melalui DPRD kembali ...,Instagram › bantengsenayan,"... perubahan sistem pilkada sebagai langkah yang tidak tepat waktu. Di tengah penderitaan rakyat, perdebatan soal mekanisme kekuasaan dianggap ...",['perubahan sistem pilkada'],[],{},350+ suka,2 minggu yang lalu,p,organic,37,,,,,,,instagram_search2.json
https://www.instagram.com/p/DR_JTbigAXH/?hl=bg,Presiden Prabowo Subianto membuka kemungkinan ...,Instagram › ardhiardhaz,"Presiden Prabowo Subianto membuka kemungkinan perubahan sistem pilkada langsung menjadi dipilih oleh DPRD, menanggapi usulan Ketua Umum Golkar ...",['perubahan sistem pilkada'],[],{},,,p,organic,40,,1 bulan yang lalu,,,,,instagram_search2.json
https://www.instagram.com/p/DS4MrqKkmXG/,Wacana pemilihan kepala daerah (pilkada) melalui DPRD ...,Instagram › hailotim,"... perubahan sistem pilkada karena mahalnya ongkos politik. Menurutnya, proses demokrasi perlu terus dievaluasi seiring perjalanan waktu dan ...",['perubahan sistem pilkada'],[],{},1 rb+ suka,1 minggu yang lalu,p,organic,41,,,,,,,instagram_search2.json
https://www.instagram.com/reel/DS4sWNujJaj/,Pembicara menegaskan Pilkada langsung selama 2015 ...,Instagram › garudatv.official,Partai Kebangkitan Bangsa (PKB) juga secara terbuka mendukung. Ketua DPP PKB Daniel Johan mengatakan perubahan sistem pilkada tersebut merupakan ...,[],[],{},9 suka,1 minggu yang lalu,reel,organic,43,1:43,,,,,,instagram_search2.json
https://www.instagram.com/reel/DC0t7eQvnXc/,Pilkada 2024 bukan hanya soal kotak suara dan kandidat ...,Instagram › polda_sulbar,Wacana perubahan sistem Pilkada kembali mencuat! Partai Amanat Nasional (PAN) menyatakan dukungannya jika pemilihan kepala daerah ...,[],[],{},480+ suka,1 tahun yang lalu,reel,organic,44,0:49,,,,,,instagram_search2.json
https://www.instagram.com/reel/DTP7r0XgauU/,"JAWA TENGAH BUKAN LAGI KANDANG BANTENG, TAPI ...",Instagram › tribunjateng,"Ketua DPP Partai Gerindra, Prasetyo Hadi menegaskan Gerindra partai paling getol mengusulkan perubahan sistem pilkada dari pemilihan langsung ...",[],[],{},7 suka,6 jam yang lalu,reel,organic,45,0:05,,,,,,instagram_search2.json
https://www.instagram.com/p/DR_JHp0jfSs/,Koalisi untuk Kodifikasi UU Pemilu menolak wacana ...,Instagram › hariankompas,"... perubahan sistem pilkada yang justru bisa mengabaikan kedaulatan rakyat. Baca selengkapnya dalam ""Kepala Daerah Dipilih DPRD Berpotensi Buka ...",['perubahan sistem pilkada'],[],{},160+ suka,1 bulan yang lalu,p,organic,46,,,,,,,instagram_search2.json
https://www.instagram.com/reel/DBv5Dpdqwas/,Serba-serbi Pilkada 2024 yang jadi sorotan netizen ...,Instagram › inilah_com,Wacana perubahan sistem Pilkada kembali mencuat! Partai Amanat Nasional (PAN) menyatakan dukungannya jika pemilihan kepala daerah ...,['perubahan sistem Pilkada'],[],{},660+ suka,1 tahun yang lalu,reel,organic,47,,,,,,,instagram_search2.json
https://www.instagram.com/p/DSpFAA4EgeJ/,Wacana Pilkada lewat DPRD muncul lagi dengan alasan ...,Instagram › amanat.research,"more. View all 13 comments. 1 day ago. agungbaskor0. •. Follow. pilkada, dprd, kompas. 3. agungbaskor0. Sudahi wacana Pilkada Lewat DPRD di ...","['pilkada, dprd']",[],{},120+ suka,2 minggu yang lalu,p,organic,37,,,,,,,instagram_search2.json
https://www.instagram.com/p/DTHrhmhEoDl/,"""Wacana pemilihan kepala daerah oleh DPRD kembali ...",Instagram › harian.disway,... -representatif pengamatpolitik pilkada dprd herrymendrofa viral. more. 6 days ago · redsignalcom's profile picture. redsignalcom. •. Follow.,['pilkada dprd'],[],{},10+ suka,3 hari yang lalu,p,organic,39,,,,,,,instagram_search2.json
https://www.instagram.com/p/DTHryaVkgwL/,Inilahcom | Pemilihan kepala daerah (Pilkada) langsung ...,Instagram › inilah_com,pilkada dprd rakyat. more. View all 9 comments. 3 days ago · anasarfn01's profile picture · anasarfn01. •.,['pilkada dprd'],[],{},220+ suka,3 hari yang lalu,p,organic,40,,,,,,,instagram_search2.json
https://www.instagram.com/reel/DTNEnutge7I/,PDI-P Lampung Tolak Kepala Daerah Dipilih DPRD Partai ...,Instagram › rilislampung,"... untuk serius,"" ujar Guntur.news pdi pdip pilkada dprd. more. 5 days ago · neoordebaru's profile picture · neoordebaru. •. Follow.",[],[],{},9 suka,1 hari yang lalu,reel,organic,41,1:52,,,,,,instagram_search2.json
https://www.instagram.com/p/DSkTwY2ERZx/,Wacana menggeser pilkada langsung menjadi pemilihan ...,Instagram › detikcom,"... usulan-pilkada-dipilih-dprd-dalam-revisi-uu-pemilu-2026/ RevisiUUPemilu2026 Pilkada DPRD Jangan lupa follow, like dan tag ke teman kamu",['Pilkada DPRD'],[],{},"1,4 rb+ suka",2 minggu yang lalu,p,organic,42,,,,,,,instagram_search2.json
https://www.instagram.com/p/DTC8Pk7j2QO/,Angin politik agar kepala daerah dipilih DPRD kembali ...,Instagram › gp.ansor,"Dalam pilkada DPRD, hukuman itu dipotong di tengah jalan—yang gagal tetap bisa dipoles dan diselamatkan lewat koalisi. Alasan “lebih murah ...",['pilkada DPRD'],[],{},"1,8 rb+ suka",5 hari yang lalu,p,organic,43,,,,,,,instagram_search2.json
https://www.instagram.com/p/DTIHKenj_1e/,PILKADA OLEH DPRD,Instagram › lukmanhsaifuddin,"Dalam pilkada DPRD, hukuman itu dipotong di tengah jalan—yang gagal tetap bisa dipoles dan diselamatkan lewat koalisi. Alasan “lebih murah ...",['pilkada DPRD'],[],{},50+ suka,3 hari yang lalu,p,organic,44,,,,,,,instagram_search2.json
https://www.instagram.com/reel/DSWjDOHEgap/,Dipilih melalui DPRD bukan berarti mengabaikan kehendak ...,Instagram › hamdanzoelva_official,... menjalani uji kelayakan sebelum dipilih satu nama. politik pilkada dprd Gemapos. more. 4 days ago · dpdpaperapapuatengah. •. Follow.,[],[],{},240+ suka,3 minggu yang lalu,reel,organic,45,2:56,,,,,,instagram_search2.json
https://www.instagram.com/reel/DBsd1z2PzsA/,Debat Pemilihan Kepala Daerah (Pilkada) di Kalimantan ...,Instagram › kaltimtoday.co,Wacana perubahan sistem Pilkada kembali mencuat! Partai Amanat Nasional (PAN) menyatakan dukungannya jika pemilihan kepala daerah ...,['perubahan sistem Pilkada'],[],{},50+ suka,1 tahun yang lalu,reel,organic,48,,,,,,,instagram_search2.json
https://www.instagram.com/reel/C9Ob4wlyBe4/,"Kpu Kabupaten Pangandaran on Instagram: ""TemanPemilih ...",Instagram › kpukabupatenpangandaran,Wacana perubahan sistem Pilkada kembali mencuat! Partai Amanat Nasional (PAN) menyatakan dukungannya jika pemilihan kepala daerah ...,[],[],{},110+ suka,1 tahun yang lalu,reel,organic,49,0:55,,,,,,instagram_search2.json
https://www.instagram.com/p/DCwFO-splcs/,Petugas Gabungan Forkopimda Pemprov DKI Jakarta ...,Instagram › metrotv,Wacana perubahan sistem Pilkada kembali mencuat! Partai Amanat Nasional (PAN) menyatakan dukungannya jika pemilihan kepala daerah ...,['perubahan sistem Pilkada'],[],{},200+ suka,1 tahun yang lalu,p,organic,50,,,,,,,instagram_search2.json
https://www.instagram.com/p/DDoD11uyNMo/,"""Peringatan ini lantaran Prabowo mengusulkan perubahan ...",https://www.instagram.com › ...,Peringatan ini lantaran Prabowo mengusulkan perubahan sistem pilkada lewat pemilihan langsung dikembalikan pemilihan oleh DPRD seperti era Orde Baru (Orba) ...,['perubahan sistem pilkada'],[],{},,,p,organic,51,,,,,,,instagram_search2.json
https://www.instagram.com/reel/DCarDBvpMbY/,Kegiatan Simulasi Pemungutan dan Penghitungan Suara ...,Instagram › kpu.baritoutara,Wacana perubahan sistem Pilkada kembali mencuat! Partai Amanat Nasional (PAN) menyatakan dukungannya jika pemilihan kepala daerah ...,[],[],{},20+ suka,1 tahun yang lalu,reel,organic,52,27:22,,,,,,instagram_search2.json
https://www.instagram.com/reel/DADIIP8yoPW/,Persyaratan dan Tahapan Pembentukan KPPS PILKADA ...,Instagram › radiopublikotadenpasar,Wacana perubahan sistem Pilkada kembali mencuat! Partai Amanat Nasional (PAN) menyatakan dukungannya jika pemilihan kepala daerah ...,[],[],{},10+ suka,1 tahun yang lalu,reel,organic,53,0:28,,,,,,instagram_search2.json
https://www.instagram.com/p/DEU-uttzjL2/,Direktur Eksekutif Apkasi Sarman Simanjorang menjadi ...,Instagram › apkasi,"... perubahan sistem Pilkada diputuskan dengan melibatkan semua pemangku kepentingan, termasuk pemerintah daerah, DPRD, dan masyarakat.” Meski ...",['perubahan sistem Pilkada'],[],{},40+ suka,1 tahun yang lalu,p,organic,54,,,,,,,instagram_search2.json
https://www.instagram.com/tirtoid/p/DTNP9HSku6e/,"Di masa berikutnya, AS juga punya doktrin lain yang ...",Instagram › tirtoid,"Menurut Ardian, penolakan terhadap wacana perubahan sistem Pilkada itu juga datang dari laki-laki maupun perempuan. Penolakan juga muncul ...",['perubahan sistem Pilkada'],[],{},800+ suka,1 hari yang lalu,tirtoid,organic,56,,,,,,,instagram_search2.json
https://www.instagram.com/reel/DL4nTefzaD7/,"Perludem on Instagram: ""Apakah ketika Pemilunya dipisah ...",Instagram › perludem,"... perubahan sistem pilkada yang justru bisa mengabaikan kedaulatan rakyat. Baca selengkapnya dalam ""Kepala Daerah Dipilih DPRD Berpotensi Buka ...",[],[],{},30+ suka,6 bulan yang lalu,reel,organic,57,1:23,,,,,,instagram_search2.json
https://www.instagram.com/p/DS3sXj2E7TJ/,Sudahi wacana Pilkada Lewat DPRD di tengah situasi ...,Instagram › agungbaskor0,... lewat-dprd-pengamat-problemnya-kan-money-politics-kok-hak-rakyat pilkada dprd pilkadadprd agungbaskoro triaspols. Instagram. Log in · Open ...,['pilkada dprd'],[],{},20+ suka,1 minggu yang lalu,p,organic,48,,,,,,,instagram_search2.json
https://www.instagram.com/reel/DS1Zlt6it5r/,Partai Gerindra menyatakan dukungan terhadap usulan ...,Instagram › kumparancom,... partagerindra pemilu pilkada dprd info infoterkini berita beritaterkini bicarafaktalewatberita kumparan. Instagram. Log in · Open app.,[],[],{},"20,2 rb+ suka",1 minggu yang lalu,reel,organic,49,1:50,,,,,,instagram_search2.json
https://www.instagram.com/reel/DTP6JToEwCX/,Reel by Dewan Pimpinan Pusat PROJO ( ...,Instagram › dppprojo,Bagaimana pendapatmu? Pilkada langsung atau lewat DPRD? Diskusi di kolom komentar NgobrolPemerintahan Pilkada DPRD Demokrasi # ...,[],[],{},1 suka,7 jam yang lalu,reel,organic,51,1:29,,,,,,instagram_search2.json
https://www.instagram.com/p/DTPb7NBElA5/,"Ketua DPC PDI-P Kabupaten Pasuruan, Arifin ...",Instagram › wartabromo,"... untuk serius,"" ujar Guntur.news pdi pdip pilkada dprd. more. 5 days ago · koranbaliexpress's profile picture · koranbaliexpress. •. Follow.",['pilkada dprd'],[],{},40+ suka,11 jam yang lalu,p,organic,53,,,,,,,instagram_search2.json
https://www.instagram.com/p/DTNn2IbATIY/,"DetikSumsel.com, Jakarta",Instagram › detiksumsel,Apa saja alasan Gerindra? Benarkah pilkada DPRD bisa jadi solusi? Baca ulasan lengkapnya hanya di viralsumsel.com,['pilkada DPRD'],[],{},1 suka,1 hari yang lalu,p,organic,54,,,,,,,instagram_search2.json
https://www.instagram.com/p/DSmlP6Ok1NB/,"Bamsoet Nilai Pilkada Lewat DPRD Lebih Rasional, Tekan ...",Instagram › bambang.soesatyo,"... -kepala-daerah/ bamsoet dorong pilkada dprd korupsi. more. December 24, 2025 · harian.banten's profile picture. harian.banten. •. Follow.",['pilkada dprd'],[],{},110+ suka,2 minggu yang lalu,p,organic,55,,,,,,,instagram_search2.json
https://www.instagram.com/p/DMxnDaSMOV8/,Wacana pilkada lewat DPRD kembali ramai dibahas ...,Instagram › detikcom,pilkada dprd gerindra melihatindonesia. more. View all 12 comments. 6 days ago. Accounts you might like. See all · merdekadotcom's profile ...,['pilkada dprd'],[],{},620+ suka,5 bulan yang lalu,p,organic,58,,,,,,,instagram_search2.json
https://www.instagram.com/didi_irawadi/p/DTB7d39EnQa/,Pilkada oleh DPRD: Ketika Suara Rakyat Ditukar dengan ...,Instagram › didi_irawadi,"Akuntabilitas pun jadi lelucon. Dalam pilkada langsung, pemimpin gagal bisa dihukum rakyat. Dalam pilkada DPRD, hukuman itu dipotong di tengah ...",['pilkada DPRD'],[],{},890+ suka,5 hari yang lalu,didi_irawadi,organic,59,,,,,,,instagram_search2.json
https://www.instagram.com/reel/DTAGuD7Evxc/,Usulan pemilihan kepala daerah (Pilkada) melalui Dewan ...,Instagram › politikindonesia.id,"... untuk serius,"" ujar Guntur.news pdi pdip pilkada dprd. more. 5 days ago · pdiperjuangan's profile picture. pdiperjuangan. •. Follow.",[],[],{},140+ suka,6 hari yang lalu,reel,organic,60,0:40,,,,,,instagram_search2.json
https://www.instagram.com/p/DS4xU7ijAIR/,Pilkada lewat DPRD dianggap memperlemah demokrasi ...,Instagram › rusdiantoismailtami,Menghapus pilkada langsung berarti kemunduran demokrasi dan pengkhianatan terhadap semangat Reformasi. pilkada dprd info. more. View all 2 ...,['pilkada dprd'],[],{},,,p,organic,61,,1 minggu yang lalu,,,,,instagram_search2.json
https://www.instagram.com/p/DStbPjrEnk8/,"Di ujung tahun 2025, sebuah wacana mengembalikan ...",Instagram › anwarsaragih_,... prosesnya transparan dan gak bikin publik bingung. updatetiapsaat pilkada dprd. more. View 1 comment. December 7. anwarsaragih_. •. Follow.,['pilkada dprd'],[],{},170+ suka,1 minggu yang lalu,p,organic,62,,,,,,,instagram_search2.json
https://www.instagram.com/p/DS4udctkzWU/,"FYI, dulu kepala daerah memang dipilih DPRD, pilkada ...",Instagram › hyprbuzz,Selengkapnya imbcnews pilkada dprd pro kontra. more.,['pilkada dprd'],[],{},5 suka,1 minggu yang lalu,p,organic,63,,,,,,,instagram_search2.json
https://www.instagram.com/p/DTPf0qBkpHl/,Demokrasi kita malah makin mundur? Makin kesini ...,Instagram › sumenepsuperhits,Apa saja alasan Gerindra? Benarkah pilkada DPRD bisa jadi solusi? Baca ulasan lengkapnya hanya di viralsumsel.com,['pilkada DPRD'],[],{},2 suka,10 jam yang lalu,p,organic,64,,,,,,,instagram_search2.json
https://www.instagram.com/p/DS4xeZ1jfs_/,"Pilkada lewat DPRD: Partai Besar Merapat, ...",Instagram › rusdiantoismailtami,"... usulan-pilkada-dipilih-dprd-dalam-revisi-uu-pemilu-2026/ RevisiUUPemilu2026 Pilkada DPRD Jangan lupa follow, like dan tag ke teman kamu",['Pilkada DPRD'],[],{},,,p,organic,65,,1 minggu yang lalu,,,,,instagram_search2.json
https://www.instagram.com/reel/DM0XSSyhwbY/,Pilkada oleh DPRD tidak menutup kesempatan warga negara ...,Instagram › ahmadirawan.id,"... konstitusional warga negara ahmadirawan golkar dprri malang masirawan malanghits golkarsolid pilkada dprd"".",[],[],{},40+ suka,5 bulan yang lalu,reel,organic,68,4:23,,,,,,instagram_search2.json
https://www.instagram.com/reel/DS6Xd4DFeoD/,"PinterPolitik.com on Instagram: ""Lebih suka Pak Hasto yang ...",Instagram › pinterpolitik,Lebih suka Pak Hasto yang dulu apa yang sekarang? hasto pdip pilkada dprd reels shorts fyp politikindonesia beritapolitik # ...,[],[],{},280+ suka,1 minggu yang lalu,reel,organic,69,0:49,,,,,,instagram_search2.json
https://www.instagram.com/reel/DTNBc-nCTRR/,"kaltengpedia on Instagram: ""Nama Supian Hadi belakangan ...",Instagram › kaltengpedia,PartaiAmanatNasional PANSulsel ChaidirSyam Pilkada DPRD RakyatSulsel. more. View 1 comment. 7 days ago · paolushadi_ph's profile picture.,[],[],{},650+ suka,1 hari yang lalu,reel,organic,70,0:28,,,,,,instagram_search2.json
https://www.instagram.com/p/DE5QXm6T28i/,"Temanggung, MediaCenter - Setelah dilaksanakannya proses ...",https://www.instagram.com › ...,"... (Pilkada), DPRD Kabupaten Temanggung menggelar Rapat Paripurna Pengumuman Penetapan Pasangan Calon Bupati dan Wakil Bupati Temanggung hasil Pilkada serentak ...","['Pilkada), DPRD']",[],{},,,p,organic,71,,,,,,,instagram_search2.json
https://www.instagram.com/reel/DCVhDHVqYoL/,"""Penolakan sumpah netralitas Bawaslu Jember yang diminta ...",https://www.instagram.com › reel › DCVhDHVqYoL,"... Pilkada DPRD Jember bukanlah tanpa alasan. Sebab, demi menjaga marwah lembaga. Anggota Pansus Pilkada DPRD Jember Muhammad Holil Asyari mengatakan, pihaknya ...","['Pilkada DPRD', 'Pilkada DPRD']",[],{},,,reel,organic,72,,,,,,,instagram_search2.json
https://www.instagram.com/reel/DTJ3IWGE8ou/,Napak Tilas Isyarah Pendirian NU di Ponpes Syaikhona Kholil ...,Instagram › totalpolitikcom,"... justru berisiko semakin menyempit,” tegasnya. indonara bemptnu pilkada dprd. more. 7 days ago · ki_sengkek's profile picture · ki_sengkek. •.",[],[],{},210+ suka,2 hari yang lalu,reel,organic,73,1:21,,,,,,instagram_search2.json
https://www.instagram.com/reel/DD_nS1pTPbK/,Saksikan selengkapnya hanya di Youtube Channel Akbar Faizal ...,https://www.instagram.com › reel,"153 likes, 2 comments - akbarfaizal_uncensored on December 25, 2024: ""Saksikan selengkapnya hanya di Youtube Channel Akbar Faizal Uncensored. pilkada dprd ...",['pilkada dprd'],[],{},,,reel,organic,75,,,,,,,instagram_search2.json
https://www.instagram.com/reel/C-Ht30ki_V6/,"Partai Demokrat on Instagram: ""Ketua Umum Partai Demokrat ...",Instagram › pdemokrat,... perubahan sistem pilkada oleh beberapa elite politik dan partai. Andi Arief (Politikus Partai Demokrat) menyatakan bahwa Demokrat masih ...,[],[],{},410+ suka,1 tahun yang lalu,reel,organic,59,1:04,,,,,,instagram_search2.json
https://www.instagram.com/reel/DLxNrTLzU4q/,"Partai NasDem on Instagram: ""Ketua Umum Partai NasDem ...",Instagram › official_nasdem,"PAN menilai perubahan sistem pilkada merupakan keputusan besar yang tidak boleh diputuskan secara sepihak. Kedua, kebijakan ini tidak boleh ...",[],[],{},600+ suka,6 bulan yang lalu,reel,organic,61,0:47,,,,,,instagram_search2.json
https://www.instagram.com/p/DTMY9nkjida/,Ketua Umum Partai Kebangkitan Bangsa (PKB) Abdul ...,Instagram › sindonews,Ketua Umum PKB Muhaimin Iskandar (Cak Imin) mengusulkan perubahan sistem pilkada dengan alasan tingginya biaya politik dan potensi korupsi.,['perubahan sistem pilkada'],[],{},40+ suka,1 hari yang lalu,p,organic,62,,,,,,,instagram_search2.json
https://www.instagram.com/p/DTNCPeLkwaX/,"Saatnya kamu bergabung di UNIKOM untuk jenjang D3, ...",Instagram › radar_bogor,Ketua Dewan Pimpinan Pusat Partai Gerindra Prasetyo Hadi mengklaim kajian internal mereka sudah lama mengusulkan perubahan sistem pilkada itu.,['perubahan sistem pilkada'],[],{},8 suka,1 hari yang lalu,p,organic,63,,,,,,,instagram_search2.json
https://www.instagram.com/p/DS4jThfiQA-/,Kalau kalian setuju pemilihan kepala daerah langsung ...,Instagram › pinterpolitik,"Ketua DPP Partai Gerindra, Prasetyo Hadi, menilai perlunya perubahan sistem pilkada karena mahalnya ongkos politik. Menurutnya, proses ...",['perubahan sistem pilkada'],[],{},800+ suka,1 minggu yang lalu,p,organic,64,,,,,,,instagram_search2.json
https://www.instagram.com/reel/DMKQr6XSQfx/,Kementerian Dalam Negeri berkomitmen penuh dalam ...,Instagram › ribka.haluk,"... perubahan sistem pilkada sebagai langkah yang tidak tepat waktu. Di tengah penderitaan rakyat, perdebatan soal mekanisme kekuasaan dianggap ...",[],[],{},120+ suka,5 bulan yang lalu,reel,organic,65,4:18,,,,,,instagram_search2.json
https://www.instagram.com/reel/DLzdn6hzJ0o/,"Perludem on Instagram: ""Apakah dipisahnya Pemilu Nasional ...",Instagram › perludem,"... perubahan sistem pilkada yang justru bisa mengabaikan kedaulatan rakyat. Baca selengkapnya dalam ""Kepala Daerah Dipilih DPRD Berpotensi Buka ...",[],[],{},30+ suka,6 bulan yang lalu,reel,organic,66,1:09,,,,,,instagram_search2.json
https://www.instagram.com/p/DLZv2TxSILQ/,Mahkamah Konstitusi memutuskan bahwa pemilu lokal ...,Instagram › antaranewscom,Wacana perubahan sistem Pilkada kembali mencuat! Partai Amanat Nasional (PAN) menyatakan dukungannya jika pemilihan kepala daerah ...,['perubahan sistem Pilkada'],[],{},120+ suka,6 bulan yang lalu,p,organic,67,,,,,,,instagram_search2.json
https://www.instagram.com/reel/DS4dJ5Jjo1D/,KeidenesiaTV | UPdates—Sebagian besar partai politik yang ...,Instagram › keidenesia.tv,... mereka. PDI Perjuangan menolak. Berikut fakta yang perlu diketahui tentang perubahan sistem pilkada.,[],[],{},10+ suka,1 minggu yang lalu,reel,organic,68,0:15,,,,,,instagram_search2.json
https://www.instagram.com/reel/DO054sxiB9B/,"CNN Indonesia on Instagram: ""Menurut Ketua Majelis ...",Instagram › cnnindonesia,"PAN menilai perubahan sistem pilkada merupakan keputusan besar yang tidak boleh diputuskan secara sepihak. Kedua, kebijakan ini tidak boleh ...",[],[],{},550+ suka,3 bulan yang lalu,reel,organic,69,1:46,,,,,,instagram_search2.json
https://www.instagram.com/p/DS_uWzWgErm/,Fraksi Partai Gerindra menilai wacana pemilihan kepala ...,Instagram › nowdots,"Meski mendukung wacana tersebut, Gerindra menyatakan perubahan sistem pilkada perlu dibahas secara matang dan melibatkan berbagai pihak agar ...",['perubahan sistem pilkada'],[],{},"3,2 rb+ suka",6 hari yang lalu,p,organic,70,,,,,,,instagram_search2.json
https://www.instagram.com/p/DS874XQjxn6/,PDIP Sebut Rakyat Bakal Marah Jika Kepala Daerah ...,Instagram › ardhiardhaz,"... perubahan sistem pilkada sebagai langkah yang tidak tepat waktu. Di tengah penderitaan rakyat, perdebatan soal mekanisme kekuasaan dianggap ...",['perubahan sistem pilkada'],[],{},,,p,organic,71,,1 minggu yang lalu,,,,,instagram_search2.json
https://www.instagram.com/reel/DS-QOEmkkkA/,GELORA.CO,Instagram › jubir_pemedsos77,Ketua DPP PKB Daniel Johan mengatakan perubahan sistem pilkada tersebut merupakan ide lama Ketum PKB Muhaimin Iskandar atau Cak Imin.,['perubahan sistem pilkada'],[],{},1 suka,1 minggu yang lalu,reel,organic,72,,,,,,,instagram_search2.json
https://www.instagram.com/p/DSojb92kg-K/,Wacana soal pemilihan kepala daerah (Pilkada) melalui ...,Instagram › lawjustice.co,"... perubahan sistem pilkada yang justru bisa mengabaikan kedaulatan rakyat. Baca selengkapnya dalam ""Kepala Daerah Dipilih DPRD Berpotensi Buka ...",['perubahan sistem pilkada'],[],{},,,p,organic,73,,2 minggu yang lalu,,,,,instagram_search2.json
https://www.instagram.com/reel/DS3tOsykhyT/,Kalau Mau Jadi Kepala Daerah Biayanya Mahal ...,Instagram › jccnetwork.id,"Ketua DPP Partai Gerindra, Prasetyo Hadi menegaskan Gerindra partai paling getol mengusulkan perubahan sistem pilkada dari pemilihan langsung ...",['perubahan sistem pilkada'],[],{},6 suka,1 minggu yang lalu,reel,organic,74,,,,,,,instagram_search2.json
https://www.instagram.com/p/DTLHBuMD2bS/,Dewan Pimpinan Pusat (DPP) Partai Demokrat ...,Instagram › indotoday.id,... perubahan sistem pilkada oleh beberapa elite politik dan partai. Andi Arief (Politikus Partai Demokrat) menyatakan bahwa Demokrat masih ...,['perubahan sistem pilkada'],[],{},100+ suka,2 hari yang lalu,p,organic,75,,,,,,,instagram_search2.json
https://www.instagram.com/p/DS1vU5RAGa7/,PDI Perjuangan Tolak Pilkada Lewat DPRD,Instagram › gunromli,"... perubahan sistem pilkada sebagai langkah yang tidak tepat waktu. Di tengah penderitaan rakyat, perdebatan soal mekanisme kekuasaan dianggap ...",['perubahan sistem pilkada'],[],{},"2,2 rb+ suka",1 minggu yang lalu,p,organic,76,,,,,,,instagram_search2.json
https://www.instagram.com/reel/DTMp4cTiXHp/,"Pastikan semua kehendak rakyat, Demokrat bersama ...",Instagram › demokratsumenep,... perubahan sistem pilkada oleh beberapa elite politik dan partai. Andi Arief (Politikus Partai Demokrat) menyatakan bahwa Demokrat masih ...,['perubahan sistem pilkada'],[],{},2 suka,1 hari yang lalu,reel,organic,77,,,,,,,instagram_search2.json
https://www.instagram.com/reel/DScvYYtEjvY/,‎Presiden disebut mempertimbangkan usulan ...,Instagram › akuratco,Partai Kebangkitan Bangsa (PKB) juga secara terbuka mendukung. Ketua DPP PKB Daniel Johan mengatakan perubahan sistem pilkada tersebut merupakan ...,[],[],{},10+ suka,2 minggu yang lalu,reel,organic,79,1:55,,,,,,instagram_search2.json
https://www.instagram.com/p/DSedhqAEic4/,Ketua Umum PKB Muhaimin Iskandar (Cak Imin) ...,Instagram › xtudio.id,Ketua Umum PKB Muhaimin Iskandar (Cak Imin) mengusulkan perubahan sistem pilkada dengan alasan tingginya biaya politik dan potensi korupsi.,['perubahan sistem pilkada'],[],{},20+ suka,2 minggu yang lalu,p,organic,82,,,,,,,instagram_search2.json
https://www.instagram.com/p/DR-q0u2Ew-b/,PRABOWO PERTIMBANGKAN PILKADA VIA DPRD ...,Instagram › kabar_makassar,"Presiden Prabowo Subianto membuka kemungkinan perubahan sistem pilkada langsung menjadi dipilih oleh DPRD, menanggapi usulan Ketua Umum Golkar ...",['perubahan sistem pilkada'],[],{},7 suka,1 bulan yang lalu,p,organic,85,,,,,,,instagram_search2.json
https://www.instagram.com/p/DQB90jLEkdi/,Nomor WhatsApp milik Wakil Bupati (Wabup) Lombok ...,Instagram › hailotim,"Ketua DPP Partai Gerindra, Prasetyo Hadi, menilai perlunya perubahan sistem pilkada karena mahalnya ongkos politik. Menurutnya, proses ...",['perubahan sistem pilkada'],[],{},950+ suka,2 bulan yang lalu,p,organic,86,,,,,,,instagram_search2.json
https://www.instagram.com/reel/DTMmwtNEu32/,"“Dari 2024 menuju 2029, ada apa dengan pemilu?” Dari ...",Instagram › rumahpemilu,"Revisi UU Pilkada perlu diarahkan pada penguatan penegakan hukum terhadap politik uang melalui criminal justice system yang tegas, dengan ...",[],[],{},20+ suka,1 hari yang lalu,reel,organic,1,2:16,,,,,,instagram_search2.json
https://www.instagram.com/p/DTPNSoAEzJG/,Wacana pengembalian mekanisme Pilkada ke DPRD terus ...,Instagram › tabanan_update,"Revisi UU Pilkada perlu diarahkan pada penguatan penegakan hukum terhadap politik uang melalui criminal justice system yang tegas, dengan ...",['Revisi UU Pilkada'],[],{},10+ suka,13 jam yang lalu,p,organic,2,,,,,,,instagram_search2.json
https://www.instagram.com/reel/C-7g176SJ8Z/,Baleg DPR bersama pemerintah dengan kilat membahas revisi ...,https://www.instagram.com › reel,Baleg DPR bersama pemerintah dengan kilat membahas revisi UU Pilkada pada Rabu (21/8). Pembahasan RUU Pilkada yang mendadak ini tidak memakan waktu lama.,['revisi UU Pilkada'],[],{},,,reel,organic,3,,,,,,,instagram_search2.json
https://www.instagram.com/reel/DNxy6kvWLjd/,Revisi paling urgen dilakukan saat ini adalah UU Pemilu ...,Instagram › ahmadolikurnia,"Revisi UU Pilkada perlu diarahkan pada penguatan penegakan hukum terhadap politik uang melalui criminal justice system yang tegas, dengan ...",[],[],{},200+ suka,4 bulan yang lalu,reel,organic,4,1:21,,,,,,instagram_search2.json
https://www.instagram.com/p/DR8dfmOkhoM/,Koalisi Kodifikasi Undang-Undang Pemilu dengan tegas ...,Instagram › perludem,"Revisi UU Pilkada perlu diarahkan pada penguatan penegakan hukum terhadap politik uang melalui criminal justice system yang tegas, dengan ...",['Revisi UU Pilkada'],[],{},640+ suka,1 bulan yang lalu,p,organic,5,,,,,,,instagram_search2.json
https://www.instagram.com/p/C--HILwyYS2/,Wakil Ketua DPR mengumumkan bahwa ...,Instagram › kumparancom,"81K likes, 7786 comments - kumparancom on August 22, 2024: ""Wakil Ketua DPR mengumumkan bahwa pengesahan revisi UU Pilkada ...",['revisi UU Pilkada'],[],{},"81,5 rb+ suka",1 tahun yang lalu,p,organic,6,,,,,,,instagram_search2.json
https://www.instagram.com/p/DLhRnBGRgVh/,"DPR RI | SobatParlemen, Mahkamah Konstitusi telah ...",Instagram › dpr_ri,"Revisi UU Pilkada perlu diarahkan pada penguatan penegakan hukum terhadap politik uang melalui criminal justice system yang tegas, dengan ...",['Revisi UU Pilkada'],[],{},"1,1 rb+ suka",6 bulan yang lalu,p,organic,7,,,,,,,instagram_search2.json
https://www.instagram.com/reel/DP6Gul2E1W1/,"Mendesak Revisi UU Pemilu, Bukan Karena Nggak Sabar ...",Instagram › rumahpemilu,Кл DPR Batalkan Revisi UU Pilkada LELLADLM INDONESIA IS NOT F BTL 3 SALE Partai . ININSIA NINVGAMAJU MAJU KOMPASTV PRATIKNO BPMI BPMISetpres ...,[],[],{},50+ suka,2 bulan yang lalu,reel,organic,8,3:27,,,,,,instagram_search2.json
https://www.instagram.com/reel/C-7jvpiSP5s/,PDI Perjuangan (PDI-P) tidak sepakat RUU Pilkada disahkan ...,Instagram › narasinewsroom,"... revisi UU Pilkada dalam rapat kerja Baleg DPR RI di Kompleks Parlemen, Jakarta Pusat, Rabu (21/8/2024). PDI-P menilai, pembahasan RUU Pilkada melenceng dari ...",[],[],{},,17 Nov 2025,reel,organic,9,,,,,,,instagram_search2.json
https://www.instagram.com/p/DSrN0X5D--h/,Demokrat Tegas Tolak Pilkada Lewat DPRD,Instagram › koranbaliexpress,"... perubahan sistem Pilkada. Menurut pemerintah, mekanisme pemilihan melalui DPRD dinilai lebih efisien dan memungkinkan proses politik ...",['perubahan sistem Pilkada'],[],{},2 suka,2 minggu yang lalu,p,organic,88,,,,,,,instagram_search2.json
https://www.instagram.com/naramakna.id/p/DR_yfVDk-Xl/?hl=bn,Wacana Pilkada lewat DPRD muncul lagi… dan kali ini ...,Instagram › naramakna.id,Wacana perubahan sistem Pilkada kembali mencuat! Menteri Bahlil menyampaikan usulan agar kepala daerah tidak lagi dipilih langsung oleh ...,['perubahan sistem Pilkada'],[],{},10+ suka,1 bulan yang lalu,naramakna.id,organic,89,,,,,,,instagram_search2.json
https://www.instagram.com/p/DS31OUcEs13/,Wakil Sekretaris Jenderal Partai Demokrat Syahrial ...,Instagram › jkt.visit,"... perubahan sistem pilkada sebagai langkah yang tidak tepat waktu. Di tengah penderitaan rakyat, perdebatan soal mekanisme kekuasaan dianggap ...",['perubahan sistem pilkada'],[],{},20+ suka,1 minggu yang lalu,p,organic,90,,,,,,,instagram_search2.json
https://www.instagram.com/p/DS32woujmq4/,Partai Gerindra menyatakan dukungannya ...,Instagram › ardhiardhaz,... perubahan sistem pilkada perlu dibahas secara matang dan melibatkan berbagai pihak agar tidak menimbulkan polemik di tengah masyarakat serta ...,['perubahan sistem pilkada'],[],{},,,p,organic,91,,1 minggu yang lalu,,,,,instagram_search2.json
https://www.instagram.com/p/DSe-Kf6gbBu/,Ketua Umum PKB Muhaimin Iskandar (Cak Imin) ...,Instagram › hype.moment,"Ketua Umum PKB Muhaimin Iskandar (Cak Imin) mengusulkan perubahan sistem Pilkada. Ia mengusulkan gubernur ditunjuk Presiden, ...",['perubahan sistem Pilkada'],[],{},30+ suka,2 minggu yang lalu,p,organic,92,,,,,,,instagram_search2.json
https://www.instagram.com/tanahbumbuinfo/p/DR_XMLQkp-1/?hl=ml,Wacana perubahan mekanisme Pilkada kembali memicu ...,Instagram › tanahbumbuinfo,"... perubahan sistem Pilkada. Menurut pemerintah, mekanisme pemilihan melalui DPRD dinilai lebih efisien dan memungkinkan proses politik ...",['perubahan sistem Pilkada'],[],{},470+ suka,1 bulan yang lalu,tanahbumbuinfo,organic,93,,,,,,,instagram_search2.json
https://www.instagram.com/p/DTAO9Fhkaoo/,Pernyataan sikap!!! Jaringan Rakyat untuk Demokrasi dan ...,Instagram › demokrasidanpemilu_jrdp,... Perubahan sistem Pilkada yang memindahkan wewenang memilih kepala daerah dari rakyat kepada DPRD dapat menggeser peran serta publik dalam ...,['Perubahan sistem Pilkada'],[],{},9 suka,6 hari yang lalu,p,organic,94,,,,,,,instagram_search2.json
https://www.instagram.com/p/DSdnxaJEh5M/,...,Instagram › dennycharter,"... perubahan sistem pilkada yang justru bisa mengabaikan kedaulatan rakyat. Baca selengkapnya dalam ""Kepala Daerah Dipilih DPRD Berpotensi Buka ...",['perubahan sistem pilkada'],[],{},,,p,organic,95,,2 minggu yang lalu,,,,,instagram_search2.json
https://www.instagram.com/p/DR8TBQyEymP/,Prabowo juga menyarankan politik Indonesia harus ...,Instagram › palembangterekam,"Presiden Prabowo Subianto membuka kemungkinan perubahan sistem pilkada langsung menjadi dipilih oleh DPRD, menanggapi usulan Ketua Umum Golkar ...",['perubahan sistem pilkada'],[],{},30+ suka,1 bulan yang lalu,p,organic,96,,,,,,,instagram_search2.json
https://www.instagram.com/p/DR_mpjbkv4Y/,Presiden Prabowo Subianto mempertimbangkan usulan ...,Instagram › hailotim,"Presiden Prabowo Subianto membuka kemungkinan perubahan sistem pilkada langsung menjadi dipilih oleh DPRD, menanggapi usulan Ketua Umum Golkar ...",['perubahan sistem pilkada'],[],{},360+ suka,1 bulan yang lalu,p,organic,97,,,,,,,instagram_search2.json
https://www.instagram.com/p/DOAVeGwE425/,"Tiga partai besar di DPR, yakni PDI Perjuangan (PDIP) ...",Instagram › katadatacoid,"PKS menyatakan dukungan terbatas: pemilihan gubernur dipilih DPRD, sementara bupati dan wali kota tetap dipilih langsung oleh rakyat.",['gubernur dipilih DPRD'],[],{},"2,4 rb+ suka",4 bulan yang lalu,p,organic,20,,,,,,,instagram_search2.json
https://www.instagram.com/p/C8h1ohZS_Xj/,...,Instagram › dppprojo,"PROJO Setujui Kompromi Pilkada: Gubernur Dipilih DPRD, Bupati dan Wali Kota Tetap Dipilih Langsung ...",['Gubernur Dipilih DPRD'],[],{},10+ suka,1 tahun yang lalu,p,organic,21,,,,,,,instagram_search2.json
https://www.instagram.com/p/DDivurDBEHt/,Mahalnya ongkos Pilkada membuat wacana gubernur dipilih ...,https://www.instagram.com › DDivurDBEHt,Mahalnya ongkos Pilkada membuat wacana gubernur dipilih DPRD kembali menghangat. Presiden Prabowo Subianto juga mendukung wacana tersebut. Wacana pemilihan ...,['gubernur dipilih DPRD'],[],{},,,p,organic,22,,,,,,,instagram_search2.json
https://www.instagram.com/reel/DDhVr9Ji-My/biaya-politik-mahal-prabowo-usul-gubernur-dipilih-dprd-seperti-negara-lainpresid/,BIAYA POLITIK MAHAL PRABOWO USUL GUBERNUR DIPILIH ...,https://www.instagram.com › Reels,BIAYA POLITIK MAHAL PRABOWO USUL GUBERNUR DIPILIH DPRD SEPERTI NEGARA LAIN Presiden Prabowo Subianto menyinggung terkait biaya politik di Indonesia yang terlalu ...,['GUBERNUR DIPILIH DPRD'],[],{},,,reel,organic,25,,,,,,,instagram_search2.json
https://www.instagram.com/hariankompas/p/DR_JHp0jfSs/?hl=zh-cn,Koalisi untuk Kodifikasi UU Pemilu menolak wacana ...,Instagram › hariankompas,... gubernur-dipilih-dprd-tapi-bupati-dan-wali-kota-tetap-di-tangan-rakyat?page=2. 更多. 全部82条评论. 2024年12月15日 · domandpartnerslawyer. •.,['gubernur-dipilih-dprd'],[],{},140+ suka,1 bulan yang lalu,hariankompas,organic,26,,,,,,,instagram_search2.json
https://www.instagram.com/p/DJEjOr5z5Cm/,... - Instagram,Instagram › dppprojo,"PROJO Probolinggo Dukung Kompromi Pilkada: Gubernur Dipilih DPRD, Bupati/Wali Kota Tetap Dipilih Langsung",['Gubernur Dipilih DPRD'],[],{},2 suka,8 bulan yang lalu,p,organic,27,,,,,,,instagram_search2.json
https://www.instagram.com/p/DSKKXNVkxYg/,​Polemik Pilkada: Mendagri Sebut UUD 1945 ... - Instagram,Instagram › narayapost,"... gubernur-dipilih-dprd-tapi-bupati-dan-wali-kota-tetap-di-tangan-rakyat?page=2. more. View all 82 comments. December 15, 2024 · mojokdotco.",['gubernur-dipilih-dprd'],[],{},,,p,organic,28,,3 minggu yang lalu,,,,,instagram_search2.json
https://www.instagram.com/p/DODgtA1k__9/,🔸PKS Dukung Sikap Presiden Prabowo tentang ...,Instagram › fraksipksdprri,"PKS menyatakan dukungan terbatas: pemilihan gubernur dipilih DPRD, sementara bupati dan wali kota tetap dipilih langsung oleh rakyat.",['gubernur dipilih DPRD'],[],{},4 rb+ suka,4 bulan yang lalu,p,organic,29,,,,,,,instagram_search2.json
https://www.instagram.com/p/DDoSt_-ybJT/,Wacana pemilihan gubernur oleh DPRD demi ...,Instagram › baturajaupdate,"... .co/nasional/amp/1305424628/anggota-dpr-setuju-gubernur-dipilih-dprd-tapi-bupati-dan-wali-kota-tetap-di-tangan-rakyat"".",['gubernur-dipilih-dprd'],[],{},730+ suka,1 tahun yang lalu,p,organic,30,,,,,,,instagram_search2.json
https://www.instagram.com/tenggaraid/p/DM6s0tbSFN-/?hl=ja,Indonesia's political elite are once again pushing to alter ...,Instagram › tenggaraid,... gubernur-dipilih-dprd-tapi-bupati-dan-wali-kota-tetap-di-tangan-rakyat?page=2. 続きを読む. コメント82件をすべて見る. 2024年12月15日.,['gubernur-dipilih-dprd'],[],{},9 suka,5 bulan yang lalu,tenggaraid,organic,31,,,,,,,instagram_search2.json
https://www.instagram.com/reel/DL1ybrLhvd1/,"Akademisi hukum dan aktivis demokrasi, ...",Instagram › pk_sejahtera,"PKS menyatakan dukungan terbatas: pemilihan gubernur dipilih DPRD, sementara bupati dan wali kota tetap dipilih langsung oleh rakyat.",[],[],{},"1,4 rb+ suka",6 bulan yang lalu,reel,organic,34,0:16,,,,,,instagram_search2.json
https://www.instagram.com/p/Cd8OmH0ph28/,Projo OK.! Ora Kesusu. Projo Jokowi . like4likes ...,Instagram › dppprojo,"PROJO Setujui Kompromi Pilkada: Gubernur Dipilih DPRD, Bupati dan Wali Kota Tetap Dipilih Langsung ...",['Gubernur Dipilih DPRD'],[],{},20+ suka,3 tahun yang lalu,p,organic,35,,,,,,,instagram_search2.json
https://www.instagram.com/p/DMj4bf1yTjc/,‎Pemilihan Kepala Daerah (PILKADA) dan ...,Instagram › dpdri.kalteng,"... gubernur-dipilih-dprd-tapi-bupati-dan-wali-kota-tetap-di-tangan-rakyat?page=2. more. View all 82 comments. December 15, 2024 · koransolopos's ...",['gubernur-dipilih-dprd'],[],{},10+ suka,5 bulan yang lalu,p,organic,37,,,,,,,instagram_search2.json
https://www.instagram.com/p/DRR2yzzkt9P/,PAN Tegas: Evaluasi Anggota DPR Tetap Lewat Partai!,Instagram › bushcoo,"... gubernur-dipilih-dprd-tapi-bupati-dan-wali-kota-tetap-di-tangan-rakyat?page=2. more. View all 82 comments. December 15, 2024 · Sign up ...",['gubernur-dipilih-dprd'],[],{},990+ suka,1 bulan yang lalu,p,organic,38,,,,,,,instagram_search2.json
https://www.instagram.com/p/DMuy2-Hz6IE/,Putusan Mahkamah Konstitusi tentang pemisahan pemilu ...,Instagram › tempodotco,...,['gubernur-dipilih-dprd'],[],{},500+ suka,5 bulan yang lalu,p,organic,39,,,,,,,instagram_search2.json
https://www.instagram.com/p/DG1w8TXyz7u/,"Photo by DPMPTSP Provinsi NTB () · March 6, 2025",https://www.instagram.com › ...,Gubernur tidak langsung melakukan breafing/memberikan arahan mendetail sebelum pelaksanaan serah terima jabatan termasuk menyampaikan instruksi dan arahan ...,['Gubernur tidak langsung'],[],{},,,p,organic,1,,,,,,,instagram_search2.json
https://www.instagram.com/reel/DSFHRo2DbND/,Merespon Pernyataan Klarifikasi Gubernur Papua Selatan ...,Instagram › arnoldusanda,... Gubernur tidak langsung ke tapi datang ke Nakias dengan membawa uang sekitar dua miliar eh sekian-sekian. Uang dua miliar itu yang kemudian ...,[],[],{},30+ suka,4 minggu yang lalu,reel,organic,2,2:58,,,,,,instagram_search2.json
https://www.instagram.com/reel/DS48vtnk2DM/,"Aktivis lingkungan Subang, Gigin Fajar Sujalaga meminta ...",Instagram › mediajabarcom,... Gubernur tidak langsung ataupun tidak turun langsung ke lapangan Pak Syekh yang memang hari ini sedang bergejolak kita bertanya langsung ...,[],[],{},10+ suka,1 minggu yang lalu,reel,organic,3,1:58,,,,,,instagram_search2.json
https://www.instagram.com/reel/DMU5bRIhW6-/,"KompasTV on Instagram: ""Kala Dedi Mulyadi Ngaku Kangen ...",Instagram › kompastv,... gubernur tidak langsung membongkar karena apa? Karena menunggu pencabutan izin mendirikan bangunan dan pencabutan izin lokasi. Ini adalah ...,[],[],{},"1,3 rb+ suka",5 bulan yang lalu,reel,organic,4,8:19,,,,,,instagram_search2.json
https://www.instagram.com/reel/DMXrINGpX72/,"Dear para bestie, RPJMD adalah blue print pembangunan ...",Instagram › dedimulyadi71,... gubernur tidak langsung membongkar karena apa? Karena menunggu pencabutan izin mendirikan bangunan dan pencabutan izin lokasi. Ini adalah ...,[],[],{},"14,1 rb+ suka",5 bulan yang lalu,reel,organic,5,2:59,,,,,,instagram_search2.json
https://www.instagram.com/reel/DMX5A49SQxa/,"Gubernur Jawa Barat, Dedi Mulyadi, melakukan pembahasan ...",Instagram › gobekasi.official,... gubernur tidak langsung membongkar karena apa? Karena menunggu pencabutan izin mendirikan bangunan dan pencabutan izin lokasi. Ini adalah ...,[],[],{},60+ suka,5 bulan yang lalu,reel,organic,6,2:59,,,,,,instagram_search2.json
https://www.instagram.com/p/DIuADSNBaBA/,( ACEH SELATAN )- Ketua Yayasan Tata Peduli Tani ...,Instagram › kabariaceh,"Mendagri Tito Karnavian meminta gubernur tidak langsung resisten, dan menyarankan efisiensi anggaran serta mencari sumber pendapatan alternatif ...",['gubernur tidak langsung'],[],{},9 suka,8 bulan yang lalu,p,organic,7,,,,,,,instagram_search2.json
https://www.instagram.com/mata.semarang/p/DShflu7AcC3/?hl=cs,Rapat Pimpinan Nasional (Rapimnas) I Tahun 2025 Partai ...,Instagram › mata.semarang,... GUBERNUR DIPILIH DPRD SAJA MATASEMARANG.COM MATA.SEMARANG MATASEMARANG.COM. Profilový obrázek totalpolitikcom · totalpolitikcom. •. Sledovat.,['GUBERNUR DIPILIH DPRD'],[],{},5 suka,2 minggu yang lalu,mata.semarang,organic,43,,,,,,,instagram_search2.json
https://www.instagram.com/p/DMwLktRT1lu/,Menteri Dalam Negeri (Mendagri) Tito Karnavian ...,Instagram › portalmedia.id,...,['gubernur-dipilih-dprd'],[],{},9 suka,5 bulan yang lalu,p,organic,44,,,,,,,instagram_search2.json
https://www.instagram.com/p/DSCE8_nlFAg/,"""Viktor Silaen: Wacana Pilkada Dipilih DPRD Layak Dikaji ...",Instagram › sibnewsnetwork,"... gubernur-dipilih-dprd-tapi-bupati-dan-wali-kota-tetap-di-tangan-rakyat?page=2. more. View all 82 comments. December 15, 2024 · warta.sumut's ...",['gubernur-dipilih-dprd'],[],{},7 suka,1 bulan yang lalu,p,organic,45,,,,,,,instagram_search2.json
https://www.instagram.com/p/DSkRA9gFJ0I/,"Ketua DPP PDI Perjuangan (PDIP), Said Abdullah ...",Instagram › ruangbicaracoid,"... gubernur-dipilih-dprd-tapi-bupati-dan-wali-kota-tetap-di-tangan-rakyat?page=2. more. View all 82 comments. December 15, 2024 · kuatbacacom's ...",['gubernur-dipilih-dprd'],[],{},1 suka,2 minggu yang lalu,p,organic,46,,,,,,,instagram_search2.json
https://www.instagram.com/p/DLmcDF-pXqH/,DISKUSI FRAKSI PKB “Proyeksi Desain Pemilu Pasca ...,Instagram › fraksipkb,"PKS menyatakan dukungan terbatas: pemilihan gubernur dipilih DPRD, sementara bupati dan wali kota tetap dipilih langsung oleh rakyat.",['gubernur dipilih DPRD'],[],{},130+ suka,6 bulan yang lalu,p,organic,47,,,,,,,instagram_search2.json
https://www.instagram.com/reel/DGUPrUVhn2j/,"Ahmad Doli Kurnia Tandjung on Instagram: ""Revisi Undang ...",Instagram › ahmadolikurnia,Kerugian besar untuk warga dan kemunduran demokrasi jika Gubernur dipilih DPRD! tolakgubernurdipilihdprd demokrasi mundur. more. View 1 ...,[],[],{},130+ suka,10 bulan yang lalu,reel,organic,48,0:05,,,,,,instagram_search2.json
https://www.instagram.com/p/DShflu7AcC3/,Rapat Pimpinan Nasional (Rapimnas) I Tahun 2025 Partai ...,Instagram › mata.semarang,... GUBERNUR DIPILIH DPRD SAJA MATASEMARANG.COM MATA.SEMARANG MATASEMARANG.COM. totalpolitikcom's profile picture · totalpolitikcom. •. Follow.,['GUBERNUR DIPILIH DPRD'],[],{},5 suka,2 minggu yang lalu,p,organic,49,,,,,,,instagram_search2.json
https://www.instagram.com/reel/DTP5edaE-Zs/,"Kalau pilkada ada masalah, ya diperbaiki. Bukan malah ...",Instagram › genbanteng,"Ketimbang mengubah sistem, Said menawarkan penguatan aspek hukum melalui revisi UU Pilkada. ""Problemnya adalah politik uang. Kita butuh ...",[],[],{},"1,3 rb+ suka",7 jam yang lalu,reel,organic,10,1:57,,,,,,instagram_search2.json
https://www.instagram.com/p/C_AicgNyECM/,Badan Legislasi Dewan Perwakilan Rakyat (DPR ...,Instagram › databoks.id,... Revisi UU Pilkada ini menganulir putusan Mahkamah Konstitusi (MK) Nomor 60/PUU-XXII/2024 yang menetapkan syarat baru dalam pengajuan calon ...,['Revisi UU Pilkada'],[],{},560+ suka,1 tahun yang lalu,p,organic,11,,,,,,,instagram_search2.json
https://www.instagram.com/p/DAIoRQESqAl/,[Revisi UU Pilkada: Justifikasi terhadap Pencederaan ...,Instagram › lk2fhui,"87 likes, 2 comments - lk2fhui on September 20, 2024: ""[Revisi UU Pilkada: Justifikasi terhadap Pencederaan Konstitusi] Revisi Undang-Undang ...",['Revisi UU Pilkada'],[],{},80+ suka,1 tahun yang lalu,p,organic,12,,,,,,,instagram_search2.json
https://www.instagram.com/p/C-9YwTCyNdX/,Rapat Paripurna pengesahan Revisi Undang ...,Instagram › liputan6,"... Revisi UU Pilkada ditunda dan batal disahkan hari ini, Kamis (22/8/2024). Wakil Ketua DPR RI Sufmi Dasco Ahmad selaku pimpinan rapat ...",['Revisi UU Pilkada'],[],{},,,p,organic,13,,1 tahun yang lalu,,,,,instagram_search2.json
https://www.instagram.com/p/C--SbJdzKvY/?hl=ar,"📜 Pengesahan Revisi UU Pilkada Batal, DPR RI Ikuti ...",Instagram › infopublik.id,"31 likes, 0 comments - ‎‏‏‎infopublik.id‎‏ في ‏‎August 22, 2024‎‏‏‎: "" Pengesahan Revisi UU Pilkada Batal, DPR RI Ikuti Putusan Terbaru MK ...",['Revisi UU Pilkada'],[],{},30+ suka,1 tahun yang lalu,p,organic,14,,,,,,,instagram_search2.json
https://www.instagram.com/p/DCkpuVizrzJ/,Awal 2025 Jadi Momentum Ideal Penyempurnaan Sistem ...,Instagram › tanggraini,"... revisi UU Pilkada dilakukan di awal tahun depan. Wakil Menteri Dalam Negeri Bima Arya Sugiarto mengatakan, saat ini adalah momentum yang ...",['revisi UU Pilkada'],[],{},220+ suka,1 tahun yang lalu,p,organic,15,,,,,,,instagram_search2.json
https://www.instagram.com/p/C-9OtHySr-C/,Guru Besar Universitas Indonesia memberikan pernyataan ...,Instagram › matanajwa,... revisi UU Pilkada yang menyepakati hal berdeda dengan putusan MK. Dalam dokumen pernyataan sikap tersebut Guru Besar UI bahkan menyebut ...,['revisi UU Pilkada'],[],{},"200,5 rb+ suka",1 tahun yang lalu,p,organic,16,,,,,,,instagram_search2.json
https://www.instagram.com/p/C-7CKpayKWC/,Badan Legislatif (Baleg) DPR RI secara cepat menyepakati ...,Instagram › opiniid,"7722 likes, 664 comments - opiniid on August 20, 2024: ""Badan Legislatif (Baleg) DPR RI secara cepat menyepakati revisi UU Pilkada.",['revisi UU Pilkada'],[],{},"7,7 rb+ suka",1 tahun yang lalu,p,organic,18,,,,,,,instagram_search2.json
https://www.instagram.com/reel/C--XTDVSaeQ/,Pengesahan Revisi UU Pilkada Oleh DPR RI resmi ...,Instagram › selayarnews,"191 likes, 1 comments - selayarnews on August 22, 2024: ""Pengesahan Revisi UU Pilkada Oleh DPR RI resmi dinyatakan batal dilaksanakan.",[],[],{},190+ suka,1 tahun yang lalu,reel,organic,20,1:31,,,,,,instagram_search2.json
https://www.instagram.com/p/C-85cBpSUmk/,Revisi UU Pilkada harus hormati keputusan MK. ...,Instagram › seknasjppr,"""Revisi UU Pilkada harus hormati keputusan MK. Keputusan MK bersifat final dan binding, tidak bisa diubah oleh siapapun."" - Rendy N.S. Umboh, ...",['Revisi UU Pilkada'],[],{},130+ suka,1 tahun yang lalu,p,organic,21,,,,,,,instagram_search2.json
https://www.instagram.com/p/C-9PbPESmBn/,Revisi Undang-Undang Pemilihan Kepala Daerah (RUU ...,Instagram › liputan6,"... revisi UU Pilkada pun direncanakan akan digelar di pelbagai daerah. Di Jakarta, massa akan menggelar aksi unjuk rasa di depan Gedung ...",['revisi UU Pilkada'],[],{},1 rb+ suka,1 tahun yang lalu,p,organic,22,,,,,,,instagram_search2.json
https://www.instagram.com/reel/DDvV28oyxht/,Pemerintah belum menyampaikan sikap resmi terkait usul ...,Instagram › bang.rifqi.mrk,"... Revisi UU Pilkada belum diterima oleh DPR. Bagi Saya, Pernyataan Presiden Prabowo di Acara HUT Ke-60 Partai Golkar, adalah statement dan ...",[],[],{},260+ suka,1 tahun yang lalu,reel,organic,23,1:26,,,,,,instagram_search2.json
https://www.instagram.com/p/C_APFgxuybp/?hl=af,Wakil Ketua DPR Sufmi Dasco Ahmad memastikan ...,Instagram › investortrust.id,"investortrust.id op August 23, 2024: ""Wakil Ketua DPR Sufmi Dasco Ahmad memastikan paripurna pengesahan revisi UU Pilkada batal digelar.",['revisi UU Pilkada'],[],{},10+ suka,1 tahun yang lalu,p,organic,24,,,,,,,instagram_search2.json
https://www.instagram.com/p/C-79Bwkyy9n/,[SERUAN AKSI MASSA: TOLAK REVISI UU PILKADA] ...,Instagram › bem.fhui,"1440 likes, 11 comments - bem.fhui on August 21, 2024: ""[SERUAN AKSI MASSA: TOLAK REVISI UU PILKADA] Halo, FH UI, UI, dan Indonesia!",['REVISI UU PILKADA'],[],{},"1,4 rb+ suka",1 tahun yang lalu,p,organic,25,,,,,,,instagram_search2.json
https://www.instagram.com/p/C-71BFLPe-c/,"Rabu, 21 Agustus 2024",Instagram › titokarnavian,"... revisi UU Pilkada itu dibahas lebih lanjut, sejumlah substansi aturan itu perlu disesuaikan dengan situasi aktual yang sejalan dengan ...",['revisi UU Pilkada'],[],{},"1,3 rb+ suka",1 tahun yang lalu,p,organic,26,,,,,,,instagram_search2.json
https://www.instagram.com/p/C_CXKFyvYhf/,DPR bikin seluruh Indonesia protes karena ngebut ...,Instagram › thinkpolicyid,"... Baca contekan ini biar lebih paham kenapa revisi UU Pilkada ini memantik gelombang demonstrasi PeringatanDarurat!"".",['revisi UU Pilkada'],[],{},14 rb+ suka,1 tahun yang lalu,p,organic,27,,,,,,,instagram_search2.json
https://www.instagram.com/p/DLW6lovSykn/,"FYI nih, Courtizen! 🧐🧐 MK mengabulkan sebagian ...",Instagram › mahkamahkonstitusi,"Revisi UU Pilkada perlu diarahkan pada penguatan penegakan hukum terhadap politik uang melalui criminal justice system yang tegas, dengan ...",['Revisi UU Pilkada'],[],{},"5,4 rb+ suka",6 bulan yang lalu,p,organic,28,,,,,,,instagram_search2.json
https://www.instagram.com/p/C--PQAztTLO/,Wakil Ketua DPR Sufmi Dasco Ahmad memastikan ...,Instagram › kontannews,"184 likes, 19 comments - kontannews on August 22, 2024: ""Wakil Ketua DPR Sufmi Dasco Ahmad memastikan pengesahan revisi UU Pilkada ...",['revisi UU Pilkada'],[],{},180+ suka,1 tahun yang lalu,p,organic,29,,,,,,,instagram_search2.json
https://www.instagram.com/reel/DTNyR-mE-WG/,News Nusantara tv | Anggota Komisi III DPR fraksi PKB ...,Instagram › news.nusantaratv,Pilkada DPRD pemilu nusantaratv nusantaratvsahabatkita. more. View all 17 comments. mechaelhaslam. Atur atur lah... zu.lkarnain8072. Waktu ...,[],[],{},20+ suka,1 hari yang lalu,reel,organic,76,1:26,,,,,,instagram_search2.json
https://www.instagram.com/reel/C73fZCOyF_O/,Perilisan hasil survei Katadata Insight Center: Persepsi Publik ...,Instagram › katadatainsightcenter,pilkada dprd rakyat. more. View all 9 comments. 1 day ago · kisp_id's profile picture · kisp_id. •. Follow.,[],[],{},50+ suka,1 tahun yang lalu,reel,organic,77,53:22,,,,,,instagram_search2.json
https://www.instagram.com/ntvnews.id/reel/DTPA1-MCJJv/,"Khairun Nisa alias Nisya (23), perempuan yang menyamar ...",Instagram › ntvnews.id,... ------------------ NRF Pilkada DPRD pemilu nusantaratv nusantaratvsahabatkita. more. View all 23 comments. 11 hours ago. ntvnews.id. •.,[],[],{},9 suka,15 jam yang lalu,ntvnews.id,organic,79,1:02,,,,,,instagram_search2.json
https://www.instagram.com/p/DTIO9tcj44s/,"Ketua Umum Partai Kebangkitan Bangsa (PKB), Muhaimin ...",Instagram › raria.id,"... selengkapnya, klik link di bio/story. pkb cakimin pilkada dprd. more. View 1 comment. 4 days ago · nowdots's profile picture · nowdots. •.",['pilkada dprd'],[],{},10+ suka,3 hari yang lalu,p,organic,80,,,,,,,instagram_search2.json
https://www.instagram.com/p/DSgygMOD4cZ/,Kemarin seharian dari pagi sampai jelang tengah malam ...,Instagram › na_nurularifin,... 10-pernyataan-politik-strategis-dari-pilkada-dprd-hingga-koalisi-permanen/. more. 7 days ago · kabargolkar's profile picture · kabargolkar. •.,['pilkada-dprd'],[],{},620+ suka,2 minggu yang lalu,p,organic,81,,,,,,,instagram_search2.json
https://www.instagram.com/p/DS4WqXuE3kG/,SETUJU DAK KAMU LUR ? Partai Gerindra mendukung ...,Instagram › palembangkulukilir,..... cakramedia gerindra pilkada dprd politik. more. 2 days ago · prabumulih_siruuu's profile picture. prabumulih_siruuu. •. Follow.,['pilkada dprd'],[],{},140+ suka,1 minggu yang lalu,p,organic,82,,,,,,,instagram_search2.json
https://www.instagram.com/p/DSl99oFkYSC/,DPR BELUM PUTUSKAN PEMISAHAN PEMILU ...,Instagram › kabar_makassar,"... (Pilkada, DPRD) dipisah, dengan jeda pelaksanaan minimal 2 tahun dan maksimal 2,5 tahun setelah pelantikan pejabat nasional. Namun, teknis ...","['Pilkada, DPRD']",[],{},3 suka,2 minggu yang lalu,p,organic,83,,,,,,,instagram_search2.json
https://www.instagram.com/reel/DTFLN2xkiqm/,PDI Perjuangan Kabupaten Jembrana menegaskan ...,Instagram › kembanghartawan_official,... Pemilu yang Langsung Umum Bebas Rahasia Jujur dan Adil. pilkada dprd. more. 3 days ago · amirwata's profile picture · amirwata. •. Follow.,['pilkada dprd'],[],{},190+ suka,4 hari yang lalu,reel,organic,84,,,,,,,instagram_search2.json
https://www.instagram.com/p/DTOI10oEzn6/,"17+8 Alasan Tolak Pilkada Lewat DPRD. “Oh iya, ...",Instagram › paralternatif,"6 days ago · agungbaskor0's profile picture · agungbaskor0. •. Follow. pilkada, dprd, kompas. 3. agungbaskor0. Sudahi wacana Pilkada Lewat DPRD ...","['pilkada, dprd']",[],{},10+ suka,23 jam yang lalu,p,organic,85,,,,2026-01-02T18:56:15.642Z,,,instagram_search2.json
https://www.instagram.com/reel/DC-dJlTBmcg/,Dr. Edi Hasibuan selaku Direktur Eksekutif Lemkapi ...,Instagram › divisihumaspolri,Wacana perubahan sistem Pilkada kembali mencuat! Partai Amanat Nasional (PAN) menyatakan dukungannya jika pemilihan kepala daerah ...,[],[],{},280+ suka,1 tahun yang lalu,reel,organic,99,0:10,,,,,,instagram_search2.json
https://www.instagram.com/p/DS6eT7SATa_/,Wacana pemilihan kepala daerah (Pilkada) melalui Dewan ...,Instagram › voxanow,"... perubahan sistem Pilkada, namun dengan sejumlah catatan. Wakil Ketua Umum DPP PAN Viva Yoga Mauladi menekankan pentingnya kesepakatan ...",['perubahan sistem Pilkada'],[],{},7 suka,1 minggu yang lalu,p,organic,100,,,,,,,instagram_search2.json
https://www.instagram.com/p/DSnGZhwk0Fd/,Wacana perubahan sistem pemilihan kepala daerah dari ...,Instagram › fac.politik,"... perubahan sistem Pilkada. Menurut pemerintah, mekanisme pemilihan melalui DPRD dinilai lebih efisien dan memungkinkan proses politik ...",['perubahan sistem Pilkada'],[],{},4 suka,2 minggu yang lalu,p,organic,101,,,,,,,instagram_search2.json
https://www.instagram.com/p/DS2VsKNE2wj/,Ketua DPP Partai Gerindra Prasetyo Hadi menjelaskan ...,Instagram › freakind.media,"Ketua DPP Partai Gerindra, Prasetyo Hadi, menilai perlunya perubahan sistem pilkada karena mahalnya ongkos politik. Menurutnya, proses ...",['perubahan sistem pilkada'],[],{},780+ suka,1 minggu yang lalu,p,organic,102,,,,,,,instagram_search2.json
https://www.instagram.com/kabarindo24jamnews/p/DS4HzQmEZcK/?hl=mr,Kabarindo24jam.com | Jakarta – Merespons guliran ...,Instagram › kabarindo24jamnews,Sejumlah elite NasDem menilai perubahan sistem pilkada tidak bisa dilakukan terburu-buru karena menyangkut hak politik rakyat. Di sisi lain ...,['perubahan sistem pilkada'],[],{},,,kabarindo24jamnews,organic,103,,1 minggu yang lalu,,,,,instagram_search2.json
https://www.instagram.com/p/DS9-YqgEsxv/,"Plus minus pilkada langsung, menjadi perdebatan politik di ...",Instagram › syaflinchaniago,Partai Kebangkitan Bangsa (PKB) juga secara terbuka mendukung. Ketua DPP PKB Daniel Johan mengatakan perubahan sistem pilkada tersebut merupakan ...,['perubahan sistem pilkada'],[],{},10+ suka,1 minggu yang lalu,p,organic,104,,,,,,,instagram_search2.json
https://www.instagram.com/p/DSzqZIeDJ_8/,"Wakil Ketua Umum PAN, Viva Yoga Mauladi, menyatakan ...",Instagram › laporan8.id,"... perubahan sistem pilkada yang justru bisa mengabaikan kedaulatan rakyat. Baca selengkapnya dalam ""Kepala Daerah Dipilih DPRD Berpotensi Buka ...",['perubahan sistem pilkada'],[],{},70+ suka,1 minggu yang lalu,p,organic,105,,,,,,,instagram_search2.json
https://www.instagram.com/p/DNTD2fRP-qa/,"Aceh, pelopor Demokrasi pasca-konflik! Tahun 2006 ...",Instagram › panwaslihacehbarat,"Menurutnya, setiap elit politik memiliki hak menyampaikan gagasan di ruang publik, termasuk wacana perubahan sistem pilkada. Namun, menurut ...",['perubahan sistem pilkada'],[],{},10+ suka,4 bulan yang lalu,p,organic,106,,,,,,,instagram_search2.json
https://www.instagram.com/p/DS1_j-dExdG/,"Ketua DPP Partai Gerindra, Prasetyo Hadi menyebut ...",Instagram › pikiranrakyat,"Ketua DPP Partai Gerindra, Prasetyo Hadi, menilai perlunya perubahan sistem pilkada karena mahalnya ongkos politik. Menurutnya, proses ...",['perubahan sistem pilkada'],[],{},260+ suka,1 minggu yang lalu,p,organic,107,,,,,,,instagram_search2.json
https://www.instagram.com/reel/DTPljLXkjeM/,Sebanyak 373 kursi di DPR RI menyatakan dukungan ...,Instagram › poskotanetwork,"Tolak wacana Pilkada oleh DPRD, itu bukan untuk penghematan tapi akal-akalan. pilkada dprd kotakkosong. more. View all 51 comments.",['pilkada dprd'],[],{},20+ suka,10 jam yang lalu,reel,organic,86,,,,,,,instagram_search2.json
https://www.instagram.com/p/DR89JIbj5QA/,Wacana perubahan mekanisme Pilkada menjadi tidak ...,Instagram › makasar_iinfo,"4 days ago · agungbaskor0's profile picture · agungbaskor0. •. Follow. pilkada, dprd, kompas. 3. agungbaskor0. Sudahi wacana Pilkada Lewat DPRD ...","['pilkada, dprd']",[],{},480+ suka,1 bulan yang lalu,p,organic,87,,,,2026-01-04T18:56:18.517Z,,,instagram_search2.json
https://www.instagram.com/reel/DS11CDTEvYg/,Partai Gerindra mendukung usulan pemilihan kepala ...,Instagram › prodata.news,... untuk menjadi kepala daerah. Kompas ProdataNews pilkada DPRD kepaladaerah bupati walikota pemilihan pemilu. Instagram. Log in · Open ...,['pilkada DPRD'],[],{},10+ suka,1 minggu yang lalu,reel,organic,88,,,,,,,instagram_search2.json
https://www.instagram.com/p/DTHiYJCgZVh/,Ketua Komisi II DPR RI Rifqinizami Karsayuda ...,Instagram › retorikashow,"... Retorika Show Tiktok : Retorika Show Website: Retorikashow.id ——————————— Retorikashow Pilkada DPRD Konstitusional"".",['Pilkada DPRD'],[],{},6 suka,3 hari yang lalu,p,organic,89,,,,,,,instagram_search2.json
https://www.instagram.com/reel/DTP1l13j8c2/,Awalnya Demokrat ada di barisan yang nolak Pilkada ...,Instagram › arifkichaniago,... Pilkada DPRD oke. Sepertinya ada secara langit mungkin eh Demokrat mendukung DPRD tapi secara daratan secara bumi dia mendukung secara ...,['Pilkada DPRD'],[],{},10+ suka,7 jam yang lalu,reel,organic,90,,,,,,,instagram_search2.json
https://www.instagram.com/p/DTNb5p5DaLb/,Roy Suryo Laporkan 7 Orang dari 'Kubu Sebelah' Terkait ...,Instagram › tribun_video,pdip pdiperjuangan pilkada dprd koalisipemerintah. more. View all 7 comments. 6 hours ago · tribun_video's profile picture · tribun_video.,['pilkada dprd'],[],{},30+ suka,1 hari yang lalu,p,organic,92,,,,,,,instagram_search2.json
https://www.instagram.com/p/DTC2l-ME3dA/,Yang hilang dari Pilkada tidak langsung bukan ... - Instagram,Instagram › jemputsuara,"Dalam pilkada DPRD, hukuman itu dipotong di tengah jalan—yang gagal tetap bisa dipoles dan diselamatkan lewat koalisi. Alasan “lebih murah ...",['pilkada DPRD'],[],{},260+ suka,5 hari yang lalu,p,organic,93,,,,,,,instagram_search2.json
https://www.instagram.com/p/DS4fPFKApSr/,Wacana pengembalian pemilihan kepala daerah (pilkada) ...,Instagram › energijuang,"... Pilkada DPRD: Gerakan Mundur Menuju Oligarki Partai?"" pilkada dprd oligarkipartai beritaviral berita beritahariini beritaterbaru ...","['Pilkada DPRD', 'pilkada dprd']",[],{},4 suka,1 minggu yang lalu,p,organic,94,,,,,,,instagram_search2.json
https://www.instagram.com/p/DSrReUYkZmT/,Anggota DPR sekaligus Wakil Ketua Umum Partai Golkar ...,Instagram › trensipil,"Presiden Prabowo Subianto membuka kemungkinan perubahan sistem pilkada langsung menjadi dipilih oleh DPRD, menanggapi usulan Ketua Umum Golkar ...",['perubahan sistem pilkada'],[],{},4 suka,2 minggu yang lalu,p,organic,109,,,,,,,instagram_search2.json
https://www.instagram.com/reel/DCdmVsGCtMu/,"Fokus Menangkan Pilkada Kalimantan Utara, AHY",Instagram › pdemokrat,Wacana perubahan sistem Pilkada kembali mencuat! Partai Amanat Nasional (PAN) menyatakan dukungannya jika pemilihan kepala daerah ...,['perubahan sistem Pilkada'],[],{},140+ suka,1 tahun yang lalu,reel,organic,110,,,,,,,instagram_search2.json
https://www.instagram.com/reel/C3SkrGyP_-U/,Quick Count & Exit Poll Pilpres & Pileg 2024 poltracking ...,Instagram › poltracking,Wacana perubahan sistem Pilkada kembali mencuat! Partai Amanat Nasional (PAN) menyatakan dukungannya jika pemilihan kepala daerah ...,[],[],{},790+ suka,1 tahun yang lalu,reel,organic,112,1:22,,,,,,instagram_search2.json
https://www.instagram.com/p/DGkZsw6O3zP/,Pemkab Cirebon berupaya menjadikan warga Kabupaten ...,Instagram › fajar.cirebon,Mantan Bupati Majalengka periode 2018–2024 itu menegaskan bahwa wacana perubahan sistem Pilkada harus disikapi secara hati-hati melalui ...,['perubahan sistem Pilkada'],[],{},10+ suka,10 bulan yang lalu,p,organic,113,,,,,,,instagram_search2.json
https://www.instagram.com/p/DSjyCasESuB/,Partai Demokrasi Indonesia Perjuangan (PDIP) ...,Instagram › trensipil,Panasnya wacana perubahan sistem Pilkada terus bergulir. Kini PDIP ikut membuka pintu kajian atas usulan agar kepala daerah kembali dipilih ...,['perubahan sistem Pilkada'],[],{},,,p,organic,115,,2 minggu yang lalu,,,,,instagram_search2.json
https://www.instagram.com/reel/DS_7WZyj_n_/,Komisi II DPR RI menyatakan siap membahas berbagai ...,Instagram › kabarindonesia_kgi,Partai Kebangkitan Bangsa (PKB) juga secara terbuka mendukung. Ketua DPP PKB Daniel Johan mengatakan perubahan sistem pilkada tersebut merupakan ...,['perubahan sistem pilkada'],[],{},4 suka,6 hari yang lalu,reel,organic,117,,,,,,,instagram_search2.json
https://www.instagram.com/p/DR6h5anCJhg/,Prabowo juga menyarankan politik Indonesia ...,Instagram › cnnindonesia,... partaiburuh pilkada dprd melihatindonesia. more. View all 3 comments. 3 days ago · trensipil's profile picture. trensipil. •. Follow.,['pilkada dprd'],[],{},"16,6 rb+ suka",1 bulan yang lalu,p,organic,99,,,,,,,instagram_search2.json
https://www.instagram.com/p/DTJqMQxE8vC/,Wacana pemilihan kepala daerah melalui DPRD kembali ...,Instagram › fajar.cirebon,"... -masing mekanisme. Lanjut membaca ke dpcpdip dpcgolkar pilkada dprd fajarcirebon"".",['pilkada dprd'],[],{},10+ suka,2 hari yang lalu,p,organic,100,,,,,,,instagram_search2.json
https://www.instagram.com/p/DTDHtkjE3Kj/,Wacana perubahan sistem pemilihan Gubernur kembali ...,Instagram › faktasulteng,PartaiAmanatNasional PANSulsel ChaidirSyam Pilkada DPRD RakyatSulsel. more. View 1 comment. 4 days ago · faktasulteng's profile picture.,['Pilkada DPRD'],[],{},80+ suka,5 hari yang lalu,p,organic,102,,,,,,,instagram_search2.json
https://www.instagram.com/p/DAJS1GqSuUr/?hl=am-et,Nonton Film,Instagram › agungbaskor0,"2 days ago · agungbaskor0's profile picture · agungbaskor0. •. Follow. pilkada, dprd, kompas. 3. agungbaskor0. Sudahi wacana Pilkada Lewat DPRD ...","['pilkada, dprd']",[],{},110+ suka,1 tahun yang lalu,p,organic,103,,,,2026-01-06T18:56:21.140Z,,,instagram_search2.json
https://www.instagram.com/p/BqrNwhiHA7G/?hl=af,Gunung Salak Diguncang Gempa Ribuan Kali Sepanjang ...,Instagram › radar_bogor,Ketua Dewan Pimpinan Pusat Partai Gerindra Prasetyo Hadi mengklaim kajian internal mereka sudah lama mengusulkan perubahan sistem pilkada itu.,['perubahan sistem pilkada'],[],{},"2,4 rb+ suka",7 tahun yang lalu,p,organic,119,,,,,,,instagram_search2.json
https://www.instagram.com/p/DPi1LI_EXPa/,"Pemilu bukan sekedar memilih, tetapi juga mencerminkan ...",Instagram › panwaslih_aceh,"... perubahan sistem pilkada. Namun, menurut Effendi, perubahan tersebut tidak boleh mengabaikan kerangka hukum yang mengatur kekhususan daerah ...",['perubahan sistem pilkada'],[],{},30+ suka,3 bulan yang lalu,p,organic,120,,,,,,,instagram_search2.json
https://www.instagram.com/reel/DR_8Aj7D3Lo/,"GOTVNEWS, Jakarta - Presiden Prabowo Subianto ...",Instagram › redaksigotv,"Presiden Prabowo Subianto membuka kemungkinan perubahan sistem pilkada langsung menjadi dipilih oleh DPRD, menanggapi usulan Ketua Umum Golkar ...",[],[],{},1 suka,1 bulan yang lalu,reel,organic,125,1:48,,,,,,instagram_search2.json
https://www.instagram.com/reel/DS4d3BjAIc9/,Partai Gerindra menyatakan dukungan terhadap usulan agar ...,Instagram › officialinewstv,"... daerah-dipilih-dprd-soroti-mahalnya-biaya-kampanye PartaiGerindra Sugiono Gerindra Pilkada DPRD AnggaranPilkada"".",[],[],{},420+ suka,1 minggu yang lalu,reel,organic,106,1:41,,,,,,instagram_search2.json
https://www.instagram.com/reel/DS1qYihk2MU/,"Kaltim Today on Instagram: ""Pada beberapa waktu lalu, Partai ...",Instagram › kaltimtoday.co,Usulan pilkada DPRD Golkar bukan hanya soal mekanisme pemilihan kepala daerah tapi juga evaluasi besar-besaran Pilkada langsung yang selama ini ...,[],[],{},180+ suka,1 minggu yang lalu,reel,organic,107,1:14,,,,,,instagram_search2.json
https://www.instagram.com/p/DS4rS9HidZd/,Gerindra dukung Pilkada melalui DPR,Instagram › _indonesia_maju,... pemilu pilkada dprd info infoterkini berita beritaterkini bicarafaktalewatberita kumparan. more. View all 4 comments. 1 day ago.,['pilkada dprd'],[],{},1 suka,1 minggu yang lalu,p,organic,109,,,,,,,instagram_search2.json
https://www.instagram.com/p/DSuACGdjavh/,Ormas Gerakan Rakyat menolak usulan pemilihan kepala ...,Instagram › sindonews,"... SINDONewsTV iNewsMediaGroup BeritaTerkini BeritaViral KehormatanOrmasGerakanRakyat Pilkada DPRD"".",['Pilkada DPRD'],[],{},"13,9 rb+ suka",1 minggu yang lalu,p,organic,110,,,,,,,instagram_search2.json
https://www.instagram.com/p/DR8Va5vj5l7/,Wacana perubahan mekanisme Pilkada kembali memicu ...,Instagram › indotoday.id,"... lewat DPRD? gelitikpolitik beritapolitik pilkada dprd. more. December 29, 2025 · teras_lotara's profile picture. teras_lotara. •. Follow.",['pilkada dprd'],[],{},260+ suka,1 bulan yang lalu,p,organic,111,,,,,,,instagram_search2.json
https://www.instagram.com/reel/DS1_TnFEnBS/,Partai Gerindra menyatakan dukungannya terhadap wacana ...,Instagram › jakut.info,: Dok. Partai Gerindra. newsupdate update news gerindra partagerindra pemilu pilkada dprd info infoterkini berita beritaterkini # ...,[],[],{},"1,5 rb+ suka",1 minggu yang lalu,reel,organic,113,1:20,,,,,,instagram_search2.json
https://www.instagram.com/reel/DS696F3Evjw/,Penemuan bayi perempuan menggemparkan warga ...,Instagram › ntvnews.id,---------------------------- NRF Pilkada DPRD pemilu nusantaratv nusantaratvsahabatkita. more. View 1 comment. Now. ntvnews.id. •. Follow.,[],[],{},180+ suka,1 minggu yang lalu,reel,organic,114,0:59,,,,,,instagram_search2.json
https://www.instagram.com/reel/DSzAOAkEgrd/,PILKADA LEWAT DPRD BISA TEKAN KORUPSI Pernah tidak ...,Instagram › sudaru_sudaryono,... demokrasi dan pengkhianatan terhadap semangat Reformasi. pilkada dprd info. more. View all 2 comments. 2 days ago. spinnechnews. •. Follow.,[],[],{},"1,6 rb+ suka",1 minggu yang lalu,reel,organic,115,1:33,,,,,,instagram_search2.json
https://www.instagram.com/reel/DSMCpBgEfTd/,"tirto.id on Instagram: ""Uum (63) jadi salah satu warga yang ...",Instagram › tirtoid,"Menurut Ardian, penolakan terhadap wacana perubahan sistem Pilkada itu juga datang dari laki-laki maupun perempuan. Penolakan juga muncul ...",[],[],{},930+ suka,3 minggu yang lalu,reel,organic,128,1:09,,,,,,instagram_search2.json
https://www.instagram.com/p/DR_T2z6EnHP/,🔥 Wacana perubahan sistem Pilkada kembali mencuat ...,Instagram › happeningbiz,"Wacana perubahan sistem Pilkada kembali mencuat! · Bahlil Usul Pilkada Dipilih DPRD: “Biar Nggak Pusing, Pilih Lewat Dewan Saja”",['perubahan sistem Pilkada'],[],{},2 suka,1 bulan yang lalu,p,organic,129,,,,,,,instagram_search2.json
https://www.instagram.com/p/DR9nti1kni7/,"PDIP Kaji Usulan Pilkada Dipilih DPRD, Hasto Tekankan ...",Instagram › gnewspemalang,PDIP Kaji Usulan Kepala Daerah Dipilih DPRD: Demokrasi Murah atau Mundur ke Belakang? Panasnya wacana perubahan sistem Pilkada terus bergulir.,['perubahan sistem Pilkada'],[],{},,,p,organic,130,,1 bulan yang lalu,,,,,instagram_search2.json
https://www.instagram.com/p/DII8KG2S_a9/,Presiden Prabowo Subianto mengeklaim baru kali ini ...,Instagram › tirtoid,"Menurut Ardian, penolakan terhadap wacana perubahan sistem Pilkada itu juga datang dari laki-laki maupun perempuan. Penolakan juga muncul ...",['perubahan sistem Pilkada'],[],{},"5,9 rb+ suka",9 bulan yang lalu,p,organic,131,,,,,,,instagram_search2.json
https://www.instagram.com/reel/DS8AOEgE-x0/,PAN SETUJU USUL KEPALA DAERAH DIPILIH DPRD ...,Instagram › detiktv_sumsel,Wacana perubahan sistem Pilkada kembali mencuat! Partai Amanat Nasional (PAN) menyatakan dukungannya jika pemilihan kepala daerah ...,['perubahan sistem Pilkada'],[],{},,,reel,organic,132,,1 minggu yang lalu,,,,,instagram_search2.json
https://www.instagram.com/p/DS1xNx3gRuU/,"PAN Setuju Usulan Kepala Daerah Dipilih DPRD, Ini Dua ...",Instagram › ahdahmaulana,"... perubahan sistem pilkada merupakan keputusan besar yang tidak boleh diputuskan secara sepihak. Kedua, kebijakan ini tidak boleh menimbulkan ...",['perubahan sistem pilkada'],[],{},3 suka,1 minggu yang lalu,p,organic,133,,,,,,,instagram_search2.json
https://www.instagram.com/reel/DCyWkq4AHrr/,"Menjelang Pilkada Serentak 2024, pemuda-pemudi asal ...",Instagram › polres_malinau,Wacana perubahan sistem Pilkada kembali mencuat! Partai Amanat Nasional (PAN) menyatakan dukungannya jika pemilihan kepala daerah ...,[],[],{},20+ suka,1 tahun yang lalu,reel,organic,134,0:45,,,,,,instagram_search2.json
https://www.instagram.com/p/DS7dc-GAU14/,PDI Perjuangan (PDIP) menegaskan penolakannya ...,Instagram › wargamerah,"... perubahan sistem pilkada sebagai langkah yang tidak tepat waktu. Di tengah penderitaan rakyat, perdebatan soal mekanisme kekuasaan dianggap ...",['perubahan sistem pilkada'],[],{},,,p,organic,135,,1 minggu yang lalu,,,,,instagram_search2.json
https://www.instagram.com/p/DBxUwWSyJuc/,"Calon Gubernur DKI Jakarta nomor urut 3, Pramono Anung ...",Instagram › tirtoid,"Menurut Ardian, penolakan terhadap wacana perubahan sistem Pilkada itu juga datang dari laki-laki maupun perempuan. Penolakan juga muncul ...",['perubahan sistem Pilkada'],[],{},"1,3 rb+ suka",1 tahun yang lalu,p,organic,136,,,,,,,instagram_search2.json
https://www.instagram.com/reel/DTDPI29DzmZ/,Yakin pilkada dipilih dewan ? pilkada dprd ...,Instagram › jonagifriando,"Partai Amanat Nasional (PAN) turut membuka peluang perubahan sistem Pilkada, namun dengan sejumlah catatan. Wakil Ketua Umum DPP PAN Viva ...",['perubahan sistem Pilkada'],[],{},110+ suka,5 hari yang lalu,reel,organic,137,,,,,,,instagram_search2.json
https://www.instagram.com/p/DJf8a0oRwsb/,DPR RI akan menjadi tuan rumah Konferensi ke-19 ...,Instagram › dpr_ri,"... gubernur dipilih DPRD. Kita akan bawa ke DPR,” kata Cak Imin saat ditemui di kawasan Jakarta Pusat, Senin (14/7/2025) malam. Mulanya, ia ...",['gubernur dipilih DPRD'],[],{},470+ suka,8 bulan yang lalu,p,organic,50,,,,,,,instagram_search2.json
https://www.instagram.com/reel/DKjvQMtzQ2P/,[PRAMONO ANUNG JADI ANCAMAN PUAN MAHARANI DI ...,Instagram › totalpolitikcom,"... gubernur dipilih DPRD. Kita akan bawa ke DPR,” kata Cak Imin saat ditemui di kawasan Jakarta Pusat, Senin (14/7/2025) malam. Mulanya, ia ...",[],[],{},800+ suka,7 bulan yang lalu,reel,organic,51,2:26,,,,,,instagram_search2.json
https://www.instagram.com/reel/DNXNIE3zXnV/,DPR RI | SobatParlemen! DPR RI menyadari segala ...,Instagram › dpr_ri,"... gubernur dipilih DPRD. Kita akan bawa ke DPR,” kata Cak Imin saat ditemui di kawasan Jakarta Pusat, Senin (14/7/2025) malam. Mulanya, ia ...",[],[],{},690+ suka,4 bulan yang lalu,reel,organic,52,0:52,,,,,,instagram_search2.json
https://www.instagram.com/reel/DJoqbSSR1_e/,DPR RI | DPR RI menjadi tuan rumah Konferensi ke-19 ...,Instagram › dpr_ri,"... gubernur dipilih DPRD. Kita akan bawa ke DPR,” kata Cak Imin saat ditemui di kawasan Jakarta Pusat, Senin (14/7/2025) malam. Mulanya, ia ...",[],[],{},450+ suka,7 bulan yang lalu,reel,organic,53,1:39,,,,,,instagram_search2.json
https://www.instagram.com/p/DQn2NslkjrN/,"Rapat Paripurna DPR RI ke-7, Masa Persidangan II Tahun ...",Instagram › cindymonica.id,"... gubernur dipilih DPRD. Kita akan bawa ke DPR,” kata Cak Imin saat ditemui di kawasan Jakarta Pusat, Senin (14/7/2025) malam. Mulanya, ia ...",['gubernur dipilih DPRD'],[],{},150+ suka,2 bulan yang lalu,p,organic,54,,,,,,,instagram_search2.json
https://www.instagram.com/p/DPldEnlEqBy/,otonomi daerah harus konsisten dalam teori dan praktik. ...,Instagram › mardanialisera,"... gubernur-dipilih-dprd-tapi-bupati-dan-wali-kota-tetap-di-tangan-rakyat?page=2. more. View all 82 comments. December 15, 2024 · darmadidurianto's ...",['gubernur-dipilih-dprd'],[],{},1 rb+ suka,3 bulan yang lalu,p,organic,55,,,,,,,instagram_search2.json
https://www.instagram.com/p/DNXwCN1Nk6O/,Ketua DPR RI Puan Maharani membuka Masa ...,Instagram › ketua_dprri,"... gubernur dipilih DPRD. Kita akan bawa ke DPR,” kata Cak Imin saat ditemui di kawasan Jakarta Pusat, Senin (14/7/2025) malam. Mulanya, ia ...",['gubernur dipilih DPRD'],[],{},130+ suka,4 bulan yang lalu,p,organic,56,,,,,,,instagram_search2.json
https://www.instagram.com/reel/DNX-HeKxoec/,DPR RI | DPR RI dan DPD RI menggelar Sidang Bersama ...,Instagram › dpr_ri,"... gubernur dipilih DPRD. Kita akan bawa ke DPR,” kata Cak Imin saat ditemui di kawasan Jakarta Pusat, Senin (14/7/2025) malam. Mulanya, ia ...",[],[],{},390+ suka,4 bulan yang lalu,reel,organic,57,2:33,,,,,,instagram_search2.json
https://www.instagram.com/p/DJox0rKJfEp/,BERI KESEMPATAN PARPOL PERSIAPKAN KADER ...,Instagram › fpd_dpr,Sumber : ...,['gubernur-dipilih-dprd'],[],{},20+ suka,7 bulan yang lalu,p,organic,58,,,,,,,instagram_search2.json
https://www.instagram.com/kompastvpontianak/reel/DBp2QTZyT8_/?hl=en,KOMPAS.TV - Tiga Cagub-Cawagub Kalbar Adu Gagasan ...,Instagram › kompastvpontianak,Golkar dan PKB Sepakat Bupati dan Gubernur dipilih DPRD beritaviral fypreels pilkada pemilu golkar pkb. more. View all 9 comments.,[],[],{},8 suka,1 tahun yang lalu,kompastvpontianak,organic,59,4:32,,,,,,instagram_search2.json
https://www.instagram.com/p/DTCEsbHkc5a/,Ketua Komisi II DPR RI Rifqinizamy Karsayuda menilai ...,Instagram › caprighaz,"... Rifqinizamy. . . Baca selengkapnya, klik link di bio/story. pilkada dprd rifqinizamykarsayuda dprri berita. Instagram. Log in · Open app.",['pilkada dprd'],[],{},1 suka,5 hari yang lalu,p,organic,116,,,,,,,instagram_search2.json
https://www.instagram.com/reel/DTM8xbMk1ON/,Inilah detik-detik warga kejar terduga maling yang ...,Instagram › medsoszone,... tidak efisien. Cc: akbarfaizal_uncensored • • • pilkada dprd medsoszone indonesia viral. more. View all 8 comments. Now. medsoszone. •.,['pilkada dprd'],[],{},4 suka,1 hari yang lalu,reel,organic,117,,,,,,,instagram_search2.json
https://www.instagram.com/p/DS4-LH2gU1S/,Wacana pengembalian mekanisme pemilihan kepala ...,Instagram › harianjogja,"... usulan-pilkada-dipilih-dprd-dalam-revisi-uu-pemilu-2026/ RevisiUUPemilu2026 Pilkada DPRD Jangan lupa follow, like dan tag ke teman kamu",['Pilkada DPRD'],[],{},10+ suka,1 minggu yang lalu,p,organic,118,,,,,,,instagram_search2.json
https://www.instagram.com/p/DS7RycdkuRq/,'apa yang sudah diberikan kepada rakyat ...,Instagram › kompascom,... dengan mengembalikannya ke DPRD. Penulis: Tria Sutrisna Editor: Dani Prabowo ` Pilkada DPRD Kebijakan. Instagram. Log in · Open app.,['Pilkada DPRD'],[],{},"4,9 rb+ suka",1 minggu yang lalu,p,organic,119,,,,,,,instagram_search2.json
https://www.instagram.com/p/DTKiTREkqJw/,Partai berkursi sedikit yang mendukung pilkada DPRD ...,Instagram › didi_irawadi,"1619 likes, 22 comments - didi_irawadi on January 6, 2026: ""Partai berkursi sedikit yang mendukung pilkada DPRD sedang menggali kubur ...",['pilkada DPRD'],[],{},2 rb+ suka,2 hari yang lalu,p,organic,120,,,,,,,instagram_search2.json
https://www.instagram.com/koranbaliexpress/p/DSrOvlBj_EF/?hl=nb,PAN Nilai Pilkada via DPRD Lebih “Pancasila ...,Instagram › koranbaliexpress,... dprd-biaya-politik-mahal-dinilai-biang-korupsi-kepala-daerah/ bamsoet dorong pilkada dprd korupsi. mer. for 2 dager siden. hariankompas. •.,['pilkada dprd'],[],{},2 suka,2 minggu yang lalu,koranbaliexpress,organic,122,,,,,,,instagram_search2.json
https://www.instagram.com/p/DTKp2p2EQPQ/,Wacana pengembalian mekanisme pemilihan kepala ...,Instagram › metropolitanid_,pengamatpolitik pilkada dprd herrymendrofa viral. more. 7 days ago · official.independendemokrasi's profile picture · official ...,['pilkada dprd'],[],{},6 suka,2 hari yang lalu,p,organic,123,,,,,,,instagram_search2.json
https://www.instagram.com/reel/DTNks1ricpC/,Gimana kalo kita nuntut supaya syarat jadi anggota DPR/ ...,Instagram › disinisadat,"Pemilu lewat DPRD, salah satu cara untuk memastikan anggota DPR yang pintar dan mumpuni. Saya Mau Pilkada DPRD yang Pintar, lulusan S2 dari ...",['Pilkada DPRD'],[],{},6 suka,1 hari yang lalu,reel,organic,124,,,,,,,instagram_search2.json
https://www.instagram.com/p/DC5dhhVy-JR/,"DPRD Kulon Progo, yang diwakili oleh Wakil Ketua ...",Instagram › humassetwan.kulonprogo,"... Pilkada. DPRD juga menyoroti pentingnya sinergi antara KPU, aparat keamanan, dan masyarakat dalam memastikan distribusi logistik berjalan ...",['Pilkada. DPRD'],[],{},10+ suka,1 tahun yang lalu,p,organic,125,,,,,,,instagram_search2.json
https://www.instagram.com/p/DRCDNOIkjVk/,PKS berkomitmen penuh untuk menghadirkan tata kelola ...,Instagram › pk_sejahtera,"PKS menyatakan dukungan terbatas: pemilihan gubernur dipilih DPRD, sementara bupati dan wali kota tetap dipilih langsung oleh rakyat.",['gubernur dipilih DPRD'],[],{},570+ suka,1 bulan yang lalu,p,organic,60,,,,,,,instagram_search2.json
https://www.instagram.com/p/DR4icqjgRTR/,Permohonan yang diajukan Koordinator Nasional ...,Instagram › palembanginfo,"... gubernur-dipilih-dprd-tapi-bupati-dan-wali-kota-tetap-di-tangan-rakyat?page=2. more. View all 82 comments. December 15, 2024.",['gubernur-dipilih-dprd'],[],{},30+ suka,1 bulan yang lalu,p,organic,61,,,,,,,instagram_search2.json
https://www.instagram.com/p/DMPCLl6stxl/,Bawaslu Berau | repostri Puadi Nilai Putusan MK dapat ...,Instagram › bawaslu_berau,CAKMANO MENURUT KAMU LUR.. ...,['gubernur-dipilih-dprd'],[],{},10+ suka,5 bulan yang lalu,p,organic,63,,,,,,,instagram_search2.json
https://www.instagram.com/reel/DS3qzo0k1DB/,Fraksi Partai Gerindra Golongan Karya Bangkalan ...,Instagram › jaja_lawyer,Golkar dan PKB Sepakat Bupati dan Gubernur dipilih DPRD beritaviral fypreels pilkada pemilu golkar pkb. more. View all 9 comments. 7 days ...,['Gubernur dipilih DPRD'],[],{},3 suka,1 minggu yang lalu,reel,organic,64,,,,,,,instagram_search2.json
https://www.instagram.com/p/DOKfaCME7Vb/,Menanggapi 17+8 Tuntutan Rakyat yang merupakan ...,Instagram › almuzzammil.yusuf,"PKS menyatakan dukungan terbatas: pemilihan gubernur dipilih DPRD, sementara bupati dan wali kota tetap dipilih langsung oleh rakyat.",['gubernur dipilih DPRD'],[],{},"14,4 rb+ suka",4 bulan yang lalu,p,organic,65,,,,,,,instagram_search2.json
https://www.instagram.com/p/DM62bPBylHv/,KABAR TERKINI 04 AGUSTUS 2025 PDIP JADI PARTAI ...,Instagram › fpd_dpr,...,['gubernur-dipilih-dprd'],[],{},110+ suka,5 bulan yang lalu,p,organic,66,,,,,,,instagram_search2.json
https://www.instagram.com/p/DSh2AlzEwEq/,Demokrasi Indonesia pernah tumbuh dalam keterbatasan ...,Instagram › pks_ngawi,"PKS menyatakan dukungan terbatas: pemilihan gubernur dipilih DPRD, sementara bupati dan wali kota tetap dipilih langsung oleh rakyat.",['gubernur dipilih DPRD'],[],{},5 suka,2 minggu yang lalu,p,organic,67,,,,,,,instagram_search2.json
https://www.instagram.com/p/DNXYLQgz6o-/,Sebelum memasuki ruang Sidang Tahunan MPR RI dan ...,Instagram › puanmaharaniri,"... gubernur dipilih DPRD. Kita akan bawa ke DPR,” kata Cak Imin saat ditemui di kawasan Jakarta Pusat, Senin (14/7/2025) malam. Mulanya, ia ...",['gubernur dipilih DPRD'],[],{},58 rb+ suka,4 bulan yang lalu,p,organic,68,,,,,,,instagram_search2.json
https://www.instagram.com/p/DR9eXPJEwY2/,Wacana perubahan mekanisme pemilihan kepala daerah ...,Instagram › infokutawaluya,"... perubahan sistem pilkada yang justru bisa mengabaikan kedaulatan rakyat. Baca selengkapnya dalam ""Kepala Daerah Dipilih DPRD Berpotensi Buka ...",['perubahan sistem pilkada'],[],{},,,p,organic,138,,1 bulan yang lalu,,,,,instagram_search2.json
https://www.instagram.com/p/DG2QBsiJsf2/,"Wakil Ketua DPR RI, Adies Kadir, mengetuk palu tanda ...",Instagram › tirtoid,"Menurut Ardian, penolakan terhadap wacana perubahan sistem Pilkada itu juga datang dari laki-laki maupun perempuan. Penolakan juga muncul ...",['perubahan sistem Pilkada'],[],{},390+ suka,10 bulan yang lalu,p,organic,139,,,,,,,instagram_search2.json
https://www.instagram.com/p/DS6TJ_akoxp/,"Di saat Indonesia banyak bencana, partai ...",Instagram › konstituen.id,"... perubahan sistem pilkada sebagai langkah yang tidak tepat waktu. Di tengah penderitaan rakyat, perdebatan soal mekanisme kekuasaan dianggap ...",['perubahan sistem pilkada'],[],{},,,p,organic,142,,1 minggu yang lalu,,,,,instagram_search2.json
https://www.instagram.com/reel/DS3yp4rkyFE/,Ketua DPP Partai Gerindra Prasetyo Hadi menyebut ...,Instagram › gemapos.id,"Ketua DPP Partai Gerindra, Prasetyo Hadi, menilai perlunya perubahan sistem pilkada karena mahalnya ongkos politik. Menurutnya, proses ...",['perubahan sistem pilkada'],[],{},20+ suka,1 minggu yang lalu,reel,organic,144,,,,,,,instagram_search2.json
https://www.instagram.com/p/DR9c5bbDxZf/,Wacana perubahan mekanisme pemilihan kepala daerah ...,Instagram › fatnimoe.update,"... perubahan sistem Pilkada. Menurut pemerintah, mekanisme pemilihan melalui DPRD dinilai lebih efisien dan memungkinkan proses politik ...",['perubahan sistem Pilkada'],[],{},8 suka,1 bulan yang lalu,p,organic,145,,,,,,,instagram_search2.json
https://www.instagram.com/pkskotasurabaya/p/DJrjuxLBxU5/?locale=zh_CN&hl=bg,Mayoritas pelaku judi di Indonesia berasal dari kalangan ...,Instagram › pkskotasurabaya,"PKS menyatakan dukungan terbatas: pemilihan gubernur dipilih DPRD, sementara bupati dan wali kota tetap dipilih langsung oleh rakyat.",['gubernur dipilih DPRD'],[],{},6 suka,7 bulan yang lalu,pkskotasurabaya,organic,69,,,,,,,instagram_search2.json
https://www.instagram.com/p/DNYBtJ1Rtnm/,Dalam Sidang Bersama DPR-DPD RI 2025 ... - Instagram,Instagram › dpr_ri,"... gubernur dipilih DPRD. Kita akan bawa ke DPR,” kata Cak Imin saat ditemui di kawasan Jakarta Pusat, Senin (14/7/2025) malam. Mulanya, ia ...",['gubernur dipilih DPRD'],[],{},"8,8 rb+ suka",4 bulan yang lalu,p,organic,71,,,,,,,instagram_search2.json
https://www.instagram.com/p/DRM3FXygfYR/,Pengesahan dilakukan dalam Rapat Paripurna ke-8 masa ...,Instagram › palembanginfo,"... gubernur dipilih DPRD. Kita akan bawa ke DPR,” kata Cak Imin saat ditemui di kawasan Jakarta Pusat, Senin (14/7/2025) malam. Mulanya, ia ...",['gubernur dipilih DPRD'],[],{},40+ suka,1 bulan yang lalu,p,organic,72,,,,,,,instagram_search2.json
https://www.instagram.com/p/DJfpBfUB7Wt/,"Puan Maharani on Instagram: ""DPR RI dengan bangga ...",Instagram › ketua_dprri,"... gubernur dipilih DPRD. Kita akan bawa ke DPR,” kata Cak Imin saat ditemui di kawasan Jakarta Pusat, Senin (14/7/2025) malam. Mulanya, ia ...",['gubernur dipilih DPRD'],[],{},120+ suka,8 bulan yang lalu,p,organic,73,,,,,,,instagram_search2.json
https://www.instagram.com/p/DR_aFyKk2mM/,Pembahasan Pilkada lewat DPRD di Komisi II DPR bagian ...,Instagram › nadil_asadel,... gubernur-dipilih-dprd-tapi-bupati-dan-wali-kota-tetap-di-tangan-rakyat?page=2 . Seputarkotapalembang dpr pilgub. more. View all 42 comments.,['gubernur-dipilih-dprd'],[],{},,,p,organic,74,,1 bulan yang lalu,,,,,instagram_search2.json
https://www.instagram.com/p/DMHUoLgxFDU/,Sikap walk out Abdulloh bukan sekadar reaksi spontan. Ia ...,Instagram › lambe.kaltim,... gubernur-dipilih-dprd-tapi-bupati-dan-wali-kota-tetap-di-tangan-rakyat?page=2 . Seputarkotapalembang dpr pilgub. more. View all 42 comments.,['gubernur-dipilih-dprd'],[],{},350+ suka,5 bulan yang lalu,p,organic,75,,,,,,,instagram_search2.json
https://www.instagram.com/p/DP9N-eoDbHo/,Kementerian Dalam Negeri atau Kemendagri mengungkap ...,Instagram › sukabumiupdatecom,CAKMANO MENURUT KAMU LUR.. ...,['gubernur-dipilih-dprd'],[],{},40+ suka,2 bulan yang lalu,p,organic,78,,,,,,,instagram_search2.json
https://www.instagram.com/p/DFEV6nczVVR/,"""Donald Trump resmi dilantik dan diambil sumpah sebagai ...",Instagram › tirtoid,"Menurut Ardian, penolakan terhadap wacana perubahan sistem Pilkada itu juga datang dari laki-laki maupun perempuan. Penolakan juga muncul ...",['perubahan sistem Pilkada'],[],{},490+ suka,11 bulan yang lalu,p,organic,148,,,,,,,instagram_search2.json
https://www.instagram.com/reel/DAkcBGNKmCK/,"Budaya ngopi makin menjamur di Indonesia, mulai ...",Instagram › tirtoid,"Menurut Ardian, penolakan terhadap wacana perubahan sistem Pilkada itu juga datang dari laki-laki maupun perempuan. Penolakan juga muncul ...",['perubahan sistem Pilkada'],[],{},820+ suka,1 tahun yang lalu,reel,organic,149,,,,,,,instagram_search2.json
https://www.instagram.com/reel/CXNZFLGgSE1/,Satu per satu korban awan panas guguran Gunung ...,Instagram › radar_bogor,... perubahan sistem pilkada itu. Dukungan juga diberikan Partai NasDem. Ketua Fraksi NasDem Viktor Bungtilu Laiskodat mengatakan bahwa sistem ...,['perubahan sistem pilkada'],[],{},620+ suka,4 tahun yang lalu,reel,organic,150,,,,,,,instagram_search2.json
https://www.instagram.com/p/DEtef6aBc_Y/?hl=zh-cn,Terjadi longsor di Banjarangkan tepatnya Sebelah barat ...,Instagram › koranbaliexpress,"... perubahan sistem pilkada. Sekjen Demokrat Herman Khaeron menegaskan, partainya berada “dalam satu barisan” dengan Presiden Prabowo, dengan ...",['perubahan sistem pilkada'],[],{},10+ suka,12 bulan yang lalu,p,organic,151,,,,,,,instagram_search2.json
https://www.instagram.com/p/DSv_qNzEc4b/,INILAH.COM,Instagram › caprighaz,"... perubahan sistem pilkada sebagai langkah yang tidak tepat waktu. Di tengah penderitaan rakyat, perdebatan soal mekanisme kekuasaan dianggap ...",['perubahan sistem pilkada'],[],{},2 suka,1 minggu yang lalu,p,organic,153,,,,,,,instagram_search2.json
https://www.instagram.com/p/ClTQ-Iqpv6I/,Permasalahan kekurangan dokter (yang kembali menguak ...,Instagram › tirtoid,"Menurut Ardian, penolakan terhadap wacana perubahan sistem Pilkada itu juga datang dari laki-laki maupun perempuan. Penolakan juga muncul ...",['perubahan sistem Pilkada'],[],{},"6,6 rb+ suka",3 tahun yang lalu,p,organic,154,,,,,,,instagram_search2.json
https://www.instagram.com/keidenesia.tv/p/DEW8QXCsI_F/?locale=zh-hans&hl=ar,‏‎KeidenesiaTV‎‏ | ‏‎UPdates - Menteri Koordinator Bidang ...,Instagram › keidenesia.tv,Ketua DPP PKB Daniel Johan mengatakan perubahan sistem pilkada tersebut merupakan ide lama Ketum PKB Muhaimin Iskandar atau Cak Imin.,['perubahan sistem pilkada'],[],{},10+ suka,1 tahun yang lalu,keidenesia.tv,organic,155,,,,,,,instagram_search2.json
https://www.instagram.com/p/COzTkmDhGuu/,Ada potensi bahaya di balik dokumen-dokumen pribadimu ...,Instagram › tirtoid,"Menurut Ardian, penolakan terhadap wacana perubahan sistem Pilkada itu juga datang dari laki-laki maupun perempuan. Penolakan juga muncul ...",['perubahan sistem Pilkada'],[],{},"28,5 rb+ suka",4 tahun yang lalu,p,organic,156,,,,,,,instagram_search2.json
https://www.instagram.com/p/C-701OFygtP/,Panitia Kerja (Panja) revisi UU Pilkada Badan Legislasi ...,Instagram › kompascom,Panitia Kerja (Panja) revisi UU Pilkada Badan Legislasi (Baleg) DPR RI menolak Putusan Mahkamah Konstitusi (MK) soal syarat usia minimum ...,['revisi UU Pilkada'],[],{},8 rb+ suka,1 tahun yang lalu,p,organic,31,,,,,,,instagram_search2.json
https://www.instagram.com/p/C_CPnKfvs0-/,Presiden Joko Widodo () memastikan pemerintah ...,Instagram › katadatacoid,"... Revisi UU Pilkada oleh DPR. ""Iya (ikuti Putusan MK),"" kata Jokowi usai membuka Kongres Ke-6 PAN di Jakarta, Jumat (23/8). Presiden Jokowi ...",['Revisi UU Pilkada'],[],{},"1,7 rb+ suka",1 tahun yang lalu,p,organic,32,,,,,,,instagram_search2.json
https://www.instagram.com/reel/C--WYzgyk9V/,"Kompas.com on Instagram: ""Massa aksi demo untuk menolak ...",Instagram › kompascom,"2740 likes, 117 comments - kompascom on August 22, 2024: ""Massa aksi demo untuk menolak revisi UU Pilkada menjebol barikade polisi di gerbang belakang ...",[],[],{},,1 Des 2025,reel,organic,33,,,,,,,instagram_search2.json
https://www.instagram.com/p/C--IeNTyoa-/,"""Wakil Ketua DPR RI Sufmi Dasco Ahmad memastika ...",Instagram › jawapos,"... revisi UU Pilkada yang direncanakan hari ini tanggal 22 Agustus.BATAL dilaksanakan,"" kata Dasco melalui cuitan pada akun media sosial X ...",['revisi UU Pilkada'],[],{},,,p,organic,34,,1 tahun yang lalu,,,,,instagram_search2.json
https://www.instagram.com/p/DTM6Bb5Ewmc/,- Wacana mengembalikan mekanisme pemilihan kepala ...,Instagram › medsoszone,"Revisi UU Pilkada perlu diarahkan pada penguatan penegakan hukum terhadap politik uang melalui criminal justice system yang tegas, dengan ...",['Revisi UU Pilkada'],[],{},50+ suka,1 hari yang lalu,p,organic,35,,,,,,,instagram_search2.json
https://www.instagram.com/p/C-72eB1tX6l/?hl=fi,Menteri Dalam Negeri (Mendagri) Tito Karnavian ...,Instagram › kontannews,"331 likes, 80 comments - kontannews August 21, 2024: ""Menteri Dalam Negeri (Mendagri) Tito Karnavian menegaskan pembahasan revisi UU Pilkada ...",['revisi UU Pilkada'],[],{},330+ suka,1 tahun yang lalu,p,organic,36,,,,,,,instagram_search2.json
https://www.instagram.com/reel/DL7MDT-zWmN/,"Perludem on Instagram: ""Pemilu Nasional dan Daerah dipisah ...",Instagram › perludem,"Revisi UU Pilkada perlu diarahkan pada penguatan penegakan hukum terhadap politik uang melalui criminal justice system yang tegas, dengan ...",[],[],{},50+ suka,6 bulan yang lalu,reel,organic,37,2:46,,,,,,instagram_search2.json
https://www.instagram.com/reel/DTMZ4pskq31/,Pemilihan Kepala Daerah dilaksanakan secara Demokratis ...,Instagram › bang.rifqi.mrk,"Ketimbang mengubah sistem, Said menawarkan penguatan aspek hukum melalui revisi UU Pilkada. ""Problemnya adalah politik uang. Kita butuh ...",[],[],{},170+ suka,1 hari yang lalu,reel,organic,38,5:23,,,,,,instagram_search2.json
https://www.instagram.com/p/DSTbsy8Emhc/,Mengembalikan Pilkada ke DPRD: Evaluasi demokrasi ...,Instagram › nanang.nh4,CAKMANO MENURUT KAMU LUR.. ...,['gubernur-dipilih-dprd'],[],{},1 suka,3 minggu yang lalu,p,organic,81,,,,,,,instagram_search2.json
https://www.instagram.com/reel/DSKk8mBElW2/,Bimbingan Teknis Anggota Fraksi Partai Golkar DPRD ...,Instagram › mashanungmenyapa,29 likes · apdianutama. Golkar dan PKB Sepakat Bupati dan Gubernur dipilih DPRD beritaviral fypreels pilkada pemilu golkar pkb. more. View ...,['Gubernur dipilih DPRD'],[],{},2 suka,3 minggu yang lalu,reel,organic,83,,,,,,,instagram_search2.json
https://www.instagram.com/reel/DDPPypWSUwt/?hl=am-et,Bersenang-senang dengan si kulit bundar,Instagram › ibalzulfianto,"Bersenang-senang dengan si kulit bundar · Wakil Wali Kota Batam-ku asyik.. · PROJO Setujui Kompromi Pilkada: Gubernur Dipilih DPRD, Bupati dan ...",['Gubernur Dipilih DPRD'],[],{},,,reel,organic,84,,1 tahun yang lalu,,,,,instagram_search2.json
https://www.instagram.com/p/DLRii0UPlX1/,viktorbungtilulaiskodat,Instagram › viktorbungtilulaiskodat,"... gubernur dipilih DPRD. Kita akan bawa ke DPR,” kata Cak Imin saat ditemui di kawasan Jakarta Pusat, Senin (14/7/2025) malam. Mulanya, ia ...",['gubernur dipilih DPRD'],[],{},460+ suka,6 bulan yang lalu,p,organic,85,,,,,,,instagram_search2.json
https://www.instagram.com/p/C9L6oYgyGm3/,"Melepaskan hobi yang beberapa waktu ini ""terlupakan""....",Instagram › ibalzulfianto,"PROJO Setujui Kompromi Pilkada: Gubernur Dipilih DPRD, Bupati dan Wali Kota Tetap Dipilih Langsung Jakarta, 06 Januari 2026",['Gubernur Dipilih DPRD'],[],{},7 suka,1 tahun yang lalu,p,organic,86,,,,,,,instagram_search2.json
https://www.instagram.com/p/DNVzaGQT3vB/,Malam ini melihat langsung persiapan Sidang Tahunan ...,Instagram › puanmaharaniri,"... gubernur dipilih DPRD. Kita akan bawa ke DPR,” kata Cak Imin saat ditemui di kawasan Jakarta Pusat, Senin (14/7/2025) malam. Mulanya, ia ...",['gubernur dipilih DPRD'],[],{},"54,3 rb+ suka",4 bulan yang lalu,p,organic,87,,,,,,,instagram_search2.json
https://www.instagram.com/p/DOIhhp-E-GH/,"Melalui unggahan di akun Instagram resminya, Partai ...",Instagram › infipop.id,CAKMANO MENURUT KAMU LUR.. ...,['gubernur-dipilih-dprd'],[],{},"9,2 rb+ suka",4 bulan yang lalu,p,organic,88,,,,,,,instagram_search2.json
https://www.instagram.com/reel/C_HZJAbh5Vd/,GERAKAN RAKYAT KAWAL PILKADA 2024 Langkah DPR ...,Instagram › niluhpuspa,"216 likes, 4 comments - niluhpuspa on August 25, 2024: ""GERAKAN RAKYAT KAWAL PILKADA 2024 Langkah DPR untuk membahas Revisi UU Pilkada ...",[],[],{},210+ suka,1 tahun yang lalu,reel,organic,40,1:43,,,,,,instagram_search2.json
https://www.instagram.com/p/C--fRwaMd_N/,📌 Pernyataan Sikap PPI Dunia Tentang Penolakan Revisi ...,Instagram › ppidunia,"4776 likes, 89 comments - ppidunia on August 22, 2024: "" Pernyataan Sikap PPI Dunia Tentang Penolakan Revisi UU Pilkada (version amandemen ...",['Revisi UU Pilkada'],[],{},"4,8 rb+ suka",1 tahun yang lalu,p,organic,41,,,,,,,instagram_search2.json
https://www.instagram.com/p/C--gqnZSVbn/,[Kenapa Mahasiswa Harus Peduli Undang-Undang di ...,Instagram › wartakema,"Revisi UU Pilkada yang dilakukan oleh Badan Legislatif DPR pada putusan MK Nomor 70/PUU-XXII/2024, telah menjadi sorotan publik. Revisi UU ...","['Revisi UU Pilkada', 'Revisi UU']",[],{},270+ suka,1 tahun yang lalu,p,organic,42,,,,,,,instagram_search2.json
https://www.instagram.com/p/C-96o3OSqQL/,Gila! Masak Revisi UU Pilkada bisa cepat mau disahkan ...,Instagram › rumah.aman,"880 likes, 13 comments - rumah.aman on August 22, 2024: ""Gila! Masak Revisi UU Pilkada bisa cepat mau disahkan DPR RI dalam tempo 1 hari.",['Revisi UU Pilkada'],[],{},880+ suka,1 tahun yang lalu,p,organic,43,,,,,,,instagram_search2.json
https://www.instagram.com/reel/C-_2ZcEShg9/,[KAJIAN ISU : RUU PILKADA 2024] ...,Instagram › bempoltekkesjkt1,... Revisi UU Pilkada menyampaikan bahwa “Pengesahan Revisi UU Pilkada yang direncanakan hari ini tanggal 22 Agustus batal dilaksanakan. Oleh ...,"['Revisi UU Pilkada', 'Revisi UU Pilkada']",[],{},230+ suka,1 tahun yang lalu,reel,organic,44,,,,,,,instagram_search2.json
https://www.instagram.com/p/C_C6chPROlY/,[KAWAL ISU PENGESAHAN REVISI UU PILKADA ...,Instagram › bemfkunri,"142 likes, 0 comments - bemfkunri on August 24, 2024: ""[KAWAL ISU PENGESAHAN REVISI UU PILKADA] Hidup Mahasiswa! Hidup Rakyat Indonesia!",['REVISI UU PILKADA'],[],{},140+ suka,1 tahun yang lalu,p,organic,45,,,,,,,instagram_search2.json
https://www.instagram.com/reel/C7dpdlthR_u/,"Rilis | GUGAT UU PILKADA, PARTAI GELORA : PARTAI ...",Instagram › partaigeloraid,Dua substansi yang diubah dalam revisi UU pilkada adalah soal syarat usia calon kepala daerah dan ambang batas pencalonan kepala daerah oleh ...,[],[],{},200+ suka,1 tahun yang lalu,reel,organic,46,0:15,,,,,,instagram_search2.json
https://www.instagram.com/reel/C-9rKwVy2tH/,"Anggota DPR Fraksi PDI Perjuangan (PDI-P), Masinton ...",Instagram › narasinewsroom,"Anggota DPR Fraksi PDI Perjuangan (PDI-P), Masinton Pasaribu, menilai revisi UU Pilkada mengabaikan konstitusi jika dipaksakan untuk ...",['revisi UU Pilkada'],[],{},63 rb+ suka,1 tahun yang lalu,reel,organic,47,,,,,,,instagram_search2.json
https://www.instagram.com/p/C-9PyvRP3vR/,[ KONSOLIDASI: PERINGATAN DARURAT DEMOKRASI] ...,Instagram › bempolmed,... revisi UU Pilkada ini berjalan tanpa pengawasan dan koreksi. Masa depan bangsa ada di tangan kita! Kehadiran Anda sangat berarti dalam ...,['revisi UU Pilkada'],[],{},900+ suka,1 tahun yang lalu,p,organic,48,,,,,,,instagram_search2.json
https://www.instagram.com/reel/C-7mL7mt7mC/,Presiden Joko Widodo () menanggapi polemik syarat ...,Instagram › katadatacoid,"... revisi UU Pilkada. Jokowi JokoWidodo MahkamahKonstitusi UUPilkada DPRRI Pilkada2024 Katadatacoid VideoKatadata"".",[],[],{},"3,3 rb+ suka",1 tahun yang lalu,reel,organic,49,0:20,,,,,,instagram_search2.json
https://www.instagram.com/p/C_NJX0hzl4c/,Presiden Joko Widodo (Jokowi) memuji respons DPR RI ...,Instagram › totalpolitikcom,... revisi UU Pilkada itu digelar pada Kamis (22/8). Aksi tersebut digelar di tengah DPR menggelar rapat paripurna pengesahan RUU Pilkada. Di ...,['revisi UU Pilkada'],[],{},"5,6 rb+ suka",1 tahun yang lalu,p,organic,51,,,,,,,instagram_search2.json
https://www.instagram.com/reel/C--BRDGBi_J/,Aksi mendukung putusan MK dan menolak revisi UU Pilkada ...,Instagram › metrotv,"543 likes, 17 comments - metrotv on August 22, 2024: ""Aksi mendukung putusan MK dan menolak revisi UU Pilkada juga dilakukan di depan gedung ...",[],[],{},540+ suka,1 tahun yang lalu,reel,organic,53,0:44,,,,,,instagram_search2.json
https://www.instagram.com/reel/C-9ylKUpcJ_/,Massa aksi menolak Revisi UU Pilkada menjebol pagar jeruji ...,Instagram › cnbcindonesia,"31K likes, 1945 comments - cnbcindonesia on August 22, 2024: ""Massa aksi menolak Revisi UU Pilkada menjebol pagar jeruji di depan Gedung DPR ...",[],[],{},"31,4 rb+ suka",1 tahun yang lalu,reel,organic,55,0:35,,,,,,instagram_search2.json
https://www.instagram.com/reel/C-_20KwydpX/,Kepala Presidential Communication Office (PCO) Hasan ...,Instagram › narasinewsroom,"Kepala Presidential Communication Office (PCO) Hasan Nasbi merespons demonstrasi penolakan revisi UU Pilkada di sejumlah wilayah di Indonesia, ...",[],[],{},"85,3 rb+ suka",1 tahun yang lalu,reel,organic,56,0:03,,,,,,instagram_search2.json
https://www.instagram.com/reel/C-9gI1oCqXI/,"detikcom on Instagram: ""Tolak Revisi UU Pilkada 2024, ramai ...",Instagram › detikcom,"18K likes, 330 comments - detikcom on August 21, 2024: ""Tolak Revisi UU Pilkada 2024, ramai-ramai dari para kalangan public figure ikut ...",[],[],{},"17,8 rb+ suka",1 tahun yang lalu,reel,organic,57,0:52,,,,,,instagram_search2.json
https://www.instagram.com/reel/DA-zxelyVjB/,"Kebijakan Revisi UU Pilkada kemarin, menjadi ...",Instagram › pangi_syarwi,"4 likes, 0 comments - pangi_syarwi on October 4, 2024: ""Kebijakan Revisi UU Pilkada kemarin, menjadi pembelajaran dengan mundur selangkah ...",['Revisi UU Pilkada'],[],{},4 suka,1 tahun yang lalu,reel,organic,58,,,,,,,instagram_search2.json
https://www.instagram.com/reel/C--KU35Pm1W/,"KompasTV on Instagram: ""Masinton dan Arteria PDIP Ditanya ...",Instagram › kompastv,"... Revisi UU Pilkada dibatalkan,” ujar salah satu demonstran. Tak sendiri, Masinton bersama Arteria Dahlan mendengarkan aspirasi demonstran ...",[],[],{},"27,2 rb+ suka",1 tahun yang lalu,reel,organic,59,12:05,,,,,,instagram_search2.json
https://www.instagram.com/p/DSthxwxEbUo/,"Di ujung tahun 2025, sebuah wacana mengembalikan ...",Instagram › bang.dhin,"... perubahan sistem pilkada sebagai langkah yang tidak tepat waktu. Di tengah penderitaan rakyat, perdebatan soal mekanisme kekuasaan dianggap ...",['perubahan sistem pilkada'],[],{},8 suka,2 minggu yang lalu,p,organic,159,,,,,,,instagram_search2.json
https://www.instagram.com/reel/DB8Gs4nyU8f/,Pilkada Kab. Kediri Sebentar Lagi Ayo Warga Kab. Kediri Pilih ...,Instagram › pan_kediri,Partai Kebangkitan Bangsa (PKB) juga secara terbuka mendukung. Ketua DPP PKB Daniel Johan mengatakan perubahan sistem pilkada tersebut merupakan ...,[],[],{},20+ suka,1 tahun yang lalu,reel,organic,160,2:11,,,,,,instagram_search2.json
https://www.instagram.com/p/DPd7Kh2EaXi/,Pendidikan Politik Anggota Partai Aceh Tahun 2025 ...,Instagram › dpp_partaiaceh,"Menurutnya, setiap elit politik memiliki hak menyampaikan gagasan di ruang publik, termasuk wacana perubahan sistem pilkada. Namun, menurut ...",['perubahan sistem pilkada'],[],{},50+ suka,3 bulan yang lalu,p,organic,161,,,,,,,instagram_search2.json
https://www.instagram.com/p/DExA0LJtPZT/,"Menteri Komunikasi dan Digital (Menkomdigi), Meutya ...",Instagram › tirtoid,"Menurut Ardian, penolakan terhadap wacana perubahan sistem Pilkada itu juga datang dari laki-laki maupun perempuan. Penolakan juga muncul ...",['perubahan sistem Pilkada'],[],{},"1,6 rb+ suka",12 bulan yang lalu,p,organic,162,,,,,,,instagram_search2.json
https://www.instagram.com/p/BY0kLH3hBMn/?hl=es,"Sempat populer pada awal dekade 2000, kini acara ajang ...",Instagram › tirtoid,"Menurut Ardian, penolakan terhadap wacana perubahan sistem Pilkada itu juga datang dari laki-laki maupun perempuan. Penolakan juga muncul ...",['perubahan sistem Pilkada'],[],{},2 rb+ suka,8 tahun yang lalu,p,organic,163,,,,,,,instagram_search2.json
https://www.instagram.com/p/DMNdkwwhCjc/,Dewan Kehormatan Penyelenggara Pemilu (DKPP ...,Instagram › medsosaceh,"Menurutnya, setiap elit politik memiliki hak menyampaikan gagasan di ruang publik, termasuk wacana perubahan sistem pilkada. Namun, menurut ...",['perubahan sistem pilkada'],[],{},70+ suka,5 bulan yang lalu,p,organic,165,,,,,,,instagram_search2.json
https://www.instagram.com/reel/DCnLS4fBtkI/,Halo Sobat Polri !! Dalam rangka menyambut Pilkada ...,Instagram › humaspoldajatim,Wacana perubahan sistem Pilkada kembali mencuat! Partai Amanat Nasional (PAN) menyatakan dukungannya jika pemilihan kepala daerah ...,[],[],{},60+ suka,1 tahun yang lalu,reel,organic,167,3:15,,,,,,instagram_search2.json
https://www.instagram.com/reel/DQ4VhWWEodH/,"Alhamdulillah, hari ini Wali Kota Banda Aceh, Illiza Sa ...",Instagram › humasbna,"... Revisi UU Pilkada dari Kemendagri. Insyaallah, kolaborasi dan pembelajaran ini adalah bagian dari komitmen kita bersama dalam mewujudkan ...",[],[],{},70+ suka,1 bulan yang lalu,reel,organic,60,0:32,,,,,,instagram_search2.json
https://www.instagram.com/reel/C-6vi7lSV_V/,Badan Legislasi DPR (Baleg) menggelar rapat kerja membahas ...,https://www.instagram.com › reel,"6924 likes, 1035 comments - kumparancom on August 20, 2024: ""Badan Legislasi DPR (Baleg) menggelar rapat kerja membahas Revisi UU Pilkada pada Rabu (21/8).",['Revisi UU Pilkada'],[],{},,,reel,organic,62,,,,,,,instagram_search2.json
https://www.instagram.com/reel/C-91VQsJN51/,"KompasTV on Instagram: ""Pantauan Udara Massa Aksi Demo ...",Instagram › kompastv,"2400 likes, 37 comments - kompastv on August 22, 2024: ""Pantauan Udara Massa Aksi Demo Tolak Revisi UU Pilkada di Depan Gedung DPR ____ ...",[],[],{},"2,4 rb+ suka",1 tahun yang lalu,reel,organic,63,2:41,,,,,,instagram_search2.json
https://www.instagram.com/reel/C-9uq35S8l-/,Ribuan massa aksi demo menolak revisi UU Pilkada di ...,Instagram › kumparancom,"20K likes, 955 comments - kumparancom on August 22, 2024: ""Ribuan massa aksi demo menolak revisi UU Pilkada di DPR mengenakan beragam ...",['revisi UU Pilkada'],[],{},"19,8 rb+ suka",1 tahun yang lalu,reel,organic,64,,,,,,,instagram_search2.json
https://www.instagram.com/p/C_AtGf-yFJk/,Kapolda Metro Jaya bersama Wakapolda ...,Instagram › polsek_tanjung_priok,... revisi UU Pilkada yang dianggap akan mempengaruhi integritas dan transparansi pemilihan kepala daerah. Kapolda Metro Jaya dan Wakapolda ...,['revisi UU Pilkada'],[],{},2 suka,1 tahun yang lalu,p,organic,65,,,,,,,instagram_search2.json
https://www.instagram.com/reel/C-9uNBUBAAS/,Situasi Aksi Demo Penolakan Revisi UU Pilkada di Gedung ...,Instagram › idntimes,"1709 likes, 12 comments - idntimes on August 22, 2024: ""Situasi Aksi Demo Penolakan Revisi UU Pilkada di Gedung DPR"".",[],[],{},"1,7 rb+ suka",1 tahun yang lalu,reel,organic,66,3:19,,,,,,instagram_search2.json
https://www.instagram.com/reel/C-9yaSmM4HP/,"kaltengpedia on Instagram: ""Kamis (22/8/2024), massa mulai ...",Instagram › kaltengpedia,... Revisi UU Pilkada. opinimasyarakat opinibermakna kaltengpedia mahkamahkonstitusi putusanmk demonstrasi reels fyp trending ...,[],[],{},"1,4 rb+ suka",1 tahun yang lalu,reel,organic,67,0:36,,,,,,instagram_search2.json
https://www.instagram.com/reel/DTARlc6khaU/,Sebuah pernyataan kontroversial ...,Instagram › arie_ngetren,"Dede juga menjelaskan, bila revisi UU Pilkada dibahas, prosesnya kemungkinan dilakukan setelah rampungnya revisi UU Nomor 7 Tahun 2017 tentang ...",['revisi UU Pilkada'],[],{},280+ suka,6 hari yang lalu,reel,organic,68,,,,,,,instagram_search2.json
https://www.instagram.com/p/C--be-KSqrd/,📌[ Pernyataan Sikap PPI Dunia Tentang Penolakan Revisi UU ...,https://www.instagram.com › C--be-KSqrd,"90 likes, 2 comments - hukumppidunia on August 22, 2024: "" [ Pernyataan Sikap PPI Dunia Tentang Penolakan Revisi UU Pilkada ] "".",['Revisi UU Pilkada'],[],{},,,p,organic,69,,,,,,,instagram_search2.json
https://www.instagram.com/p/DSoNwS6jQja/,Prabowo Subianto mendukung wacana penghapusan ...,Instagram › kang_juaw,"Presiden Prabowo Subianto membuka kemungkinan perubahan sistem pilkada langsung menjadi dipilih oleh DPRD, menanggapi usulan Ketua Umum Golkar ...",['perubahan sistem pilkada'],[],{},,,p,organic,168,,2 minggu yang lalu,,,,,instagram_search2.json
https://www.instagram.com/p/DS6-aNdEqhA/,konteks Usulan agar kepala daerah dipilih oleh DPRD ...,Instagram › kontekscoid,"Ketua DPP Partai Gerindra, Prasetyo Hadi, menilai perlunya perubahan sistem pilkada karena mahalnya ongkos politik. Menurutnya, proses ...",['perubahan sistem pilkada'],[],{},5 suka,1 minggu yang lalu,p,organic,169,,,,,,,instagram_search2.json
https://www.instagram.com/indonara.id/p/DSowEHOkqfA/?hl=sv,Partai Demokrat masih mengkaji secara mendalam ...,Instagram › indonara.id,"... perubahan sistem Pilkada bukan hal baru. Pada tahun 2014, DPR RI sempat memutuskan Pilkada dilakukan melalui DPRD. Namun, kuatnya aspirasi ...",['perubahan sistem Pilkada'],[],{},,,indonara.id,organic,170,,2 minggu yang lalu,,,,,instagram_search2.json
https://www.instagram.com/reel/CzY5SuxSQD9/,Kinderflix viral di media sosial X (Twitter) akibat kasus ...,Instagram › tirtoid,"Menurut Ardian, penolakan terhadap wacana perubahan sistem Pilkada itu juga datang dari laki-laki maupun perempuan. Penolakan juga muncul ...",[],[],{},"8,9 rb+ suka",2 tahun yang lalu,reel,organic,171,0:49,,,,,,instagram_search2.json
https://www.instagram.com/p/DS34Km7E4mu/,Partai Gerindra Ikut Usulkan Kepala Daerah Dipilih DPRD ...,Instagram › infolombok_official,"... perubahan sistem pilkada. Menurut Prasetyo, sistem pilkada langsung saat ini memiliki banyak sisi negatif, terutama tingginya biaya politik ...",['perubahan sistem pilkada'],[],{},,,p,organic,172,,1 minggu yang lalu,,,,,instagram_search2.json
https://www.instagram.com/p/B0Qi6fpHkJW/,Seharian di luar pas sampai rumah mau mandi ah. Wah ...,Instagram › tirtoid,"Menurut Ardian, penolakan terhadap wacana perubahan sistem Pilkada itu juga datang dari laki-laki maupun perempuan. Penolakan juga muncul ...",['perubahan sistem Pilkada'],[],{},"4,5 rb+ suka",6 tahun yang lalu,p,organic,173,,,,,,,instagram_search2.json
https://www.instagram.com/reel/DFe7tADiLD3/,[TRIGGER WARNING: Mengandung Insiden Kekerasan],Instagram › tirtoid,"Menurut Ardian, penolakan terhadap wacana perubahan sistem Pilkada itu juga datang dari laki-laki maupun perempuan. Penolakan juga muncul ...",['perubahan sistem Pilkada'],[],{},"5,4 rb+ suka",11 bulan yang lalu,reel,organic,174,,,,,,,instagram_search2.json
https://www.instagram.com/p/DJ5RW75ybxZ/,"Dorong Pemilu Lebih Berkualitas, Demokrat Gelar Forum ...",Instagram › dpddemokratsumbar,"Ia mengingatkan wacana perubahan sistem Pilkada bukan hal baru. Pada tahun 2014, DPR RI sempat memutuskan Pilkada dilakukan melalui DPRD ...",['perubahan sistem Pilkada'],[],{},4 suka,7 bulan yang lalu,p,organic,175,,,,,,,instagram_search2.json
https://www.instagram.com/p/DGQbYJ8zBQk/,Bank Indonesia (BI) membebaskan biaya layanan ...,Instagram › tirtoid,"Menurut Ardian, penolakan terhadap wacana perubahan sistem Pilkada itu juga datang dari laki-laki maupun perempuan. Penolakan juga muncul ...",['perubahan sistem Pilkada'],[],{},300+ suka,10 bulan yang lalu,p,organic,176,,,,,,,instagram_search2.json
https://www.instagram.com/reel/DS4FdOVk1eG/,Ketua DPP Partai Gerindra Prasetyo Hadi menyatakan ...,Instagram › swapnews.co.id,Pengurus Partai Gerindra menyatakan dukungan mereka terhadap perubahan sistem pilkada melalui DPRD. Mereka berpendapat bahwa sistem sekarang ...,['perubahan sistem pilkada'],[],{},,,reel,organic,177,,1 minggu yang lalu,,,,,instagram_search2.json
https://www.instagram.com/reel/C-96ODnvnWe/,"KompasTV on Instagram: ""Mahasiswa Yogyakarta Turun ke ...",Instagram › kompastv,"1786 likes, 20 comments - kompastv on August 22, 2024: ""Mahasiswa Yogyakarta Turun ke Jalan, Gelar Aksi Tolak Revisi UU Pilkada ____ Massa ...",[],[],{},"1,8 rb+ suka",1 tahun yang lalu,reel,organic,73,3:25,,,,,,instagram_search2.json
https://www.instagram.com/p/C_CcUZtB_MS/,Polisi menetapkan 19 orang yang ditangkap terkait aksi ...,Instagram › cnnindonesia,... Revisi UU Pilkada di depan Gedung DPR sebagai tersangka.⁣ ⁣ Polda Metro Jaya menangkap setidaknya 50 orang dalam aksi demo yang berujung ...,['Revisi UU Pilkada'],[],{},"12,2 rb+ suka",1 tahun yang lalu,p,organic,74,,,,,,,instagram_search2.json
https://www.instagram.com/p/DTPoqvekzDk/,Tayangan Mens Rea Pandji Pragiwaksono menuai protes ...,Instagram › mood.jakarta,"Mereka menggelar aksi demo menolak pengesahan Revisi UU Pilkada di depan Gedung DPR RI, Jakarta, hari ini, Kamis (22/8/2024). Aksi demo ini ...",['Revisi UU Pilkada'],[],{},"9,6 rb+ suka",9 jam yang lalu,p,organic,75,,,,,,,instagram_search2.json
https://www.instagram.com/reel/DTPsxSPEk2J/,Pemuda dari Nahdlatul Ulama dan Muhammadiyah ...,Instagram › gtid.news,"Mereka menggelar aksi demo menolak pengesahan Revisi UU Pilkada di depan Gedung DPR RI, Jakarta, hari ini, Kamis (22/8/2024). Aksi demo ini ...",['Revisi UU Pilkada'],[],{},"1,6 rb+ suka",9 jam yang lalu,reel,organic,76,,,,,,,instagram_search2.json
https://www.instagram.com/reel/DKMJO6dzCA4/,"Perludem on Instagram: ""Apa saja 3 poin krusial yang harus ...",Instagram › perludem,"Revisi UU Pilkada perlu diarahkan pada penguatan penegakan hukum terhadap politik uang melalui criminal justice system yang tegas, dengan ...",[],[],{},30+ suka,7 bulan yang lalu,reel,organic,77,1:38,,,,,,instagram_search2.json
https://www.instagram.com/p/DTBOJitlbUl/,"Landasan Konstitusional Pilkada Melalui DPRD, Ini ...",Instagram › faktamediaid,Ketua DPP PKB Daniel Johan mengatakan perubahan sistem pilkada tersebut merupakan ide lama Ketum PKB Muhaimin Iskandar atau Cak Imin.,['perubahan sistem pilkada'],[],{},,,p,organic,178,,6 hari yang lalu,,,,,instagram_search2.json
https://www.instagram.com/reel/DC3rF2Bz4sU/,Detikjabar | Wargi Jabar! Ieu hasil Quick Count Indikator ...,Instagram › detikjabar,Partai Kebangkitan Bangsa (PKB) juga secara terbuka mendukung. Ketua DPP PKB Daniel Johan mengatakan perubahan sistem pilkada tersebut merupakan ...,[],[],{},140+ suka,1 tahun yang lalu,reel,organic,179,0:19,,,,,,instagram_search2.json
https://www.instagram.com/p/DS19f7qCQjD/,Serantau Politik,Instagram › serantaumedia.id,"... perubahan sistem pilkada yang justru bisa mengabaikan kedaulatan rakyat. Baca selengkapnya dalam ""Kepala Daerah Dipilih DPRD Berpotensi Buka ...",['perubahan sistem pilkada'],[],{},,,p,organic,180,,1 minggu yang lalu,,,,,instagram_search2.json
https://www.instagram.com/reel/C6GhzgrpDtR/,"Fraksi PDI-Perjuangan DPR RI on Instagram: ""Wakil Ketua ...",Instagram › bantengsenayan,"... perubahan sistem pilkada sebagai langkah yang tidak tepat waktu. Di tengah penderitaan rakyat, perdebatan soal mekanisme kekuasaan dianggap ...",[],[],{},70+ suka,1 tahun yang lalu,reel,organic,181,3:33,,,,,,instagram_search2.json
https://www.instagram.com/p/DSrOvlBj_EF/,PAN Nilai Pilkada via DPRD Lebih “Pancasila ...,Instagram › koranbaliexpress,"Sebab, saat sebagian masyarakat menghadapi bencana, elite justru mendiskusikan perihal perubahan sistem pilkada yang justru bisa mengabaikan ...",['perubahan sistem pilkada'],[],{},,,p,organic,183,,2 minggu yang lalu,,,,,instagram_search2.json
https://www.instagram.com/p/DS6JqUNDTaf/,Ramai wacana kepala daerah dipilih oleh DPRD kembali ...,Instagram › updatenusantaracom,"... perubahan sistem pilkada sebagai langkah yang tidak tepat waktu. Di tengah penderitaan rakyat, perdebatan soal mekanisme kekuasaan dianggap ...",['perubahan sistem pilkada'],[],{},10+ suka,1 minggu yang lalu,p,organic,184,,,,,,,instagram_search2.json
https://www.instagram.com/p/DS6S5vME9cw/,"Kata Milenia | Di saat Indonesia banyak bencana, partai ...",Instagram › katamilenia,"... perubahan sistem pilkada sebagai langkah yang tidak tepat waktu. Di tengah penderitaan rakyat, perdebatan soal mekanisme kekuasaan dianggap ...",['perubahan sistem pilkada'],[],{},3 suka,1 minggu yang lalu,p,organic,185,,,,,,,instagram_search2.json
https://www.instagram.com/reel/DCQBxmkzoRc/,FORUM TANAH AIR Yang digawangi oleh Bung Rocky ...,Instagram › nalarlogika.id,... perubahan sistem Pilkada. | NalarLogika.id Masyarakat Sipil Yang Menolak Bodoh nalarlogikaid ...,['perubahan sistem Pilkada'],[],{},350+ suka,1 tahun yang lalu,reel,organic,187,,,,,,,instagram_search2.json
https://www.instagram.com/p/DOp9f1HEoSj/,Koalisi Kodifikasi UU Pemilu mendesak pemerintah dan ...,Instagram › perludem,"... revisi UU pilkada dipilih DPRD (seperti zaman soeharto) yg tidak ada manfaat nya bagi rakyat. Suara Rakyat adalah suara Tuhan ✓, bukan ...",['revisi UU pilkada'],[],{},390+ suka,3 bulan yang lalu,p,organic,80,,,,,,,instagram_search2.json
https://www.instagram.com/reel/C_KchpRyvCJ/,Aksi Aliansi Mahasiwa Tiga Daerah Geruduk Gedung DPRD ...,Instagram › dprdkotategal,"... Revisi UU Pilkada. Kusnendro,S.T berkomitmen untuk terus mengawal aspirasi yang disampaikan Mahasiswa Aliansi Tiga Daerah ini. ___ Tulis ...",[],[],{},40+ suka,1 tahun yang lalu,reel,organic,81,0:53,,,,,,instagram_search2.json
https://www.instagram.com/reel/DS6lKXPEam8/,Komisi II DPR menyatakan belum memulai pembahasan ...,Instagram › kuatbacacom,... revisi UU Pilkada secara lebih lanjut. Wacana ini kemungkinan dilakukan setelah revisi UU Nomor 7 Tahun 2017 tentang Pemilu rampung.,[],[],{},10+ suka,1 minggu yang lalu,reel,organic,82,0:05,,,,,,instagram_search2.json
https://www.instagram.com/reel/DMpy-Tvpz_a/,"Fraksi PKB on Instagram: ""Anggota Komisi II DPR RI Fraksi ...",Instagram › fraksipkb,"KedaiPena.Com – Menteri Sekretaris Negara Prasetyo Hadi menegaskan, pemerintah mendengarkan aspirasi publik tentang revisi UU Pilkada, khususnya ...",[],[],{},10+ suka,5 bulan yang lalu,reel,organic,83,1:31,,,,,,instagram_search2.json
https://www.instagram.com/reel/DJtj8xeSIxj/,"Pilkada dengan PSU Ulang Berkali-kali, Sebaiknya Ada ...",Instagram › ariabima_ab,"... Revisi UU Pilkada agar persoalan Pilkada dan Pemungutan Suara Ulang tidak berlarut-larut. PDIPerjuangan Komisi2DPRRI PSUUlangPilkada"".",[],[],{},50+ suka,7 bulan yang lalu,reel,organic,84,0:55,,,,,,instagram_search2.json
https://www.instagram.com/reel/DMvHi7eStab/,Baru saja MK mengeluarkan Putusan No. 104/PUU-XXIII/2025 ...,Instagram › lollysaja,"DPR Batal Sahkan Revisi UU, Pilkada Ikuti Putusan MK But wait, dulu DPR juga pernah ngesahkan RUU tengah malem, iya tengah malem banget",[],[],{},940+ suka,5 bulan yang lalu,reel,organic,85,3:55,,,,,,instagram_search2.json
https://www.instagram.com/p/DLXI8bST2rl/,"Jakarta, 26 Juni 2025 – Mahkamah Konstitusi (MK ...",Instagram › perludem,"Revisi UU Pilkada perlu diarahkan pada penguatan penegakan hukum terhadap politik uang melalui criminal justice system yang tegas, dengan ...",['Revisi UU Pilkada'],[],{},940+ suka,6 bulan yang lalu,p,organic,86,,,,,,,instagram_search2.json
https://www.instagram.com/p/DRhCKiHkl6G/,DPR sedang menuju proses revisi UU Pemilu ...,Instagram › remotivi.or.id,"... revisi UU Pilkada yang seolah-olah dirancang untuk menyederhanakan proses demokrasi, padahal tujuannya adalah mempermudah pembentukan sistem ...",['revisi UU Pilkada'],[],{},680+ suka,1 bulan yang lalu,p,organic,88,,,,,,,instagram_search2.json
https://www.instagram.com/reel/DR_Xfs6D_SO/,Presiden Prabowo mempertimbangkan perubahan sistem ...,Instagram › kabarindonesia_kgi,Presiden Prabowo mempertimbangkan perubahan sistem pilkada menjadi tidak langsung melalui DPRD. · Presiden Prabowo Subianto menyatakan dukungan ...,['perubahan sistem pilkada'],[],{},2 suka,1 bulan yang lalu,reel,organic,188,,,,,,,instagram_search2.json
https://www.instagram.com/reel/DSmATh0EeLb/,"Wacana Pilkada Dipilih DPRD Disorot, Said Abdullah ...",Instagram › harian.banten,... perubahan sistem pilkada tidak dilakukan secara terburu-buru dan harus dikaji secara matang demi menjaga kualitas demokrasi lokal ...,['perubahan sistem pilkada'],[],{},5 suka,2 minggu yang lalu,reel,organic,189,,,,,,,instagram_search2.json
https://www.instagram.com/reel/DS-Ak5zk0mG/,Wakil Ketua Umum Partai Amanat Nasional (PAN) Viva ...,Instagram › detikinside,... perubahan sistem pilkada selama ini kerap memantik gelombang demonstrasi nasional. “PAN setuju pilkada dilaksanakan secara tidak langsung ...,['perubahan sistem pilkada'],[],{},5 suka,1 minggu yang lalu,reel,organic,190,,,,,,,instagram_search2.json
https://www.instagram.com/p/DJ3cJnzSHeR/,"*Dorong Pemilu Lebih Berkualitas, Demokrat Gelar Forum ...",Instagram › pdsumedang,"Ia mengingatkan wacana perubahan sistem Pilkada bukan hal baru. Pada tahun 2014, DPR RI sempat memutuskan Pilkada dilakukan melalui DPRD ...",['perubahan sistem Pilkada'],[],{},2 suka,7 bulan yang lalu,p,organic,191,,,,,,,instagram_search2.json
https://www.instagram.com/p/DDKFbLzSTK1/,Konservasi kehidupan liar memiliki peran yang sangat ...,Instagram › bungkomar,"... perubahan sistem pilkada sebagai langkah yang tidak tepat waktu. Di tengah penderitaan rakyat, perdebatan soal mekanisme kekuasaan dianggap ...",['perubahan sistem pilkada'],[],{},10+ suka,1 tahun yang lalu,p,organic,192,,,,,,,instagram_search2.json
https://www.instagram.com/imade_kertayasa/reel/DCTr0iUPEfv/?hl=bg,DEBAT PILKADA KUTAI KARTANEGARA 2024,Instagram › imade_kertayasa,Wacana perubahan sistem Pilkada kembali mencuat! Partai Amanat Nasional (PAN) menyatakan dukungannya jika pemilihan kepala daerah ...,['perubahan sistem Pilkada'],[],{},30+ suka,1 tahun yang lalu,imade_kertayasa,organic,193,,,,,,,instagram_search2.json
https://www.instagram.com/p/DS6bY2XjwCc/,"""Dunia politik tanah air kembali diguncang isu panas ...",Instagram › aliansi_pengkritik_pemerintah,"Meski mendukung wacana tersebut, Gerindra menyatakan perubahan sistem pilkada perlu dibahas secara matang dan melibatkan berbagai pihak agar ...",['perubahan sistem pilkada'],[],{},4 suka,1 minggu yang lalu,p,organic,194,,,,,,,instagram_search2.json
https://www.instagram.com/p/DR_Ng2oE2XB/,Presiden Prabowo Subianto membuka kemungkinan ...,Instagram › vjmarpoyon,"Prabowo Subianto membuka kemungkinan perubahan sistem pilkada langsung menjadi dipilih oleh DPRD, setelah Ketua Umum Golkar Bahlil Lahadalia ...",['perubahan sistem pilkada'],[],{},,,p,organic,195,,1 bulan yang lalu,,,,,instagram_search2.json
https://www.instagram.com/p/DS4O4kzkiH0/,Wacana perubahan mekanisme pemilihan kepala daerah ...,Instagram › tigapenacom,"... perubahan sistem pilkada sebagai langkah yang tidak tepat waktu. Di tengah penderitaan rakyat, perdebatan soal mekanisme kekuasaan dianggap ...",['perubahan sistem pilkada'],[],{},,,p,organic,196,,1 minggu yang lalu,,,,,instagram_search2.json
https://www.instagram.com/p/DStyAt5lFuq/,"Di ujung tahun 2025, sebuah wacana mengembalikan ...",Instagram › wd_swandito,"... perubahan sistem pilkada yang justru bisa mengabaikan kedaulatan rakyat. Baca selengkapnya dalam ""Kepala Daerah Dipilih DPRD Berpotensi Buka ...",['perubahan sistem pilkada'],[],{},,,p,organic,197,,2 minggu yang lalu,,,,,instagram_search2.json
https://www.instagram.com/p/DLaCO6zNF2Q/,Komisi Pemilihan Umum (KPU) menyatakan akan ...,Instagram › kumparancom,"Revisi UU Pilkada perlu diarahkan pada penguatan penegakan hukum terhadap politik uang melalui criminal justice system yang tegas, dengan ...",['Revisi UU Pilkada'],[],{},1 rb+ suka,6 bulan yang lalu,p,organic,89,,,,,,,instagram_search2.json
https://www.instagram.com/reel/C_HZhIDsEL0/,Anies Respons Cak Imin jadi Ketum Lagi hingga Singgung ...,https://www.instagram.com › reel › C_HZhIDsEL0,"2881 likes, 126 comments - kompastv on August 25, 2024: ""Anies Respons Cak Imin jadi Ketum Lagi hingga Singgung Penolakan Revisi UU Pilkada usai Putusan MK ...",['Revisi UU Pilkada'],[],{},,,reel,organic,90,,,,,,,instagram_search2.json
https://www.instagram.com/p/DSCi6DQkh9l/,Wacana perubahan mekanisme pemilihan kepala daerah ...,Instagram › indoposco.id,"Revisi UU Pilkada perlu diarahkan pada penguatan penegakan hukum terhadap politik uang melalui criminal justice system yang tegas, dengan ...",['Revisi UU Pilkada'],[],{},10+ suka,1 bulan yang lalu,p,organic,91,,,,,,,instagram_search2.json
https://www.instagram.com/reel/C-9wNhbypJb/?hl=en,"kumparan on Instagram: ""Massa demonstrasi di depan ...",Instagram › kumparancom,"Mereka menggelar aksi demo menolak pengesahan Revisi UU Pilkada di depan Gedung DPR RI, Jakarta, hari ini, Kamis (22/8/2024). Aksi demo ini ...",[],[],{},59 rb+ suka,1 tahun yang lalu,reel,organic,92,1:26,,,,,,instagram_search2.json
https://www.instagram.com/p/C_Ab2q6SnAb/,Sejumlah massa yang terdiri dari mahasiswa hingga ...,https://www.instagram.com › ...,"Sejumlah massa yang terdiri dari mahasiswa hingga masyarakat sipil melakukan aksi menolak pengesahan Revisi UU Pilkada di depan Gedung DPR RI, Jakarta, ...",['Revisi UU Pilkada'],[],{},,,p,organic,94,,,,,,,instagram_search2.json
https://www.instagram.com/p/C--R6A0S4uC/,Pernyataan sikap KEMITRAAN menyikapi dinamika politik ...,Instagram › kemitraan_ind,... revisi UU Pilkada yang isinya mengabaikan putusan MK. 3. Mendesak DPR dan Pemerintah untuk menghentikan manuver politik dan menjadikan hukum ...,['revisi UU Pilkada'],[],{},390+ suka,1 tahun yang lalu,p,organic,95,,,,,,,instagram_search2.json
https://www.instagram.com/p/DLy_-kBSZhh/,MK putuskan Pemilu Nasional dan Lokal dipisah mulai ...,Instagram › sindonews,"Revisi UU Pilkada perlu diarahkan pada penguatan penegakan hukum terhadap politik uang melalui criminal justice system yang tegas, dengan ...",['Revisi UU Pilkada'],[],{},50+ suka,6 bulan yang lalu,p,organic,96,,,,,,,instagram_search2.json
https://www.instagram.com/p/C_AUJpOT6KU/,Puluhan Mahasiswa di Kota Madiun melakukan aksi ...,Instagram › official_unmermadiun,... Revisi UU Pilkada. Kumpulan mahasiswa tersebut berangkat dari Kampus Unmer Madiun dan bersama menuju kantor DPRD yang langsung ditemui oleh ...,['Revisi UU Pilkada'],[],{},420+ suka,1 tahun yang lalu,p,organic,97,,,,,,,instagram_search2.json
https://www.instagram.com/p/DS7CruekSXJ/,Berkah dan barokah untuk kita semua. Tahun 2026 bagi ...,Instagram › adkasi_id,... Revisi UU Pilkada; Kepala Daerag dipilih DPRD atau dipilih rakyat? Dilaksanakan Tahun 2029 atau Tahun 2031?. Revisi UU Pemilu; Pileg ...,['Revisi UU Pilkada'],[],{},3 suka,1 minggu yang lalu,p,organic,98,,,,,,,instagram_search2.json
https://www.instagram.com/p/DTHXw2VkgCT/,"Ketika biaya demokrasi dianggap terlalu mahal, prosesnya ...",Instagram › omongomongdotcom,"""Pilkada DPRD: Gerakan Mundur Menuju Oligarki Partai?"" pilkada dprd oligarkipartai beritaviral berita beritahariini beritaterbaru ...","['Pilkada DPRD', 'pilkada dprd']",[],{},40+ suka,3 hari yang lalu,p,organic,126,,,,,,,instagram_search2.json
https://www.instagram.com/p/DS38LmJEjIo/,Pilkada menurut Mahkamah Konstitusi (MK) adalah bagian ...,Instagram › anwarsaragih_,"""Pilkada DPRD: Gerakan Mundur Menuju Oligarki Partai?"" pilkada dprd oligarkipartai beritaviral berita beritahariini beritaterbaru ...","['Pilkada DPRD', 'pilkada dprd']",[],{},250+ suka,1 minggu yang lalu,p,organic,127,,,,,,,instagram_search2.json
https://www.instagram.com/reel/DTAJK3vAdJ1/,"Tolak wacana Pilkada oleh DPRD, itu bukan untuk ...",Instagram › nandangsutisnachannel,... kekuasaan berpusat dan kembalinya otoritarianisme. pilkada dprd demokrasi otoritarianisme kekuasaanberpusat.,['pilkada dprd'],[],{},510+ suka,6 hari yang lalu,reel,organic,129,,,,,,,instagram_search2.json
https://www.instagram.com/p/DTH3q_cknkv/,"Opini, Edarinfo.com – Wacana pengembalian mekanisme ...",Instagram › edarinfodotcom,... akuntabilitas negara. pilkada dprd gerindra melihatindonesia. more. View all 12 comments. 5 days ago · asmzf37's profile picture. asmzf37. •.,['pilkada dprd'],[],{},50+ suka,3 hari yang lalu,p,organic,130,,,,,,,instagram_search2.json
https://www.instagram.com/reel/DTDRAZHk4cs/,Prof. Mahfud MD menyoroti munculnya wacana Pilkada ...,Instagram › onnpointmedia,"... mencabut hak rakyat untuk memilih pemimpinnya secara langsung Pilkada DPRD MahkamahKonstitusi Hukum OnPointMedia"".",['Pilkada DPRD'],[],{},40+ suka,5 hari yang lalu,reel,organic,131,,,,,,,instagram_search2.json
https://www.instagram.com/reel/DSgcTjWEr05/,Diundang oleh PP Muhammadiyah untuk melakukan Refleksi ...,Instagram › bang.rifqi.mrk,... pemimpinnya secara langsung Pilkada DPRD MahkamahKonstitusi Hukum. more. 2 days ago · langkah.maskawe's profile picture. langkah.maskawe. •.,[],[],{},120+ suka,2 minggu yang lalu,reel,organic,132,2:04,,,,,,instagram_search2.json
https://www.instagram.com/p/DTNMenrAUKm/,Perdebatan mengenai wacana pemilihan kepala daerah ...,Instagram › soksinews,Follow Instagram: Follow YouTube: Melesatku melesatku fokuspoint pilkada dprd dpr gubernur bupati gerinda partaipolitik.,['pilkada dprd'],[],{},4 suka,1 hari yang lalu,p,organic,134,,,,,,,instagram_search2.json
https://www.instagram.com/p/DTNotsik8CI/,"Wacana pemilihan kepala daerah baik gubernur, bupati ...",Instagram › harianradarselatan,Apa saja alasan Gerindra? Benarkah pilkada DPRD bisa jadi solusi? Baca ulasan lengkapnya hanya di viralsumsel.com,['pilkada DPRD'],[],{},4 suka,1 hari yang lalu,p,organic,136,,,,,,,instagram_search2.json
https://www.instagram.com/p/DTMtmu-E20X/,"​[HEADLINE: PILKADA DIPILIH DPRD, KEMAJUAN ...",Instagram › infojatim.co.id,... melahirkan masalah yang sama. demokrasi pilkada dprd kepaladaerah. more. 4 days ago · inilah_com's profile picture · inilah_com. •. Follow.,['pilkada dprd'],[],{},2 suka,1 hari yang lalu,p,organic,141,,,,,,,instagram_search2.json
https://www.instagram.com/p/DS1-dN5kjBG/,Partai Gerindra mendukung usulan pemilihan kepala ...,Instagram › sipalingrelate,Sumber: ➡️ detikNews – “Gerindra Dukung Usulan Kepala Daerah Dipilih DPRD Agar Lebih Efisien” ... cakramedia gerindra pilkada dprd politik.,['pilkada dprd'],[],{},50+ suka,1 minggu yang lalu,p,organic,142,,,,,,,instagram_search2.json
https://www.instagram.com/p/DTOwukMku7h/,kabargumelar,Instagram › kabargumelar,Apa saja alasan Gerindra? Benarkah pilkada DPRD bisa jadi solusi? Baca ulasan lengkapnya hanya di viralsumsel.com Gerindra PilkadaDPRD # ...,['pilkada DPRD'],[],{},6 suka,17 jam yang lalu,p,organic,143,,,,,,,instagram_search2.json
https://www.instagram.com/p/DS4L7-hkmQD/,PEMUDA LIRA DUKUNG GOLKAR: SAATNYA PILKADA ...,Instagram › lintasparlemen,... Pilkada DPRD? Ayo adu argumen di kolom komentar! Baca selengkapnya: ...,['Pilkada DPRD'],[],{},1 suka,1 minggu yang lalu,p,organic,144,,,,,,,instagram_search2.json
https://www.instagram.com/reel/DJ1ZBXSzqQL/,Live Streaming - Diskusi Publik Seri 1 Revisi Paket RUU Pemilu,Instagram › pdemokrat,"DPR Batal Sahkan Revisi UU, Pilkada Ikuti Putusan MK But wait, dulu DPR juga pernah ngesahkan RUU tengah malem, iya tengah malem ...",[],[],{},170+ suka,7 bulan yang lalu,reel,organic,100,1:39:56,,,,,,instagram_search2.json
https://www.instagram.com/reel/DOyAdLzE3KH/,Mendesak Reformasi Partai Politik & Pemilu Indonesia Dalam ...,Instagram › rumahpemilu,"... revisi UU pilkada dipilih DPRD (seperti zaman soeharto) yg tidak ada manfaat nya bagi rakyat. Suara Rakyat adalah suara Tuhan ✓, bukan ...",[],[],{},40+ suka,3 bulan yang lalu,reel,organic,101,5:53,,,,,,instagram_search2.json
https://www.instagram.com/reel/C-8E_RuSL6h/,"DPR Tolak Putusan MK soal Pilkada, Jokowi",Instagram › medantalk,... revisi UU Pilkada Baleg DPR RI baru saja menolak menjalankan Putusan MK Nomor 70/PUU-XXII/2024 soal syarat usia minimum calon kepala daerah ...,['revisi UU Pilkada'],[],{},"13,8 rb+ suka",1 tahun yang lalu,reel,organic,102,,,,,,,instagram_search2.json
https://www.instagram.com/p/C_A0Qg-yHft/,"Dalam waktu singkat, Baleg DPR RI memutuskan ...",Instagram › progresip_,"... Revisi UU Pilkada, yang jelas menguntungkan keluarga Presiden Jokowi untuk tetap berkuasa. Karena itu, masyarakat di berbagai wilayah ...",['Revisi UU Pilkada'],[],{},20+ suka,1 tahun yang lalu,p,organic,103,,,,,,,instagram_search2.json
https://www.instagram.com/p/DL8_JYixCi2/,Revisi UU Pemilu & Pilkada jadi urgensi - KPU & ...,Instagram › indekstat.official,"Revisi UU Pilkada perlu diarahkan pada penguatan penegakan hukum terhadap politik uang melalui criminal justice system yang tegas, dengan ...",['Revisi UU Pilkada'],[],{},10+ suka,6 bulan yang lalu,p,organic,104,,,,,,,instagram_search2.json
https://www.instagram.com/p/DTCFR27gVV7/,MENOLAK PEMILIHAN KEPALA DAERAH OLEH DPRD ...,Instagram › pusako_fhua,"... revisi UU pilkada dipilih DPRD (seperti zaman soeharto) yg tidak ada manfaat nya bagi rakyat. Suara Rakyat adalah suara Tuhan ✓, bukan ...",['revisi UU pilkada'],[],{},80+ suka,5 hari yang lalu,p,organic,105,,,,,,,instagram_search2.json
https://www.instagram.com/p/C_DXTp-yBam/,"J5NEWSROOM.COM, Jakarta – Pengamat Hukum Tata ...",Instagram › depari.id,"... revisi UU Pilkada serta berusaha menganulir putusan MK. Alumnus UGM dan Warwick University, Inggris itu mengungkapkan alasan Baleg RI ...",['revisi UU Pilkada'],[],{},10+ suka,1 tahun yang lalu,p,organic,106,,,,,,,instagram_search2.json
https://www.instagram.com/p/DLryovmyVp7/,Mahkamah Konstitusi (MK) memutuskan mulai 2029 ...,Instagram › sindonews,"Revisi UU Pilkada perlu diarahkan pada penguatan penegakan hukum terhadap politik uang melalui criminal justice system yang tegas, dengan ...",['Revisi UU Pilkada'],[],{},150+ suka,6 bulan yang lalu,p,organic,107,,,,,,,instagram_search2.json
https://www.instagram.com/reel/DLY2yEOTHYJ/,"Bawaslu Kota Jambi on Instagram: "" Putusan Baru MK! Mulai ...",Instagram › bawaslu_kotajambi,"Dede juga menjelaskan, bila revisi UU Pilkada dibahas, prosesnya kemungkinan dilakukan setelah rampungnya revisi UU Nomor 7 Tahun 2017 tentang ...",[],[],{},40+ suka,6 bulan yang lalu,reel,organic,108,1:34,,,,,,instagram_search2.json
https://www.instagram.com/p/DS2DjrRkekz/,Wacana pemilihan kepala daerah atau pilkada melalui ...,Instagram › prpdn.brin,"Revisi UU Pilkada perlu diarahkan pada penguatan penegakan hukum terhadap politik uang melalui criminal justice system yang tegas, dengan ...",['Revisi UU Pilkada'],[],{},20+ suka,1 minggu yang lalu,p,organic,109,,,,,,,instagram_search2.json
https://www.instagram.com/reel/C--OhUUSm5t/,"Puan Maharani on Instagram: ""Ketua DPR RI Puan Maharani ...",Instagram › ketua_dprri,"... revisi UU Pilkada yang tidak sejalan dengan putusan MK. Puan mengingatkan, DPR sebagai lembaga negara harus menjalankan tugas sesuai ...",[],[],{},"3,2 rb+ suka",1 tahun yang lalu,reel,organic,110,1:59,,,,,,instagram_search2.json
https://www.instagram.com/tribun_padang/reel/C-_-xg4tGj7/?hl=ar,Wakil Ketua DPR Sufmi Dasco Ahmad memastikan ...,Instagram › tribun_padang,Wakil Ketua DPR Sufmi Dasco Ahmad memastikan pengesahan revisi UU Pilkada dibatalkan. · Fenomena lubang tanah misterius yang diduga sinkhole atau ...,['revisi UU Pilkada'],[],{},20+ suka,1 tahun yang lalu,tribun_padang,organic,112,,,,,,,instagram_search2.json
https://www.instagram.com/reel/DOLP8jhEo0T/,"Kompas.com on Instagram: ""Aktor/influencer Andovi Da Lopez ...",Instagram › kompascom,Andovi Da Lopez menyuarakan kekecewaan atas kecepatan DPR dalam mengesahkan revisi UU Pilkada. Dia mengatakan bahwa hal ini bukanlah hal ...,[],[],{},"86,7 rb+ suka",4 bulan yang lalu,reel,organic,113,1:56,,,,,,instagram_search2.json
https://www.instagram.com/p/C_dQSs9S_w_/,003/Skep/PLEADS-FH/VII/2024 tentang pencabutan status ...,Instagram › pleadsfhunpad,"Oleh karena itu, PLEADS FH UNPAD menyatakan sikap untuk: 1. Mendesak Presiden dan DPR untuk menghentikan proses Revisi UU Pilkada dan mematuhi ...",['Revisi UU Pilkada'],[],{},140+ suka,1 tahun yang lalu,p,organic,115,,,,,,,instagram_search2.json
https://www.instagram.com/p/C-99QdMKtT9/?hl=hu,Gerbang pintu belakang gedung DPR ambruk dirobohkan ...,Instagram › rmol.id,"288 likes, 15 comments - rmol.id (August 22, 2024): ""Gerbang pintu belakang gedung DPR ambruk dirobohkan massa aksi tolak Revisi UU Pilkada, ...",['Revisi UU Pilkada'],[],{},280+ suka,1 tahun yang lalu,p,organic,116,,,,,,,instagram_search2.json
https://www.instagram.com/p/C--WiiVv9Ta/,Wakil Ketua DPR Sufmi Dasco Ahmad (tengah ...,Instagram › mediaindonesia,Dasco memastikan bahwa pengesahan RUU Pilkada dibatalkan dan akan membahas serta menyempurnakan revisi UU Pilkada pada periode DPR yang akan ...,['revisi UU Pilkada'],[],{},470+ suka,1 tahun yang lalu,p,organic,117,,,,,,,instagram_search2.json
https://www.instagram.com/p/C--NgQ8SK_5/,Sejumlah media asing ramai menyoroti akis demo “Darurat ...,Instagram › jawapos,"... revisi UU Pilkada, yang digelar di depan Gedung Dewan Perwakilan Rakyat Indonesia (DPR) di Jakarta, dan sejumlah daerah lainya seperti ...",['revisi UU Pilkada'],[],{},"6,8 rb+ suka",1 tahun yang lalu,p,organic,118,,,,,,,instagram_search2.json
https://www.instagram.com/p/C--J8zyterz/,"Wakil Ketua DPR, Sufmi Dasco Ahmad, mengungkapkan ...",Instagram › kaltimtoday.co,"... revisi UU Pilkada yang direncanakan pada hari ini, 22 Agustus, batal. Oleh karena itu, pada pendaftaran Pilkada tanggal 27 Agustus nanti ...",['revisi UU Pilkada'],[],{},150+ suka,1 tahun yang lalu,p,organic,119,,,,,,,instagram_search2.json
https://www.instagram.com/reel/C_AKwGEywLY/,MOMEN MOBIL MENPORA DITO ARIOTEDJO TERJEBAK ...,Instagram › merekamjakarta,... revisi UU Pilkada. DPR tetap mengikuti putusan Mahkamah Konstitusi terkait pelaksaan Pilkada. “Terima kasih untuk Pak Dasco. Tapi damai kan ...,['revisi UU Pilkada'],[],{},"6,3 rb+ suka",1 tahun yang lalu,reel,organic,120,,,,,,,instagram_search2.json
https://www.instagram.com/p/C-9k7vqhPw_/,MELAWAN TIRANI PEMBANGKANGAN KONSTITUSI DAN ...,Instagram › pusako_fhua,"... revisi UU Pilkada dilanjutkan dengan mengabaikan Putusan Mahkamah Konstitusi, maka masyarakat sipil melakukan pemboikotan Pilkada 2024 ...",['revisi UU Pilkada'],[],{},110+ suka,1 tahun yang lalu,p,organic,121,,,,,,,instagram_search2.json
https://www.instagram.com/p/C_HSkdRtHZW/,Setelah digempur ribuan massa dan mengepung Gedung ...,Instagram › hukum_online,"... revisi UU Pilkada tidak dapat dilaksanakan. Artinya hari ini UU Pilkada batal dilaksanakan (direvisi,-red),” kata Dasco kepada awak media di ...",['revisi UU Pilkada'],[],{},920+ suka,1 tahun yang lalu,p,organic,122,,,,,,,instagram_search2.json
https://www.instagram.com/reel/C-7rFW2CY1F/,"KompasTV on Instagram: ""Presiden Jokowi Respons Putusan ...",Instagram › kompastv,Presiden Joko Widodo menanggapi hasil rapat DPR yang membahas soal revisi UU Pilkada pasca keluarnya putusan MK pada Selasa (21/8/2024).,[],[],{},"1,3 rb+ suka",1 tahun yang lalu,reel,organic,123,1:49,,,,,,instagram_search2.json
https://www.instagram.com/reel/C-_64dKSe6W/,"KompasTV on Instagram: ""Massa yang datang dari berbagai ...",Instagram › kompastv,"... Revisi UU Pilkada di depan Gedung DPR RI, Jakarta, Kamis (22/8/2024). Demo ini bagian dari gerakan 'peringatan darurat Indonesia' yang viral ...",[],[],{},"3,2 rb+ suka",1 tahun yang lalu,reel,organic,124,4:42,,,,,,instagram_search2.json
https://www.instagram.com/p/C_AuZJBS8un/,Polda Metro Jaya | Kapolda Metro Jaya dan Wakapolda ...,Instagram › poldametrojaya,Kapolda Metro Jaya dan Wakapolda Metro Jaya Monitoring Unras Tolak Pengesahan Revisi UU Pilkada · Kepolisian Daerah Metro Jaya beserta Staf dan ...,['Revisi UU Pilkada'],[],{},"2,8 rb+ suka",1 tahun yang lalu,p,organic,125,,,,,,,instagram_search2.json
https://www.instagram.com/p/C-9IYqYy4nk/,(Berita selengkapnya cek IG Stories ) ...,Instagram › kompascom,"... Revisi UU Pilkada di Kompleks Parlemen, Senayan, Jakarta Pusat (21/8/2024). ^ Baleg DPR Pilkada2024 Kreatif: Rahma Tika M Produser ...",['Revisi UU Pilkada'],[],{},"12,7 rb+ suka",1 tahun yang lalu,p,organic,126,,,,,,,instagram_search2.json
https://www.instagram.com/bemkmunp/p/C-8FEhzy7WY/?hl=te,[SERUAN AKSI : Kawal Putusan MK] Persetujuan DPR RI ...,Instagram › bemkmunp,"August 21, 2024: ""[SERUAN AKSI : Kawal Putusan MK] Persetujuan DPR RI atas revisi UU Pilkada, yang diklaim sebagai tindak lanjut putusan ...",['revisi UU Pilkada'],[],{},"3,7 rb+ suka",1 tahun yang lalu,bemkmunp,organic,127,,,,2024-08-21T12:00:00.000Z,,,instagram_search2.json
https://www.instagram.com/p/C-_6fZwRT5x/,Unjuk rasa berlangsung di berbagai kota di Indonesia ...,Instagram › bbcindonesia,"Unjuk rasa berlangsung di berbagai kota di Indonesia untuk menolak revisi UU Pilkada oleh DPR, 22 Agustus 2024. RIbuan warga turun ke jalan ...",['revisi UU Pilkada'],[],{},,,p,organic,128,,1 tahun yang lalu,,,,,instagram_search2.json
https://www.instagram.com/p/DOK-I60k16m/,Ketua DPR RI Puan Maharani hari ini memimpin ...,Instagram › metrotv,"... gubernur dipilih DPRD. Kita akan bawa ke DPR,” kata Cak Imin saat ditemui di kawasan Jakarta Pusat, Senin (14/7/2025) malam. Mulanya, ia ...",['gubernur dipilih DPRD'],[],{},"7,8 rb+ suka",4 bulan yang lalu,p,organic,89,,,,,,,instagram_search2.json
https://www.instagram.com/reel/DI8JwUDPgNg/,Pilkada Langsung Sebaiknya untuk Daerah dengan PAD ...,Instagram › kedaipena.official,"... gubernur-dipilih-dprd-tapi-bupati-dan-wali-kota-tetap-di-tangan-rakyat?page=2. more. View all 82 comments. December 15, 2024 · indoposco.id's ...",['gubernur-dipilih-dprd'],[],{},4 suka,8 bulan yang lalu,reel,organic,90,,,,,,,instagram_search2.json
https://www.instagram.com/reel/DTAjJ7hAV1x/,Oh mr bahlil yg usulkan pilkada lewat DPRD ? ...,Instagram › vie.nukita,Golkar dan PKB Sepakat Bupati dan Gubernur dipilih DPRD beritaviral fypreels pilkada pemilu golkar pkb. more. View all 9 comments.,['Gubernur dipilih DPRD'],[],{},8 suka,6 hari yang lalu,reel,organic,92,,,,,,,instagram_search2.json
https://www.instagram.com/p/DLCCPv8v2x0/,Ketua DPR RI Puan Maharani menilai polemik ... - Instagram,Instagram › jawatimurterkini,"... gubernur dipilih DPRD. Kita akan bawa ke DPR,” kata Cak Imin saat ditemui di kawasan Jakarta Pusat, Senin (14/7/2025) malam. Mulanya, ia ...",['gubernur dipilih DPRD'],[],{},30+ suka,6 bulan yang lalu,p,organic,93,,,,,,,instagram_search2.json
https://www.instagram.com/p/DSmM9GNAddX/,Kata mereka: kekuatan pengawasan pemilu dimulai dari ...,Instagram › faisal_lohy,"... gubernur-dipilih-dprd-tapi-bupati-dan-wali-kota-tetap-di-tangan-rakyat?page=2. more. View all 82 comments. December 15, 2024 · Sign up ...",['gubernur-dipilih-dprd'],[],{},10+ suka,2 minggu yang lalu,p,organic,95,,,,,,,instagram_search2.json
https://www.instagram.com/p/DSRgnRnk1M3/,Mendampingi Ketua DPR RI Mbak Puan Maharani ...,Instagram › alexindralukmanofficial,"... gubernur dipilih DPRD. Kita akan bawa ke DPR,” kata Cak Imin saat ditemui di kawasan Jakarta Pusat, Senin (14/7/2025) malam. Mulanya, ia ...",['gubernur dipilih DPRD'],[],{},10+ suka,3 minggu yang lalu,p,organic,96,,,,,,,instagram_search2.json
https://www.instagram.com/p/Ceij7MBJehY/,Projo adalah organisasi massa yang bergerak dalam ...,Instagram › rcyberprojo14,... Photo shared by Dewan Pimpinan ...,['gubernur-dipilih-dprd'],[],{},7 suka,3 tahun yang lalu,p,organic,97,,,,,,,instagram_search2.json
https://www.instagram.com/p/DSIReBwjzXM/,"Anggota DPRD Jawa Barat, Syahrir, menegaskan ...",Instagram › wartanusantara.bandung,"... gubernur-dipilih-dprd-tapi-bupati-dan-wali-kota-tetap-di-tangan-rakyat?page=2. more. View all 82 comments. December 15, 2024 · Sign up ...",['gubernur-dipilih-dprd'],[],{},,,p,organic,99,,4 minggu yang lalu,,,,,instagram_search2.json
https://www.instagram.com/p/DR85mnck7sn/,“Demokrasi bukan hanya soal memilih saat pemilu. ...,Instagram › agusriansyah_ridwan,"... gubernur-dipilih-dprd-tapi-bupati-dan-wali-kota-tetap-di-tangan-rakyat?page=2. more. View all 82 comments. December 15, 2024 · hariankompas's ...",['gubernur-dipilih-dprd'],[],{},"1,2 rb+ suka",1 bulan yang lalu,p,organic,100,,,,,,,instagram_search2.json
https://www.instagram.com/blokmuda/p/DRXzugCk5M9/?hl=bg,Prabowo dan Dasco Diskusi Strategis Soal Hukum. ...,Instagram › blokmuda,"... Gubernur Dipilih DPRD"", Klik selengkapnya di sini: ...",['Gubernur Dipilih DPRD'],[],{},,,blokmuda,organic,101,,1 bulan yang lalu,,,,,instagram_search2.json
https://www.instagram.com/p/C26hL_XRHTQ/,Forum Rektor Indonesia mendeklarasikan Pemilihan ...,Instagram › rcyberprojo14,... Photo shared by Dewan Pimpinan ...,['gubernur-dipilih-dprd'],[],{},130+ suka,1 tahun yang lalu,p,organic,102,,,,,,,instagram_search2.json
https://www.instagram.com/p/DOLh1yyk4rW/,DPR RI terus membuka ruang dialog dengan para tokoh ...,https://www.instagram.com › ...,"4 Sep 2025 — ... gubernur dipilih DPRD. Kita akan bawa ke DPR,” kata Cak Imin saat ditemui di kawasan Jakarta Pusat, Senin (14/7/2025) malam. Mulanya, ia ...",['gubernur dipilih DPRD'],[],{},,,p,organic,103,,,,2025-09-04T12:00:00.000Z,,,instagram_search2.json
https://www.instagram.com/p/DNXE6p8vig9/,"Ketua DPR RI, Puan Maharani, meminta pemerintah dalam ...",Instagram › tirtoid,"... gubernur dipilih DPRD. Kita akan bawa ke DPR,” kata Cak Imin saat ditemui di kawasan Jakarta Pusat, Senin (14/7/2025) malam. Mulanya, ia ...",['gubernur dipilih DPRD'],[],{},480+ suka,4 bulan yang lalu,p,organic,104,,,,,,,instagram_search2.json
https://www.instagram.com/p/DSXeLNdiWb8/,📊🗳️ Dari Janji Politik ke Kebijakan Nyata Pilkada ...,Instagram › andri.rusta,CAKMANO MENURUT KAMU LUR.. ...,['gubernur-dipilih-dprd'],[],{},20+ suka,3 minggu yang lalu,p,organic,105,,,,,,,instagram_search2.json
https://www.instagram.com/p/DQuBj7sAXWl/,Setuju dak kamu lur? - Menteri Sosial Saifullah Yusuf (Gus ...,Instagram › palembanginfo,"... gubernur dipilih DPRD. Kita akan bawa ke DPR,” kata Cak Imin saat ditemui di kawasan Jakarta Pusat, Senin (14/7/2025) malam. Mulanya, ia ...",['gubernur dipilih DPRD'],[],{},10+ suka,2 bulan yang lalu,p,organic,106,,,,,,,instagram_search2.json
https://www.instagram.com/p/DR_PAENkoTc/,menyatakan Golkar mengusulkan Pilkada lewat DPRD ...,Instagram › saat.digital,"... gubernur-dipilih-dprd-tapi-bupati-dan-wali-kota-tetap-di-tangan-rakyat?page=2. more. View all 82 comments. December 15, 2024 · Sign up ...",['gubernur-dipilih-dprd'],[],{},7 suka,1 bulan yang lalu,p,organic,107,,,,,,,instagram_search2.json
https://www.instagram.com/p/DR_fL0Fk5S3/,Komisi II DPR ga berhenti cari yang terbaik buat Pilkada ...,Instagram › mekar_sari67,Kerugian besar untuk warga dan kemunduran demokrasi jika Gubernur dipilih DPRD! tolakgubernurdipilihdprd demokrasi mundur. more. View 1 ...,['Gubernur dipilih DPRD'],[],{},,,p,organic,108,,1 bulan yang lalu,,,,,instagram_search2.json
https://www.instagram.com/p/DS9WcDiEzMT/,Pilkada Langsung vs DPRD: Jebakan Fetisisme Prosedur ...,Instagram › literasihukumcom,... memilihnya? Masih banyak sekali pertanyaan. pilkada dprd politikgagal. more. 2 days ago · kabapolitik's profile picture · kabapolitik. •.,['pilkada dprd'],[],{},130+ suka,1 minggu yang lalu,p,organic,146,,,,,,,instagram_search2.json
https://www.instagram.com/p/DSuhJJ0ERqV/,PKN Tolak Pilkada Lewat DPRD: Langkah Mundur dan ...,Instagram › dennycharter,u utama cpx (edi/hml) PILKADA LANGSUING PILKADA DPRD MPKN menolak keras usulan Pilkadaol DPRD. iadalah kemundura Inimerupakanupaya terang ...,['PILKADA DPRD'],[],{},2 suka,1 minggu yang lalu,p,organic,147,,,,,,,instagram_search2.json
https://www.instagram.com/reel/DS1tsYSDTSG/,"Suaradotcom on Instagram: ""Partai Gerindra mendukung ...",Instagram › suaradotcom,"Gerindra Pilkada DPRD ReformasiPemilu Demokrasi PolitikIndonesia. more. December 29, 2025 · dpdgerindrantb's profile picture.",[],[],{},390+ suka,1 minggu yang lalu,reel,organic,148,1:27,,,,,,instagram_search2.json
https://www.instagram.com/p/DSOrbA8jmXO/,Riau News | Pakar Unpad Nilai Pilkada oleh DPRD Bisa ...,Instagram › riaunewsdotcom,"... usulan-pilkada-dipilih-dprd-dalam-revisi-uu-pemilu-2026/ RevisiUUPemilu2026 Pilkada DPRD Jangan lupa follow, like dan tag ke teman kamu",['Pilkada DPRD'],[],{},,,p,organic,150,,3 minggu yang lalu,,,,,instagram_search2.json
https://www.instagram.com/p/DR9FqENgd4d/,"""Ketua Umum Partai Golkar Bahlil Lahadalia mengusulkan ...",Instagram › makassardaenginfo,"Arifki Chaniago, Direktur Eksekutif Aljabar Strategic, dalam pernyataannya di Jakarta (20/12/2025) menyebut usulan Pilkada DPRD adalah langkah ...",['Pilkada DPRD'],[],{},40+ suka,1 bulan yang lalu,p,organic,151,,,,,,,instagram_search2.json
https://www.instagram.com/p/DMnC3Fivstv/,Wakil Menteri Dalam Negeri Bima Arya Sugiarto ...,Instagram › katadatacoid,"... Editor: Ameidyo Daud Nasution⁠ ⁠ BimaArya pilkada DPRD katadataupdate katadatacoid kalaubicarapakaidata"".",['pilkada DPRD'],[],{},520+ suka,5 bulan yang lalu,p,organic,152,,,,,,,instagram_search2.json
https://www.instagram.com/reel/C5VB-G9PzIm/,"Partai Perindo on Instagram: ""Jadi jawara di Kota Madiun ...",Instagram › partaiperindo,​Pilkada DPRD InfoPolitik GunturRomli tampangcom. more. View all 66 comments. 6 days ago · Sign up • Instagram · Meta · About · Blog · Jobs.,[],[],{},110+ suka,1 tahun yang lalu,reel,organic,153,0:31,,,,,,instagram_search2.json
https://www.instagram.com/reel/DSzWGJtiHQb/,Partai Gerindra menyatakan dukungannya terhadap usulan ...,Instagram › laporan8.id,pilkada dprd agungbaskoro triaspols golkar. more. View all 4 comments. 3 days ago · ariabima_ab's profile picture. ariabima_ab. •. Follow.,[],[],{},640+ suka,1 minggu yang lalu,reel,organic,154,2:05,,,,,,instagram_search2.json
https://www.instagram.com/reel/DS41kr5j4G2/,Wacana Pilkada lewat DPRD kembali dibuka. Golkar ...,Instagram › arifkichaniago,RevisiUUPemilu2026 Pilkada DPRD,['Pilkada DPRD'],[],{},50+ suka,1 minggu yang lalu,reel,organic,155,,,,,,,instagram_search2.json
https://www.instagram.com/p/DNpevIvJz0c/,Ancaman gelombang demonstrasi besar-besaran pada 25 ...,Instagram › makasar_info,"... gubernur dipilih DPRD. Kita akan bawa ke DPR,” kata Cak Imin saat ditemui di kawasan Jakarta Pusat, Senin (14/7/2025) malam. Mulanya, ia ...",['gubernur dipilih DPRD'],[],{},"2,6 rb+ suka",4 bulan yang lalu,p,organic,109,,,,,,,instagram_search2.json
https://www.instagram.com/p/DLtWzopSBx0/,... repost Part2 Komisi 10,Instagram › pks.balikpapan,"PKS menyatakan dukungan terbatas: pemilihan gubernur dipilih DPRD, sementara bupati dan wali kota tetap dipilih langsung oleh rakyat.",['gubernur dipilih DPRD'],[],{},1 suka,6 bulan yang lalu,p,organic,111,,,,,,,instagram_search2.json
https://www.instagram.com/p/DQUHH5tj-kU/,RUU Pemilu segera dibahas: harus jawab masalah biaya ...,Instagram › dpd_psi_kab.mojokerto,Sumber : ...,['gubernur-dipilih-dprd'],[],{},10+ suka,2 bulan yang lalu,p,organic,112,,,,,,,instagram_search2.json
https://www.instagram.com/p/DOno0tsjxWE/,Halo Abouters! - Komisi Pemilihan Umum (KPU) ...,Instagram › abouthistory.id,Sumber : ...,['gubernur-dipilih-dprd'],[],{},930+ suka,3 bulan yang lalu,p,organic,115,,,,,,,instagram_search2.json
https://www.instagram.com/p/DNy7DF3Qo55/,"Ketua DPR RI, Puan Maharani menegaskan pihaknya ...",Instagram › makassarinfoku,"... gubernur dipilih DPRD. Kita akan bawa ke DPR,” kata Cak Imin saat ditemui di kawasan Jakarta Pusat, Senin (14/7/2025) malam. Mulanya, ia ...",['gubernur dipilih DPRD'],[],{},"2,7 rb+ suka",4 bulan yang lalu,p,organic,116,,,,,,,instagram_search2.json
https://www.instagram.com/p/DSMorlJiTn4/,Muhammad Damri Al - Kampari | Secara prinsip dan ...,Instagram › muhammaddamrialkampari,... gubernur-dipilih-dprd-tapi-bupati-dan-wali-kota-tetap-di-tangan-rakyat?page=2 . Seputarkotapalembang dpr pilgub. more. View all 42 comments.,['gubernur-dipilih-dprd'],[],{},,,p,organic,118,,3 minggu yang lalu,,,,,instagram_search2.json
https://www.instagram.com/p/DTNIq7ukXHD/,Wacana pengembalian mekanisme pemilihan kepala ...,Instagram › kabarsumatera.id,"""Pilkada DPRD: Gerakan Mundur Menuju Oligarki Partai?"" pilkada dprd oligarkipartai beritaviral berita beritahariini beritaterbaru ...","['Pilkada DPRD', 'pilkada dprd']",[],{},3 suka,1 hari yang lalu,p,organic,158,,,,,,,instagram_search2.json
https://www.instagram.com/p/DS9FMfvkiTN/,"Pilkada lewat DPRD itu penting, bro! Jangan anggap ...",Instagram › echovista22,"December 22 · agungbaskor0's profile picture. agungbaskor0. •. Follow. pilkada, dprd, kompas. 3. agungbaskor0. Sudahi wacana Pilkada Lewat DPRD ...","['pilkada, dprd']",[],{},,,p,organic,159,,1 minggu yang lalu,,2025-12-22T12:00:00.000Z,,,instagram_search2.json
https://www.instagram.com/p/DAr2gUsSMnV/,"""Setelah membedah nama ""Agung"" beberapa waktu ...",Instagram › agungbaskor0,"3 days ago · agungbaskor0's profile picture · agungbaskor0. •. Follow. pilkada, dprd, kompas. 3. agungbaskor0. Sudahi wacana Pilkada Lewat DPRD ...","['pilkada, dprd']",[],{},30+ suka,1 tahun yang lalu,p,organic,160,,,,2026-01-05T18:57:44.638Z,,,instagram_search2.json
https://www.instagram.com/p/DShUnlrDBBf/,Bahlil menyebut pelaksanaan Pilkada melalui DPRD ...,Instagram › tirtoid,"Arifki Chaniago, Direktur Eksekutif Aljabar Strategic, dalam pernyataannya di Jakarta (20/12/2025) menyebut usulan Pilkada DPRD adalah langkah ...",['Pilkada DPRD'],[],{},910+ suka,2 minggu yang lalu,p,organic,162,,,,,,,instagram_search2.json
https://www.instagram.com/p/DR54rB1DTW9/,"""Presiden Prabowo Subianto menyoroti ongkos politik di ...",Instagram › hariankompas,"""Pilkada DPRD: Gerakan Mundur Menuju Oligarki Partai?"" pilkada dprd oligarkipartai beritaviral berita beritahariini beritaterbaru ...","['Pilkada DPRD', 'pilkada dprd']",[],{},"1,3 rb+ suka",1 bulan yang lalu,p,organic,163,,,,,,,instagram_search2.json
https://www.instagram.com/p/DS1jRb8EZ_q/,Partai Gerindra menyatakan dukungan terhadap wacana ...,Instagram › nowdots,... dipilih wakil rakyat. ⠀ Gerindra Pilkada DPRD Demokrasi. more. 3 days ago · saungmanfaat's profile picture. saungmanfaat. •. Follow.,['Pilkada DPRD'],[],{},"5,5 rb+ suka",1 minggu yang lalu,p,organic,164,,,,,,,instagram_search2.json
https://www.instagram.com/p/DTC0OoOE1qT/,Pemilihan Kepala Daerah oleh DPRD bukan kemunduran ...,Instagram › voxrasional,"... apa pun langsung maupun tidak, akan melahirkan masalah yang sama. demokrasi pilkada dprd kepaladaerah"".",['pilkada dprd'],[],{},9 suka,5 hari yang lalu,p,organic,165,,,,,,,instagram_search2.json
https://www.instagram.com/p/DLXMGf4yI9t/,Mahkamah Konstitusi (MK) memutuskan bahwa pemilu ...,Instagram › detikcom,pilkada dprd mahfudmd. more. View all 14 comments. 3 days ago · ringtimes.id's profile picture. ringtimes.id. •.,['pilkada dprd'],[],{},"9,3 rb+ suka",6 bulan yang lalu,p,organic,166,,,,,,,instagram_search2.json
https://www.instagram.com/reel/DLZcoI1B_aC/,Ketua Komisi II DPR RI Rifqinizamy Kasrayuda mengatakan ...,Instagram › kumparancom,pilkada dprd rifqinizamykarsayuda dprri berita. more. View 1 comment. 4 days ago · _indonesia_maju's profile picture. _indonesia_maju. •.,[],[],{},"2,1 rb+ suka",6 bulan yang lalu,reel,organic,167,0:29,,,,,,instagram_search2.json
https://www.instagram.com/p/DTNVmaykuca/,Perludem: Pengembalian Ambang Pintu Pilkada ke DPRD ...,Instagram › betvdisway,pilkada dprd mahfudmd. more. View all 14 comments. 3 days ago · jurnas_com's profile picture. jurnas_com. •.,['pilkada dprd'],[],{},,,p,organic,168,,1 hari yang lalu,,,,,instagram_search2.json
https://www.instagram.com/p/DS3g2khEutN/,Wacana kepala daerah dipilih oleh DPRD ... - Instagram,Instagram › gelitikpolitikcom,... Indonesia di masa depan. Apakah kepala daerah lewat DPRD akan menjadi kebiasaan? pilkada dprd golkar demokrasi.,['pilkada dprd'],[],{},6 suka,1 minggu yang lalu,p,organic,169,,,,,,,instagram_search2.json
https://www.instagram.com/p/DS6n-yvkbQV/,MEKANISME PILKADA VIA DPRD DINILAI TETAP ...,Instagram › kabar_makassar,"Sebelumnya, MK lewat Putusan Nomor 135/PUU-XXII/2025 menetapkan pemilu nasional (Pilpres, DPR, DPD) dan pemilu daerah (Pilkada, DPRD) ...","['Pilkada, DPRD']",[],{},1 suka,1 minggu yang lalu,p,organic,171,,,,,,,instagram_search2.json
https://www.instagram.com/p/DR_fqi8k_iB/,Ketua Umum Partai Golkar Bahlil Lahadalia mengusulkan ...,Instagram › pikiranrakyat,"... Pilkada DPRD adalah langkah mundur demokrasi. Menurutnya, kepala daerah akan lebih bertanggung jawab pada elite DPRD ketimbang rakyat. Baca ...",['Pilkada DPRD'],[],{},"1,1 rb+ suka",1 bulan yang lalu,p,organic,173,,,,,,,instagram_search2.json
https://www.instagram.com/p/DS13CFAExFA/,*Akademisi Dr. Iswadi: Presiden dan DPR Perlu Tetapkan ...,Instagram › asdarakbar7,"... usulan-pilkada-dipilih-dprd-dalam-revisi-uu-pemilu-2026/ RevisiUUPemilu2026 Pilkada DPRD Jangan lupa follow, like dan tag ke teman kamu",['Pilkada DPRD'],[],{},1 suka,1 minggu yang lalu,p,organic,174,,,,,,,instagram_search2.json
https://www.instagram.com/reel/DCnnE_gTg6r/,"Minggu depan siap-siap pilkada serentak nih, yuk kita ...",Instagram › officialganeshaoperation,Pilkada langsung atau lewat DPRD? Diskusi di kolom komentar NgobrolPemerintahan Pilkada DPRD Demokrasi PolitikIndonesia KebijakanPublik ...,['Pilkada DPRD'],[],{},190+ suka,1 tahun yang lalu,reel,organic,177,,,,,,,instagram_search2.json
https://www.instagram.com/reel/DTHII1VAdOf/,Golkar: Pemilihan Gubernur Harus Dipilih DPRD Sumber,Instagram › retorikashow,Golkar: Pemilihan Gubernur Harus Dipilih DPRD Sumber: Metro TV Pilkada DPRD Golkar Demokrasi. more. View all 3 comments.,['Pilkada DPRD'],[],{},10+ suka,3 hari yang lalu,reel,organic,184,,,,,,,instagram_search2.json
https://www.instagram.com/p/DTEyGX2Dy6S/,Wacana Pilkada via DPRD kembali mencuat. Mantan ...,Instagram › tajuknasional,"... here: Linktr.ee/tajuknasional Join Channel WhatsApp kami: pilkada dprd mahfudmd"".",['pilkada dprd'],[],{},4 suka,4 hari yang lalu,p,organic,185,,,,,,,instagram_search2.json
https://www.instagram.com/tasspijar/reel/DSHYztGgAeE/?hl=sk,Pilkada tak langsung lewat DPRD? Biaya makin irit tapi ...,Instagram › tasspijar,Golkar: Pemilihan Gubernur Harus Dipilih DPRD Sumber: Metro TV Pilkada DPRD Golkar Demokrasi. viac. Zobraziť všetky komentáre (3). Pred 2 ...,['Pilkada DPRD'],[],{},1 suka,4 minggu yang lalu,tasspijar,organic,186,,,,,,,instagram_search2.json
https://www.instagram.com/p/DSo6LDhE2PV/,PILKADA LANGSUNG ATAU PILKADA DPRD,Instagram › hamzah2475,"2 likes, 0 comments - hamzah2475 on December 24, 2025: ""PILKADA LANGSUNG ATAU PILKADA DPRD Wacana Pilkada melalui DPRD pada Pemilu tahun ...",['PILKADA DPRD'],[],{},2 suka,2 minggu yang lalu,p,organic,187,,,,,,,instagram_search2.json
https://www.instagram.com/p/DSu5bFsE8_H/,"Pilkada Gubernur Dirombak? DPRD Mengusul, Presiden ...",Instagram › faktasulteng,"... usulan-pilkada-dipilih-dprd-dalam-revisi-uu-pemilu-2026/ RevisiUUPemilu2026 Pilkada DPRD Jangan lupa follow, like dan tag ke teman kamu",['Pilkada DPRD'],[],{},350+ suka,1 minggu yang lalu,p,organic,188,,,,,,,instagram_search2.json
https://www.instagram.com/reel/DMhXgypp67S/,Dalam Diskusi Publik Quo Vadis Pemilu Indonesia: Dampak ...,Instagram › mohmahfudmd,pilkada dprd. more. 2 days ago. Accounts you might like. See all · susipudjiastuti115's profile picture · susipudjiastuti115. Susi Pudjiastuti.,[],[],{},"4,2 rb+ suka",5 bulan yang lalu,reel,organic,189,4:56,,,,,,instagram_search2.json
https://www.instagram.com/p/DS9HinQj5S6/,"Pilkada lewat DPRD itu keren, guys! Jangan anggap ...",Instagram › citrusladied,"... memilih. more. December 22 · agungbaskor0's profile picture · agungbaskor0. •. Follow. pilkada, dprd, kompas. agungbaskor0. Sudahi wacana ...","['pilkada, dprd']",[],{},,,p,organic,190,,1 minggu yang lalu,,,,,instagram_search2.json
https://www.instagram.com/p/DSmMADRElvb/,"Di tengah hiruk-pikuk politik nasional, wacana ...",Instagram › innindonesia,Tim Pilkada Langsung atau Tim Pilkada DPRD? Berikan argumen terbaikmu di kolom komentar! Baca selengkapnya: ...,['Pilkada DPRD'],[],{},2 suka,2 minggu yang lalu,p,organic,191,,,,,,,instagram_search2.json
https://www.instagram.com/reel/DS7LPh9k0xS/,Wacana pilkada melalui DPRD terdengar efisien ...,Instagram › banyumas.suaramerdeka,SUARAMERDEKA MANYU smn PILKADA DPRD KERAWANAN PILKADA MELALUI DPRD banyumas.suaramaramardeka.com . SUARAMERDEKA MAS BANYU smn ...,['PILKADA DPRD'],[],{},5 suka,1 minggu yang lalu,reel,organic,192,,,,,,,instagram_search2.json
https://www.instagram.com/p/DS9g86CEYht/,Ketua Komisi II DPR RI Rifqinizamy Karsayuda ...,Instagram › voidotid,pengamatpolitik pilkada dprd herrymendrofa viral. more. 3 days ago · matchaaalatte.456's profile picture · matchaaalatte.456. •. Follow.,['pilkada dprd'],[],{},2 suka,1 minggu yang lalu,p,organic,193,,,,,,,instagram_search2.json
https://www.instagram.com/p/DS7A1nMEyzn/,Wacana mengembalikan Pilkada ke tangan DPRD kembali ...,Instagram › bacaini_id,Menghapus pilkada langsung berarti kemunduran demokrasi dan pengkhianatan terhadap semangat Reformasi. pilkada dprd info. more. View all 2 ...,['pilkada dprd'],[],{},6 suka,1 minggu yang lalu,p,organic,194,,,,,,,instagram_search2.json
https://www.instagram.com/owritedotid/p/DS4XGkbkYRF/?hl=fr,Rangkuman beritanya: - Gerindra ...,Instagram › owritedotid,... Agar Lebih Efisien” ..... cakramedia gerindra pilkada dprd politik. plus. il y a 7 jours · Photo de profil de bushcoo · bushcoo. •. Suivre.,['pilkada dprd'],[],{},6 suka,1 minggu yang lalu,owritedotid,organic,195,,,,,,,instagram_search2.json
https://www.instagram.com/p/DS4AVELApth/,"🗳️ Pilkada Lewat DPRD Dinilai Lebih Efisien, ... - Instagram",Instagram › borobudur_news,"Revisi UU Pilkada perlu diarahkan pada penguatan penegakan hukum terhadap politik uang melalui criminal justice system yang tegas, dengan ...",['Revisi UU Pilkada'],[],{},20+ suka,1 minggu yang lalu,p,organic,133,,,,,,,instagram_search2.json
https://www.instagram.com/reel/C-9orgjSoQC/,Aktor Reza Rahadian () menjadi salah satu ...,Instagram › katadatacoid,"Mereka menggelar aksi demo menolak pengesahan Revisi UU Pilkada di depan Gedung DPR RI, Jakarta, hari ini, Kamis (22/8/2024). Aksi demo ini ...",[],[],{},"7,4 rb+ suka",1 tahun yang lalu,reel,organic,136,1:00,,,,,,instagram_search2.json
https://www.instagram.com/p/DR_dzCVkYwB/,Komisi II DPR fokus bahas usulan Pilkada lewat DPRD ...,Instagram › benya_jiran1,"Revisi UU Pilkada perlu diarahkan pada penguatan penegakan hukum terhadap politik uang melalui criminal justice system yang tegas, dengan ...",['Revisi UU Pilkada'],[],{},,,p,organic,137,,1 bulan yang lalu,,,,,instagram_search2.json
https://www.instagram.com/p/DSAIdxqETlR/,Komisi II DPR terbuka dialog sama publik soal Pilkada ...,Instagram › rondise_syifa,"Mayoritas fraksi di DPR RI menyetujui isi draf revisi UU Pilkada yang dibahas Baleg DPR RI di Gedung DPR, Jakarta Pusat, Rabu (21/8/2024). Dua ...",['revisi UU Pilkada'],[],{},,,p,organic,138,,1 bulan yang lalu,,,,,instagram_search2.json
https://www.instagram.com/p/DTHiKyYgbRa/,Partai Buruh menolak wacana pemilihan kepala daerah ...,Instagram › retorikashow,partaiburuh pilkada dprd melihatindonesia. more. View all 3 comments. 3 days ago · mans_kreasi's profile picture · mans_kreasi. •. Follow.,['pilkada dprd'],[],{},9 suka,3 hari yang lalu,p,organic,200,,,,,,,instagram_search2.json
https://www.instagram.com/reel/DS9oq7xjrAi/,UPdates—DPR RI mengirim sinyal kuat bahwa pemilihan ...,Instagram › keidenesia.tv,Media belajar dan berbagi informasi hukum⚖ JuristicIndonesia JuristicUpdate Pilkada DPRD EfisiensiAnggaran. more. 6 days ago.,['Pilkada DPRD'],[],{},7 suka,1 minggu yang lalu,reel,organic,202,,,,,,,instagram_search2.json
https://www.instagram.com/p/DTOBNzek7ld/,KEDAULATAN RAKYAT DICURI? Isu Pilkada balik ...,Instagram › gmnihukumundiksha,"... dikasih, tapi dijaga. GMNI ! JAYA ! MARHAEN ! MENANG ! MERDEKA ! ! ! gmnibali ayogabunggmni pilkada dprd"".",['pilkada dprd'],[],{},20+ suka,1 hari yang lalu,p,organic,205,,,,,,,instagram_search2.json
https://www.instagram.com/p/DS9E_dvkp60/,Pilkada lewat DPRD itu keren! Jangan anggap remeh ...,Instagram › verlindamira,"December 18 · agungbaskor0's profile picture. agungbaskor0. •. Follow. pilkada, dprd, kompas. 3. agungbaskor0. Sudahi wacana Pilkada Lewat DPRD ...","['pilkada, dprd']",[],{},,,p,organic,207,,1 minggu yang lalu,,2025-12-18T12:00:00.000Z,,,instagram_search2.json
https://www.instagram.com/p/DS3eWvmEkT2/,Gerindra Dukung Pilkada Dipilih DPRD,Instagram › cakramedia.indonesia,... Dukung Usulan Kepala Daerah Dipilih DPRD Agar Lebih Efisien” ..... cakramedia gerindra pilkada dprd politik. Instagram. Log in · Open app.,['pilkada dprd'],[],{},1 suka,1 minggu yang lalu,p,organic,209,,,,,,,instagram_search2.json
https://www.instagram.com/p/DTEycyPCRYm/,Sejumlah partai politik pendukung pemerintah ...,Instagram › merdikaid,"more. View all 4 comments. 5 days ago · agungbaskor0. •. Follow. pilkada, dprd, kompas. 3. agungbaskor0. Sudahi wacana Pilkada Lewat DPRD di ...","['pilkada, dprd']",[],{},20+ suka,4 hari yang lalu,p,organic,211,,,,,,,instagram_search2.json
https://www.instagram.com/p/DR6_4WDkg5O/,Wacana perubahan mekanisme Pilkada kembali memicu ...,Instagram › bushcoo,"3 days ago · agungbaskor0's profile picture. agungbaskor0. •. Follow. pilkada, dprd, kompas. 3. agungbaskor0. Sudahi wacana Pilkada Lewat DPRD ...","['pilkada, dprd']",[],{},"8,4 rb+ suka",1 bulan yang lalu,p,organic,213,,,,2026-01-05T18:58:31.035Z,,,instagram_search2.json
https://www.instagram.com/p/DS9FKdnkZXw/,"Pilkada lewat DPRD itu bukan hal sepele, guys! Biaya ...",Instagram › tinizainuddina,"more. View all 299 comments. 2 days ago · agungbaskor0's profile picture · agungbaskor0. •. Follow. pilkada, dprd, kompas. agungbaskor0. Sudahi ...","['pilkada, dprd']",[],{},,,p,organic,215,,1 minggu yang lalu,,,,,instagram_search2.json
https://www.instagram.com/reel/C--gLutyMde/,Komika Bintang Emon ikut menyampaikan orasi dalam aksi ...,Instagram › tribunmedandaily,"... revisi UU Pilkada di depan Gedung DPR RI, Senayan, Jakarta Pusat, Kamis (22/8/2024). Dalam orasinya, Bintang Emon menyebut ada banyak ...",[],[],{},"1,2 rb+ suka",1 tahun yang lalu,reel,organic,139,1:38,,,,,,instagram_search2.json
https://www.instagram.com/reel/C-9cym2yJ8L/,"kumparan on Instagram: ""Aktor Reza Rahadian ikut turun ...",Instagram › kumparancom,"Tidak hanya ribuan massa masyarakat sipil, dan buruh yang menggelar aksi demonstrasi menolak pengesahan Revisi UU Pilkada di depan Gedung DPR RI ...",[],[],{},"138,1 rb+ suka",1 tahun yang lalu,reel,organic,140,0:48,,,,,,instagram_search2.json
https://www.instagram.com/p/C_DJmruP8vd/,"DARURAT DEMOKRASI, KAWAL PUTUSAN MK] Hidup ...",Instagram › bemppns,... revisi UU Pilkada dan berusaha menganulir putusan MK. Kami melakukan penolakan dengan mendesak serta menuntut DPRD Provinsi Jawa Timur untuk ...,['revisi UU Pilkada'],[],{},390+ suka,1 tahun yang lalu,p,organic,141,,,,,,,instagram_search2.json
https://www.instagram.com/p/C-_Yh3yz6vR/,Pernyataan Sikap BEM Fakultas Psikologi Gunadarma ...,Instagram › bemfpsikologi_ug,"... revisi UU Pilkada dan aksi kawal putusan MK. Sebagai mahasiswa yang menjunjung tinggi demokrasi, BEM Fakultas Psikologi Universitas ...",['revisi UU Pilkada'],[],{},2 rb+ suka,1 tahun yang lalu,p,organic,142,,,,,,,instagram_search2.json
https://www.instagram.com/p/C--G1CYTvnx/,"Wakil Ketua DPR, Sufmi Dasco Ahmad, mengonfirmasi ...",Instagram › fakta.indo,... revisi UU Pilkada dalam sidang paripurna Kamis (22/8) karena tidak mencapai kuorum. “Pengesahan revisi UU Pilkada yang direncanakan hari ini ...,"['revisi UU Pilkada', 'revisi UU Pilkada']",[],{},"43,1 rb+ suka",1 tahun yang lalu,p,organic,143,,,,,,,instagram_search2.json
https://www.instagram.com/p/C--c9etyOjX/,[INDILINE] Seruan Mahasiswa UB Tolak Revisi UU Pilkada ...,Instagram › lpmindikator,"158 likes, 1 comments - lpmindikator on August 22, 2024: ""[INDILINE] Seruan Mahasiswa UB Tolak Revisi UU Pilkada Ratusan mahasiswa ...",['Revisi UU Pilkada'],[],{},150+ suka,1 tahun yang lalu,p,organic,144,,,,,,,instagram_search2.json
https://www.instagram.com/reel/C--gyH6yF7P/,"Tribun Jateng on Instagram: ""Demo Revisi UU Pilkada di ...",Instagram › tribunjateng,"532 likes, 26 comments - tribunjateng on August 22, 2024: ""Demo Revisi UU Pilkada di Semarang Ricuh, Pagar DPRD Jateng Dirobohkan Polisi Tembakkan Gas Air ...",[],[],{},,1 Des 2025,reel,organic,145,0:59,,,,,,instagram_search2.json
https://www.instagram.com/p/C-9xWMEsn_U/,Aksi demonstrasi terjadi di sejumlah kota di Indonesia ...,Instagram › katadatacoid,"... revisi UU Pilkada yang mengabaikan keputusan MK. Demo di Jakarta dilaksanakan di beberapa lokasi seperti Gedung DPR/MPR RI, Mahkamah ...",['revisi UU Pilkada'],[],{},"3,5 rb+ suka",1 tahun yang lalu,p,organic,146,,,,,,,instagram_search2.json
https://www.instagram.com/p/C--EJUjPTJ9/,Pengesahan revisi UU Pilkada dipastikan batal. Hal ...,Instagram › mojokdotco,"7995 likes, 352 comments - mojokdotco on August 22, 2024: ""Pengesahan revisi UU Pilkada dipastikan batal. Hal ini disampaikan oleh Wakil ...",['revisi UU Pilkada'],[],{},8 rb+ suka,1 tahun yang lalu,p,organic,147,,,,,,,instagram_search2.json
https://www.instagram.com/reel/C-9agmmtzW1/,Aksi unjuk rasa menolak RUU Pilkada juga diselenggarakan ...,Instagram › metrotv,Suasana Demo Tolak Revisi UU Pilkada siang ini di depan gedung DPR RI Jakarta. Stay safe semuanya! Captured by jktgo. more.,[],[],{},7 rb+ suka,1 tahun yang lalu,reel,organic,148,1:08,,,,,,instagram_search2.json
https://www.instagram.com/reel/C_NPoNJsC2A/,Presiden Joko Widodo buka suara soal aksi demonstrasi ...,Instagram › surabayatv.official,Presiden Joko Widodo buka suara soal aksi demonstrasi penolakan revisi UU Pilkada beberapa hari lalu yang terjadi di Jakarta ataupun ...,['revisi UU Pilkada'],[],{},3 suka,1 tahun yang lalu,reel,organic,152,,,,,,,instagram_search2.json
https://www.instagram.com/reel/DNxHhLG4gN6/,Jelang aksi demonstrasi di Gedung DPR RI Senin (25/8) ...,Instagram › infokrw,"Sejumlah elemen masyarakat sipil menggelar demonstrasi menolak pengesahan Revisi UU Pilkada di depan Gedung DPR RI, Jakarta, Kamis (22/8).",['Revisi UU Pilkada'],[],{},"16,8 rb+ suka",4 bulan yang lalu,reel,organic,156,,,,,,,instagram_search2.json
https://www.instagram.com/reel/C-9ygS9SOPF/,Pagar gedung DPR RI mulai jebol dan sejumlah massa ...,Instagram › radarcirebon,"... Revisi UU Pilkada ditunda. Wakil Ketua DPR RI, Sufmi Dasco Ahmad mengatakan, penundaan rapat karena tidak terpenuhi kuorum. Sebab, anggota ...",[],[],{},"13,6 rb+ suka",1 tahun yang lalu,reel,organic,158,0:13,,,,,,instagram_search2.json
https://www.instagram.com/reel/DS383Mngd1K/,Pilkada Langsung Digantikan Pemilihan Lewat DPRD? ...,Instagram › rahmansugidiyanto,... demokrasi dan pengkhianatan terhadap semangat Reformasi. pilkada dprd info. more. View all 2 comments. 4 days ago. fitrahnew5. •. Follow.,['pilkada dprd'],[],{},80+ suka,1 minggu yang lalu,reel,organic,216,,,,,,,instagram_search2.json
https://www.instagram.com/p/DS4xzchkatU/,Koalisi Sipil: Usul Pilkada via DPRD di Tengah Bencana ...,Instagram › rusdiantoismailtami,"Baca selengkapnya di Energijuangnews.com dengan tajuk: ""Pilkada DPRD: Gerakan Mundur Menuju Oligarki Partai?"" pilkada dprd oligarkipartai # ...","['Pilkada DPRD', 'pilkada dprd']",[],{},,,p,organic,217,,1 minggu yang lalu,,,,,instagram_search2.json
https://www.instagram.com/p/DTOuEDFE4wa/,Mayoritas publik menolak wacana Pilkada DPRD ...,Instagram › portalwarta_,Mayoritas publik menolak wacana Pilkada DPRD yang belakangan kembali mencuat. Penolakan ini tercermin dalam hasil survei Lembaga Survei ...,['Pilkada DPRD'],[],{},,,p,organic,221,,18 jam yang lalu,,,,,instagram_search2.json
https://www.instagram.com/p/DS9HpE-Ehot/,"Pilkada lewat DPRD itu penting, guys! Jangan anggap ...",Instagram › demoraqw,"2 days ago · agungbaskor0's profile picture. agungbaskor0. •. Follow. pilkada, dprd, kompas. 3. agungbaskor0. Sudahi wacana Pilkada Lewat DPRD ...","['pilkada, dprd']",[],{},,,p,organic,222,,1 minggu yang lalu,,2026-01-06T18:59:01.236Z,,,instagram_search2.json
https://www.instagram.com/p/DTAS60GE5LE/,Wacana Pemilihan Kepala Daerah (Pilkada) dikembalikan ...,Instagram › banteninside_co.id,Join Channel WhatsApp kami: pilkada dprd rakyat. more. View all 9 comments. 4 days ago · banteninside_co.id. •.,['pilkada dprd'],[],{},7 suka,6 hari yang lalu,p,organic,227,,,,,,,instagram_search2.json
https://www.instagram.com/p/DS4QUthgcyT/,Wacana pengembalian mekanisme Pemilihan Kepala ...,Instagram › cisaofficial,"... -atau-justru-bentuk-penguatan-demokrasi-representatif pengamatpolitik pilkada dprd herrymendrofa viral"".",['pilkada dprd'],[],{},5 suka,1 minggu yang lalu,p,organic,228,,,,,,,instagram_search2.json
https://www.instagram.com/p/DS9FDuwE5Fu/,"Pilkada lewat DPRD itu bukan cuma soal biaya politik, tapi ...",Instagram › shadegrove08,"2 days ago · agungbaskor0's profile picture. agungbaskor0. •. Follow. pilkada, dprd, kompas. 3. agungbaskor0. Sudahi wacana Pilkada Lewat DPRD ...","['pilkada, dprd']",[],{},,,p,organic,230,,1 minggu yang lalu,,2026-01-06T18:59:05.534Z,,,instagram_search2.json
https://www.instagram.com/p/DTKgnb6k358/?__d=1%252F,"Wacana Pilkada Lewat DPRD Menguat, Sejumlah Parpol ...",Instagram › kly.kabar.lampung.yai,Selengkapnya imbcnews pilkada dprd pro kontra. more.,['pilkada dprd'],[],{},,,p,organic,231,,2 hari yang lalu,,,,,instagram_search2.json
https://www.instagram.com/p/DS4eq8xEZJa/,"pemilihan gubernur dipilih DPRD, sementara bupati dan ...",Instagram › simakpolitik,"Kalau kalian setuju pemilihan kepala daerah langsung atau ""jastip"" suara via DPRD? pilkada dprd gerindra golkar prabowo pdip pan nasdem ...",['pilkada dprd'],[],{},6 suka,1 minggu yang lalu,p,organic,232,,,,,,,instagram_search2.json
https://www.instagram.com/p/DS9FH92ifGm/,"Pilkada lewat DPRD itu penting, guys! Jangan anggap ...",Instagram › solarcove15,"... dipilih oleh DPRD. more. December 23 · agungbaskor0's profile picture · agungbaskor0. •. Follow. pilkada, dprd, kompas. agungbaskor0. Sudahi ...","['pilkada, dprd']",[],{},,,p,organic,233,,1 minggu yang lalu,,,,,instagram_search2.json
https://www.instagram.com/p/DTAflUwDz59/,Pilkada Tak Harus Dicoblos Rakyat? DPR Tegaskan Jalur ...,Instagram › koranbaliexpress,... Pilkada DPRD Demokrasi UUD1945 PolitikNasional RevisiUUPilkada Pemilu NasDem IsuPolitik KoranBaliExpress. Instagram. Log in · Open app.,['Pilkada DPRD'],[],{},2 suka,6 hari yang lalu,p,organic,234,,,,,,,instagram_search2.json
https://www.instagram.com/p/DS9FJHrgEkf/,"Pilkada lewat DPRD jangan disederhanain ya, bro! Biaya ...",Instagram › nandasantoso2912,"2 days ago · agungbaskor0's profile picture. agungbaskor0. •. Follow. pilkada, dprd, kompas. 3. agungbaskor0. Sudahi wacana Pilkada Lewat DPRD ...","['pilkada, dprd']",[],{},,,p,organic,235,,1 minggu yang lalu,,2026-01-06T18:59:05.633Z,,,instagram_search2.json
https://www.instagram.com/reel/C_ALArry_oZ/,Kondisi gedung DPRD Jawa Barat pasca terjadinya ...,https://www.instagram.com › reel › C_ALArry_oZ,"40 likes, 0 comments - sumeks.co on August 22, 2024: ""Kondisi gedung DPRD Jawa Barat pasca terjadinya kericuhan saat demo tolak Revisi UU Pilkada.",['Revisi UU Pilkada'],[],{},,,reel,organic,159,,,,,,,instagram_search2.json
https://www.instagram.com/reel/C-8GDlvS9_B/,Viral Garuda Biru “Peringatan Darurat” di Jagat Media Sosial ...,Instagram › medantalkviral,"... revisi UU Pilkada. Salah satunya soal batas usia untuk maju Pilkada. Baleg menyepakati, UU Pilkada mengacu pada putusan Mahkamah Agung (MA) ...",[],[],{},"2,2 rb+ suka",1 tahun yang lalu,reel,organic,160,0:41,,,,,,instagram_search2.json
https://www.instagram.com/p/C--UBE1SbJU/,"Setelah didemo ribuan mahasiswa, akhirnya DPR RI ...",Instagram › informasi_malangraya,... revisi UU pilkada yang direncanakan hari ini tanggal 22 Agustus batal dilaksanakan. Oleh karenanya pada saat pendaftaran Pilkada pada ...,['revisi UU pilkada'],[],{},970+ suka,1 tahun yang lalu,p,organic,163,,,,,,,instagram_search2.json
https://www.instagram.com/p/C_AtfrpT1EZ/,Kapolda Metro Jaya bersama Wakapolda ...,Instagram › humaspolsekneglasari,... revisi UU Pilkada yang dianggap akan mempengaruhi integritas dan transparansi pemilihan kepala daerah. Kapolda Metro Jaya dan Wakapolda ...,['revisi UU Pilkada'],[],{},5 suka,1 tahun yang lalu,p,organic,164,,,,,,,instagram_search2.json
https://www.instagram.com/p/C--AYWEP2ty/?hl=en,Aksi Peduli Demokrasi juga Berkumandang di Makassar ...,Instagram › penajam_terkini,"... Aksi Peduli Demokrasi juga Berkumandang di Makassar, Penolakan Pengesahan revisi UU Pilkada, Kamis (22/8/2024)"".",['revisi UU Pilkada'],[],{},"1,3 rb+ suka",1 tahun yang lalu,p,organic,165,,,,,,,instagram_search2.json
https://www.instagram.com/p/DANxA5GCahI/,"Aksi ""Peringatan Darurat"" oleh mahasiswa, buruh ...",Instagram › indoprogress,"... revisi UU Pilkada menunjukkan bahwa rakyat tak diam terhadap penyelewengan konstitusi. Namun, muncul kekhawatiran gerakan ini akan disusupi ...",['revisi UU Pilkada'],[],{},580+ suka,1 tahun yang lalu,p,organic,167,,,,,,,instagram_search2.json
https://www.instagram.com/reel/C-7a1EEyPa9/,Mahkamah Konstitusi atau MK yang baru saja ...,Instagram › sumut_pos,"... revisi UU Pilkada. Salah satunya soal batas usia untuk maju Pilkada. Baleg menyepakati, UU Pilkada mengacu pada putusan Nomor 23 P/HUM/2024 ...",['revisi UU Pilkada'],[],{},20+ suka,1 tahun yang lalu,reel,organic,168,,,,,,,instagram_search2.json
https://www.instagram.com/p/DS4OyGRkoXN/,Isu adanya wacana Pemilihan Kepala Daerah (Pilkada) ...,Instagram › tigapenacom,"... usulan-pilkada-dipilih-dprd-dalam-revisi-uu-pemilu-2026/ RevisiUUPemilu2026 Pilkada DPRD Jangan lupa follow, like dan tag ke teman kamu",['Pilkada DPRD'],[],{},2 suka,1 minggu yang lalu,p,organic,236,,,,,,,instagram_search2.json
https://www.instagram.com/p/DTNNWptEgAn/,𝗦𝗔𝗛! 𝟳𝟰% 𝗗𝗣𝗥 𝗥𝗜 𝗦𝗘𝗧𝗨𝗝𝗨 — 𝗣𝗜𝗟𝗞𝗔𝗗𝗔 𝗟𝗘𝗪𝗔𝗧 ...,Instagram › abi_rizalsaamar,"Akuntabilitas pun jadi lelucon. Dalam pilkada langsung, pemimpin gagal bisa dihukum rakyat. Dalam pilkada DPRD, hukuman itu dipotong di ...",['pilkada DPRD'],[],{},,,p,organic,237,,1 hari yang lalu,,,,,instagram_search2.json
https://www.instagram.com/p/DS9FJ9lkaN9/,Pilkada lewat DPRD itu penting! Jangan sampe biaya ...,Instagram › lestari4everrr,"more. View all 245 comments. December 22 · agungbaskor0's profile picture. agungbaskor0. •. Follow. pilkada, dprd, kompas. agungbaskor0. Sudahi ...","['pilkada, dprd']",[],{},,,p,organic,238,,1 minggu yang lalu,,,,,instagram_search2.json
https://www.instagram.com/p/DR_Z70aEwye/,Pilkada lewat DPRD masuk bahasan utama Komisi II DPR ...,Instagram › aldi_irham4,RevisiUUPemilu2026 Pilkada DPRD,['Pilkada DPRD'],[],{},,,p,organic,239,,1 bulan yang lalu,,,,,instagram_search2.json
https://www.instagram.com/p/DS4mGRPE2NF/,Wacana pemilihan kepala daerah oleh DPRD kembali ...,Instagram › fac.politik,"... usulan-pilkada-dipilih-dprd-dalam-revisi-uu-pemilu-2026/ RevisiUUPemilu2026 Pilkada DPRD Jangan lupa follow, like dan tag ke teman kamu",['Pilkada DPRD'],[],{},7 suka,1 minggu yang lalu,p,organic,241,,,,,,,instagram_search2.json
https://www.instagram.com/p/DSrwoxrgcBt/,Wacana Pilkada lewat DPRD kembali muncul ... - Instagram,Instagram › murianewscom,"... com murianews pilkada dprd demokrasi pilkadalewatdprd"".",['pilkada dprd'],[],{},20+ suka,2 minggu yang lalu,p,organic,243,,,,,,,instagram_search2.json
https://www.instagram.com/p/DS9HngOibE8/,"Pilkada lewat DPRD itu penting, guys! Jangan remehkan ...",Instagram › adiprabz,"more. View all 245 comments. December 22 · agungbaskor0's profile picture. agungbaskor0. •. Follow. pilkada, dprd, kompas. agungbaskor0. Sudahi ...","['pilkada, dprd']",[],{},,,p,organic,244,,1 minggu yang lalu,,,,,instagram_search2.json
https://www.instagram.com/p/DTEYn0TEpY8/,Kabar pemilihan kepala daerah oleh DPRD pada wacana ...,Instagram › indrayana206,"3 days ago · agungbaskor0's profile picture · agungbaskor0. •. Follow. pilkada, dprd, kompas. 3. agungbaskor0. Sudahi wacana Pilkada Lewat DPRD ...","['pilkada, dprd']",[],{},1 suka,4 hari yang lalu,p,organic,245,,,,2026-01-05T18:59:10.643Z,,,instagram_search2.json
https://www.instagram.com/p/C_AcHTXPQvZ/,"""Haidar Alwi Apresiasi Polri dalam Pengamanan Demo ...",Instagram › yon_c_pelopor_pmj,"89 likes, 0 comments - yon_c_pelopor_pmj on August 23, 2024: ""Haidar Alwi Apresiasi Polri dalam Pengamanan Demo Tolak Revisi UU Pilkada.",['Revisi UU Pilkada'],[],{},80+ suka,1 tahun yang lalu,p,organic,169,,,,,,,instagram_search2.json
https://www.instagram.com/reel/C-96961yPi1/,Massa mahasiswa demo RUU Pilkada ternyata tak hanya di ...,Instagram › kumparancom,Suasana Demo Tolak Revisi UU Pilkada siang ini di depan gedung DPR RI Jakarta. ... Mereka menggelar aksi demo menolak pengesahan Revisi UU Pilkada ...,[],[],{},"30,6 rb+ suka",1 tahun yang lalu,reel,organic,170,1:12,,,,,,instagram_search2.json
https://www.instagram.com/reel/C-927XtNBZw/,"Ribuan Buruh-Mahasiswa ""Kepung"" Gedung DPR RI, ...",Instagram › langsaku_,"675 likes, 5 comments - langsaku_ on August 22, 2024: ""Ribuan Buruh-Mahasiswa ""Kepung"" Gedung DPR RI, Tolak Revisi UU Pilkada Ribuan massa ...",['Revisi UU Pilkada'],[],{},670+ suka,1 tahun yang lalu,reel,organic,172,,,,,,,instagram_search2.json
https://www.instagram.com/p/C--gdCFSeTC/,Klaim Tak Akan Ada Rapat Tengah Malam Buat Sahkan ...,Instagram › infobandaaceh,... revisi UU Pilkada dibatalkan. Dasco menyebut putusan Mahkamah Konstitusi (MK) lah yang berlaku untuk pendaftaran Pilkada pada 27 Agustus ...,['revisi UU Pilkada'],[],{},"1,6 rb+ suka",1 tahun yang lalu,p,organic,173,,,,,,,instagram_search2.json
https://www.instagram.com/p/C-7MY0bJkfl/,"""DPR Abaikan MK terkait syarat pencalonan dalam Pilkada ...",Instagram › depok24jam,) revisi UU Pilkada Badan Legislasi (Baleg) DPR RI baru saja menolak menjalankan Putusan Mahkamah Konstitusi (MK) Nomor 70/PUU-XXII/2024 ...,['revisi UU Pilkada'],[],{},"19,5 rb+ suka",1 tahun yang lalu,p,organic,175,,,,,,,instagram_search2.json
https://www.instagram.com/reel/C-9RDq_S8AM/,"INDONESIA on Instagram: ""Badan Eksekutif Mahasiswa (BEM ...",Instagram › infopadang_,... revisi UU Pilkada yang dilakukan oleh Panitia Kerja (Panja) revisi UU Pilkada Badan Legislasi (Baleg) DPR RI. Hal ini dibenarkan oleh ...,[],[],{},"7,7 rb+ suka",1 tahun yang lalu,reel,organic,176,2:11,,,,,,instagram_search2.json
https://www.instagram.com/reel/C_CS_HVMqGc/,Aksi unjuk rasa yang menuntut revisi UU Pilkada di depan ...,Instagram › garutintannews,"36 likes, 0 comments - garutintannews on August 23, 2024: ""Aksi unjuk rasa yang menuntut revisi UU Pilkada di depan Gedung DPRD Garut ...",['revisi UU Pilkada'],[],{},30+ suka,1 tahun yang lalu,reel,organic,177,,,,,,,instagram_search2.json
https://www.instagram.com/p/DR8SVJIE3GP/,Ketua Umum Partai Golkar Bahlil Lahadalia mengusulkan ...,Instagram › nusabali_com,"Arifki Chaniago, Direktur Eksekutif Aljabar Strategic, dalam pernyataannya di Jakarta (20/12/2025) menyebut usulan Pilkada DPRD adalah langkah ...",['Pilkada DPRD'],[],{},70+ suka,1 bulan yang lalu,p,organic,246,,,,,,,instagram_search2.json
https://www.instagram.com/reel/DR_KX--gefv/,"Biaya Politik Tinggi Jadi Alasan, PDIP Terbuka Kaji Pilkada ...",Instagram › radarpekalongan,"Biaya Politik Tinggi Jadi Alasan, PDIP Terbuka Kaji Pilkada Lewat DPRD fyp pilkada dprd pdip politik. more. December 7.",[],[],{},10+ suka,1 bulan yang lalu,reel,organic,250,0:54,,,,,,instagram_search2.json
https://www.instagram.com/p/DS9FEaeE0Ip/,"Pilkada lewat DPRD itu, bro! Jangan anggap remeh ...",Instagram › evenstream21,"December 22 · agungbaskor0's profile picture. agungbaskor0. •. Follow. pilkada, dprd, kompas. 3. agungbaskor0. Sudahi wacana Pilkada Lewat DPRD ...","['pilkada, dprd']",[],{},,,p,organic,251,,1 minggu yang lalu,,2025-12-22T12:00:00.000Z,,,instagram_search2.json
https://www.instagram.com/p/DS9FEDMkYhg/,"Pilkada lewat DPRD itu penting, bro! Biaya politik jangan ...",Instagram › willowwisp013,"December 22 · agungbaskor0's profile picture. agungbaskor0. •. Follow. pilkada, dprd, kompas. 3. agungbaskor0. Sudahi wacana Pilkada Lewat DPRD ...","['pilkada, dprd']",[],{},,,p,organic,252,,1 minggu yang lalu,,2025-12-22T12:00:00.000Z,,,instagram_search2.json
https://www.instagram.com/p/DS9E9M7E6Ts/,"Pilkada lewat DPRD itu penting, guys! Jangan anggap ...",Instagram › indomiehooligan,"December 22 · agungbaskor0's profile picture. agungbaskor0. •. Follow. pilkada, dprd, kompas. 3. agungbaskor0. Sudahi wacana Pilkada Lewat DPRD ...","['pilkada, dprd']",[],{},,,p,organic,253,,1 minggu yang lalu,,2025-12-22T12:00:00.000Z,,,instagram_search2.json
https://www.instagram.com/p/DS4x4t_gCEV/,"""Partai Golkar sejak awal mendorong pilkada melalui ...",Instagram › rusdiantoismailtami,Tim Pilkada Langsung atau Tim Pilkada DPRD? Berikan argumen terbaikmu di kolom komentar! Baca selengkapnya: ...,['Pilkada DPRD'],[],{},,,p,organic,254,,1 minggu yang lalu,,,,,instagram_search2.json
https://www.instagram.com/p/DSkC4bokkuR/,PILKADA VIA DPRD: SOLUSI HEMAT ATAU ...,Instagram › lintasparlemen,... Pilkada DPRD? Berikan argumen terbaikmu di kolom komentar! Baca selengkapnya: ...,['Pilkada DPRD'],[],{},,,p,organic,258,,2 minggu yang lalu,,,,,instagram_search2.json
https://www.instagram.com/reel/DMxM54qNrMT/,"“Pilkada evaluasi total, dipilih oleh DPRD” mencerminkan ...",Instagram › pkbsampang,... di tahun 2026 mendatang.*** pdip hasto pilkada dprd kepaladaerah. more. December 9 · tamrin_bl99's profile picture · tamrin_bl99. •. Follow.,['pilkada dprd'],[],{},3 suka,5 bulan yang lalu,reel,organic,262,,,,,,,instagram_search2.json
https://www.instagram.com/reel/DSzvKHogTAi/,Gerakan rakyat tolak usulan pilkada melalui DPRD: beresiko,Instagram › 6polnews,"... KehormatanOrmasGerakanRakyat Pilkada DPRD. more. View all 1,617 comments. 3 days ago · sekilas.news's profile picture. sekilas.news. •. Follow.",['Pilkada DPRD'],[],{},80+ suka,1 minggu yang lalu,reel,organic,263,,,,,,,instagram_search2.json
https://www.instagram.com/p/DS6NO0lk6te/,Usulan pemilihan kepala daerah lewat DPRD kembali ...,Instagram › foruminvestorbekasi,"... usulan-pilkada-dipilih-dprd-dalam-revisi-uu-pemilu-2026/ RevisiUUPemilu2026 Pilkada DPRD Jangan lupa follow, like dan tag ke teman kamu",['Pilkada DPRD'],[],{},1 suka,1 minggu yang lalu,p,organic,264,,,,,,,instagram_search2.json
https://www.instagram.com/p/C-9Wtjnhxa9/,"Demo Darurat Indonesia, Ribuan Buruh & Mahasiswa ...",Instagram › indramayuinfo,"masyarakat sipil akan menggelar demonstrasi menolak pengesahan Revisi UU Pilkada di depan Gedung DPR RI, Jakarta, hari ini, Kamis (22/8). Demo",['Revisi UU Pilkada'],[],{},"2,9 rb+ suka",1 tahun yang lalu,p,organic,179,,,,,,,instagram_search2.json
https://www.instagram.com/p/C--Or2ihm6-/,Pengesahan Rancangan Undang-Undang (RUU) pilkada ...,Instagram › malangraya_info,"... revisi UU Pilkada pagi ini. Sayangnya, hanya 86 anggota DPR yang hadir dalam rapat paripurna dari total 575 anggota dewan. ""Kalau sidang ...",['revisi UU Pilkada'],[],{},"4,3 rb+ suka",1 tahun yang lalu,p,organic,180,,,,,,,instagram_search2.json
https://www.instagram.com/reel/DC5920KzWq4/,Pramono Anung Deklarasi Menang Satu Putaran di ...,Instagram › vivacoid,"Ketimbang mengubah sistem, Said menawarkan penguatan aspek hukum melalui revisi UU Pilkada. ""Problemnya adalah politik uang. Kita butuh ...",['revisi UU Pilkada'],[],{},180+ suka,1 tahun yang lalu,reel,organic,181,,,,,,,instagram_search2.json
https://www.instagram.com/p/C--FXMzyTRH/,17.56 - Gerbang Pancasila DPR RI ...,Instagram › tashoora,itu dikabarkan juga bahwa Wakil Ketua DPR Sufmi Dasco Ahmad memastikan pengesahan revisi UU Pilkada ... revisi UU Pilkada dibatalkan. Terus saling ...,"['revisi UU Pilkada', 'revisi UU Pilkada']",[],{},"2,9 rb+ suka",1 tahun yang lalu,p,organic,182,,,,,,,instagram_search2.json
https://www.instagram.com/reel/C_CDSthSDIu/,Aksi mahasiswa menolak revisi UU Pilkada di Banyumas ...,Instagram › radarbanyumasnetwork,"42 likes, 0 comments - radarbanyumasnetwork on August 23, 2024: ""Aksi mahasiswa menolak revisi UU Pilkada di Banyumas berujung ricuh.",['revisi UU Pilkada'],[],{},40+ suka,1 tahun yang lalu,reel,organic,184,,,,,,,instagram_search2.json
https://www.instagram.com/reel/C_DD-1DgGHu/,Ratusan mahasiswa Universitas Samudra Langsa ...,Instagram › pujatvaceh,"... infoterkini, beritaupdate, beritaterbaru, langsa demo mahasiswa demonstrasi revisiuu revisi uu pilkada mk"".",['revisi uu pilkada'],[],{},5 suka,1 tahun yang lalu,reel,organic,186,,,,,,,instagram_search2.json
https://www.instagram.com/p/C_DN_vgSTct/,"Bicara Usai Dihujat Netizen, Raffi Ahmad",Instagram › medantalk,... Revisi UU Pilkada. Banyak yang kecewa karena dia gak ikut menyuarakan penolakan revisi undang-undang ini. Lewat akun Instagram pribadinya ...,['Revisi UU Pilkada'],[],{},"11,6 rb+ suka",1 tahun yang lalu,p,organic,187,,,,,,,instagram_search2.json
https://www.instagram.com/p/C-_WB16yl_O/,JAKARTA - Wakil Ketua Dewan Perwakilan ... - Instagram,Instagram › ajnndotnet,"... revisi UU Pilkada batal disahkan hari ini. Hal itu ditekankan Dasco dalam kicauannya di media sosial X yang dikutip CNBC Indonesia, Kamis ...",['revisi UU Pilkada'],[],{},30+ suka,1 tahun yang lalu,p,organic,188,,,,,,,instagram_search2.json
https://www.instagram.com/reel/C-7KgPFyQjD/,"Untungkan Gibran, dihormati. Rugikan Kaesang, diingkari ...",Instagram › adammuhamm_,"... konstitusi kalau selalu diakali dengan 'aturan main sendiri' ? Kini, mari KawalPutusanMK Tolak Revisi UU Pilkada "".",[],[],{},990+ suka,1 tahun yang lalu,reel,organic,189,0:08,,,,,,instagram_search2.json
https://www.instagram.com/p/C-9R4bEyoN7/,Sejumlah elemen masyarakat sipil akan menggelar ...,Instagram › infodharmasraya_,"... Revisi UU Pilkada di depan Gedung DPR RI, Jakarta, hari ini, Kamis (22/8). Demo ini bagian dari gerakan 'peringatan darurat Indonesia' yang ...",['Revisi UU Pilkada'],[],{},"1,3 rb+ suka",1 tahun yang lalu,p,organic,190,,,,,,,instagram_search2.json
https://www.instagram.com/p/C_HtJsvS3GP/,Opini dosen Fakultas Hukum Universitas Widya Mataram ...,Instagram › fh.uwm,"... Revisi UU PILKADA Pasca Keputusan Mahkamah Konstitusi"" Opini selengkapnya : ...",['Revisi UU PILKADA'],[],{},40+ suka,1 tahun yang lalu,p,organic,191,,,,,,,instagram_search2.json
https://www.instagram.com/reel/C-9xoWFPo_1/,Massa aksi demonstrasi tolak revisi UU Pilkada berupaya ...,Instagram › officialinewstv,"584 likes, 18 comments - officialinewstv on August 22, 2024: ""Massa aksi demonstrasi tolak revisi UU Pilkada berupaya dobrak pagar gedung ...",['revisi UU Pilkada'],[],{},580+ suka,1 tahun yang lalu,reel,organic,192,,,,,,,instagram_search2.json
https://www.instagram.com/reel/C-9ZP73v5YW/?hl=nb,Sejumlah elemen masyarakat sipil menggelar demonstrasi ...,Instagram › infokrw,"7770 likes, 118 comments - infokrw August 21, 2024: ""Sejumlah elemen masyarakat sipil menggelar demonstrasi menolak pengesahan Revisi UU Pilkada",['Revisi UU Pilkada'],[],{},"7,8 rb+ suka",1 tahun yang lalu,reel,organic,193,,,,,,,instagram_search2.json
https://www.instagram.com/p/C_A_ulfBTCG/,"Sebelumnya, Raffi Ahmad sempat jadi bulan-bulanan ...",Instagram › detikcom,dianggap cuek terhadap aksi demo menolak Revisi UU Pilkada. Banyak yang merasa kecewa karena sosok sepopuler Raffi Ahmad dinilai tidak,['Revisi UU Pilkada'],[],{},,,p,organic,194,,1 tahun yang lalu,,,,,instagram_search2.json
https://www.instagram.com/p/C-__S1pygJW/,"Badan Legislasi (Baleg) DPR, DPD dan pemerintah ...",Instagram › tercyduck.aceh,... revisi UU Pilkada tersebut kecuali fraksi PDIP yang menilai revisi UU Pilkada menganulir putusan Mahkamah Konstitusi (MK) soal usia cagub ...,"['revisi UU Pilkada', 'revisi UU Pilkada']",[],{},"3,1 rb+ suka",1 tahun yang lalu,p,organic,195,,,,,,,instagram_search2.json
https://www.instagram.com/reel/C-9y_LtKitE/,Massa aksi merusak pagar DPR RI dalam demo tolak ...,Instagram › inilah_com,"780 likes, 37 comments - inilah_com on August 22, 2024: ""Massa aksi merusak pagar DPR RI dalam demo tolak pengesahan revisi UU Pilkada di ...",['revisi UU Pilkada'],[],{},780+ suka,1 tahun yang lalu,reel,organic,196,,,,,,,instagram_search2.json
https://www.instagram.com/reel/C-9xXGxs49A/,Detik-Detik Pagar Samping Gedung DPR Dijebol Massa ...,Instagram › kompastv,"1313 likes, 45 comments - kompastv on August 22, 2024: ""Detik-Detik Pagar Samping Gedung DPR Dijebol Massa Aksi Tolak Revisi UU Pilkada!",['Revisi UU Pilkada'],[],{},"1,3 rb+ suka",1 tahun yang lalu,reel,organic,197,,,,,,,instagram_search2.json
https://www.instagram.com/p/C_HEe_GSLDW/,Halo KawanBRIN Polemik Revisi UU No 10/2016 ...,Instagram › soshum_brin,"... Revisi UU Pilkada” yang diselenggarakan pada: Hari: Senin, 26 Agustus 2024 Pukul: 13.00-15.00 WIB Join Zoom Meeting ...",['Revisi UU Pilkada'],[],{},30+ suka,1 tahun yang lalu,p,organic,198,,,,,,,instagram_search2.json
https://www.instagram.com/p/DS9FCwPgSHe/,Pilkada lewat DPRD itu penting! Jangan anggap remeh ...,Instagram › softshift21,"7 days ago · agungbaskor0's profile picture. agungbaskor0. •. Follow. pilkada, dprd, kompas. 3. agungbaskor0. Sudahi wacana Pilkada Lewat DPRD ...","['pilkada, dprd']",[],{},,,p,organic,266,,1 minggu yang lalu,,2026-01-01T19:00:21.234Z,,,instagram_search2.json
https://www.instagram.com/p/DTMSFe4k_p3/,Isu pemilihan kepala daerah dipilih lewat DPRD semakin ...,Instagram › radityanakbar.id,"Dalam pilkada DPRD, hukuman itu dipotong di tengah jalan—yang gagal tetap bisa dipoles dan diselamatkan lewat koalisi. Alasan “lebih murah ...",['pilkada DPRD'],[],{},80+ suka,1 hari yang lalu,p,organic,267,,,,,,,instagram_search2.json
https://www.instagram.com/p/DR_dfVnEaBU/,Gerak cepat Komisi II DPR bahas Pilkada lewat DPRD ...,Instagram › farhan_hamid0,... mendatang.*** pdip hasto pilkada dprd kepaladaerah. more. December 9 · elisonparsaulian's profile picture. elisonparsaulian. •. Follow.,['pilkada dprd'],[],{},,,p,organic,268,,1 bulan yang lalu,,,,,instagram_search2.json
https://www.instagram.com/p/DSb3q0lkVV5/,Kepala Daerah Dipilih DPRD Lagi? Pengamat,Instagram › siarankubar,"... usulan-pilkada-dipilih-dprd-dalam-revisi-uu-pemilu-2026/ RevisiUUPemilu2026 Pilkada DPRD Jangan lupa follow, like dan tag ke teman kamu",['Pilkada DPRD'],[],{},,,p,organic,269,,3 minggu yang lalu,,,,,instagram_search2.json
https://www.instagram.com/reel/DS4XMKKk68e/,pengembalian pemilihan kepala daerah (Pilkada) ...,Instagram › isu_jalanan,Sumber: Metro TV Pilkada DPRD Golkar Demokrasi. more. View all 3 comments. 2 days ago · harian.banten's profile picture. harian.banten. •.,['Pilkada DPRD'],[],{},30+ suka,1 minggu yang lalu,reel,organic,271,,,,,,,instagram_search2.json
https://www.instagram.com/reel/DS6gUSOkarp/,"Kepala daerah bakal dipilih DPRD, naik pitam ga kelen? ...",Instagram › kaswarimarbun.97,"Kepala daerah bakal dipilih DPRD, naik pitam ga kelen? pilkada dprd #. more. kaswarimarbun.97 · alvin_rusydi19. Ketika ...",['pilkada dprd'],[],{},10+ suka,1 minggu yang lalu,reel,organic,273,,,,,,,instagram_search2.json
https://www.instagram.com/p/DS9FAidgaKn/,"Pilkada lewat DPRD itu keren, guys! Jangan anggap ...",Instagram › exyaordinary,"2 days ago · agungbaskor0's profile picture. agungbaskor0. •. Follow. pilkada, dprd, kompas. 3. agungbaskor0. Sudahi wacana Pilkada Lewat DPRD ...","['pilkada, dprd']",[],{},,,p,organic,274,,1 minggu yang lalu,,2026-01-06T19:00:21.332Z,,,instagram_search2.json
https://www.instagram.com/p/DS9FAXJkqh6/,"Pilkada lewat DPRD itu penting, guys! Jangan anggap ...",Instagram › seronaflux9,"more. View all 299 comments. 2 days ago · agungbaskor0's profile picture · agungbaskor0. •. Follow. pilkada, dprd, kompas. agungbaskor0. Sudahi ...","['pilkada, dprd']",[],{},,,p,organic,275,,1 minggu yang lalu,,,,,instagram_search2.json
https://www.instagram.com/reel/DTDWKjkkuH0/,Pilkada DPRD Ternyata Punya Modus Akhir Presiden ...,Instagram › paltiwest,"Dalam video ini, analisis yang mendalam mengungkap motif sebenarnya dari pilkada DPRD, seolah-olah kebijakan tersebut dipilih untuk ...",['pilkada DPRD'],[],{},210+ suka,5 hari yang lalu,reel,organic,276,,,,,,,instagram_search2.json
https://www.instagram.com/p/DS6cNFYk6QA/,Pemilihan kepala daerah oleh DPRD adalah ...,Instagram › sudartananda,Juristic Indonesia Media belajar dan berbagi informasi hukum⚖ JuristicIndonesia JuristicUpdate Pilkada DPRD EfisiensiAnggaran. more. 5 ...,['Pilkada DPRD'],[],{},,,p,organic,279,,1 minggu yang lalu,,,,,instagram_search2.json
https://www.instagram.com/p/DS9E9RdEj4S/,Pilkada lewat DPRD itu penting! Jangan anggap remeh ...,Instagram › breezebloom31,"December 11 · agungbaskor0's profile picture. agungbaskor0. •. Follow. pilkada, dprd, kompas. 3. agungbaskor0. Sudahi wacana Pilkada Lewat DPRD ...","['pilkada, dprd']",[],{},,,p,organic,280,,1 minggu yang lalu,,2025-12-11T12:00:00.000Z,,,instagram_search2.json
https://www.instagram.com/p/DS6kd3Ikg2S/,Sistem Pemilihan kepala daerah (Pilkada) dipilih lewat ...,Instagram › kabardaring.id,🗳️ Gerindra Pilkada DPRD EfisiensiAnggaran BiayaPolitik. more. 2 days ago · katadatacoid's profile picture. katadatacoid. •. Follow.,['Pilkada DPRD'],[],{},,,p,organic,282,,1 minggu yang lalu,,,,,instagram_search2.json
https://www.instagram.com/p/DTAFc0mDRWv/,Wacana Partai Golkar mengusulkan Pilkada dilakukan ...,Instagram › ridwanindrawan88,"... pabrik investor. more. 4 days ago · agungbaskor0. •. Follow. pilkada, dprd, kompas. 3. agungbaskor0. Sudahi wacana Pilkada Lewat DPRD di ...","['pilkada, dprd']",[],{},,,p,organic,283,,6 hari yang lalu,,,,,instagram_search2.json
https://www.instagram.com/p/DR_f-_ZEWvV/,Komisi II DPR bakal tuntas bahas Pilkada lewat DPRD ...,Instagram › david_frnn07,"3 days ago · agungbaskor0's profile picture. agungbaskor0. •. Follow. pilkada, dprd, kompas. 3. agungbaskor0. Sudahi wacana Pilkada Lewat DPRD ...","['pilkada, dprd']",[],{},,,p,organic,284,,1 bulan yang lalu,,2026-01-05T19:00:57.734Z,,,instagram_search2.json
https://www.instagram.com/p/DTCAUM_gRUp/,Pilkada Tak Harus Dicoblos Rakyat? DPR Tegaskan Jalur ...,Instagram › niranira1051,"... baru saja dimulai. Pilkada DPRD Demokrasi UUD1945 PolitikNasional RevisiUUPilkada Pemilu NasDem IsuPolitik nira"".",['Pilkada DPRD'],[],{},,,p,organic,285,,5 hari yang lalu,,,,,instagram_search2.json
https://www.instagram.com/p/DPjY5SeEw85/,Gagasan pelaksanaan pemilihan kepala daerah (pilkada) ...,Instagram › indoragam.news,Pilkada ke depan: dicoblos rakyat atau dipilih elite DPRD? Perdebatan baru saja dimulai. Pilkada DPRD Demokrasi UUD1945 PolitikNasional # ...,['Pilkada DPRD'],[],{},1 suka,3 bulan yang lalu,p,organic,291,,,,,,,instagram_search2.json
https://www.instagram.com/reel/DTA4neukTpO/,Landasan konstitusional Pilkada melalui DPRD,Instagram › petapolitikindo,"Tolak wacana Pilkada oleh DPRD, itu bukan untuk penghematan tapi akal-akalan. pilkada dprd kotakkosong. more. View all 51 comments. 6 ...",['pilkada dprd'],[],{},1 suka,6 hari yang lalu,reel,organic,293,,,,,,,instagram_search2.json
https://www.instagram.com/p/DTABcgSjasR/,Wacana Partai Golkar mengusulkan Pilkada dilakukan ...,Instagram › mans_kreasi,"Baca selengkapnya di Energijuangnews.com dengan tajuk: ""Pilkada DPRD: Gerakan Mundur Menuju Oligarki Partai?"" pilkada dprd oligarkipartai # ...","['Pilkada DPRD', 'pilkada dprd']",[],{},1 suka,6 hari yang lalu,p,organic,294,,,,,,,instagram_search2.json
https://www.instagram.com/reel/DTApLJWAcGG/,Pilkada DPRD Dinilai Konstitusional ...,Instagram › politikharian,"0 likes, 0 comments - politikharian on January 2, 2026: ""Pilkada DPRD Dinilai Konstitusional beritaterbaru beritaterkini beritaviral ...",['Pilkada DPRD'],[],{},,,reel,organic,295,,6 hari yang lalu,,,,,instagram_search2.json
https://www.instagram.com/reel/C-9S7qhMN2d/,"Komika ke DPR, Tolak Revisi UU Pilkada",Instagram › lensaindonesiartv,"305 likes, 18 comments - lensaindonesiartv on August 21, 2024: ""Komika ke DPR, Tolak Revisi UU Pilkada"".",[],[],{},300+ suka,1 tahun yang lalu,reel,organic,206,0:26,,,,,,instagram_search2.json
https://www.instagram.com/p/C_Ag2cXSOAi/,"Jumat, 23 Agustus 2024. Aliansi Masyarakat Penyelamat ...",Instagram › sepmitabepis,"... 2024. Aliansi Masyarakat Penyelamat Demokrasi, berdemo di depan Kantor DPRD Kota Balikpapan menolak revisi UU Pilkada."".",['revisi UU Pilkada'],[],{},"1,4 rb+ suka",1 tahun yang lalu,p,organic,210,,,,,,,instagram_search2.json
https://www.instagram.com/p/C-9PMRbPyM2/,Sejumlah elemen masyarakat sipil akan menggelar ...,Instagram › zonamahasiswa.id,"Sejumlah elemen masyarakat sipil akan menggelar dem0nstr4si menolak pengesahan Revisi UU Pilkada di depan Gedung DPR RI, Jakarta, hari ini, ...",['Revisi UU Pilkada'],[],{},"30,1 rb+ suka",1 tahun yang lalu,p,organic,212,,,,,,,instagram_search2.json
https://www.instagram.com/reel/C-77OdBSiJ0/,"Semua Fraksi sepakat Revisi UU Pilkada, kecuali PDIP",Instagram › undergreen.id,"691 likes, 116 comments - undergreen.id on August 21, 2024: ""TABRAK TEROOOS!!! _ Semua Fraksi sepakat Revisi UU Pilkada, kecuali PDIP"".",['Revisi UU Pilkada'],[],{},690+ suka,1 tahun yang lalu,reel,organic,213,,,,,,,instagram_search2.json
https://www.instagram.com/p/C-9sXoaSojA/,infobandaaceh Perwakilan DPR akhirnya ...,Instagram › infobandaaceh,Penolakan revisi UU Pilkada ini mereka pandang sebagai bentuk pembangkangan terhadap konstitusi dan ancaman serius terhadap demokrasi di ...,['revisi UU Pilkada'],[],{},"2,8 rb+ suka",1 tahun yang lalu,p,organic,214,,,,,,,instagram_search2.json
https://www.instagram.com/reel/C_CaKgAqCIC/,"KompasTV on Instagram: ""Jokowi soal Peluang Kaesang ...",Instagram › kompastv,"4356 likes, 907 comments - kompastv on August 23, 2024: ""Jokowi soal Peluang Kaesang Maju Pilkada Usai DPR Batal Sahkan Revisi UU Pilkada ...",[],[],{},"4,4 rb+ suka",1 tahun yang lalu,reel,organic,215,1:51,,,,,,instagram_search2.json
https://www.instagram.com/p/C_Kq92yPJfp/?__d=1%2F,Saat ramai demonstrasi tolak Revisi UU Pilkada Raffi ...,Instagram › detikcom,"8965 likes, 1297 comments - detikcom on August 27, 2024: ""Saat ramai demonstrasi tolak Revisi UU Pilkada Raffi Ahmad diketahui sedang berada ...",['Revisi UU Pilkada'],[],{},9 rb+ suka,1 tahun yang lalu,p,organic,216,,,,,,,instagram_search2.json
https://www.instagram.com/p/C_Z2g5SPko0/,MAHASISWA UNISBA MENINGGAL SAAT DEMO TOLAK ...,Instagram › jabarsaberhoaks,"18 likes, 0 comments - jabarsaberhoaks on September 1, 2024: ""MAHASISWA UNISBA MENINGGAL SAAT DEMO TOLAK REVISI UU PILKADA Beredar unggahan ...",['REVISI UU PILKADA'],[],{},10+ suka,1 tahun yang lalu,p,organic,222,,,,,,,instagram_search2.json
https://www.instagram.com/reel/C-9gNM5u6j7/,"KompasTV on Instagram: ""Alasan Komika Mamat Alkatiri dan ...",Instagram › kompastv,... Revisi UU Pilkada di Gedung DPR ___ Komika dan mengungkapkan alasannya mengikuti aksi demo menolak revisi UU ...,[],[],{},"6,9 rb+ suka",1 tahun yang lalu,reel,organic,223,3:01,,,,,,instagram_search2.json
https://www.instagram.com/reel/C_AuO6AReuv/,Machicha Mochtar Temui Anak Usai Ditangkap Saat Demo ...,Instagram › tribun_bengkulu,... revisi UU Pilkada di DPR. Anak Machica Mochtar mengalami luka usai ditangkap saat demo tolak revisi UU Pilkada di Gedung DPR RI Senayan ...,"['revisi UU Pilkada', 'revisi UU Pilkada']",[],{},7 suka,1 tahun yang lalu,reel,organic,224,,,,,,,instagram_search2.json
https://www.instagram.com/reel/C-9ETmCvVpL/?hl=ar,Sejumlah elemen masyarakat sipil akan mengadakan ...,Instagram › jawatimurterkini,"Kamis (22/8), menolak pengesahan Revisi UU Pilkada. Aksi ini merupakan bagian dari gerakan 'peringatan darurat Indonesia' yang viral di ...",['Revisi UU Pilkada'],[],{},"1,5 rb+ suka",1 tahun yang lalu,reel,organic,225,,,,,,,instagram_search2.json
https://www.instagram.com/p/DN_uAlhE4m3/,SURAT TERBUKA UNTUK SOBAT INFO DI SELURUH ...,Instagram › surabayapunyainfo,"Dalam waktu singkat, Baleg DPR RI memutuskan membahas Revisi UU Pilkada, yang jelas menguntungkan keluarga Presiden Jokowi untuk tetap berkuasa.",['Revisi UU Pilkada'],[],{},410+ suka,4 bulan yang lalu,p,organic,227,,,,,,,instagram_search2.json
https://www.instagram.com/reel/C-9owrZPDB0/,Reza Rahadian turut serta dalam aksi protes menolak ...,Instagram › news.nusantaratv,"news.nusantaratv on August 22, 2024: ""Reza Rahadian turut serta dalam aksi protes menolak revisi UU Pilkada di depan Gedung DPR pada Kamis ...",['revisi UU Pilkada'],[],{},220+ suka,1 tahun yang lalu,reel,organic,228,,,,,,,instagram_search2.json
https://www.instagram.com/p/C_AEKanpzbe/,Aksi Tolak Revisi UU Pilkada di Bandung FOTO 1 ...,Instagram › photosspeak_net,"213 likes, 0 comments - photosspeak_net on August 22, 2024: ""Aksi Tolak Revisi UU Pilkada di Bandung FOTO 1: Seorang pengunjuk rasa ...",['Revisi UU Pilkada'],[],{},210+ suka,1 tahun yang lalu,p,organic,231,,,,,,,instagram_search2.json
https://www.instagram.com/p/C--OBQsyS9q/,Pimpinan DPR RI Sufmi Dasco Ahmad memastikan revisi ...,Instagram › kabarsubulussalam,"... revisi UU Pilkada batal disahkan pada hari ini, Kamis (22/8/2024). Karena tak jadi disahkan revisi UU Pilkada, maka DPR dan pemerintah, akan ...","['revisi UU Pilkada', 'revisi UU Pilkada']",[],{},,,p,organic,233,,1 tahun yang lalu,,,,,instagram_search2.json
https://www.instagram.com/p/C_Cafp6haWR/,Polisi menangkap 301 demonstran aksi menolak Revisi ...,Instagram › sindonews,"207 likes, 13 comments - sindonews on August 23, 2024: ""Polisi menangkap 301 demonstran aksi menolak Revisi UU Pilkada di depan Gedung ...",['Revisi UU Pilkada'],[],{},200+ suka,1 tahun yang lalu,p,organic,234,,,,,,,instagram_search2.json
https://www.instagram.com/p/C-9duVnydrz/,more,Instagram › tangsel.info,"Sejumlah elemen masyarakat sipil akan menggelar demonstrasi menolak pengesahan Revisi UU Pilkada di depan Gedung DPR RI, Jakarta, hari ini, ...",['Revisi UU Pilkada'],[],{},,,p,organic,235,,1 tahun yang lalu,,,,,instagram_search2.json
https://www.instagram.com/reel/C--OqkHAhtJ/,"""Peringatan Darurat RI 00"" yang viral di media sosial bermula ...",Instagram › diskursusnetwork,"... revisi UU Pilkada oleh DPR, yang dianggap banyak pihak sebagai upaya untuk menganulir putusan MK. --- Baca selengkapnya di ...",[],[],{},50+ suka,1 tahun yang lalu,reel,organic,236,0:35,,,,,,instagram_search2.json
https://www.instagram.com/reel/C_AmaCnSevk/,Aksi Tolak Revisi UU Pilkada padati Balai Kota Malang ...,Instagram › jatimtimescom,"236 likes, 21 comments - jatimtimescom on August 23, 2024: ""Aksi Tolak Revisi UU Pilkada padati Balai Kota Malang, Jumat (23/8/2024) Sempat ...",['Revisi UU Pilkada'],[],{},230+ suka,1 tahun yang lalu,reel,organic,237,,,,,,,instagram_search2.json
https://www.instagram.com/p/C_A98vJybJu/?hl=am-et,Siang tadi sebagian mahasiswa luwuk demo tolak revisi ...,Instagram › soal.banggai,"828 likes, 12 comments - soal.banggai on August 23, 2024: ""Siang tadi sebagian mahasiswa luwuk demo tolak revisi UU Pilkada DPR RI di kantor ...",['revisi UU Pilkada'],[],{},820+ suka,1 tahun yang lalu,p,organic,239,,,,,,,instagram_search2.json
https://www.instagram.com/p/C--GOOdSmt7/,🚨Revisi UU Pilkada yang kontroversial telah resmi ...,Instagram › merindink,"merindink on August 22, 2024: "" Revisi UU Pilkada yang kontroversial telah resmi dibatalkan! Hal ini dipastikan oleh Wakil Ketua DPR Sufmi ...",['Revisi UU Pilkada'],[],{},"10,6 rb+ suka",1 tahun yang lalu,p,organic,241,,,,,,,instagram_search2.json
https://www.instagram.com/reel/C-9XGNsP27_/,Sejumlah elemen masyarakat sipil menggelar dem*nstrasi ...,Instagram › kabarpemalang,"... Revisi UU Pilkada di depan Gedung DPR RI, Jakarta, hari ini, Kamis (22/8). Demo ini bagian dari gerakan 'peringatan darurat Indonesia' yang ...",['Revisi UU Pilkada'],[],{},"4,6 rb+ suka",1 tahun yang lalu,reel,organic,242,,,,,,,instagram_search2.json
https://www.instagram.com/p/C-9nEZ-yY5b/,"Peringatan Darurat Garuda, yaitu: • Polemik Putusan MK vs ...",Instagram › bemstisipib,... Revisi UU Pilkada: Putusan Mahkamah Konstitusi yang mengubah syarat partai politik mengikuti Pemilu dan revisi UU Pilkada yang dianggap ...,"['Revisi UU Pilkada', 'revisi UU Pilkada']",[],{},10+ suka,1 tahun yang lalu,p,organic,245,,,,,,,instagram_search2.json
https://www.instagram.com/reel/C-7bK4Ty-Dm/,Di tengah perhatian besar terhadap isu Pilkada 2024 ...,Instagram › lgn_id,"... revisi UU Pilkada. Wakil Ketua Baleg DPR, Achmad Baidowi, menekankan pentingnya pembentukan Panja untuk memastikan revisi UU Pilkada selesai ...","['revisi UU Pilkada', 'revisi UU Pilkada']",[],{},"17,5 rb+ suka",1 tahun yang lalu,reel,organic,246,,,,,,,instagram_search2.json
https://www.instagram.com/p/C_MB6qGBFY5/,SERUAN AKSI SOLIDARITAS : Melawan ...,Instagram › bem.ubt,"... Revisi UU Pilkada, mematuhi Putusan MK, dan ikut andil dalam menyelesaikan beberapa persoalan di Kota Tarakan. Berbagai tindak kekerasan ...",['Revisi UU Pilkada'],[],{},270+ suka,1 tahun yang lalu,p,organic,247,,,,,,,instagram_search2.json
https://www.instagram.com/p/C-_xf9yBh0f/?hl=el,PD KAMMI TASIKMALAYA,Instagram › kammitasik,"34 likes, 0 comments - kammitasik στις August 22, 2024: ""[PRESS RELEASE PD KAMMI TASIKMALAYA] Pernyataan Sikap Terhadap Revisi UU Pilkada ...",['Revisi UU Pilkada'],[],{},30+ suka,1 tahun yang lalu,p,organic,249,,,,,,,instagram_search2.json
https://www.instagram.com/reel/C-9rVjMSrgh/,Suasana Demo Tolak Revisi UU Pilkada siang ini di depan ...,Instagram › jktgo,"Tidak hanya ribuan massa masyarakat sipil, dan buruh yang menggelar aksi demonstrasi menolak pengesahan Revisi UU Pilkada di depan Gedung DPR RI ...",['Revisi UU Pilkada'],[],{},"120,9 rb+ suka",1 tahun yang lalu,reel,organic,251,,,,,,,instagram_search2.json
https://www.instagram.com/p/C--U2PkycFu/,Heboh Aksi Boikot Illiza Gara-gara Dukung Revisi UU ...,Instagram › acehbesarnow,"3077 likes, 409 comments - acehbesarnow on August 22, 2024: ""Heboh Aksi Boikot Illiza Gara-gara Dukung Revisi UU Pilkada Anggota DPR RI ...",['Revisi UU Pilkada'],[],{},"3,1 rb+ suka",1 tahun yang lalu,p,organic,252,,,,,,,instagram_search2.json
https://www.instagram.com/reel/C_J5i0FycLM/,"Panggilan Terbuka: Zine ""Darurat oleh Raws Publishing ...",Instagram › lawangbuku,"... revisi UU Pilkada oleh DPR, zine ini menjadi media untuk mengekspresikan protes melalui seni dan tulisan. Jenis Karya yang Diterima ...",['revisi UU Pilkada'],[],{},100+ suka,1 tahun yang lalu,reel,organic,253,,,,,,,instagram_search2.json
https://www.instagram.com/p/C-_v18QPzfu/,PKS termasuk di antara partai-partai yang setuju dengan ...,Instagram › citizenjournalist.id,"revisi UU Pilkada di Baleg DPR. Tapi sikap itu kini berubah, PKS mendukung penuh pembatalan revisi UU Pilkada. Dalam keterangan pers, Juru ...","['revisi UU Pilkada', 'revisi UU Pilkada']",[],{},190+ suka,1 tahun yang lalu,p,organic,254,,,,,,,instagram_search2.json
https://www.instagram.com/reel/C_A7Uu2y-8u/,Optimis. Indonesia Akan Baik Baik Saja 🇮🇩 Terima kasih ...,Instagram › gmidkijakarta,"... . Pembatalan Revisi UU Pilkada ini wujud bahwa masih ada wakil rakyat yang peduli dengan rakyatnya. "".",['Revisi UU Pilkada'],[],{},70+ suka,1 tahun yang lalu,reel,organic,255,,,,,,,instagram_search2.json
https://www.instagram.com/reel/C-9ydDaJ3df/,Suasana Demo Tolak Revisi UU Pilkada siang ini di depan ...,Instagram › allartis,"2385 likes, 95 comments - allartis on August 22, 2024: ""Repost —— Suasana Demo Tolak Revisi UU Pilkada siang ini di depan gedung DPR ...",['Revisi UU Pilkada'],[],{},"2,4 rb+ suka",1 tahun yang lalu,reel,organic,256,,,,,,,instagram_search2.json
https://www.instagram.com/p/C--L2m7SSsl/,Revisi UU Pilkada yang sempat menuai kontroversi dan ...,Instagram › faktanyaindonesiaku,"27 likes, 0 comments - faktanyaindonesiaku on August 22, 2024: ""Revisi UU Pilkada yang sempat menuai kontroversi dan penolakan luas dari ...",['Revisi UU Pilkada'],[],{},20+ suka,1 tahun yang lalu,p,organic,257,,,,,,,instagram_search2.json
https://www.instagram.com/p/C_Ca3sSSe2L/,𝐃𝐏𝐑 𝐑𝐄𝐕𝐈𝐒𝐈 𝐔𝐔 ❌🙅😡 𝐑𝐀𝐁𝐁𝐀𝐍𝐈 ...,Instagram › rabbanidepokmargonda,"... revisi UU Pilkada oleh Dewan Perwakilan Rakyat (DPR), Rabbani dan Duta Pelajar Rabbani Serta (DPR) & Mahasiswi Pilihan Rabbani (MPR) ...",['revisi UU Pilkada'],[],{},7 suka,1 tahun yang lalu,p,organic,258,,,,,,,instagram_search2.json
https://www.instagram.com/p/C_AgmC0yN41/,Aksi penolakan atas pengesahan Revisi UU Pilkada di ...,Instagram › ekonomika_uii,"77 likes, 4 comments - ekonomika_uii on August 23, 2024: ""Aksi penolakan atas pengesahan Revisi UU Pilkada di Titik 0, Yogyakarta.",['Revisi UU Pilkada'],[],{},70+ suka,1 tahun yang lalu,p,organic,260,,,,,,,instagram_search2.json
https://www.instagram.com/reel/C1B8OSLJRus/,"Berawal dari 3 donat gratis untuk sang bule, tak disangka ...",Instagram › terasjakartaofficial,Ia mengatakan pembahasan revisi UU Pilkada tidak akan berbentrokan dengan putusan MK terkait syarat pencalonan. Follow ...,['revisi UU Pilkada'],[],{},10+ suka,2 tahun yang lalu,reel,organic,261,,,,,,,instagram_search2.json
https://www.instagram.com/reel/C_CB1Rny9P1/,Aksi demo mahasiswa di Gedung DPRD Garut sempat ...,Instagram › radar_garut,Aksi demo mahasiswa di Gedung DPRD Garut sempat ricuh ketika menyuarakan soal revisi UU Pilkada dan putusan MK. Bahkan ada aksi lempar batu ...,['revisi UU Pilkada'],[],{},40+ suka,1 tahun yang lalu,reel,organic,262,,,,,,,instagram_search2.json
https://www.instagram.com/p/C_CfAuwvYT8/,"""Polda Metro Jaya telah memulangkan 300 orang ...",Instagram › surabayaraya_info,"... revisi UU Pilkada pada Kamis lalu. Para pengunjuk rasa ditangkap karena diduga mengganggu ketertiban, merusak fasilitas umum, hingga ...",['revisi UU Pilkada'],[],{},2 rb+ suka,1 tahun yang lalu,p,organic,263,,,,,,,instagram_search2.json
https://www.instagram.com/rabbaniindramayu01/p/C_Ce-DkSynv/,𝐃𝐏𝐑 𝐑𝐄𝐕𝐈𝐒𝐈 𝐔𝐔 ❌🙅😡 𝐑𝐀𝐁𝐁𝐀𝐍𝐈 ...,Instagram › rabbaniindramayu01,"... revisi UU Pilkada oleh Dewan Perwakilan Rakyat (DPR), Rabbani dan Duta Pelajar Rabbani Serta (DPR) & Mahasiswi Pilihan Rabbani (MPR) ...",['revisi UU Pilkada'],[],{},1 suka,1 tahun yang lalu,rabbaniindramayu01,organic,264,,,,,,,instagram_search2.json
https://www.instagram.com/reel/C-9fFFnpT41/,"Tolak Pengesahan Revisi UU Pilkada, Massa Bawa ...",Instagram › warungjurnalis,"836 likes, 17 comments - warungjurnalis on August 21, 2024: ""Tolak Pengesahan Revisi UU Pilkada, Massa Bawa Spanduk Adili Jokowi dan ...",['Revisi UU Pilkada'],[],{},830+ suka,1 tahun yang lalu,reel,organic,265,,,,,,,instagram_search2.json
https://www.instagram.com/p/C_AQ41oPDRI/,Demo Tolak Revisi UU Pilkada yang dilangsungkan di ...,Instagram › pifa.media,"1764 likes, 19 comments - pifa.media on August 23, 2024: ""Demo Tolak Revisi UU Pilkada yang dilangsungkan di depan Gedung DPR RI Jakarta, ...",['Revisi UU Pilkada'],[],{},"1,8 rb+ suka",1 tahun yang lalu,p,organic,266,,,,,,,instagram_search2.json
https://www.instagram.com/reel/Cyzm_jPprL2/,"Kalau ada pertanyaan, ""Kantor DNA Law Firm lokasinya ...",Instagram › dnalawfirm,"Berkat seruan aksi KawalPutusanMK, DPR RI batalkan Revisi UU Pilkada. Yuk simak kronologinya. RUUPilkada pilkada2024 PutusanMA ...",['Revisi UU Pilkada'],[],{},5 suka,2 tahun yang lalu,reel,organic,268,,,,,,,instagram_search2.json
https://www.instagram.com/reel/C_B9WuASPQn/,Demo Mahasiswa Tolak Pengesahan Revisi UU Pilkada ...,Instagram › tribun.banyumas,"24 likes, 0 comments - tribun.banyumas on August 23, 2024: ""Demo Mahasiswa Tolak Pengesahan Revisi UU Pilkada di Banyumas Berkahir Ricuh ...",['Revisi UU Pilkada'],[],{},20+ likes,1 year ago,reel,organic,269,,,,,,,instagram_search2.json
https://www.instagram.com/p/C--4exFyb7U/,HINDARI JALAN WATES DAN SEKITARNYA JUMAT 23 ...,Instagram › merapi_uncover,merapi_uncover [Foto] Aksi Tolak Revisi UU Pilkada Di jogja . . . . :Canon EOS Rebel T5 uupilkada dpr jokowi politikindonesia politik ...Read more,['Revisi UU Pilkada'],[],{},4.5K+ likes,1 year ago,p,organic,270,,,,,,,instagram_search2.json
https://www.instagram.com/streetlawyer.id/p/C_AWSWmJvRI/,"Hari ini, Jumat, 23 Agustus 2024, Tim LBH Street Lawyer ...",Instagram › streetlawyer.id,"... revisi UU Pilkada yang berlangsung kemarin di DPR RI. Mohon doa dan dukungan dari sahabat sekalian, terima kasih. Salam, Tim LBH Street Lawyer"".",['revisi UU Pilkada'],[],{},40+ likes,1 year ago,streetlawyer.id,organic,271,,,,,,,instagram_search2.json
https://www.instagram.com/p/C--mXQvO65t/?hl=ar,"""Wakil Ketua DPR Sufmi Dasco Ahmad memastikan ...",Instagram › bekasi.kita,Wakil Ketua DPR Sufmi Dasco Ahmad memastikan pengesahan revisi UU Pilkada dibatalkan. Dasco menyebut putusan Mahkamah Konstitusi (MK) lah ...Read more,['revisi UU Pilkada'],[],{},100+ likes,1 year ago,p,organic,274,,,,,,,instagram_search2.json
https://www.instagram.com/p/C--D90tpC0t/,Revised Election Law and Constitutional Court Ruling: Is ...,Instagram › rj.partners,... Revisi UU Pilkada dan Putusan Mahkamah Konstitusi : Akankah Demokrasi Terancam? Simak fakta-faktanya! 🗳️ Pilkada Kontroversi ...,['Revisi UU Pilkada'],[],{},40+ likes,1 year ago,p,organic,276,,,,,,,instagram_search2.json
https://www.instagram.com/p/C-8JN1Iz4zU/,Revisi UU Pilkada oleh DPR RI tanpa mempertimbangkan ...,Instagram › bemfisib_unpak,"110 likes, 0 comments - bemfisib_unpak on August 21, 2024: ""Revisi UU Pilkada oleh DPR RI tanpa mempertimbangkan putusan MK tidak hanya ...",['Revisi UU Pilkada'],[],{},110+ likes,1 year ago,p,organic,277,,,,,,,instagram_search2.json
https://www.instagram.com/p/C--KIgfJeE5/,Massa Berbeda Datang Bawa Bambu ke Depan DPR ...,Instagram › berita.viral.lndo,"... revisi UU Pilkada berangsur pulang. Massa tersebut datang dari ... revisi UU Pilkada menjadi UU hari ini. Namun, rapat paripurna ...","['revisi UU Pilkada', 'revisi UU Pilkada']",[],{},6 suka,1 tahun yang lalu,p,organic,279,,,,,,,instagram_search2.json
https://www.instagram.com/p/C_dfImuhYMe/,Aksi Tolak Revisi UU Pilkada.,Instagram › suherlanryan,"84 likes, 2 comments - suherlanryan on September 3, 2024: ""Aksi Tolak Revisi UU Pilkada."".",['Revisi UU Pilkada'],[],{},80+ suka,1 tahun yang lalu,p,organic,280,,,,,,,instagram_search2.json
https://www.instagram.com/reel/DS7SAUSj5K-/,"Secara hukum dan yuridis, saat ini Pilkada (Pemilihan ...",Instagram › detikinside,"Dede juga menjelaskan, bila revisi UU Pilkada dibahas, prosesnya kemungkinan dilakukan setelah rampungnya revisi UU Nomor 7 Tahun 2017 tentang ...",['revisi UU Pilkada'],[],{},4 suka,1 minggu yang lalu,reel,organic,281,,,,,,,instagram_search2.json
https://www.instagram.com/p/CIgCZp1Bhim/,jangan sampe kasus ari ilang dari ingatan publik gara2 ...,Instagram › honingsanny,DPR blm putuskan terkait revisi UU Pilkada. Jadi saatnya tinggalkan dan rawat demokrasi yg dirusak ·,['revisi UU Pilkada'],[],{},2 suka,5 tahun yang lalu,p,organic,283,,,,,,,instagram_search2.json
https://www.instagram.com/reel/C-70UjBy5zX/,Fokus ke isu MK dan Pilkada,Instagram › karinalailatulkomariyah,... revisi UU pilkada. Banyak yang mengira hal tersebut hanya akal-akalan untuk membatalkan putusan MK itu. Jadi kalau gak kita awasi sangat ...,['revisi UU pilkada'],[],{},10+ suka,1 tahun yang lalu,reel,organic,284,,,,,,,instagram_search2.json
https://www.instagram.com/p/C-9hqG2v5tX/?__d=1%2F,Sejumlah elemen masyarakat sipil akan menggelar ...,Instagram › cek.batam,"Sejumlah elemen masyarakat sipil akan menggelar demonstrasi menolak pengesahan Revisi UU Pilkada di depan Gedung DPR RI, Jakarta, hari ini, ...",['Revisi UU Pilkada'],[],{},7 suka,1 tahun yang lalu,p,organic,285,,,,,,,instagram_search2.json
