post_url,owner_username,author_username,author_full_name,author_is_verified,author_profile_pic,comment_text,comment_date,likes_count,replies_count,comment_url
https://www.instagram.com/reel/DTQKDiYDKWY/,adetyaby91,adetyaby91,adetya bayu,False,https://scontent-dfw5-1.cdninstagram.com/v/t51.82787-19/525984151_17976640664859583_7381897327113038875_n.jpg?stp=dst-jpg_e0_s150x150_tt6&_nc_cat=111&ig_cache_key=GJfhWR_-cxXRqN0-ABts_g6CxHFmbmNDAQAB1501500j-ccb7-5&ccb=7-5&_nc_sid=669407&efg=eyJ2ZW5jb2RlX3RhZyI6InByb2ZpbGVfcGljLnd3dy4xMDgwLkMzIn0%3D&_nc_ohc=kOiJsooxDgsQ7kNvwF1cmM8&_nc_oc=AdmaZf3amZU6pncnuIuYLY-18o8gxnb2K4DI9AS2z3GeyGlu6pU8xP-6pmR4X9RymqA&_nc_ad=z-m&_nc_cid=0&_nc_zt=24&_nc_ht=scontent-dfw5-1.cdninstagram.com&_nc_gid=7qJ5z8exU7JDWFWDfacTrg&oh=00_Afrhb0hyNAPzferS4fqnZdFxhaM5FrF-8HTtLYDQHIznzA&oe=6965C80A,Hlaa itu yg setuju 6 partai ngapain jadi 5???,2026-01-08T20:01:37.000Z,0,0,https://www.instagram.com/p/DTQKDiYDKWY/c/18544239835000702
https://www.instagram.com/reel/DTP5edaE-Zs/,omajandi13,omajandi13,Titiek Pattinama,False,https://scontent-vie1-1.cdninstagram.com/v/t51.2885-19/456565473_1178580953415709_6384408566769981082_n.jpg?stp=dst-jpg_e0_s150x150_tt6&_nc_cat=109&ig_cache_key=GOGiNhsdQBHD6S8EAJoWSfPD_ZlYbkULAAAB1501500j-ccb7-5&ccb=7-5&_nc_sid=669407&efg=eyJ2ZW5jb2RlX3RhZyI6InByb2ZpbGVfcGljLnd3dy40ODAuQzMifQ%3D%3D&_nc_ohc=SZwmzycSiqIQ7kNvwEe-x4j&_nc_oc=Adm38ea3tYO5kNcss5RZdyrqMs5B8k0VLWu-viHta9XLdf6h-lj00o2djD7qH3ewUz0&_nc_ad=z-m&_nc_cid=0&_nc_zt=24&_nc_ht=scontent-vie1-1.cdninstagram.com&oh=00_AfpP8UEw7YQ8jcgqPzV3d6CU-1L-vgFH6spPbwO4EGxXBA&oe=6965DD8B,Mantaap BTP,2026-01-08T19:36:51.000Z,0,0,https://www.instagram.com/p/DTP5edaE-Zs/c/18116852044581981
https://www.instagram.com/reel/DTP5edaE-Zs/,eko.pasetyo,eko.pasetyo,Eko Prasetyo,False,https://scontent-vie1-1.cdninstagram.com/v/t51.82787-19/541127860_17980820558888282_8653139596698813960_n.jpg?stp=dst-jpg_e0_s150x150_tt6&_nc_cat=108&ig_cache_key=GLT0QCBavS4GduE-AAiGGe2dIBZ4bmNDAQAB1501500j-ccb7-5&ccb=7-5&_nc_sid=669407&efg=eyJ2ZW5jb2RlX3RhZyI6InByb2ZpbGVfcGljLnd3dy4xMDgwLkMzIn0%3D&_nc_ohc=cy_nBXPa44cQ7kNvwEpD-NJ&_nc_oc=AdmvnLmmMr4_dVnIoQyWvlbPxnjUyMid6LyQ1DJRemb5Y2VDb0Idy-GQVnDxnk_tS5c&_nc_ad=z-m&_nc_cid=0&_nc_zt=24&_nc_ht=scontent-vie1-1.cdninstagram.com&_nc_gid=eJcwdGuccP5F_lN-4pweRg&oh=00_AfrLkY2970guQWIdnDk4EMbnzf__-jijdvfBYkSLrzOnrA&oe=6965DFC1,❤️❤️❤️,2026-01-08T19:32:37.000Z,0,0,https://www.instagram.com/p/DTP5edaE-Zs/c/18052449845422892
https://www.instagram.com/reel/DTPlGxhkrrQ/,_____im.winn,_____im.winn,Wnrn Win,False,https://scontent-arn2-1.cdninstagram.com/v/t51.82787-19/540537836_18292557607265256_8662518437079984801_n.jpg?stp=dst-jpg_e0_s150x150_tt6&_nc_cat=100&ig_cache_key=GOzzNyDo4zb2_-xAAKGqbF6fcjd4bmNDAQAB1501500j-ccb7-5&ccb=7-5&_nc_sid=669407&efg=eyJ2ZW5jb2RlX3RhZyI6InByb2ZpbGVfcGljLnd3dy4xMDgwLkMzIn0%3D&_nc_ohc=XO6i3YXwQ6QQ7kNvwHP3Fiq&_nc_oc=Adk53oJtuIxq1QLrQNmOHMRHvnt6nNidmdRQWXpUABLOL90JkES-Rcaxhg9Li3-Ijd4&_nc_ad=z-m&_nc_cid=0&_nc_zt=24&_nc_ht=scontent-arn2-1.cdninstagram.com&_nc_gid=nURkl9NkqOHrvdQxtPrAdw&oh=00_AfpFGBqWv02BuQ8g7N56kXC4mbzlyHJqq0lyM4jB0ZyesA&oe=6965CAE5,NEPALKAN 🔥,2026-01-08T18:28:38.000Z,0,0,https://www.instagram.com/p/DTPlGxhkrrQ/c/18055511678341006
https://www.instagram.com/reel/DTP5edaE-Zs/,lubisfyan543,lubisfyan543,TukaNgopi,False,https://scontent-vie1-1.cdninstagram.com/v/t51.2885-19/491519635_698258845986169_5339289012242095275_n.jpg?stp=dst-jpg_e0_s150x150_tt6&_nc_cat=106&ig_cache_key=GJP_Sx157XkOEHsCAKsc1l8R9xhKbkULAAAB1501500j-ccb7-5&ccb=7-5&_nc_sid=669407&efg=eyJ2ZW5jb2RlX3RhZyI6InByb2ZpbGVfcGljLnd3dy44NjQuQzMifQ%3D%3D&_nc_ohc=_vHWT7r1LbUQ7kNvwH5da7m&_nc_oc=Adlrgr-rkLYaotix91yCDvU3kg4z5O7kZXUoO3zF3uqVX7gqTeuMEA_F4xnMT8Tdkd0&_nc_ad=z-m&_nc_cid=0&_nc_zt=24&_nc_ht=scontent-vie1-1.cdninstagram.com&oh=00_AfpNggIXAvIJaiGXOwUNdQVwtyKYXmx4J2cSe-kezF7pqQ&oe=6965E44D,🔥🔥🔥🔥,2026-01-08T18:18:35.000Z,0,0,https://www.instagram.com/p/DTP5edaE-Zs/c/18403107667132151
https://www.instagram.com/reel/DTQKDiYDKWY/,omkhodday89,omkhodday89,Addy Devkkan 89,False,https://scontent-dfw6-1.cdninstagram.com/v/t51.82787-19/605344646_17927913810175957_2719767457567923601_n.jpg?stp=dst-jpg_e0_s150x150_tt6&_nc_cat=101&ig_cache_key=GIbTFCTVJzi2V7E-AJHdALwXjr4lbmNDAQAB1501500j-ccb7-5&ccb=7-5&_nc_sid=669407&efg=eyJ2ZW5jb2RlX3RhZyI6InByb2ZpbGVfcGljLnd3dy4xMDgwLkMzIn0%3D&_nc_ohc=9LHGN3Qk5DUQ7kNvwGOKqAB&_nc_oc=AdlrHka3e9dxftGGdYOziSgpSM-JNMZVwn17vN25NwN3SOs6-3Be4_Ra7DpcqnosVww&_nc_ad=z-m&_nc_cid=0&_nc_zt=24&_nc_ht=scontent-dfw6-1.cdninstagram.com&_nc_gid=7qJ5z8exU7JDWFWDfacTrg&oh=00_Afow7k_FnFI2txDxyuZsfVy4NxX03ApyZcaoC6YvqxX2mg&oe=6965D678,Njiir vs everybody,2026-01-08T17:39:13.000Z,0,0,https://www.instagram.com/p/DTQKDiYDKWY/c/18008087468824789
https://www.instagram.com/p/DTQGoLyEXqB/,ranilamanda_,ranilamanda_,Ran,False,https://scontent-arn2-1.cdninstagram.com/v/t51.82787-19/588688063_17951952966025737_1767388167566529778_n.jpg?stp=dst-jpg_e0_s150x150_tt6&_nc_cat=101&ig_cache_key=GL_qFiMJgpDDNMc-APIUCKQsBocYbmNDAQAB1501500j-ccb7-5&ccb=7-5&_nc_sid=669407&efg=eyJ2ZW5jb2RlX3RhZyI6InByb2ZpbGVfcGljLnd3dy4xMDgwLkMzIn0%3D&_nc_ohc=JsiqoEl357IQ7kNvwFi8J7c&_nc_oc=AdkO5GwXqHQqLkCxvc9HkJndJ6klYdbqX5fstZDC66Ocayw7zZTia-F_v_g2dWIYTKU&_nc_ad=z-m&_nc_cid=0&_nc_zt=24&_nc_ht=scontent-arn2-1.cdninstagram.com&_nc_gid=xSEgHEbCi0LInLSA8dssFw&oh=00_Afqa9kHYCBYdudPpAGrMhN6pzwHYRkWjfra7dqr_WYKISA&oe=6965E487,pak ketua🔥🔥🔥,2026-01-08T17:29:07.000Z,0,0,https://www.instagram.com/p/DTQGoLyEXqB/c/18068558090451778
https://www.instagram.com/reel/DTQKDiYDKWY/,sugeng_prayitnowahyusn86,sugeng_prayitnowahyusn86,Endang Wahyu Surya Ningsih,False,https://scontent-dfw5-2.cdninstagram.com/v/t51.2885-19/359986736_1319086959044672_1543339074169054360_n.jpg?stp=dst-jpg_e0_s150x150_tt6&_nc_cat=106&ig_cache_key=GDD2dBVAKJ-ds68EAJik0wO2CmsVbkULAAAB1501500j-ccb7-5&ccb=7-5&_nc_sid=669407&efg=eyJ2ZW5jb2RlX3RhZyI6InByb2ZpbGVfcGljLnd3dy4xMDgwLkMzIn0%3D&_nc_ohc=sTlc_Z_WfjwQ7kNvwGbBtvS&_nc_oc=Adl3O9ntF9vkrgnMCkAeomFyE3zfUWQAMlQAamvJezYLMl64XyAWTJtvBKui5bQAMZo&_nc_ad=z-m&_nc_cid=0&_nc_zt=24&_nc_ht=scontent-dfw5-2.cdninstagram.com&oh=00_AfqDSjN3ONKdgiatkemTcTg_CxsU_7HMEHZ0SqxVbIkVGQ&oe=6965EDF0,Pertanda....Alam Akan Murka...Atas Ijin YMK.... innailaihi...wrj...🔥,2026-01-08T17:24:06.000Z,0,0,https://www.instagram.com/p/DTQKDiYDKWY/c/18052610594407299
https://www.instagram.com/reel/DTQKDiYDKWY/,kopii_kampung,kopii_kampung,Kopi Purbalingga,False,https://scontent-dfw6-1.cdninstagram.com/v/t51.82787-19/540451002_17843725059568496_4293859040266294754_n.jpg?stp=dst-jpg_e0_s150x150_tt6&_nc_cat=101&ig_cache_key=GLqgNiBwM6X9xWQ-AOIVrBoM2pY7bmNDAQAB1501500j-ccb7-5&ccb=7-5&_nc_sid=669407&efg=eyJ2ZW5jb2RlX3RhZyI6InByb2ZpbGVfcGljLnd3dy4zMjAuQzMifQ%3D%3D&_nc_ohc=9E-co1mEtswQ7kNvwE9qwDL&_nc_oc=AdlHYE30U9mOi0ep0OYAXTT-RaZNZK1E37aHhMZdN5T9gCKJyMHa8YDPsj3EWNdKVxQ&_nc_ad=z-m&_nc_cid=0&_nc_zt=24&_nc_ht=scontent-dfw6-1.cdninstagram.com&_nc_gid=7qJ5z8exU7JDWFWDfacTrg&oh=00_Afr29GPbak36jAyXHdB9ADzSybKn9yY_yoa_l5JaMbrgMw&oe=6965F2BF,DEMOKRAT ikut dukung ?,2026-01-08T17:20:04.000Z,0,0,https://www.instagram.com/p/DTQKDiYDKWY/c/18123821407532480
https://www.instagram.com/reel/DTQKDiYDKWY/,arie_saja001,arie_saja001,arie,False,https://scontent-dfw5-1.cdninstagram.com/v/t51.82787-19/539250520_18377195785178315_4959232359448485443_n.jpg?stp=dst-jpg_e0_s150x150_tt6&_nc_cat=110&ig_cache_key=GFhPJCDLTL5S9klBAEOejEeOu9JEbmNDAQAB1501500j-ccb7-5&ccb=7-5&_nc_sid=669407&efg=eyJ2ZW5jb2RlX3RhZyI6InByb2ZpbGVfcGljLnd3dy4xMDgwLkMzIn0%3D&_nc_ohc=Qaq8oVpPjR8Q7kNvwF5iled&_nc_oc=AdnZ676AUM1lMRvM_5G-w7rUi4niZ1t9IGYX3cHZ-AFxWWMe0vgrllZyCNA7qEOFqNA&_nc_ad=z-m&_nc_cid=0&_nc_zt=24&_nc_ht=scontent-dfw5-1.cdninstagram.com&_nc_gid=7qJ5z8exU7JDWFWDfacTrg&oh=00_AfqQ8XftJmwQddTnkOcU5LGAoZWRtPNUYUnHbMUlga9hjA&oe=6965C9E0,LEBIH PERCAYA THORIQ 2 BULAN NAIK HAJI....DARI PADA MEREKA,2026-01-08T17:13:34.000Z,0,0,https://www.instagram.com/p/DTQKDiYDKWY/c/18097947343905298
https://www.instagram.com/reel/DTQKDiYDKWY/,maz.boy42,maz.boy42,Boys,False,https://scontent-dfw5-1.cdninstagram.com/v/t51.82787-19/553746776_18381828991130804_7272757868091026015_n.jpg?stp=dst-jpg_e0_s150x150_tt6&_nc_cat=110&ig_cache_key=GFiBASG0nFYTLU5BAF8q-pC-Bu5kbmNDAQAB1501500j-ccb7-5&ccb=7-5&_nc_sid=669407&efg=eyJ2ZW5jb2RlX3RhZyI6InByb2ZpbGVfcGljLnd3dy4xMDgwLkMzIn0%3D&_nc_ohc=-DpeuwfXqPgQ7kNvwF1rnl7&_nc_oc=AdmPMPGf8YIs2L2q4ZPOmTIxK5l7p5AHUYG05Y-XqfR1oAGfZriJWJ5Y4oE424iRdEs&_nc_ad=z-m&_nc_cid=0&_nc_zt=24&_nc_ht=scontent-dfw5-1.cdninstagram.com&_nc_gid=7qJ5z8exU7JDWFWDfacTrg&oh=00_Afrwys8GIFRfPZYUlc0cnJEfwCM6rNuEOCJQRB_SVi6R2A&oe=6965F3FD,Demen gw ama pdip mode oposisi 🔥,2026-01-08T17:13:31.000Z,1,0,https://www.instagram.com/p/DTQKDiYDKWY/c/18356516416165388
https://www.instagram.com/p/DTQGoLyEXqB/,alliyoo_,alliyoo_,alyo,False,https://scontent-arn2-1.cdninstagram.com/v/t51.82787-19/601394460_18333226246211892_3765545220473952834_n.jpg?stp=dst-jpg_e0_s150x150_tt6&_nc_cat=103&ig_cache_key=GByN2CM0Cf7d_CFBAEIaBWRt50E0bmNDAQAB1501500j-ccb7-5&ccb=7-5&_nc_sid=669407&efg=eyJ2ZW5jb2RlX3RhZyI6InByb2ZpbGVfcGljLnd3dy4xMDgwLkMzIn0%3D&_nc_ohc=2NWZoEkLv_kQ7kNvwFpk_-W&_nc_oc=AdnFlbehZoxQ-Ag9yRyT3cJvgfmEu_Mr8rfWyh_UgpocDNk6z_jb1VnTj7rF4A557bk&_nc_ad=z-m&_nc_cid=0&_nc_zt=24&_nc_ht=scontent-arn2-1.cdninstagram.com&_nc_gid=xSEgHEbCi0LInLSA8dssFw&oh=00_AfqAmGueke20sNB2cYgYLm-consrrFIibSIJNNgA9shjOg&oe=6965E9D2,🔥🔥👏,2026-01-08T17:12:08.000Z,0,0,https://www.instagram.com/p/DTQGoLyEXqB/c/17952740742062555
https://www.instagram.com/p/DTQX56GEsV2/,imamzkarya_,imamzkarya_,,False,https://scontent-lga3-1.cdninstagram.com/v/t51.82787-19/607516901_18073841267575791_3274372940688548388_n.jpg?stp=dst-jpg_e0_s150x150_tt6&_nc_cat=103&ig_cache_key=GOX4NSTvC3sYEDZAACRi5FfX6HAtbmNDAQAB1501500j-ccb7-5&ccb=7-5&_nc_sid=669407&efg=eyJ2ZW5jb2RlX3RhZyI6InByb2ZpbGVfcGljLnd3dy4xMDgwLkMzIn0%3D&_nc_ohc=BABHpNfuf5QQ7kNvwF32SyY&_nc_oc=AdkGiDksHau5nLayfx2OHuk0R8HAAAdohHyuXI61pJP1tgC0u0rI4E3OMAbgnW8iR_Y&_nc_ad=z-m&_nc_cid=0&_nc_zt=24&_nc_ht=scontent-lga3-1.cdninstagram.com&_nc_gid=TFMShpxIQj0dRZ8Ieul3lw&oh=00_AfositIPSxtFpfxQmQbe7uno6zx5kLTL2J-Ad8RzDWsaSw&oe=6965E36F,"kali ini tiang tidak sependapat kanda😢 dprd akan subjektif meskipun dengan pengawasan ketat selagi lembaga pengawas adalah produkNYA dan pemerintah, secara keduanya skrg kurang kepercayaan dari rakyat.",2026-01-08T17:08:28.000Z,1,1,https://www.instagram.com/p/DTQX56GEsV2/c/18204883639316815
https://www.instagram.com/reel/DTP5edaE-Zs/,alliyoo_,alliyoo_,alyo,False,https://scontent-vie1-1.cdninstagram.com/v/t51.82787-19/601394460_18333226246211892_3765545220473952834_n.jpg?stp=dst-jpg_e0_s150x150_tt6&_nc_cat=103&ig_cache_key=GByN2CM0Cf7d_CFBAEIaBWRt50E0bmNDAQAB1501500j-ccb7-5&ccb=7-5&_nc_sid=669407&efg=eyJ2ZW5jb2RlX3RhZyI6InByb2ZpbGVfcGljLnd3dy4xMDgwLkMzIn0%3D&_nc_ohc=2NWZoEkLv_kQ7kNvwEVo_X7&_nc_oc=Adk2r5QisrTx0lIuvf-vwLQww6ivA4R38fdLal8P7pKv4aNUJnFzX7Mc4qCDav40PyU&_nc_ad=z-m&_nc_cid=0&_nc_zt=24&_nc_ht=scontent-vie1-1.cdninstagram.com&_nc_gid=eJcwdGuccP5F_lN-4pweRg&oh=00_AfoqbbJaHsfG10wJJOIdh24r-G5aTpVgQhf3ltVwZ34fZw&oe=6965E9D2,🔥👏,2026-01-08T17:04:09.000Z,0,0,https://www.instagram.com/p/DTP5edaE-Zs/c/17957544756043940
https://www.instagram.com/p/DTQX56GEsV2/,muliana_sahyadi,muliana_sahyadi,Muliana Sahyadi,False,https://scontent-lga3-2.cdninstagram.com/v/t51.2885-19/362661400_938913724221835_3122972342869218507_n.jpg?stp=dst-jpg_e0_s150x150_tt6&_nc_cat=101&ig_cache_key=GBjGnRWLyQHj71UDAMvUFrTMBlcrbkULAAAB1501500j-ccb7-5&ccb=7-5&_nc_sid=669407&efg=eyJ2ZW5jb2RlX3RhZyI6InByb2ZpbGVfcGljLnd3dy4xMDgwLkMzIn0%3D&_nc_ohc=Q_O5SQ6Py5wQ7kNvwGrY4vM&_nc_oc=AdnBkOj6LDHCswQ08qR0weG_-gsNRoN6QoNT44yuCJK0BfXOHOSTwJarJ1cypMtVDtk&_nc_ad=z-m&_nc_cid=0&_nc_zt=24&_nc_ht=scontent-lga3-2.cdninstagram.com&oh=00_AfqSTbfsbZdbtqKakKuuj8hZzimLgPR7XlYwSmB5hZ9SXA&oe=6965CC53,masa sih?,2026-01-08T17:02:00.000Z,1,0,https://www.instagram.com/p/DTQX56GEsV2/c/18049548542466414
https://www.instagram.com/reel/DTNyR-mE-WG/,aribukari,aribukari,Ari Bukari,False,https://scontent-sjc3-1.cdninstagram.com/v/t51.2885-19/278855330_358328923006931_6421883814824661538_n.jpg?stp=dst-jpg_e0_s150x150_tt6&_nc_cat=103&ig_cache_key=GKL_nhDTJyv05UUBACJSdBNOHR9ZbkULAAAB1501500j-ccb7-5&ccb=7-5&_nc_sid=669407&efg=eyJ2ZW5jb2RlX3RhZyI6InByb2ZpbGVfcGljLnd3dy45NjAuQzMifQ%3D%3D&_nc_ohc=AN_6z0Nm2koQ7kNvwGhzPGQ&_nc_oc=AdmZsNfLwqHkHBe6Zd9sCxftyfPJo7Tm9iNQAWzq6J4DNxJ2D6469184PlNkdJp3YD8&_nc_ad=z-m&_nc_cid=0&_nc_zt=24&_nc_ht=scontent-sjc3-1.cdninstagram.com&oh=00_Afom72hqIYD7tckMOQTDTnvB0PH9ktZBGDtSfOsI4t4DYg&oe=6965E34B,Bosokkkkkk,2026-01-08T16:57:09.000Z,0,0,https://www.instagram.com/p/DTNyR-mE-WG/c/17851935240613724
https://www.instagram.com/reel/DTQKDiYDKWY/,jibesamawa,jibesamawa,Jibrail Ahmad,False,https://scontent-dfw5-2.cdninstagram.com/v/t51.2885-19/12317811_1678810885694029_1146032079_a.jpg?stp=dst-jpg_e0_s150x150_tt6&_nc_cat=106&ig_cache_key=GHP0uwBNonye3vYFAM8PT0QAAAAAYUULAAAB1501500j-ccb7-5&ccb=7-5&_nc_sid=669407&efg=eyJ2ZW5jb2RlX3RhZyI6InByb2ZpbGVfcGljLnd3dy42MDAuQzMifQ%3D%3D&_nc_ohc=D4P6aRSRk1oQ7kNvwGNLXff&_nc_oc=AdkTmasUGR2mFjsIRriYGdqbvVT1JCVOJBFjPR-PwciHRT-5ODFljtt9EaCOggpeIKc&_nc_ad=z-m&_nc_cid=0&_nc_zt=24&_nc_ht=scontent-dfw5-2.cdninstagram.com&oh=00_AfrcLaOqbr0JA1nBj0Cstl7B6rke3pihWWnAdC3kxMQjWw&oe=6965F7B5,"Pemilihan langsung cuma bikin suap berjamaah dan bikin judi merajalela,yg dipilih kosong yg penting berduit, ujung2 korupsi buat balik modal..",2026-01-08T16:50:10.000Z,2,0,https://www.instagram.com/p/DTQKDiYDKWY/c/17885849229304512
https://www.instagram.com/reel/DTO4LbujxIN/,muka_baduts,muka_baduts,Jaya_Kelana,False,https://scontent-eze1-2.cdninstagram.com/v/t51.82787-19/530560924_18336256081205171_56842930724958528_n.jpg?stp=dst-jpg_e0_s150x150_tt6&_nc_cat=107&ig_cache_key=GJy3nx_zFztOuiRBAEBx2iVY8skAbmNDAQAB1501500j-ccb7-5&ccb=7-5&_nc_sid=669407&efg=eyJ2ZW5jb2RlX3RhZyI6InByb2ZpbGVfcGljLnd3dy4zMTguQzMifQ%3D%3D&_nc_ohc=SIDeuDgGWYUQ7kNvwE3m3Sm&_nc_oc=AdloB8nrQtBSGcN40mY0aIa3BpyfRgQy3XvuUVpy3vvlRyTlK56ysQpB3Bq5oVO1PkM&_nc_ad=z-m&_nc_cid=0&_nc_zt=24&_nc_ht=scontent-eze1-2.cdninstagram.com&_nc_gid=Xt2Yfm6YxZzyJGvMQ6Nusw&oh=00_Afrs27Tm4bnsgT0gpmyAHsr7Msk6W7fC4qMW5tUrBP_WTg&oe=6965DCD7,udah ketebak ituuu😂,2026-01-08T16:42:06.000Z,0,0,https://www.instagram.com/p/DTO4LbujxIN/c/18012558842812973
https://www.instagram.com/p/DTQX56GEsV2/,saeed.eljauhary,saeed.eljauhary,Said Mohammad,False,https://scontent-lga3-3.cdninstagram.com/v/t51.82787-19/571161679_18538033654000625_1086618552831826931_n.jpg?stp=dst-jpg_e0_s150x150_tt6&_nc_cat=104&ig_cache_key=GE88CyLx68dOPtxBAPPb4w-RcRQPbmNDAQAB1501500j-ccb7-5&ccb=7-5&_nc_sid=669407&_nc_aid=2427&efg=eyJ2ZW5jb2RlX3RhZyI6InByb2ZpbGVfcGljLnd3dy45NjAuQzMifQ%3D%3D&_nc_ohc=AM6NPKyaYG0Q7kNvwEoP6C5&_nc_oc=Adnc8s8uAdpELQDwoV9WNYM5dyMrXF43_7nLBNgvnRDEw-8RpVHjKEKCB5TDCuNv5c8&_nc_ad=z-m&_nc_cid=0&_nc_zt=24&_nc_ht=scontent-lga3-3.cdninstagram.com&_nc_gid=TFMShpxIQj0dRZ8Ieul3lw&oh=00_AfrQJY9a9QlBcuG2SexxzpusuS-rCowbJy96oKF3781vkg&oe=6965D437,Akal akalan koalisi pemerintah aja ini. Lalu diperhalus dijelaskan secara teoritik oleh kader partai agar seolah olah langkah ini sudah benar...,2026-01-08T16:35:21.000Z,2,0,https://www.instagram.com/p/DTQX56GEsV2/c/17942707056097791
https://www.instagram.com/p/DTQIzuWk0mZ/,gunturman19,gunturman19,Guntur Jaya,False,https://scontent-sjc6-1.cdninstagram.com/v/t51.2885-19/314729598_850629996219913_8593781665037303626_n.jpg?stp=dst-jpg_e0_s150x150_tt6&_nc_cat=111&ig_cache_key=GH5kwhIJjsK6pAUDAEo-0H3kPkN3bkULAAAB1501500j-ccb7-5&ccb=7-5&_nc_sid=669407&efg=eyJ2ZW5jb2RlX3RhZyI6InByb2ZpbGVfcGljLnd3dy43NzQuQzMifQ%3D%3D&_nc_ohc=WsCbYbaDRPYQ7kNvwHMwGmb&_nc_oc=AdkqP7T3znmhCcQu4jOyEvqtZYDruHl82BWpUo9Goh7muZMkf4fjMqBi_UfgB4DHgE4&_nc_ad=z-m&_nc_cid=0&_nc_zt=24&_nc_ht=scontent-sjc6-1.cdninstagram.com&oh=00_Afqa-NVvAiUZEL9op9Pgfq5kocWG2uXRKU0GGjyeZw__zw&oe=6965C8EF,Pilkada di pilih DPRD dri segi politik uang ke masyarakat/ nyogok masyarakat hilang. Tpi jumlah anggota DPRD yg di sogok oleh calon DPRD makin membesar.,2026-01-08T16:34:42.000Z,0,1,https://www.instagram.com/p/DTQIzuWk0mZ/c/18084219386155802
https://www.instagram.com/p/DTO8TY3k-6u/,ardifirmasyah23,ardifirmasyah23,Ardi Firmansyah,False,https://scontent-sjc6-1.cdninstagram.com/v/t51.2885-19/444923703_478602241177465_4725911165789001822_n.jpg?stp=dst-jpg_e0_s150x150_tt6&_nc_cat=104&ig_cache_key=GDf-hBp595JESbMBAF7Y55Qqz5VBbkULAAAB1501500j-ccb7-5&ccb=7-5&_nc_sid=669407&efg=eyJ2ZW5jb2RlX3RhZyI6InByb2ZpbGVfcGljLnd3dy4xMDgwLkMzIn0%3D&_nc_ohc=FjkyAikUhjQQ7kNvwFkrLlD&_nc_oc=AdmaoffKmmiB-FFKL7tyVImquMJuTmm8Vsla-W9HXZE2e6crPQt5K6va2leP6S9PCy0&_nc_ad=z-m&_nc_cid=0&_nc_zt=24&_nc_ht=scontent-sjc6-1.cdninstagram.com&oh=00_Afp0OhFUY0yB-eus21Nihtax8uM9bg2S3kLlJMBtQkhODg&oe=6965EA69,Kata ny negara demokrasi tp kok skrng jd negara suka² ya,2026-01-08T16:27:44.000Z,0,0,https://www.instagram.com/p/DTO8TY3k-6u/c/18355090906162267
https://www.instagram.com/p/DTQX56GEsV2/,k.hery_,k.hery_,Herianto,True,https://scontent-lga3-2.cdninstagram.com/v/t51.82787-19/520284244_18296098924247115_3632642699694977668_n.jpg?stp=dst-jpg_e0_s150x150_tt6&_nc_cat=105&ig_cache_key=GFToAh9LuCd9NABBAIQyPO9JvWkybmNDAQAB1501500j-ccb7-5&ccb=7-5&_nc_sid=669407&efg=eyJ2ZW5jb2RlX3RhZyI6InByb2ZpbGVfcGljLnd3dy4xMDgwLkMzIn0%3D&_nc_ohc=pvuzXQNlejcQ7kNvwFXXbs1&_nc_oc=AdmN5eueC4cF-vxfO3znVSSqto11OJHkYUMupzb3JC7lzxTHSf-j3y4vj8mdQkf2_ks&_nc_ad=z-m&_nc_cid=0&_nc_zt=24&_nc_ht=scontent-lga3-2.cdninstagram.com&_nc_gid=TFMShpxIQj0dRZ8Ieul3lw&oh=00_AfpyJoyhCDyblFQcFebGVg48yF_RrodIprbAvBeIfi9A6Q&oe=6965D261,"Demokrasi yang sehat bukan hanya soal bagaimana pemimpin dipilih, tetapi bagaimana hasil pilihan itu mampu bekerja cepat dan nyata untuk kesejahteraan rakyat.🇲🇨",2026-01-08T16:26:33.000Z,1,2,https://www.instagram.com/p/DTQX56GEsV2/c/18072460178100821
https://www.instagram.com/reel/DTP5edaE-Zs/,abrbetta,abrbetta,,False,https://scontent-vie1-1.cdninstagram.com/v/t51.2885-19/426418100_413343661262208_6375272674722499175_n.jpg?stp=dst-jpg_e0_s150x150_tt6&_nc_cat=104&ig_cache_key=GLSfahmAhRkS73cBAGfKFlO4hHlYbkULAAAB1501500j-ccb7-5&ccb=7-5&_nc_sid=669407&efg=eyJ2ZW5jb2RlX3RhZyI6InByb2ZpbGVfcGljLnd3dy4zMjAuQzMifQ%3D%3D&_nc_ohc=qNcmoceA_xEQ7kNvwHUMuWr&_nc_oc=Adnyu4fU4CKa-yzIOovq6dMJmKqvom3OAnq6YXpYoIRQ5Qj5GpFq9NX8SqPVUV7iy8s&_nc_ad=z-m&_nc_cid=0&_nc_zt=24&_nc_ht=scontent-vie1-1.cdninstagram.com&oh=00_AfoSKgVaqPZuYDgmpUANpCv6hFoYe1h9b4ZJXjfYzeVekA&oe=6965D6EF,Ada teori menarik bahwa semua oligarki memasang semua calon jd siapapun yg menang si oligarki akan tetap dapat kekuasaan dan kekuatan atas calonya,2026-01-08T16:24:52.000Z,0,0,https://www.instagram.com/p/DTP5edaE-Zs/c/18089129411060349
https://www.instagram.com/p/DTQIzuWk0mZ/,herisusantojbi71gmail.com_,herisusantojbi71gmail.com_,Heri Susanto,False,https://scontent-sjc6-1.cdninstagram.com/v/t51.89012-19/573323465_1219825463302212_7278921664109726296_n.png?stp=dst-webp_s150x150&_nc_cat=1&ig_cache_key=YW5vbnltb3VzX3Byb2ZpbGVfcGlj.3-ccb7-5&ccb=7-5&_nc_sid=669407&efg=eyJ2ZW5jb2RlX3RhZyI6InByb2ZpbGVfcGljLnd3dy5DMyJ9&_nc_ohc=RNOcSyqJy9IQ7kNvwEPPZFR&_nc_oc=AdlckiSalmhnyHEO0nfWVB0123x1vxjXKlEuNe7fOxsaFhWpSira6wMs27uRjZzC8d8&_nc_ad=z-m&_nc_cid=0&_nc_zt=24&_nc_ht=scontent-sjc6-1.cdninstagram.com&_nc_gid=NSqRWxhZwzxHVcwJeNxlLQ&oh=00_AfqoaP-CAsoLMOelHLooABMH9Ovxa18foSimkH9GkPNFDw&oe=6965DD19,"Kembalikan seperti jaman Pak Soeharto dan orde Baru, gubernur, bupati, walikota di pilih oleh DPR, lebih berkualitas kepala daerah nya, kalau pilkada langsung memuluskan jalan penipu, koruptor, bandar narkoba, bandar judi online, germo,begal, penjahat kelamin, LGBT menjadi kepala daerah karena mereka membeli suara rakyat setelah jadi kepala daerah mereka korupsi untuk mengembalikan modal",2026-01-08T16:23:41.000Z,0,0,https://www.instagram.com/p/DTQIzuWk0mZ/c/17939528169104018
https://www.instagram.com/reel/DTP5edaE-Zs/,h311d121x_707,h311d121x_707,H311D121X 3,False,https://scontent-vie1-1.cdninstagram.com/v/t51.2885-19/430333482_1431132327762087_7791931610450355315_n.jpg?stp=dst-jpg_e0_s150x150_tt6&_nc_cat=106&ig_cache_key=GCpephmn2AV2mxUFAHPkByuEgCJsbkULAAAB1501500j-ccb7-5&ccb=7-5&_nc_sid=669407&efg=eyJ2ZW5jb2RlX3RhZyI6InByb2ZpbGVfcGljLnd3dy4xMDgwLkMzIn0%3D&_nc_ohc=Iu4KYLlz3dEQ7kNvwEgQ88x&_nc_oc=AdkULlSLdVoNskwhyzy28VoVbxiiLSpo7XJI3aaII0PP1MemVGX7TslrLafPCdZAAr0&_nc_ad=z-m&_nc_cid=0&_nc_zt=24&_nc_ht=scontent-vie1-1.cdninstagram.com&oh=00_Afridz87SbszOZJSeLhXLjIonB8FjT5pkiop0p9dL6CN3w&oe=6965C494,Neo orde Baru,2026-01-08T16:17:22.000Z,0,0,https://www.instagram.com/p/DTP5edaE-Zs/c/18550744255053250
https://www.instagram.com/p/DTQGoLyEXqB/,_bayzyy,_bayzyy,B,False,https://scontent-arn2-1.cdninstagram.com/v/t51.82787-19/529830102_18082745728851186_7218878912682176849_n.jpg?stp=dst-jpg_e0_s150x150_tt6&_nc_cat=102&ig_cache_key=GNaQlB-yXLtTKT5AAFGx_rIfnC5kbmNDAQAB1501500j-ccb7-5&ccb=7-5&_nc_sid=669407&efg=eyJ2ZW5jb2RlX3RhZyI6InByb2ZpbGVfcGljLnd3dy4xMDgwLkMzIn0%3D&_nc_ohc=kIAqZjlAajcQ7kNvwE_24XM&_nc_oc=Adm52_O8z2x_Bauda3d_41Ki0IxX1jG7hCt56TdJ2qb-90zInioBY6vI6sx8zSqAfKI&_nc_ad=z-m&_nc_cid=0&_nc_zt=24&_nc_ht=scontent-arn2-1.cdninstagram.com&_nc_gid=xSEgHEbCi0LInLSA8dssFw&oh=00_AfoDl9v8rI1TIVubxo50P3fiXj8vdBhReL3VUsao-xmg6w&oe=6965DE24,Big respect 🔥,2026-01-08T16:01:28.000Z,0,0,https://www.instagram.com/p/DTQGoLyEXqB/c/18089911783818363
https://www.instagram.com/p/DTPVEjJk8Rr/,puji.csv,puji.csv,PujiAyu🪼,False,https://scontent-lax3-2.cdninstagram.com/v/t51.82787-19/567446310_18025456223744086_6527578648534072216_n.jpg?stp=dst-jpg_e0_s150x150_tt6&_nc_cat=106&ig_cache_key=GCaL0iFWcCGTDgpAAJg7TD0ynpZabmNDAQAB1501500j-ccb7-5&ccb=7-5&_nc_sid=669407&efg=eyJ2ZW5jb2RlX3RhZyI6InByb2ZpbGVfcGljLnd3dy4xMDgwLkMzIn0%3D&_nc_ohc=O6V_-sa7UN8Q7kNvwEppO2m&_nc_oc=Adn_CpiKWdV9iXmw3fWRoQNEI4mGizXLkCTyaU7_CNOa7fh3HkoaGNjvxWj-gnbro8E&_nc_ad=z-m&_nc_cid=0&_nc_zt=24&_nc_ht=scontent-lax3-2.cdninstagram.com&_nc_gid=Can16ZvQ6kyeVg8qghNe2g&oh=00_AfosuG6urMvLMLsjPhlZEh-i42qRrnahD1kkAvCuCMgzZw&oe=6965C61B,segacor itu PDIP kalo jadi oposisi❤️,2026-01-08T15:56:24.000Z,2,0,https://www.instagram.com/p/DTPVEjJk8Rr/c/18080549141235899
https://www.instagram.com/reel/DTQKDiYDKWY/,antokbrown,antokbrown,Anto,False,https://scontent-dfw6-1.cdninstagram.com/v/t51.89012-19/573323465_1219825463302212_7278921664109726296_n.png?stp=dst-webp_s150x150&_nc_cat=1&ig_cache_key=YW5vbnltb3VzX3Byb2ZpbGVfcGlj.3-ccb7-5&ccb=7-5&_nc_sid=669407&efg=eyJ2ZW5jb2RlX3RhZyI6InByb2ZpbGVfcGljLnd3dy5DMyJ9&_nc_ohc=RNOcSyqJy9IQ7kNvwEyTsam&_nc_oc=AdnRk4s0t_EXXwE0vD5v3yvMOGFzHns_KCt6LOvt5ByXcjgJVjWPhyU1E68HuwYDH-c&_nc_ad=z-m&_nc_cid=0&_nc_zt=24&_nc_ht=scontent-dfw6-1.cdninstagram.com&_nc_gid=7qJ5z8exU7JDWFWDfacTrg&oh=00_AfoDiW-R4gQtt6VATvDCfbDp4nEEbWHWgIZTkqxBWLWIkg&oe=6965DD19,Mari kita menangkan PDI p di 2029,2026-01-08T15:51:16.000Z,2,0,https://www.instagram.com/p/DTQKDiYDKWY/c/18546599047056747
https://www.instagram.com/reel/DTQKDiYDKWY/,pinjaman_bpkb_mobil_motor_,pinjaman_bpkb_mobil_motor_,gadai_BPKB_Mobil_Motor,False,https://scontent-dfw6-1.cdninstagram.com/v/t51.82787-19/590583421_18398016754132202_5172596660192772004_n.jpg?stp=dst-jpg_e0_s150x150_tt6&_nc_cat=101&ig_cache_key=GH2WMyPqpDMV5lxBAKR-KcFBwchHbmNDAQAB1501500j-ccb7-5&ccb=7-5&_nc_sid=669407&efg=eyJ2ZW5jb2RlX3RhZyI6InByb2ZpbGVfcGljLnd3dy4xMDgwLkMzIn0%3D&_nc_ohc=ferHLHIAzyQQ7kNvwHNnTln&_nc_oc=AdnvlyAJnxWy7Eq1D5_LwFaSEXnfDh_YB4GRGNJ267BsJY3m65G-8yVKcAGAd1di20I&_nc_ad=z-m&_nc_cid=0&_nc_zt=24&_nc_ht=scontent-dfw6-1.cdninstagram.com&_nc_gid=7qJ5z8exU7JDWFWDfacTrg&oh=00_AfpBecj8x3TsK--2rWu-PXtWvd4-4jWl88ZkeBwUXtFIDA&oe=6965E185,"Pilkada yang dipilih oleh DPRD bukanlah penguatan demokrasi, melainkan kemunduran yang nyata. Ketika hak rakyat untuk memilih pemimpinnya digeser ke ruang-ruang elit politik, maka kedaulatan rakyat perlahan dirampas dari tangan mereka sendiri. Demokrasi tidak boleh dipersempit, apalagi dibatasi atas nama kepentingan segelintir orang. Karena itu, sikap tegas dan konsisten PDIP Perjuangan dalam menolak pilkada melalui DPRD layak dihormati. Itu bukan sekadar sikap politik, tetapi pembelaan terhadap hak rakyat dan martabat demokrasi di negeri ini.",2026-01-08T15:45:39.000Z,5,0,https://www.instagram.com/p/DTQKDiYDKWY/c/18031668404565171
https://www.instagram.com/reel/DTP7r0XgauU/,corneliussheva,corneliussheva,Cornelius Sheva,False,https://scontent-sjc6-1.cdninstagram.com/v/t51.2885-19/449870149_1010194637293355_3975013844222705825_n.jpg?stp=dst-jpg_e0_s150x150_tt6&_nc_cat=108&ig_cache_key=GEV50Borh4JExJYDAKGAJ_IHFio3bkULAAAB1501500j-ccb7-5&ccb=7-5&_nc_sid=669407&efg=eyJ2ZW5jb2RlX3RhZyI6InByb2ZpbGVfcGljLnd3dy44OTUuQzMifQ%3D%3D&_nc_ohc=WWBgML8-pLMQ7kNvwHBCF3s&_nc_oc=Adn2tFliOxb036I0NroMN5DfN1hRIsqxCcf-RhUL7f_evHyvTDRtGHLNnlH188LPe4I&_nc_ad=z-m&_nc_cid=0&_nc_zt=24&_nc_ht=scontent-sjc6-1.cdninstagram.com&oh=00_AfriB4twWfPBF0Cl6s9stxw2habTT9CQbn2v2SdbtW9szQ&oe=6965EB64,"Jawa tengah sebelah mana ,woy",2026-01-08T15:43:56.000Z,0,1,https://www.instagram.com/p/DTP7r0XgauU/c/18078967304257742
https://www.instagram.com/reel/DTQKDiYDKWY/,edmi_rosandy,edmi_rosandy,Edmi Rosandi,False,https://scontent-dfw6-1.cdninstagram.com/v/t51.82787-19/589829759_18436584211103120_2309987927061535723_n.jpg?stp=dst-jpg_e0_s150x150_tt6&_nc_cat=101&ig_cache_key=GH8WKCOQPcbE_X9BAOub8ePHuQ4gbmNDAQAB1501500j-ccb7-5&ccb=7-5&_nc_sid=669407&efg=eyJ2ZW5jb2RlX3RhZyI6InByb2ZpbGVfcGljLnd3dy4xMDgwLkMzIn0%3D&_nc_ohc=i9JePgTzHYQQ7kNvwGkHIeA&_nc_oc=Adm1CDkAOE60xNaPjMYUO6-N51mWJBGTqddQr254QUZC3rW5uxfN0pAToGKq5-3qegI&_nc_ad=z-m&_nc_cid=0&_nc_zt=24&_nc_ht=scontent-dfw6-1.cdninstagram.com&_nc_gid=7qJ5z8exU7JDWFWDfacTrg&oh=00_AfqqE64TE4fpjLFZmOMQVfS_h68vlbW5MMcaG5GyFrNEGg&oe=6965D881,"Semua partai sama saja , politik itu banyak bohongnya",2026-01-08T15:38:54.000Z,1,0,https://www.instagram.com/p/DTQKDiYDKWY/c/18044372150706249
https://www.instagram.com/p/DTPVEjJk8Rr/,youthnosstress,youthnosstress,⸸ 𝔩 𝔨 𝔪 𝔫 𝔰 𝔡𝔪 ⸸,False,https://scontent-lax3-1.cdninstagram.com/v/t51.82787-19/530035544_18318973183225112_3264887107810400741_n.jpg?stp=dst-jpg_e0_s150x150_tt6&_nc_cat=104&ig_cache_key=GFizlx8YbTxRAhVBAOWZysSGNU8tbmNDAQAB1501500j-ccb7-5&ccb=7-5&_nc_sid=669407&efg=eyJ2ZW5jb2RlX3RhZyI6InByb2ZpbGVfcGljLnd3dy4xMDgwLkMzIn0%3D&_nc_ohc=YX4QkpTBm_8Q7kNvwEVZYxP&_nc_oc=AdkoyH_dKk74xFbnTpUn5gKZr5S8iHsU-8fLbfHs_JweNHVjnvaT0-920129UXDyszI&_nc_ad=z-m&_nc_cid=0&_nc_zt=24&_nc_ht=scontent-lax3-1.cdninstagram.com&_nc_gid=Can16ZvQ6kyeVg8qghNe2g&oh=00_AfoHgJwfQGxZbhxYESQQSaBXAU_LQgjXxQ7KsVy2Zvr5Kw&oe=6965E14D,MARHAEN 🤟🔥🔥🔥,2026-01-08T15:31:40.000Z,4,0,https://www.instagram.com/p/DTPVEjJk8Rr/c/18061948760287244
https://www.instagram.com/reel/DTQKDiYDKWY/,goena_one,goena_one,Fatich Gunawan,False,https://scontent-dfw5-2.cdninstagram.com/v/t51.2885-19/238706646_568206604538623_5391647407676886124_n.jpg?stp=dst-jpg_e0_s150x150_tt6&_nc_cat=100&ig_cache_key=GNZfOg7-ktLoxwQCAGyMvEjA_tJKbkULAAAB1501500j-ccb7-5&ccb=7-5&_nc_sid=669407&efg=eyJ2ZW5jb2RlX3RhZyI6InByb2ZpbGVfcGljLnd3dy4xMDgwLkMzIn0%3D&_nc_ohc=Qy08aYwHkqgQ7kNvwGxrU1J&_nc_oc=AdnQ98Ns-UxUFnx-kIIcHCBz2Jn2Ir1p2arO-AWwDZpsg2l7kwnm9Prz1Aegef2Tf5Y&_nc_ad=z-m&_nc_cid=0&_nc_zt=24&_nc_ht=scontent-dfw5-2.cdninstagram.com&oh=00_AfrzJNy8Y9FThhyGn_6pkyRiln-Ts0FW91w-OkGEomewHA&oe=6965CE16,"Tinggal boukot saja partai2 tersebut di pileg ,2029",2026-01-08T15:30:13.000Z,2,0,https://www.instagram.com/p/DTQKDiYDKWY/c/18099938875868899
https://www.instagram.com/reel/DTNBc-nCTRR/,agussoeriansyah,agussoeriansyah,Agus Soeriansyah,False,https://scontent-lax7-1.cdninstagram.com/v/t51.82787-19/581851237_17855460321561951_4998699994701488637_n.jpg?stp=dst-jpg_e0_s150x150_tt6&_nc_cat=101&ig_cache_key=GGVYriJfjcRRcm8-AP3h7TIp815FbmNDAQAB1501500j-ccb7-5&ccb=7-5&_nc_sid=669407&efg=eyJ2ZW5jb2RlX3RhZyI6InByb2ZpbGVfcGljLnd3dy4xMDgwLkMzIn0%3D&_nc_ohc=6QUD3PZmKucQ7kNvwEIvFWa&_nc_oc=AdnAwuNFFPM-Co8uDE0cjTGyaJuy-MNceMiel5nEh-WjDB_b9bDAF5PozdQKOoKzMs4&_nc_ad=z-m&_nc_cid=0&_nc_zt=24&_nc_ht=scontent-lax7-1.cdninstagram.com&_nc_gid=5F4dv9wDW4z35xPXw7UeDQ&oh=00_AfqPWB-uLgHXFfq6Rno0Idyb8E1iqGBMIZNVT71vnQxGYQ&oe=6965F331,Siapa lah ngaran bini Sidin to ?😂,2026-01-08T15:24:05.000Z,0,0,https://www.instagram.com/p/DTNBc-nCTRR/c/17930522571173041
https://www.instagram.com/reel/DTP7r0XgauU/,sobirinks77,sobirinks77,sobirin,False,https://scontent-sjc3-1.cdninstagram.com/v/t51.75761-19/495331850_17847791709463308_9022733423390769529_n.jpg?stp=dst-jpg_e0_s150x150_tt6&_nc_cat=110&ig_cache_key=GAoqhh0MI97UeGg-AHlBQHw_MDd9bvEnAQAB1501500j-ccb7-5&ccb=7-5&_nc_sid=669407&efg=eyJ2ZW5jb2RlX3RhZyI6InByb2ZpbGVfcGljLnd3dy4xMDgwLkMzIn0%3D&_nc_ohc=KVKQDxO329EQ7kNvwEWKbHF&_nc_oc=AdlxGKUY7569htAREXqLe0JEyh_GFv2ukH-k-z-x5xPdcEbN0_meMZdXGPRgaYzocb4&_nc_ad=z-m&_nc_cid=0&_nc_zt=24&_nc_ht=scontent-sjc3-1.cdninstagram.com&_nc_gid=Yw_dUPo7nBq0QsTpo4vk_A&oh=00_AfpsDPrrejHI_un4NBaZa4q5OrvZTfD3HQ4CWxDtgGN17A&oe=6965CDE0,Aq ora milih 😂,2026-01-08T15:20:56.000Z,1,1,https://www.instagram.com/p/DTP7r0XgauU/c/18353199637202488
https://www.instagram.com/p/DTQGoLyEXqB/,samuelsoeprapto,samuelsoeprapto,Andy S,False,https://scontent-arn2-1.cdninstagram.com/v/t51.75761-19/499270437_18065911301084175_557498356642085204_n.jpg?stp=dst-jpg_e0_s150x150_tt6&_nc_cat=101&ig_cache_key=GCVDwh0PFKXB2S5AAFT5gzbNobwHbvEnAQAB1501500j-ccb7-5&ccb=7-5&_nc_sid=669407&efg=eyJ2ZW5jb2RlX3RhZyI6InByb2ZpbGVfcGljLnd3dy4zMjAuQzMifQ%3D%3D&_nc_ohc=i6NX37b1NQgQ7kNvwHSy8KD&_nc_oc=AdlacaeZNrhz3NAAYkSi2aK845sWNR792k1DvfzXdqNVDkWSSmIL2SwR-wJpN6WHKMo&_nc_ad=z-m&_nc_cid=0&_nc_zt=24&_nc_ht=scontent-arn2-1.cdninstagram.com&_nc_gid=xSEgHEbCi0LInLSA8dssFw&oh=00_Afp7UBU0pGy6TatmdSplFc5Mf78ftLh9WxhwmUqetR_H5Q&oe=6965E32A,Kapan ya kebenaran bisa menang?,2026-01-08T15:19:58.000Z,0,0,https://www.instagram.com/p/DTQGoLyEXqB/c/18066673133631206
https://www.instagram.com/reel/DTQKDiYDKWY/,basuki5554,basuki5554,Agus Basuki,False,https://scontent-dfw5-1.cdninstagram.com/v/t51.2885-19/319329685_1556837634741559_8069959544585978368_n.jpg?stp=dst-jpg_e0_s150x150_tt6&_nc_cat=107&ig_cache_key=GJWVCBM3FTGC74cFAAAC0gZzQf5vbkULAAAB1501500j-ccb7-5&ccb=7-5&_nc_sid=669407&efg=eyJ2ZW5jb2RlX3RhZyI6InByb2ZpbGVfcGljLnd3dy4xMDgwLkMzIn0%3D&_nc_ohc=8ciz30iU5nIQ7kNvwEeZIdo&_nc_oc=AdmF0aPd1kKDALUgBJZ3rSWbdHx_KfhcnCeOQ9zNBAVSKGTzTdK__Ig_knxCJNNh7xw&_nc_ad=z-m&_nc_cid=0&_nc_zt=24&_nc_ht=scontent-dfw5-1.cdninstagram.com&oh=00_AfoC_HOUPiZoaZmKLI87u7L_4oESXEUYQjWn5MapWvK1BA&oe=6965C87F,PDIP THE BEST WARAS,2026-01-08T15:18:19.000Z,6,0,https://www.instagram.com/p/DTQKDiYDKWY/c/18101022979637799
https://www.instagram.com/reel/DTP5edaE-Zs/,cerita.dea,cerita.dea,Adam Jaya,False,https://scontent-vie1-1.cdninstagram.com/v/t51.2885-19/491462222_1444092883421903_4951187664968514747_n.jpg?stp=dst-jpg_e0_s150x150_tt6&_nc_cat=102&ig_cache_key=GE4eSx3PylYTZSEFALt8vuLyJrZEbkULAAAB1501500j-ccb7-5&ccb=7-5&_nc_sid=669407&efg=eyJ2ZW5jb2RlX3RhZyI6InByb2ZpbGVfcGljLnd3dy44NjYuQzMifQ%3D%3D&_nc_ohc=KgQrmSd3Zq0Q7kNvwEnveYY&_nc_oc=AdkBpuorqGdR9tmLOLsf35f_YwSnbw26FcdVUOWeXgJptoorRd5AGAXkYnglPXP-ol0&_nc_ad=z-m&_nc_cid=0&_nc_zt=24&_nc_ht=scontent-vie1-1.cdninstagram.com&oh=00_Afq4aM7eNF1zZhgOKPbS7aqC3Ta7Ypeiw8UQPSeLdQQPTA&oe=6965E93D,🔥👏❤️Pak Ahok mantap jadi Pemimpin,2026-01-08T15:17:24.000Z,5,0,https://www.instagram.com/p/DTP5edaE-Zs/c/18033068480767039
https://www.instagram.com/reel/DTNyR-mE-WG/,thongchiewjoeng,thongchiewjoeng,Thong Yung,False,https://scontent-sjc3-1.cdninstagram.com/v/t51.2885-19/394266630_1004364547504941_3492837538334964737_n.jpg?stp=dst-jpg_e0_s150x150_tt6&_nc_cat=106&ig_cache_key=GAYIgBctOxTYdpEDAAH8mjo8DXkwbkULAAAB1501500j-ccb7-5&ccb=7-5&_nc_sid=669407&efg=eyJ2ZW5jb2RlX3RhZyI6InByb2ZpbGVfcGljLnd3dy43MjAuQzMifQ%3D%3D&_nc_ohc=puNbmz9Kv9cQ7kNvwF_B64h&_nc_oc=AdlY-So-HudY_rvr5Nd-pIpcCpLnQZjQnkizsdLFY2B2qT-szc6hVm8VVyEOFp7SBRg&_nc_ad=z-m&_nc_cid=0&_nc_zt=24&_nc_ht=scontent-sjc3-1.cdninstagram.com&oh=00_AfqfK7tK5Ic0BEkZ51kHMQRH9okcw79UduxB0mWB78zkKQ&oe=6965CBDA,Busuuk......,2026-01-08T15:12:09.000Z,0,0,https://www.instagram.com/p/DTNyR-mE-WG/c/18088901654007399
https://www.instagram.com/p/DTP7kPdEnSw/,dp126_,dp126_,ديدي أرصياد,False,https://scontent-iad3-1.cdninstagram.com/v/t51.75761-19/493515335_18502918669029835_9190844384921238971_n.jpg?stp=dst-jpg_e0_s150x150_tt6&_nc_cat=110&ig_cache_key=GEdyah3LUZN2TrxBALu9H91FcIx-bvEnAQAB1501500j-ccb7-5&ccb=7-5&_nc_sid=669407&efg=eyJ2ZW5jb2RlX3RhZyI6InByb2ZpbGVfcGljLnd3dy4xMDgwLkMzIn0%3D&_nc_ohc=OauWzgEiezwQ7kNvwEbwu5C&_nc_oc=AdkVKR31Lmvp45_PoDMrSx9xlpRC6hGxo2_8l-smyK7Mbkl4Jl1XBbWZ4KGJyZA5T7o&_nc_ad=z-m&_nc_cid=0&_nc_zt=24&_nc_ht=scontent-iad3-1.cdninstagram.com&_nc_gid=IreGSiIhbjUW-Uz6v6yBng&oh=00_AfrPsPs2-ye7NQKKxzQdOLQXnkcKIzTzriMKgAPeKi95aw&oe=6965E4AE,Emg cocok nya oposisi..🔥,2026-01-08T15:10:01.000Z,0,0,https://www.instagram.com/p/DTP7kPdEnSw/c/18087401707855562
https://www.instagram.com/p/DTPhT66k2bU/,tonyal__,tonyal__,𝓣𝓸𝓷𝔂 𝓐𝓵𝓯𝓲𝓪𝓷,False,https://scontent-sjc3-1.cdninstagram.com/v/t51.82787-19/612414366_18403798264127534_3827979959180805663_n.jpg?stp=dst-jpg_e0_s150x150_tt6&_nc_cat=106&ig_cache_key=GJ6zgCQuIA0yKGJBAB9GScp9tx81bmNDAQAB1501500j-ccb7-5&ccb=7-5&_nc_sid=669407&efg=eyJ2ZW5jb2RlX3RhZyI6InByb2ZpbGVfcGljLnd3dy4xMDgwLkMzIn0%3D&_nc_ohc=d4iGEPPnwZ8Q7kNvwGnsRay&_nc_oc=AdlFrSrBNhZ9z-IUr3YvJptwaUkuwiKqBW0Ml1LcnPEpN4aG-qhHI82LGPGnGcvYLUo&_nc_ad=z-m&_nc_cid=0&_nc_zt=24&_nc_ht=scontent-sjc3-1.cdninstagram.com&_nc_gid=dgoLlEDNK_Ug8YKNkeT4pg&oh=00_AfrjQwbqf9FpHwLtMT2zfGzHLGOGmBRJpXCegAVriGRZtg&oe=6965E591,Perlu dikaji ni bat,2026-01-08T15:07:58.000Z,1,0,https://www.instagram.com/p/DTPhT66k2bU/c/18107524159595476
https://www.instagram.com/p/DTQIzuWk0mZ/,bauquni_farouqi,bauquni_farouqi,,False,https://scontent-sjc6-1.cdninstagram.com/v/t51.82787-19/588649641_17862773838546576_3641070801632843379_n.jpg?stp=dst-jpg_e0_s150x150_tt6&_nc_cat=101&ig_cache_key=GKkUFiOQhlkhGXY-AHNWX1WarocybmNDAQAB1501500j-ccb7-5&ccb=7-5&_nc_sid=669407&efg=eyJ2ZW5jb2RlX3RhZyI6InByb2ZpbGVfcGljLnd3dy4xMDgwLkMzIn0%3D&_nc_ohc=BXLCEV1bEfQQ7kNvwEeo7gX&_nc_oc=Adl29RyKpsZBZw_oc2YfHJ3wFS4l6UE4UANMWETIhtndaOlJY4AKrzzKIMhALE5NLR0&_nc_ad=z-m&_nc_cid=0&_nc_zt=24&_nc_ht=scontent-sjc6-1.cdninstagram.com&_nc_gid=NSqRWxhZwzxHVcwJeNxlLQ&oh=00_AfoacvTiaRR03In5ZUieLGhahTLfTG6cq_syn706q-7ULQ&oe=6965F1D7,Setuju kalo ada hukuman mati buat koruptor,2026-01-08T15:03:47.000Z,1,1,https://www.instagram.com/p/DTQIzuWk0mZ/c/18084735458137675
https://www.instagram.com/p/DTQBWS8Eg-9/,sony.untungan_se.bkp,sony.untungan_se.bkp,konsultan pajak surabaya,False,https://scontent-lax3-2.cdninstagram.com/v/t51.2885-19/361553281_634431298671678_6647883652956691348_n.jpg?stp=dst-jpg_e0_s150x150_tt6&_nc_cat=100&ig_cache_key=GIHdjBU_FDEMA0ECAJQbnNr1BkJcbkULAAAB1501500j-ccb7-5&ccb=7-5&_nc_sid=669407&efg=eyJ2ZW5jb2RlX3RhZyI6InByb2ZpbGVfcGljLnd3dy4xMDgwLkMzIn0%3D&_nc_ohc=d4IBRMp7A5kQ7kNvwGnF0RD&_nc_oc=AdmNxfBRf-ONjYpvpwHLw7th7-Q2lTNKOOIvpYcIQjDm_1b7L2bCLtMJRuRJN3RpSiA&_nc_ad=z-m&_nc_cid=0&_nc_zt=24&_nc_ht=scontent-lax3-2.cdninstagram.com&oh=00_Afowe0fG-Kh7NfdwLLkDm0pVHEqkzvDUoTF-ZhbwtmlOCg&oe=6965DD19,"Paling masuk akal PDIP, cuman big bos & anaknya tolong di rem yg membuat publik ber-opini negatif",2026-01-08T15:02:47.000Z,7,0,https://www.instagram.com/p/DTQBWS8Eg-9/c/17859648306579763
https://www.instagram.com/p/DTQBWS8Eg-9/,drefitanp,drefitanp,Novia,False,https://scontent-lax3-1.cdninstagram.com/v/t51.2885-19/491465090_651920407768620_5058008455437093241_n.jpg?stp=dst-jpg_e0_s150x150_tt6&_nc_cat=104&ig_cache_key=GIIpSx0srlMM61ACAHkJQEnkpzFGbkULAAAB1501500j-ccb7-5&ccb=7-5&_nc_sid=669407&efg=eyJ2ZW5jb2RlX3RhZyI6InByb2ZpbGVfcGljLnd3dy4xMDgwLkMzIn0%3D&_nc_ohc=o3ZJ8yQ5Y08Q7kNvwHFHtsK&_nc_oc=AdmwKWbO0q98vASFAsTC6aQqtRUenHeedjf-oM3yNQ-y-gIoY3qPHl2A5Ymgn6sXt80&_nc_ad=z-m&_nc_cid=0&_nc_zt=24&_nc_ht=scontent-lax3-1.cdninstagram.com&oh=00_Afo1yi9oI5E8_YlxrPIkrQqNZ5PszftZwPiOBwN5NOEI-Q&oe=6965E3D7,Emok anjay...,2026-01-08T15:02:24.000Z,1,0,https://www.instagram.com/p/DTQBWS8Eg-9/c/17994957875728406
https://www.instagram.com/p/DTQIzuWk0mZ/,x_shelter_shopping,x_shelter_shopping,X Shelter Shopping,False,https://scontent-sjc6-1.cdninstagram.com/v/t51.82787-19/590512087_17856636306564875_6586256583053212070_n.jpg?stp=dst-jpg_e0_s150x150_tt6&_nc_cat=101&ig_cache_key=GNd-MiMLp_8fhHA-AKb5doB3FWdbbmNDAQAB1501500j-ccb7-5&ccb=7-5&_nc_sid=669407&efg=eyJ2ZW5jb2RlX3RhZyI6InByb2ZpbGVfcGljLnd3dy4xMDgwLkMzIn0%3D&_nc_ohc=w1w0DHB6iyAQ7kNvwGqASzo&_nc_oc=AdnDJlojHAK_KG6iNbUGgdaOBUAlz1JrT8yN6472KnL2KGccJ_QP13kxz7yUejAfp8U&_nc_ad=z-m&_nc_cid=0&_nc_zt=24&_nc_ht=scontent-sjc6-1.cdninstagram.com&_nc_gid=NSqRWxhZwzxHVcwJeNxlLQ&oh=00_AfpYMT-izqWLew451h9xJ27VWMiiTIICtpJn_QDYgwjhKg&oe=6965E419,Banyak Transaksi Gelap Antara Mereka kalau di pilih DPR,2026-01-08T14:55:24.000Z,1,0,https://www.instagram.com/p/DTQIzuWk0mZ/c/18088320569318199
https://www.instagram.com/p/DTPVEjJk8Rr/,istiqomahfashionkudus,istiqomahfashionkudus,Kamal Shodiq,False,https://scontent-lax3-1.cdninstagram.com/v/t51.2885-19/488074578_642384345221006_3696286542577415114_n.jpg?stp=dst-jpg_e0_s150x150_tt6&_nc_cat=108&ig_cache_key=GFJtFx2Ox7TCPkgCAMozYtYG2UszbkULAAAB1501500j-ccb7-5&ccb=7-5&_nc_sid=669407&efg=eyJ2ZW5jb2RlX3RhZyI6InByb2ZpbGVfcGljLnd3dy4xMDgwLkMzIn0%3D&_nc_ohc=uM-SoNuZEEIQ7kNvwGQjjhf&_nc_oc=AdmTQpuJhMeMvw-bzfhSDbd5JmzbRRCgrnGTZGVaD8KEMhBkWVAYZkduDLnRw02UdeQ&_nc_ad=z-m&_nc_cid=0&_nc_zt=24&_nc_ht=scontent-lax3-1.cdninstagram.com&oh=00_Afr7ITp0VmlXtgIrMjulmc11YMqk814hdm8KVgJ78X2g-A&oe=6965F9C6,🔥🔥🔥PDIP dihati rakyat,2026-01-08T14:54:21.000Z,2,0,https://www.instagram.com/p/DTPVEjJk8Rr/c/17851038678585006
https://www.instagram.com/reel/DTP5edaE-Zs/,sello.kaka,sello.kaka,roy marteen,False,https://scontent-vie1-1.cdninstagram.com/v/t51.89012-19/573323465_1219825463302212_7278921664109726296_n.png?stp=dst-webp_s150x150&_nc_cat=1&ig_cache_key=YW5vbnltb3VzX3Byb2ZpbGVfcGlj.3-ccb7-5&ccb=7-5&_nc_sid=669407&efg=eyJ2ZW5jb2RlX3RhZyI6InByb2ZpbGVfcGljLnd3dy5DMyJ9&_nc_ohc=RNOcSyqJy9IQ7kNvwG5xttR&_nc_oc=AdmryfgBrOqzvQ8Jcx4hlkNcu_Qtj0JVtqQPoBYaDIVM6fhRqXm4YWPQ_tgHM3gHvvI&_nc_ad=z-m&_nc_cid=0&_nc_zt=24&_nc_ht=scontent-vie1-1.cdninstagram.com&_nc_gid=eJcwdGuccP5F_lN-4pweRg&oh=00_Afp_AStizezmogbUklzSOrRyUUPljg8Y6V7WqhOGRwrbcg&oe=6965DD19,Salah satu pejabat yg berani the best pak ahok 🔥🔥🔥 idola banget semoga bisa ketemu,2026-01-08T14:51:57.000Z,1,0,https://www.instagram.com/p/DTP5edaE-Zs/c/18066023924198794
https://www.instagram.com/reel/DTPlGxhkrrQ/,andirafamily_real,andirafamily_real,Andre Fatahillah,False,https://scontent-arn2-1.cdninstagram.com/v/t51.2885-19/441194092_359661779902483_490903981034467763_n.jpg?stp=dst-jpg_e0_s150x150_tt6&_nc_cat=104&ig_cache_key=GGwWTBoTYKFIHEcBALNxYuCRCtAGbkULAAAB1501500j-ccb7-5&ccb=7-5&_nc_sid=669407&efg=eyJ2ZW5jb2RlX3RhZyI6InByb2ZpbGVfcGljLnd3dy43OTUuQzMifQ%3D%3D&_nc_ohc=kmMGYthhJ6YQ7kNvwFBO6iS&_nc_oc=Adnqe4T--fF0Jb7y4e5YzEhgOXNsO2BQ0gHSRTS-Kgjfbt6bd7VupQrsA4fvhrESBgs&_nc_ad=z-m&_nc_cid=0&_nc_zt=24&_nc_ht=scontent-arn2-1.cdninstagram.com&oh=00_AfoU5_jBlC_-rkhNo8WLCPbpYkQzI7Av9NzmOhNFg0cdlg&oe=6965E0FA,DPRD siap2 jadi calo suara neh?!🤭☕,2026-01-08T14:50:38.000Z,0,0,https://www.instagram.com/p/DTPlGxhkrrQ/c/17868594042533208
https://www.instagram.com/p/DTQIzuWk0mZ/,sepri_linggau_nian,sepri_linggau_nian,Seprianto Nian,False,https://scontent-sjc3-1.cdninstagram.com/v/t51.2885-19/449698864_795440996038581_4868521784158957005_n.jpg?stp=dst-jpg_e0_s150x150_tt6&_nc_cat=103&ig_cache_key=GDDczRq1NwIKc9MCAM2tC6bEdpBDbkULAAAB1501500j-ccb7-5&ccb=7-5&_nc_sid=669407&efg=eyJ2ZW5jb2RlX3RhZyI6InByb2ZpbGVfcGljLnd3dy4xMDgwLkMzIn0%3D&_nc_ohc=xMc6tl8CRAMQ7kNvwHNFIf2&_nc_oc=AdlffgJs9g4r476JNmLNHftNGFySg36GqYKwi1etr-QmMKRqovmuuM3l7p4q_2y4k0I&_nc_ad=z-m&_nc_cid=0&_nc_zt=24&_nc_ht=scontent-sjc3-1.cdninstagram.com&oh=00_AfrULF9RF70XOHfWNjYMthlX97UMJGiGHPv-K6RkdAGq8w&oe=6965F606,Setuju di pilih DPR lebih efisien anggaran,2026-01-08T14:50:24.000Z,0,1,https://www.instagram.com/p/DTQIzuWk0mZ/c/17994209057733452
https://www.instagram.com/p/DTQIzuWk0mZ/,rendrapurba,rendrapurba,Rendra SP,False,https://scontent-sjc6-1.cdninstagram.com/v/t51.2885-19/81568356_509936842948910_5195709267541229568_n.jpg?stp=dst-jpg_e0_s150x150_tt6&_nc_cat=108&ig_cache_key=GGSi3AQuwWHsyM8BAAAAAAAN3hpIbkULAAAB1501500j-ccb7-5&ccb=7-5&_nc_sid=669407&efg=eyJ2ZW5jb2RlX3RhZyI6InByb2ZpbGVfcGljLnd3dy4xMDgwLkMzIn0%3D&_nc_ohc=ojXq0sMKImAQ7kNvwG5rJ8z&_nc_oc=AdkbBiPEQLJfxLYVpHEblnMV6EruAcCDSDkGc1FGe4QRpp8I5Ea9qYkP1Ys9oaVH2qc&_nc_ad=z-m&_nc_cid=0&_nc_zt=24&_nc_ht=scontent-sjc6-1.cdninstagram.com&oh=00_Afo0rNaYBTToHcjX2LClqP_qUhV1ELAGl0LdwCt2Fyu7fg&oe=6965FBF0,"Lebih mending gaya lamo,mending dipilih rakyat walau kadang dicurangi dr pd dipiliih sesamo dio 🙌",2026-01-08T14:49:50.000Z,1,0,https://www.instagram.com/p/DTQIzuWk0mZ/c/17847678984663867
https://www.instagram.com/reel/DTP7r0XgauU/,puji_antoro28,puji_antoro28,Puji Antoro,False,https://scontent-sjc3-1.cdninstagram.com/v/t51.2885-19/482779311_1267333667683221_2388249107198409373_n.jpg?stp=dst-jpg_e0_s150x150_tt6&_nc_cat=110&ig_cache_key=GK_gxhyV_xIdooAEAJ16tNXowyQhbkULAAAB1501500j-ccb7-5&ccb=7-5&_nc_sid=669407&efg=eyJ2ZW5jb2RlX3RhZyI6InByb2ZpbGVfcGljLnd3dy4xMDgwLkMzIn0%3D&_nc_ohc=0frYMvBdWiAQ7kNvwGR0x1p&_nc_oc=AdkMovRXlkXwr7ajwFrSsGbzYMlIRwnGK-bpRIpsL1G3Ynf42tJNUx4E2lPXHUt4VYg&_nc_ad=z-m&_nc_cid=0&_nc_zt=24&_nc_ht=scontent-sjc3-1.cdninstagram.com&oh=00_Afoc0CVd2b6Dm4ZIrXexDLYPW18Y7HlG_zjdvG541yQ18Q&oe=6965D5B1,py ki om😂,2026-01-08T14:48:49.000Z,0,1,https://www.instagram.com/p/DTP7r0XgauU/c/18088774832011792
https://www.instagram.com/p/DTPhT66k2bU/,tatag_gc,tatag_gc,Tatag™G©,False,https://scontent-sjc6-1.cdninstagram.com/v/t51.82787-19/520044131_18044204471632752_2647285791806109837_n.jpg?stp=dst-jpg_e0_s150x150_tt6&_nc_cat=111&ig_cache_key=GGM_-x5wQ8m9GxtAAI24itdmDL0kbmNDAQAB1501500j-ccb7-5&ccb=7-5&_nc_sid=669407&efg=eyJ2ZW5jb2RlX3RhZyI6InByb2ZpbGVfcGljLnd3dy4xMDgwLkMzIn0%3D&_nc_ohc=1Hlo8SmvWzUQ7kNvwHHbh1H&_nc_oc=AdnIzDP2d8qQJTj4SdV1rRz5-_zgtzP14AAFNyyXcWEvyYwj278Y6EuU7azObIJmYIQ&_nc_ad=z-m&_nc_cid=0&_nc_zt=24&_nc_ht=scontent-sjc6-1.cdninstagram.com&_nc_gid=dgoLlEDNK_Ug8YKNkeT4pg&oh=00_Afq0XfF1QN8RUraMQBDkATjw_MtWgzRg514YyP8Mp7YYTw&oe=6965E60C,Huuaaammm☕,2026-01-08T14:45:40.000Z,1,0,https://www.instagram.com/p/DTPhT66k2bU/c/18065881319445756
https://www.instagram.com/reel/DTP5edaE-Zs/,icha.panca_atmaja,icha.panca_atmaja,Icha Cha,False,https://scontent-vie1-1.cdninstagram.com/v/t51.82787-19/609039683_17914457181252611_8218774666263432472_n.jpg?stp=dst-jpg_e0_s150x150_tt6&_nc_cat=101&ig_cache_key=GEM1TSQD7KGYGqU-ABiNnJcD9A5ybmNDAQAB1501500j-ccb7-5&ccb=7-5&_nc_sid=669407&efg=eyJ2ZW5jb2RlX3RhZyI6InByb2ZpbGVfcGljLnd3dy4xMDgwLkMzIn0%3D&_nc_ohc=ZBTYpmFuAisQ7kNvwFybfhT&_nc_oc=Adkgn6Es_NUxzW1nasGPjOn8gtO4wozLtXtvTnt0noLLEQ0oVZ2EDYpFdMyVZfJULCE&_nc_ad=z-m&_nc_cid=0&_nc_zt=24&_nc_ht=scontent-vie1-1.cdninstagram.com&_nc_gid=eJcwdGuccP5F_lN-4pweRg&oh=00_AfrvrtdqUkK_DFuxy5JHTUc8X6E32jp8GPNRrhYdho35Wg&oe=6965E8CA,Alasan Ahok pindah ke PDIP 🔥🔥🔥🔥,2026-01-08T14:44:49.000Z,6,0,https://www.instagram.com/p/DTP5edaE-Zs/c/18307983190268969
https://www.instagram.com/reel/DTQKDiYDKWY/,wiwid_sujarwanto,wiwid_sujarwanto,wiwid,False,https://scontent-dfw5-1.cdninstagram.com/v/t51.2885-19/370781056_2030363920631507_3177315215230726730_n.jpg?stp=dst-jpg_e0_s150x150_tt6&_nc_cat=105&ig_cache_key=GICrGRbTBkHwmjYHAEpyRadaFxgsbkULAAAB1501500j-ccb7-5&ccb=7-5&_nc_sid=669407&efg=eyJ2ZW5jb2RlX3RhZyI6InByb2ZpbGVfcGljLnd3dy4xMDgwLkMzIn0%3D&_nc_ohc=oB08_r3_8NMQ7kNvwH6qCVp&_nc_oc=AdmtmrRsAlrbABJYoIVX1OmRzq4-kR1TQ_ZltJayt2y78iClA_pbi7JHvfbTwIBnHhk&_nc_ad=z-m&_nc_cid=0&_nc_zt=24&_nc_ht=scontent-dfw5-1.cdninstagram.com&oh=00_Afr7UgUFziw3_C6_bUTnHCsViBBF8-NjL4zq2sNvOSdkVA&oe=6965E4D7,Demokrat skrg gak sebaik yg dlu pas SBY jd presiden,2026-01-08T14:44:33.000Z,4,0,https://www.instagram.com/p/DTQKDiYDKWY/c/18083347112518742
https://www.instagram.com/p/DTP7kPdEnSw/,dimastinoo,dimastinoo,Dimas Agustino,False,https://scontent-iad3-2.cdninstagram.com/v/t51.82787-19/583225329_18544762309025620_620305513752466239_n.jpg?stp=dst-jpg_e0_s150x150_tt6&_nc_cat=105&ig_cache_key=GPFPwyJUn9-xXOJBAD_TbgeUxJsIbmNDAQAB1501500j-ccb7-5&ccb=7-5&_nc_sid=669407&efg=eyJ2ZW5jb2RlX3RhZyI6InByb2ZpbGVfcGljLnd3dy4xMDgwLkMzIn0%3D&_nc_ohc=3hy7UGW9qzEQ7kNvwEXnn4g&_nc_oc=AdkeWNowA7Yp3wl3ewGI3svS06GVfX_uma2k5h4l9yh5jrOLYDlSET8uaTOYPvQYT7Y&_nc_ad=z-m&_nc_cid=0&_nc_zt=24&_nc_ht=scontent-iad3-2.cdninstagram.com&_nc_gid=IreGSiIhbjUW-Uz6v6yBng&oh=00_AfrQ300LQ8cnAh9yK_HFw01z9vyjSHyE6_IR6KObXGKP8w&oe=6965C5F9,"Hayo yg selama ini teriak teriak RUU perampasan aset ga disetujui PDIP, lihat noh PDIP Ga setuju Pilkada Tak Langsung tetep kalah sama yang setuju Pilkada Tak Langsung. Jadi tau kan siapa yg ga niat mengesahkan RUU PA? 😂",2026-01-08T14:42:12.000Z,0,0,https://www.instagram.com/p/DTP7kPdEnSw/c/18097795348698620
https://www.instagram.com/p/DTQBWS8Eg-9/,hendra_rangkayosati,hendra_rangkayosati,Hendra Rangkayo Sati,False,https://scontent-lax3-2.cdninstagram.com/v/t51.2885-19/22158945_1662107553801368_5865676384206061568_n.jpg?stp=dst-jpg_e0_s150x150_tt6&_nc_cat=107&ig_cache_key=GGEeUgGYpFKSrecFAAAAAACYEWdRbkULAAAB1501500j-ccb7-5&ccb=7-5&_nc_sid=669407&efg=eyJ2ZW5jb2RlX3RhZyI6InByb2ZpbGVfcGljLnd3dy4yMDAuQzMifQ%3D%3D&_nc_ohc=zCphB38EEUUQ7kNvwG5ZiAl&_nc_oc=AdkiQiwJEhX0hfoOGgB9-JZqDrEA_9fTT14wVseisx9bD7IOuXh189cXKXDvgVU0nQI&_nc_ad=z-m&_nc_cid=0&_nc_zt=24&_nc_ht=scontent-lax3-2.cdninstagram.com&oh=00_AfqRIR1KJRAtfyLeVRT-EWcO38k6n8wDdGRQ95ybPwNmZg&oe=6965FAE5,"Mendingan ngak usah pilih wakil rakyat.di DPR ,soalnya.mereka tidak mewakili rakyat..mereka mewakili elit elit. Jadi buat apa kalian mati matian milih mereka,membela mereka.",2026-01-08T14:40:43.000Z,3,0,https://www.instagram.com/p/DTQBWS8Eg-9/c/18419179948138004
https://www.instagram.com/reel/DTQKDiYDKWY/,johnkweejahja,johnkweejahja,Jahja • CEO Business Forum Ind,False,https://scontent-dfw5-2.cdninstagram.com/v/t51.2885-19/336515212_605459514455952_5959424434301998291_n.jpg?stp=dst-jpg_e0_s150x150_tt6&_nc_cat=100&ig_cache_key=GIzQDhSQ90iHqSYCANOUWtjyILRSbkULAAAB1501500j-ccb7-5&ccb=7-5&_nc_sid=669407&efg=eyJ2ZW5jb2RlX3RhZyI6InByb2ZpbGVfcGljLnd3dy4xMDgwLkMzIn0%3D&_nc_ohc=7n82kc4Q14IQ7kNvwGnFy8Y&_nc_oc=AdlZmtiNo1wtkyi3H78G-EXum0TOUuKx6aEieLN1y6GpyUq7M20GOD_o3FAyHFK1IZI&_nc_ad=z-m&_nc_cid=0&_nc_zt=24&_nc_ht=scontent-dfw5-2.cdninstagram.com&oh=00_AfoeWUCDL59hxyURByaeeAxwUJh81hZOaSgs0na5S4tHQw&oe=6965EB00,Tapi SUARA RAKYAT jauh lebih berarti daripada SUARA KURSI 🔥🔥🔥,2026-01-08T14:37:40.000Z,3,0,https://www.instagram.com/p/DTQKDiYDKWY/c/18091265158797131
https://www.instagram.com/p/DTP2UXgkycP/,aviraharjo,aviraharjo,Avi Raharjo,False,https://scontent-dfw5-2.cdninstagram.com/v/t51.82787-19/519941964_18394874662143273_8713258953485800333_n.jpg?stp=dst-jpg_e0_s150x150_tt6&_nc_cat=102&ig_cache_key=GEyv-R4pxeyBClpBAI1Tg3batut4bmNDAQAB1501500j-ccb7-5&ccb=7-5&_nc_sid=669407&efg=eyJ2ZW5jb2RlX3RhZyI6InByb2ZpbGVfcGljLnd3dy4xMDgwLkMzIn0%3D&_nc_ohc=lIihRPXrn-UQ7kNvwHQa27t&_nc_oc=Adk0uN5de3CHKopKc2HP8JJ9csP3Txv1zWFztm4JvKtg2e63Fu5i5Np12wlTxidG0t8&_nc_ad=z-m&_nc_cid=0&_nc_zt=24&_nc_ht=scontent-dfw5-2.cdninstagram.com&_nc_gid=Ys0uGc5yDo-YNsqAUhT5rA&oh=00_AfpZzgWpEveGsjxYr7g1yShc9cVehBp2-0BaHC0oHKN0VQ&oe=6965C480,PDIP mode oposisi tetap yg terbaik 🔥🔥🔥,2026-01-08T14:35:27.000Z,1,0,https://www.instagram.com/p/DTP2UXgkycP/c/17933200665016735
https://www.instagram.com/reel/DTP5edaE-Zs/,dr.chiii,dr.chiii,🧀,False,https://scontent-vie1-1.cdninstagram.com/v/t51.82787-19/589079873_18300941959284182_8076708220318937772_n.jpg?stp=dst-jpg_e0_s150x150_tt6&_nc_cat=108&ig_cache_key=GEGlHCPWxYkYnARBAKxylopVOxZwbmNDAQAB1501500j-ccb7-5&ccb=7-5&_nc_sid=669407&efg=eyJ2ZW5jb2RlX3RhZyI6InByb2ZpbGVfcGljLnd3dy44NjQuQzMifQ%3D%3D&_nc_ohc=eXh5xHpCX6sQ7kNvwE4GhbL&_nc_oc=Adn2NZIXPGQmVDlh4k2AapwHh_UMrKk6YWJObAUShqkklwerskLn4b26y0YeKMO1Gbs&_nc_ad=z-m&_nc_cid=0&_nc_zt=24&_nc_ht=scontent-vie1-1.cdninstagram.com&_nc_gid=eJcwdGuccP5F_lN-4pweRg&oh=00_AfqzY6pv-FLtoX1pYxzq4fTZS5G4xhnC-WX5BQ3zpWoTeQ&oe=6965F0DC,Podcastny ilang yaa😢,2026-01-08T14:32:42.000Z,0,4,https://www.instagram.com/p/DTP5edaE-Zs/c/17934587622140403
https://www.instagram.com/p/DTQBWS8Eg-9/,herry_bertus10,herry_bertus10,Herry Bertus,False,https://scontent-lax7-1.cdninstagram.com/v/t51.2885-19/338228862_612758620320237_7478120071067936632_n.jpg?stp=dst-jpg_e0_s150x150_tt6&_nc_cat=105&ig_cache_key=GH72KBTtseX7TC0CAHgnuXeVnsdnbkULAAAB1501500j-ccb7-5&ccb=7-5&_nc_sid=669407&efg=eyJ2ZW5jb2RlX3RhZyI6InByb2ZpbGVfcGljLnd3dy42NzguQzMifQ%3D%3D&_nc_ohc=bgacXJ78rf8Q7kNvwECaZcI&_nc_oc=AdlF_53kDRqxQZbgLgtvzkf5xP3As86S6k1PDs5BFIj5cpsF7eSLkTu8WCT0DAEDgSM&_nc_ad=z-m&_nc_cid=0&_nc_zt=24&_nc_ht=scontent-lax7-1.cdninstagram.com&oh=00_Afo_qMH-I7s2dnuXsj_Fh_3S0rrZOZ_W_PB8kqQ56rWjEg&oe=6965D19B,Setuju dgn PDIP,2026-01-08T14:31:03.000Z,10,0,https://www.instagram.com/p/DTQBWS8Eg-9/c/18052589084421560
https://www.instagram.com/reel/DTP7r0XgauU/,alir72766,alir72766,Awal Ali Udin,True,https://scontent-sjc3-1.cdninstagram.com/v/t51.2885-19/413892851_1402006130400412_6617285542075027420_n.jpg?stp=dst-jpg_e0_s150x150_tt6&_nc_cat=103&ig_cache_key=GPOAqxicHGD9HfsEANzPtQAkUtVbbkULAAAB1501500j-ccb7-5&ccb=7-5&_nc_sid=669407&efg=eyJ2ZW5jb2RlX3RhZyI6InByb2ZpbGVfcGljLnd3dy4zMjAuQzMifQ%3D%3D&_nc_ohc=5c49UgyyRg0Q7kNvwE7fmTp&_nc_oc=AdmLR_13vnFhQoKAgFA2pXBWTvwUJ8-NL6OBPUu_3CJEMKyd4iVrPdWKmLuzngd-ems&_nc_ad=z-m&_nc_cid=0&_nc_zt=24&_nc_ht=scontent-sjc3-1.cdninstagram.com&oh=00_AfqwBhHiy2ReMEPObDgiC5aF9c1yHk7FhaYPBP3DbZL-_A&oe=6965E87C,2029Tumbangkandinastimulyono,2026-01-08T14:26:15.000Z,1,1,https://www.instagram.com/p/DTP7r0XgauU/c/18077682317018177
https://www.instagram.com/reel/DTQKDiYDKWY/,rukminiadis,rukminiadis,Rukmini,False,https://scontent-dfw5-2.cdninstagram.com/v/t51.2885-19/437607551_1159974078779796_6140442103165078436_n.jpg?stp=dst-jpg_e0_s150x150_tt6&_nc_cat=102&ig_cache_key=GH9cFRqUEeqC-R4EAKTLATOPOzdVbkULAAAB1501500j-ccb7-5&ccb=7-5&_nc_sid=669407&efg=eyJ2ZW5jb2RlX3RhZyI6InByb2ZpbGVfcGljLnd3dy4xMDc3LkMzIn0%3D&_nc_ohc=II_cHKe7J9wQ7kNvwFhyCvt&_nc_oc=Adn4tqLcQJXJR6x-3q009kVCmVyeEBOQ93WaxAr674oC2nS_jzc5_XNwVcM4Tg_l16w&_nc_ad=z-m&_nc_cid=0&_nc_zt=24&_nc_ht=scontent-dfw5-2.cdninstagram.com&oh=00_AfpAdIQCBHUoF2mDB4tV5sFN8fJg23n8_FcLyoi4WBwTQQ&oe=6965E51A,"Inilah kenapa Kami setiap pemilu memilih PDIP dan capres dari PDIP ,karena SATU2NYA PARTAI MENJUNJUNGI TINGGI KEBENARAN KONSTITUSI DAN DEMOKRASI,tetap semangat PDIP 🔥🔥🔥",2026-01-08T14:25:31.000Z,12,5,https://www.instagram.com/p/DTQKDiYDKWY/c/18553849678013327
https://www.instagram.com/p/DTP7kPdEnSw/,alea_sihotang,alea_sihotang,alea,False,https://scontent-iad3-1.cdninstagram.com/v/t51.75761-19/502367342_18068820893487325_1605943870407547440_n.jpg?stp=dst-jpg_e0_s150x150_tt6&_nc_cat=109&ig_cache_key=GG6E8R3d0N0yfzFAADCa2wRxdUkWbvEnAQAB1501500j-ccb7-5&ccb=7-5&_nc_sid=669407&efg=eyJ2ZW5jb2RlX3RhZyI6InByb2ZpbGVfcGljLnd3dy4xMDgwLkMzIn0%3D&_nc_ohc=oibuWNOrjt4Q7kNvwFTc7nN&_nc_oc=Adloaw8JPcoWIFXIV6m8e-DLKYRba5bnlQS6HPCx2346FqtVttlkm-v0iFBnL3MeOVY&_nc_ad=z-m&_nc_cid=0&_nc_zt=24&_nc_ht=scontent-iad3-1.cdninstagram.com&_nc_gid=IreGSiIhbjUW-Uz6v6yBng&oh=00_AfqtzIUWsW1tu61whUiwzQVe__kOX_GjwZRXgq6UKIXKrg&oe=6965E59E,Kimplus berusaha menenggelamkan Pdip lewat pemilu tidak langsung kepala daerah..tapi peecayalah niat jahat tidak akan berjalan baik,2026-01-08T14:24:34.000Z,0,0,https://www.instagram.com/p/DTP7kPdEnSw/c/18107437489735242
https://www.instagram.com/p/DTQGoLyEXqB/,thenay.pureheart,thenay.pureheart,,False,https://scontent-arn2-1.cdninstagram.com/v/t51.82787-19/541914685_18052277819531120_2799442033974683809_n.jpg?stp=dst-jpg_e0_s150x150_tt6&_nc_cat=108&ig_cache_key=GD32TCBw39F2cyJAAKGoW6SyndkmbmNDAQAB1501500j-ccb7-5&ccb=7-5&_nc_sid=669407&efg=eyJ2ZW5jb2RlX3RhZyI6InByb2ZpbGVfcGljLnd3dy4xMDgwLkMzIn0%3D&_nc_ohc=jXh8eWSZfzQQ7kNvwGjqe9T&_nc_oc=AdnRJNISRbAFsbMru8ZnvnAi12v1CSNTJ4dU3dhz2VD-hRt7ZPS5DA879_ieHxT3FCY&_nc_ad=z-m&_nc_cid=0&_nc_zt=24&_nc_ht=scontent-arn2-1.cdninstagram.com&_nc_gid=xSEgHEbCi0LInLSA8dssFw&oh=00_Afrz341uoMhN5ulTfnamSx6Syji43OzdeoAxmsdGmIaTGA&oe=6965E027,Lebih tegas lagi kalahkan Ormas partai min 🤟🔥,2026-01-08T14:24:20.000Z,0,0,https://www.instagram.com/p/DTQGoLyEXqB/c/18098437048889524
https://www.instagram.com/p/DTIGTplAamS/,imronrosya18,imronrosya18,Imron,False,https://scontent-sjc6-1.cdninstagram.com/v/t51.89012-19/573323465_1219825463302212_7278921664109726296_n.png?stp=dst-webp_s150x150&_nc_cat=1&ig_cache_key=YW5vbnltb3VzX3Byb2ZpbGVfcGlj.3-ccb7-5&ccb=7-5&_nc_sid=669407&efg=eyJ2ZW5jb2RlX3RhZyI6InByb2ZpbGVfcGljLnd3dy5DMyJ9&_nc_ohc=RNOcSyqJy9IQ7kNvwEPPZFR&_nc_oc=AdlckiSalmhnyHEO0nfWVB0123x1vxjXKlEuNe7fOxsaFhWpSira6wMs27uRjZzC8d8&_nc_ad=z-m&_nc_cid=0&_nc_zt=24&_nc_ht=scontent-sjc6-1.cdninstagram.com&_nc_gid=cx0AkiZb-dJCfooL-e0HDA&oh=00_AfrHSAcILAmsPywaB9M7sE-KclzlLmhYbIBJWGI3YgnLsg&oe=6965DD19,Hidup partai buruh 🔥🔥🔥 Bismillah pemilu 2029 partai buruh menang🔥🔥🔥,2026-01-08T14:22:23.000Z,0,0,https://www.instagram.com/p/DTIGTplAamS/c/18083406275139906
https://www.instagram.com/p/DTPzNEcgctF/,jurucandid,jurucandid,Juru Candid 🎬 roch,False,https://scontent-atl3-3.cdninstagram.com/v/t51.2885-19/485228577_2945707118936820_72757743221293094_n.jpg?stp=dst-jpg_e0_s150x150_tt6&_nc_cat=107&ig_cache_key=GCEA7Bz0wm-iGncKACZAXS-IfAIBbkULAAAB1501500j-ccb7-5&ccb=7-5&_nc_sid=669407&efg=eyJ2ZW5jb2RlX3RhZyI6InByb2ZpbGVfcGljLnd3dy4xMDgwLkMzIn0%3D&_nc_ohc=xMybwg6ikFgQ7kNvwH2Nyhw&_nc_oc=AdlvsfWvfDCuwBW975AOPxiWnw53rY0goruCEvHBVuLfjlZUlp3ULq50tcFcsvyEIKA&_nc_ad=z-m&_nc_cid=0&_nc_zt=24&_nc_ht=scontent-atl3-3.cdninstagram.com&oh=00_Afp5gloE0RPb41NWVZ15myaHnyO2TKb1Lp8OmKCD9yTKiw&oe=6965D93E,Kalau DPRD nya udah kepilih tetap bisa diganti juga oleh partai sih..,2026-01-08T14:17:45.000Z,0,0,https://www.instagram.com/p/DTPzNEcgctF/c/17873764215393232
https://www.instagram.com/p/DTP7kPdEnSw/,fiirdauz_ds,fiirdauz_ds,Firdauz,False,https://scontent-iad3-2.cdninstagram.com/v/t51.2885-19/472995172_2106526686429149_1195596740920803252_n.jpg?stp=dst-jpg_e0_s150x150_tt6&_nc_cat=105&ig_cache_key=GGRVMRzdv9r233sHALT-Mr3mnJcQbkULAAAB1501500j-ccb7-5&ccb=7-5&_nc_sid=669407&efg=eyJ2ZW5jb2RlX3RhZyI6InByb2ZpbGVfcGljLnd3dy4xMDgwLkMzIn0%3D&_nc_ohc=p0AB1TMuTl4Q7kNvwEe4AgT&_nc_oc=AdnJT-GkrZd6PzeWrU9l2-aZIjtREjyzZAHxTRrlF1WuNYMPeWyrPw5BssPmvj270hg&_nc_ad=z-m&_nc_cid=0&_nc_zt=24&_nc_ht=scontent-iad3-2.cdninstagram.com&oh=00_AfpI5HkCVRoUKogcJho2tzSwL11qPU2la63zmwKPrbYg1Q&oe=6965DAA0,"Ternyata tujuan Gerindra lebih parah ketimbang PDIP,",2026-01-08T14:11:53.000Z,0,0,https://www.instagram.com/p/DTP7kPdEnSw/c/18139053982473979
https://www.instagram.com/p/DTQBWS8Eg-9/,satriadi.ab,satriadi.ab,Abs Bondan,False,https://scontent-lax3-2.cdninstagram.com/v/t51.82787-19/556259373_18520292050028575_6713366656776217561_n.jpg?stp=dst-jpg_e0_s150x150_tt6&_nc_cat=111&ig_cache_key=GC3YJyEfSMeEG8xBANkjGchnqypdbmNDAQAB1501500j-ccb7-5&ccb=7-5&_nc_sid=669407&efg=eyJ2ZW5jb2RlX3RhZyI6InByb2ZpbGVfcGljLnd3dy45NjAuQzMifQ%3D%3D&_nc_ohc=s9gab5kNbb4Q7kNvwFc19pm&_nc_oc=AdnpucOoLZ9AohK17AmWsMC3ILJFUZbOCRmJ43TYjO4XlO5VmcBrRPwNfyMSD-Mh8Kc&_nc_ad=z-m&_nc_cid=0&_nc_zt=24&_nc_ht=scontent-lax3-2.cdninstagram.com&_nc_gid=wB-3BUvCjslmG89LfapopA&oh=00_AfrQ-TYeeX2aSzdSQ_rBvgfgKutN5QH6JUR89GJ-0sUqsw&oe=6965D904,PDIP 🔥🔥🔥🔥🔥,2026-01-08T14:07:05.000Z,27,1,https://www.instagram.com/p/DTQBWS8Eg-9/c/18547215604051116
https://www.instagram.com/p/DTPdQ1SEwIQ/,protuludin,protuludin,Pro Tuludin,False,https://scontent-lax3-1.cdninstagram.com/v/t51.2885-19/437016585_959026279065207_3071642906998981011_n.jpg?stp=dst-jpg_e0_s150x150_tt6&_nc_cat=108&ig_cache_key=GAlYDBp3prG0OmgDAJPBhRzzqqAqbkULAAAB1501500j-ccb7-5&ccb=7-5&_nc_sid=669407&efg=eyJ2ZW5jb2RlX3RhZyI6InByb2ZpbGVfcGljLnd3dy4xMDgwLkMzIn0%3D&_nc_ohc=nkA1qGLn6v0Q7kNvwHGUscQ&_nc_oc=AdlrXnjVOUGeAc3zWuSa3mO3PDLWHyed4YDmEaAGiV47eDuF5ND_3NpNisASQ6PoJeY&_nc_ad=z-m&_nc_cid=0&_nc_zt=24&_nc_ht=scontent-lax3-1.cdninstagram.com&oh=00_AfoY51Pv71Du0JIBZufJj1NVyo6RCUfRpM0rXh27lMGhag&oe=6965C443,Partai politik yang sedang berkuasa ketakutan kehilangan kekuasaan dan memainkan aturannya?,2026-01-08T14:06:52.000Z,0,0,https://www.instagram.com/p/DTPdQ1SEwIQ/c/18109326040573904
https://www.instagram.com/p/DTQIzuWk0mZ/,muhammad.ismail.5059601,muhammad.ismail.5059601,Muhammad Ismail,False,https://scontent-sjc6-1.cdninstagram.com/v/t51.2885-19/238942781_235208348513134_8555167204137435538_n.jpg?stp=dst-jpg_e0_s150x150_tt6&_nc_cat=111&ig_cache_key=GD36PQ5usw_269UAAJIBr7Q_D7p2bkULAAAB1501500j-ccb7-5&ccb=7-5&_nc_sid=669407&efg=eyJ2ZW5jb2RlX3RhZyI6InByb2ZpbGVfcGljLnd3dy40NzUuQzMifQ%3D%3D&_nc_ohc=3Fpj4l_YqKsQ7kNvwGTOEaM&_nc_oc=AdkVuD-KB1SZdCA6yajZI7pMG2leoQsek6y51fg-skLd5GcbfRAtWA9weZfPfSni8gw&_nc_ad=z-m&_nc_cid=0&_nc_zt=24&_nc_ht=scontent-sjc6-1.cdninstagram.com&oh=00_AfrVdosy2ZMOuuOx5Nm5kjnrA9hoTfPuyjwtLqkfcsNxLA&oe=6965F363,"Kalau aku sihh dak setuju lebih enak milih langsung jadi tahu siapa walikota nya tapi permasalahannya terletak di Dana terus kepala daerah ini kadang harus balik modal yg bermiliar miliaran dengan cara salah satunya korupsi terus Pilkada langsung ini menimbulkan sentimen antar paslon kayak pilkada 13 tahun lalu antara paslon Romi vs Sarimuda kemaren ketika di KPU paslon Romi kalah, Sarimuda menang lalu di MK sebaliknya Romi menang Sarimuda kalah efeknya pendukung Sarimuda melakukan kerusuhan di daerah pasar 16 . Jadi harus difikirkan lagi kalau mau diberlakukan pilkada langsung itu ??? Itulah kenapa elit elit kita mengajukan alternatif pilkada lewat DPRD itu asalkan lewat DPRD transparan dan calonnya berkualitas",2026-01-08T14:03:48.000Z,2,0,https://www.instagram.com/p/DTQIzuWk0mZ/c/17921052972212345
https://www.instagram.com/p/DTP7kPdEnSw/,mamedbanget,mamedbanget,Mas Mame,False,https://scontent-iad3-2.cdninstagram.com/v/t51.82787-19/572968436_17882531196404805_4507158299654464978_n.jpg?stp=dst-jpg_e0_s150x150_tt6&_nc_cat=105&ig_cache_key=GPTNJiJFhKU-EYg-ANKlW-WXpIw_bmNDAQAB1501500j-ccb7-5&ccb=7-5&_nc_sid=669407&efg=eyJ2ZW5jb2RlX3RhZyI6InByb2ZpbGVfcGljLnd3dy4yNTguQzMifQ%3D%3D&_nc_ohc=MKKSBTtNvT0Q7kNvwGJZTyx&_nc_oc=AdmHgbqJaSFJxsrblHPNN41xT0GGnutf3OOhcM3OL6dESBlhqKxVSZPrMqVWPAeulwM&_nc_ad=z-m&_nc_cid=0&_nc_zt=24&_nc_ht=scontent-iad3-2.cdninstagram.com&_nc_gid=IreGSiIhbjUW-Uz6v6yBng&oh=00_AfpiYwdpKXDSRw0pF966iFpuEFDulVpr-nlXo34NmJCXqg&oe=6965F456,PDIP partainya wong cilik sampai kapanpun akan mengayomi suara wong cilik,2026-01-08T13:58:12.000Z,2,0,https://www.instagram.com/p/DTP7kPdEnSw/c/18552566485055644
https://www.instagram.com/p/DTQGoLyEXqB/,eninursftr,eninursftr,,False,https://scontent-arn2-1.cdninstagram.com/v/t51.89012-19/573323465_1219825463302212_7278921664109726296_n.png?stp=dst-webp_s150x150&_nc_cat=1&ig_cache_key=YW5vbnltb3VzX3Byb2ZpbGVfcGlj.3-ccb7-5&ccb=7-5&_nc_sid=669407&efg=eyJ2ZW5jb2RlX3RhZyI6InByb2ZpbGVfcGljLnd3dy5DMyJ9&_nc_ohc=RNOcSyqJy9IQ7kNvwHvwmKy&_nc_oc=Adk4VeKnxA6JyxPOQP5PLAm23fngFe4nO9qUWMdzAOm82BpoPvquEtpFuBCcqoJVF0g&_nc_ad=z-m&_nc_cid=0&_nc_zt=24&_nc_ht=scontent-arn2-1.cdninstagram.com&_nc_gid=xSEgHEbCi0LInLSA8dssFw&oh=00_AfphviRfqtTbqG5SsmaxO8xKvI7OgyAJAD9-psFlhl1Jhw&oe=6965DD19,🙌🔥,2026-01-08T13:57:07.000Z,0,0,https://www.instagram.com/p/DTQGoLyEXqB/c/17943973901963043
https://www.instagram.com/p/DTQBWS8Eg-9/,abramovicroman,abramovicroman,Roman Abramovic,False,https://scontent-lax7-1.cdninstagram.com/v/t51.2885-19/109208930_296631061531969_7407319177767276522_n.jpg?stp=dst-jpg_e0_s150x150_tt6&_nc_cat=101&ig_cache_key=GGJlggZBTQ3NyA0BAOrPweiLFcxmbkULAAAB1501500j-ccb7-5&ccb=7-5&_nc_sid=669407&efg=eyJ2ZW5jb2RlX3RhZyI6InByb2ZpbGVfcGljLnd3dy43MjAuQzMifQ%3D%3D&_nc_ohc=jaz1X999bWEQ7kNvwGs-Lqq&_nc_oc=AdkD7cZ8IsfylHbwBbDxjhCDboEa0oDHC-LswGZ_kESuWIfJseydH17ea2EjvTwP_Cw&_nc_ad=z-m&_nc_cid=0&_nc_zt=24&_nc_ht=scontent-lax7-1.cdninstagram.com&oh=00_Afqw5s_bkUohGNUtZ-H9zO_W5y5FLr1LkMqVso0O6pkj4A&oe=6965E5FC,Skrg baru kalian support pdip😂😂😂,2026-01-08T13:44:08.000Z,21,0,https://www.instagram.com/p/DTQBWS8Eg-9/c/18066825500551808
https://www.instagram.com/p/DTPVEjJk8Rr/,hadi_norrohman.kajicepot,hadi_norrohman.kajicepot,Hadi Nurrohman Kaji Cepot,False,https://scontent-lax7-1.cdninstagram.com/v/t51.2885-19/313283732_1454198504990401_1854659573222222039_n.jpg?stp=dst-jpg_e0_s150x150_tt6&_nc_cat=105&ig_cache_key=GJRUrBLBplL5lSoFANcoMDEOE70ZbkULAAAB1501500j-ccb7-5&ccb=7-5&_nc_sid=669407&efg=eyJ2ZW5jb2RlX3RhZyI6InByb2ZpbGVfcGljLnd3dy45NjAuQzMifQ%3D%3D&_nc_ohc=cOqBVbF6WE8Q7kNvwFYEFiF&_nc_oc=AdmwWrX8655B14CSQOYCOsuSbgJjhlGACSOMc9lLQydmhdcDybY6AsaN9ahZTKMRu6M&_nc_ad=z-m&_nc_cid=0&_nc_zt=24&_nc_ht=scontent-lax7-1.cdninstagram.com&oh=00_Afo5mpBAhifcgDyDB9jxJHdwI0Apo0pWP_Zs9BlrpPCEbg&oe=6965DB22,Kemunduran,2026-01-08T13:41:35.000Z,1,0,https://www.instagram.com/p/DTPVEjJk8Rr/c/18441209554105772
https://www.instagram.com/p/DTPdQ1SEwIQ/,pinjaman_bpkb_mobil_motor_,pinjaman_bpkb_mobil_motor_,gadai_BPKB_Mobil_Motor,False,https://scontent-lax7-1.cdninstagram.com/v/t51.82787-19/590583421_18398016754132202_5172596660192772004_n.jpg?stp=dst-jpg_e0_s150x150_tt6&_nc_cat=101&ig_cache_key=GH2WMyPqpDMV5lxBAKR-KcFBwchHbmNDAQAB1501500j-ccb7-5&ccb=7-5&_nc_sid=669407&efg=eyJ2ZW5jb2RlX3RhZyI6InByb2ZpbGVfcGljLnd3dy4xMDgwLkMzIn0%3D&_nc_ohc=ferHLHIAzyQQ7kNvwGDFlDr&_nc_oc=AdkJZHrukFaCLQYGybTurNgF6Q2iYJyZ5WtwkeFzPxrnfHfRMvqIN1QRRWMMJGfvMV8&_nc_ad=z-m&_nc_cid=0&_nc_zt=24&_nc_ht=scontent-lax7-1.cdninstagram.com&_nc_gid=cryy11YuEHez-MudfQeWOw&oh=00_AfopT-801SLdYAwjVKLnxiP4YDlJVLASe_ArPn6ATeafyg&oe=6965E185,"Saya menyampaikan kekecewaan yang serius terhadap sikap Partai Demokrat yang mendukung Pilkada dipilih melalui DPRD. Pilihan ini sulit dipahami sebagai langkah yang berpihak pada demokrasi, karena secara nyata menggeser kedaulatan dari tangan rakyat ke ruang-ruang kekuasaan yang tertutup. Sebaliknya, sikap PDI Perjuangan patut dihormati. Di tengah arus besar kompromi politik, PDIP tampil sebagai satu-satunya partai yang berani menolak Pilkada melalui DPRD. Ini bukan sekadar perbedaan sikap, melainkan penegasan nilai: bahwa demokrasi tidak boleh dikorbankan demi kepentingan sesaat. Keberanian sejati dalam politik bukanlah mengikuti arus, melainkan berdiri tegak menjaga prinsip, meski harus sendirian. Dalam momentum ini, publik dapat menilai dengan jernih partai mana yang sungguh memperjuangkan hak rakyat, dan partai mana yang rela merelakan suara rakyat demi kenyamanan kekuasaan. Demokrasi tidak mati karena serangan terbuka, melainkan karena pengikisan perlahan yang dibungkus dengan dalih formalitas. Dan sejarah akan mencatat siapa yang memilih menjaga, dan siapa yang memilih membiarkannya melemah.",2026-01-08T13:39:47.000Z,1,0,https://www.instagram.com/p/DTPdQ1SEwIQ/c/18137214796476821
https://www.instagram.com/p/DTQBWS8Eg-9/,kurapika1992,kurapika1992,Muhamad Yasin,False,https://scontent-lax3-2.cdninstagram.com/v/t51.75761-19/494216321_18065185913052477_3496875231605276450_n.jpg?stp=dst-jpg_e0_s150x150_tt6&_nc_cat=107&ig_cache_key=GIEkdR09HSbdMC5AACK-sfN_ZYcwbvEnAQAB1501500j-ccb7-5&ccb=7-5&_nc_sid=669407&efg=eyJ2ZW5jb2RlX3RhZyI6InByb2ZpbGVfcGljLnd3dy4xMDgwLkMzIn0%3D&_nc_ohc=73H-tTRklFAQ7kNvwEsldHv&_nc_oc=Adlag5-WM8ko1a59tJbbnMCWMRIFahZAEowptGcZWbuNjuSeIZcxE1uB2VR3zUGxbF8&_nc_ad=z-m&_nc_cid=0&_nc_zt=24&_nc_ht=scontent-lax3-2.cdninstagram.com&_nc_gid=wB-3BUvCjslmG89LfapopA&oh=00_AfrE6SX8WKvBPyFL6BZBOc4B2YcDtkDWUwlfdVPSBRGrpg&oe=6965EE79,Bukan membela PDI-P.. Tapi adanya pilkada adalah zamannya presiden megawati.. Adanya kpk yg buat juga saat presiden nya megawati.. Dibalik sisi buruk seseorang ada sisi baiknya juga dalam diri seseorang,2026-01-08T13:37:36.000Z,50,1,https://www.instagram.com/p/DTQBWS8Eg-9/c/17942336406099073
https://www.instagram.com/reel/DTP7r0XgauU/,hanoenk11,hanoenk11,Hanung Praditya,False,https://scontent-sjc6-1.cdninstagram.com/v/t51.82787-19/573787673_18544881370040135_8027730961984042104_n.jpg?stp=dst-jpg_e0_s150x150_tt6&_nc_cat=109&ig_cache_key=GBlOMyJHh3aqeOJBAHi0dvXGOmhvbmNDAQAB1501500j-ccb7-5&ccb=7-5&_nc_sid=669407&efg=eyJ2ZW5jb2RlX3RhZyI6InByb2ZpbGVfcGljLnd3dy4xMDgwLkMzIn0%3D&_nc_ohc=OipLSDOoXm8Q7kNvwECOil1&_nc_oc=Adn2HO0qCmobCKjl-KN52i1M0veTeUZrB0Vzk6pNA8GWz2YDC9ku0F5EN7vzY1SssIA&_nc_ad=z-m&_nc_cid=0&_nc_zt=24&_nc_ht=scontent-sjc6-1.cdninstagram.com&_nc_gid=Yw_dUPo7nBq0QsTpo4vk_A&oh=00_AfrMELv2gewEVR7Rl-WSx6UxcHRnkL5gATaIEcdyqRX9Rg&oe=6965C612,Gajahe do dipateni kae Nang sumatera !,2026-01-08T13:36:42.000Z,8,0,https://www.instagram.com/p/DTP7r0XgauU/c/17987933933868564
https://www.instagram.com/p/DTPPhPQkWQE/,ehp2211,ehp2211,EHP,False,https://scontent-iad3-2.cdninstagram.com/v/t51.2885-19/308270522_464983375574866_1731574210447826746_n.jpg?stp=dst-webp_s150x150&_nc_cat=103&cb=8438d1d6-aa1c7732&ig_cache_key=GLrVXxJSd_1g5qYBADpf_PORyQcYbkULAAAB1501500w-ccb7-5-cb8438d1d6-aa1c7732&ccb=7-5&_nc_sid=669407&efg=eyJ2ZW5jb2RlX3RhZyI6InByb2ZpbGVfcGljLnd3dy4xMDgwLkMzIn0%3D&_nc_ohc=SZQqOYFwz-0Q7kNvwHObn-T&_nc_oc=Adl548zDgi_DidovSm1tsKCPZKoKnawMmDFJFj8jOSlMLJBafw7fr48PHDTv-X3PuNI&_nc_ad=z-m&_nc_cid=0&_nc_zt=24&_nc_ht=scontent-iad3-2.cdninstagram.com&oh=00_AfqkYK9h7XVlYr_h5shC2Ln0OQ-1n-t6Ij6B4DG-OhQa3w&oe=6965D79E,Bapak demokrasi pak,2026-01-08T13:36:16.000Z,0,0,https://www.instagram.com/p/DTPPhPQkWQE/c/18087457373025357
https://www.instagram.com/p/DTP2UXgkycP/,deryo_kudasai,deryo_kudasai,deryo,False,https://scontent-dfw5-1.cdninstagram.com/v/t51.82787-19/566363560_18429210847100986_9080315344277636515_n.jpg?stp=dst-jpg_e0_s150x150_tt6&_nc_cat=110&ig_cache_key=GKgFwiE6QAgGRXlBAKOFMjCywgN_bmNDAQAB1501500j-ccb7-5&ccb=7-5&_nc_sid=669407&efg=eyJ2ZW5jb2RlX3RhZyI6InByb2ZpbGVfcGljLnd3dy4xMDgwLkMzIn0%3D&_nc_ohc=qDfVJ0TadnYQ7kNvwEJcqTi&_nc_oc=AdleMCEqS7tkJ5nyDd_CJ2uV-tg0Z9-9wq_OZuKc4Xus6sWJOXHTFMb77rsw-YvrmY8&_nc_ad=z-m&_nc_cid=0&_nc_zt=24&_nc_ht=scontent-dfw5-1.cdninstagram.com&_nc_gid=Ys0uGc5yDo-YNsqAUhT5rA&oh=00_AfoM6ae1sccfDgJwVVViV_Feyg4csfoXWVlWQdgzPCR0KA&oe=6965E88D,Cekap eh cakep PKS,2026-01-08T13:36:06.000Z,1,0,https://www.instagram.com/p/DTP2UXgkycP/c/18090358579818399
https://www.instagram.com/p/DTP7kPdEnSw/,sitirodiahmalang,sitirodiahmalang,Siti rodiyah,False,https://scontent-iad3-1.cdninstagram.com/v/t51.89012-19/573323465_1219825463302212_7278921664109726296_n.png?stp=dst-webp_s150x150&_nc_cat=1&ig_cache_key=YW5vbnltb3VzX3Byb2ZpbGVfcGlj.3-ccb7-5&ccb=7-5&_nc_sid=669407&efg=eyJ2ZW5jb2RlX3RhZyI6InByb2ZpbGVfcGljLnd3dy5DMyJ9&_nc_ohc=RNOcSyqJy9IQ7kNvwEmEIev&_nc_oc=Adn4vP4JRcIRxYywC3lUZt8o85iIn65PB_tQeNzPB9oLuYWgMxvU9-X0TnvsME-LKBA&_nc_ad=z-m&_nc_cid=0&_nc_zt=24&_nc_ht=scontent-iad3-1.cdninstagram.com&_nc_gid=IreGSiIhbjUW-Uz6v6yBng&oh=00_AfowYxnaQgUq5xXRMSL9_x_VrxMwKSTjw0uxlkreuhes6A&oe=6965DD19,Halah wong milih langsung ya dapatnya banyak yg zonk,2026-01-08T13:33:27.000Z,1,0,https://www.instagram.com/p/DTP7kPdEnSw/c/18088940503994637
https://www.instagram.com/reel/DTPlGxhkrrQ/,riosuwandi9541,riosuwandi9541,Rio Suwandi,False,https://scontent-arn2-1.cdninstagram.com/v/t51.82787-19/588121422_18034076990733835_7273876096010187141_n.jpg?stp=dst-jpg_e0_s150x150_tt6&_nc_cat=110&ig_cache_key=GE4FDiMLfuLA5RFAAIVx5ErF--FkbmNDAQAB1501500j-ccb7-5&ccb=7-5&_nc_sid=669407&efg=eyJ2ZW5jb2RlX3RhZyI6InByb2ZpbGVfcGljLnd3dy4xMDgwLkMzIn0%3D&_nc_ohc=2Sly1C9FmpIQ7kNvwGqMwaZ&_nc_oc=Adlzh6sxqqoJVuhqnQOo2yRAhb_HXyLUXrf45pMtRPToL7hNFFNAGmgb_Iucrd9FdNo&_nc_ad=z-m&_nc_cid=0&_nc_zt=24&_nc_ht=scontent-arn2-1.cdninstagram.com&_nc_gid=nURkl9NkqOHrvdQxtPrAdw&oh=00_AfocT95bGo1jSTQ23RYfRdcSqcKdPTHet_242ApYs_-mXQ&oe=6965C6C9,Haaaah,2026-01-08T13:23:11.000Z,0,0,https://www.instagram.com/p/DTPlGxhkrrQ/c/17865675363542479
https://www.instagram.com/p/DTQBWS8Eg-9/,trzyniecc_meme,trzyniecc_meme,Trzyniecc - Gifran,False,https://scontent-lax3-1.cdninstagram.com/v/t51.82787-19/612227559_17954812296026732_2766106614886688715_n.jpg?stp=dst-jpg_e0_s150x150_tt6&_nc_cat=104&ig_cache_key=GOfZfSRs2umAzsk-AMvnLY9PL2MmbmNDAQAB1501500j-ccb7-5&ccb=7-5&_nc_sid=669407&efg=eyJ2ZW5jb2RlX3RhZyI6InByb2ZpbGVfcGljLnd3dy4xMDgwLkMzIn0%3D&_nc_ohc=szIZo_wwT4gQ7kNvwHMeNxy&_nc_oc=AdmE0zQJkRx7P5WkzvylAgwK20go2bZVnfV96KT4H784RgX-vuM0fUOo0utpO2DDu5Q&_nc_ad=z-m&_nc_cid=0&_nc_zt=24&_nc_ht=scontent-lax3-1.cdninstagram.com&_nc_gid=wB-3BUvCjslmG89LfapopA&oh=00_AfoXAo5vnZviI0H74tuOgbtksD4gyZJmWWvzTsxCQ1EQsg&oe=6965D3DD,"Kalo dipilih lewat DPRD, bukan demokrasi ini namanya",2026-01-08T13:18:35.000Z,24,0,https://www.instagram.com/p/DTQBWS8Eg-9/c/18012745073811805
https://www.instagram.com/p/DTP7kPdEnSw/,pamanah_rasa90,pamanah_rasa90,pamanah rasa,False,https://scontent-iad3-1.cdninstagram.com/v/t51.89012-19/573323465_1219825463302212_7278921664109726296_n.png?stp=dst-webp_s150x150&_nc_cat=1&ig_cache_key=YW5vbnltb3VzX3Byb2ZpbGVfcGlj.3-ccb7-5&ccb=7-5&_nc_sid=669407&efg=eyJ2ZW5jb2RlX3RhZyI6InByb2ZpbGVfcGljLnd3dy5DMyJ9&_nc_ohc=RNOcSyqJy9IQ7kNvwEmEIev&_nc_oc=Adn4vP4JRcIRxYywC3lUZt8o85iIn65PB_tQeNzPB9oLuYWgMxvU9-X0TnvsME-LKBA&_nc_ad=z-m&_nc_cid=0&_nc_zt=24&_nc_ht=scontent-iad3-1.cdninstagram.com&_nc_gid=IreGSiIhbjUW-Uz6v6yBng&oh=00_AfowYxnaQgUq5xXRMSL9_x_VrxMwKSTjw0uxlkreuhes6A&oe=6965DD19,PDIP tegak runtuh bersama rakyat,2026-01-08T13:17:56.000Z,0,0,https://www.instagram.com/p/DTP7kPdEnSw/c/18428646772118952
https://www.instagram.com/p/DTP2UXgkycP/,mas_jamz,mas_jamz,Jamaludin Fahmi,False,https://scontent-dfw5-1.cdninstagram.com/v/t51.82787-19/572136187_18536329819053929_2616540255852096547_n.jpg?stp=dst-jpg_e0_s150x150_tt6&_nc_cat=107&ig_cache_key=GPsaGiJp302asdpBACPskup-0U8kbmNDAQAB1501500j-ccb7-5&ccb=7-5&_nc_sid=669407&efg=eyJ2ZW5jb2RlX3RhZyI6InByb2ZpbGVfcGljLnd3dy4xMDgwLkMzIn0%3D&_nc_ohc=4i7mjV6KgUQQ7kNvwEmgu3w&_nc_oc=AdkBxu5zrYL2st2ow-Z_LnYtCpzNR1Bgh8YJIggeSDqJBWigSnybcRwDa4E2mCtdTyg&_nc_ad=z-m&_nc_cid=0&_nc_zt=24&_nc_ht=scontent-dfw5-1.cdninstagram.com&_nc_gid=Ys0uGc5yDo-YNsqAUhT5rA&oh=00_AfrJs1ikkoXbura7SdA0rVT8d1zYBebf2ivbIgXKIAmbsg&oe=6965E928,Konsep keterwakilan melalui DPRD lebih mendekati konsep Ahlul Halli Wal 'aqdi,2026-01-08T13:15:24.000Z,0,2,https://www.instagram.com/p/DTP2UXgkycP/c/18078821318007859
https://www.instagram.com/reel/DTP7r0XgauU/,samsun_hidayat_,samsun_hidayat_,Samsun,False,https://scontent-sjc6-1.cdninstagram.com/v/t51.82787-19/549184064_18337402324202870_1866166881970712712_n.jpg?stp=dst-jpg_e0_s150x150_tt6&_nc_cat=104&ig_cache_key=GEDiuyB2NaMvxSVBAIhwdkvk9OUZbmNDAQAB1501500j-ccb7-5&ccb=7-5&_nc_sid=669407&efg=eyJ2ZW5jb2RlX3RhZyI6InByb2ZpbGVfcGljLnd3dy4xMDgwLkMzIn0%3D&_nc_ohc=CHgNLhGDTZMQ7kNvwGc0-fL&_nc_oc=Adl7QE5N6XYZ4MdroE_lANd2cgIcoFjZkkUWnBHFUIK6dzNEpE-601nfDCM916AWBLI&_nc_ad=z-m&_nc_cid=0&_nc_zt=24&_nc_ht=scontent-sjc6-1.cdninstagram.com&_nc_gid=Yw_dUPo7nBq0QsTpo4vk_A&oh=00_AfodQ4WkJm4n4cLt-OcrbBolThxOerB9VXPTYy1VSb5OPQ&oe=6965F29E,Belgedes,2026-01-08T13:15:07.000Z,6,1,https://www.instagram.com/p/DTP7r0XgauU/c/18220038274308443
https://www.instagram.com/p/DTPVEjJk8Rr/,arjunpraditya85,arjunpraditya85,阿琼,False,https://scontent-lax3-1.cdninstagram.com/v/t51.89012-19/573323465_1219825463302212_7278921664109726296_n.png?stp=dst-webp_s150x150&_nc_cat=1&ig_cache_key=YW5vbnltb3VzX3Byb2ZpbGVfcGlj.3-ccb7-5&ccb=7-5&_nc_sid=669407&efg=eyJ2ZW5jb2RlX3RhZyI6InByb2ZpbGVfcGljLnd3dy5DMyJ9&_nc_ohc=RNOcSyqJy9IQ7kNvwGPTeYT&_nc_oc=AdkFqFTVcGNz5fl5v2mO6chQY9-368rXfyiB7xxDaDjBQx6dSQnoryvDb32Zm4QCwlE&_nc_ad=z-m&_nc_cid=0&_nc_zt=24&_nc_ht=scontent-lax3-1.cdninstagram.com&_nc_gid=Can16ZvQ6kyeVg8qghNe2g&oh=00_AfrOsDIieFi7ATFRFlOdzJ87Dl6JjutD1neyjnzeaKVFNQ&oe=6965DD19,RIP Demokrasi,2026-01-08T13:12:57.000Z,3,0,https://www.instagram.com/p/DTPVEjJk8Rr/c/17906063448315483
https://www.instagram.com/p/DTP2UXgkycP/,pks.xderes,pks.xderes,DPC PKS KALIDERES,False,https://scontent-dfw6-1.cdninstagram.com/v/t51.2885-19/128154116_428234508213024_4227047299160516216_n.jpg?stp=dst-jpg_e0_s150x150_tt6&_nc_cat=101&ig_cache_key=GAR6owcgG74deoUBAHimPGsffak6bkULAAAB1501500j-ccb7-5&ccb=7-5&_nc_sid=669407&efg=eyJ2ZW5jb2RlX3RhZyI6InByb2ZpbGVfcGljLnd3dy42NjIuQzMifQ%3D%3D&_nc_ohc=v6ZT4r4nhq8Q7kNvwGZ2gFT&_nc_oc=AdlT78caBFw7abwMAobklEr5G53dZmy3e-DcVTddFTTk7UW-Ud4FXjYbTIAht3QD7Ng&_nc_ad=z-m&_nc_cid=0&_nc_zt=24&_nc_ht=scontent-dfw6-1.cdninstagram.com&oh=00_AfrvlRv4aYZgQgWqFVrnH9gCc1XjA0QNe005JMKnvA2r5g&oe=6965F199,❤️,2026-01-08T13:11:33.000Z,0,0,https://www.instagram.com/p/DTP2UXgkycP/c/18124434751533643
https://www.instagram.com/reel/DTPYGt4jPPb/,saifudin.2025,saifudin.2025,saefuden,False,https://scontent-arn2-1.cdninstagram.com/v/t51.2885-19/483202534_692797436649514_3897794277798585246_n.jpg?stp=dst-jpg_e0_s150x150_tt6&_nc_cat=101&ig_cache_key=GOYVzRwq4Bx5GHYCAJ4jvIc_vxc2bkULAAAB1501500j-ccb7-5&ccb=7-5&_nc_sid=669407&efg=eyJ2ZW5jb2RlX3RhZyI6InByb2ZpbGVfcGljLnd3dy4xMDgwLkMzIn0%3D&_nc_ohc=lTl9OFsTIQEQ7kNvwEEo3x2&_nc_oc=AdnHq4HvvQ13GekTuz46LA2asnZN1CDtiO6BEvBRvIKzZRDdHzZCTTZolKt3UDk_HWY&_nc_ad=z-m&_nc_cid=0&_nc_zt=24&_nc_ht=scontent-arn2-1.cdninstagram.com&oh=00_AfpeVcN1iQbQtXp_f-oi-MJ4r8Vl5ITuShrwUk4riMRspw&oe=6965DD33,"ini. cara. giringan. kekuasa,an. bukan. cara bersih. kekuasa,an",2026-01-08T13:10:59.000Z,0,0,https://www.instagram.com/p/DTPYGt4jPPb/c/18099226432881543
https://www.instagram.com/p/DTQBWS8Eg-9/,marthin080307,marthin080307,Marthin,False,https://scontent-lax3-1.cdninstagram.com/v/t51.89012-19/573323465_1219825463302212_7278921664109726296_n.png?stp=dst-webp_s150x150&_nc_cat=1&ig_cache_key=YW5vbnltb3VzX3Byb2ZpbGVfcGlj.3-ccb7-5&ccb=7-5&_nc_sid=669407&efg=eyJ2ZW5jb2RlX3RhZyI6InByb2ZpbGVfcGljLnd3dy5DMyJ9&_nc_ohc=RNOcSyqJy9IQ7kNvwG-JdTe&_nc_oc=AdnDbBgnN5Vz5LfWrnmpkkc-HaoRbBM-gmArUZM-OPbaU2PcVKbkX_FTZ8TmYlQKOFg&_nc_ad=z-m&_nc_cid=0&_nc_zt=24&_nc_ht=scontent-lax3-1.cdninstagram.com&_nc_gid=wB-3BUvCjslmG89LfapopA&oh=00_AfogEhtibyxnk3srKgVENRP04IW2rwatGiSXCmM-Hm_mcA&oe=6965DD19,"Disuruh sahkan RUU perampasan aset malah merencanakan merampas suara rakyat, kenapa takut rakyat yang memilih? Bahaya ini bisa bisa ada abuse of power, bisa kongkalikong pemilihan😂",2026-01-08T13:09:40.000Z,14,0,https://www.instagram.com/p/DTQBWS8Eg-9/c/18088563944092874
https://www.instagram.com/reel/DTPYGt4jPPb/,saifudin.2025,saifudin.2025,saefuden,False,https://scontent-arn2-1.cdninstagram.com/v/t51.2885-19/483202534_692797436649514_3897794277798585246_n.jpg?stp=dst-jpg_e0_s150x150_tt6&_nc_cat=101&ig_cache_key=GOYVzRwq4Bx5GHYCAJ4jvIc_vxc2bkULAAAB1501500j-ccb7-5&ccb=7-5&_nc_sid=669407&efg=eyJ2ZW5jb2RlX3RhZyI6InByb2ZpbGVfcGljLnd3dy4xMDgwLkMzIn0%3D&_nc_ohc=lTl9OFsTIQEQ7kNvwEEo3x2&_nc_oc=AdnHq4HvvQ13GekTuz46LA2asnZN1CDtiO6BEvBRvIKzZRDdHzZCTTZolKt3UDk_HWY&_nc_ad=z-m&_nc_cid=0&_nc_zt=24&_nc_ht=scontent-arn2-1.cdninstagram.com&oh=00_AfpeVcN1iQbQtXp_f-oi-MJ4r8Vl5ITuShrwUk4riMRspw&oe=6965DD33,"setiri. ada. yg. tau. nyetiri. atas. ke. inginan. suatu. kuasa ,an. untuk. ber jalan. sesuai. aturan. yg mereka. buat",2026-01-08T13:07:25.000Z,0,0,https://www.instagram.com/p/DTPYGt4jPPb/c/18168042016385675
https://www.instagram.com/reel/DTPYGt4jPPb/,saifudin.2025,saifudin.2025,saefuden,False,https://scontent-arn2-1.cdninstagram.com/v/t51.2885-19/483202534_692797436649514_3897794277798585246_n.jpg?stp=dst-jpg_e0_s150x150_tt6&_nc_cat=101&ig_cache_key=GOYVzRwq4Bx5GHYCAJ4jvIc_vxc2bkULAAAB1501500j-ccb7-5&ccb=7-5&_nc_sid=669407&efg=eyJ2ZW5jb2RlX3RhZyI6InByb2ZpbGVfcGljLnd3dy4xMDgwLkMzIn0%3D&_nc_ohc=lTl9OFsTIQEQ7kNvwEEo3x2&_nc_oc=AdnHq4HvvQ13GekTuz46LA2asnZN1CDtiO6BEvBRvIKzZRDdHzZCTTZolKt3UDk_HWY&_nc_ad=z-m&_nc_cid=0&_nc_zt=24&_nc_ht=scontent-arn2-1.cdninstagram.com&oh=00_AfpeVcN1iQbQtXp_f-oi-MJ4r8Vl5ITuShrwUk4riMRspw&oe=6965DD33,kalau. sepakat. itu kan. dprd. nya. bukan. rakyat. nya.,2026-01-08T13:05:59.000Z,0,0,https://www.instagram.com/p/DTPYGt4jPPb/c/18303577996259917
https://www.instagram.com/p/DTQBWS8Eg-9/,lukiputra24,lukiputra24,Luxz Putra S,False,https://scontent-lax3-1.cdninstagram.com/v/t51.2885-19/53521087_1990412651070189_6630693905975214080_n.jpg?stp=dst-jpg_e0_s150x150_tt6&_nc_cat=109&ig_cache_key=GL_qMAPtAgYPRRIHAAAAAAD69ARcbkULAAAB1501500j-ccb7-5&ccb=7-5&_nc_sid=669407&efg=eyJ2ZW5jb2RlX3RhZyI6InByb2ZpbGVfcGljLnd3dy4xMDgwLkMzIn0%3D&_nc_ohc=sToc7GlS93UQ7kNvwFyHz05&_nc_oc=AdlCMt5lXKwSbUL-_pM1C448sB0hjNku23LMFjsMP8FLOhYvcjLZHVI548ZzITup8GU&_nc_ad=z-m&_nc_cid=0&_nc_zt=24&_nc_ht=scontent-lax3-1.cdninstagram.com&oh=00_AfpRFeNYCXE-SE99RDQCc2dfI2sGLzRyszltxYdZzT9leg&oe=6965F56B,Sby setuju karna anaknya dapat jatah kursi menteri🔥🔥🔥,2026-01-08T13:05:01.000Z,19,0,https://www.instagram.com/p/DTQBWS8Eg-9/c/17994215858911648
https://www.instagram.com/p/DTPPhPQkWQE/,ainur_hamim,ainur_hamim,Ainur Hamim,False,https://scontent-iad3-1.cdninstagram.com/v/t51.2885-19/68809490_531368067602546_5546363351208034304_n.jpg?stp=dst-webp_s150x150&_nc_cat=107&cb=8438d1d6-aa1c7732&ig_cache_key=GBLzGQRyGOrERuMBAAAAAAAVpPhMbkULAAAB1501500w-ccb7-5-cb8438d1d6-aa1c7732&ccb=7-5&_nc_sid=669407&efg=eyJ2ZW5jb2RlX3RhZyI6InByb2ZpbGVfcGljLnd3dy41MzguQzMifQ%3D%3D&_nc_ohc=xBLLAQbm4DgQ7kNvwFKf8rL&_nc_oc=Adn55e97YMvmGphgOHlsMRXbiS-BBOoDbO179VjW4qEvpKpGFe9f2BfhUfF4Ymli6KY&_nc_ad=z-m&_nc_cid=0&_nc_zt=24&_nc_ht=scontent-iad3-1.cdninstagram.com&oh=00_AfpotrMxOjM6djdjjCBXAXzzQG5lf3Xf9p7bkB9HGgU1pA&oe=6965F68B,Kok g sejalan dg pernyataan Andi Mallarangeng belakang ini di media² mainstream yg scr explisit menolak Pilkada tak langsung dan langkah Pak SBY yg mengeluarkan Perpu thn 2014,2026-01-08T13:03:52.000Z,0,0,https://www.instagram.com/p/DTPPhPQkWQE/c/17990848838876298
https://www.instagram.com/p/DTQBWS8Eg-9/,ehp2211,ehp2211,EHP,False,https://scontent-lax3-2.cdninstagram.com/v/t51.2885-19/308270522_464983375574866_1731574210447826746_n.jpg?stp=dst-jpg_e0_s150x150_tt6&_nc_cat=103&ig_cache_key=GLrVXxJSd_1g5qYBADpf_PORyQcYbkULAAAB1501500j-ccb7-5&ccb=7-5&_nc_sid=669407&efg=eyJ2ZW5jb2RlX3RhZyI6InByb2ZpbGVfcGljLnd3dy4xMDgwLkMzIn0%3D&_nc_ohc=SZQqOYFwz-0Q7kNvwFXtTXu&_nc_oc=AdnRfNEY-7kwWOTIQNbPhpecpZ6c75dAY-SHrXXffkZyLPEGYJNHkuwuTl4URG8hWxU&_nc_ad=z-m&_nc_cid=0&_nc_zt=24&_nc_ht=scontent-lax3-2.cdninstagram.com&oh=00_AfqUvMFzihIcP8_HT3hHbfSylYq7eO2dgaUHkSslp6DUDw&oe=6965D79E,Parah tidak sesuai nama mewakili rakyat gimana pak,2026-01-08T13:02:57.000Z,7,0,https://www.instagram.com/p/DTQBWS8Eg-9/c/17974542785976735
https://www.instagram.com/p/DTQBWS8Eg-9/,zafiraramadanti,zafiraramadanti,rakyat jelata,False,https://scontent-lax7-1.cdninstagram.com/v/t51.2885-19/253779253_1537037626676840_275972355819379865_n.jpg?stp=dst-jpg_e0_s150x150_tt6&_nc_cat=105&ig_cache_key=GDVdIA9olr517XUFAJkccTxlc9QDbkULAAAB1501500j-ccb7-5&ccb=7-5&_nc_sid=669407&efg=eyJ2ZW5jb2RlX3RhZyI6InByb2ZpbGVfcGljLnd3dy40OTguQzMifQ%3D%3D&_nc_ohc=BQLbxqi4RbsQ7kNvwGj6CJ1&_nc_oc=AdlYjSNcJqlOIvbwBcgR8zl6sYL1g40-6lMnlj3RdrQPpQJKsz0VsMClpICbDd9Fiho&_nc_ad=z-m&_nc_cid=0&_nc_zt=24&_nc_ht=scontent-lax7-1.cdninstagram.com&oh=00_AfqQDElAGpYkxJTnYJbxkCb75wu-jZwmZrbqprTlE-8jaA&oe=6965D250,PDIP ❤️❤️❤️🔥,2026-01-08T13:02:07.000Z,52,0,https://www.instagram.com/p/DTQBWS8Eg-9/c/18104492350666431
https://www.instagram.com/reel/DTNyR-mE-WG/,hendridodoy,hendridodoy,Hendrizoni Dodoy,False,https://scontent-sjc6-1.cdninstagram.com/v/t51.2885-19/434552171_435442795549471_5611332208523051164_n.jpg?stp=dst-jpg_e0_s150x150_tt6&_nc_cat=111&ig_cache_key=GGu95hkfEyZtCIwBAJyAud3pdN9NbkULAAAB1501500j-ccb7-5&ccb=7-5&_nc_sid=669407&efg=eyJ2ZW5jb2RlX3RhZyI6InByb2ZpbGVfcGljLnd3dy40NzkuQzMifQ%3D%3D&_nc_ohc=fjAeYYS91oYQ7kNvwH-6Y5N&_nc_oc=AdmlYwjMHe5ojnQdR6k7f49i12G6rsdOtaRxbzq-vlVmhiPxmpVHBrAII8jSvRHhPQU&_nc_ad=z-m&_nc_cid=0&_nc_zt=24&_nc_ht=scontent-sjc6-1.cdninstagram.com&oh=00_Afp4RSWYLSujz5jZjD5NxA6GggCQORIiwvllTJVz0-DMMQ&oe=6965D961,wakil rakyat tp tidak mewakili rakyat,2026-01-08T12:59:46.000Z,1,0,https://www.instagram.com/p/DTNyR-mE-WG/c/18162216982363492
https://www.instagram.com/p/DTQBWS8Eg-9/,crazyandrean,crazyandrean,M.R Andrean,False,https://scontent-lax3-1.cdninstagram.com/v/t51.89012-19/573323465_1219825463302212_7278921664109726296_n.png?stp=dst-webp_s150x150&_nc_cat=1&ig_cache_key=YW5vbnltb3VzX3Byb2ZpbGVfcGlj.3-ccb7-5&ccb=7-5&_nc_sid=669407&efg=eyJ2ZW5jb2RlX3RhZyI6InByb2ZpbGVfcGljLnd3dy5DMyJ9&_nc_ohc=RNOcSyqJy9IQ7kNvwG-JdTe&_nc_oc=AdnDbBgnN5Vz5LfWrnmpkkc-HaoRbBM-gmArUZM-OPbaU2PcVKbkX_FTZ8TmYlQKOFg&_nc_ad=z-m&_nc_cid=0&_nc_zt=24&_nc_ht=scontent-lax3-1.cdninstagram.com&_nc_gid=wB-3BUvCjslmG89LfapopA&oh=00_AfogEhtibyxnk3srKgVENRP04IW2rwatGiSXCmM-Hm_mcA&oe=6965DD19,Makin kencang lah korup nya😂,2026-01-08T12:59:17.000Z,35,3,https://www.instagram.com/p/DTQBWS8Eg-9/c/18059391134660229
https://www.instagram.com/p/DTQBWS8Eg-9/,_rahlx.x,_rahlx.x,wyxrauull,False,https://scontent-lax3-2.cdninstagram.com/v/t51.75761-19/499985657_18305369422240118_6514851848602105332_n.jpg?stp=dst-jpg_e0_s150x150_tt6&_nc_cat=100&ig_cache_key=GPkszR12GeXxoghBAPS1OTg9Z2labvEnAQAB1501500j-ccb7-5&ccb=7-5&_nc_sid=669407&efg=eyJ2ZW5jb2RlX3RhZyI6InByb2ZpbGVfcGljLnd3dy4xMDgwLkMzIn0%3D&_nc_ohc=89yyb4CUpwIQ7kNvwFgf2aK&_nc_oc=Adk4_FtmYm1JVCOz0539jF6VEWPga860Gag7gL19pSII-cleMgjQPjginoNqb2moIyE&_nc_ad=z-m&_nc_cid=0&_nc_zt=24&_nc_ht=scontent-lax3-2.cdninstagram.com&_nc_gid=wB-3BUvCjslmG89LfapopA&oh=00_AfqwpU0pLIprxnsDGkbOcSrn9oQgqs29CVXlgaNDmoy0nQ&oe=6965EDF6,wakil rakyat mana yang harus dipercaya sehingga wacana jadi begini,2026-01-08T12:59:09.000Z,22,1,https://www.instagram.com/p/DTQBWS8Eg-9/c/17905083414342677
https://www.instagram.com/p/DTP7kPdEnSw/,ase_uciha,ase_uciha,Ase Uciha,False,https://scontent-iad3-1.cdninstagram.com/v/t51.82787-19/605303770_17920924473217269_805541565322418343_n.jpg?stp=dst-jpg_e0_s150x150_tt6&_nc_cat=109&ig_cache_key=GNozFCT10EVh-Ko-AKfY2iTJ2y0LbmNDAQAB1501500j-ccb7-5&ccb=7-5&_nc_sid=669407&efg=eyJ2ZW5jb2RlX3RhZyI6InByb2ZpbGVfcGljLnd3dy4xMDgwLkMzIn0%3D&_nc_ohc=DmP9zw4tyzYQ7kNvwGnEHRN&_nc_oc=AdmLBEjb1C9Bd4awd5Ws342sG5r3ac_XY4Znpd50H6TMRQXoE47zmmgVPdQputr8qk4&_nc_ad=z-m&_nc_cid=0&_nc_zt=24&_nc_ht=scontent-iad3-1.cdninstagram.com&_nc_gid=IreGSiIhbjUW-Uz6v6yBng&oh=00_AfqDmamYsYhf0GLUhcpna1FDLSJYYrVb7bm4P15Cz-MgXQ&oe=6965EFEE,"Cuman Pingin dengar pendapat Termon,,",2026-01-08T12:56:50.000Z,1,0,https://www.instagram.com/p/DTP7kPdEnSw/c/17882311914441815
https://www.instagram.com/p/DTPhT66k2bU/,yudhaaaim,yudhaaaim,Yudha Ibnu Mutaqin (Semacam Dalang),False,https://scontent-sjc3-1.cdninstagram.com/v/t51.82787-19/570380711_18348776935161927_6458918472425924201_n.jpg?stp=dst-jpg_e0_s150x150_tt6&_nc_cat=100&ig_cache_key=GKdR-yFHgEiLHTBBAGnmJz4hsKJZbmNDAQAB1501500j-ccb7-5&ccb=7-5&_nc_sid=669407&efg=eyJ2ZW5jb2RlX3RhZyI6InByb2ZpbGVfcGljLnd3dy4xMDgwLkMzIn0%3D&_nc_ohc=H8wYNJB23zQQ7kNvwEXe5qv&_nc_oc=AdmwQzRyjmaajzF7Bpjqvjt8UnbZTtf8q5wsl-SHIPC_AlSdRszMlRNWOYl7ntSSA9s&_nc_ad=z-m&_nc_cid=0&_nc_zt=24&_nc_ht=scontent-sjc3-1.cdninstagram.com&_nc_gid=dgoLlEDNK_Ug8YKNkeT4pg&oh=00_AfphpuWkXc35rDBSfyg8fE7BhXwHls-kfMwuTKnM85xCeA&oe=6965F3D1,piye mosok anteng?,2026-01-08T12:54:19.000Z,0,2,https://www.instagram.com/p/DTPhT66k2bU/c/18439593208111112
https://www.instagram.com/reel/DTP7r0XgauU/,hpri757,hpri757,prihartanto,False,https://scontent-sjc3-1.cdninstagram.com/v/t51.2885-19/293722064_1228433621313916_8659273518893943903_n.jpg?stp=dst-jpg_e0_s150x150_tt6&_nc_cat=103&ig_cache_key=GNDXgRF86aD9QF0EAF-Mnvpi6yt4bkULAAAB1501500j-ccb7-5&ccb=7-5&_nc_sid=669407&efg=eyJ2ZW5jb2RlX3RhZyI6InByb2ZpbGVfcGljLnd3dy4xMDgwLkMzIn0%3D&_nc_ohc=4D2UF_MZtvAQ7kNvwEySknA&_nc_oc=AdkK-vCg13Ezk4WoH_2FRFTqCYeyytgHJK3E3UXLgxXT3PV4bcaUqQjtsntHBZwnB_Q&_nc_ad=z-m&_nc_cid=0&_nc_zt=24&_nc_ht=scontent-sjc3-1.cdninstagram.com&oh=00_Afrwh3uNPzik6h2qUzdpqR2goI8Hzt1Io8TM2_2LfK_HVQ&oe=6965E814,wingi wae diewangi bapakne ra entuk kursi senayan,2026-01-08T12:52:39.000Z,1,1,https://www.instagram.com/p/DTP7r0XgauU/c/18098757796684849
https://www.instagram.com/p/DTPVEjJk8Rr/,prosper_culinary,prosper_culinary,Mike Banning,False,https://scontent-lax3-2.cdninstagram.com/v/t51.82787-19/525876622_18380011756133467_1239421224674962153_n.jpg?stp=dst-jpg_e0_s150x150_tt6&_nc_cat=111&ig_cache_key=GI49WB9bHLH3hUxBAOmq1H8JTzMRbmNDAQAB1501500j-ccb7-5&ccb=7-5&_nc_sid=669407&efg=eyJ2ZW5jb2RlX3RhZyI6InByb2ZpbGVfcGljLnd3dy4yODYuQzMifQ%3D%3D&_nc_ohc=dmwpqn7OiEgQ7kNvwEFaAjA&_nc_oc=AdnYCddaI58wi4vKPvGHInA0gNzHks3mkedVni5ZgzxWIjRM25QENlH099isnIdNz0M&_nc_ad=z-m&_nc_cid=0&_nc_zt=24&_nc_ht=scontent-lax3-2.cdninstagram.com&_nc_gid=Can16ZvQ6kyeVg8qghNe2g&oh=00_AfpICEw7fmMxx1K4ztl9Wls9txXKaoSRnigyMZ-4-Tlfiw&oe=6965E002,"Kalaupun PKS gak setuju dan ikut PDIP, tetap setuju ujung2 karena ud suara mayoritas.",2026-01-08T12:50:50.000Z,1,2,https://www.instagram.com/p/DTPVEjJk8Rr/c/18089059567830463
https://www.instagram.com/reel/DTP7r0XgauU/,ariprifan12,ariprifan12,Rif'an Arif,False,https://scontent-sjc3-1.cdninstagram.com/v/t51.82787-19/541949376_18327193900234764_5741643170240519044_n.jpg?stp=dst-jpg_e0_s150x150_tt6&_nc_cat=106&ig_cache_key=GMB9TSAMOCdafBxBAITbO-UKaq5PbmNDAQAB1501500j-ccb7-5&ccb=7-5&_nc_sid=669407&efg=eyJ2ZW5jb2RlX3RhZyI6InByb2ZpbGVfcGljLnd3dy45NjAuQzMifQ%3D%3D&_nc_ohc=7evNxghVOzUQ7kNvwHToofj&_nc_oc=Adn95Ikss4QYxxvKn0WNeMm5LU8bMXpsXOW3rEr8FD9ScrLTGwx5F3k4gDML7nSlZsw&_nc_ad=z-m&_nc_cid=0&_nc_zt=24&_nc_ht=scontent-sjc3-1.cdninstagram.com&_nc_gid=Yw_dUPo7nBq0QsTpo4vk_A&oh=00_Afo79zJGzTA7WQnF0J188jUlJtinCB1NKb0UODAI94w9XA&oe=6965DC1C,Mantaaaab PSI semarang jateng menaaaang,2026-01-08T12:48:29.000Z,0,2,https://www.instagram.com/p/DTP7r0XgauU/c/18069155177435000
https://www.instagram.com/p/DTPdQ1SEwIQ/,taslimleter,taslimleter,Taslim Leter,False,https://scontent-lax3-2.cdninstagram.com/v/t51.2885-19/273920432_274899608106297_8425189586405849606_n.jpg?stp=dst-jpg_e0_s150x150_tt6&_nc_cat=103&ig_cache_key=GLCxUxA5dX0NBfoAAAZ6Ck9KSex0bkULAAAB1501500j-ccb7-5&ccb=7-5&_nc_sid=669407&efg=eyJ2ZW5jb2RlX3RhZyI6InByb2ZpbGVfcGljLnd3dy43MjAuQzMifQ%3D%3D&_nc_ohc=9CGu64bAoU4Q7kNvwFWGJfh&_nc_oc=AdmC_uSHZQXtTb4KJ5gJEwZfLo9T6UD-THM4_NVGsH-Ic89EFgh6hJBUvgboL-WdJcw&_nc_ad=z-m&_nc_cid=0&_nc_zt=24&_nc_ht=scontent-lax3-2.cdninstagram.com&oh=00_AfrepBmQoUCigV-lZUk_iqHIhBi6pLjbpqAfUs3Zrq7bdA&oe=6965EFDA,Demokrasi Indonesia berdasarkan sila ke 4 Pancasila,2026-01-08T12:47:29.000Z,0,0,https://www.instagram.com/p/DTPdQ1SEwIQ/c/18126748954522798
https://www.instagram.com/reel/DTP7r0XgauU/,samm_alhuzayn,samm_alhuzayn,samm alhuzayn,False,https://scontent-sjc3-1.cdninstagram.com/v/t51.2885-19/313004343_536356148321111_2511517064216171778_n.jpg?stp=dst-jpg_e0_s150x150_tt6&_nc_cat=105&ig_cache_key=GDcRqBJXm7El0OcBAALV75t2s9oibkULAAAB1501500j-ccb7-5&ccb=7-5&_nc_sid=669407&efg=eyJ2ZW5jb2RlX3RhZyI6InByb2ZpbGVfcGljLnd3dy4zMjAuQzMifQ%3D%3D&_nc_ohc=LKZWToNBwqAQ7kNvwEHsrfW&_nc_oc=Adlv6xqn2L2vbcfjZJq_LPLbfvXZkKKfM4fWwt9cYCTNPg9KgwjqKYzb5aLNpafb09A&_nc_ad=z-m&_nc_cid=0&_nc_zt=24&_nc_ht=scontent-sjc3-1.cdninstagram.com&oh=00_AfqTmcaIHg-DBCvH1uM5SNAQ0SyCDt-3fdmhv4z0IhjwBA&oe=6965EF85,Keluarga Nir Adab,2026-01-08T12:44:46.000Z,14,0,https://www.instagram.com/p/DTP7r0XgauU/c/18032238683562967
https://www.instagram.com/p/DTP7kPdEnSw/,paidjo863,paidjo863,Paidjo,False,https://scontent-iad3-1.cdninstagram.com/v/t51.89012-19/573323465_1219825463302212_7278921664109726296_n.png?stp=dst-webp_s150x150&_nc_cat=1&ig_cache_key=YW5vbnltb3VzX3Byb2ZpbGVfcGlj.3-ccb7-5&ccb=7-5&_nc_sid=669407&efg=eyJ2ZW5jb2RlX3RhZyI6InByb2ZpbGVfcGljLnd3dy5DMyJ9&_nc_ohc=RNOcSyqJy9IQ7kNvwEmEIev&_nc_oc=Adn4vP4JRcIRxYywC3lUZt8o85iIn65PB_tQeNzPB9oLuYWgMxvU9-X0TnvsME-LKBA&_nc_ad=z-m&_nc_cid=0&_nc_zt=24&_nc_ht=scontent-iad3-1.cdninstagram.com&_nc_gid=IreGSiIhbjUW-Uz6v6yBng&oh=00_AfowYxnaQgUq5xXRMSL9_x_VrxMwKSTjw0uxlkreuhes6A&oe=6965DD19,Mahasiswanya sudah jadi krupuk kehujanan...💪💪💪,2026-01-08T12:44:11.000Z,1,0,https://www.instagram.com/p/DTP7kPdEnSw/c/18341699677232667
https://www.instagram.com/p/DTPVEjJk8Rr/,yalak.sili,yalak.sili,Sili_Yalak,False,https://scontent-lax3-1.cdninstagram.com/v/t51.82787-19/607754455_18086593103025833_4142710645238753074_n.jpg?stp=dst-jpg_e0_s150x150_tt6&_nc_cat=109&ig_cache_key=GNeYOSSpVhodqUFAADJnrwBi3X05bmNDAQAB1501500j-ccb7-5&ccb=7-5&_nc_sid=669407&efg=eyJ2ZW5jb2RlX3RhZyI6InByb2ZpbGVfcGljLnd3dy4xMDgwLkMzIn0%3D&_nc_ohc=OMir8EYOkXIQ7kNvwHXTZ1y&_nc_oc=AdlaP3kU10LwJzUwj2WTH1K671hOpZ88ERjawEpJipEzwYY0gUJ7T31MJnZ6jS_uvao&_nc_ad=z-m&_nc_cid=0&_nc_zt=24&_nc_ht=scontent-lax3-1.cdninstagram.com&_nc_gid=Can16ZvQ6kyeVg8qghNe2g&oh=00_AfrD4RFajCHz14HmjQO9YDJDPQs7g_R8oAtE_6O-DQydHA&oe=6965E5C0,Pdip🔥,2026-01-08T12:43:41.000Z,1,0,https://www.instagram.com/p/DTPVEjJk8Rr/c/18206165206320226
https://www.instagram.com/reel/DTP5edaE-Zs/,jhon_xu76,jhon_xu76,Jhon Xu,False,https://scontent-vie1-1.cdninstagram.com/v/t51.2885-19/482491518_604135792616752_8185138154297412908_n.jpg?stp=dst-jpg_e0_s150x150_tt6&_nc_cat=101&ig_cache_key=GH48whwwpVBTdSUCACzNZNzIc5dxbkULAAAB1501500j-ccb7-5&ccb=7-5&_nc_sid=669407&efg=eyJ2ZW5jb2RlX3RhZyI6InByb2ZpbGVfcGljLnd3dy4xMDgwLkMzIn0%3D&_nc_ohc=FFSE1KW87b4Q7kNvwH2A18Q&_nc_oc=Adl3UEfBJ5vpngVRKK0SlG8waF3ISS9CVQ-0STPNn6WSfVrskP1x8HK9Qh861LdSpSE&_nc_ad=z-m&_nc_cid=0&_nc_zt=24&_nc_ht=scontent-vie1-1.cdninstagram.com&oh=00_AfqcrzBudfrcEAIAGm7bSbsjtRqrC5SY3X4X1jWtXyJmCw&oe=6965FB24,Jadikan presiden ini ahok,2026-01-08T12:42:05.000Z,8,0,https://www.instagram.com/p/DTP5edaE-Zs/c/18163290904404063
https://www.instagram.com/reel/DTP5edaE-Zs/,me.hoa19,me.hoa19,Me Hoa,False,https://scontent-vie1-1.cdninstagram.com/v/t51.2885-19/413926035_1102145790803520_5037164942169802217_n.jpg?stp=dst-jpg_e0_s150x150_tt6&_nc_cat=105&ig_cache_key=GJMCrBhA-llQZeoDAOkFFa3TmudFbkULAAAB1501500j-ccb7-5&ccb=7-5&_nc_sid=669407&efg=eyJ2ZW5jb2RlX3RhZyI6InByb2ZpbGVfcGljLnd3dy43MjAuQzMifQ%3D%3D&_nc_ohc=EIi0WEStZxEQ7kNvwF0Lcfz&_nc_oc=AdlzEdJOdGa52ZJIWNKdVUtBfKWO95e0BsZ_ggth-I89-19oBDCDVef7JQMiS2vluuA&_nc_ad=z-m&_nc_cid=0&_nc_zt=24&_nc_ht=scontent-vie1-1.cdninstagram.com&oh=00_AfrKjwVEU0crD7D0nZrlBO0Bn79lTbx8Px7y-Hl32uy6SA&oe=6965EE09,Mwho,2026-01-08T12:41:12.000Z,0,0,https://www.instagram.com/p/DTP5edaE-Zs/c/18109060453656948
https://www.instagram.com/p/DTP7kPdEnSw/,iksargucci,iksargucci,Iksar Gucci,False,https://scontent-iad3-2.cdninstagram.com/v/t51.2885-19/450460560_417970301228856_1315447624187404999_n.jpg?stp=dst-jpg_e0_s150x150_tt6&_nc_cat=105&ig_cache_key=GJB72Ro411RLJHwBAMdiUgilaEESbkULAAAB1501500j-ccb7-5&ccb=7-5&_nc_sid=669407&efg=eyJ2ZW5jb2RlX3RhZyI6InByb2ZpbGVfcGljLnd3dy45NjAuQzMifQ%3D%3D&_nc_ohc=njY9zbMIdZsQ7kNvwGY_JNg&_nc_oc=Adn9SHtO7W1IyEotsjjP5jlaihiR1wgco_zXLSK1OdM72hwLH5Tfv2H7vdcbJV3E45M&_nc_ad=z-m&_nc_cid=0&_nc_zt=24&_nc_ht=scontent-iad3-2.cdninstagram.com&oh=00_AfrdMvap-lymWt61A5sGgLVQjZzb7w7AwXVb9IRA_YWuRg&oe=6965DF59,"Kita reformasikn kembali kayak 98, prabowo mau lengser sendiri",2026-01-08T12:40:16.000Z,1,0,https://www.instagram.com/p/DTP7kPdEnSw/c/17962071551883450
https://www.instagram.com/reel/DTP5edaE-Zs/,noney_kemayororan58,noney_kemayororan58,Minny Jully,False,https://scontent-vie1-1.cdninstagram.com/v/t51.82787-19/527300909_17977105868909952_8979225961102955621_n.jpg?stp=dst-jpg_e0_s150x150_tt6&_nc_cat=103&ig_cache_key=GC35bR_A7WchFd4-AGXUgQlwnpx8bmNDAQAB1501500j-ccb7-5&ccb=7-5&_nc_sid=669407&efg=eyJ2ZW5jb2RlX3RhZyI6InByb2ZpbGVfcGljLnd3dy43MjAuQzMifQ%3D%3D&_nc_ohc=0AyAlu1_xWUQ7kNvwHhZOZY&_nc_oc=Adki7YEjF7T4v-2TMoeh7do8iGylq1aNobnvwLKXv6EyCTx7DGz_WnBAxEpifkDW04A&_nc_ad=z-m&_nc_cid=0&_nc_zt=24&_nc_ht=scontent-vie1-1.cdninstagram.com&_nc_gid=eJcwdGuccP5F_lN-4pweRg&oh=00_AfrjM7frrT12k9OliMjcyVlczCTIJY0tnbkExXQOAKRD6A&oe=6965CDDE,Real gua banget pak btp next MK 😍❤️❤️❤️🔥🔥🔥,2026-01-08T12:40:00.000Z,12,0,https://www.instagram.com/p/DTP5edaE-Zs/c/18085957649107281
https://www.instagram.com/p/DTP2UXgkycP/,sulican37,sulican37,sully,False,https://scontent-dfw5-1.cdninstagram.com/v/t51.2885-19/87670418_2311069045663381_6606233873950965760_n.jpg?stp=dst-jpg_e0_s150x150_tt6&_nc_cat=110&ig_cache_key=GJK_OQWVpoSx5zUIAAAAAAC1Dq5bbkULAAAB1501500j-ccb7-5&ccb=7-5&_nc_sid=669407&efg=eyJ2ZW5jb2RlX3RhZyI6InByb2ZpbGVfcGljLnd3dy4xMDc1LkMzIn0%3D&_nc_ohc=9cER3-GimpMQ7kNvwGMynDd&_nc_oc=AdnceYeiNl9Y9pvUjFM_dP8494u4NEdZZilrWJ1QGA7LDSwFdj83pDr2fjHlF6Xw8OU&_nc_ad=z-m&_nc_cid=0&_nc_zt=24&_nc_ht=scontent-dfw5-1.cdninstagram.com&oh=00_AfrhKY7AsmBY9k1tvAdoT_899cWAXT6ZvdbIc0XDbBoCcw&oe=6965D41B,Pemimpin partai banyak yg masuk penjara kasus korupsi🔥,2026-01-08T12:35:03.000Z,1,0,https://www.instagram.com/p/DTP2UXgkycP/c/18079645013257064
https://www.instagram.com/p/DTP2UXgkycP/,andriramadhan.id,andriramadhan.id,Andri Ramadhan,False,https://scontent-dfw5-1.cdninstagram.com/v/t51.82787-19/540681240_18397185970191611_121242234015884005_n.jpg?stp=dst-jpg_e0_s150x150_tt6&_nc_cat=111&ig_cache_key=GBgkOiD7vJ6mJFxBAOWiSmIrva4BbmNDAQAB1501500j-ccb7-5&ccb=7-5&_nc_sid=669407&efg=eyJ2ZW5jb2RlX3RhZyI6InByb2ZpbGVfcGljLnd3dy4xMDgwLkMzIn0%3D&_nc_ohc=1cPPzL_dlEsQ7kNvwGz0JHV&_nc_oc=Adl0C2uFxDugYzECY1Tna9-yH7AXBwhgzAo_prLlXq_26q0hrj-sW7_OJb1lixVPDZo&_nc_ad=z-m&_nc_cid=0&_nc_zt=24&_nc_ht=scontent-dfw5-1.cdninstagram.com&_nc_gid=Ys0uGc5yDo-YNsqAUhT5rA&oh=00_AfqPCwa9xa3V3kOSPGBoQ4_SujBNnJdEq97f74d0WfV5rA&oe=6965E802,"Sebaiknya untuk saat ini tolak dulu, bukan persoalan ada kebaikan dalam pemilihan lewat DPRD, itu ada dalam kondisi umum, tp jika diamati dengan jujur jelas sekali bahwa keinginan pemilu melalui DPRD ini adalah satu bentuk cara perpanjangan kekuasaan pusat dan parpol, jadi kondisinya tidak ideal.",2026-01-08T12:32:41.000Z,2,0,https://www.instagram.com/p/DTP2UXgkycP/c/17860740564570891
https://www.instagram.com/reel/DTP7r0XgauU/,liinaa92,liinaa92,LiiNa,False,https://scontent-sjc6-1.cdninstagram.com/v/t51.2885-19/345237528_774616290686802_4118063033398467858_n.jpg?stp=dst-jpg_e0_s150x150_tt6&_nc_cat=108&ig_cache_key=GBjokxRS99dogsACABIdYqyCTCY5bkULAAAB1501500j-ccb7-5&ccb=7-5&_nc_sid=669407&efg=eyJ2ZW5jb2RlX3RhZyI6InByb2ZpbGVfcGljLnd3dy45NDQuQzMifQ%3D%3D&_nc_ohc=1QNET3yKhUEQ7kNvwEV5dHb&_nc_oc=Adm30LP79Fab8p56NPD5Iega2YTMbST75ho-ZqeCcUyKHi7qjW9kLTtqerpp9NyXetQ&_nc_ad=z-m&_nc_cid=0&_nc_zt=24&_nc_ht=scontent-sjc6-1.cdninstagram.com&oh=00_AfpTZESK4nr-KArbv-IgJiP9bGsarFyxVEW5wQhXPAMBQQ&oe=6965F3C5,"Yo njajal wae jawa tengah? Tenan pora nek kandang e gajah., aku no ora",2026-01-08T12:30:52.000Z,15,1,https://www.instagram.com/p/DTP7r0XgauU/c/18103381012701261
https://www.instagram.com/p/DTPVEjJk8Rr/,amgan78,amgan78,amgan,False,https://scontent-lax7-1.cdninstagram.com/v/t51.2885-19/459536165_860259306054596_1251219843258373532_n.jpg?stp=dst-jpg_e0_s150x150_tt6&_nc_cat=101&ig_cache_key=GCX3YxvEI1q6Zg4DAJzVVXXROV0RbkULAAAB1501500j-ccb7-5&ccb=7-5&_nc_sid=669407&efg=eyJ2ZW5jb2RlX3RhZyI6InByb2ZpbGVfcGljLnd3dy43MjAuQzMifQ%3D%3D&_nc_ohc=PDsvi4HwL-wQ7kNvwEpp-lm&_nc_oc=AdlByoHqM6QiW0M6EOWXjpny8y7ynvcravRUeB3ggafdOSJbZuikP7IGPkP7ehgCgmg&_nc_ad=z-m&_nc_cid=0&_nc_zt=24&_nc_ht=scontent-lax7-1.cdninstagram.com&oh=00_AfoeAso9hqiccjAdul3V3Ju_BZaLA7gd6KAHjgOhzGiraQ&oe=6965DB5C,Hanya PDIP yg bener bener memperjuangkan rakyat Indonesia ❤️❤️❤️,2026-01-08T12:24:22.000Z,46,0,https://www.instagram.com/p/DTPVEjJk8Rr/c/17909192613143779
https://www.instagram.com/reel/DTP7r0XgauU/,mahaleon14,mahaleon14,mahaleon,False,https://scontent-sjc6-1.cdninstagram.com/v/t51.2885-19/467231499_559831653457411_1689801513443787270_n.jpg?stp=dst-jpg_e0_s150x150_tt6&_nc_cat=101&ig_cache_key=GAtj2RsDntb2Kf0BAAYCvAWGYXMXbkULAAAB1501500j-ccb7-5&ccb=7-5&_nc_sid=669407&efg=eyJ2ZW5jb2RlX3RhZyI6InByb2ZpbGVfcGljLnd3dy4xMDgwLkMzIn0%3D&_nc_ohc=GMCJwreG10kQ7kNvwEhW4zq&_nc_oc=AdmgzdWnXNzKV27i8mUuyPlYuuF80ZAHd6s4KFS5QOO_bQeECWqbtWUN-XW7lUCss1k&_nc_ad=z-m&_nc_cid=0&_nc_zt=24&_nc_ht=scontent-sjc6-1.cdninstagram.com&oh=00_AfpgREEmdwFFdw05RECjJCbDi4Db3GyttM5ccFPkt97B1w&oe=6965C476,Wiss awuren konooo,2026-01-08T12:23:56.000Z,1,0,https://www.instagram.com/p/DTP7r0XgauU/c/18105090211685803
https://www.instagram.com/reel/DTP5edaE-Zs/,protuludin,protuludin,Pro Tuludin,False,https://scontent-vie1-1.cdninstagram.com/v/t51.2885-19/437016585_959026279065207_3071642906998981011_n.jpg?stp=dst-jpg_e0_s150x150_tt6&_nc_cat=108&ig_cache_key=GAlYDBp3prG0OmgDAJPBhRzzqqAqbkULAAAB1501500j-ccb7-5&ccb=7-5&_nc_sid=669407&efg=eyJ2ZW5jb2RlX3RhZyI6InByb2ZpbGVfcGljLnd3dy4xMDgwLkMzIn0%3D&_nc_ohc=nkA1qGLn6v0Q7kNvwHmKOR2&_nc_oc=AdmYpvZodViPIrXiP1CsmWB5qVg-bz55ltYTmiXTsQuBdBB85jVM4Q1LvIA8YdM_3_Y&_nc_ad=z-m&_nc_cid=0&_nc_zt=24&_nc_ht=scontent-vie1-1.cdninstagram.com&oh=00_Afo09sNDYhER91NmXWebQLMaccemSfS9ERwx4rG2F9EXuQ&oe=6965FC83,Cerdas pa Ahok,2026-01-08T12:22:52.000Z,4,0,https://www.instagram.com/p/DTP5edaE-Zs/c/17895446064241956
https://www.instagram.com/reel/DTP7r0XgauU/,bolang_baling89,bolang_baling89,bolang_baling,False,https://scontent-sjc6-1.cdninstagram.com/v/t51.2885-19/314137930_877864090079415_729415003321105542_n.jpg?stp=dst-jpg_e0_s150x150_tt6&_nc_cat=108&ig_cache_key=GEpduRK3EECpaR4DAIZ8y7YUZx8KbkULAAAB1501500j-ccb7-5&ccb=7-5&_nc_sid=669407&efg=eyJ2ZW5jb2RlX3RhZyI6InByb2ZpbGVfcGljLnd3dy42NDcuQzMifQ%3D%3D&_nc_ohc=vRDIq5ZFS_QQ7kNvwEdxG9o&_nc_oc=Adkmpk8Fk1mrI_LHaRF4deBECNM1N2Meo8W2MPwKMGtEqksGXpDYjDsICT6Mv_0CgH8&_nc_ad=z-m&_nc_cid=0&_nc_zt=24&_nc_ht=scontent-sjc6-1.cdninstagram.com&oh=00_Afp9ME0oalZ-sWPTlYzEtUOwjnPAQLWeeCB9p4pPYxR0RQ&oe=6965C85E,Pasti menang servernya sirekap masih di pakai 😂😂😂,2026-01-08T12:22:11.000Z,5,0,https://www.instagram.com/p/DTP7r0XgauU/c/17845287951648930
https://www.instagram.com/p/DTP7kPdEnSw/,dartosmunegro,dartosmunegro,opowaeono,False,https://scontent-iad3-1.cdninstagram.com/v/t51.2885-19/343625722_201360179385259_1962918972654982544_n.jpg?stp=dst-jpg_e0_s150x150_tt6&_nc_cat=110&ig_cache_key=GPpPexSr0-bRIrcAAJCV_ddnsD0bbkULAAAB1501500j-ccb7-5&ccb=7-5&_nc_sid=669407&efg=eyJ2ZW5jb2RlX3RhZyI6InByb2ZpbGVfcGljLnd3dy45NjMuQzMifQ%3D%3D&_nc_ohc=RtDCE9x2J0IQ7kNvwEgjMbk&_nc_oc=AdleO9BTAW3fDcTzT3zQoABXbL8J29XyHHGV98KSL3WoM3vmKBb4xth-dAByMwQmTxc&_nc_ad=z-m&_nc_cid=0&_nc_zt=24&_nc_ht=scontent-iad3-1.cdninstagram.com&oh=00_AfqTfgVTnc3zYKht_9ExqNMewUbyM7bgMgFGv7BscUGLWg&oe=6965F3F5,Alhamdulillah masih ada yg WARASSSS,2026-01-08T12:21:46.000Z,0,0,https://www.instagram.com/p/DTP7kPdEnSw/c/18100270135881176
https://www.instagram.com/reel/DTP7r0XgauU/,sukoco187,sukoco187,Sukoco Koco,False,https://scontent-sjc6-1.cdninstagram.com/v/t51.2885-19/461098280_1029143002554847_5990682317708124254_n.jpg?stp=dst-jpg_e0_s150x150_tt6&_nc_cat=101&ig_cache_key=GCjNexvfIRcHAKgDAF7gNPXTLSNTbkULAAAB1501500j-ccb7-5&ccb=7-5&_nc_sid=669407&efg=eyJ2ZW5jb2RlX3RhZyI6InByb2ZpbGVfcGljLnd3dy43MTkuQzMifQ%3D%3D&_nc_ohc=Uak8gZOmkjQQ7kNvwGGrD6c&_nc_oc=AdnTQ1RUUsxHGkprLMC6OAc7BZbVQ00lELnIoTq5EkFZTn1lmwJwWROca9p2tsv7fn0&_nc_ad=z-m&_nc_cid=0&_nc_zt=24&_nc_ht=scontent-sjc6-1.cdninstagram.com&oh=00_AfojgvdLOf3eQofMqA4lcThrf28MExLVuXSvdT1Xzy455w&oe=6965F5D3,🤣🤣🤣 sak karepmu lehmu ngomonglek penteng awakmu seneng....,2026-01-08T12:21:19.000Z,12,1,https://www.instagram.com/p/DTP7r0XgauU/c/18069194207144424
https://www.instagram.com/p/DTPVEjJk8Rr/,wahyuchrzl,wahyuchrzl,Wahyu,False,https://scontent-lax3-1.cdninstagram.com/v/t51.89012-19/573323465_1219825463302212_7278921664109726296_n.png?stp=dst-webp_s150x150&_nc_cat=1&ig_cache_key=YW5vbnltb3VzX3Byb2ZpbGVfcGlj.3-ccb7-5&ccb=7-5&_nc_sid=669407&efg=eyJ2ZW5jb2RlX3RhZyI6InByb2ZpbGVfcGljLnd3dy5DMyJ9&_nc_ohc=RNOcSyqJy9IQ7kNvwGPTeYT&_nc_oc=AdkFqFTVcGNz5fl5v2mO6chQY9-368rXfyiB7xxDaDjBQx6dSQnoryvDb32Zm4QCwlE&_nc_ad=z-m&_nc_cid=0&_nc_zt=24&_nc_ht=scontent-lax3-1.cdninstagram.com&_nc_gid=Can16ZvQ6kyeVg8qghNe2g&oh=00_AfrOsDIieFi7ATFRFlOdzJ87Dl6JjutD1neyjnzeaKVFNQ&oe=6965DD19,Untuk masalah ini saya PDIP 🔥,2026-01-08T12:20:20.000Z,6,0,https://www.instagram.com/p/DTPVEjJk8Rr/c/18035873324756246
https://www.instagram.com/reel/DTP5edaE-Zs/,rinajuwita2111,rinajuwita2111,NeNa NStudio,False,https://scontent-vie1-1.cdninstagram.com/v/t51.82787-19/544105549_18352548982095960_2859542813403061053_n.jpg?stp=dst-jpg_e0_s150x150_tt6&_nc_cat=110&ig_cache_key=GE1kbiBYAM3KizNBAD0b6cwJI68nbmNDAQAB1501500j-ccb7-5&ccb=7-5&_nc_sid=669407&efg=eyJ2ZW5jb2RlX3RhZyI6InByb2ZpbGVfcGljLnd3dy4xMDI0LkMzIn0%3D&_nc_ohc=4KV0kkSrylgQ7kNvwFJltrm&_nc_oc=AdnQNMJFpKGu6No1JvuGd4boWmMhj84BPq-276drCTTpkn6y8lBFdRgxKRnbsQdmS8M&_nc_ad=z-m&_nc_cid=0&_nc_zt=24&_nc_ht=scontent-vie1-1.cdninstagram.com&_nc_gid=eJcwdGuccP5F_lN-4pweRg&oh=00_AfpS5vuvoVivlYoFbum9jwZuuYktnbQtW4PoMGOdOfgAeA&oe=6965C775,Nahhh ini yg cerdas,2026-01-08T12:18:41.000Z,5,0,https://www.instagram.com/p/DTP5edaE-Zs/c/18069575900615175
https://www.instagram.com/p/DTP7kPdEnSw/,denigumelar2021,denigumelar2021,Deni Gumelar,False,https://scontent-iad3-2.cdninstagram.com/v/t51.2885-19/357301927_987569095708258_1890377238117941398_n.jpg?stp=dst-jpg_e0_s150x150_tt6&_nc_cat=106&ig_cache_key=GKf_SxViDiRZMIIDAJYAgRkV_DsabkULAAAB1501500j-ccb7-5&ccb=7-5&_nc_sid=669407&efg=eyJ2ZW5jb2RlX3RhZyI6InByb2ZpbGVfcGljLnd3dy45NTcuQzMifQ%3D%3D&_nc_ohc=L72gbKr6g_4Q7kNvwGp54V-&_nc_oc=AdnSD8lgH6U5j3PLpHMNu_-UTnsegKkvRsxyiqLEGDEONN4nuk9TuXaWR7l9orpmuNQ&_nc_ad=z-m&_nc_cid=0&_nc_zt=24&_nc_ht=scontent-iad3-2.cdninstagram.com&oh=00_AfoiI7rCEix2HW9xBA5BSdiyuhBmTLhWh04FzgLhyBmCSg&oe=6965F9EE,Boleh gak kalau pajak juga gak usah dipungut,2026-01-08T12:17:53.000Z,1,0,https://www.instagram.com/p/DTP7kPdEnSw/c/18074444384066058
https://www.instagram.com/reel/DTO4LbujxIN/,ezeh_seha,ezeh_seha,Jeje Nurseha,False,https://scontent-eze1-2.cdninstagram.com/v/t51.82787-19/541965736_18327489820227506_3066488737321094670_n.jpg?stp=dst-jpg_e0_s150x150_tt6&_nc_cat=108&ig_cache_key=GKi9TSCy91tAwRxBAA6OwndCW44qbmNDAQAB1501500j-ccb7-5&ccb=7-5&_nc_sid=669407&efg=eyJ2ZW5jb2RlX3RhZyI6InByb2ZpbGVfcGljLnd3dy4xMDgwLkMzIn0%3D&_nc_ohc=12PdJH0jctQQ7kNvwHPTeSR&_nc_oc=AdmNeQQURE5NIAanE12tQnvEFwOiYPvypqWHNhJ-B9gERVPri0ZoWSNmi2P2-_kcD58&_nc_ad=z-m&_nc_cid=0&_nc_zt=24&_nc_ht=scontent-eze1-2.cdninstagram.com&_nc_gid=Xt2Yfm6YxZzyJGvMQ6Nusw&oh=00_AfpVi5ukOvq9GImyeq5mgHE313_XQwuQREithmq1ft0hdg&oe=6965DB97,🔥,2026-01-08T12:13:43.000Z,0,0,https://www.instagram.com/p/DTO4LbujxIN/c/18550777642029124
https://www.instagram.com/p/DTP7kPdEnSw/,yiyiip,yiyiip,Arif Rachman,False,https://scontent-iad3-2.cdninstagram.com/v/t51.2885-19/248631794_783561362462845_6647735406798374687_n.jpg?stp=dst-jpg_e0_s150x150_tt6&_nc_cat=103&ig_cache_key=GPLR0Q59WKsYpcgCAB8HAZshgEFcbkULAAAB1501500j-ccb7-5&ccb=7-5&_nc_sid=669407&efg=eyJ2ZW5jb2RlX3RhZyI6InByb2ZpbGVfcGljLnd3dy41NTQuQzMifQ%3D%3D&_nc_ohc=2m_e4oy5v7sQ7kNvwHTvKMy&_nc_oc=AdmHPhMit8cLkv_cUOBh-h7BDPhUiR10fa6brWUIHujhsHcXHSgk2JaneWr5d-V0Ce8&_nc_ad=z-m&_nc_cid=0&_nc_zt=24&_nc_ht=scontent-iad3-2.cdninstagram.com&oh=00_Afrc_rKoThdkBVWDE970GC63nvftmEN_7vQKWRa4Xe0Z8A&oe=6965F4EE,Hmmm,2026-01-08T12:10:45.000Z,0,0,https://www.instagram.com/p/DTP7kPdEnSw/c/18025092026789596
https://www.instagram.com/reel/DTP7r0XgauU/,pranesad,pranesad,Pranes Revolusioner,False,https://scontent-sjc6-1.cdninstagram.com/v/t51.2885-19/258038939_875045279879092_638004312650597732_n.jpg?stp=dst-jpg_e0_s150x150_tt6&_nc_cat=108&ig_cache_key=GJtcYQ_0zxFb2RsDAGTFtMSKpdoIbkULAAAB1501500j-ccb7-5&ccb=7-5&_nc_sid=669407&efg=eyJ2ZW5jb2RlX3RhZyI6InByb2ZpbGVfcGljLnd3dy44OTkuQzMifQ%3D%3D&_nc_ohc=-hlh3V_fJZEQ7kNvwGoT7gT&_nc_oc=AdkZ0e2NfMPnJFrex3wnuQzNvgQSJhs5dv7srs5LalsYbqbMgl89dtEp3ny892lJzdQ&_nc_ad=z-m&_nc_cid=0&_nc_zt=24&_nc_ht=scontent-sjc6-1.cdninstagram.com&oh=00_AfpDEVyr0H7jPfvoipXQOHKWpL9gLeSXs3L-6p4KKqLC-g&oe=6965D217,😂😂,2026-01-08T12:09:13.000Z,0,0,https://www.instagram.com/p/DTP7r0XgauU/c/18379154908152301
https://www.instagram.com/p/DTPhT66k2bU/,rostam_rahmad,rostam_rahmad,Rostam Rach Made,False,https://scontent-sjc6-1.cdninstagram.com/v/t51.2885-19/457864977_3760470040844399_8967321458563143154_n.jpg?stp=dst-jpg_e0_s150x150_tt6&_nc_cat=104&ig_cache_key=GBF3ShtvGPmoIFwNAPLVZAxbU3J8bkULAAAB1501500j-ccb7-5&ccb=7-5&_nc_sid=669407&efg=eyJ2ZW5jb2RlX3RhZyI6InByb2ZpbGVfcGljLnd3dy4xMDgwLkMzIn0%3D&_nc_ohc=mb9Bq6Ql75kQ7kNvwHgr5e-&_nc_oc=Adks05eIldXoh5mPOGP70eVR0CeWXw0DqKHK5BYrORItE0n9d5pRatklE2DCYXz46nE&_nc_ad=z-m&_nc_cid=0&_nc_zt=24&_nc_ht=scontent-sjc6-1.cdninstagram.com&oh=00_AfqOwmeVAurUpQHIXv7srpoC60y9mNOBjpPUoM126rM7Og&oe=6965E8CF,Sebagai rakyat cilik mboh lah,2026-01-08T12:04:41.000Z,1,0,https://www.instagram.com/p/DTPhT66k2bU/c/17906739783321779
https://www.instagram.com/p/DTP7kPdEnSw/,rsuryaar,rsuryaar,Surya ar R,False,https://scontent-iad3-1.cdninstagram.com/v/t51.89012-19/573323465_1219825463302212_7278921664109726296_n.png?stp=dst-webp_s150x150&_nc_cat=1&ig_cache_key=YW5vbnltb3VzX3Byb2ZpbGVfcGlj.3-ccb7-5&ccb=7-5&_nc_sid=669407&efg=eyJ2ZW5jb2RlX3RhZyI6InByb2ZpbGVfcGljLnd3dy5DMyJ9&_nc_ohc=RNOcSyqJy9IQ7kNvwEmEIev&_nc_oc=Adn4vP4JRcIRxYywC3lUZt8o85iIn65PB_tQeNzPB9oLuYWgMxvU9-X0TnvsME-LKBA&_nc_ad=z-m&_nc_cid=0&_nc_zt=24&_nc_ht=scontent-iad3-1.cdninstagram.com&_nc_gid=IreGSiIhbjUW-Uz6v6yBng&oh=00_AfowYxnaQgUq5xXRMSL9_x_VrxMwKSTjw0uxlkreuhes6A&oe=6965DD19,"Penggagas pertama pilkada melalui dprd,sp to.smpe ngotot pilkada melalui dprd.paling partainya y terpilih sitik",2026-01-08T12:03:49.000Z,1,0,https://www.instagram.com/p/DTP7kPdEnSw/c/18098023933705834
https://www.instagram.com/p/DTP2UXgkycP/,akbarbuku,akbarbuku,Akbar I Penulis I Komika | Matchmaker 💍,False,https://scontent-dfw6-1.cdninstagram.com/v/t51.2885-19/469497901_549140941326582_2670019404888862200_n.jpg?stp=dst-jpg_e0_s150x150_tt6&_nc_cat=103&ig_cache_key=GC34_xv2SL3WcPMBAPjtzJuA0A0lbkULAAAB1501500j-ccb7-5&ccb=7-5&_nc_sid=669407&efg=eyJ2ZW5jb2RlX3RhZyI6InByb2ZpbGVfcGljLnd3dy4xMDgwLkMzIn0%3D&_nc_ohc=ypBeNZQ9hFMQ7kNvwGAFlCF&_nc_oc=Adm2GjspjpGG6qwwe3wk3FAPhqoSXbua2eOGADDjWTejQ9IsPbqysSRqtWT3aCg8Qp0&_nc_ad=z-m&_nc_cid=0&_nc_zt=24&_nc_ht=scontent-dfw6-1.cdninstagram.com&oh=00_AfrdJm0vD2iq6_i7Ohtg2FAR9CKHtIJ3FP_pK0ZGe13KKQ&oe=6965CD27,Sepakat dengan PKS yang melihat ini tidak secara hitam dan putih. Tapi mengaji lebih dalam🙌,2026-01-08T12:02:29.000Z,11,1,https://www.instagram.com/p/DTP2UXgkycP/c/18068977358576043
https://www.instagram.com/p/DTPPhPQkWQE/,manusiamulia1234567890,manusiamulia1234567890,hanya akun lainnya,False,https://scontent-iad3-1.cdninstagram.com/v/t51.2885-19/362099731_245134475025992_5938551505991527008_n.jpg?stp=dst-webp_s150x150&_nc_cat=102&cb=8438d1d6-aa1c7732&ig_cache_key=GBM0lRVIXk7R8t4AAGBq-IIh_WlSbkULAAAB1501500w-ccb7-5-cb8438d1d6-aa1c7732&ccb=7-5&_nc_sid=669407&efg=eyJ2ZW5jb2RlX3RhZyI6InByb2ZpbGVfcGljLnd3dy4xMDgwLkMzIn0%3D&_nc_ohc=aOsH_-7XqCUQ7kNvwE7lFmb&_nc_oc=AdnmtnyzEwjzPdbIuAhMjWXRvms8DZvbsenktmBbQONyK--SNv6mQlTNniRUU0QZv34&_nc_ad=z-m&_nc_cid=0&_nc_zt=24&_nc_ht=scontent-iad3-1.cdninstagram.com&oh=00_AfrP3rIxbM8H-ZsnVKaNuX3opLIFlixop_lr160qU3IqAg&oe=6965CFEB,Dorong dorong pembahasan aje bahasa lu pade😂 terlalu teori dan gajelas. Rakyat ga pada goblok . Pilihannya cuma setuju atau enggak. Bukan dukung bahas yg bener atau enggak. Noh contoh pilkada dki kmaren. Kalo lewat dprd yg menang Emil yg kayak bgitu. Kalao lewat rakyat yg menang pak Pram. Itu yang maksud lo berpihak pada rakyat man?,2026-01-08T11:52:20.000Z,0,0,https://www.instagram.com/p/DTPPhPQkWQE/c/18118408930569444
https://www.instagram.com/p/DTPdQ1SEwIQ/,nsr_otre,nsr_otre,Muhammad Nasir,False,https://scontent-lax3-2.cdninstagram.com/v/t51.2885-19/15276674_1672485959709493_6467356381312712704_a.jpg?stp=dst-jpg_e0_tt6&_nc_cat=106&ig_cache_key=GIIa6QA1M4X7HfEFAAAAAABdqsBZYUULAAAB1501500j-ccb7-5&ccb=7-5&_nc_sid=669407&efg=eyJ2ZW5jb2RlX3RhZyI6InByb2ZpbGVfcGljLnd3dy4xNTAuQzMifQ%3D%3D&_nc_ohc=D8MQpjoBmGgQ7kNvwFanEz4&_nc_oc=AdmwFbX8jFGpbc7-M3z-kpFu5pSUKsQ7YKUgj0-MB6jL-w4pjQbCKNVT16kQmiXk2m4&_nc_ad=z-m&_nc_cid=0&_nc_zt=24&_nc_ht=scontent-lax3-2.cdninstagram.com&oh=00_AfrGtTVDUJM69782ycy090DvGOaDkodnecYdQMVXsAZ7xw&oe=6965F76C,"Walikota dki ditunjuk gubernur, camat gak dipilih, yogya ga ada pilgub hasilnya sama aja, cuma biaya politik tinggi bikin korupsi susah di basmi",2026-01-08T11:49:40.000Z,0,0,https://www.instagram.com/p/DTPdQ1SEwIQ/c/18029552183777435
https://www.instagram.com/reel/DTNBc-nCTRR/,artikah28,artikah28,Artikah,False,https://scontent-lax3-2.cdninstagram.com/v/t51.2885-19/279721272_1676100412758354_3153326898627665725_n.jpg?stp=dst-jpg_e0_s150x150_tt6&_nc_cat=100&ig_cache_key=GDg1rBBS2bWJZ-QFAD3fYnUb3sIrbkULAAAB1501500j-ccb7-5&ccb=7-5&_nc_sid=669407&efg=eyJ2ZW5jb2RlX3RhZyI6InByb2ZpbGVfcGljLnd3dy4xMDgwLkMzIn0%3D&_nc_ohc=vACOYIqOsqIQ7kNvwHtluaF&_nc_oc=AdnoSbtDcMN9DSvK2X3-vIAl9BmNf1F2zewHZydkf8M8St5K_kZZ1WePvgXf_0u14I0&_nc_ad=z-m&_nc_cid=0&_nc_zt=24&_nc_ht=scontent-lax3-2.cdninstagram.com&oh=00_AfqFOflQspHHyDYRZ7u_yk6ZRzZPkIn971rmliydCOT0FQ&oe=6965E393,2m lbih ye,2026-01-08T11:47:15.000Z,0,0,https://www.instagram.com/p/DTNBc-nCTRR/c/18296717272272987
https://www.instagram.com/p/DTPb7NBElA5/,mand4u8687,mand4u8687,Gimen Man,False,https://scontent-lax3-1.cdninstagram.com/v/t51.82787-19/598639848_18200198434324431_6445807802904532912_n.jpg?stp=dst-jpg_e0_s150x150_tt6&_nc_cat=104&ig_cache_key=GOiEriPP-4Tq_6hAALDXkJ4LHHRZbmNDAQAB1501500j-ccb7-5&ccb=7-5&_nc_sid=669407&efg=eyJ2ZW5jb2RlX3RhZyI6InByb2ZpbGVfcGljLnd3dy43ODAuQzMifQ%3D%3D&_nc_ohc=-594mVZbDa8Q7kNvwG63Ik0&_nc_oc=AdnYzClSwBlwfbGUzrP0OqJiAA9e9GFIG7IoBykfYCDsSSdSURrB_7jGUDMCuEiQ-uo&_nc_ad=z-m&_nc_cid=0&_nc_zt=24&_nc_ht=scontent-lax3-1.cdninstagram.com&_nc_gid=os_SQmaaiLavuZ8chvB50Q&oh=00_Afp_9-LU0IKGCtWd_rOLcxuHeoqdij__45vjx7XS6-tAAw&oe=6965F28D,Pdip 🔥🔥🔥,2026-01-08T11:41:54.000Z,0,0,https://www.instagram.com/p/DTPb7NBElA5/c/18093015278304213
https://www.instagram.com/p/DTPb7NBElA5/,mand4u8687,mand4u8687,Gimen Man,False,https://scontent-lax3-1.cdninstagram.com/v/t51.82787-19/598639848_18200198434324431_6445807802904532912_n.jpg?stp=dst-jpg_e0_s150x150_tt6&_nc_cat=104&ig_cache_key=GOiEriPP-4Tq_6hAALDXkJ4LHHRZbmNDAQAB1501500j-ccb7-5&ccb=7-5&_nc_sid=669407&efg=eyJ2ZW5jb2RlX3RhZyI6InByb2ZpbGVfcGljLnd3dy43ODAuQzMifQ%3D%3D&_nc_ohc=-594mVZbDa8Q7kNvwG63Ik0&_nc_oc=AdnYzClSwBlwfbGUzrP0OqJiAA9e9GFIG7IoBykfYCDsSSdSURrB_7jGUDMCuEiQ-uo&_nc_ad=z-m&_nc_cid=0&_nc_zt=24&_nc_ht=scontent-lax3-1.cdninstagram.com&_nc_gid=os_SQmaaiLavuZ8chvB50Q&oh=00_Afp_9-LU0IKGCtWd_rOLcxuHeoqdij__45vjx7XS6-tAAw&oe=6965F28D,Rakyat mau di bodoh i terus,2026-01-08T11:41:40.000Z,0,0,https://www.instagram.com/p/DTPb7NBElA5/c/17861195376505917
https://www.instagram.com/p/DTP2UXgkycP/,agung.media19,agung.media19,Agung Prabowo,False,https://scontent-dfw5-1.cdninstagram.com/v/t51.82787-19/573782420_18508638235067851_8604949782168960029_n.jpg?stp=dst-jpg_e0_s150x150_tt6&_nc_cat=110&ig_cache_key=GJQ5MyLLBUcngsFBAB18QWQ87Gp3bmNDAQAB1501500j-ccb7-5&ccb=7-5&_nc_sid=669407&efg=eyJ2ZW5jb2RlX3RhZyI6InByb2ZpbGVfcGljLnd3dy4xMDgwLkMzIn0%3D&_nc_ohc=OTiAH3ioumcQ7kNvwEgUjqL&_nc_oc=AdmEpmLbZLC6DR_NE5EazkXgup0dmSik3r0GLBnGuVmBMJH6sfVxwq5TW7w3PasfPuc&_nc_ad=z-m&_nc_cid=0&_nc_zt=24&_nc_ht=scontent-dfw5-1.cdninstagram.com&_nc_gid=Ys0uGc5yDo-YNsqAUhT5rA&oh=00_AfqVOH9TFXjTIeWUD6Mv5VpSdeBGAEPD-um3h7jzsytUbw&oe=6965C7CE,Langsung piliah aja gpp toh males juga nyoblos pemenangnya juga sudah tau sebelum coblosan😂,2026-01-08T11:40:45.000Z,2,1,https://www.instagram.com/p/DTP2UXgkycP/c/17902727763344896
https://www.instagram.com/p/DTPVEjJk8Rr/,n4zar_z4r,n4zar_z4r,Nzrllh_zar,True,https://scontent-lax3-1.cdninstagram.com/v/t51.82787-19/523838658_17845372923537283_6816738640371217930_n.jpg?stp=dst-jpg_e0_s150x150_tt6&_nc_cat=104&ig_cache_key=GMIkOR_D5-2pRWY-AAp2AUKt65lebmNDAQAB1501500j-ccb7-5&ccb=7-5&_nc_sid=669407&efg=eyJ2ZW5jb2RlX3RhZyI6InByb2ZpbGVfcGljLnd3dy43MjAuQzMifQ%3D%3D&_nc_ohc=zfXrBKGEikIQ7kNvwHizneq&_nc_oc=Adl8ms9K9Jnxnzre3QIk4jwbU5XwNY789hs7-wCOCb6bc-YRxeNr-0NIHvvGnWquels&_nc_ad=z-m&_nc_cid=0&_nc_zt=24&_nc_ht=scontent-lax3-1.cdninstagram.com&_nc_gid=Can16ZvQ6kyeVg8qghNe2g&oh=00_Afpy0FSPbS0NTqUbRG1fSUQ8fiDl2gduQuRXanXlOwe_Jg&oe=6965D686,Marhaen🤟,2026-01-08T11:36:43.000Z,12,0,https://www.instagram.com/p/DTPVEjJk8Rr/c/17890765380402273
https://www.instagram.com/p/DTP2UXgkycP/,sall_ardiyansyah,sall_ardiyansyah,Afrisal Ardiyansyah,False,https://scontent-dfw5-3.cdninstagram.com/v/t51.2885-19/489010802_1823705728189047_1704634601252636533_n.jpg?stp=dst-jpg_e0_s150x150_tt6&_nc_cat=109&ig_cache_key=GHK2JR13ghqUpnoGAHXHgGcjFKgXbkULAAAB1501500j-ccb7-5&ccb=7-5&_nc_sid=669407&efg=eyJ2ZW5jb2RlX3RhZyI6InByb2ZpbGVfcGljLnd3dy4xMDgwLkMzIn0%3D&_nc_ohc=rHGepH_57ccQ7kNvwG1A-Cz&_nc_oc=AdmFmsUC0vqokuaZAIaazLG5obLvEZIEBU9-IqEeQtecEvW4Z-rJK_PkXPfuSeci3K4&_nc_ad=z-m&_nc_cid=0&_nc_zt=24&_nc_ht=scontent-dfw5-3.cdninstagram.com&oh=00_AfpP9_lcdU4tiwOucSXJ2_rWe115f9Wvdl04vDWE4UaqTg&oe=6965D18F,Tolakkkk ❗❗❗,2026-01-08T11:35:02.000Z,1,0,https://www.instagram.com/p/DTP2UXgkycP/c/17903332980184298
https://www.instagram.com/p/DTO8TY3k-6u/,_abe_ce,_abe_ce,Abe Ce,False,https://scontent-sjc3-1.cdninstagram.com/v/t51.2885-19/433138884_1148376429660624_8185436495059032296_n.jpg?stp=dst-jpg_e0_s150x150_tt6&_nc_cat=105&ig_cache_key=GMQs0RnQiSg5cRQEAOgYg7sfg5hxbkULAAAB1501500j-ccb7-5&ccb=7-5&_nc_sid=669407&efg=eyJ2ZW5jb2RlX3RhZyI6InByb2ZpbGVfcGljLnd3dy42MDAuQzMifQ%3D%3D&_nc_ohc=R8eBdw23L-0Q7kNvwHomyrq&_nc_oc=Adm_h5ylZ7unDD6T4NzTNmjakrcMIY-nsrk01AtE_yJIR_8drHEWzCaDjvV04mRY0gE&_nc_ad=z-m&_nc_cid=0&_nc_zt=24&_nc_ht=scontent-sjc3-1.cdninstagram.com&oh=00_Afp7XuPGQUQV3YxulsjHWwTpS6fuoxl33aMOOZT_zuXzmA&oe=6965CBA0,200 jt lebih masyarakat menolak sepertinya,2026-01-08T11:34:51.000Z,0,0,https://www.instagram.com/p/DTO8TY3k-6u/c/17920943331217151
https://www.instagram.com/p/DTPPhPQkWQE/,manusiamulia1234567890,manusiamulia1234567890,hanya akun lainnya,False,https://scontent-iad3-1.cdninstagram.com/v/t51.2885-19/362099731_245134475025992_5938551505991527008_n.jpg?stp=dst-webp_s150x150&_nc_cat=102&cb=8438d1d6-aa1c7732&ig_cache_key=GBM0lRVIXk7R8t4AAGBq-IIh_WlSbkULAAAB1501500w-ccb7-5-cb8438d1d6-aa1c7732&ccb=7-5&_nc_sid=669407&efg=eyJ2ZW5jb2RlX3RhZyI6InByb2ZpbGVfcGljLnd3dy4xMDgwLkMzIn0%3D&_nc_ohc=aOsH_-7XqCUQ7kNvwE7lFmb&_nc_oc=AdnmtnyzEwjzPdbIuAhMjWXRvms8DZvbsenktmBbQONyK--SNv6mQlTNniRUU0QZv34&_nc_ad=z-m&_nc_cid=0&_nc_zt=24&_nc_ht=scontent-iad3-1.cdninstagram.com&oh=00_AfrP3rIxbM8H-ZsnVKaNuX3opLIFlixop_lr160qU3IqAg&oe=6965CFEB,EMG ini parte gajelas😂 asli ga jelas😂 bikin caption panjang panjang point nya gajelas dan terlalu teorikal😂 kasihan lit kader di daerah pada bingung. Elitenya bikin kebijakan cuma demi kursi dan jabatan tapi ga punya DNA kerakyatan yg di gaung gaungkan. Gus Lo itu alumni militer . Iya iya enggak enggak jgn ngambang 😂 udah jelas SBY menolaj tentu udah dg kajina yg terukur. Kok gampang bgt merubahnya? 😂 Mana misi kekayatan Lo? Itu jelas jelas hak rakyat loh😂 Gus gus,2026-01-08T11:34:25.000Z,0,0,https://www.instagram.com/p/DTPPhPQkWQE/c/18091253509791282
https://www.instagram.com/p/DTP2UXgkycP/,indra_pras07,indra_pras07,Indra Praz,False,https://scontent-dfw5-3.cdninstagram.com/v/t51.82787-19/563004667_18512186950066552_8874907888800518012_n.jpg?stp=dst-jpg_e0_s150x150_tt6&_nc_cat=108&ig_cache_key=GPvEjiF4oSxnvMRBAHxPRB60ASp7bmNDAQAB1501500j-ccb7-5&ccb=7-5&_nc_sid=669407&efg=eyJ2ZW5jb2RlX3RhZyI6InByb2ZpbGVfcGljLnd3dy44MTYuQzMifQ%3D%3D&_nc_ohc=J7DFhlieA20Q7kNvwE7tmM5&_nc_oc=Adk_7c-_WvArqwNwp3851fCzUgZNePYGbQG2tQQHnWjrwMT2QrKwXATmBB71TAnDBPA&_nc_ad=z-m&_nc_cid=0&_nc_zt=24&_nc_ht=scontent-dfw5-3.cdninstagram.com&_nc_gid=Ys0uGc5yDo-YNsqAUhT5rA&oh=00_AfqVlB8QDfgRH-79SU4_MKrzbuOJm9zbbchUu32ZdBDqYg&oe=6965CFC8,,2026-01-08T11:32:50.000Z,2,0,https://www.instagram.com/p/DTP2UXgkycP/c/17940444039034163
https://www.instagram.com/p/DTP2UXgkycP/,dwirahmad4,dwirahmad4,Dwi Rahmad S,False,https://scontent-dfw5-2.cdninstagram.com/v/t51.2885-19/448979446_1184446439243603_7412151201622565945_n.jpg?stp=dst-jpg_e0_s150x150_tt6&_nc_cat=100&ig_cache_key=GPbhwhpTP0RtPzUEADmkMiI-QN1mbkULAAAB1501500j-ccb7-5&ccb=7-5&_nc_sid=669407&efg=eyJ2ZW5jb2RlX3RhZyI6InByb2ZpbGVfcGljLnd3dy4xMDgwLkMzIn0%3D&_nc_ohc=bIF55LEdK9QQ7kNvwG_9pJa&_nc_oc=AdkIRlp3ggrbUNL6SGAu-tL1zzwF1t2QpQBTO2kmWdmQKYa3ZyhZCdrE8uFDxBOMACw&_nc_ad=z-m&_nc_cid=0&_nc_zt=24&_nc_ht=scontent-dfw5-2.cdninstagram.com&oh=00_AfqO8o0NpHqAEY8mCtawEyLqIwBHaCuzL74xl18pekYcyw&oe=6965DDB8,"Sekarang masih abu-abu PKS, tapi ke depan kalau transaksi menarik pasti akan setuju pilkada oleh DPRD. Tolong siapa saja yang melihat komentar ini di 1-2 tahun ke depan saya di tag lagi, biar ingat dengan prediksi saya ini wkwk",2026-01-08T11:32:24.000Z,3,3,https://www.instagram.com/p/DTP2UXgkycP/c/18112659559553320
https://www.instagram.com/p/DTP2UXgkycP/,ramdan.ahmad.amran,ramdan.ahmad.amran,--,False,https://scontent-dfw5-1.cdninstagram.com/v/t51.2885-19/28434387_2015807875357699_9036730466320777216_n.jpg?stp=dst-jpg_e0_s150x150_tt6&_nc_cat=111&ig_cache_key=GNPfsQEDnFjYXSkHAAAAAAB76mh9bkULAAAB1501500j-ccb7-5&ccb=7-5&_nc_sid=669407&efg=eyJ2ZW5jb2RlX3RhZyI6InByb2ZpbGVfcGljLnd3dy42MzguQzMifQ%3D%3D&_nc_ohc=WDIx4ptAw3QQ7kNvwFJpOzz&_nc_oc=AdnHUSaDp5ixacBHg4gjrKQIgxPNUkQ267U1FVmgROIB-gG__g150uI-5n3LXZhQZy8&_nc_ad=z-m&_nc_cid=0&_nc_zt=24&_nc_ht=scontent-dfw5-1.cdninstagram.com&oh=00_AfqVGCNkF6NwYdM2G7Mb3dQJCSjvcVpSc7aZFzyd-eUKXw&oe=6965F481,"Iya atau tidak, ribet amat. Kalau tidak kami tinggal kan PKS, gitu aja kok repot",2026-01-08T11:25:40.000Z,4,8,https://www.instagram.com/p/DTP2UXgkycP/c/18074640443420903
https://www.instagram.com/p/DTPhT66k2bU/,tobeyyzzz,tobeyyzzz,Wewayanganing Hyang,False,https://scontent-sjc3-1.cdninstagram.com/v/t51.2885-19/457303554_1047300063450158_6507870342764785469_n.jpg?stp=dst-jpg_e0_s150x150_tt6&_nc_cat=110&ig_cache_key=GALmQRsuVEGMg7gDAD1vy7iYmVBabkULAAAB1501500j-ccb7-5&ccb=7-5&_nc_sid=669407&efg=eyJ2ZW5jb2RlX3RhZyI6InByb2ZpbGVfcGljLnd3dy4xMDgwLkMzIn0%3D&_nc_ohc=7BfRS02zE2wQ7kNvwH-TZV-&_nc_oc=AdngkguQe6pnVeoBWNvuSUjIRM6WiPLNcH03KR9XbjMwph--CZWCspYRRGMUQu6nZJA&_nc_ad=z-m&_nc_cid=0&_nc_zt=24&_nc_ht=scontent-sjc3-1.cdninstagram.com&oh=00_AfpdP7vcPASygJy5kzE2IXI44BajCwLVuU8Q-loHOZEQQw&oe=6965E351,"Lha nek ngene carane dadi monarki we no, patih, bupati, wedana, penewu, kabeh sing milih sang Sri Naranata.....",2026-01-08T11:24:41.000Z,1,0,https://www.instagram.com/p/DTPhT66k2bU/c/18102333340693536
https://www.instagram.com/p/DTP2UXgkycP/,muhammad_nur2393,muhammad_nur2393,Muhammad Nur,False,https://scontent-dfw5-3.cdninstagram.com/v/t51.2885-19/43984580_331314037663642_6399901261344276480_n.jpg?stp=dst-jpg_e0_s150x150_tt6&_nc_cat=108&ig_cache_key=GMQmnwKaJ4YPVC0BAAAAAABKBNFYbkULAAAB1501500j-ccb7-5&ccb=7-5&_nc_sid=669407&efg=eyJ2ZW5jb2RlX3RhZyI6InByb2ZpbGVfcGljLnd3dy4xMDgwLkMzIn0%3D&_nc_ohc=1xxPsRGeP-UQ7kNvwEk8y2Z&_nc_oc=Adke4jR3lzkZ5_CuEKAGRolYAQmIhgL5s91FAEUGdvICewtJe3LCVovGON42Rl18uY4&_nc_ad=z-m&_nc_cid=0&_nc_zt=24&_nc_ht=scontent-dfw5-3.cdninstagram.com&oh=00_AfpO8jTe2kvc34Hnbj5QoIZ0OH3Ttx2ptV3rQNGurxU-6g&oe=6965E13B,Plin plan pks mah tinggal pilih menolak jgn pke mengkaji lg,2026-01-08T11:24:07.000Z,1,7,https://www.instagram.com/p/DTP2UXgkycP/c/17947227759082174
https://www.instagram.com/reel/DTNyR-mE-WG/,santosfandi,santosfandi,fandi santos,False,https://scontent-sjc6-1.cdninstagram.com/v/t51.2885-19/491508429_1700459447220063_124075171971271911_n.jpg?stp=dst-jpg_e0_s150x150_tt6&_nc_cat=108&ig_cache_key=GM3SSx1fd04RjwoGAOcMyya2zbgBbkULAAAB1501500j-ccb7-5&ccb=7-5&_nc_sid=669407&efg=eyJ2ZW5jb2RlX3RhZyI6InByb2ZpbGVfcGljLnd3dy43MjAuQzMifQ%3D%3D&_nc_ohc=-Uf7DmJuS28Q7kNvwEBfzIk&_nc_oc=AdlBv-TBfcgY6j7XrnGceYs3dx4aPX-twr_heYOf-5RTaNQZHMod_JXKo3pQ6h6MJ1Y&_nc_ad=z-m&_nc_cid=0&_nc_zt=24&_nc_ht=scontent-sjc6-1.cdninstagram.com&oh=00_AfpLiqgqtLo3zMZL8hljtINfFrbqFxSrzVeF0W1o8glaDg&oe=6965E679,Bubarin dpr,2026-01-08T11:09:05.000Z,0,0,https://www.instagram.com/p/DTNyR-mE-WG/c/18344465752228464
https://www.instagram.com/p/DTPdQ1SEwIQ/,aa_adam_jordan,aa_adam_jordan,aa adam jordan,False,https://scontent-lax3-1.cdninstagram.com/v/t51.82787-19/571817098_18384150514196687_8103795717835948534_n.jpg?stp=dst-jpg_e0_s150x150_tt6&_nc_cat=104&ig_cache_key=GIo8FSLPYOWYSVBBAPaB8QVFd3ZwbmNDAQAB1501500j-ccb7-5&ccb=7-5&_nc_sid=669407&efg=eyJ2ZW5jb2RlX3RhZyI6InByb2ZpbGVfcGljLnd3dy44OTQuQzMifQ%3D%3D&_nc_ohc=G7QNBugh6kQQ7kNvwG3EjTb&_nc_oc=Adm-VaB48NaqzJE6QzEyd3OYa5HH4NT8h5O-wv2IUccXhXZ46XC6UApyx_-wTHg1WME&_nc_ad=z-m&_nc_cid=0&_nc_zt=24&_nc_ht=scontent-lax3-1.cdninstagram.com&_nc_gid=cryy11YuEHez-MudfQeWOw&oh=00_AfqhvqVb0FQkIpmjSplF1S90_B4wrtcx8nl5GseUYOlW9g&oe=6965D182,"biaya pilkada lebih murah lewat DPRD, sesama tetangga rmh tdk saling gontok2kan krn perbedaan pilihan politiknya",2026-01-08T11:07:37.000Z,0,1,https://www.instagram.com/p/DTPdQ1SEwIQ/c/18115848289522235
https://www.instagram.com/reel/DTPlGxhkrrQ/,powerblue1234,powerblue1234,powerblue1234,False,https://scontent-arn2-1.cdninstagram.com/v/t51.89012-19/573323465_1219825463302212_7278921664109726296_n.png?stp=dst-webp_s150x150&_nc_cat=1&ig_cache_key=YW5vbnltb3VzX3Byb2ZpbGVfcGlj.3-ccb7-5&ccb=7-5&_nc_sid=669407&efg=eyJ2ZW5jb2RlX3RhZyI6InByb2ZpbGVfcGljLnd3dy5DMyJ9&_nc_ohc=RNOcSyqJy9IQ7kNvwHvwmKy&_nc_oc=Adk4VeKnxA6JyxPOQP5PLAm23fngFe4nO9qUWMdzAOm82BpoPvquEtpFuBCcqoJVF0g&_nc_ad=z-m&_nc_cid=0&_nc_zt=24&_nc_ht=scontent-arn2-1.cdninstagram.com&_nc_gid=nURkl9NkqOHrvdQxtPrAdw&oh=00_AfqPYpUlDiApePaOV-Nm1m-Ip5rJq8ShE-NEkg2cYmD8Ag&oe=6965DD19,"MAKIN NGOTOT KEPILIH ..... MAKIN MAHAL MODALNYA, NGAK PEDULI LEWAT RAKYAT ATAU DPRD 🫠🫠",2026-01-08T11:07:11.000Z,0,0,https://www.instagram.com/p/DTPlGxhkrrQ/c/18007700714831748
https://www.instagram.com/p/DTPhT66k2bU/,iin_mumu,iin_mumu,Iin Mumu,False,https://scontent-sjc3-1.cdninstagram.com/v/t51.2885-19/312233000_3559914337571152_1705735316169403083_n.jpg?stp=dst-jpg_e0_s150x150_tt6&_nc_cat=103&ig_cache_key=GChMnBJQkYUluaUMAMuqHZE7-asXbkULAAAB1501500j-ccb7-5&ccb=7-5&_nc_sid=669407&efg=eyJ2ZW5jb2RlX3RhZyI6InByb2ZpbGVfcGljLnd3dy4xMDgwLkMzIn0%3D&_nc_ohc=fGO1rFN1Y4IQ7kNvwEh0zRa&_nc_oc=Adm3G1Sl1kbktWfSncsYEHs8VawgxWpvbbpt7z0PGzqL0Jey-yvelsxArdns6yYLecY&_nc_ad=z-m&_nc_cid=0&_nc_zt=24&_nc_ht=scontent-sjc3-1.cdninstagram.com&oh=00_AfqWciiqUg5AbfhdfoF8rBSy9gODyaTfTRF2CZtyZ8vI_g&oe=6965D093,Walah gag enek KPPS kih,2026-01-08T10:57:53.000Z,0,1,https://www.instagram.com/p/DTPhT66k2bU/c/17995377050731245
https://www.instagram.com/p/DTPVEjJk8Rr/,kupiahirang92,kupiahirang92,Hizbullah,False,https://scontent-lax3-1.cdninstagram.com/v/t51.82787-19/551257572_17886006249364009_7214444987860821107_n.jpg?stp=dst-jpg_e0_s150x150_tt6&_nc_cat=102&ig_cache_key=GOSF2yApmvFYOos-AHOkCiF_2x5kbmNDAQAB1501500j-ccb7-5&ccb=7-5&_nc_sid=669407&efg=eyJ2ZW5jb2RlX3RhZyI6InByb2ZpbGVfcGljLnd3dy4xMDgwLkMzIn0%3D&_nc_ohc=ZwaeSHdevv0Q7kNvwGICq24&_nc_oc=AdlWdeb2l8BpAMvLxMFpnTqHRopZ16FWuk9C0OnZ8RtxWTONc0KOTKv9fb4GOq0h4OU&_nc_ad=z-m&_nc_cid=0&_nc_zt=24&_nc_ht=scontent-lax3-1.cdninstagram.com&_nc_gid=Can16ZvQ6kyeVg8qghNe2g&oh=00_Afr82brP10j_7V2IObGBYavEShI_A_7EIVGxlJRxUHFCUQ&oe=6965F686,PDI-P mode oposisi 🔥🔥🔥,2026-01-08T10:55:02.000Z,24,0,https://www.instagram.com/p/DTPVEjJk8Rr/c/18062878757641034
https://www.instagram.com/p/DTPVEjJk8Rr/,jeremilacosta,jeremilacosta,Jeremi Lacosta,False,https://scontent-lax3-1.cdninstagram.com/v/t51.82787-19/541209246_18518714629040845_5375496191029432499_n.jpg?stp=dst-jpg_e0_s150x150_tt6&_nc_cat=104&ig_cache_key=GJ4yQiDNKik-rMpBALNQxh1OmZlKbmNDAQAB1501500j-ccb7-5&ccb=7-5&_nc_sid=669407&efg=eyJ2ZW5jb2RlX3RhZyI6InByb2ZpbGVfcGljLnd3dy4xMDgwLkMzIn0%3D&_nc_ohc=tVokF7Idzr8Q7kNvwEJSNf8&_nc_oc=Adlj56L2tamUgsVaug0nKSqifKGbQXa0vtX8iaDR-CC5ma3pYf8OZs41dh32_lJfW68&_nc_ad=z-m&_nc_cid=0&_nc_zt=24&_nc_ht=scontent-lax3-1.cdninstagram.com&_nc_gid=Can16ZvQ6kyeVg8qghNe2g&oh=00_AfoIe6xSxG95sJy91kL9bQH5xCYiqlFBMo814ac_Q-SxLQ&oe=6965F104,"Jika tidak ada pilkada, maka secara otomatis beban kerja KPU akan berkurang. Apa mungkin ada wacana juga kalau komisioner KPU menjadi badan adhoc? Karena kalau tetap menjabat 5tahun padahal beban kerja berkurang, sayang anggaran untuk biaya operasional ke KPU",2026-01-08T10:54:56.000Z,8,4,https://www.instagram.com/p/DTPVEjJk8Rr/c/17983674350778881
https://www.instagram.com/p/DTO8TY3k-6u/,arria4553,arria4553,"Matahari Senja, ST.",False,https://scontent-sjc6-1.cdninstagram.com/v/t51.2885-19/338949245_171292045784317_7729361659353198319_n.jpg?stp=dst-jpg_e0_s150x150_tt6&_nc_cat=101&ig_cache_key=GH30MxT9tIoJypsAAO9uRS56NURrbkULAAAB1501500j-ccb7-5&ccb=7-5&_nc_sid=669407&efg=eyJ2ZW5jb2RlX3RhZyI6InByb2ZpbGVfcGljLnd3dy4xMDgwLkMzIn0%3D&_nc_ohc=sm1lQoIYzEgQ7kNvwGcNmvm&_nc_oc=AdlE1O_urJZxviIWDoxZKtXJeQGo_P5UxIdxqdJufLnvbhvMxb3IH0aAF3AfFvvB6Ec&_nc_ad=z-m&_nc_cid=0&_nc_zt=24&_nc_ht=scontent-sjc6-1.cdninstagram.com&oh=00_AfpiUFgEE_YgVLWkBSQ2rojro0O-nyD9tfZPvBKQu-dlFA&oe=6965ED87,Selamat datang jual beli kursi,2026-01-08T10:39:18.000Z,0,0,https://www.instagram.com/p/DTO8TY3k-6u/c/18099734344849690
https://www.instagram.com/p/DTPhT66k2bU/,roomvapemadiun,roomvapemadiun,ROOM VAPESTORE MADIUN est. 2016,False,https://scontent-sjc3-1.cdninstagram.com/v/t51.2885-19/449719171_659039243104304_6174861178620024241_n.jpg?stp=dst-jpg_e0_s150x150_tt6&_nc_cat=110&ig_cache_key=GIMrzhowcPqHZFcCALEV-7CGg7FVbkULAAAB1501500j-ccb7-5&ccb=7-5&_nc_sid=669407&efg=eyJ2ZW5jb2RlX3RhZyI6InByb2ZpbGVfcGljLnd3dy4zMjAuQzMifQ%3D%3D&_nc_ohc=3dP1ohVhdkUQ7kNvwHAHb_W&_nc_oc=AdmyLBfz-WhK2XDshVRFCN--GeJW-o6iRn935sQgvoGhAwYl4D4TxSdJecQzjf4Flkw&_nc_ad=z-m&_nc_cid=0&_nc_zt=24&_nc_ht=scontent-sjc3-1.cdninstagram.com&oh=00_AfoSLlaEH6WeHZO3SvlLltrtdAzgc-ZKqp-8SjRSpPPNEA&oe=6965F546,Tebak partai opo sing ngajukne👏👏,2026-01-08T10:35:41.000Z,3,4,https://www.instagram.com/p/DTPhT66k2bU/c/18085508036121538
https://www.instagram.com/p/DTPhT66k2bU/,ledyariyanto,ledyariyanto,Ledy Ariyanto,False,https://scontent-sjc6-1.cdninstagram.com/v/t51.2885-19/361734794_2245816688943640_2734660251483082244_n.jpg?stp=dst-jpg_e0_s150x150_tt6&_nc_cat=109&ig_cache_key=GIqijxUYovnxjvoHAASOB4cCd-MlbkULAAAB1501500j-ccb7-5&ccb=7-5&_nc_sid=669407&efg=eyJ2ZW5jb2RlX3RhZyI6InByb2ZpbGVfcGljLnd3dy43MjAuQzMifQ%3D%3D&_nc_ohc=4VUKxupjjA0Q7kNvwG8M7MA&_nc_oc=Admgtoak53LldXRH14R0vwJTZyzXIvkQassGwNHVfOLiqBQtTN2F7GDzTYkUJGrJvcw&_nc_ad=z-m&_nc_cid=0&_nc_zt=24&_nc_ht=scontent-sjc6-1.cdninstagram.com&oh=00_Afpak_Xme5daVBKMdrM81rNjZuXQ3f1Ccc_v5s7gNhVFCA&oe=6965F734,"Piye neh Iki?, lak GK enek prei pilkada nu",2026-01-08T10:24:20.000Z,3,1,https://www.instagram.com/p/DTPhT66k2bU/c/18093017657485827
https://www.instagram.com/reel/DTPlGxhkrrQ/,andreyhehanusa,andreyhehanusa,安德烈·赫哈努薩,False,https://scontent-arn2-1.cdninstagram.com/v/t51.82787-19/604879630_18102063478703253_4582019067639814056_n.jpg?stp=dst-jpg_e0_s150x150_tt6&_nc_cat=107&ig_cache_key=GA67DSSVhFkXu09AAKjXvMAQmpY-bmNDAQAB1501500j-ccb7-5&ccb=7-5&_nc_sid=669407&efg=eyJ2ZW5jb2RlX3RhZyI6InByb2ZpbGVfcGljLnd3dy4xMDgwLkMzIn0%3D&_nc_ohc=BG3dfz-yw-gQ7kNvwETld5S&_nc_oc=AdnrJAM4fIOrvmbrDpP5Q-E-epIHvqqSANNR9WGLUvZlduMyakYY6ExSncB7Qs1ehOc&_nc_ad=z-m&_nc_cid=0&_nc_zt=24&_nc_ht=scontent-arn2-1.cdninstagram.com&_nc_gid=nURkl9NkqOHrvdQxtPrAdw&oh=00_AfoVjbjGqHbkur6b5JoQjUO8rRD20y17zYin555IbXPA5A&oe=6965D167,Padahal udah bener Prabowo mesti mengubah langsung ke 0% Presidensial Tresshold!,2026-01-08T10:13:50.000Z,0,0,https://www.instagram.com/p/DTPlGxhkrrQ/c/17929439943036661
https://www.instagram.com/p/DTPdQ1SEwIQ/,telnas9,telnas9,telnas,False,https://scontent-lax3-2.cdninstagram.com/v/t51.82787-19/606631176_17864309178548516_7808876971787406719_n.jpg?stp=dst-jpg_e0_s150x150_tt6&_nc_cat=100&ig_cache_key=GAh1KCQkwb6afnc-AH-NHY47tF5sbmNDAQAB1501500j-ccb7-5&ccb=7-5&_nc_sid=669407&efg=eyJ2ZW5jb2RlX3RhZyI6InByb2ZpbGVfcGljLnd3dy4xMDgwLkMzIn0%3D&_nc_ohc=Ic7iFZzOGEoQ7kNvwHHyp7h&_nc_oc=AdmAjgkXzV9rMkGvT6e0GErpFY65cm3kbmABQUND870P_l6CVA3h5gAz4I1eiFkl8Ys&_nc_ad=z-m&_nc_cid=0&_nc_zt=24&_nc_ht=scontent-lax3-2.cdninstagram.com&_nc_gid=cryy11YuEHez-MudfQeWOw&oh=00_AfrifEtyUaubqSTsRyLWvKqltx8fLTP-vWkOv76vEjY9yQ&oe=6965EFA8,Otaknya pada kerasukan iblis kekuasaan,2026-01-08T10:12:03.000Z,0,0,https://www.instagram.com/p/DTPdQ1SEwIQ/c/18088801448055351
https://www.instagram.com/p/DTNI9BkgNzc/,qheeachmad,qheeachmad,RISKY .MN,False,https://scontent-sjc3-1.cdninstagram.com/v/t51.2885-19/134819873_1094172054381315_3427546267916531484_n.jpg?stp=dst-jpg_e0_s150x150_tt6&_nc_cat=105&ig_cache_key=GCEwCQgD45-IJOMDABx3YbYrF5EvbkULAAAB1501500j-ccb7-5&ccb=7-5&_nc_sid=669407&efg=eyJ2ZW5jb2RlX3RhZyI6InByb2ZpbGVfcGljLnd3dy43NjguQzMifQ%3D%3D&_nc_ohc=z_MRwd4VUaYQ7kNvwHnZKBN&_nc_oc=Adk3roJuBNj4urvKdCzH0IbK3ztwC3zBiXZLiIgDjpQSz8P29ShgnX17nxf99RItbA8&_nc_ad=z-m&_nc_cid=0&_nc_zt=24&_nc_ht=scontent-sjc3-1.cdninstagram.com&oh=00_Afq-mVRF2pv_mUWWlMFah0aEZS00prfrj8BLJ7xil1FPnA&oe=6965EB07,"Nah kan 66,1 % ... Kok bisa kemarin menang 58% 😂😂",2026-01-08T10:07:51.000Z,1,0,https://www.instagram.com/p/DTNI9BkgNzc/c/18065031194629266
https://www.instagram.com/p/DTPjeC6D4gL/,saraharifinn,saraharifinn,Sarah Azzahra A,False,https://scontent-sjc6-1.cdninstagram.com/v/t51.82787-19/557566252_18537841630019645_7392022308296471579_n.jpg?stp=dst-jpg_e0_s150x150_tt6&_nc_cat=104&ig_cache_key=GCzJOyE9gEKZEdxBABs0xvEfvZVmbmNDAQAB1501500j-ccb7-5&ccb=7-5&_nc_sid=669407&efg=eyJ2ZW5jb2RlX3RhZyI6InByb2ZpbGVfcGljLnd3dy44MjguQzMifQ%3D%3D&_nc_ohc=vs8tG5D5EV8Q7kNvwH2UH3U&_nc_oc=AdnRnJ5LtWFuNhuhPtl-P87CC2g-WVJXwLOdc-nH1NRDDf-13KyuaYPf-VpbTeTQ_xg&_nc_ad=z-m&_nc_cid=0&_nc_zt=24&_nc_ht=scontent-sjc6-1.cdninstagram.com&_nc_gid=MXF8XLMA9xF_9MAgF9BNew&oh=00_AfqihQrmNMWYNesps_-yHv-dTLD99csl68dw_jJP0bFvlw&oe=6965E970,makna Demokrat itu apa ya harusnya? 🙏🏻🙂,2026-01-08T09:57:23.000Z,5,0,https://www.instagram.com/p/DTPjeC6D4gL/c/17864851230554152
https://www.instagram.com/p/DTPjeC6D4gL/,fantasi4.0,fantasi4.0,Fantasi4.0⚡,False,https://scontent-sjc3-1.cdninstagram.com/v/t51.82787-19/573696223_18128969266496156_6508299970479596744_n.jpg?stp=dst-jpg_e0_s150x150_tt6&_nc_cat=106&ig_cache_key=GN-oMSKcAkaVM2hAAMgkHzhXIFJabmNDAQAB1501500j-ccb7-5&ccb=7-5&_nc_sid=669407&efg=eyJ2ZW5jb2RlX3RhZyI6InByb2ZpbGVfcGljLnd3dy4xMDgwLkMzIn0%3D&_nc_ohc=eSW6gXk0NwEQ7kNvwF_l0rW&_nc_oc=Adlgu0WfqCk-OKZRepxMiJHqN99CU_rq1Bf8ibiJB8b02wJnIggWjaGJ7JyWyf-GJSU&_nc_ad=z-m&_nc_cid=0&_nc_zt=24&_nc_ht=scontent-sjc3-1.cdninstagram.com&_nc_gid=MXF8XLMA9xF_9MAgF9BNew&oh=00_AfpjWper12A9rv-H7evVF5bT51PM9-db6Kfb63FLK5sV-g&oe=6965F8FE,DPRD makin petantang petenteng selama ini pun gak keliatan kerja nya,2026-01-08T09:57:19.000Z,3,1,https://www.instagram.com/p/DTPjeC6D4gL/c/17863575993557332
https://www.instagram.com/p/DTKT8IQknPu/,roni.cahyapraba,roni.cahyapraba,roni.cahyapraba,False,https://scontent-dfw5-1.cdninstagram.com/v/t51.82787-19/533950472_17943408513031191_1425557330058880971_n.jpg?stp=dst-jpg_e0_s150x150_tt6&_nc_cat=105&ig_cache_key=GAhw0x8XnHpab78-AMsnHbnWmMgTbmNDAQAB1501500j-ccb7-5&ccb=7-5&_nc_sid=669407&efg=eyJ2ZW5jb2RlX3RhZyI6InByb2ZpbGVfcGljLnd3dy4xMDgwLkMzIn0%3D&_nc_ohc=ENAVwb7amsYQ7kNvwF2nsnV&_nc_oc=AdkT08Ed1w220elJsHxiWK6LoIjGJ74ouvylNSbCLtpXuK0RFP27Rt0pbpbmCnEMdZs&_nc_ad=z-m&_nc_cid=0&_nc_zt=24&_nc_ht=scontent-dfw5-1.cdninstagram.com&_nc_gid=JJ9Jp7Jfx70SoIrvuXg81w&oh=00_Afq0UJjTUX-D-jPfbbeGOVTQB5y1nBdS2H5YKWVhQUC8jA&oe=6965DF2E,❤🇲🇨,2026-01-08T09:50:49.000Z,1,0,https://www.instagram.com/p/DTKT8IQknPu/c/18107747308662429
https://www.instagram.com/p/DTPjeC6D4gL/,mj_abimanyu,mj_abimanyu,Jason Abimanyu,False,https://scontent-sjc3-1.cdninstagram.com/v/t51.82787-19/542857615_18080302448494735_3715990731595437263_n.jpg?stp=dst-jpg_e0_s150x150_tt6&_nc_cat=110&ig_cache_key=GI9ZWyCPyN908DtAAM-UY9nh2ZEzbmNDAQAB1501500j-ccb7-5&ccb=7-5&_nc_sid=669407&efg=eyJ2ZW5jb2RlX3RhZyI6InByb2ZpbGVfcGljLnd3dy4xMDgwLkMzIn0%3D&_nc_ohc=DokvZoifCA4Q7kNvwFUFLmz&_nc_oc=Adm0FR4NC2NO5qiRXGDhX16t1-NSs89AxFRLX6Jk4Ct_EPPDaacafERA7cnCMRxQb5w&_nc_ad=z-m&_nc_cid=0&_nc_zt=24&_nc_ht=scontent-sjc3-1.cdninstagram.com&_nc_gid=MXF8XLMA9xF_9MAgF9BNew&oh=00_AfqCz9Vt3N9J2-7N9pSZC4Suhy_ywOCsh4nUXjX8ygHf3g&oe=6965DF2F,Padahal nama partainya demokrat.,2026-01-08T09:39:20.000Z,1,0,https://www.instagram.com/p/DTPjeC6D4gL/c/17846149770637027
https://www.instagram.com/p/DTO8TY3k-6u/,berry.prastyo,berry.prastyo,Bernardus Prastyo Rahardjo,False,https://scontent-sjc6-1.cdninstagram.com/v/t51.75761-19/500399384_18398710690106505_8533807060389735357_n.jpg?stp=dst-jpg_e0_s150x150_tt6&_nc_cat=109&ig_cache_key=GBh90x2JTAKnh11BAL0rQLBOLG52bvEnAQAB1501500j-ccb7-5&ccb=7-5&_nc_sid=669407&efg=eyJ2ZW5jb2RlX3RhZyI6InByb2ZpbGVfcGljLnd3dy4xMDgwLkMzIn0%3D&_nc_ohc=GvtgaWNcHKMQ7kNvwE3zlEG&_nc_oc=Adn8eAWkvtFrIVekwNroQvbIJfnuuLDeCPFYZNhfr_3zvhR_ALzHt123i-vX3S48P0c&_nc_ad=z-m&_nc_cid=0&_nc_zt=24&_nc_ht=scontent-sjc6-1.cdninstagram.com&_nc_gid=WuIiFpwatoT5ABZBiRNJPQ&oh=00_AfpylbS2L8biPFWUNLPwGmcnEqAQc-M2TMlKSn50iirN-A&oe=6965EC3A,"Nanti banyak²kan aj sama yg demo Dateng ke gedung DPR, dijamin lebih banyak dari 300 suara 🤣🤣🤣🤣🤣",2026-01-08T09:31:39.000Z,0,0,https://www.instagram.com/p/DTO8TY3k-6u/c/18556489093052637
https://www.instagram.com/reel/DTPlGxhkrrQ/,a.afrizal,a.afrizal,Afrizal,False,https://scontent-arn2-1.cdninstagram.com/v/t51.2885-19/12750263_580347832122251_1006827735_a.jpg?stp=dst-jpg_e0_s150x150_tt6&_nc_cat=106&ig_cache_key=GLeNwgCLO2HC0g8CANf4AjwAAAAAYUULAAAB1501500j-ccb7-5&ccb=7-5&_nc_sid=669407&efg=eyJ2ZW5jb2RlX3RhZyI6InByb2ZpbGVfcGljLnd3dy4xMDgwLkMzIn0%3D&_nc_ohc=nnHIB6pR5VEQ7kNvwFvCN8D&_nc_oc=Adk_pJyi-rNubPChCw_dlHxtq13neNcFn7r02AG1ZE2kr1GRIauKfh7WIaJebyTIOog&_nc_ad=z-m&_nc_cid=0&_nc_zt=24&_nc_ht=scontent-arn2-1.cdninstagram.com&oh=00_Afpbk3weYOX6ohXavQfUJiJ32grUasVt7SJDVIn7VIfb9g&oe=6965E084,Dipilih rakyat juga rakyat nya mudah disogok pak Sarwi dikasih sembako lalu pilih yang ngasih.,2026-01-08T09:27:04.000Z,0,0,https://www.instagram.com/p/DTPlGxhkrrQ/c/18080184517970996
https://www.instagram.com/reel/DTPlGxhkrrQ/,zadamz2024,zadamz2024,Z. AdamZ,False,https://scontent-arn2-1.cdninstagram.com/v/t51.2885-19/448329104_1914503332335393_8666168837742314077_n.jpg?stp=dst-jpg_e0_s150x150_tt6&_nc_cat=110&ig_cache_key=GJD1uBohjwsLO80GAF3CMIGkakR4bkULAAAB1501500j-ccb7-5&ccb=7-5&_nc_sid=669407&efg=eyJ2ZW5jb2RlX3RhZyI6InByb2ZpbGVfcGljLnd3dy4xMDgwLkMzIn0%3D&_nc_ohc=Wuk2uuShxG8Q7kNvwEH7bDk&_nc_oc=AdmR-K7DithD3Ga84RncvniraRzkNO9HhBq3Frqk6RmxyKRh_9SODr4BL-jSyHAG2Ok&_nc_ad=z-m&_nc_cid=0&_nc_zt=24&_nc_ht=scontent-arn2-1.cdninstagram.com&oh=00_AfqvPbI4qESbfRirHcXfCnGktnVifLndihEpRm91X1Pp4g&oe=6965D7AF,Pilkada langsung saja ga mensejahterakan rakyat apalagi lewat DPRD....makin ga peduli dengan rakyat.... hancur-hancur,2026-01-08T09:24:51.000Z,5,0,https://www.instagram.com/p/DTPlGxhkrrQ/c/18390168913177684
https://www.instagram.com/p/DTPdQ1SEwIQ/,helmirahardjo,helmirahardjo,Helmi Rahardjo,False,https://scontent-lax3-2.cdninstagram.com/v/t51.2885-19/14288059_169554046782690_821785509_a.jpg?stp=dst-jpg_e0_tt6&_nc_cat=103&ig_cache_key=GLsE2gDijLpgNZoAAKVz_zAAAAAAYUULAAAB1501500j-ccb7-5&ccb=7-5&_nc_sid=669407&efg=eyJ2ZW5jb2RlX3RhZyI6InByb2ZpbGVfcGljLnd3dy4xNTAuQzMifQ%3D%3D&_nc_ohc=ve3JNBPLk_QQ7kNvwGAlBxH&_nc_oc=AdlJhmtVk5s_zQqYZMLDOrapXMR6lB6bi2Xe6gMb_VcfhUtu0ooRFnTcPfmc5wZQAuk&_nc_ad=z-m&_nc_cid=0&_nc_zt=24&_nc_ht=scontent-lax3-2.cdninstagram.com&oh=00_AfrIzQh-DPbjJqgdL5pNiecnSmM2ubX1Zeg_NYN3eKFGIw&oe=6965CCCE,Logikanya rakyat memilih DPR dan DPRD untuk mengawasi pemerintah yang dipilih oleh rakyat di tingkat 2 tingkat1 dan pusat,2026-01-08T09:21:06.000Z,1,0,https://www.instagram.com/p/DTPdQ1SEwIQ/c/17959508810895907
https://www.instagram.com/p/DTPjeC6D4gL/,frenky.diory,frenky.diory,Frenky D. Sianturi,False,https://scontent-sjc6-1.cdninstagram.com/v/t51.82787-19/559157671_18427718713097452_4623920468876513614_n.jpg?stp=dst-jpg_e0_s150x150_tt6&_nc_cat=104&ig_cache_key=GKcRVCHsPOqb6XdBAE7RCvkqdytAbmNDAQAB1501500j-ccb7-5&ccb=7-5&_nc_sid=669407&efg=eyJ2ZW5jb2RlX3RhZyI6InByb2ZpbGVfcGljLnd3dy4xMDgwLkMzIn0%3D&_nc_ohc=B-zpzWWFmQgQ7kNvwH-iDP0&_nc_oc=AdkbOxQNWqrqFcr9t8cXd6dGGhlMmaaaKRcpg6I3ndUhoXXmM5ERGZ60bK8gDzUeFQA&_nc_ad=z-m&_nc_cid=0&_nc_zt=24&_nc_ht=scontent-sjc6-1.cdninstagram.com&_nc_gid=MXF8XLMA9xF_9MAgF9BNew&oh=00_AfoUjoO169ELRtrdwTVPu6erPzB31N2G00f_ko8r_6BvGw&oe=6965EC8F,Lah lah kok beda sama twitnya SBY 😂,2026-01-08T09:19:54.000Z,67,2,https://www.instagram.com/p/DTPjeC6D4gL/c/18107660254587942
https://www.instagram.com/reel/DTO4LbujxIN/,ismat_tuani,ismat_tuani,Hidan,False,https://scontent-eze1-1.cdninstagram.com/v/t51.82787-19/611307666_18040168550727428_7715864792581504969_n.jpg?stp=dst-jpg_e0_s150x150_tt6&_nc_cat=102&ig_cache_key=GJLQbyQEfycOcBdAAMl-wwAmQhRrbmNDAQAB1501500j-ccb7-5&ccb=7-5&_nc_sid=669407&efg=eyJ2ZW5jb2RlX3RhZyI6InByb2ZpbGVfcGljLnd3dy4xMDgwLkMzIn0%3D&_nc_ohc=G3eslFmLNjUQ7kNvwFKKDY6&_nc_oc=Adn5hXAAqtXGrUZqMmeymq-nLsI-7cuPw7yRwONkHdua5i60kBe1VK_n4SrnPhG-n3A&_nc_ad=z-m&_nc_cid=0&_nc_zt=24&_nc_ht=scontent-eze1-1.cdninstagram.com&_nc_gid=Xt2Yfm6YxZzyJGvMQ6Nusw&oh=00_Afqtwpjq5xx5NMyhyMXj22tZnX2nWQzmTNhPWURaBdv1jg&oe=6965D57C,🔥🔥👏,2026-01-08T09:19:33.000Z,0,0,https://www.instagram.com/p/DTO4LbujxIN/c/18423206425118776
https://www.instagram.com/p/DTPhT66k2bU/,hand_aini,hand_aini,hand_aini,False,https://scontent-sjc3-1.cdninstagram.com/v/t51.2885-19/344165199_178865441347928_5231932414700915976_n.jpg?stp=dst-jpg_e0_s150x150_tt6&_nc_cat=100&ig_cache_key=GE_LgxRYGRhbraIAAAiNGavPjptIbkULAAAB1501500j-ccb7-5&ccb=7-5&_nc_sid=669407&efg=eyJ2ZW5jb2RlX3RhZyI6InByb2ZpbGVfcGljLnd3dy4xMDgwLkMzIn0%3D&_nc_ohc=9DyOKFz0068Q7kNvwHw_ZLl&_nc_oc=AdnpHR4X0S7cFMaG4ZfaFQArp9ykrFu8NNBuBUNGN-PpT9SfbGy0rR9wZ-aYw7v6Wuk&_nc_ad=z-m&_nc_cid=0&_nc_zt=24&_nc_ht=scontent-sjc3-1.cdninstagram.com&oh=00_AfqB3n1v7_I1UvOE3cIrXKEZ3l3dYcc_C3I5fn5AeRDSjw&oe=6965E72D,Dpr kan wakil rakyat...kenapa tidak tanya ke rakyat dl sebelum mengambil keputusan🤔🤔,2026-01-08T09:15:31.000Z,4,0,https://www.instagram.com/p/DTPhT66k2bU/c/17857116621595800
https://www.instagram.com/reel/DTNBc-nCTRR/,made_astra_fisika_channel,made_astra_fisika_channel,"Prof. Dr. I Made Astra, M.Si.",False,https://scontent-lax3-1.cdninstagram.com/v/t51.2885-19/432560574_774140447588990_5626661837359367766_n.jpg?stp=dst-jpg_e0_s150x150_tt6&_nc_cat=104&ig_cache_key=GL5ZyBl_gmKeE8ACAFZGDTch6xVObkULAAAB1501500j-ccb7-5&ccb=7-5&_nc_sid=669407&efg=eyJ2ZW5jb2RlX3RhZyI6InByb2ZpbGVfcGljLnd3dy4xMDgwLkMzIn0%3D&_nc_ohc=QDAxL5yrURQQ7kNvwEbjA8b&_nc_oc=AdmWwzfYe0SuArGNtMt3iGUTIHH8f_gbTNeFvkf7LdB7e1uUOYBcrU6q_SI_KByB2TA&_nc_ad=z-m&_nc_cid=0&_nc_zt=24&_nc_ht=scontent-lax3-1.cdninstagram.com&oh=00_Afq_TyxnnL9gX6bRuZGdEtRWAujHQas679PpCJTRzgeSxw&oe=6965CDB9,❤️❤️❤️❤️,2026-01-08T09:09:21.000Z,1,0,https://www.instagram.com/p/DTNBc-nCTRR/c/18075880427460016
https://www.instagram.com/p/DTKdXX1j0mq/,djintak,djintak,Asiong Djintak,False,https://scontent-iad3-1.cdninstagram.com/v/t51.2885-19/347171760_118422947915768_4538212842856975284_n.jpg?stp=dst-webp_s150x150&_nc_cat=110&cb=8438d1d6-aa1c7732&ig_cache_key=GLBrsRT4Z759tGsAALQLmz2J_Po_bkULAAAB1501500w-ccb7-5-cb8438d1d6-aa1c7732&ccb=7-5&_nc_sid=669407&efg=eyJ2ZW5jb2RlX3RhZyI6InByb2ZpbGVfcGljLnd3dy45NTguQzMifQ%3D%3D&_nc_ohc=DGC7Iw5803AQ7kNvwFM1Ke-&_nc_oc=AdkQcZbx-3oc32Sj9qZ771ab3oRONPaDsOiDZsgmaatFUE9eRl1rb-WOJ-A1Pl4aLDM&_nc_ad=z-m&_nc_cid=0&_nc_zt=24&_nc_ht=scontent-iad3-1.cdninstagram.com&oh=00_AfqIcpPHVFT-GVMyp40fChR06D1Ri3PBTh1MRA8Y7TwOAw&oe=6965E125,🤣🤣🤣🤣🤣🤣🤣🤣🤣👏👏👏,2026-01-08T09:04:50.000Z,1,0,https://www.instagram.com/p/DTKdXX1j0mq/c/18123719659541789
https://www.instagram.com/p/DTO8TY3k-6u/,boc.ilin,boc.ilin,,False,https://scontent-sjc3-1.cdninstagram.com/v/t51.2885-19/363503784_1274145249900926_8159625574776290191_n.jpg?stp=dst-jpg_e0_s150x150_tt6&_nc_cat=105&ig_cache_key=GKigqhV_OQMP1IYEAI_7u4w60DxxbkULAAAB1501500j-ccb7-5&ccb=7-5&_nc_sid=669407&efg=eyJ2ZW5jb2RlX3RhZyI6InByb2ZpbGVfcGljLnd3dy4zMjAuQzMifQ%3D%3D&_nc_ohc=8uYMWiaeob0Q7kNvwG9Xbxx&_nc_oc=AdmquQDAY3YY8TjU1u0ArIn-9uzaNv-BQ3_2OmAq0RwAm36Q06hIygf4y54p7H-t_Ds&_nc_ad=z-m&_nc_cid=0&_nc_zt=24&_nc_ht=scontent-sjc3-1.cdninstagram.com&oh=00_AfpZtbDeo4NmILO1Rp1CesahlmjUTBrzmhwCei2T6AkVWw&oe=6965FAF5,Ya benar berarti bubar negara,2026-01-08T09:01:23.000Z,1,0,https://www.instagram.com/p/DTO8TY3k-6u/c/18051488591441873
https://www.instagram.com/p/DTPjeC6D4gL/,l.setyaa,l.setyaa,l.setya,False,https://scontent-sjc6-1.cdninstagram.com/v/t51.2885-19/367365556_2840926329375979_6385042080871866446_n.jpg?stp=dst-jpg_e0_s150x150_tt6&_nc_cat=101&ig_cache_key=GLSN5RXrDLK0zhcKAE7gSXLxOZxYbkULAAAB1501500j-ccb7-5&ccb=7-5&_nc_sid=669407&efg=eyJ2ZW5jb2RlX3RhZyI6InByb2ZpbGVfcGljLnd3dy42OTcuQzMifQ%3D%3D&_nc_ohc=QrKRJ-oq7CUQ7kNvwGvhSP-&_nc_oc=AdneEw8IPBX5ZkgU7qtrwX_wI8H9d7iNF_DpFuh8pa6LdWXeR9XZCKb2xWvbpLqpgmY&_nc_ad=z-m&_nc_cid=0&_nc_zt=24&_nc_ht=scontent-sjc6-1.cdninstagram.com&oh=00_AfpU8POE1cCSDWw95DmXPD7TSvQHr9Ffy310X769Io6gSg&oe=6965E330,Percuma ada reformasi klo ujung2e ordebaru bangkit,2026-01-08T08:55:43.000Z,8,0,https://www.instagram.com/p/DTPjeC6D4gL/c/17862838029559970
https://www.instagram.com/p/DTPjeC6D4gL/,jonathan_gurkie,jonathan_gurkie,Yoseph Sembiring Bre Tiganna,False,https://scontent-sjc3-1.cdninstagram.com/v/t51.2885-19/472469606_9012748822152142_7304059103689466362_n.jpg?stp=dst-jpg_e0_s150x150_tt6&_nc_cat=100&ig_cache_key=GGZQKRzOg-4bDAUgAPph3mUOO11lbkULAAAB1501500j-ccb7-5&ccb=7-5&_nc_sid=669407&efg=eyJ2ZW5jb2RlX3RhZyI6InByb2ZpbGVfcGljLnd3dy4xMDgwLkMzIn0%3D&_nc_ohc=HplkPeZGCksQ7kNvwFJJFKw&_nc_oc=AdmCeTgaeJKVjIU7rd7oLvoKbA2dflfWQy-jFuEWSg5004cIiOtSRdOzBLM-whi4eHY&_nc_ad=z-m&_nc_cid=0&_nc_zt=24&_nc_ht=scontent-sjc3-1.cdninstagram.com&oh=00_Afr51ud4RZkrUgmkOcAknML1rZmFdyfUZguqZynp0yEpOw&oe=6965D5FB,"Udah bagus bagus ibu megawati membuat pemilu di pilih rakyat, malah makin kesini makin kebelakang pola pikirnya",2026-01-08T08:53:22.000Z,3,0,https://www.instagram.com/p/DTPjeC6D4gL/c/17934014784141274
https://www.instagram.com/p/DTPjeC6D4gL/,bulanramadhan23,bulanramadhan23,Taufiq Ramadhan. A,False,https://scontent-sjc6-1.cdninstagram.com/v/t51.2885-19/434605908_306258575576385_1041212649289516172_n.jpg?stp=dst-jpg_e0_s150x150_tt6&_nc_cat=108&ig_cache_key=GFSP5xlBTZthihYBAIyEi1BjIXMObkULAAAB1501500j-ccb7-5&ccb=7-5&_nc_sid=669407&efg=eyJ2ZW5jb2RlX3RhZyI6InByb2ZpbGVfcGljLnd3dy4xMDgwLkMzIn0%3D&_nc_ohc=-RH-quPPGlwQ7kNvwFfYzQR&_nc_oc=Admyeg_BihtQCOoqedNo28ZWoJyWHV05ViVZZN6brIenbhkqQbGcjg8-vkmc53_Z1Ss&_nc_ad=z-m&_nc_cid=0&_nc_zt=24&_nc_ht=scontent-sjc6-1.cdninstagram.com&oh=00_Afob-97lE3uMgSahQLZS-rLM3io1k-EoGM1E1Y52ZIpx3g&oe=6965DC36,Demokrat hanya nama 😂,2026-01-08T08:51:31.000Z,28,0,https://www.instagram.com/p/DTPjeC6D4gL/c/18086616794033486
https://www.instagram.com/p/DTPjeC6D4gL/,ifransudrajat,ifransudrajat,irfan,False,https://scontent-sjc6-1.cdninstagram.com/v/t51.75761-19/505388814_18192626779310443_4832046526003308325_n.jpg?stp=dst-jpg_e0_s150x150_tt6&_nc_cat=104&ig_cache_key=GA6fHx5rSbYAGaJAACVnltC24A5DbvEnAQAB1501500j-ccb7-5&ccb=7-5&_nc_sid=669407&efg=eyJ2ZW5jb2RlX3RhZyI6InByb2ZpbGVfcGljLnd3dy4xMDgwLkMzIn0%3D&_nc_ohc=jskI7HHA8hQQ7kNvwEpGu0-&_nc_oc=AdkohrQeyYgIm68y7pLTzdXQ487YI77afz1E2JCVypUGjUhMUwl-xEu91v6_wo30GWI&_nc_ad=z-m&_nc_cid=0&_nc_zt=24&_nc_ht=scontent-sjc6-1.cdninstagram.com&_nc_gid=MXF8XLMA9xF_9MAgF9BNew&oh=00_AfrGVPqN2mWVdTGLC9rZJBWeorgCjv0jVoubHAGt7oq8GQ&oe=6965F062,halahh halahh,2026-01-08T08:50:35.000Z,0,1,https://www.instagram.com/p/DTPjeC6D4gL/c/18091789219772250
https://www.instagram.com/p/DTPjeC6D4gL/,adamputrart,adamputrart,Adm,False,https://scontent-sjc6-1.cdninstagram.com/v/t51.2885-19/483466644_2063398494122865_481791689952596274_n.jpg?stp=dst-jpg_e0_s150x150_tt6&_nc_cat=107&ig_cache_key=GJQd0Rxxs0VmplQHADIRXEf9qq8GbkULAAAB1501500j-ccb7-5&ccb=7-5&_nc_sid=669407&efg=eyJ2ZW5jb2RlX3RhZyI6InByb2ZpbGVfcGljLnd3dy4xMDc5LkMzIn0%3D&_nc_ohc=VOCv59ENLU0Q7kNvwFlklY8&_nc_oc=Adk-y4E60YVrN5cenu1ZPADLdiIG8j_tzsWaRZorgjF9ZjYw9C03GqBOOfpRtPQEsoc&_nc_ad=z-m&_nc_cid=0&_nc_zt=24&_nc_ht=scontent-sjc6-1.cdninstagram.com&oh=00_AfoZ-DvMssa-7M9ufKPCbHjj8ibO8kKGshWadhtiYqcxLw&oe=6965FA0F,demokrat tapi tidak demokratis,2026-01-08T08:46:13.000Z,48,0,https://www.instagram.com/p/DTPjeC6D4gL/c/17974447466972730
https://www.instagram.com/p/DTPhT66k2bU/,heribudiii,heribudiii,heribudi,False,https://scontent-sjc3-1.cdninstagram.com/v/t51.89012-19/573323465_1219825463302212_7278921664109726296_n.png?stp=dst-webp_s150x150&_nc_cat=1&ig_cache_key=YW5vbnltb3VzX3Byb2ZpbGVfcGlj.3-ccb7-5&ccb=7-5&_nc_sid=669407&efg=eyJ2ZW5jb2RlX3RhZyI6InByb2ZpbGVfcGljLnd3dy5DMyJ9&_nc_ohc=RNOcSyqJy9IQ7kNvwHqE4Yp&_nc_oc=Adk5kzqkaqizOkKf_eXfD4hBheOxQCUbENMugZRZLrn6k--IyZvaFiPrTE9nCwPBoWo&_nc_ad=z-m&_nc_cid=0&_nc_zt=24&_nc_ht=scontent-sjc3-1.cdninstagram.com&_nc_gid=dgoLlEDNK_Ug8YKNkeT4pg&oh=00_Afo1sxp8k4GgflNtKjK9FqOFIgVZTanrODQ1s4vQKK_AJQ&oe=6965DD19,Yo tambah ruwet lha dprd ne ae gak iso dipercoyo opo neh kon milih kepala daerah trs hasile kepala daerah model opo isine cm kong kali kong antara dprd karo kepala daerah karo tambah gede pencairane dprd ne...,2026-01-08T08:42:56.000Z,14,0,https://www.instagram.com/p/DTPhT66k2bU/c/18080465471229420
https://www.instagram.com/p/DTPjeC6D4gL/,faefpc_,faefpc_,Fanny Candra✨,False,https://scontent-sjc3-1.cdninstagram.com/v/t51.82787-19/582944209_18321202888171671_8353690872328486160_n.jpg?stp=dst-jpg_e0_s150x150_tt6&_nc_cat=102&ig_cache_key=GNEFvyKX4AF2CRdBABD9j7CWRe5zbmNDAQAB1501500j-ccb7-5&ccb=7-5&_nc_sid=669407&efg=eyJ2ZW5jb2RlX3RhZyI6InByb2ZpbGVfcGljLnd3dy4zOTcuQzMifQ%3D%3D&_nc_ohc=esO175sMyLAQ7kNvwGc4Tgu&_nc_oc=AdmiwYujNUAt9GFxBvlp7wmjltM09C3qC3lq6BKl1zeJATm7ALrakZwQEuKGWKGmMqA&_nc_ad=z-m&_nc_cid=0&_nc_zt=24&_nc_ht=scontent-sjc3-1.cdninstagram.com&_nc_gid=MXF8XLMA9xF_9MAgF9BNew&oh=00_AfqDRM8AB-zNexF9fQE-p1GzEj_KiitccDxgR-ZZZASNxA&oe=6965D5B2,namanya aja demokrat tapi engga demokratis sama sekali 👎🏻👎🏻,2026-01-08T08:41:41.000Z,80,0,https://www.instagram.com/p/DTPjeC6D4gL/c/18089079878288317
https://www.instagram.com/p/DTPjeC6D4gL/,andrepramana__,andrepramana__,,False,https://scontent-sjc6-1.cdninstagram.com/v/t51.82787-19/523813213_18379630558132446_8827172739834286528_n.jpg?stp=dst-jpg_e0_s150x150_tt6&_nc_cat=109&ig_cache_key=GF3BOB-eOIU2LUxBAMCR1ajWaoB6bmNDAQAB1501500j-ccb7-5&ccb=7-5&_nc_sid=669407&efg=eyJ2ZW5jb2RlX3RhZyI6InByb2ZpbGVfcGljLnd3dy4xMDgwLkMzIn0%3D&_nc_ohc=pnQmwAv72SkQ7kNvwHmHP7K&_nc_oc=AdmnQk6JrMR8aCgce6lmhCTy66jAosJ7Ra2ZHadUgqaq3FyDK7UuRcCuaUQ_nk5LMCc&_nc_ad=z-m&_nc_cid=0&_nc_zt=24&_nc_ht=scontent-sjc6-1.cdninstagram.com&_nc_gid=MXF8XLMA9xF_9MAgF9BNew&oh=00_AfrLuaOCCOgvw80FVIgioRkQiA9YLCdY4Hv3wZTzjaB-Ig&oe=6965E3BF,Weleh merci merci,2026-01-08T08:41:40.000Z,3,0,https://www.instagram.com/p/DTPjeC6D4gL/c/17980877891789659
https://www.instagram.com/p/DTPjeC6D4gL/,primarachman,primarachman,Prima,False,https://scontent-sjc6-1.cdninstagram.com/v/t51.82787-19/591138914_18544983169014578_1543785106661448886_n.jpg?stp=dst-jpg_e0_s150x150_tt6&_nc_cat=111&ig_cache_key=GGIQPCMymydekOJBALYcGAxgoGwVbmNDAQAB1501500j-ccb7-5&ccb=7-5&_nc_sid=669407&efg=eyJ2ZW5jb2RlX3RhZyI6InByb2ZpbGVfcGljLnd3dy4xMDgwLkMzIn0%3D&_nc_ohc=ur5fXjMCxMgQ7kNvwGM1azu&_nc_oc=AdlMPkjyO_I3octJQ5GrIi4iPvLzn1CIMODptzXiUIaEyhMmKC2YmFr5crGdynEJzeI&_nc_ad=z-m&_nc_cid=0&_nc_zt=24&_nc_ht=scontent-sjc6-1.cdninstagram.com&_nc_gid=MXF8XLMA9xF_9MAgF9BNew&oh=00_Afpg69mJIeoy7QFDNNxmtLN72beCUMCbqJpx_MZvR8LYfA&oe=6965D7B9,pret pada waktunya jg,2026-01-08T08:38:36.000Z,4,0,https://www.instagram.com/p/DTPjeC6D4gL/c/18052984280678063
https://www.instagram.com/p/DTPjeC6D4gL/,mmunawar_,mmunawar_,Muhammad Munawar,False,https://scontent-sjc6-1.cdninstagram.com/v/t51.82787-19/606490882_18544549873022158_6964406011177638600_n.jpg?stp=dst-jpg_e0_s150x150_tt6&_nc_cat=109&ig_cache_key=GAJRJiTOdLN7K_JBAMia1j9eiqZgbmNDAQAB1501500j-ccb7-5&ccb=7-5&_nc_sid=669407&efg=eyJ2ZW5jb2RlX3RhZyI6InByb2ZpbGVfcGljLnd3dy4xMDgwLkMzIn0%3D&_nc_ohc=qFnnKa_XYE8Q7kNvwFmwoKa&_nc_oc=Adm3UYSPSexGBuXi7Liav13rnVFTZNqgiLPwTIZxdpeRpsQ14jhPn534Y7qgX8WYwYU&_nc_ad=z-m&_nc_cid=0&_nc_zt=24&_nc_ht=scontent-sjc6-1.cdninstagram.com&_nc_gid=MXF8XLMA9xF_9MAgF9BNew&oh=00_AfrzRaEamJwVGUkbkZMLc9Eut1QtrlZS3oFQMCBD_ujeBA&oe=6965CAC5,"alamak oyyy, kalo udah dikasih cicip kuenya, enak jugakan ?",2026-01-08T08:37:17.000Z,13,0,https://www.instagram.com/p/DTPjeC6D4gL/c/17992390115858293
https://www.instagram.com/p/DTPjeC6D4gL/,fahmismail.id,fahmismail.id,Fahmi Ismail,False,https://scontent-sjc6-1.cdninstagram.com/v/t51.2885-19/458297364_390983807363394_1172740687229632285_n.jpg?stp=dst-jpg_e0_s150x150_tt6&_nc_cat=104&ig_cache_key=GBQQURtCafMCmWMBAB0-_AtxaUYQbkULAAAB1501500j-ccb7-5&ccb=7-5&_nc_sid=669407&efg=eyJ2ZW5jb2RlX3RhZyI6InByb2ZpbGVfcGljLnd3dy4xMDgwLkMzIn0%3D&_nc_ohc=3XFB37Zui0sQ7kNvwEMaW81&_nc_oc=Adk3pyAXclPPKuTSChc1B0ORFjNlgbRPUg43JMHWnJEqAZhCPTEW11vaZtRIWng1tEA&_nc_ad=z-m&_nc_cid=0&_nc_zt=24&_nc_ht=scontent-sjc6-1.cdninstagram.com&oh=00_AfpqrJBvjzHVIePzlOYHdM47rvUT39a-S8kRQZfSl0rDVA&oe=6965D3A1,so mendukung tinggal adik saja blm ini😂😂,2026-01-08T08:36:09.000Z,0,1,https://www.instagram.com/p/DTPjeC6D4gL/c/18219993925307852
https://www.instagram.com/p/DTPjeC6D4gL/,bapakiana_,bapakiana_,Parulian,False,https://scontent-sjc3-1.cdninstagram.com/v/t51.82787-19/563882168_18534953920036964_2648108441713052609_n.jpg?stp=dst-jpg_e0_s150x150_tt6&_nc_cat=106&ig_cache_key=GLgonCFkAFVAcdlBAMELBfOY_L8kbmNDAQAB1501500j-ccb7-5&ccb=7-5&_nc_sid=669407&efg=eyJ2ZW5jb2RlX3RhZyI6InByb2ZpbGVfcGljLnd3dy4xMDgwLkMzIn0%3D&_nc_ohc=9zBXNNYd_QAQ7kNvwFv1Xfd&_nc_oc=AdlOsIGqWlrgZv2OZrbFG1v1LGkL7lgwDxKcVli5tdM6WRU8zhpig7cID55J2_BOIJ8&_nc_ad=z-m&_nc_cid=0&_nc_zt=24&_nc_ht=scontent-sjc3-1.cdninstagram.com&_nc_gid=MXF8XLMA9xF_9MAgF9BNew&oh=00_Afp7U98zPxzOvPDYbsbkK2mygYik_CvK58Q1O01IKqnlmg&oe=6965F8C7,Mengecewakan bapak😢,2026-01-08T08:35:35.000Z,22,0,https://www.instagram.com/p/DTPjeC6D4gL/c/17865858651546821
https://www.instagram.com/p/DTPVEjJk8Rr/,ferdykia,ferdykia,Ferdy_kia,False,https://scontent-lax7-1.cdninstagram.com/v/t51.82787-19/609412366_17937196503133322_6516158478023564149_n.jpg?stp=dst-jpg_e0_s150x150_tt6&_nc_cat=101&ig_cache_key=GA7lUiSK7NUBybk-AHWbvpacC25abmNDAQAB1501500j-ccb7-5&ccb=7-5&_nc_sid=669407&efg=eyJ2ZW5jb2RlX3RhZyI6InByb2ZpbGVfcGljLnd3dy4xMDgwLkMzIn0%3D&_nc_ohc=dY4upjmybtMQ7kNvwE_tOV1&_nc_oc=AdlntO_trfYa7hL4HVj8sgmvQw7w3otbZDEX9WO3oUE0WAG501vWHK3wfrjSzaLUO5k&_nc_ad=z-m&_nc_cid=0&_nc_zt=24&_nc_ht=scontent-lax7-1.cdninstagram.com&_nc_gid=Can16ZvQ6kyeVg8qghNe2g&oh=00_AfpkLheFFOV0-2dIDr65gg2QSJJzARkmqssAlbjndlSzqQ&oe=6965EE79,PDI-P 👏👏👏👏,2026-01-08T08:30:05.000Z,26,0,https://www.instagram.com/p/DTPVEjJk8Rr/c/17922299721074903
https://www.instagram.com/p/DTPhT66k2bU/,rizakhoirul.fr,rizakhoirul.fr,Riza.,False,https://scontent-sjc6-1.cdninstagram.com/v/t51.82787-19/544974267_18520814503033350_3587284335847352822_n.jpg?stp=dst-jpg_e0_s150x150_tt6&_nc_cat=104&ig_cache_key=GLuleyAGemcplcxBAPYpgeIYmMgxbmNDAQAB1501500j-ccb7-5&ccb=7-5&_nc_sid=669407&efg=eyJ2ZW5jb2RlX3RhZyI6InByb2ZpbGVfcGljLnd3dy4xMDgwLkMzIn0%3D&_nc_ohc=YBr8olwvhv0Q7kNvwEpJJfM&_nc_oc=AdmHutrWmRmy9faBkj1pZ0eS9QBbZvfwZBexpPHWwOKBA8DGhFsKIyxP6bEhgCmXJXU&_nc_ad=z-m&_nc_cid=0&_nc_zt=24&_nc_ht=scontent-sjc6-1.cdninstagram.com&_nc_gid=dgoLlEDNK_Ug8YKNkeT4pg&oh=00_AfpLhi1bG4-y7fZwVCOmq0azqaMoAhHu8neUgg618RerIg&oe=6965F433,Enek ae ulahe😂,2026-01-08T08:30:04.000Z,0,1,https://www.instagram.com/p/DTPhT66k2bU/c/17879114403452066
https://www.instagram.com/p/DTPdQ1SEwIQ/,ivenomenal,ivenomenal,Arfive G,False,https://scontent-lax3-1.cdninstagram.com/v/t51.2885-19/10245997_1564987803747933_544715626_a.jpg?stp=dst-jpg_e0_tt6&_nc_cat=102&ig_cache_key=GG1XnABdxh4eWY8FAGqzdyAAAAAAYUULAAAB1501500j-ccb7-5&ccb=7-5&_nc_sid=669407&efg=eyJ2ZW5jb2RlX3RhZyI6InByb2ZpbGVfcGljLnd3dy4xNTAuQzMifQ%3D%3D&_nc_ohc=ncPIGPx-VM0Q7kNvwFceCBr&_nc_oc=AdlEIb_SuQ7hTerEPlWeGJmsagdnM4mWtUsrULFW74eL1PrvH2bAM1Ok8qF98Mif_Uc&_nc_ad=z-m&_nc_cid=0&_nc_zt=24&_nc_ht=scontent-lax3-1.cdninstagram.com&oh=00_Afpw6qLpoS66LdPQk8LLPUo2JmFmJv74WFQ4R5KJPbORbg&oe=6965F084,"capek-capek reformasi, eh malahan ... (titik2 diisi sendiri)",2026-01-08T08:29:54.000Z,2,0,https://www.instagram.com/p/DTPdQ1SEwIQ/c/18079757071973601
https://www.instagram.com/p/DTPhT66k2bU/,ardi_romanzah23,ardi_romanzah23,Ardi Romanzah,False,https://scontent-sjc3-1.cdninstagram.com/v/t51.2885-19/344158916_1653947238364527_8151552421459835854_n.jpg?stp=dst-jpg_e0_s150x150_tt6&_nc_cat=110&ig_cache_key=GMRygxRvtZ6ZQeAFAM67FhG9ISBxbkULAAAB1501500j-ccb7-5&ccb=7-5&_nc_sid=669407&efg=eyJ2ZW5jb2RlX3RhZyI6InByb2ZpbGVfcGljLnd3dy4xMDgwLkMzIn0%3D&_nc_ohc=HT1dvW9LX24Q7kNvwGcJOXq&_nc_oc=Admjz_UwU9X_25gFfcHJ32fN3t7ad7vdinvP9Qu81eTci35r__XQiJ30b0nKKE3jwDU&_nc_ad=z-m&_nc_cid=0&_nc_zt=24&_nc_ht=scontent-sjc3-1.cdninstagram.com&oh=00_Afr2Hi8Scz6xZcE5jZ4kOgU7ZVAQmexDgZnpy4ovTdxoWw&oe=6965DB64,Maleh ra enek serangan fajar no ngko😂,2026-01-08T08:28:32.000Z,0,2,https://www.instagram.com/p/DTPhT66k2bU/c/18115872973606680
https://www.instagram.com/p/DTPhT66k2bU/,radenbagus86,radenbagus86,Raden Bagus,False,https://scontent-sjc3-1.cdninstagram.com/v/t51.2885-19/142576198_235291988090181_4839060144387267385_n.jpg?stp=dst-jpg_e0_s150x150_tt6&_nc_cat=100&ig_cache_key=GEaKfwhFXV4v-9UAADkb9BiQyydDbkULAAAB1501500j-ccb7-5&ccb=7-5&_nc_sid=669407&efg=eyJ2ZW5jb2RlX3RhZyI6InByb2ZpbGVfcGljLnd3dy45MjguQzMifQ%3D%3D&_nc_ohc=5X1zaed7SOkQ7kNvwESmWDP&_nc_oc=AdnVH4XJVmDTvqoVadIyJGBK-GIqWbDNDhNBa-Lowt9sxA0FUBw2358QtO1EsRVUkWA&_nc_ad=z-m&_nc_cid=0&_nc_zt=24&_nc_ht=scontent-sjc3-1.cdninstagram.com&oh=00_AfrXExKTqCfFmGnT4bmDLIOTJemu5-DAY-qfuHnJqNImeA&oe=6965D8EB,"Biar enak lah bagi""nya",2026-01-08T08:23:30.000Z,3,0,https://www.instagram.com/p/DTPhT66k2bU/c/18084146585143280
https://www.instagram.com/p/DTPdQ1SEwIQ/,arone6921,arone6921,Arwan Sukamto,False,https://scontent-lax3-2.cdninstagram.com/v/t51.82787-19/549995455_18096080356734480_4490820732433935265_n.jpg?stp=dst-jpg_e0_s150x150_tt6&_nc_cat=107&ig_cache_key=GL9DyCAQdn0JSkpAAKErr6qpmVI_bmNDAQAB1501500j-ccb7-5&ccb=7-5&_nc_sid=669407&efg=eyJ2ZW5jb2RlX3RhZyI6InByb2ZpbGVfcGljLnd3dy4xMDgwLkMzIn0%3D&_nc_ohc=QDIU5l3W-pgQ7kNvwHkmmvG&_nc_oc=AdmUXfi_VVS6gut7uhGX16vm9Dr3HLG1zO63bJRQROmnmqb9IraRBY1gkg0fNA8JlrM&_nc_ad=z-m&_nc_cid=0&_nc_zt=24&_nc_ht=scontent-lax3-2.cdninstagram.com&_nc_gid=cryy11YuEHez-MudfQeWOw&oh=00_AfpYOYNZoxNOOE_dnf5jJxSG6gXPOEedzFW2W9cRW-gsTw&oe=6965C764,Coba deh anggota DPR gak usah gajian...selesai itu barang,2026-01-08T08:22:10.000Z,0,0,https://www.instagram.com/p/DTPdQ1SEwIQ/c/17887883784417409
https://www.instagram.com/reel/DTNBc-nCTRR/,aworaymundus,aworaymundus,Kajian Islami,False,https://scontent-lax3-1.cdninstagram.com/v/t51.2885-19/26151861_887471614760698_2384147049068101632_n.jpg?stp=dst-jpg_e0_s150x150_tt6&_nc_cat=102&ig_cache_key=GLULjwH6lliWJicDAAAAAAAcMRYhbkULAAAB1501500j-ccb7-5&ccb=7-5&_nc_sid=669407&efg=eyJ2ZW5jb2RlX3RhZyI6InByb2ZpbGVfcGljLnd3dy4xMDgwLkMzIn0%3D&_nc_ohc=J9W4KPKEbiEQ7kNvwEnvjWa&_nc_oc=AdkayFnM31tWHOigovI_EGR9KYy1MplW3yigrykugXJJ27OeyLPWqyMNSEkVkK90r-w&_nc_ad=z-m&_nc_cid=0&_nc_zt=24&_nc_ht=scontent-lax3-1.cdninstagram.com&oh=00_AfqY6pCoVSVEn8IsIvZX5NTfkEabwtHqU5CtwKLqc1KIdg&oe=6965EF6D,Jangan nanti Kalteng bisa .....,2026-01-08T08:20:37.000Z,0,0,https://www.instagram.com/p/DTNBc-nCTRR/c/18101041201875575
https://www.instagram.com/p/DTPhT66k2bU/,anton_ve22,anton_ve22,Vee_widi,False,https://scontent-sjc6-1.cdninstagram.com/v/t51.2885-19/358339781_539385958272298_4385147754930454309_n.jpg?stp=dst-jpg_e0_s150x150_tt6&_nc_cat=107&ig_cache_key=GMXUWxUqjXCUkeoBACU-O0ymLNs8bkULAAAB1501500j-ccb7-5&ccb=7-5&_nc_sid=669407&efg=eyJ2ZW5jb2RlX3RhZyI6InByb2ZpbGVfcGljLnd3dy4xMDgwLkMzIn0%3D&_nc_ohc=Vc2GodAWdQkQ7kNvwGB7DKh&_nc_oc=Adn4_pacwEB6grYFcnABKrKEdjXMpUwRpYkM1c1ATUWHlny_srZU1Edmk-yg-cunN_s&_nc_ad=z-m&_nc_cid=0&_nc_zt=24&_nc_ht=scontent-sjc6-1.cdninstagram.com&oh=00_Afpx4-u4ph64hA72KdBuWvAxFfWLtLNTfkzpQNHvCn_iKw&oe=6965E06F,"Saiki lak di logika. Rakyat ae muak karo DPR,DPRD. Mosok pemimpin e kon milih kro dpr,dprd.. gubernur / walikota malih ndak onok janji jani manis neh + progam progam kedepan gak bakal enek?",2026-01-08T08:20:11.000Z,123,3,https://www.instagram.com/p/DTPhT66k2bU/c/18090069908292629
https://www.instagram.com/reel/DTO4LbujxIN/,yudilumiel99,yudilumiel99,Yudi Pratama,False,https://scontent-eze1-1.cdninstagram.com/v/t51.75761-19/502593735_18072533261505350_2459645306865903081_n.jpg?stp=dst-jpg_e0_s150x150_tt6&_nc_cat=102&ig_cache_key=GMf49B1GUz6N3zRAAOnlMvVfaiIibvEnAQAB1501500j-ccb7-5&ccb=7-5&_nc_sid=669407&efg=eyJ2ZW5jb2RlX3RhZyI6InByb2ZpbGVfcGljLnd3dy4xMDgwLkMzIn0%3D&_nc_ohc=NIzDP8GAgN4Q7kNvwG7i4z8&_nc_oc=Adkid9Oa5QAS1dyxsQ3EeFWbC145tTdgGUxVxxNO5QOcnpD4MObNPkgz6rc_AGLL8YQ&_nc_ad=z-m&_nc_cid=0&_nc_zt=24&_nc_ht=scontent-eze1-1.cdninstagram.com&_nc_gid=Xt2Yfm6YxZzyJGvMQ6Nusw&oh=00_AfpAy6jbTTtykLGMJjjoDB1PR8XDkaClwXJeoe16C2wi8Q&oe=6965E574,"Diluar sana negara lain bersiap menghadapi ancaman perang dunia ke 3, selembaran poster untuk bertahan hidup di sebar dan anggaran militer tiap negara diperkuat",2026-01-08T08:19:45.000Z,0,0,https://www.instagram.com/p/DTO4LbujxIN/c/18087460235008266
https://www.instagram.com/p/DTPdQ1SEwIQ/,son__of.adam,son__of.adam,EᖇIᑕ Eᗰᕼᗩ ᖇYᗩᑎᗪᖇᗩ,False,https://scontent-lax3-1.cdninstagram.com/v/t51.82787-19/566567642_18159394453381620_1272152340808176927_n.jpg?stp=dst-jpg_e0_s150x150_tt6&_nc_cat=110&ig_cache_key=GNoixSH04bp-34NAAB_VDVbQl6cRbmNDAQAB1501500j-ccb7-5&ccb=7-5&_nc_sid=669407&efg=eyJ2ZW5jb2RlX3RhZyI6InByb2ZpbGVfcGljLnd3dy4xMDgwLkMzIn0%3D&_nc_ohc=h_DzK2MO2YsQ7kNvwE4zxlP&_nc_oc=AdmCo5WCTp3d7mPmdNMjfnpYOztqFM42M2BhSRgNh0yo032WMF5hgpIM42_833xF33w&_nc_ad=z-m&_nc_cid=0&_nc_zt=24&_nc_ht=scontent-lax3-1.cdninstagram.com&_nc_gid=cryy11YuEHez-MudfQeWOw&oh=00_Afrz1UgKKpAvVcFF0dgJZiwgoVeubue2z8xr7vR9Ymn9CQ&oe=6965F21A,Kepala daerah Dipilih rakyat saja bisa dicurangi apa lagi dipilih legislatif n eksekutif. Yg senang ya Para raja kecil serakah didaerah mrk bisa menitipkan org org mrk utk jdi kepala daerah agar bisnis mrk aman n lancar. Potensi terjdi nya korupsi pda anggota legislatif sangat terbuka lebar. Dan kepala Daerah yg terpilih jgn harap akan tunduk pada rakyat Krn yg memilih dia bukan rakyat. Dan kepala daerah akan lebih segan ke partai n Bohir.,2026-01-08T08:19:10.000Z,0,0,https://www.instagram.com/p/DTPdQ1SEwIQ/c/18090051781980073
https://www.instagram.com/p/DTPdQ1SEwIQ/,dentama.a,dentama.a,Dentama Ardiratna,False,https://scontent-lax3-1.cdninstagram.com/v/t51.2885-19/323119503_526914782548484_8055275947221553417_n.jpg?stp=dst-jpg_e0_s150x150_tt6&_nc_cat=110&ig_cache_key=GI9pQhME0nDoOd8BAAmR45nLFspvbkULAAAB1501500j-ccb7-5&ccb=7-5&_nc_sid=669407&efg=eyJ2ZW5jb2RlX3RhZyI6InByb2ZpbGVfcGljLnd3dy4xMDgwLkMzIn0%3D&_nc_ohc=NGrLaPN9CdoQ7kNvwGl-S-_&_nc_oc=AdnslqsQGkaL29KlRJs0rY5HgRxyfedWbaCUi0lcbJU6OWScXtgfgQ5QAqQ2sHa8MX0&_nc_ad=z-m&_nc_cid=0&_nc_zt=24&_nc_ht=scontent-lax3-1.cdninstagram.com&oh=00_AfoUhk3jLuyOkpKJLLQSFjAMSjYhRlTNJ7s483N--wxkLw&oe=6965F477,Hanya tertinggal PDIP yang masih waras,2026-01-08T08:18:14.000Z,3,1,https://www.instagram.com/p/DTPdQ1SEwIQ/c/17953157034058403
https://www.instagram.com/p/DTPNSoAEzJG/,putuneeee_,putuneeee_,agusmega_,False,https://scontent-dfw6-1.cdninstagram.com/v/t51.82787-19/533161431_18198251599310263_6681899097360946026_n.jpg?stp=dst-jpg_e0_s150x150_tt6&_nc_cat=103&ig_cache_key=GNdlxx_3LRyiNqdAAGrTM6vT37pcbmNDAQAB1501500j-ccb7-5&ccb=7-5&_nc_sid=669407&efg=eyJ2ZW5jb2RlX3RhZyI6InByb2ZpbGVfcGljLnd3dy4xMDgwLkMzIn0%3D&_nc_ohc=5nyp1-gmMgkQ7kNvwHLAJJJ&_nc_oc=AdltGpqAGs0JxNI88qnRQ3L8GVIsdBArTSnGtvPM6zM3N8YtWoa5WUddsHGYWqpQwD4&_nc_ad=z-m&_nc_cid=0&_nc_zt=24&_nc_ht=scontent-dfw6-1.cdninstagram.com&_nc_gid=4FbGWmUj0-ktilNwMQX65g&oh=00_AfqPmQCAlRRP43mvjGCfgR7F0zMUwi60Ii2Hmii3jbkqmQ&oe=6965E936,Kenapa banteng menolak?,2026-01-08T08:15:32.000Z,0,0,https://www.instagram.com/p/DTPNSoAEzJG/c/18082182334910968
https://www.instagram.com/p/DTPf0qBkpHl/,futsalhitssumenep,futsalhitssumenep,futsalhitssumenep,False,https://scontent-lax7-1.cdninstagram.com/v/t51.2885-19/118290962_335976920877496_4250405618291050610_n.jpg?stp=dst-jpg_e0_s150x150_tt6&_nc_cat=105&ig_cache_key=GBL6DAe4iQW5kTEBAHIIkOVjefw6bkULAAAB1501500j-ccb7-5&ccb=7-5&_nc_sid=669407&efg=eyJ2ZW5jb2RlX3RhZyI6InByb2ZpbGVfcGljLnd3dy43NTAuQzMifQ%3D%3D&_nc_ohc=ZU_CxtkIMOMQ7kNvwEnj7HP&_nc_oc=Adnxe56j4oqnWRWha2Qr7lOtd7mPTBJ6O1ewPWec6ixc5De3S-4dXlcV-c20GXGS2-s&_nc_ad=z-m&_nc_cid=0&_nc_zt=24&_nc_ht=scontent-lax7-1.cdninstagram.com&oh=00_AfpjezhGaGQU6N9P3g7EtC-0sKsE7BPqNQWY1_oJqbhEHg&oe=6965D7EE,Aneh 😂😂😂,2026-01-08T08:13:24.000Z,0,0,https://www.instagram.com/p/DTPf0qBkpHl/c/18076920137206438
https://www.instagram.com/p/DTPPhPQkWQE/,dikakreatif,dikakreatif,Dika Kreatif,False,https://scontent-iad3-1.cdninstagram.com/v/t51.2885-19/22430159_1456612241121184_7613689036720308224_n.jpg?stp=dst-webp_s150x150&_nc_cat=107&cb=8438d1d6-aa1c7732&ig_cache_key=GM9BVgGgHzX3xywFAAAAAADXQalpbkULAAAB1501500w-ccb7-5-cb8438d1d6-aa1c7732&ccb=7-5&_nc_sid=669407&efg=eyJ2ZW5jb2RlX3RhZyI6InByb2ZpbGVfcGljLnd3dy4zMjkuQzMifQ%3D%3D&_nc_ohc=Dj-7eua9IIMQ7kNvwFBaPzx&_nc_oc=AdkSkRl4AqZtsBc5YjOJc4YwUSa_RO5g4_4EyboiZRlcPUZ726cnnGte2rsUeFGHLFY&_nc_ad=z-m&_nc_cid=0&_nc_zt=24&_nc_ht=scontent-iad3-1.cdninstagram.com&oh=00_Afqzz5ajk4f740G1-MwtziK3HlznkAcxlhzhVDaS1kblGQ&oe=6965D8F1,Abu2 banget nih partai.,2026-01-08T08:05:06.000Z,0,1,https://www.instagram.com/p/DTPPhPQkWQE/c/18095228923937193
https://www.instagram.com/p/DTM2maVktwy/,ahakim_1104,ahakim_1104,Abdul Hakim,False,https://scontent-lax3-2.cdninstagram.com/v/t51.82787-19/580047614_18406162210138926_4472694905745750054_n.jpg?stp=dst-jpg_e0_s150x150_tt6&_nc_cat=106&ig_cache_key=GP7SkiIuqzaYTmRBACa4rMVRNBI_bmNDAQAB1501500j-ccb7-5&ccb=7-5&_nc_sid=669407&efg=eyJ2ZW5jb2RlX3RhZyI6InByb2ZpbGVfcGljLnd3dy4xMDgwLkMzIn0%3D&_nc_ohc=sbEQc1x3dR0Q7kNvwF60YnX&_nc_oc=AdlLPf3lxwOmyOzB5Pzv88InE1NnKvyJs1OzvI8ZEX680bU-fwDwlhCnFwXo56c07iw&_nc_ad=z-m&_nc_cid=0&_nc_zt=24&_nc_ht=scontent-lax3-2.cdninstagram.com&_nc_gid=nRQ0qA86QYsFBUJdNaxdXQ&oh=00_AfrRTAYqAebLrw4T1AUStNj7n15Y-OFxjAsn7NOZ7hSFbA&oe=6965CAB2,"Bila Hukum ditegakkan dgn seadil2nya dan Tegas, tdk ada tuh yg namanya kebocoran anggaran. Ekonomi stabil, kriminalitas di masyarakat turun drastis, masyarakat cerdas dan sehat, kesejahteraan masyarakat meningkat.❤️🔥",2026-01-08T07:53:09.000Z,3,0,https://www.instagram.com/p/DTM2maVktwy/c/17989640441867720
https://www.instagram.com/reel/DTOvIVSE5BP/,afrial596,afrial596,afrial,False,https://scontent-lax3-1.cdninstagram.com/v/t51.82787-19/606529549_17859397497568823_7694400833629867147_n.jpg?stp=dst-jpg_e0_s150x150_tt6&_nc_cat=104&ig_cache_key=GA3oJiQ3vr4DB3M-AItM_p-KAMhqbmNDAQAB1501500j-ccb7-5&ccb=7-5&_nc_sid=669407&efg=eyJ2ZW5jb2RlX3RhZyI6InByb2ZpbGVfcGljLnd3dy4xMDgwLkMzIn0%3D&_nc_ohc=VlzwvOYwdhcQ7kNvwEokzOG&_nc_oc=AdlWpN5gwzC8BrAq_EfxcWU8O-skMTGCy60zCvkj5-yV4XMrv6RGQxAOSGrQV7w9F4g&_nc_ad=z-m&_nc_cid=0&_nc_zt=24&_nc_ht=scontent-lax3-1.cdninstagram.com&_nc_gid=hWhox-EQqLjO8WALxe0JQg&oh=00_AfpnQXFhPbIXJVoqv7gGiJ3WN4uWehTiiM_27KJGkLtCog&oe=6965D874,Sebaiknya dipilih oleh rakyat karna hanya yang punya jabatan strategis dipartai dapat kekuasaan itu,2026-01-08T07:44:38.000Z,0,0,https://www.instagram.com/p/DTOvIVSE5BP/c/18052807661413172
https://www.instagram.com/p/DTPdQ1SEwIQ/,nopek96211sadhar,nopek96211sadhar,Nopek96211sadhar,False,https://scontent-lax3-1.cdninstagram.com/v/t51.75761-19/491465008_17955640604942083_597798812792551745_n.jpg?stp=dst-jpg_e0_s150x150_tt6&_nc_cat=104&ig_cache_key=GDApSx0D3-hbj8o-AEF5plvazksIbvEnAQAB1501500j-ccb7-5&ccb=7-5&_nc_sid=669407&efg=eyJ2ZW5jb2RlX3RhZyI6InByb2ZpbGVfcGljLnd3dy43MjAuQzMifQ%3D%3D&_nc_ohc=7K-Rkb9v-zkQ7kNvwGwlWqW&_nc_oc=Adl17AHQAAvNoE00mwUfP2G-Ea5AzHl8QFF9xLfMGbm4mT-0Wwp_0s_ro27mM5c2AWQ&_nc_ad=z-m&_nc_cid=0&_nc_zt=24&_nc_ht=scontent-lax3-1.cdninstagram.com&_nc_gid=cryy11YuEHez-MudfQeWOw&oh=00_AfrpyAKBTSGWud0G0VlXjpuJbRthHU1fzTVJWZeu_rE5IQ&oe=6965F985,Sekali Banteng TETAP Banteng konsisten PESTA RAKYAT dan bukan PESTA OLIGARKI,2026-01-08T07:41:21.000Z,3,0,https://www.instagram.com/p/DTPdQ1SEwIQ/c/17906935683328443
https://www.instagram.com/p/DTPdQ1SEwIQ/,koh_wien,koh_wien,becauseJAM,False,https://scontent-lax3-2.cdninstagram.com/v/t51.2885-19/30590561_1883153515093460_1434893061141299200_n.jpg?stp=dst-jpg_e0_s150x150_tt6&_nc_cat=103&ig_cache_key=GGHG0gHUHVPYt7AGAAAAAACjw_kTbkULAAAB1501500j-ccb7-5&ccb=7-5&_nc_sid=669407&efg=eyJ2ZW5jb2RlX3RhZyI6InByb2ZpbGVfcGljLnd3dy43MDkuQzMifQ%3D%3D&_nc_ohc=oEOcKDUX-GgQ7kNvwEdV3o2&_nc_oc=AdmbZPx5Sk0oTyhPTz8l1afCfgSvZUZin5qq_ITdSpdVvYRCLPowhRBVii8wGmbdbCQ&_nc_ad=z-m&_nc_cid=0&_nc_zt=24&_nc_ht=scontent-lax3-2.cdninstagram.com&oh=00_AfrMMKULBiEb2IMHbKQ1DMpf2rKFMF9N15e5SYKQoqTLZw&oe=6965DD2B,"capek juga ya kalau pemikucapa saja, tabungan bisa hebol tuh",2026-01-08T07:38:29.000Z,1,0,https://www.instagram.com/p/DTPdQ1SEwIQ/c/18099174172875586
https://www.instagram.com/p/DTMY9nkjida/,bagyo_s,bagyo_s,Bagyo S,False,https://scontent-dfw5-3.cdninstagram.com/v/t51.89012-19/573323465_1219825463302212_7278921664109726296_n.png?stp=dst-webp_s150x150&_nc_cat=1&ig_cache_key=YW5vbnltb3VzX3Byb2ZpbGVfcGlj.3-ccb7-5&ccb=7-5&_nc_sid=669407&efg=eyJ2ZW5jb2RlX3RhZyI6InByb2ZpbGVfcGljLnd3dy5DMyJ9&_nc_ohc=RNOcSyqJy9IQ7kNvwG5DSP4&_nc_oc=Adk-lBl9Xlg886tR5UWLD_REybhCuVWsXOOwQtdnTA_brswwdGMaXdVbbq7nuP2t-kQ&_nc_ad=z-m&_nc_cid=0&_nc_zt=24&_nc_ht=scontent-dfw5-3.cdninstagram.com&_nc_gid=sRfOMbVtLV79PRxwN3Y93A&oh=00_AfrVMmD2YlxQjSfaR5IaZG8WhvlFjyMBAVSUqCHCSrEXTA&oe=6965DD19,😂😂😂😂,2026-01-08T07:37:03.000Z,0,0,https://www.instagram.com/p/DTMY9nkjida/c/18102044032810388
https://www.instagram.com/reel/DTNBc-nCTRR/,_imaamtm,_imaamtm,امام اوطمو,False,https://scontent-lax3-2.cdninstagram.com/v/t51.82787-19/584389575_18342919411224158_5449356109895242639_n.jpg?stp=dst-jpg_e0_s150x150_tt6&_nc_cat=103&ig_cache_key=GMcT1SJeTqa7ySpBAI8T6ZCCAKBLbmNDAQAB1501500j-ccb7-5&ccb=7-5&_nc_sid=669407&efg=eyJ2ZW5jb2RlX3RhZyI6InByb2ZpbGVfcGljLnd3dy4xMDgwLkMzIn0%3D&_nc_ohc=GTyacVQMEmgQ7kNvwHiaj7J&_nc_oc=AdnuDYyfulUAwhZFdYWoj8s6LpZnpUa9taliYXsFKFn3UVepkcs3CPhxBiGgl_QU7JY&_nc_ad=z-m&_nc_cid=0&_nc_zt=24&_nc_ht=scontent-lax3-2.cdninstagram.com&_nc_gid=5F4dv9wDW4z35xPXw7UeDQ&oh=00_AfqOxRBEhjEOFOf9OSYgR1DmatMn5gRn-XTidz9GO2kS2w&oe=6965FBC8,Terakhir jalanan kotim bagus pas jaman sidin😂,2026-01-08T07:24:13.000Z,1,0,https://www.instagram.com/p/DTNBc-nCTRR/c/18080076737191631
https://www.instagram.com/p/DTPNSoAEzJG/,agus_sanjaya95,agus_sanjaya95,dekagus,False,https://scontent-dfw6-1.cdninstagram.com/v/t51.2885-19/29714622_1653329821401698_7952802066521391104_n.jpg?stp=dst-jpg_e0_s150x150_tt6&_nc_cat=103&ig_cache_key=GL5oxQFigrPYsd8FAAAAAABYB15ubkULAAAB1501500j-ccb7-5&ccb=7-5&_nc_sid=669407&efg=eyJ2ZW5jb2RlX3RhZyI6InByb2ZpbGVfcGljLnd3dy43NzEuQzMifQ%3D%3D&_nc_ohc=r12t-qz59ckQ7kNvwHBP0zI&_nc_oc=AdmNYemuWobX6PFXH7xdUyVB_gaBTQpbEbn9mfsqbPIRUKeDznMHIYSBdNMNTUtXAng&_nc_ad=z-m&_nc_cid=0&_nc_zt=24&_nc_ht=scontent-dfw6-1.cdninstagram.com&oh=00_AfordWthWtKDiodNtrksFzJUUiKe1Aku_noL8Ck1HfqOTQ&oe=6965F03D,"Uu perampasan aset ongkon ngesahan , monto Liu ajk koalisi msak sing pragat pragat",2026-01-08T07:07:06.000Z,6,2,https://www.instagram.com/p/DTPNSoAEzJG/c/18053058461406115
https://www.instagram.com/p/DTPVEjJk8Rr/,giphy.tralala,giphy.tralala,giphy tralala,False,https://scontent-lax3-2.cdninstagram.com/v/t51.82787-19/609219356_17883088017426270_1504231374935157328_n.jpg?stp=dst-jpg_e0_s150x150_tt6&_nc_cat=100&ig_cache_key=GBzzTyReB8Tkkog-AFDqATt3GuAUbmNDAQAB1501500j-ccb7-5&ccb=7-5&_nc_sid=669407&efg=eyJ2ZW5jb2RlX3RhZyI6InByb2ZpbGVfcGljLnd3dy4xMDgwLkMzIn0%3D&_nc_ohc=DfAQhVhrz5sQ7kNvwEkzbuV&_nc_oc=AdlajxaLHK8lqSuV8PyNKSGyPtY7ICLdAr3ntKaBijmRnXWixz5mc2ZVes-BaKaHt4o&_nc_ad=z-m&_nc_cid=0&_nc_zt=24&_nc_ht=scontent-lax3-2.cdninstagram.com&_nc_gid=Can16ZvQ6kyeVg8qghNe2g&oh=00_AfpifQ9pEoLsNNgR94nZnxDahDZW_j8W5dY42TbfeCt3oA&oe=6965ECA2,Mkin amburadul ditgn uouo,2026-01-08T06:54:25.000Z,1,0,https://www.instagram.com/p/DTPVEjJk8Rr/c/18124661269473492
https://www.instagram.com/reel/DTOyqWBkg_D/,asafazzz,asafazzz,asafa,False,https://scontent-dfw5-3.cdninstagram.com/v/t51.89012-19/573323465_1219825463302212_7278921664109726296_n.png?stp=dst-webp_s150x150&_nc_cat=1&ig_cache_key=YW5vbnltb3VzX3Byb2ZpbGVfcGlj.3-ccb7-5&ccb=7-5&_nc_sid=669407&efg=eyJ2ZW5jb2RlX3RhZyI6InByb2ZpbGVfcGljLnd3dy5DMyJ9&_nc_ohc=RNOcSyqJy9IQ7kNvwE6jMPJ&_nc_oc=AdnNgtIgxgEH013g6y89cwYFtglHut9eINnjMIygDOtRVBjgrVhNp1JKw7zqvMvhhWQ&_nc_ad=z-m&_nc_cid=0&_nc_zt=24&_nc_ht=scontent-dfw5-3.cdninstagram.com&_nc_gid=eKflpsWFmoI-AqfsKnn9kg&oh=00_AfqIgufiyq2uIh20txQSQWw-cTkrED88W0ZcHrjcJCTr7w&oe=6965DD19,Mbeeeek,2026-01-08T06:52:46.000Z,0,0,https://www.instagram.com/p/DTOyqWBkg_D/c/18050310779694189
https://www.instagram.com/p/DTO8TY3k-6u/,dawisse,dawisse,Darwis SE,False,https://scontent-sjc3-1.cdninstagram.com/v/t51.2885-19/67403079_915021568863064_8616189039885680640_n.jpg?stp=dst-jpg_e0_s150x150_tt6&_nc_cat=102&ig_cache_key=GEd9BARY65IPNUADAAAAAABI2pJ3bkULAAAB1501500j-ccb7-5&ccb=7-5&_nc_sid=669407&efg=eyJ2ZW5jb2RlX3RhZyI6InByb2ZpbGVfcGljLnd3dy4xMDgwLkMzIn0%3D&_nc_ohc=xF95dnN1n0sQ7kNvwE_L1ir&_nc_oc=AdkFsG8Bb-KdH-eVEUP87Gf3eLVFdaY1bsw93toy8jfqnSMcRcnx0bvidyOM8hzqA8w&_nc_ad=z-m&_nc_cid=0&_nc_zt=24&_nc_ht=scontent-sjc3-1.cdninstagram.com&oh=00_AfpDqoAcjeOfIrYISxBsM7P-MSuDqn17yHfh_CqZLToEow&oe=6965CFEE,👏,2026-01-08T06:47:17.000Z,0,0,https://www.instagram.com/p/DTO8TY3k-6u/c/18055315406344072
https://www.instagram.com/p/DTO8TY3k-6u/,padhli2000,padhli2000,Padhli2000,False,https://scontent-sjc3-1.cdninstagram.com/v/t51.89012-19/573323465_1219825463302212_7278921664109726296_n.png?stp=dst-webp_s150x150&_nc_cat=1&ig_cache_key=YW5vbnltb3VzX3Byb2ZpbGVfcGlj.3-ccb7-5&ccb=7-5&_nc_sid=669407&efg=eyJ2ZW5jb2RlX3RhZyI6InByb2ZpbGVfcGljLnd3dy5DMyJ9&_nc_ohc=RNOcSyqJy9IQ7kNvwHqE4Yp&_nc_oc=Adk5kzqkaqizOkKf_eXfD4hBheOxQCUbENMugZRZLrn6k--IyZvaFiPrTE9nCwPBoWo&_nc_ad=z-m&_nc_cid=0&_nc_zt=24&_nc_ht=scontent-sjc3-1.cdninstagram.com&_nc_gid=WuIiFpwatoT5ABZBiRNJPQ&oh=00_AfoiQZL4NylvQgu9x6MYS5X7GZt6olS8vA-YIboNqvAgcQ&oe=6965DD19,Jadi yg demo Reformasi ndak ada gunanya,2026-01-08T06:46:18.000Z,1,0,https://www.instagram.com/p/DTO8TY3k-6u/c/18060468875650370
https://www.instagram.com/reel/DTO4LbujxIN/,hernawanso,hernawanso,𝐇𝐞𝐫𝐧𝐚𝐰𝐚𝐧,False,https://scontent-eze1-1.cdninstagram.com/v/t51.82787-19/590472712_18553883242055637_443628407486303234_n.jpg?stp=dst-jpg_e0_s150x150_tt6&_nc_cat=111&ig_cache_key=GAjmMSPVx9iTqOpBAAJMfqivFSgGbmNDAQAB1501500j-ccb7-5&ccb=7-5&_nc_sid=669407&efg=eyJ2ZW5jb2RlX3RhZyI6InByb2ZpbGVfcGljLnd3dy44NjQuQzMifQ%3D%3D&_nc_ohc=rE_C2VWlfwgQ7kNvwF7UPv4&_nc_oc=AdnE5zADHQc7SW7hSbmO2ZWUAks0-zGM2oxDy3WS7e0RSBU-D7d92hNnFJlLI0b71Rg&_nc_ad=z-m&_nc_cid=0&_nc_zt=24&_nc_ht=scontent-eze1-1.cdninstagram.com&_nc_gid=Xt2Yfm6YxZzyJGvMQ6Nusw&oh=00_AfofilrlaW8SXPH0GL-ayNuP4dl4YU4RmMujB_b0VZka4A&oe=6965E763,🔥,2026-01-08T06:33:54.000Z,0,0,https://www.instagram.com/p/DTO4LbujxIN/c/18549915556056185
https://www.instagram.com/p/DTNI9BkgNzc/,budi.ssh,budi.ssh,"BBS & Partners, The Advocate",False,https://scontent-sjc6-1.cdninstagram.com/v/t51.2885-19/104429077_2809302469178967_3816842579002181378_n.jpg?stp=dst-jpg_e0_s150x150_tt6&_nc_cat=101&ig_cache_key=GBV2OQZX9r2zC-sJAALHAmUaJvg0bkULAAAB1501500j-ccb7-5&ccb=7-5&_nc_sid=669407&efg=eyJ2ZW5jb2RlX3RhZyI6InByb2ZpbGVfcGljLnd3dy43MjAuQzMifQ%3D%3D&_nc_ohc=dDAKtEP5z5MQ7kNvwEFEcW9&_nc_oc=Adl4swuwIT7zu9f2MhfgxyzlVK_mWlspzwmZBnYxH59UeZspTbom86e43hVKwf9w05M&_nc_ad=z-m&_nc_cid=0&_nc_zt=24&_nc_ht=scontent-sjc6-1.cdninstagram.com&oh=00_AfrR7hOyyoV8eVfIhIrUZ1WY-yK_qWSkbLJsmEdWb0ot3Q&oe=6965F4CE,Mosok gene hari msh percaya LSI.. 😂😂😂,2026-01-08T06:28:08.000Z,1,0,https://www.instagram.com/p/DTNI9BkgNzc/c/17960523834040222
https://www.instagram.com/reel/DTO4LbujxIN/,knight.of.templar,knight.of.templar,,False,https://scontent-eze1-2.cdninstagram.com/v/t51.89012-19/573323465_1219825463302212_7278921664109726296_n.png?stp=dst-webp_s150x150&_nc_cat=1&ig_cache_key=YW5vbnltb3VzX3Byb2ZpbGVfcGlj.3-ccb7-5&ccb=7-5&_nc_sid=669407&efg=eyJ2ZW5jb2RlX3RhZyI6InByb2ZpbGVfcGljLnd3dy5DMyJ9&_nc_ohc=RNOcSyqJy9IQ7kNvwGWVnhW&_nc_oc=AdmQzixFWgewXBAVESwFobdqXJNPFkYUQoOffobjPkNB5iOJpzijkcEt0NII9n4Nk1o&_nc_ad=z-m&_nc_cid=0&_nc_zt=24&_nc_ht=scontent-eze1-2.cdninstagram.com&_nc_gid=Xt2Yfm6YxZzyJGvMQ6Nusw&oh=00_AfqxZBgCgYLGyBMhSDsI3KOZZDupFAcZaA61nQ-H8XnT2w&oe=6965DD19,Wah kalo balik lg pilkada melalui DPRD sih demokrasi mundur harus bergerak,2026-01-08T06:26:27.000Z,0,0,https://www.instagram.com/p/DTO4LbujxIN/c/18548639824045961
https://www.instagram.com/p/DTPNSoAEzJG/,gedebayu0921,gedebayu0921,Gede Bayu,False,https://scontent-dfw5-2.cdninstagram.com/v/t51.2885-19/70408581_1050199908656916_2439937798069813248_n.jpg?stp=dst-jpg_e0_s150x150_tt6&_nc_cat=100&ig_cache_key=GIVZMgQUp3_4JrsDAAAAAACAZtwhbkULAAAB1501500j-ccb7-5&ccb=7-5&_nc_sid=669407&efg=eyJ2ZW5jb2RlX3RhZyI6InByb2ZpbGVfcGljLnd3dy44NjQuQzMifQ%3D%3D&_nc_ohc=hvrADf6pnQoQ7kNvwFHSy_T&_nc_oc=AdmPVIrwQGpz1dkhBtpnScWcdD2ohy1WlJWfYkZPPY8XgJT3cwFAjNBL6eRH7e0cbrc&_nc_ad=z-m&_nc_cid=0&_nc_zt=24&_nc_ht=scontent-dfw5-2.cdninstagram.com&oh=00_AfqCu-6i-sBRBcPS4a0E0lni4sF6y12eAJpod-zIUU3eKw&oe=6965CFF1,Yang bayar mereka pajak mereka aja sruh jangan pajak rakyat 😂😂😂,2026-01-08T06:08:51.000Z,0,0,https://www.instagram.com/p/DTPNSoAEzJG/c/17991112694748165
https://www.instagram.com/reel/DTNBc-nCTRR/,apa_jadinya_anda,apa_jadinya_anda,Young Muda,False,https://scontent-lax3-2.cdninstagram.com/v/t51.82787-19/564632666_18034568303706001_5623526915286987627_n.jpg?stp=dst-jpg_e0_s150x150_tt6&_nc_cat=107&ig_cache_key=GFqcpyGRf2slWBJAAGtzh0rvxwpObmNDAQAB1501500j-ccb7-5&ccb=7-5&_nc_sid=669407&efg=eyJ2ZW5jb2RlX3RhZyI6InByb2ZpbGVfcGljLnd3dy4xMDgwLkMzIn0%3D&_nc_ohc=uHYPGDDyzyQQ7kNvwHVir0n&_nc_oc=AdngewZ1ypZp-2Np6mrpOVyh4ec8NlLl2w1iVk78TvN8tKtymWzBlJPW4C-5U81tC2Y&_nc_ad=z-m&_nc_cid=0&_nc_zt=24&_nc_ht=scontent-lax3-2.cdninstagram.com&_nc_gid=5F4dv9wDW4z35xPXw7UeDQ&oh=00_Afqb0ufcQ_Q1SEjCM0Rr04PSTWjqskCqVGZqtj-dw0qoNA&oe=6965D740,Skip,2026-01-08T05:57:46.000Z,0,0,https://www.instagram.com/p/DTNBc-nCTRR/c/18090064013285376
https://www.instagram.com/ntvnews.id/reel/DTPA1-MCJJv/,ning_idayu,ning_idayu,Ida Amhaq,False,https://scontent-dfw5-3.cdninstagram.com/v/t51.82787-19/587286942_18084219986086790_8593938823194742533_n.jpg?stp=dst-jpg_e0_s150x150_tt6&_nc_cat=108&ig_cache_key=GJ5JASOGi0_UgD9AAAUP9rnTzUN3bmNDAQAB1501500j-ccb7-5&ccb=7-5&_nc_sid=669407&efg=eyJ2ZW5jb2RlX3RhZyI6InByb2ZpbGVfcGljLnd3dy44NTIuQzMifQ%3D%3D&_nc_ohc=b0HgAb8nhYEQ7kNvwGIrBga&_nc_oc=Adkanzt2NFuRX8KxTohXsNsKyytz6_vUpGhNHKAlzZ5Vp9Az5b0Si58dpmaGYNqRNSc&_nc_ad=z-m&_nc_cid=0&_nc_zt=24&_nc_ht=scontent-dfw5-3.cdninstagram.com&_nc_gid=V55C9RKBHEoESPP9PwJ68w&oh=00_AfrlGeKSrZzQLa92mXRBCergkaxrG1UY-OCGAsb9CBfBlg&oe=6965E5F6,"Setelah kemana mana pke baju pramugari, skrg mbak viral dimana mana. Smg di notic dijadikan pramugari beneran ya",2026-01-08T05:56:02.000Z,2,0,https://www.instagram.com/p/DTPA1-MCJJv/c/18033037133751916
https://www.instagram.com/reel/DTO4LbujxIN/,jhoni_arab,jhoni_arab,Faisal J.A,False,https://scontent-eze1-1.cdninstagram.com/v/t51.82787-19/528241173_18284480551287310_3072050710693252017_n.jpg?stp=dst-jpg_e0_s150x150_tt6&_nc_cat=106&ig_cache_key=GBVSfB8Oeilgo-VAALGL207YHaIqbmNDAQAB1501500j-ccb7-5&ccb=7-5&_nc_sid=669407&efg=eyJ2ZW5jb2RlX3RhZyI6InByb2ZpbGVfcGljLnd3dy4xMDgwLkMzIn0%3D&_nc_ohc=tlsTuJDWB_AQ7kNvwEOdHFB&_nc_oc=Adm18AHEpO82UxDm3EPfFCMQy_whYPvx7LG1JpgWbrzu4I5kxw9GQcFzkT3tzzCQ6qQ&_nc_ad=z-m&_nc_cid=0&_nc_zt=24&_nc_ht=scontent-eze1-1.cdninstagram.com&_nc_gid=Xt2Yfm6YxZzyJGvMQ6Nusw&oh=00_Afoup42_KABVV-2pDriqRsVaFz31D9t7LUElxlxm2HUpBQ&oe=6965CBB4,Menyala 🤟,2026-01-08T05:47:18.000Z,0,0,https://www.instagram.com/p/DTO4LbujxIN/c/18385274557147551
https://www.instagram.com/reel/DTNBc-nCTRR/,jfry_pratama,jfry_pratama,Mas mas biasa,False,https://scontent-lax3-1.cdninstagram.com/v/t51.82787-19/568382722_18293845051257445_2134098988323337446_n.jpg?stp=dst-jpg_e0_s150x150_tt6&_nc_cat=102&ig_cache_key=GALV4CFlMtu3J-5AAOZ0iBK5150dbmNDAQAB1501500j-ccb7-5&ccb=7-5&_nc_sid=669407&efg=eyJ2ZW5jb2RlX3RhZyI6InByb2ZpbGVfcGljLnd3dy4xMDc4LkMzIn0%3D&_nc_ohc=AFzoNjsoQ9kQ7kNvwHMhuhA&_nc_oc=Admc-eU80KP6ZtKaliWZCIZaUvrrFzcABZivJUAQWLVKg-ODt99u2QGXCCq43vlvUf4&_nc_ad=z-m&_nc_cid=0&_nc_zt=24&_nc_ht=scontent-lax3-1.cdninstagram.com&_nc_gid=5F4dv9wDW4z35xPXw7UeDQ&oh=00_Afq-mYk4BkvCc2-HiswYtdYapuWuu03SHtyIktrb6298cg&oe=6965E8F3,"andai beliau menang lgi smlm, jadi jua am sirkuit wyah ini🙌",2026-01-08T05:44:38.000Z,9,0,https://www.instagram.com/p/DTNBc-nCTRR/c/18102535132775310
https://www.instagram.com/p/DTPNSoAEzJG/,nyoman_sulastrini,nyoman_sulastrini,,False,https://scontent-dfw6-1.cdninstagram.com/v/t51.2885-19/297776715_762604631458700_5141469103614652499_n.jpg?stp=dst-jpg_e0_s150x150_tt6&_nc_cat=103&ig_cache_key=GEu2vxGMgym6lbUCAFPwmLjoKlpHbkULAAAB1501500j-ccb7-5&ccb=7-5&_nc_sid=669407&efg=eyJ2ZW5jb2RlX3RhZyI6InByb2ZpbGVfcGljLnd3dy4xMDgwLkMzIn0%3D&_nc_ohc=qJ3ZKjMnMSkQ7kNvwFZ_jVP&_nc_oc=AdlF6awg1omOSCUPiPZiViVEH1-m_Wm2c77OskOE7YuOn7rC6y7UbrNCQf0mAodq8hw&_nc_ad=z-m&_nc_cid=0&_nc_zt=24&_nc_ht=scontent-dfw6-1.cdninstagram.com&oh=00_AfpDnDECBLYRn1z3ctnFIBwtBm7ilQXwMzKhIvN4bw5Alg&oe=6965DBED,"Saya pikir sama saja sih , hrs amplop tebal mah ini 😂😂😂",2026-01-08T05:38:50.000Z,0,0,https://www.instagram.com/p/DTPNSoAEzJG/c/18079501832238714
https://www.instagram.com/reel/DTO4LbujxIN/,maruls_showtime,maruls_showtime,Marul's Showtime,False,https://scontent-eze1-1.cdninstagram.com/v/t51.82787-19/575290896_18119635375537716_1107903400555877522_n.jpg?stp=dst-jpg_e0_s150x150_tt6&_nc_cat=106&ig_cache_key=GBA_SiI0vgRetl9AAJKUlNtFEGAPbmNDAQAB1501500j-ccb7-5&ccb=7-5&_nc_sid=669407&efg=eyJ2ZW5jb2RlX3RhZyI6InByb2ZpbGVfcGljLnd3dy43MjAuQzMifQ%3D%3D&_nc_ohc=0DifCI3BCkAQ7kNvwGw__wA&_nc_oc=AdkBfuByj9TYIyacsHD4h2LG88DDqdVt4jvu0f1EjYEQf-U2HLbyiFThIHk8a-b5OBw&_nc_ad=z-m&_nc_cid=0&_nc_zt=24&_nc_ht=scontent-eze1-1.cdninstagram.com&_nc_gid=Xt2Yfm6YxZzyJGvMQ6Nusw&oh=00_AfrzpyVcUNWfNMrZVCiRiI75uTl0Kk9wjDxdi6N-vDg4lQ&oe=6965D1B7,🔥,2026-01-08T05:28:23.000Z,0,1,https://www.instagram.com/p/DTO4LbujxIN/c/18305654308270331
https://www.instagram.com/ntvnews.id/reel/DTPA1-MCJJv/,ok.hera,ok.hera,Hera Ok,False,https://scontent-dfw6-1.cdninstagram.com/v/t51.2885-19/65792365_434535967276873_775120100893130752_n.jpg?stp=dst-jpg_e0_s150x150_tt6&_nc_cat=103&ig_cache_key=GG3p6wNJv-hJNYsBAAAAAACgx8EKbkULAAAB1501500j-ccb7-5&ccb=7-5&_nc_sid=669407&efg=eyJ2ZW5jb2RlX3RhZyI6InByb2ZpbGVfcGljLnd3dy4xMDgwLkMzIn0%3D&_nc_ohc=0Xvn7TMX9UAQ7kNvwHx0Dvu&_nc_oc=AdlDYJI05MlUIYua__DuiQnBF73TsoRA4nr1Ye74RqnzLrGpR5iK-5LGCqm3IzbWi00&_nc_ad=z-m&_nc_cid=0&_nc_zt=24&_nc_ht=scontent-dfw6-1.cdninstagram.com&oh=00_AfqMzkvY07JFMdEtkjq0RsCNcft1Xv_PYqvrbNpQwS8hKw&oe=6965D6FA,"Kok perbuatan yang melanggar peraturan seperti itu malah didukung ya ? Semangat dsb dst ? Apakah kalau ada org yg menyamar jadi dokter, jadi hakim, jadi polusi dsb juga akan didukung ya ? (Apakah ini benar nilai2 rakyat Indonesia sekarang ?) 😮😲😳",2026-01-08T05:25:49.000Z,6,1,https://www.instagram.com/p/DTPA1-MCJJv/c/18051926609410245
https://www.instagram.com/p/DTPNSoAEzJG/,muridgaul,muridgaul,gus,False,https://scontent-dfw5-3.cdninstagram.com/v/t51.2885-19/28153652_1722080094515311_5280661766445989888_n.jpg?stp=dst-jpg_e0_s150x150_tt6&_nc_cat=108&ig_cache_key=GDSXrQFv8E4EOR4GAAAAAADmrUhJbkULAAAB1501500j-ccb7-5&ccb=7-5&_nc_sid=669407&efg=eyJ2ZW5jb2RlX3RhZyI6InByb2ZpbGVfcGljLnd3dy4xMDgwLkMzIn0%3D&_nc_ohc=-6oyCzf_YpwQ7kNvwG0Yn6G&_nc_oc=Adkz6_GOkI768O6sDlWrSbsCSEQ92qM07bia0Jf2oAz5nh-cZ_d5IwtPOT7ys7iYphE&_nc_ad=z-m&_nc_cid=0&_nc_zt=24&_nc_ht=scontent-dfw5-3.cdninstagram.com&oh=00_AfohuvDR_pS5_t4v13Jn9pwvDZ9NxUMReD9ErwNH1-bgtA&oe=6965D8D3,"Sebelum nya yg dapat amplop rakyat, nanti yg dapat amplop wakil rakyat🔥",2026-01-08T05:25:38.000Z,0,0,https://www.instagram.com/p/DTPNSoAEzJG/c/18080054147207008
https://www.instagram.com/reel/DTNBc-nCTRR/,mondaaa17,mondaaa17,Monica Monda,False,https://scontent-lax3-1.cdninstagram.com/v/t51.2885-19/446592578_1111995543344539_7442218305913464174_n.jpg?stp=dst-jpg_e0_s150x150_tt6&_nc_cat=104&ig_cache_key=GEJ2nhqbVVqjWvMDAG6l4WAeEkhnbkULAAAB1501500j-ccb7-5&ccb=7-5&_nc_sid=669407&efg=eyJ2ZW5jb2RlX3RhZyI6InByb2ZpbGVfcGljLnd3dy4xMDgwLkMzIn0%3D&_nc_ohc=suBIzsHw54kQ7kNvwF9kcDp&_nc_oc=AdlB0bGt0nvy-qxo-SAMeKBCzB5Im0S53lrfSB7H9HBvVOOO6GsPf18R5RjhK1Fz7o4&_nc_ad=z-m&_nc_cid=0&_nc_zt=24&_nc_ht=scontent-lax3-1.cdninstagram.com&oh=00_AfrBUeAioZOwkgWZlbcwJOahb-1kQZ_mHu2MRvZAA6MB6w&oe=6965CBF0,Ayo kita dukung pa Supian hadi mencaleg 2029,2026-01-08T05:22:44.000Z,6,0,https://www.instagram.com/p/DTNBc-nCTRR/c/17858688078584996
https://www.instagram.com/reel/DTOvIVSE5BP/,alexa_asmara_ginting,alexa_asmara_ginting,ALEXINDO FOOTWEAR VARIS,False,https://scontent-lax3-1.cdninstagram.com/v/t51.2885-19/315857661_869492291166131_66051882256480550_n.jpg?stp=dst-jpg_e0_s150x150_tt6&_nc_cat=109&ig_cache_key=GP2a0xKzXyZzzBYDACa5pELWqeoAbkULAAAB1501500j-ccb7-5&ccb=7-5&_nc_sid=669407&efg=eyJ2ZW5jb2RlX3RhZyI6InByb2ZpbGVfcGljLnd3dy4xMDgwLkMzIn0%3D&_nc_ohc=kJ3HxFhXkbEQ7kNvwFD8KSL&_nc_oc=AdlGG46Ym_3btVoNSON1Tygewt110EVjLN4qr8_ApqG0v3RPhXJuSp0e2k9WYT2WoEg&_nc_ad=z-m&_nc_cid=0&_nc_zt=24&_nc_ht=scontent-lax3-1.cdninstagram.com&oh=00_AfrIedlySGl75na-zMlEMBQxrx9sntcp70FOy-Z-zsAlGA&oe=6965EE6B,Otoriter,2026-01-08T05:20:53.000Z,0,0,https://www.instagram.com/p/DTOvIVSE5BP/c/17991491408873126
https://www.instagram.com/p/DTO8TY3k-6u/,mellydwisartikanst,mellydwisartikanst,Melly Tika,False,https://scontent-sjc3-1.cdninstagram.com/v/t51.82787-19/581962811_18514967128069555_6015759793900224400_n.jpg?stp=dst-jpg_e0_s150x150_tt6&_nc_cat=110&ig_cache_key=GDsMsCKzVbK2Q8dBAJD-f_GoRXxTbmNDAQAB1501500j-ccb7-5&ccb=7-5&_nc_sid=669407&efg=eyJ2ZW5jb2RlX3RhZyI6InByb2ZpbGVfcGljLnd3dy45NjAuQzMifQ%3D%3D&_nc_ohc=qsQ1B_cHHG0Q7kNvwGXxhmz&_nc_oc=AdmP2eEY-lflh2sGGNZ8otiU-ycrv7NZjCauT4szdQPSdXAIPwbtdrTe-VSC4Vlpzek&_nc_ad=z-m&_nc_cid=0&_nc_zt=24&_nc_ht=scontent-sjc3-1.cdninstagram.com&_nc_gid=WuIiFpwatoT5ABZBiRNJPQ&oh=00_Afo1gzM4vD7xm0ddRfvik_ug-WFXN-nzpWrqkGsfZ0_Row&oe=6965EAA0,Bagus itu.. Mengurangi biaya anggaran,2026-01-08T05:07:25.000Z,1,0,https://www.instagram.com/p/DTO8TY3k-6u/c/18073040975458394
https://www.instagram.com/p/DTNI9BkgNzc/,abdulbasid_9,abdulbasid_9,abdulbasid_,False,https://scontent-sjc6-1.cdninstagram.com/v/t51.2885-19/118763929_2846617462233726_6941727121152506880_n.jpg?stp=dst-jpg_e0_s150x150_tt6&_nc_cat=108&ig_cache_key=GJkxFAd_2qXG_xwKAAB8-a8J_FVgbkULAAAB1501500j-ccb7-5&ccb=7-5&_nc_sid=669407&efg=eyJ2ZW5jb2RlX3RhZyI6InByb2ZpbGVfcGljLnd3dy4xMDgwLkMzIn0%3D&_nc_ohc=Muxi6YGKuyEQ7kNvwFrQcpT&_nc_oc=AdlH_KziN8bWOPQqlz2W1a2ZqBqf9FhGxoUheZsfNyAAOYkIfN74SHKni05mfyC758E&_nc_ad=z-m&_nc_cid=0&_nc_zt=24&_nc_ht=scontent-sjc6-1.cdninstagram.com&oh=00_AfokNzEO2yMe1heeSZQd79-c3hB0GOWHiSdF_QMJv5NpGg&oe=6965D048,Bukan 66.1% tapi 90% rakyat menolak Pilkada dipilih DPRD,2026-01-08T04:53:48.000Z,3,0,https://www.instagram.com/p/DTNI9BkgNzc/c/17926556583049114
https://www.instagram.com/p/DTO8TY3k-6u/,lukiputra24,lukiputra24,Luxz Putra S,False,https://scontent-sjc6-1.cdninstagram.com/v/t51.2885-19/53521087_1990412651070189_6630693905975214080_n.jpg?stp=dst-jpg_e0_s150x150_tt6&_nc_cat=109&ig_cache_key=GL_qMAPtAgYPRRIHAAAAAAD69ARcbkULAAAB1501500j-ccb7-5&ccb=7-5&_nc_sid=669407&efg=eyJ2ZW5jb2RlX3RhZyI6InByb2ZpbGVfcGljLnd3dy4xMDgwLkMzIn0%3D&_nc_ohc=sToc7GlS93UQ7kNvwHtK7xO&_nc_oc=Adk9rqVs7-DSHKoQpreoQyyDAPudygFLdC8i3UrP1reEf3JGNxBB5uZeFThSTJpYl4c&_nc_ad=z-m&_nc_cid=0&_nc_zt=24&_nc_ht=scontent-sjc6-1.cdninstagram.com&oh=00_Afp3BOpyFEQGKGpkUf8yxBrzLkLHATt7j6eNflzkFhex9w&oe=6965F56B,Sari pada ngurusin negara lain perang. Urus ini dpr yang merebut kebebasan bersuara rakyat. Mengatas namakan rakyat unuk kepentingan kelompok mereka sendiri 🔥🔥🔥🔥,2026-01-08T04:45:48.000Z,0,0,https://www.instagram.com/p/DTO8TY3k-6u/c/18062130503638957
https://www.instagram.com/reel/DTO4LbujxIN/,kusuma7447,kusuma7447,Pu,False,https://scontent-eze1-2.cdninstagram.com/v/t51.2885-19/449876367_302703606166483_7794587437365400877_n.jpg?stp=dst-jpg_e0_s150x150_tt6&_nc_cat=108&ig_cache_key=GI_R0BrT8_qsThMBAC0V4w767ytsbkULAAAB1501500j-ccb7-5&ccb=7-5&_nc_sid=669407&efg=eyJ2ZW5jb2RlX3RhZyI6InByb2ZpbGVfcGljLnd3dy45MDQuQzMifQ%3D%3D&_nc_ohc=g8yjzYDLGgsQ7kNvwGwdXPq&_nc_oc=AdkLXAYBfapo0gyUo_AvUZ6MVPRdcEZfppm_wiKqVD6cFyBRFKTaUVFuAHP8Bql_BZQ&_nc_ad=z-m&_nc_cid=0&_nc_zt=24&_nc_ht=scontent-eze1-2.cdninstagram.com&oh=00_Afr0hepsPNo1C6OUmCNHAsWr_TeRgU7IUkYodr_y2y5e2g&oe=6965D6BD,"kalau m3mang di paksakan melalui poting maka akan terjdi pilkada di pilih anggota dprd.. Tapi ada jalan lain yaitu membahas di tataran uu atau sistem mekanisme nya....yaitu rakyat wajib memilih kepala daerah dgn menyuarakan suara nya melalui wakil rakyat nya di dprd....jika wakil rakyat di dprd tdk menjalankan amanat rakyat dgn pilihan rakyat maka hukum nya adalah partai dan anggota dewan nya hrs keluar dri parlemen....kunci nya ialah dewan atau dprd hnya fasilitator suara rakyat dalam memilih kepala daerah....beda nya adalah rakyat tdk nyoblos langsung, nybolos nya di wakili wakil rakyat.",2026-01-08T04:45:37.000Z,1,0,https://www.instagram.com/p/DTO4LbujxIN/c/17987808647761461
https://www.instagram.com/ntvnews.id/reel/DTPA1-MCJJv/,liuacien,liuacien,,False,https://scontent-dfw5-2.cdninstagram.com/v/t51.2885-19/448338300_423021853890226_5675991607949931900_n.jpg?stp=dst-jpg_e0_s150x150_tt6&_nc_cat=100&ig_cache_key=GHwZuRqyVlVzvIABAHw19HNLLMVObkULAAAB1501500j-ccb7-5&ccb=7-5&_nc_sid=669407&efg=eyJ2ZW5jb2RlX3RhZyI6InByb2ZpbGVfcGljLnd3dy4xMDgwLkMzIn0%3D&_nc_ohc=eyaz9XHbjzkQ7kNvwGBe4BM&_nc_oc=AdkaTVwKuuEbZxhmBgeA1f3b4BrXsQIq12All1nPuRiWir6IB7qvcyQtE8Ia7SyaCO8&_nc_ad=z-m&_nc_cid=0&_nc_zt=24&_nc_ht=scontent-dfw5-2.cdninstagram.com&oh=00_Afq5LIod7mQgkip_QIeqp22Hcrk_RtbjGLFwIq0qGsDdeQ&oe=6965C7FE,tangkap . ini sdh melanggar hukum . ini bukan sebuah lelucon,2026-01-08T04:40:28.000Z,4,1,https://www.instagram.com/p/DTPA1-MCJJv/c/17921252058218478
https://www.instagram.com/ntvnews.id/reel/DTPA1-MCJJv/,mizialfarizi,mizialfarizi,zey,False,https://scontent-dfw6-1.cdninstagram.com/v/t51.2885-19/472828672_1104678514767273_6633655549098342285_n.jpg?stp=dst-jpg_e0_s150x150_tt6&_nc_cat=101&ig_cache_key=GADLLhyptXYCs_wDAI03TkaTeg9cbkULAAAB1501500j-ccb7-5&ccb=7-5&_nc_sid=669407&efg=eyJ2ZW5jb2RlX3RhZyI6InByb2ZpbGVfcGljLnd3dy41NzYuQzMifQ%3D%3D&_nc_ohc=r-nU1xxVvXcQ7kNvwFyrIBi&_nc_oc=AdndXZyzZOQgKbtYqv7ADiX39fcZAZ3PNaBM_raR_KC8Vb7EUwnJlSnoxF-6vlwjnr8&_nc_ad=z-m&_nc_cid=0&_nc_zt=24&_nc_ht=scontent-dfw6-1.cdninstagram.com&oh=00_AfqowmAlg0ozCN9m4h8CNRhtA3aoeN6LFwZFKag3Je2QnA&oe=6965E341,Pengawas ny lengahh masa g tau,2026-01-08T04:21:07.000Z,2,0,https://www.instagram.com/p/DTPA1-MCJJv/c/18175326916374703
https://www.instagram.com/reel/DTNBc-nCTRR/,shoper_71,shoper_71,,False,https://scontent-lax3-2.cdninstagram.com/v/t51.2885-19/345412801_648688393938528_2231206033143641550_n.jpg?stp=dst-jpg_e0_s150x150_tt6&_nc_cat=111&ig_cache_key=GMGUlhRgZkqJ_k0CAM41PNIQ1vYebkULAAAB1501500j-ccb7-5&ccb=7-5&_nc_sid=669407&efg=eyJ2ZW5jb2RlX3RhZyI6InByb2ZpbGVfcGljLnd3dy41OTEuQzMifQ%3D%3D&_nc_ohc=gSlzLRN1t2EQ7kNvwGB8kmJ&_nc_oc=AdlrGEqb3FFvAVd9e6eDf6QPAUGqpbevsjLhWCp6SR5GIxAbCXz_gsF20nfvMDKCxRs&_nc_ad=z-m&_nc_cid=0&_nc_zt=24&_nc_ht=scontent-lax3-2.cdninstagram.com&oh=00_AfpWrDEx-mxu0uQYqTSd72NZKqAr7TMT4MtsuicQec56Hw&oe=6965D057,Baik sidin dr pda yg ada jar,2026-01-08T04:20:12.000Z,8,0,https://www.instagram.com/p/DTNBc-nCTRR/c/18404846116121159
https://www.instagram.com/reel/DTOvIVSE5BP/,rahmansyahputra85,rahmansyahputra85,Rahmansyah,False,https://scontent-lax3-1.cdninstagram.com/v/t51.2885-19/384217676_210300441903423_8508013191691844441_n.jpg?stp=dst-jpg_e0_s150x150_tt6&_nc_cat=108&ig_cache_key=GEyy5hY-wSJjRL8AAFk7IaPriBJ2bkULAAAB1501500j-ccb7-5&ccb=7-5&_nc_sid=669407&efg=eyJ2ZW5jb2RlX3RhZyI6InByb2ZpbGVfcGljLnd3dy40ODYuQzMifQ%3D%3D&_nc_ohc=SWi1Wt7hG0IQ7kNvwFALuIL&_nc_oc=AdlIdWPFX1rx3-NYTD5kSvkAa4wLkJ9CvNoRxDK5bYG7Ed5GZLfOUT5yxBUQZ-clt_U&_nc_ad=z-m&_nc_cid=0&_nc_zt=24&_nc_ht=scontent-lax3-1.cdninstagram.com&oh=00_AfoizL3CNOiVIsMLtAfbedzbIDg5iR_rnIpO9UaNjBLh6A&oe=6965D674,Dah ga ngerti mau kemana arah tujuan bangsa ini!??,2026-01-08T04:16:57.000Z,0,0,https://www.instagram.com/p/DTOvIVSE5BP/c/18400885477135549
https://www.instagram.com/ntvnews.id/reel/DTPA1-MCJJv/,indrawatisin,indrawatisin,Indrawatisin,False,https://scontent-dfw5-2.cdninstagram.com/v/t51.2885-19/416031158_1106355517049924_6648937990869059351_n.jpg?stp=dst-jpg_e0_s150x150_tt6&_nc_cat=102&ig_cache_key=GLYhzBhEzJZ3Oe4DABeHWQfgxUVcbkULAAAB1501500j-ccb7-5&ccb=7-5&_nc_sid=669407&efg=eyJ2ZW5jb2RlX3RhZyI6InByb2ZpbGVfcGljLnd3dy43MTguQzMifQ%3D%3D&_nc_ohc=OcthrNJyU2IQ7kNvwFSdEzp&_nc_oc=Adn6lBJ_-oq6RpyZx1k7uCuBNp3Wlkg5hN_wfD_4RxXf8pJyQwxKjI1zPsuplYyF_pM&_nc_ad=z-m&_nc_cid=0&_nc_zt=24&_nc_ht=scontent-dfw5-2.cdninstagram.com&oh=00_AfoMcP9NRl98bmf9mq8_JvpTBqzxvkSOUAxsFOJon31RKA&oe=6965F19E,"Wk wk wk ditayangkan dimana-mana, tearget dia tercapai😂😂😂😢😢😢",2026-01-08T04:16:50.000Z,1,0,https://www.instagram.com/p/DTPA1-MCJJv/c/18068325509417653
https://www.instagram.com/ntvnews.id/reel/DTPA1-MCJJv/,ashadamuliamotor,ashadamuliamotor,ashada motor,False,https://scontent-dfw5-2.cdninstagram.com/v/t51.2885-19/106429281_645252156064840_1150175232659930355_n.jpg?stp=dst-jpg_e0_s150x150_tt6&_nc_cat=100&ig_cache_key=GGH7VwZIhI152koCAPO8JbxHPvYPbkULAAAB1501500j-ccb7-5&ccb=7-5&_nc_sid=669407&efg=eyJ2ZW5jb2RlX3RhZyI6InByb2ZpbGVfcGljLnd3dy43MDQuQzMifQ%3D%3D&_nc_ohc=11Y39GXkOhEQ7kNvwHVTJOX&_nc_oc=AdlXx2e-eKIFJ1G0Ar8-8u9XHmWMo5LeEZiO_SJm87uA-ByDWdbPquvr4-wNBECJW0g&_nc_ad=z-m&_nc_cid=0&_nc_zt=24&_nc_ht=scontent-dfw5-2.cdninstagram.com&oh=00_AfrpM6pG3r4XcfcAqgNfFzjfM0MBxrp1GGiCAujCk3G1hQ&oe=6965C906,Sabar kak...semoga kedepan dpt meraih cita2 yg diimpikan.,2026-01-08T04:01:58.000Z,2,0,https://www.instagram.com/p/DTPA1-MCJJv/c/18088258439113779
https://www.instagram.com/ntvnews.id/reel/DTPA1-MCJJv/,al_alfabieza,al_alfabieza,raka,False,https://scontent-dfw5-2.cdninstagram.com/v/t51.2885-19/473738534_1282860119587952_2399257901572511793_n.jpg?stp=dst-jpg_e0_s150x150_tt6&_nc_cat=104&ig_cache_key=GCatPBxwfLklwY4EADFYx4NZ4EshbkULAAAB1501500j-ccb7-5&ccb=7-5&_nc_sid=669407&efg=eyJ2ZW5jb2RlX3RhZyI6InByb2ZpbGVfcGljLnd3dy43MjAuQzMifQ%3D%3D&_nc_ohc=ymoE4oQihoAQ7kNvwGOdSRk&_nc_oc=AdlFiBlcl7qUh0TzdNcxsCgMjafb16_39tfJlzV8j5bZn8yvPvGOvZl4CpK1mQZIwT4&_nc_ad=z-m&_nc_cid=0&_nc_zt=24&_nc_ht=scontent-dfw5-2.cdninstagram.com&oh=00_AfpTn6FXYUfsDxfXUollQmZINY6fbcHDu6-EdPY0UBdb4g&oe=6965C961,"Semangat kak, nanti juga ada yg rekruit",2026-01-08T03:47:32.000Z,3,0,https://www.instagram.com/p/DTPA1-MCJJv/c/17858681304529737
https://www.instagram.com/ntvnews.id/reel/DTPA1-MCJJv/,ilho_mike,ilho_mike,Ilham Mulyawan Indra,False,https://scontent-dfw5-1.cdninstagram.com/v/t51.2885-19/69883193_826279191102274_5239934816371081216_n.jpg?stp=dst-jpg_e0_s150x150_tt6&_nc_cat=110&ig_cache_key=GDlVKgRCw6sdf_8CAAAAAAD0-LdIbkULAAAB1501500j-ccb7-5&ccb=7-5&_nc_sid=669407&efg=eyJ2ZW5jb2RlX3RhZyI6InByb2ZpbGVfcGljLnd3dy4zNDkuQzMifQ%3D%3D&_nc_ohc=KQ_oLcFnkZMQ7kNvwGtR9JR&_nc_oc=AdkXlgdcRXOao7cdmkZZPaV7uyaOelWfj2OgBUEhoIwMZN48UbT2Coee6y2fIO2LhtE&_nc_ad=z-m&_nc_cid=0&_nc_zt=24&_nc_ht=scontent-dfw5-1.cdninstagram.com&oh=00_AfovFlbx0T5hlEU6BTvJTwLwI0In2k69QsWd-LbpsXSOFg&oe=6965E3DE,Semoga cita cita mu tercapai,2026-01-08T03:44:23.000Z,3,0,https://www.instagram.com/p/DTPA1-MCJJv/c/18176616307374981
https://www.instagram.com/ntvnews.id/reel/DTPA1-MCJJv/,ahmad68salma,ahmad68salma,salma ahmad68,False,https://scontent-dfw6-1.cdninstagram.com/v/t51.2885-19/472311452_1265398434578284_231840424546908656_n.jpg?stp=dst-jpg_e0_s150x150_tt6&_nc_cat=101&ig_cache_key=GJzmJhxsPzGI334EAPC5sUWjqTcDbkULAAAB1501500j-ccb7-5&ccb=7-5&_nc_sid=669407&efg=eyJ2ZW5jb2RlX3RhZyI6InByb2ZpbGVfcGljLnd3dy4xMDgwLkMzIn0%3D&_nc_ohc=WseK6b36y0sQ7kNvwHqOVxm&_nc_oc=Adks_v1UGdQFiZ1fNE3Ir2KPgaIV-oqSFkoDpFzqq9Tf8fEySWiNCeAHrimkfjdE22s&_nc_ad=z-m&_nc_cid=0&_nc_zt=24&_nc_ht=scontent-dfw6-1.cdninstagram.com&oh=00_AfpCj5oge3vbxaa2DI7c_IXNHhbiQwLuHopEfhXuXItAdQ&oe=6965DDDB,Masyalahnya dariana dia tau aidinya dan atributnya dimana diambilnya,2026-01-08T03:41:54.000Z,2,0,https://www.instagram.com/p/DTPA1-MCJJv/c/17997548945708556
https://www.instagram.com/reel/DTNyR-mE-WG/,fauziansyahfauzi1,fauziansyahfauzi1,fauziansyah,False,https://scontent-sjc6-1.cdninstagram.com/v/t51.2885-19/355116419_791708009217943_3484780592725301364_n.jpg?stp=dst-jpg_e0_s150x150_tt6&_nc_cat=107&ig_cache_key=GIOlKhWXv6fiDdACAHQYkWV8bVwwbkULAAAB1501500j-ccb7-5&ccb=7-5&_nc_sid=669407&efg=eyJ2ZW5jb2RlX3RhZyI6InByb2ZpbGVfcGljLnd3dy41NTQuQzMifQ%3D%3D&_nc_ohc=O4oH9R-fJ2sQ7kNvwF-0uNQ&_nc_oc=AdlZzUjRL0KHOtvQMY_VHPLlYJSuTfA2V04552heoKtZYhdwnEZcwtPqidnCYRVOja0&_nc_ad=z-m&_nc_cid=0&_nc_zt=24&_nc_ht=scontent-sjc6-1.cdninstagram.com&oh=00_Afog7ifibQTTwKF4lET8B8lAWRXm4QpZKet9DiGinAv_kw&oe=6965DCEA,👏👏🔥,2026-01-08T03:40:38.000Z,0,0,https://www.instagram.com/p/DTNyR-mE-WG/c/18070376720562988
https://www.instagram.com/reel/DTNBc-nCTRR/,haryadi.wyk_,haryadi.wyk_,𝐇aryadi W,False,https://scontent-lax3-2.cdninstagram.com/v/t51.2885-19/418787072_3674576092765956_817785616362780415_n.jpg?stp=dst-jpg_e0_s150x150_tt6&_nc_cat=107&ig_cache_key=GAAv9hgEn7XqAQ4NAP82um2vW1kLbkULAAAB1501500j-ccb7-5&ccb=7-5&_nc_sid=669407&efg=eyJ2ZW5jb2RlX3RhZyI6InByb2ZpbGVfcGljLnd3dy4xMDgwLkMzIn0%3D&_nc_ohc=-dKiFOiePx0Q7kNvwGga6BU&_nc_oc=AdljQswq_hsXGT5ulwB2USbvCK5hBqtKyYEwUhIgkj8JSKhnPzy8myGvJtzlVa3qaVA&_nc_ad=z-m&_nc_cid=0&_nc_zt=24&_nc_ht=scontent-lax3-2.cdninstagram.com&oh=00_Afr9mZn_6aZYESargO-WD7E2ivvMfPnRxCkbtQhFWX4Pzg&oe=6965DD59,Sehat² pian pak,2026-01-08T03:36:15.000Z,2,0,https://www.instagram.com/p/DTNBc-nCTRR/c/18116241730596640
https://www.instagram.com/ntvnews.id/reel/DTPA1-MCJJv/,37san_9,37san_9,,False,https://scontent-dfw5-2.cdninstagram.com/v/t51.82787-19/586548890_17934184038106823_6056949591758836253_n.jpg?stp=dst-jpg_e0_s150x150_tt6&_nc_cat=100&ig_cache_key=GJoG9iLHhu2cC7c-AB2SOweQmw5UbmNDAQAB1501500j-ccb7-5&ccb=7-5&_nc_sid=669407&efg=eyJ2ZW5jb2RlX3RhZyI6InByb2ZpbGVfcGljLnd3dy4xMDgwLkMzIn0%3D&_nc_ohc=ztJDn8NNWZAQ7kNvwFDR7Ng&_nc_oc=Adl9z9EBZjSYcXZagvpdutVUNPFtlbwWktjlZIyr4Xva-NglZ04kQUWyFjIOPN8Fzf0&_nc_ad=z-m&_nc_cid=0&_nc_zt=24&_nc_ht=scontent-dfw5-2.cdninstagram.com&_nc_gid=V55C9RKBHEoESPP9PwJ68w&oh=00_AfpUOi1K9L23WOvffmqwygvxidmXUjiQlWYBcn7epoLNvw&oe=6965DDC0,Semoga nanti jadi pramugari beneran ya kak,2026-01-08T03:35:58.000Z,7,0,https://www.instagram.com/p/DTPA1-MCJJv/c/18439963483105314
https://www.instagram.com/ntvnews.id/reel/DTPA1-MCJJv/,bagus.bayu.a.s,bagus.bayu.a.s,Bagus Bayu Adhyaksa Suputra,False,https://scontent-dfw6-1.cdninstagram.com/v/t51.2885-19/367374427_827487515532915_4601921407792670313_n.jpg?stp=dst-jpg_e0_s150x150_tt6&_nc_cat=101&ig_cache_key=GFuw5RVzXmtzmPACAGlmv2sjT90-bkULAAAB1501500j-ccb7-5&ccb=7-5&_nc_sid=669407&efg=eyJ2ZW5jb2RlX3RhZyI6InByb2ZpbGVfcGljLnd3dy44MjguQzMifQ%3D%3D&_nc_ohc=OTPJEB54BtoQ7kNvwGFRpmi&_nc_oc=AdnUWTL2c7qdOaGf6rxxMi3ycRtB36pRtQ04ytimW815Kn4zwqy_-mfW7KePwf9RK4o&_nc_ad=z-m&_nc_cid=0&_nc_zt=24&_nc_ht=scontent-dfw6-1.cdninstagram.com&oh=00_Afob6v4QaJ62sBGwomEdrUw_8XSu2_z75KXkQmrgohE9sA&oe=6965E888,Wah kyk film catch me if you can,2026-01-08T03:34:35.000Z,4,3,https://www.instagram.com/p/DTPA1-MCJJv/c/17882099487440282
https://www.instagram.com/ntvnews.id/reel/DTPA1-MCJJv/,yanimanusabbath,yanimanusabbath,Yani Devara,False,https://scontent-dfw5-2.cdninstagram.com/v/t51.2885-19/473740026_3514375962199758_6104460626737237667_n.jpg?stp=dst-jpg_e0_s150x150_tt6&_nc_cat=102&ig_cache_key=GPqyPBzOhtVqTnwMAKMOCOKYZrdUbkULAAAB1501500j-ccb7-5&ccb=7-5&_nc_sid=669407&efg=eyJ2ZW5jb2RlX3RhZyI6InByb2ZpbGVfcGljLnd3dy4xMDgwLkMzIn0%3D&_nc_ohc=PQcA1h9a2hcQ7kNvwGiLhhn&_nc_oc=AdkbP7NE4Fd2HGxRw-ixgOq0qncXb1eTOyYMOVHYGPL9HgLIVIo-v9Cg2hlU8BLSow0&_nc_ad=z-m&_nc_cid=0&_nc_zt=24&_nc_ht=scontent-dfw5-2.cdninstagram.com&oh=00_AfoEH4vPDP-_4-bOimr6H6v5dEKVzEJkgJSlLFO2DWRveg&oe=6965DD58,Besok yakin akan jadi pramugari penerbangan International ya kak😍😍😍🙏🏻🙏🏻🙏🏻,2026-01-08T03:33:38.000Z,21,0,https://www.instagram.com/p/DTPA1-MCJJv/c/17884283709429804
https://www.instagram.com/ntvnews.id/reel/DTPA1-MCJJv/,blins_21,blins_21,Rafli Novrian,False,https://scontent-dfw5-1.cdninstagram.com/v/t51.2885-19/435142107_396167956613357_4436084096783032161_n.jpg?stp=dst-jpg_e0_s150x150_tt6&_nc_cat=110&ig_cache_key=GNu97xntSFMKUGgBAGEfg477IpA9bkULAAAB1501500j-ccb7-5&ccb=7-5&_nc_sid=669407&efg=eyJ2ZW5jb2RlX3RhZyI6InByb2ZpbGVfcGljLnd3dy4xMDgwLkMzIn0%3D&_nc_ohc=D7a0hZcryfMQ7kNvwGBcsvt&_nc_oc=AdltUbM86YLwJQjQYsZpzLz0HWCKfGNF-r-Sjo3V3_371b_H3vv_gWdwTlw2DeHauk8&_nc_ad=z-m&_nc_cid=0&_nc_zt=24&_nc_ht=scontent-dfw5-1.cdninstagram.com&oh=00_AfoT61nRh8jtzGO5Ujj8IPtAegmBdLfDOIDpm9ACvD795Q&oe=6965EEA2,Semangat trus semoga kedepan y keterima jadi pramugari 🔥🔥🔥,2026-01-08T03:33:13.000Z,10,0,https://www.instagram.com/p/DTPA1-MCJJv/c/18066321482621650
https://www.instagram.com/reel/DTNBc-nCTRR/,_aldywijaya,_aldywijaya,Aldy Wijaya,False,https://scontent-lax3-1.cdninstagram.com/v/t51.82787-19/587631785_18080108426137424_5306002021225376327_n.jpg?stp=dst-jpg_e0_s150x150_tt6&_nc_cat=104&ig_cache_key=GKmMBiNQjz1IwztAAEeqpNS5tKJJbmNDAQAB1501500j-ccb7-5&ccb=7-5&_nc_sid=669407&efg=eyJ2ZW5jb2RlX3RhZyI6InByb2ZpbGVfcGljLnd3dy4xMDgwLkMzIn0%3D&_nc_ohc=VgWaJmorc9oQ7kNvwGhZyJK&_nc_oc=AdkWe-VMNr1YzpkZgfBRqZht2zH2G90L0cEGKW3_1YrFmM-4NAc5xSWvQ0ydq6CPims&_nc_ad=z-m&_nc_cid=0&_nc_zt=24&_nc_ht=scontent-lax3-1.cdninstagram.com&_nc_gid=5F4dv9wDW4z35xPXw7UeDQ&oh=00_AfrJPMweAtabHnmGywRxfHRY_ElrlPhA1NBMB3NdvxA-ww&oe=6965E887,"Jaman sidin ne am yang terindah, konser musik, event, dan infrastruktur wisata dibangun 👏👏",2026-01-08T03:32:45.000Z,11,0,https://www.instagram.com/p/DTNBc-nCTRR/c/18157821643412312
https://www.instagram.com/ntvnews.id/reel/DTPA1-MCJJv/,anisarl,anisarl,Anisa Rahma L,False,https://scontent-dfw6-1.cdninstagram.com/v/t51.2885-19/83524192_769733723517420_5531171841428684800_n.jpg?stp=dst-jpg_e0_s150x150_tt6&_nc_cat=101&ig_cache_key=GGB6_gTscSmZEbwCAAAAAAB8q8JMbkULAAAB1501500j-ccb7-5&ccb=7-5&_nc_sid=669407&efg=eyJ2ZW5jb2RlX3RhZyI6InByb2ZpbGVfcGljLnd3dy4xMDgwLkMzIn0%3D&_nc_ohc=fcvyqHSVFeYQ7kNvwHOO4V2&_nc_oc=AdnIwmBijrszfhpS25QSFj-JXwcVYrT5YxTCw85q2zY5A-Xs_bCDW1e2DI8N0Lxr5a8&_nc_ad=z-m&_nc_cid=0&_nc_zt=24&_nc_ht=scontent-dfw6-1.cdninstagram.com&oh=00_AfobcMIWu_B637G4Sk7vAGt5OhWjNsTSzcAVZulhRqfwqw&oe=6965CF94,Cantik knp ga lamar pramugari bnr an aja,2026-01-08T03:32:00.000Z,2,4,https://www.instagram.com/p/DTPA1-MCJJv/c/17979671282794678
https://www.instagram.com/ntvnews.id/reel/DTPA1-MCJJv/,s1mamoraa,s1mamoraa,ABEDNEGO SIMAMORA,False,https://scontent-dfw5-2.cdninstagram.com/v/t51.82787-19/542938399_17941892115049292_3947611626569938765_n.jpg?stp=dst-jpg_e0_s150x150_tt6&_nc_cat=102&ig_cache_key=GB_VXCBMqx1KDr4-AE035_jbu8g2bmNDAQAB1501500j-ccb7-5&ccb=7-5&_nc_sid=669407&efg=eyJ2ZW5jb2RlX3RhZyI6InByb2ZpbGVfcGljLnd3dy4xMDgwLkMzIn0%3D&_nc_ohc=R2dkTHSY6U8Q7kNvwGYL_NV&_nc_oc=AdlvkyEEBn1xaZbeNXR_M0Pm6rVdZsxtYFNRCIROU9Sa8NH3phKDEwPwS4oi-9zmvn8&_nc_ad=z-m&_nc_cid=0&_nc_zt=24&_nc_ht=scontent-dfw5-2.cdninstagram.com&_nc_gid=V55C9RKBHEoESPP9PwJ68w&oh=00_AfqhZ1Ge_lvZ95yTlYZq0M09YmvbxqN3iKCARy4kPr6Rsw&oe=6965F48C,😂😂😂😂,2026-01-08T03:31:10.000Z,2,0,https://www.instagram.com/p/DTPA1-MCJJv/c/18169747774385140
https://www.instagram.com/reel/DTOvIVSE5BP/,who_i_am_347,who_i_am_347,,False,https://scontent-lax3-1.cdninstagram.com/v/t51.82787-19/605900734_17982305261931140_695826865830345146_n.jpg?stp=dst-jpg_e0_s150x150_tt6&_nc_cat=104&ig_cache_key=GL5PHSSESmG1z_I-ALq5-QrZEqgJbmNDAQAB1501500j-ccb7-5&ccb=7-5&_nc_sid=669407&efg=eyJ2ZW5jb2RlX3RhZyI6InByb2ZpbGVfcGljLnd3dy4xMDgwLkMzIn0%3D&_nc_ohc=kqTuUGwmio0Q7kNvwEzStCJ&_nc_oc=Adm2U27SNIosqcS-Q2IVjE26SCi40te7mYnDuqNbV3-s8YMZzTZWLuQSp9vx8twEIqE&_nc_ad=z-m&_nc_cid=0&_nc_zt=24&_nc_ht=scontent-lax3-1.cdninstagram.com&_nc_gid=hWhox-EQqLjO8WALxe0JQg&oh=00_AfreNUYQ1IG9p2UR_-lPlp4g48YgTzOyO62vsYzh5bf9ng&oe=6965F0B6,biar lama berkuasa bisa aja 😂😂😂,2026-01-08T03:28:38.000Z,1,0,https://www.instagram.com/p/DTOvIVSE5BP/c/18112510537719394
https://www.instagram.com/p/DTM3VInk-83/,m3_sanjaya,m3_sanjaya,Tri Sanjaya,False,https://scontent-det1-1.cdninstagram.com/v/t51.2885-19/448006879_365110150010955_5799449580463182599_n.jpg?stp=dst-jpg_e0_s150x150_tt6&_nc_cat=110&ig_cache_key=GN8KtBpLmMvUEEwBAAfTS6iqyHtQbkULAAAB1501500j-ccb7-5&ccb=7-5&_nc_sid=669407&efg=eyJ2ZW5jb2RlX3RhZyI6InByb2ZpbGVfcGljLnd3dy43MTUuQzMifQ%3D%3D&_nc_ohc=G0dBQHkRnWAQ7kNvwH44TdP&_nc_oc=AdmcaCl2eljac415mZ8uim11JsJjgO_KbXyoUFhsm3R9G835F1SlzbAs0cP2qk6lS3M&_nc_ad=z-m&_nc_cid=0&_nc_zt=24&_nc_ht=scontent-det1-1.cdninstagram.com&oh=00_AfoJgEIcOu_taW2aFpijoJYXD8ObJH0nAL6h6779c8xW4A&oe=6965F9A2,Alhamdulillah...😍😍😍,2026-01-08T03:22:36.000Z,1,0,https://www.instagram.com/p/DTM3VInk-83/c/18445735288103883
https://www.instagram.com/tirtoid/p/DTNP9HSku6e/,rustoniutonk,rustoniutonk,Rustoni Utonk,False,https://scontent-sea5-1.cdninstagram.com/v/t51.2885-19/369675674_959358035145374_9022929370438762306_n.jpg?stp=dst-jpg_e0_s150x150_tt6&_nc_cat=111&ig_cache_key=GJrNCBaesuXyh2gDAEL-cPZ04jd9bkULAAAB1501500j-ccb7-5&ccb=7-5&_nc_sid=669407&efg=eyJ2ZW5jb2RlX3RhZyI6InByb2ZpbGVfcGljLnd3dy4xMDgwLkMzIn0%3D&_nc_ohc=2yaQ3CmD75YQ7kNvwHFhydk&_nc_oc=Adm5rpJPE1jusvuHDFdxZTRpK3LlR8vWdT6J6kork8KnywTPrvtLOBmNoQX54CRRigU&_nc_ad=z-m&_nc_cid=0&_nc_zt=24&_nc_ht=scontent-sea5-1.cdninstagram.com&oh=00_AfqUEj-uc0kIU64h3W4kOI2lbPXFIZfGdYjEL-B986pVBw&oe=6965DB03,🔥🔥,2026-01-08T03:08:27.000Z,0,0,https://www.instagram.com/p/DTNP9HSku6e/c/18077172878021461
https://www.instagram.com/tirtoid/p/DTNP9HSku6e/,wahyu_agung_hera_yudha,wahyu_agung_hera_yudha,Wahyu Agung Hera Yudha,False,https://scontent-sea1-1.cdninstagram.com/v/t51.2885-19/362057520_780809127378521_6908889384098085987_n.jpg?stp=dst-jpg_e0_s150x150_tt6&_nc_cat=106&ig_cache_key=GDCPlBVZvqxKJMYCAGM8ojtKTuFfbkULAAAB1501500j-ccb7-5&ccb=7-5&_nc_sid=669407&efg=eyJ2ZW5jb2RlX3RhZyI6InByb2ZpbGVfcGljLnd3dy45NTkuQzMifQ%3D%3D&_nc_ohc=N7GyPRINzLIQ7kNvwEIk3ig&_nc_oc=AdkbBCb6ocYqtoqq3WwKocXkgTPUGAOqfMKLc4wX77_0QLt3Sp1nI5HJfMvRVPYiFOQ&_nc_ad=z-m&_nc_cid=0&_nc_zt=24&_nc_ht=scontent-sea1-1.cdninstagram.com&oh=00_AfrTTyygYmV6h5F2nrI2G27GSqJVXYYKmutmWkGQQvdOag&oe=6965DF80,Muka dua😂😂😂😂,2026-01-08T03:07:53.000Z,0,0,https://www.instagram.com/p/DTNP9HSku6e/c/18042633950706273
https://www.instagram.com/reel/DTOvIVSE5BP/,fnurilfa,fnurilfa,Fajar Nurilahi Nurilfa,False,https://scontent-lax7-1.cdninstagram.com/v/t51.82787-19/587866948_18492925063078037_6804739595540676317_n.jpg?stp=dst-jpg_e0_s150x150_tt6&_nc_cat=105&ig_cache_key=GEQjCiOVID6lN7NBAN2_PO2bSm9ebmNDAQAB1501500j-ccb7-5&ccb=7-5&_nc_sid=669407&efg=eyJ2ZW5jb2RlX3RhZyI6InByb2ZpbGVfcGljLnd3dy4xMDgwLkMzIn0%3D&_nc_ohc=6HHYJB_WYCAQ7kNvwEv_Wvl&_nc_oc=AdksL9ZWK5fFQ0xa-Nqho3Ti1ePNMkLwqKmTBqhOo_jcQy7uYCix5FLGc0xzdaqebLQ&_nc_ad=z-m&_nc_cid=0&_nc_zt=24&_nc_ht=scontent-lax7-1.cdninstagram.com&_nc_gid=hWhox-EQqLjO8WALxe0JQg&oh=00_Afq22I4AMmU5QLa5pCJSRinhmcNmc7sBI3IfIthoZ4e0lA&oe=6965F599,😢😢😢 Dipaksa hidup sehat di negara yang sakit 😢😢😢,2026-01-08T03:07:46.000Z,3,0,https://www.instagram.com/p/DTOvIVSE5BP/c/17910647880290434
https://www.instagram.com/reel/DTO4LbujxIN/,rafifhasna123,rafifhasna123,Agus Suyanto,False,https://scontent-eze1-2.cdninstagram.com/v/t51.2885-19/472695039_1136951284554232_1406381660440054057_n.jpg?stp=dst-jpg_e0_s150x150_tt6&_nc_cat=104&ig_cache_key=GP-ALBz4WXEZDQoEAClJJzmreIQTbkULAAAB1501500j-ccb7-5&ccb=7-5&_nc_sid=669407&efg=eyJ2ZW5jb2RlX3RhZyI6InByb2ZpbGVfcGljLnd3dy43MjAuQzMifQ%3D%3D&_nc_ohc=DmB58lRmbAEQ7kNvwEMXe6j&_nc_oc=AdnaL7CvQa-J3sc7yYQYsYxii6n2kWXHG8Sa12ZQphW5HWC18G8GpmGDhPZRl3cio_U&_nc_ad=z-m&_nc_cid=0&_nc_zt=24&_nc_ht=scontent-eze1-2.cdninstagram.com&oh=00_AfoeqNYzrquRY8tbZ7FyLscIEES1sQAbhgi2Y7etj81VRA&oe=6965EB83,🔥🔥🔥🔥🔥🔥🔥🔥🔥,2026-01-08T02:53:16.000Z,0,0,https://www.instagram.com/p/DTO4LbujxIN/c/17939531244107395
https://www.instagram.com/p/DTNI9BkgNzc/,gunohartoyo,gunohartoyo,Guno Eddy Hartoyo,False,https://scontent-sjc3-1.cdninstagram.com/v/t51.2885-19/416001043_3170410293266327_8907991537795317402_n.jpg?stp=dst-jpg_e0_s150x150_tt6&_nc_cat=110&ig_cache_key=GBOsyxiXh1KreEMLAJq_eWgbi597bkULAAAB1501500j-ccb7-5&ccb=7-5&_nc_sid=669407&efg=eyJ2ZW5jb2RlX3RhZyI6InByb2ZpbGVfcGljLnd3dy41OTEuQzMifQ%3D%3D&_nc_ohc=ec_hh4A1WPUQ7kNvwGHpVFf&_nc_oc=AdlA9RhJAVrxby1dnoBwEZxTD2r7JOEXdCEvU_SktEy0aBgJQJhSsYfCtZe_jLRfu3k&_nc_ad=z-m&_nc_cid=0&_nc_zt=24&_nc_ht=scontent-sjc3-1.cdninstagram.com&oh=00_Afp_wHUIdUSFVwVdrmDyFTFhQRNLaPI-_DUVU5LZmUo4Hg&oe=6965CDBE,NANTI 2026 LAIN LAGI LSI LAIN SURVEY DUIT SDH CAIR😮😮😮😮😮,2026-01-08T02:37:16.000Z,1,0,https://www.instagram.com/p/DTNI9BkgNzc/c/17938912005104131
https://www.instagram.com/p/DTNI9BkgNzc/,babyaliengp,babyaliengp,babyaliengp,False,https://scontent-sjc6-1.cdninstagram.com/v/t51.89012-19/573323465_1219825463302212_7278921664109726296_n.png?stp=dst-webp_s150x150&_nc_cat=1&ig_cache_key=YW5vbnltb3VzX3Byb2ZpbGVfcGlj.3-ccb7-5&ccb=7-5&_nc_sid=669407&efg=eyJ2ZW5jb2RlX3RhZyI6InByb2ZpbGVfcGljLnd3dy5DMyJ9&_nc_ohc=RNOcSyqJy9IQ7kNvwGJRs-H&_nc_oc=AdkkIAX_5Hx8AZT423wQjMKifLT91xlnhVvdXG2Z9bZyIpfc85PLaBjphqNY5icdXxs&_nc_ad=z-m&_nc_cid=0&_nc_zt=24&_nc_ht=scontent-sjc6-1.cdninstagram.com&_nc_gid=0OifmBUlKVXtlm1KMe6xEw&oh=00_AfqKMahSFpgaRnBS9ZEgSetl6mWnVg8ik7F2AmG0k--ajA&oe=6965DD19,90 persen tolak yg setuju cuma pejabat doang,2026-01-08T02:28:04.000Z,1,0,https://www.instagram.com/p/DTNI9BkgNzc/c/18371140852090157
https://www.instagram.com/p/DTNI9BkgNzc/,dwiyana279,dwiyana279,Dwi Yana,False,https://scontent-sjc6-1.cdninstagram.com/v/t51.2885-19/470213400_894997302700429_146078917090187865_n.jpg?stp=dst-jpg_e0_s150x150_tt6&_nc_cat=109&ig_cache_key=GBjjBhyNaU3M-i0DAFmaVUoA_gYCbkULAAAB1501500j-ccb7-5&ccb=7-5&_nc_sid=669407&efg=eyJ2ZW5jb2RlX3RhZyI6InByb2ZpbGVfcGljLnd3dy4xMDgwLkMzIn0%3D&_nc_ohc=nnVtN-MKTzEQ7kNvwGU-2jq&_nc_oc=AdkE038aL0i_nJCd-cszffoCJ7HYylfE-My48YShbOcrk0w_5RHSR3Bj7xkVsi_lLUI&_nc_ad=z-m&_nc_cid=0&_nc_zt=24&_nc_ht=scontent-sjc6-1.cdninstagram.com&oh=00_Afo6wlf_-qrBvvLBHCYdOAgTZxqXhr9ANiZSnVZV_Z8N9A&oe=6965E715,"Ko saaya ga d survey juga,saya juga kan tidak stuju",2026-01-08T02:23:25.000Z,1,0,https://www.instagram.com/p/DTNI9BkgNzc/c/18086981204037827
https://www.instagram.com/reel/DTNyR-mE-WG/,ahmadkunang267,ahmadkunang267,Ahmad Kunang,False,https://scontent-sjc6-1.cdninstagram.com/v/t51.2885-19/28765217_921889347988208_8830625830578159616_n.jpg?stp=dst-jpg_e0_s150x150_tt6&_nc_cat=108&ig_cache_key=GCHstgHw6hsXdEYDAAAAAABor4x6bkULAAAB1501500j-ccb7-5&ccb=7-5&_nc_sid=669407&efg=eyJ2ZW5jb2RlX3RhZyI6InByb2ZpbGVfcGljLnd3dy43MTkuQzMifQ%3D%3D&_nc_ohc=WT5QFfFzc-8Q7kNvwEMaaW1&_nc_oc=AdnT8zH2FQg2s9DDp0fB858Z8A6x5Y-iP1coLJhF032VOkIRGsYCVrO-zKT4jeCI1dA&_nc_ad=z-m&_nc_cid=0&_nc_zt=24&_nc_ht=scontent-sjc6-1.cdninstagram.com&oh=00_AfpbJSg3XlEYMx4sYY2K98TPyxWPV7-5ZnIv8pSM7b9wkg&oe=6965F79A,Rakyat jlas tidak menerima .karna dimana demokrasi tuk rakyat .yg diuntungkan dewan 2 yg sangat muliaaa ..kandidat juga jls.oesanan dari pusat,2026-01-08T02:14:14.000Z,0,0,https://www.instagram.com/p/DTNyR-mE-WG/c/18095180710934181
https://www.instagram.com/reel/DTNyR-mE-WG/,mangdiman99,mangdiman99,Syahana_zein,False,https://scontent-sjc3-1.cdninstagram.com/v/t51.2885-19/367377792_1998133850532175_812033063476196532_n.jpg?stp=dst-jpg_e0_s150x150_tt6&_nc_cat=102&ig_cache_key=GIC95RVP6V-KShkHALT0XtbE60QLbkULAAAB1501500j-ccb7-5&ccb=7-5&_nc_sid=669407&efg=eyJ2ZW5jb2RlX3RhZyI6InByb2ZpbGVfcGljLnd3dy43MjAuQzMifQ%3D%3D&_nc_ohc=fn4kpO2uC74Q7kNvwG1H551&_nc_oc=AdlZ30NtAH9HvHkAUAb4R-CLN1QJvR5ugus4CdDcibbiVNiecQpv5VqiVs76g99ua80&_nc_ad=z-m&_nc_cid=0&_nc_zt=24&_nc_ht=scontent-sjc3-1.cdninstagram.com&oh=00_AfrLc4Gg3vqOxGyCIpnGaI7QwBGJog816gCEODyhI9cfjQ&oe=6965EC94,"Hak demokrasi kita sebagai rakyat 5 tahun sekali pun mereka rampas, hanya satu kata LAWANNN",2026-01-08T01:54:34.000Z,1,0,https://www.instagram.com/p/DTNyR-mE-WG/c/17984326874776724
https://www.instagram.com/p/DTNI9BkgNzc/,kisanmuhammad,kisanmuhammad,Kisan Muhammad,False,https://scontent-sjc3-1.cdninstagram.com/v/t51.2885-19/436535469_1394590301211077_366277148442122168_n.jpg?stp=dst-jpg_e0_s150x150_tt6&_nc_cat=106&ig_cache_key=GK0ABRrFyYJbX-QEALhXPDogRxUFbkULAAAB1501500j-ccb7-5&ccb=7-5&_nc_sid=669407&efg=eyJ2ZW5jb2RlX3RhZyI6InByb2ZpbGVfcGljLnd3dy4xMDgwLkMzIn0%3D&_nc_ohc=SVM8fXxJqmkQ7kNvwGr3WUi&_nc_oc=AdlTZLLRsL1B4sWaaYKrL0_mdC9y2eTqp4pE2Fy3GZIIXvIZteAl4AblJUtFK62myIE&_nc_ad=z-m&_nc_cid=0&_nc_zt=24&_nc_ht=scontent-sjc3-1.cdninstagram.com&oh=00_Afpf6ct8cZdtxb8l3QMvK_UjkM4UdfLXyMj6px11FkvnCw&oe=6965F673,"Tumben surveinya tidak memihak pemerintah 😂 ehh iyaa, kalau pilkada dililih DPRD, bisa gulung tikar lembaga survey 😂",2026-01-08T01:53:40.000Z,2,1,https://www.instagram.com/p/DTNI9BkgNzc/c/17868690402530989
https://www.instagram.com/reel/DTOvIVSE5BP/,shofiyyullahyakfi,shofiyyullahyakfi,Yakfi Shofiyyullah,False,https://scontent-lax7-1.cdninstagram.com/v/t51.82787-19/559265746_18118343635513975_7454422529234560480_n.jpg?stp=dst-jpg_e0_s150x150_tt6&_nc_cat=101&ig_cache_key=GNK3VSF3MlCciV5AAODlsYzLbXNnbmNDAQAB1501500j-ccb7-5&ccb=7-5&_nc_sid=669407&efg=eyJ2ZW5jb2RlX3RhZyI6InByb2ZpbGVfcGljLnd3dy4xMDgwLkMzIn0%3D&_nc_ohc=rxnbPe2VeGkQ7kNvwHqSQ7-&_nc_oc=Adlaw7DHSTCRsv5UxUNWMW6CY9JmHK1zj1yB2fMEZ6emHJ4EKpAA8hXQVF46xOu0umI&_nc_ad=z-m&_nc_cid=0&_nc_zt=24&_nc_ht=scontent-lax7-1.cdninstagram.com&_nc_gid=hWhox-EQqLjO8WALxe0JQg&oh=00_AfqKqtT0bP1wsqTJTpn7J_FfQwFwwIdpVLBw3bX1QiySig&oe=6965DEBE,Mari kita golput wkwkwk,2026-01-08T01:53:26.000Z,1,0,https://www.instagram.com/p/DTOvIVSE5BP/c/17940586604980167
https://www.instagram.com/p/DTIHKenj_1e/,csp_wekadigunawan,csp_wekadigunawan,Dr. Wékā,False,https://scontent-sjc6-1.cdninstagram.com/v/t51.2885-19/464235614_1267891844390477_5223943374470456920_n.jpg?stp=dst-jpg_e0_s150x150_tt6&_nc_cat=101&ig_cache_key=GF6sqxtNnv8SJIEEAFgmEUrSLH9IbkULAAAB1501500j-ccb7-5&ccb=7-5&_nc_sid=669407&efg=eyJ2ZW5jb2RlX3RhZyI6InByb2ZpbGVfcGljLnd3dy4xMDgwLkMzIn0%3D&_nc_ohc=qqi1bLVo5ssQ7kNvwHs6cmg&_nc_oc=AdlIUR2u3GYGHnHyEeQJoIn-fq3dc7NVOgytJ-RjJQg-ZbMLth3Cma8YSroScMplVD8&_nc_ad=z-m&_nc_cid=0&_nc_zt=24&_nc_ht=scontent-sjc6-1.cdninstagram.com&oh=00_AfqXCeN2CNZ4SK2O5rAsGRAY69or3WY0xST17SdAZXciLA&oe=6965DFB9,Banyak yang menolak ya Mas ternyata,2026-01-08T01:49:54.000Z,0,0,https://www.instagram.com/p/DTIHKenj_1e/c/18087916666863993
https://www.instagram.com/p/DTMxDoxk5av/,darmawandq_,darmawandq_,m. dicky darmawan,False,https://scontent-sjc3-1.cdninstagram.com/v/t51.2885-19/462761667_376362335445090_2365035118349337072_n.jpg?stp=dst-jpg_e0_s150x150_tt6&_nc_cat=102&ig_cache_key=GMMulRtioE_vTFYBAPBBid7oStIgbkULAAAB1501500j-ccb7-5&ccb=7-5&_nc_sid=669407&efg=eyJ2ZW5jb2RlX3RhZyI6InByb2ZpbGVfcGljLnd3dy4xMDgwLkMzIn0%3D&_nc_ohc=rxAIU4ybTfYQ7kNvwGgBgs4&_nc_oc=AdkxQ37ToibNWvykpwHbbYkLr1t0mYT0t6JrFDI3_FDYdBlR9OGuYL3UcuisLzveDbk&_nc_ad=z-m&_nc_cid=0&_nc_zt=24&_nc_ht=scontent-sjc3-1.cdninstagram.com&oh=00_AfrWbMsP_vg49NkWjWWnZE-Ar9bkyG0T73znApNfMQvwww&oe=6965D055,mahalnya kenapa dulu nih?,2026-01-08T01:49:06.000Z,2,0,https://www.instagram.com/p/DTMxDoxk5av/c/18299168428282312
https://www.instagram.com/reel/DTNBc-nCTRR/,gustiarifin9,gustiarifin9,Gustiarifin,False,https://scontent-lax3-2.cdninstagram.com/v/t51.2885-19/448576618_1117534909331407_130116572612580430_n.jpg?stp=dst-jpg_e0_s150x150_tt6&_nc_cat=111&ig_cache_key=GGq8vBrPd0tfZPgDAE7U9llVRM4BbkULAAAB1501500j-ccb7-5&ccb=7-5&_nc_sid=669407&efg=eyJ2ZW5jb2RlX3RhZyI6InByb2ZpbGVfcGljLnd3dy4xMDgwLkMzIn0%3D&_nc_ohc=Mg8Fmp6n0wIQ7kNvwFo38HV&_nc_oc=AdnusgcqByXi-GXaurLMNlO4DMlzMYoNnbpvZa3SRqk71o2nYn_1n0VJfJHkuiVbyhI&_nc_ad=z-m&_nc_cid=0&_nc_zt=24&_nc_ht=scontent-lax3-2.cdninstagram.com&oh=00_Afp39CYt9sxCzXFDGmtASRTjlKIWUKYbkY0fLYeTD0dEnQ&oe=6965CABE,Baik pian ja pa ae jdi buptari kotim dari pda wyhni..kdd tlihat sampit sudah,2026-01-08T01:46:40.000Z,5,0,https://www.instagram.com/p/DTNBc-nCTRR/c/18372313207093038
https://www.instagram.com/reel/DTOvIVSE5BP/,ariezzaz,ariezzaz,Wowo Adnan,False,https://scontent-lax3-1.cdninstagram.com/v/t51.82787-19/549242091_18476926258077345_1228349858492952770_n.jpg?stp=dst-jpg_e0_s150x150_tt6&_nc_cat=110&ig_cache_key=GOvEvCChXieiqqRBAMKwXy_w_QsRbmNDAQAB1501500j-ccb7-5&ccb=7-5&_nc_sid=669407&efg=eyJ2ZW5jb2RlX3RhZyI6InByb2ZpbGVfcGljLnd3dy4xMDc2LkMzIn0%3D&_nc_ohc=lma45YmT2HAQ7kNvwGadRWE&_nc_oc=AdkzYC3zTbNWiHT0qROdnt8nNrIGzLs9k9sT0K4x3Km2HYr000EEXhMG8ODDhwDeIs4&_nc_ad=z-m&_nc_cid=0&_nc_zt=24&_nc_ht=scontent-lax3-1.cdninstagram.com&_nc_gid=hWhox-EQqLjO8WALxe0JQg&oh=00_Afp1A9Vvol6LWNzv4g9gVNPYkbXHngPD0Un41aY6uySxpQ&oe=6965DBD3,"Pasti bangga 58% melihat ini😂..oke gas,oke gas..mana joged anda perlihat kan lah wahai pencinta oke gas😂😂",2026-01-08T01:37:40.000Z,6,1,https://www.instagram.com/p/DTOvIVSE5BP/c/18093289892490707
https://www.instagram.com/p/DTNI9BkgNzc/,iam.joko.susanto,iam.joko.susanto,Joko Susanto,False,https://scontent-sjc3-1.cdninstagram.com/v/t51.2885-19/11410378_106112936407939_594764516_a.jpg?stp=dst-jpg_e0_tt6&_nc_cat=106&ig_cache_key=GMobrgCDc_FXgmAAAORicyMAAAAAYUULAAAB1501500j-ccb7-5&ccb=7-5&_nc_sid=669407&efg=eyJ2ZW5jb2RlX3RhZyI6InByb2ZpbGVfcGljLnd3dy4xNTAuQzMifQ%3D%3D&_nc_ohc=zxyk74r9YDYQ7kNvwFqI1Gs&_nc_oc=Adm8VgM8X5A9fNRcq0oTLeHEngmghaaxjcfNtYDBqPpyXTsHbXpr6tW6PX4ah8aI5HA&_nc_ad=z-m&_nc_cid=0&_nc_zt=24&_nc_ht=scontent-sjc3-1.cdninstagram.com&oh=00_AfrWe6z7FQlhkKw_4gDD97qdYCNau4FIwDnYjr91hpB7wA&oe=6965DA30,Masih ada yang percaya lembaga survey akan netral?,2026-01-08T01:35:26.000Z,1,0,https://www.instagram.com/p/DTNI9BkgNzc/c/17969481237005942
https://www.instagram.com/reel/DTOyqWBkg_D/,todaynewsindonesia,todaynewsindonesia,todaynews.id,False,https://scontent-dfw5-2.cdninstagram.com/v/t51.2885-19/477051635_1114412083765149_3610952138324316478_n.jpg?stp=dst-jpg_e0_s150x150_tt6&_nc_cat=106&ig_cache_key=GPM6bxyd32JIjfUDAD4RwpHWrRwybkULAAAB1501500j-ccb7-5&ccb=7-5&_nc_sid=669407&efg=eyJ2ZW5jb2RlX3RhZyI6InByb2ZpbGVfcGljLnd3dy4zMDAuQzMifQ%3D%3D&_nc_ohc=wwYh9U9fri8Q7kNvwGEB89a&_nc_oc=AdlAgQ7sW3v_yIIn-GPJo9O5lO9kh_o68WKqRfbYf90uOFozHBUMXX0xlm9kgS65I0c&_nc_ad=z-m&_nc_cid=0&_nc_zt=24&_nc_ht=scontent-dfw5-2.cdninstagram.com&oh=00_Afob0h4twKyGoYp-nFa7EWEeLy9JEpb-u-qhvs02y0e9HA&oe=6965EA1B,"“Bukan hanya biaya penyelenggaraannya saja, namun juga biaya politik “lainnya” yang juga jauh lebih tinggi,” ungkapnya. Lebih lanjut, Doli yang juga Wakil Ketua Badan Legislasi (Baleg) DPR RI itu meminta DPP Partai Golkar untuk membahas hal ini bersama Partai Politik pendukung pemerintah agar dapat diperjuangkan dalam Revisi UU Pemilu/Pilkada yang akan dibahas oleh Parlemen. Dan meminta kepada DPP Partai Golkar untuk membahasnya bersama koalisi Partai Politik pendukung pemerintah untuk diperjuangkan dalam revisi UU Pemilu/Pilkada,” katanya. Lebih jauh, kata Doli, untuk memastikan kekhawatiran terjadinya praktik moral hazard pemilu di dalam pemilihan akhir di DPRD, pemilihan bisa dilakukan dengan voting secara terbuka. Karena itu, Doli mengusulkan agar Pilkada lewat DPRD dilakukan hanya untuk memilih calon kepala daerah saja atau tidak dilakukan secara paket. “Terakhir, saya sendiri mengusulkan agar Pilkada hanya untuk memilih Kepada Daerah nya saja, bukan paket Kepala dan Wakil Kepala Daerah. Dan, itu semua harus diatur di dalam UU,” pungkasnya.",2026-01-08T01:26:15.000Z,0,0,https://www.instagram.com/p/DTOyqWBkg_D/c/18102755194816646
https://www.instagram.com/reel/DTOvIVSE5BP/,dump.zlvd6,dump.zlvd6,dump.zlvd,False,https://scontent-lax3-2.cdninstagram.com/v/t51.89012-19/573323465_1219825463302212_7278921664109726296_n.png?stp=dst-webp_s150x150&_nc_cat=1&ig_cache_key=YW5vbnltb3VzX3Byb2ZpbGVfcGlj.3-ccb7-5&ccb=7-5&_nc_sid=669407&efg=eyJ2ZW5jb2RlX3RhZyI6InByb2ZpbGVfcGljLnd3dy5DMyJ9&_nc_ohc=RNOcSyqJy9IQ7kNvwGMKcXi&_nc_oc=Adn8J4aNL8DlMOkjAzfi9xQyTYMcbeM9y00YjlU4Dggz1gJuSmgk2lfjx_yftEL2htA&_nc_ad=z-m&_nc_cid=0&_nc_zt=24&_nc_ht=scontent-lax3-2.cdninstagram.com&_nc_gid=hWhox-EQqLjO8WALxe0JQg&oh=00_AfptRDiveZbHvNxTqgcku9Q2dt6ryEQRroWZYZzuOGr0cw&oe=6965DD19,Lebih baiknya lu diam,2026-01-08T01:16:38.000Z,0,0,https://www.instagram.com/p/DTOvIVSE5BP/c/18108097027645411
https://www.instagram.com/reel/DTOvIVSE5BP/,soetarnob,soetarnob,Bambang Soetarno,False,https://scontent-lax3-2.cdninstagram.com/v/t51.82787-19/588439521_17844541224623960_8689261871658067400_n.jpg?stp=dst-jpg_e0_s150x150_tt6&_nc_cat=100&ig_cache_key=GOHfEiNYn98EhGU-AMhlhnSidZZ4bmNDAQAB1501500j-ccb7-5&ccb=7-5&_nc_sid=669407&efg=eyJ2ZW5jb2RlX3RhZyI6InByb2ZpbGVfcGljLnd3dy45NjAuQzMifQ%3D%3D&_nc_ohc=Kf52xxBbJKoQ7kNvwEDmv6H&_nc_oc=AdnbXxETz5QqQkfwqQqRa4Bq3NwPZsZmIBSLKdn62KHCJeH-v_mDqiUBV8OPYXCcLKE&_nc_ad=z-m&_nc_cid=0&_nc_zt=24&_nc_ht=scontent-lax3-2.cdninstagram.com&_nc_gid=hWhox-EQqLjO8WALxe0JQg&oh=00_Afqot8gSvwoDDvfQFjfqbZAPR-9MSBptR4ZlHhd-ccYorQ&oe=6965F03D,djadi menlu ngurusi pilkada ...taik loe,2026-01-08T01:14:51.000Z,0,0,https://www.instagram.com/p/DTOvIVSE5BP/c/18047905190484323
https://www.instagram.com/reel/DTOvIVSE5BP/,kahfi__20,kahfi__20,Kahfi,False,https://scontent-lax3-1.cdninstagram.com/v/t51.82787-19/562786025_18065746253580014_3435926737145810662_n.jpg?stp=dst-jpg_e0_s150x150_tt6&_nc_cat=110&ig_cache_key=GOluiyHuBgxUsy5AAObO18Ep3a4vbmNDAQAB1501500j-ccb7-5&ccb=7-5&_nc_sid=669407&efg=eyJ2ZW5jb2RlX3RhZyI6InByb2ZpbGVfcGljLnd3dy4xMDgwLkMzIn0%3D&_nc_ohc=YDqvag7wPVEQ7kNvwEqGzit&_nc_oc=Adk5eHMqJp7BKS1YVEloJuRb4tRuHjj0UTe74bu1AvWOoB-UHzXefop_Gq0pW5lxJF0&_nc_ad=z-m&_nc_cid=0&_nc_zt=24&_nc_ht=scontent-lax3-1.cdninstagram.com&_nc_gid=hWhox-EQqLjO8WALxe0JQg&oh=00_AfobQuFBgpXdiZQ6OlZUbHIMacUpuXUa1Ko_CDZ6rYTxHw&oe=6965DBF9,Gandeng sia bahlil,2026-01-08T01:01:15.000Z,0,0,https://www.instagram.com/p/DTOvIVSE5BP/c/18334362394211079
https://www.instagram.com/reel/DTNyR-mE-WG/,mechaelhaslam,mechaelhaslam,Mechael Haslam,False,https://scontent-sjc3-1.cdninstagram.com/v/t51.2885-19/472287699_399057863231603_6352031002352345556_n.jpg?stp=dst-jpg_e0_s150x150_tt6&_nc_cat=106&ig_cache_key=GNOJJhxzyC7m8GoBANThesmK8iZYbkULAAAB1501500j-ccb7-5&ccb=7-5&_nc_sid=669407&efg=eyJ2ZW5jb2RlX3RhZyI6InByb2ZpbGVfcGljLnd3dy4xMDgwLkMzIn0%3D&_nc_ohc=BQJvwPxjwBIQ7kNvwF_k8GV&_nc_oc=AdmDkBkpDm25asvWge1Oepzvl46s_tiCGm7qk4FCooGEjCRkYpFIROlZ-idFdW0HOWM&_nc_ad=z-m&_nc_cid=0&_nc_zt=24&_nc_ht=scontent-sjc3-1.cdninstagram.com&oh=00_AfoIVwwrd_0QpryuL8ZzpecyrXQSfilaVZjFvuVAd_4Kgw&oe=6965E969,Atur atur lah...,2026-01-08T00:58:36.000Z,0,0,https://www.instagram.com/p/DTNyR-mE-WG/c/18076536269058658
https://www.instagram.com/reel/DTNyR-mE-WG/,r818155,r818155,pemain lama 81,False,https://scontent-sjc6-1.cdninstagram.com/v/t51.82787-19/539451282_18043405247657497_5741965736285527192_n.jpg?stp=dst-jpg_e0_s150x150_tt6&_nc_cat=101&ig_cache_key=GJJfJyAZNlOoYRpAAJhcwzdqj69PbmNDAQAB1501500j-ccb7-5&ccb=7-5&_nc_sid=669407&efg=eyJ2ZW5jb2RlX3RhZyI6InByb2ZpbGVfcGljLnd3dy43MjAuQzMifQ%3D%3D&_nc_ohc=OBUHqb0FEw4Q7kNvwH-vPZ2&_nc_oc=AdltJjNh0txTOt5MRmHVCSadS187WQqJjvHMD5OrG6n79kfE1eLt8OSTRYuseozmT64&_nc_ad=z-m&_nc_cid=0&_nc_zt=24&_nc_ht=scontent-sjc6-1.cdninstagram.com&_nc_gid=cldiTDqh7p3Wb-pZAxNhiQ&oh=00_Afq4U3-0Zp_oyI2eGQIGZ_2Ab8xa3tzyK2f8Lab-Q1nNVQ&oe=6965E820,Tempe.k,2026-01-08T00:37:54.000Z,0,0,https://www.instagram.com/p/DTNyR-mE-WG/c/17933923302135606
https://www.instagram.com/reel/DTNyR-mE-WG/,rizalardabi,rizalardabi,,False,https://scontent-sjc3-1.cdninstagram.com/v/t51.2885-19/124264495_767248927195984_7529553407445161829_n.jpg?stp=dst-jpg_e0_s150x150_tt6&_nc_cat=103&ig_cache_key=GC8gaAdQg8IPz7kCAGXXGUjuWH5obkULAAAB1501500j-ccb7-5&ccb=7-5&_nc_sid=669407&efg=eyJ2ZW5jb2RlX3RhZyI6InByb2ZpbGVfcGljLnd3dy4xMDgwLkMzIn0%3D&_nc_ohc=96ifhEcGU24Q7kNvwHepcLV&_nc_oc=Adkbwc345ntpDMFpzB_gVBwfl_E07eoQWq55k6zhxycSS-5vt-FrMpznFw4IQ-VCEI4&_nc_ad=z-m&_nc_cid=0&_nc_zt=24&_nc_ht=scontent-sjc3-1.cdninstagram.com&oh=00_Afr4yb97q2TY33rpOEV7vMf58ge3SV7XV_cR3fncS7TULg&oe=6965D3C6,Kontool,2026-01-08T00:26:20.000Z,0,0,https://www.instagram.com/p/DTNyR-mE-WG/c/18090558064794136
https://www.instagram.com/reel/DTNyR-mE-WG/,wiedho_allynadia,wiedho_allynadia,Ali Ruspono,False,https://scontent-sjc6-1.cdninstagram.com/v/t51.2885-19/454524999_1549796135749571_2210437657764476479_n.jpg?stp=dst-jpg_e0_s150x150_tt6&_nc_cat=109&ig_cache_key=GEeAFxvDRyUIiIEFAD_2Mp1WDa0ebkULAAAB1501500j-ccb7-5&ccb=7-5&_nc_sid=669407&efg=eyJ2ZW5jb2RlX3RhZyI6InByb2ZpbGVfcGljLnd3dy43MjAuQzMifQ%3D%3D&_nc_ohc=_MrM0Cmn6Q0Q7kNvwGpLZgx&_nc_oc=AdldHLhMtMLNd_KREi0c8Jx0grg9hUv9KCLUrRws0Rl1MDADUhaNgr8ldNbzNDKr3ZY&_nc_ad=z-m&_nc_cid=0&_nc_zt=24&_nc_ht=scontent-sjc6-1.cdninstagram.com&oh=00_AfodT-OpzWKWf1j1Ca4Njf5x7wHgwQVjdIEBMH0MxfLFlg&oe=6965F609,Emang rakyat mengganggap anda sebagai wakilnya ??,2026-01-08T00:17:34.000Z,2,0,https://www.instagram.com/p/DTNyR-mE-WG/c/18074054489578140
https://www.instagram.com/reel/DTNyR-mE-WG/,agusjuliastrawan,agusjuliastrawan,Agus Juliastrawan,False,https://scontent-sjc3-1.cdninstagram.com/v/t51.2885-19/310513502_837021520641760_8507686718881898235_n.jpg?stp=dst-jpg_e0_s150x150_tt6&_nc_cat=100&ig_cache_key=GF4PghLgPmhCRPkCAPueQ8P_XxF2bkULAAAB1501500j-ccb7-5&ccb=7-5&_nc_sid=669407&efg=eyJ2ZW5jb2RlX3RhZyI6InByb2ZpbGVfcGljLnd3dy43NjguQzMifQ%3D%3D&_nc_ohc=YSIN-gErLgYQ7kNvwFzJRTT&_nc_oc=AdnvaIoNmGTQ3NdGawgpKCrdgYJv81yCg0EHoMacaB1cqDKVnyP2eGnXUt-rolnRkpU&_nc_ad=z-m&_nc_cid=0&_nc_zt=24&_nc_ht=scontent-sjc3-1.cdninstagram.com&oh=00_Afr9nSVCE_GgfZqxQu45RsYFbUb11n_-ob27c5cOjB5Taw&oe=6965E9DA,Kalian atur seindah mungkin😢😢😢,2026-01-08T00:16:32.000Z,0,0,https://www.instagram.com/p/DTNyR-mE-WG/c/18032593697765894
https://www.instagram.com/reel/DTNyR-mE-WG/,tattogaara82,tattogaara82,Arsenio Susanto,False,https://scontent-sjc3-1.cdninstagram.com/v/t51.82787-19/541874994_17960417255972886_3808043376324793502_n.jpg?stp=dst-jpg_e0_s150x150_tt6&_nc_cat=102&ig_cache_key=GDJbTCAWYI_C584-AJ5UHl9G49g0bmNDAQAB1501500j-ccb7-5&ccb=7-5&_nc_sid=669407&efg=eyJ2ZW5jb2RlX3RhZyI6InByb2ZpbGVfcGljLnd3dy4xMDgwLkMzIn0%3D&_nc_ohc=K8rn1nQBiUUQ7kNvwHmao10&_nc_oc=AdlzBioEwA_UAOCXQm_qH2ibUfIm-dDwafZ4GkUk2AsbjpJJhR5buZRViunI3oGTQms&_nc_ad=z-m&_nc_cid=0&_nc_zt=24&_nc_ht=scontent-sjc3-1.cdninstagram.com&_nc_gid=cldiTDqh7p3Wb-pZAxNhiQ&oh=00_AfpnKo_2E27YDOAQcRgpyY0cIp3MQ583gfd8rAumR6gHag&oe=6965F20B,Senyumi aja,2026-01-07T23:58:24.000Z,0,0,https://www.instagram.com/p/DTNyR-mE-WG/c/18081522718951088
https://www.instagram.com/reel/DTNyR-mE-WG/,singgih.prayogo,singgih.prayogo,singgih prayogo,False,https://scontent-sjc3-1.cdninstagram.com/v/t51.2885-19/46343654_1843280862464774_8801368693746434048_n.jpg?stp=dst-jpg_e0_s150x150_tt6&_nc_cat=106&ig_cache_key=GOYlwwIGSwdFdIwGAAAAAAAyviR6bkULAAAB1501500j-ccb7-5&ccb=7-5&_nc_sid=669407&efg=eyJ2ZW5jb2RlX3RhZyI6InByb2ZpbGVfcGljLnd3dy42NDAuQzMifQ%3D%3D&_nc_ohc=UMSpaTACggIQ7kNvwGP3yX_&_nc_oc=AdmUvOLLXgMTEKkdSl8eGnY-kSMxx5u0_3dfG18Ab36BlHLd1CGquZ7CtbAiEirboyg&_nc_ad=z-m&_nc_cid=0&_nc_zt=24&_nc_ht=scontent-sjc3-1.cdninstagram.com&oh=00_Afomom50OJFtVcmabiq9FJgOnFTU4qAClEKd6l1JRPIi7w&oe=6965D396,ngapain ada reformasi kalo begitu 🤣,2026-01-07T23:13:11.000Z,0,0,https://www.instagram.com/p/DTNyR-mE-WG/c/18119948404500058
https://www.instagram.com/p/DTNI9BkgNzc/,multiyardi,multiyardi,Salvator,False,https://scontent-sjc6-1.cdninstagram.com/v/t51.2885-19/491470446_1757399081505595_1699800737907575315_n.jpg?stp=dst-jpg_e0_s150x150_tt6&_nc_cat=109&ig_cache_key=GG4_Sx07U-tbWD4GABOK7ePD55YXbkULAAAB1501500j-ccb7-5&ccb=7-5&_nc_sid=669407&efg=eyJ2ZW5jb2RlX3RhZyI6InByb2ZpbGVfcGljLnd3dy44MDYuQzMifQ%3D%3D&_nc_ohc=PxQt5eFUVA0Q7kNvwFkn8tt&_nc_oc=AdlvO3QpMtlwi7EMGBaQGRI98sX2k4TTyjuXsIKvZZ5KiGGkwabPsx_cweagJUhEI8M&_nc_ad=z-m&_nc_cid=0&_nc_zt=24&_nc_ht=scontent-sjc6-1.cdninstagram.com&oh=00_AfrjKnOmWW2Kezms5L-X6Ge2K8kOkOEW11Hp1LgYM83Ifg&oe=6965F439,"Kalo pemilihan tidak langsung, boikot dengan tidak ikut pemilu",2026-01-07T22:50:29.000Z,1,0,https://www.instagram.com/p/DTNI9BkgNzc/c/18080829971183223
https://www.instagram.com/tirtoid/p/DTNP9HSku6e/,iamthenmust,iamthenmust,pupupapah,False,https://scontent-sea5-1.cdninstagram.com/v/t51.82787-19/527340837_18022901225715748_1661552645273782481_n.jpg?stp=dst-jpg_e0_s150x150_tt6&_nc_cat=102&ig_cache_key=GCWVbh8keGGxuwdAANGIJ91TBQ8XbmNDAQAB1501500j-ccb7-5&ccb=7-5&_nc_sid=669407&efg=eyJ2ZW5jb2RlX3RhZyI6InByb2ZpbGVfcGljLnd3dy4xMDgwLkMzIn0%3D&_nc_ohc=BuTl9-9ygKMQ7kNvwG7Tavv&_nc_oc=Adm0Dqpjf23YG9OnAQTmypQDtCNQ1dLQIVExaX6QFBNjhv0HLkkFA3ogSvEi-IRaMVw&_nc_ad=z-m&_nc_cid=0&_nc_zt=24&_nc_ht=scontent-sea5-1.cdninstagram.com&_nc_gid=-l3zyNNSi2vidEDIptb50g&oh=00_AfpiQgt07r4C2pn4Y8IDJjsD9FEhkuapMpGokdfe3_YnUA&oe=6965C58A,Ternyata oh ternyata... Setali tiga uang dengan israhell,2026-01-07T22:01:07.000Z,0,0,https://www.instagram.com/p/DTNP9HSku6e/c/18435893284109159
https://www.instagram.com/p/DTKpi7UkxX9/,pangoloanstrs27,pangoloanstrs27,Pangaloan Sitorus,False,https://scontent-iad3-2.cdninstagram.com/v/t51.2885-19/325596684_1334741990648097_3127498698499663427_n.jpg?stp=dst-jpg_e0_s150x150_tt6&_nc_cat=105&ig_cache_key=GAw2aBMhKTjW8L0EAEOmkf9_G2crbkULAAAB1501500j-ccb7-5&ccb=7-5&_nc_sid=669407&efg=eyJ2ZW5jb2RlX3RhZyI6InByb2ZpbGVfcGljLnd3dy40ODAuQzMifQ%3D%3D&_nc_ohc=J3M9RgHh6MEQ7kNvwF67MGf&_nc_oc=AdnwaHi3_JO28mWWV5pazZrsbrxrgk6HYXbhrv2OX19ZsRhj3-qan4ge9DP-YXx6X00&_nc_ad=z-m&_nc_cid=0&_nc_zt=24&_nc_ht=scontent-iad3-2.cdninstagram.com&oh=00_AfqeU3yzqZkwLqrFOGx5fhReN93s-JW8jRNSF5sSk6JJ0A&oe=6965F11C,Ada perubahan di sistem pemilu dan pilkada anggaran hemat dipikirkan pasti berkurang korupsi. Masuk TNI dan POLRI tidak rahasia lagi dari yang mengalaminya. Dibiarkan korupsi merajalela. Jangan hanya pencitraan.,2026-01-07T21:53:48.000Z,0,0,https://www.instagram.com/p/DTKpi7UkxX9/c/18251693311294164
https://www.instagram.com/reel/DTM7TEdk5Yq/,travelerxyz88,travelerxyz88,Ade Rachmat Iskandar,True,https://scontent-otp1-1.cdninstagram.com/v/t51.2885-19/364954851_802057391365154_5540946362048506440_n.jpg?stp=dst-jpg_e0_s150x150_tt6&_nc_cat=103&ig_cache_key=GOPEwBUi3OaJd9kCAEjqZO1bZeVMbkULAAAB1501500j-ccb7-5&ccb=7-5&_nc_sid=669407&efg=eyJ2ZW5jb2RlX3RhZyI6InByb2ZpbGVfcGljLnd3dy4xMDgwLkMzIn0%3D&_nc_ohc=GDG5qwg3FmgQ7kNvwF6WZMC&_nc_oc=AdnMIfoxVkS43-sRqyXZRYM8oOLAJ7Z0LILaZEiZt_6xEZXnox2JLBjEq8aIIOj_LzM&_nc_ad=z-m&_nc_cid=0&_nc_zt=24&_nc_ht=scontent-otp1-1.cdninstagram.com&oh=00_AfpARFpCqc0jR0dVNPyhFkfTgB-XacM1bHAYYkq86MNSCA&oe=6965D3EF,KEGAGALAN TERBESAR setelah 80 TAHUN MERDEKA: GAGAL MEMBANGUN SDM. ❌️ Konoha --> SDM RENDAH: DOYAN KORUPSI-KOLUSI-NEPOTISME + SISTEM & PENEGAKAN HUKUM yang DISFUNGSI + IQ RENDAH + PRODUKTIVITAS & KREATIVITAS RENDAH + BERMENTAL INFERIOR COMPLEX + ANTI KEDISIPLINAN + ANTI SAINS + DOYAN BERKEMBANG BIAK + DOYAN MERUSAK LINGKUNGAN = NEGARA GAGAL. 😏 TrutHurts,2026-01-07T21:12:55.000Z,1,0,https://www.instagram.com/p/DTM7TEdk5Yq/c/18081060779266484
https://www.instagram.com/tirtoid/p/DTNP9HSku6e/,zuhal_elkindy,zuhal_elkindy,Zuhal Alfian Akbar,False,https://scontent-sea1-1.cdninstagram.com/v/t51.2885-19/452164479_828469496057365_4914258345656032419_n.jpg?stp=dst-jpg_e0_s150x150_tt6&_nc_cat=108&ig_cache_key=GH978xoVDgUWffECAKOcU7Pt8zJEbkULAAAB1501500j-ccb7-5&ccb=7-5&_nc_sid=669407&efg=eyJ2ZW5jb2RlX3RhZyI6InByb2ZpbGVfcGljLnd3dy4xMDgwLkMzIn0%3D&_nc_ohc=tgLM4izqdM8Q7kNvwFwFmuA&_nc_oc=Adl_aogMxlLKjOENHW4z_E6LU2yF5QMcNiQy8XqnqIYkM-R2rGlXC_-9tKH8ulL_rS4&_nc_ad=z-m&_nc_cid=0&_nc_zt=24&_nc_ht=scontent-sea1-1.cdninstagram.com&oh=00_AfpQVpWbSGlFP73tFZBhhCeiYNXw9_M_K6qOfWDrNmZX7A&oe=6965D2A4,Kata Mardigu WP itu emang seluruh benua Amerika terutama Amerika Selatan harus tunduk dg AS. Nggak heran pemimpin2 pembangkang seperti Allende di Chili dan Beberapa yg condong ke sosialis berusaha di singkirkan sama seperti Dilma Rousseff yg di makzulkan,2026-01-07T18:56:50.000Z,0,0,https://www.instagram.com/p/DTNP9HSku6e/c/18110910634712812
https://www.instagram.com/p/DTNI9BkgNzc/,rahmathidayah_12,rahmathidayah_12,Rachmat Hidayattullah,False,https://scontent-sjc6-1.cdninstagram.com/v/t51.2885-19/441583867_1166832757665550_7819592934381735992_n.jpg?stp=dst-jpg_e0_s150x150_tt6&_nc_cat=108&ig_cache_key=GPsIUhoObwhsOiUEADhQ_gVYxoRsbkULAAAB1501500j-ccb7-5&ccb=7-5&_nc_sid=669407&efg=eyJ2ZW5jb2RlX3RhZyI6InByb2ZpbGVfcGljLnd3dy43MTkuQzMifQ%3D%3D&_nc_ohc=2ZKQgV5pfvEQ7kNvwHalZts&_nc_oc=AdmDdIIyKbBWwjos0i2QTgepetnbZmjdNr1zRkc6n2gdThJrRN2odiKG-xR-vF0E8nw&_nc_ad=z-m&_nc_cid=0&_nc_zt=24&_nc_ht=scontent-sjc6-1.cdninstagram.com&oh=00_AfrXEkmLJ6W7419BAf5CT8lRoOoqQEZdxn71NEbOZmE44Q&oe=6965D9D1,Bukan 66 tapi lebih tepat 90%,2026-01-07T18:23:45.000Z,1,0,https://www.instagram.com/p/DTNI9BkgNzc/c/18341010460238778
https://www.instagram.com/p/DTMxDoxk5av/,ilham_fikri77,ilham_fikri77,Ilham Fikri,False,https://scontent-sjc6-1.cdninstagram.com/v/t51.82787-19/606972796_18415392241190287_5717933185462258679_n.jpg?stp=dst-jpg_e0_s150x150_tt6&_nc_cat=101&ig_cache_key=GHyrLSSPhe_gs2xBAPdL5fDvLVpPbmNDAQAB1501500j-ccb7-5&ccb=7-5&_nc_sid=669407&efg=eyJ2ZW5jb2RlX3RhZyI6InByb2ZpbGVfcGljLnd3dy4xMDgwLkMzIn0%3D&_nc_ohc=EINlstkK-6oQ7kNvwFk5-Vh&_nc_oc=AdlYp8wfXcCGUNNRATV0itmhv0yS5aplVBNeqV2JTkJfbEzhwdHbnQA3nmTGI1xWCJk&_nc_ad=z-m&_nc_cid=0&_nc_zt=24&_nc_ht=scontent-sjc6-1.cdninstagram.com&_nc_gid=w6MrPrxSc5jVhmt5a57kaQ&oh=00_AfrCbcZIU7PRJfQP4p04_BHTV5ycaHCJ-xmJGLj3HnxWPA&oe=6965C88A,Ah buat MBG tiap hari ok2 aj😂,2026-01-07T17:05:25.000Z,1,0,https://www.instagram.com/p/DTMxDoxk5av/c/18117298951515804
https://www.instagram.com/reel/DTNyR-mE-WG/,never70giveup,never70giveup,Dhenochs,False,https://scontent-sjc3-1.cdninstagram.com/v/t51.2885-19/254349453_889293558643065_8578192199436714568_n.jpg?stp=dst-jpg_e0_s150x150_tt6&_nc_cat=105&ig_cache_key=GI0QKQ95_anKzigDAEjCcy5b3At3bkULAAAB1501500j-ccb7-5&ccb=7-5&_nc_sid=669407&efg=eyJ2ZW5jb2RlX3RhZyI6InByb2ZpbGVfcGljLnd3dy43MTguQzMifQ%3D%3D&_nc_ohc=YebxR_53qd0Q7kNvwFsBH7n&_nc_oc=Adkl9piPUUf5M32h9XZXm1FCT-ta-5wUGUwE3-i5Z2vAZO-rrorDaXv6OJgKm0ljyuc&_nc_ad=z-m&_nc_cid=0&_nc_zt=24&_nc_ht=scontent-sjc3-1.cdninstagram.com&oh=00_AfqFzsLxfEppgQy7E5_OXFb-6_j4ncIiEnXHUNVD_pW86A&oe=6965DD0D,Ketum nya cari aman ha ha,2026-01-07T16:55:06.000Z,0,0,https://www.instagram.com/p/DTNyR-mE-WG/c/18098954644681367
https://www.instagram.com/reel/DTM7TEdk5Yq/,dekasaurs,dekasaurs,𝑫𝒆𝒆𝒌𝒂,False,https://scontent-otp1-1.cdninstagram.com/v/t51.82787-19/591163951_18431963248106781_2275136503470117952_n.jpg?stp=dst-jpg_e0_s150x150_tt6&_nc_cat=104&ig_cache_key=GC9yPCMdnerdxXtBAEBU3ICY6JIfbmNDAQAB1501500j-ccb7-5&ccb=7-5&_nc_sid=669407&efg=eyJ2ZW5jb2RlX3RhZyI6InByb2ZpbGVfcGljLnd3dy44MTAuQzMifQ%3D%3D&_nc_ohc=m2YveEeczZMQ7kNvwF-FeL3&_nc_oc=AdkvxIgBPPNu0QoZj_suo8T50q1Sg3WJ93APq0zXezxR-mhIPkgRvZ_UTL2lON318Kc&_nc_ad=z-m&_nc_cid=0&_nc_zt=24&_nc_ht=scontent-otp1-1.cdninstagram.com&_nc_gid=Dw3RIshn7vghOcGDdaJqAw&oh=00_Afpm3ymnloO_L7Od2uocvw4qEXtMLv0UqS1Ppkg-8hcdEA&oe=6965E321,"Pilkada 2024 sekitar 41 T (gak setiap tahun). Sementara MBG 335 T per tahun. Kalo urusannya soal penghematan, ada gajah di pelupuk mata yang fantastis anggarannya dan jauh lebih bisa di hemat.",2026-01-07T16:49:13.000Z,61,5,https://www.instagram.com/p/DTM7TEdk5Yq/c/18033429032749411
https://www.instagram.com/p/DTMwZNTkjhD/,kozwinisurya,kozwinisurya,Ali Kozwinisurya,False,https://scontent-sjc6-1.cdninstagram.com/v/t51.2885-19/151946394_708283736514128_3988825123813026323_n.jpg?stp=dst-jpg_e0_s150x150_tt6&_nc_cat=108&ig_cache_key=GJqEDglQ3oMoLoQCABNqBwBRJ1s3bkULAAAB1501500j-ccb7-5&ccb=7-5&_nc_sid=669407&efg=eyJ2ZW5jb2RlX3RhZyI6InByb2ZpbGVfcGljLnd3dy4xMDgwLkMzIn0%3D&_nc_ohc=ofh1RfL32RgQ7kNvwFrGeAt&_nc_oc=AdnIhtDvWPP2mKAYUv7m7wo0YLJZ99Y1D_WAi4tCBVnAv_3U23dfNW-SjuQ5wEgl0Hg&_nc_ad=z-m&_nc_cid=0&_nc_zt=24&_nc_ht=scontent-sjc6-1.cdninstagram.com&oh=00_Afr9-vhq_iSgtLxfwzzQiJb1-vo3nRap3zBxlimARdr9tQ&oe=6965C5F9,Haduhhhh,2026-01-07T15:55:34.000Z,0,0,https://www.instagram.com/p/DTMwZNTkjhD/c/18556149406015637
https://www.instagram.com/reel/DTM7TEdk5Yq/,beningtirta,beningtirta,Bening,False,https://scontent-otp1-1.cdninstagram.com/v/t51.82787-19/561898337_18534084544003748_743487058386957793_n.jpg?stp=dst-jpg_e0_s150x150_tt6&_nc_cat=102&ig_cache_key=GGHjfSGkfnvVpthBAOE1QVqKZVEKbmNDAQAB1501500j-ccb7-5&ccb=7-5&_nc_sid=669407&efg=eyJ2ZW5jb2RlX3RhZyI6InByb2ZpbGVfcGljLnd3dy4xMDgwLkMzIn0%3D&_nc_ohc=ZY-PyFh44IIQ7kNvwGgQmHT&_nc_oc=AdmJCzLC-TbtII72FEk2CNB886-dv728OkGQfcMH_blBGItuXTKX4-rFkl3aj4q5gdQ&_nc_ad=z-m&_nc_cid=0&_nc_zt=24&_nc_ht=scontent-otp1-1.cdninstagram.com&_nc_gid=Dw3RIshn7vghOcGDdaJqAw&oh=00_Afrw8uE7rRPvrdKy5YFKL5zWup7VEWTYvgwafKfoAn7Bqg&oe=6965CCDF,Anggaran KPU naik private jet olala~,2026-01-07T15:26:27.000Z,7,0,https://www.instagram.com/p/DTM7TEdk5Yq/c/17909566917287222
https://www.instagram.com/reel/DTM7TEdk5Yq/,prayidsukardi,prayidsukardi,𝓟𝓻𝓪𝔂𝓲𝓭 𝓢𝓾𝓴𝓪𝓻𝓭𝓲,False,https://scontent-otp1-1.cdninstagram.com/v/t51.2885-19/97907313_2564564237089434_2263893050021380096_n.jpg?stp=dst-jpg_e0_s150x150_tt6&_nc_cat=102&ig_cache_key=GHHy1QWa_lokdRwJAAAAAAC89mofbkULAAAB1501500j-ccb7-5&ccb=7-5&_nc_sid=669407&efg=eyJ2ZW5jb2RlX3RhZyI6InByb2ZpbGVfcGljLnd3dy4xMDgwLkMzIn0%3D&_nc_ohc=lwMurdidj10Q7kNvwHTZRdi&_nc_oc=AdmFjwMIyDPSakMod_Rhf2wI0LhUq5mjDbeLmlsYwXZRxrsp-giyfPVRyCsGptdxqzQ&_nc_ad=z-m&_nc_cid=0&_nc_zt=24&_nc_ht=scontent-otp1-1.cdninstagram.com&oh=00_Afp_HMHLVWTde65Q_JRAqF_pjzO4yZPYBh-dGe_5Bct4Tg&oe=6965C5D2,"MBG 1 hari 1,2 T aja bisa masa pilkada masih mau efisien....edan po !!!",2026-01-07T15:02:51.000Z,2,0,https://www.instagram.com/p/DTM7TEdk5Yq/c/18090718783808082
https://www.instagram.com/tirtoid/p/DTNP9HSku6e/,tisyahri,tisyahri,daff,False,https://scontent-sea1-1.cdninstagram.com/v/t51.2885-19/488291893_959503926170112_747390355028672584_n.jpg?stp=dst-jpg_e0_s150x150_tt6&_nc_cat=106&ig_cache_key=GDW_Gh0AEq7qqWgDAEiACWyRQ18KbkULAAAB1501500j-ccb7-5&ccb=7-5&_nc_sid=669407&efg=eyJ2ZW5jb2RlX3RhZyI6InByb2ZpbGVfcGljLnd3dy4xMDgwLkMzIn0%3D&_nc_ohc=qMP8q4VErUsQ7kNvwHi2U3R&_nc_oc=AdlpsWq4QONc5sWGBn6MrA8bgNTfajR-9tV2cPZHvEp2JL2MRtRRL5T74pmV_b2UEAc&_nc_ad=z-m&_nc_cid=0&_nc_zt=24&_nc_ht=scontent-sea1-1.cdninstagram.com&oh=00_AfooineC4TqGdlFWHVMLufVidGOE6cjGdYaIauWMTKlBCA&oe=6965F059,Terkutuklah Amerika Serikat dan Israel,2026-01-07T15:00:29.000Z,0,0,https://www.instagram.com/p/DTNP9HSku6e/c/17895068907242924
https://www.instagram.com/p/DTMxDoxk5av/,esara_ma,esara_ma,essar,False,https://scontent-sjc6-1.cdninstagram.com/v/t51.2885-19/436312236_966560584738515_7507852618051443590_n.jpg?stp=dst-jpg_e0_s150x150_tt6&_nc_cat=107&ig_cache_key=GKyYARrTpk7sFG8DAIZb8YQtQDFobkULAAAB1501500j-ccb7-5&ccb=7-5&_nc_sid=669407&efg=eyJ2ZW5jb2RlX3RhZyI6InByb2ZpbGVfcGljLnd3dy4xMDgwLkMzIn0%3D&_nc_ohc=im2ipdHFWa4Q7kNvwF69aO9&_nc_oc=Adm1cQg_ZysJ2EbpU5nOp8QoIwYzVec74GKYOGqDsH7jYEn61OIPPzl4GJc3Ok6Clno&_nc_ad=z-m&_nc_cid=0&_nc_zt=24&_nc_ht=scontent-sjc6-1.cdninstagram.com&oh=00_AfqsDLFK57iK3u3IAjnxhy-o_5xTKz4iBFcL5TFu8yPiIw&oe=6965D09E,Apapun itu intinya mau membangkitkan order baru. Lawan,2026-01-07T14:55:22.000Z,1,0,https://www.instagram.com/p/DTMxDoxk5av/c/18106770448680206
https://www.instagram.com/p/DTM2maVktwy/,malikelaziz,malikelaziz,Abdul Aziz,False,https://scontent-lax7-1.cdninstagram.com/v/t51.2885-19/449724238_402878362146450_5195355136796431423_n.jpg?stp=dst-jpg_e0_s150x150_tt6&_nc_cat=105&ig_cache_key=GE4-zhqS1qltam4BAD_UwIL4mxlIbkULAAAB1501500j-ccb7-5&ccb=7-5&_nc_sid=669407&efg=eyJ2ZW5jb2RlX3RhZyI6InByb2ZpbGVfcGljLnd3dy4xMDgwLkMzIn0%3D&_nc_ohc=ERvTCfqy3JUQ7kNvwG_H1y6&_nc_oc=Adm62dwLiMhPMUzrtpQHSlCi0t0YlBUrxMUdtExmbKU-JoEBvIZRoWP6bQ6wR8KE6QU&_nc_ad=z-m&_nc_cid=0&_nc_zt=24&_nc_ht=scontent-lax7-1.cdninstagram.com&oh=00_Afo6yTIZ6LSVnLNbNX7pEwKDmfSNJ3m3R8GJvoUxUFwB4g&oe=6965E108,Smua bakal bungkam 😂 Dijejeli duit beres,2026-01-07T14:11:51.000Z,1,0,https://www.instagram.com/p/DTM2maVktwy/c/17912769573260742
https://www.instagram.com/p/DTM2maVktwy/,resiin.ajaa_12,resiin.ajaa_12,𝐑𝐞𝐬𝐢𝐚𝐝𝐫𝐢𝐚𝐧𝐧_𝟏𝟐,False,https://scontent-lax3-2.cdninstagram.com/v/t51.82787-19/553408107_18015421232784506_1473299702565265060_n.jpg?stp=dst-jpg_e0_s150x150_tt6&_nc_cat=106&ig_cache_key=GGtW-CB6JA8f7gBAAKReFwtGNnIUbmNDAQAB1501500j-ccb7-5&ccb=7-5&_nc_sid=669407&efg=eyJ2ZW5jb2RlX3RhZyI6InByb2ZpbGVfcGljLnd3dy4xMDAxLkMzIn0%3D&_nc_ohc=9OsGYqOS80kQ7kNvwHBIjBH&_nc_oc=Adn6iQL8zIKpTHIz-4fzVbeZq7J335-yaa0jnL2SxYCuoNzLzZhonzCDT-HWXhvQzto&_nc_ad=z-m&_nc_cid=0&_nc_zt=24&_nc_ht=scontent-lax3-2.cdninstagram.com&_nc_gid=nRQ0qA86QYsFBUJdNaxdXQ&oh=00_AfrRDy388ZAHQ_JaSgKtxYypFgqDaDVyayixcKcSrN8x8w&oe=6965CD77,Ini lagi apaan 🗿🗿,2026-01-07T14:09:58.000Z,3,0,https://www.instagram.com/p/DTM2maVktwy/c/17999939285848345
https://www.instagram.com/p/DTM2maVktwy/,sumaryanto469,sumaryanto469,sumaryanto,False,https://scontent-lax3-1.cdninstagram.com/v/t51.75761-19/495283896_17857104030421803_1960406414469689436_n.jpg?stp=dst-jpg_e0_s150x150_tt6&_nc_cat=110&ig_cache_key=GLhuhR0rU3MG8XA-AFzw3E0-wzQbbvEnAQAB1501500j-ccb7-5&ccb=7-5&_nc_sid=669407&efg=eyJ2ZW5jb2RlX3RhZyI6InByb2ZpbGVfcGljLnd3dy43MjAuQzMifQ%3D%3D&_nc_ohc=nO5GJMxnwhYQ7kNvwGK61-E&_nc_oc=Adl-OR44lJipVHi3fZTA-uliUmm1rke6_svxbXsShAeQprFZhFb4cAwurjU6WJWk9dQ&_nc_ad=z-m&_nc_cid=0&_nc_zt=24&_nc_ht=scontent-lax3-1.cdninstagram.com&_nc_gid=nRQ0qA86QYsFBUJdNaxdXQ&oh=00_AfoxmrLmdabvtmx6zTEiJsHSwC9iZxoO78YlDSgwFgpvuQ&oe=6965E336,Masa mui ngurusin politik,2026-01-07T14:08:48.000Z,5,0,https://www.instagram.com/p/DTM2maVktwy/c/18124037191535833
https://www.instagram.com/reel/DTM7TEdk5Yq/,tasyatari27,tasyatari27,Piyuuuuuu 🐣,False,https://scontent-otp1-1.cdninstagram.com/v/t51.82787-19/560057210_18421213633104120_6667928350432656242_n.jpg?stp=dst-jpg_e0_s150x150_tt6&_nc_cat=107&ig_cache_key=GHrLYSH4yO4G-3FBAHJ7S6uBPYlcbmNDAQAB1501500j-ccb7-5&ccb=7-5&_nc_sid=669407&efg=eyJ2ZW5jb2RlX3RhZyI6InByb2ZpbGVfcGljLnd3dy4xMDgwLkMzIn0%3D&_nc_ohc=49rAyVh2j5AQ7kNvwHTfIWd&_nc_oc=AdlPxdbYVRAtlpNa1n7MpMEMUUwXNAQll9r5FLqbXB2IDrChBVghTNYAhSm9Qz3qs5g&_nc_ad=z-m&_nc_cid=0&_nc_zt=24&_nc_ht=scontent-otp1-1.cdninstagram.com&_nc_gid=Dw3RIshn7vghOcGDdaJqAw&oh=00_AfqlWmOqY2ifBdE15Mxk0xJVm5EB-lSugCxX5hh7dlFxZg&oe=6965C459,😂,2026-01-07T13:54:26.000Z,1,0,https://www.instagram.com/p/DTM7TEdk5Yq/c/18206169877319854
https://www.instagram.com/p/DTKT8IQknPu/,igarbramanditha,igarbramanditha,Igar Bramanditha,False,https://scontent-dfw5-3.cdninstagram.com/v/t51.2885-19/471442576_27891967513781904_1445787149856498417_n.jpg?stp=dst-jpg_e0_s150x150_tt6&_nc_cat=109&ig_cache_key=GJCkGRyQ5r6-mBdjAPFiBbDAdxAUbkULAAAB1501500j-ccb7-5&ccb=7-5&_nc_sid=669407&efg=eyJ2ZW5jb2RlX3RhZyI6InByb2ZpbGVfcGljLnd3dy4xMDgwLkMzIn0%3D&_nc_ohc=2C56IZLPdfcQ7kNvwHZd4Xk&_nc_oc=Adnen8Jq0yBygL5gMbf_3DgegpuGNaKxqCQuZDGk3LABnuyyXGFd8aCkBlXxatbcV7U&_nc_ad=z-m&_nc_cid=0&_nc_zt=24&_nc_ht=scontent-dfw5-3.cdninstagram.com&oh=00_AfolBcrNc5SecS5zSsqYd6jsvEr-VFUOmojiZsKzvN6bwA&oe=6965D166,Tetap berjuang untuk kepentingan rakyat... ❤️ 🤟,2026-01-07T13:53:34.000Z,1,0,https://www.instagram.com/p/DTKT8IQknPu/c/18085331411081446
https://www.instagram.com/didi_irawadi/p/DTB7d39EnQa/,boedyanugrah_,boedyanugrah_,boedy,False,https://scontent-yyz1-1.cdninstagram.com/v/t51.2885-19/472892564_599316566014693_8121042894533870890_n.jpg?stp=dst-jpg_e0_s150x150_tt6&_nc_cat=104&ig_cache_key=GJTELxzlegZDEyECACrFZkZ8vbNwbkULAAAB1501500j-ccb7-5&ccb=7-5&_nc_sid=669407&efg=eyJ2ZW5jb2RlX3RhZyI6InByb2ZpbGVfcGljLnd3dy44NjQuQzMifQ%3D%3D&_nc_ohc=TpL__EsYvWwQ7kNvwH9d98Y&_nc_oc=AdkJk43gFhBU4LLE09BoFeT9dysqzTE_83gnkkYnZcPKGDOgqC-g-Y1J3jGhAEFJZBg&_nc_ad=z-m&_nc_cid=0&_nc_zt=24&_nc_ht=scontent-yyz1-1.cdninstagram.com&oh=00_AfpblR5ii5qrCfVJ0XsqR4sar7AAfUz_1My3JPZy93SfUA&oe=6965ED89,"Kepala daerah dipilih rakyat aja gak memenuhi janji kampanye, apalagi dipilih DPRD malah makin arogan dan kurang peduli rakyat",2026-01-07T13:41:35.000Z,2,0,https://www.instagram.com/p/DTB7d39EnQa/c/18015056819814572
https://www.instagram.com/tirtoid/p/DTNP9HSku6e/,bagonxrunners,bagonxrunners,RUNER'S,False,https://scontent-sea1-1.cdninstagram.com/v/t51.2885-19/419513453_1748989148845552_7619081780425229326_n.jpg?stp=dst-jpg_e0_s150x150_tt6&_nc_cat=108&ig_cache_key=GG1EARnw1e5EsjYGAA6E5fyCarxpbkULAAAB1501500j-ccb7-5&ccb=7-5&_nc_sid=669407&efg=eyJ2ZW5jb2RlX3RhZyI6InByb2ZpbGVfcGljLnd3dy43MTkuQzMifQ%3D%3D&_nc_ohc=8gcndKeufmEQ7kNvwFRfdvf&_nc_oc=AdmmY6rMJJWbn2CQ8ntq94yx4VKEX5RDCSi-Jx35AeL76OnyCFmBaBeVPnSwutTdEik&_nc_ad=z-m&_nc_cid=0&_nc_zt=24&_nc_ht=scontent-sea1-1.cdninstagram.com&oh=00_AfqJDl8uUIoo6tE3E36S9PlJ9jLzLFhj5qN299wdQzyFzA&oe=6965E103,,2026-01-07T13:40:39.000Z,0,0,https://www.instagram.com/p/DTNP9HSku6e/c/18123320644538941
https://www.instagram.com/reel/DTM7TEdk5Yq/,rifanizard,rifanizard,Rifa Nizar,False,https://scontent-otp1-1.cdninstagram.com/v/t51.82787-19/531224029_18531140224044526_3788142021527711400_n.jpg?stp=dst-jpg_e0_s150x150_tt6&_nc_cat=107&ig_cache_key=GN3VqR-uTVZO_dVBAKiu4x8ZL5I0bmNDAQAB1501500j-ccb7-5&ccb=7-5&_nc_sid=669407&efg=eyJ2ZW5jb2RlX3RhZyI6InByb2ZpbGVfcGljLnd3dy4xMDgwLkMzIn0%3D&_nc_ohc=b4Uiqg8NU2gQ7kNvwGiO_4Z&_nc_oc=Adm-ME7swZgghWsTbOCDVnjRyWOoN_UMVxwI7rQ3aNbD2un51ydiazKyakqHOilPvFQ&_nc_ad=z-m&_nc_cid=0&_nc_zt=24&_nc_ht=scontent-otp1-1.cdninstagram.com&_nc_gid=Dw3RIshn7vghOcGDdaJqAw&oh=00_AfpLlTPnOM1r073kfhc0EuayEDbRIeBRpjK6wRjp1j_oaw&oe=6965D5D1,Pake google form saja biat hemat 😂😂😂,2026-01-07T13:32:42.000Z,4,0,https://www.instagram.com/p/DTM7TEdk5Yq/c/17970104748002734
https://www.instagram.com/tirtoid/p/DTNP9HSku6e/,trisno_raharjo,trisno_raharjo,Trisno,False,https://scontent-sea1-1.cdninstagram.com/v/t51.2885-19/25008275_136687483704480_3744669946865516544_n.jpg?stp=dst-jpg_e0_s150x150_tt6&_nc_cat=108&ig_cache_key=GJOYfQGgVOkIUXwAAAAAAAB6vfczbkULAAAB1501500j-ccb7-5&ccb=7-5&_nc_sid=669407&efg=eyJ2ZW5jb2RlX3RhZyI6InByb2ZpbGVfcGljLnd3dy43MTEuQzMifQ%3D%3D&_nc_ohc=9ChFe7LoN2gQ7kNvwEvc7yL&_nc_oc=AdnUeJHvQrpoH8ygGX9wp-ZongQIWMQ1fTduGlnTMmsiHMNdfgPrOQq6bSF8_2tU9OA&_nc_ad=z-m&_nc_cid=0&_nc_zt=24&_nc_ht=scontent-sea1-1.cdninstagram.com&oh=00_Afr4QWshWOAImDS5LKyq8WSnUpdEx1n1ecKR-fBRaQssNw&oe=6965EB9A,Sudahlah. Mereka mengajarkan hal-hal yang dilanggar sendiri.,2026-01-07T13:22:21.000Z,0,0,https://www.instagram.com/p/DTNP9HSku6e/c/17858876742583013
https://www.instagram.com/p/DTNI9BkgNzc/,wirahadipurnama,wirahadipurnama,Wirahadi Purnama,False,https://scontent-sjc6-1.cdninstagram.com/v/t51.2885-19/119986981_687761968615260_7354852041966773890_n.jpg?stp=dst-jpg_e0_s150x150_tt6&_nc_cat=101&ig_cache_key=GCXbJgdcT9QPhHECAIJm-Oj2rhFmbkULAAAB1501500j-ccb7-5&ccb=7-5&_nc_sid=669407&efg=eyJ2ZW5jb2RlX3RhZyI6InByb2ZpbGVfcGljLnd3dy4xMDgwLkMzIn0%3D&_nc_ohc=yc83PH5W_ZUQ7kNvwHs7IhJ&_nc_oc=AdkN7nebqyFJXLFY5-A8dSJtE_Ynw1OD5XgLuy-c0PcexcO69EauPoQyQhqn6nM_E0Q&_nc_ad=z-m&_nc_cid=0&_nc_zt=24&_nc_ht=scontent-sjc6-1.cdninstagram.com&oh=00_AfrKqBIeoBGsmvutJSEF-f0LyenFwFpbJ4ILSPEjRg_RBQ&oe=6965D471,Masih percaya lembaga survey?😁😁,2026-01-07T13:21:36.000Z,2,0,https://www.instagram.com/p/DTNI9BkgNzc/c/18105075619671817
https://www.instagram.com/p/DTMxDoxk5av/,junta_setiawan,junta_setiawan,Junta Setiawan,False,https://scontent-sjc3-1.cdninstagram.com/v/t51.82787-19/548876200_18017100626787568_3121767579732154991_n.jpg?stp=dst-jpg_e0_s150x150_tt6&_nc_cat=103&ig_cache_key=GKgvtyDw-L0idQJAAG8aRO0Sv1IrbmNDAQAB1501500j-ccb7-5&ccb=7-5&_nc_sid=669407&efg=eyJ2ZW5jb2RlX3RhZyI6InByb2ZpbGVfcGljLnd3dy4xMDgwLkMzIn0%3D&_nc_ohc=j5ySiR-yaswQ7kNvwFge1lP&_nc_oc=AdlLvFkTm6mNHMWOezm_ISUKiycjtWUF-LclEDKo9TplTkjvDeDMRH4PWPe7dhwaQzw&_nc_ad=z-m&_nc_cid=0&_nc_zt=24&_nc_ht=scontent-sjc3-1.cdninstagram.com&_nc_gid=w6MrPrxSc5jVhmt5a57kaQ&oh=00_AfqZ_cuPuH97d8wWzPCFZRuDVEdsUmmIBtnJx5cJl1BTeA&oe=6965FC40,Back to ORBO Orde Bosok,2026-01-07T13:12:40.000Z,2,0,https://www.instagram.com/p/DTMxDoxk5av/c/17913070398122225
https://www.instagram.com/p/DTMxDoxk5av/,secondchild26,secondchild26,second child,False,https://scontent-sjc3-1.cdninstagram.com/v/t51.2885-19/440561788_1152540292431994_6319864757870529936_n.jpg?stp=dst-jpg_e0_s150x150_tt6&_nc_cat=106&ig_cache_key=GHxwQhp6QLiyOhgEAJANYmGDq7RXbkULAAAB1501500j-ccb7-5&ccb=7-5&_nc_sid=669407&efg=eyJ2ZW5jb2RlX3RhZyI6InByb2ZpbGVfcGljLnd3dy4zMjAuQzMifQ%3D%3D&_nc_ohc=8vAw07iYLLAQ7kNvwHpPQA_&_nc_oc=AdkRugz9MhzxyZMBQDKHU3F0BDWfjHDxnSSa4ogGABDb1TltzTe2wrRwsiIg0bA9n9o&_nc_ad=z-m&_nc_cid=0&_nc_zt=24&_nc_ht=scontent-sjc3-1.cdninstagram.com&oh=00_AfqxG2j6cpg3LMY8ZvaVwA7DnHmXNd4tnMXDSx0mnpz8Sg&oe=6965E490,Kalo alasannya ongkos politik nya yang mahal kenapa gak gunain sistem finansial fair play kaya di bola eropa ada ambang batas aman kan lebih fair,2026-01-07T12:54:07.000Z,1,0,https://www.instagram.com/p/DTMxDoxk5av/c/17913662418262048
https://www.instagram.com/reel/DTNBc-nCTRR/,meltamakeup_,meltamakeup_,MeltaMua_,False,https://scontent-lax3-1.cdninstagram.com/v/t51.82787-19/555641654_18078623468513380_5678007454246786471_n.jpg?stp=dst-jpg_e0_s150x150_tt6&_nc_cat=102&ig_cache_key=GDZrHiFkaN6JaTpAAKdVZj6yVcxObmNDAQAB1501500j-ccb7-5&ccb=7-5&_nc_sid=669407&efg=eyJ2ZW5jb2RlX3RhZyI6InByb2ZpbGVfcGljLnd3dy4xMDgwLkMzIn0%3D&_nc_ohc=Ak2CumAxnzgQ7kNvwFXu3lP&_nc_oc=Adm4ZYpLcc8O71YSQt8H8RVtUX22J4_vx4VfFSz7v1noEqsfIbw-1-q46-3AGNukkP8&_nc_ad=z-m&_nc_cid=0&_nc_zt=24&_nc_ht=scontent-lax3-1.cdninstagram.com&_nc_gid=5F4dv9wDW4z35xPXw7UeDQ&oh=00_AfpES1SkuAnLMWgs1yR8b7Ln21vsSSUcVjhrCcLu2UN-vQ&oe=6965E78E,"Waktu pimpinan beliau jalan samuda bagandung ini bagus bgt di perbaiki hujung ke hujung , paling ingat bgt sama pimpinan beliau . Setelah sekarang ini jalanan kaya sungai njir",2026-01-07T12:27:18.000Z,30,5,https://www.instagram.com/p/DTNBc-nCTRR/c/18046525736492905
https://www.instagram.com/tirtoid/p/DTNP9HSku6e/,sarinah.1962,sarinah.1962,,False,https://scontent-sea1-1.cdninstagram.com/v/t51.2885-19/469587366_913951587539210_902967371539597615_n.jpg?stp=dst-jpg_e0_s150x150_tt6&_nc_cat=108&ig_cache_key=GKZV-RsKmbfvOz8DAC-JYlAK-IcMbkULAAAB1501500j-ccb7-5&ccb=7-5&_nc_sid=669407&efg=eyJ2ZW5jb2RlX3RhZyI6InByb2ZpbGVfcGljLnd3dy43MjAuQzMifQ%3D%3D&_nc_ohc=gyFUd3zZnSEQ7kNvwFRzpHW&_nc_oc=Adlk_4G5pYoSZKCAUNhLfTSjR6g2tpb2NNX27IBfIQtLTbF6m-R_BUd6K8QonrRaVY0&_nc_ad=z-m&_nc_cid=0&_nc_zt=24&_nc_ht=scontent-sea1-1.cdninstagram.com&oh=00_Afrr9quUgOsI0CrxbYRuA7kTlT_fsl1sAYSvBmPu_28-_Q&oe=6965FB57,USAA (United States of All America),2026-01-07T12:24:35.000Z,5,0,https://www.instagram.com/p/DTNP9HSku6e/c/18387345289149275
https://www.instagram.com/tirtoid/p/DTNP9HSku6e/,sarinah.1962,sarinah.1962,,False,https://scontent-sea1-1.cdninstagram.com/v/t51.2885-19/469587366_913951587539210_902967371539597615_n.jpg?stp=dst-jpg_e0_s150x150_tt6&_nc_cat=108&ig_cache_key=GKZV-RsKmbfvOz8DAC-JYlAK-IcMbkULAAAB1501500j-ccb7-5&ccb=7-5&_nc_sid=669407&efg=eyJ2ZW5jb2RlX3RhZyI6InByb2ZpbGVfcGljLnd3dy43MjAuQzMifQ%3D%3D&_nc_ohc=gyFUd3zZnSEQ7kNvwFRzpHW&_nc_oc=Adlk_4G5pYoSZKCAUNhLfTSjR6g2tpb2NNX27IBfIQtLTbF6m-R_BUd6K8QonrRaVY0&_nc_ad=z-m&_nc_cid=0&_nc_zt=24&_nc_ht=scontent-sea1-1.cdninstagram.com&oh=00_Afrr9quUgOsI0CrxbYRuA7kTlT_fsl1sAYSvBmPu_28-_Q&oe=6965FB57,USA,2026-01-07T12:23:56.000Z,2,0,https://www.instagram.com/p/DTNP9HSku6e/c/18085615412120055
https://www.instagram.com/tirtoid/p/DTNP9HSku6e/,banaspati_mandhito,banaspati_mandhito,Banaspati Mandhito,False,https://scontent-sea1-1.cdninstagram.com/v/t51.2885-19/45339993_291348298398155_3060726392439177216_n.jpg?stp=dst-jpg_e0_s150x150_tt6&_nc_cat=106&ig_cache_key=GFnVswLL_dTP_ggBAAAAAABw4nkqbkULAAAB1501500j-ccb7-5&ccb=7-5&_nc_sid=669407&efg=eyJ2ZW5jb2RlX3RhZyI6InByb2ZpbGVfcGljLnd3dy4xMDgwLkMzIn0%3D&_nc_ohc=yg6jsOclnKgQ7kNvwGUhOzq&_nc_oc=Adk6Ns5I4rSbeOYDz3E3rfddNM9snhMIAOkC3Yk6aMWoDKsl8RigER7Z-LYbKYpRuJc&_nc_ad=z-m&_nc_cid=0&_nc_zt=24&_nc_ht=scontent-sea1-1.cdninstagram.com&oh=00_AfqBSFVcyq3MA1gFcA2d7160-BLXOirol6gSMbRmAcDjKA&oe=6965E1E1,imperialis state really,2026-01-07T12:15:11.000Z,0,0,https://www.instagram.com/p/DTNP9HSku6e/c/18074483102067539
https://www.instagram.com/p/DTMxDoxk5av/,venita_berlianaputri,venita_berlianaputri,Venita berliana putri,False,https://scontent-sjc6-1.cdninstagram.com/v/t51.2885-19/427648185_390784653555897_2354611473858548075_n.jpg?stp=dst-jpg_e0_s150x150_tt6&_nc_cat=108&ig_cache_key=GLlkfRm5eHWkamMBAGvRZQOpQq0gbkULAAAB1501500j-ccb7-5&ccb=7-5&_nc_sid=669407&efg=eyJ2ZW5jb2RlX3RhZyI6InByb2ZpbGVfcGljLnd3dy40MDAuQzMifQ%3D%3D&_nc_ohc=3eh9y6F2W3kQ7kNvwHDHPAR&_nc_oc=Admo2oVCEzYHC4T6-dY64lWwnPjuPUtmkTw0EDfB4lsAW6fhrGKnM9wJ6hAAJY__gMw&_nc_ad=z-m&_nc_cid=0&_nc_zt=24&_nc_ht=scontent-sjc6-1.cdninstagram.com&oh=00_AfqIdAtti-CHXg6d5AunDm3LWm26B3Oo8h3LnPuwK7Fsrw&oe=6965DD8E,Selamat datang new orba 👏👏👏🔥,2026-01-07T12:12:02.000Z,1,0,https://www.instagram.com/p/DTMxDoxk5av/c/18550233775003997
https://www.instagram.com/tirtoid/p/DTNP9HSku6e/,lilutharytucker,lilutharytucker,,False,https://scontent-sea1-1.cdninstagram.com/v/t51.82787-19/587802617_17853619029598968_8001685924731231137_n.jpg?stp=dst-jpg_e0_s150x150_tt6&_nc_cat=108&ig_cache_key=GPknCSP44jacxW0-AKEb2Sv0sgtvbmNDAQAB1501500j-ccb7-5&ccb=7-5&_nc_sid=669407&efg=eyJ2ZW5jb2RlX3RhZyI6InByb2ZpbGVfcGljLnd3dy4xMDgwLkMzIn0%3D&_nc_ohc=SOA_fExbP2MQ7kNvwEY4yqD&_nc_oc=Adm-XS2yGDGdO0MK2NC8UrOze0eK51uxe5rZzW1QjrjWj2UjrHymHZzWVfuI-YEm4uU&_nc_ad=z-m&_nc_cid=0&_nc_zt=24&_nc_ht=scontent-sea1-1.cdninstagram.com&_nc_gid=-l3zyNNSi2vidEDIptb50g&oh=00_AfoTyBlSpOukt5eM4EjZ3lqUTsuQ66XFw5IiImdZoz4L3Q&oe=6965F73F,Ternyata dari dulu emang udah rese,2026-01-07T12:10:22.000Z,1,0,https://www.instagram.com/p/DTNP9HSku6e/c/17948128812073829
https://www.instagram.com/tirtoid/p/DTNP9HSku6e/,irfan_fadhr,irfan_fadhr,Irfan Fadhurrahman,False,https://scontent-sea1-1.cdninstagram.com/v/t51.2885-19/356239666_655227563323238_4035128558045704191_n.jpg?stp=dst-jpg_e0_s150x150_tt6&_nc_cat=104&ig_cache_key=GDLJOxVmrygO7VMCAP8vWWULqP83bkULAAAB1501500j-ccb7-5&ccb=7-5&_nc_sid=669407&efg=eyJ2ZW5jb2RlX3RhZyI6InByb2ZpbGVfcGljLnd3dy4xMDgwLkMzIn0%3D&_nc_ohc=OiUydm40M98Q7kNvwFZZBGv&_nc_oc=AdlZbyu2IHOZrID1AMKkrk7dskyX3VTv8zJTKtQ6H4euCp58CYL-M6f0FEQKy52ahQM&_nc_ad=z-m&_nc_cid=0&_nc_zt=24&_nc_ht=scontent-sea1-1.cdninstagram.com&oh=00_AfqqmTXW4mUqlR2rfRK98DobJ3hSBbwC56gexlPrWWiGyA&oe=6965FB53,apa jangan2 nama United States of America adalah doa agar seluruh benua Amerika jadi 1 negara?,2026-01-07T11:24:59.000Z,13,8,https://www.instagram.com/p/DTNP9HSku6e/c/18119135644575549
https://www.instagram.com/p/DTM3VInk-83/,syahrul_haryadi,syahrul_haryadi,Syahrul Haryadi | AYUNG,True,https://scontent-det1-1.cdninstagram.com/v/t51.2885-19/459142995_1979340599175325_1387667917043469018_n.jpg?stp=dst-jpg_e0_s150x150_tt6&_nc_cat=111&ig_cache_key=GFP3XRudqE0lMwgHANoKlU2e-EETbkULAAAB1501500j-ccb7-5&ccb=7-5&_nc_sid=669407&efg=eyJ2ZW5jb2RlX3RhZyI6InByb2ZpbGVfcGljLnd3dy4xMDgwLkMzIn0%3D&_nc_ohc=0-1F--g6iBMQ7kNvwHOCH1N&_nc_oc=AdlR4dmm-K6Xmhe4b__VlOJ7nB8XabBqsPDq9mAPl_55xs6_WokEuqeAQYj8DzUxJ8o&_nc_ad=z-m&_nc_cid=0&_nc_zt=24&_nc_ht=scontent-det1-1.cdninstagram.com&oh=00_AfpjLsCdWe9wa1Eu5uZWRkSXqBlIOsUeGdv4xP-UAwIMkQ&oe=6965DBB7,"Gak beres.. masyarakat bener"" dibuat tidak bisa bersuara",2026-01-07T11:19:30.000Z,9,1,https://www.instagram.com/p/DTM3VInk-83/c/17869196148530207
https://www.instagram.com/p/DTNI9BkgNzc/,andi_terasstudio,andi_terasstudio,Andi Wahyu Supanggih,False,https://scontent-sjc6-1.cdninstagram.com/v/t51.75761-19/498679240_18408301759099425_1215015949518452743_n.jpg?stp=dst-jpg_e0_s150x150_tt6&_nc_cat=108&ig_cache_key=GMg9uR0h8kS-QGZBAAc4e5ORmtwQbvEnAQAB1501500j-ccb7-5&ccb=7-5&_nc_sid=669407&efg=eyJ2ZW5jb2RlX3RhZyI6InByb2ZpbGVfcGljLnd3dy43NjYuQzMifQ%3D%3D&_nc_ohc=qTCxwKR70dQQ7kNvwFNtqUV&_nc_oc=AdmGcf09hxT9SUDEl4DEEq9WBAq-p9wpvieTaigR3D9f8oJAZPwMj4YjwN1MEw_CDJo&_nc_ad=z-m&_nc_cid=0&_nc_zt=24&_nc_ht=scontent-sjc6-1.cdninstagram.com&_nc_gid=0OifmBUlKVXtlm1KMe6xEw&oh=00_AfochigEJm9EDi2Gf9Yjn-PuiUoI961NkMeZzEukcQQYgA&oe=6965D230,Tumben waras Deny JA,2026-01-07T11:18:12.000Z,5,0,https://www.instagram.com/p/DTNI9BkgNzc/c/18354075217204050
https://www.instagram.com/tirtoid/p/DTNP9HSku6e/,lively_ladybug,lively_ladybug,Gemma Harry,False,https://scontent-sea1-1.cdninstagram.com/v/t51.2885-19/11417243_1422342991428342_1149754976_a.jpg?stp=dst-jpg_e0_tt6&_nc_cat=106&ig_cache_key=GJs2rgD2usAInQ0FAGDeh0QAAAAAYUULAAAB1501500j-ccb7-5&ccb=7-5&_nc_sid=669407&efg=eyJ2ZW5jb2RlX3RhZyI6InByb2ZpbGVfcGljLnd3dy4xNTAuQzMifQ%3D%3D&_nc_ohc=WTQs2AP-F8IQ7kNvwHYuYY7&_nc_oc=AdlnxTCEqfyVFVPfwCr2K5IH_w8Nys4tIswIWZk8irgE_M9GH8xK7MQBwSQDILZ9VGA&_nc_ad=z-m&_nc_cid=0&_nc_zt=24&_nc_ht=scontent-sea1-1.cdninstagram.com&oh=00_AfoN-OI8lBNDRv29aoJIxOoHfJvA52H-eVlSLQGUWoUxqg&oe=6965F13F,BARBARa sesungguhnya,2026-01-07T11:15:28.000Z,0,0,https://www.instagram.com/p/DTNP9HSku6e/c/18086538353031753
https://www.instagram.com/reel/DTNBc-nCTRR/,bayuasia.mentaya.id,bayuasia.mentaya.id,Bayu Asia Mentaya | IT Support Digital Skill Mentor Box,False,https://scontent-lax7-1.cdninstagram.com/v/t51.82787-19/569877423_18066801632583126_3442738400402538082_n.jpg?stp=dst-jpg_e0_s150x150_tt6&_nc_cat=101&ig_cache_key=GK_j9yHWnYkNqS9AAGL_lrJVEMcvbmNDAQAB1501500j-ccb7-5&ccb=7-5&_nc_sid=669407&efg=eyJ2ZW5jb2RlX3RhZyI6InByb2ZpbGVfcGljLnd3dy4xMDgwLkMzIn0%3D&_nc_ohc=i2pjgMgBOOQQ7kNvwGV61OD&_nc_oc=AdnXRvYki_ahFxb3yTU1Ymg3AsVGmF0wAVH2B6yQr_xrP3-HkNGiaUdKQVb1guMAtAA&_nc_ad=z-m&_nc_cid=0&_nc_zt=24&_nc_ht=scontent-lax7-1.cdninstagram.com&_nc_gid=5F4dv9wDW4z35xPXw7UeDQ&oh=00_AfqT0V9XYiYtYnxcN1d9XiE7k2k4lk4wZYCqxeSJ4Fo_vQ&oe=6965DB12,Kita Fans Bang kita masih Sahati Bang,2026-01-07T10:54:16.000Z,8,0,https://www.instagram.com/p/DTNBc-nCTRR/c/17883968343430805
https://www.instagram.com/p/DTKXvIXE4Pe/,beje030605,beje030605,benni,False,https://scontent-iad3-1.cdninstagram.com/v/t51.82787-19/553236950_18187830649322332_481656964502640179_n.jpg?stp=dst-jpg_e0_s150x150_tt6&_nc_cat=101&ig_cache_key=GNa5_SBcexZRvJ1AADPWxRB1MK8GbmNDAQAB1501500j-ccb7-5&ccb=7-5&_nc_sid=669407&efg=eyJ2ZW5jb2RlX3RhZyI6InByb2ZpbGVfcGljLnd3dy4xMDgwLkMzIn0%3D&_nc_ohc=cHPXsmF49HcQ7kNvwGcBVIa&_nc_oc=AdkkSfapZiEwxtStebr4SRBpEuu3owUJL9lPM2Aqg502nJLP69FtQRklvKnRzQQz3zg&_nc_ad=z-m&_nc_cid=0&_nc_zt=24&_nc_ht=scontent-iad3-1.cdninstagram.com&_nc_gid=w_Kn99lXCJBE0w9JhFNFhQ&oh=00_Afp3ao5sgFlgIuF0apHy7d9N5WRrI1k43ab97O5xapBeeA&oe=6965E0D1,Takut ngak dapat jabatan yaa😂,2026-01-07T10:51:38.000Z,1,1,https://www.instagram.com/p/DTKXvIXE4Pe/c/18148532842450907
https://www.instagram.com/p/DTM3VInk-83/,dzikri07fadillah,dzikri07fadillah,Dzikri Fadillah,False,https://scontent-det1-1.cdninstagram.com/v/t51.2885-19/451613785_1020386566558045_6735653043115649396_n.jpg?stp=dst-jpg_e0_s150x150_tt6&_nc_cat=103&ig_cache_key=GFkU6xpdUdVCCaADAHTpL3XB2HldbkULAAAB1501500j-ccb7-5&ccb=7-5&_nc_sid=669407&efg=eyJ2ZW5jb2RlX3RhZyI6InByb2ZpbGVfcGljLnd3dy4xMDgwLkMzIn0%3D&_nc_ohc=3cKWVXxwEJkQ7kNvwFqwPc7&_nc_oc=AdkYh8qSRrXgSrO5f3yHQ3HMamH69ulwo0355Eb1jjTYudXsTrvWvNOHfMs_Ju0bs5U&_nc_ad=z-m&_nc_cid=0&_nc_zt=24&_nc_ht=scontent-det1-1.cdninstagram.com&oh=00_AfpwSh0q1vTTdUadVjbdhYlv-p0GI8btk7i2JT_tYnQCrw&oe=6965DE65,Hmmmm,2026-01-07T10:49:07.000Z,0,2,https://www.instagram.com/p/DTM3VInk-83/c/17869741950515342
https://www.instagram.com/reel/DTM7TEdk5Yq/,nurizalart,nurizalart,Rɑmɑdhɑn,False,https://scontent-otp1-1.cdninstagram.com/v/t51.2885-19/361558205_3737137789846737_2839508430860971996_n.jpg?stp=dst-jpg_e0_s150x150_tt6&_nc_cat=101&ig_cache_key=GL3wjBXRxHAy6EYNANzvMZ7f9WcnbkULAAAB1501500j-ccb7-5&ccb=7-5&_nc_sid=669407&efg=eyJ2ZW5jb2RlX3RhZyI6InByb2ZpbGVfcGljLnd3dy4xMDgwLkMzIn0%3D&_nc_ohc=LSwgzAaThekQ7kNvwGD4Jfh&_nc_oc=AdkGOckwXOrGDwrYJxWUk99WPOSLTiChGCAxmmTuUYzS0aR2SiaBPR3Duqsx8ABmA94&_nc_ad=z-m&_nc_cid=0&_nc_zt=24&_nc_ht=scontent-otp1-1.cdninstagram.com&oh=00_AfoEWSOOpgwO5mVG25g1ekvB97lzJtpaQ49PgZePSqCEEw&oe=6965C654,"Percuma sekarang media nanya para ahli dan profesor, emang pernah didenger lagi pendapatnya?",2026-01-07T10:42:10.000Z,5,0,https://www.instagram.com/p/DTM7TEdk5Yq/c/18087120995121746
https://www.instagram.com/reel/DTM7TEdk5Yq/,muhfaadly,muhfaadly,"Fadly, Ifad",False,https://scontent-otp1-1.cdninstagram.com/v/t51.75761-19/500787045_18505031572022381_6848442968818983305_n.jpg?stp=dst-jpg_e0_s150x150_tt6&_nc_cat=110&ig_cache_key=GGVn2R1tZGhpOr5BAIkh_nSYjgpfbvEnAQAB1501500j-ccb7-5&ccb=7-5&_nc_sid=669407&efg=eyJ2ZW5jb2RlX3RhZyI6InByb2ZpbGVfcGljLnd3dy45MjQuQzMifQ%3D%3D&_nc_ohc=CLiIv2oOyIcQ7kNvwF0tdnN&_nc_oc=AdnI9R8EQqhZBH6cdw3cKoOPWeem9B4RTuYAYZJyfDcmeohCsDjDbzLnRf0xrfdjTIw&_nc_ad=z-m&_nc_cid=0&_nc_zt=24&_nc_ht=scontent-otp1-1.cdninstagram.com&_nc_gid=Dw3RIshn7vghOcGDdaJqAw&oh=00_Afq0TYW0Yr-MsTeSx5TGCLTiUmPiGiOSyO6hwK1mH5h_Yw&oe=6965F3F5,Wowo & antek2 mana paham.,2026-01-07T10:37:25.000Z,1,0,https://www.instagram.com/p/DTM7TEdk5Yq/c/17888553435282409
https://www.instagram.com/p/DTNI9BkgNzc/,tiputks,tiputks,ティアラ,False,https://scontent-sjc3-1.cdninstagram.com/v/t51.82787-19/554915384_18401537686186280_8905553398087808269_n.jpg?stp=dst-jpg_e0_s150x150_tt6&_nc_cat=106&ig_cache_key=GDhWEyEoKRvdGWBBAA31S8Wh4ZZ7bmNDAQAB1501500j-ccb7-5&ccb=7-5&_nc_sid=669407&efg=eyJ2ZW5jb2RlX3RhZyI6InByb2ZpbGVfcGljLnd3dy43MjAuQzMifQ%3D%3D&_nc_ohc=8LqV_fbhkOIQ7kNvwGwK6M5&_nc_oc=AdlD87DmbmLSm1l0pmCAx70vxoYFl4bUXgz99Ti8Qnfvg_4lAgy-i_-kn7jLTXqY14s&_nc_ad=z-m&_nc_cid=0&_nc_zt=24&_nc_ht=scontent-sjc3-1.cdninstagram.com&_nc_gid=0OifmBUlKVXtlm1KMe6xEw&oh=00_AfomIbkzfSi2HveMQJdGXITovqlL14ArDvDQk4CnWq-1Fg&oe=6965F295,Klo versi Qodari biasanya beda tuh,2026-01-07T10:36:21.000Z,20,4,https://www.instagram.com/p/DTNI9BkgNzc/c/18106811329662175
https://www.instagram.com/p/DTNI9BkgNzc/,tampubolonrahmawati,tampubolonrahmawati,rahmawatitampubolon,False,https://scontent-sjc3-1.cdninstagram.com/v/t51.2885-19/31386872_380405412472783_6596508925531521024_n.jpg?stp=dst-jpg_e0_s150x150_tt6&_nc_cat=100&ig_cache_key=GPjs3gHPJ3sJ_lkBAAAAAADrgYtbbkULAAAB1501500j-ccb7-5&ccb=7-5&_nc_sid=669407&efg=eyJ2ZW5jb2RlX3RhZyI6InByb2ZpbGVfcGljLnd3dy43ODAuQzMifQ%3D%3D&_nc_ohc=vUf7hFUcujgQ7kNvwHJaqGI&_nc_oc=AdnHFBspzDriO1CsPemVOQXRyNEZGYIEK_5U7bHGsXCuHywL3QN2TNqL5D9kAVGlm3k&_nc_ad=z-m&_nc_cid=0&_nc_zt=24&_nc_ht=scontent-sjc3-1.cdninstagram.com&oh=00_AfqgWOdCNagbqSbFrUtSoMUd1QLvTTqIkDUczMyEO_CPGQ&oe=6965DFFF,tumben waras ini lembaga survey😂,2026-01-07T10:21:34.000Z,5,0,https://www.instagram.com/p/DTNI9BkgNzc/c/18017339018804392
https://www.instagram.com/p/DTNI9BkgNzc/,mandharabrasika,mandharabrasika,Ida Bagus Mandhara Brasika,True,https://scontent-sjc6-1.cdninstagram.com/v/t51.82787-19/541932673_18384820555133850_661633694984492347_n.jpg?stp=dst-jpg_e0_s150x150_tt6&_nc_cat=1&ig_cache_key=GIE8TSCas3Ka5VBBADvV_hBXmC4JbmNDAQAB1501500j-ccb7-5&ccb=7-5&_nc_sid=669407&efg=eyJ2ZW5jb2RlX3RhZyI6InByb2ZpbGVfcGljLnd3dy43NzEuQzMifQ%3D%3D&_nc_ohc=liHkP8b_6ogQ7kNvwF8Zk9H&_nc_oc=Adk_ZbbVgzNg3z-kRjqnx1DP2Ay4qV_nK7zcnXY6YN1SvCdmfiE_cOjOGCClwkAkbdk&_nc_ad=z-m&_nc_cid=0&_nc_zt=24&_nc_ht=scontent-sjc6-1.cdninstagram.com&_nc_gid=0OifmBUlKVXtlm1KMe6xEw&oh=00_Afq3NBEypbq0TMzfq-rIawWs_scdxlF4jDtk8ht77pxxMA&oe=6965E193,"Jika wakil rakyat tidak satu suara dengan rakyat, maka siapa yang diwakilinya?",2026-01-07T10:17:08.000Z,21,0,https://www.instagram.com/p/DTNI9BkgNzc/c/18377599714157172
https://www.instagram.com/reel/DTKuxKKk6_9/,ozi.rozi.771,ozi.rozi.771,Muhammad Zamrozi,False,https://scontent-dfw5-2.cdninstagram.com/v/t51.2885-19/473134553_1119974192648771_7540540002308160850_n.jpg?stp=dst-jpg_e0_s150x150_tt6&_nc_cat=104&ig_cache_key=GNl1MxxDEulPnPoDAFJ9MzwuYaVobkULAAAB1501500j-ccb7-5&ccb=7-5&_nc_sid=669407&efg=eyJ2ZW5jb2RlX3RhZyI6InByb2ZpbGVfcGljLnd3dy4xMDgwLkMzIn0%3D&_nc_ohc=8dAk_F4dEwgQ7kNvwE7fj-Q&_nc_oc=Adn0weQy09bFUtbBl3IgV0bx7qPfkk0WWRAK47qACErQVQ-wwG8bbenbCcrXyl8Whag&_nc_ad=z-m&_nc_cid=0&_nc_zt=24&_nc_ht=scontent-dfw5-2.cdninstagram.com&oh=00_Afr5V6rBBb0YE93DX-A0eCZJBWcVgAkgTMSpqJTyn8s62w&oe=6965D35E,Lawan 😎,2026-01-07T10:14:57.000Z,4,0,https://www.instagram.com/p/DTKuxKKk6_9/c/18091814974787415
https://www.instagram.com/p/DTM2maVktwy/,j_maman.ar,j_maman.ar,Maman Ar,False,https://scontent-lax3-2.cdninstagram.com/v/t51.2885-19/14262809_205680383177983_1872604580_a.jpg?stp=dst-jpg_e0_s150x150_tt6&_nc_cat=107&ig_cache_key=GBmi2QD-NC2yELsAAKStnW8AAAAAYUULAAAB1501500j-ccb7-5&ccb=7-5&_nc_sid=669407&efg=eyJ2ZW5jb2RlX3RhZyI6InByb2ZpbGVfcGljLnd3dy4xMDgwLkMzIn0%3D&_nc_ohc=lEPgcPUYhCUQ7kNvwE30Xdy&_nc_oc=AdlLVLvjboc4CGNtewid_w9b9GtyjfVWj-jZVZhhWLIp4xk-W_-3GP10YHzO_UQKNq8&_nc_ad=z-m&_nc_cid=0&_nc_zt=24&_nc_ht=scontent-lax3-2.cdninstagram.com&oh=00_AfoEaogh8k9QIJi8PPgT0vwiYxTmaau7kjIbVK7aUNaLXQ&oe=6965F52B,"Tlg dibuatkan perbandingan pemilihan langsung vs pemilihan melalui dprd, maslahat vs mafsadat, baru buat fatwa",2026-01-07T09:46:20.000Z,8,1,https://www.instagram.com/p/DTM2maVktwy/c/18090581594058995
https://www.instagram.com/p/DTMxDoxk5av/,aryonoput,aryonoput,𝐀𝐫𝐲𝐨 𝐍. 𝐏𝐮𝐭𝐫𝐚,False,https://scontent-sjc6-1.cdninstagram.com/v/t51.2885-19/122404060_101299871758921_1619540625170678947_n.jpg?stp=dst-jpg_e0_s150x150_tt6&_nc_cat=107&ig_cache_key=GNy8SwdJOt_2IVwAAKPEnC6ew3kWbkULAAAB1501500j-ccb7-5&ccb=7-5&_nc_sid=669407&efg=eyJ2ZW5jb2RlX3RhZyI6InByb2ZpbGVfcGljLnd3dy40MjIuQzMifQ%3D%3D&_nc_ohc=Utrhph40r1AQ7kNvwHYDUsH&_nc_oc=Adkv47uQ65EUdVPvzEATx_sgBrK45BE8Lu_8Nyuxa2spfITCoHzLRB1vGwTEakqToCU&_nc_ad=z-m&_nc_cid=0&_nc_zt=24&_nc_ht=scontent-sjc6-1.cdninstagram.com&oh=00_Afqwden3kJCHmkPYogNN4I6-6VP33EduCChGJwsAYrAIfQ&oe=6965DCEE,"Lha iya... yang bikin ongkos politik mahal mereka² sendiri, orang² parpol dan parpolnya juga. Mereka yg selama ini mengajarkan dan meninabobokan rakyat dg serangam fajar atau biaya² kampanye untuk ""MENYUAP RAKYAT"". Sekarang... ketika rakyat sudah paham kalau dipermainkan, dan akhirnya mereka rugi bandar... eeh aturan main dirubah. Itu kan sak karepe udhel e dewe...",2026-01-07T09:18:52.000Z,1,0,https://www.instagram.com/p/DTMxDoxk5av/c/18090801787803782
https://www.instagram.com/p/DTM3VInk-83/,anggimaulana7630,anggimaulana7630,anggimaulana,False,https://scontent-det1-1.cdninstagram.com/v/t51.82787-19/546223486_18023331494758930_1536221438062778220_n.jpg?stp=dst-jpg_e0_s150x150_tt6&_nc_cat=103&ig_cache_key=GH61jiASCmrfHwhAAGxXEjhCwVEVbmNDAQAB1501500j-ccb7-5&ccb=7-5&_nc_sid=669407&efg=eyJ2ZW5jb2RlX3RhZyI6InByb2ZpbGVfcGljLnd3dy4xMDgwLkMzIn0%3D&_nc_ohc=7Gdni1NGg9UQ7kNvwGHok8I&_nc_oc=AdkCAjjSpa6iv3Zsh3qyYVgqs2sFDP2nc2JepGt3noJPT6WeDOmnEhpJsKQMKd2cgXI&_nc_ad=z-m&_nc_cid=0&_nc_zt=24&_nc_ht=scontent-det1-1.cdninstagram.com&_nc_gid=rVeEv7OO6Mw0m5dppCOf5w&oh=00_Afp1924lutnFIdtUsJfo5t38IOMcBttAKbOqHk1s4nFXuA&oe=6965F22E,Respect PDI-P🔥,2026-01-07T09:13:32.000Z,29,0,https://www.instagram.com/p/DTM3VInk-83/c/17923705539205710
https://www.instagram.com/p/DTM3VInk-83/,kkmpsukasarikecamatanbgrtimur,kkmpsukasarikecamatanbgrtimur,,False,https://scontent-det1-1.cdninstagram.com/v/t51.89012-19/573323465_1219825463302212_7278921664109726296_n.png?stp=dst-webp_s150x150&_nc_cat=1&ig_cache_key=YW5vbnltb3VzX3Byb2ZpbGVfcGlj.3-ccb7-5&ccb=7-5&_nc_sid=669407&efg=eyJ2ZW5jb2RlX3RhZyI6InByb2ZpbGVfcGljLnd3dy5DMyJ9&_nc_ohc=RNOcSyqJy9IQ7kNvwEwL4qJ&_nc_oc=Adl0r-GkPKgpWRyJ1zaVagvpZ9f560FLHpi4ayL5Fl57P-F3QrKyecTEGQeGONr7uhU&_nc_ad=z-m&_nc_cid=0&_nc_zt=24&_nc_ht=scontent-det1-1.cdninstagram.com&_nc_gid=rVeEv7OO6Mw0m5dppCOf5w&oh=00_Afq1J5PXoS964GjZyMMip5tGtBvYWdAxKOdW1qb9W7piOA&oe=6965DD19,pdiprlerjuangan selalu bersama Rakyat,2026-01-07T09:09:56.000Z,5,0,https://www.instagram.com/p/DTM3VInk-83/c/17858820336524135
https://www.instagram.com/p/DTMxDoxk5av/,m.rayhan.bwzr,m.rayhan.bwzr,Muhammad Rayhan,False,https://scontent-sjc6-1.cdninstagram.com/v/t51.82787-19/564899513_18371514007155222_7311523963685524278_n.jpg?stp=dst-jpg_e0_s150x150_tt6&_nc_cat=104&ig_cache_key=GLmuqyEW8mFuy0RBADZTO45OwHdlbmNDAQAB1501500j-ccb7-5&ccb=7-5&_nc_sid=669407&efg=eyJ2ZW5jb2RlX3RhZyI6InByb2ZpbGVfcGljLnd3dy4xMDgwLkMzIn0%3D&_nc_ohc=hQvbqlzfgR0Q7kNvwHMMHzv&_nc_oc=AdnLmWhbWPdkbAzSlc1TIs_jt4IISuAakZamVzSbwq1vsTAPTzZM3WIBBsFvxrfFwLk&_nc_ad=z-m&_nc_cid=0&_nc_zt=24&_nc_ht=scontent-sjc6-1.cdninstagram.com&_nc_gid=w6MrPrxSc5jVhmt5a57kaQ&oh=00_Afr1IAuzMjpN7MwZLJhmqiPF_8t_LB2C6RgMW1CPbenFRA&oe=6965C828,Lama-lama presiden dipilih MPR lagi yg mana orang-orang DPR adalah pilihan pendukung presiden,2026-01-07T08:55:39.000Z,1,0,https://www.instagram.com/p/DTMxDoxk5av/c/18084976313145309
https://www.instagram.com/p/DTM2maVktwy/,tukangjawa,tukangjawa,Tukang Proyek Bangunan,False,https://scontent-lax3-2.cdninstagram.com/v/t51.2885-19/462073181_1900374883707190_9144443697083833276_n.jpg?stp=dst-jpg_e0_s150x150_tt6&_nc_cat=103&ig_cache_key=GF2tihs2KeKBYcAGALzbPdkXl_d_bkULAAAB1501500j-ccb7-5&ccb=7-5&_nc_sid=669407&efg=eyJ2ZW5jb2RlX3RhZyI6InByb2ZpbGVfcGljLnd3dy4xMDgwLkMzIn0%3D&_nc_ohc=1NnKsa8lCtsQ7kNvwEDIy02&_nc_oc=AdnZFACljvCdWdVRsQMlLLzcKYor12Fp-PoF6p_LM-VYdyvMRQfyobxATz84-rd-IkA&_nc_ad=z-m&_nc_cid=0&_nc_zt=24&_nc_ht=scontent-lax3-2.cdninstagram.com&oh=00_AfoUbHFhi-_ycJ67GnUOr-wBo0XTDO4Z8Kx5a23FfjNPhA&oe=6965DDFF,Politik uang akan berputar dikalangan elit,2026-01-07T08:46:11.000Z,21,1,https://www.instagram.com/p/DTM2maVktwy/c/18549772312005526
https://www.instagram.com/p/DTM3VInk-83/,ballack_wehh,ballack_wehh,marioballack,False,https://scontent-det1-1.cdninstagram.com/v/t51.89012-19/573323465_1219825463302212_7278921664109726296_n.png?stp=dst-webp_s150x150&_nc_cat=1&ig_cache_key=YW5vbnltb3VzX3Byb2ZpbGVfcGlj.3-ccb7-5&ccb=7-5&_nc_sid=669407&efg=eyJ2ZW5jb2RlX3RhZyI6InByb2ZpbGVfcGljLnd3dy5DMyJ9&_nc_ohc=RNOcSyqJy9IQ7kNvwEwL4qJ&_nc_oc=Adl0r-GkPKgpWRyJ1zaVagvpZ9f560FLHpi4ayL5Fl57P-F3QrKyecTEGQeGONr7uhU&_nc_ad=z-m&_nc_cid=0&_nc_zt=24&_nc_ht=scontent-det1-1.cdninstagram.com&_nc_gid=rVeEv7OO6Mw0m5dppCOf5w&oh=00_Afq1J5PXoS964GjZyMMip5tGtBvYWdAxKOdW1qb9W7piOA&oe=6965DD19,2029 DPR/MPR/DRPD na weh Tong DipariLih deuiiii...🔥🔥👏,2026-01-07T08:43:11.000Z,14,1,https://www.instagram.com/p/DTM3VInk-83/c/17883356904429130
https://www.instagram.com/reel/DTM7TEdk5Yq/,backpackerak22,backpackerak22,BackpackerAK22 RENTAL OUTDOOR,False,https://scontent-otp1-1.cdninstagram.com/v/t51.2885-19/18096528_404303316605159_4214468935879229440_a.jpg?stp=dst-jpg_e0_s150x150_tt6&_nc_cat=100&ig_cache_key=GJAhFAHnWJEztm8BAAAAAAArzXw6YUULAAAB1501500j-ccb7-5&ccb=7-5&_nc_sid=669407&efg=eyJ2ZW5jb2RlX3RhZyI6InByb2ZpbGVfcGljLnd3dy41NDAuQzMifQ%3D%3D&_nc_ohc=bnn-cUN2cpcQ7kNvwF2CbbC&_nc_oc=AdnTVTcj0Q1DIh0sc525IgEZNw3tj9e5ko34TRs5bZjiG9Dq7561rbzIKC5vu9Ql7lU&_nc_ad=z-m&_nc_cid=0&_nc_zt=24&_nc_ht=scontent-otp1-1.cdninstagram.com&oh=00_AfrlFwYusFw3QRZ1DWovVins0n-fR0a-Y65jSRZN4B19YA&oe=6965DB52,Tentu Ada Niat2 Busuk di Cover Gimick Hemat Beaya Anggaran Terselubung Di Balik ide2 Wacana Pilkada Tidak Langsung Dari Elite2 Parpol....!!?!?! 🚬☕🙃,2026-01-07T08:33:34.000Z,5,0,https://www.instagram.com/p/DTM7TEdk5Yq/c/18062411435277762
https://www.instagram.com/reel/DTM7TEdk5Yq/,dian_riz,dian_riz,Dian,False,https://scontent-otp1-1.cdninstagram.com/v/t51.82787-19/588885607_18414304186139340_8550043396037387571_n.jpg?stp=dst-jpg_e0_s150x150_tt6&_nc_cat=104&ig_cache_key=GGeuGSPMAs1LtmtBADOl_yor26d2bmNDAQAB1501500j-ccb7-5&ccb=7-5&_nc_sid=669407&efg=eyJ2ZW5jb2RlX3RhZyI6InByb2ZpbGVfcGljLnd3dy4xMDgwLkMzIn0%3D&_nc_ohc=euEUPsRNgUAQ7kNvwHbhMIc&_nc_oc=AdkeXg7N_-6sxfuSJlPCqxUDRoBd3zG4NGH9QnryuGId_STo7HuFtlbQJ_68CWgriWo&_nc_ad=z-m&_nc_cid=0&_nc_zt=24&_nc_ht=scontent-otp1-1.cdninstagram.com&_nc_gid=Dw3RIshn7vghOcGDdaJqAw&oh=00_AfoxhDf4rhfhE5kww7wfk2MkqutWQMKmi-LisNvdGlRaYQ&oe=6965CA3A,Gampang kok suruh aja contoh komeng pas nyalon buktinya dia bisa jadi tanpa keluar modal banyak,2026-01-07T08:31:56.000Z,1,0,https://www.instagram.com/p/DTM7TEdk5Yq/c/17981224085956606
https://www.instagram.com/p/DTLHBuMD2bS/,ignatius.cahyo.3,ignatius.cahyo.3,Ignatius Cahyo,False,https://scontent-sjc3-1.cdninstagram.com/v/t51.2885-19/72443271_2453640991569518_7325530558321131520_n.jpg?stp=dst-jpg_e0_s150x150_tt6&_nc_cat=105&ig_cache_key=GIdlUQRudrXPkrcIAAAAAAA7g6llbkULAAAB1501500j-ccb7-5&ccb=7-5&_nc_sid=669407&efg=eyJ2ZW5jb2RlX3RhZyI6InByb2ZpbGVfcGljLnd3dy4xMDgwLkMzIn0%3D&_nc_ohc=9bFmZrDmNQIQ7kNvwG06OgG&_nc_oc=Adna2zoEmPv_YBZ8u-tj7Jz393PybiPHqyDM1A8LUAtaaH1QONslPiW9NA7znD7b-tc&_nc_ad=z-m&_nc_cid=0&_nc_zt=24&_nc_ht=scontent-sjc3-1.cdninstagram.com&oh=00_Afr42-w6JN596dA5Uc4jNiCOIW_QXW3SJHR9JuGXvLU-Lg&oe=6965D7B8,"Setelah pilkada lewat DPRD, selanjutnya Presiden dan Wapres dipilih lewat MPR... kalau itu terjadi balik lagi ke era Mbah Soeharto 😂😂😂😂😂",2026-01-07T08:19:27.000Z,1,0,https://www.instagram.com/p/DTLHBuMD2bS/c/17869400130521985
https://www.instagram.com/p/DTM3VInk-83/,farhanahay65,farhanahay65,Farhan Ahay,False,https://scontent-det1-1.cdninstagram.com/v/t51.89012-19/573323465_1219825463302212_7278921664109726296_n.png?stp=dst-webp_s150x150&_nc_cat=1&ig_cache_key=YW5vbnltb3VzX3Byb2ZpbGVfcGlj.3-ccb7-5&ccb=7-5&_nc_sid=669407&efg=eyJ2ZW5jb2RlX3RhZyI6InByb2ZpbGVfcGljLnd3dy5DMyJ9&_nc_ohc=RNOcSyqJy9IQ7kNvwEwL4qJ&_nc_oc=Adl0r-GkPKgpWRyJ1zaVagvpZ9f560FLHpi4ayL5Fl57P-F3QrKyecTEGQeGONr7uhU&_nc_ad=z-m&_nc_cid=0&_nc_zt=24&_nc_ht=scontent-det1-1.cdninstagram.com&_nc_gid=rVeEv7OO6Mw0m5dppCOf5w&oh=00_Afq1J5PXoS964GjZyMMip5tGtBvYWdAxKOdW1qb9W7piOA&oe=6965DD19,Partai pendukung dia semua,2026-01-07T08:18:51.000Z,9,0,https://www.instagram.com/p/DTM3VInk-83/c/17845805514639268
https://www.instagram.com/reel/DTM7TEdk5Yq/,wiratta_31,wiratta_31,Akshan Wiratta,False,https://scontent-otp1-1.cdninstagram.com/v/t51.82787-19/599205357_18516914236071065_1757551429371784899_n.jpg?stp=dst-jpg_e0_s150x150_tt6&_nc_cat=108&ig_cache_key=GO0ltyOZnGAPCclBAMNuL462E2QYbmNDAQAB1501500j-ccb7-5&ccb=7-5&_nc_sid=669407&efg=eyJ2ZW5jb2RlX3RhZyI6InByb2ZpbGVfcGljLnd3dy4xMDgwLkMzIn0%3D&_nc_ohc=cLJirrmQANMQ7kNvwGcIfH9&_nc_oc=AdlrQwbzPmpx0Hm4gY0fGxgL0a41gPN0CQ7kGkT_5vqCDFg1hHM49FC44kpvyIeMFLI&_nc_ad=z-m&_nc_cid=0&_nc_zt=24&_nc_ht=scontent-otp1-1.cdninstagram.com&_nc_gid=Dw3RIshn7vghOcGDdaJqAw&oh=00_AfpbDzObGYBZD1zI1JJYZYivqAitHpsAu8h-CytLGjjQFQ&oe=6965EA6C,Bagaimana pun masih anggaran boros masih banyak yg di korupsi dan di buat bayar buzzer solo😂,2026-01-07T08:18:07.000Z,6,0,https://www.instagram.com/p/DTM7TEdk5Yq/c/18089724307959478
https://www.instagram.com/reel/DTM7TEdk5Yq/,alannugraha18,alannugraha18,Alan Nugraha,False,https://scontent-otp1-1.cdninstagram.com/v/t51.82787-19/583107352_18547344886023321_8985187814714974242_n.jpg?stp=dst-jpg_e0_s150x150_tt6&_nc_cat=111&ig_cache_key=GBiDwSKZRHU-tuRBACIgQUC2zLF8bmNDAQAB1501500j-ccb7-5&ccb=7-5&_nc_sid=669407&efg=eyJ2ZW5jb2RlX3RhZyI6InByb2ZpbGVfcGljLnd3dy4xMDgwLkMzIn0%3D&_nc_ohc=3bT0Ph4eMKsQ7kNvwHqTtrt&_nc_oc=AdkV-jeHFkMh0_4imzcRetPxHVxlZUD8YptKzWXvptdLXSMA6LsA1EVqD5ikoOcy0gM&_nc_ad=z-m&_nc_cid=0&_nc_zt=24&_nc_ht=scontent-otp1-1.cdninstagram.com&_nc_gid=Dw3RIshn7vghOcGDdaJqAw&oh=00_Afo4gep3ybR9AVQSo_WS3kRAK552lLEb2P9uRUdhM-WEjQ&oe=6965E424,makannya jgn MONEY POLITIK !!!,2026-01-07T08:17:49.000Z,113,0,https://www.instagram.com/p/DTM7TEdk5Yq/c/18076544423353441
https://www.instagram.com/p/DTM2maVktwy/,pakasamid,pakasamid,Cak Hadi P,False,https://scontent-lax3-2.cdninstagram.com/v/t51.82787-19/543031575_18523744645013722_8557811849033690561_n.jpg?stp=dst-jpg_e0_s150x150_tt6&_nc_cat=103&ig_cache_key=GBcBXiDa4HljP89BAMEtSBSJdMN2bmNDAQAB1501500j-ccb7-5&ccb=7-5&_nc_sid=669407&efg=eyJ2ZW5jb2RlX3RhZyI6InByb2ZpbGVfcGljLnd3dy4xMDgwLkMzIn0%3D&_nc_ohc=7kisqv_vOmQQ7kNvwGh6eRk&_nc_oc=AdmSgZVgwfGqvpx04wQZu066-V1vyExDK2BJh6Uc96AAjOguhUYuuTyGV3z8KXdwLZQ&_nc_ad=z-m&_nc_cid=0&_nc_zt=24&_nc_ht=scontent-lax3-2.cdninstagram.com&_nc_gid=nRQ0qA86QYsFBUJdNaxdXQ&oh=00_AfqF0ZjXB7W3U3cHnCmKO5tJpQxV40Uq1aIpHb71leqoEw&oe=6965EA6B,yg diilangin praktek jual beli suaranya bukan suara rakyatnya yg diilangin.. apa krn dr Newcastle United jd hrs bela rezim,2026-01-07T08:17:42.000Z,5,0,https://www.instagram.com/p/DTM2maVktwy/c/18096766090930017
https://www.instagram.com/p/DTM2maVktwy/,sizzywee,sizzywee,Siswanti Rahardjo,False,https://scontent-lax3-1.cdninstagram.com/v/t51.2885-19/445551063_1042149377471913_4505368512278982924_n.jpg?stp=dst-jpg_e0_s150x150_tt6&_nc_cat=102&ig_cache_key=GNeRjhqpdXJP1LMDAAxxnpzKSIY_bkULAAAB1501500j-ccb7-5&ccb=7-5&_nc_sid=669407&efg=eyJ2ZW5jb2RlX3RhZyI6InByb2ZpbGVfcGljLnd3dy43OTguQzMifQ%3D%3D&_nc_ohc=Agrwz6X_ZhwQ7kNvwF1UqT6&_nc_oc=AdlUlL1AGNUU3PQqsZqVCk0J2FB-CDNDB0ab6BnTXRN-CB8vhkwAI2W4XGeiGIfMpKA&_nc_ad=z-m&_nc_cid=0&_nc_zt=24&_nc_ht=scontent-lax3-1.cdninstagram.com&oh=00_AfpsQ8nmzJbL3FAIbzACZDGHyQdF-iST8pKV4oY404NDeQ&oe=6965D51F,"Mui ga usah komen deh gak ada urusannya sama agama ini, salah satu rakyat ini gak setuju",2026-01-07T08:14:39.000Z,4,0,https://www.instagram.com/p/DTM2maVktwy/c/18124232980528685
https://www.instagram.com/reel/DTM7TEdk5Yq/,danisuherman7___,danisuherman7___,Dani Suherman,False,https://scontent-otp1-1.cdninstagram.com/v/t51.2885-19/242105576_241485381244765_5075240653548300253_n.jpg?stp=dst-jpg_e0_s150x150_tt6&_nc_cat=111&ig_cache_key=GOg8bg5dF14yodsAAN0nXhB84G5GbkULAAAB1501500j-ccb7-5&ccb=7-5&_nc_sid=669407&efg=eyJ2ZW5jb2RlX3RhZyI6InByb2ZpbGVfcGljLnd3dy43MjAuQzMifQ%3D%3D&_nc_ohc=7madi9Ew4pAQ7kNvwGbFzSN&_nc_oc=AdmE-f3-KAQ20T6R8I2j2pVvfZJUUHIVmMYghT7Bs_6mJs85nxPXG1bA8aAX_ARSyio&_nc_ad=z-m&_nc_cid=0&_nc_zt=24&_nc_ht=scontent-otp1-1.cdninstagram.com&oh=00_Afr4XucbZevKrQ56JfbJr8i2Wz4-Q_NE6HUJLyk5HNm1Bw&oe=6965DCC1,"Mahal lah,anggaran negara aja di pakai Dengan tulisan bansos menjelang pemilihan 😂😂😂",2026-01-07T08:12:56.000Z,17,0,https://www.instagram.com/p/DTM7TEdk5Yq/c/17967238439990382
https://www.instagram.com/didi_irawadi/p/DTB7d39EnQa/,sutinahagustina,sutinahagustina,Sutinah Agustina,False,https://scontent-yyz1-1.cdninstagram.com/v/t51.2885-19/28434446_201075947306185_7006401246844157952_n.jpg?stp=dst-jpg_e0_s150x150_tt6&_nc_cat=110&ig_cache_key=GA7gsQHJfGmk4LYAAAAAAADQvDthbkULAAAB1501500j-ccb7-5&ccb=7-5&_nc_sid=669407&efg=eyJ2ZW5jb2RlX3RhZyI6InByb2ZpbGVfcGljLnd3dy4yMDAuQzMifQ%3D%3D&_nc_ohc=a2LT07eEa8UQ7kNvwH4z7wa&_nc_oc=AdlqCOQ3Z003lNYIZOZ0pOOf_48KpbMAT1anAevPRhGrF8H2pzh1sKBunuTYNNLU8Cw&_nc_ad=z-m&_nc_cid=0&_nc_zt=24&_nc_ht=scontent-yyz1-1.cdninstagram.com&oh=00_AfqDBeNW8Y2g81qWEdpfV0rgsoNf1nVmWHZcGAImI0GLWQ&oe=6965F6E5,KALO MENURUTKU INDONEAIA BELUM CO OK PAKAI SISTEM PIKIH LANGSUNG KARNA 70% RAKYAT INDONESIA PENDIDIKANYA MASIH DIBAWAH DAN STATUS EKONOMI NYA JUGA MASIH MENENGAH KEBAWAH JADI KALO PEMILIHAN LANGSUNG HASILNYA JUGA GAK MAKSIMAL KARNA KEBIDOHAN DAN KEMISKINAN BERDAMPAK HASIL PEMILU GAK BAGUS KARNA SUARA BISA DIBELI DAN SANGAT MUDAH DIBELI OLEH PARTAI YG BELUM TENTU PRESTASINYA BAIK JADI BELUM BISA MEMILIH YG KREDIBILITAS BAGUS YG PENTING DIBERI KETENTUAN KWALITAS CALON YG TERBAIK JADI GAK ASAL2AN SPT YG SUDAH TERJADI SEBELUMNYA,2026-01-07T08:07:10.000Z,0,0,https://www.instagram.com/p/DTB7d39EnQa/c/18065320931560341
https://www.instagram.com/p/DTM2maVktwy/,indrarto77,indrarto77,indrarto77,False,https://scontent-lax3-1.cdninstagram.com/v/t51.82787-19/520877529_18512006629059334_7813630910974796942_n.jpg?stp=dst-jpg_e0_s150x150_tt6&_nc_cat=109&ig_cache_key=GNn1Cx8GazRrksRBAI4kqkbql29sbmNDAQAB1501500j-ccb7-5&ccb=7-5&_nc_sid=669407&efg=eyJ2ZW5jb2RlX3RhZyI6InByb2ZpbGVfcGljLnd3dy4xMDgwLkMzIn0%3D&_nc_ohc=AI-dACqgQ30Q7kNvwGR-IAN&_nc_oc=AdlBRyiPpi3OD9MCJOua1CytWqK-xn6FGllAV1AxGiduD-q_8W_jC16c_FgvLTZDQpQ&_nc_ad=z-m&_nc_cid=0&_nc_zt=24&_nc_ht=scontent-lax3-1.cdninstagram.com&_nc_gid=nRQ0qA86QYsFBUJdNaxdXQ&oh=00_AfrD3ufrDCCCLyaR2Yuy0sc8WZaGTOM9GpEknARVvdttRg&oe=6965F4FA,Tetap paling bagus itu pilkada langsung oleh rakyat.,2026-01-07T08:03:18.000Z,4,0,https://www.instagram.com/p/DTM2maVktwy/c/17903235789346349
https://www.instagram.com/reel/DTM7TEdk5Yq/,mas_ghony,mas_ghony,Ali Akbar Ghony,False,https://scontent-otp1-1.cdninstagram.com/v/t51.2885-19/95219041_2648460158731439_8103932808797356032_n.jpg?stp=dst-jpg_e0_s150x150_tt6&_nc_cat=100&ig_cache_key=GGHtrAWvhPauwmgJAAAAAAD083ZwbkULAAAB1501500j-ccb7-5&ccb=7-5&_nc_sid=669407&efg=eyJ2ZW5jb2RlX3RhZyI6InByb2ZpbGVfcGljLnd3dy4xMDgwLkMzIn0%3D&_nc_ohc=7Qk2bSExI_QQ7kNvwEQ7wql&_nc_oc=AdnJkzpFOMFIfU7mKczrkF4tYSDgPCT2Lld0ocONCzqxfODPn2rEkYsuRjvAwcJWsxE&_nc_ad=z-m&_nc_cid=0&_nc_zt=24&_nc_ht=scontent-otp1-1.cdninstagram.com&oh=00_AfoC-Lu7gTfVSaUaR_SzlOIZIHxeNrOnsZHhY8n8_CUtow&oe=6965D2BC,anggaran pemilu trilyunan aja hasilnya Gibran.. apalagi ini..😢,2026-01-07T08:01:45.000Z,66,5,https://www.instagram.com/p/DTM7TEdk5Yq/c/18103200724759398
https://www.instagram.com/p/DTM2maVktwy/,moch.antok_efendi,moch.antok_efendi,Antok Efendi,False,https://scontent-lax3-1.cdninstagram.com/v/t51.2885-19/280219216_1633848750306551_605216771075003974_n.jpg?stp=dst-jpg_e0_s150x150_tt6&_nc_cat=109&ig_cache_key=GFDOsxD39GAO_s0FAEbWCFxyKWYIbkULAAAB1501500j-ccb7-5&ccb=7-5&_nc_sid=669407&efg=eyJ2ZW5jb2RlX3RhZyI6InByb2ZpbGVfcGljLnd3dy4xMDgwLkMzIn0%3D&_nc_ohc=raHOYIUf1JYQ7kNvwFBxa34&_nc_oc=AdkHb1gbu9dFAYqfzrn2oWvQSBYaBLerNp7K_EFlCBkoQGN4wcc5U-4ge24gCQfYBzs&_nc_ad=z-m&_nc_cid=0&_nc_zt=24&_nc_ht=scontent-lax3-1.cdninstagram.com&oh=00_Afq7_R2U4ovosPJ3-7deKZaYP3oNjCu9D0P0NSNRocwIFQ&oe=6965D323,Gak guna banget mui ...,2026-01-07T07:51:23.000Z,4,0,https://www.instagram.com/p/DTM2maVktwy/c/17951624918932321
https://www.instagram.com/p/DTMxDoxk5av/,m_arif0909,m_arif0909,Muhammad arif,False,https://scontent-sjc3-1.cdninstagram.com/v/t51.2885-19/454830352_507141731894433_1505949000031445655_n.jpg?stp=dst-jpg_e0_s150x150_tt6&_nc_cat=105&ig_cache_key=GBApHBuhxMciPs0BAJeiuvyiNOYUbkULAAAB1501500j-ccb7-5&ccb=7-5&_nc_sid=669407&efg=eyJ2ZW5jb2RlX3RhZyI6InByb2ZpbGVfcGljLnd3dy4xMDc4LkMzIn0%3D&_nc_ohc=At4O6GhNIRMQ7kNvwFwtxNc&_nc_oc=AdlE_6ocn1Dr2bH5P9qmljcgXaucpmzjNukr2DFW2eJgG9UJTTP-HS5JsDBtR2q_Y6E&_nc_ad=z-m&_nc_cid=0&_nc_zt=24&_nc_ht=scontent-sjc3-1.cdninstagram.com&oh=00_AfrE9VESlDHV7tMhuYsE5n6vAeZexzedv6tKN8hxk_XFDg&oe=6965C51A,Pembungkaman berkedok efisiensi,2026-01-07T07:49:29.000Z,2,0,https://www.instagram.com/p/DTMxDoxk5av/c/18106450696672395
https://www.instagram.com/p/DTM3VInk-83/,ilham_ramdhany,ilham_ramdhany,Ilham Ramdhany van Ghobed,False,https://scontent-det1-1.cdninstagram.com/v/t51.82787-19/589942491_18388104685197261_1732003881264493007_n.jpg?stp=dst-jpg_e0_s150x150_tt6&_nc_cat=104&ig_cache_key=GNvOKSPNl9o-4lNBAM8xXnxaUAkYbmNDAQAB1501500j-ccb7-5&ccb=7-5&_nc_sid=669407&efg=eyJ2ZW5jb2RlX3RhZyI6InByb2ZpbGVfcGljLnd3dy4xMDgwLkMzIn0%3D&_nc_ohc=ycR2fUG69B8Q7kNvwF8TxHZ&_nc_oc=Adlt-n0G4LYsTb6_esanBOLsOklHQIJFXqTC6hmc23dkw95BLh3Xx9Y-mTzbHLF_Dz0&_nc_ad=z-m&_nc_cid=0&_nc_zt=24&_nc_ht=scontent-det1-1.cdninstagram.com&_nc_gid=rVeEv7OO6Mw0m5dppCOf5w&oh=00_AfpDj-Hd1KRamfkpqd5JiQw3COPNq1_r4jEjONnsdrFjrw&oe=6965CE4D,hanya PKS yang cari aman; alias plin plan😂,2026-01-07T07:48:04.000Z,4,1,https://www.instagram.com/p/DTM3VInk-83/c/17927787045191285
https://www.instagram.com/p/DTM3VInk-83/,bakso_morojoyo,bakso_morojoyo,BAKSO MORO JOYO,False,https://scontent-det1-1.cdninstagram.com/v/t51.2885-19/437309302_944749774243617_5810290788368788355_n.jpg?stp=dst-jpg_e0_s150x150_tt6&_nc_cat=101&ig_cache_key=GHbPEBohB7KyPlsDAIMrchKwTKJQbkULAAAB1501500j-ccb7-5&ccb=7-5&_nc_sid=669407&efg=eyJ2ZW5jb2RlX3RhZyI6InByb2ZpbGVfcGljLnd3dy4xMDgwLkMzIn0%3D&_nc_ohc=__LfmStbuJQQ7kNvwFbDlbP&_nc_oc=AdmT4HYauyNidt94u7vNJLzNzNZVtXFCxG9ruB89OazjjSIlEC5GDGfvpFqtsBhbLYU&_nc_ad=z-m&_nc_cid=0&_nc_zt=24&_nc_ht=scontent-det1-1.cdninstagram.com&oh=00_AfoyKDkafQPlxiT4As9xuXe0OWHJwRVZxqTzKMAsOq_21A&oe=6965E7B8,Kalo soal kekuasaan mereka kompak dan cepat,2026-01-07T07:45:46.000Z,1,0,https://www.instagram.com/p/DTM3VInk-83/c/17924432382210353
https://www.instagram.com/p/DTM2maVktwy/,thomassatmika,thomassatmika,Thomas Satmika Marwan M,False,https://scontent-lax3-2.cdninstagram.com/v/t51.82787-19/588913958_18334551232236990_950657982615574808_n.jpg?stp=dst-jpg_e0_s150x150_tt6&_nc_cat=100&ig_cache_key=GCYdGiO_TVBdLSNBABjZsPxlajENbmNDAQAB1501500j-ccb7-5&ccb=7-5&_nc_sid=669407&efg=eyJ2ZW5jb2RlX3RhZyI6InByb2ZpbGVfcGljLnd3dy4xMDgwLkMzIn0%3D&_nc_ohc=1dKWDDlaBIwQ7kNvwHY7b22&_nc_oc=Adnqo2rkEr5wUcxjYz63d2uZ6gjDE-rxwGfmk0_qtw0K9Q3s61j-tlphuZ3SiYHdv18&_nc_ad=z-m&_nc_cid=0&_nc_zt=24&_nc_ht=scontent-lax3-2.cdninstagram.com&_nc_gid=nRQ0qA86QYsFBUJdNaxdXQ&oh=00_AfqDJcNcpBtLA7GGdYYLAWsiBXD-3dVYkWc7gcXJ-Mp-ng&oe=6965D43E,mui ngurusin politik jg yg lainnya...???,2026-01-07T07:42:29.000Z,31,6,https://www.instagram.com/p/DTM2maVktwy/c/18160247203410338
https://www.instagram.com/p/DTM2maVktwy/,wesopojare3,wesopojare3,WesOpoJare,False,https://scontent-lax7-1.cdninstagram.com/v/t51.2885-19/474983670_940287391538867_1856981581753226345_n.jpg?stp=dst-jpg_e0_s150x150_tt6&_nc_cat=101&ig_cache_key=GPasTxyznvW3L1cDAGkU2O7oUsUZbkULAAAB1501500j-ccb7-5&ccb=7-5&_nc_sid=669407&efg=eyJ2ZW5jb2RlX3RhZyI6InByb2ZpbGVfcGljLnd3dy44MTMuQzMifQ%3D%3D&_nc_ohc=bdWxFvkF58YQ7kNvwEAZ2S9&_nc_oc=AdmquY064pEU0htr9joBhnnx_qvt3oNSmMjzeEnUG7ndeZTowwKmMbWpm5HrJST4rJM&_nc_ad=z-m&_nc_cid=0&_nc_zt=24&_nc_ht=scontent-lax7-1.cdninstagram.com&oh=00_AfrZhfIFS-9YPImYeAdU_P44SoZpnDCWTMTGe7GtppM1OQ&oe=6965D3A5,MUI itu Produk ORBA diciptakan SOEHARTO. Pasti dukung ORBA kembali lagi.,2026-01-07T07:41:00.000Z,47,5,https://www.instagram.com/p/DTM2maVktwy/c/17869200201523887
https://www.instagram.com/p/DTM3VInk-83/,andika_nainggolan31,andika_nainggolan31,Andika,False,https://scontent-det1-1.cdninstagram.com/v/t51.2885-19/468719995_1105546604562073_2650436774605109528_n.jpg?stp=dst-jpg_e0_s150x150_tt6&_nc_cat=111&ig_cache_key=GHsZ8BuZxqUgfe0DABg5_DE0PsgkbkULAAAB1501500j-ccb7-5&ccb=7-5&_nc_sid=669407&efg=eyJ2ZW5jb2RlX3RhZyI6InByb2ZpbGVfcGljLnd3dy42NDAuQzMifQ%3D%3D&_nc_ohc=SH8NS1xdyfQQ7kNvwHtn7QA&_nc_oc=AdkuAVzYJ3AsJJrBFEH6vDKo4b2jSAe-PX9TGuVDeA8HDXhyG7OpasqwkrBUPQz8v-8&_nc_ad=z-m&_nc_cid=0&_nc_zt=24&_nc_ht=scontent-det1-1.cdninstagram.com&oh=00_AfqIA8rRn3m5UCaAj4FhyKJ7di7ulg_Zz3Xm1b_jVGMr8A&oe=6965F545,"Lebih baik tidak ada partai politik, kita rakyat bisa mengubah nya dengan kekuatan persatuan, jangan mau di kadalin",2026-01-07T07:40:44.000Z,1,0,https://www.instagram.com/p/DTM3VInk-83/c/17936001249113784
https://www.instagram.com/p/DTM2maVktwy/,aisyahmaful,aisyahmaful,mf,False,https://scontent-lax3-1.cdninstagram.com/v/t51.2885-19/462726410_1079873503701081_3167011611986902609_n.jpg?stp=dst-jpg_e0_s150x150_tt6&_nc_cat=108&ig_cache_key=GAqllBtZKJekI9YDAFE_BBRIfPMrbkULAAAB1501500j-ccb7-5&ccb=7-5&_nc_sid=669407&efg=eyJ2ZW5jb2RlX3RhZyI6InByb2ZpbGVfcGljLnd3dy4xMDgwLkMzIn0%3D&_nc_ohc=Wqf9W4vxvdUQ7kNvwG77nqL&_nc_oc=AdlXkFu7r2CoPqnt-88HjPqNIeGV5rqcWUBazoXXpcPrnJRTg1lCTsinOFid_25PP9g&_nc_ad=z-m&_nc_cid=0&_nc_zt=24&_nc_ht=scontent-lax3-1.cdninstagram.com&oh=00_Afr6XQqtgU7De9bBsl4IO0pr6WfRC525K0et71bjOiUZWg&oe=6965FC25,Cocok MUI bntr lgi NU bersuarav😂😂 biasa udah di kondisikan,2026-01-07T07:40:17.000Z,8,0,https://www.instagram.com/p/DTM2maVktwy/c/18160419007407953
https://www.instagram.com/p/DTM2maVktwy/,_icrs_,_icrs_,icarus,False,https://scontent-lax3-2.cdninstagram.com/v/t51.2885-19/340486081_271371248545802_7068142117076787965_n.jpg?stp=dst-jpg_e0_s150x150_tt6&_nc_cat=106&ig_cache_key=GMFnSxQKMN_Kz-YAAP3iVo7OFRdibkULAAAB1501500j-ccb7-5&ccb=7-5&_nc_sid=669407&efg=eyJ2ZW5jb2RlX3RhZyI6InByb2ZpbGVfcGljLnd3dy42MzkuQzMifQ%3D%3D&_nc_ohc=jxqQ1VjbSXUQ7kNvwGJg9Vi&_nc_oc=Adk7o5Xtqy-gnYy0tovvfaCOxS4Ki63GuCQRNRwuHf3RrOJ9lu_bs8bmEvd85tmpnXE&_nc_ad=z-m&_nc_cid=0&_nc_zt=24&_nc_ht=scontent-lax3-2.cdninstagram.com&oh=00_AfqYREKuhzcybdkIBptPPSNZ_BWNrvaYFE-hHYeLiikFSA&oe=6965DD25,dapet tambang ini?,2026-01-07T07:39:39.000Z,2,0,https://www.instagram.com/p/DTM2maVktwy/c/17892480978392387
https://www.instagram.com/p/DTM3VInk-83/,bontotnya_mamah,bontotnya_mamah,Ismail Saleh,False,https://scontent-det1-1.cdninstagram.com/v/t51.2885-19/23823197_242330759635207_4162502820894867456_n.jpg?stp=dst-jpg_e0_s150x150_tt6&_nc_cat=101&ig_cache_key=GF2DawEHodgGZtwAAAAAAABDLsQ5bkULAAAB1501500j-ccb7-5&ccb=7-5&_nc_sid=669407&efg=eyJ2ZW5jb2RlX3RhZyI6InByb2ZpbGVfcGljLnd3dy4xMDgwLkMzIn0%3D&_nc_ohc=v3znJfHvRcYQ7kNvwGDJrSL&_nc_oc=AdnAoqzMBh4xYaOYBxZSWey-TF8466SY8C6nDcJQqQSFqFuwiTZpO7wZI0Jh2M70ZL4&_nc_ad=z-m&_nc_cid=0&_nc_zt=24&_nc_ht=scontent-det1-1.cdninstagram.com&oh=00_AfpGAB-a_-AgY1Jcuw0Ty8iLU4xksTOaZprUbwhEXYjweA&oe=6965EDC9,Psi Mana hehehehe,2026-01-07T07:36:11.000Z,2,4,https://www.instagram.com/p/DTM3VInk-83/c/17975829251968089
https://www.instagram.com/p/DTM3VInk-83/,abel_rfm,abel_rfm,abel 19,False,https://scontent-det1-1.cdninstagram.com/v/t51.2885-19/451213829_1917064168741354_1803000109077280462_n.jpg?stp=dst-jpg_e0_s150x150_tt6&_nc_cat=108&ig_cache_key=GAX65BrqGcpIj88GAM62iucLiwUZbkULAAAB1501500j-ccb7-5&ccb=7-5&_nc_sid=669407&efg=eyJ2ZW5jb2RlX3RhZyI6InByb2ZpbGVfcGljLnd3dy45NTYuQzMifQ%3D%3D&_nc_ohc=qz7CPTnPvJ4Q7kNvwGDTrep&_nc_oc=Adm6J5RKMJ5IMW3rgk5kWuGOrGIqF88SWeTF3a4Oyr9KfzR7fLAKc3u2aWfg-5Ep8_E&_nc_ad=z-m&_nc_cid=0&_nc_zt=24&_nc_ht=scontent-det1-1.cdninstagram.com&oh=00_AfpIyt7tS0s6B_MvjfFig9OwU_0kTqGfl28mSiEkBguG_A&oe=6965CB35,Kalau melihat sekarang mah... Mending begitu.. Dipilih rakyat malah pada kaga ngarti anggaran dan ngatur daerah.. Buktinya kepala desa juga hancur sebagian pada kaga ngerti dan korupsi,2026-01-07T07:31:20.000Z,3,5,https://www.instagram.com/p/DTM3VInk-83/c/18032517029769742
https://www.instagram.com/p/DTM2maVktwy/,swgmnwrk,swgmnwrk,SWGmnwrk,False,https://scontent-lax3-1.cdninstagram.com/v/t51.2885-19/11288074_626918237444022_2133377197_a.jpg?stp=dst-jpg_e0_tt6&_nc_cat=104&ig_cache_key=GAo_rAC2l9jGLToCAK3AKH8AAAAAYUULAAAB1501500j-ccb7-5&ccb=7-5&_nc_sid=669407&efg=eyJ2ZW5jb2RlX3RhZyI6InByb2ZpbGVfcGljLnd3dy4xNTAuQzMifQ%3D%3D&_nc_ohc=9tHb_vvgnboQ7kNvwFouWPv&_nc_oc=AdkVYKiaEi5S2wo6yiz507tvPfDqjS5jr0gsYe7G6SNPRGpbSNi7_MLtjmhZIB5dQBs&_nc_ad=z-m&_nc_cid=0&_nc_zt=24&_nc_ht=scontent-lax3-1.cdninstagram.com&oh=00_AfqS6mS8KPtSsrMrnJuPNeX7PTsUyVoKcKqinzeDGcI8Mg&oe=6965C538,Tambang membutakan hati,2026-01-07T07:27:10.000Z,19,2,https://www.instagram.com/p/DTM2maVktwy/c/18061492025299333
https://www.instagram.com/p/DTM3VInk-83/,riogumilarrr,riogumilarrr,riogumilarrr,False,https://scontent-det1-1.cdninstagram.com/v/t51.82787-19/607181517_17919023949231890_5803700745068941732_n.jpg?stp=dst-jpg_e0_s150x150_tt6&_nc_cat=107&ig_cache_key=GM3aMCQSNzfhQak-AKQRgQwU44pQbmNDAQAB1501500j-ccb7-5&ccb=7-5&_nc_sid=669407&efg=eyJ2ZW5jb2RlX3RhZyI6InByb2ZpbGVfcGljLnd3dy41NzYuQzMifQ%3D%3D&_nc_ohc=fQ7i-caA4FIQ7kNvwEx_giI&_nc_oc=AdnGkdGCGvV0cBCjczn5QdcxIa5RthSpm5Idca3tYLIfaVPmImddyANOOUFF2eDkLsk&_nc_ad=z-m&_nc_cid=0&_nc_zt=24&_nc_ht=scontent-det1-1.cdninstagram.com&_nc_gid=rVeEv7OO6Mw0m5dppCOf5w&oh=00_AfpxEUn5-vSytU-saQt077U9l8CEH8R8YE5jMSzKp-Pk8A&oe=6965C5AF,minta di nepal kan,2026-01-07T07:24:43.000Z,15,0,https://www.instagram.com/p/DTM3VInk-83/c/18023181224792849
https://www.instagram.com/p/DTM3VInk-83/,444mir_,444mir_,Amir Hamzah,False,https://scontent-det1-1.cdninstagram.com/v/t51.2885-19/458514843_546132531321163_5712118340565363560_n.jpg?stp=dst-jpg_e0_s150x150_tt6&_nc_cat=103&ig_cache_key=GJthVBtLmYdjtPABAGhrZNxdhUVPbkULAAAB1501500j-ccb7-5&ccb=7-5&_nc_sid=669407&efg=eyJ2ZW5jb2RlX3RhZyI6InByb2ZpbGVfcGljLnd3dy4xMDgwLkMzIn0%3D&_nc_ohc=9diP7Q0GDFgQ7kNvwG7i97H&_nc_oc=AdkG_fbfocu-QYdo1bztPiWgJhF_TNRWCSz8FPQY-L_bGawIiT2kkyX_cwZ1wGefpmk&_nc_ad=z-m&_nc_cid=0&_nc_zt=24&_nc_ht=scontent-det1-1.cdninstagram.com&oh=00_AfrAF4kjZykt33DY9lpi2BZYwFXeOBPgM7T2SwDIytqiuw&oe=6965DAD0,OLIGARKI,2026-01-07T07:23:24.000Z,22,0,https://www.instagram.com/p/DTM3VInk-83/c/17870706822502391
https://www.instagram.com/p/DTM3VInk-83/,julmitri,julmitri,Izoel Nak Mamih,False,https://scontent-det1-1.cdninstagram.com/v/t51.2885-19/338890575_552187177049021_1728027451631152860_n.jpg?stp=dst-jpg_e0_s150x150_tt6&_nc_cat=108&ig_cache_key=GE8PMxS9m4kYNvYBANwumdDPL-sXbkULAAAB1501500j-ccb7-5&ccb=7-5&_nc_sid=669407&efg=eyJ2ZW5jb2RlX3RhZyI6InByb2ZpbGVfcGljLnd3dy45NTguQzMifQ%3D%3D&_nc_ohc=ESjqgwXy304Q7kNvwE_ZvEm&_nc_oc=Adnr_doTWZ-HZHuZ3cQt__qWKWBi2JiDY7oDh8g4juLmY9jhju8kyF4NWbmQDrxbFAc&_nc_ad=z-m&_nc_cid=0&_nc_zt=24&_nc_ht=scontent-det1-1.cdninstagram.com&oh=00_Afo3DnTCXTcejEXFqFKxx5MCQzrpupAUUwFhBJRsjSep6g&oe=6965FA26,Owh negara konaha😢😢😢,2026-01-07T07:21:35.000Z,2,0,https://www.instagram.com/p/DTM3VInk-83/c/18541755490055725
https://www.instagram.com/p/DTMxDoxk5av/,ziauddinumar,ziauddinumar,Ziauddin Umar,False,https://scontent-sjc3-1.cdninstagram.com/v/t51.2885-19/455250031_1679817036172563_2805111393277554496_n.jpg?stp=dst-jpg_e0_s150x150_tt6&_nc_cat=102&ig_cache_key=GG_QIhsTjbrhyPcFAECvtTfzwe0mbkULAAAB1501500j-ccb7-5&ccb=7-5&_nc_sid=669407&efg=eyJ2ZW5jb2RlX3RhZyI6InByb2ZpbGVfcGljLnd3dy44NTYuQzMifQ%3D%3D&_nc_ohc=CbVXKP6i6ksQ7kNvwFuSKk_&_nc_oc=AdnjRar22zl_OyA1avbubUKvUoBNrj_5gmQVzfoPArLQ2ulWtNrfbddJ10ejYpsfMfg&_nc_ad=z-m&_nc_cid=0&_nc_zt=24&_nc_ht=scontent-sjc3-1.cdninstagram.com&oh=00_Afo8nsSGJU_A5du_hZaDUL9-o3odH_Po2NpdY8cqv47zTw&oe=6965E5DD,"alasan ANGGARAN..tapi ngotot MBG sama IKN😂😂😂,alasannya dipatahkam sendiri",2026-01-07T06:51:21.000Z,46,1,https://www.instagram.com/p/DTMxDoxk5av/c/18331931887213501
https://www.instagram.com/p/DTMxDoxk5av/,ryanrysfan,ryanrysfan,Ryan Rysfan,False,https://scontent-sjc3-1.cdninstagram.com/v/t51.2885-19/448210814_372174005411494_8280845476248919604_n.jpg?stp=dst-jpg_e0_s150x150_tt6&_nc_cat=110&ig_cache_key=GH4ntxqmHmODfVIBADSetzsWeetybkULAAAB1501500j-ccb7-5&ccb=7-5&_nc_sid=669407&efg=eyJ2ZW5jb2RlX3RhZyI6InByb2ZpbGVfcGljLnd3dy4xMDgwLkMzIn0%3D&_nc_ohc=CviuPOH5YscQ7kNvwF6bpIo&_nc_oc=AdmBH757032gHIP-Hjdp5N85D_8pEhsVxaXDUd7YDLPQuoOdm43nxguQpkXFUBU7_Og&_nc_ad=z-m&_nc_cid=0&_nc_zt=24&_nc_ht=scontent-sjc3-1.cdninstagram.com&oh=00_Afol3_lZRTO8jPEpKK3wnCklFqfCOv6syKgJ_lQiv4IDXQ&oe=6965ED24,"Catet semua pejabat yang mendukung ini, dari presiden, menteri, dpr, jangan dipilih lagi",2026-01-07T06:39:27.000Z,12,0,https://www.instagram.com/p/DTMxDoxk5av/c/18088894706291064
https://www.instagram.com/p/DTMxDoxk5av/,dian_riz,dian_riz,Dian,False,https://scontent-sjc6-1.cdninstagram.com/v/t51.82787-19/588885607_18414304186139340_8550043396037387571_n.jpg?stp=dst-jpg_e0_s150x150_tt6&_nc_cat=104&ig_cache_key=GGeuGSPMAs1LtmtBADOl_yor26d2bmNDAQAB1501500j-ccb7-5&ccb=7-5&_nc_sid=669407&efg=eyJ2ZW5jb2RlX3RhZyI6InByb2ZpbGVfcGljLnd3dy4xMDgwLkMzIn0%3D&_nc_ohc=euEUPsRNgUAQ7kNvwGCKA_O&_nc_oc=Adl3iP6NTZ9rxmUOEO5KTrzPRyKFc2YruuhfsyLc3e6PFSA3v6czk6dWJ6SvYA0oeL0&_nc_ad=z-m&_nc_cid=0&_nc_zt=24&_nc_ht=scontent-sjc6-1.cdninstagram.com&_nc_gid=w6MrPrxSc5jVhmt5a57kaQ&oh=00_AfqLot6TcGoT47r9HmdSoUS2KB7Xtb3MPmqb40V37TRWtA&oe=6965CA3A,"Komeng aja bisa tanpa biaya mahal jadi , kenapa ga niru Komeng aja , apa karna takut ga dapat suara karna ga bagi2 uang sama beras 😂",2026-01-07T06:36:57.000Z,7,0,https://www.instagram.com/p/DTMxDoxk5av/c/17907589146308638
https://www.instagram.com/p/DTMxDoxk5av/,etherealhua,etherealhua,Suicidal rate: 96%,False,https://scontent-sjc3-1.cdninstagram.com/v/t51.82787-19/582758584_18085540601073689_8552562269834798290_n.jpg?stp=dst-jpg_e0_s150x150_tt6&_nc_cat=105&ig_cache_key=GLgwvCIZEBkPtEBAANJk6SwSzrB2bmNDAQAB1501500j-ccb7-5&ccb=7-5&_nc_sid=669407&efg=eyJ2ZW5jb2RlX3RhZyI6InByb2ZpbGVfcGljLnd3dy43MzYuQzMifQ%3D%3D&_nc_ohc=tqk3iKgR5tUQ7kNvwH0pLTG&_nc_oc=AdlNLs8G5EEC_LSYeF3Hs9GeBTZFNJjCtQ9E_9qzyNiUIsdwnM25BPZyt285PfENC1A&_nc_ad=z-m&_nc_cid=0&_nc_zt=24&_nc_ht=scontent-sjc3-1.cdninstagram.com&_nc_gid=w6MrPrxSc5jVhmt5a57kaQ&oh=00_AfqE7jQ4sEHAWga89xVFMVQOYVZpZ8yRe88T7KeC9hinpQ&oe=6965E084,Harusnya yg dipertanyakan itu kenapa ongkos politik bisa tinggi? Bukannya malah kongkalikong’an sama konsistusi dan memotong hak demokrasi rakyat,2026-01-07T06:32:32.000Z,64,3,https://www.instagram.com/p/DTMxDoxk5av/c/17922375189220837
https://www.instagram.com/p/DTMxDoxk5av/,bi_lang_,bi_lang_,galangchandradeva,False,https://scontent-sjc6-1.cdninstagram.com/v/t51.82787-19/546271755_18357782566084942_6289979988433771354_n.jpg?stp=dst-jpg_e0_s150x150_tt6&_nc_cat=111&ig_cache_key=GAtyjyBOIbdUTjhBAFob6UZ5f0pXbmNDAQAB1501500j-ccb7-5&ccb=7-5&_nc_sid=669407&efg=eyJ2ZW5jb2RlX3RhZyI6InByb2ZpbGVfcGljLnd3dy4xMDgwLkMzIn0%3D&_nc_ohc=w07NAyK1t6IQ7kNvwH6Xm62&_nc_oc=AdmwB6zjDzBFPiuLfPO5hKNel3QjaM_wgN1YtVOhFy7pTEYsE4ULYJ7VfLskqNyF5pU&_nc_ad=z-m&_nc_cid=0&_nc_zt=24&_nc_ht=scontent-sjc6-1.cdninstagram.com&_nc_gid=w6MrPrxSc5jVhmt5a57kaQ&oh=00_AfrPvIOsz6z-NS80VJBWCwlR_P-ffrAK8NJuICc7N6yhAg&oe=6965E61C,Menurut kyakinan saya...yg bikin ongkos politik mahal itu bagi2 sembakonya kah ? Saat musim kampanye...sama bikin acara yg ngundang artis2 gede...mungkin gk ???,2026-01-07T06:32:11.000Z,63,8,https://www.instagram.com/p/DTMxDoxk5av/c/17858810976526185
https://www.instagram.com/reel/DTKuxKKk6_9/,andreaspareira,andreaspareira,Dr. Andreas Hugo Pareira,False,https://scontent-dfw6-1.cdninstagram.com/v/t51.2885-19/464246398_1100445211604816_5931047240793896878_n.jpg?stp=dst-jpg_e0_s150x150_tt6&_nc_cat=103&ig_cache_key=GH7WqxtQt_5d2egDAK63lJ0KUE9SbkULAAAB1501500j-ccb7-5&ccb=7-5&_nc_sid=669407&efg=eyJ2ZW5jb2RlX3RhZyI6InByb2ZpbGVfcGljLnd3dy4xMDgwLkMzIn0%3D&_nc_ohc=qP7phb8E4rQQ7kNvwGAe9AW&_nc_oc=Adm6qIX4lopg5TQ6AM3GifiqX3P4axU68NlRbA36gmCm-5HsCCaC2kwXn4x-1k4-yN4&_nc_ad=z-m&_nc_cid=0&_nc_zt=24&_nc_ht=scontent-dfw6-1.cdninstagram.com&oh=00_AfoHuBoTbYIK9Ozx8pfi8-WdMuxwuRXvfOv-xegkqoF1ZQ&oe=6965D901,👏,2026-01-07T05:32:23.000Z,3,2,https://www.instagram.com/p/DTKuxKKk6_9/c/17984030789776060
https://www.instagram.com/p/DTLHBuMD2bS/,khrl_jpn,khrl_jpn,خيريل مبارك,False,https://scontent-sjc3-1.cdninstagram.com/v/t51.2885-19/486266893_513886984856743_853783786829698365_n.jpg?stp=dst-jpg_e0_s150x150_tt6&_nc_cat=110&ig_cache_key=GA3Y_xyn5C_jYNMBAD3V_KDUP9kLbkULAAAB1501500j-ccb7-5&ccb=7-5&_nc_sid=669407&efg=eyJ2ZW5jb2RlX3RhZyI6InByb2ZpbGVfcGljLnd3dy4xMDgwLkMzIn0%3D&_nc_ohc=hlWlYdh2q30Q7kNvwFvY6MB&_nc_oc=Adnztgrmg5vkMc9r1VLHuulHKcxf-oSDcLRnWFQ7xyZMz0yWoX29x1W8Cxxn9ww9aCw&_nc_ad=z-m&_nc_cid=0&_nc_zt=24&_nc_ht=scontent-sjc3-1.cdninstagram.com&oh=00_Afoyi6SWJz4fuFk30D8sgIbz3YQldGTpek6CjARQJvlu-A&oe=6965D5F1,gokss laey,2026-01-07T03:11:14.000Z,0,0,https://www.instagram.com/p/DTLHBuMD2bS/c/18543518704025716
https://www.instagram.com/p/DTIHKenj_1e/,saleh.tegal,saleh.tegal,Saleh,False,https://scontent-sjc6-1.cdninstagram.com/v/t51.2885-19/407851992_1080402549654538_5633748237370512_n.jpg?stp=dst-jpg_e0_s150x150_tt6&_nc_cat=109&ig_cache_key=GNhTTxgKxC-SntYDAJBEcTrdAxQAbkULAAAB1501500j-ccb7-5&ccb=7-5&_nc_sid=669407&efg=eyJ2ZW5jb2RlX3RhZyI6InByb2ZpbGVfcGljLnd3dy4xMDgwLkMzIn0%3D&_nc_ohc=Xlrh2VSvp2wQ7kNvwHpRySK&_nc_oc=Adl9pOGy-6jtdFwG_Cm-8SOpEZY66hHFN2hEccuoqToLxoY0zsg-7e9vl9YUK4b-pRM&_nc_ad=z-m&_nc_cid=0&_nc_zt=24&_nc_ht=scontent-sjc6-1.cdninstagram.com&oh=00_Afq0G9V2g3XHD-AhwZguSy1y4gJdwrvUo0vy3Z9sUCBxyw&oe=6965CC94,Sebenarnya sama saja Gus yai senior baik dipilih oleh DPRD maupun masyarakat yg paling bahagia ketum dan sekjend partai ... andaikata dipilih oleh DPRD saya yakin para calon kepala daerah akan meloby ketum Partai utk mendapatkan mandat tsb tentunya bukan dg tangan kosong lalu DPRD yg tdk mau memilih apa yg sdh di intruksikan oleh ketum Partai siap siap saja utk di recall dan di pecat hehehhehe.....,2026-01-07T02:31:19.000Z,0,0,https://www.instagram.com/p/DTIHKenj_1e/c/18159940567410074
https://www.instagram.com/p/DTKdXX1j0mq/,novelputra22,novelputra22,Novel Putra,False,https://scontent-iad3-1.cdninstagram.com/v/t51.82787-19/544143455_18409641448118688_6275950425463218697_n.jpg?stp=dst-webp_s150x150&_nc_cat=109&cb=8438d1d6-aa1c7732&ig_cache_key=GF-4biCgGfWqeGdBAAlishmppxhXbmNDAQAB1501500w-ccb7-5-cb8438d1d6-aa1c7732&ccb=7-5&_nc_sid=669407&efg=eyJ2ZW5jb2RlX3RhZyI6InByb2ZpbGVfcGljLnd3dy4xMDgwLkMzIn0%3D&_nc_ohc=uQw_fPPs_LIQ7kNvwFPnlNE&_nc_oc=AdmDgyM-FiwXTWG6y4WsfKgVlBBpQO_v7V7koI1y7Z83NTgC88IJzoz8SoPs7XhWB6w&_nc_ad=z-m&_nc_cid=0&_nc_zt=24&_nc_ht=scontent-iad3-1.cdninstagram.com&_nc_gid=v5IRwphyzm_nEpXOq927EQ&oh=00_AforzRUmF0AZB16Q0nEFcUWEFAHgLjVYbkwBHjsuFKqTZQ&oe=6965EDC6,"Tidak ada yang mampu bertan jadi oposisi,takut ngk kebagian jabatan😂",2026-01-07T02:21:47.000Z,10,1,https://www.instagram.com/p/DTKdXX1j0mq/c/18215430199313131
https://www.instagram.com/p/DTKXvIXE4Pe/,stev_happy_,stev_happy_,Steve.Hpy,False,https://scontent-iad3-1.cdninstagram.com/v/t51.2885-19/434039551_310153921768136_45195113028573552_n.jpg?stp=dst-jpg_e0_s150x150_tt6&_nc_cat=108&ig_cache_key=GP-q3hnIKlVWFRoBAHDZpkG3kKAAbkULAAAB1501500j-ccb7-5&ccb=7-5&_nc_sid=669407&efg=eyJ2ZW5jb2RlX3RhZyI6InByb2ZpbGVfcGljLnd3dy45ODUuQzMifQ%3D%3D&_nc_ohc=_rxe0vjXDmEQ7kNvwGtG6JS&_nc_oc=AdnaD21TUfF7iIi2_w3Um8nsrkLgGVX5UVwsG2APpTU2GnWr7-KnpGahzhqAipuBfLI&_nc_ad=z-m&_nc_cid=0&_nc_zt=24&_nc_ht=scontent-iad3-1.cdninstagram.com&oh=00_AfrsguVTjKrornrAGlPSBW1D-iLUMXe0PEQokIMjao2AOQ&oe=6965D396,Gmn warga RW 58... Dan yg lain... Gw mah dr dulu PDI-P.... 😂😂😂,2026-01-07T02:15:07.000Z,20,0,https://www.instagram.com/p/DTKXvIXE4Pe/c/17888960541407293
https://www.instagram.com/p/DTKdXX1j0mq/,adibprds1976,adibprds1976,AdibPrds1976,False,https://scontent-iad3-2.cdninstagram.com/v/t51.82787-19/557373274_18160082038390363_1902114929693644316_n.jpg?stp=dst-webp_s150x150&_nc_cat=105&cb=8438d1d6-aa1c7732&ig_cache_key=GFrXOCFbfv2Wf4RAABxWW2Jzq2UabmNDAQAB1501500w-ccb7-5-cb8438d1d6-aa1c7732&ccb=7-5&_nc_sid=669407&efg=eyJ2ZW5jb2RlX3RhZyI6InByb2ZpbGVfcGljLnd3dy4xMDgwLkMzIn0%3D&_nc_ohc=lGMW7ftUUoAQ7kNvwE4HcH9&_nc_oc=AdmZttNQUalOXfiiR3d3fhenZFVmjsxdkix6Rs7c6nqvIsmhAZWzUAXSbiGSZ4OwgGU&_nc_ad=z-m&_nc_cid=0&_nc_zt=24&_nc_ht=scontent-iad3-2.cdninstagram.com&_nc_gid=v5IRwphyzm_nEpXOq927EQ&oh=00_Afrz4jslMgKZbU0kmN0XaM1AQoTWqN0PV_eQPu1cW8ZcdA&oe=6965C5F9,"Msak yg menolak cuma PDI-P? Yg lain? Wakil rakyat 😂 ini yg katanya wakil rakyat,. ESBY sama saja, butuh makan,",2026-01-07T01:42:49.000Z,11,0,https://www.instagram.com/p/DTKdXX1j0mq/c/18067535609166875
https://www.instagram.com/p/DTKdXX1j0mq/,ciciramadhani8591,ciciramadhani8591,ciciramadhani8591,False,https://scontent-iad3-2.cdninstagram.com/v/t51.82787-19/566599101_17845392279591068_387075707812368626_n.jpg?stp=dst-webp_s150x150&_nc_cat=111&cb=8438d1d6-aa1c7732&ig_cache_key=GL2dxSGc2LMrSmY-APLQVjFOK18FbmNDAQAB1501500w-ccb7-5-cb8438d1d6-aa1c7732&ccb=7-5&_nc_sid=669407&efg=eyJ2ZW5jb2RlX3RhZyI6InByb2ZpbGVfcGljLnd3dy43MTUuQzMifQ%3D%3D&_nc_ohc=ax32lOwsYsMQ7kNvwFi_JQP&_nc_oc=AdnCNqchvBSgqnq79BhmL8Xw9ZyP0SeT0VQxSbukdbGQhrsrmaF4x5gR_FWZHNq9sDM&_nc_ad=z-m&_nc_cid=0&_nc_zt=24&_nc_ht=scontent-iad3-2.cdninstagram.com&_nc_gid=v5IRwphyzm_nEpXOq927EQ&oh=00_AfpNLd0-ei7fq4b5m8zYAjehDI5ScKP2roy4-j9z3NYGVA&oe=6965FC45,"Kali ini gua lebih mendukung PDI-P,,, selebihnya sama saja,,,",2026-01-07T01:05:10.000Z,32,4,https://www.instagram.com/p/DTKdXX1j0mq/c/18066553703194978
https://www.instagram.com/p/DTKXvIXE4Pe/,wahyu_3w,wahyu_3w,Wahyu Tri Widagdo,False,https://scontent-iad3-2.cdninstagram.com/v/t51.2885-19/275652144_1372591259893415_818902644733361809_n.jpg?stp=dst-jpg_e0_s150x150_tt6&_nc_cat=105&ig_cache_key=GDAebhCnvndOXeAEAJG_9dydU10LbkULAAAB1501500j-ccb7-5&ccb=7-5&_nc_sid=669407&efg=eyJ2ZW5jb2RlX3RhZyI6InByb2ZpbGVfcGljLnd3dy4xMDgwLkMzIn0%3D&_nc_ohc=FIRGI1nmKk4Q7kNvwFmEhQj&_nc_oc=AdmigU5EHpJuplf1bkUspIV5fSuuffxfk8FZx1pVunii5833KWWTPDkOre8pGK4Gi6s&_nc_ad=z-m&_nc_cid=0&_nc_zt=24&_nc_ht=scontent-iad3-2.cdninstagram.com&oh=00_AfrNg-HuoTLhUWr2QnZnMZgqQYjmrzgaCatUr4Q8Fox1rw&oe=6965CC28,PDIP 🔥🔥,2026-01-07T00:18:17.000Z,5,1,https://www.instagram.com/p/DTKXvIXE4Pe/c/17934437769144864
https://www.instagram.com/p/DTKdXX1j0mq/,vikawisnu,vikawisnu,Vika Wisnu,False,https://scontent-iad3-1.cdninstagram.com/v/t51.82787-19/543109258_18529927192063081_7640881114964946924_n.jpg?stp=dst-webp_s150x150&_nc_cat=109&cb=8438d1d6-aa1c7732&ig_cache_key=GIowXyBpLP-f3tRBAOzveRTk3AlqbmNDAQAB1501500w-ccb7-5-cb8438d1d6-aa1c7732&ccb=7-5&_nc_sid=669407&efg=eyJ2ZW5jb2RlX3RhZyI6InByb2ZpbGVfcGljLnd3dy4xMDgwLkMzIn0%3D&_nc_ohc=uC1GQgr3WrAQ7kNvwEB76JA&_nc_oc=AdnaMO0ew-DulVOQmnOuXrIWfT1ndHMjSZsLptRntJhwXPKHXtDwgLICSCd1qyukSC0&_nc_ad=z-m&_nc_cid=0&_nc_zt=24&_nc_ht=scontent-iad3-1.cdninstagram.com&_nc_gid=v5IRwphyzm_nEpXOq927EQ&oh=00_AfpydqdthHMSr6jMVozddVLpHoZm12eSWJB4EVGcrrdF2w&oe=6965DEDF,Pada takut apa siii sebenernya para elit politik ini? Takut gak punya jabatan? Takut miskin? Gak takut Tuhan ta rek?,2026-01-06T23:52:36.000Z,6,0,https://www.instagram.com/p/DTKdXX1j0mq/c/17884160547429699
https://www.instagram.com/didi_irawadi/p/DTB7d39EnQa/,fighterbro15,fighterbro15,nada,False,https://scontent-yyz1-1.cdninstagram.com/v/t51.75761-19/505423117_17882732703311963_6418575725911326475_n.jpg?stp=dst-jpg_e0_s150x150_tt6&_nc_cat=102&ig_cache_key=GA0lIB5b6GQqQIg-AAu-45qdXBNZbvEnAQAB1501500j-ccb7-5&ccb=7-5&_nc_sid=669407&efg=eyJ2ZW5jb2RlX3RhZyI6InByb2ZpbGVfcGljLnd3dy4xMDgwLkMzIn0%3D&_nc_ohc=sBobMVfhiSQQ7kNvwFC2ZQb&_nc_oc=AdmCmqMptijdxKpmkjv3RQH2ygCrc8ZBRaQIivZBt_e6nw5xU85lx2oi-azqGGypJl8&_nc_ad=z-m&_nc_cid=0&_nc_zt=24&_nc_ht=scontent-yyz1-1.cdninstagram.com&_nc_gid=w2cudA4w-8jjPZyRU1be_w&oh=00_AfoyqS2CX6vqI9dJiYu39-ZwF63EOldsLDIbTo3VkzBk7Q&oe=6965CEDB,Ketika suara rakyat mulai dbungkam,2026-01-06T23:49:43.000Z,1,0,https://www.instagram.com/p/DTB7d39EnQa/c/18080508013973580
https://www.instagram.com/reel/DTAql6qFW2B/,dentama.a,dentama.a,Dentama Ardiratna,False,https://scontent-lga3-3.cdninstagram.com/v/t51.2885-19/323119503_526914782548484_8055275947221553417_n.jpg?stp=dst-jpg_e0_s150x150_tt6&_nc_cat=110&ig_cache_key=GI9pQhME0nDoOd8BAAmR45nLFspvbkULAAAB1501500j-ccb7-5&ccb=7-5&_nc_sid=669407&efg=eyJ2ZW5jb2RlX3RhZyI6InByb2ZpbGVfcGljLnd3dy4xMDgwLkMzIn0%3D&_nc_ohc=NGrLaPN9CdoQ7kNvwGKeu9d&_nc_oc=AdmPi5xVu4-TeOS1P4hABI3lb-3tIvoski6emO02Zb24nYzkPXeu9s61-ql9KCPdheI&_nc_ad=z-m&_nc_cid=0&_nc_zt=24&_nc_ht=scontent-lga3-3.cdninstagram.com&oh=00_Afpqc4-p5BOZ0y0P68T6uJEI3-6fjx5Kk-MpdjLASlHOmA&oe=6965F477,PDIP istimewa. Rela hancur lebur dei tetap menkaga hak suara rakyat,2026-01-06T23:40:47.000Z,1,0,https://www.instagram.com/p/DTAql6qFW2B/c/17896999647369611
https://www.instagram.com/reel/DTAql6qFW2B/,ida113824,ida113824,ida,False,https://scontent-lga3-1.cdninstagram.com/v/t51.89012-19/573323465_1219825463302212_7278921664109726296_n.png?stp=dst-webp_s150x150&_nc_cat=1&ig_cache_key=YW5vbnltb3VzX3Byb2ZpbGVfcGlj.3-ccb7-5&ccb=7-5&_nc_sid=669407&efg=eyJ2ZW5jb2RlX3RhZyI6InByb2ZpbGVfcGljLnd3dy5DMyJ9&_nc_ohc=RNOcSyqJy9IQ7kNvwHa1U-G&_nc_oc=AdlzYJs9RfoGfERcurzHL1TRgK_o7f2wvBoqSO22aKx9ZEbk22o2ODO3jtk_VzW13GU&_nc_ad=z-m&_nc_cid=0&_nc_zt=24&_nc_ht=scontent-lga3-1.cdninstagram.com&_nc_gid=j7wq0PkWElHCtvxZ4ovRSQ&oh=00_AfoD2fvvFFXHiIA9SAbeIK7buW4nh9iXzGU-LLbOXf2cpQ&oe=6965DD19,Setuju dengan PDIP,2026-01-06T22:20:28.000Z,1,0,https://www.instagram.com/p/DTAql6qFW2B/c/18092790322943123
https://www.instagram.com/reel/DTKuxKKk6_9/,najibamrullah,najibamrullah,Najib Amrullah,False,https://scontent-dfw5-2.cdninstagram.com/v/t51.2885-19/422009761_743284287423713_2295056642840867471_n.jpg?stp=dst-jpg_e0_s150x150_tt6&_nc_cat=100&ig_cache_key=GKFbJxnhROtbA6QCAI8y7l-brdkfbkULAAAB1501500j-ccb7-5&ccb=7-5&_nc_sid=669407&efg=eyJ2ZW5jb2RlX3RhZyI6InByb2ZpbGVfcGljLnd3dy43NjguQzMifQ%3D%3D&_nc_ohc=GfKbCFaPTewQ7kNvwFbncJm&_nc_oc=AdmmprXYOy4dXqeafWkIzlWNY0s6TRACAxfWDahQUdVbjhV211C1zbbsU_gnOBVsv54&_nc_ad=z-m&_nc_cid=0&_nc_zt=24&_nc_ht=scontent-dfw5-2.cdninstagram.com&oh=00_Afqx_fXVS3rqOGOcgyElwxlAnLECG5dTwRNAOWmblVmGnQ&oe=6965E92F,Banteng Kalbar nih Bos. 🤟🤟🤟,2026-01-06T21:02:11.000Z,67,2,https://www.instagram.com/p/DTKuxKKk6_9/c/17916528852101692
https://www.instagram.com/reel/DTJ3IWGE8ou/,hannayo666,hannayo666,요하나,False,https://scontent-sjc3-1.cdninstagram.com/v/t51.2885-19/342372261_967181544456404_1867635226209303960_n.jpg?stp=dst-jpg_e0_s150x150_tt6&_nc_cat=106&ig_cache_key=GKUvaBTUAGSApW8DAJg9NtRXLOsZbkULAAAB1501500j-ccb7-5&ccb=7-5&_nc_sid=669407&efg=eyJ2ZW5jb2RlX3RhZyI6InByb2ZpbGVfcGljLnd3dy4xMDgwLkMzIn0%3D&_nc_ohc=h7OLpMftRpIQ7kNvwGiYTh9&_nc_oc=Adlex8eABt8-g3aJn7muI-JGF_kQgH5RLtSGf_Ne0JnGlTMBu8ni2FCXuFtZhBbBqN0&_nc_ad=z-m&_nc_cid=0&_nc_zt=24&_nc_ht=scontent-sjc3-1.cdninstagram.com&oh=00_AfrrhXP8K_-c4skJt1KJNpDzVlgXJnI2DLUAFJPKFpKEnw&oe=6965F8A2,Rebutan ketua 😂😂😂😂,2026-01-06T20:29:37.000Z,0,0,https://www.instagram.com/p/DTJ3IWGE8ou/c/18102931108773247
https://www.instagram.com/p/DTKT8IQknPu/,kampoeng.lampion,kampoeng.lampion,𝙆𝘼𝙈𝙋𝙊𝙀𝙉𝙂 𝙇𝘼𝙈𝙋𝙄𝙊𝙉™ 𝙈𝙖𝙡𝙖𝙣𝙜,True,https://scontent-dfw5-3.cdninstagram.com/v/t51.75761-19/506085306_18510025900020113_797243064747951160_n.jpg?stp=dst-jpg_e0_s150x150_tt6&_nc_cat=108&ig_cache_key=GLo-Kh6R0Y0_xcJBADgE8ulXYBALbvEnAQAB1501500j-ccb7-5&ccb=7-5&_nc_sid=669407&efg=eyJ2ZW5jb2RlX3RhZyI6InByb2ZpbGVfcGljLnd3dy4xMDgwLkMzIn0%3D&_nc_ohc=9K9i7YYl1U8Q7kNvwEK2NrU&_nc_oc=AdmMfpeQUlVxIqoqntE1ktX6dshCxNwyFUbIJ5_3j5UDE1_sS0dmkheT5GnqYuAVWjo&_nc_ad=z-m&_nc_cid=0&_nc_zt=24&_nc_ht=scontent-dfw5-3.cdninstagram.com&_nc_gid=JJ9Jp7Jfx70SoIrvuXg81w&oh=00_AfpmDBcDxWMDzQ7ybeDpJJoBP60ZKDhP8tHRGLNr9yBX-Q&oe=6965CFB2,Selamat datang neo orba 😂😂😂 kaum 58% pasti gembira 😂😂😂,2026-01-06T19:54:30.000Z,393,49,https://www.instagram.com/p/DTKT8IQknPu/c/18053416160679359
https://www.instagram.com/p/DTKdXX1j0mq/,jeff_andreu,jeff_andreu,Jeff Andreu Rayel,False,https://scontent-iad3-2.cdninstagram.com/v/t51.2885-19/90087630_205892444090598_9124786109161668608_n.jpg?stp=dst-webp_s150x150&_nc_cat=100&cb=8438d1d6-aa1c7732&ig_cache_key=GM6gXgXm8P0RQrsAAAAAAACfwKF_bkULAAAB1501500w-ccb7-5-cb8438d1d6-aa1c7732&ccb=7-5&_nc_sid=669407&efg=eyJ2ZW5jb2RlX3RhZyI6InByb2ZpbGVfcGljLnd3dy4xMDgwLkMzIn0%3D&_nc_ohc=nG-5FhljQvgQ7kNvwF6WUw-&_nc_oc=AdlKthasFCbV1XLNHi4sLykpMslOo5iWDwXl1zR8CXOdFJN-uxKLR271yZ8TKD2KENA&_nc_ad=z-m&_nc_cid=0&_nc_zt=24&_nc_ht=scontent-iad3-2.cdninstagram.com&oh=00_Afp3BQ4ikLKxlNz4mwHSKOZjVOXe1ZkmSKnXcmP0cUhSaw&oe=6965E2BC,Maju Banteng 🔥 Panjang Umur Perjuangan 😇,2026-01-06T19:47:00.000Z,172,3,https://www.instagram.com/p/DTKdXX1j0mq/c/17851528770603630
https://www.instagram.com/p/DTKdXX1j0mq/,128.rendy,128.rendy,Rendy Rendy,False,https://scontent-iad3-1.cdninstagram.com/v/t51.2885-19/437339468_759137186329945_4682146615438693982_n.jpg?stp=dst-webp_s150x150&_nc_cat=101&cb=8438d1d6-aa1c7732&ig_cache_key=GExFERpZtVNmbrICAF5WhSeKU-pAbkULAAAB1501500w-ccb7-5-cb8438d1d6-aa1c7732&ccb=7-5&_nc_sid=669407&efg=eyJ2ZW5jb2RlX3RhZyI6InByb2ZpbGVfcGljLnd3dy44OTUuQzMifQ%3D%3D&_nc_ohc=OodksKPdffoQ7kNvwGZ-kZ0&_nc_oc=AdlpXJuBdy6sZsFjf0LshDRgKYlKA0aag3Pe001MsxRkoEkKGUxiqwz2p3gdZ7bzxp0&_nc_ad=z-m&_nc_cid=0&_nc_zt=24&_nc_ht=scontent-iad3-1.cdninstagram.com&oh=00_AfqWhLjErSJ_SXhBXMduADLIxsE1KypcTANV5TLnsUitbA&oe=6965F4DF,PDIP is the best😍👏👏👏,2026-01-06T19:07:57.000Z,116,0,https://www.instagram.com/p/DTKdXX1j0mq/c/18220681756307970
https://www.instagram.com/p/DTKdXX1j0mq/,a_ary.s,a_ary.s,01 0100 01 10,False,https://scontent-iad3-1.cdninstagram.com/v/t51.82787-19/604763759_18555907822036037_2480726659836587320_n.jpg?stp=dst-webp_s150x150&_nc_cat=107&cb=8438d1d6-aa1c7732&ig_cache_key=GG-2CyRFpDf2f_xBADitZvDAT20ibmNDAQAB1501500w-ccb7-5-cb8438d1d6-aa1c7732&ccb=7-5&_nc_sid=669407&efg=eyJ2ZW5jb2RlX3RhZyI6InByb2ZpbGVfcGljLnd3dy4xMDgwLkMzIn0%3D&_nc_ohc=lykTNrw_AJoQ7kNvwGxzqNT&_nc_oc=Adm2mvxxs81csO6gOdk6wuwqH4-u4Ct1qV3FmehsOfCkDupTl2VMwrPeZRj2yz0u1U4&_nc_ad=z-m&_nc_cid=0&_nc_zt=24&_nc_ht=scontent-iad3-1.cdninstagram.com&_nc_gid=v5IRwphyzm_nEpXOq927EQ&oh=00_AfqEAixa-D3RHsxERwDGWpk0V8L3AIZAhjmedLl5ST36yA&oe=6965D5F4,Kali ini dukung PDIP,2026-01-06T17:06:05.000Z,136,3,https://www.instagram.com/p/DTKdXX1j0mq/c/17862855819560220
https://www.instagram.com/p/DS_uWzWgErm/,kurniawan.the.pilgrim,kurniawan.the.pilgrim,R v l d d l v R,False,https://scontent-sjc3-1.cdninstagram.com/v/t51.2885-19/436617572_385262921096541_3380679487899350397_n.jpg?stp=dst-jpg_e0_s150x150_tt6&_nc_cat=103&ig_cache_key=GGRBBhpdnY4DZV4BAH21sCcVluoubkULAAAB1501500j-ccb7-5&ccb=7-5&_nc_sid=669407&efg=eyJ2ZW5jb2RlX3RhZyI6InByb2ZpbGVfcGljLnd3dy43MDcuQzMifQ%3D%3D&_nc_ohc=9KSsVYu2PfUQ7kNvwGAPiu7&_nc_oc=AdnEHv_jrlD893Qvf5w2EGyU4vQrG1Q3eCHB1TZoEVLNn6jSNY6TMauGOQMGiuQopEQ&_nc_ad=z-m&_nc_cid=0&_nc_zt=24&_nc_ht=scontent-sjc3-1.cdninstagram.com&oh=00_AfpeRiduzNCNWd_Q4rZbEpO7hlX7xeMDVqsg7d3LpPyYZA&oe=6965DCA2,"kontra nya lebih berbobot, pro nya macam isi septic tank",2026-01-06T16:51:56.000Z,6,1,https://www.instagram.com/p/DS_uWzWgErm/c/17881198824441967
https://www.instagram.com/p/DTHryaVkgwL/,nusky_97,nusky_97,Nusky,False,https://scontent-lga3-3.cdninstagram.com/v/t51.2885-19/449698098_1370275843638838_4262480840687173112_n.jpg?stp=dst-jpg_e0_s150x150_tt6&_nc_cat=110&ig_cache_key=GDLZzRo2huc0Qt4EAPg9EbO9Xyc7bkULAAAB1501500j-ccb7-5&ccb=7-5&_nc_sid=669407&efg=eyJ2ZW5jb2RlX3RhZyI6InByb2ZpbGVfcGljLnd3dy4xMDgwLkMzIn0%3D&_nc_ohc=T9uXtbWiQJQQ7kNvwGEAdvK&_nc_oc=AdnYGB0Duad7BtMEIjFC-Tr4zVpfMhFBn-iFpGkdyy8PT19RAh4joTh3jjfG_YrbtAQ&_nc_ad=z-m&_nc_cid=0&_nc_zt=24&_nc_ht=scontent-lga3-3.cdninstagram.com&oh=00_Afq6rVTk12jQ9eyr6xzIGkx8RUBn6jXxJp90NF5tkrPPTA&oe=6965E6DD,"Kalau iya beneran terjadi lewat DPRD. Lama lama presiden di pilih MPR, gubernur di pilih presiden, walikota dipilih gubernur & lurah di pilih camat.",2026-01-06T16:47:54.000Z,0,0,https://www.instagram.com/p/DTHryaVkgwL/c/18343446391238241
https://www.instagram.com/reel/DTKuxKKk6_9/,rapin_mudiardjo,rapin_mudiardjo,RAPIN MUDIARDJO,False,https://scontent-dfw5-3.cdninstagram.com/v/t51.82787-19/521731547_18519046213016198_4772608109144242913_n.jpg?stp=dst-jpg_e0_s150x150_tt6&_nc_cat=109&ig_cache_key=GNv9GB_GGhtz_cpBAOH6sPXJtTtCbmNDAQAB1501500j-ccb7-5&ccb=7-5&_nc_sid=669407&efg=eyJ2ZW5jb2RlX3RhZyI6InByb2ZpbGVfcGljLnd3dy4xMDAyLkMzIn0%3D&_nc_ohc=l8NasVbKCtwQ7kNvwGgyVHz&_nc_oc=Adkmz93HjaWORjw9ne_fj8p769YS_BdCFJF5kMzgsErPrreejtTkmGakpVWS9NysI2U&_nc_ad=z-m&_nc_cid=0&_nc_zt=24&_nc_ht=scontent-dfw5-3.cdninstagram.com&_nc_gid=AxaovhqDN19m3UrDfgQwIg&oh=00_AfoarGnboPN6D4k8Lw09mZYL106-_wSn49pTcrjWBUqvfA&oe=6965E9F0,Salam hormat Brother…,2026-01-06T16:17:45.000Z,11,1,https://www.instagram.com/p/DTKuxKKk6_9/c/18550294036046274
https://www.instagram.com/reel/DTKuxKKk6_9/,d10n_w4hyu,d10n_w4hyu,d1on_w4hyu,False,https://scontent-dfw5-1.cdninstagram.com/v/t51.82787-19/545097446_17964997907967100_1457133783112162812_n.jpg?stp=dst-jpg_e0_s150x150_tt6&_nc_cat=111&ig_cache_key=GOaGfSB87LEGEtM-APwdn5x0xzgUbmNDAQAB1501500j-ccb7-5&ccb=7-5&_nc_sid=669407&efg=eyJ2ZW5jb2RlX3RhZyI6InByb2ZpbGVfcGljLnd3dy4xMDgwLkMzIn0%3D&_nc_ohc=dwTkBF8O2IUQ7kNvwG9uOld&_nc_oc=AdlGxwttUjTLumr4pxoKOLlEABGUNEyTl__-4z0qYc5jN8s6-UECFDEwW2QcESaC-wU&_nc_ad=z-m&_nc_cid=0&_nc_zt=24&_nc_ht=scontent-dfw5-1.cdninstagram.com&_nc_gid=AxaovhqDN19m3UrDfgQwIg&oh=00_Afoy2uZH4P_Uhr7_QmCNLyl9xpFzq-XWGJ1PHRd27_T4gQ&oe=6965E98B,🔥🔥🔥🤟❤️,2026-01-06T16:08:09.000Z,8,0,https://www.instagram.com/p/DTKuxKKk6_9/c/18016821968802478
https://www.instagram.com/p/DTLHBuMD2bS/,donnyadam9932,donnyadam9932,donnyadam,False,https://scontent-sjc6-1.cdninstagram.com/v/t51.82787-19/539887746_18336277819204386_5390544903049438516_n.jpg?stp=dst-jpg_e0_s150x150_tt6&_nc_cat=108&ig_cache_key=GIIILiAio_pdvyRBADTlDWwHEM9KbmNDAQAB1501500j-ccb7-5&ccb=7-5&_nc_sid=669407&efg=eyJ2ZW5jb2RlX3RhZyI6InByb2ZpbGVfcGljLnd3dy4zNzYuQzMifQ%3D%3D&_nc_ohc=8TiB-wGQ05MQ7kNvwEj-ghg&_nc_oc=Adm8B8CAn2_6HXlkS1Z4YGANhEomV7C0FPtdYWPRS4OYYtHWKr7muQtw7eIML_Xy-Vs&_nc_ad=z-m&_nc_cid=0&_nc_zt=24&_nc_ht=scontent-sjc6-1.cdninstagram.com&_nc_gid=ZsfqzpxYgznoMgj0gVNMmA&oh=00_AfojsiioEGwahAqLlVpBTUaJftCMpklGLTEzAdKl_YuWqw&oe=6965EE38,Ya emang bullsh*t klo percaya ada partai yg oposisi asal dapet potongan kue juga lo pada manut,2026-01-06T15:19:54.000Z,3,0,https://www.instagram.com/p/DTLHBuMD2bS/c/18045061832704123
https://www.instagram.com/p/DTKdXX1j0mq/,nugroho_gsn,nugroho_gsn,Galih condro kirono,False,https://scontent-iad3-2.cdninstagram.com/v/t51.2885-19/91344266_219272995848736_4478029750027157504_n.jpg?stp=dst-webp_s150x150&_nc_cat=106&cb=8438d1d6-aa1c7732&ig_cache_key=GIrNcQUgwgZ5bccAAAAAAABVKCU_bkULAAAB1501500w-ccb7-5-cb8438d1d6-aa1c7732&ccb=7-5&_nc_sid=669407&efg=eyJ2ZW5jb2RlX3RhZyI6InByb2ZpbGVfcGljLnd3dy4xMDgwLkMzIn0%3D&_nc_ohc=pNi0XJ3YYAkQ7kNvwGarw2_&_nc_oc=Adl_rBcdVt4SQWqV_Nu9qYAjewVfsLVSfWQswWTv0Jch_UlnAOvMJaxVoJISkg-Dq30&_nc_ad=z-m&_nc_cid=0&_nc_zt=24&_nc_ht=scontent-iad3-2.cdninstagram.com&oh=00_AfpK4qmjMWEcveR73EMc90ZoOnL9P2kqoRYzYjordPbbgg&oe=6965E403,Suka gak suka... PDIP paling masuk akal sekarang,2026-01-06T15:17:01.000Z,28,0,https://www.instagram.com/p/DTKdXX1j0mq/c/18300754828261956
https://www.instagram.com/reel/DTKuxKKk6_9/,diana_kristantii,diana_kristantii,Diana Kristanti,False,https://scontent-dfw5-1.cdninstagram.com/v/t51.82787-19/602013529_18433978825108467_5795381552768930613_n.jpg?stp=dst-jpg_e0_s150x150_tt6&_nc_cat=107&ig_cache_key=GFn-4SPz66onm31BADXTpCbRVG1QbmNDAQAB1501500j-ccb7-5&ccb=7-5&_nc_sid=669407&efg=eyJ2ZW5jb2RlX3RhZyI6InByb2ZpbGVfcGljLnd3dy4xMDgwLkMzIn0%3D&_nc_ohc=I_PkXIiHQl4Q7kNvwGjMyVP&_nc_oc=AdkPSZgzpv17KzSSwfTUzUDnmly4tp5FX2Eym-LeMgH0jHkIyLrQlyTatCyk-epBH8o&_nc_ad=z-m&_nc_cid=0&_nc_zt=24&_nc_ht=scontent-dfw5-1.cdninstagram.com&_nc_gid=AxaovhqDN19m3UrDfgQwIg&oh=00_AfpblMSTD7us8f0sZDZSMeFKDTWXemJXqnUZPXRJqxssOQ&oe=6965D4DA,👏👏👏,2026-01-06T14:52:03.000Z,3,0,https://www.instagram.com/p/DTKuxKKk6_9/c/17955193125048628
https://www.instagram.com/p/DTKXvIXE4Pe/,klkl_088,klkl_088,k|k|_08,False,https://scontent-iad3-2.cdninstagram.com/v/t51.82787-19/587812420_18379831855144183_9220808438570725644_n.jpg?stp=dst-jpg_e0_s150x150_tt6&_nc_cat=105&ig_cache_key=GEROCSP33MEUXExBAAyx7sJr5PZ-bmNDAQAB1501500j-ccb7-5&ccb=7-5&_nc_sid=669407&efg=eyJ2ZW5jb2RlX3RhZyI6InByb2ZpbGVfcGljLnd3dy4xMDgwLkMzIn0%3D&_nc_ohc=QWb-6W8ljlkQ7kNvwH1XyUJ&_nc_oc=AdkLUCMfIgR0fGFnLIrSagaYnCIQp8xn0c0IoLVCYMlUVbV2EhFCNwcBr5_YEgkeHrE&_nc_ad=z-m&_nc_cid=0&_nc_zt=24&_nc_ht=scontent-iad3-2.cdninstagram.com&_nc_gid=w_Kn99lXCJBE0w9JhFNFhQ&oh=00_Afp8juWK_RRB0JZG0frzMzMOchlt7zZgoJGlb5q2r4R6fA&oe=6965DA2F,Semuanya ayo dukung PDIP tahun 2029 nanti ok,2026-01-06T14:29:11.000Z,127,14,https://www.instagram.com/p/DTKXvIXE4Pe/c/18279133582304388
https://www.instagram.com/p/DS1vU5RAGa7/,manroesc,manroesc,Manroe,False,https://scontent-iad3-1.cdninstagram.com/v/t51.82787-19/517342037_17962898795933998_829851627343882135_n.jpg?stp=dst-jpg_e0_s150x150_tt6&_nc_cat=110&ig_cache_key=GFUD1h4uMd5JKdE-AJenHIioOYQLbmNDAQAB1501500j-ccb7-5&ccb=7-5&_nc_sid=669407&efg=eyJ2ZW5jb2RlX3RhZyI6InByb2ZpbGVfcGljLnd3dy4xMDgwLkMzIn0%3D&_nc_ohc=zcJcaPMEB6EQ7kNvwG7SmwC&_nc_oc=AdkxmgawOE5fUgYOm9iyH_KDgYGAvYRfQzRHoacAp3emw6o1-Y_m7VB3K1r8b_pX4Gw&_nc_ad=z-m&_nc_cid=0&_nc_zt=24&_nc_ht=scontent-iad3-1.cdninstagram.com&_nc_gid=gAuIb0aDyXjJEnDd3ymkXg&oh=00_AfpKNtCa-KCfW-_Acx1qGBGw9xYyyXWoAqvHUKkYvQPZpQ&oe=6965F624,Lawan3x,2026-01-06T14:23:56.000Z,1,0,https://www.instagram.com/p/DS1vU5RAGa7/c/18073895402368392
https://www.instagram.com/p/DTKdXX1j0mq/,osscar.hs06,osscar.hs06,Oscar. H,False,https://scontent-iad3-2.cdninstagram.com/v/t51.82787-19/524944201_18358787647153288_714824502410836663_n.jpg?stp=dst-webp_s150x150&_nc_cat=100&cb=8438d1d6-aa1c7732&ig_cache_key=GEkDSh_IJDdYODlBALd68f4YkesJbmNDAQAB1501500w-ccb7-5-cb8438d1d6-aa1c7732&ccb=7-5&_nc_sid=669407&efg=eyJ2ZW5jb2RlX3RhZyI6InByb2ZpbGVfcGljLnd3dy4xMDgwLkMzIn0%3D&_nc_ohc=GvxiDwbJPcwQ7kNvwEhX68T&_nc_oc=AdkHDwiC744PjJqsiSh-lVnk8YG-8Y4SKNxwVoQbKuPwg_ywPpFJwaBShmHAi7kfS9E&_nc_ad=z-m&_nc_cid=0&_nc_zt=24&_nc_ht=scontent-iad3-2.cdninstagram.com&_nc_gid=v5IRwphyzm_nEpXOq927EQ&oh=00_AformwnzymoFzRMpOhtJmV6-1le38nW4am4NsuEfRZRwhg&oe=6965DBAC,PDIP pro rakyat,2026-01-06T14:19:04.000Z,30,0,https://www.instagram.com/p/DTKdXX1j0mq/c/17891837163260167
https://www.instagram.com/didi_irawadi/p/DTB7d39EnQa/,tuti.alawiyah.16752,tuti.alawiyah.16752,Tuti Alawiyah,False,https://scontent-yyz1-1.cdninstagram.com/v/t51.89012-19/573323465_1219825463302212_7278921664109726296_n.png?stp=dst-webp_s150x150&_nc_cat=1&ig_cache_key=YW5vbnltb3VzX3Byb2ZpbGVfcGlj.3-ccb7-5&ccb=7-5&_nc_sid=669407&efg=eyJ2ZW5jb2RlX3RhZyI6InByb2ZpbGVfcGljLnd3dy5DMyJ9&_nc_ohc=RNOcSyqJy9IQ7kNvwGAEXkH&_nc_oc=AdlkFhiyVf8LGbDlWjEntVPJFzNhJnClj5oecSotxoayoKNtechB-Bqbw0zUiv4sN_Q&_nc_ad=z-m&_nc_cid=0&_nc_zt=24&_nc_ht=scontent-yyz1-1.cdninstagram.com&_nc_gid=w2cudA4w-8jjPZyRU1be_w&oh=00_AfpvV9vNzqtUofTAb4gOropboJK8iM7KNSsbdlb-PmHH_A&oe=6965DD19,"Pilkada langsung ataupun lewat DPRD sama aja amburadul, ga ada yg berpihak pada rakyat, mereka hanya bagi"" kekuasaan saja",2026-01-06T14:15:09.000Z,3,0,https://www.instagram.com/p/DTB7d39EnQa/c/18402923239121201
https://www.instagram.com/reel/DTKuxKKk6_9/,feerdiaansyah,feerdiaansyah,Færdee ⚓,False,https://scontent-dfw5-1.cdninstagram.com/v/t51.82787-19/609715947_18091752029315345_5315811539242035362_n.jpg?stp=dst-jpg_e0_s150x150_tt6&_nc_cat=107&ig_cache_key=GOuGVyQRYRJFWkZAAKKocTlujsVJbmNDAQAB1501500j-ccb7-5&ccb=7-5&_nc_sid=669407&efg=eyJ2ZW5jb2RlX3RhZyI6InByb2ZpbGVfcGljLnd3dy4xMDgwLkMzIn0%3D&_nc_ohc=6gjOvzNkS-cQ7kNvwHKsCSH&_nc_oc=AdlLTxG_8_XxCbncjxE9vR1S-_R2mOyUAerMDHqRmd2CzUf7xhU1xHo_WHxd4cS1d8o&_nc_ad=z-m&_nc_cid=0&_nc_zt=24&_nc_ht=scontent-dfw5-1.cdninstagram.com&_nc_gid=AxaovhqDN19m3UrDfgQwIg&oh=00_AfoEyovnNNgFS9RtUDfog6R0lqK4RuQ6ddkvh4Hy6zYnlg&oe=6965CD91,🔥🔥🔥,2026-01-06T12:55:51.000Z,8,0,https://www.instagram.com/p/DTKuxKKk6_9/c/18100430839848101
https://www.instagram.com/reel/DTKuxKKk6_9/,jundirizky,jundirizky,الفتح,False,https://scontent-dfw5-2.cdninstagram.com/v/t51.2885-19/441230591_314857748314062_558049261060746357_n.jpg?stp=dst-jpg_e0_s150x150_tt6&_nc_cat=106&ig_cache_key=GP_kTBrONz6IXB4BAHXssaTYlr4HbkULAAAB1501500j-ccb7-5&ccb=7-5&_nc_sid=669407&efg=eyJ2ZW5jb2RlX3RhZyI6InByb2ZpbGVfcGljLnd3dy4xMDgwLkMzIn0%3D&_nc_ohc=Fv8lkSwX7JYQ7kNvwF667JZ&_nc_oc=AdmyoVPe3Y_fIY1wTiQndp-3phI7B-OqS-53XLBBNxfPBVK9IAcURZSD0HmKgk68QAQ&_nc_ad=z-m&_nc_cid=0&_nc_zt=24&_nc_ht=scontent-dfw5-2.cdninstagram.com&oh=00_AfoLag9wVQ2GXoOIboteiT8h4BgyppC3aAxC5aMRQahcjQ&oe=6965F6E5,🔥🔥🔥🔥,2026-01-06T12:28:16.000Z,5,0,https://www.instagram.com/p/DTKuxKKk6_9/c/18341833732235145
https://www.instagram.com/p/DTKXvIXE4Pe/,darmintapurba,darmintapurba,Darminta K Purba,False,https://scontent-iad3-2.cdninstagram.com/v/t51.82787-19/607297694_18414294796143427_4731294181298667983_n.jpg?stp=dst-jpg_e0_s150x150_tt6&_nc_cat=100&ig_cache_key=GJ6gMiRDCx0ctGtBAM8BLoz97qhBbmNDAQAB1501500j-ccb7-5&ccb=7-5&_nc_sid=669407&efg=eyJ2ZW5jb2RlX3RhZyI6InByb2ZpbGVfcGljLnd3dy43MjAuQzMifQ%3D%3D&_nc_ohc=urkACc8foYgQ7kNvwGuBjuY&_nc_oc=AdmjImniK8z0Y-3ZI6dI2OrL1raCVMMn8m65twGje-nhYJv8jXm09Za-XJRS9HNT4Nk&_nc_ad=z-m&_nc_cid=0&_nc_zt=24&_nc_ht=scontent-iad3-2.cdninstagram.com&_nc_gid=w_Kn99lXCJBE0w9JhFNFhQ&oh=00_Afrz-XGw_ZrCAVdsRHlKKbgSkpl11tYiFBwT6ThJy7r1xw&oe=6965E618,"PDI-P satu-satunya partai yang konsisten, pilkada langsung pilihan nya.",2026-01-06T12:17:52.000Z,49,2,https://www.instagram.com/p/DTKXvIXE4Pe/c/17863189917485212
https://www.instagram.com/reel/DTKuxKKk6_9/,muhammad17_syauqi,muhammad17_syauqi,"Muhammad Syauqi Abda'u Nur, S.H.",False,https://scontent-dfw5-1.cdninstagram.com/v/t51.2885-19/483164165_1140036967449784_5624523166189411039_n.jpg?stp=dst-jpg_e0_s150x150_tt6&_nc_cat=111&ig_cache_key=GAWAzBy4xHmK2wwEAN-arAcFUg5ObkULAAAB1501500j-ccb7-5&ccb=7-5&_nc_sid=669407&efg=eyJ2ZW5jb2RlX3RhZyI6InByb2ZpbGVfcGljLnd3dy4xMDgwLkMzIn0%3D&_nc_ohc=whAVqO9KabIQ7kNvwFNbFMe&_nc_oc=AdmTWqXT5sEXArd5IPDxF6oWlWcREEw4y3W4ZkPOQ94QcLwosUBnCZG1P4RyfJTFGiA&_nc_ad=z-m&_nc_cid=0&_nc_zt=24&_nc_ht=scontent-dfw5-1.cdninstagram.com&oh=00_AfrDwFOT_WUg6kYPqLPkuBMvZ0QchZLJSPRF1Hwsv-pYKA&oe=6965E0EE,🔥🔥🔥,2026-01-06T12:10:21.000Z,5,0,https://www.instagram.com/p/DTKuxKKk6_9/c/17847666894655641
https://www.instagram.com/reel/DTKuxKKk6_9/,cinot_andorina,cinot_andorina,Andorina’,False,https://scontent-dfw6-1.cdninstagram.com/v/t51.2885-19/457058339_516281834288383_4923359019136290853_n.jpg?stp=dst-jpg_e0_s150x150_tt6&_nc_cat=103&ig_cache_key=GCMoPhv-NFY7jtUBACWQVV3xSFNEbkULAAAB1501500j-ccb7-5&ccb=7-5&_nc_sid=669407&efg=eyJ2ZW5jb2RlX3RhZyI6InByb2ZpbGVfcGljLnd3dy4xMDY1LkMzIn0%3D&_nc_ohc=lrHO3mx2vUsQ7kNvwGPzuRp&_nc_oc=AdmgaT60Fe8dQBz51GVhyZ4MbaD2w91htsSOLITZjBiBU3Mth9U0x--kgpJ84tBx6uI&_nc_ad=z-m&_nc_cid=0&_nc_zt=24&_nc_ht=scontent-dfw6-1.cdninstagram.com&oh=00_AfpwjBU6jGzQIiPUdcNF13TrCrMFKUmwGZQZ4_7d049B9A&oe=6965CB90,🔥,2026-01-06T12:02:28.000Z,4,0,https://www.instagram.com/p/DTKuxKKk6_9/c/18121987972489809
https://www.instagram.com/reel/DTKuxKKk6_9/,brizi.sabda09,brizi.sabda09,Brizi.Sabda09,False,https://scontent-dfw5-2.cdninstagram.com/v/t51.82787-19/561849154_18416761846115008_2401611064010848951_n.jpg?stp=dst-jpg_e0_s150x150_tt6&_nc_cat=106&ig_cache_key=GEIjfSHAKsCD8m1BALe6A9eJPFQhbmNDAQAB1501500j-ccb7-5&ccb=7-5&_nc_sid=669407&efg=eyJ2ZW5jb2RlX3RhZyI6InByb2ZpbGVfcGljLnd3dy4xMDgwLkMzIn0%3D&_nc_ohc=Bk1WytrY_uYQ7kNvwFx2wmZ&_nc_oc=AdnuIvjkoI9bOkv1hdS14OtMMmIM81yd-o_mjmGJhHjtb3Tk6E9Nn2OIlJTGzHbr_BU&_nc_ad=z-m&_nc_cid=0&_nc_zt=24&_nc_ht=scontent-dfw5-2.cdninstagram.com&_nc_gid=AxaovhqDN19m3UrDfgQwIg&oh=00_Afo_HIYmOVL-G8mNWnXSNNvdTyWg3H0X8W3v1PkxI9eomg&oe=6965F784,Nahhh🔥,2026-01-06T11:50:40.000Z,5,0,https://www.instagram.com/p/DTKuxKKk6_9/c/18123660676532040
https://www.instagram.com/reel/DTKuxKKk6_9/,reinaldysetiawann,reinaldysetiawann,Aldy,False,https://scontent-dfw5-1.cdninstagram.com/v/t51.2885-19/456977120_1097003988709501_2436834041348943078_n.jpg?stp=dst-jpg_e0_s150x150_tt6&_nc_cat=107&ig_cache_key=GODqPBt9cBAluOUDAObsLlOmX9EhbkULAAAB1501500j-ccb7-5&ccb=7-5&_nc_sid=669407&efg=eyJ2ZW5jb2RlX3RhZyI6InByb2ZpbGVfcGljLnd3dy4xMDgwLkMzIn0%3D&_nc_ohc=T3ccEn-JEWEQ7kNvwGNHV9m&_nc_oc=AdmTWBWQGvlyQNeumEFUtUP6qJVp5L_COwIMG7zGytfFzLQLoDBcpSl1YubIx-PKrG8&_nc_ad=z-m&_nc_cid=0&_nc_zt=24&_nc_ht=scontent-dfw5-1.cdninstagram.com&oh=00_AfqAdzaKk3mlIfj2t_ACUI5nEomRp3agFOW9_w3BC8goCw&oe=6965EF18,Top🔥🙌,2026-01-06T11:47:53.000Z,13,0,https://www.instagram.com/p/DTKuxKKk6_9/c/17917420014248660
https://www.instagram.com/p/DTKT8IQknPu/,fajarv2024,fajarv2024,fajarvianto,False,https://scontent-dfw5-1.cdninstagram.com/v/t51.75761-19/505799195_18275654128273784_295574116257781671_n.jpg?stp=dst-jpg_e0_s150x150_tt6&_nc_cat=110&ig_cache_key=GBviJR54iVpQnO1AAKdXWLwXFxoEbvEnAQAB1501500j-ccb7-5&ccb=7-5&_nc_sid=669407&efg=eyJ2ZW5jb2RlX3RhZyI6InByb2ZpbGVfcGljLnd3dy4xMDgwLkMzIn0%3D&_nc_ohc=WJnmRu0q520Q7kNvwE-AEIx&_nc_oc=AdlqQt7NHlfMnyN9T0jGtdx4_DA-dTzCXgCrrbnUFn00ZRkr8258qImqcejqbq-gCQA&_nc_ad=z-m&_nc_cid=0&_nc_zt=24&_nc_ht=scontent-dfw5-1.cdninstagram.com&_nc_gid=JJ9Jp7Jfx70SoIrvuXg81w&oh=00_AfogDRkPYoLtcdMOeOdeI2qGB_F5qQIR51XDcxKlVivjjQ&oe=6965F0D2,Mantapp PDIP selalu konsisten dan berada di barisan bersama rakyat😍❤️,2026-01-06T11:47:45.000Z,86,13,https://www.instagram.com/p/DTKT8IQknPu/c/18415952710184622
https://www.instagram.com/reel/DTKuxKKk6_9/,ranrzk,ranrzk,,False,https://scontent-dfw5-3.cdninstagram.com/v/t51.82787-19/604536505_18333927139215869_8776332830907252119_n.jpg?stp=dst-jpg_e0_s150x150_tt6&_nc_cat=108&ig_cache_key=GLl_CCT9iXgOnCJBAJc90-A1zMt5bmNDAQAB1501500j-ccb7-5&ccb=7-5&_nc_sid=669407&efg=eyJ2ZW5jb2RlX3RhZyI6InByb2ZpbGVfcGljLnd3dy4xMDgwLkMzIn0%3D&_nc_ohc=wZEik_59ofoQ7kNvwEZ0eLz&_nc_oc=Adm4yLwjkhd7WEtYOk7xeXt_Qps9XfHEpFXalXM9nzeSm-a_Pcxbx4hVCLaC4XcxCJM&_nc_ad=z-m&_nc_cid=0&_nc_zt=24&_nc_ht=scontent-dfw5-3.cdninstagram.com&_nc_gid=AxaovhqDN19m3UrDfgQwIg&oh=00_AfrbtZ5MPKV3anpCe5-2ovLRRlX9Y5hzmXQXNs56pMxo8Q&oe=6965DF26,🔥🔥,2026-01-06T11:44:28.000Z,5,0,https://www.instagram.com/p/DTKuxKKk6_9/c/18087284462106138
https://www.instagram.com/reel/DTKuxKKk6_9/,___suaibmhmmdd,___suaibmhmmdd,.,False,https://scontent-dfw5-2.cdninstagram.com/v/t51.82787-19/608141687_18149764969441670_1427601667464091753_n.jpg?stp=dst-jpg_e0_s150x150_tt6&_nc_cat=106&ig_cache_key=GHeBPySGqcJ1HXtAAGnY8x0n3M8TbmNDAQAB1501500j-ccb7-5&ccb=7-5&_nc_sid=669407&efg=eyJ2ZW5jb2RlX3RhZyI6InByb2ZpbGVfcGljLnd3dy4xMDgwLkMzIn0%3D&_nc_ohc=NKH4kNmzCYIQ7kNvwHffn78&_nc_oc=AdmZnIsnOGq_JhDsFXcO3eAW4gHlJhjQI06arPQjug-kgO8PzuAqUuAjxeNXBCaDKWk&_nc_ad=z-m&_nc_cid=0&_nc_zt=24&_nc_ht=scontent-dfw5-2.cdninstagram.com&_nc_gid=AxaovhqDN19m3UrDfgQwIg&oh=00_AfrYboFPYtmt9LGVGG8SWo7X-LHL_XInz_PW0Qbz7bB8PA&oe=6965DD9C,Menyalla🔥🔥👏,2026-01-06T11:40:12.000Z,7,0,https://www.instagram.com/p/DTKuxKKk6_9/c/18150764845382480
https://www.instagram.com/reel/DTKuxKKk6_9/,_rajamuda18_,_rajamuda18_,rajamuda_,False,https://scontent-dfw5-2.cdninstagram.com/v/t51.89012-19/573323465_1219825463302212_7278921664109726296_n.png?stp=dst-webp_s150x150&_nc_cat=1&ig_cache_key=YW5vbnltb3VzX3Byb2ZpbGVfcGlj.3-ccb7-5&ccb=7-5&_nc_sid=669407&efg=eyJ2ZW5jb2RlX3RhZyI6InByb2ZpbGVfcGljLnd3dy5DMyJ9&_nc_ohc=RNOcSyqJy9IQ7kNvwGfWH7W&_nc_oc=AdkOlUuKPh16s5kLyxYU5BZ7ZB067gICb3oKxV7ZZAyMso9RCOz6s7hJjZdazMXDC0c&_nc_ad=z-m&_nc_cid=0&_nc_zt=24&_nc_ht=scontent-dfw5-2.cdninstagram.com&_nc_gid=AxaovhqDN19m3UrDfgQwIg&oh=00_AfoV8kFWmAqtVbXgSsyV_gPCXSeCjPL-U40Ytc9RH1TuRw&oe=6965DD19,🔥🔥🔥🔥,2026-01-06T11:38:43.000Z,6,0,https://www.instagram.com/p/DTKuxKKk6_9/c/18068844884415438
https://www.instagram.com/p/DTKXvIXE4Pe/,bagashendrawann,bagashendrawann,Hendrawan Bayu Kresna Bagask,False,https://scontent-iad3-1.cdninstagram.com/v/t51.82787-19/580127277_18540110995025593_576151440759577872_n.jpg?stp=dst-jpg_e0_s150x150_tt6&_nc_cat=110&ig_cache_key=GC0KlCK5bvT5Id5BABDdTcuu5v4HbmNDAQAB1501500j-ccb7-5&ccb=7-5&_nc_sid=669407&efg=eyJ2ZW5jb2RlX3RhZyI6InByb2ZpbGVfcGljLnd3dy4xMDgwLkMzIn0%3D&_nc_ohc=oa34A6KeYKYQ7kNvwHwOleS&_nc_oc=Adl3WrbvaFQ0UiSB2miZs-Wez0Dxag2DsxsONzMSdn4cSpiz6UsD6dev8pVlKyNOe3I&_nc_ad=z-m&_nc_cid=0&_nc_zt=24&_nc_ht=scontent-iad3-1.cdninstagram.com&_nc_gid=w_Kn99lXCJBE0w9JhFNFhQ&oh=00_AfptTiUDIpFnT1Fj-D3zSEr52hTxMlEKkhPvpIk0tYT29A&oe=6965E356,PDIP 👏👏,2026-01-06T11:18:16.000Z,81,2,https://www.instagram.com/p/DTKXvIXE4Pe/c/18090580507803043
https://www.instagram.com/p/DTKT8IQknPu/,wibowokawakawa,wibowokawakawa,wibowo,False,https://scontent-dfw5-2.cdninstagram.com/v/t51.89012-19/573323465_1219825463302212_7278921664109726296_n.png?stp=dst-webp_s150x150&_nc_cat=1&ig_cache_key=YW5vbnltb3VzX3Byb2ZpbGVfcGlj.3-ccb7-5&ccb=7-5&_nc_sid=669407&efg=eyJ2ZW5jb2RlX3RhZyI6InByb2ZpbGVfcGljLnd3dy5DMyJ9&_nc_ohc=RNOcSyqJy9IQ7kNvwE2pGxA&_nc_oc=Adn9qMChpG2pc83Ec8niLuF_ECggorNhTCVOGBTWAxNnlzbjFxUSoLQOA2bfTUPRjNg&_nc_ad=z-m&_nc_cid=0&_nc_zt=24&_nc_ht=scontent-dfw5-2.cdninstagram.com&_nc_gid=JJ9Jp7Jfx70SoIrvuXg81w&oh=00_AfqWekKkeMp4lFPl2h8P353mUt5ihZcdSo5Sfrnq9nxorA&oe=6965DD19,❤️PDI-perjuangan 🔥🔥🔥,2026-01-06T11:16:45.000Z,47,4,https://www.instagram.com/p/DTKT8IQknPu/c/17959864584033468
https://www.instagram.com/p/DTKXvIXE4Pe/,ahmad.budiwaluyo,ahmad.budiwaluyo,Abinya Hanan,False,https://scontent-iad3-1.cdninstagram.com/v/t51.2885-19/322935630_911959560162220_4809846644269188067_n.jpg?stp=dst-jpg_e0_s150x150_tt6&_nc_cat=104&ig_cache_key=GE6bPxOsC6IhbD0DAOMDxQ8KAsBCbkULAAAB1501500j-ccb7-5&ccb=7-5&_nc_sid=669407&efg=eyJ2ZW5jb2RlX3RhZyI6InByb2ZpbGVfcGljLnd3dy45NTIuQzMifQ%3D%3D&_nc_ohc=myI2bj4wjVMQ7kNvwGt0G1y&_nc_oc=AdldUrYNoQoS8-Hfb8NhOUBs5dwUxSOe1Cj3TamgaQppYb7PPKRG0CU3SgvxzX4vPos&_nc_ad=z-m&_nc_cid=0&_nc_zt=24&_nc_ht=scontent-iad3-1.cdninstagram.com&oh=00_AfrGvxTDOhagAE_bkh9tj0CPyIOotcL8YI221RnaJQ3NZA&oe=6965DAE7,Gak aneh partai demokrat dari dulu juga plin-plan.,2026-01-06T11:02:00.000Z,31,2,https://www.instagram.com/p/DTKXvIXE4Pe/c/18032651663766128
https://www.instagram.com/p/DTKT8IQknPu/,syakuur__,syakuur__,Abdan Syakur Alkhalish,False,https://scontent-dfw5-3.cdninstagram.com/v/t51.82787-19/574032185_18133896229464189_8849490729798794955_n.jpg?stp=dst-jpg_e0_s150x150_tt6&_nc_cat=108&ig_cache_key=GDkJNyJ9qCa7rmxAAMv_xKDutM96bmNDAQAB1501500j-ccb7-5&ccb=7-5&_nc_sid=669407&efg=eyJ2ZW5jb2RlX3RhZyI6InByb2ZpbGVfcGljLnd3dy4xMDgwLkMzIn0%3D&_nc_ohc=4zU1ZqI4kWIQ7kNvwHV27IQ&_nc_oc=AdlI7wT41NldIihNi2gIuiIZHA7leimuZrMgQS6gP8LjMetBhwtdW3yjygvDGoKlN8o&_nc_ad=z-m&_nc_cid=0&_nc_zt=24&_nc_ht=scontent-dfw5-3.cdninstagram.com&_nc_gid=JJ9Jp7Jfx70SoIrvuXg81w&oh=00_AfpoohIsep_iQLg7erOY_cjVI8Hfep0VpLUpIxckl5zK6w&oe=6965E739,"teman-teman aktivis, siapkan tenaga ya.",2026-01-06T10:39:04.000Z,362,20,https://www.instagram.com/p/DTKT8IQknPu/c/18102889084699079
https://www.instagram.com/p/DTKT8IQknPu/,oedins.id,oedins.id,*----*,False,https://scontent-dfw5-2.cdninstagram.com/v/t51.2885-19/321145869_698854248272620_8230596352943585645_n.jpg?stp=dst-jpg_e0_s150x150_tt6&_nc_cat=100&ig_cache_key=GA1MJBPs0jevmnsCAG3504LG8zhybkULAAAB1501500j-ccb7-5&ccb=7-5&_nc_sid=669407&efg=eyJ2ZW5jb2RlX3RhZyI6InByb2ZpbGVfcGljLnd3dy41MTIuQzMifQ%3D%3D&_nc_ohc=5HbwmtFTJQUQ7kNvwHC0gaX&_nc_oc=AdlqeZbCuST86cekgHjAqhbkndUOvl8GEPTFZw2I08UZzqvsNHRA-6j7noEhaVTbb-U&_nc_ad=z-m&_nc_cid=0&_nc_zt=24&_nc_ht=scontent-dfw5-2.cdninstagram.com&oh=00_Afq5gCHY3bwKB3XZ1ufg9f4p2GlsikUOMeoy1DLVfqAjJQ&oe=6965F31F,Apa perlu Mahasiswa + Masyarakat pro Demokrasi + PDI-P turun ke jalan lagi??,2026-01-06T10:08:49.000Z,1006,38,https://www.instagram.com/p/DTKT8IQknPu/c/18413289067141332
https://www.instagram.com/p/DTKXvIXE4Pe/,aditaring,aditaring,Adipriyanto,False,https://scontent-iad3-1.cdninstagram.com/v/t51.2885-19/367992270_669948115106117_3316379327456367437_n.jpg?stp=dst-jpg_e0_s150x150_tt6&_nc_cat=104&ig_cache_key=GM4d7xVFOWtzUGECAE1TfGltJQYubkULAAAB1501500j-ccb7-5&ccb=7-5&_nc_sid=669407&efg=eyJ2ZW5jb2RlX3RhZyI6InByb2ZpbGVfcGljLnd3dy4xMDgwLkMzIn0%3D&_nc_ohc=OovHXHZwpdEQ7kNvwHEp4qn&_nc_oc=Adm3-ue_g44UdOopS2Ch22wyQSW2-zmO-EimlYvOv-zo74UFTVqvYQJyz1mXEWVOmx8&_nc_ad=z-m&_nc_cid=0&_nc_zt=24&_nc_ht=scontent-iad3-1.cdninstagram.com&oh=00_Afrbb7N8FIDYi0rQAihF0nWGr4U3qDpFrulMgYouypuh_A&oe=6965DB73,Saya sangat setiap dan selalu biru. 🔵.. Untuk demokrat karena saya anggap sangat pro rakyat... Tapi untuk saat ini.. Saya berjuang bersama 🐂🐂,2026-01-06T09:51:39.000Z,137,3,https://www.instagram.com/p/DTKXvIXE4Pe/c/17940204734982729
https://www.instagram.com/p/DTKdXX1j0mq/,herunurfaiq,herunurfaiq,Heru Atap Sirap,False,https://scontent-iad3-2.cdninstagram.com/v/t51.82787-19/541615992_18398666020141306_6568085491756951874_n.jpg?stp=dst-webp_s150x150&_nc_cat=105&cb=8438d1d6-aa1c7732&ig_cache_key=GHhnSCD6uHhAfV1BAELpkZ70hiZbbmNDAQAB1501500w-ccb7-5-cb8438d1d6-aa1c7732&ccb=7-5&_nc_sid=669407&efg=eyJ2ZW5jb2RlX3RhZyI6InByb2ZpbGVfcGljLnd3dy4xMDgwLkMzIn0%3D&_nc_ohc=w07Z4w5W4LcQ7kNvwFINuk1&_nc_oc=Admm8daMK39JljNqUEc6_7OSpVzsUaV7lV47lDT5t8-AMoeWSJ3XzQh2tAeYS31gRVw&_nc_ad=z-m&_nc_cid=0&_nc_zt=24&_nc_ht=scontent-iad3-2.cdninstagram.com&_nc_gid=v5IRwphyzm_nEpXOq927EQ&oh=00_Afp12oUHhBQpViyO4x2acMKpYQeJHVK1la69wD5ag6WR3Q&oe=6965E59A,Pantesan Index Demokrasi di Indonesia menurun drastis😂😂😂,2026-01-06T09:46:34.000Z,295,0,https://www.instagram.com/p/DTKdXX1j0mq/c/18072390626580824
https://www.instagram.com/p/DTKT8IQknPu/,mrifaldi777,mrifaldi777,Muhammad Rifaldi,False,https://scontent-dfw5-2.cdninstagram.com/v/t51.82787-19/561881972_18531025999038652_5222572839318490909_n.jpg?stp=dst-jpg_e0_s150x150_tt6&_nc_cat=106&ig_cache_key=GHSjfSG8CP_13tVBAB2PLrVTTnpIbmNDAQAB1501500j-ccb7-5&ccb=7-5&_nc_sid=669407&efg=eyJ2ZW5jb2RlX3RhZyI6InByb2ZpbGVfcGljLnd3dy4xMDI0LkMzIn0%3D&_nc_ohc=qalCWzgudnYQ7kNvwGHaLGP&_nc_oc=AdkcJdNkpOC9Qol3Geb5LcYkzwopTaOrU1BJaQlC0sKqtr3WvwrgCYj-MJdMaDCqmE4&_nc_ad=z-m&_nc_cid=0&_nc_zt=24&_nc_ht=scontent-dfw5-2.cdninstagram.com&_nc_gid=JJ9Jp7Jfx70SoIrvuXg81w&oh=00_AfoTDZLvj7OjRrwE1_M7TfA_jh2Tz4pEw0wT0jtVqXoL1w&oe=6965C4DE,Ternyata PDIP masih yg paling peduli dengan suara rakyat - Menolak jabatan 3 periode presiden - Menolak pilkada via DPR 🔥🔥,2026-01-06T09:44:08.000Z,2547,119,https://www.instagram.com/p/DTKT8IQknPu/c/18071921165097842
https://www.instagram.com/p/DTKXvIXE4Pe/,edisapril02,edisapril02,Edi Sapril,False,https://scontent-iad3-2.cdninstagram.com/v/t51.2885-19/333863589_1537341196751535_4505842553317190129_n.jpg?stp=dst-jpg_e0_s150x150_tt6&_nc_cat=111&ig_cache_key=GKVa5hOvUu4jNHYFAPFpT_Tt94c_bkULAAAB1501500j-ccb7-5&ccb=7-5&_nc_sid=669407&efg=eyJ2ZW5jb2RlX3RhZyI6InByb2ZpbGVfcGljLnd3dy4xMDgwLkMzIn0%3D&_nc_ohc=mQKCFjlcajsQ7kNvwEIh3ZK&_nc_oc=AdkP6RWzPPKb7GrKYB3XNpvO1DRGCaN-BeZLRMhLz-OgOVOoG_m2nNhhsUOo2-AB394&_nc_ad=z-m&_nc_cid=0&_nc_zt=24&_nc_ht=scontent-iad3-2.cdninstagram.com&oh=00_AfoAwj3tt95I0iufWHpRqBOUicAzqTCXNAclVcftRpPGmg&oe=6965EAE9,Hanya yang kokoh berdiri paling depan membela hak rakyat Indonesia merdeka 🔥,2026-01-06T09:38:20.000Z,110,3,https://www.instagram.com/p/DTKXvIXE4Pe/c/18052863554392212
https://www.instagram.com/p/DTKdXX1j0mq/,maswaluya,maswaluya,Mas Waluya,False,https://scontent-iad3-1.cdninstagram.com/v/t51.2885-19/30602277_626184134389821_2706295666719588352_n.jpg?stp=dst-webp_s150x150&_nc_cat=107&cb=8438d1d6-aa1c7732&ig_cache_key=GCX00gE98OTagjkCAAAAAACSsY4lbkULAAAB1501500w-ccb7-5-cb8438d1d6-aa1c7732&ccb=7-5&_nc_sid=669407&efg=eyJ2ZW5jb2RlX3RhZyI6InByb2ZpbGVfcGljLnd3dy4xMDgwLkMzIn0%3D&_nc_ohc=zN2W6Oee1QUQ7kNvwGxKSn5&_nc_oc=AdmxZGkSrfYLEfLtmOIlb1D5lHKkaMshKKM808ZCxDl4qdpbYX4Jz2Bl-E7_1J2Aac8&_nc_ad=z-m&_nc_cid=0&_nc_zt=24&_nc_ht=scontent-iad3-1.cdninstagram.com&oh=00_AfoXGQGEhntaeI0maaoqwZ7yN60_hZSJjPAVehFDS7TYEg&oe=6965ED46,wah PDIP single,2026-01-06T09:30:42.000Z,176,15,https://www.instagram.com/p/DTKdXX1j0mq/c/18358955710225599
https://www.instagram.com/p/DTKdXX1j0mq/,bekti_wirjo_soedarmo,bekti_wirjo_soedarmo,Bekti Wirjo Soedarmo,False,https://scontent-iad3-2.cdninstagram.com/v/t51.2885-19/292778996_752643662526033_7399527038477675508_n.jpg?stp=dst-webp_s150x150&_nc_cat=111&cb=8438d1d6-aa1c7732&ig_cache_key=GPRzcxFRtiWChqwCAPQrXBqjZrBmbkULAAAB1501500w-ccb7-5-cb8438d1d6-aa1c7732&ccb=7-5&_nc_sid=669407&efg=eyJ2ZW5jb2RlX3RhZyI6InByb2ZpbGVfcGljLnd3dy43MjAuQzMifQ%3D%3D&_nc_ohc=L1J_8Hr3guIQ7kNvwFSwn6C&_nc_oc=Adn2T7qP5k2dpWNHxj7zWH8qk--8UFykZIYnbxrn661V6kDVynOAtjp2jgCOPI7wfTw&_nc_ad=z-m&_nc_cid=0&_nc_zt=24&_nc_ht=scontent-iad3-2.cdninstagram.com&oh=00_Afprcoca0NtosUGFgngGc4ARsGawOBPrExuvq0KKXUJJUw&oe=6965EF78,"Semua akan menjilat pada waktunya, kecuali PDIP..",2026-01-06T09:28:25.000Z,434,19,https://www.instagram.com/p/DTKdXX1j0mq/c/17926482690195263
https://www.instagram.com/p/DTKdXX1j0mq/,dentama.a,dentama.a,Dentama Ardiratna,False,https://scontent-iad3-1.cdninstagram.com/v/t51.2885-19/323119503_526914782548484_8055275947221553417_n.jpg?stp=dst-webp_s150x150&_nc_cat=110&cb=8438d1d6-aa1c7732&ig_cache_key=GI9pQhME0nDoOd8BAAmR45nLFspvbkULAAAB1501500w-ccb7-5-cb8438d1d6-aa1c7732&ccb=7-5&_nc_sid=669407&efg=eyJ2ZW5jb2RlX3RhZyI6InByb2ZpbGVfcGljLnd3dy4xMDgwLkMzIn0%3D&_nc_ohc=NGrLaPN9CdoQ7kNvwGGZ3QO&_nc_oc=Adkaw7JtcGXKzHZO3SDO4uNQpwsyV8OhxT1Vjb3Tah5B46qH8VvCphsZlsoFC9PRz5Q&_nc_ad=z-m&_nc_cid=0&_nc_zt=24&_nc_ht=scontent-iad3-1.cdninstagram.com&oh=00_Afod2tRZAAS4WvNqpYirhaiLguxcUKPebo6Tbr-o6c3Thw&oe=6965F477,Hanya PDIP yang tersisa digaris rakyat. Suksa gak suka hanya PDIP yang masih memilih pemilu langsung oleh rakyat.,2026-01-06T09:13:17.000Z,1217,100,https://www.instagram.com/p/DTKdXX1j0mq/c/17928283905187091
https://www.instagram.com/p/DTKdXX1j0mq/,herlinapamungkas,herlinapamungkas,Herlina Pamungkas,False,https://scontent-iad3-2.cdninstagram.com/v/t51.2885-19/469295476_1156746202734924_2639425320866455081_n.jpg?stp=dst-webp_s150x150&_nc_cat=103&cb=8438d1d6-aa1c7732&ig_cache_key=GHTh_BtMYYL2DRwEACmealVYH6EkbkULAAAB1501500w-ccb7-5-cb8438d1d6-aa1c7732&ccb=7-5&_nc_sid=669407&efg=eyJ2ZW5jb2RlX3RhZyI6InByb2ZpbGVfcGljLnd3dy45NTYuQzMifQ%3D%3D&_nc_ohc=LIb9tYQuWUgQ7kNvwFineAk&_nc_oc=AdmY6ZlDmocQUuHRzl-yOLo7u4lI7hCOiUIgXy5RK6S-88Twr2sNdX_ClQpD7Rkl-O8&_nc_ad=z-m&_nc_cid=0&_nc_zt=24&_nc_ht=scontent-iad3-2.cdninstagram.com&oh=00_Afpy5_ffJ8IaPBm5xbx1JhYX0FS83C6PXBKodMExHsqSYQ&oe=6965DA33,Takut ga bs makan,2026-01-06T09:05:08.000Z,138,1,https://www.instagram.com/p/DTKdXX1j0mq/c/18112244101554911
https://www.instagram.com/p/DTKXvIXE4Pe/,banditbonafide,banditbonafide,Bandit Bonafide,False,https://scontent-iad3-2.cdninstagram.com/v/t51.2885-19/485870753_1163250965002420_2053267132559418448_n.jpg?stp=dst-jpg_e0_s150x150_tt6&_nc_cat=100&ig_cache_key=GKHM9Ry0uI14_CEEAFBkMBGUq34cbkULAAAB1501500j-ccb7-5&ccb=7-5&_nc_sid=669407&efg=eyJ2ZW5jb2RlX3RhZyI6InByb2ZpbGVfcGljLnd3dy45NjAuQzMifQ%3D%3D&_nc_ohc=psZWEGGwd8gQ7kNvwHYseZ-&_nc_oc=Adldw19jeALSnsVrIrvT5HAz8657JYNdJK65BSuNkDL-2TEsciL_i-JJQySvnzZPZh0&_nc_ad=z-m&_nc_cid=0&_nc_zt=24&_nc_ht=scontent-iad3-2.cdninstagram.com&oh=00_AfonFrdJR_eBEw0iTSpf0d8ucS-OuvW9r1JNcWM6ChSTTA&oe=6965CCB6,"Kembali ke stelan awal, org golkar akan kembali ke golkar org dulu golkar pecah, jadi gerindra, hanura, demokrat, dan nasdem .. lahir dari rahim yg sama 😂😂😂",2026-01-06T08:53:37.000Z,50,8,https://www.instagram.com/p/DTKXvIXE4Pe/c/17950593147062790
https://www.instagram.com/p/DTKXvIXE4Pe/,pinjaman_bpkb_mobil_motor_,pinjaman_bpkb_mobil_motor_,gadai_BPKB_Mobil_Motor,False,https://scontent-iad3-1.cdninstagram.com/v/t51.82787-19/590583421_18398016754132202_5172596660192772004_n.jpg?stp=dst-jpg_e0_s150x150_tt6&_nc_cat=101&ig_cache_key=GH2WMyPqpDMV5lxBAKR-KcFBwchHbmNDAQAB1501500j-ccb7-5&ccb=7-5&_nc_sid=669407&efg=eyJ2ZW5jb2RlX3RhZyI6InByb2ZpbGVfcGljLnd3dy4xMDgwLkMzIn0%3D&_nc_ohc=ferHLHIAzyQQ7kNvwEEDC2n&_nc_oc=AdmoW5nMLRxb5EduOQJ55iOBARgpJus_c59jH5Z2bdMCjPwPqZl5JFJGGaKqt0muez0&_nc_ad=z-m&_nc_cid=0&_nc_zt=24&_nc_ht=scontent-iad3-1.cdninstagram.com&_nc_gid=w_Kn99lXCJBE0w9JhFNFhQ&oh=00_Afq_24Pz1QfLeTAAjWN35aFk5bPbfA7wBsChcw_GV3Jiaw&oe=6965E185,"Pilkada yang dipilih oleh DPRD bukanlah solusi bagi perbaikan demokrasi. Justru sebaliknya, mekanisme ini membuka ruang lebar bagi praktik transaksional, konflik kepentingan, serta potensi KKN yang sulit diawasi publik. Ketika hak memilih rakyat dipindahkan ke tangan segelintir elite, maka yang tergerus bukan hanya transparansi, tetapi juga kedaulatan rakyat itu sendiri. Demokrasi tidak boleh direduksi menjadi kesepakatan politik tertutup, karena demokrasi sejati hanya hidup ketika suara rakyat dihormati dan dijaga",2026-01-06T08:26:10.000Z,27,6,https://www.instagram.com/p/DTKXvIXE4Pe/c/17950644524933752
https://www.instagram.com/p/DTKXvIXE4Pe/,jparwant7,jparwant7,Jk Parwanta,False,https://scontent-iad3-2.cdninstagram.com/v/t51.82787-19/580833479_18144807892435444_2407970768507996383_n.jpg?stp=dst-jpg_e0_s150x150_tt6&_nc_cat=106&ig_cache_key=GMfQniL0QfJMm3ZAAN_Ice6n1GohbmNDAQAB1501500j-ccb7-5&ccb=7-5&_nc_sid=669407&efg=eyJ2ZW5jb2RlX3RhZyI6InByb2ZpbGVfcGljLnd3dy4xMDgwLkMzIn0%3D&_nc_ohc=q-0yUdjgbvgQ7kNvwFYFDZP&_nc_oc=AdkElFr9RQ6bK0-cfqqjbF_11MX0bTxYEqMe2-WV13AXIOWKtX_uLDmErI3o3AwdKxA&_nc_ad=z-m&_nc_cid=0&_nc_zt=24&_nc_ht=scontent-iad3-2.cdninstagram.com&_nc_gid=w_Kn99lXCJBE0w9JhFNFhQ&oh=00_AfqF65GjE9ouojJ9FIYeaE2eO4fI2tyBeWAm1kaJWQmcyg&oe=6965E9DF,Sontoloyo. Cuma PDI P 🦬 yg MENOLAK🔥,2026-01-06T08:25:47.000Z,131,5,https://www.instagram.com/p/DTKXvIXE4Pe/c/18086748551515361
https://www.instagram.com/p/DTKXvIXE4Pe/,maribersuara.co,maribersuara.co,mari bersuara,False,https://scontent-iad3-1.cdninstagram.com/v/t51.82787-19/544059078_18046100117647765_3263952761329192251_n.jpg?stp=dst-jpg_e0_s150x150_tt6&_nc_cat=110&ig_cache_key=GMaubSCV8Rcb1RxAADuNrka_40stbmNDAQAB1501500j-ccb7-5&ccb=7-5&_nc_sid=669407&efg=eyJ2ZW5jb2RlX3RhZyI6InByb2ZpbGVfcGljLnd3dy4xMDgwLkMzIn0%3D&_nc_ohc=ooqOr5oYEHMQ7kNvwG9eWky&_nc_oc=Adlx4vV1b24Ko1zZ2_aFXjIFOyx-pgs-w11i4E2HtXoK3LiyfiA9uJolV35Je7qcJVo&_nc_ad=z-m&_nc_cid=0&_nc_zt=24&_nc_ht=scontent-iad3-1.cdninstagram.com&_nc_gid=w_Kn99lXCJBE0w9JhFNFhQ&oh=00_AfqS1YTYY9HBlOgvc9LsAmSb83p1UBQi9Ag71xzW77Pwtw&oe=6965E8B7,Kalo nolak hilang dah jabatan MENKO ....,2026-01-06T08:25:14.000Z,313,9,https://www.instagram.com/p/DTKXvIXE4Pe/c/18140637883465402
https://www.instagram.com/p/DTKXvIXE4Pe/,tomsawk,tomsawk,,False,https://scontent-iad3-1.cdninstagram.com/v/t51.89012-19/573323465_1219825463302212_7278921664109726296_n.png?stp=dst-webp_s150x150&_nc_cat=1&ig_cache_key=YW5vbnltb3VzX3Byb2ZpbGVfcGlj.3-ccb7-5&ccb=7-5&_nc_sid=669407&efg=eyJ2ZW5jb2RlX3RhZyI6InByb2ZpbGVfcGljLnd3dy5DMyJ9&_nc_ohc=RNOcSyqJy9IQ7kNvwEmEIev&_nc_oc=Adn4vP4JRcIRxYywC3lUZt8o85iIn65PB_tQeNzPB9oLuYWgMxvU9-X0TnvsME-LKBA&_nc_ad=z-m&_nc_cid=0&_nc_zt=24&_nc_ht=scontent-iad3-1.cdninstagram.com&_nc_gid=w_Kn99lXCJBE0w9JhFNFhQ&oh=00_Afrsc14OrM9vqRKiXu8i-7_8YwXDOC2biyxAA4Tb4jE1Jw&oe=6965DD19,"Ini bukan bentuk demokrasi, tapi bentuk kepentingan partai.",2026-01-06T08:20:23.000Z,67,3,https://www.instagram.com/p/DTKXvIXE4Pe/c/17875645311466736
https://www.instagram.com/p/DTKXvIXE4Pe/,herikusnadi58,herikusnadi58,Kusnadi Herry,False,https://scontent-iad3-1.cdninstagram.com/v/t51.82787-19/556870059_18004888232802644_3741323392712365306_n.jpg?stp=dst-jpg_e0_s150x150_tt6&_nc_cat=102&ig_cache_key=GKspMSFUOVa3Wfc-APrUeqTN2eszbmNDAQAB1501500j-ccb7-5&ccb=7-5&_nc_sid=669407&efg=eyJ2ZW5jb2RlX3RhZyI6InByb2ZpbGVfcGljLnd3dy4xMDgwLkMzIn0%3D&_nc_ohc=To6BXX62xBwQ7kNvwELZgAV&_nc_oc=AdkknPjnTdTydOzRV7_ESEJMFUYFo8Ou-nPwyZO40UhOhW8gVd1F9NcYqy4QnY9flqk&_nc_ad=z-m&_nc_cid=0&_nc_zt=24&_nc_ht=scontent-iad3-1.cdninstagram.com&_nc_gid=w_Kn99lXCJBE0w9JhFNFhQ&oh=00_AfoOmmRUwoeSH_g2AiVJBoexxRBmyfMX-E_sFAO_4XJOBA&oe=6965F43C,Nolak hilang jabatan menko itu?,2026-01-06T08:14:01.000Z,60,11,https://www.instagram.com/p/DTKXvIXE4Pe/c/18073139543373541
https://www.instagram.com/p/DTKT8IQknPu/,nagadaul,nagadaul,August Daulat,False,https://scontent-dfw5-2.cdninstagram.com/v/t51.2885-19/366415434_951289529266679_1142219746316010993_n.jpg?stp=dst-jpg_e0_s150x150_tt6&_nc_cat=106&ig_cache_key=GEoO1xX3cXhaMWEDAPFFmrrO_tkPbkULAAAB1501500j-ccb7-5&ccb=7-5&_nc_sid=669407&efg=eyJ2ZW5jb2RlX3RhZyI6InByb2ZpbGVfcGljLnd3dy4xMDgwLkMzIn0%3D&_nc_ohc=1fLm11lfdPMQ7kNvwHk4kE_&_nc_oc=Adki0g50OTfgFkhQAfDIDQ17GzAiPg94pdxk5l0KaMEQYB1yCp8ALPZjYqNqYY4BVSU&_nc_ad=z-m&_nc_cid=0&_nc_zt=24&_nc_ht=scontent-dfw5-2.cdninstagram.com&oh=00_AfoIrcefcGivLl5wMbIvOQCXs6q16wqStm5ZEYRtLteEMg&oe=6965F5B4,Gw selalu suka dengan si merah (versi Oposisi). 😂,2026-01-06T08:02:39.000Z,2787,83,https://www.instagram.com/p/DTKT8IQknPu/c/18063923198638654
https://www.instagram.com/p/DTKT8IQknPu/,alfinovie,alfinovie,Novie alfi,False,https://scontent-dfw5-1.cdninstagram.com/v/t51.82787-19/589279504_18124797322518415_8271862096452264928_n.jpg?stp=dst-jpg_e0_s150x150_tt6&_nc_cat=107&ig_cache_key=GBCxHyOP3wg6aGRAAOAjDiLAjstybmNDAQAB1501500j-ccb7-5&ccb=7-5&_nc_sid=669407&efg=eyJ2ZW5jb2RlX3RhZyI6InByb2ZpbGVfcGljLnd3dy4xMDgwLkMzIn0%3D&_nc_ohc=gEMHGCa1RLMQ7kNvwFoh2TQ&_nc_oc=Adl06J8963vOgy-u264O8U9LhLqUT7nreUWHtwqj2JA9AJgbjfWsVJRFpYIVh8pJGvI&_nc_ad=z-m&_nc_cid=0&_nc_zt=24&_nc_ht=scontent-dfw5-1.cdninstagram.com&_nc_gid=JJ9Jp7Jfx70SoIrvuXg81w&oh=00_AfqekRzSuKIndfCZEwja0hRQdnH24tlyqNf1eZP6R0iP8g&oe=6965E2F4,Waduh...rakyat gk dianggap ini mah😢,2026-01-06T07:52:39.000Z,47,4,https://www.instagram.com/p/DTKT8IQknPu/c/17922578196224153
https://www.instagram.com/p/DTKT8IQknPu/,goto_impostor,goto_impostor,Hananda Gagas,False,https://scontent-dfw6-1.cdninstagram.com/v/t51.2885-19/201804774_1216960512057571_8279330547399572446_n.jpg?stp=dst-jpg_e0_s150x150_tt6&_nc_cat=103&ig_cache_key=GOZLBwzj4Aaz0VIEAN67yl9EF_ZybkULAAAB1501500j-ccb7-5&ccb=7-5&_nc_sid=669407&efg=eyJ2ZW5jb2RlX3RhZyI6InByb2ZpbGVfcGljLnd3dy4xMDA5LkMzIn0%3D&_nc_ohc=RFwI68uaUsQQ7kNvwFSGYHh&_nc_oc=AdndGIeWWRg39lfjYFtopPHI03mwoJsGqlkrWZ78cPhVn-5WxsaMAl_XM-MHtcw-dQY&_nc_ad=z-m&_nc_cid=0&_nc_zt=24&_nc_ht=scontent-dfw6-1.cdninstagram.com&oh=00_AfqXrOd8engUZFNVtgLYajUf-JzfAgvTvrzspcrdvdTDkA&oe=6965F4EA,Pdip mode oposisi gacor parah euy 😂,2026-01-06T07:49:21.000Z,468,13,https://www.instagram.com/p/DTKT8IQknPu/c/18549605626043961
https://www.instagram.com/p/DTKT8IQknPu/,fuitera25,fuitera25,"Fitrananda Ramadhani, S.Ars.",False,https://scontent-dfw5-3.cdninstagram.com/v/t51.82787-19/540383658_18519102649038772_1041800823435842403_n.jpg?stp=dst-jpg_e0_s150x150_tt6&_nc_cat=109&ig_cache_key=GKqZNSC0d-SWBstBAGNTmkdUOHUObmNDAQAB1501500j-ccb7-5&ccb=7-5&_nc_sid=669407&efg=eyJ2ZW5jb2RlX3RhZyI6InByb2ZpbGVfcGljLnd3dy4xMDgwLkMzIn0%3D&_nc_ohc=TYXDv8NHG0oQ7kNvwHb_MdN&_nc_oc=AdnPia1ekjUgCXRb3A3TAT7c2-zVhAK8kkDDCVfifbmoN5yVIxnmnBpjwRIjEzRvy3s&_nc_ad=z-m&_nc_cid=0&_nc_zt=24&_nc_ht=scontent-dfw5-3.cdninstagram.com&_nc_gid=JJ9Jp7Jfx70SoIrvuXg81w&oh=00_AfoNE8FE6vHPGhy_t1cjFmFviamhoMIqhPKIVNrVBYLvkQ&oe=6965D38D,Siapapun partai yg mendukung bakalan gua blacklist,2026-01-06T07:47:23.000Z,1349,38,https://www.instagram.com/p/DTKT8IQknPu/c/18127187533517326
https://www.instagram.com/p/DTKT8IQknPu/,martinusm__,martinusm__,Martinus Martin,False,https://scontent-dfw5-3.cdninstagram.com/v/t51.2885-19/332975185_2986800524962635_4246081089022094550_n.jpg?stp=dst-jpg_e0_s150x150_tt6&_nc_cat=109&ig_cache_key=GFHM2BNLK06wepwKANZsqvZAHO06bkULAAAB1501500j-ccb7-5&ccb=7-5&_nc_sid=669407&efg=eyJ2ZW5jb2RlX3RhZyI6InByb2ZpbGVfcGljLnd3dy4xMDgwLkMzIn0%3D&_nc_ohc=FipJxAFDFDoQ7kNvwEvov0Z&_nc_oc=AdlM_4OAI5OvnlA9lBsqwIdg8xUen89eo_AWvvXaLjl11EBLpVq5is6jO6vVOMNFntw&_nc_ad=z-m&_nc_cid=0&_nc_zt=24&_nc_ht=scontent-dfw5-3.cdninstagram.com&oh=00_AfrSsx5_MDgTSywZsM1ylFqqEJ0drJukwHjThBzvuxOulA&oe=6965EC4A,Demi mempertahankan kekuasaan 🔥,2026-01-06T07:45:21.000Z,114,3,https://www.instagram.com/p/DTKT8IQknPu/c/18306625303266204
https://www.instagram.com/p/DTKT8IQknPu/,rineldykristian,rineldykristian,Rineldy Kristian,False,https://scontent-dfw5-2.cdninstagram.com/v/t51.2885-19/29737438_213948139339121_6162687357137977344_n.jpg?stp=dst-jpg_e0_s150x150_tt6&_nc_cat=106&ig_cache_key=GN7BxQFxfdiulcIAAAAAAACAQ4ZVbkULAAAB1501500j-ccb7-5&ccb=7-5&_nc_sid=669407&efg=eyJ2ZW5jb2RlX3RhZyI6InByb2ZpbGVfcGljLnd3dy41MzkuQzMifQ%3D%3D&_nc_ohc=9Qf8NuOJ7OkQ7kNvwEyTYjn&_nc_oc=AdlSym62Ci9A6Phb891qFpHaPgpKfjSIsHm7UpJewRds4zLBQxZ3t-cd_ouLpBGfMDo&_nc_ad=z-m&_nc_cid=0&_nc_zt=24&_nc_ht=scontent-dfw5-2.cdninstagram.com&oh=00_AfrQWjX20Olzo2LPWWOrUp7z0ljxIYlIFikQZAZKhhn2VA&oe=6965EB55,Menurut keyakinan saya...pemilu berikutnya nda usah pilih partai yg mendukung pilkada via DPRD 🔥🔥🔥,2026-01-06T07:45:21.000Z,641,26,https://www.instagram.com/p/DTKT8IQknPu/c/17870446062505652
https://www.instagram.com/p/DTKT8IQknPu/,indra_wan66,indra_wan66,,False,https://scontent-dfw5-2.cdninstagram.com/v/t51.2885-19/264199420_129058019557990_7148690009782534017_n.jpg?stp=dst-jpg_e0_s150x150_tt6&_nc_cat=104&ig_cache_key=GPxcvw9mQmmpYHUAAIG-eEKwPzVjbkULAAAB1501500j-ccb7-5&ccb=7-5&_nc_sid=669407&efg=eyJ2ZW5jb2RlX3RhZyI6InByb2ZpbGVfcGljLnd3dy41NDAuQzMifQ%3D%3D&_nc_ohc=WteNQj9hhfMQ7kNvwH-ZsQt&_nc_oc=AdmuiVPZslxoeZyQodHOQOqHtRbXdh6RQLucos76UwuTrrt0CYZeFRerDfGhdNyKGuA&_nc_ad=z-m&_nc_cid=0&_nc_zt=24&_nc_ht=scontent-dfw5-2.cdninstagram.com&oh=00_AfoY1GZ6ShGdO_i28XgpfijEOP2ZzKsbNRxKYWoUu9V4nA&oe=6965CC6C,Antisipasi golput atau agenda seseorang ??,2026-01-06T07:42:36.000Z,30,8,https://www.instagram.com/p/DTKT8IQknPu/c/18073603952615469
https://www.instagram.com/p/DTKNYpqEnmM/,riconofriadi,riconofriadi,Rico Nofriadi,False,https://scontent-sjc3-1.cdninstagram.com/v/t51.75761-19/498625870_18407658862096264_2542602769252041756_n.jpg?stp=dst-jpg_e0_s150x150_tt6&_nc_cat=102&ig_cache_key=GE5tuB2IL58Pq2VBABxEMVK-I0kjbvEnAQAB1501500j-ccb7-5&ccb=7-5&_nc_sid=669407&efg=eyJ2ZW5jb2RlX3RhZyI6InByb2ZpbGVfcGljLnd3dy4xMDgwLkMzIn0%3D&_nc_ohc=RRqNbVq4hl8Q7kNvwHuEA3d&_nc_oc=Adn9955AZWEckuzxfL7uW6nE_PMblQbWhaI3oUuKRNoReV0uBFy1pXmwTapx2RZNs_o&_nc_ad=z-m&_nc_cid=0&_nc_zt=24&_nc_ht=scontent-sjc3-1.cdninstagram.com&_nc_gid=rR6wHRtyPOQzZhK1mlVfKg&oh=00_AfqsneZM19byG7Mf16rlNQV0dA125AcUiFXVr3wX4bF0vg&oe=6965F6EA,Pemerintah mau menghilangkan HAK-HAK rakyat . Dengan dalih menghemat anggaran . Jangan mau terkecoh dengan di gemoy . Dia sedang memainkan orde Baru jilit dua...😎,2026-01-06T07:27:50.000Z,0,0,https://www.instagram.com/p/DTKNYpqEnmM/c/17878366644451703
https://www.instagram.com/reel/DTJ3IWGE8ou/,adilsatriaputraa,adilsatriaputraa,Adil Satria Putra,False,https://scontent-sjc6-1.cdninstagram.com/v/t51.82787-19/569704162_18375348595151327_2404125295589509173_n.jpg?stp=dst-jpg_e0_s150x150_tt6&_nc_cat=104&ig_cache_key=GOL_9CHfUaM9SEhBADXIJP83K10hbmNDAQAB1501500j-ccb7-5&ccb=7-5&_nc_sid=669407&efg=eyJ2ZW5jb2RlX3RhZyI6InByb2ZpbGVfcGljLnd3dy4xMDgwLkMzIn0%3D&_nc_ohc=EvWcCgBtnMcQ7kNvwFWMvw0&_nc_oc=Adn4MFSiUEEl2-iGm-eEcFsGVYJlsZTaCTzrydThu8ZW40KMxCUy7LyMrQo2oeaxoHM&_nc_ad=z-m&_nc_cid=0&_nc_zt=24&_nc_ht=scontent-sjc6-1.cdninstagram.com&_nc_gid=Oi8i1nKN_-_iSskCWEKziQ&oh=00_AfpRUOkpsjlL5SQMDbHrT-oY8HnmZ66Yf2kuwiYHHaaRew&oe=6965CE0A,Cocok Situbondo,2026-01-06T04:57:06.000Z,0,0,https://www.instagram.com/p/DTJ3IWGE8ou/c/17954803755047387
https://www.instagram.com/reel/DTAql6qFW2B/,gustiermanto,gustiermanto,Gusti Ermanto,False,https://scontent-lga3-1.cdninstagram.com/v/t51.2885-19/15034600_1768680463271158_6586117441137410048_a.jpg?stp=dst-jpg_e0_s150x150_tt6&_nc_cat=102&ig_cache_key=GOho5QD2BLwCm0gGAAAAAADrlmZbYUULAAAB1501500j-ccb7-5&ccb=7-5&_nc_sid=669407&efg=eyJ2ZW5jb2RlX3RhZyI6InByb2ZpbGVfcGljLnd3dy4yMDAuQzMifQ%3D%3D&_nc_ohc=QsEgQ2duhgYQ7kNvwFymNlk&_nc_oc=AdlG9_cBqR5vUmdOGMbzDxSdtConEFdCIW0XQ8fMvlwdEdDu53Jvh2fdDx9PZSHXOWA&_nc_ad=z-m&_nc_cid=0&_nc_zt=24&_nc_ht=scontent-lga3-1.cdninstagram.com&oh=00_Afpem5RYt4NuMHroMzbHu9WFSblWKyHCAfB_YDq3ntcuLg&oe=6965E06C,Takut kalah kadernya di daerah 😂,2026-01-06T04:53:15.000Z,1,1,https://www.instagram.com/p/DTAql6qFW2B/c/17845810641638467
https://www.instagram.com/reel/DTJ3IWGE8ou/,junachmadedo,junachmadedo,Edoe Juna,False,https://scontent-sjc3-1.cdninstagram.com/v/t51.2885-19/435068878_1341224099906128_8951571846946052398_n.jpg?stp=dst-jpg_e0_s150x150_tt6&_nc_cat=102&ig_cache_key=GM6f7hlQAgoS1sMEAC5Zm9YqXzp8bkULAAAB1501500j-ccb7-5&ccb=7-5&_nc_sid=669407&efg=eyJ2ZW5jb2RlX3RhZyI6InByb2ZpbGVfcGljLnd3dy42MTIuQzMifQ%3D%3D&_nc_ohc=uPXr9Ubel80Q7kNvwEwA_p0&_nc_oc=AdnNjIDMbiIUppx71xdVLq5j4zz3XlJm0EDEn1Fthp8TiLpQAFv-pPnhy1baB4xUilY&_nc_ad=z-m&_nc_cid=0&_nc_zt=24&_nc_ht=scontent-sjc3-1.cdninstagram.com&oh=00_Afpdf2NsSAAatdo-v9H3i1Z9yLazWhDODxavyWU4n7BWxg&oe=6965DD31,"Apa kontribusi NU buat negara selama ini, selain berpolitik?",2026-01-06T03:32:55.000Z,0,3,https://www.instagram.com/p/DTJ3IWGE8ou/c/17956320324024543
https://www.instagram.com/p/DTHryaVkgwL/,alfaqier_assalim,alfaqier_assalim,محسون رمضان,False,https://scontent-lga3-2.cdninstagram.com/v/t51.82787-19/608836640_18386155150147595_7049127770380433228_n.jpg?stp=dst-jpg_e0_s150x150_tt6&_nc_cat=109&ig_cache_key=GCAcSiQLgIJWHFJBAEz33flbiNNhbmNDAQAB1501500j-ccb7-5&ccb=7-5&_nc_sid=669407&efg=eyJ2ZW5jb2RlX3RhZyI6InByb2ZpbGVfcGljLnd3dy44MTAuQzMifQ%3D%3D&_nc_ohc=8Ly9F1oVoyIQ7kNvwGWCq56&_nc_oc=Adn1P567J-Kglb_YQwc4MshrDlV4LZ7ZKJG_cHcB9SIJfdEzXqw6uqcHXC4utviEP-g&_nc_ad=z-m&_nc_cid=0&_nc_zt=24&_nc_ht=scontent-lga3-2.cdninstagram.com&_nc_gid=TunfO0ZR6FqmKy-RfuEmDg&oh=00_Afopg1DEBI9ZYkrpo2G7yyNoUFG9KbMgL3MsHg9ViW6phg&oe=6965C7CA,Disuruh bikin negara sendiri itu lah..,2026-01-06T03:21:56.000Z,0,0,https://www.instagram.com/p/DTHryaVkgwL/c/18070599362125023
https://www.instagram.com/p/DTHryaVkgwL/,abien15,abien15,Muhammad Thamrin,False,https://scontent-lga3-2.cdninstagram.com/v/t51.82787-19/527612960_18371481673178509_6931262988770479325_n.jpg?stp=dst-jpg_e0_s150x150_tt6&_nc_cat=105&ig_cache_key=GCC8ch_NnSDnw0RBAN0MegL3yjBgbmNDAQAB1501500j-ccb7-5&ccb=7-5&_nc_sid=669407&efg=eyJ2ZW5jb2RlX3RhZyI6InByb2ZpbGVfcGljLnd3dy4xMDgwLkMzIn0%3D&_nc_ohc=OEmgF6938dwQ7kNvwFM9jrO&_nc_oc=AdkBrU8AN6cg_h_9A01sFg4CRrnH-8kz9FkDlAwhBOSPpJi1jyUREqNLzTpmepOHHAM&_nc_ad=z-m&_nc_cid=0&_nc_zt=24&_nc_ht=scontent-lga3-2.cdninstagram.com&_nc_gid=TunfO0ZR6FqmKy-RfuEmDg&oh=00_AfquIinNqMWlJQieajHRYrX7YnYTfDzdzVKqINRRpLxYkw&oe=6965F130,Bikin Kaya Parpol Doang,2026-01-05T16:25:46.000Z,0,0,https://www.instagram.com/p/DTHryaVkgwL/c/18062139971276302
https://www.instagram.com/p/DTHrhmhEoDl/,briliantbimantara,briliantbimantara,briliant bimantara,False,https://scontent-lax3-1.cdninstagram.com/v/t51.2885-19/172116041_869861023573896_8819085020615155398_n.jpg?stp=dst-jpg_e0_s150x150_tt6&_nc_cat=110&ig_cache_key=GElIQgqIZ1BNIhcDAMYevMkZr2N6bkULAAAB1501500j-ccb7-5&ccb=7-5&_nc_sid=669407&efg=eyJ2ZW5jb2RlX3RhZyI6InByb2ZpbGVfcGljLnd3dy44NTMuQzMifQ%3D%3D&_nc_ohc=8elaJJrqzUIQ7kNvwGlC_Xd&_nc_oc=Adk37Q8jchPROPV6h_SOBTfYOInUQvAPsGOk2LggwZPuVIh_e0ABSco3ISpgxBd66dE&_nc_ad=z-m&_nc_cid=0&_nc_zt=24&_nc_ht=scontent-lax3-1.cdninstagram.com&oh=00_AfpzRHSEkc_YMdjK804N3Dv-TGXYdogjFwxZ9ol9OCPAzQ&oe=6965E6F9,Ga ngelepas begal dari lapas orang ini?menko terburuk,2026-01-05T16:22:18.000Z,0,0,https://www.instagram.com/p/DTHrhmhEoDl/c/18339344962231911
https://www.instagram.com/p/DTHryaVkgwL/,waimarie.64,waimarie.64,,False,https://scontent-lga3-3.cdninstagram.com/v/t51.82787-19/610176878_17845689432665617_5419157502814126172_n.jpg?stp=dst-jpg_e0_s150x150_tt6&_nc_cat=110&ig_cache_key=GG6PXiQR7mdbj2Y-AFwAIXEJtzRLbmNDAQAB1501500j-ccb7-5&ccb=7-5&_nc_sid=669407&efg=eyJ2ZW5jb2RlX3RhZyI6InByb2ZpbGVfcGljLnd3dy40NTAuQzMifQ%3D%3D&_nc_ohc=gBCw2h5DoE8Q7kNvwH-axku&_nc_oc=AdkkAYQYnWb_LdHMroIThvWF9-f6lkl59jetU2_oTfUPvEJlMmTajoveQN6XnrhMw18&_nc_ad=z-m&_nc_cid=0&_nc_zt=24&_nc_ht=scontent-lga3-3.cdninstagram.com&_nc_gid=TunfO0ZR6FqmKy-RfuEmDg&oh=00_AfqKcStgd8U9pPKO4_D9E96zUB4P7b3XpsPKLbQsG2ZdwA&oe=6965E879,Presiden juga tidak boleh dipilih rakyat.,2026-01-05T15:22:32.000Z,0,0,https://www.instagram.com/p/DTHryaVkgwL/c/18548241568008880
https://www.instagram.com/p/DTHryaVkgwL/,dianwibowo2025,dianwibowo2025,dian wibowo,False,https://scontent-lga3-1.cdninstagram.com/v/t51.89012-19/573323465_1219825463302212_7278921664109726296_n.png?stp=dst-webp_s150x150&_nc_cat=1&ig_cache_key=YW5vbnltb3VzX3Byb2ZpbGVfcGlj.3-ccb7-5&ccb=7-5&_nc_sid=669407&efg=eyJ2ZW5jb2RlX3RhZyI6InByb2ZpbGVfcGljLnd3dy5DMyJ9&_nc_ohc=RNOcSyqJy9IQ7kNvwHa1U-G&_nc_oc=AdlzYJs9RfoGfERcurzHL1TRgK_o7f2wvBoqSO22aKx9ZEbk22o2ODO3jtk_VzW13GU&_nc_ad=z-m&_nc_cid=0&_nc_zt=24&_nc_ht=scontent-lga3-1.cdninstagram.com&_nc_gid=TunfO0ZR6FqmKy-RfuEmDg&oh=00_AfrnozmhpXXLGEYrWsoeVGQLXpM17ktjJeRjwQIU-GBEHQ&oe=6965DD19,REJIM OMON2 NDAS MU,2026-01-05T12:25:46.000Z,0,0,https://www.instagram.com/p/DTHryaVkgwL/c/18310643746265787
https://www.instagram.com/p/DTIHKenj_1e/,ndarjo_,ndarjo_,,False,https://scontent-sjc3-1.cdninstagram.com/v/t51.2885-19/266663009_979195282732556_2514433808539853342_n.jpg?stp=dst-jpg_e0_s150x150_tt6&_nc_cat=100&ig_cache_key=GGH05A8MNv6qknoDAB4iQBE6EOUibkULAAAB1501500j-ccb7-5&ccb=7-5&_nc_sid=669407&efg=eyJ2ZW5jb2RlX3RhZyI6InByb2ZpbGVfcGljLnd3dy44NzIuQzMifQ%3D%3D&_nc_ohc=kMypXvJRnvIQ7kNvwEHXEYL&_nc_oc=Adn-koCenqAm_9JwhKYrHBlIp539hRKzX7ow5gpcmpOPC2683ewW97u0H-Nu-gWRNNY&_nc_ad=z-m&_nc_cid=0&_nc_zt=24&_nc_ht=scontent-sjc3-1.cdninstagram.com&oh=00_AfoI7M0H_LM3Rv-Fbl1YorBtZkczG9ukLhFGMADjwLwp2g&oe=6965D907,"gus mus dalam pengajian rutinnya, dulu pernah berkata mending gubernur dan bupati/walikota dipilih bukan lewat pemilu. saya ndak tau alasannya. mungkin biar tidak terpolarisasi",2026-01-05T11:10:29.000Z,0,1,https://www.instagram.com/p/DTIHKenj_1e/c/18092663066506470
https://www.instagram.com/p/DTIGTplAamS/,pinjaman_bpkb_mobil_motor_,pinjaman_bpkb_mobil_motor_,gadai_BPKB_Mobil_Motor,False,https://scontent-sjc6-1.cdninstagram.com/v/t51.82787-19/590583421_18398016754132202_5172596660192772004_n.jpg?stp=dst-jpg_e0_s150x150_tt6&_nc_cat=101&ig_cache_key=GH2WMyPqpDMV5lxBAKR-KcFBwchHbmNDAQAB1501500j-ccb7-5&ccb=7-5&_nc_sid=669407&efg=eyJ2ZW5jb2RlX3RhZyI6InByb2ZpbGVfcGljLnd3dy4xMDgwLkMzIn0%3D&_nc_ohc=ferHLHIAzyQQ7kNvwHeeyU-&_nc_oc=AdnwIlBKB1idxu-uLaIBzjHeDbM1i7tTm8ncNQ0lunOtyD5GP5WQzb3h-PevQnuFiuc&_nc_ad=z-m&_nc_cid=0&_nc_zt=24&_nc_ht=scontent-sjc6-1.cdninstagram.com&_nc_gid=cx0AkiZb-dJCfooL-e0HDA&oh=00_AfquE91mq8lWjMmzos22bnQV2cFDUKhRQMumOGhBcPDE-A&oe=6965E185,"Pilkada yang dipilih oleh DPRD bukanlah solusi bagi perbaikan demokrasi. Justru sebaliknya, mekanisme ini membuka ruang lebar bagi praktik transaksional, konflik kepentingan, serta potensi KKN yang sulit diawasi publik. Ketika hak memilih rakyat dipindahkan ke tangan segelintir elite, maka yang tergerus bukan hanya transparansi, tetapi juga kedaulatan rakyat itu sendiri. Demokrasi tidak boleh direduksi menjadi kesepakatan politik tertutup, karena demokrasi sejati hanya hidup ketika suara rakyat dihormati dan dijaga.",2026-01-05T11:01:37.000Z,2,1,https://www.instagram.com/p/DTIGTplAamS/c/18434115139111980
https://www.instagram.com/p/DTHryaVkgwL/,harizal_nurdin,harizal_nurdin,Harizal,False,https://scontent-lga3-2.cdninstagram.com/v/t51.2885-19/142761758_435465167814831_5449171254667144823_n.jpg?stp=dst-jpg_e0_s150x150_tt6&_nc_cat=105&ig_cache_key=GB5fggivwKOiDYwBAHdutJpiWJ9LbkULAAAB1501500j-ccb7-5&ccb=7-5&_nc_sid=669407&efg=eyJ2ZW5jb2RlX3RhZyI6InByb2ZpbGVfcGljLnd3dy4xMDgwLkMzIn0%3D&_nc_ohc=7vr8KLjcT5oQ7kNvwHfjicS&_nc_oc=AdlJSeic_R6L99JTfS8RoDKJPwAU2wHsCO5yCwS3laIT5D0E8x24AfMzGcb-zDoZYHE&_nc_ad=z-m&_nc_cid=0&_nc_zt=24&_nc_ht=scontent-lga3-2.cdninstagram.com&oh=00_AfoVTcabF76ZwlUi1hLqd2pwkY5LkbAR4as7PDtoRfOLZg&oe=6965CBC3,Oligarki konsultan politik mulai merasa kepentingannya dirampas.,2026-01-05T10:45:51.000Z,0,0,https://www.instagram.com/p/DTHryaVkgwL/c/18113402074614626
https://www.instagram.com/p/DTHryaVkgwL/,masgalih277,masgalih277,kesayanganmu ❤️,False,https://scontent-lga3-2.cdninstagram.com/v/t51.82787-19/541167015_17927278419098269_2558671404619383325_n.jpg?stp=dst-jpg_e0_s150x150_tt6&_nc_cat=101&ig_cache_key=GKeNQSCduvXFw7A-AB3CSQkWOoIjbmNDAQAB1501500j-ccb7-5&ccb=7-5&_nc_sid=669407&efg=eyJ2ZW5jb2RlX3RhZyI6InByb2ZpbGVfcGljLnd3dy4xMDgwLkMzIn0%3D&_nc_ohc=-79vWywTKr0Q7kNvwFpEZQQ&_nc_oc=AdnGLyOg735ckGapPuKpb9px-GlWCc-lzWMRA11A6ZFg2x6uuJ0NBUMiigCfU70vdMw&_nc_ad=z-m&_nc_cid=0&_nc_zt=24&_nc_ht=scontent-lga3-2.cdninstagram.com&_nc_gid=TunfO0ZR6FqmKy-RfuEmDg&oh=00_Afpf71u61U8gpy9ArtaaMf4iSKYPsiJCICoRFmf926g4WA&oe=6965C8FB,RIP demokrasi,2026-01-05T10:12:10.000Z,0,0,https://www.instagram.com/p/DTHryaVkgwL/c/18092578414757637
https://www.instagram.com/p/DTHryaVkgwL/,protuludin,protuludin,Pro Tuludin,False,https://scontent-lga3-3.cdninstagram.com/v/t51.2885-19/437016585_959026279065207_3071642906998981011_n.jpg?stp=dst-jpg_e0_s150x150_tt6&_nc_cat=108&ig_cache_key=GAlYDBp3prG0OmgDAJPBhRzzqqAqbkULAAAB1501500j-ccb7-5&ccb=7-5&_nc_sid=669407&efg=eyJ2ZW5jb2RlX3RhZyI6InByb2ZpbGVfcGljLnd3dy4xMDgwLkMzIn0%3D&_nc_ohc=nkA1qGLn6v0Q7kNvwFqLjcR&_nc_oc=Adn-yFI32ExkTX9GbDGL7Aow5CKvJZs_2xmGK0-drYfGHOWGbmc25InFpyvohj0da0s&_nc_ad=z-m&_nc_cid=0&_nc_zt=24&_nc_ht=scontent-lga3-3.cdninstagram.com&oh=00_AfpFFOU3g_HoJKMyyGIhDwVCZRGZbAG3F20Dt0sYceDm0A&oe=6965C443,"Ada yang mengaku-aku raja dan sok raja, pak, lihat saja apa partai golkar yang menarasikan nya, partai gerindra mengiyakan dll, apa baru calon raja yaa...?",2026-01-05T09:46:22.000Z,0,0,https://www.instagram.com/p/DTHryaVkgwL/c/17905949166161522
https://www.instagram.com/p/DTHryaVkgwL/,jubairahmad946,jubairahmad946,Zubair Ahmad,False,https://scontent-lga3-3.cdninstagram.com/v/t51.82787-19/562378420_17853983439550851_3740848226579681626_n.jpg?stp=dst-jpg_e0_s150x150_tt6&_nc_cat=106&ig_cache_key=GLQ2hSGDeb10Gm4-AFqR7mekKeozbmNDAQAB1501500j-ccb7-5&ccb=7-5&_nc_sid=669407&efg=eyJ2ZW5jb2RlX3RhZyI6InByb2ZpbGVfcGljLnd3dy4xMDgwLkMzIn0%3D&_nc_ohc=hFxdEfBCxGcQ7kNvwE4rrYc&_nc_oc=AdnGL3bpb570xgEPtg1Kx9Dju3ERdn63fpRCp4PBSZQAthTTQfYOkr6vS5fPcYgXhnI&_nc_ad=z-m&_nc_cid=0&_nc_zt=24&_nc_ht=scontent-lga3-3.cdninstagram.com&_nc_gid=TunfO0ZR6FqmKy-RfuEmDg&oh=00_AfpWEj6n00fZxjOs8xFKibTVo2WicFU5tzzYC0UkroQxqQ&oe=6965EB59,Tidak ada yg ditabrak tidak ada yg salah pilkada lwt DPRD itu 👉 konstitusional sdh dipraktikkan sebelum ini,2026-01-05T09:23:43.000Z,0,0,https://www.instagram.com/p/DTHryaVkgwL/c/17976456407962590
https://www.instagram.com/p/DTHryaVkgwL/,laskarkancut,laskarkancut,achmad arif,False,https://scontent-lga3-1.cdninstagram.com/v/t51.2885-19/49858578_396087367824865_2512267319372152832_n.jpg?stp=dst-jpg_e0_s150x150_tt6&_nc_cat=103&ig_cache_key=GBLI_ALh9dtGPWgBAAAAAADRXd0ibkULAAAB1501500j-ccb7-5&ccb=7-5&_nc_sid=669407&efg=eyJ2ZW5jb2RlX3RhZyI6InByb2ZpbGVfcGljLnd3dy4zMjAuQzMifQ%3D%3D&_nc_ohc=Ed6RvdWQrbQQ7kNvwEdWLfu&_nc_oc=Adl7bysVLlMhzActz4h0WgoQihRCOWmI0mGV5UvgkXUIeT1IPqD64FvKl_vtaPOUIMM&_nc_ad=z-m&_nc_cid=0&_nc_zt=24&_nc_ht=scontent-lga3-1.cdninstagram.com&oh=00_AfpBx2dSiefvJvXP6E2eA0IYirs_kBnv6kervAZt46PM_A&oe=6965C55B,Mereka ingin ciptakan pemimpin boneka yang manut dengan tuannya,2026-01-05T09:22:06.000Z,0,0,https://www.instagram.com/p/DTHryaVkgwL/c/18060493907313495
https://www.instagram.com/p/DTHryaVkgwL/,tinkertap,tinkertap,Tinkertap,False,https://scontent-lga3-2.cdninstagram.com/v/t51.75761-19/491264958_17842091751476197_7479706133889077649_n.jpg?stp=dst-jpg_e0_s150x150_tt6&_nc_cat=105&ig_cache_key=GL4bSB3li_W0SWM-AJHRxH4ZQc1nbvEnAQAB1501500j-ccb7-5&ccb=7-5&_nc_sid=669407&efg=eyJ2ZW5jb2RlX3RhZyI6InByb2ZpbGVfcGljLnd3dy41NTQuQzMifQ%3D%3D&_nc_ohc=2SNBEgBcdAYQ7kNvwFzVuW9&_nc_oc=AdmC3iqmnbYw3DooCGDyeUWigJHQeOIHlj-AqJwVqW5skyFxyTkbh7Z71yNNSIhEso4&_nc_ad=z-m&_nc_cid=0&_nc_zt=24&_nc_ht=scontent-lga3-2.cdninstagram.com&_nc_gid=TunfO0ZR6FqmKy-RfuEmDg&oh=00_AfpdbnhmOUgxqPlhz31RNDDLi1hGjRWJQ29qCWCr9024Tw&oe=6965EC8F,Menghalalkan segala cara,2026-01-05T08:39:58.000Z,0,0,https://www.instagram.com/p/DTHryaVkgwL/c/17940197586102867
https://www.instagram.com/p/DTHrhmhEoDl/,hk_jsn,hk_jsn,HK JSN,False,https://scontent-lax3-2.cdninstagram.com/v/t51.82787-19/568619308_18537898285006579_4930459432667029831_n.jpg?stp=dst-jpg_e0_s150x150_tt6&_nc_cat=100&ig_cache_key=GCxx5CHz-ijKHtxBAEehlze7gmxEbmNDAQAB1501500j-ccb7-5&ccb=7-5&_nc_sid=669407&efg=eyJ2ZW5jb2RlX3RhZyI6InByb2ZpbGVfcGljLnd3dy4xMDgwLkMzIn0%3D&_nc_ohc=6JVaa7D_BfMQ7kNvwEoXMuF&_nc_oc=Adlmgw1j9KJJrrq_oeyqQttSBVHAE1IJaS7puwUxMEOfUaANCu_S72AHajrW3ovrcfo&_nc_ad=z-m&_nc_cid=0&_nc_zt=24&_nc_ht=scontent-lax3-2.cdninstagram.com&_nc_gid=UY8UwzqkbfDf-8kzlHjpZw&oh=00_AfpBQIDB4jUoOFav7d6JBjXmu4Bp0EF0jWllHMwnlkHLnw&oe=6965D610,Ndak Mundur.... untuk kondisi Indonesia... tingkat pendidikan kita masih rendah. Suara di Beli,2026-01-05T08:13:33.000Z,0,0,https://www.instagram.com/p/DTHrhmhEoDl/c/18323881060175677
https://www.instagram.com/p/DTHryaVkgwL/,kanghendro1,kanghendro1,HENDRO,False,https://scontent-lga3-2.cdninstagram.com/v/t51.2885-19/342358839_628813921929645_3039955136371646916_n.jpg?stp=dst-jpg_e0_s150x150_tt6&_nc_cat=100&ig_cache_key=GDf7ZxStSXIm5zsCAMRhjhQXFzAqbkULAAAB1501500j-ccb7-5&ccb=7-5&_nc_sid=669407&efg=eyJ2ZW5jb2RlX3RhZyI6InByb2ZpbGVfcGljLnd3dy4xMDgwLkMzIn0%3D&_nc_ohc=L4uKP8JLh50Q7kNvwGbl_d_&_nc_oc=AdlROm1kDGaKYMQ8bo0u-PoaxNFchkznOKyFmrceuC7fuQ_Q6nKIIieLp3GVmKmzrAg&_nc_ad=z-m&_nc_cid=0&_nc_zt=24&_nc_ht=scontent-lga3-2.cdninstagram.com&oh=00_Afrt2k1OOK5CHwsrCdj_jaEe5X2UaUxnfoMnvdgzaRf8GA&oe=6965CFC2,"Mahar ke Partai tinggi ke DPRD nya juga, rakyat tidak dapat amplop dan sembako dalam hal keluar uang Paslon jatuhnya sama saja, hanya biaya pemilu nya lebih murah, urusan korupsi potensinya sama juga karena modalnya sudah banyak dan memang kalau mental maling ya maling aja",2026-01-05T08:08:37.000Z,1,0,https://www.instagram.com/p/DTHryaVkgwL/c/18083642927146949
https://www.instagram.com/p/DTHryaVkgwL/,tom_prima,tom_prima,BUNKER.ID,False,https://scontent-lga3-3.cdninstagram.com/v/t51.2885-19/459266855_1081528610063455_2697942276170565693_n.jpg?stp=dst-jpg_e0_s150x150_tt6&_nc_cat=106&ig_cache_key=GCfbXxtfBJ4ApdcDAD3Ip7M0BHElbkULAAAB1501500j-ccb7-5&ccb=7-5&_nc_sid=669407&efg=eyJ2ZW5jb2RlX3RhZyI6InByb2ZpbGVfcGljLnd3dy4zNjEuQzMifQ%3D%3D&_nc_ohc=1dgaKxxYXmAQ7kNvwFvtD57&_nc_oc=Admk1a5a77wgzgB_69CSzO_DrZVslcj-Pqo2Ztre8AiXvImy6nTnAphngE-JT6urpmk&_nc_ad=z-m&_nc_cid=0&_nc_zt=24&_nc_ht=scontent-lga3-3.cdninstagram.com&oh=00_Afq1AB2VMwRQxWp6W_22bwbjT8cnp7nXAjTFLNcmthjDhw&oe=6965EA29,Ada baiknya dibubarkan DPR,2026-01-05T07:22:56.000Z,0,0,https://www.instagram.com/p/DTHryaVkgwL/c/17845632492639265
https://www.instagram.com/p/DTHryaVkgwL/,protuludin,protuludin,Pro Tuludin,False,https://scontent-lga3-3.cdninstagram.com/v/t51.2885-19/437016585_959026279065207_3071642906998981011_n.jpg?stp=dst-jpg_e0_s150x150_tt6&_nc_cat=108&ig_cache_key=GAlYDBp3prG0OmgDAJPBhRzzqqAqbkULAAAB1501500j-ccb7-5&ccb=7-5&_nc_sid=669407&efg=eyJ2ZW5jb2RlX3RhZyI6InByb2ZpbGVfcGljLnd3dy4xMDgwLkMzIn0%3D&_nc_ohc=nkA1qGLn6v0Q7kNvwFqLjcR&_nc_oc=Adn-yFI32ExkTX9GbDGL7Aow5CKvJZs_2xmGK0-drYfGHOWGbmc25InFpyvohj0da0s&_nc_ad=z-m&_nc_cid=0&_nc_zt=24&_nc_ht=scontent-lga3-3.cdninstagram.com&oh=00_AfpFFOU3g_HoJKMyyGIhDwVCZRGZbAG3F20Dt0sYceDm0A&oe=6965C443,Iya nabrak nya kan sudah mulai dari Pencapresan dengan mengubah aturan sehingga pa Gibran jadi Wapres....?,2026-01-05T07:15:47.000Z,0,0,https://www.instagram.com/p/DTHryaVkgwL/c/18093226178314142
https://www.instagram.com/p/DTHryaVkgwL/,yafiinugraha77,yafiinugraha77,Yafi Nugraha,False,https://scontent-lga3-2.cdninstagram.com/v/t51.2885-19/457352151_1651707985392069_3157317661609579432_n.jpg?stp=dst-jpg_e0_s150x150_tt6&_nc_cat=109&ig_cache_key=GNejQhvF8b07ON4FAKhTTl_vC9ErbkULAAAB1501500j-ccb7-5&ccb=7-5&_nc_sid=669407&efg=eyJ2ZW5jb2RlX3RhZyI6InByb2ZpbGVfcGljLnd3dy42MzIuQzMifQ%3D%3D&_nc_ohc=zgmvNKzLaqgQ7kNvwEmz8-h&_nc_oc=Adk5dqF8_gKwiiRD_zTAQJklrwJCC57FzS-v4H13WIXCFP4bPnkiuJWefYpBWAKly_c&_nc_ad=z-m&_nc_cid=0&_nc_zt=24&_nc_ht=scontent-lga3-2.cdninstagram.com&oh=00_Afrekn02WF-RBxs1USC_HNZPx7JpBzTXcNQhmZZBshG9HQ&oe=6965DADE,Kebebasan Hak Demokrasi Rakyat Bagaimana?,2026-01-05T07:15:08.000Z,0,0,https://www.instagram.com/p/DTHryaVkgwL/c/18403460863123502
https://www.instagram.com/p/DTHrhmhEoDl/,vinoalhamid,vinoalhamid,Vino Bro Alhamid,False,https://scontent-lax3-2.cdninstagram.com/v/t51.2885-19/470692615_1551602608862283_6920626267352749403_n.jpg?stp=dst-jpg_e0_s150x150_tt6&_nc_cat=100&ig_cache_key=GAczDhxLdFWiLIMFAFtVzFDsAAtgbkULAAAB1501500j-ccb7-5&ccb=7-5&_nc_sid=669407&efg=eyJ2ZW5jb2RlX3RhZyI6InByb2ZpbGVfcGljLnd3dy4xMDgwLkMzIn0%3D&_nc_ohc=a29jyVOgpfsQ7kNvwE96B7m&_nc_oc=Admc9vEJiA05Au28eJFXlIUijoVtjwlljKur6qg2zQUtbbhEqyEq9VF0wZAo388Ri3Y&_nc_ad=z-m&_nc_cid=0&_nc_zt=24&_nc_ht=scontent-lax3-2.cdninstagram.com&oh=00_AfqUYrokXN8rCjZYjdXJA4qsO3bYEGzBH-0akVVvytsysQ&oe=6965CE45,"Sebenarnya untuk saat ini pun bs dikatan kita blm demokrasi, krn kita dipaksa memilih orng yg tidak kita kenal, kita sudah disiapkan siapa² yg dipilih. Bukan berdasarkan pilihan kita pribadi😂",2026-01-05T07:09:56.000Z,0,0,https://www.instagram.com/p/DTHrhmhEoDl/c/18049868675691230
https://www.instagram.com/didi_irawadi/p/DTB7d39EnQa/,didi.suliyantono,didi.suliyantono,,False,https://scontent-yyz1-1.cdninstagram.com/v/t51.89012-19/573323465_1219825463302212_7278921664109726296_n.png?stp=dst-webp_s150x150&_nc_cat=1&ig_cache_key=YW5vbnltb3VzX3Byb2ZpbGVfcGlj.3-ccb7-5&ccb=7-5&_nc_sid=669407&efg=eyJ2ZW5jb2RlX3RhZyI6InByb2ZpbGVfcGljLnd3dy5DMyJ9&_nc_ohc=RNOcSyqJy9IQ7kNvwGAEXkH&_nc_oc=AdlkFhiyVf8LGbDlWjEntVPJFzNhJnClj5oecSotxoayoKNtechB-Bqbw0zUiv4sN_Q&_nc_ad=z-m&_nc_cid=0&_nc_zt=24&_nc_ht=scontent-yyz1-1.cdninstagram.com&_nc_gid=w2cudA4w-8jjPZyRU1be_w&oh=00_AfpvV9vNzqtUofTAb4gOropboJK8iM7KNSsbdlb-PmHH_A&oe=6965DD19,"Setuju pilkada lewat dprd, sudah sejak tahun 1997, pilkada langsung bukannya semakin bagus kondisi Indonesia malah semakin amburadul",2026-01-05T03:28:26.000Z,3,0,https://www.instagram.com/p/DTB7d39EnQa/c/18086765342278044
https://www.instagram.com/p/DTC8Pk7j2QO/,arifhakeem_,arifhakeem_,A R H,False,https://scontent-dfw6-1.cdninstagram.com/v/t51.82787-19/612018552_18557654539044590_1111204835052244656_n.jpg?stp=dst-jpg_e0_s150x150_tt6&_nc_cat=101&ig_cache_key=GHipeiTuBqqmFu5BALBO-PnoymsPbmNDAQAB1501500j-ccb7-5&ccb=7-5&_nc_sid=669407&efg=eyJ2ZW5jb2RlX3RhZyI6InByb2ZpbGVfcGljLnd3dy43NjIuQzMifQ%3D%3D&_nc_ohc=EX7qyg86B6MQ7kNvwE96K-c&_nc_oc=AdmSbkETqV9I8n9le2Wl91tAQQy6IgD7UvmyGmXIGN3Q2HUSHu_EPEcm6ameFj1c1EY&_nc_ad=z-m&_nc_cid=0&_nc_zt=24&_nc_ht=scontent-dfw6-1.cdninstagram.com&_nc_gid=-Cs9gGDjqoeUS9rH1WuQbw&oh=00_AfolqV43M22_H4xKBU29ZNbUNpKad4IzBVj9yWbSVI1kXw&oe=6965D76A,Asik juga nih skrg 😌,2026-01-04T19:03:34.000Z,0,1,https://www.instagram.com/p/DTC8Pk7j2QO/c/18435877291128808
https://www.instagram.com/p/DStbPjrEnk8/,muhammadkholike,muhammadkholike,Muhammad Kholik E,False,https://scontent-lax3-2.cdninstagram.com/v/t51.2885-19/139374327_1526603297539799_458941699264765439_n.jpg?stp=dst-jpg_e0_s150x150_tt6&_nc_cat=100&ig_cache_key=GPeuTgjXRkMHcGwFAP9dSj0LfV4GbkULAAAB1501500j-ccb7-5&ccb=7-5&_nc_sid=669407&efg=eyJ2ZW5jb2RlX3RhZyI6InByb2ZpbGVfcGljLnd3dy43MzYuQzMifQ%3D%3D&_nc_ohc=deUg4AbsfnMQ7kNvwGE-OL8&_nc_oc=Adnh7HwQTYeexcxYOHFzzSGH3rHcWDhb7lPWN-TOtEa0WmP-aOxtmgx2o5Hr4TJmqh8&_nc_ad=z-m&_nc_cid=0&_nc_zt=24&_nc_ht=scontent-lax3-2.cdninstagram.com&oh=00_AfqyVOuQtz2YnVIzn06f23-j2Dm1u1Gg9e6KrqtFiEoMRQ&oe=6965DB60,Balik kejaman orba otoriter,2026-01-04T17:06:17.000Z,0,0,https://www.instagram.com/p/DStbPjrEnk8/c/18092180056759818
https://www.instagram.com/reel/DS2dJUxCevK/,blurr_i_ank,blurr_i_ank,DIAN MAULANA,False,https://scontent-sjc3-1.cdninstagram.com/v/t51.82787-19/589217000_18047545751691739_6344020710924900686_n.jpg?stp=dst-jpg_e0_s150x150_tt6&_nc_cat=105&ig_cache_key=GOi8HiPb4ZixJR5AAE5ZZno5fQpYbmNDAQAB1501500j-ccb7-5&ccb=7-5&_nc_sid=669407&efg=eyJ2ZW5jb2RlX3RhZyI6InByb2ZpbGVfcGljLnd3dy4xMDgwLkMzIn0%3D&_nc_ohc=yipuNo_8d8kQ7kNvwGfkzZV&_nc_oc=AdlmPwXDsjHQIQnoH9U9iV0oms25_P2StcyVdHEyD7PGSlaShHL1kpp1LlZAWJeaJGQ&_nc_ad=z-m&_nc_cid=0&_nc_zt=24&_nc_ht=scontent-sjc3-1.cdninstagram.com&_nc_gid=TjakhSk-mm-qmzm4AZ0pgg&oh=00_AfqwIlT_MJpXO0DsVRqJO_kRkdhqQutOQsyf_o0uvGqxnA&oe=6965E3F1,JANGAN SEKARANG PAK !!!! BELUM SAATNYA INDONESIA SEPERTI ITU.,2026-01-04T15:51:27.000Z,1,0,https://www.instagram.com/p/DS2dJUxCevK/c/18550564840057889
https://www.instagram.com/p/DStbPjrEnk8/,ibukita,ibukita,Ibukita Gallery,False,https://scontent-lax3-1.cdninstagram.com/v/t51.2885-19/14276577_1751595998457240_1310574522_a.jpg?stp=dst-jpg_e0_s150x150_tt6&_nc_cat=109&ig_cache_key=GOHX2QCYLUc5ETkGALrHHU4AAAAAYUULAAAB1501500j-ccb7-5&ccb=7-5&_nc_sid=669407&efg=eyJ2ZW5jb2RlX3RhZyI6InByb2ZpbGVfcGljLnd3dy4xMDgwLkMzIn0%3D&_nc_ohc=AQaHM7_9RMgQ7kNvwHrwePH&_nc_oc=Adn0Sb4hLb7_OwB10NhN3yUl99Q0pgNIDXUTQOPNHXuIsNgTPvszly5BGdC7xqe8e9o&_nc_ad=z-m&_nc_cid=0&_nc_zt=24&_nc_ht=scontent-lax3-1.cdninstagram.com&oh=00_AfpVc0i-WThpcyM2DlcVTmvRsn7h-F821jLYFEuOsBpmOw&oe=6965CB0B,🔥🔥🔥❤️,2026-01-04T12:43:13.000Z,1,0,https://www.instagram.com/p/DStbPjrEnk8/c/18090676387959223
https://www.instagram.com/p/DS_uWzWgErm/,unayira2,unayira2,mandala420,False,https://scontent-sjc6-1.cdninstagram.com/v/t51.82787-19/521958385_17855672667471845_2830625875424061467_n.jpg?stp=dst-jpg_e0_s150x150_tt6&_nc_cat=111&ig_cache_key=GPFzHB-l-5HCo28-ABsoroQ8Z0gnbmNDAQAB1501500j-ccb7-5&ccb=7-5&_nc_sid=669407&efg=eyJ2ZW5jb2RlX3RhZyI6InByb2ZpbGVfcGljLnd3dy4xMDgwLkMzIn0%3D&_nc_ohc=yj1QOODu0hMQ7kNvwEgkEGs&_nc_oc=AdmoIAUWgh70SiMqhD7nPFVzbU3jcFSHM3PnFO5km1BLYMYtlNy2xKpVoBIe33Q_S1w&_nc_ad=z-m&_nc_cid=0&_nc_zt=24&_nc_ht=scontent-sjc6-1.cdninstagram.com&_nc_gid=uN8YP5kzhwoJkutt3uQycA&oh=00_Afp56SgDR8VGnZag_MaDofgtuJ_An3Vqx35IkqoD0m2nDw&oe=6965D4D1,Eta gerindra deuih goblog turunkan prabowo gerindra anying,2026-01-04T05:49:27.000Z,6,0,https://www.instagram.com/p/DS_uWzWgErm/c/18143008081455736
https://www.instagram.com/didi_irawadi/p/DTB7d39EnQa/,younglexx_80,younglexx_80,YongLexx,False,https://scontent-yyz1-1.cdninstagram.com/v/t51.2885-19/334414342_224962213360484_4489838858871060148_n.jpg?stp=dst-jpg_e0_s150x150_tt6&_nc_cat=105&ig_cache_key=GAbC7hNks9AYmswAALQ2wWmnHE8_bkULAAAB1501500j-ccb7-5&ccb=7-5&_nc_sid=669407&efg=eyJ2ZW5jb2RlX3RhZyI6InByb2ZpbGVfcGljLnd3dy4xMDgwLkMzIn0%3D&_nc_ohc=QvqXuI5bULoQ7kNvwHFdXyD&_nc_oc=Admp_YvmmFAT8nJXFyRYSt8ye9wj0Y0Mb3Hi3B_7ULDBWw21723YU3_BywA7wSdsTYI&_nc_ad=z-m&_nc_cid=0&_nc_zt=24&_nc_ht=scontent-yyz1-1.cdninstagram.com&oh=00_Afp_lh83d1_dc_M7NJvKzA3YlOPTfAa4iNGeWbloJVUnkA&oe=6965DFF7,EMANG ADA YG MENOLAK SELAIN PDIP...??,2026-01-04T05:42:35.000Z,9,2,https://www.instagram.com/p/DTB7d39EnQa/c/18093142514491256
https://www.instagram.com/reel/DTAql6qFW2B/,djoni_99djo,djoni_99djo,sudjono,False,https://scontent-lga3-1.cdninstagram.com/v/t51.82787-19/587828451_17987418413867748_8169287689376951909_n.jpg?stp=dst-jpg_e0_s150x150_tt6&_nc_cat=111&ig_cache_key=GOOMCSPkIvw0duc-AGXuSOneI19xbmNDAQAB1501500j-ccb7-5&ccb=7-5&_nc_sid=669407&efg=eyJ2ZW5jb2RlX3RhZyI6InByb2ZpbGVfcGljLnd3dy41MTMuQzMifQ%3D%3D&_nc_ohc=FVWQF9VVtFoQ7kNvwGi3gQL&_nc_oc=AdnEI1UizKVd5KdTwQScqVm9-iDVH2rrU0l5e2cMcgWCT5V3wubvSEpE-KD7ydCaQDs&_nc_ad=z-m&_nc_cid=0&_nc_zt=24&_nc_ht=scontent-lga3-1.cdninstagram.com&_nc_gid=j7wq0PkWElHCtvxZ4ovRSQ&oh=00_Afqms0Y5R15ZbAp0ubZxcRC3mfXiEdxudI90PLDFn7jMAQ&oe=6965FAFF,Rakyat bersama 👏🔥,2026-01-04T03:23:19.000Z,14,0,https://www.instagram.com/p/DTAql6qFW2B/c/18050316101445121
https://www.instagram.com/didi_irawadi/p/DTB7d39EnQa/,trijakayuwana,trijakayuwana,Trijaka Yuwana,False,https://scontent-yyz1-1.cdninstagram.com/v/t51.2885-19/316927002_1159021995043927_3358284608300922874_n.jpg?stp=dst-jpg_e0_s150x150_tt6&_nc_cat=107&ig_cache_key=GBrs4xJXLE3WHx4EAPo3cOwOBpsubkULAAAB1501500j-ccb7-5&ccb=7-5&_nc_sid=669407&efg=eyJ2ZW5jb2RlX3RhZyI6InByb2ZpbGVfcGljLnd3dy4xMDgwLkMzIn0%3D&_nc_ohc=Jsfv-v0_kaIQ7kNvwGrTspz&_nc_oc=Adku9DA1Fa75qt65cBECTclf8M7P-XGJ6NxZVp69uPGrJuogCPhkeJUgrktX4VMNn7Q&_nc_ad=z-m&_nc_cid=0&_nc_zt=24&_nc_ht=scontent-yyz1-1.cdninstagram.com&oh=00_AfpjRflUIerQO80rDbXi-QkRjOvmGELgCCAsMYQY0TUxeg&oe=6965E0EE,"Sebetulnya hampir sama. Koalisi itu kompromi politik juga. Apalagi saat ambang batas diperlakukan. Intinya hanya satu parpol saat ini tak memihak kepada rakyat. Hanya pura2 memihak saja. Pada saat pemilu suara rakyat akan dibeli. Saat ini tak ada satu partai pun yg benar2 berjuang untuk rakyat. Setelah kongkalikong dalam koalisi jika menang mereka akan bagi2 posisi, proyek dan sumber2 daya alam utk dikeruk. Sementara utk menopang apbn rakyat mesti bayar pajak tinggi. Padahal ini negara kaya raya. Heran?",2026-01-04T03:09:25.000Z,3,1,https://www.instagram.com/p/DTB7d39EnQa/c/18009604514820835
https://www.instagram.com/p/DTC8Pk7j2QO/,ahmat_den,ahmat_den,Ahmat Deny I,False,https://scontent-dfw6-1.cdninstagram.com/v/t51.2885-19/464715324_478264724525033_8655181953806950705_n.jpg?stp=dst-jpg_e0_s150x150_tt6&_nc_cat=103&ig_cache_key=GDz_shvpjwOv_rIBADHhCD8hYh14bkULAAAB1501500j-ccb7-5&ccb=7-5&_nc_sid=669407&efg=eyJ2ZW5jb2RlX3RhZyI6InByb2ZpbGVfcGljLnd3dy4xMDgwLkMzIn0%3D&_nc_ohc=ye4URUGbXXMQ7kNvwH2ZlAF&_nc_oc=Adn9Hvxeldt6v7XXGdc4xEM9t3c8ehFgzbpTfPRG8X4XI_GyyTfzUZeLKRjPzfAdYoQ&_nc_ad=z-m&_nc_cid=0&_nc_zt=24&_nc_ht=scontent-dfw6-1.cdninstagram.com&oh=00_AfqkKqSzr4NpwGgNq0cXVQd_hnbOjzwZem7zJi7FVEkF9Q&oe=6965DBCE,Konsisten terus min menyuarakan🔥🔥🔥,2026-01-04T01:58:00.000Z,2,0,https://www.instagram.com/p/DTC8Pk7j2QO/c/18067556762429260
https://www.instagram.com/p/DTC8Pk7j2QO/,adiel_gaspons,adiel_gaspons,Adiel Gaspons,False,https://scontent-dfw6-1.cdninstagram.com/v/t51.2885-19/16229477_1814206765533752_3178614405671682048_n.jpg?stp=dst-jpg_e0_s150x150_tt6&_nc_cat=101&ig_cache_key=GGWk9wA4Cs-tAnIGAAAAAAD2tBwsbkULAAAB1501500j-ccb7-5&ccb=7-5&_nc_sid=669407&efg=eyJ2ZW5jb2RlX3RhZyI6InByb2ZpbGVfcGljLnd3dy4xMDgwLkMzIn0%3D&_nc_ohc=HmGGTzF9CRwQ7kNvwHHuvx3&_nc_oc=AdkwhcdWJni4txETOL1o_p-hL-2BtXSTG9sfuyBPzL1_YDZrkxUE1oeZklK1zCQ_TmU&_nc_ad=z-m&_nc_cid=0&_nc_zt=24&_nc_ht=scontent-dfw6-1.cdninstagram.com&oh=00_AfqzCQSaTIBJsIGi1fbqr2AYdS-KKprn35Mwldj1Vmj4JA&oe=6965DABD,"tegakkan yg adil, hancurkan yg dholim... NepalJilid2",2026-01-04T01:23:45.000Z,1,0,https://www.instagram.com/p/DTC8Pk7j2QO/c/18370795765085781
https://www.instagram.com/p/DTC8Pk7j2QO/,ruditehduduy,ruditehduduy,Om Jim,False,https://scontent-dfw5-1.cdninstagram.com/v/t51.2885-19/469101130_926013822407982_3209900904787537194_n.jpg?stp=dst-jpg_e0_s150x150_tt6&_nc_cat=105&ig_cache_key=GErq9RsuFfFkNEoDACrtELrd24ssbkULAAAB1501500j-ccb7-5&ccb=7-5&_nc_sid=669407&efg=eyJ2ZW5jb2RlX3RhZyI6InByb2ZpbGVfcGljLnd3dy45NjAuQzMifQ%3D%3D&_nc_ohc=NCDOTupbso4Q7kNvwGEUPhg&_nc_oc=Admfu2bq-ABz8W4FwGY7ndxtIT-yt2743x0lsIncoGTqeoSZH4RgQ-6B5Wjr4rHmJik&_nc_ad=z-m&_nc_cid=0&_nc_zt=24&_nc_ht=scontent-dfw5-1.cdninstagram.com&oh=00_AfpYVQPd8P3NFIccXOWQWg_EmvVv5lYKb9PwY5Yq8N7CdQ&oe=6965CAD9,Kalo bisa anggota DPR cukup 2 periode biar kesejahteraan merata,2026-01-04T00:40:14.000Z,0,0,https://www.instagram.com/p/DTC8Pk7j2QO/c/18061170311284162
https://www.instagram.com/reel/DTAql6qFW2B/,fajarariady.18,fajarariady.18,ꜰᴀᴊᴀʀ ᴀʀɪᴀᴅʏ ꜱᴜᴡᴀʀᴅɪ,False,https://scontent-lga3-1.cdninstagram.com/v/t51.82787-19/572792608_18515423548065871_8776102938630421665_n.jpg?stp=dst-jpg_e0_s150x150_tt6&_nc_cat=102&ig_cache_key=GCAfJCJPyHL7rcdBAKH8U-kf_8p5bmNDAQAB1501500j-ccb7-5&ccb=7-5&_nc_sid=669407&efg=eyJ2ZW5jb2RlX3RhZyI6InByb2ZpbGVfcGljLnd3dy4xMDgwLkMzIn0%3D&_nc_ohc=BdT5U2CP0Z4Q7kNvwGyhxq2&_nc_oc=Adnk2_KUE26gTDYmUci-Ew2kUqjP3eik2KpIcOXz4SgzIf3UVTupFqvfwncZ9f6otcc&_nc_ad=z-m&_nc_cid=0&_nc_zt=24&_nc_ht=scontent-lga3-1.cdninstagram.com&_nc_gid=j7wq0PkWElHCtvxZ4ovRSQ&oh=00_Afqo9ZSiofySJbsHxFGnqVhZTPRtGZE5-QYOJfFPU5vhPA&oe=6965F381,"Andaikan partai ini masih berkuasa, apakah sikapnya tetap sama? (Bertanya dengan nada dering)",2026-01-03T20:17:03.000Z,4,19,https://www.instagram.com/p/DTAql6qFW2B/c/18087379256278760
https://www.instagram.com/reel/DTAql6qFW2B/,nun3s5kuahrawon,nun3s5kuahrawon,Setnochovic,False,https://scontent-lga3-3.cdninstagram.com/v/t51.2885-19/487380596_9321912471191937_3619283316610347976_n.jpg?stp=dst-jpg_e0_s150x150_tt6&_nc_cat=110&ig_cache_key=GHTWDB2BAXnhOh4hAMizDiwARzoybkULAAAB1501500j-ccb7-5&ccb=7-5&_nc_sid=669407&efg=eyJ2ZW5jb2RlX3RhZyI6InByb2ZpbGVfcGljLnd3dy4xMDgwLkMzIn0%3D&_nc_ohc=ZnXdmFRF7iYQ7kNvwEvO3ot&_nc_oc=Adm0LyEYISNMpJop-7oWjXBAMTWw17bE6lbnuKGLU3Rw8Fexzg_lEWAiw_YmC9zJZTE&_nc_ad=z-m&_nc_cid=0&_nc_zt=24&_nc_ht=scontent-lga3-3.cdninstagram.com&oh=00_AfpNMBEMbAeothEDAG28oH89xVSXVi3RQhwfOeaqFQq8mw&oe=6965D358,"Kami PELAKU 98 ""SIAP MENGHADAPI KEMBALI"" 🔥🔥🔥",2026-01-03T18:31:13.000Z,8,1,https://www.instagram.com/p/DTAql6qFW2B/c/18159377194406549
https://www.instagram.com/reel/DTAql6qFW2B/,str_adiss,str_adiss,satrio adi s,False,https://scontent-lga3-2.cdninstagram.com/v/t51.2885-19/429844019_3676120209301396_6551651780388502341_n.jpg?stp=dst-jpg_e0_s150x150_tt6&_nc_cat=101&ig_cache_key=GDPmnhmUHzpvaQ8NAEW7HAaVJOxabkULAAAB1501500j-ccb7-5&ccb=7-5&_nc_sid=669407&efg=eyJ2ZW5jb2RlX3RhZyI6InByb2ZpbGVfcGljLnd3dy4xMDgwLkMzIn0%3D&_nc_ohc=fEfcRPT-md8Q7kNvwFO7-9f&_nc_oc=AdkX4VFxOLW0x2yLetM8Rk9p15NqX1rKu42V_TPKnzja2gWOjx3K_bAIPSLiLNCu_BE&_nc_ad=z-m&_nc_cid=0&_nc_zt=24&_nc_ht=scontent-lga3-2.cdninstagram.com&oh=00_AfrDhDOxLESeRa_hctM8iefqqbjPocaVGGAJRSIRssx5gQ&oe=6965F602,"Dia gk setuju karena demi kepentingan partai, kayak uu perampasan aset kan mereka kicep gk bersuara karena kalau mereka bersuara akan merugikan partainya",2026-01-03T16:41:20.000Z,0,2,https://www.instagram.com/p/DTAql6qFW2B/c/18429213265115630
https://www.instagram.com/p/DTC8Pk7j2QO/,ramaji_015,ramaji_015,فاموعكاس,False,https://scontent-dfw5-3.cdninstagram.com/v/t51.2885-19/152200226_5094492460593032_2711445470502476231_n.jpg?stp=dst-jpg_e0_s150x150_tt6&_nc_cat=108&ig_cache_key=GCJkEgmIr2z1aRkSAMdZJCFK-aAlbkULAAAB1501500j-ccb7-5&ccb=7-5&_nc_sid=669407&efg=eyJ2ZW5jb2RlX3RhZyI6InByb2ZpbGVfcGljLnd3dy4xMDgwLkMzIn0%3D&_nc_ohc=a1FSxOh6RDsQ7kNvwEy3Rwh&_nc_oc=AdmDT_UNMsC5uVbdjAGofnnCNrQk144n_BQn8lZ4Isqc_wUqlcAfDYzSDUiouWm4_WU&_nc_ad=z-m&_nc_cid=0&_nc_zt=24&_nc_ht=scontent-dfw5-3.cdninstagram.com&oh=00_AfqAHm2dOmJI53RwSRk-_Q0cJmybyCynZXWTrpTZxxj36w&oe=6965DC0B,Saatnya sahabat-sahabat yg menjadi DPRD🔥🙌,2026-01-03T16:06:54.000Z,3,0,https://www.instagram.com/p/DTC8Pk7j2QO/c/17872791882476298
https://www.instagram.com/p/DS9E9EZgHYt/,rachmansyahp,rachmansyahp,rachmansyah,False,https://scontent-sea5-1.cdninstagram.com/v/t51.2885-19/38298836_2163191470596922_2993883657497739264_n.jpg?stp=dst-jpg_e0_s150x150_tt6&_nc_cat=111&ig_cache_key=GNRkSAI6oy9Daa8HAAAAAABTaYwpbkULAAAB1501500j-ccb7-5&ccb=7-5&_nc_sid=669407&efg=eyJ2ZW5jb2RlX3RhZyI6InByb2ZpbGVfcGljLnd3dy4xMDgwLkMzIn0%3D&_nc_ohc=zKr2p7fzwSYQ7kNvwEbmCEl&_nc_oc=AdlUhS5trJdfkQr9RCzrrqV9yWny7ysPJC79hHcy76ulDXHh3g1n8_BX47qXRAJGLII&_nc_ad=z-m&_nc_cid=0&_nc_zt=24&_nc_ht=scontent-sea5-1.cdninstagram.com&oh=00_Afoa5SWJmVpRWUN9RWGmj353TvkwL_pjE8TN8-oc4007Tg&oe=6965C886,Lah...apa ngaruh pilkada di pilih rakyat???😂 Setau saya gak ngaruh deh rakyat nyoblos juga sama mreka2 yg kepilih.😂 Jadi ya biarkan aja lah mreka sana suka2 mreka aja😂😂,2026-01-03T16:01:02.000Z,0,2,https://www.instagram.com/p/DS9E9EZgHYt/c/18096635446900518
https://www.instagram.com/p/DTC8Pk7j2QO/,gp.ansor.pondokaren,gp.ansor.pondokaren,PAC GP Ansor Pondok Aren,False,https://scontent-dfw6-1.cdninstagram.com/v/t51.2885-19/73183709_1387098454788377_794650957865549824_n.jpg?stp=dst-jpg_e0_s150x150_tt6&_nc_cat=101&ig_cache_key=GN2xXAQZiaoGj_0EAAAAAADWKgcLbkULAAAB1501500j-ccb7-5&ccb=7-5&_nc_sid=669407&efg=eyJ2ZW5jb2RlX3RhZyI6InByb2ZpbGVfcGljLnd3dy4xMDgwLkMzIn0%3D&_nc_ohc=7JbSEXGmcyUQ7kNvwHOEqe9&_nc_oc=AdkMayW3J_c4aAFeuwtafsF9DNEAxhJfkwFYC5n-8MQOgArRledIim9hj-29rBL-Lrs&_nc_ad=z-m&_nc_cid=0&_nc_zt=24&_nc_ht=scontent-dfw6-1.cdninstagram.com&oh=00_AfqAytQuQhTUYrVDMGSSiFUEZCwdZWfCdFbF5R8TMtMmPw&oe=6965E641,"Makin menyala aja ni, siap manut pusat 🔥",2026-01-03T15:50:16.000Z,3,0,https://www.instagram.com/p/DTC8Pk7j2QO/c/17871545586498799
https://www.instagram.com/p/DTC8Pk7j2QO/,ahmad_husein1394,ahmad_husein1394,ȟ𝝒ꕷéἱກ∂ȟ㎥∂d▮ᑫ4,False,https://scontent-dfw5-1.cdninstagram.com/v/t51.2885-19/446556023_1652442175535799_3009409168181867799_n.jpg?stp=dst-jpg_e0_s150x150_tt6&_nc_cat=107&ig_cache_key=GHfnnRq3euIs494FABe1SKWxkcMpbkULAAAB1501500j-ccb7-5&ccb=7-5&_nc_sid=669407&efg=eyJ2ZW5jb2RlX3RhZyI6InByb2ZpbGVfcGljLnd3dy42MTIuQzMifQ%3D%3D&_nc_ohc=EJWN5xPJfSkQ7kNvwHhMb3k&_nc_oc=AdlmXB8qzAMY1g4k1KOUr9r288eYo5C6dWM33v9LKN-VQwrKsAYyFv3aWFLfPnww7FI&_nc_ad=z-m&_nc_cid=0&_nc_zt=24&_nc_ht=scontent-dfw5-1.cdninstagram.com&oh=00_AfrfBkMzte7OM4v3J-eoVHdFwSEjbfM40tTBE1Opo4m7_g&oe=6965FAB7,😂😂😂😂😂😂,2026-01-03T14:24:49.000Z,0,0,https://www.instagram.com/p/DTC8Pk7j2QO/c/18011438063656805
https://www.instagram.com/p/DTC8Pk7j2QO/,al_moonrakeriyyah,al_moonrakeriyyah,Cecep Ismail,False,https://scontent-dfw6-1.cdninstagram.com/v/t51.82787-19/520483158_18085978531819382_6706624035296712685_n.jpg?stp=dst-jpg_e0_s150x150_tt6&_nc_cat=101&ig_cache_key=GFbxBR92780FGkFAAO0X9eEGtxJdbmNDAQAB1501500j-ccb7-5&ccb=7-5&_nc_sid=669407&efg=eyJ2ZW5jb2RlX3RhZyI6InByb2ZpbGVfcGljLnd3dy4xMDgwLkMzIn0%3D&_nc_ohc=Hccp1BzuKjMQ7kNvwGQ3GLD&_nc_oc=AdlAkFzcaaOgU-yvOVKl0jgtIRcE-Jxk5h--uWBq2i8azpVKcwv0g981gN9NfUz80_0&_nc_ad=z-m&_nc_cid=0&_nc_zt=24&_nc_ht=scontent-dfw6-1.cdninstagram.com&_nc_gid=-Cs9gGDjqoeUS9rH1WuQbw&oh=00_Afo1ZJ1K1U6s_mj62YMDvsSd60MfPSZz1JAAgUkBLugftQ&oe=6965D344,Mantap GP Ansor semakin menjadi jadi🔥🔥🔥,2026-01-03T14:09:30.000Z,1,0,https://www.instagram.com/p/DTC8Pk7j2QO/c/18214803133312354
https://www.instagram.com/p/DTC8Pk7j2QO/,na.fi_,na.fi_,نافع وحدي علوان,False,https://scontent-dfw5-3.cdninstagram.com/v/t51.2885-19/31441276_1237253336411649_6335264507505410048_n.jpg?stp=dst-jpg_e0_s150x150_tt6&_nc_cat=109&ig_cache_key=GHzB3wEBLp19RmUEAAAAAACBYetXbkULAAAB1501500j-ccb7-5&ccb=7-5&_nc_sid=669407&efg=eyJ2ZW5jb2RlX3RhZyI6InByb2ZpbGVfcGljLnd3dy44NjMuQzMifQ%3D%3D&_nc_ohc=mRH6eyZSncUQ7kNvwHFAPvY&_nc_oc=AdlQkAbi_GLQWb-ySXnKAesKwyiWxMQ2QxEALazLDTK14Ldcb68N5LjJkOn-zy9kbO8&_nc_ad=z-m&_nc_cid=0&_nc_zt=24&_nc_ht=scontent-dfw5-3.cdninstagram.com&oh=00_Afq1RG0UjPKAn9MrqBL1FnbKm4SFKdBAQXAJWX5-DnXlEw&oe=6965F7AF,"Boleh sihh, tp syarat dr DPRD minimal S2 ya",2026-01-03T13:44:12.000Z,4,6,https://www.instagram.com/p/DTC8Pk7j2QO/c/18102779407698494
https://www.instagram.com/p/DTC8Pk7j2QO/,next_dwi,next_dwi,Dwi,False,https://scontent-dfw5-3.cdninstagram.com/v/t51.82787-19/543675649_18293094769270853_7163953248160879914_n.jpg?stp=dst-jpg_e0_s150x150_tt6&_nc_cat=109&ig_cache_key=GAHVZyBFoJAHef1AACqVIuCFeWtjbmNDAQAB1501500j-ccb7-5&ccb=7-5&_nc_sid=669407&efg=eyJ2ZW5jb2RlX3RhZyI6InByb2ZpbGVfcGljLnd3dy4xMDgwLkMzIn0%3D&_nc_ohc=SM9ygDEnFIQQ7kNvwE8i6X5&_nc_oc=Adlpxp6XKogs61YAD9XdYYBjXfHx5ebH0PqPepEeQ-mcCCkFJx7KUJc4hyer_OO8gvo&_nc_ad=z-m&_nc_cid=0&_nc_zt=24&_nc_ht=scontent-dfw5-3.cdninstagram.com&_nc_gid=-Cs9gGDjqoeUS9rH1WuQbw&oh=00_AfpGIGtAqtY0CcEQ3pN2EAtZUc23STOpvdmMtUwWL7cvoQ&oe=6965C5B0,Ansor di pegang gen z nih 🔥🔥🔥,2026-01-03T13:07:00.000Z,11,0,https://www.instagram.com/p/DTC8Pk7j2QO/c/18102938263693923
https://www.instagram.com/p/DTC8Pk7j2QO/,wiar_baehaki,wiar_baehaki,Risqi Wiarbaehaki,False,https://scontent-dfw5-2.cdninstagram.com/v/t51.2885-19/308624673_340347011608923_5820644983291774029_n.jpg?stp=dst-jpg_e0_s150x150_tt6&_nc_cat=100&ig_cache_key=GCE9ZRJbMbo2izUBAE0ExPDFFcdQbkULAAAB1501500j-ccb7-5&ccb=7-5&_nc_sid=669407&efg=eyJ2ZW5jb2RlX3RhZyI6InByb2ZpbGVfcGljLnd3dy4xMDAwLkMzIn0%3D&_nc_ohc=P1fNLCGRKrgQ7kNvwG5TRif&_nc_oc=AdnRsc0BGYURSh1XDl9ZMzT8jr5HHBOz_7fmnCQhmQzCQBnc26SOTW43UlNl_ZF_J5Q&_nc_ad=z-m&_nc_cid=0&_nc_zt=24&_nc_ht=scontent-dfw5-2.cdninstagram.com&oh=00_AfoKWhDb82f9jOeJCv1CwJeBh0v5xwZ-O-zT7tAok30DFQ&oe=6965C751,"Gue suka Ansor sekarangggggg, setujuuuuuuuu",2026-01-03T12:48:36.000Z,19,0,https://www.instagram.com/p/DTC8Pk7j2QO/c/18215955223311708
https://www.instagram.com/p/DS_uWzWgErm/,banqmanq,banqmanq,just one,False,https://scontent-sjc6-1.cdninstagram.com/v/t51.2885-19/334226798_982187913190410_350565619270430744_n.jpg?stp=dst-jpg_e0_s150x150_tt6&_nc_cat=104&ig_cache_key=GG7l6xMKHKtxS30DABgwFMeSdd0EbkULAAAB1501500j-ccb7-5&ccb=7-5&_nc_sid=669407&efg=eyJ2ZW5jb2RlX3RhZyI6InByb2ZpbGVfcGljLnd3dy41MDUuQzMifQ%3D%3D&_nc_ohc=bgFr9-HuXlIQ7kNvwFKqDqa&_nc_oc=Adnst8iNnwLeGoh4_MAT_yWGx9BFKmLuNKmi-UeW3Ynks9TFxwrKGsPcxS5YV3iIY98&_nc_ad=z-m&_nc_cid=0&_nc_zt=24&_nc_ht=scontent-sjc6-1.cdninstagram.com&oh=00_AfpfAkIB22DvzLCPgi7dSdziTJRIFud3dHFjbi4JzOKgDg&oe=6965C66E,"ni serius lu, lu masuk geng Mapia mana 🗿",2026-01-03T12:48:13.000Z,2,0,https://www.instagram.com/p/DS_uWzWgErm/c/18078174899190965
https://www.instagram.com/didi_irawadi/p/DTB7d39EnQa/,wahyu_wismanto,wahyu_wismanto,Wahyu Wismanto Hadi,False,https://scontent-yyz1-1.cdninstagram.com/v/t51.2885-19/248446163_203779611833495_6809259863933715542_n.jpg?stp=dst-jpg_e0_s150x150_tt6&_nc_cat=106&ig_cache_key=GNP8zg6XNGAjVrkAAFYEGO3EWX9ebkULAAAB1501500j-ccb7-5&ccb=7-5&_nc_sid=669407&efg=eyJ2ZW5jb2RlX3RhZyI6InByb2ZpbGVfcGljLnd3dy4zMjAuQzMifQ%3D%3D&_nc_ohc=l8CPKTH7TfEQ7kNvwGCksEs&_nc_oc=Adkvgwfh_bNJ8DojLXmPwxJKAqUwLj2l15M4AzB3to6gCTZDU-CJqvPcukaFzFkg95Q&_nc_ad=z-m&_nc_cid=0&_nc_zt=24&_nc_ht=scontent-yyz1-1.cdninstagram.com&oh=00_AfogpAfmKB5Rz5AUsLrHw6o2MJMAFcdwsCRIpBDW7lTJaQ&oe=6965F0BF,Hehehe mau dagingnya doang😂😂😂😂😂😂😂 nasib nasib,2026-01-03T12:37:33.000Z,2,0,https://www.instagram.com/p/DTB7d39EnQa/c/18168667813350027
https://www.instagram.com/p/DTC8Pk7j2QO/,andy.wao,andy.wao,Andy Wao Kie,False,https://scontent-dfw5-1.cdninstagram.com/v/t51.82787-19/571427637_18376864819198660_3681828660799026142_n.jpg?stp=dst-jpg_e0_s150x150_tt6&_nc_cat=110&ig_cache_key=GDVLDyLEOqJDqUlBAN4zx_qoexgzbmNDAQAB1501500j-ccb7-5&ccb=7-5&_nc_sid=669407&efg=eyJ2ZW5jb2RlX3RhZyI6InByb2ZpbGVfcGljLnd3dy4xMDgwLkMzIn0%3D&_nc_ohc=YTZGvsYWpikQ7kNvwEmZ6Hq&_nc_oc=AdkHNR09xWAq8eLN91bWE4WFUNjK6g3ymaKx-eqcsqX7qoKuTkxJnkZ7OjmDzf333uw&_nc_ad=z-m&_nc_cid=0&_nc_zt=24&_nc_ht=scontent-dfw5-1.cdninstagram.com&_nc_gid=-Cs9gGDjqoeUS9rH1WuQbw&oh=00_AfqLgQzzsdcQX0ypA84UcuwHCWm-7sXr4-iYDA19DBJCFQ&oe=6965C5D0,SAYA TIDAK AKAN SETUJU . Yg dipilih rakyat aja masih di timbang pilih sama DPR. Aplagi DPR sendiri.,2026-01-03T12:24:11.000Z,3,0,https://www.instagram.com/p/DTC8Pk7j2QO/c/17859827853571447
https://www.instagram.com/p/DS_uWzWgErm/,firdausrichi21,firdausrichi21,Richi Firdausi,False,https://scontent-sjc3-1.cdninstagram.com/v/t51.82787-19/518318071_18062755004223821_2599989481911987944_n.jpg?stp=dst-jpg_e0_s150x150_tt6&_nc_cat=100&ig_cache_key=GPfn5B5NEbHf_itAAOiuHZGoBBUkbmNDAQAB1501500j-ccb7-5&ccb=7-5&_nc_sid=669407&efg=eyJ2ZW5jb2RlX3RhZyI6InByb2ZpbGVfcGljLnd3dy4xMDgwLkMzIn0%3D&_nc_ohc=KhYDAZjrIqgQ7kNvwHR2bwJ&_nc_oc=AdnND333H_UTSjstsq4Apz_rOJr2Oxbqv1a4PS-uthMctu2u-Snr3NdH3wg3pJVt0VM&_nc_ad=z-m&_nc_cid=0&_nc_zt=24&_nc_ht=scontent-sjc3-1.cdninstagram.com&_nc_gid=uN8YP5kzhwoJkutt3uQycA&oh=00_AfpN2rYhgJG6AHSGNAS9jgR_rzTdDYfKt8QiAlY9GOFeLA&oe=6965DEE3,Sejak kapan suara DPRD = Suara Rakyat?,2026-01-03T12:06:25.000Z,4,1,https://www.instagram.com/p/DS_uWzWgErm/c/17929280487176830
https://www.instagram.com/p/DTC8Pk7j2QO/,badruz_18,badruz_18,BADRUZZAMAN,False,https://scontent-dfw5-3.cdninstagram.com/v/t51.2885-19/221181872_3049076371996308_7350724058363719548_n.jpg?stp=dst-jpg_e0_s150x150_tt6&_nc_cat=109&ig_cache_key=GLD3Lg2UvgtqHtUKAHzvr9SVBANmbkULAAAB1501500j-ccb7-5&ccb=7-5&_nc_sid=669407&efg=eyJ2ZW5jb2RlX3RhZyI6InByb2ZpbGVfcGljLnd3dy42NDAuQzMifQ%3D%3D&_nc_ohc=8lYsQVL9yf8Q7kNvwEFQupF&_nc_oc=Adn0bp7IwGGybRXdWZcOy_3T3qkwLnguMVdGPlPNtv0uzeACL9bmo08qXYIjOpkYIuQ&_nc_ad=z-m&_nc_cid=0&_nc_zt=24&_nc_ht=scontent-dfw5-3.cdninstagram.com&oh=00_AfqAY_BPwaxLzAWdBR6RW6S4BC0xyOpkK_3Z3BTk8OZYLQ&oe=6965FAA5,Saya setuju jika di pilih DPRD asal ketika kepala daerah tersebut KORUPSI maka DPRD yang memilihnya berhak mundur dari jabatanya.,2026-01-03T11:55:19.000Z,6,2,https://www.instagram.com/p/DTC8Pk7j2QO/c/17949349731077410
https://www.instagram.com/p/DTC8Pk7j2QO/,mohammadmuchsinudin,mohammadmuchsinudin,Mohammad Muchsinudin,False,https://scontent-dfw5-3.cdninstagram.com/v/t51.2885-19/91500215_217311506279772_6949740822799581184_n.jpg?stp=dst-jpg_e0_s150x150_tt6&_nc_cat=108&ig_cache_key=GLcudAVcLSPHpMUAAAAAAAB1cHJgbkULAAAB1501500j-ccb7-5&ccb=7-5&_nc_sid=669407&efg=eyJ2ZW5jb2RlX3RhZyI6InByb2ZpbGVfcGljLnd3dy4xMDgwLkMzIn0%3D&_nc_ohc=AE40gu8r7BIQ7kNvwHwI10T&_nc_oc=AdmsflBIUm_DRLscEJmmJjm30aHMkZ4t8ufOhYqDFXJag62wxa2p_vRkIaRLX-metZ0&_nc_ad=z-m&_nc_cid=0&_nc_zt=24&_nc_ht=scontent-dfw5-3.cdninstagram.com&oh=00_Afpkzhp6FM7jr9aVUbMhOG7dwzKgjAN-7r8CW53JyIWWeA&oe=6965EBD9,"Asalkan DPRD minimal S2, saya setuju..",2026-01-03T11:24:49.000Z,2,2,https://www.instagram.com/p/DTC8Pk7j2QO/c/18403155634192993
https://www.instagram.com/p/DTC8Pk7j2QO/,esa.lateefa,esa.lateefa,Yunia Esa Susila,False,https://scontent-dfw5-2.cdninstagram.com/v/t51.2885-19/479498709_588661930977597_622134431457285946_n.jpg?stp=dst-jpg_e0_s150x150_tt6&_nc_cat=100&ig_cache_key=GNWRlBw96UmJYhcCADoXjR34Q6IIbkULAAAB1501500j-ccb7-5&ccb=7-5&_nc_sid=669407&efg=eyJ2ZW5jb2RlX3RhZyI6InByb2ZpbGVfcGljLnd3dy4xMDgwLkMzIn0%3D&_nc_ohc=1C46MG2ZxQoQ7kNvwEl9tYS&_nc_oc=AdnqK5RFd7SjpPxDShkeud5ByJlCBBCHdODoykcS5JruUKCqpKDBeUznXC41LH82KPA&_nc_ad=z-m&_nc_cid=0&_nc_zt=24&_nc_ht=scontent-dfw5-2.cdninstagram.com&oh=00_AfpevS8Y-RfQj5NLul94WhaoGJnKpqw9ixm1DEvrnYH9Ig&oe=6965E396,"ENGGAK😂. Karna DPRDpun masih dibagi ""porsi"" parpolnya JADI, JELAS TIDAK. Tidak setuju😂",2026-01-03T11:24:00.000Z,3,0,https://www.instagram.com/p/DTC8Pk7j2QO/c/18147764164445529
https://www.instagram.com/p/DS4MrqKkmXG/,budisantoso8916,budisantoso8916,Budi Santoso,False,https://scontent-yyz1-1.cdninstagram.com/v/t51.2885-19/481014267_622591813988014_2061212943337624867_n.jpg?stp=dst-jpg_e0_s150x150_tt6&_nc_cat=103&ig_cache_key=GPuxqxyurulzPjYCACOVE05A5pocbkULAAAB1501500j-ccb7-5&ccb=7-5&_nc_sid=669407&efg=eyJ2ZW5jb2RlX3RhZyI6InByb2ZpbGVfcGljLnd3dy4xMDgwLkMzIn0%3D&_nc_ohc=Wi97lgKrBuUQ7kNvwGyPDOE&_nc_oc=AdnhvDByAULExSjRbgmCODDg7xFuVYtMlaG36I2Ba5XomqTm-TobY0iy-tkIQYdtCEo&_nc_ad=z-m&_nc_cid=0&_nc_zt=24&_nc_ht=scontent-yyz1-1.cdninstagram.com&oh=00_AfrLVkp2ect8GfZIxKUXqpVbUdbU_3kF5n65zp-oi06-sA&oe=6965ED2A,Pejabat dan warga negara Indonesia pada binggung memikirkan demokrasi pesta siapa yg ganti aturannya hasil reformasi..!?!! Kembali ke orba😂😢,2026-01-03T10:46:58.000Z,1,0,https://www.instagram.com/p/DS4MrqKkmXG/c/18089432491967150
https://www.instagram.com/reel/DTAql6qFW2B/,tini.murga,tini.murga,Tini Murga,False,https://scontent-lga3-2.cdninstagram.com/v/t51.2885-19/432023740_369566185956880_8033616943815078654_n.jpg?stp=dst-jpg_e0_s150x150_tt6&_nc_cat=105&ig_cache_key=GLwowBkQJjxVHlABAP4yqOULJH1vbkULAAAB1501500j-ccb7-5&ccb=7-5&_nc_sid=669407&efg=eyJ2ZW5jb2RlX3RhZyI6InByb2ZpbGVfcGljLnd3dy45MDAuQzMifQ%3D%3D&_nc_ohc=g8vqw0UrWh0Q7kNvwEpMtN4&_nc_oc=AdmCSpGhubyD3Ss6-wqkW81zZ7WvBemGsFW8qnxY-TjQtLsSFuRKsYZzicp56uPchKY&_nc_ad=z-m&_nc_cid=0&_nc_zt=24&_nc_ht=scontent-lga3-2.cdninstagram.com&oh=00_Afq5cQ9hM90-F8B2a77iE87srdqNKq429FdK7KuvrdJ3cA&oe=6965D180,PDIP bersama rakyat🔥🔥🔥🔥,2026-01-03T10:25:37.000Z,3,0,https://www.instagram.com/p/DTAql6qFW2B/c/18042364220709937
https://www.instagram.com/korankaltara/reel/DS3mFSJkjEY/?hl=ar,rannugusti,rannugusti,Gusti Rannu,False,https://scontent-den2-1.cdninstagram.com/v/t51.89012-19/573323465_1219825463302212_7278921664109726296_n.png?stp=dst-webp_s150x150&_nc_cat=1&ig_cache_key=YW5vbnltb3VzX3Byb2ZpbGVfcGlj.3-ccb7-5&ccb=7-5&_nc_sid=669407&efg=eyJ2ZW5jb2RlX3RhZyI6InByb2ZpbGVfcGljLnd3dy5DMyJ9&_nc_ohc=RNOcSyqJy9IQ7kNvwG-0awo&_nc_oc=Adlk68hBZzUioKjQvsYpm_RYT5x4eCVK_cxDbwobKpYCE52smOhXm7N0suDPKFzv34o&_nc_ad=z-m&_nc_cid=0&_nc_zt=24&_nc_ht=scontent-den2-1.cdninstagram.com&_nc_gid=LKoLvAQFHfKgCxfl4wJOcA&oh=00_AfphOpjGWhjXhY8JnkD8KQYSV3Wc6AQzAUuCTsIzU-vlJQ&oe=6965DD19,Bagus Demo BUBARKAN DPR. s/d Skarg Undang2 Perampasan Aset tidak ada Hasilnya...,2026-01-03T08:29:23.000Z,0,0,https://www.instagram.com/p/DS3mFSJkjEY/c/17956112292049797
https://www.instagram.com/korankaltara/reel/DS3mFSJkjEY/?hl=ar,rannugusti,rannugusti,Gusti Rannu,False,https://scontent-den2-1.cdninstagram.com/v/t51.89012-19/573323465_1219825463302212_7278921664109726296_n.png?stp=dst-webp_s150x150&_nc_cat=1&ig_cache_key=YW5vbnltb3VzX3Byb2ZpbGVfcGlj.3-ccb7-5&ccb=7-5&_nc_sid=669407&efg=eyJ2ZW5jb2RlX3RhZyI6InByb2ZpbGVfcGljLnd3dy5DMyJ9&_nc_ohc=RNOcSyqJy9IQ7kNvwG-0awo&_nc_oc=Adlk68hBZzUioKjQvsYpm_RYT5x4eCVK_cxDbwobKpYCE52smOhXm7N0suDPKFzv34o&_nc_ad=z-m&_nc_cid=0&_nc_zt=24&_nc_ht=scontent-den2-1.cdninstagram.com&_nc_gid=LKoLvAQFHfKgCxfl4wJOcA&oh=00_AfphOpjGWhjXhY8JnkD8KQYSV3Wc6AQzAUuCTsIzU-vlJQ&oe=6965DD19,"Tidak Benar ini. Melanggar Konstitusi...,selalu mengatasnamakan Anggaran.",2026-01-03T08:27:50.000Z,0,0,https://www.instagram.com/p/DS3mFSJkjEY/c/18172367317337625
https://www.instagram.com/reel/DTAql6qFW2B/,hi_rickylihanaputra,hi_rickylihanaputra,Ricky Lihana Putra,False,https://scontent-lga3-1.cdninstagram.com/v/t51.82787-19/564761957_18404752132143911_8928778507373092900_n.jpg?stp=dst-jpg_e0_s150x150_tt6&_nc_cat=102&ig_cache_key=GGWVqSEn_wNJBmNBACSgHeq_ZOl7bmNDAQAB1501500j-ccb7-5&ccb=7-5&_nc_sid=669407&efg=eyJ2ZW5jb2RlX3RhZyI6InByb2ZpbGVfcGljLnd3dy4xMDgwLkMzIn0%3D&_nc_ohc=vimIwrN42rkQ7kNvwEOx5bM&_nc_oc=AdnCe_9L6RaiJ3HVbnfMxPQHsSP6fR38fponCQF--Ec5HqXjcxDdrcuvYI0JBjWWsgg&_nc_ad=z-m&_nc_cid=0&_nc_zt=24&_nc_ht=scontent-lga3-1.cdninstagram.com&_nc_gid=j7wq0PkWElHCtvxZ4ovRSQ&oh=00_AfrCCzUFJCTU-ye4R8A4plBDUjEtn_hWe-oPKKCuHq92sg&oe=6965CCAF,2029 all in PDI,2026-01-03T08:23:43.000Z,3,0,https://www.instagram.com/p/DTAql6qFW2B/c/18122771833531699
https://www.instagram.com/p/DStbPjrEnk8/,francismarierini,francismarierini,rini,False,https://scontent-lax3-2.cdninstagram.com/v/t51.2885-19/38244377_253019835536258_8282126247379599360_n.jpg?stp=dst-jpg_e0_s150x150_tt6&_nc_cat=107&ig_cache_key=GBmQRwKCE2vFHuYAAAAAAADxBfBybkULAAAB1501500j-ccb7-5&ccb=7-5&_nc_sid=669407&efg=eyJ2ZW5jb2RlX3RhZyI6InByb2ZpbGVfcGljLnd3dy4xMDgwLkMzIn0%3D&_nc_ohc=79HG2C1p8PoQ7kNvwHXbVHo&_nc_oc=Adm7D-reeDneeMeDBt4QfDZnSZYifFrZGMZj5yHXIxd0OirvvjtxTNtWNvWyC7_zZGo&_nc_ad=z-m&_nc_cid=0&_nc_zt=24&_nc_ht=scontent-lax3-2.cdninstagram.com&oh=00_AfqsAml73myFA6pI23w7grnHv6Fy7E_xrK8InBinzJ_A9Q&oe=6965D56E,"Bu Mega ❤️❤️❤️ dan PDIP ❤️❤️❤️ selalu teguh berpendirian, tidak akan goyah untuk selalu menghormati suara rakyat 🔥🔥🔥😍😍😍",2026-01-03T06:00:41.000Z,2,0,https://www.instagram.com/p/DStbPjrEnk8/c/18128421514519647
https://www.instagram.com/didi_irawadi/p/DTB7d39EnQa/,martinus.nussah,martinus.nussah,Martinus Nussah,False,https://scontent-yyz1-1.cdninstagram.com/v/t51.2885-19/479729367_2015489148862308_455025177219090687_n.jpg?stp=dst-jpg_e0_s150x150_tt6&_nc_cat=108&ig_cache_key=GNcWmBxkP8SiEykHAP-IAOT8klAGbkULAAAB1501500j-ccb7-5&ccb=7-5&_nc_sid=669407&efg=eyJ2ZW5jb2RlX3RhZyI6InByb2ZpbGVfcGljLnd3dy4xMDgwLkMzIn0%3D&_nc_ohc=ETcTBbQaruwQ7kNvwHF1hy6&_nc_oc=AdntdZW5nkVT8rX55GJYk5gp5THkJC0yXcPrI5cx-QoaEUsejM4EBNyPh19kmxWi7oY&_nc_ad=z-m&_nc_cid=0&_nc_zt=24&_nc_ht=scontent-yyz1-1.cdninstagram.com&oh=00_AfqXLU7hFm7yx3ozy77ZRRNtuoaFBArWcGbycFehxa1Tvg&oe=6965DFBD,JANGAN PILIH PARTAI YG MENDUKUNG PILKADA TAK LANGSUNG ATAU DI PILIH OLEH ANGGOTA DPRD BUKAN OLEH WARGA/MASYARAKAT,2026-01-03T05:44:12.000Z,10,0,https://www.instagram.com/p/DTB7d39EnQa/c/18033674531546399
https://www.instagram.com/reel/DTAql6qFW2B/,ri_wildon,ri_wildon,RI_Wildon,False,https://scontent-lga3-2.cdninstagram.com/v/t51.2885-19/484297949_1572827476760506_5407318933622245621_n.jpg?stp=dst-jpg_e0_s150x150_tt6&_nc_cat=101&ig_cache_key=GN3M3Ry6lwtvepYFAPVIzMHrpwpLbkULAAAB1501500j-ccb7-5&ccb=7-5&_nc_sid=669407&efg=eyJ2ZW5jb2RlX3RhZyI6InByb2ZpbGVfcGljLnd3dy4xMDgwLkMzIn0%3D&_nc_ohc=bM-LjqMxIYQQ7kNvwFuAjdd&_nc_oc=AdluFf_onyb0EDXXMqbTnhcmM6hFyFYz_1626TZKdBcjrKUwfnyDuKTS8VGzIoOMYO4&_nc_ad=z-m&_nc_cid=0&_nc_zt=24&_nc_ht=scontent-lga3-2.cdninstagram.com&oh=00_AfpELpng8e4Dqqtl2M5tzyeK-lkpWKo0SeEvd4oG-p3ONA&oe=6965F04A,Kali ini gw dukung pdip🔥,2026-01-03T05:01:03.000Z,2,0,https://www.instagram.com/p/DTAql6qFW2B/c/18072941393609560
https://www.instagram.com/didi_irawadi/p/DTB7d39EnQa/,edi.darman,edi.darman,Edi Darman,False,https://scontent-yyz1-1.cdninstagram.com/v/t51.2885-19/153104073_134900198503435_960977188757854054_n.jpg?stp=dst-jpg_e0_s150x150_tt6&_nc_cat=104&ig_cache_key=GMkuIAkLdGnmsHoAAGZXKmWpE1YNbkULAAAB1501500j-ccb7-5&ccb=7-5&_nc_sid=669407&efg=eyJ2ZW5jb2RlX3RhZyI6InByb2ZpbGVfcGljLnd3dy44NDkuQzMifQ%3D%3D&_nc_ohc=P-eGxols1IsQ7kNvwGFFFiV&_nc_oc=AdkKt8qWQCk-L__1UXEeKb8JTdWcoFNmozgTrN_PNUMd7pYbXcLR8pCRJtrU_xiYyI8&_nc_ad=z-m&_nc_cid=0&_nc_zt=24&_nc_ht=scontent-yyz1-1.cdninstagram.com&oh=00_AfoLpQEFI80lH9cyJ1cClWUi8m6_OnqqQmwgc3GbCpj1Dg&oe=6965E385,"Seharusnya pilkada oleh rakyat, anggaran di bahas dinas dan badan terkait saja,.. jadi DPRD bisa dibubarkan",2026-01-03T04:32:10.000Z,3,0,https://www.instagram.com/p/DTB7d39EnQa/c/17858340660586746
https://www.instagram.com/didi_irawadi/p/DTB7d39EnQa/,fdy_shaleem,fdy_shaleem,FDY SHALEEM,False,https://scontent-yyz1-1.cdninstagram.com/v/t51.82787-19/517227740_17843820396532023_1115651144035977501_n.jpg?stp=dst-jpg_e0_s150x150_tt6&_nc_cat=107&ig_cache_key=GNxE1B430Ssw3GQ-AB3JhfXNlnsPbmNDAQAB1501500j-ccb7-5&ccb=7-5&_nc_sid=669407&efg=eyJ2ZW5jb2RlX3RhZyI6InByb2ZpbGVfcGljLnd3dy4xMDgwLkMzIn0%3D&_nc_ohc=8GGj_Az-tC0Q7kNvwF91ISl&_nc_oc=AdlIFm_NJY2QawCiRdCaGcO6Sxfr_uM9pftyCdyoWzik9F1qEiU9aQvvzIr-k_dturQ&_nc_ad=z-m&_nc_cid=0&_nc_zt=24&_nc_ht=scontent-yyz1-1.cdninstagram.com&_nc_gid=w2cudA4w-8jjPZyRU1be_w&oh=00_AfrWCFha0l_GvQWOInwfXuiKVabGr89q-N0nymt8G1vwrg&oe=6965E888,Demokrat Penjaga Demokrasi 🔥🔥🔥🔥,2026-01-03T03:09:35.000Z,6,5,https://www.instagram.com/p/DTB7d39EnQa/c/18392936782182725
https://www.instagram.com/p/DS6yKw3EjgQ/,friedrich.der.grobe,friedrich.der.grobe,Maury.Denver,False,https://scontent-iad3-2.cdninstagram.com/v/t51.82787-19/587780439_18083005751112125_1624064411951521146_n.jpg?stp=dst-jpg_e0_s150x150_tt6&_nc_cat=105&ig_cache_key=GFfRCCO9MUTeZT5AAHpduV761YkWbmNDAQAB1501500j-ccb7-5&ccb=7-5&_nc_sid=669407&efg=eyJ2ZW5jb2RlX3RhZyI6InByb2ZpbGVfcGljLnd3dy4xMDgwLkMzIn0%3D&_nc_ohc=Nyoc8d5rEyIQ7kNvwEOyEVB&_nc_oc=AdmRSf4roYYXtNlR_qtLUgqXHfjkY3pYJ1jSRjr0Wl5sFdvfgK1THNghu6b6ABZHMxg&_nc_ad=z-m&_nc_cid=0&_nc_zt=24&_nc_ht=scontent-iad3-2.cdninstagram.com&_nc_gid=wk8A95pRY0syOZc30cBYbQ&oh=00_AfpW6eBE9X-ncJcp7Nnp6Ddiai39m6eIYC2iBkED5G3Mtg&oe=6965FB75,min pks beneran memihak rakyat kan?,2026-01-03T03:06:25.000Z,3,1,https://www.instagram.com/p/DS6yKw3EjgQ/c/18037497641724615
https://www.instagram.com/p/DS4MrqKkmXG/,dwi_panjul23,dwi_panjul23,Dwi Regananda,False,https://scontent-yyz1-1.cdninstagram.com/v/t51.2885-19/457025921_1782406632290289_6049940409154469643_n.jpg?stp=dst-jpg_e0_s150x150_tt6&_nc_cat=104&ig_cache_key=GIGpPRvxtyniFlUGAAv-7oe-tPVTbkULAAAB1501500j-ccb7-5&ccb=7-5&_nc_sid=669407&efg=eyJ2ZW5jb2RlX3RhZyI6InByb2ZpbGVfcGljLnd3dy45NjAuQzMifQ%3D%3D&_nc_ohc=8d0Pkc0swM0Q7kNvwGEhHI2&_nc_oc=Adk668VfGLYr9vVee7tDoOxO38cZDBlBmT5pr0OptMQdG-Nlv_05IdynNI9t4db5REo&_nc_ad=z-m&_nc_cid=0&_nc_zt=24&_nc_ht=scontent-yyz1-1.cdninstagram.com&oh=00_AfpSZ14okDJtltsNAf1O5Kf8KGH5xnfO7NSC-oCRt2c9RQ&oe=6965E3FD,Ini mah kuat2an bagi2 jabatan juga,2026-01-03T02:46:02.000Z,1,0,https://www.instagram.com/p/DS4MrqKkmXG/c/18441086101096471
https://www.instagram.com/reel/DTAql6qFW2B/,aditya_rizkq,aditya_rizkq,M.Aditya Rizki Suhendrik,False,https://scontent-lga3-2.cdninstagram.com/v/t51.82787-19/549378350_17909980476213849_6263946643555492955_n.jpg?stp=dst-jpg_e0_s150x150_tt6&_nc_cat=107&ig_cache_key=GC7ZviBZCjhICKE-AFskINVIAu5WbmNDAQAB1501500j-ccb7-5&ccb=7-5&_nc_sid=669407&efg=eyJ2ZW5jb2RlX3RhZyI6InByb2ZpbGVfcGljLnd3dy4xMDgwLkMzIn0%3D&_nc_ohc=c6Kpk7GnA-wQ7kNvwGGhpmB&_nc_oc=Adk2EDDQXtV85EP6CFpRwNOFWYYgZAop55IGKZHdZML7ri9SiVOkZFgaZ3jd2ZZJXk8&_nc_ad=z-m&_nc_cid=0&_nc_zt=24&_nc_ht=scontent-lga3-2.cdninstagram.com&_nc_gid=j7wq0PkWElHCtvxZ4ovRSQ&oh=00_Afq_E_6jPeckUNceVHiOGGwsjaEJ82EG6TusluiTxbmDNg&oe=6965EEDB,"Mantap pdip, kita harus apresiasi sama bu mega karna beliau lah yg membuat rencana pilkada dialihkan ke rakyat pada masa jabatannya waktu presiden",2026-01-03T01:47:44.000Z,2,0,https://www.instagram.com/p/DTAql6qFW2B/c/18026814593782247
https://www.instagram.com/didi_irawadi/p/DTB7d39EnQa/,okem8856,okem8856,Okem88,False,https://scontent-yyz1-1.cdninstagram.com/v/t51.75761-19/497432898_17844511566483529_8776973492457175390_n.jpg?stp=dst-jpg_e0_s150x150_tt6&_nc_cat=105&ig_cache_key=GEI5ph1JUBwdfWU-AF757ZTjEs55bvEnAQAB1501500j-ccb7-5&ccb=7-5&_nc_sid=669407&efg=eyJ2ZW5jb2RlX3RhZyI6InByb2ZpbGVfcGljLnd3dy4xMDgwLkMzIn0%3D&_nc_ohc=c_jxLSdVH7EQ7kNvwHw4ncv&_nc_oc=AdknWsuym9wh6-HwwLAEr2ZGD103rBCOsrGUf-hYXx9HF-ftWEBowU7y5w9UcmVt1xc&_nc_ad=z-m&_nc_cid=0&_nc_zt=24&_nc_ht=scontent-yyz1-1.cdninstagram.com&_nc_gid=w2cudA4w-8jjPZyRU1be_w&oh=00_AfqKNCaF_N9wroL3HhJn0oJjSzQ_Lm_7Kwy8Bht6yh_9RA&oe=6965E143,Tolak Pilkada Dagang Sapi maka Rakyat akan memilih parpol yg menolak !!! Tolak kembalinya Orba🔥,2026-01-03T01:47:31.000Z,5,0,https://www.instagram.com/p/DTB7d39EnQa/c/17876462856462623
https://www.instagram.com/didi_irawadi/p/DTB7d39EnQa/,didi_irawadi,didi_irawadi,Didi Irawadi Syamsuddin,True,https://scontent-yyz1-1.cdninstagram.com/v/t51.2885-19/426221145_1382379232394866_4163980496938345984_n.jpg?stp=dst-jpg_e0_s150x150_tt6&_nc_cat=105&ig_cache_key=GFmeZxlyfhc-ROkEAAAmqkMzbsk5bkULAAAB1501500j-ccb7-5&ccb=7-5&_nc_sid=669407&efg=eyJ2ZW5jb2RlX3RhZyI6InByb2ZpbGVfcGljLnd3dy4xMDgwLkMzIn0%3D&_nc_ohc=Gq9whEaxl5sQ7kNvwH8KVr_&_nc_oc=AdnIHJ_IM-IoRPWh5N0cytqFzxGRHv_qccpAZ4jUtfddDI4bNpyyPPLu7Sir0-LmlTE&_nc_ad=z-m&_nc_cid=0&_nc_zt=24&_nc_ht=scontent-yyz1-1.cdninstagram.com&oh=00_AfqzYCqnHc0EVQt508pzo6sPDHOGQaeshSCMAsk1ebf81g&oe=6965FC63,IngatPerpuMenolakPilkadaDPRD SBYPerpuMenolakPilkadaDPRD DagangSapiPolitik ElitMenentukan DemokrasiDikebiri JanganRampasHakPilih PilkadaUntukRakyat EtikaPolitik Akuntabilitas DemokrasiSehat ReformasiBelumSelesai IngatSejarah,2026-01-03T01:44:01.000Z,2,0,https://www.instagram.com/p/DTB7d39EnQa/c/18085387117880095
https://www.instagram.com/reel/DTAql6qFW2B/,chamid_abu,chamid_abu,"Abu chamid Al ghoyali, (cam)",False,https://scontent-lga3-2.cdninstagram.com/v/t51.2885-19/487565379_1362400878123909_6435425157228515082_n.jpg?stp=dst-jpg_e0_s150x150_tt6&_nc_cat=107&ig_cache_key=GEOoDx2F22GsGNcEAArPN4sVOU9ZbkULAAAB1501500j-ccb7-5&ccb=7-5&_nc_sid=669407&efg=eyJ2ZW5jb2RlX3RhZyI6InByb2ZpbGVfcGljLnd3dy4xMDgwLkMzIn0%3D&_nc_ohc=VKFV99RsA_sQ7kNvwEer7Iz&_nc_oc=AdnSf8zol7_NPKLVoeTqOzWqCYyXPrn81dPRjV9AFcgXaUHNTF6W0u3Ei4I7sFicig8&_nc_ad=z-m&_nc_cid=0&_nc_zt=24&_nc_ht=scontent-lga3-2.cdninstagram.com&oh=00_Afph6IPV8qrleQRWld9sB8y14lDlpKwjWvPybNuQMv_V6A&oe=6965FC61,Bangga lihat PDIP menjadi oposisi,2026-01-03T01:00:14.000Z,1,0,https://www.instagram.com/p/DTAql6qFW2B/c/18033169460766790
https://www.instagram.com/p/DS_uWzWgErm/,venita_berlianaputri,venita_berlianaputri,Venita berliana putri,False,https://scontent-sjc6-1.cdninstagram.com/v/t51.2885-19/427648185_390784653555897_2354611473858548075_n.jpg?stp=dst-jpg_e0_s150x150_tt6&_nc_cat=108&ig_cache_key=GLlkfRm5eHWkamMBAGvRZQOpQq0gbkULAAAB1501500j-ccb7-5&ccb=7-5&_nc_sid=669407&efg=eyJ2ZW5jb2RlX3RhZyI6InByb2ZpbGVfcGljLnd3dy40MDAuQzMifQ%3D%3D&_nc_ohc=3eh9y6F2W3kQ7kNvwHDHPAR&_nc_oc=Admo2oVCEzYHC4T6-dY64lWwnPjuPUtmkTw0EDfB4lsAW6fhrGKnM9wJ6hAAJY__gMw&_nc_ad=z-m&_nc_cid=0&_nc_zt=24&_nc_ht=scontent-sjc6-1.cdninstagram.com&oh=00_AfqIdAtti-CHXg6d5AunDm3LWm26B3Oo8h3LnPuwK7Fsrw&oe=6965DD8E,Lebih efisien lagi kalau dpr & mpr di bubarkan hemat ratusan T itu 👏👏👏,2026-01-03T00:46:42.000Z,219,9,https://www.instagram.com/p/DS_uWzWgErm/c/18093211631502228
https://www.instagram.com/p/DS_uWzWgErm/,andy_psex,andy_psex,Nur Amin Ependy,False,https://scontent-sjc6-1.cdninstagram.com/v/t51.2885-19/466982881_556950243610946_4002017169802510142_n.jpg?stp=dst-jpg_e0_s150x150_tt6&_nc_cat=101&ig_cache_key=GOGX1RtCkW0Vi-oBAD6-F49pBYo3bkULAAAB1501500j-ccb7-5&ccb=7-5&_nc_sid=669407&efg=eyJ2ZW5jb2RlX3RhZyI6InByb2ZpbGVfcGljLnd3dy4xMDgwLkMzIn0%3D&_nc_ohc=btzhiu_gOacQ7kNvwGW8PB_&_nc_oc=AdldVo7PhNTMS-TcCDuHKuquzBVpeAnXguu1_9wbkLk_pIUf-ZaBBkm4_AQVKyG4QZk&_nc_ad=z-m&_nc_cid=0&_nc_zt=24&_nc_ht=scontent-sjc6-1.cdninstagram.com&oh=00_AfrXGx__QA0g7KZr7OQeelf40Mo4C5NE-icYJg4hXBXDTA&oe=6965CB8F,Emang anggota DPRD bisa dipercaya???,2026-01-02T23:39:36.000Z,15,0,https://www.instagram.com/p/DS_uWzWgErm/c/18015805874634774
https://www.instagram.com/p/DS6yKw3EjgQ/,askaaa07,askaaa07,Aska Fama,False,https://scontent-iad3-2.cdninstagram.com/v/t51.2885-19/190066494_754775951827728_593253039930911540_n.jpg?stp=dst-jpg_e0_s150x150_tt6&_nc_cat=106&ig_cache_key=GD4vVAsQY374dq4CADSrACN-qDsIbkULAAAB1501500j-ccb7-5&ccb=7-5&_nc_sid=669407&efg=eyJ2ZW5jb2RlX3RhZyI6InByb2ZpbGVfcGljLnd3dy4xMDgwLkMzIn0%3D&_nc_ohc=BjXpHh5Xt84Q7kNvwGJRmn7&_nc_oc=Adk2HY5zX-Fbr5c5h-aAv9tdoS1rBjiSeiPPJPwDgG40RI5o3jLZxrCTOH_C72OT-vo&_nc_ad=z-m&_nc_cid=0&_nc_zt=24&_nc_ht=scontent-iad3-2.cdninstagram.com&oh=00_AfrGDjfo_fCVetn1LWJmb9oCMtbtog1ts5xxHxPN9d-gBQ&oe=6965E7A2,Lalu rakyat kalian anggap apa 😮😮l,2026-01-02T23:33:54.000Z,1,0,https://www.instagram.com/p/DS6yKw3EjgQ/c/18145154521454114
https://www.instagram.com/p/DS_uWzWgErm/,cakdar_original_store,cakdar_original_store,Darsono Budi Susilo,False,https://scontent-sjc3-1.cdninstagram.com/v/t51.75761-19/495363509_18400735732105577_5973917933387201625_n.jpg?stp=dst-jpg_e0_s150x150_tt6&_nc_cat=105&ig_cache_key=GLWlhh1pAeskX19BAFk84ZC1nudSbvEnAQAB1501500j-ccb7-5&ccb=7-5&_nc_sid=669407&efg=eyJ2ZW5jb2RlX3RhZyI6InByb2ZpbGVfcGljLnd3dy4xMDgwLkMzIn0%3D&_nc_ohc=8IXBUE5-QCEQ7kNvwFl-wdA&_nc_oc=AdkiwhTGdtddfEq6_S2aHHpRLo-GD5YcwUTT7K372FovTMVVoYEWCfQFSbh79DeJJeE&_nc_ad=z-m&_nc_cid=0&_nc_zt=24&_nc_ht=scontent-sjc3-1.cdninstagram.com&_nc_gid=uN8YP5kzhwoJkutt3uQycA&oh=00_AfpihoSEHTUob9pgfRoj3p0QWCquvIlnb4iI8hb-N8yA9Q&oe=6965E7ED,Peh...,2026-01-02T16:38:23.000Z,1,0,https://www.instagram.com/p/DS_uWzWgErm/c/17944495134091494
https://www.instagram.com/p/DS_uWzWgErm/,maraind25,maraind25,maraInd,False,https://scontent-sjc6-1.cdninstagram.com/v/t51.2885-19/440662826_1191659701832556_840199320668135400_n.jpg?stp=dst-jpg_e0_s150x150_tt6&_nc_cat=108&ig_cache_key=GCr7QxpsizjlzjsEAOjf8qDU-KgLbkULAAAB1501500j-ccb7-5&ccb=7-5&_nc_sid=669407&efg=eyJ2ZW5jb2RlX3RhZyI6InByb2ZpbGVfcGljLnd3dy4xMDI0LkMzIn0%3D&_nc_ohc=2pDtJwcOJYcQ7kNvwHvaOij&_nc_oc=AdmXwC0RPJaQjogLhvtHfmlQV8rGRt4UoI58uFDrmhjCeK6c7CebZulXlVem61mTKzw&_nc_ad=z-m&_nc_cid=0&_nc_zt=24&_nc_ht=scontent-sjc6-1.cdninstagram.com&oh=00_AfqnJXyUpipNkT7Tu31ntdl3oO590H7ELX7U8jNpOZCtjQ&oe=6965E062,Lawan lah 🔥,2026-01-02T16:36:47.000Z,4,0,https://www.instagram.com/p/DS_uWzWgErm/c/18119114668568634
https://www.instagram.com/reel/DTAql6qFW2B/,a2n_9867,a2n_9867,Aan Aminudin,False,https://scontent-lga3-2.cdninstagram.com/v/t51.2885-19/431755612_964974681694438_7989236878208355611_n.jpg?stp=dst-jpg_e0_s150x150_tt6&_nc_cat=109&ig_cache_key=GFwRvBnmoB6to20DABtND6iceN9ubkULAAAB1501500j-ccb7-5&ccb=7-5&_nc_sid=669407&efg=eyJ2ZW5jb2RlX3RhZyI6InByb2ZpbGVfcGljLnd3dy43MjAuQzMifQ%3D%3D&_nc_ohc=pXXwMMl8be0Q7kNvwEzIcjE&_nc_oc=Admc-uQ6YNwXEqZYUHuSVWHv_LWI5e3IilOr5220MnhtkJ_6CZVHsyKQVi3ze7EkasU&_nc_ad=z-m&_nc_cid=0&_nc_zt=24&_nc_ht=scontent-lga3-2.cdninstagram.com&oh=00_AfrpWXbqZY9vDPXGUMF1I9jMKmPLdJ_YZSeOCKGJLrY_3Q&oe=6965CB94,Keren PDI-P,2026-01-02T16:04:27.000Z,50,3,https://www.instagram.com/p/DTAql6qFW2B/c/18102513163827243
https://www.instagram.com/p/DS_uWzWgErm/,arhamasri227,arhamasri227,ARDI,False,https://scontent-sjc6-1.cdninstagram.com/v/t51.75761-19/496019967_17843555679483178_3951386988038084193_n.jpg?stp=dst-jpg_e0_s150x150_tt6&_nc_cat=107&ig_cache_key=GP_pkB0qNc6NnmQ-AGFWHMCHJdY2bvEnAQAB1501500j-ccb7-5&ccb=7-5&_nc_sid=669407&efg=eyJ2ZW5jb2RlX3RhZyI6InByb2ZpbGVfcGljLnd3dy45MjQuQzMifQ%3D%3D&_nc_ohc=VHHxeGX0noQQ7kNvwEjJEfN&_nc_oc=AdkxETkr7o7nyyZy7qNZzVkvRnuI0McSWzTtGTlZqSsDI41hurFFcCYCRbKgVdPPYwI&_nc_ad=z-m&_nc_cid=0&_nc_zt=24&_nc_ht=scontent-sjc6-1.cdninstagram.com&_nc_gid=uN8YP5kzhwoJkutt3uQycA&oh=00_AfqKvOhUpFojhRMKJkumQ6OGQ1g8HdC-wBlFf7HvAyJDtg&oe=6965D90A,Kehancuran demokrasi di rezim jokowi sm di Rezim wowok,2026-01-02T15:53:06.000Z,351,8,https://www.instagram.com/p/DS_uWzWgErm/c/18131131858444902
https://www.instagram.com/p/DS6yKw3EjgQ/,riskianandaa_,riskianandaa_,"Putu Riski Ananda Kusuma, S.H., M.H.",False,https://scontent-iad3-1.cdninstagram.com/v/t51.82787-19/572562146_18539008021045044_8161782166113779859_n.jpg?stp=dst-jpg_e0_s150x150_tt6&_nc_cat=107&ig_cache_key=GOKaICI0H5UrId1BAJOAVBmjeURxbmNDAQAB1501500j-ccb7-5&ccb=7-5&_nc_sid=669407&efg=eyJ2ZW5jb2RlX3RhZyI6InByb2ZpbGVfcGljLnd3dy4xMDgwLkMzIn0%3D&_nc_ohc=jHbf2HvJ3DgQ7kNvwHD1mK-&_nc_oc=AdnBTxNiidmVMcDjnbSbBHbze3UKI_ylRELpjXbf3Mnu5aUJsc8vDh2lNpmPvFoW5z4&_nc_ad=z-m&_nc_cid=0&_nc_zt=24&_nc_ht=scontent-iad3-1.cdninstagram.com&_nc_gid=wk8A95pRY0syOZc30cBYbQ&oh=00_AfqguzhUryBDPAdHSQjlzG4iqoMKcJzz7mCBZyblKpt9iQ&oe=6965F890,2029 coblos pdip atau demokrat aja 2 pilihan,2026-01-02T14:49:07.000Z,6,0,https://www.instagram.com/p/DS6yKw3EjgQ/c/18037854239740250
https://www.instagram.com/reel/DTAql6qFW2B/,didit2858,didit2858,Didit Adi,False,https://scontent-lga3-2.cdninstagram.com/v/t51.2885-19/21689349_167328267176357_5418757918633754624_n.jpg?stp=dst-jpg_e0_s150x150_tt6&_nc_cat=101&ig_cache_key=GAX0SgGlCe0lL5gAAAAAAACeSzNLbkULAAAB1501500j-ccb7-5&ccb=7-5&_nc_sid=669407&efg=eyJ2ZW5jb2RlX3RhZyI6InByb2ZpbGVfcGljLnd3dy4zMjIuQzMifQ%3D%3D&_nc_ohc=K2TOFqiweD0Q7kNvwG-DaCC&_nc_oc=AdmJ9_CBIx4nspbwUA0ufvDQHdTWAyacPxJrpryYj6q9uL7rZOeAO59OxhIqlEYdWqo&_nc_ad=z-m&_nc_cid=0&_nc_zt=24&_nc_ht=scontent-lga3-2.cdninstagram.com&oh=00_AfqX64lXKkA_zDsuJjxsAlE2MCTriN6cMOU0t7QsleqUpQ&oe=6965D877,🔥🔥🔥👏👏.....lanjutken,2026-01-02T14:06:09.000Z,14,2,https://www.instagram.com/p/DTAql6qFW2B/c/18086833850102005
https://www.instagram.com/reel/DTAql6qFW2B/,makuopandaupermai,makuopandaupermai,Makuo Pandaupermai,False,https://scontent-lga3-3.cdninstagram.com/v/t51.2885-19/329194768_534708765450519_831954995604405310_n.jpg?stp=dst-jpg_e0_s150x150_tt6&_nc_cat=106&ig_cache_key=GBAdnxMX4QWWUOYBAD68HB6psosLbkULAAAB1501500j-ccb7-5&ccb=7-5&_nc_sid=669407&efg=eyJ2ZW5jb2RlX3RhZyI6InByb2ZpbGVfcGljLnd3dy4xMDgwLkMzIn0%3D&_nc_ohc=yUu2Z4M60AEQ7kNvwH4G13p&_nc_oc=Adkd-5v2omDraOR0F4aPNlrS8mn1WHy6KlreKb3iFKGsQNWZeKWaIB1vHg_1a36aSOQ&_nc_ad=z-m&_nc_cid=0&_nc_zt=24&_nc_ht=scontent-lga3-3.cdninstagram.com&oh=00_Afq6pVnakdCD4LB6RI07lXxaC0HCPAh1HUc-I6Sbvcetlw&oe=6965D379,Bagus mantap 👍👍👍🤲🤲🤲🇮🇩🇮🇩🇮🇩,2026-01-02T13:57:06.000Z,46,1,https://www.instagram.com/p/DTAql6qFW2B/c/18153904120422628
https://www.instagram.com/p/DS6yKw3EjgQ/,ida113824,ida113824,ida,False,https://scontent-iad3-1.cdninstagram.com/v/t51.89012-19/573323465_1219825463302212_7278921664109726296_n.png?stp=dst-webp_s150x150&_nc_cat=1&ig_cache_key=YW5vbnltb3VzX3Byb2ZpbGVfcGlj.3-ccb7-5&ccb=7-5&_nc_sid=669407&efg=eyJ2ZW5jb2RlX3RhZyI6InByb2ZpbGVfcGljLnd3dy5DMyJ9&_nc_ohc=RNOcSyqJy9IQ7kNvwEuPEev&_nc_oc=AdlzagFWnH7n-nI76mdc6FOVJaunCNBwuRq-VKE9aQGKXRvfAuHIKQT6pnWhwVYeiY4&_nc_ad=z-m&_nc_cid=0&_nc_zt=24&_nc_ht=scontent-iad3-1.cdninstagram.com&_nc_gid=wk8A95pRY0syOZc30cBYbQ&oh=00_Afrtty8JmeK0AktjDgrCb5nMviG5KYjGPUod1eMMK34rgw&oe=6965DD19,Saya setuju dengan PDIP dan Demokrat,2026-01-02T12:16:14.000Z,1,0,https://www.instagram.com/p/DS6yKw3EjgQ/c/18065094671222854
https://www.instagram.com/p/DS6yKw3EjgQ/,azhari_al_saifudin,azhari_al_saifudin,Azhari AL Saifudin,False,https://scontent-iad3-2.cdninstagram.com/v/t51.2885-19/314454991_685873823129370_5342974486374478938_n.jpg?stp=dst-jpg_e0_s150x150_tt6&_nc_cat=103&ig_cache_key=GM8zvhIan5ZxzG8CAFp0U7D8DiZKbkULAAAB1501500j-ccb7-5&ccb=7-5&_nc_sid=669407&efg=eyJ2ZW5jb2RlX3RhZyI6InByb2ZpbGVfcGljLnd3dy45NTcuQzMifQ%3D%3D&_nc_ohc=Tz2VE1nQj9YQ7kNvwGGC48L&_nc_oc=AdnZqzqA0PCQAmFm_ad_j58WhiVX0-emtWpRu1zW9nvcunoIlVmw1xkOEN8VQ5e2wn4&_nc_ad=z-m&_nc_cid=0&_nc_zt=24&_nc_ht=scontent-iad3-2.cdninstagram.com&oh=00_AfrbMRM4kzQ8AOndhRyDil20GfeVMLlVH7Eo-lpKFF29KQ&oe=6965DB53,2029 g usah nyoblos,2026-01-02T11:46:18.000Z,1,0,https://www.instagram.com/p/DS6yKw3EjgQ/c/17885426073305681
https://www.instagram.com/p/DS4MrqKkmXG/,hendra_rangkayosati,hendra_rangkayosati,Hendra Rangkayo Sati,False,https://scontent-yyz1-1.cdninstagram.com/v/t51.2885-19/22158945_1662107553801368_5865676384206061568_n.jpg?stp=dst-jpg_e0_s150x150_tt6&_nc_cat=107&ig_cache_key=GGEeUgGYpFKSrecFAAAAAACYEWdRbkULAAAB1501500j-ccb7-5&ccb=7-5&_nc_sid=669407&efg=eyJ2ZW5jb2RlX3RhZyI6InByb2ZpbGVfcGljLnd3dy4yMDAuQzMifQ%3D%3D&_nc_ohc=zCphB38EEUUQ7kNvwEM5c8E&_nc_oc=AdmaIvh59jMkJYxYX0QjKy72JZSW-AOh7GHrwHhixAFCjTObl8oPyTygBjohE5BfSuY&_nc_ad=z-m&_nc_cid=0&_nc_zt=24&_nc_ht=scontent-yyz1-1.cdninstagram.com&oh=00_Afq3XzdknBXiFJ3ETcFUMD-OfBbtvV6tO9kdjJBfG9TqPw&oe=6965FAE5,"Saya juga setuju, DPR DPRD1 dan DPRD 2 ngak usah di pilih lagi. Atau bubarkan saja.",2026-01-02T11:16:37.000Z,3,0,https://www.instagram.com/p/DS4MrqKkmXG/c/18092903998745735
https://www.instagram.com/p/DS_uWzWgErm/,diekokarlas,diekokarlas,Dieko Karlas Kartasasmita,False,https://scontent-sjc3-1.cdninstagram.com/v/t51.2885-19/489693883_1095652395936074_5904110356514735957_n.jpg?stp=dst-jpg_e0_s150x150_tt6&_nc_cat=100&ig_cache_key=GLsiMB1KadtzfeQDAFUHxIIWne9RbkULAAAB1501500j-ccb7-5&ccb=7-5&_nc_sid=669407&efg=eyJ2ZW5jb2RlX3RhZyI6InByb2ZpbGVfcGljLnd3dy4xMDgwLkMzIn0%3D&_nc_ohc=m1uxsRIUuYIQ7kNvwEZu5am&_nc_oc=AdlsIu6YbMJHNYRygs6y6tWADq5viLZXQs3dB5SNDar4-oKK68XeusDJwgvihLNiuKQ&_nc_ad=z-m&_nc_cid=0&_nc_zt=24&_nc_ht=scontent-sjc3-1.cdninstagram.com&oh=00_AfpmckFXbImI7439EfeC24JuPIEoPKtiahAt5-Jgm_dmCQ&oe=6965FB9B,Artinya Gerindra dukung Orde Baru ?,2026-01-02T10:17:57.000Z,134,13,https://www.instagram.com/p/DS_uWzWgErm/c/18113889823594844
https://www.instagram.com/reel/DTAGuD7Evxc/,sangrajatanahjawa_,sangrajatanahjawa_,hamba allahswt🇮🇩RAJA UANG🇸🇩🔥,False,https://scontent-iad3-2.cdninstagram.com/v/t51.82787-19/610193016_18376891453153198_7825492535511307735_n.jpg?stp=dst-jpg_e0_s150x150_tt6&_nc_cat=105&ig_cache_key=GHjOXiSuHyR3r0lBANdVn-P-u5lsbmNDAQAB1501500j-ccb7-5&ccb=7-5&_nc_sid=669407&efg=eyJ2ZW5jb2RlX3RhZyI6InByb2ZpbGVfcGljLnd3dy4xMDgwLkMzIn0%3D&_nc_ohc=Y99vam5eaUYQ7kNvwEyknlE&_nc_oc=AdlOshMP0SdDYcrV1cTaCdrTfWSmq0k3DzCrPY8sGmQnlrZfFCgt4y-6tqiyWvsjhko&_nc_ad=z-m&_nc_cid=0&_nc_zt=24&_nc_ht=scontent-iad3-2.cdninstagram.com&_nc_gid=a90wzoRBOGEZB-HGOmZ8ew&oh=00_Afqa4Y8gHcZaItpjTAQDn0mqDlcVV5KoKfEBXVLk-_wJ1w&oe=6965CF69,"Dengan nama allah yang maha pemurah, lagi maha penyayang Jika kami orang yang meyakini tidak ada Tuhan selain dia allahswt, dia yang menghidupkan dan mematikan, dan Tuhan nenek moyangmu dahulu tetapi mereka dalam keraguan mereka bermain main(dengan perkara agama). Maka tunggulah pada hari ketika langit membawa kabut yang tampak jelas yang meliputi, manusia, inilah azab yang amat pedih. (Mereka berdoa)""Ya tuhan kamu lenyapkanlah azab itu dari kami, sesungguhnya kami akan beriman""bagaimana mereka dapat menerima peringatan, padahal (sebelumnya pun) seorang rasul telah datang memberi penjelasan kepada mereka, kemudian mereka berpaling daripadanya dan berkata""dia itu orang yang menerima ajaran(dari pada orang lain)dan seorang yang gila, ""sesungguhnya (kalau) kami melenyapkan azab itu sedikit saja, tentu kamu akan kembali (ingkar). Ingatlah pada hari(ketika) kami menghentam mereka dengan keras, kami pasti memberi balasan dan sesungguhnya, sebelum mereka , kami benar benar telah menguji kaum firaun dan telah datang kepada mereka seorang rosul,yang mulia(Dengan berkata) ""Serahkanlah kepadaku wahai hamba hamba allah (apa-apa yang menandakan kamu menerima kerasulan ku), sesungguhnya aku ini rosul yang amanah, yang diutus kepadamu, dan janganlah kamu menyombongkan diri terhadap allah, sesungguhnya aku datang kepadamu dengan membawa bukti yang nyata,",2026-01-02T10:04:17.000Z,0,1,https://www.instagram.com/p/DTAGuD7Evxc/c/17860389345569164
https://www.instagram.com/p/DS4MrqKkmXG/,akasha_subagio_ae,akasha_subagio_ae,Ricky Subagio,False,https://scontent-yyz1-1.cdninstagram.com/v/t51.2885-19/75256773_4616741778384168_5000592051494977536_n.jpg?stp=dst-jpg_e0_s150x150_tt6&_nc_cat=102&ig_cache_key=GMVTfAQoZbj15mYQAAAAAAD6q2VFbkULAAAB1501500j-ccb7-5&ccb=7-5&_nc_sid=669407&efg=eyJ2ZW5jb2RlX3RhZyI6InByb2ZpbGVfcGljLnd3dy4xMDgwLkMzIn0%3D&_nc_ohc=pxAhjjCp0hMQ7kNvwHBLmSD&_nc_oc=AdnAWcquL7SDHMMTB-Z9JK5che0U1q5nzX4tfVtaEA92kULcFlZTyDQ9qH8-7hGuOso&_nc_ad=z-m&_nc_cid=0&_nc_zt=24&_nc_ht=scontent-yyz1-1.cdninstagram.com&oh=00_AfqlJJ69IZtvGAHvMoanJQFMe0qaEg7_J-vqrjJ_7RKzzA&oe=6965D850,Orang orang yang ingin menghancurkan demokrasi kayanya gak boleh dikasi hati lagi.,2026-01-02T08:33:02.000Z,0,1,https://www.instagram.com/p/DS4MrqKkmXG/c/18105932821674724
https://www.instagram.com/p/DS6yKw3EjgQ/,imnaruto123,imnaruto123,naruto,False,https://scontent-iad3-1.cdninstagram.com/v/t51.89012-19/573323465_1219825463302212_7278921664109726296_n.png?stp=dst-webp_s150x150&_nc_cat=1&ig_cache_key=YW5vbnltb3VzX3Byb2ZpbGVfcGlj.3-ccb7-5&ccb=7-5&_nc_sid=669407&efg=eyJ2ZW5jb2RlX3RhZyI6InByb2ZpbGVfcGljLnd3dy5DMyJ9&_nc_ohc=RNOcSyqJy9IQ7kNvwEuPEev&_nc_oc=AdlzagFWnH7n-nI76mdc6FOVJaunCNBwuRq-VKE9aQGKXRvfAuHIKQT6pnWhwVYeiY4&_nc_ad=z-m&_nc_cid=0&_nc_zt=24&_nc_ht=scontent-iad3-1.cdninstagram.com&_nc_gid=wk8A95pRY0syOZc30cBYbQ&oh=00_Afrtty8JmeK0AktjDgrCb5nMviG5KYjGPUod1eMMK34rgw&oe=6965DD19,Mega sma sby bersatuu 🔥🔥,2026-01-02T08:19:57.000Z,87,1,https://www.instagram.com/p/DS6yKw3EjgQ/c/18106015177673774
https://www.instagram.com/p/DS_uWzWgErm/,bukann_gueh,bukann_gueh,Al,False,https://scontent-sjc6-1.cdninstagram.com/v/t51.82787-19/579434368_17952530109042187_7831823879327568172_n.jpg?stp=dst-jpg_e0_s150x150_tt6&_nc_cat=111&ig_cache_key=GIB3iSILDvgju8c-ACzRvc5SOrBsbmNDAQAB1501500j-ccb7-5&ccb=7-5&_nc_sid=669407&efg=eyJ2ZW5jb2RlX3RhZyI6InByb2ZpbGVfcGljLnd3dy4xMDgwLkMzIn0%3D&_nc_ohc=gvNgzJufW4kQ7kNvwHoJTWF&_nc_oc=AdkGZwhFFZLVc5beTXwFzcsHEs4u4StQPnOcFzzkB2Frw9SUm38i9u_bEOCmROCzj48&_nc_ad=z-m&_nc_cid=0&_nc_zt=24&_nc_ht=scontent-sjc6-1.cdninstagram.com&_nc_gid=uN8YP5kzhwoJkutt3uQycA&oh=00_Afq_GhnUZaJJYIg0qi52CcexmHD-Xeipx6PuM8UC8XfeLw&oe=6965E793,Takut ga kepilih lagi ya??? Wkwkwk 🥱🥱😂,2026-01-02T06:40:11.000Z,781,13,https://www.instagram.com/p/DS_uWzWgErm/c/18324067558173798
https://www.instagram.com/p/DS_uWzWgErm/,anjasmoro_dito,anjasmoro_dito,Dito Anjasmoro Ningtyas,False,https://scontent-sjc3-1.cdninstagram.com/v/t51.82787-19/541161043_18518426188043030_1820485623122708377_n.jpg?stp=dst-jpg_e0_s150x150_tt6&_nc_cat=103&ig_cache_key=GFN2QSAW07wWacpBAJlH72QHqkMZbmNDAQAB1501500j-ccb7-5&ccb=7-5&_nc_sid=669407&efg=eyJ2ZW5jb2RlX3RhZyI6InByb2ZpbGVfcGljLnd3dy4xMDgwLkMzIn0%3D&_nc_ohc=MxhVb_2zcWwQ7kNvwEcng97&_nc_oc=Admosjr__EZwpS8ATeEnRe80AIvpa5uoocVdUKQSPbgxWYzmlGEhSEekEu7SF7rUJT8&_nc_ad=z-m&_nc_cid=0&_nc_zt=24&_nc_ht=scontent-sjc3-1.cdninstagram.com&_nc_gid=uN8YP5kzhwoJkutt3uQycA&oh=00_AfqLouwfsW6FWwq0DiYnddkXx2A5GnevQHvnVRV6KcQ77A&oe=6965D575,Kalau mau sempurnakan demokrasi cukup kerja yang bener ga usah korupsi,2026-01-02T06:37:55.000Z,852,4,https://www.instagram.com/p/DS_uWzWgErm/c/18107448013710557
https://www.instagram.com/p/DS_uWzWgErm/,fhajri0010,fhajri0010,FhajriM,False,https://scontent-sjc6-1.cdninstagram.com/v/t51.2885-19/67660521_422219115314460_7351277882238304256_n.jpg?stp=dst-jpg_e0_s150x150_tt6&_nc_cat=104&ig_cache_key=GOlqCAQcvWKMAYABAAAAAABJ-ARmbkULAAAB1501500j-ccb7-5&ccb=7-5&_nc_sid=669407&efg=eyJ2ZW5jb2RlX3RhZyI6InByb2ZpbGVfcGljLnd3dy41NDAuQzMifQ%3D%3D&_nc_ohc=T3K5yABDgHUQ7kNvwGb11cN&_nc_oc=Adn3sNsm2D2ap5N6nEDNCF77W16M8TckL0JzJHQsWy0l9HPOWpqGX2OH33ps02aunzk&_nc_ad=z-m&_nc_cid=0&_nc_zt=24&_nc_ht=scontent-sjc6-1.cdninstagram.com&oh=00_AfpFCS1q6Ex1rhoHt6glohUgrHrUaoz3dZV_y-x2ryBfYg&oe=6965DFB9,Beradu duit sesungguhnya bakal dimulai dan banjir titipan😹😹😹,2026-01-02T05:40:20.000Z,99,2,https://www.instagram.com/p/DS_uWzWgErm/c/18089047505066439
https://www.instagram.com/p/DS_uWzWgErm/,kajedeh,kajedeh,KJ,False,https://scontent-sjc6-1.cdninstagram.com/v/t51.2885-19/382261923_1474197123404010_5357422233645621850_n.jpg?stp=dst-jpg_e0_s150x150_tt6&_nc_cat=108&ig_cache_key=GKPayBbqkN5DxjwFAFoiOvwiY1lKbkULAAAB1501500j-ccb7-5&ccb=7-5&_nc_sid=669407&efg=eyJ2ZW5jb2RlX3RhZyI6InByb2ZpbGVfcGljLnd3dy4xMDI0LkMzIn0%3D&_nc_ohc=-qW8OzV7KyAQ7kNvwGHoBg7&_nc_oc=Adl63uY0Cq8lKVhSpg6kP2djOend4Y2Uf0RNGBvukTH9zaSTZLG9ip96UXB6iTu4XIU&_nc_ad=z-m&_nc_cid=0&_nc_zt=24&_nc_ht=scontent-sjc6-1.cdninstagram.com&oh=00_AfqVUMx_nUu76qXo5JrHmtykcX1GJL6xDHQpDT-aeNI6MQ&oe=6965EBE5,Semua Ketua Partai dan kader kader nya dipilih oleh rakyat. Baru itu namanya partai mewakili suara rakyat.,2026-01-02T05:01:03.000Z,251,11,https://www.instagram.com/p/DS_uWzWgErm/c/17922704133214997
https://www.instagram.com/p/DS_uWzWgErm/,hz.jkt8888,hz.jkt8888,,False,https://scontent-sjc3-1.cdninstagram.com/v/t51.2885-19/411079693_933927928443166_1931719095021699612_n.jpg?stp=dst-jpg_e0_s150x150_tt6&_nc_cat=110&ig_cache_key=GA2UgBgesWsKZ1EDAByCm0BI2M4abkULAAAB1501500j-ccb7-5&ccb=7-5&_nc_sid=669407&efg=eyJ2ZW5jb2RlX3RhZyI6InByb2ZpbGVfcGljLnd3dy4zMjAuQzMifQ%3D%3D&_nc_ohc=41B7UFHLWx0Q7kNvwGq0NUW&_nc_oc=AdmI_unEuDwwGrhO4XF0vnqV1h7g1sMLgyhFHFOGtcBw4xL1sN1HcPDkn-_ligYZTSg&_nc_ad=z-m&_nc_cid=0&_nc_zt=24&_nc_ht=scontent-sjc3-1.cdninstagram.com&oh=00_AfpF-No75gB4RF1J5eqv6wI6z-6lvKvebsWJ_OInPj_tLw&oe=6965F86B,Jangan mau pilkada dipilih DPRD.. rakyat dibodoh2in parpol lg,2026-01-02T05:00:34.000Z,30,0,https://www.instagram.com/p/DS_uWzWgErm/c/18419848711188038
https://www.instagram.com/p/DSkTwY2ERZx/,baty_hend,baty_hend,Hendry Saputra,False,https://scontent-iad3-2.cdninstagram.com/v/t51.2885-19/410252266_1017004666026593_4592635555641226003_n.jpg?stp=dst-jpg_e0_s150x150_tt6&_nc_cat=103&ig_cache_key=GOrzcxhhetrZ9ZwDABPz0ny0Ubw-bkULAAAB1501500j-ccb7-5&ccb=7-5&_nc_sid=669407&efg=eyJ2ZW5jb2RlX3RhZyI6InByb2ZpbGVfcGljLnd3dy43MjAuQzMifQ%3D%3D&_nc_ohc=yoz9gG6ncMoQ7kNvwHKn8no&_nc_oc=AdnAOg1ZW-LOK_JEloRqmK35MLVcN0rgulWpoh-dO6tMoyujxwhcVIAVgcft521r4SI&_nc_ad=z-m&_nc_cid=0&_nc_zt=24&_nc_ht=scontent-iad3-2.cdninstagram.com&oh=00_Afr5RPkRjJKCtmnkDM0Tyt9yDeUGXrUrnsZx-k3AgIgJEw&oe=6965FA3F,"Nambah gedek perut para ketua partai kalau gitu caranya, 😁🤪",2026-01-02T03:51:25.000Z,1,0,https://www.instagram.com/p/DSkTwY2ERZx/c/18092410297750559
https://www.instagram.com/p/DS4MrqKkmXG/,tionnn26,tionnn26,tion,False,https://scontent-yyz1-1.cdninstagram.com/v/t51.89012-19/573323465_1219825463302212_7278921664109726296_n.png?stp=dst-webp_s150x150&_nc_cat=1&ig_cache_key=YW5vbnltb3VzX3Byb2ZpbGVfcGlj.3-ccb7-5&ccb=7-5&_nc_sid=669407&efg=eyJ2ZW5jb2RlX3RhZyI6InByb2ZpbGVfcGljLnd3dy5DMyJ9&_nc_ohc=RNOcSyqJy9IQ7kNvwGAEXkH&_nc_oc=AdlkFhiyVf8LGbDlWjEntVPJFzNhJnClj5oecSotxoayoKNtechB-Bqbw0zUiv4sN_Q&_nc_ad=z-m&_nc_cid=0&_nc_zt=24&_nc_ht=scontent-yyz1-1.cdninstagram.com&_nc_gid=WwP_9ZYWw9aHM4mTf8l33Q&oh=00_AfqbWlTXgKEYrxksDW4qyEdutYd3y-khZtmrRzeTXrEirw&oe=6965DD19,Kiamat Kpn y . Muak banget sama Konoha,2026-01-02T03:43:28.000Z,9,2,https://www.instagram.com/p/DS4MrqKkmXG/c/18061399826282662
https://www.instagram.com/p/DS34si7lGHD/,amgan78,amgan78,amgan,False,https://scontent-otp1-1.cdninstagram.com/v/t51.2885-19/459536165_860259306054596_1251219843258373532_n.jpg?stp=dst-jpg_e0_s150x150_tt6&_nc_cat=101&ig_cache_key=GCX3YxvEI1q6Zg4DAJzVVXXROV0RbkULAAAB1501500j-ccb7-5&ccb=7-5&_nc_sid=669407&efg=eyJ2ZW5jb2RlX3RhZyI6InByb2ZpbGVfcGljLnd3dy43MjAuQzMifQ%3D%3D&_nc_ohc=PDsvi4HwL-wQ7kNvwHtdkdr&_nc_oc=AdlLZkSqLzQrAwZHTlKwO4MX-WBaPvxjbwqoEXzo1ndJnew_60x5SXOYkalDfytgEsE&_nc_ad=z-m&_nc_cid=0&_nc_zt=24&_nc_ht=scontent-otp1-1.cdninstagram.com&oh=00_AfqpY0Dt2IGFFYN1by4atbJE3IOrGyx9U9otaXjZe_J9lg&oe=6965DB5C,Hanya PDIP yg selalu peduli dan memperjuangkan rakyat Indonesia ❤️❤️❤️,2026-01-02T02:25:10.000Z,12,0,https://www.instagram.com/p/DS34si7lGHD/c/18546730129021906
https://www.instagram.com/wow.info/p/DSeN8IlE_ws/?hl=he,abdullahalkhomsa,abdullahalkhomsa,Abdullah Al Najjar,False,https://scontent-sjc3-1.cdninstagram.com/v/t51.82787-19/609345523_18083219255143027_6693996048376994693_n.jpg?stp=dst-jpg_e0_s150x150_tt6&_nc_cat=110&ig_cache_key=GPPfUSRzKhmUlz5AAIUbYY-w2eVcbmNDAQAB1501500j-ccb7-5&ccb=7-5&_nc_sid=669407&efg=eyJ2ZW5jb2RlX3RhZyI6InByb2ZpbGVfcGljLnd3dy43MzUuQzMifQ%3D%3D&_nc_ohc=ugAXMIj2LxQQ7kNvwHCDLpb&_nc_oc=Adl5YJQR8nSyhOw-dXx_LmAEirLlMRLodURiuhUp_zmH8AGB_E2tqR2fN4W2VFUvSj4&_nc_ad=z-m&_nc_cid=0&_nc_zt=24&_nc_ht=scontent-sjc3-1.cdninstagram.com&_nc_gid=bTcqPe3pYskwm48l8IP0LQ&oh=00_AfqD91rjAPRqaVuoEVVKDT323WNsyLHIj_fMUH8LsXMEdQ&oe=6965E4A8,Lebih baik ketua RT dan RW dipilih langsung oleh presiden,2026-01-02T01:12:11.000Z,1,1,https://www.instagram.com/p/DSeN8IlE_ws/c/18334359496242657
https://www.instagram.com/p/DS9E9EZgHYt/,imozzyreal,imozzyreal,Ozzy,False,https://scontent-sea5-1.cdninstagram.com/v/t51.82787-19/611885687_17956511424046338_7246921084173476752_n.jpg?stp=dst-jpg_e0_s150x150_tt6&_nc_cat=110&ig_cache_key=GHeieCQC5dUcWss-AJDjcolUPJJkbmNDAQAB1501500j-ccb7-5&ccb=7-5&_nc_sid=669407&efg=eyJ2ZW5jb2RlX3RhZyI6InByb2ZpbGVfcGljLnd3dy4xMDgwLkMzIn0%3D&_nc_ohc=L2YoF70iHq8Q7kNvwG0FFYG&_nc_oc=AdkKS3CJkerM3374k3dizC5VAqxxvf0SEK6ksJLNd52KHx9yPvfymcY_84zHKysfIng&_nc_ad=z-m&_nc_cid=0&_nc_zt=24&_nc_ht=scontent-sea5-1.cdninstagram.com&_nc_gid=odlEISAhhth1Ap53wrmRIA&oh=00_Afp9EThbDTdb_uwtcjnbmTMVoY2Bym_REfBOcZ0KxLVX4A&oe=6965F46A,Fungsi partai dan parlemen dprd ormas kelompok yg ga berguna mending dibubarin deh,2026-01-01T16:20:31.000Z,1,0,https://www.instagram.com/p/DS9E9EZgHYt/c/17886756498419764
https://www.instagram.com/p/DStbPjrEnk8/,makinhayatul,makinhayatul,Makinhayatul,False,https://scontent-lax3-1.cdninstagram.com/v/t51.82787-19/529380662_18383443228131926_6847295797136787614_n.jpg?stp=dst-jpg_e0_s150x150_tt6&_nc_cat=110&ig_cache_key=GDa1jR9WglzrpE9BAJ4IXbw-ewZfbmNDAQAB1501500j-ccb7-5&ccb=7-5&_nc_sid=669407&efg=eyJ2ZW5jb2RlX3RhZyI6InByb2ZpbGVfcGljLnd3dy4xMDgwLkMzIn0%3D&_nc_ohc=bk_D3I0D-nIQ7kNvwEFHCrA&_nc_oc=AdmCy1aIMa5wPfNy3scYQvflW5TVc5paw0-EPRe2UuaQOiWKdb_yXOdHrqwpDADgsK8&_nc_ad=z-m&_nc_cid=0&_nc_zt=24&_nc_ht=scontent-lax3-1.cdninstagram.com&_nc_gid=lAd6I94tk5NeAxIe752IcQ&oh=00_Afoe74-qP_DLeE8mSXl9eqMZuIsHdSqNi0EJrLshpJbZiQ&oe=6965C834,"Rakyat memilih anggota dewan dg catatan tdk pakai sogok ke rakyat, anggota dewan yg terpilih mewakili rakyat bertugas memilih pemimpin (intelektual wakil rakyat lebih tau calon pemimpin yg punya kualitas, kredibilitas), drpada sekarang semua tingkatan pakai sogokan kpd rakyat mllakui tim sukses memanfaat rakyat yg sudah melihat politik adalah uang), rekom partai bernilai milyaran dan komitmen saat jadi harus membantu iuran dst) begitu jadi pemimpin berbiaya tinggi pasti korupsi utk pengembalian biaya.(Berujung korupsi disegala lini) .blm lagi pemilih langsung membuat rakyat terpecah bahkan terkadang bermusuhan. Hal ini juga pilkada langsung biaya nya setiap daerah kabupaten + gubernur + presiden bila dihitung seluruh indonesia bernilai ratusan triliun yg mestinya bisa untuk memberi layanan murah kpd rakyat.",2026-01-01T16:01:36.000Z,0,0,https://www.instagram.com/p/DStbPjrEnk8/c/18088222928072485
https://www.instagram.com/p/DS84wLEkhfZ/,shaidi53,shaidi53,Shaydi Say,False,https://scontent-dfw5-1.cdninstagram.com/v/t51.2885-19/474332326_666825969004512_6298071184628228144_n.jpg?stp=dst-jpg_e0_s150x150_tt6&_nc_cat=105&ig_cache_key=GKa8RRzgbwKFeV4CADCg47FfPmdXbkULAAAB1501500j-ccb7-5&ccb=7-5&_nc_sid=669407&efg=eyJ2ZW5jb2RlX3RhZyI6InByb2ZpbGVfcGljLnd3dy4zOTguQzMifQ%3D%3D&_nc_ohc=k_7_imCXHnYQ7kNvwFAmVPY&_nc_oc=Adlq4AOHV1Y-FUuKVYx7CyQ76jGeqfAPRvS0iJV_k4InHo6Kz-82zwP9XovrIUDmAjY&_nc_ad=z-m&_nc_cid=0&_nc_zt=24&_nc_ht=scontent-dfw5-1.cdninstagram.com&oh=00_AfrEH_7a-Ds9IJzQBnYMcN2fZCLzKUNtYGcczJzLwm2qiw&oe=6965E760,Ngada ngado 1 kata rakyat pemilik suara.,2026-01-01T15:28:17.000Z,0,0,https://www.instagram.com/p/DS84wLEkhfZ/c/18309994054255713
https://www.instagram.com/reel/DS-QOEmkkkA/,jubir_pemedsos77,jubir_pemedsos77,,False,https://scontent-iad3-2.cdninstagram.com/v/t51.82787-19/549380030_17850516936552752_218767206986245217_n.jpg?stp=dst-jpg_e0_s150x150_tt6&_nc_cat=100&ig_cache_key=GL7fviAwcQ9Z82o-AGFk65ydNwkDbmNDAQAB1501500j-ccb7-5&ccb=7-5&_nc_sid=669407&efg=eyJ2ZW5jb2RlX3RhZyI6InByb2ZpbGVfcGljLnd3dy4xMDgwLkMyIn0%3D&_nc_ohc=gIZz8i_EH4oQ7kNvwEBrJdY&_nc_oc=AdkUG0IJR14MaJGUTa5itC2mbLflnQFaoGLha7Gj4jIyJjpuBxdjakWU_7DConzGppE&_nc_ad=z-m&_nc_cid=0&_nc_zt=24&_nc_ht=scontent-iad3-2.cdninstagram.com&_nc_gid=_G7WEKabC7Y9GUssTsoC8g&oh=00_Afr3WKNrnfnAbBXJxsWDV2XFo-cmEsVO1YH1c51RGd_0WA&oe=6965D175,"Oleh karena itu, pendiri Lembaga Penelitian, Pendidikan dan Penerangan Ekonomi dan Sosial itu memperkirakan, jika aturan main pilkada model campuran lemah, maka potensi korupsi dalam pemilu terjadi dan dilakukan oleh anggota-anggota DPRD. ""Maka sistem apa pun tidak akan bermakna. Kita bisa kembali lagi ke pilkada langsung yang tercemar dengan politik uang dan pelacuran politik di lapangan. Karena itu, ketika pemilihan lewat DPRD, maka dibuat aturan yang ketat seperti pemilihan Paus,"" katanya sembari mengusulkan. ""Anggota yang mempunyai hak suara dikendalikan dengan berbagai aturan untuk menghindari suap, seperti wajib CCTV di rumah masing-masing, dikumpulkan selama beberapa hari di kantor DPRD dan hotel dengan pengawasan KPK, dan berbagai cara lainnya,"" pungkas Prof. Didik. Sumber: RMOL rell rell",2026-01-01T15:15:47.000Z,0,0,https://www.instagram.com/p/DS-QOEmkkkA/c/18010117913660906
https://www.instagram.com/p/DS84wLEkhfZ/,hs06.90,hs06.90,Hrl,False,https://scontent-dfw5-1.cdninstagram.com/v/t51.82787-19/605613764_17865020868541259_811308269522147799_n.jpg?stp=dst-jpg_e0_s150x150_tt6&_nc_cat=110&ig_cache_key=GMTuGCRLO8ZOJHg-ANdZNJiSWEILbmNDAQAB1501500j-ccb7-5&ccb=7-5&_nc_sid=669407&efg=eyJ2ZW5jb2RlX3RhZyI6InByb2ZpbGVfcGljLnd3dy4xMDgwLkMzIn0%3D&_nc_ohc=p4qGImGTt2sQ7kNvwFqzIeW&_nc_oc=Adm7dAqnlzJPA4hHMwPO878OsY-BU_W0jTdHmo8s-lqD8xqeaRWroC1llVe504McVvI&_nc_ad=z-m&_nc_cid=0&_nc_zt=24&_nc_ht=scontent-dfw5-1.cdninstagram.com&_nc_gid=QG4yTCjpiuoX4GhlxFplfQ&oh=00_AfoGWzBxsBNsM_eZhEcXauc0SK0RoFCFZfZBms5kj-WXGA&oe=6965F952,KIMPLUS PERUSAK NEGARA,2026-01-01T15:13:42.000Z,0,0,https://www.instagram.com/p/DS84wLEkhfZ/c/18073233965346920
https://www.instagram.com/p/DS9E9EZgHYt/,kseno23,kseno23,ꦱꦶꦒꦶꦠ꧀ꦏ,False,https://scontent-sea5-1.cdninstagram.com/v/t51.82787-19/527598163_18360465664150462_2031378468350948610_n.jpg?stp=dst-jpg_e0_s150x150_tt6&_nc_cat=109&ig_cache_key=GFOCch__i9IJvzpBAAJ1b0r05zAcbmNDAQAB1501500j-ccb7-5&ccb=7-5&_nc_sid=669407&efg=eyJ2ZW5jb2RlX3RhZyI6InByb2ZpbGVfcGljLnd3dy4xMDI0LkMzIn0%3D&_nc_ohc=VovynoeLmZ0Q7kNvwHRpBfB&_nc_oc=Adm-4dLdW9TIwOQIoHKaux61iSWWfWpSI-Xh6-XhejjGjU7CrKMzvlXZZL2tdXrrjTI&_nc_ad=z-m&_nc_cid=0&_nc_zt=24&_nc_ht=scontent-sea5-1.cdninstagram.com&_nc_gid=odlEISAhhth1Ap53wrmRIA&oh=00_AfrnwvRHumqjTR_rCXR644HRRFebPzCgd4vHmc-fFG9YgQ&oe=6965CB4B,Welcome to the Neo Orba👏,2026-01-01T13:45:06.000Z,3,0,https://www.instagram.com/p/DS9E9EZgHYt/c/17898412164360534
https://www.instagram.com/p/DS6yKw3EjgQ/,dedi.probo.vip,dedi.probo.vip,Dedi Pria,False,https://scontent-iad3-1.cdninstagram.com/v/t51.2885-19/288885598_591224172330811_8675576006132380776_n.jpg?stp=dst-jpg_e0_s150x150_tt6&_nc_cat=107&ig_cache_key=GF4LOBE7P8YatxkCAGg0bJNp1mV4bkULAAAB1501500j-ccb7-5&ccb=7-5&_nc_sid=669407&efg=eyJ2ZW5jb2RlX3RhZyI6InByb2ZpbGVfcGljLnd3dy4xMDgwLkMzIn0%3D&_nc_ohc=9cGXXsDAzXsQ7kNvwHzXmbi&_nc_oc=AdnmK3ZzzzwWWDbX-KrbuT2CVv0Ak6W90xtSoXnyFSbDv_ZTLn9AHwFnBSTGNUfPipI&_nc_ad=z-m&_nc_cid=0&_nc_zt=24&_nc_ht=scontent-iad3-1.cdninstagram.com&oh=00_Afo4qd6wl7Q7jtkrNLH1ZulHgKmvD2joM3ZDdUtk72QO8g&oe=6965F03A,BoikotGerindraPKBPANGolkar2029,2026-01-01T13:37:46.000Z,41,1,https://www.instagram.com/p/DS6yKw3EjgQ/c/18049988216463001
https://www.instagram.com/p/DS6yKw3EjgQ/,habis_genduren,habis_genduren,Yunus.Nr,False,https://scontent-iad3-1.cdninstagram.com/v/t51.82787-19/582854796_17964859089003486_1125121501543462940_n.jpg?stp=dst-jpg_e0_s150x150_tt6&_nc_cat=110&ig_cache_key=GIyovSLeo3C08dI-ABz4pmQLPJ0PbmNDAQAB1501500j-ccb7-5&ccb=7-5&_nc_sid=669407&efg=eyJ2ZW5jb2RlX3RhZyI6InByb2ZpbGVfcGljLnd3dy4xMDgwLkMzIn0%3D&_nc_ohc=X_fbEXw9aIAQ7kNvwFagg7B&_nc_oc=Adk93MYzRG-Y__MfZE_VAg7ZtS9afQv5BSa-K1CpX0mY7x9k6VFBe0uCH2Y_rHG2DtI&_nc_ad=z-m&_nc_cid=0&_nc_zt=24&_nc_ht=scontent-iad3-1.cdninstagram.com&_nc_gid=wk8A95pRY0syOZc30cBYbQ&oh=00_Afp8ynVY5tExQ9PcAlIySjMt4XZFP5Xzv-a1sir_Thtv-w&oe=6965E82A,Nasdem dan pks lagi baca peluang 2029,2026-01-01T12:46:45.000Z,8,0,https://www.instagram.com/p/DS6yKw3EjgQ/c/18122580388533137
https://www.instagram.com/p/DS6yKw3EjgQ/,pusatjasa.id4,pusatjasa.id4,JASA VIEW INSTAGRAM TIKTOK,False,https://scontent-iad3-2.cdninstagram.com/v/t51.82787-19/572216676_17842879044607575_6895330988207999511_n.jpg?stp=dst-jpg_e0_s150x150_tt6&_nc_cat=111&ig_cache_key=GGRVGyJXXjkDAWQ-ABeK4TAAI7FfbmNDAQAB1501500j-ccb7-5&ccb=7-5&_nc_sid=669407&efg=eyJ2ZW5jb2RlX3RhZyI6InByb2ZpbGVfcGljLnd3dy4xMDgwLkMzIn0%3D&_nc_ohc=aAeianWIiHkQ7kNvwHwUT_I&_nc_oc=Adm9abFB14GeQP6wzXbBv-EQZdGnTJIqjUUNw8Tv6_1T3ADM3GdewuF3y8tbRxpyfVA&_nc_ad=z-m&_nc_cid=0&_nc_zt=24&_nc_ht=scontent-iad3-2.cdninstagram.com&_nc_gid=wk8A95pRY0syOZc30cBYbQ&oh=00_Afq4_f_jg6wW504Lov8To174v85zg9K6zEyegDLvwEG7kw&oe=6965E04B,Kali ini dukung PDIP dan demokrat. Ayo banteng jangan lemah,2026-01-01T11:51:44.000Z,97,0,https://www.instagram.com/p/DS6yKw3EjgQ/c/18091273304311404
https://www.instagram.com/p/DS6yKw3EjgQ/,oviekrinaldi,oviekrinaldi,Oviek Rinaldi,False,https://scontent-iad3-1.cdninstagram.com/v/t51.2885-19/463352927_850825563928770_8552674664219862439_n.jpg?stp=dst-jpg_e0_s150x150_tt6&_nc_cat=110&ig_cache_key=GF80nhvC_IBD0gUDAKflTghLNLF2bkULAAAB1501500j-ccb7-5&ccb=7-5&_nc_sid=669407&efg=eyJ2ZW5jb2RlX3RhZyI6InByb2ZpbGVfcGljLnd3dy4xMDgwLkMzIn0%3D&_nc_ohc=7ZNKgQlmb2AQ7kNvwEhpXCd&_nc_oc=AdkSsgxxfXjGBQqjxvCv7mzKb8w9KA6kTwOmXQDRUc20e6wZ0wJ5mjIc8KohsARmiow&_nc_ad=z-m&_nc_cid=0&_nc_zt=24&_nc_ht=scontent-iad3-1.cdninstagram.com&oh=00_AfpQLmD6CX4EGk5hyezQDoyyfmAmTj9CDANei3POZ39NjA&oe=6965FB05,"TANDAIN GOLKAR, GERINDRA, PKB , PAN",2026-01-01T10:48:48.000Z,133,5,https://www.instagram.com/p/DS6yKw3EjgQ/c/18054678785361911
https://www.instagram.com/p/DS6yKw3EjgQ/,rifqi.16,rifqi.16,Muhamad Rifqi,False,https://scontent-iad3-2.cdninstagram.com/v/t51.82787-19/542949404_18479276674074404_2794662241378742672_n.jpg?stp=dst-jpg_e0_s150x150_tt6&_nc_cat=105&ig_cache_key=GBzAXCAkR93hzaZBAJCxk3SAosgmbmNDAQAB1501500j-ccb7-5&ccb=7-5&_nc_sid=669407&efg=eyJ2ZW5jb2RlX3RhZyI6InByb2ZpbGVfcGljLnd3dy4xMDgwLkMzIn0%3D&_nc_ohc=VUzjMV3azvcQ7kNvwHsZKrU&_nc_oc=AdmXzBIOnbJAawPDiqlhOwU2fT1benw5u0n0L_dbtvho6YLDtelitwW77mE9f6nXPYo&_nc_ad=z-m&_nc_cid=0&_nc_zt=24&_nc_ht=scontent-iad3-2.cdninstagram.com&_nc_gid=wk8A95pRY0syOZc30cBYbQ&oh=00_Afqex7naRacW9jyS_JpzRofeJ5A0UPwwJcgiQ39mxA9rHQ&oe=6965F2E2,juga ikut dong nolak pilkada lewat dprd,2026-01-01T10:38:20.000Z,4,0,https://www.instagram.com/p/DS6yKw3EjgQ/c/18081910481189795
https://www.instagram.com/p/DS6yKw3EjgQ/,ras_cepi,ras_cepi,RAS,False,https://scontent-iad3-1.cdninstagram.com/v/t51.2885-19/255550842_1543161672695871_5483673861130101985_n.jpg?stp=dst-jpg_e0_s150x150_tt6&_nc_cat=102&ig_cache_key=GHplOw8-AFVTf3sFAOEkwaxS7BlMbkULAAAB1501500j-ccb7-5&ccb=7-5&_nc_sid=669407&efg=eyJ2ZW5jb2RlX3RhZyI6InByb2ZpbGVfcGljLnd3dy4xMDgwLkMzIn0%3D&_nc_ohc=A1dP7Meav9IQ7kNvwERRwAj&_nc_oc=Adn7RuangzSPd_cF94g4lsvmcCaPddKr8xZgQd7UOtYPpOViAI27lwhaN2PROGv_FXU&_nc_ad=z-m&_nc_cid=0&_nc_zt=24&_nc_ht=scontent-iad3-1.cdninstagram.com&oh=00_AfrD60kaBatPZr6gHKdUhP-D9ZlXCpWE4KHAlfQfqNfOdQ&oe=6965D487,Alhamdulillah ada pdip sm demokrat mudah2an nambah 2 lg 👏,2026-01-01T09:08:33.000Z,63,4,https://www.instagram.com/p/DS6yKw3EjgQ/c/17914126338254371
https://www.instagram.com/p/DS9E9EZgHYt/,putriidaniati,putriidaniati,putriidaniati,False,https://scontent-sea5-1.cdninstagram.com/v/t51.89012-19/573323465_1219825463302212_7278921664109726296_n.png?stp=dst-webp_s150x150&_nc_cat=1&ig_cache_key=YW5vbnltb3VzX3Byb2ZpbGVfcGlj.3-ccb7-5&ccb=7-5&_nc_sid=669407&efg=eyJ2ZW5jb2RlX3RhZyI6InByb2ZpbGVfcGljLnd3dy5DMyJ9&_nc_ohc=RNOcSyqJy9IQ7kNvwGplblP&_nc_oc=Adm7i2KOpycI3-7M7yu8JI-iQheFs1blWhZ-XbqpblLGrvUVL26me9NeiuYmThNzk1I&_nc_ad=z-m&_nc_cid=0&_nc_zt=24&_nc_ht=scontent-sea5-1.cdninstagram.com&_nc_gid=odlEISAhhth1Ap53wrmRIA&oh=00_Afq_cAUtBZUGCHkuk4SLciaRcufxs8lOhXWHoWoq4xbRUQ&oe=6965DD19,kok bisa hampir semua partai setuju? pada dikasih kursi ya sm wowo?,2026-01-01T08:49:36.000Z,10,1,https://www.instagram.com/p/DS9E9EZgHYt/c/18123184093480648
https://www.instagram.com/p/DS6yKw3EjgQ/,m.rizkil_lah,m.rizkil_lah,M Rizkillah,False,https://scontent-iad3-2.cdninstagram.com/v/t51.2885-19/441238355_1541830573047985_3457120790795408419_n.jpg?stp=dst-jpg_e0_s150x150_tt6&_nc_cat=103&ig_cache_key=GFPDTBqxQJxnSXoFACNU_ugKKfovbkULAAAB1501500j-ccb7-5&ccb=7-5&_nc_sid=669407&efg=eyJ2ZW5jb2RlX3RhZyI6InByb2ZpbGVfcGljLnd3dy4xMDgwLkMzIn0%3D&_nc_ohc=9Zp-PgaP4ZMQ7kNvwGgiqP8&_nc_oc=Adm-MltXIRMkwY5_KYBzsWqV_wsFCoKNR4oDMeEVJue3XMXVOxm7dhkZBwZwkq2k1wk&_nc_ad=z-m&_nc_cid=0&_nc_zt=24&_nc_ht=scontent-iad3-2.cdninstagram.com&oh=00_AfpUKJQPPwMjPQm6JObctvxHWyY2v-wDHMqqVNdl7wNpmw&oe=6965EAD6,Buk mega yg di dukung oleh pak SBY pencetus pemilihan umum seperti sekarang 😂😂🔥🔥🔥🙌❤️,2026-01-01T06:12:53.000Z,18,2,https://www.instagram.com/p/DS6yKw3EjgQ/c/18434905819110100
https://www.instagram.com/wow.info/p/DSeN8IlE_ws/?hl=he,dogdaytime,dogdaytime,PriamSoesetyo,False,https://scontent-sjc3-1.cdninstagram.com/v/t51.2885-19/22221435_149712745632959_2690987114786455552_n.jpg?stp=dst-jpg_e0_s150x150_tt6&_nc_cat=105&ig_cache_key=GHsSUwG-lAW3KYgAAAAAAACGTlglbkULAAAB1501500j-ccb7-5&ccb=7-5&_nc_sid=669407&efg=eyJ2ZW5jb2RlX3RhZyI6InByb2ZpbGVfcGljLnd3dy42MTcuQzMifQ%3D%3D&_nc_ohc=gCosW_n15LEQ7kNvwGlvaPl&_nc_oc=AdkFDwLhNotj0t8xx10-eRLAdrn5bkm0dH9uXtgZ5ejztQdT2qlgiXgdP2K6SgB16qc&_nc_ad=z-m&_nc_cid=0&_nc_zt=24&_nc_ht=scontent-sjc3-1.cdninstagram.com&oh=00_AfrZPwYOQycPIQz73t29tlubg9DC7BVjUEQOCzaBI9BURw&oe=6965ECBC,Wuuiiihhh di cak rata nih ya bagi2annya…. Biar semua dpt kue-nya rata ya min…. ler,2026-01-01T05:57:36.000Z,2,0,https://www.instagram.com/p/DSeN8IlE_ws/c/18085173449027246
https://www.instagram.com/p/DS84wLEkhfZ/,charson2955,charson2955,Charson Yusuf,False,https://scontent-dfw5-1.cdninstagram.com/v/t51.2885-19/354545161_166646593059255_2002898074139117754_n.jpg?stp=dst-jpg_e0_s150x150_tt6&_nc_cat=110&ig_cache_key=GAnuIRW3eftukJcAALpIYMYvucsbbkULAAAB1501500j-ccb7-5&ccb=7-5&_nc_sid=669407&efg=eyJ2ZW5jb2RlX3RhZyI6InByb2ZpbGVfcGljLnd3dy43OTQuQzMifQ%3D%3D&_nc_ohc=E0Z8THBLzs8Q7kNvwEiOTvv&_nc_oc=AdmxUODllstdZ1zzFY5l-3Qi391YWAeMp66BZbYiEIr30SxKyNa-IaGFVIkFVYdt-io&_nc_ad=z-m&_nc_cid=0&_nc_zt=24&_nc_ht=scontent-dfw5-1.cdninstagram.com&oh=00_AfqJX97GUhnXQrJtj7w8eg9mNAYzfuP5tsBP8L_Mzc4PsA&oe=6965DD99,"Dua²nya beresiko biayanya Gede, yg nggak beresiko tidak ada pilkada, lebih baik menunjuk 6 anggota dprd suara terbanyak untuk menentukan calon kepala daerah dan wakilnya dari ke 6 dprd suara terbanyah untuk di ajukan ke presiden melalui fit and propertest untuk disahkan/dipilih jadi kepala dan wakil kepala pemerin",2026-01-01T05:54:14.000Z,1,0,https://www.instagram.com/p/DS84wLEkhfZ/c/18096491755859300
https://www.instagram.com/p/DS84wLEkhfZ/,simanungkalit_endi,simanungkalit_endi,Simanungkalit EnDi Eduard,False,https://scontent-dfw5-3.cdninstagram.com/v/t51.82787-19/588639255_18520348744071197_6521003315361572220_n.jpg?stp=dst-jpg_e0_s150x150_tt6&_nc_cat=109&ig_cache_key=GBfsFSMduAG4KMxBAHxlRS-3QX9abmNDAQAB1501500j-ccb7-5&ccb=7-5&_nc_sid=669407&efg=eyJ2ZW5jb2RlX3RhZyI6InByb2ZpbGVfcGljLnd3dy4xMDgwLkMzIn0%3D&_nc_ohc=TM9jTaKEVdwQ7kNvwFo6Gal&_nc_oc=AdmVsAGvEWBy42f2T0326AnBWCVMQbyVZJfMhlkZWnf4mqa-SfSkzhpJ5nS-4VCNExc&_nc_ad=z-m&_nc_cid=0&_nc_zt=24&_nc_ht=scontent-dfw5-3.cdninstagram.com&_nc_gid=QG4yTCjpiuoX4GhlxFplfQ&oh=00_AfqDETpzIWWf8EwTri9dSqrJuHKxKUyARFAqkHQgZCATqA&oe=6965E9D5,Halaah ini kan bacod doang. Ditempat tidur pun bisa transaksi korupsi. Dah lahh. Gak ada yg bener mereka mereka itu. Kalau bener. Rakyat Indonesia gak kan kayak orang gilak untuk bertahan 1 bulan. Setiap tahunnya.,2026-01-01T05:23:34.000Z,0,0,https://www.instagram.com/p/DS84wLEkhfZ/c/18063699071242357
https://www.instagram.com/p/DS9E9EZgHYt/,amrozikedua,amrozikedua,amrozi kedua,False,https://scontent-sea1-1.cdninstagram.com/v/t51.82787-19/525613341_17865576741427882_4134208118885217759_n.jpg?stp=dst-jpg_e0_s150x150_tt6&_nc_cat=106&ig_cache_key=GB05VB_qWmG7pXg-AN91sFFhqF85bmNDAQAB1501500j-ccb7-5&ccb=7-5&_nc_sid=669407&efg=eyJ2ZW5jb2RlX3RhZyI6InByb2ZpbGVfcGljLnd3dy4xMDgwLkMzIn0%3D&_nc_ohc=yxSObjJcNaYQ7kNvwEoZl0p&_nc_oc=AdmZYK8RbpWQLeoANrXY-jO7bGmWWZK154tS3ntRp70SpIylXQH7Y38YlxXrqF1BvQU&_nc_ad=z-m&_nc_cid=0&_nc_zt=24&_nc_ht=scontent-sea1-1.cdninstagram.com&_nc_gid=odlEISAhhth1Ap53wrmRIA&oh=00_Afr4T2dxGF1Ryk5zz_24XfieQOAj-1PZrdmpZsaRrmaUzw&oe=6965E574,bubarkan Indonesia aja wo mau ngga,2026-01-01T05:15:57.000Z,6,0,https://www.instagram.com/p/DS9E9EZgHYt/c/17916231909255139
https://www.instagram.com/p/DS84wLEkhfZ/,c.pramono,c.pramono,Cahyo Pramono,False,https://scontent-dfw5-2.cdninstagram.com/v/t51.2885-19/247661631_173858531604468_2985219527732502356_n.jpg?stp=dst-jpg_e0_s150x150_tt6&_nc_cat=106&ig_cache_key=GD8Eww70dwSYH54AAFQfDhdYoW0pbkULAAAB1501500j-ccb7-5&ccb=7-5&_nc_sid=669407&efg=eyJ2ZW5jb2RlX3RhZyI6InByb2ZpbGVfcGljLnd3dy4xMDgwLkMzIn0%3D&_nc_ohc=rx6wb8aYDE0Q7kNvwEH8wxu&_nc_oc=AdlQP14jRP4RDfcTWIPlK3VAI3SXvf1vggA4owOVIO4t5cHqH1Ie6v6MODGS3jFs4Fs&_nc_ad=z-m&_nc_cid=0&_nc_zt=24&_nc_ht=scontent-dfw5-2.cdninstagram.com&oh=00_AfphDvrKa0F0X54lMjm-myUmEDeKFN2MolBmi1FVCKZT2Q&oe=6965DCC0,"Seketat apapun aturannya, sy pesimis skali tp gpp kalau dcoba, utk lebih baik hrs melakukan perubahan, tp tdk semua perubahaan itu akan lebih baik, apalagi manusia indonesia, sbnar manusia indonesia pintar dan cerdas tp kalau sudah masuk pejabat dan elit politik dsitulah ujian integritas jgn pejabat yg biasa2 saja, pejabat yg bergelut dbid keagamaan yg paham betul agamanya tp masih terindikasi korupsi kuota haji korupsi pengadaan alquran, pejabat adalah manusia biasa, semua manusia yg lahir ddunia mmg dciptkn sbgai pndosaaa, tinggal mau milih dosa yg mau dsukainya",2026-01-01T05:06:06.000Z,0,0,https://www.instagram.com/p/DS84wLEkhfZ/c/18111588529625039
https://www.instagram.com/p/DS9E9EZgHYt/,salswicakputra,salswicakputra,Faisal Wicaksono Putro,False,https://scontent-sea5-1.cdninstagram.com/v/t51.2885-19/396950610_350626267626825_6944991958207467234_n.jpg?stp=dst-jpg_e0_s150x150_tt6&_nc_cat=103&ig_cache_key=GFL8qBdJfSGK5D4BAOKO5sxjkWFgbkULAAAB1501500j-ccb7-5&ccb=7-5&_nc_sid=669407&efg=eyJ2ZW5jb2RlX3RhZyI6InByb2ZpbGVfcGljLnd3dy4xMDgwLkMzIn0%3D&_nc_ohc=Bac3qqtt8h0Q7kNvwH511cN&_nc_oc=Admd_z25Lwd_GsH0aFqQdPw-FFEHjzZPefjl_AXxn4wyNuS9-bwi6DFB7UdXvK1sbAY&_nc_ad=z-m&_nc_cid=0&_nc_zt=24&_nc_ht=scontent-sea5-1.cdninstagram.com&oh=00_AfoDwSGLlWgad8iW4YF_x150wWjzXcxufRYciy9pAkWaCQ&oe=6965D007,Biaya pilkada lebih kecil daripada operasional DPR RI dan DPRD gubenur. Kedua legislatif ini harus diefisienkan secara jumlah anggota tiap dapil hanya satu orang yg terpilih,2026-01-01T04:52:36.000Z,4,0,https://www.instagram.com/p/DS9E9EZgHYt/c/18011245508813293
https://www.instagram.com/p/DS9E9EZgHYt/,nada_arini,nada_arini,Nada | Eco-conscious mom,True,https://scontent-sea1-1.cdninstagram.com/v/t51.82787-19/542599321_18537524998043759_4239772472536129718_n.jpg?stp=dst-jpg_e0_s150x150_tt6&_nc_cat=108&ig_cache_key=GJloVyBv_IXgx9tBALbg-rmZstY6bmNDAQAB1501500j-ccb7-5&ccb=7-5&_nc_sid=669407&efg=eyJ2ZW5jb2RlX3RhZyI6InByb2ZpbGVfcGljLnd3dy4xMDgwLkMzIn0%3D&_nc_ohc=5fd86r_AuF8Q7kNvwHh20DB&_nc_oc=AdnqNVV1bQ4zqzvCzYBwIkqX_0OwCgeNZ_8eDqjfMKJx1rg6g_uZsG3TtPbXm-HvRcI&_nc_ad=z-m&_nc_cid=0&_nc_zt=24&_nc_ht=scontent-sea1-1.cdninstagram.com&_nc_gid=odlEISAhhth1Ap53wrmRIA&oh=00_AfrRYS1_XyUxqe5iUatbr1_wLtGu3plTGweN0kx9g84cpw&oe=6965E140,MBG nooh ga efisien. Lebih efisien langsung dikasi ke orang tua uangnya tapi ga dipikirin. Zzzzzzz...,2026-01-01T04:51:42.000Z,89,0,https://www.instagram.com/p/DS9E9EZgHYt/c/18117323080604980
https://www.instagram.com/p/DS9E9EZgHYt/,bellazadithya,bellazadithya,Bella Zadithya,False,https://scontent-sea5-1.cdninstagram.com/v/t51.82787-19/587362081_18537007885019381_1298873526866835721_n.jpg?stp=dst-jpg_e0_s150x150_tt6&_nc_cat=102&ig_cache_key=GCFvAiP1aC96T9tBAAl5DkmXhgYSbmNDAQAB1501500j-ccb7-5&ccb=7-5&_nc_sid=669407&efg=eyJ2ZW5jb2RlX3RhZyI6InByb2ZpbGVfcGljLnd3dy4xMDgwLkMzIn0%3D&_nc_ohc=5GRuiB9jnhsQ7kNvwFRG_Zc&_nc_oc=Adm2kNdQFkLZNch9to1Gz9OWERCJAzXdzhzzabLrrJOwbRxJlTC_3GpoTZBBYMvTNq8&_nc_ad=z-m&_nc_cid=0&_nc_zt=24&_nc_ht=scontent-sea5-1.cdninstagram.com&_nc_gid=odlEISAhhth1Ap53wrmRIA&oh=00_Afo8P1j5dq0zrNzVbsCKKc2gpLWD6ZrH-xkYw5nxmTDtNA&oe=6965E9ED,"Apa? Ditentukan DPRD? Rakyat kita aja ngga terlalu peduli dalam milih caleg dprd, ini lagi 🤣🤣🤣🤣",2026-01-01T04:49:15.000Z,16,0,https://www.instagram.com/p/DS9E9EZgHYt/c/18036834134741788
https://www.instagram.com/p/DS9E9EZgHYt/,andri_ib,andri_ib,Ibnu Andrianto,False,https://scontent-sea5-1.cdninstagram.com/v/t51.2885-19/278545903_357646736321142_3996943014198382714_n.jpg?stp=dst-jpg_e0_s150x150_tt6&_nc_cat=103&ig_cache_key=GO9FmhB2aqweR0UBAHoQxqR_-nc3bkULAAAB1501500j-ccb7-5&ccb=7-5&_nc_sid=669407&efg=eyJ2ZW5jb2RlX3RhZyI6InByb2ZpbGVfcGljLnd3dy4xMDgwLkMzIn0%3D&_nc_ohc=tAs2Jj3Q5MEQ7kNvwGexusG&_nc_oc=AdmmSuM0HakSm6-u_9tyjY66yygp4Dmwwz0RgpPJT9ke7flKnM3q3KggjwJuYG0d_gY&_nc_ad=z-m&_nc_cid=0&_nc_zt=24&_nc_ht=scontent-sea5-1.cdninstagram.com&oh=00_AfrMYsehcnyZfITtZWtnjO2bs5I3PRcvLUokro4pmPJNiA&oe=6965D884,"BIAYANYA GEDE KLO PILKADA LANGSUNG.DARI CALON KEPALA DARRAH BUAT BAYAR SAKSI,AKOMODASI,KAMPANYE.DANANYA BISA PULAHAN MILYAR SEDANGKAN GAJI KEPALA DAERAH BERAPA.BELUM DARI PENYELENGGARA KPU.BUAT NGADAIN PILKADA JUGA BUTUH DANA.MAKANYA BANYAK KEPALA DAERAH TERJERAT KORUPSI ATAU PILKADA DIBIAYAIN SAMA PENGUSAHA DIBELAKANG LAYAR IYA ITU KARENA BIAYANYA TINGGI PEMILIHAN KEPLA DESA AJA 1 CALON BISA 200 JUTA.",2026-01-01T04:30:17.000Z,6,13,https://www.instagram.com/p/DS9E9EZgHYt/c/18177762817371669
https://www.instagram.com/p/DS9E9EZgHYt/,setz.hs,setz.hs,setz,False,https://scontent-sea1-1.cdninstagram.com/v/t51.82787-19/542749951_18073792292512804_4772639241175152326_n.jpg?stp=dst-jpg_e0_s150x150_tt6&_nc_cat=108&ig_cache_key=GP_0WSAk5FaxBDZAAMa2VXMa0jtCbmNDAQAB1501500j-ccb7-5&ccb=7-5&_nc_sid=669407&efg=eyJ2ZW5jb2RlX3RhZyI6InByb2ZpbGVfcGljLnd3dy4xMDgwLkMzIn0%3D&_nc_ohc=CU-80lua0AIQ7kNvwGiyCBp&_nc_oc=Adl-XTai6prxHD9lc0TWW1WtlA7RbDyUvBfy3vn_2an-Lg2GSdfDNoXJQ2dh6baaAxU&_nc_ad=z-m&_nc_cid=0&_nc_zt=24&_nc_ht=scontent-sea1-1.cdninstagram.com&_nc_gid=odlEISAhhth1Ap53wrmRIA&oh=00_AfrNu0zLluYxpzk6JW46eDtQYYCnE3nv7EV2xh7I3LJeSQ&oe=6965DF3A,"Selamat tahun baru ❌, welcome orde (paling) baru ✔️",2026-01-01T04:29:54.000Z,82,1,https://www.instagram.com/p/DS9E9EZgHYt/c/18103516948686366
https://www.instagram.com/p/DS9E9EZgHYt/,nedikrahayu,nedikrahayu,Nedik Rahayu,False,https://scontent-sea1-1.cdninstagram.com/v/t51.2885-19/420098892_1387394895543371_991393666675049100_n.jpg?stp=dst-jpg_e0_s150x150_tt6&_nc_cat=101&ig_cache_key=GEwzChlLfOkL1O0EAIwCvYZJI8INbkULAAAB1501500j-ccb7-5&ccb=7-5&_nc_sid=669407&efg=eyJ2ZW5jb2RlX3RhZyI6InByb2ZpbGVfcGljLnd3dy45NjAuQzMifQ%3D%3D&_nc_ohc=NB_9hwro5QoQ7kNvwEcWPzw&_nc_oc=AdkiEfQWxdaFazpQy-hjqY1U7Kh_vZQckm5kap9Zn2yKtaSmSUQUkM_YKcChGcpRXyI&_nc_ad=z-m&_nc_cid=0&_nc_zt=24&_nc_ht=scontent-sea1-1.cdninstagram.com&oh=00_AfrKo2WAo-g7feW-mXsvr7Mkt6PLLy_7dbfqPj7vjNLf9w&oe=6965CFDC,"Demokrasi di Indonesia mengalami kemajuan di era SBY, kinerja KPK terbaik di era SBY, semuanya mengalami kemunduran di era Jokowi dan dilanjutkan era Prabowo.",2026-01-01T04:26:22.000Z,12,6,https://www.instagram.com/p/DS9E9EZgHYt/c/18034810643539227
https://www.instagram.com/p/DS9E9EZgHYt/,wesopojare3,wesopojare3,WesOpoJare,False,https://scontent-sea1-1.cdninstagram.com/v/t51.2885-19/474983670_940287391538867_1856981581753226345_n.jpg?stp=dst-jpg_e0_s150x150_tt6&_nc_cat=101&ig_cache_key=GPasTxyznvW3L1cDAGkU2O7oUsUZbkULAAAB1501500j-ccb7-5&ccb=7-5&_nc_sid=669407&efg=eyJ2ZW5jb2RlX3RhZyI6InByb2ZpbGVfcGljLnd3dy44MTMuQzMifQ%3D%3D&_nc_ohc=bdWxFvkF58YQ7kNvwE7QqoI&_nc_oc=AdltUWeGebYxeHLHh6Yj1oRtO6lmfDBwTi2fGWkvogl-bO1oYXeJb_YH4RyB3fr9gbw&_nc_ad=z-m&_nc_cid=0&_nc_zt=24&_nc_ht=scontent-sea1-1.cdninstagram.com&oh=00_AfrQzehpEN5DsLlgpw-GHqaCZeY5VcBllerBx_QtYobGCg&oe=6965D3A5,AS saja Gubernur & Walikota nya dipilih rakyat. Prabowo mala merebut Hak Rakyat. Kau ingin jadikan NKRI Negara Komunis apa?,2026-01-01T04:25:23.000Z,43,0,https://www.instagram.com/p/DS9E9EZgHYt/c/18543797284041559
https://www.instagram.com/p/DS9E9EZgHYt/,nandalo__,nandalo__,Nanda Loka,False,https://scontent-sea5-1.cdninstagram.com/v/t51.82787-19/542288442_18519159511042429_6972237619092668338_n.jpg?stp=dst-jpg_e0_s150x150_tt6&_nc_cat=110&ig_cache_key=GDqqUiB9yTHUE8tBALI-oo8sXcJgbmNDAQAB1501500j-ccb7-5&ccb=7-5&_nc_sid=669407&efg=eyJ2ZW5jb2RlX3RhZyI6InByb2ZpbGVfcGljLnd3dy4xMDgwLkMzIn0%3D&_nc_ohc=dQ3k1YzMZUMQ7kNvwGOdbju&_nc_oc=AdkwcAa1TrLAe8uDKRF3Ho4fRjXrc7iuwJRb9jqqCXkoAazUf8VuTjvjMVshtwLV2A8&_nc_ad=z-m&_nc_cid=0&_nc_zt=24&_nc_ht=scontent-sea5-1.cdninstagram.com&_nc_gid=odlEISAhhth1Ap53wrmRIA&oh=00_AfrM70BPo8KgkXkC4R8noTiR15vW-RaZqvUZk-xfsm9dXw&oe=6965DB8E,"Masih 1 Januari loh, negara ngasih kabar buruk mulu.",2026-01-01T04:24:58.000Z,136,23,https://www.instagram.com/p/DS9E9EZgHYt/c/18102202828743197
https://www.instagram.com/p/DS9E9EZgHYt/,syahrulsyaifudinansyari,syahrulsyaifudinansyari,Syahrul Syaifudin,False,https://scontent-sea5-1.cdninstagram.com/v/t51.2885-19/399918063_362627506251298_1764979506524924681_n.jpg?stp=dst-jpg_e0_s150x150_tt6&_nc_cat=110&ig_cache_key=GO9D1hciJrLLzkkBAAkrQ4qCd34YbkULAAAB1501500j-ccb7-5&ccb=7-5&_nc_sid=669407&efg=eyJ2ZW5jb2RlX3RhZyI6InByb2ZpbGVfcGljLnd3dy4xMDgwLkMzIn0%3D&_nc_ohc=NLocQm0oZDEQ7kNvwHBBsll&_nc_oc=AdkJwfoiboBz6QOPzowSQ4zj22Zk3Vi4HI6sWww5AYboVzT887eLaI8Uo60xB1y8UJI&_nc_ad=z-m&_nc_cid=0&_nc_zt=24&_nc_ht=scontent-sea5-1.cdninstagram.com&oh=00_AfqQOtwKnfE8uQIMQCgZtF66QIVq7kTLmAH_rtFK-W_nnw&oe=6965EC54,"Menurut saya, masyarakat juga harus sadar agar tidak melakukan praktek money politik. Tujuannya menciptakan wakil-wakil atau pejabat negara yang bersih, tanpa korupsi, kolusi dan nepotisme. Selain itu, Indonesia butuh partai politik baru yang juga berkomitmen untuk betul-betul mengabdi kepada masyarakat. Dengan begitu, negara ini saya yakin bisa diperbaiki.",2026-01-01T04:21:16.000Z,16,0,https://www.instagram.com/p/DS9E9EZgHYt/c/18066305507632667
https://www.instagram.com/p/DS84wLEkhfZ/,totri27,totri27,totok altafini,False,https://scontent-dfw5-2.cdninstagram.com/v/t51.2885-19/286877461_434346588697445_6357854229276533095_n.jpg?stp=dst-jpg_e0_s150x150_tt6&_nc_cat=106&ig_cache_key=GBVnGRFl8yAyCYsBAGchvnW8ojtYbkULAAAB1501500j-ccb7-5&ccb=7-5&_nc_sid=669407&efg=eyJ2ZW5jb2RlX3RhZyI6InByb2ZpbGVfcGljLnd3dy4xMDgwLkMzIn0%3D&_nc_ohc=qXUtM3jKs90Q7kNvwHWItz9&_nc_oc=Adm4iOO9fWvntEEQlPectLiRLOv_WYCe75W0Cr3lQY8rIlegtgr3T3No0Aj3_COWNOs&_nc_ad=z-m&_nc_cid=0&_nc_zt=24&_nc_ht=scontent-dfw5-2.cdninstagram.com&oh=00_AfpUAU6DEwn-xnUqRVWdrAjFy9jRQz3LNBG-EQKuvU85zQ&oe=6965F639,"Uang untuk pesta rakyat dipermasalahkan, uang untuk korupsi dihalalkan uang untuk kabinet gemuk dibiarkan gitu kok bilang efisiensi. LOL",2026-01-01T04:12:59.000Z,0,0,https://www.instagram.com/p/DS84wLEkhfZ/c/18065602787208772
https://www.instagram.com/p/DS84wLEkhfZ/,abien15,abien15,Muhammad Thamrin,False,https://scontent-dfw5-1.cdninstagram.com/v/t51.82787-19/527612960_18371481673178509_6931262988770479325_n.jpg?stp=dst-jpg_e0_s150x150_tt6&_nc_cat=105&ig_cache_key=GCC8ch_NnSDnw0RBAN0MegL3yjBgbmNDAQAB1501500j-ccb7-5&ccb=7-5&_nc_sid=669407&efg=eyJ2ZW5jb2RlX3RhZyI6InByb2ZpbGVfcGljLnd3dy4xMDgwLkMzIn0%3D&_nc_ohc=OEmgF6938dwQ7kNvwFPYjby&_nc_oc=Adlnj4JpPIK4vZtE1DYV2NwTN_4h-xQdmCxP2onrrBiPKygR9QmrVjnPEEnbYNoPlcE&_nc_ad=z-m&_nc_cid=0&_nc_zt=24&_nc_ht=scontent-dfw5-1.cdninstagram.com&_nc_gid=QG4yTCjpiuoX4GhlxFplfQ&oh=00_Afr8Qo7UqkbbRvv6ZIX9FgQAKyjAjhTxcrvdxN-scxdQsg&oe=6965F130,"Yg jelas semangkin Gede Biaya yg di keluarkan oleh para calon kepala daerah, tetep UUD 😂",2026-01-01T03:45:16.000Z,0,0,https://www.instagram.com/p/DS84wLEkhfZ/c/17844658248643183
https://www.instagram.com/p/DS84wLEkhfZ/,weslee06,weslee06,weslee,False,https://scontent-dfw5-1.cdninstagram.com/v/t51.2885-19/356253868_201629282858758_6672982029966135313_n.jpg?stp=dst-jpg_e0_s150x150_tt6&_nc_cat=110&ig_cache_key=GKwAPBUG98d5YbcAABFQsiDNMZtcbkULAAAB1501500j-ccb7-5&ccb=7-5&_nc_sid=669407&efg=eyJ2ZW5jb2RlX3RhZyI6InByb2ZpbGVfcGljLnd3dy4xMDgwLkMzIn0%3D&_nc_ohc=GlyBvsXLCU0Q7kNvwH4oPmE&_nc_oc=Adm3OtAh20IWDYz6KkA9JFI0pOqE-di-o-NKweqJS8uMXSjOOwNiL_utbPOTIHPN3WY&_nc_ad=z-m&_nc_cid=0&_nc_zt=24&_nc_ht=scontent-dfw5-1.cdninstagram.com&oh=00_Afqs55B9QxSW-QL3ts7Vkh-_YoeZiJqqcegUlnMN7awq9g&oe=6965F7FC,"2004 (20thn) pilkada berlangsung apa ada hasil nyata unt daerah yg di pimpin? Apa korupsi & nepotisme menurun? Apa Daerah yg di pimpin semakin maju? Atau hanya jadi OTT KPK ! kna hampir setiap thn ada saja pemimpin daerah yg di tangkap, rakyat yg menilai, masih seperti ini? Atau perlu berubah?",2026-01-01T03:36:21.000Z,0,0,https://www.instagram.com/p/DS84wLEkhfZ/c/18093679244308849
https://www.instagram.com/p/DS84wLEkhfZ/,aminpranata26,aminpranata26,Amin Pranata,False,https://scontent-dfw6-1.cdninstagram.com/v/t51.2885-19/202089649_542482516781387_6558976392186927066_n.jpg?stp=dst-jpg_e0_s150x150_tt6&_nc_cat=101&ig_cache_key=GLGkCwxLqbWNYu0BANqXeRpHKgZbbkULAAAB1501500j-ccb7-5&ccb=7-5&_nc_sid=669407&efg=eyJ2ZW5jb2RlX3RhZyI6InByb2ZpbGVfcGljLnd3dy4xMDgwLkMzIn0%3D&_nc_ohc=B_55zHA867sQ7kNvwG0ZDB7&_nc_oc=AdnUlKrvCYjMCn9I9MwrDfeiIOdCtWnTfEAKrRT6kYf0elJQEZvHp7W_TLBFz8Rq06Y&_nc_ad=z-m&_nc_cid=0&_nc_zt=24&_nc_ht=scontent-dfw6-1.cdninstagram.com&oh=00_AfpQ9x8gIXYmeOcL_kwAefRNDOJcwbgcP7Tz37JDJdtyHQ&oe=6965E169,"Jual beli suara di DPRD akan terjadi,banyak daerah jumlah anggota DPRD tidak banyak kalau dibawa 50 anggota DPRD apalagi sekitar 30 atau 25 anggota DPRD tinggal beli 50%+1 sdh pasti terpilih. Serba salah juga kalau dipilih Rakyat katanya Rakyat dibeli dgn berbagai cara,ada pemberian beras 5 kg,minyak goreng,mie instans + amplop berisi uang Rp.100.000.- hebat juga keuangannya dari mana ? Donatur ? Begitu terpilih yg diperhatikan proyek untuk donatur dan untuk kelompoknya + pribadi.",2026-01-01T03:17:50.000Z,0,0,https://www.instagram.com/p/DS84wLEkhfZ/c/18091139104966422
https://www.instagram.com/p/DS4MrqKkmXG/,an.lombok,an.lombok,An Lombok,False,https://scontent-yyz1-1.cdninstagram.com/v/t51.2885-19/461276043_750092993909358_4892676773546916010_n.jpg?stp=dst-jpg_e0_s150x150_tt6&_nc_cat=109&ig_cache_key=GIuDfhtuUnOiNKoCAKp4EWCaR_ZDbkULAAAB1501500j-ccb7-5&ccb=7-5&_nc_sid=669407&efg=eyJ2ZW5jb2RlX3RhZyI6InByb2ZpbGVfcGljLnd3dy4xMDgwLkMzIn0%3D&_nc_ohc=ssWCNiVxhbEQ7kNvwGRFge1&_nc_oc=Adlv0XCYo0Uy8twFVz8rzRvMllFKE03YqFtctk2M8N4J6eA8q4wCBrqvGmPPSD10qws&_nc_ad=z-m&_nc_cid=0&_nc_zt=24&_nc_ht=scontent-yyz1-1.cdninstagram.com&oh=00_Afr2SNhOYcMAaKgQR24VU1fm-odFEGSEtRupCJydBfVhsg&oe=6965C5CC,Pemimpin Itu Lahir Murni Dari Suara Rakyat.. Bukan Dari Suara Para Elit2 Politik 🥱🥱🥱,2026-01-01T03:09:31.000Z,7,0,https://www.instagram.com/p/DS4MrqKkmXG/c/18089983790048880
https://www.instagram.com/p/DStbPjrEnk8/,kangsil2,kangsil2,Silahudin Din,False,https://scontent-lax3-2.cdninstagram.com/v/t51.2885-19/378807652_991154758670681_5808914792287351046_n.jpg?stp=dst-jpg_e0_s150x150_tt6&_nc_cat=103&ig_cache_key=GGQllBZZ2U4zc4UDAAaxzAQ6aZ1QbkULAAAB1501500j-ccb7-5&ccb=7-5&_nc_sid=669407&efg=eyJ2ZW5jb2RlX3RhZyI6InByb2ZpbGVfcGljLnd3dy43MjAuQzMifQ%3D%3D&_nc_ohc=25r1YOn3NYUQ7kNvwEYdtHY&_nc_oc=Adl1qbIEiyeitJ0VtW5UPTk6g-uvMpiCAPRE8EHDeOUBDl7UF4OeBoudCwJwjGZSk_8&_nc_ad=z-m&_nc_cid=0&_nc_zt=24&_nc_ht=scontent-lax3-2.cdninstagram.com&oh=00_AfojbSbG-uCBhrkgoNzfX-pY6aq3w-75ny8zUwF3fyHuzw&oe=6965EB06,Tolak PILKADA oleh DPRD.,2026-01-01T03:03:11.000Z,1,0,https://www.instagram.com/p/DStbPjrEnk8/c/17879706522353659
https://www.instagram.com/p/DS84wLEkhfZ/,tri.awan.33,tri.awan.33,Awan Tri,False,https://scontent-dfw5-2.cdninstagram.com/v/t51.2885-19/14574287_312922182422232_4850703486775459840_a.jpg?stp=dst-jpg_e0_s150x150_tt6&_nc_cat=102&ig_cache_key=GM9i3gDYjobfmRwBAAAAAAAfKVFDYUULAAAB1501500j-ccb7-5&ccb=7-5&_nc_sid=669407&efg=eyJ2ZW5jb2RlX3RhZyI6InByb2ZpbGVfcGljLnd3dy42NDAuQzMifQ%3D%3D&_nc_ohc=zRrzBRK3hkUQ7kNvwHrxnCq&_nc_oc=Adlrmw284Igwo91KTjgu9SBX22uL7LHhPtq-poWOT9dI14qPvThB2_zUR7rFZHqupdk&_nc_ad=z-m&_nc_cid=0&_nc_zt=24&_nc_ht=scontent-dfw5-2.cdninstagram.com&oh=00_AfrdrPgLCanx4nRABuuqT_5JsSVwc-jV2upwUFtpuT3scw&oe=6965C74F,Dari awal sudah salah kedepan pasti akan banyak pelanggaran atas nama rakyat,2026-01-01T02:43:57.000Z,0,0,https://www.instagram.com/p/DS84wLEkhfZ/c/18107042758676735
https://www.instagram.com/p/DS84wLEkhfZ/,arsya12324,arsya12324,Indra,False,https://scontent-dfw5-3.cdninstagram.com/v/t51.2885-19/473365247_1214946160223395_8491828420351996718_n.jpg?stp=dst-jpg_e0_s150x150_tt6&_nc_cat=108&ig_cache_key=GP-6NhyjJE2y-FAEAC6zpej0CNl1bkULAAAB1501500j-ccb7-5&ccb=7-5&_nc_sid=669407&efg=eyJ2ZW5jb2RlX3RhZyI6InByb2ZpbGVfcGljLnd3dy45MTguQzMifQ%3D%3D&_nc_ohc=wq0SBbtQNEcQ7kNvwGtlZIY&_nc_oc=AdntYBLBpHof1XACILY3tmibtKOLmTDNQYrwC2lqbCYLQ-irV8iiWQ_zg8ZBzK35OC0&_nc_ad=z-m&_nc_cid=0&_nc_zt=24&_nc_ht=scontent-dfw5-3.cdninstagram.com&oh=00_AfqLclVTrJfLHPB2YSVQ-V7l0DFlU1lsWS_5_Vw_Dpx3Fg&oe=6965CD9E,Nyatanya kalau pileg DPRD .dpr ri DPD itu dibawah pasti money politik. Bagi bagi beras minyak. Ya pasti nyari balik modal juga,2026-01-01T02:38:32.000Z,0,0,https://www.instagram.com/p/DS84wLEkhfZ/c/18308431459282947
https://www.instagram.com/p/DS84wLEkhfZ/,teresa.am1705,teresa.am1705,Teresa Amelia,False,https://scontent-dfw5-2.cdninstagram.com/v/t51.2885-19/18889197_228272380999510_4571743282136088576_a.jpg?stp=dst-jpg_e0_s150x150_tt6&_nc_cat=100&ig_cache_key=GO05IAFWdy7OnM8AAAAAAABLGHI-YUULAAAB1501500j-ccb7-5&ccb=7-5&_nc_sid=669407&efg=eyJ2ZW5jb2RlX3RhZyI6InByb2ZpbGVfcGljLnd3dy41NjQuQzMifQ%3D%3D&_nc_ohc=td9t1BJU9-EQ7kNvwHZ8Dc1&_nc_oc=AdmL_waREsKVcq9ChZl7VkRPrKxzG9O2n50kRmtpDj3GeERWsMwrRgSctX8BSySjp1E&_nc_ad=z-m&_nc_cid=0&_nc_zt=24&_nc_ht=scontent-dfw5-2.cdninstagram.com&oh=00_AfoxlAM8sSBkX1XyTcYlE8uIdEib0n1919zAo5RMi7a5Wg&oe=6965F3D0,"Hmmmm....apakah bisa ? kl DPRD ngaco juga, gmn ?",2026-01-01T02:36:47.000Z,0,0,https://www.instagram.com/p/DS84wLEkhfZ/c/18147138358444024
https://www.instagram.com/p/DS84wLEkhfZ/,arkan_gurmilang_wijaksana,arkan_gurmilang_wijaksana,Arkan Gurmilag Wijaksana,False,https://scontent-dfw6-1.cdninstagram.com/v/t51.82787-19/568747630_17909275128243781_1891658372676339592_n.jpg?stp=dst-jpg_e0_s150x150_tt6&_nc_cat=103&ig_cache_key=GG5m5iFFJjQOZKA-AIhHxHtEhUAabmNDAQAB1501500j-ccb7-5&ccb=7-5&_nc_sid=669407&efg=eyJ2ZW5jb2RlX3RhZyI6InByb2ZpbGVfcGljLnd3dy4xMDgwLkMzIn0%3D&_nc_ohc=JCcLrL0jqQYQ7kNvwFcFQwf&_nc_oc=Adk1ErKZbfxXQA0BHu5blelOlRReJdiSPjs9qV4eg9NdNaiqsOBmGA8PNnORz3uObU8&_nc_ad=z-m&_nc_cid=0&_nc_zt=24&_nc_ht=scontent-dfw6-1.cdninstagram.com&_nc_gid=QG4yTCjpiuoX4GhlxFplfQ&oh=00_AfrY2-0Fe_iHTWCntcTDVMnf69bb71BFIaBlousI3IZvaQ&oe=6965D79A,"Kalau bersih sih gak masalah gw, cuman kan YTTA lah",2026-01-01T02:32:29.000Z,1,0,https://www.instagram.com/p/DS84wLEkhfZ/c/18076052348525936
https://www.instagram.com/p/DS4MrqKkmXG/,ruslannkomatsu,ruslannkomatsu,lan,False,https://scontent-yyz1-1.cdninstagram.com/v/t51.75761-19/504867264_17842741017514505_1937413447293673153_n.jpg?stp=dst-jpg_e0_s150x150_tt6&_nc_cat=103&ig_cache_key=GMCpFx4JEivg4GM-AMEeAfVDE_MabvEnAQAB1501500j-ccb7-5&ccb=7-5&_nc_sid=669407&efg=eyJ2ZW5jb2RlX3RhZyI6InByb2ZpbGVfcGljLnd3dy4xMDgwLkMzIn0%3D&_nc_ohc=bLGXPjj2rvsQ7kNvwHKIPQD&_nc_oc=AdmtVmcOOoC6lSMM7CVa3p12Jrldb-20f9ewTAHtnOjjTMsch45P4-5rGRNaAyRuKCo&_nc_ad=z-m&_nc_cid=0&_nc_zt=24&_nc_ht=scontent-yyz1-1.cdninstagram.com&_nc_gid=WwP_9ZYWw9aHM4mTf8l33Q&oh=00_AfrciIcxWaRGN-G1rtVc0bbM7RSe_CrxplQVO_5VY8up1g&oe=6965D89C,"Jangan bayar pajak, stop",2026-01-01T02:25:43.000Z,12,1,https://www.instagram.com/p/DS4MrqKkmXG/c/18070129130132336
https://www.instagram.com/wow.info/p/DSeN8IlE_ws/?hl=he,hj.saqdiahhalimatus,hj.saqdiahhalimatus,Diyah,False,https://scontent-sjc3-1.cdninstagram.com/v/t51.2885-19/418816428_886712989591051_6298922797292705462_n.jpg?stp=dst-jpg_e0_s150x150_tt6&_nc_cat=100&ig_cache_key=GKyh9hgLJsP0dSYDALbWPTjpRGpXbkULAAAB1501500j-ccb7-5&ccb=7-5&_nc_sid=669407&efg=eyJ2ZW5jb2RlX3RhZyI6InByb2ZpbGVfcGljLnd3dy42NjUuQzMifQ%3D%3D&_nc_ohc=u5r56fdL38IQ7kNvwFS2mg3&_nc_oc=AdksIC4AzxI0pHaX6JAdR-yAQy9d2ftNq_lO0azU5mCTNAIsF8KchwHH0sIdfkSpP40&_nc_ad=z-m&_nc_cid=0&_nc_zt=24&_nc_ht=scontent-sjc3-1.cdninstagram.com&oh=00_Afqslt5FxLJ5U-0s1NMJgwhF_oQqSkn7xdQAn5yu-f2F5A&oe=6965F347,Paraaaah pasti ada unsur KKN karena yg di pilih pasti orang dekat dan yg banyak uang nya,2025-12-31T23:39:27.000Z,2,1,https://www.instagram.com/p/DSeN8IlE_ws/c/18068703647389131
https://www.instagram.com/p/DS2PmYKk4nc/,fishgod_angga,fishgod_angga,Angga,False,https://scontent-lax3-1.cdninstagram.com/v/t51.82787-19/561662572_18390749167133490_993062105252242802_n.jpg?stp=dst-jpg_e0_s150x150_tt6&_nc_cat=102&ig_cache_key=GGxKeiEyo0L3SVZBAHIldie5EMgNbmNDAQAB1501500j-ccb7-5&ccb=7-5&_nc_sid=669407&efg=eyJ2ZW5jb2RlX3RhZyI6InByb2ZpbGVfcGljLnd3dy4xMDgwLkMzIn0%3D&_nc_ohc=7BVHUvMwdAAQ7kNvwEdwuee&_nc_oc=AdlgtSTxmBv7jyNOJ1vRAqAUf7SkNIWxN-v6L6oyGWMdS51wlux4VUWyVBKHgNxP7y8&_nc_ad=z-m&_nc_cid=0&_nc_zt=24&_nc_ht=scontent-lax3-1.cdninstagram.com&_nc_gid=dtZyEKXkduUnSVHKVafsew&oh=00_Afpbib2mIbIlSngPOZkzaJcNm6YL9o0rWml1eJnkoIeUeA&oe=6965E226,"Rasah do nyoblos aku ra tau nyoblos ,pemerintah asu kabeh",2025-12-31T16:34:12.000Z,0,0,https://www.instagram.com/p/DS2Sdozk0Cz/c/18033970934534064
https://www.instagram.com/p/DS2PmYKk4nc/,khoirunnaim15,khoirunnaim15,Ahmad Khoirun Na'im Az Zuhdi,False,https://scontent-lax3-1.cdninstagram.com/v/t51.82787-19/548919047_18418878445107113_5850924575083763645_n.jpg?stp=dst-jpg_e0_s150x150_tt6&_nc_cat=109&ig_cache_key=GAfXtyCpt_FS329BAL2XeMnmqDJRbmNDAQAB1501500j-ccb7-5&ccb=7-5&_nc_sid=669407&efg=eyJ2ZW5jb2RlX3RhZyI6InByb2ZpbGVfcGljLnd3dy4xMDgwLkMzIn0%3D&_nc_ohc=-HoAY2WaB2QQ7kNvwHYeSOy&_nc_oc=AdlBDBlK0t08BG9grZ1C-FssmQWiGcBaxBdTJil-lTeKjnnHDgrfvcK9JmqYJFNJtMs&_nc_ad=z-m&_nc_cid=0&_nc_zt=24&_nc_ht=scontent-lax3-1.cdninstagram.com&_nc_gid=dtZyEKXkduUnSVHKVafsew&oh=00_AfqVRAofRIMg3debgKvTepvmV_wwbyD85H6v9VXyPsa0zw&oe=6965E989,Kalo saya tetap mendukung imam mahdi ft nabi Isa as,2025-12-31T15:25:39.000Z,0,0,https://www.instagram.com/p/DS2Sdozk0Cz/c/17865806955456658
https://www.instagram.com/p/DS1vU5RAGa7/,anak273433,anak273433,Wong cilik,False,https://scontent-iad3-1.cdninstagram.com/v/t51.82787-19/588851176_17854865715583682_7807056349380632950_n.jpg?stp=dst-jpg_e0_s150x150_tt6&_nc_cat=110&ig_cache_key=GOgnGSPCWn3g524-AHZhSt5iPFhsbmNDAQAB1501500j-ccb7-5&ccb=7-5&_nc_sid=669407&efg=eyJ2ZW5jb2RlX3RhZyI6InByb2ZpbGVfcGljLnd3dy4xMDgwLkMzIn0%3D&_nc_ohc=sCJ-qhLkklkQ7kNvwFOerhH&_nc_oc=Adkjr6JlcLEzglpSoHcKFGSx2qJ7BNH-KtobaDeSDD3fVx1t-qV8EtBfUtRfzFai1D8&_nc_ad=z-m&_nc_cid=0&_nc_zt=24&_nc_ht=scontent-iad3-1.cdninstagram.com&_nc_gid=gAuIb0aDyXjJEnDd3ymkXg&oh=00_Afp89hIibULuO0pny_8ViVWSRrFsz3Ee-nbg7Bt2G28LFA&oe=6965D58B,PDIP ........🔥🔥🔥,2025-12-31T14:05:02.000Z,3,0,https://www.instagram.com/p/DS1vU5RAGa7/c/18122624605541896
https://www.instagram.com/p/DS6yKw3EjgQ/,arryanw,arryanw,Ariyan B. Wijaya,False,https://scontent-iad3-1.cdninstagram.com/v/t51.2885-19/240939840_602350821145317_5787487544372031501_n.jpg?stp=dst-jpg_e0_s150x150_tt6&_nc_cat=108&ig_cache_key=GEBzXA7lerm61SMCAA3wShhCSVFQbkULAAAB1501500j-ccb7-5&ccb=7-5&_nc_sid=669407&efg=eyJ2ZW5jb2RlX3RhZyI6InByb2ZpbGVfcGljLnd3dy4xMDgwLkMzIn0%3D&_nc_ohc=rQ2FgE9LLmAQ7kNvwFmW-aQ&_nc_oc=AdnzNEBJno7Fum-VokaEYe1GRtquNgtdU4gMtOkTpiM_HTo1D0Bb9nNkCktUiekmNg0&_nc_ad=z-m&_nc_cid=0&_nc_zt=24&_nc_ht=scontent-iad3-1.cdninstagram.com&oh=00_AfptciUUKR-oVxS6rev7I-CpoGqylNd8diDbRuVOYQ3dLQ&oe=6965D177,Kumpulan bedebah gak tau diri. Makin dibiarin makin gila,2025-12-31T13:51:09.000Z,8,1,https://www.instagram.com/p/DS6yKw3EjgQ/c/18108048217725432
https://www.instagram.com/p/DS6yKw3EjgQ/,angga_smile_antrop,angga_smile_antrop,Angga,False,https://scontent-iad3-2.cdninstagram.com/v/t51.2885-19/485892755_1202448408155584_7695555021520486849_n.jpg?stp=dst-jpg_e0_s150x150_tt6&_nc_cat=106&ig_cache_key=GJMi9hzAlTrWnkUEAMHBM__EGsxqbkULAAAB1501500j-ccb7-5&ccb=7-5&_nc_sid=669407&efg=eyJ2ZW5jb2RlX3RhZyI6InByb2ZpbGVfcGljLnd3dy4xMDgwLkMzIn0%3D&_nc_ohc=oZIqr5n-atQQ7kNvwHMJD6R&_nc_oc=Adk4Zw1KnDvcYJ6h73pcmnahvRYDqe1Zo-woLTGoXu73O3C9SJTedX3FHyWNCNNTCNg&_nc_ad=z-m&_nc_cid=0&_nc_zt=24&_nc_ht=scontent-iad3-2.cdninstagram.com&oh=00_AfrpvhIFQNfgEeYKfmG-qYwe3I0AbvNsaEHpUqXKobvX-w&oe=6965EDAB,yg selalu main aman t si orange,2025-12-31T13:02:19.000Z,34,4,https://www.instagram.com/p/DS6yKw3EjgQ/c/18096175225912429
https://www.instagram.com/wow.info/p/DSeN8IlE_ws/?hl=he,semen_jan21,semen_jan21,oiwobo,False,https://scontent-sjc3-1.cdninstagram.com/v/t51.2885-19/348736901_280040221017928_8311791104277823353_n.jpg?stp=dst-jpg_e0_s150x150_tt6&_nc_cat=102&ig_cache_key=GIVNyRRIh_Xxsf4AAHk-u7n4aVlzbkULAAAB1501500j-ccb7-5&ccb=7-5&_nc_sid=669407&efg=eyJ2ZW5jb2RlX3RhZyI6InByb2ZpbGVfcGljLnd3dy4xMDgwLkMzIn0%3D&_nc_ohc=yEokwUprfFYQ7kNvwEQTLmR&_nc_oc=Adk69kGdOhR_8_PGUVnztCoOTrZO36L-XoyrrmEUp4A_YG7_LZo0DUe036SsiNrz0Xo&_nc_ad=z-m&_nc_cid=0&_nc_zt=24&_nc_ht=scontent-sjc3-1.cdninstagram.com&oh=00_AfqzEZlGkXi_QTsq4HeGdLetd-2LVVTnAyRRJt3yTWXDtQ&oe=6965D20A,Menteri2 dtunjuk oleh rakyat👏😍,2025-12-31T12:45:45.000Z,35,2,https://www.instagram.com/p/DSeN8IlE_ws/c/18094643512903898
https://www.instagram.com/p/DS2PmYKk4nc/,udud_sachet,udud_sachet,Mr. H,False,https://scontent-lax3-2.cdninstagram.com/v/t51.82787-19/588757059_18017015621796086_2613886151130014842_n.jpg?stp=dst-jpg_e0_s150x150_tt6&_nc_cat=106&ig_cache_key=GEO4FyP2wAxYYQJAAHrkagGbY0YkbmNDAQAB1501500j-ccb7-5&ccb=7-5&_nc_sid=669407&efg=eyJ2ZW5jb2RlX3RhZyI6InByb2ZpbGVfcGljLnd3dy4xMDgwLkMzIn0%3D&_nc_ohc=VsBQaIQ59HIQ7kNvwGv6zLh&_nc_oc=AdmWyr2pqr98aU3vJNADt2yrTzM4OBqEfMRP5PreUHtjbax03-GSXB8qlDgugnjKlGs&_nc_ad=z-m&_nc_cid=0&_nc_zt=24&_nc_ht=scontent-lax3-2.cdninstagram.com&_nc_gid=dtZyEKXkduUnSVHKVafsew&oh=00_Afoe5gr4fS2ubgL3d17b5HYY8Ap0ttX8UrvFXayncpAt4g&oe=6965D35F,Ini yg disebut negara demokrasi? KOCAK,2025-12-31T08:03:31.000Z,0,0,https://www.instagram.com/p/DS2Sdozk0Cz/c/17911829919126805
https://www.instagram.com/reel/DS6Xd4DFeoD/,sintanurhaliz4,sintanurhaliz4,sinta nurhaliza,False,https://scontent-det1-1.cdninstagram.com/v/t51.82787-19/518387124_17855594946467733_7359375716758568193_n.jpg?stp=dst-jpg_e0_s150x150_tt6&_nc_cat=101&ig_cache_key=GLT15R6VlwmqkW8-AAG9BwY5wSFmbmNDAQAB1501500j-ccb7-5&ccb=7-5&_nc_sid=669407&efg=eyJ2ZW5jb2RlX3RhZyI6InByb2ZpbGVfcGljLnd3dy4xMDgwLkMzIn0%3D&_nc_ohc=QNLoqL2YwagQ7kNvwHVJuPr&_nc_oc=AdmRVXf5ixHE9TupFR4n-LNt77P-d0pQ9lmFl96weZ-uIbvVcWGS8FSP41SJLaYuowM&_nc_ad=z-m&_nc_cid=0&_nc_zt=24&_nc_ht=scontent-det1-1.cdninstagram.com&_nc_gid=jssj0DsrDds5FWwIpVpmYQ&oh=00_AfoGQ8MQ7PYpgBNrtLortfCBOfLaCwkgo09b10osqAUJmw&oe=6965D85F,"Maju terus PDIP, dihina ga tumbang, di framing aman aja bang 🔥",2025-12-31T07:57:25.000Z,3,0,https://www.instagram.com/p/DS6Xd4DFeoD/c/17871455784484056
https://www.instagram.com/reel/DS6Xd4DFeoD/,taminissa_,taminissa_,Icca,False,https://scontent-det1-1.cdninstagram.com/v/t51.82787-19/544576200_17846086515564115_6776990883321741482_n.jpg?stp=dst-jpg_e0_s150x150_tt6&_nc_cat=101&ig_cache_key=GMiSdSBTHmTP62Y-AKoAdGZNtQxebmNDAQAB1501500j-ccb7-5&ccb=7-5&_nc_sid=669407&efg=eyJ2ZW5jb2RlX3RhZyI6InByb2ZpbGVfcGljLnd3dy45NjAuQzMifQ%3D%3D&_nc_ohc=B1GYUjrGz6sQ7kNvwFkPRB_&_nc_oc=AdlJmxRAQi9LwONCp-4wAA3XYEaNkUu-HituvZwQXFVZUVsT1spkoCZAwWZvuD6mx_E&_nc_ad=z-m&_nc_cid=0&_nc_zt=24&_nc_ht=scontent-det1-1.cdninstagram.com&_nc_gid=jssj0DsrDds5FWwIpVpmYQ&oh=00_AfobNwUZnj1ejcpfah788dB8gemOT9CZXXbz5WEEVQqhLQ&oe=6965E10F,Solusi pinpol biar rame ya bahas PDIP 😂,2025-12-31T07:56:30.000Z,2,0,https://www.instagram.com/p/DS6Xd4DFeoD/c/18499426024079690
https://www.instagram.com/reel/DS6Xd4DFeoD/,salmannugr4ha,salmannugr4ha,,False,https://scontent-det1-1.cdninstagram.com/v/t51.82787-19/520409652_17845943598523742_2847304522168045806_n.jpg?stp=dst-jpg_e0_s150x150_tt6&_nc_cat=109&ig_cache_key=GDTSBB9eJd_IymY-AO6QMJNgqIMnbmNDAQAB1501500j-ccb7-5&ccb=7-5&_nc_sid=669407&efg=eyJ2ZW5jb2RlX3RhZyI6InByb2ZpbGVfcGljLnd3dy43MjAuQzMifQ%3D%3D&_nc_ohc=ZY7mWlDen_4Q7kNvwGQoZb_&_nc_oc=AdmbNckON-Z7sKo8UxmbcyE9C9MHO9TzeM0hn3vn3y_6xsdIc6ikhcxtNNz5Qw98v0Y&_nc_ad=z-m&_nc_cid=0&_nc_zt=24&_nc_ht=scontent-det1-1.cdninstagram.com&_nc_gid=jssj0DsrDds5FWwIpVpmYQ&oh=00_AfpwV8Z-EZ4mOkJ1WR5OvO2hK9E_ZSlJxMROBobDYG-ULg&oe=6965F9C8,"PDIP pasti dukung apa yg lebih baik buat rakyat, masa buat pemerintahan, buat apa jadi oposisi",2025-12-31T07:46:35.000Z,1,0,https://www.instagram.com/p/DS6Xd4DFeoD/c/17930959737155307
https://www.instagram.com/p/DS4jThfiQA-/,coniel_stavia,coniel_stavia,Coniel Stavia,False,https://scontent-gru1-2.cdninstagram.com/v/t51.82787-19/559600689_18503220160067823_7297028188286577461_n.jpg?stp=dst-jpg_e0_s150x150_tt6&_nc_cat=110&ig_cache_key=GDHUWiHveNeolLxBADVr1dZ5QERlbmNDAQAB1501500j-ccb7-5&ccb=7-5&_nc_sid=669407&efg=eyJ2ZW5jb2RlX3RhZyI6InByb2ZpbGVfcGljLnd3dy4xMDgwLkMzIn0%3D&_nc_ohc=VOZr9AmFjXMQ7kNvwFVr8xs&_nc_oc=Adk5Lo401mk0pzWtL-bVE4TYeitRBIK7z-HIt0iQ3d-mZY_Tm5ZMV6i8kwjxx1qjt0U&_nc_ad=z-m&_nc_cid=0&_nc_zt=24&_nc_ht=scontent-gru1-2.cdninstagram.com&_nc_gid=yF490NocWEPosCxltNZn5g&oh=00_AfoZRiMK8fZWguGKTw-9EvHd7nTWC2tnqfyNzaWDtV_cLQ&oe=6965CA6B,Sebagai org yg ada di dalam penyelenggara tersebut. Saya tidak setuju,2025-12-31T07:21:04.000Z,1,0,https://www.instagram.com/p/DS4jThfiQA-/c/17872343478480532
https://www.instagram.com/p/DS2PmYKk4nc/,adiendp10,adiendp10,,False,https://scontent-lax7-1.cdninstagram.com/v/t51.82787-19/541544896_18526607980007869_9003985751847364435_n.jpg?stp=dst-jpg_e0_s150x150_tt6&_nc_cat=105&ig_cache_key=GMBRRyC9kYoP2tFBAFNnig1WlfR8bmNDAQAB1501500j-ccb7-5&ccb=7-5&_nc_sid=669407&efg=eyJ2ZW5jb2RlX3RhZyI6InByb2ZpbGVfcGljLnd3dy4xMDgwLkMzIn0%3D&_nc_ohc=lHpmRxOsX0gQ7kNvwFi3MWI&_nc_oc=Admtrob5gdfBFMsycpEn-_QrdbTzcAWThAi9e1d9zNFP_gjBiLDpLt6pg8i-uwWE-RY&_nc_ad=z-m&_nc_cid=0&_nc_zt=24&_nc_ht=scontent-lax7-1.cdninstagram.com&_nc_gid=dtZyEKXkduUnSVHKVafsew&oh=00_AfrZF8mOuMYKmU1Y4Eg1b_Oem0iAca_rnmTsvnD0m2OC2Q&oe=6965C453,Selamat NataRu Natal & Orde Baru,2025-12-31T06:12:55.000Z,0,0,https://www.instagram.com/p/DS2Sdozk0Cz/c/18085959554088281
https://www.instagram.com/korankaltara/reel/DS3mFSJkjEY/?hl=ar,withaangel,withaangel,Angel Witha,False,https://scontent-den2-1.cdninstagram.com/v/t51.75761-19/508606861_18360728650145629_5780089035724753030_n.jpg?stp=dst-jpg_e0_s150x150_tt6&_nc_cat=109&ig_cache_key=GI25UB5dXwJF-DpBAIYIgZBaADdQbvEnAQAB1501500j-ccb7-5&ccb=7-5&_nc_sid=669407&efg=eyJ2ZW5jb2RlX3RhZyI6InByb2ZpbGVfcGljLnd3dy4xMDgwLkMzIn0%3D&_nc_ohc=zA7_grS94YMQ7kNvwEzgXw0&_nc_oc=Adk_Mj2SWtlJOzEx3ea_zhzOg2irASlvwZIkL00MHFzXLJfUNXw8qhMVxc0p-G2MqOo&_nc_ad=z-m&_nc_cid=0&_nc_zt=24&_nc_ht=scontent-den2-1.cdninstagram.com&_nc_gid=LKoLvAQFHfKgCxfl4wJOcA&oh=00_AfrCEgRSn5rPzi_vz3ogxEsQHrJxyKUxfYM4XlP2HRWJFA&oe=6965D331,Hahahahha aneh kalau dpr pilih 🥺mnding pajak suruh dpr aja bayar rkyat gah osah byar 😂,2025-12-31T05:55:21.000Z,0,0,https://www.instagram.com/p/DS3mFSJkjEY/c/18299542669259279
https://www.instagram.com/reel/DS6Xd4DFeoD/,alisadikin8,alisadikin8,Ikin Ali Sadikin,False,https://scontent-det1-1.cdninstagram.com/v/t51.2885-19/22280547_725732020943266_8308978790936084480_n.jpg?stp=dst-jpg_e0_s150x150_tt6&_nc_cat=107&ig_cache_key=GGP5UwGieU_nDJQCAAAAAAAwbE9zbkULAAAB1501500j-ccb7-5&ccb=7-5&_nc_sid=669407&efg=eyJ2ZW5jb2RlX3RhZyI6InByb2ZpbGVfcGljLnd3dy4xMDgwLkMzIn0%3D&_nc_ohc=rUxZF5dwsQoQ7kNvwGjBCQs&_nc_oc=AdkHHlv_xHGWGb9KTXn7wCQP17PVwGuy0P_jy7Iq0B0u7HAgL711vcwIDbcN-ZLLjhs&_nc_ad=z-m&_nc_cid=0&_nc_zt=24&_nc_ht=scontent-det1-1.cdninstagram.com&oh=00_Afo9sMN6UOMhBCBwTmvWC3oJWob-36RbzpxvfMZP8pXoUg&oe=6965E586,Hanya mementingkan kelompoknya bukan ke rakyat,2025-12-31T05:29:00.000Z,0,1,https://www.instagram.com/p/DS6Xd4DFeoD/c/18048699080468333
https://www.instagram.com/reel/DS6Xd4DFeoD/,najh_ak,najh_ak,,False,https://scontent-det1-1.cdninstagram.com/v/t51.82787-19/610670028_18549902146031435_5701645360553350060_n.jpg?stp=dst-jpg_e0_s150x150_tt6&_nc_cat=106&ig_cache_key=GMwVZiRLTwioCedBAKxTCS8-UCBPbmNDAQAB1501500j-ccb7-5&ccb=7-5&_nc_sid=669407&efg=eyJ2ZW5jb2RlX3RhZyI6InByb2ZpbGVfcGljLnd3dy4xMDgwLkMzIn0%3D&_nc_ohc=y_3RF3b17t8Q7kNvwFy5qNS&_nc_oc=AdmWERZ3sbjK0ohnZ1hx3DfR-hcBzwKc_EAzzq1qs4eAZv-seLHB6A4bCAlYXLGl0eM&_nc_ad=z-m&_nc_cid=0&_nc_zt=24&_nc_ht=scontent-det1-1.cdninstagram.com&_nc_gid=jssj0DsrDds5FWwIpVpmYQ&oh=00_AfoRPEkcoBgrNQ24Z1SyPj_zM52Gcbd36vzEf0hc9Xu_ww&oe=6965DA3D,"Pdip tanduknya udah ilang, kartu jokernya udah dipegang pemerintah 😂",2025-12-31T04:25:10.000Z,4,1,https://www.instagram.com/p/DS6Xd4DFeoD/c/17983359893940836
https://www.instagram.com/reel/DS6Xd4DFeoD/,failasofa_sn,failasofa_sn,Failasofa Shidqi Novian,False,https://scontent-det1-1.cdninstagram.com/v/t51.82787-19/576545675_18541437514020156_3195109831081289806_n.jpg?stp=dst-jpg_e0_s150x150_tt6&_nc_cat=100&ig_cache_key=GItjXSI89aXUVt9BAE5o9YN2T1csbmNDAQAB1501500j-ccb7-5&ccb=7-5&_nc_sid=669407&efg=eyJ2ZW5jb2RlX3RhZyI6InByb2ZpbGVfcGljLnd3dy45NTIuQzMifQ%3D%3D&_nc_ohc=mze09u5ffU4Q7kNvwFPVizn&_nc_oc=Adke2NqxpeOGIaSv-JxmL3u8z88YwFRmHV1cu_oN8n19uXEtjtMZYaQ7mKe5gj5pOck&_nc_ad=z-m&_nc_cid=0&_nc_zt=24&_nc_ht=scontent-det1-1.cdninstagram.com&_nc_gid=jssj0DsrDds5FWwIpVpmYQ&oh=00_AfqcSRBFJlgtPD2EDrhr_zCIlbA4nhLszwLCyLD1TDHJJg&oe=6965F5BB,Hbs di selamatkan,2025-12-31T04:23:16.000Z,0,1,https://www.instagram.com/p/DS6Xd4DFeoD/c/18112408327527532
https://www.instagram.com/p/DS2PmYKk4nc/,emi_hs08,emi_hs08,emi hs,False,https://scontent-lax7-1.cdninstagram.com/v/t51.2885-19/293849373_1107430803316721_2251944476576841716_n.jpg?stp=dst-jpg_e0_s150x150_tt6&_nc_cat=101&ig_cache_key=GB3JgxHxH6XTM_8DAPT-Q-SRg0AfbkULAAAB1501500j-ccb7-5&ccb=7-5&_nc_sid=669407&efg=eyJ2ZW5jb2RlX3RhZyI6InByb2ZpbGVfcGljLnd3dy42OTAuQzMifQ%3D%3D&_nc_ohc=laziEt4XJgIQ7kNvwF0Y44V&_nc_oc=AdlxYlAOExhJpWiv7_w1VIl5H1jvDRWelRpn5oWPUvjn3jST-7a6snIs-owXVJwkWTk&_nc_ad=z-m&_nc_cid=0&_nc_zt=24&_nc_ht=scontent-lax7-1.cdninstagram.com&oh=00_AfpQJqhr5LBxsLgXKX99FwTGUM5QM_5eCtb0Qf07JgsLUg&oe=6965ECA2,Penguasa yg ingin mengamankan kekuasaannya,2025-12-31T04:01:16.000Z,0,0,https://www.instagram.com/p/DS2Sdozk0Cz/c/18090529339806008
https://www.instagram.com/reel/DS6Xd4DFeoD/,usmann06,usmann06,Usm Anyeez,False,https://scontent-det1-1.cdninstagram.com/v/t51.82787-19/541587165_18545290546032557_6250882601755012338_n.jpg?stp=dst-jpg_e0_s150x150_tt6&_nc_cat=107&ig_cache_key=GN32RyCtr0Dv1_JBAPLsRpKbmL9WbmNDAQAB1501500j-ccb7-5&ccb=7-5&_nc_sid=669407&efg=eyJ2ZW5jb2RlX3RhZyI6InByb2ZpbGVfcGljLnd3dy4xMDgwLkMzIn0%3D&_nc_ohc=wirwBiOaCiwQ7kNvwHxiKYy&_nc_oc=AdmvEIf3fTIwxxlFqk9jZzYnfvc06J6saguNdwOKbdvgcHLWUjNXTsdyfv64FVcBVVk&_nc_ad=z-m&_nc_cid=0&_nc_zt=24&_nc_ht=scontent-det1-1.cdninstagram.com&_nc_gid=jssj0DsrDds5FWwIpVpmYQ&oh=00_AfouqbhkqummfDkxd_pRGUV9DRhOXjZqrApTF7G7H2NNHw&oe=6965F608,"Nggk malu bahas PDIP, yg jelas² mendukung knpa nggk di tunjukin pastai mana saja...... Etsss oh iya apakah jangan² adminnya juga se7😂😂😂",2025-12-31T03:37:19.000Z,1,3,https://www.instagram.com/p/DS6Xd4DFeoD/c/18098686681677290
https://www.instagram.com/reel/DS6Xd4DFeoD/,phanbenindra,phanbenindra,潘俊宏,False,https://scontent-det1-1.cdninstagram.com/v/t51.2885-19/356354975_653535982937727_8774129413332049146_n.jpg?stp=dst-jpg_e0_s150x150_tt6&_nc_cat=104&ig_cache_key=GJ_LPRV-Zhw0Y1ICAPqc9s42_MN5bkULAAAB1501500j-ccb7-5&ccb=7-5&_nc_sid=669407&efg=eyJ2ZW5jb2RlX3RhZyI6InByb2ZpbGVfcGljLnd3dy44NjAuQzMifQ%3D%3D&_nc_ohc=sTKzH9boaNMQ7kNvwE0AUsp&_nc_oc=AdljZNhZAmI28pIIhh6tbPN1sASig-88anJPNLpuT_abeMeUjKAYGNDTsYVwbdaIamo&_nc_ad=z-m&_nc_cid=0&_nc_zt=24&_nc_ht=scontent-det1-1.cdninstagram.com&oh=00_AfoG8xCbeyrSg-Kgg4Y5VW7fLCCZp5MBKlwljEydO3l6WA&oe=6965EDB2,Saya tuh suka nya yang benar. Rasa Kebenaran=Rasa Malu. Rasa Kesalahan=Rasa Takut. Kesalahan=Kekeliruan. Kekeliruan menjadikan Masalah. Masalah berarti Salah. Rumus=Teori.,2025-12-31T03:28:40.000Z,0,2,https://www.instagram.com/p/DS6Xd4DFeoD/c/18075613736039801
https://www.instagram.com/reel/DS6Xd4DFeoD/,musmulyadi0875,musmulyadi0875,Musmulyadi Musmulyadi,False,https://scontent-det1-1.cdninstagram.com/v/t51.2885-19/294086707_3221404441408457_7751462871668013326_n.jpg?stp=dst-jpg_e0_s150x150_tt6&_nc_cat=106&ig_cache_key=GDNohxHJc2ir2XELAA65ZqtpupJrbkULAAAB1501500j-ccb7-5&ccb=7-5&_nc_sid=669407&efg=eyJ2ZW5jb2RlX3RhZyI6InByb2ZpbGVfcGljLnd3dy43MjAuQzMifQ%3D%3D&_nc_ohc=J30SdUHOiIIQ7kNvwGz2fDS&_nc_oc=AdljCXGcAAfyOKzXEb3MUEbqdxzNxNfQmZr-m-PC7fxMq8gwuNeBqerCn-7ALbZbdro&_nc_ad=z-m&_nc_cid=0&_nc_zt=24&_nc_ht=scontent-det1-1.cdninstagram.com&oh=00_AfqQVfAaHrrwUwim0N2N-GYR8L5EZzdbOA1R81cFZ9665Q&oe=6965C7C4,Ingat jangan pilih partai menghianat Demokasi 2029,2025-12-31T03:25:44.000Z,0,1,https://www.instagram.com/p/DS6Xd4DFeoD/c/18338029936236790
https://www.instagram.com/reel/DS6Xd4DFeoD/,deyul943,deyul943,Gg.kobra Xl,False,https://scontent-det1-1.cdninstagram.com/v/t51.2885-19/158004079_469197227450173_4905515688911268896_n.jpg?stp=dst-jpg_e0_s150x150_tt6&_nc_cat=111&ig_cache_key=GG-zagk9XxJ_u6oBACBsqU2H5BNEbkULAAAB1501500j-ccb7-5&ccb=7-5&_nc_sid=669407&efg=eyJ2ZW5jb2RlX3RhZyI6InByb2ZpbGVfcGljLnd3dy43MjAuQzMifQ%3D%3D&_nc_ohc=i7Q_QG8g__0Q7kNvwHwWtQc&_nc_oc=Admx54Y7McVmbMw3mjTcJZPE0jFs9Ozt7Mu6xbzy0TkDzpzSuCJpXnyaW9qMpJOyuHs&_nc_ad=z-m&_nc_cid=0&_nc_zt=24&_nc_ht=scontent-det1-1.cdninstagram.com&oh=00_AfqjjBGWi7I3VMRryg944axUmGvNMhXGCfGX57vhwWgQmA&oe=6965EBBE,"Karna partainya lg GK berkuasa,nti pas lg berkuasa pasti setuju😂",2025-12-31T03:21:44.000Z,1,5,https://www.instagram.com/p/DS6Xd4DFeoD/c/18058281758322726
https://www.instagram.com/reel/DS6Xd4DFeoD/,malikliswar,malikliswar,Malik Liswar,False,https://scontent-det1-1.cdninstagram.com/v/t51.2885-19/323807975_874471243973112_4145686657513712114_n.jpg?stp=dst-jpg_e0_s150x150_tt6&_nc_cat=108&ig_cache_key=GOfqTBP4Ad2zUxsDAPJpLtsMcIg5bkULAAAB1501500j-ccb7-5&ccb=7-5&_nc_sid=669407&efg=eyJ2ZW5jb2RlX3RhZyI6InByb2ZpbGVfcGljLnd3dy43MTguQzMifQ%3D%3D&_nc_ohc=djxrVvmDCJUQ7kNvwFTGFoU&_nc_oc=AdnSMH34nV7TyUCcf904oDGjYqTUPwF2-5E9oZiAaa3usypZ4sUftigseFxzciPyUoY&_nc_ad=z-m&_nc_cid=0&_nc_zt=24&_nc_ht=scontent-det1-1.cdninstagram.com&oh=00_AfqmSqNrJ0_09-GyuUlznBLe0Kw5bwNohG2v8EpP9TtY5w&oe=6965C81E,Galau... dia sdh ga ada investor nya..,2025-12-31T03:17:24.000Z,0,1,https://www.instagram.com/p/DS6Xd4DFeoD/c/18087717977044086
https://www.instagram.com/p/DS2PmYKk4nc/,chally_s,chally_s,CS,False,https://scontent-lax7-1.cdninstagram.com/v/t51.2885-19/11117006_648409758626149_1756184890_a.jpg?stp=dst-jpg_e0_tt6&_nc_cat=101&ig_cache_key=GM6hqQBl8VSpuU0CADpBrWgAAAAAYUULAAAB1501500j-ccb7-5&ccb=7-5&_nc_sid=669407&efg=eyJ2ZW5jb2RlX3RhZyI6InByb2ZpbGVfcGljLnd3dy4xNTAuQzMifQ%3D%3D&_nc_ohc=xYO6cyQCTEoQ7kNvwHYAJO1&_nc_oc=AdnSWqy45HiEI-m57h-OYBpl3_-pRYs37IBS8jLX_c0tX1k5AkkrvCKNqr3so-m9s-E&_nc_ad=z-m&_nc_cid=0&_nc_zt=24&_nc_ht=scontent-lax7-1.cdninstagram.com&oh=00_AfrJ0vtJgEI-1YRYZSOj0kVcgQnUN8qfdraIyFa4DGKF4Q&oe=6965E2F2,🤦‍♂️🤦‍♂️🤦‍♂️,2025-12-31T02:03:11.000Z,0,0,https://www.instagram.com/p/DS2Sdozk0Cz/c/18401062171125826
https://www.instagram.com/p/DS4jThfiQA-/,alimuttaqin26,alimuttaqin26,Muhammad Ali Muttaqin,False,https://scontent-gru2-1.cdninstagram.com/v/t51.2885-19/429646133_6883836855059807_3851185413077313257_n.jpg?stp=dst-jpg_e0_s150x150_tt6&_nc_cat=109&ig_cache_key=GDXhmxlfBXAq0HQYAOmmo466KHI1bkULAAAB1501500j-ccb7-5&ccb=7-5&_nc_sid=669407&efg=eyJ2ZW5jb2RlX3RhZyI6InByb2ZpbGVfcGljLnd3dy4xMDgwLkMzIn0%3D&_nc_ohc=dX2IQHaN4QUQ7kNvwE1w__C&_nc_oc=AdmJr7MTS0AE88v5wgRh_m8MIkPkY5ZwbR2cWoNZUnR88s6NwrPBAa5YUCbZfBGDOnU&_nc_ad=z-m&_nc_cid=0&_nc_zt=24&_nc_ht=scontent-gru2-1.cdninstagram.com&oh=00_AfpavAP27Rv54xar4qMjjLsM12-SJqQWxV5r9VSAb-AbXA&oe=6965FB5A,"Rakyat yg berhak putuskan, rakyat yg akan menilai, rakyat yg akan tetap memilih.",2025-12-30T23:02:29.000Z,1,0,https://www.instagram.com/p/DS4jThfiQA-/c/18401205355134405
https://www.instagram.com/p/DS1vU5RAGa7/,diansusilo15,diansusilo15,Dian Susilo,False,https://scontent-iad3-2.cdninstagram.com/v/t51.2885-19/459715193_1026970562497048_6171124529270271391_n.jpg?stp=dst-jpg_e0_s150x150_tt6&_nc_cat=105&ig_cache_key=GHmyZhsYipI3BqYDAJ_t2jcQPaRVbkULAAAB1501500j-ccb7-5&ccb=7-5&_nc_sid=669407&efg=eyJ2ZW5jb2RlX3RhZyI6InByb2ZpbGVfcGljLnd3dy45NjAuQzMifQ%3D%3D&_nc_ohc=HwOwDWlfZrsQ7kNvwFZpoMl&_nc_oc=Adm-nZfv3mLwS_P3MuT8VsRduYeqb-TlpIz4JX-FIMlbAyClVt-SKls-w3WqFJOQiU8&_nc_ad=z-m&_nc_cid=0&_nc_zt=24&_nc_ht=scontent-iad3-2.cdninstagram.com&oh=00_AfoS9lmeaUy3D9TmtATQ1UfrBoUVKMoBSYilAzM-zoPlXw&oe=6965C532,TPI kok dulu kok setuju pilihan presiden lewat mpr😂😂,2025-12-30T22:54:45.000Z,0,1,https://www.instagram.com/p/DS1vU5RAGa7/c/18031962878757571
https://www.instagram.com/p/DS2PmYKk4nc/,dambalink,dambalink,damba_link78,False,https://scontent-lax3-2.cdninstagram.com/v/t51.2885-19/34428416_194719308013511_3219325279684001792_n.jpg?stp=dst-jpg_e0_s150x150_tt6&_nc_cat=106&ig_cache_key=GABWDQLHXy_fGLEAAAAAAABJV60sbkULAAAB1501500j-ccb7-5&ccb=7-5&_nc_sid=669407&efg=eyJ2ZW5jb2RlX3RhZyI6InByb2ZpbGVfcGljLnd3dy4xMDgwLkMzIn0%3D&_nc_ohc=rq-4Hali2BcQ7kNvwFwn2nL&_nc_oc=AdmpRrq4BS06JGxGZhW8rwetxDprP-vxtlkDeMYSwCUmVUNZYeM2hDvZiq-7sCPleyc&_nc_ad=z-m&_nc_cid=0&_nc_zt=24&_nc_ht=scontent-lax3-2.cdninstagram.com&oh=00_AfpdQaZwTggls9Orfwpl_MhUZ62W_zxSIN3eCmcHq7gW5Q&oe=6965F6B4,Selamat menikmati saja yg lakian sdh pilih 🙏🙏🙏🙏🙏🙏😠😠😠😠😠😠😓😓😓😓😓😓,2025-12-30T22:42:39.000Z,0,0,https://www.instagram.com/p/DS2Sdozk0Cz/c/17933072202016331
https://www.instagram.com/p/DS34si7lGHD/,jalaludinsayuti74,jalaludinsayuti74,Jalaludin Sayuti Sayuti,False,https://scontent-otp1-1.cdninstagram.com/v/t51.82787-19/581405474_18089864740934324_5791123101209775534_n.jpg?stp=dst-jpg_e0_s150x150_tt6&_nc_cat=106&ig_cache_key=GCKLpyK0EuvZokRAAK7NKiLHM15QbmNDAQAB1501500j-ccb7-5&ccb=7-5&_nc_sid=669407&efg=eyJ2ZW5jb2RlX3RhZyI6InByb2ZpbGVfcGljLnd3dy4xMDgwLkMzIn0%3D&_nc_ohc=QGDz9fYTQk8Q7kNvwEqqcQV&_nc_oc=AdkKsWDELJ5myqOkVUcpkPx7K_UBBQy8TfUDWmgG6TK9IQQ6I_wjXhV5bOE1LzdYQzg&_nc_ad=z-m&_nc_cid=0&_nc_zt=24&_nc_ht=scontent-otp1-1.cdninstagram.com&_nc_gid=NmcKLUCqgxuTLhVQaJnRUg&oh=00_Afpmim96fiuLWfZ912aJnhZcWhbKCcUVb__4LylRRWHugQ&oe=6965D073,"Bagi bagi kue ,",2025-12-30T21:43:27.000Z,0,0,https://www.instagram.com/p/DS34si7lGHD/c/18088232884840807
https://www.instagram.com/p/DS4MrqKkmXG/,iqblhdi21_,iqblhdi21_,iqbal hadi,False,https://scontent-yyz1-1.cdninstagram.com/v/t51.2885-19/341335364_812777233823464_853111627710584873_n.jpg?stp=dst-jpg_e0_s150x150_tt6&_nc_cat=110&ig_cache_key=GERdWBTotk1yN_MCACnYcWOB3NYLbkULAAAB1501500j-ccb7-5&ccb=7-5&_nc_sid=669407&efg=eyJ2ZW5jb2RlX3RhZyI6InByb2ZpbGVfcGljLnd3dy41NTUuQzMifQ%3D%3D&_nc_ohc=4arutBLu9qoQ7kNvwHVxnwu&_nc_oc=AdkAtLTARE9xZ47mBB1d5pbZ4tOnQssFoS22IWfcq4R98pgZx5p08TB-ELNOwz4bW3s&_nc_ad=z-m&_nc_cid=0&_nc_zt=24&_nc_ht=scontent-yyz1-1.cdninstagram.com&oh=00_Afr3AhvpzRQ8vuVB3raG_T7xi02BPjLya5gU24vCjtiExg&oe=6965F39F,Lah lah wkwkwkwk akan kah terulang,2025-12-30T21:24:54.000Z,1,1,https://www.instagram.com/p/DS4MrqKkmXG/c/17863026270554921
https://www.instagram.com/p/DS34si7lGHD/,mbete_wangge,mbete_wangge,Yosh Wangge,False,https://scontent-otp1-1.cdninstagram.com/v/t51.82787-19/609210394_18379531234153715_8037305156259589385_n.jpg?stp=dst-jpg_e0_s150x150_tt6&_nc_cat=101&ig_cache_key=GBrQTyTzlFkWFkxBAAmtRMZ0PopvbmNDAQAB1501500j-ccb7-5&ccb=7-5&_nc_sid=669407&efg=eyJ2ZW5jb2RlX3RhZyI6InByb2ZpbGVfcGljLnd3dy4xMDgwLkMzIn0%3D&_nc_ohc=KrI82EerjFwQ7kNvwGmgBol&_nc_oc=AdkQfmJoRLNX7rnifWeKlGKRmon_Q1Om3WNKg7G2M8ntYROHIIiPqd1trX4LnY73isc&_nc_ad=z-m&_nc_cid=0&_nc_zt=24&_nc_ht=scontent-otp1-1.cdninstagram.com&_nc_gid=NmcKLUCqgxuTLhVQaJnRUg&oh=00_Afp4PcrVM6vn08zakvP8POkj576pWilCpV2VQgCt2HTZ2w&oe=6965F1AC,Reformasi jilid 2,2025-12-30T17:52:39.000Z,1,0,https://www.instagram.com/p/DS34si7lGHD/c/18103349014776780
https://www.instagram.com/reel/DS2dJUxCevK/,_renalalf,_renalalf,RenalAlfandi,False,https://scontent-sjc3-1.cdninstagram.com/v/t51.2885-19/471855331_1581980729091808_7083832334205930731_n.jpg?stp=dst-jpg_e0_s150x150_tt6&_nc_cat=100&ig_cache_key=GOPwHxzgJmaXzZ4FAOtMxej5005ibkULAAAB1501500j-ccb7-5&ccb=7-5&_nc_sid=669407&efg=eyJ2ZW5jb2RlX3RhZyI6InByb2ZpbGVfcGljLnd3dy4xMDgwLkMzIn0%3D&_nc_ohc=IB4dzSClls4Q7kNvwHM5FJz&_nc_oc=AdnvGMkNOKVMJ1jDDJDFGI8fNZa6chB-NdzPTyIfGsqurcMB4TteTQzIlBuy6XQ9iiY&_nc_ad=z-m&_nc_cid=0&_nc_zt=24&_nc_ht=scontent-sjc3-1.cdninstagram.com&oh=00_AfpHyriYmvuiHqsFx1I2pYsgl7JwUg_QPJYjddJ_V9WmSg&oe=6965E857,Bajingan keparattt,2025-12-30T17:47:46.000Z,1,0,https://www.instagram.com/p/DS2dJUxCevK/c/18082482340934743
https://www.instagram.com/p/DS4jThfiQA-/,hendra_wirian,hendra_wirian,Hendra Wirian,False,https://scontent-gru2-1.cdninstagram.com/v/t51.82787-19/607175151_18548154451039273_3288693837958069815_n.jpg?stp=dst-jpg_e0_s150x150_tt6&_nc_cat=109&ig_cache_key=GO-BMCQpFEu9cuVBADe_gRKfyaMtbmNDAQAB1501500j-ccb7-5&ccb=7-5&_nc_sid=669407&efg=eyJ2ZW5jb2RlX3RhZyI6InByb2ZpbGVfcGljLnd3dy4xMDgwLkMzIn0%3D&_nc_ohc=ct1ucl5ewksQ7kNvwGz0FuO&_nc_oc=AdlhZuZYXfNxTuHFe920bgSbVSJEpFef0qoZyA2tABE8D_ucu6Zjto5xvdR-4i-pSqQ&_nc_ad=z-m&_nc_cid=0&_nc_zt=24&_nc_ht=scontent-gru2-1.cdninstagram.com&_nc_gid=yF490NocWEPosCxltNZn5g&oh=00_AfqHg6e9iJ3nbNYiCnkVItRTXHfjJDsBm_WDPscxU5fg7g&oe=6965E1C3,"Boleh Aja, Asal Calonnya Bukan Anggota Parpol !!!",2025-12-30T17:20:25.000Z,5,1,https://www.instagram.com/p/DS4jThfiQA-/c/18168972094379022
https://www.instagram.com/p/DS1vU5RAGa7/,wentywiesmann,wentywiesmann,@ WenWies,False,https://scontent-iad3-1.cdninstagram.com/v/t51.82787-19/544924248_18294187030255620_8778209201128404499_n.jpg?stp=dst-jpg_e0_s150x150_tt6&_nc_cat=110&ig_cache_key=GFjieiAEmGRXd-5AABP2Um3CdtJ5bmNDAQAB1501500j-ccb7-5&ccb=7-5&_nc_sid=669407&efg=eyJ2ZW5jb2RlX3RhZyI6InByb2ZpbGVfcGljLnd3dy43MTQuQzMifQ%3D%3D&_nc_ohc=P6wnuQKNtv0Q7kNvwH8xpxt&_nc_oc=Adke3y4xXD0abgqxDQjYR9dIOVKpXHbu-9bV9aFt8jy7kC01viciuZGpI49zspORpJM&_nc_ad=z-m&_nc_cid=0&_nc_zt=24&_nc_ht=scontent-iad3-1.cdninstagram.com&_nc_gid=gAuIb0aDyXjJEnDd3ymkXg&oh=00_AfrrtZcPS10OZIYei9_kWcj516kKfYso9noerQe9FjqCIg&oe=6965D107,PDI-P Kami rakyat bersama mu... Kita lawan bersama-sama 🔥🔥🔥🔥🔥,2025-12-30T15:09:28.000Z,5,0,https://www.instagram.com/p/DS1vU5RAGa7/c/17930003367153955
https://www.instagram.com/korankaltara/reel/DS3mFSJkjEY/?hl=ar,arad_6496,arad_6496,Arad,False,https://scontent-den2-1.cdninstagram.com/v/t51.82787-19/541531029_17907373167232921_2516422364491789670_n.jpg?stp=dst-jpg_e0_s150x150_tt6&_nc_cat=106&ig_cache_key=GJUbRyCZR344qZ4-AGa1YdTOIOwibmNDAQAB1501500j-ccb7-5&ccb=7-5&_nc_sid=669407&efg=eyJ2ZW5jb2RlX3RhZyI6InByb2ZpbGVfcGljLnd3dy4xMDgwLkMzIn0%3D&_nc_ohc=Cq1s57QfG8sQ7kNvwE59gZ0&_nc_oc=AdkQOpUiUtBzgHo5KQ3XDjzzOecyc9FIwsJxgxIYt2YK937isA69q8BYY2UnVzXCzI8&_nc_ad=z-m&_nc_cid=0&_nc_zt=24&_nc_ht=scontent-den2-1.cdninstagram.com&_nc_gid=LKoLvAQFHfKgCxfl4wJOcA&oh=00_Afr2LJrrY4VP_WTSAFuJvlPJZQaYhLcaeNnLerD6OGg-mA&oe=6965F5F5,Berita baik kaum 58,2025-12-30T14:04:52.000Z,0,0,https://www.instagram.com/p/DS3mFSJkjEY/c/18105541771735129
https://www.instagram.com/p/DS4MrqKkmXG/,tegarsapta20,tegarsapta20,GENDONG,False,https://scontent-yyz1-1.cdninstagram.com/v/t51.82787-19/587867226_18089342621496964_7813217243843188427_n.jpg?stp=dst-jpg_e0_s150x150_tt6&_nc_cat=108&ig_cache_key=GFokCiOEtixJKURAAMvWOuSvH25sbmNDAQAB1501500j-ccb7-5&ccb=7-5&_nc_sid=669407&efg=eyJ2ZW5jb2RlX3RhZyI6InByb2ZpbGVfcGljLnd3dy4xMDgwLkMzIn0%3D&_nc_ohc=9APfGx-s290Q7kNvwE_mIXo&_nc_oc=AdkBLPKMCCovZe-aqZD5WVSbXEsN5U6O5MaFTCgoW9ncsPEGGvfBe7IxHH-72NVTqtY&_nc_ad=z-m&_nc_cid=0&_nc_zt=24&_nc_ht=scontent-yyz1-1.cdninstagram.com&_nc_gid=WwP_9ZYWw9aHM4mTf8l33Q&oh=00_AfpQlormWonijSwUAzEEURZ9NW3DXC8SWLOubcwDx8klWA&oe=6965C99E,Oh ini yang katanya menampung aspirasi itu??,2025-12-30T13:56:16.000Z,6,1,https://www.instagram.com/p/DS4MrqKkmXG/c/17935268538130117
https://www.instagram.com/p/DS4jThfiQA-/,fajrulfalah.aa,fajrulfalah.aa,Fajrul Falah,False,https://scontent-gru1-2.cdninstagram.com/v/t51.82787-19/583810264_18064929344615826_3844832894505933793_n.jpg?stp=dst-jpg_e0_s150x150_tt6&_nc_cat=103&ig_cache_key=GNg8zCKSdXog9S1AAOFbw5Ell1s1bmNDAQAB1501500j-ccb7-5&ccb=7-5&_nc_sid=669407&efg=eyJ2ZW5jb2RlX3RhZyI6InByb2ZpbGVfcGljLnd3dy4xMDgwLkMzIn0%3D&_nc_ohc=DVzljJEIr9kQ7kNvwGpCkh_&_nc_oc=AdnRSABvtGzV35Jv0EBd8H3GQvBfhpMRD-jsCU6s_Z8mruwWmhPdwMn3DfjXOfj7ejg&_nc_ad=z-m&_nc_cid=0&_nc_zt=24&_nc_ht=scontent-gru1-2.cdninstagram.com&_nc_gid=yF490NocWEPosCxltNZn5g&oh=00_AfpQWHhusXrsBkY6u9vqfwhPzzWBpt-Ctvkg1jYUJi0Dhw&oe=6965E75C,"Mau langsung/ tidak, sama aja. Tinggal memperbaiki good governmentnya.",2025-12-30T13:48:53.000Z,2,0,https://www.instagram.com/p/DS4jThfiQA-/c/17845002339639259
https://www.instagram.com/p/DS31OUcEs13/,rofiksl3,rofiksl3,JB007 SL3,False,https://scontent-dfw5-2.cdninstagram.com/v/t51.2885-19/482679369_1017446590226758_1694745665873977921_n.jpg?stp=dst-jpg_e0_s150x150_tt6&_nc_cat=104&ig_cache_key=GEkaxRxGoZa_XJ0DAEEiDTc08oQXbkULAAAB1501500j-ccb7-5&ccb=7-5&_nc_sid=669407&efg=eyJ2ZW5jb2RlX3RhZyI6InByb2ZpbGVfcGljLnd3dy43MjAuQzMifQ%3D%3D&_nc_ohc=SRJKxHo9hPAQ7kNvwE6QOG6&_nc_oc=AdnC7t_sOe1ebxrEkohO7FQIR4KPJfV29_MLTxuOpsqn9yjt5ifAJn2iix9FxiyAlso&_nc_ad=z-m&_nc_cid=0&_nc_zt=24&_nc_ht=scontent-dfw5-2.cdninstagram.com&oh=00_AfqOnUQS6vxMmsOhfcu53A8IyDoxI9RVJoDrmkqmg_R9MA&oe=6965C9F5,Ujung2nya a ikut juga paling... hahahhahaaha,2025-12-30T13:44:44.000Z,0,0,https://www.instagram.com/p/DS31OUcEs13/c/18103201759748542
https://www.instagram.com/p/DS1vU5RAGa7/,moekacino,moekacino,,False,https://scontent-iad3-1.cdninstagram.com/v/t51.82787-19/561351047_18512669611064306_1746916254189835725_n.jpg?stp=dst-jpg_e0_s150x150_tt6&_nc_cat=104&ig_cache_key=GIeJdSHy_wLILMVBAM1VV98TSz4YbmNDAQAB1501500j-ccb7-5&ccb=7-5&_nc_sid=669407&efg=eyJ2ZW5jb2RlX3RhZyI6InByb2ZpbGVfcGljLnd3dy4xMDgwLkMzIn0%3D&_nc_ohc=swtWQzshHo0Q7kNvwH1l0SL&_nc_oc=AdmPoDRPk6Mdb-l5ikMQriUqUEYerOzatMo-rviaFrRmwKvne9godhVMkHhqRI2WfRM&_nc_ad=z-m&_nc_cid=0&_nc_zt=24&_nc_ht=scontent-iad3-1.cdninstagram.com&_nc_gid=gAuIb0aDyXjJEnDd3ymkXg&oh=00_AfoiRJ_0gH1Vgo_ow91wDin_PZWZoJGoKkIySrcwGdof6A&oe=6965EDD3,PDIP teriak Demokrasi? Pdhl ketumnya aja enggak ganti2 😂😂,2025-12-30T13:31:52.000Z,1,1,https://www.instagram.com/p/DS1vU5RAGa7/c/18076333661351741
https://www.instagram.com/p/DS4MrqKkmXG/,dodi_satriawan_jaya,dodi_satriawan_jaya,Dodi Satriawan Jaya,False,https://scontent-yyz1-1.cdninstagram.com/v/t51.2885-19/462258971_26965434249768950_2260645921772956003_n.jpg?stp=dst-jpg_e0_s150x150_tt6&_nc_cat=108&ig_cache_key=GBuDjRv276tp68xfAGNpNgp9bV8fbkULAAAB1501500j-ccb7-5&ccb=7-5&_nc_sid=669407&efg=eyJ2ZW5jb2RlX3RhZyI6InByb2ZpbGVfcGljLnd3dy4xMDc4LkMzIn0%3D&_nc_ohc=Sf07rVMnp-oQ7kNvwHQ19g6&_nc_oc=AdmU6kSfF6tPu77PylOYUTjIWEr70couufZA0GNkq_LL-Od4ns5_T_0Muf1jUF2qRso&_nc_ad=z-m&_nc_cid=0&_nc_zt=24&_nc_ht=scontent-yyz1-1.cdninstagram.com&oh=00_AfrDj-3zRW3XXFKNrHAnkcadJEp2AvldPtBqmztTsBGbKw&oe=6965C6B2,Ciri2 demokrasi hancur,2025-12-30T13:22:23.000Z,1,1,https://www.instagram.com/p/DS4MrqKkmXG/c/18339369559236075
https://www.instagram.com/p/DS4jThfiQA-/,si.acooo,si.acooo,Fandi Achmad Maulana,False,https://scontent-gru1-2.cdninstagram.com/v/t51.75761-19/503614499_18181244431322921_7869087734194888904_n.jpg?stp=dst-jpg_e0_s150x150_tt6&_nc_cat=108&ig_cache_key=GCOMBB4pT_fXvpdAAMjgER_anTRtbvEnAQAB1501500j-ccb7-5&ccb=7-5&_nc_sid=669407&efg=eyJ2ZW5jb2RlX3RhZyI6InByb2ZpbGVfcGljLnd3dy4xMDgwLkMzIn0%3D&_nc_ohc=tB4jBg2MkBEQ7kNvwG_6M3s&_nc_oc=AdkSRZs5DjAR1AWMARYCwVwjglMqRJPx2k1u0P9GptlSyANOJRUXbYCZuJNYpq3so58&_nc_ad=z-m&_nc_cid=0&_nc_zt=24&_nc_ht=scontent-gru1-2.cdninstagram.com&_nc_gid=yF490NocWEPosCxltNZn5g&oh=00_AfrUO2n35sxa5_TtMPXheY8b7e6wNWlTAq-uvi0HsEPq1A&oe=6965D9CC,PRO,2025-12-30T13:15:36.000Z,2,0,https://www.instagram.com/p/DS4jThfiQA-/c/17929122138167551
https://www.instagram.com/reel/DS2dJUxCevK/,alianwar0404,alianwar0404,Ali Anwar,False,https://scontent-sjc6-1.cdninstagram.com/v/t51.2885-19/287089780_123070947075968_5958379557587375113_n.jpg?stp=dst-jpg_e0_s150x150_tt6&_nc_cat=111&ig_cache_key=GHSkHBGAJxWw7m8AAAnU8YajarBSbkULAAAB1501500j-ccb7-5&ccb=7-5&_nc_sid=669407&efg=eyJ2ZW5jb2RlX3RhZyI6InByb2ZpbGVfcGljLnd3dy42MTIuQzMifQ%3D%3D&_nc_ohc=PVP5mJ0ekQkQ7kNvwGe45N7&_nc_oc=AdkGaDa-sz--g1lSlsj5MzdTnqU7aTGeDNa8RJVBgiUVl8QhrxXoNVKs883SBSQP3fE&_nc_ad=z-m&_nc_cid=0&_nc_zt=24&_nc_ht=scontent-sjc6-1.cdninstagram.com&oh=00_AfruGGjRENvrWKi1_WWMvDaYjzMJEw_oF0J3Y9feHqL65Q&oe=6965CF72,DPR ngak ada gunanya lebih baik di bubarkan saja😂😂,2025-12-30T13:10:32.000Z,1,0,https://www.instagram.com/p/DS2dJUxCevK/c/17891343462265061
https://www.instagram.com/p/DS2PmYKk4nc/,yopiedian_,yopiedian_,Yopie Yudiansyah,False,https://scontent-lax3-1.cdninstagram.com/v/t51.2885-19/336945488_128998413460373_6673874416798594994_n.jpg?stp=dst-jpg_e0_s150x150_tt6&_nc_cat=109&ig_cache_key=GFBhFRSVY5zIUnUAALL32CBsXZ5cbkULAAAB1501500j-ccb7-5&ccb=7-5&_nc_sid=669407&efg=eyJ2ZW5jb2RlX3RhZyI6InByb2ZpbGVfcGljLnd3dy4xMDgwLkMzIn0%3D&_nc_ohc=FDMYRp2CpCkQ7kNvwEbyulK&_nc_oc=AdnX16bCcmOaxUDdNC3mpRlwq9Vfshp_j3ZfaZhVO614-HC3JZ06zAFDsPhAPwrdZ0E&_nc_ad=z-m&_nc_cid=0&_nc_zt=24&_nc_ht=scontent-lax3-1.cdninstagram.com&oh=00_AfoRZvrWqxvOeOO2KT42viiGRyyqulJ6kG-YbakiDpIr8g&oe=6965D38E,"Balik ke sistem awal aja. Kerajaan, masing2 daerah dipimpin oleh rajanya masing2🤣",2025-12-30T12:32:49.000Z,0,0,https://www.instagram.com/p/DS2Sdozk0Cz/c/18089863027996417
https://www.instagram.com/p/DS4jThfiQA-/,beny_ma07,beny_ma07,Beny Miftahul Arifin,False,https://scontent-gru1-2.cdninstagram.com/v/t51.82787-19/584296028_18545117443014663_2770449308964555432_n.jpg?stp=dst-jpg_e0_s150x150_tt6&_nc_cat=110&ig_cache_key=GFym0yIHQIKhr_JBAKgKD9H3nHImbmNDAQAB1501500j-ccb7-5&ccb=7-5&_nc_sid=669407&efg=eyJ2ZW5jb2RlX3RhZyI6InByb2ZpbGVfcGljLnd3dy43MjAuQzMifQ%3D%3D&_nc_ohc=zf_NvOVIpUEQ7kNvwEwhGHl&_nc_oc=Adk4cCkL7nSrZtb3n8VlCswg2TZvvWwfxkREQzqjfcP4Iv65GfRRDShbdIyQfOmNsBw&_nc_ad=z-m&_nc_cid=0&_nc_zt=24&_nc_ht=scontent-gru1-2.cdninstagram.com&_nc_gid=yF490NocWEPosCxltNZn5g&oh=00_AfoVTVvKCXTx4gURRWguGZTegSHgYkFIB-YlSG_R0AquZA&oe=6965EF2B,"Ini paradok sekali. Bilang mengurangi biaya politik atau politik uang, tapi mereka yang melakukan politik uang. 😅🙏 bagaimana jika larangan politik uang ditindak lebih tegas. 🙌",2025-12-30T12:21:37.000Z,1,0,https://www.instagram.com/p/DS4jThfiQA-/c/18012743369806996
https://www.instagram.com/p/DS4jThfiQA-/,mudriko_,mudriko_,Zhafran Mudriko,False,https://scontent-gru2-2.cdninstagram.com/v/t51.82787-19/611291016_18333679900208893_6678809990235216256_n.jpg?stp=dst-jpg_e0_s150x150_tt6&_nc_cat=105&ig_cache_key=GIiPbyT9ruB9YiJBAIDZTN5M5q9cbmNDAQAB1501500j-ccb7-5&ccb=7-5&_nc_sid=669407&efg=eyJ2ZW5jb2RlX3RhZyI6InByb2ZpbGVfcGljLnd3dy4xMDgwLkMzIn0%3D&_nc_ohc=xohDJZxXKDYQ7kNvwHFmSOT&_nc_oc=AdkxsMzN63l7chREfRjnTXpbX-Q9P0vibNyap1S1x9HBwyXnbVA7LHtMHk5KTZHTkKE&_nc_ad=z-m&_nc_cid=0&_nc_zt=24&_nc_ht=scontent-gru2-2.cdninstagram.com&_nc_gid=yF490NocWEPosCxltNZn5g&oh=00_AfqAejSD9JFKDKKZLo9TR3FjUGUILxfW8bHXs2B7e69hzQ&oe=6965CDF1,Inimah nanti kuat2an lobbying dan hanya memperbesar kekuatan parpol di daerah,2025-12-30T11:42:25.000Z,15,0,https://www.instagram.com/p/DS4jThfiQA-/c/18438638635111649
https://www.instagram.com/p/DS4jThfiQA-/,peterpumkinseater69,peterpumkinseater69,Konsi B,False,https://scontent-gru1-2.cdninstagram.com/v/t51.82787-19/587806047_18087547001299026_2089813677703749785_n.jpg?stp=dst-jpg_e0_s150x150_tt6&_nc_cat=110&ig_cache_key=GF81CSNS4N41h0JAAJngSLJ3ggAdbmNDAQAB1501500j-ccb7-5&ccb=7-5&_nc_sid=669407&efg=eyJ2ZW5jb2RlX3RhZyI6InByb2ZpbGVfcGljLnd3dy4xMDgwLkMzIn0%3D&_nc_ohc=267I7rFyoHYQ7kNvwGF4y7e&_nc_oc=AdlsTbKhzyQNaoi27Gr8kYqD_RrbsipMmZ_Z7qAE5bidBkkULPYfOrMcOZSByq9PV-o&_nc_ad=z-m&_nc_cid=0&_nc_zt=24&_nc_ht=scontent-gru1-2.cdninstagram.com&_nc_gid=yF490NocWEPosCxltNZn5g&oh=00_AfphkFAERHm67vhreAWZhqh2YeStD_OcIPZ62sIjfcknkg&oe=6965F1B4,"Ambil jalan tengah aja lah, wakil itu bener2 ga ada fungsinya kebanyakan dan menghindari show off untuk maju di pemilihan berikutnya, skrg jarang liat pemimpin daerah baru Krn yg terpilih pasti yg dekat dg petahana",2025-12-30T11:38:31.000Z,2,0,https://www.instagram.com/p/DS4jThfiQA-/c/18104485879706917
https://www.instagram.com/p/DS4jThfiQA-/,martinusyordan,martinusyordan,Martinus Yordan,False,https://scontent-gru2-2.cdninstagram.com/v/t51.82787-19/581414416_18378329902196661_7629731704944588614_n.jpg?stp=dst-jpg_e0_s150x150_tt6&_nc_cat=106&ig_cache_key=GBCupyK1p2Jh-kpBAEb3wcSPQOJpbmNDAQAB1501500j-ccb7-5&ccb=7-5&_nc_sid=669407&efg=eyJ2ZW5jb2RlX3RhZyI6InByb2ZpbGVfcGljLnd3dy4xMDgwLkMzIn0%3D&_nc_ohc=5iWT-R7SbvMQ7kNvwHoSCJ5&_nc_oc=Adk6hIrDEnVAKx61GL-jDBw0zykJnABkMYTWcbT6-P_GuSo0DsnoWs12YFuX6kEnglU&_nc_ad=z-m&_nc_cid=0&_nc_zt=24&_nc_ht=scontent-gru2-2.cdninstagram.com&_nc_gid=yF490NocWEPosCxltNZn5g&oh=00_AfowHc_hOiHzrT8_R6oJPLWkrpeyqVggZZ42nr1jrJcuMA&oe=6965C825,"Kembali ke jaman orba,terus apa fungsi reformasi 98 kalau begitu",2025-12-30T11:33:24.000Z,6,4,https://www.instagram.com/p/DS4jThfiQA-/c/17996776361892842
https://www.instagram.com/p/DS4jThfiQA-/,pengedarsepeda,pengedarsepeda,Pengedar Sepeda,False,https://scontent-gru2-2.cdninstagram.com/v/t51.2885-19/79383238_564778387425255_5261707830955606016_n.jpg?stp=dst-jpg_e0_s150x150_tt6&_nc_cat=106&ig_cache_key=GMZKuwTnxyi3qQECAAAAAABlVwVJbkULAAAB1501500j-ccb7-5&ccb=7-5&_nc_sid=669407&efg=eyJ2ZW5jb2RlX3RhZyI6InByb2ZpbGVfcGljLnd3dy44NDAuQzMifQ%3D%3D&_nc_ohc=y5UZ0MREfuwQ7kNvwEhDrvX&_nc_oc=AdnVvxtud4BJlr6Md8Ae8OZP-UEhHgqtsZPhPXTrOVtgT1Ba9-IOMJn0QF8AYnr09RU&_nc_ad=z-m&_nc_cid=0&_nc_zt=24&_nc_ht=scontent-gru2-2.cdninstagram.com&oh=00_AfrBrEPlDutc2Z4PRfk1lfjzou8f1Y4rLltBN48vzAtUUA&oe=6965E50A,Kepala daerah harus eselon level atas dan pernah sekolah ilmu pemerintahan sejenis IPDN,2025-12-30T11:30:05.000Z,10,2,https://www.instagram.com/p/DS4jThfiQA-/c/18340272646225124
https://www.instagram.com/p/DS4jThfiQA-/,ramdlontuakia,ramdlontuakia,Ramdlon Mahuraden Tuakia,False,https://scontent-gru1-2.cdninstagram.com/v/t51.2885-19/369656753_682906133270339_6352012545893684622_n.jpg?stp=dst-jpg_e0_s150x150_tt6&_nc_cat=100&ig_cache_key=GLGDCBZDD315GW0CAI5V0Y7B4SZYbkULAAAB1501500j-ccb7-5&ccb=7-5&_nc_sid=669407&efg=eyJ2ZW5jb2RlX3RhZyI6InByb2ZpbGVfcGljLnd3dy4xMDgwLkMzIn0%3D&_nc_ohc=RhrnN8JzHHcQ7kNvwFWpA1A&_nc_oc=AdlLWnSw0ZV2d5Mxs7tAaZydBWHJGylEpU25530TMO_lTjwtYbpIgueHHGjtFmkEyOg&_nc_ad=z-m&_nc_cid=0&_nc_zt=24&_nc_ht=scontent-gru1-2.cdninstagram.com&oh=00_AfqLaaROrV6uFSe40ngzR2jLauL_6Di2kPWh6Wu8gQVi7A&oe=6965EE65,Opsi paling enak kepala daerah harus orang non partai begitu juga yg milih,2025-12-30T11:14:11.000Z,3,0,https://www.instagram.com/p/DS4jThfiQA-/c/18078433832204005
https://www.instagram.com/p/DS4WqXuE3kG/,benisaputra431,benisaputra431,beni saputra,False,https://scontent-arn2-1.cdninstagram.com/v/t51.2885-19/403910510_1291715194824707_489841590951024918_n.jpg?stp=dst-jpg_e0_s150x150_tt6&_nc_cat=102&ig_cache_key=GG4vExgDqFbhzpYEABYZ2ehURMwGbkULAAAB1501500j-ccb7-5&ccb=7-5&_nc_sid=669407&efg=eyJ2ZW5jb2RlX3RhZyI6InByb2ZpbGVfcGljLnd3dy42MTIuQzMifQ%3D%3D&_nc_ohc=0yTGMzO2BqsQ7kNvwGjHenq&_nc_oc=AdmwK5k3rW079zaH2mQYn6C_urGTPo9EaGa6W-mKGVs4Z0-jA6I4dbPqpZ9nA-Wj7So&_nc_ad=z-m&_nc_cid=0&_nc_zt=24&_nc_ht=scontent-arn2-1.cdninstagram.com&oh=00_AfqXi-Kb1MjFPjPIhk4Xwk1c1Nr9EWh7S0lvxEpwrnYuaQ&oe=6965CD46,MBG mahal tetep bejalan,2025-12-30T11:04:12.000Z,12,2,https://www.instagram.com/p/DS4WqXuE3kG/c/17904421797319378
https://www.instagram.com/p/DS34si7lGHD/,badiita1,badiita1,Badiita,False,https://scontent-otp1-1.cdninstagram.com/v/t51.2885-19/451641549_1117371199362735_2293774630293644883_n.jpg?stp=dst-jpg_e0_s150x150_tt6&_nc_cat=102&ig_cache_key=GM2A6xqvlmtBPvgDAFOmdJHfH9UfbkULAAAB1501500j-ccb7-5&ccb=7-5&_nc_sid=669407&efg=eyJ2ZW5jb2RlX3RhZyI6InByb2ZpbGVfcGljLnd3dy41MTQuQzMifQ%3D%3D&_nc_ohc=VokNoR5Z-OUQ7kNvwFc541g&_nc_oc=Adm3z0USwfOhlVnZkPw8idQIEZuUJ2JbFjwh1ziLITBumRwCNkiiBN5KDPiHRqqLF9Q&_nc_ad=z-m&_nc_cid=0&_nc_zt=24&_nc_ht=scontent-otp1-1.cdninstagram.com&oh=00_Afp6D-pKucukf1jB8XXCgU4pqDueh7iKCbxelBn54sYAOA&oe=6965F01C,Kalau tau begini mending golput aza pemilu kemarin ngapain aku pilih Prabowo ..nyesel nyesel...,2025-12-30T10:40:45.000Z,1,3,https://www.instagram.com/p/DS34si7lGHD/c/18059387009646040
https://www.instagram.com/p/DS4jThfiQA-/,anthoniewd2025,anthoniewd2025,Anthonie Dumais,False,https://scontent-gru1-2.cdninstagram.com/v/t51.82787-19/576074653_18545930728048144_348253510824073482_n.jpg?stp=dst-jpg_e0_s150x150_tt6&_nc_cat=110&ig_cache_key=GJ0zViIQBhP9bONBAAqZcxS5PtUEbmNDAQAB1501500j-ccb7-5&ccb=7-5&_nc_sid=669407&efg=eyJ2ZW5jb2RlX3RhZyI6InByb2ZpbGVfcGljLnd3dy42NzMuQzMifQ%3D%3D&_nc_ohc=XLR3mfwspQEQ7kNvwFGf9X3&_nc_oc=Adnj5iHUd_xdBHmvCD24iv5ySHfpcYsmgDA2D9CqFSSMHqLMBFxkEoU2LyBl4ax0qSw&_nc_ad=z-m&_nc_cid=0&_nc_zt=24&_nc_ht=scontent-gru1-2.cdninstagram.com&_nc_gid=yF490NocWEPosCxltNZn5g&oh=00_Afrbco3YSjKWVkg1SiAtrQJ90t4FrhEL-jhSL3XbBOvDLA&oe=6965DAE4,"Setuju Saja yg penting Jangan Lagi bermain Uang, Supaya kedepan saat Menjabat cuma mau mengabdi dg Tulus",2025-12-30T10:34:21.000Z,6,1,https://www.instagram.com/p/DS4jThfiQA-/c/18099171988660837
https://www.instagram.com/p/DS4jThfiQA-/,bahrululum2012,bahrululum2012,Bahrul Ulum,False,https://scontent-gru1-2.cdninstagram.com/v/t51.89012-19/573323465_1219825463302212_7278921664109726296_n.png?stp=dst-webp_s150x150&_nc_cat=1&ig_cache_key=YW5vbnltb3VzX3Byb2ZpbGVfcGlj.3-ccb7-5&ccb=7-5&_nc_sid=669407&efg=eyJ2ZW5jb2RlX3RhZyI6InByb2ZpbGVfcGljLnd3dy5DMyJ9&_nc_ohc=RNOcSyqJy9IQ7kNvwG_m58Y&_nc_oc=AdlEVWuqj6a7nJS1RJyfKo__am_kUPHMZIHxpPm5Mqwf4Km7Sr35ohfiXOoug5l2BCM&_nc_ad=z-m&_nc_cid=0&_nc_zt=24&_nc_ht=scontent-gru1-2.cdninstagram.com&_nc_gid=yF490NocWEPosCxltNZn5g&oh=00_AfoIfjtfoJIg05tVioh6OAZfVvAOAv7WHuZTk3AQE8IVqg&oe=6965DD19,Sebelum Pemilihan umum Bagusnya di tes dulu kayak CPNS nggak usah di nilai cukup jawabannyanya di Publish ke Publik agar masyarakat tahu mana jawaban yang berkompetensi,2025-12-30T10:26:04.000Z,1,0,https://www.instagram.com/p/DS4jThfiQA-/c/18418751143142993
https://www.instagram.com/p/DS4jThfiQA-/,k0rupt0rtaik,k0rupt0rtaik,K0RUPT0RTAlK,False,https://scontent-gru2-1.cdninstagram.com/v/t51.82787-19/572400152_17883916143400209_3375945522244808015_n.jpg?stp=dst-jpg_e0_s150x150_tt6&_nc_cat=109&ig_cache_key=GBgiHiIRleu0U4k-AE-teOKQxNkubmNDAQAB1501500j-ccb7-5&ccb=7-5&_nc_sid=669407&efg=eyJ2ZW5jb2RlX3RhZyI6InByb2ZpbGVfcGljLnd3dy4xMDgwLkMzIn0%3D&_nc_ohc=5dJ3caXzpAsQ7kNvwHrZN6X&_nc_oc=Adn33jN2JV4sPrGTrxA_Tb3QEuAxGo4MktPc3K_UTD2pZKVTLAYB0gl5rq-13NNonVc&_nc_ad=z-m&_nc_cid=0&_nc_zt=24&_nc_ht=scontent-gru2-1.cdninstagram.com&_nc_gid=yF490NocWEPosCxltNZn5g&oh=00_Afo3bL8V4Z4qY3wAlkkwKstvKIfq5C1wPmrkBDcBZXgBZQ&oe=6965F155,th 2014-2018 pdip dukung knp skrg gk dukung?,2025-12-30T10:12:12.000Z,1,3,https://www.instagram.com/p/DS4jThfiQA-/c/18077908022211232
https://www.instagram.com/p/DS4WqXuE3kG/,fdahmad_,fdahmad_,fdahmad,False,https://scontent-arn2-1.cdninstagram.com/v/t51.82787-19/610700350_18333536290244694_7332095621313856750_n.jpg?stp=dst-jpg_e0_s150x150_tt6&_nc_cat=106&ig_cache_key=GD6MZiRWiA4OQSJBAO4EnNce1sBlbmNDAQAB1501500j-ccb7-5&ccb=7-5&_nc_sid=669407&efg=eyJ2ZW5jb2RlX3RhZyI6InByb2ZpbGVfcGljLnd3dy4xMDgwLkMzIn0%3D&_nc_ohc=dwesd-r23AAQ7kNvwH7L3xC&_nc_oc=AdlfnY02ZiNGPqXtY52nUgkgPxsmNXDOWxHAQRKGGYTax_CcpCQrPQYzPFAGHuUjDhU&_nc_ad=z-m&_nc_cid=0&_nc_zt=24&_nc_ht=scontent-arn2-1.cdninstagram.com&_nc_gid=6EYKz-Q6FYXCRzBeeR2E1w&oh=00_AfqewSiY9y2bQYf5e3mz2yKrWyThW66tzIdzHBRfTNo_mA&oe=6965CEBE,Orba is back 😨,2025-12-30T10:06:14.000Z,5,0,https://www.instagram.com/p/DS4WqXuE3kG/c/17864606019542507
https://www.instagram.com/p/DS4WqXuE3kG/,i__p__h__a__n__t,i__p__h__a__n__t,Iphant,False,https://scontent-arn2-1.cdninstagram.com/v/t51.2885-19/491518271_1713492606008227_8786620516096270698_n.jpg?stp=dst-jpg_e0_s150x150_tt6&_nc_cat=105&ig_cache_key=GD-5Sx2jOxuWaRYGAGrhE07OWPB5bkULAAAB1501500j-ccb7-5&ccb=7-5&_nc_sid=669407&efg=eyJ2ZW5jb2RlX3RhZyI6InByb2ZpbGVfcGljLnd3dy4xMDgwLkMzIn0%3D&_nc_ohc=RsYEFLnyLawQ7kNvwFm8SYe&_nc_oc=AdnILHDPHzjpml8ty3AsWmrpQRePXXB8LBymkmJq9Om6vDmqs0VGV8Sic10PjcdvqH4&_nc_ad=z-m&_nc_cid=0&_nc_zt=24&_nc_ht=scontent-arn2-1.cdninstagram.com&oh=00_AfpeeP637hkeJOVFeN8fS79hVpIUmbUHKzF-3qbvpXC6RA&oe=6965ED66,Gaji kalian yg dipangkas 80% biar hemat anggaran,2025-12-30T09:45:55.000Z,4,1,https://www.instagram.com/p/DS4WqXuE3kG/c/18090638827993677
https://www.instagram.com/p/DS4WqXuE3kG/,widi_rahman789,widi_rahman789,Widi Rahman,False,https://scontent-arn2-1.cdninstagram.com/v/t51.75761-19/491462968_18352550080198878_1097096149977286372_n.jpg?stp=dst-jpg_e0_s150x150_tt6&_nc_cat=104&ig_cache_key=GDghSx3euEAMjDNBAORG2L8iqzkPbvEnAQAB1501500j-ccb7-5&ccb=7-5&_nc_sid=669407&efg=eyJ2ZW5jb2RlX3RhZyI6InByb2ZpbGVfcGljLnd3dy4xMDgwLkMzIn0%3D&_nc_ohc=0SG5g1OMTYUQ7kNvwElujwO&_nc_oc=AdlHWHdIrOxSQfu9Sp2c0jByvKM1M7mu2rDBcqGDbKhLK6XEX_nddi4tk9tySemmnno&_nc_ad=z-m&_nc_cid=0&_nc_zt=24&_nc_ht=scontent-arn2-1.cdninstagram.com&_nc_gid=6EYKz-Q6FYXCRzBeeR2E1w&oh=00_AfpOhwPG8FUHgGUQvmq-WzPPhm3T4A15kKpqkFoQ02Fj1Q&oe=6965D9EA,Setuju... Perketat pemilihan DPR supaya mereka mampu pilih bupati walikota berkualitas... Minim biaya.. minim konflik antar tetangga... Minim money politics,2025-12-30T09:26:33.000Z,3,4,https://www.instagram.com/p/DS4WqXuE3kG/c/17955184577912951
https://www.instagram.com/p/DS4WqXuE3kG/,ziizones,ziizones,Sazili,False,https://scontent-arn2-1.cdninstagram.com/v/t51.82787-19/608802670_18544283587051140_998966494294384225_n.jpg?stp=dst-jpg_e0_s150x150_tt6&_nc_cat=110&ig_cache_key=GG6XSSSE-tF77eFBAGEe79q7Ct0NbmNDAQAB1501500j-ccb7-5&ccb=7-5&_nc_sid=669407&efg=eyJ2ZW5jb2RlX3RhZyI6InByb2ZpbGVfcGljLnd3dy4xMDgwLkMzIn0%3D&_nc_ohc=mjuZG6zJR3YQ7kNvwFniZtq&_nc_oc=AdkndToPMp2kn_n2aDkx3ar3LzLHSzrZdBQxUtekOPMjdH2bPxYAINz59TK9pToRBnc&_nc_ad=z-m&_nc_cid=0&_nc_zt=24&_nc_ht=scontent-arn2-1.cdninstagram.com&_nc_gid=6EYKz-Q6FYXCRzBeeR2E1w&oh=00_AfoDc8VrcN0-1sM8LQp8LPYdejD8hB1-42eSj9TLheW4CA&oe=6965F38D,Orde baru muncul lg 👏👏👏👏,2025-12-30T09:16:28.000Z,11,1,https://www.instagram.com/p/DS4WqXuE3kG/c/17954879085046575
https://www.instagram.com/reel/DS2dJUxCevK/,pikirandaeli,pikirandaeli,pdaeli,False,https://scontent-sjc3-1.cdninstagram.com/v/t51.2885-19/332438896_701834421732941_4979178733146710071_n.jpg?stp=dst-jpg_e0_s150x150_tt6&_nc_cat=103&ig_cache_key=GHCd0BNNBmaPUH4CADegY06tmBlFbkULAAAB1501500j-ccb7-5&ccb=7-5&_nc_sid=669407&efg=eyJ2ZW5jb2RlX3RhZyI6InByb2ZpbGVfcGljLnd3dy43MDQuQzMifQ%3D%3D&_nc_ohc=4nX4-tF0cK4Q7kNvwGwTDNT&_nc_oc=AdlUHzB0a5t8W_Ec1ftuNUJEUSZOrdm3j-EVpDUdrYHn4hw9TeICZplnrHdskzb09Bk&_nc_ad=z-m&_nc_cid=0&_nc_zt=24&_nc_ht=scontent-sjc3-1.cdninstagram.com&oh=00_AfoBEubp7rzC5pN9FRzOa_WqFTEPhdFnNYb0YhNclUQa0Q&oe=6965F964,"Ya gak heran kalau adalah isinya adalah politisi orba dan orba itu dulu penjajah rakyat selama 32 thn. PAN dan PKB itu lahir karena reformasi, tapi dan lupa tujuan hidupnya!",2025-12-30T09:16:27.000Z,2,0,https://www.instagram.com/p/DS2dJUxCevK/c/18090107311973309
https://www.instagram.com/p/DS4WqXuE3kG/,rizki_gk_pakek_bilar,rizki_gk_pakek_bilar,Azkia Azkia,False,https://scontent-arn2-1.cdninstagram.com/v/t51.2885-19/364261482_804198604590723_5442982592677856857_n.jpg?stp=dst-jpg_e0_s150x150_tt6&_nc_cat=109&ig_cache_key=GGowthWDzicUatsCAFnGMnPUW4lLbkULAAAB1501500j-ccb7-5&ccb=7-5&_nc_sid=669407&efg=eyJ2ZW5jb2RlX3RhZyI6InByb2ZpbGVfcGljLnd3dy4xMDgwLkMzIn0%3D&_nc_ohc=T-OA-o4pGdoQ7kNvwG192wL&_nc_oc=AdlUZeoQcovq-QvU1QAJ9NX_F9g-2-GKD43-d-XmP5unCjnx88aWlSpiN6kQcsKFa40&_nc_ad=z-m&_nc_cid=0&_nc_zt=24&_nc_ht=scontent-arn2-1.cdninstagram.com&oh=00_AfrCEGtTiMCI1HK7ILMneNxfsXOpC4hbrImaQX82-udUPQ&oe=6965FB58,Negara demokrasi tp isinya begini 😂,2025-12-30T08:57:26.000Z,3,0,https://www.instagram.com/p/DS4WqXuE3kG/c/18030364529573383
https://www.instagram.com/p/DS4WqXuE3kG/,rahmatkomi_guitar,rahmatkomi_guitar,Rahmatkomi Guitars,False,https://scontent-arn2-1.cdninstagram.com/v/t51.2885-19/485669088_1752493865300937_7571153668129061175_n.jpg?stp=dst-jpg_e0_s150x150_tt6&_nc_cat=104&ig_cache_key=GOC48hzJ809G4jkGADd5usAlJBJpbkULAAAB1501500j-ccb7-5&ccb=7-5&_nc_sid=669407&efg=eyJ2ZW5jb2RlX3RhZyI6InByb2ZpbGVfcGljLnd3dy42NDAuQzMifQ%3D%3D&_nc_ohc=ta79aShkQYAQ7kNvwEbZOe_&_nc_oc=AdnQMDhtmgx6XHBVnYXkon07nmCuXkJ0u-ueV7PG1HJbY0O6ci38b287pqkSYhwcxXc&_nc_ad=z-m&_nc_cid=0&_nc_zt=24&_nc_ht=scontent-arn2-1.cdninstagram.com&oh=00_Afoei7lNARUHw-_-PdT7f-1rQffWcDDtiUTEz0zymvV7Ow&oe=6965DB6C,GITAR 🎸NYO KAK YUK ORDERLAH 🙌,2025-12-30T08:53:19.000Z,0,1,https://www.instagram.com/p/DS4WqXuE3kG/c/18107279041673873
https://www.instagram.com/p/DS4WqXuE3kG/,armus914,armus914,AR,False,https://scontent-arn2-1.cdninstagram.com/v/t51.89012-19/573323465_1219825463302212_7278921664109726296_n.png?stp=dst-webp_s150x150&_nc_cat=1&ig_cache_key=YW5vbnltb3VzX3Byb2ZpbGVfcGlj.3-ccb7-5&ccb=7-5&_nc_sid=669407&efg=eyJ2ZW5jb2RlX3RhZyI6InByb2ZpbGVfcGljLnd3dy5DMyJ9&_nc_ohc=RNOcSyqJy9IQ7kNvwHvwmKy&_nc_oc=Adk4VeKnxA6JyxPOQP5PLAm23fngFe4nO9qUWMdzAOm82BpoPvquEtpFuBCcqoJVF0g&_nc_ad=z-m&_nc_cid=0&_nc_zt=24&_nc_ht=scontent-arn2-1.cdninstagram.com&_nc_gid=6EYKz-Q6FYXCRzBeeR2E1w&oh=00_Afo09lZbd_axQaHAMUqJtwXLCtmIin2k2RsDBJQlHAFncA&oe=6965DD19,Kembali kezaman purba 😁😁😁,2025-12-30T08:52:05.000Z,7,0,https://www.instagram.com/p/DS4WqXuE3kG/c/18085931306112984
https://www.instagram.com/korankaltara/reel/DS3mFSJkjEY/?hl=ar,abyma_1773,abyma_1773,Abyma Rasidin,False,https://scontent-den2-1.cdninstagram.com/v/t51.82787-19/579692393_17926104516153547_1461880377977021225_n.jpg?stp=dst-jpg_e0_s150x150_tt6&_nc_cat=104&ig_cache_key=GGlnjSLLUORzsq8-ACkjb1l1pEkUbmNDAQAB1501500j-ccb7-5&ccb=7-5&_nc_sid=669407&efg=eyJ2ZW5jb2RlX3RhZyI6InByb2ZpbGVfcGljLnd3dy43MjAuQzMifQ%3D%3D&_nc_ohc=t4fMxvJMk1cQ7kNvwEJLVyw&_nc_oc=AdmOzXncRn6j4NRAJWRGxMk9z_Mrej-SlVNcVvnlajXMarOiewWJh2PjwOS626xcyIo&_nc_ad=z-m&_nc_cid=0&_nc_zt=24&_nc_ht=scontent-den2-1.cdninstagram.com&_nc_gid=LKoLvAQFHfKgCxfl4wJOcA&oh=00_AfrxUsuTeihDi8LORnTdIrQ_GKhH-XARaaSr4Yym5F3JLA&oe=6965C9EB,Taaaaaaaaeeeeeekkkk....!!!!,2025-12-30T08:49:34.000Z,0,0,https://www.instagram.com/p/DS3mFSJkjEY/c/18070700045621065
https://www.instagram.com/p/DS1vU5RAGa7/,viaviovioletta,viaviovioletta,Grevia Violetta Mangasih,False,https://scontent-iad3-1.cdninstagram.com/v/t51.82787-19/606977930_18545281129015321_4100725259925862366_n.jpg?stp=dst-jpg_e0_s150x150_tt6&_nc_cat=104&ig_cache_key=GIq-LSQZaPS91eJBAN43Wrfls_g4bmNDAQAB1501500j-ccb7-5&ccb=7-5&_nc_sid=669407&efg=eyJ2ZW5jb2RlX3RhZyI6InByb2ZpbGVfcGljLnd3dy4xMDgwLkMzIn0%3D&_nc_ohc=Jzg_Bc13HxUQ7kNvwH7KQmr&_nc_oc=AdkXi5LTvvX8toz_3IlgOwmfDaQU8KuqAhyV8iKHtz9KpK6sRnJcjj4W998w0iho_3Y&_nc_ad=z-m&_nc_cid=0&_nc_zt=24&_nc_ht=scontent-iad3-1.cdninstagram.com&_nc_gid=gAuIb0aDyXjJEnDd3ymkXg&oh=00_Afq1xMzCfpemsTcLRMHhRCgLMvZMoEKKPNfZjARc4cfiYQ&oe=6965C63B,PDIP dr dulu memang kerenn🔥,2025-12-30T08:47:28.000Z,51,6,https://www.instagram.com/p/DS1vU5RAGa7/c/18069431129527194
https://www.instagram.com/p/DS1vU5RAGa7/,kusnaini_wahyudi,kusnaini_wahyudi,wahyudi kusnaini355,False,https://scontent-iad3-2.cdninstagram.com/v/t51.2885-19/469829924_477016684954522_6356560562829884991_n.jpg?stp=dst-jpg_e0_s150x150_tt6&_nc_cat=111&ig_cache_key=GCQJARyaAw8a2LEBAD9_u0QnCjdYbkULAAAB1501500j-ccb7-5&ccb=7-5&_nc_sid=669407&efg=eyJ2ZW5jb2RlX3RhZyI6InByb2ZpbGVfcGljLnd3dy4xMDgwLkMzIn0%3D&_nc_ohc=bYGqAu5fZfYQ7kNvwEJQsRC&_nc_oc=AdnhAjcFzO_6Yoso6dEKAZQbXVW6SkbQn3LCZbwH-o6Ydx7eZ8xb5t1IuZYSG4aBhEo&_nc_ad=z-m&_nc_cid=0&_nc_zt=24&_nc_ht=scontent-iad3-2.cdninstagram.com&oh=00_AfrCWxMUnLQmBFGOFM9NHuJylMZzxaK2aqtEfDu76YIjdA&oe=6965EEF8,PDIP KLO jadi oposisi JOSSS parah🔥🔥🔥,2025-12-30T08:37:03.000Z,6,0,https://www.instagram.com/p/DS1vU5RAGa7/c/17871462429480460
https://www.instagram.com/p/DS4WqXuE3kG/,abubakarsyukri,abubakarsyukri,abubakar syukri,False,https://scontent-arn2-1.cdninstagram.com/v/t51.2885-19/461802709_551569160570553_6540466278611680880_n.jpg?stp=dst-jpg_e0_s150x150_tt6&_nc_cat=108&ig_cache_key=GNWMhhu5huIzpvUBAHD_EXJtZ8RabkULAAAB1501500j-ccb7-5&ccb=7-5&_nc_sid=669407&efg=eyJ2ZW5jb2RlX3RhZyI6InByb2ZpbGVfcGljLnd3dy40OTIuQzMifQ%3D%3D&_nc_ohc=fplNXTUcSDYQ7kNvwE0NAyW&_nc_oc=AdmEefXTiUoVLy7le9x3VL7jqq898-z1y3O5Y1P4xNL5k-l3CZu9stGTQNuMBPtxZs8&_nc_ad=z-m&_nc_cid=0&_nc_zt=24&_nc_ht=scontent-arn2-1.cdninstagram.com&oh=00_AfpbkofmUtUESummUe5L7A8VU4ONbdkP0EIdE_-VjbnRMA&oe=6965C5B1,Model cak ini cepet giliran UU perampasan aset diliriknya lg idak😂😂😂😂politikus Cakitula kalu Dio berkuasa kalu pacak nak menang tula,2025-12-30T08:36:25.000Z,11,0,https://www.instagram.com/p/DS4WqXuE3kG/c/18392307904180825
https://www.instagram.com/p/DS4WqXuE3kG/,yydd03,yydd03,yydd,False,https://scontent-arn2-1.cdninstagram.com/v/t51.2885-19/117766311_201519811316314_3528003369898201111_n.jpg?stp=dst-jpg_e0_s150x150_tt6&_nc_cat=104&ig_cache_key=GKf4BAdaysT8R7cAABfQKW1f-PUwbkULAAAB1501500j-ccb7-5&ccb=7-5&_nc_sid=669407&efg=eyJ2ZW5jb2RlX3RhZyI6InByb2ZpbGVfcGljLnd3dy4xMDgwLkMzIn0%3D&_nc_ohc=Sio-QedgM0MQ7kNvwGpga9e&_nc_oc=Adlciobe0OZ9u8zLUMyUPFp2SMnQRsaXBX8YHwWkHS4Tq3q6behdKjlWELG4er4hcaM&_nc_ad=z-m&_nc_cid=0&_nc_zt=24&_nc_ht=scontent-arn2-1.cdninstagram.com&oh=00_AfrzjpwU_t-Sf-YQm3IW29Qz7r-afUCvRzM677c12LSlBw&oe=6965F7A4,ngelobi anggota dewan emng gak pake uang,2025-12-30T08:24:41.000Z,4,0,https://www.instagram.com/p/DS4WqXuE3kG/c/17844504126665174
https://www.instagram.com/p/DS4MrqKkmXG/,bayok9394,bayok9394,qasim,False,https://scontent-yyz1-1.cdninstagram.com/v/t51.2885-19/454661835_1690601708417213_1117796415781859320_n.jpg?stp=dst-jpg_e0_s150x150_tt6&_nc_cat=100&ig_cache_key=GMuWGRu9cEnilwEGAPjv4fXqNYMPbkULAAAB1501500j-ccb7-5&ccb=7-5&_nc_sid=669407&efg=eyJ2ZW5jb2RlX3RhZyI6InByb2ZpbGVfcGljLnd3dy43MTkuQzMifQ%3D%3D&_nc_ohc=2cahatdqnfMQ7kNvwH-7iZM&_nc_oc=Adk4ngfvj-yO07a5uWGxbFgvhCm-lUMpddI75eNsIwZxjY2z8384cHeKx9QEGIzSWm8&_nc_ad=z-m&_nc_cid=0&_nc_zt=24&_nc_ht=scontent-yyz1-1.cdninstagram.com&oh=00_AfoeC-uKoISp8G6Zqz3pdT3DuLPyJwlUp2CiONZkunLKtA&oe=6965CE52,Bolh saj dah tapi rakyat engak bayar pajak dan sebagai sudah gtu,2025-12-30T08:24:14.000Z,7,0,https://www.instagram.com/p/DS4MrqKkmXG/c/18355943755207344
https://www.instagram.com/p/DS4WqXuE3kG/,zeanzi.inira,zeanzi.inira,little baby,False,https://scontent-arn2-1.cdninstagram.com/v/t51.82787-19/606415630_18107604952730663_890665904640783011_n.jpg?stp=dst-jpg_e0_s150x150_tt6&_nc_cat=101&ig_cache_key=GA4rJSQnzPBQxVRAAKNyqtvrR1wMbmNDAQAB1501500j-ccb7-5&ccb=7-5&_nc_sid=669407&efg=eyJ2ZW5jb2RlX3RhZyI6InByb2ZpbGVfcGljLnd3dy44MTAuQzMifQ%3D%3D&_nc_ohc=e9bpyqAokpUQ7kNvwHbd48q&_nc_oc=Adl1cIV3vceCwFcBHLaJDQtchEgqayj2_a2aaqMuFoGfnFQKREJRof7ncTedYiZtJhI&_nc_ad=z-m&_nc_cid=0&_nc_zt=24&_nc_ht=scontent-arn2-1.cdninstagram.com&_nc_gid=6EYKz-Q6FYXCRzBeeR2E1w&oh=00_AfqwcLdzRHazlBvAmuX7M2qH3_6hNsAty5WTBUtRwzQzwA&oe=6965FC19,"Kalu cakitu pajak dak usah bayar lgi , suruh wong DPRD be yg bayar pajak 😂 baco nyo be bikin kesel ajjjjj",2025-12-30T08:17:54.000Z,3,0,https://www.instagram.com/p/DS4WqXuE3kG/c/18168713530385992
https://www.instagram.com/p/DS4MrqKkmXG/,sy.amsul0479,sy.amsul0479,Samgozali,False,https://scontent-yyz1-1.cdninstagram.com/v/t51.75761-19/495812219_17847276903465096_6447664186305704393_n.jpg?stp=dst-jpg_e0_s150x150_tt6&_nc_cat=106&ig_cache_key=GHt_jR2IAAr4AGg-AMlxwo9qtHpZbvEnAQAB1501500j-ccb7-5&ccb=7-5&_nc_sid=669407&efg=eyJ2ZW5jb2RlX3RhZyI6InByb2ZpbGVfcGljLnd3dy42OTUuQzMifQ%3D%3D&_nc_ohc=AAZoRQsXogcQ7kNvwGKJuju&_nc_oc=AdmFkD4JnJTm6KZuTBrgc4Yl1Xau1RX72ZhO6d6VwK9z-7N2auwEFW1q20Rw0llzHMI&_nc_ad=z-m&_nc_cid=0&_nc_zt=24&_nc_ht=scontent-yyz1-1.cdninstagram.com&_nc_gid=WwP_9ZYWw9aHM4mTf8l33Q&oh=00_AfpUakYR5b74EdoeQIIDNB3F30fOO8g3AB4_Gq6ABa_AaA&oe=6965CC00,"Kemunduran demokrasi , turut berdukacita",2025-12-30T07:55:36.000Z,20,0,https://www.instagram.com/p/DS4MrqKkmXG/c/17844455607641631
https://www.instagram.com/p/DS4MrqKkmXG/,eka.septi_13,eka.septi_13,Eka Septiani,False,https://scontent-yyz1-1.cdninstagram.com/v/t51.82787-19/543099683_18498467695070632_6605882302566086031_n.jpg?stp=dst-jpg_e0_s150x150_tt6&_nc_cat=100&ig_cache_key=GCMLXyCojdojQrhBAI_1fWj0zqxbbmNDAQAB1501500j-ccb7-5&ccb=7-5&_nc_sid=669407&efg=eyJ2ZW5jb2RlX3RhZyI6InByb2ZpbGVfcGljLnd3dy4xMDgwLkMzIn0%3D&_nc_ohc=CPfuHkHy69AQ7kNvwEdM_m7&_nc_oc=AdmdFBLVGiDwM4BCnzLYHnulhxRTQKYhbg6S8n17ljSADuTWJyShsNHTghk1UM1CS00&_nc_ad=z-m&_nc_cid=0&_nc_zt=24&_nc_ht=scontent-yyz1-1.cdninstagram.com&_nc_gid=WwP_9ZYWw9aHM4mTf8l33Q&oh=00_AfpOgDVgMtrPc1vqgP8bHa1-jVpkI2BAhhv_VeGHHYhyPw&oe=6965D78C,1998 🔥karma,2025-12-30T07:46:45.000Z,7,1,https://www.instagram.com/p/DS4MrqKkmXG/c/18087275765081988
https://www.instagram.com/p/DS34si7lGHD/,yogaadjipangestu,yogaadjipangestu,Yoga Aji Pangestu,False,https://scontent-otp1-1.cdninstagram.com/v/t51.2885-19/124442242_3448896745178480_2775206705810660591_n.jpg?stp=dst-jpg_e0_s150x150_tt6&_nc_cat=101&ig_cache_key=GILWagdwBV3ZwEAMAO9cIJbLg4MmbkULAAAB1501500j-ccb7-5&ccb=7-5&_nc_sid=669407&efg=eyJ2ZW5jb2RlX3RhZyI6InByb2ZpbGVfcGljLnd3dy4xMDgwLkMzIn0%3D&_nc_ohc=lVQJOgDvGWcQ7kNvwEIUVfu&_nc_oc=AdmNXrVPoWlTQbfpxjfOPpPX8irkuOeRKbXCoeBSK2lEydvIzDVG4xmtSvGpnnwvLbU&_nc_ad=z-m&_nc_cid=0&_nc_zt=24&_nc_ht=scontent-otp1-1.cdninstagram.com&oh=00_AfqsSiktOonaB4TXCnHXXgMuH2-ot1JJ5VzzxrAidKrjww&oe=6965EC98,PDIP partai besar dan tidak merapat,2025-12-30T07:35:51.000Z,16,0,https://www.instagram.com/p/DS34si7lGHD/c/18548787358023285
https://www.instagram.com/p/DS4MrqKkmXG/,aribowo_andy,aribowo_andy,Ananto Andy Aribowo,False,https://scontent-yyz1-1.cdninstagram.com/v/t51.2885-19/117424006_303526430879970_8494789244290745928_n.jpg?stp=dst-jpg_e0_s150x150_tt6&_nc_cat=107&ig_cache_key=GIa--wbisBdBDhQBAEhGwnPPjeN1bkULAAAB1501500j-ccb7-5&ccb=7-5&_nc_sid=669407&efg=eyJ2ZW5jb2RlX3RhZyI6InByb2ZpbGVfcGljLnd3dy4xMDgwLkMzIn0%3D&_nc_ohc=Yz77j6B9d64Q7kNvwFk8car&_nc_oc=AdkRIc2hIINx4XJmUWrHSc9PrctRwBBsOal5cN7VcULj_Lw3BWSrnlze9GJHNn2RX_g&_nc_ad=z-m&_nc_cid=0&_nc_zt=24&_nc_ht=scontent-yyz1-1.cdninstagram.com&oh=00_AfpaI06aaLm4O9z9JUE9-_tACOUod9ggo8Lr1gB6HYFeOA&oe=6965F5D9,Klo rakyat ga ada yg pilih caleg gimana dong,2025-12-30T07:25:36.000Z,7,1,https://www.instagram.com/p/DS4MrqKkmXG/c/17986486079764324
https://www.instagram.com/p/DS1vU5RAGa7/,soso_atozz,soso_atozz,Suroso,False,https://scontent-iad3-1.cdninstagram.com/v/t51.2885-19/310186326_669532294829880_4211312335061036638_n.jpg?stp=dst-jpg_e0_s150x150_tt6&_nc_cat=102&ig_cache_key=GFYRfRI4V5mi72ACAF6uiJlBlnE6bkULAAAB1501500j-ccb7-5&ccb=7-5&_nc_sid=669407&efg=eyJ2ZW5jb2RlX3RhZyI6InByb2ZpbGVfcGljLnd3dy43MjAuQzMifQ%3D%3D&_nc_ohc=AqA0ejz8HCkQ7kNvwHbiPtP&_nc_oc=AdmSsqnbatvrZ1cautS86gf381ppesSgXVgonuPPypZOtpCz2dn0sQAv8MzqGppyj08&_nc_ad=z-m&_nc_cid=0&_nc_zt=24&_nc_ht=scontent-iad3-1.cdninstagram.com&oh=00_AfriTgSrSxg5ITg8Tbj8lyfF1sTQj_AUUnMPPzBvWhNzPg&oe=6965C872,Mantab PDI-P,2025-12-30T07:20:50.000Z,4,0,https://www.instagram.com/p/DS1vU5RAGa7/c/17953326039050533
https://www.instagram.com/p/DS34si7lGHD/,olandarmawanyoe,olandarmawanyoe,Olan Darmawan,False,https://scontent-otp1-1.cdninstagram.com/v/t51.82787-19/538633089_18415060606107389_20392314915560759_n.jpg?stp=dst-jpg_e0_s150x150_tt6&_nc_cat=110&ig_cache_key=GIHjGiD9vvFpZmxBADedsM6zckgAbmNDAQAB1501500j-ccb7-5&ccb=7-5&_nc_sid=669407&efg=eyJ2ZW5jb2RlX3RhZyI6InByb2ZpbGVfcGljLnd3dy4xMDgwLkMzIn0%3D&_nc_ohc=GqOhymHCy2UQ7kNvwE9Z5oD&_nc_oc=Adk4ytJfSl3XFBRLHWeQP6qgpCsfqJgLXXzAo_L1dFNl6L9nY7ftVuoSPe5FoiF-jBc&_nc_ad=z-m&_nc_cid=0&_nc_zt=24&_nc_ht=scontent-otp1-1.cdninstagram.com&_nc_gid=NmcKLUCqgxuTLhVQaJnRUg&oh=00_AfowAk0TSdhfyDBvPHL1CC1McZbqVr7ej8MKnEJS-sLHRQ&oe=6965D2CF,Bencana nasional,2025-12-30T06:59:49.000Z,6,0,https://www.instagram.com/p/DS34si7lGHD/c/17888021664409634
https://www.instagram.com/p/DS4MrqKkmXG/,bayu_oktara19,bayu_oktara19,Bayu Oktara,False,https://scontent-yyz1-1.cdninstagram.com/v/t51.2885-19/277593658_373475774637856_7135131325655426435_n.jpg?stp=dst-jpg_e0_s150x150_tt6&_nc_cat=101&ig_cache_key=GDq_ixAgJ_GarFMBAIMldBsjFAVjbkULAAAB1501500j-ccb7-5&ccb=7-5&_nc_sid=669407&efg=eyJ2ZW5jb2RlX3RhZyI6InByb2ZpbGVfcGljLnd3dy43NTAuQzMifQ%3D%3D&_nc_ohc=XyBR-bcwLLwQ7kNvwGv5NL-&_nc_oc=Adm2nUzAsmLUvfSNJaWvd8okJjypQEO4exnYy8OD4lqx_BzE-dk8REKDZqHGEkAfAD8&_nc_ad=z-m&_nc_cid=0&_nc_zt=24&_nc_ht=scontent-yyz1-1.cdninstagram.com&oh=00_Afo07rUWOvZV-2rj-Yadd3rWFHW00scF_8p_U6Imh6wZNw&oe=6965F3C8,Apaan ..??? Preeettt,2025-12-30T06:57:46.000Z,4,0,https://www.instagram.com/p/DS4MrqKkmXG/c/18388933195196522
https://www.instagram.com/p/DS3ikSmAWEp/,hamdan_utama,hamdan_utama,Hamdan Putra Utama,False,https://scontent-lax3-1.cdninstagram.com/v/t51.2885-19/488945630_679092048398128_3669362081456387808_n.jpg?stp=dst-jpg_e0_s150x150_tt6&_nc_cat=110&ig_cache_key=GN63JB0wh1BwoWkCAOD2fjlfMewybkULAAAB1501500j-ccb7-5&ccb=7-5&_nc_sid=669407&efg=eyJ2ZW5jb2RlX3RhZyI6InByb2ZpbGVfcGljLnd3dy4xMDgwLkMzIn0%3D&_nc_ohc=Ok6g9nUOBHsQ7kNvwEhc_2M&_nc_oc=Adkkpp2l-3ayFyzTn7xU3FXOkKfjRxzA_WmCQqMePB5P0_U7FnyWSlOG-kJxuSXQTFY&_nc_ad=z-m&_nc_cid=0&_nc_zt=24&_nc_ht=scontent-lax3-1.cdninstagram.com&oh=00_AfrzVIz9HOT3iOnlL9jCjFkTE0OCkyaqlzMVqV2gScJ1Nw&oe=6965E7DC,Jadi salut sama perjuangan pak prabs n Gerindra's team sampe buat partai sendiri belasan tahun lalu sampe sekarang berkuasa utk melawan keputusan reformasi. Endurance nya Gokil. Selap selip strategi dan eksekusinya harus diakui jos kotos kotos. Terlihat bersahabat dengan demokrasi tapi sebetulnya melawan dengan sangat telak. Semoga kita baik² saja. 🙌,2025-12-30T06:39:21.000Z,2,0,https://www.instagram.com/p/DS3ikSmAWEp/c/18436282057096150
https://www.instagram.com/p/DS34si7lGHD/,backpackerak22,backpackerak22,BackpackerAK22 RENTAL OUTDOOR,False,https://scontent-otp1-1.cdninstagram.com/v/t51.2885-19/18096528_404303316605159_4214468935879229440_a.jpg?stp=dst-jpg_e0_s150x150_tt6&_nc_cat=100&ig_cache_key=GJAhFAHnWJEztm8BAAAAAAArzXw6YUULAAAB1501500j-ccb7-5&ccb=7-5&_nc_sid=669407&efg=eyJ2ZW5jb2RlX3RhZyI6InByb2ZpbGVfcGljLnd3dy41NDAuQzMifQ%3D%3D&_nc_ohc=bnn-cUN2cpcQ7kNvwF2CbbC&_nc_oc=AdnTVTcj0Q1DIh0sc525IgEZNw3tj9e5ko34TRs5bZjiG9Dq7561rbzIKC5vu9Ql7lU&_nc_ad=z-m&_nc_cid=0&_nc_zt=24&_nc_ht=scontent-otp1-1.cdninstagram.com&oh=00_AfrlFwYusFw3QRZ1DWovVins0n-fR0a-Y65jSRZN4B19YA&oe=6965DB52,PENURUNAN KUWALITAS DEMOKRASI...PENGKHIANATAN AMANAT REFORMASI98,2025-12-30T06:28:14.000Z,8,0,https://www.instagram.com/p/DS34si7lGHD/c/18130203160504821
https://www.instagram.com/p/DS34si7lGHD/,herlinapamungkas,herlinapamungkas,Herlina Pamungkas,False,https://scontent-otp1-1.cdninstagram.com/v/t51.2885-19/469295476_1156746202734924_2639425320866455081_n.jpg?stp=dst-jpg_e0_s150x150_tt6&_nc_cat=103&ig_cache_key=GHTh_BtMYYL2DRwEACmealVYH6EkbkULAAAB1501500j-ccb7-5&ccb=7-5&_nc_sid=669407&efg=eyJ2ZW5jb2RlX3RhZyI6InByb2ZpbGVfcGljLnd3dy45NTYuQzMifQ%3D%3D&_nc_ohc=LIb9tYQuWUgQ7kNvwGI0XHg&_nc_oc=Adn0UiNKPqZ1zlUn5VWefaMRM9R4iOWTZR7gvXFWaWx9Rh04mhnkywklB8S2IJpfcbg&_nc_ad=z-m&_nc_cid=0&_nc_zt=24&_nc_ht=scontent-otp1-1.cdninstagram.com&oh=00_AfpS4uP6kkK8MB2vwsf30TlJupGWsiTpWcTERl2vGGDklQ&oe=6965DA33,"Salut sama pdip, konsisten merawat demokrasi",2025-12-30T05:58:24.000Z,38,1,https://www.instagram.com/p/DS34si7lGHD/c/18146787652453097
https://www.instagram.com/korankaltara/reel/DS3mFSJkjEY/?hl=ar,eldeony,eldeony,EL Deony,False,https://scontent-den2-1.cdninstagram.com/v/t51.82787-19/591631146_18124735303525087_5447399171911544329_n.jpg?stp=dst-jpg_e0_s150x150_tt6&_nc_cat=106&ig_cache_key=GCqTQyPfImrJWWRAAAlui2_vDJlLbmNDAQAB1501500j-ccb7-5&ccb=7-5&_nc_sid=669407&efg=eyJ2ZW5jb2RlX3RhZyI6InByb2ZpbGVfcGljLnd3dy4xMDgwLkMzIn0%3D&_nc_ohc=dRCF02yO9rwQ7kNvwGbO5oJ&_nc_oc=AdkRUEh6ahL2QF1RdL0MubFHnLRofxcs7CMcVSXUx8IrGH1WLXE4mUrCaEsGnyaTOcg&_nc_ad=z-m&_nc_cid=0&_nc_zt=24&_nc_ht=scontent-den2-1.cdninstagram.com&_nc_gid=LKoLvAQFHfKgCxfl4wJOcA&oh=00_AfqJ5EX0q0vbg66Z8evgSBRlCbV6yHyRCH0VakZlwIeBLw&oe=6965E98B,Terus apa fungsi demokrasi yang ada isinya keluarga keluarga kalian yg berkuasa dan korupsi besar besaran 😂😂😂😂😂😂 lawak negeriku,2025-12-30T05:17:06.000Z,0,0,https://www.instagram.com/p/DS3mFSJkjEY/c/18023748650607056
https://www.instagram.com/p/DS3ikSmAWEp/,yoyokbatam,yoyokbatam,Yoyok Batam,False,https://scontent-lax7-1.cdninstagram.com/v/t51.2885-19/458749346_976666324231901_6112587687887541300_n.jpg?stp=dst-jpg_e0_s150x150_tt6&_nc_cat=105&ig_cache_key=GKL1Vxvd5lHZRXgDADSU9sIdRtRUbkULAAAB1501500j-ccb7-5&ccb=7-5&_nc_sid=669407&efg=eyJ2ZW5jb2RlX3RhZyI6InByb2ZpbGVfcGljLnd3dy4xMDgwLkMzIn0%3D&_nc_ohc=_nwHNXPse3gQ7kNvwEaL6DE&_nc_oc=AdnZb5XgWaXtG_UYAq9n4YItz1mmQDeh5nmtdFddu6gkLAWXHYczCWgu4RlHVY-RhM8&_nc_ad=z-m&_nc_cid=0&_nc_zt=24&_nc_ht=scontent-lax7-1.cdninstagram.com&oh=00_AfqK7KZTbIeJ8PagisccJn5D4gHLH6cjr7Slf7bSjHxHNQ&oe=6965F287,"Kalau Rakyat Gak Bayar Pajak, Dampaknya Juga Sangat Bagus untuk Rakyat",2025-12-30T05:01:10.000Z,1,1,https://www.instagram.com/p/DS3ikSmAWEp/c/18067064435166406
https://www.instagram.com/p/DS3ikSmAWEp/,yoyokbatam,yoyokbatam,Yoyok Batam,False,https://scontent-lax7-1.cdninstagram.com/v/t51.2885-19/458749346_976666324231901_6112587687887541300_n.jpg?stp=dst-jpg_e0_s150x150_tt6&_nc_cat=105&ig_cache_key=GKL1Vxvd5lHZRXgDADSU9sIdRtRUbkULAAAB1501500j-ccb7-5&ccb=7-5&_nc_sid=669407&efg=eyJ2ZW5jb2RlX3RhZyI6InByb2ZpbGVfcGljLnd3dy4xMDgwLkMzIn0%3D&_nc_ohc=_nwHNXPse3gQ7kNvwEaL6DE&_nc_oc=AdnZb5XgWaXtG_UYAq9n4YItz1mmQDeh5nmtdFddu6gkLAWXHYczCWgu4RlHVY-RhM8&_nc_ad=z-m&_nc_cid=0&_nc_zt=24&_nc_ht=scontent-lax7-1.cdninstagram.com&oh=00_AfqK7KZTbIeJ8PagisccJn5D4gHLH6cjr7Slf7bSjHxHNQ&oe=6965F287,Dampaknya sangat Menguntungkan Partai bukan Rakyat,2025-12-30T05:00:34.000Z,1,0,https://www.instagram.com/p/DS3ikSmAWEp/c/18094671868929718
https://www.instagram.com/p/DS34si7lGHD/,yudhaishwara,yudhaishwara,Yudha Ishwara,False,https://scontent-otp1-1.cdninstagram.com/v/t51.2885-19/31516978_1699366700144220_8841996103659290624_n.jpg?stp=dst-jpg_e0_s150x150_tt6&_nc_cat=102&ig_cache_key=GDLp4AFcVoGkkAkGAAAAAACcFLV6bkULAAAB1501500j-ccb7-5&ccb=7-5&_nc_sid=669407&efg=eyJ2ZW5jb2RlX3RhZyI6InByb2ZpbGVfcGljLnd3dy4xMDgwLkMzIn0%3D&_nc_ohc=P2reZlP13c4Q7kNvwEoXK3i&_nc_oc=AdkrdY6PC24sWOLuZcT6mN3TqdO0AAiDwtwpll7kt2m9lukD_d6gqvNErqtYcaJ08rU&_nc_ad=z-m&_nc_cid=0&_nc_zt=24&_nc_ht=scontent-otp1-1.cdninstagram.com&oh=00_AfoyqSSGeKqYjPdROW6AmPH9zdJKtEaQJWVWDG3G8Jax_g&oe=6965E5B7,SEKALIAN BUBARKAN SAJA DPR & DPRD TIDAK ADA MANFAAT UTK RAKYAT🔥🔥🔥,2025-12-30T04:55:53.000Z,13,0,https://www.instagram.com/p/DS34si7lGHD/c/18388486852182908
https://www.instagram.com/korankaltara/reel/DS3mFSJkjEY/?hl=ar,wachid.625,wachid.625,Nur Wachid,False,https://scontent-den2-1.cdninstagram.com/v/t51.82787-19/566514214_18117310657534671_3528381992558389006_n.jpg?stp=dst-jpg_e0_s150x150_tt6&_nc_cat=103&ig_cache_key=GCZSxCHPGgcamV1AAA7nU2K6VPcwbmNDAQAB1501500j-ccb7-5&ccb=7-5&_nc_sid=669407&efg=eyJ2ZW5jb2RlX3RhZyI6InByb2ZpbGVfcGljLnd3dy4xMDgwLkMzIn0%3D&_nc_ohc=O-i0hCEo4vEQ7kNvwHvz3I6&_nc_oc=AdmHE-R0cDTkeVHNeBTjUk4JzNlMQistRBXcucyMgaMU7-17646gbOehlweNNthJMdA&_nc_ad=z-m&_nc_cid=0&_nc_zt=24&_nc_ht=scontent-den2-1.cdninstagram.com&_nc_gid=LKoLvAQFHfKgCxfl4wJOcA&oh=00_Afp1aEyGgbELKo0kSk2A--Gy8kGKYipLgrZCehRV7Ww_3A&oe=6965EE7A,Kerasa kalo mau banyak yang golput 😂,2025-12-30T04:51:17.000Z,0,0,https://www.instagram.com/p/DS3mFSJkjEY/c/17854640739554078
https://www.instagram.com/p/DS3ikSmAWEp/,awanstore27,awanstore27,Awan Store,False,https://scontent-lax3-1.cdninstagram.com/v/t51.2885-19/67376655_483075099181776_54652135991672832_n.jpg?stp=dst-jpg_e0_s150x150_tt6&_nc_cat=102&ig_cache_key=GA8WBATQwq_vWrcBAAAAAADUKcIAbkULAAAB1501500j-ccb7-5&ccb=7-5&_nc_sid=669407&efg=eyJ2ZW5jb2RlX3RhZyI6InByb2ZpbGVfcGljLnd3dy43MjAuQzMifQ%3D%3D&_nc_ohc=q3bnf_AZ840Q7kNvwHXwQZA&_nc_oc=AdnB1LiRKG61ZKSBI1wWZLpfKc3pWrjqy1DfStNgqZ5LgfiBy09yLAWucS7_VazgAi4&_nc_ad=z-m&_nc_cid=0&_nc_zt=24&_nc_ht=scontent-lax3-1.cdninstagram.com&oh=00_AfrYUORRC9ETEd_LxGMt4u5EbKyhSQHooF3zEVEzuyrGdw&oe=6965C468,yang di inginkan rakyat 58 🔥,2025-12-30T04:43:57.000Z,6,2,https://www.instagram.com/p/DS3ikSmAWEp/c/18167217163383805
https://www.instagram.com/p/DS34si7lGHD/,msukron178,msukron178,syehudin76,False,https://scontent-otp1-1.cdninstagram.com/v/t51.2885-19/483236133_9849254368439970_2348414366522428094_n.jpg?stp=dst-jpg_e0_s150x150_tt6&_nc_cat=105&ig_cache_key=GCWZzRyi7u472P0iAL5K-oVsPpcgbkULAAAB1501500j-ccb7-5&ccb=7-5&_nc_sid=669407&efg=eyJ2ZW5jb2RlX3RhZyI6InByb2ZpbGVfcGljLnd3dy4xMDgwLkMzIn0%3D&_nc_ohc=hYB_CKSG9z8Q7kNvwGEVrh5&_nc_oc=AdlXSIOixGvRN39tC5Xjfambq-rv2siMpidZ58k5LytMGF1fSGa1Eh4wg0ToLUdw6hM&_nc_ad=z-m&_nc_cid=0&_nc_zt=24&_nc_ht=scontent-otp1-1.cdninstagram.com&oh=00_AfrNZoxpM5zFVRSqbRDVdBuqn04rbshwCTjMmmc_MLMegg&oe=6965D513,"Lah kemarin reformasi buat apa ya? Biaya pemilu bengkak itu karena kalian buat serangan fajar, kalo dr biaya KPU nya ya biasa2 aja😢",2025-12-30T04:41:51.000Z,8,0,https://www.instagram.com/p/DS34si7lGHD/c/17871413364489814
https://www.instagram.com/p/DS34si7lGHD/,andi_apachun,andi_apachun,Andi Apachun,False,https://scontent-otp1-1.cdninstagram.com/v/t51.75761-19/500480489_18463637704075265_1907622168909131551_n.jpg?stp=dst-jpg_e0_s150x150_tt6&_nc_cat=109&ig_cache_key=GOm51B0B6JymlJhBAB8vfW9BPHkabvEnAQAB1501500j-ccb7-5&ccb=7-5&_nc_sid=669407&efg=eyJ2ZW5jb2RlX3RhZyI6InByb2ZpbGVfcGljLnd3dy45NTIuQzMifQ%3D%3D&_nc_ohc=NLhclmmFtjUQ7kNvwGFdD8t&_nc_oc=AdkF2zUq8n6ZyZnKf7dWrIWSYuUJ0rnOI5kyN_dW-LdHqn7W-qPWKflnpHKR98L-Lf0&_nc_ad=z-m&_nc_cid=0&_nc_zt=24&_nc_ht=scontent-otp1-1.cdninstagram.com&_nc_gid=NmcKLUCqgxuTLhVQaJnRUg&oh=00_Afq8oKqKsN9q7Fu1qjmXM4HNRHuEbE9J1wmhEKhO5l92vw&oe=6965D9DB,Kaum 58% pasti bangga.,2025-12-30T04:37:15.000Z,33,3,https://www.instagram.com/p/DS34si7lGHD/c/18078527096259984
https://www.instagram.com/korankaltara/reel/DS3mFSJkjEY/?hl=ar,mr_nief,mr_nief,Nief ♓,False,https://scontent-den2-1.cdninstagram.com/v/t51.82787-19/588323766_18546831187065271_5217300712354319884_n.jpg?stp=dst-jpg_e0_s150x150_tt6&_nc_cat=105&ig_cache_key=GLYbESO3OZ2kPuRBAAyORf5ak2dIbmNDAQAB1501500j-ccb7-5&ccb=7-5&_nc_sid=669407&efg=eyJ2ZW5jb2RlX3RhZyI6InByb2ZpbGVfcGljLnd3dy4xMDgwLkMzIn0%3D&_nc_ohc=7q-p0GzxmUYQ7kNvwFXDd14&_nc_oc=AdnsY3sh22TygrF4hayawXZoR7ZDF0ETMa3ZstQWGg2Yntp8d-KnBJPnT2GY-hQ3gx0&_nc_ad=z-m&_nc_cid=0&_nc_zt=24&_nc_ht=scontent-den2-1.cdninstagram.com&_nc_gid=LKoLvAQFHfKgCxfl4wJOcA&oh=00_AfrRR9R90mzZkL3LdvsZwH8Hd-nsDSXD-fIL1nf1vlubRg&oe=6965D941,Hahhh,2025-12-30T04:35:34.000Z,0,0,https://www.instagram.com/p/DS3mFSJkjEY/c/18402453178121523
https://www.instagram.com/reel/DS2dJUxCevK/,dayakatas,dayakatas,Dayakatas,False,https://scontent-sjc3-1.cdninstagram.com/v/t51.2885-19/239451401_545308843382961_8191757271358533738_n.jpg?stp=dst-jpg_e0_s150x150_tt6&_nc_cat=102&ig_cache_key=GAm9RQ6xGOeb9O8BAGpwjCXW965xbkULAAAB1501500j-ccb7-5&ccb=7-5&_nc_sid=669407&efg=eyJ2ZW5jb2RlX3RhZyI6InByb2ZpbGVfcGljLnd3dy43MjAuQzMifQ%3D%3D&_nc_ohc=fGLQI4ddvtsQ7kNvwF-KoTv&_nc_oc=AdlQlP5H6LvcM7uK24qUzIN3TJNAs-FIvvc99n9ajB9WeUTcviArqIQJ67HHgT6s1HM&_nc_ad=z-m&_nc_cid=0&_nc_zt=24&_nc_ht=scontent-sjc3-1.cdninstagram.com&oh=00_Afqw4APbfceM4gbz98E6UiIoC1aRBC09_Z6CulLNOJkxHw&oe=6965F490,"Berubah mundur , bukan maju.",2025-12-30T04:26:47.000Z,3,0,https://www.instagram.com/p/DS2dJUxCevK/c/17993579054900228
https://www.instagram.com/p/DS34si7lGHD/,hungrydamsel,hungrydamsel,Vida,False,https://scontent-otp1-1.cdninstagram.com/v/t51.82787-19/540619089_18499956490068090_263674286835263476_n.jpg?stp=dst-jpg_e0_s150x150_tt6&_nc_cat=103&ig_cache_key=GFExOSB6YPPGnLlBAPRnOOtdwqgDbmNDAQAB1501500j-ccb7-5&ccb=7-5&_nc_sid=669407&efg=eyJ2ZW5jb2RlX3RhZyI6InByb2ZpbGVfcGljLnd3dy4xMDgwLkMzIn0%3D&_nc_ohc=oTs_o4NauxIQ7kNvwGz3kva&_nc_oc=Adm66D3aC_OG4DT7qIchL0W1UvoXk6QvLfWYjlkcprW0knpENasq_gLardiZcz8E_RQ&_nc_ad=z-m&_nc_cid=0&_nc_zt=24&_nc_ht=scontent-otp1-1.cdninstagram.com&_nc_gid=NmcKLUCqgxuTLhVQaJnRUg&oh=00_AfonF70th4d1t0gVUHEPHquoGYsl5MPQxeVJxogHyFyK1Q&oe=6965F25F,Ini ga ada yg mau demo menolak apah??,2025-12-30T04:15:46.000Z,7,0,https://www.instagram.com/p/DS34si7lGHD/c/18003288941835852
https://www.instagram.com/p/DS34si7lGHD/,putrawijaya009,putrawijaya009,Putra wijaya,False,https://scontent-otp1-1.cdninstagram.com/v/t51.2885-19/439232074_970788291326844_4162937095722271006_n.jpg?stp=dst-jpg_e0_s150x150_tt6&_nc_cat=103&ig_cache_key=GEomLhp8s0FD7XIDAB6B0nw7ucU5bkULAAAB1501500j-ccb7-5&ccb=7-5&_nc_sid=669407&efg=eyJ2ZW5jb2RlX3RhZyI6InByb2ZpbGVfcGljLnd3dy44NjIuQzMifQ%3D%3D&_nc_ohc=oP6Nga-XANUQ7kNvwHcb3dW&_nc_oc=AdnIT7vnuzaGtmmq7EDb6w1GhXYT_HdCdAJSa9IRCquoiVm3E-yAobNLZ5Q-LuXlWCk&_nc_ad=z-m&_nc_cid=0&_nc_zt=24&_nc_ht=scontent-otp1-1.cdninstagram.com&oh=00_Afr57P-LUJCDQqfL63rQZ5_uQC8920zAC6jjSEmgDtaUpg&oe=6965F9F9,Menuju kemunduran🙌🙌,2025-12-30T04:14:02.000Z,10,0,https://www.instagram.com/p/DS34si7lGHD/c/18056753240337012
https://www.instagram.com/p/DS34si7lGHD/,rezekinusaputra,rezekinusaputra,Rezeki Nusa Putra,False,https://scontent-otp1-1.cdninstagram.com/v/t51.2885-19/449201890_991046435729280_5993479315265434663_n.jpg?stp=dst-jpg_e0_s150x150_tt6&_nc_cat=102&ig_cache_key=GOJGxhqA78H6WYUDACc0DLOuHS1TbkULAAAB1501500j-ccb7-5&ccb=7-5&_nc_sid=669407&efg=eyJ2ZW5jb2RlX3RhZyI6InByb2ZpbGVfcGljLnd3dy4xMDgwLkMzIn0%3D&_nc_ohc=m1ffql8QSiwQ7kNvwF8VgNs&_nc_oc=AdnILrZZQn7OdQ9dojfMiEodY6Y63pHQCZOuSDt5a-DsLB3QD1COEbjtbkdLUCnfQPE&_nc_ad=z-m&_nc_cid=0&_nc_zt=24&_nc_ht=scontent-otp1-1.cdninstagram.com&oh=00_Afq8u7TU4g0bosVGpcazThoRL83YiYdURcTZx-Eec2cUDA&oe=6965FA08,Udh di bilang sama org org pinter sebelum kepilih kemarin. Skrg terbukti,2025-12-30T04:11:18.000Z,10,2,https://www.instagram.com/p/DS34si7lGHD/c/18551861755056116
https://www.instagram.com/p/DS3ikSmAWEp/,adityaalfiand,adityaalfiand,Aditya Alfian Dermawan,False,https://scontent-lax3-1.cdninstagram.com/v/t51.2885-19/272168928_121401087067757_4053596847399973018_n.jpg?stp=dst-jpg_e0_s150x150_tt6&_nc_cat=104&ig_cache_key=GOD3OBBthqvkaW4AAJow6xfbREE4bkULAAAB1501500j-ccb7-5&ccb=7-5&_nc_sid=669407&efg=eyJ2ZW5jb2RlX3RhZyI6InByb2ZpbGVfcGljLnd3dy4xMDgwLkMzIn0%3D&_nc_ohc=wle0cxIGcZYQ7kNvwExysyJ&_nc_oc=AdlkDv62p3WMw5bznI_40a4vStTOlPXuV2aWF2adFx7pMT8o4xm5gSjXJxHBWXxZa08&_nc_ad=z-m&_nc_cid=0&_nc_zt=24&_nc_ht=scontent-lax3-1.cdninstagram.com&oh=00_AfpYdbXCxjPJSY1vzie56sDfQuH1_G_aGgNJjyIPGCkhbw&oe=6965F2D3,"Udah gak kaget, dari awal udah kelihatan",2025-12-30T03:48:21.000Z,5,1,https://www.instagram.com/p/DS3ikSmAWEp/c/18073751180074402
https://www.instagram.com/korankaltara/reel/DS3mFSJkjEY/?hl=ar,tokebali22,tokebali22,tokebali22,False,https://scontent-den2-1.cdninstagram.com/v/t51.2885-19/401790257_1463649134415179_6682374607556203293_n.jpg?stp=dst-jpg_e0_s150x150_tt6&_nc_cat=111&ig_cache_key=GDHV8hdLjbteLjMFAB1TegNNkLxcbkULAAAB1501500j-ccb7-5&ccb=7-5&_nc_sid=669407&efg=eyJ2ZW5jb2RlX3RhZyI6InByb2ZpbGVfcGljLnd3dy4xMDgwLkMzIn0%3D&_nc_ohc=yejJqOtw-ZIQ7kNvwH3ymL-&_nc_oc=AdmcOPXe0tl1YQQJHhhhU6Hqcesa_EpCPue5x1rhnitl7rRRlUJIcX7v8OWxjKXoMJk&_nc_ad=z-m&_nc_cid=0&_nc_zt=24&_nc_ht=scontent-den2-1.cdninstagram.com&oh=00_AfrMQzbZ5gtcPe7JekwGFex1FwUrmCBL4fZuanfBh2VhjQ&oe=6965FA40,Pantas aja penguasa memutasikan org semena2 rupanx kepala daerah dan gub bukan d pilih rakyat rupanx,2025-12-30T03:10:32.000Z,0,0,https://www.instagram.com/p/DS3mFSJkjEY/c/18100000996885508
https://www.instagram.com/p/DS3ikSmAWEp/,ryoga_ginting,ryoga_ginting,Ryoga Pranata Ginting,False,https://scontent-lax3-1.cdninstagram.com/v/t51.2885-19/79841883_1410702895759082_2124671972884348928_n.jpg?stp=dst-jpg_e0_s150x150_tt6&_nc_cat=109&ig_cache_key=GFtKwgTqPvzcBgMFAAAAAADnWXwdbkULAAAB1501500j-ccb7-5&ccb=7-5&_nc_sid=669407&efg=eyJ2ZW5jb2RlX3RhZyI6InByb2ZpbGVfcGljLnd3dy45NjAuQzMifQ%3D%3D&_nc_ohc=ZlrP9v64ohkQ7kNvwFuNH82&_nc_oc=AdkDQQxhWWqvRQGozaCXhEhY-j8W36N41Mh5H_ABxgQtnyQDlGFKlFbQ5J1-7xd26sA&_nc_ad=z-m&_nc_cid=0&_nc_zt=24&_nc_ht=scontent-lax3-1.cdninstagram.com&oh=00_Afo_GNWQDq-8skIyvKr8Gy_2JWIKrigLYQSgTBPAw8N0JA&oe=6965E1A9,SELAMAT NATAL DAN ORDE BARU,2025-12-30T03:07:00.000Z,1,0,https://www.instagram.com/p/DS3ikSmAWEp/c/18049940171456184
https://www.instagram.com/reel/DS2dJUxCevK/,m_ilhamanugerah,m_ilhamanugerah,M. Ilham Anugerah,False,https://scontent-sjc3-1.cdninstagram.com/v/t51.82787-19/588942936_18417633724136043_8432270085876280363_n.jpg?stp=dst-jpg_e0_s150x150_tt6&_nc_cat=100&ig_cache_key=GFiOGiNr_rqDvW5BACvszo73cAV1bmNDAQAB1501500j-ccb7-5&ccb=7-5&_nc_sid=669407&efg=eyJ2ZW5jb2RlX3RhZyI6InByb2ZpbGVfcGljLnd3dy45NjIuQzMifQ%3D%3D&_nc_ohc=vHOdi5f3Z5wQ7kNvwER6P0b&_nc_oc=AdnPMHtJCSAM4wLyT9KFZxp47g_-R8prUHKeUMeleEvj8D-qn0EMbbyEJXabanFA7wk&_nc_ad=z-m&_nc_cid=0&_nc_zt=24&_nc_ht=scontent-sjc3-1.cdninstagram.com&_nc_gid=TjakhSk-mm-qmzm4AZ0pgg&oh=00_Afr4Hi8RgaphVgYObfEG2LHZZUlJMcm0a_wSx87H0Wp15w&oe=6965D504,"Gilaaa... Hak rakyat di ambil, buat apaan jadi negara demokrasi",2025-12-30T02:54:51.000Z,6,0,https://www.instagram.com/p/DS2dJUxCevK/c/17908330737145684
https://www.instagram.com/korankaltara/reel/DS3mFSJkjEY/?hl=ar,abuuwais90,abuuwais90,Mustaqim,False,https://scontent-den2-1.cdninstagram.com/v/t51.82787-19/517151518_18312976777210164_1197752265397998674_n.jpg?stp=dst-jpg_e0_s150x150_tt6&_nc_cat=103&ig_cache_key=GB4b0x406ZUrjg9BAFKU9_NWRZ8QbmNDAQAB1501500j-ccb7-5&ccb=7-5&_nc_sid=669407&efg=eyJ2ZW5jb2RlX3RhZyI6InByb2ZpbGVfcGljLnd3dy4xMDgwLkMzIn0%3D&_nc_ohc=wl8VrEMJdUAQ7kNvwGpzg8d&_nc_oc=AdmlJy8XOjokzbZfU8LS_tZYBy90j5xy49dqR3nf62LKoeUOJBaJqKA4N7jMYqtmQQQ&_nc_ad=z-m&_nc_cid=0&_nc_zt=24&_nc_ht=scontent-den2-1.cdninstagram.com&_nc_gid=LKoLvAQFHfKgCxfl4wJOcA&oh=00_AfrCuCqxve6APldO2ObePTdJXa4EfoTKpiAJsBruHIOWjA&oe=6965EA93,WKWKWKWKWKWK,2025-12-30T02:52:34.000Z,1,0,https://www.instagram.com/p/DS3mFSJkjEY/c/17858192529527049
https://www.instagram.com/reel/DS3tOsykhyT/,kannepali,kannepali,Kanne Pali,False,https://scontent-lga3-3.cdninstagram.com/v/t51.2885-19/488421635_668603712217371_5372757461336807292_n.jpg?stp=dst-jpg_e0_s150x150_tt6&_nc_cat=108&ig_cache_key=GAO5HB0bIcNuF2ACAHxXT_tx3o9KbkULAAAB1501500j-ccb7-5&ccb=7-5&_nc_sid=669407&efg=eyJ2ZW5jb2RlX3RhZyI6InByb2ZpbGVfcGljLnd3dy4xMDgwLkMzIn0%3D&_nc_ohc=7imYPb4nBxMQ7kNvwE5YxTJ&_nc_oc=Adm1vYfJmYk_dDVj1Cv7X9IzSHsnw1NgHPvEdylY3gG2w4ktZVYdOEJy-kNiPF6oO7A&_nc_ad=z-m&_nc_cid=0&_nc_zt=24&_nc_ht=scontent-lga3-3.cdninstagram.com&oh=00_AfqY6QyWhA6zqStEcCXjB4P0jDt1QxNziamvmABpjaMQEw&oe=6965DE51,Itu urusan anda kalau mau jadi pemimpin kami rakyat Nda ada urusan dengan itu,2025-12-30T02:21:34.000Z,1,0,https://www.instagram.com/p/DS3tOsykhyT/c/18050143496682956
https://www.instagram.com/korankaltara/reel/DS3mFSJkjEY/?hl=ar,djiesuyanto,djiesuyanto,Djie Suyanto,False,https://scontent-den2-1.cdninstagram.com/v/t51.2885-19/371438122_289995010320864_5019479597991362234_n.jpg?stp=dst-jpg_e0_s150x150_tt6&_nc_cat=108&ig_cache_key=GCqyIxbgqZO5vwcBALp_mJsZxqhFbkULAAAB1501500j-ccb7-5&ccb=7-5&_nc_sid=669407&efg=eyJ2ZW5jb2RlX3RhZyI6InByb2ZpbGVfcGljLnd3dy40MzEuQzMifQ%3D%3D&_nc_ohc=38dveqN9-_0Q7kNvwFxLYx7&_nc_oc=Adkqf4UXtLtW4W02sYjZPPMvk0jxPH6KJnjSTuLCQG_bsP3Od35cbm78nffIY90cWtk&_nc_ad=z-m&_nc_cid=0&_nc_zt=24&_nc_ht=scontent-den2-1.cdninstagram.com&oh=00_AfpXRqI99EG-qTiL72d_GQuMPwhjF2skU4S0oIhbyJx2pQ&oe=6965EAEE,"New orde baru, sdh mulai promosi",2025-12-30T02:14:30.000Z,0,0,https://www.instagram.com/p/DS3mFSJkjEY/c/18080382992335942
https://www.instagram.com/korankaltara/reel/DS3mFSJkjEY/?hl=ar,mynameisdaecun,mynameisdaecun,daecun,False,https://scontent-den2-1.cdninstagram.com/v/t51.2885-19/491899500_2031917213963742_8807465542950680391_n.jpg?stp=dst-jpg_e0_s150x150_tt6&_nc_cat=110&ig_cache_key=GGzKUR3eVcCXBDgHAEd3EVM-Zzp6bkULAAAB1501500j-ccb7-5&ccb=7-5&_nc_sid=669407&efg=eyJ2ZW5jb2RlX3RhZyI6InByb2ZpbGVfcGljLnd3dy4xMDgwLkMzIn0%3D&_nc_ohc=NLYjLI3fCYEQ7kNvwE8ciUJ&_nc_oc=AdkqjVKoUPalYH0woQKM20ld5Cfs0Ai24bnQM-eUIbwVrh0SqF0BpYs4sdDxGo-mPkA&_nc_ad=z-m&_nc_cid=0&_nc_zt=24&_nc_ht=scontent-den2-1.cdninstagram.com&oh=00_AfoVSEq3MawuBFoZ735QLAvnk2Zpk1rWiBOjiJeGAz4jNQ&oe=6965F944,Saya mencium sistem order lama akan bangkit lagi. Pilpres pun rakyat tidak bisa memilih. Hak rakyat di tiadakan.,2025-12-30T02:06:49.000Z,2,0,https://www.instagram.com/p/DS3mFSJkjEY/c/18080291197957149
https://www.instagram.com/korankaltara/reel/DS3mFSJkjEY/?hl=ar,rafa_st24,rafa_st24,Rafa_St24,False,https://scontent-den2-1.cdninstagram.com/v/t51.2885-19/474258830_1156479849308438_2570588936665594244_n.jpg?stp=dst-jpg_e0_s150x150_tt6&_nc_cat=100&ig_cache_key=GI6dRBwWoZvyzxsEAIR5gLEEkawjbkULAAAB1501500j-ccb7-5&ccb=7-5&_nc_sid=669407&efg=eyJ2ZW5jb2RlX3RhZyI6InByb2ZpbGVfcGljLnd3dy4xMDgwLkMzIn0%3D&_nc_ohc=GDWwF2yAEewQ7kNvwEGncqv&_nc_oc=AdkZ3CEpcy90Gh2VrpjstUmOuv4PLBHvLbzE1DH-CZPPglUt0TJgDpAFwOMRPbqfUKE&_nc_ad=z-m&_nc_cid=0&_nc_zt=24&_nc_ht=scontent-den2-1.cdninstagram.com&oh=00_AfqeTUD8gnfCGnmjw_9WC16FdvmcT5MnhIpwgZmcmsE4Hg&oe=6965F1C9,Waspada jaman orde baru sudah mulai kelihatan,2025-12-30T01:57:26.000Z,5,0,https://www.instagram.com/p/DS3mFSJkjEY/c/18093316285824457
https://www.instagram.com/korankaltara/reel/DS3mFSJkjEY/?hl=ar,wandi_el_shirazi,wandi_el_shirazi,Wandi Elshirazi,False,https://scontent-den2-1.cdninstagram.com/v/t51.2885-19/129172102_1013104039201387_8200098398964884506_n.jpg?stp=dst-jpg_e0_s150x150_tt6&_nc_cat=102&ig_cache_key=GIYCswdrimCqaZkDABokjUEMmsxxbkULAAAB1501500j-ccb7-5&ccb=7-5&_nc_sid=669407&efg=eyJ2ZW5jb2RlX3RhZyI6InByb2ZpbGVfcGljLnd3dy4xMDgwLkMzIn0%3D&_nc_ohc=SGw8ZOkAtB0Q7kNvwE78npv&_nc_oc=AdkVBgnXkWTiU0cQd3Pii-Gl2Ze2fhcn1BbbM0Qk47aCMVTqG1wcx6dvI0phfQ4KsU0&_nc_ad=z-m&_nc_cid=0&_nc_zt=24&_nc_ht=scontent-den2-1.cdninstagram.com&oh=00_AfqJGrgn7sJnS3f1sj8jCQpWcuADlWN4hbNKPX2v-lUvog&oe=6965E813,Saya jug amndukung😂😂😂,2025-12-30T01:27:51.000Z,0,0,https://www.instagram.com/p/DS3mFSJkjEY/c/18186905218348394
https://www.instagram.com/p/DS3ikSmAWEp/,agungbayu_kurniawan,agungbayu_kurniawan,Agung Bayu Kurniawan,False,https://scontent-lax3-2.cdninstagram.com/v/t51.2885-19/489963976_969116145291853_5145389171531570538_n.jpg?stp=dst-jpg_e0_s150x150_tt6&_nc_cat=111&ig_cache_key=GMhBNB1NEpbvZ3EDAGrdR6gwGGhHbkULAAAB1501500j-ccb7-5&ccb=7-5&_nc_sid=669407&efg=eyJ2ZW5jb2RlX3RhZyI6InByb2ZpbGVfcGljLnd3dy4xMDAzLkMzIn0%3D&_nc_ohc=GleIOrWacPEQ7kNvwG36PuU&_nc_oc=AdkTYKuSz4JrdTOXQO-7f6k_rsr8Xg8LhjB-RKHgdtcLyT4oPjkFls_5eD9zWg8am2w&_nc_ad=z-m&_nc_cid=0&_nc_zt=24&_nc_ht=scontent-lax3-2.cdninstagram.com&oh=00_Afrnt2AUHPM2P6ydiG3bB-vttEMWNblXP2MymvJFo_Z0yg&oe=6965E625,NeoOrba,2025-12-30T01:23:04.000Z,2,0,https://www.instagram.com/p/DS3ikSmAWEp/c/18105025975666584
https://www.instagram.com/p/DS1vU5RAGa7/,bu_dyahmaya,bu_dyahmaya,Dyah Maya Sulistyowati,False,https://scontent-iad3-1.cdninstagram.com/v/t51.82787-19/558489005_18377148745199774_2873564539658379296_n.jpg?stp=dst-jpg_e0_s150x150_tt6&_nc_cat=108&ig_cache_key=GK3dSSGeMPFe60lBACAgf1m58_AnbmNDAQAB1501500j-ccb7-5&ccb=7-5&_nc_sid=669407&efg=eyJ2ZW5jb2RlX3RhZyI6InByb2ZpbGVfcGljLnd3dy4xMDgwLkMzIn0%3D&_nc_ohc=BwVRPh5aEdIQ7kNvwHy9u2H&_nc_oc=AdnasNj-huwCJgrxUH9dWTxTzhk53Y5y_cOB27r3-WHpTehlRQ78vDq3rWTvT6EqOL0&_nc_ad=z-m&_nc_cid=0&_nc_zt=24&_nc_ht=scontent-iad3-1.cdninstagram.com&_nc_gid=gAuIb0aDyXjJEnDd3ymkXg&oh=00_AfrnNRejsmj4ATP6r0L3Qq0mi1r3MzUYv5xvCSppommnYA&oe=6965C460,Kl itu terjadi...selamat datang new orba dan mengingkari hasil reformasi,2025-12-30T01:19:05.000Z,3,2,https://www.instagram.com/p/DS1vU5RAGa7/c/17927603796187974
https://www.instagram.com/korankaltara/reel/DS3mFSJkjEY/?hl=ar,rzk_88h,rzk_88h,,False,https://scontent-den2-1.cdninstagram.com/v/t51.2885-19/289018449_600082908010895_8185913723514879694_n.jpg?stp=dst-jpg_e0_s150x150_tt6&_nc_cat=102&ig_cache_key=GFESOhGPWZGwxSECAM5_GSQpNZpxbkULAAAB1501500j-ccb7-5&ccb=7-5&_nc_sid=669407&efg=eyJ2ZW5jb2RlX3RhZyI6InByb2ZpbGVfcGljLnd3dy41ODAuQzMifQ%3D%3D&_nc_ohc=qiuQEGLMhPkQ7kNvwG_fe3c&_nc_oc=Adk4DJxL6NOkyBAFDzQoF5CHXd4TQw2TuLnNKLbk2gIN_8J1lQQUf3QY6qq7b-WDsH0&_nc_ad=z-m&_nc_cid=0&_nc_zt=24&_nc_ht=scontent-den2-1.cdninstagram.com&oh=00_Afr__dLyZ0HrGa4MqC-_QOP-tZQYkt4WZqedkCxnaiNcpg&oe=6965CB2F,biar gampang ngatur titipan ya,2025-12-30T01:17:18.000Z,3,0,https://www.instagram.com/p/DS3mFSJkjEY/c/17895091188378104
https://www.instagram.com/p/DS3ikSmAWEp/,ferriy,ferriy,Ferriy Bagus,False,https://scontent-lax3-2.cdninstagram.com/v/t51.82787-19/609170753_18551411680049807_9177338590584607710_n.jpg?stp=dst-jpg_e0_s150x150_tt6&_nc_cat=107&ig_cache_key=GEE1TySPekUfaehBAN6TRxPTdFx-bmNDAQAB1501500j-ccb7-5&ccb=7-5&_nc_sid=669407&efg=eyJ2ZW5jb2RlX3RhZyI6InByb2ZpbGVfcGljLnd3dy4xMDgwLkMzIn0%3D&_nc_ohc=UGgcsice8lsQ7kNvwFRB1O0&_nc_oc=AdmGPNERZdZe0UYg7j4ft-mRruolqHeGbZeUfufg2m6u_3kd22pG5mVj67RK-Pg3oeo&_nc_ad=z-m&_nc_cid=0&_nc_zt=24&_nc_ht=scontent-lax3-2.cdninstagram.com&_nc_gid=AWNEe01z5S4PL3IiKnWp7A&oh=00_Afpw4hGEPRId5FQoviTDwXV1Coym8eaoSNLDHS1kjhU4mw&oe=6965D844,Orde Baru - Baru lagi,2025-12-30T00:59:15.000Z,142,2,https://www.instagram.com/p/DS3ikSmAWEp/c/17863829115547533
https://www.instagram.com/p/DS3ikSmAWEp/,herusetya08,herusetya08,Herru Setya,False,https://scontent-lax3-2.cdninstagram.com/v/t51.2885-19/426285440_1735013443667290_7533245318012160167_n.jpg?stp=dst-jpg_e0_s150x150_tt6&_nc_cat=103&ig_cache_key=GICZaBlahf1L-CkGAKdI-TG0dotobkULAAAB1501500j-ccb7-5&ccb=7-5&_nc_sid=669407&efg=eyJ2ZW5jb2RlX3RhZyI6InByb2ZpbGVfcGljLnd3dy4xMDgwLkMzIn0%3D&_nc_ohc=XkBN5wa-XIcQ7kNvwHW_DZQ&_nc_oc=AdnXAV1egkpaJyDLIy_ZSzBvQvJztoeuD-J5t6v_bFxI7X3992octU7aq11o0FNmn3g&_nc_ad=z-m&_nc_cid=0&_nc_zt=24&_nc_ht=scontent-lax3-2.cdninstagram.com&oh=00_AfqtgUgKx_C7YVCnBwbQMm2M2v32FlAeSTaRfmBqdSBEvQ&oe=6965F674,Sekalinya berkuasa ngobrak ngabrik tatanan,2025-12-30T00:58:58.000Z,4,0,https://www.instagram.com/p/DS3ikSmAWEp/c/18051008642427902
https://www.instagram.com/p/DS3ikSmAWEp/,setiawan0902,setiawan0902,wendy setiawan,False,https://scontent-lax3-1.cdninstagram.com/v/t51.2885-19/481335158_2372626616429762_616846137576283848_n.jpg?stp=dst-jpg_e0_s150x150_tt6&_nc_cat=109&ig_cache_key=GHaXsBzCLKgu5G0IAMheTj9Leo8IbkULAAAB1501500j-ccb7-5&ccb=7-5&_nc_sid=669407&efg=eyJ2ZW5jb2RlX3RhZyI6InByb2ZpbGVfcGljLnd3dy4xMDgwLkMzIn0%3D&_nc_ohc=5qq9jn1bWFUQ7kNvwFwcChx&_nc_oc=Adk2nTO6h3jC232gS6WcwX0aL-raYYo_yBWT8Nl8hMHvlf3NaVPEe92XvV5-YEQDLSE&_nc_ad=z-m&_nc_cid=0&_nc_zt=24&_nc_ht=scontent-lax3-1.cdninstagram.com&oh=00_AfrufrgPoNgQXIrsJR7jdVB9qOOGkZOyvPYGEQoxxRU_Fw&oe=6965FB15,Balik jaman kerajaan klw gtu omku,2025-12-30T00:55:32.000Z,3,0,https://www.instagram.com/p/DS3ikSmAWEp/c/18089638676073121
https://www.instagram.com/p/DS3ikSmAWEp/,ahmadkunang267,ahmadkunang267,Ahmad Kunang,False,https://scontent-lax3-1.cdninstagram.com/v/t51.2885-19/28765217_921889347988208_8830625830578159616_n.jpg?stp=dst-jpg_e0_s150x150_tt6&_nc_cat=108&ig_cache_key=GCHstgHw6hsXdEYDAAAAAABor4x6bkULAAAB1501500j-ccb7-5&ccb=7-5&_nc_sid=669407&efg=eyJ2ZW5jb2RlX3RhZyI6InByb2ZpbGVfcGljLnd3dy43MTkuQzMifQ%3D%3D&_nc_ohc=WT5QFfFzc-8Q7kNvwFc-55S&_nc_oc=AdmvXK5e3Dy8G6qizfTcij53Hg5Sr9kuFtXsDMVfjK1JQQLd4_H_kkbNguEOxVZoXA8&_nc_ad=z-m&_nc_cid=0&_nc_zt=24&_nc_ht=scontent-lax3-1.cdninstagram.com&oh=00_AfqVZwq3ei36pdkHKRQtWY0vPyCp_gLgLrRYbB2zTwlX9Q&oe=6965F79A,Tidak usah bnyak berlalu selesaikan.dulu janji2 politiknya tuk 5 tahun kedepan,2025-12-30T00:51:33.000Z,14,1,https://www.instagram.com/p/DS3ikSmAWEp/c/17997378005708415
https://www.instagram.com/p/DS3ikSmAWEp/,azizah_reborn,azizah_reborn,azizah07,False,https://scontent-lax3-1.cdninstagram.com/v/t51.82787-19/589401596_18014948723841679_2015100237754765623_n.jpg?stp=dst-jpg_e0_s150x150_tt6&_nc_cat=110&ig_cache_key=GPyNISOP2lQbgABAADeRLWL9EvcbbmNDAQAB1501500j-ccb7-5&ccb=7-5&_nc_sid=669407&efg=eyJ2ZW5jb2RlX3RhZyI6InByb2ZpbGVfcGljLnd3dy4xMDgwLkMzIn0%3D&_nc_ohc=x5O4GizAmwwQ7kNvwF5ZWHq&_nc_oc=Adk3zTnpq7dJ7wlp6uYVReSv0iweochNeaDHeR_nLrxYC09nJNg9Kq2knw3w5Evdkqk&_nc_ad=z-m&_nc_cid=0&_nc_zt=24&_nc_ht=scontent-lax3-1.cdninstagram.com&_nc_gid=AWNEe01z5S4PL3IiKnWp7A&oh=00_Afq2opmztLGBtYgiXwPzkI6amC9MuLk9pgB-lld15H8qmw&oe=6965D25D,Cek ombak dl,2025-12-30T00:50:07.000Z,16,2,https://www.instagram.com/p/DS3ikSmAWEp/c/18068091638529781
https://www.instagram.com/p/DS3ikSmAWEp/,j_maldino,j_maldino,Maldine,False,https://scontent-lax3-1.cdninstagram.com/v/t51.2885-19/149790557_941078569764862_3405002123752401101_n.jpg?stp=dst-jpg_e0_s150x150_tt6&_nc_cat=110&ig_cache_key=GF2f7Qj_R9vt51cDAM1oth1k-0AvbkULAAAB1501500j-ccb7-5&ccb=7-5&_nc_sid=669407&efg=eyJ2ZW5jb2RlX3RhZyI6InByb2ZpbGVfcGljLnd3dy4xMDI2LkMzIn0%3D&_nc_ohc=HB12DsUQ0qEQ7kNvwFMX3KU&_nc_oc=Adk6DLKXbRyz5BgGTDvVXZyyM-zXByBiZNzlhgZBGZo-ycUtPXOYhvQ6fN-r8yT-HTM&_nc_ad=z-m&_nc_cid=0&_nc_zt=24&_nc_ht=scontent-lax3-1.cdninstagram.com&oh=00_AfrM72gFcQifzEiGm2QGoMytKNgoohxcD9HCqzVSyB9v4w&oe=6965D9D2,Bubarin KPU,2025-12-30T00:47:35.000Z,5,0,https://www.instagram.com/p/DS3ikSmAWEp/c/17911717317272696
https://www.instagram.com/p/DS3ikSmAWEp/,primaroni,primaroni,Oky Primaroni,False,https://scontent-lax3-2.cdninstagram.com/v/t51.2885-19/490413358_963109362475578_4181599671389425921_n.jpg?stp=dst-jpg_e0_s150x150_tt6&_nc_cat=100&ig_cache_key=GC4dOx06Im5f8WsDAAGRDv6_Bgg6bkULAAAB1501500j-ccb7-5&ccb=7-5&_nc_sid=669407&efg=eyJ2ZW5jb2RlX3RhZyI6InByb2ZpbGVfcGljLnd3dy4xMDgwLkMzIn0%3D&_nc_ohc=l1FHPbCVL-EQ7kNvwELPoJs&_nc_oc=AdkJIjGY4_ic2VonPUcnznmANqKrfxxsHqt5yVMGLsPGs4aWv4M8kIhxeFkliWD5Y_w&_nc_ad=z-m&_nc_cid=0&_nc_zt=24&_nc_ht=scontent-lax3-2.cdninstagram.com&oh=00_Afo4qa1zk3nXl4ON4PCHUSYm91CKcrOKfHL4gkTbLLrBNQ&oe=6965DF39,Udah mulai nih satu satu partai ngelempar usulan yg sama.,2025-12-30T00:45:57.000Z,6,0,https://www.instagram.com/p/DS3ikSmAWEp/c/18079390243979879
https://www.instagram.com/p/DS3ikSmAWEp/,diaz_aditya,diaz_aditya,Diaz Aditya Ramadhan,False,https://scontent-lax7-1.cdninstagram.com/v/t51.82787-19/558313675_18539591944057540_4657739664302462137_n.jpg?stp=dst-jpg_e0_s150x150_tt6&_nc_cat=105&ig_cache_key=GMswRyHEMhsgqd1BALnU-gKMnaNAbmNDAQAB1501500j-ccb7-5&ccb=7-5&_nc_sid=669407&efg=eyJ2ZW5jb2RlX3RhZyI6InByb2ZpbGVfcGljLnd3dy4xMDgwLkMzIn0%3D&_nc_ohc=UoWjbyu8n_IQ7kNvwHCw5pa&_nc_oc=Adn0rCWGlcMcXD3As_B4h83f-LFfcIvAjdD4bHVdcfkJd-XZH6xYkn8V6V1R-ZMrnCs&_nc_ad=z-m&_nc_cid=0&_nc_zt=24&_nc_ht=scontent-lax7-1.cdninstagram.com&_nc_gid=AWNEe01z5S4PL3IiKnWp7A&oh=00_Afr4AzRb-EUm60h8MIzbdNXHsPzKZNU2sewus47_Vr991g&oe=6965F644,Karena udah tau orang gak bakal milih Grnda lagi ya?,2025-12-30T00:44:36.000Z,70,1,https://www.instagram.com/p/DS3ikSmAWEp/c/18033676613738983
https://www.instagram.com/p/DS2PmYKk4nc/,haritasik12,haritasik12,harirehan,False,https://scontent-lax3-1.cdninstagram.com/v/t51.2885-19/484651045_2163964677397443_4483443845352307456_n.jpg?stp=dst-jpg_e0_s150x150_tt6&_nc_cat=110&ig_cache_key=GCUw4xzDG_dJHbAHAAC7okxsZDg_bkULAAAB1501500j-ccb7-5&ccb=7-5&_nc_sid=669407&efg=eyJ2ZW5jb2RlX3RhZyI6InByb2ZpbGVfcGljLnd3dy4xMDgwLkMzIn0%3D&_nc_ohc=CmTJaI-a_1sQ7kNvwHK2aq7&_nc_oc=AdlNf1e9FFB7vcOmpaQQY7v0s5_-C8fUmz_326dv39wQNkhIGbHXNujp7qwlZ2QIdYw&_nc_ad=z-m&_nc_cid=0&_nc_zt=24&_nc_ht=scontent-lax3-1.cdninstagram.com&oh=00_Afo_JUAMGVf_vr_RkDVlLeV565J2LMBVo7v27n8Mc8xh0w&oe=6965E6BD,"Yang salah ya wasit,.malah ikutan jadi pemain,..akhirnya seperti inilah yg terjadi,.",2025-12-29T23:35:22.000Z,1,2,https://www.instagram.com/p/DS2Sdozk0Cz/c/18090215137810637
https://www.instagram.com/p/DS1vU5RAGa7/,francismarierini,francismarierini,rini,False,https://scontent-iad3-1.cdninstagram.com/v/t51.2885-19/38244377_253019835536258_8282126247379599360_n.jpg?stp=dst-jpg_e0_s150x150_tt6&_nc_cat=107&ig_cache_key=GBmQRwKCE2vFHuYAAAAAAADxBfBybkULAAAB1501500j-ccb7-5&ccb=7-5&_nc_sid=669407&efg=eyJ2ZW5jb2RlX3RhZyI6InByb2ZpbGVfcGljLnd3dy4xMDgwLkMzIn0%3D&_nc_ohc=79HG2C1p8PoQ7kNvwEP_4hh&_nc_oc=AdlM8gvG6ozEwzq28g-1MFRwlL1GVKjncHddbT1zBiINcwcyGn8o2gHYngGyoLm1RRE&_nc_ad=z-m&_nc_cid=0&_nc_zt=24&_nc_ht=scontent-iad3-1.cdninstagram.com&oh=00_AfrRYghP0kgW4JtNBChpRiMMk_WsekrCK4ElwaKyxh8U7A&oe=6965D56E,Setuju dengan pendapat Mas Guntur Romli 🔥🔥🔥,2025-12-29T21:59:58.000Z,11,0,https://www.instagram.com/p/DS1vU5RAGa7/c/18388090567150323
https://www.instagram.com/reel/DS1Zlt6it5r/,chikifawzi,chikifawzi,Chiki Fawzi,True,https://scontent-sjc3-1.cdninstagram.com/v/t51.82787-19/588754276_18540209995003885_1791840387864553748_n.jpg?stp=dst-jpg_e0_s150x150_tt6&_nc_cat=102&ig_cache_key=GGStFyPtN9AGOd5BABRp3dRW5d0YbmNDAQAB1501500j-ccb7-5&ccb=7-5&_nc_sid=669407&efg=eyJ2ZW5jb2RlX3RhZyI6InByb2ZpbGVfcGljLnd3dy4xMDgwLkMzIn0%3D&_nc_ohc=k1E3Xmydb9MQ7kNvwF4VRvr&_nc_oc=AdkknI4PNnZZIOx85DLV3kLC9ZXnT5OD5QiJHsEV4L52cgw7GWrQQX1b6X2jj0dgA-I&_nc_ad=z-m&_nc_cid=0&_nc_zt=24&_nc_ht=scontent-sjc3-1.cdninstagram.com&_nc_gid=R9GQXurwJeWqBCW9vzxgcw&oh=00_AfozmFdW9afXTP6HwWg9XiUTwk_LJQZILid5aBZzW07R6Q&oe=6965D677,Astagfirullah,2025-12-29T18:17:58.000Z,310,0,https://www.instagram.com/p/DS1Zlt6it5r/c/18417350641138467
https://www.instagram.com/reel/DS2dJUxCevK/,ayam_geprek_spg,ayam_geprek_spg,Riki Adhya,False,https://scontent-sjc3-1.cdninstagram.com/v/t51.2885-19/471595134_496378186262393_2261802177627958033_n.jpg?stp=dst-jpg_e0_s150x150_tt6&_nc_cat=106&ig_cache_key=GH74Gxx5Z3cNdMMBABEruNUYiWMfbkULAAAB1501500j-ccb7-5&ccb=7-5&_nc_sid=669407&efg=eyJ2ZW5jb2RlX3RhZyI6InByb2ZpbGVfcGljLnd3dy45NjAuQzMifQ%3D%3D&_nc_ohc=xgnqpnEregQQ7kNvwHLqra5&_nc_oc=AdnLyJ9dX7LIsb4dtvqPJJWCcNdweGYBgNwx4O-0pMP2tobSn9U3d8raPNepKVNt6dU&_nc_ad=z-m&_nc_cid=0&_nc_zt=24&_nc_ht=scontent-sjc3-1.cdninstagram.com&oh=00_AfqJdsw8ydo16vBPjTPP1CoWqT-kccLEEZlIT5Dwo2mDRQ&oe=6965E650,Paham kan kenapa rakyat gak boleh pintar dan sejahtera? Abis dpr nanti presiden di pilih oleh dpr seperti dulu lagi. Artinya golongan mrk harus jd presiden kembali. Bahaya kl gak jd presiden mereka bisa orange semua kah?,2025-12-29T17:30:38.000Z,48,2,https://www.instagram.com/p/DS2dJUxCevK/c/17894447709241799
https://www.instagram.com/reel/DS2dJUxCevK/,wieddn,wieddn,,False,https://scontent-sjc3-1.cdninstagram.com/v/t51.2885-19/11325172_1468817660076539_1345934207_a.jpg?stp=dst-jpg_e0_tt6&_nc_cat=102&ig_cache_key=GPTOrAD7Yd7C4TcFAH9TOVAAAAAAYUULAAAB1501500j-ccb7-5&ccb=7-5&_nc_sid=669407&efg=eyJ2ZW5jb2RlX3RhZyI6InByb2ZpbGVfcGljLnd3dy4xNTAuQzMifQ%3D%3D&_nc_ohc=JAV_KUScF3gQ7kNvwHT-aa_&_nc_oc=Admy-denG0fiKfrgvsQ7yiv6pI3YHZfimaCXjZSRjlTdQRwZr5LFIwN6J5SAMtl46-A&_nc_ad=z-m&_nc_cid=0&_nc_zt=24&_nc_ht=scontent-sjc3-1.cdninstagram.com&oh=00_Afq57eRTzfW4AKUAUVeViDPbS7QDLdv7XvilsxzR1vSxXg&oe=6965D642,Perang dah sama rakyat,2025-12-29T17:12:41.000Z,8,0,https://www.instagram.com/p/DS2dJUxCevK/c/18068010701435772
https://www.instagram.com/p/DS1vU5RAGa7/,budi.7892,budi.7892,budi,False,https://scontent-iad3-2.cdninstagram.com/v/t51.89012-19/573323465_1219825463302212_7278921664109726296_n.png?stp=dst-webp_s150x150&_nc_cat=1&ig_cache_key=YW5vbnltb3VzX3Byb2ZpbGVfcGlj.3-ccb7-5&ccb=7-5&_nc_sid=669407&efg=eyJ2ZW5jb2RlX3RhZyI6InByb2ZpbGVfcGljLnd3dy5DMyJ9&_nc_ohc=RNOcSyqJy9IQ7kNvwEfUcp-&_nc_oc=Adm8CH0hBgyHU4BKHu4f-dFfXzG4D9arH-oTmmRL71gGps6e91ru0JyvyHt-N4DyNaQ&_nc_ad=z-m&_nc_cid=0&_nc_zt=24&_nc_ht=scontent-iad3-2.cdninstagram.com&_nc_gid=gAuIb0aDyXjJEnDd3ymkXg&oh=00_AfqdCqqKx1XtfQ7bhjk61gw2a-5Z7-M9_fNPeLl01sLk-A&oe=6965DD19,Jangan sampai kembali ke zaman orba.,2025-12-29T17:05:19.000Z,15,0,https://www.instagram.com/p/DS1vU5RAGa7/c/18061984481261324
https://www.instagram.com/reel/DS2dJUxCevK/,hey_you995,hey_you995,Mp,False,https://scontent-sjc6-1.cdninstagram.com/v/t51.2885-19/471934434_1330142701509193_1385527354589695251_n.jpg?stp=dst-jpg_e0_s150x150_tt6&_nc_cat=108&ig_cache_key=GOIlIRxJWjn7wbkEABPN58TJYToTbkULAAAB1501500j-ccb7-5&ccb=7-5&_nc_sid=669407&efg=eyJ2ZW5jb2RlX3RhZyI6InByb2ZpbGVfcGljLnd3dy4xMDgwLkMzIn0%3D&_nc_ohc=10O6d6I9tFkQ7kNvwFi6W8D&_nc_oc=AdkuJDG5EmfYaT3po2JlTmumdbqZzMXBwptyBcvhY8xNpTBC0RXFYnI22Te793D_KCg&_nc_ad=z-m&_nc_cid=0&_nc_zt=24&_nc_ht=scontent-sjc6-1.cdninstagram.com&oh=00_AfpqOnHwtKsglw9n2N4lUdI5mHz6XFDiwf0xK8O7D3FOXw&oe=6965CE4E,JAMAN SKRG BANYAK ORANG STRESSS BUKAN KARENA KEHIDUPAN / MATERI TP STRESSS MIKIRIN NEGARA KE AMBUR RADUL😢,2025-12-29T16:16:48.000Z,12,0,https://www.instagram.com/p/DS2dJUxCevK/c/18059166320641976
https://www.instagram.com/reel/DS2dJUxCevK/,achmad_fuhadi,achmad_fuhadi,Achmad Fuhadi,False,https://scontent-sjc6-1.cdninstagram.com/v/t51.82787-19/541973528_18374149387197296_5339283592219720918_n.jpg?stp=dst-jpg_e0_s150x150_tt6&_nc_cat=111&ig_cache_key=GBjcTSBwG0YHMUdBANb8U20j8hhKbmNDAQAB1501500j-ccb7-5&ccb=7-5&_nc_sid=669407&efg=eyJ2ZW5jb2RlX3RhZyI6InByb2ZpbGVfcGljLnd3dy4xMDgwLkMzIn0%3D&_nc_ohc=1CEiedE7A7IQ7kNvwEPbpjx&_nc_oc=AdlL3aY7q7YyaFdYb8a-dgPi6qvNrNv619xqRjK3mulgK2FhfcHn9VU9chaBBDXrwAc&_nc_ad=z-m&_nc_cid=0&_nc_zt=24&_nc_ht=scontent-sjc6-1.cdninstagram.com&_nc_gid=TjakhSk-mm-qmzm4AZ0pgg&oh=00_AfoXX2ALr_-P0Lb7FUBlxrMdlHUSxAySTfYGI5NasVmzqA&oe=6965F5B8,Padahal udah reformasi malah Balik lagi ke jaman Orba....😢😢😢,2025-12-29T15:47:14.000Z,51,2,https://www.instagram.com/p/DS2dJUxCevK/c/17926857822188914
https://www.instagram.com/p/DS1vU5RAGa7/,muhamadhidayat5342,muhamadhidayat5342,Jhon,False,https://scontent-iad3-1.cdninstagram.com/v/t51.2885-19/109728771_731409430929104_7484314344876138808_n.jpg?stp=dst-jpg_e0_s150x150_tt6&_nc_cat=107&ig_cache_key=GANUigbQ3lCHNpkCADjhszk_oN1nbkULAAAB1501500j-ccb7-5&ccb=7-5&_nc_sid=669407&efg=eyJ2ZW5jb2RlX3RhZyI6InByb2ZpbGVfcGljLnd3dy4xMDgwLkMzIn0%3D&_nc_ohc=Gt5ML7kYJtsQ7kNvwF9ctV-&_nc_oc=Adm2e3yzF4-pM6QEq0vKnGK0yd8Y8ih6WHIHu3EmU_MYEeE22svIRc-8x5ZNYaY0_dk&_nc_ad=z-m&_nc_cid=0&_nc_zt=24&_nc_ht=scontent-iad3-1.cdninstagram.com&oh=00_AfrCZjUSzJXwreg3bPkRnVKCISo2Wd4t2cMKEiUDiw0e3g&oe=6965D636,"Kembali k jmn orde baru donk,,,susah2 dpt repormasi 98 ,msa mau di pilih dprd lg tolakkk",2025-12-29T15:25:26.000Z,11,0,https://www.instagram.com/p/DS1vU5RAGa7/c/18057873167649875
https://www.instagram.com/reel/DS2dJUxCevK/,andi.lala.surez,andi.lala.surez,Andi pedrosa,False,https://scontent-sjc6-1.cdninstagram.com/v/t51.2885-19/475411029_1332683204595967_2770124330095214410_n.jpg?stp=dst-jpg_e0_s150x150_tt6&_nc_cat=101&ig_cache_key=GFUyVhz-EAJ9EbwEAEr--cZmdXEmbkULAAAB1501500j-ccb7-5&ccb=7-5&_nc_sid=669407&efg=eyJ2ZW5jb2RlX3RhZyI6InByb2ZpbGVfcGljLnd3dy43MjAuQzMifQ%3D%3D&_nc_ohc=Cg5RLIx4e5EQ7kNvwEEmCQu&_nc_oc=AdlZLb8ulzei40usX6plsp4J7P0Nt76UtjtGtFalwrStP19ot480oHiXYPKrtHEfPDo&_nc_ad=z-m&_nc_cid=0&_nc_zt=24&_nc_ht=scontent-sjc6-1.cdninstagram.com&oh=00_Afo50cf6o0O-3hxgLM7MuBrMglXA6iE2TGeoMoK5DeTrUQ&oe=6965C9FF,"intinya mereka itu pada takut gak dapat suara nanti di pemilu mendatang😮karena kepercayaan rakyat terhadap orang-orang yang dipilihnya sungguh sangat mengecewakan dengan kinerjanya dan tidak sesuai harapan rakyat,mereka cuma memikirkan kolega dan partai-nya🔥👏",2025-12-29T15:22:32.000Z,4,0,https://www.instagram.com/p/DS2dJUxCevK/c/18138378301467702
https://www.instagram.com/reel/DS2dJUxCevK/,hamsuryas,hamsuryas,Ilham Syahputra,False,https://scontent-sjc6-1.cdninstagram.com/v/t51.82787-19/524647010_18473096473072324_2992825348656552608_n.jpg?stp=dst-jpg_e0_s150x150_tt6&_nc_cat=107&ig_cache_key=GGJ6RR-E0i3xLqFBAKBadUXMpogpbmNDAQAB1501500j-ccb7-5&ccb=7-5&_nc_sid=669407&efg=eyJ2ZW5jb2RlX3RhZyI6InByb2ZpbGVfcGljLnd3dy4xMDgwLkMzIn0%3D&_nc_ohc=KD0tkNohA34Q7kNvwHQwru7&_nc_oc=AdmaCxkod64jkblb7_3Ax7CQ45Mu5WYXvfS3vLKn5L3ihB49yeri8Yf94bn3wasG-b4&_nc_ad=z-m&_nc_cid=0&_nc_zt=24&_nc_ht=scontent-sjc6-1.cdninstagram.com&_nc_gid=TjakhSk-mm-qmzm4AZ0pgg&oh=00_AfpIfDBLW1imj-ZvkNxgo7r9YwG5pQFTPUixt1fx2iyPqQ&oe=6965EE91,"4 provinsi lagi kena bencana, malah bahas pilkada 🥱",2025-12-29T15:10:16.000Z,143,2,https://www.instagram.com/p/DS2dJUxCevK/c/18012272585809248
https://www.instagram.com/reel/DS2dJUxCevK/,s_pisan,s_pisan,san pisan,False,https://scontent-sjc6-1.cdninstagram.com/v/t51.2885-19/326784803_841831487109233_6094541222229451373_n.jpg?stp=dst-jpg_e0_s150x150_tt6&_nc_cat=107&ig_cache_key=GCNXehNx_L8qpP0CAG0i9ovzKJRUbkULAAAB1501500j-ccb7-5&ccb=7-5&_nc_sid=669407&efg=eyJ2ZW5jb2RlX3RhZyI6InByb2ZpbGVfcGljLnd3dy4xMDgwLkMzIn0%3D&_nc_ohc=ZUVVJkfuy3gQ7kNvwGvNzBO&_nc_oc=Adk3uaJCaQeMNkyXKgnq5xl9Syo3sM7Pb1Yv0cS5HV1DorCVmzsNm28KKy-puWvYOAU&_nc_ad=z-m&_nc_cid=0&_nc_zt=24&_nc_ht=scontent-sjc6-1.cdninstagram.com&oh=00_AfoiGuMpGxxv-NKYqOd_LNw53qYstqYNum6xIn3vqRDVUA&oe=6965F89E,Baru berkuasa udah aneh aneh😂,2025-12-29T14:57:22.000Z,31,2,https://www.instagram.com/p/DS2dJUxCevK/c/17934977451140200
https://www.instagram.com/reel/DS2dJUxCevK/,adechepsunarya,adechepsunarya,Ade Chep Sunarya,False,https://scontent-sjc3-1.cdninstagram.com/v/t51.2885-19/334286931_1273035093564911_8415659254358167133_n.jpg?stp=dst-jpg_e0_s150x150_tt6&_nc_cat=106&ig_cache_key=GFPQ7BPv3YmU0YUEAF1Ov-aAbcp0bkULAAAB1501500j-ccb7-5&ccb=7-5&_nc_sid=669407&efg=eyJ2ZW5jb2RlX3RhZyI6InByb2ZpbGVfcGljLnd3dy43MTkuQzMifQ%3D%3D&_nc_ohc=S8N9fDVZ1ZgQ7kNvwE9-mzK&_nc_oc=Adm1e05ztxglgO8LWvkMZNFqASUsqh09YsUmYwXdJb96wy7Z3dSjc1r3eIledwIty1U&_nc_ad=z-m&_nc_cid=0&_nc_zt=24&_nc_ht=scontent-sjc3-1.cdninstagram.com&oh=00_AfoR26hjq5nc57YmASRzHYcIXzca_cASUIMsLKwRWuqnow&oe=6965C559,"regim bokbrok neo orba bangkit lagi menuju kegelapan ! jgn pilih gerindra , bencana kepeminpinan nasional",2025-12-29T14:47:35.000Z,9,0,https://www.instagram.com/p/DS2dJUxCevK/c/17859980991565562
https://www.instagram.com/reel/DS2dJUxCevK/,iamaskaarmando,iamaskaarmando,Aska Armando,False,https://scontent-sjc6-1.cdninstagram.com/v/t51.2885-19/272344528_126994109825339_5602436090371262213_n.jpg?stp=dst-jpg_e0_s150x150_tt6&_nc_cat=104&ig_cache_key=GNClOxA7Ac4egHMAAAVHaPPw2b9NbkULAAAB1501500j-ccb7-5&ccb=7-5&_nc_sid=669407&efg=eyJ2ZW5jb2RlX3RhZyI6InByb2ZpbGVfcGljLnd3dy4xMDgwLkMzIn0%3D&_nc_ohc=ggUJ_btYS_sQ7kNvwH5f3Kd&_nc_oc=Admp9GARixiNUgQZUdYbmPeT9G_8mvOFLsYxZh4sNABTRej6-4J62dsIQeHiiZFfjY4&_nc_ad=z-m&_nc_cid=0&_nc_zt=24&_nc_ht=scontent-sjc6-1.cdninstagram.com&oh=00_AfrHHu_jv--jgATajuxXlugi2SXr8u3Xl0cEPV1lHjepBg&oe=6965CC8B,Berarti udah ga demokrasi lagi dong!!! Bingung gue jadi nya ama ini negara,2025-12-29T14:43:49.000Z,39,10,https://www.instagram.com/p/DS2dJUxCevK/c/18066680960168732
https://www.instagram.com/p/DS1vU5RAGa7/,kutabar,kutabar,Windo Hutabarat,False,https://scontent-iad3-1.cdninstagram.com/v/t51.2885-19/11821843_1129597393721755_726084247_a.jpg?stp=dst-jpg_e0_tt6&_nc_cat=107&ig_cache_key=GBNjtACbWWTjXAMEAJcqRysAAAAAYUULAAAB1501500j-ccb7-5&ccb=7-5&_nc_sid=669407&efg=eyJ2ZW5jb2RlX3RhZyI6InByb2ZpbGVfcGljLnd3dy4xNTAuQzMifQ%3D%3D&_nc_ohc=7D8b7gMORPEQ7kNvwFA--eP&_nc_oc=Adkf7oT9vRswWuBdN7KZgLGrxuQZolqlXYpCbu6Ip3nqvsqQ0pvIQ88tba7a2YgIGCU&_nc_ad=z-m&_nc_cid=0&_nc_zt=24&_nc_ht=scontent-iad3-1.cdninstagram.com&oh=00_Afrb49LYcbrBPWWCLyPjgSLrmZqnSIHRcRv7tHWVyhkwow&oe=6965CD73,Hantam mas 🔥🙌,2025-12-29T12:19:35.000Z,7,0,https://www.instagram.com/p/DS1vU5RAGa7/c/17928507186039665
https://www.instagram.com/p/DS1vU5RAGa7/,amoyguidotti,amoyguidotti,Amoy Guidotti,False,https://scontent-iad3-1.cdninstagram.com/v/t51.2885-19/14156413_333547940324742_3166892688301621248_a.jpg?stp=dst-jpg_e0_s150x150_tt6&_nc_cat=104&ig_cache_key=GH0C2ACGpX8uXC8BAAAAAAAfEPMrYUULAAAB1501500j-ccb7-5&ccb=7-5&_nc_sid=669407&efg=eyJ2ZW5jb2RlX3RhZyI6InByb2ZpbGVfcGljLnd3dy4yMDAuQzMifQ%3D%3D&_nc_ohc=OrXX-wEdNcEQ7kNvwEpeOQG&_nc_oc=AdkXA6DVreNW_vpRr6X-phwBKasKEc6C46Z3achZ4cni6fjo_ZTHWBH5Wp_3n8v1ztU&_nc_ad=z-m&_nc_cid=0&_nc_zt=24&_nc_ht=scontent-iad3-1.cdninstagram.com&oh=00_Afod_A3tbFByg5KFpQuiUN07wIBVwauLtWZm0BKRwC9cxw&oe=6965E9D5,"Benar.. nanti bisa jd 32th sperti Soeharto bahkan lebih & Jokowi sdh mencoba 3 periode tp gagal, rakyat hrs tahu ini.",2025-12-29T11:44:04.000Z,34,4,https://www.instagram.com/p/DS1vU5RAGa7/c/18083124143142589
https://www.instagram.com/p/DSgygMOD4cZ/,alisaiboo,alisaiboo,Alisaiboo,False,https://scontent-det1-1.cdninstagram.com/v/t51.2885-19/448521687_831132455593391_6687314617937543661_n.jpg?stp=dst-jpg_e0_s150x150_tt6&_nc_cat=103&ig_cache_key=GNfluxqv5cYa6fMCAO3Bcc82Hc5cbkULAAAB1501500j-ccb7-5&ccb=7-5&_nc_sid=669407&efg=eyJ2ZW5jb2RlX3RhZyI6InByb2ZpbGVfcGljLnd3dy45NjAuQzMifQ%3D%3D&_nc_ohc=dJxkM5eOKhQQ7kNvwEHDdkQ&_nc_oc=Adl4I65lE9kNh0_ElhyIyr1spp23QlvW6xitpI8sK2f730RJxcdPAfw1zv8VOiTnUVA&_nc_ad=z-m&_nc_cid=0&_nc_zt=24&_nc_ht=scontent-det1-1.cdninstagram.com&oh=00_Afp1-MABZAERgBG-3VUQoFPReUNJyvRgvvqU5-0HhFWVaA&oe=6965E3D2,Andry hadiah tahun baru,2025-12-29T11:39:17.000Z,0,0,https://www.instagram.com/p/DSgygMOD4cZ/c/17929936266168327
https://www.instagram.com/p/DS1vU5RAGa7/,tomiibnuhajar,tomiibnuhajar,TOMI IBNU HAJAR,False,https://scontent-iad3-1.cdninstagram.com/v/t51.82787-19/547820940_17978641652913610_4382065461088719770_n.jpg?stp=dst-jpg_e0_s150x150_tt6&_nc_cat=104&ig_cache_key=GIwVpyDKFUS1et8-AJqTs9ZROdA8bmNDAQAB1501500j-ccb7-5&ccb=7-5&_nc_sid=669407&efg=eyJ2ZW5jb2RlX3RhZyI6InByb2ZpbGVfcGljLnd3dy4xMDgwLkMzIn0%3D&_nc_ohc=uhdu1Fqwu34Q7kNvwGcVQc0&_nc_oc=AdmE96C_50_kT4sElZjn3XgwFrog1BGG_qFaXFZYQX2rD3tHQSg_zVaLTiLngmK7xtg&_nc_ad=z-m&_nc_cid=0&_nc_zt=24&_nc_ht=scontent-iad3-1.cdninstagram.com&_nc_gid=gAuIb0aDyXjJEnDd3ymkXg&oh=00_AfrWm1F1y1PhcSsSlIsBGhkezvqDniHBSD2_6o5QJHolmQ&oe=6965F788,Panjang umur perjuangan 🔥🔥🔥,2025-12-29T10:42:40.000Z,58,0,https://www.instagram.com/p/DS1vU5RAGa7/c/18114385996614385
https://www.instagram.com/reel/DS1Zlt6it5r/,walikonten,walikonten,pak wali | Sebelgram,False,https://scontent-sjc6-1.cdninstagram.com/v/t51.82787-19/548925738_18384164788132655_2492213828855683729_n.jpg?stp=dst-jpg_e0_s150x150_tt6&_nc_cat=109&ig_cache_key=GCrxtyAvW7DrTFBBAJFaQuVFH5YibmNDAQAB1501500j-ccb7-5&ccb=7-5&_nc_sid=669407&efg=eyJ2ZW5jb2RlX3RhZyI6InByb2ZpbGVfcGljLnd3dy4xMDgwLkMzIn0%3D&_nc_ohc=Aoomfl-lpcEQ7kNvwG8c39r&_nc_oc=AdkZ4UFMHtahlxdRXOXv2h7rwenq1sw1nB66q-42JdDKeJg6JpQscBirVcs85T5u2Y8&_nc_ad=z-m&_nc_cid=0&_nc_zt=24&_nc_ht=scontent-sjc6-1.cdninstagram.com&_nc_gid=R9GQXurwJeWqBCW9vzxgcw&oh=00_AfpXCYb9k2LdebK4nqipcXoBXBjPCpBWKZ36dgnNVin8Mg&oe=6965CBC4,Orba jilid 2?,2025-12-29T08:09:20.000Z,41,3,https://www.instagram.com/p/DS1Zlt6it5r/c/18061133309270072
https://www.instagram.com/reel/DS1Zlt6it5r/,kelanawisnu,kelanawisnu,(Kel) kelana wisnu,False,https://scontent-sjc6-1.cdninstagram.com/v/t51.82787-19/584396392_18547940647055599_2882887461831059085_n.jpg?stp=dst-jpg_e0_s150x150_tt6&_nc_cat=111&ig_cache_key=GGgu1SLvMJX1QOVBAI0m3lHfEgIobmNDAQAB1501500j-ccb7-5&ccb=7-5&_nc_sid=669407&efg=eyJ2ZW5jb2RlX3RhZyI6InByb2ZpbGVfcGljLnd3dy4xMDgwLkMzIn0%3D&_nc_ohc=-p1inJl7UbUQ7kNvwGyRUo0&_nc_oc=Adnqnvl6DyyKY50HudPq7TkCevlvfBkDP6MnJ_PO9oVNgMRR8Mn6Ni3t31LKMvuHkHc&_nc_ad=z-m&_nc_cid=0&_nc_zt=24&_nc_ht=scontent-sjc6-1.cdninstagram.com&_nc_gid=R9GQXurwJeWqBCW9vzxgcw&oh=00_AfqA1SpBJ2VJP7DsFVhG3UJ4lHNO60Scqhsgg-MgZq2nMQ&oe=6965DABA,Orde BAU,2025-12-29T06:43:44.000Z,36,0,https://www.instagram.com/p/DS1Zlt6it5r/c/17857907382578955
https://www.instagram.com/reel/DS1Zlt6it5r/,nada_arini,nada_arini,Nada | Eco-conscious mom,True,https://scontent-sjc6-1.cdninstagram.com/v/t51.82787-19/542599321_18537524998043759_4239772472536129718_n.jpg?stp=dst-jpg_e0_s150x150_tt6&_nc_cat=108&ig_cache_key=GJloVyBv_IXgx9tBALbg-rmZstY6bmNDAQAB1501500j-ccb7-5&ccb=7-5&_nc_sid=669407&efg=eyJ2ZW5jb2RlX3RhZyI6InByb2ZpbGVfcGljLnd3dy4xMDgwLkMzIn0%3D&_nc_ohc=5fd86r_AuF8Q7kNvwGhuDj1&_nc_oc=AdmOV2XMqVrmj_xiaFhDq12UPqPfcwvcWnkue47IQDaKgLaTNA00GMBrr8ExZ7ztF3I&_nc_ad=z-m&_nc_cid=0&_nc_zt=24&_nc_ht=scontent-sjc6-1.cdninstagram.com&_nc_gid=R9GQXurwJeWqBCW9vzxgcw&oh=00_AfrZRhB0f_rHS-LrupVDDhzQquiJGhhugM95MrxXpcgkUg&oe=6965E140,RAMAIKAN GUYS!!! No viral no justice itu nyata. Ramein kalau kita ga setuju. Tandain nih,2025-12-29T05:39:59.000Z,4040,48,https://www.instagram.com/p/DS1Zlt6it5r/c/17995432643890185
https://www.instagram.com/reel/DS1Zlt6it5r/,neohistoria.id,neohistoria.id,neohistoria Indonesia,False,https://scontent-sjc6-1.cdninstagram.com/v/t51.82787-19/590431424_18077993753521778_3967663306658643590_n.jpg?stp=dst-jpg_e0_s150x150_tt6&_nc_cat=1&ig_cache_key=GMBEMSNyLu7r1jlAAIZ_vX3B_A83bmNDAQAB1501500j-ccb7-5&ccb=7-5&_nc_sid=669407&efg=eyJ2ZW5jb2RlX3RhZyI6InByb2ZpbGVfcGljLnd3dy4xMDgwLkMzIn0%3D&_nc_ohc=knEv0EVIougQ7kNvwFBYKGi&_nc_oc=AdmCPBsBTrpAhBHkZOigdjvwCs5w3ENQ88ENldKr--ZvYODIIJoTYmrK5w0h9x44EO0&_nc_ad=z-m&_nc_cid=0&_nc_zt=24&_nc_ht=scontent-sjc6-1.cdninstagram.com&_nc_gid=R9GQXurwJeWqBCW9vzxgcw&oh=00_AfqogenEP7zHEdb8Ez-PZr-0retxxEAAzpqvKT2rbqAmfQ&oe=6965C856,"Ini Menlu apa jubir Partai, sih?",2025-12-29T05:07:57.000Z,7687,108,https://www.instagram.com/p/DS1Zlt6it5r/c/18126637108518990
https://www.instagram.com/reel/DS1Zlt6it5r/,kuyangnatadecoco,kuyangnatadecoco,kuyangnatadecoco,False,https://scontent-sjc6-1.cdninstagram.com/v/t51.82787-19/612647197_18525654454064656_4118051445912587624_n.jpg?stp=dst-jpg_e0_s150x150_tt6&_nc_cat=109&ig_cache_key=GB1BhCQQVvcM-NBBAGhNZ8D4QSY5bmNDAQAB1501500j-ccb7-5&ccb=7-5&_nc_sid=669407&efg=eyJ2ZW5jb2RlX3RhZyI6InByb2ZpbGVfcGljLnd3dy4xMDgwLkMzIn0%3D&_nc_ohc=G7TxpXSQO1kQ7kNvwG2YpbN&_nc_oc=AdkMr1LgMAqYjXzT3_jbZj2W9BeCZwz4HyHh6u_WNzo7Rrp9b1QDgk88SWBzS3tOS6g&_nc_ad=z-m&_nc_cid=0&_nc_zt=24&_nc_ht=scontent-sjc6-1.cdninstagram.com&_nc_gid=R9GQXurwJeWqBCW9vzxgcw&oh=00_Afq4ddM7zbuegcrJIo2vd_UvgBo6juX39pBvqq-hG-DErQ&oe=6965C6B1,Welcome back to Era Mertua Prabowo Subianto 💀☠️,2025-12-29T05:05:46.000Z,2200,35,https://www.instagram.com/p/DS1Zlt6it5r/c/17994241451728302
https://www.instagram.com/reel/DS1Zlt6it5r/,nedikrahayu,nedikrahayu,Nedik Rahayu,False,https://scontent-sjc6-1.cdninstagram.com/v/t51.2885-19/420098892_1387394895543371_991393666675049100_n.jpg?stp=dst-jpg_e0_s150x150_tt6&_nc_cat=101&ig_cache_key=GEwzChlLfOkL1O0EAIwCvYZJI8INbkULAAAB1501500j-ccb7-5&ccb=7-5&_nc_sid=669407&efg=eyJ2ZW5jb2RlX3RhZyI6InByb2ZpbGVfcGljLnd3dy45NjAuQzMifQ%3D%3D&_nc_ohc=NB_9hwro5QoQ7kNvwEaWGYJ&_nc_oc=AdlziMBZ9gc8gL0U0IFvYf73a0xwCiFDkfI1v_kK1l7fQK_8-2kPM5l0HxQz7y6LIko&_nc_ad=z-m&_nc_cid=0&_nc_zt=24&_nc_ht=scontent-sjc6-1.cdninstagram.com&oh=00_Afpjk-eFnimnepmOAfBAEN8_pL2b90b21gicLp04IdTqcA&oe=6965CFDC,Bentuk PENGKHIANATAN terhadap reformasi.,2025-12-29T05:01:07.000Z,7795,107,https://www.instagram.com/p/DS1Zlt6it5r/c/18308335876252301
https://www.instagram.com/reel/DS1Zlt6it5r/,farr_as,farr_as,M Farras M,True,https://scontent-sjc3-1.cdninstagram.com/v/t51.2885-19/325174507_499275415447519_7464745376695606621_n.jpg?stp=dst-jpg_e0_s150x150_tt6&_nc_cat=103&ig_cache_key=GOvEYRPfZ8idFsYBAF1drsReGphnbkULAAAB1501500j-ccb7-5&ccb=7-5&_nc_sid=669407&efg=eyJ2ZW5jb2RlX3RhZyI6InByb2ZpbGVfcGljLnd3dy41MjkuQzMifQ%3D%3D&_nc_ohc=_yGLyQcTFZoQ7kNvwFF06of&_nc_oc=Adn2O4EK0R99zdFiKYDXhRSlzQq8MqYPiPDHzA3K-SZBcHcDAVLRvJqtDX-aKnMIV7U&_nc_ad=z-m&_nc_cid=0&_nc_zt=24&_nc_ht=scontent-sjc3-1.cdninstagram.com&oh=00_AfrTl9Oxx2YuaiDCZSss1fFV9P0KO2KBwBnseBDULH2OJA&oe=6965F97E,Untuk sektor lebih produktif? Seperti MBG? 😂,2025-12-29T04:58:08.000Z,2111,25,https://www.instagram.com/p/DS1Zlt6it5r/c/18067638914395900
https://www.instagram.com/reel/DS1Zlt6it5r/,_doni.pe,_doni.pe,Doni Permana,False,https://scontent-sjc3-1.cdninstagram.com/v/t51.2885-19/269843656_409970054146937_2649699986206906309_n.jpg?stp=dst-jpg_e0_s150x150_tt6&_nc_cat=102&ig_cache_key=GMh8FRB5K3KX3XQBAMVXOEcZoMUkbkULAAAB1501500j-ccb7-5&ccb=7-5&_nc_sid=669407&efg=eyJ2ZW5jb2RlX3RhZyI6InByb2ZpbGVfcGljLnd3dy4xMDgwLkMzIn0%3D&_nc_ohc=5TcNCha1G5wQ7kNvwHXqmBZ&_nc_oc=AdkQRrWvozQ8OttM64x4pazRb2GQ5bz_nA_0_c1miJDj6AkbN0dVYPW85JZ94dIL5oc&_nc_ad=z-m&_nc_cid=0&_nc_zt=24&_nc_ht=scontent-sjc3-1.cdninstagram.com&oh=00_AfpVAtPMjWtA_U11bHNo3Lgo2lKl90Sk9nk7nfq7te8xRw&oe=6965C98D,Demi apa? Yak demi presiden selamanya😂,2025-12-29T04:58:06.000Z,935,16,https://www.instagram.com/p/DS1Zlt6it5r/c/18066353300394486
https://www.instagram.com/reel/DS1Zlt6it5r/,alfiansyah_utama,alfiansyah_utama,Alfiansyah Utama,False,https://scontent-sjc6-1.cdninstagram.com/v/t51.2885-19/330065195_926178872150697_4832986642220144037_n.jpg?stp=dst-jpg_e0_s150x150_tt6&_nc_cat=108&ig_cache_key=GCtlrBOpSqzSWkoDAKVVva2_NxJDbkULAAAB1501500j-ccb7-5&ccb=7-5&_nc_sid=669407&efg=eyJ2ZW5jb2RlX3RhZyI6InByb2ZpbGVfcGljLnd3dy4xMDgwLkMzIn0%3D&_nc_ohc=TejI_fyny6AQ7kNvwHN-uAe&_nc_oc=Adlsf-MVHLTYr8KLmxLaYh-HhdL1Rzet8cB9tDvVx7CJWXabaWGjHVtrat04nN0bEoY&_nc_ad=z-m&_nc_cid=0&_nc_zt=24&_nc_ht=scontent-sjc6-1.cdninstagram.com&oh=00_AfoRdKZs0wH1HezHV2rVw8PydOeDeK3usK_i-7b-TvyhgA&oe=6965F105,SAATNYA RAKYAT BERGERAK,2025-12-29T04:56:47.000Z,1804,16,https://www.instagram.com/p/DS1Zlt6it5r/c/18085699451108445
https://www.instagram.com/reel/DS1Zlt6it5r/,septyanthoriq,septyanthoriq,Thoriq,False,https://scontent-sjc3-1.cdninstagram.com/v/t51.2885-19/322059458_849416622936703_8789040185330592101_n.jpg?stp=dst-jpg_e0_s150x150_tt6&_nc_cat=103&ig_cache_key=GMI8MhN-khM4igQDAGVpQ3N78fh5bkULAAAB1501500j-ccb7-5&ccb=7-5&_nc_sid=669407&efg=eyJ2ZW5jb2RlX3RhZyI6InByb2ZpbGVfcGljLnd3dy45MzguQzMifQ%3D%3D&_nc_ohc=X2XpF7lYA-UQ7kNvwE885f0&_nc_oc=Adn74xkofSsEXY7iF0MHBmKH999lEwmbp4GxJ1ZWVTVqWnkdLTx1lD1GOcJ34WaPvJE&_nc_ad=z-m&_nc_cid=0&_nc_zt=24&_nc_ht=scontent-sjc3-1.cdninstagram.com&oh=00_AfqBJrPfMHvu8PPcUqp1RhLXgcdpLwguquw9Tg7VJNnN5w&oe=6965D6A6,Bener-bener harus di reset ini Indonesia,2025-12-29T04:55:04.000Z,398,0,https://www.instagram.com/p/DS1Zlt6it5r/c/18075943046460021
https://www.instagram.com/reel/DS1Zlt6it5r/,afni.zulkifli,afni.zulkifli,Afni Z,True,https://scontent-sjc3-1.cdninstagram.com/v/t51.75761-19/511529802_18142994767398568_4258498188605244036_n.jpg?stp=dst-jpg_e0_s150x150_tt6&_nc_cat=103&ig_cache_key=GEpTfR6oxkUm9XRAAITCdUCKORk7bvEnAQAB1501500j-ccb7-5&ccb=7-5&_nc_sid=669407&efg=eyJ2ZW5jb2RlX3RhZyI6InByb2ZpbGVfcGljLnd3dy4xMDgwLkMzIn0%3D&_nc_ohc=JpXBH19ny3sQ7kNvwEaYE0t&_nc_oc=Admjk4wdUWh30o-mE96YizJNJ3wWJN20KmRoEVb7jADc40CEvsmSU1j0FeIYbKxvINk&_nc_ad=z-m&_nc_cid=0&_nc_zt=24&_nc_ht=scontent-sjc3-1.cdninstagram.com&_nc_gid=R9GQXurwJeWqBCW9vzxgcw&oh=00_AfqhbaPau52ZU8rvBXDStitcHp0QPfxNfe2TLETIu2UeKw&oe=6965D61D,"Tidak semua partai minta mahar. Saya maju Pilkada dapat partai tanpa mahar. Setelah itu kami berjuang masuk ke kampung-kampung, 'mengemis suara rakyat', memohon rakyat mau bersama2 datang ke TPS, kami Alhamdulillah akhirnya menang menumbangkan incumbent. Rakyat benar2 sudah cerdas sekarang. Mereka berpesta demokrasi sekali lima tahun. Uang beredar dalam bentuk baju kaos, souvenir kue2 dipesan dari UMKM, sewa tenda UMKM, hiburan rakyat murah meriah, penggiat seni terlibat. Rasanya nikmat. Rakyat berdaulat. Lalu tetiba sekarang daulat rakyat itu mau direbut paksa. Ini rasanya kok seperti putus asa para elit menghadapi rakyat yang sdh makin cerdas berdemokrasi. 😢",2025-12-29T04:54:40.000Z,4044,207,https://www.instagram.com/p/DS1Zlt6it5r/c/18163614391401325
https://www.instagram.com/reel/DS1Zlt6it5r/,kejin26,kejin26,Kefin Janitra 蔣,False,https://scontent-sjc6-1.cdninstagram.com/v/t51.2885-19/439659150_973306543740375_7120435791752738850_n.jpg?stp=dst-jpg_e0_s150x150_tt6&_nc_cat=109&ig_cache_key=GI6qNBrXFcyWN3UDACI4Zn2g3tBibkULAAAB1501500j-ccb7-5&ccb=7-5&_nc_sid=669407&efg=eyJ2ZW5jb2RlX3RhZyI6InByb2ZpbGVfcGljLnd3dy4xMDgwLkMzIn0%3D&_nc_ohc=LILS4cCGLusQ7kNvwEXpejN&_nc_oc=Adm6eQlYMXJsMDDL3ucPa7IUjh6BGmeN5qCOknR7XfiSk-WwvlUDo6enSU3gMo1d-5Q&_nc_ad=z-m&_nc_cid=0&_nc_zt=24&_nc_ht=scontent-sjc6-1.cdninstagram.com&oh=00_AfqxSviphgD8SQeA0q5SfqlpW87_ex-D8xOzYwf6JvkvBA&oe=6965E609,Ini makin menyimpang! Wajib ditolak,2025-12-29T04:49:06.000Z,1961,8,https://www.instagram.com/p/DS1Zlt6it5r/c/17992819649734490
https://www.instagram.com/reel/DS1Zlt6it5r/,ghofar_raefal_abinaya,ghofar_raefal_abinaya,Ghofar Putra Abinaya,False,https://scontent-sjc3-1.cdninstagram.com/v/t51.82787-19/525344450_18521295097063954_2561593478301798741_n.jpg?stp=dst-jpg_e0_s150x150_tt6&_nc_cat=105&ig_cache_key=GMIeUB8SagoPBc1BAFXRIlWym4wjbmNDAQAB1501500j-ccb7-5&ccb=7-5&_nc_sid=669407&efg=eyJ2ZW5jb2RlX3RhZyI6InByb2ZpbGVfcGljLnd3dy45NjAuQzMifQ%3D%3D&_nc_ohc=Ks-NtsV4x_QQ7kNvwHoFpmK&_nc_oc=AdncAzFfZ5hcgSardmVQZCT_j2b6LvRqxhg1gp7PNkUNiBiO1BsoxdLfbfvobVc0Cvg&_nc_ad=z-m&_nc_cid=0&_nc_zt=24&_nc_ht=scontent-sjc3-1.cdninstagram.com&_nc_gid=R9GQXurwJeWqBCW9vzxgcw&oh=00_AfpwhIEYyQ3HuLtL84TYqkI9Ex1zUQnsEtveVwWP46UChw&oe=6965EBE7,Berarti rakyat juga gk berhak bayar pajak untuk gaji kalian,2025-12-29T04:47:38.000Z,712,10,https://www.instagram.com/p/DS1Zlt6it5r/c/18195210172330358
https://www.instagram.com/reel/DS1Zlt6it5r/,ekanurdiansyah.09,ekanurdiansyah.09,Eka Nurdiansyah,False,https://scontent-sjc6-1.cdninstagram.com/v/t51.82787-19/564031729_18052496558645957_346805326388393899_n.jpg?stp=dst-jpg_e0_s150x150_tt6&_nc_cat=1&ig_cache_key=GPFwniHF4q9kpiJAAKv3l12bGdAEbmNDAQAB1501500j-ccb7-5&ccb=7-5&_nc_sid=669407&efg=eyJ2ZW5jb2RlX3RhZyI6InByb2ZpbGVfcGljLnd3dy4xMDgwLkMzIn0%3D&_nc_ohc=xdfPG6CrGO0Q7kNvwFdoRpS&_nc_oc=AdmOxuWkhpzuCjEWpbDbQs3uUZhZgTLitJBFU2x-zlmeewWNEj7QksuGqyKXPxvwkLs&_nc_ad=z-m&_nc_cid=0&_nc_zt=24&_nc_ht=scontent-sjc6-1.cdninstagram.com&_nc_gid=R9GQXurwJeWqBCW9vzxgcw&oh=00_Afp5mwbSFwsEvSvhrOXESQe2AjZHlrStWJlGXfFQyVO8Nw&oe=6965EA6A,orba???🤔,2025-12-29T04:47:36.000Z,64,0,https://www.instagram.com/p/DS1Zlt6it5r/c/18072307877377072
https://www.instagram.com/reel/DSWjDOHEgap/,verdiyasin0206,verdiyasin0206,Verdi Yasin,False,https://scontent-lax7-1.cdninstagram.com/v/t51.2885-19/298167076_362441942717353_4162261049245665663_n.jpg?stp=dst-jpg_e0_s150x150_tt6&_nc_cat=101&ig_cache_key=GCSrxRGpUz_Xo0kBAH_JuyZfUsM5bkULAAAB1501500j-ccb7-5&ccb=7-5&_nc_sid=669407&efg=eyJ2ZW5jb2RlX3RhZyI6InByb2ZpbGVfcGljLnd3dy43MjAuQzMifQ%3D%3D&_nc_ohc=UGXlzzK8JhgQ7kNvwG6loKZ&_nc_oc=AdnaDGHRxBwQewBlDaPtgIccOGl1kEaMOHd4MBvVbZacJ0cY9S3EdsTtsVCdcq0ng2o&_nc_ad=z-m&_nc_cid=0&_nc_zt=24&_nc_ht=scontent-lax7-1.cdninstagram.com&oh=00_AfrvxkLs37uA8EvUgHtAZVAzMHmYROSbBVjFsU_MuIMk-Q&oe=6965D650,"Menurut saya, jika di pilih oleh DPRD, tidak objektif dalam pemilihannya, pasti subjektif!!!",2025-12-28T23:44:14.000Z,0,0,https://www.instagram.com/p/DSWjDOHEgap/c/18090567878071336
https://www.instagram.com/p/DStbPjrEnk8/,yussufzaeni,yussufzaeni,Yusuf zaeni,False,https://scontent-lax3-2.cdninstagram.com/v/t51.2885-19/43736963_2149530445296409_5385667411821199360_n.jpg?stp=dst-jpg_e0_s150x150_tt6&_nc_cat=100&ig_cache_key=GINfmwIZM6CO-KIHAAAAAAD6u71KbkULAAAB1501500j-ccb7-5&ccb=7-5&_nc_sid=669407&efg=eyJ2ZW5jb2RlX3RhZyI6InByb2ZpbGVfcGljLnd3dy4xMDgwLkMzIn0%3D&_nc_ohc=LBH3sVao5tMQ7kNvwH94AO1&_nc_oc=AdnxZaeucQh2JRjNC8379OOBWoVceL9eeEFnOcNdxfaQbNmFF65QGKb0LHPM85Zv_Wg&_nc_ad=z-m&_nc_cid=0&_nc_zt=24&_nc_ht=scontent-lax3-2.cdninstagram.com&oh=00_Afpm_M3v20ooHUYVgnhqkUqh7QUjs1Kb0tQAaEB32d7gSQ&oe=6965FBF9,Kita berdebat ayok bang. Soal pilihan langsung atau dprd nya.sy anak pedesaaan yang ingin pencerahan soal politik negeri ini,2025-12-27T15:03:43.000Z,0,2,https://www.instagram.com/p/DStbPjrEnk8/c/17847469443624798
https://www.instagram.com/p/DSFIfoJkXhB/,donny.wira.14,donny.wira.14,Donny Wira,False,https://scontent-vie1-1.cdninstagram.com/v/t51.75761-19/497450081_18051764327587349_4955595624121085599_n.jpg?stp=dst-jpg_e0_s150x150_tt6&_nc_cat=111&ig_cache_key=GGF8ph0VnlDo_yFAAJ_uN9r2z8VEbvEnAQAB1501500j-ccb7-5&ccb=7-5&_nc_sid=669407&efg=eyJ2ZW5jb2RlX3RhZyI6InByb2ZpbGVfcGljLnd3dy4xMDgwLkMzIn0%3D&_nc_ohc=E6Q_kNP7ZZsQ7kNvwGlgf_n&_nc_oc=AdljgK-Er30NhjtwmKqVTDVWSHjSbNHaJfYJPYXsF54rEuxQDYn3SkQBK4b0_-BKl8E&_nc_ad=z-m&_nc_cid=0&_nc_zt=24&_nc_ht=scontent-vie1-1.cdninstagram.com&_nc_gid=Lm_il6vZVU8F-n68B6BVMw&oh=00_Afrk7o5SoRmRuYMMGzmWsDCbmAOSqFxt7UxxcG10kF1Zuw&oe=6965ED8D,"PILKADA adalah sumber KORUPSI, MENTAL rakyat Indonesia belum siap untuk benar-benar DEMOKRASI.. Fakta membuktikan Selama PILKADA langsung berapa ratus KEPALA DAERAH seluruh Indonesia dr BUPATI sampai GUBERNUR yg terlibat KORUPSI…",2025-12-27T00:16:54.000Z,0,0,https://www.instagram.com/p/DSFIfoJkXhB/c/17867928333437019
https://www.instagram.com/p/DSpDHKPEfh7/,jhul___,jhul___,Zhoel,False,https://scontent-iad3-2.cdninstagram.com/v/t51.2885-19/80403356_511342919587600_9200131474894880768_n.jpg?stp=dst-jpg_e0_s150x150_tt6&_nc_cat=100&ig_cache_key=GJzbygQQlxRNENEBAAAAAADVbq1-bkULAAAB1501500j-ccb7-5&ccb=7-5&_nc_sid=669407&efg=eyJ2ZW5jb2RlX3RhZyI6InByb2ZpbGVfcGljLnd3dy43MzMuQzMifQ%3D%3D&_nc_ohc=nChKMdfY2DQQ7kNvwExDk_w&_nc_oc=AdmTEmUJjYaJhFvGC63WerVgAujMtIySovM8_A2Q21DCRVW2PQAmOVGZXPhE4t53QLo&_nc_ad=z-m&_nc_cid=0&_nc_zt=24&_nc_ht=scontent-iad3-2.cdninstagram.com&oh=00_AfqDEFbe7ucgHQAAsUO0x-c7dc08XN4Reb5sEOhDpCyvcg&oe=6965CB63,"Mending PDIP ngurus RUU Perampasan Aset, dari pada ngurus Pemilu..",2025-12-26T22:30:14.000Z,1,1,https://www.instagram.com/p/DSpDHKPEfh7/c/18113183515614184
https://www.instagram.com/p/DStbPjrEnk8/,harifresh789,harifresh789,Hari Hari,False,https://scontent-lax3-1.cdninstagram.com/v/t51.82787-19/591165463_18535687909012573_4060307450626274581_n.jpg?stp=dst-jpg_e0_s150x150_tt6&_nc_cat=108&ig_cache_key=GBd4PCNd9HslHNpBABV1cykdHFk4bmNDAQAB1501500j-ccb7-5&ccb=7-5&_nc_sid=669407&efg=eyJ2ZW5jb2RlX3RhZyI6InByb2ZpbGVfcGljLnd3dy4xMDgwLkMzIn0%3D&_nc_ohc=q5eDJJpSPYkQ7kNvwHIkkSP&_nc_oc=AdnLzIojZrGpo8msPRj1kpv5SgSzG3GYJ6fn8gC12ARwV4NFxGdut23B55ACMe1fd_U&_nc_ad=z-m&_nc_cid=0&_nc_zt=24&_nc_ht=scontent-lax3-1.cdninstagram.com&_nc_gid=lAd6I94tk5NeAxIe752IcQ&oh=00_AfqmvbsI6A0Tbcq3fkCJHT9_AmxNqZH_dDtBKLCcG9dGxQ&oe=6965DF11,"Msh Ingat ketika beliau ingin Mempertahankan Block Cepu dikelola sm Indonesia, tapi ya ada agenda lain beliau lengser ketika itu block Cepu dilepas ke Mamarika oleh SBY 🥹 LOVE BIG FOR U MAK BANTENG NASIONALISME MU JEMPOL 2 UNTUKMU❤️❤️❤️",2025-12-26T08:11:33.000Z,3,0,https://www.instagram.com/p/DStbPjrEnk8/c/18104680321780103
https://www.instagram.com/p/DStbPjrEnk8/,die_hard_penulis,die_hard_penulis,Writer,False,https://scontent-lax7-1.cdninstagram.com/v/t51.2885-19/491460069_1415007399683391_7860572417525863830_n.jpg?stp=dst-jpg_e0_s150x150_tt6&_nc_cat=105&ig_cache_key=GOUVSx0-pWkV8QYFAJbV3HX3XBZtbkULAAAB1501500j-ccb7-5&ccb=7-5&_nc_sid=669407&efg=eyJ2ZW5jb2RlX3RhZyI6InByb2ZpbGVfcGljLnd3dy4xMDgwLkMzIn0%3D&_nc_ohc=kGJFhpJoInAQ7kNvwGcjJnH&_nc_oc=AdlykZxoB0B17y8cj5swRgAnI65au1JwiHoW_vRTEC1nJEpo6_Sefs6DRfq30_DuJFY&_nc_ad=z-m&_nc_cid=0&_nc_zt=24&_nc_ht=scontent-lax7-1.cdninstagram.com&oh=00_AfqGxjFgdaEQV2yoS0xQxXgBJau1WQ-pcw7iYCofzKNc4g&oe=6965D722,Ternyata ente corongnya banteng y ..waduw..,2025-12-26T06:25:29.000Z,0,1,https://www.instagram.com/p/DStbPjrEnk8/c/17867312646521362
https://www.instagram.com/p/DStbPjrEnk8/,fuadseg,fuadseg,fuad segara,False,https://scontent-lax3-2.cdninstagram.com/v/t51.2885-19/140281465_238695901135582_5437417532042731890_n.jpg?stp=dst-jpg_e0_s150x150_tt6&_nc_cat=106&ig_cache_key=GHmGXAjegmW4F9kAAHJh48xvlnVLbkULAAAB1501500j-ccb7-5&ccb=7-5&_nc_sid=669407&efg=eyJ2ZW5jb2RlX3RhZyI6InByb2ZpbGVfcGljLnd3dy4xMDgwLkMzIn0%3D&_nc_ohc=PhwtzxN-YyQQ7kNvwGAR8xu&_nc_oc=Adn6xBuzmCJvXTFuKeOy1eA6nXRoEddvzmLCa7uU6sLnUDsdMu3hb0L8HDXZruyWSL4&_nc_ad=z-m&_nc_cid=0&_nc_zt=24&_nc_ht=scontent-lax3-2.cdninstagram.com&oh=00_AfrsNuF5FHnRpMFF2sxIIKf9H1ItUM-tmAEQaez2XsISpw&oe=6965F016,Mereka lupa bahwa pilkada langsung itu adalah amanat reformasi 98 yg diperjuangkan dg darah. Mereka tak punya sama sekali semangat kebangsaan hanya mementingkan kekuasaan dan uang. Inalillhi wainaliahi rojiun..,2025-12-26T04:07:28.000Z,1,0,https://www.instagram.com/p/DStbPjrEnk8/c/18089821153991283
https://www.instagram.com/p/DStbPjrEnk8/,aisyah_putri_nusantara,aisyah_putri_nusantara,,False,https://scontent-lax3-2.cdninstagram.com/v/t51.2885-19/320406251_1316230449155573_8093207907607723032_n.jpg?stp=dst-jpg_e0_s150x150_tt6&_nc_cat=111&ig_cache_key=GOsCGRP1TV3IGq0EABg8V1q22VBwbkULAAAB1501500j-ccb7-5&ccb=7-5&_nc_sid=669407&efg=eyJ2ZW5jb2RlX3RhZyI6InByb2ZpbGVfcGljLnd3dy45MTMuQzMifQ%3D%3D&_nc_ohc=gVH9xDSrqUwQ7kNvwHAZZk1&_nc_oc=AdlYjfbLnTyWebZPXOIKDoGXkukQysbzXyOqB9Kuc7AL-_ZnfNrlKZZ99LHSsJliIes&_nc_ad=z-m&_nc_cid=0&_nc_zt=24&_nc_ht=scontent-lax3-2.cdninstagram.com&oh=00_AfpRU5RUKFNyJVIl1dyaCjgVqDJ5zsOBlpc7_LXVk22dMg&oe=6965F772,Konsosten tidak melihat apakah merugikan atau emnguntungkan partainya... Yg benar ya benar.. salah ya salah... tidak ada konflik kepentingan,2025-12-26T03:03:49.000Z,4,1,https://www.instagram.com/p/DStbPjrEnk8/c/18191372647341331
https://www.instagram.com/p/DSpDHKPEfh7/,agunggg.weo,agunggg.weo,Agungg,False,https://scontent-iad3-2.cdninstagram.com/v/t51.82787-19/561614626_17986294571896158_9049691870828120535_n.jpg?stp=dst-jpg_e0_s150x150_tt6&_nc_cat=100&ig_cache_key=GCKPeSFejciKcOY-ANdJcyfP9pZ9bmNDAQAB1501500j-ccb7-5&ccb=7-5&_nc_sid=669407&efg=eyJ2ZW5jb2RlX3RhZyI6InByb2ZpbGVfcGljLnd3dy4xMDgwLkMzIn0%3D&_nc_ohc=EmyCNirXYroQ7kNvwGi3taf&_nc_oc=AdlfYMxKDeRVygVdJ-_FFWv2V4YGnoBHbKCCJsBqCS3sdoupVrMnkN8wHvDJDLbwOcE&_nc_ad=z-m&_nc_cid=0&_nc_zt=24&_nc_ht=scontent-iad3-2.cdninstagram.com&_nc_gid=zW5WzLZGUgoP_qikvdHQEg&oh=00_Afo7-5pg8mFfDrH25_ofPNhkEdV8qprwBtxD_K8HcW63ew&oe=6965D590,Kalau ini saya dukung PDIP 🔥,2025-12-26T02:42:42.000Z,1,0,https://www.instagram.com/p/DSpDHKPEfh7/c/18137274724426730
https://www.instagram.com/p/DSpDHKPEfh7/,sugimas19,sugimas19,Sugi,False,https://scontent-iad3-1.cdninstagram.com/v/t51.82787-19/591171399_18112631632608455_6386821519459831156_n.jpg?stp=dst-jpg_e0_s150x150_tt6&_nc_cat=107&ig_cache_key=GEePPCPHvGiuV1lAAHRNOUdVjKJYbmNDAQAB1501500j-ccb7-5&ccb=7-5&_nc_sid=669407&efg=eyJ2ZW5jb2RlX3RhZyI6InByb2ZpbGVfcGljLnd3dy4xMDgwLkMzIn0%3D&_nc_ohc=4Om-w99xVFAQ7kNvwEBsIVO&_nc_oc=AdmNKPgubxwMNxFs7BSsUJrAy06kZczeM1WZlaboGemOBI0Qbj6A1iKXKpPlVurg9Mk&_nc_ad=z-m&_nc_cid=0&_nc_zt=24&_nc_ht=scontent-iad3-1.cdninstagram.com&_nc_gid=zW5WzLZGUgoP_qikvdHQEg&oh=00_AfqEnA92GmkQPm1u2KE2VNgnHaG56o4oxF4RuhXXzZZh3g&oe=6965C72E,bacotnya pdip selalu mode mode bau 65,2025-12-25T15:40:24.000Z,0,4,https://www.instagram.com/p/DSpDHKPEfh7/c/18089235370982250
https://www.instagram.com/p/DSpDHKPEfh7/,sholichin2,sholichin2,Sholichin,False,https://scontent-iad3-1.cdninstagram.com/v/t51.2885-19/342579617_903235227611867_3656345878454743477_n.jpg?stp=dst-jpg_e0_s150x150_tt6&_nc_cat=108&ig_cache_key=GKFZaxTb8uPWfDUDALUxQk00870ybkULAAAB1501500j-ccb7-5&ccb=7-5&_nc_sid=669407&efg=eyJ2ZW5jb2RlX3RhZyI6InByb2ZpbGVfcGljLnd3dy4xMDgwLkMzIn0%3D&_nc_ohc=6zrbYHX-ieUQ7kNvwGIEzWk&_nc_oc=AdlxcEbyckMMHcJUX8Z0e0clWFjSdl8-MbUcfSQfzo0OB5nGQWh_MaR2OfUHkys7mCg&_nc_ad=z-m&_nc_cid=0&_nc_zt=24&_nc_ht=scontent-iad3-1.cdninstagram.com&oh=00_AfrYfG1s-L_D_FlbllFadDOJJEwaY1MkZsMB1zwivDCK1Q&oe=6965EEDE,Alah omong kosong,2025-12-25T15:24:49.000Z,2,0,https://www.instagram.com/p/DSpDHKPEfh7/c/17868576960511144
https://www.instagram.com/p/DSpDHKPEfh7/,bezaleel6535,bezaleel6535,Bezaleel Eko Bc,False,https://scontent-iad3-1.cdninstagram.com/v/t51.82787-19/566489670_18392007358125925_489412783722336398_n.jpg?stp=dst-jpg_e0_s150x150_tt6&_nc_cat=109&ig_cache_key=GEbywyFll0npbldBAI4QTnJVvsoGbmNDAQAB1501500j-ccb7-5&ccb=7-5&_nc_sid=669407&efg=eyJ2ZW5jb2RlX3RhZyI6InByb2ZpbGVfcGljLnd3dy4xMDgwLkMzIn0%3D&_nc_ohc=jqmxK6pVKpkQ7kNvwFix0FJ&_nc_oc=AdkG5-6z7PRIovpp05nQuoIj0mVTACAC8BcGwnVyDxxXJgEJ7l_yfKi5HOVrRUZ_VTk&_nc_ad=z-m&_nc_cid=0&_nc_zt=24&_nc_ht=scontent-iad3-1.cdninstagram.com&_nc_gid=zW5WzLZGUgoP_qikvdHQEg&oh=00_Afou-V9QmT55tUyH5foP-WcHxKa3-tlbFpyOZKQey6b0lg&oe=6965C83A,"Partai apa yg sejak dulu mengusulkan pemilu/ pilkada tertutup atau melalui DPR/ DPRD, kenapa sekarang menolak",2025-12-25T12:22:41.000Z,3,7,https://www.instagram.com/p/DSpDHKPEfh7/c/17879051844356328
https://www.instagram.com/p/DSpDHKPEfh7/,iancakep.iancakep,iancakep.iancakep,Iancakep,False,https://scontent-iad3-2.cdninstagram.com/v/t51.2885-19/13734370_1016648018451144_1048889728_a.jpg?stp=dst-jpg_e0_s150x150_tt6&_nc_cat=106&ig_cache_key=GOKR0QDIWgDQopwDAIDJhD4AAAAAYUULAAAB1501500j-ccb7-5&ccb=7-5&_nc_sid=669407&efg=eyJ2ZW5jb2RlX3RhZyI6InByb2ZpbGVfcGljLnd3dy4yMDAuQzMifQ%3D%3D&_nc_ohc=LeW2vkex3SwQ7kNvwH7n3RQ&_nc_oc=Adk4BogZypdMGrLqeo_E-JIVOtFFrUObmmZyT7Z955EpZXIIChEvF-sNQhQvVIowAYU&_nc_ad=z-m&_nc_cid=0&_nc_zt=24&_nc_ht=scontent-iad3-2.cdninstagram.com&oh=00_AfoSNmnOyGm7SCMvx7FwN8Jd7ajNPbySSr-C2kuz4PUWTg&oe=6965EB59,PDIP 🔥🔥🔥🔥,2025-12-25T11:22:01.000Z,4,0,https://www.instagram.com/p/DSpDHKPEfh7/c/18201863974325916
https://www.instagram.com/p/DSpDHKPEfh7/,sy.amsul0479,sy.amsul0479,Samgozali,False,https://scontent-iad3-2.cdninstagram.com/v/t51.75761-19/495812219_17847276903465096_6447664186305704393_n.jpg?stp=dst-jpg_e0_s150x150_tt6&_nc_cat=106&ig_cache_key=GHt_jR2IAAr4AGg-AMlxwo9qtHpZbvEnAQAB1501500j-ccb7-5&ccb=7-5&_nc_sid=669407&efg=eyJ2ZW5jb2RlX3RhZyI6InByb2ZpbGVfcGljLnd3dy42OTUuQzMifQ%3D%3D&_nc_ohc=AAZoRQsXogcQ7kNvwHLjND1&_nc_oc=AdnRp_c0kaK2MJPfT_3H2YfYnvVCqeHkXlxEbGYiueV59a26EE6KM2JPiLcKpYnhmH8&_nc_ad=z-m&_nc_cid=0&_nc_zt=24&_nc_ht=scontent-iad3-2.cdninstagram.com&_nc_gid=zW5WzLZGUgoP_qikvdHQEg&oh=00_Afpskiv1xP0btIdGgCu0v_sFbCvmrd7rTvNHF88wHxvaOw&oe=6965CC00,Pemilu langsung lebih baik..,2025-12-25T11:12:06.000Z,4,0,https://www.instagram.com/p/DSpDHKPEfh7/c/18083667383134974
https://www.instagram.com/p/DSpDHKPEfh7/,sugeng8219,sugeng8219,Yuki Hendarto,False,https://scontent-iad3-1.cdninstagram.com/v/t51.2885-19/441496891_1132257757979034_4282736768238377015_n.jpg?stp=dst-jpg_e0_s150x150_tt6&_nc_cat=110&ig_cache_key=GDu1UBqaYXVNyAUEADdYWllmVm87bkULAAAB1501500j-ccb7-5&ccb=7-5&_nc_sid=669407&efg=eyJ2ZW5jb2RlX3RhZyI6InByb2ZpbGVfcGljLnd3dy43MDQuQzMifQ%3D%3D&_nc_ohc=LJYbpphYZkUQ7kNvwFYSq-A&_nc_oc=Adn1_D0rxFDmVYMmrDNbJagelGhA_T7FIcrat5qMBMf38SscVdI91iI8neM4WkDjKb0&_nc_ad=z-m&_nc_cid=0&_nc_zt=24&_nc_ht=scontent-iad3-1.cdninstagram.com&oh=00_AfrIRWhu8XJrB29Aa98lFkdIFzm5i3XTkx-3wUMluku57Q&oe=6965CD71,"Bagus itu, bupati wali lasung dipilih DPRD selesai perkara, rakyat adem tenang gak perlu kampanye..",2025-12-25T10:27:04.000Z,1,3,https://www.instagram.com/p/DSpDHKPEfh7/c/18093222493920494
https://www.instagram.com/p/DSpDHKPEfh7/,facri_54,facri_54,facri54,False,https://scontent-iad3-1.cdninstagram.com/v/t51.75761-19/499630216_17853224778444303_5678210507495901765_n.jpg?stp=dst-jpg_e0_s150x150_tt6&_nc_cat=104&ig_cache_key=GIjAxx0PrgPRaW0-AEUKL0NfDs1ObvEnAQAB1501500j-ccb7-5&ccb=7-5&_nc_sid=669407&efg=eyJ2ZW5jb2RlX3RhZyI6InByb2ZpbGVfcGljLnd3dy4xMDgwLkMzIn0%3D&_nc_ohc=WXu-12fZQsgQ7kNvwE9nAho&_nc_oc=AdmhhQRJeCkF8PSKKfWcEZQv4R5b3l_cKZL-OZijY5r8gfIuLxoB6jbMIMk6yl-MXdQ&_nc_ad=z-m&_nc_cid=0&_nc_zt=24&_nc_ht=scontent-iad3-1.cdninstagram.com&_nc_gid=zW5WzLZGUgoP_qikvdHQEg&oh=00_AfruxVgckSGmjBCvgsMCfzx5ZrGI4NbX5CgW1GNXCyQZpg&oe=6965F147,KLW PDI.P KONSISTEN PASTI BATAL,2025-12-25T07:19:25.000Z,3,0,https://www.instagram.com/p/DSpDHKPEfh7/c/17991180053879606
https://www.instagram.com/p/DSgygMOD4cZ/,odhoytangerang,odhoytangerang,Odhoy Tangerang,False,https://scontent-det1-1.cdninstagram.com/v/t51.2885-19/490679780_677025918350523_7769675151760197529_n.jpg?stp=dst-jpg_e0_s150x150_tt6&_nc_cat=106&ig_cache_key=GOQtPx279F1hwGcCAJmH2JBibtNrbkULAAAB1501500j-ccb7-5&ccb=7-5&_nc_sid=669407&efg=eyJ2ZW5jb2RlX3RhZyI6InByb2ZpbGVfcGljLnd3dy40NDAuQzMifQ%3D%3D&_nc_ohc=Oj4ZTTHKJswQ7kNvwHSyliG&_nc_oc=AdkFBYlaaq7bC4GrtzOt4O0zrDnrT5SWcz51jwsR7QFfatCwLndys3Jr0veNPnKOPis&_nc_ad=z-m&_nc_cid=0&_nc_zt=24&_nc_ht=scontent-det1-1.cdninstagram.com&oh=00_AfrxBhG_Oj4H03djWNssToTQJ4yXZ5SDZBcmvfduGRVe9Q&oe=6965D887,Tetep koneng,2025-12-25T06:41:01.000Z,0,0,https://www.instagram.com/p/DSgygMOD4cZ/c/18424913227116045
https://www.instagram.com/p/DSkTwY2ERZx/,otnay_83,otnay_83,Yanto Siswanto,False,https://scontent-iad3-2.cdninstagram.com/v/t51.2885-19/133061823_406649724120582_841516739066759302_n.jpg?stp=dst-jpg_e0_s150x150_tt6&_nc_cat=103&ig_cache_key=GL9c7gcGrlqE2HEBAIaIngAEq60LbkULAAAB1501500j-ccb7-5&ccb=7-5&_nc_sid=669407&efg=eyJ2ZW5jb2RlX3RhZyI6InByb2ZpbGVfcGljLnd3dy4xMDgwLkMzIn0%3D&_nc_ohc=JWtDWEv0cYQQ7kNvwECILy-&_nc_oc=Adm7FmJKpHY63-Gexh0arBygbjBbTfVe3iGeuj4DrV31CBURmxER3iAkX_syDBEOVpY&_nc_ad=z-m&_nc_cid=0&_nc_zt=24&_nc_ht=scontent-iad3-2.cdninstagram.com&oh=00_AfoGGcj6FmM-9KaQfaTEndi-Qa35TyuWohgPRDsR-lU7zw&oe=6965E056,"Sejatinya partai yg bagus atau sehat itu,,mampu membiayai partai sendiri bukan dari anggaran negara, hasil korupsinya atau bagi bagi jabatan dan proyek, coba ada gebrakan baru, misalnya membiayai partai itu hasil jenis usahanya sendiri tanpa terikat anggaran pemerintah contoh PT bentuknya seperti PT isi nama Partai bergerak dalam bidang teknologi atau manufaktur atau apapun itu, hasilnya untuk membiayai partai dan membantu negara dan rakyat,,atau apara anggotanya punya usaha sendiri sendiri sebagian keuntungan untuk partai kan bagus tuh tanpa anggaran negara,,ini mah partai benar benar alat untuk kekuasaan, jabatan, oligarki dan sebagainya akhirnya ya begini,,pada numpang di partai itu, bukan murni lagi untuk rakyat",2025-12-25T05:10:06.000Z,0,1,https://www.instagram.com/p/DSkTwY2ERZx/c/18150292978379530
https://www.instagram.com/p/DSpDHKPEfh7/,nurbaitibpm,nurbaitibpm,Nurbaiti,False,https://scontent-iad3-1.cdninstagram.com/v/t51.89012-19/573323465_1219825463302212_7278921664109726296_n.png?stp=dst-webp_s150x150&_nc_cat=1&ig_cache_key=YW5vbnltb3VzX3Byb2ZpbGVfcGlj.3-ccb7-5&ccb=7-5&_nc_sid=669407&efg=eyJ2ZW5jb2RlX3RhZyI6InByb2ZpbGVfcGljLnd3dy5DMyJ9&_nc_ohc=RNOcSyqJy9IQ7kNvwEuPEev&_nc_oc=AdlzagFWnH7n-nI76mdc6FOVJaunCNBwuRq-VKE9aQGKXRvfAuHIKQT6pnWhwVYeiY4&_nc_ad=z-m&_nc_cid=0&_nc_zt=24&_nc_ht=scontent-iad3-1.cdninstagram.com&_nc_gid=zW5WzLZGUgoP_qikvdHQEg&oh=00_Afo1fgr6XZBoVyqWeHPMzIiwDFuT-12gcUs0LpUeJFTrgw&oe=6965DD19,buzer menjawab dgn paniknya,2025-12-25T02:33:31.000Z,2,0,https://www.instagram.com/p/DSpDHKPEfh7/c/18355999690207358
https://www.instagram.com/p/DR8dfmOkhoM/,titansugiana,titansugiana,Titan Sugiana,False,https://scontent-dfw5-1.cdninstagram.com/v/t51.2885-19/359706279_1474820409920250_7152611700590795366_n.jpg?stp=dst-jpg_e0_s150x150_tt6&_nc_cat=105&ig_cache_key=GKeucBX6CqRiVz0FAGZaBA5yLkNjbkULAAAB1501500j-ccb7-5&ccb=7-5&_nc_sid=669407&efg=eyJ2ZW5jb2RlX3RhZyI6InByb2ZpbGVfcGljLnd3dy4xMDgwLkMzIn0%3D&_nc_ohc=Na0PVbeD_ocQ7kNvwGU1dfz&_nc_oc=AdkZ2KNBJ3XSfUghhIGg77qW5wLDdv-OFZ6M0hBHIVq7LaHWTGt8022aimtHj9v0_UE&_nc_ad=z-m&_nc_cid=0&_nc_zt=24&_nc_ht=scontent-dfw5-1.cdninstagram.com&oh=00_Afr99q2yhkEHLyIcqvNerHIUls5yWnQbc1XTEjN-w9PkBA&oe=6965E7FB,"bisa jamin ga dengn sistem yg di usulkan transaksi pollitik uang berkurang…lihat di lapangan dong,,jgn berpatokan data2 survei aja…permintaan uang itu bukan semata2 politisi ngasih duit,tp memang banyak permintaan dr masyarakaty…masyrakat kita itu blm siap diajak demokrasi2an…lebih baik tertutup saja..",2025-12-25T02:32:05.000Z,0,0,https://www.instagram.com/p/DR8dfmOkhoM/c/18089759560792558
https://www.instagram.com/p/DSpDHKPEfh7/,zuraidakelana1508,zuraidakelana1508,Zuraida Kelana,False,https://scontent-iad3-2.cdninstagram.com/v/t51.2885-19/319574745_477444927832409_6821743092465279171_n.jpg?stp=dst-jpg_e0_s150x150_tt6&_nc_cat=100&ig_cache_key=GNlSDBNZwVLPO7IBAMMgXg8zs6tebkULAAAB1501500j-ccb7-5&ccb=7-5&_nc_sid=669407&efg=eyJ2ZW5jb2RlX3RhZyI6InByb2ZpbGVfcGljLnd3dy45NTcuQzMifQ%3D%3D&_nc_ohc=vC3NLTZTYEsQ7kNvwELH0fc&_nc_oc=AdlfIoUuTN0Bd5WU2gvPOJY9m8882JFNYzN3JCAhXS4mdHm2qq7YOl3ERtosQMknfcg&_nc_ad=z-m&_nc_cid=0&_nc_zt=24&_nc_ht=scontent-iad3-2.cdninstagram.com&oh=00_Afq9Q0XBxy_rRVIoRs9to_la-_lF83JHG_khlhowkvoS8w&oe=6965F12E,Sok iye lo pak,2025-12-25T01:31:46.000Z,1,3,https://www.instagram.com/p/DSpDHKPEfh7/c/17974217777812912
https://www.instagram.com/p/DSpDHKPEfh7/,urang_sunda2809,urang_sunda2809,urang sunda,False,https://scontent-iad3-1.cdninstagram.com/v/t51.2885-19/448048369_826127559051519_5628977284137462394_n.jpg?stp=dst-jpg_e0_s150x150_tt6&_nc_cat=108&ig_cache_key=GPGstBr-SLLPW_8CAHqqwS0EJR5ObkULAAAB1501500j-ccb7-5&ccb=7-5&_nc_sid=669407&efg=eyJ2ZW5jb2RlX3RhZyI6InByb2ZpbGVfcGljLnd3dy43MjAuQzMifQ%3D%3D&_nc_ohc=CwC6CsXvfgoQ7kNvwGDbk4n&_nc_oc=AdnqcbyG0eUMOfeBPHKqrErqj3Z7F8ZoiuOmX2B4NyqTkYvB0MLvP_GkUi0YUKX8uaA&_nc_ad=z-m&_nc_cid=0&_nc_zt=24&_nc_ht=scontent-iad3-1.cdninstagram.com&oh=00_AfoqJ4H7rBl-ikV2pgZ4nhGK3RsbOIeLo_g1F2lbvaUlBg&oe=6965E067,Bapak sendiri udah bantu bencana blom..??😂😂,2025-12-25T01:21:58.000Z,0,4,https://www.instagram.com/p/DSpDHKPEfh7/c/17990976764743066
https://www.instagram.com/wow.info/p/DSeN8IlE_ws/?hl=he,unreal.beautyy,unreal.beautyy,unreal.beauty,False,https://scontent-sjc3-1.cdninstagram.com/v/t51.75761-19/499077171_17948887493969997_7208844763320972817_n.jpg?stp=dst-jpg_e0_s150x150_tt6&_nc_cat=106&ig_cache_key=GDNQvx1NCDEHa8Q-ABF2rj4e9gpkbvEnAQAB1501500j-ccb7-5&ccb=7-5&_nc_sid=669407&efg=eyJ2ZW5jb2RlX3RhZyI6InByb2ZpbGVfcGljLnd3dy4xMDgwLkMzIn0%3D&_nc_ohc=c_MKkk_3EiMQ7kNvwGxj5Pl&_nc_oc=Adm-rn_kFzWgyGw3M0wT88nmTGmg8UpJMN1zZntaT-FLo32UkBa5R6CHgXYRHAM368s&_nc_ad=z-m&_nc_cid=0&_nc_zt=24&_nc_ht=scontent-sjc3-1.cdninstagram.com&_nc_gid=bTcqPe3pYskwm48l8IP0LQ&oh=00_AfrsX4NCLoaAYopfsbVivjDNZYM5qIYy6Cp_Ay5xTOnbwQ&oe=6965E968,IMINTOLOL BIANG KEROK KISRUH TAMBANG 🔥🔥🔥 OTAK DUNGU AGEN NEO ORBA JANCOK 🔥🔥,2025-12-24T01:48:47.000Z,91,2,https://www.instagram.com/p/DSeN8IlE_ws/c/18071858870524088
https://www.instagram.com/reel/DSkO73FjOFy/,mahmud.bima.102,mahmud.bima.102,Mahmud Bima,False,https://scontent-lax3-1.cdninstagram.com/v/t51.2885-19/118765245_133002565083228_601914543574719003_n.jpg?stp=dst-jpg_e0_s150x150_tt6&_nc_cat=109&ig_cache_key=GL02FAdcYKUS93gAABua6ZoWbloIbkULAAAB1501500j-ccb7-5&ccb=7-5&_nc_sid=669407&efg=eyJ2ZW5jb2RlX3RhZyI6InByb2ZpbGVfcGljLnd3dy4xMDgwLkMzIn0%3D&_nc_ohc=gWEGkPf90ooQ7kNvwE9q_jE&_nc_oc=AdkWOBD7l4PevtTDO8QdSkJ3vP9ttOkYcuo-m2EAfeOObUeBKsVh18-HV9frlko067o&_nc_ad=z-m&_nc_cid=0&_nc_zt=24&_nc_ht=scontent-lax3-1.cdninstagram.com&oh=00_AfpXQX8WAUxDmtKl2UYiOSsymZUaeHWBezSAMY8yT9SOAA&oe=6965CA1A,Nahh kannnn orba lebih baik....😂😂😂,2025-12-24T01:06:21.000Z,0,0,https://www.instagram.com/p/DSkO73FjOFy/c/18089798926781832
https://www.instagram.com/p/DSmlP6Ok1NB/,budi.aldyyy,budi.aldyyy,B U D I A L D I,False,https://scontent-dfw5-3.cdninstagram.com/v/t51.82787-19/609739716_18090467861294151_8511433951797733121_n.jpg?stp=dst-jpg_e0_s150x150_tt6&_nc_cat=108&ig_cache_key=GMTjVyRHbLFGL0VAAAFnGmoVsB52bmNDAQAB1501500j-ccb7-5&ccb=7-5&_nc_sid=669407&efg=eyJ2ZW5jb2RlX3RhZyI6InByb2ZpbGVfcGljLnd3dy4xMDgwLkMzIn0%3D&_nc_ohc=fszba6EAs_MQ7kNvwFn9Yzf&_nc_oc=Adn4ZCrrgMJgMX27DFTdyy_2-TbmO-Cb-qk9qT7fYtKZUbMC5dVX2YVbJtRAQ3y1dbw&_nc_ad=z-m&_nc_cid=0&_nc_zt=24&_nc_ht=scontent-dfw5-3.cdninstagram.com&_nc_gid=lURMYc_hNG3AinFUeJsuaQ&oh=00_AfqP7Z6n8z0AkxfU9NP3GCeM5EqfTmwphOqZcw5DX7j5bw&oe=6965E457,😍😍😍😍,2025-12-23T22:11:28.000Z,0,0,https://www.instagram.com/p/DSmlP6Ok1NB/c/18064540100543841
https://www.instagram.com/p/DSkTwY2ERZx/,noercahyosetiabudi,noercahyosetiabudi,Noercahyo Setiabudi,False,https://scontent-iad3-2.cdninstagram.com/v/t51.2885-19/248945296_3070538753218607_5451069573563256281_n.jpg?stp=dst-jpg_e0_s150x150_tt6&_nc_cat=111&ig_cache_key=GJCa1g4vmKeDo_gKANmNLWrlFqZLbkULAAAB1501500j-ccb7-5&ccb=7-5&_nc_sid=669407&efg=eyJ2ZW5jb2RlX3RhZyI6InByb2ZpbGVfcGljLnd3dy45MjYuQzMifQ%3D%3D&_nc_ohc=nET5cOAgJdUQ7kNvwHPa-tY&_nc_oc=AdmJpRBjln0J_J-qsK-mtfoeJSYtuAgUz7exo5Stk96r6rKh3DFhCzdGxv4G4lshKgM&_nc_ad=z-m&_nc_cid=0&_nc_zt=24&_nc_ht=scontent-iad3-2.cdninstagram.com&oh=00_AfrtAx4Z9tETZ7ok_HI50Pibqip3lWqTaJJwf61a98wHBQ&oe=6965EE0E,"gaji anggota DPR, MPR, DPRD ditambah insentif ditambah pensiun nah itulah yg mahal",2025-12-23T12:57:29.000Z,1,0,https://www.instagram.com/p/DSkTwY2ERZx/c/18517323460071942
https://www.instagram.com/p/DSkTwY2ERZx/,fariswijayap,fariswijayap,Faris Wijaya,False,https://scontent-iad3-1.cdninstagram.com/v/t51.2885-19/454766194_834942645408388_195555496677019346_n.jpg?stp=dst-jpg_e0_s150x150_tt6&_nc_cat=109&ig_cache_key=GHIuGxuEksk7YPcCANIOTymwwLYCbkULAAAB1501500j-ccb7-5&ccb=7-5&_nc_sid=669407&efg=eyJ2ZW5jb2RlX3RhZyI6InByb2ZpbGVfcGljLnd3dy4xMDgwLkMzIn0%3D&_nc_ohc=MegtQcof3rYQ7kNvwHhR2qb&_nc_oc=AdmUPRz8MywRSVIegkbPwqSGrlBIhM7C97y8kjElGwccuBJVlGZFtNESWJBsgpyKP9A&_nc_ad=z-m&_nc_cid=0&_nc_zt=24&_nc_ht=scontent-iad3-1.cdninstagram.com&oh=00_AfosG0UfykRzsCND3jWX_zi5ebTFwSD3BDYd1r940QU5ww&oe=6965CF2E,"Sama aja mahalnya, cuman bedanya ongkosnya lari full ke partai 🤭",2025-12-23T11:22:42.000Z,2,0,https://www.instagram.com/p/DSkTwY2ERZx/c/17860639335559936
https://www.instagram.com/p/DSmlP6Ok1NB/,ruddinss,ruddinss,La Ode M. Gafaruddin,False,https://scontent-dfw5-2.cdninstagram.com/v/t51.2885-19/439666105_415749371163908_4426480122002158112_n.jpg?stp=dst-jpg_e0_s150x150_tt6&_nc_cat=106&ig_cache_key=GLnFNBoEdZUxH3oBACAyRO03BG49bkULAAAB1501500j-ccb7-5&ccb=7-5&_nc_sid=669407&efg=eyJ2ZW5jb2RlX3RhZyI6InByb2ZpbGVfcGljLnd3dy45MjYuQzMifQ%3D%3D&_nc_ohc=60SDq-DWRvIQ7kNvwGqCUoC&_nc_oc=AdkoUO-OgsS9raKAkxNWZvpUWD14MjQhXux8zac4do9CA6c32-jS93JU9axgzuETLYM&_nc_ad=z-m&_nc_cid=0&_nc_zt=24&_nc_ht=scontent-dfw5-2.cdninstagram.com&oh=00_AfqJfqRZYsTeRklHKyCSyRtMUwjwhce7IG0iprq32JayDA&oe=6965EC64,"Nah, itulah. Kalo mau nyalon, butuh modal. Kalo gak jadi, modal ilang. Kalo jadi, mikir balik modal & itu bukan jumlah yang sedikit. Akhirnya kalo jadi ya ada tuntutan balik modal. Kalo sekelas pak prabowo saya masih percaya gak ada pikiran balik modal. Karena ya emang beliau udah lebih² & passion beliau emang di situ. Lha kalo selainnya ya 1 banding berapa lah. Itulah menurut saya yang harus di benahi. Selama itu gak di benahi, siapapun yang jadi nanti akan terjebak dengan sistem yang sama. Karena inti masalahnya ada di sistem, bukan orangnya. Karena sistem yang baik akan mengubah penjahat jadi orang baik, kemudian sistem yang kurang baik akan mengubah orang baik jadi penjahat. Jadi menurut saya yang perlu di evaluasi bersama ya sistemnya. Gimana agar orang tidak terjebak dengan sistem yang mungkin masih perlu di perbaiki..",2025-12-23T11:13:39.000Z,0,1,https://www.instagram.com/p/DSmlP6Ok1NB/c/17917712079087855
https://www.instagram.com/p/DSmlP6Ok1NB/,rohaeni4134,rohaeni4134,ditdot,False,https://scontent-dfw6-1.cdninstagram.com/v/t51.89012-19/573323465_1219825463302212_7278921664109726296_n.png?stp=dst-webp_s150x150&_nc_cat=1&ig_cache_key=YW5vbnltb3VzX3Byb2ZpbGVfcGlj.3-ccb7-5&ccb=7-5&_nc_sid=669407&efg=eyJ2ZW5jb2RlX3RhZyI6InByb2ZpbGVfcGljLnd3dy5DMyJ9&_nc_ohc=RNOcSyqJy9IQ7kNvwEjWjXt&_nc_oc=Adn19d0Ua_x99qs6AIoUin0mfvPPeUIacRI0D6aokE5lRXqPGpLhyaLAbcJPCvSwIUo&_nc_ad=z-m&_nc_cid=0&_nc_zt=24&_nc_ht=scontent-dfw6-1.cdninstagram.com&_nc_gid=lURMYc_hNG3AinFUeJsuaQ&oh=00_AfoKyN0Pps0sKLGdogCvBgwfDbVuu2X4IGGzQnR_61uUyA&oe=6965DD19,Kalo yang ini saya s7 🔥,2025-12-23T10:50:27.000Z,0,0,https://www.instagram.com/p/DSmlP6Ok1NB/c/17855795607590883
https://www.instagram.com/p/DSgygMOD4cZ/,susanto770,susanto770,susanto770,False,https://scontent-det1-1.cdninstagram.com/v/t51.2885-19/71252953_2456687947949695_55301792744865792_n.jpg?stp=dst-jpg_e0_s150x150_tt6&_nc_cat=102&ig_cache_key=GNk7PwR-JnY8WLoIAAAAAACweMQAbkULAAAB1501500j-ccb7-5&ccb=7-5&_nc_sid=669407&efg=eyJ2ZW5jb2RlX3RhZyI6InByb2ZpbGVfcGljLnd3dy45MzUuQzMifQ%3D%3D&_nc_ohc=70IAj9AJjDUQ7kNvwH24S6t&_nc_oc=Adnh4C9pl0tno9Mek0o22HG8HgGr6PyMGVgDjQ1lyv3b_Hrv_CqfizIk5iEYJwvjRQ4&_nc_ad=z-m&_nc_cid=0&_nc_zt=24&_nc_ht=scontent-det1-1.cdninstagram.com&oh=00_AfoMEYUiBo7y2z0XU08iSR-iyAZiU6xL-tUXTibkvpe4xQ&oe=6965F5F9,💩💩💩,2025-12-23T05:31:14.000Z,0,0,https://www.instagram.com/p/DSgygMOD4cZ/c/17885378376421567
https://www.instagram.com/reel/DSkO73FjOFy/,na2ng_khoer,na2ng_khoer,Nanang Khoer,False,https://scontent-lax3-1.cdninstagram.com/v/t51.2885-19/353064464_1781565942313489_6351973515361619436_n.jpg?stp=dst-jpg_e0_s150x150_tt6&_nc_cat=104&ig_cache_key=GBBWCxURsiIlU1QGAOyN0Q1CviZYbkULAAAB1501500j-ccb7-5&ccb=7-5&_nc_sid=669407&efg=eyJ2ZW5jb2RlX3RhZyI6InByb2ZpbGVfcGljLnd3dy42NDAuQzMifQ%3D%3D&_nc_ohc=jBIhEdNAUa8Q7kNvwEet8jS&_nc_oc=AdlpF3iIPmWHQmiQ1GB38QocoAI4fhB00BDTQ0FZL_boS_wuYeI_5Pkj5ykUjZtbqxo&_nc_ad=z-m&_nc_cid=0&_nc_zt=24&_nc_ht=scontent-lax3-1.cdninstagram.com&oh=00_Afoi12q_dGaz4_t-SvPimZLYW8zCyJcVmyJTdTatbjfCBQ&oe=6965CA62,Biar duit nya di DPR aja gak netes ke rakyat😂😂,2025-12-23T02:24:01.000Z,0,0,https://www.instagram.com/p/DSkO73FjOFy/c/18077521699992561
https://www.instagram.com/p/DSkTwY2ERZx/,r_one_7__,r_one_7__,One,False,https://scontent-iad3-1.cdninstagram.com/v/t51.82787-19/540634267_18520836979008505_265030535962768464_n.jpg?stp=dst-jpg_e0_s150x150_tt6&_nc_cat=101&ig_cache_key=GJtsOSD5oxNlmsxBAFA0sUbek60DbmNDAQAB1501500j-ccb7-5&ccb=7-5&_nc_sid=669407&efg=eyJ2ZW5jb2RlX3RhZyI6InByb2ZpbGVfcGljLnd3dy4xMDgwLkMzIn0%3D&_nc_ohc=fWvbKXZ8ow4Q7kNvwFuAsE7&_nc_oc=Adk1nMKuZ3VwqUKEvQfcfOIKekzI3GeC0ysD7ME7xekCQtabmsH8LbKeFBxurVp4eSE&_nc_ad=z-m&_nc_cid=0&_nc_zt=24&_nc_ht=scontent-iad3-1.cdninstagram.com&_nc_gid=GRCei35GqVJkGnXXQ5MpPA&oh=00_AfqErwGpn3oY51Ha4xeAgH3zNEJ-ScPetOxZQouH0muXwQ&oe=6965DEE0,Makin melenceng dr demokrasi 😏,2025-12-23T01:13:50.000Z,7,0,https://www.instagram.com/p/DSkTwY2ERZx/c/17998113038849198
https://www.instagram.com/reel/DSkO73FjOFy/,bayu_salmanan96,bayu_salmanan96,Bayu Salmanan,False,https://scontent-lax3-1.cdninstagram.com/v/t51.2885-19/475231398_494128163524329_8626360878308407314_n.jpg?stp=dst-jpg_e0_s150x150_tt6&_nc_cat=102&ig_cache_key=GKZ0UxzpDqktaMEBABI45q_D-bZ3bkULAAAB1501500j-ccb7-5&ccb=7-5&_nc_sid=669407&efg=eyJ2ZW5jb2RlX3RhZyI6InByb2ZpbGVfcGljLnd3dy4xMDgwLkMzIn0%3D&_nc_ohc=wH-LGngniFkQ7kNvwFJ2217&_nc_oc=AdnjHFwp26BWHeyWat_EFZQW66TTHI-BxG1a_LEWgd-Ssgn7CewSa7m-lAwsdEMk9Kc&_nc_ad=z-m&_nc_cid=0&_nc_zt=24&_nc_ht=scontent-lax3-1.cdninstagram.com&oh=00_AfqVo2V84kWsl9Y1vJT1VMApoqEZvW788WbuDDEvlbOw0g&oe=6965E32D,Suka ati kau aja lah,2025-12-23T00:57:01.000Z,0,0,https://www.instagram.com/p/DSkO73FjOFy/c/18088544065960507
https://www.instagram.com/reel/DSkO73FjOFy/,radiansyah527,radiansyah527,Fery Radiansyah,False,https://scontent-lax3-1.cdninstagram.com/v/t51.2885-19/428083450_1126935708657412_7962932635107440014_n.jpg?stp=dst-jpg_e0_s150x150_tt6&_nc_cat=110&ig_cache_key=GPoIhBkEZ5kq8QAEAI618c0KBYJubkULAAAB1501500j-ccb7-5&ccb=7-5&_nc_sid=669407&efg=eyJ2ZW5jb2RlX3RhZyI6InByb2ZpbGVfcGljLnd3dy4xMDgwLkMzIn0%3D&_nc_ohc=xCzmgtdXNPsQ7kNvwGkyNMc&_nc_oc=AdmYtwCKIcQ-7_h5z8WL4-7jN1vaCKdRlX3cNEII8kyG6OYd_4PhFdz5M_-oAK1BcgE&_nc_ad=z-m&_nc_cid=0&_nc_zt=24&_nc_ht=scontent-lax3-1.cdninstagram.com&oh=00_AfqulFT5_vOwLm7Qmp4cbp59fDuDIfTiFcUN2HVRuB9cUQ&oe=6965ED68,Sepakat,2025-12-23T00:36:45.000Z,0,0,https://www.instagram.com/p/DSkO73FjOFy/c/18083779664117693
https://www.instagram.com/reel/DSkO73FjOFy/,jalan440,jalan440,1 jalan,False,https://scontent-lax3-2.cdninstagram.com/v/t51.2885-19/448724229_2251149945225203_615330496792437671_n.jpg?stp=dst-jpg_e0_s150x150_tt6&_nc_cat=111&ig_cache_key=GAX9vhrzP9KwaP8HAKcjx6DTF4oIbkULAAAB1501500j-ccb7-5&ccb=7-5&_nc_sid=669407&efg=eyJ2ZW5jb2RlX3RhZyI6InByb2ZpbGVfcGljLnd3dy43MDYuQzMifQ%3D%3D&_nc_ohc=sKnccKsbqpgQ7kNvwF_fXbR&_nc_oc=AdmX1EfcKWMqvvFPSJ53sO-OXpSf1n2QPnQ7S1R7-Rq5WWZNRKzhxp36unS6ITgbBn8&_nc_ad=z-m&_nc_cid=0&_nc_zt=24&_nc_ht=scontent-lax3-2.cdninstagram.com&oh=00_AfqFdTv0c0iF-hdo0hRRO2bV2LQrx1dvLuE-u42TLKHGdQ&oe=6965D4E8,Karena ws gak yakin kepilih sama rakyat.. makanya di mengusulkan itu,2025-12-22T23:55:44.000Z,0,0,https://www.instagram.com/p/DSkO73FjOFy/c/17871099753495986
https://www.instagram.com/reel/DSkO73FjOFy/,priabaik29,priabaik29,RRproject,False,https://scontent-lax7-1.cdninstagram.com/v/t51.82787-19/587716267_17965687403989560_1631054174727484434_n.jpg?stp=dst-jpg_e0_s150x150_tt6&_nc_cat=101&ig_cache_key=GKvWByM4StyPstM-ABK0DFYhq6IWbmNDAQAB1501500j-ccb7-5&ccb=7-5&_nc_sid=669407&efg=eyJ2ZW5jb2RlX3RhZyI6InByb2ZpbGVfcGljLnd3dy4xMDgwLkMzIn0%3D&_nc_ohc=bymtDIUyI8IQ7kNvwHUYMdh&_nc_oc=AdlN2kYJHukQScL5Dvz1FNkhV_CU8KrHwRPFFMuGyVEIO4MhR8es2Qb5e2x5rJyLWOY&_nc_ad=z-m&_nc_cid=0&_nc_zt=24&_nc_ht=scontent-lax7-1.cdninstagram.com&_nc_gid=TogJsisvpY6PAOD2kgmTrw&oh=00_AfpV6xVnMAmal8yUs4yWajVv2kWCvjlKSS22YnOIx12qoQ&oe=6965F518,Temen2 lu doang dong yang jadi pejabat 😂😂😂😂,2025-12-22T23:48:02.000Z,1,0,https://www.instagram.com/p/DSkO73FjOFy/c/18156470557411643
https://www.instagram.com/reel/DSkO73FjOFy/,aakmaal21,aakmaal21,"اَللّهُمَّ يَسِّرْ وَ لَا تُعَسِّر, بَشِّرُوْوَلَا تُنَفِّرُو",False,https://scontent-lax7-1.cdninstagram.com/v/t51.82787-19/531862241_18523288594043403_5219723944886747815_n.jpg?stp=dst-jpg_e0_s150x150_tt6&_nc_cat=105&ig_cache_key=GOGSsx8LUrg01c5BAKdCk8hFL3BIbmNDAQAB1501500j-ccb7-5&ccb=7-5&_nc_sid=669407&efg=eyJ2ZW5jb2RlX3RhZyI6InByb2ZpbGVfcGljLnd3dy4xMDgwLkMzIn0%3D&_nc_ohc=qoIUgw16cKIQ7kNvwHaHNzU&_nc_oc=Adm3lNQVYstS3p3DJp2tD5qUHygqnwG07agUhPDq3qiFZ2-v-i-GGuLpO-bsoVdtfSM&_nc_ad=z-m&_nc_cid=0&_nc_zt=24&_nc_ht=scontent-lax7-1.cdninstagram.com&_nc_gid=TogJsisvpY6PAOD2kgmTrw&oh=00_Afqc0RETsLXt2R5-B04KyEAkRGe2MobPt1KgJNEOnl8Ilw&oe=6965C7BE,Ordal ordal ordal. Sampai ini paham 😂😂,2025-12-22T23:28:14.000Z,1,0,https://www.instagram.com/p/DSkO73FjOFy/c/18082018265169527
https://www.instagram.com/p/DSkTwY2ERZx/,dedisudradjat,dedisudradjat,Dedi Gondo,False,https://scontent-iad3-2.cdninstagram.com/v/t51.2885-19/391291370_252980374410912_3661070257123956984_n.jpg?stp=dst-jpg_e0_s150x150_tt6&_nc_cat=111&ig_cache_key=GOqhUhegFlqVFeYAAPgYn20AvM4ybkULAAAB1501500j-ccb7-5&ccb=7-5&_nc_sid=669407&efg=eyJ2ZW5jb2RlX3RhZyI6InByb2ZpbGVfcGljLnd3dy4xMDgwLkMzIn0%3D&_nc_ohc=xcsLzUVYmkwQ7kNvwHI8pcD&_nc_oc=AdnJHy02iA2uqJPO0QEpvxGNVcDkuBXII9defazgFLMzLUI73tYXoqkqxYtYv6hFKG8&_nc_ad=z-m&_nc_cid=0&_nc_zt=24&_nc_ht=scontent-iad3-2.cdninstagram.com&oh=00_Afrm0mxFwC27ONNGhYGh0B7Ps6kTnoGwMvpNGwc658MJIg&oe=6965E0E6,Lebih murah lagi kalau rakyat nggak milih legislatif dan partai....,2025-12-22T22:50:08.000Z,6,0,https://www.instagram.com/p/DSkTwY2ERZx/c/18127288918518006
https://www.instagram.com/p/DSkTwY2ERZx/,yoyokbatam,yoyokbatam,Yoyok Batam,False,https://scontent-iad3-2.cdninstagram.com/v/t51.2885-19/458749346_976666324231901_6112587687887541300_n.jpg?stp=dst-jpg_e0_s150x150_tt6&_nc_cat=105&ig_cache_key=GKL1Vxvd5lHZRXgDADSU9sIdRtRUbkULAAAB1501500j-ccb7-5&ccb=7-5&_nc_sid=669407&efg=eyJ2ZW5jb2RlX3RhZyI6InByb2ZpbGVfcGljLnd3dy4xMDgwLkMzIn0%3D&_nc_ohc=_nwHNXPse3gQ7kNvwFRzXNJ&_nc_oc=AdnMH6SkHTVU-GRsmmfO2Ng5ZMty_2Afi9pS6vOhwkkXeoLedQpyimHjjPBupvlhCIw&_nc_ad=z-m&_nc_cid=0&_nc_zt=24&_nc_ht=scontent-iad3-2.cdninstagram.com&oh=00_Afob0uNGEcpPPlk-xIOIGQxtBupRZJediJJze9zvx_BICA&oe=6965F287,"Yang Lemah itu Hukumannya Terhadap Koruptor, Bukan Sistemnya",2025-12-22T22:42:46.000Z,1,0,https://www.instagram.com/p/DSkTwY2ERZx/c/17891093868259246
https://www.instagram.com/p/DSkTwY2ERZx/,elmandasy,elmandasy,🅴🅻🅼🅰🅽🅳🅰🆂🆈,False,https://scontent-iad3-2.cdninstagram.com/v/t51.2885-19/370343266_1029485991735392_5835404059761158856_n.jpg?stp=dst-jpg_e0_s150x150_tt6&_nc_cat=106&ig_cache_key=GGL9EhZgsNbiT6gDAMiq7zYThftQbkULAAAB1501500j-ccb7-5&ccb=7-5&_nc_sid=669407&efg=eyJ2ZW5jb2RlX3RhZyI6InByb2ZpbGVfcGljLnd3dy4zOTkuQzMifQ%3D%3D&_nc_ohc=hkreN8LRpwUQ7kNvwF6Xzn2&_nc_oc=AdnBzz49mdXONpuzHWwZ4UJswgZamO77m4v9VNsTPx87lYpaifR9VsCGiwjfgUc3LRM&_nc_ad=z-m&_nc_cid=0&_nc_zt=24&_nc_ht=scontent-iad3-2.cdninstagram.com&oh=00_AfqSUDMZEXB1pTHUx4k-mABDCqWQzC46xEIMO6qmCqP1Lw&oe=6965CA83,Maling teriak maling,2025-12-22T21:14:04.000Z,4,0,https://www.instagram.com/p/DSkTwY2ERZx/c/17928604725031220
https://www.instagram.com/reel/DSkO73FjOFy/,alher514,alher514,alher,False,https://scontent-lax3-2.cdninstagram.com/v/t51.89012-19/573323465_1219825463302212_7278921664109726296_n.png?stp=dst-webp_s150x150&_nc_cat=1&ig_cache_key=YW5vbnltb3VzX3Byb2ZpbGVfcGlj.3-ccb7-5&ccb=7-5&_nc_sid=669407&efg=eyJ2ZW5jb2RlX3RhZyI6InByb2ZpbGVfcGljLnd3dy5DMyJ9&_nc_ohc=RNOcSyqJy9IQ7kNvwEXFpOk&_nc_oc=AdnZoEtO4U2LQDS1CJ3M88w4YSWZ2ZRrnaPdxawK3trKSCx2pKTbuk8RS4Ft50rYob8&_nc_ad=z-m&_nc_cid=0&_nc_zt=24&_nc_ht=scontent-lax3-2.cdninstagram.com&_nc_gid=TogJsisvpY6PAOD2kgmTrw&oh=00_AfojQUXZodR-jh8sH6-eVHovf3LybV_iA04gwMBG34ePgQ&oe=6965DD19,Boikot golkar,2025-12-22T16:36:49.000Z,1,0,https://www.instagram.com/p/DSkO73FjOFy/c/18063784052557414
https://www.instagram.com/reel/DSkO73FjOFy/,alher514,alher514,alher,False,https://scontent-lax3-2.cdninstagram.com/v/t51.89012-19/573323465_1219825463302212_7278921664109726296_n.png?stp=dst-webp_s150x150&_nc_cat=1&ig_cache_key=YW5vbnltb3VzX3Byb2ZpbGVfcGlj.3-ccb7-5&ccb=7-5&_nc_sid=669407&efg=eyJ2ZW5jb2RlX3RhZyI6InByb2ZpbGVfcGljLnd3dy5DMyJ9&_nc_ohc=RNOcSyqJy9IQ7kNvwEXFpOk&_nc_oc=AdnZoEtO4U2LQDS1CJ3M88w4YSWZ2ZRrnaPdxawK3trKSCx2pKTbuk8RS4Ft50rYob8&_nc_ad=z-m&_nc_cid=0&_nc_zt=24&_nc_ht=scontent-lax3-2.cdninstagram.com&_nc_gid=TogJsisvpY6PAOD2kgmTrw&oh=00_AfojQUXZodR-jh8sH6-eVHovf3LybV_iA04gwMBG34ePgQ&oe=6965DD19,Boikot pkb,2025-12-22T16:36:34.000Z,1,0,https://www.instagram.com/p/DSkO73FjOFy/c/17884305957307315
https://www.instagram.com/wow.info/p/DSeN8IlE_ws/?hl=he,zakariakms4,zakariakms4,kms zakaria,False,https://scontent-sjc3-1.cdninstagram.com/v/t51.2885-19/65105045_516842465826938_2718324568740593664_n.jpg?stp=dst-jpg_e0_s150x150_tt6&_nc_cat=102&ig_cache_key=GJVs4QN6mJTDENYBAAAAAADLbbklbkULAAAB1501500j-ccb7-5&ccb=7-5&_nc_sid=669407&efg=eyJ2ZW5jb2RlX3RhZyI6InByb2ZpbGVfcGljLnd3dy41NDAuQzMifQ%3D%3D&_nc_ohc=Pcox7itTbmAQ7kNvwE15EFS&_nc_oc=AdnXsGW430zFthXgmAM3moevUfJfcr-9LSNrZN_gR2AhUnMe-CUrMyyWvLisPEZ-iU4&_nc_ad=z-m&_nc_cid=0&_nc_zt=24&_nc_ht=scontent-sjc3-1.cdninstagram.com&oh=00_AfqLeYHN1wPksBw_kd6WIib1LQrDbx2HlSt3wyR2i_0NUw&oe=6965D694,buat ap 1998😂😂,2025-12-22T14:54:49.000Z,4,7,https://www.instagram.com/p/DSeN8IlE_ws/c/17889652128402202
https://www.instagram.com/p/DSkTwY2ERZx/,gustari81,gustari81,Gustari,False,https://scontent-iad3-1.cdninstagram.com/v/t51.2885-19/323684463_1752930431767273_4236733406437443712_n.jpg?stp=dst-jpg_e0_s150x150_tt6&_nc_cat=107&ig_cache_key=GG8ISxPpkrPrRzoGAIAIvAKW5ss6bkULAAAB1501500j-ccb7-5&ccb=7-5&_nc_sid=669407&efg=eyJ2ZW5jb2RlX3RhZyI6InByb2ZpbGVfcGljLnd3dy45NjAuQzMifQ%3D%3D&_nc_ohc=uDDM0UR4g7EQ7kNvwEDzt4F&_nc_oc=Adm_W4ODXF48EFYHYnrHm00LghP_lzu1FiFkOY9_ibmC9S4mEHipDNb1DMiUNuRjW8U&_nc_ad=z-m&_nc_cid=0&_nc_zt=24&_nc_ht=scontent-iad3-1.cdninstagram.com&oh=00_AfoEzaO2Z05m-z3nLRtPfuXBCdXTtP_hX8IhQT9vrijfTw&oe=6965EDD5,Mahal itu ketua partai mintak puluhan M untuk pakai partai nya😂,2025-12-22T14:35:00.000Z,25,0,https://www.instagram.com/p/DSkTwY2ERZx/c/18051681131402714
https://www.instagram.com/p/DSkTwY2ERZx/,garasivespbro24,garasivespbro24,Servis Vespa Modern Condet,False,https://scontent-iad3-2.cdninstagram.com/v/t51.2885-19/131405937_299459925216633_4847730300867788267_n.jpg?stp=dst-jpg_e0_s150x150_tt6&_nc_cat=103&ig_cache_key=GHEY1Qd5jXdyWxABAOs9HzYGmUZDbkULAAAB1501500j-ccb7-5&ccb=7-5&_nc_sid=669407&efg=eyJ2ZW5jb2RlX3RhZyI6InByb2ZpbGVfcGljLnd3dy4xMDgwLkMzIn0%3D&_nc_ohc=utcfTZq0B-IQ7kNvwHJ2x24&_nc_oc=AdlYEImZga5Aqsw92cFO4c4bmQ3fRLns0pKh9X8XZCNT9WbvkDEm5DwtpO2w3eUSV4w&_nc_ad=z-m&_nc_cid=0&_nc_zt=24&_nc_ht=scontent-iad3-2.cdninstagram.com&oh=00_Afq8X8JYF0PgGt9iO07I58Lhi86J5pvl_bl9LGwVHOYCpA&oe=6965CC58,Rawan 86 bagi2😂😂😂😂,2025-12-22T14:00:03.000Z,10,0,https://www.instagram.com/p/DSkTwY2ERZx/c/18249971545295282
https://www.instagram.com/p/DSkTwY2ERZx/,dedensujana.63,dedensujana.63,Deden Sujana,False,https://scontent-iad3-2.cdninstagram.com/v/t51.82787-19/607860540_18546967138028634_4935975204155780295_n.jpg?stp=dst-jpg_e0_s150x150_tt6&_nc_cat=111&ig_cache_key=GDw3OyRaTOxLXuRBAMds19dLG4BEbmNDAQAB1501500j-ccb7-5&ccb=7-5&_nc_sid=669407&efg=eyJ2ZW5jb2RlX3RhZyI6InByb2ZpbGVfcGljLnd3dy4xMDgwLkMzIn0%3D&_nc_ohc=6VsoJlCX17oQ7kNvwFrLGkT&_nc_oc=Adm4ZLfR5_oig7i_mq3H4oQq-aDi-m4sLuoY_4yK8N1IgZEK_Co7jfYAgL4FehP8zTQ&_nc_ad=z-m&_nc_cid=0&_nc_zt=24&_nc_ht=scontent-iad3-2.cdninstagram.com&_nc_gid=GRCei35GqVJkGnXXQ5MpPA&oh=00_AfobB-5tUWIhMsnjJ8qWulcmtLwuSjae5OaU9UGUtUUHtg&oe=6965F6E6,Yg jd Pejabat pasti semua dr partai Koalisi😂😂😂😂,2025-12-22T13:45:30.000Z,15,0,https://www.instagram.com/p/DSkTwY2ERZx/c/18090154715063311
https://www.instagram.com/p/DSkTwY2ERZx/,nila.fitria26,nila.fitria26,Nila Fitria,False,https://scontent-iad3-1.cdninstagram.com/v/t51.2885-19/368522052_662553072600980_6696296447487873902_n.jpg?stp=dst-jpg_e0_s150x150_tt6&_nc_cat=107&ig_cache_key=GEQz9xWUh4molloCAG6TOfcjBu5cbkULAAAB1501500j-ccb7-5&ccb=7-5&_nc_sid=669407&efg=eyJ2ZW5jb2RlX3RhZyI6InByb2ZpbGVfcGljLnd3dy43MjAuQzMifQ%3D%3D&_nc_ohc=h1_c7KHicbcQ7kNvwFJlwz_&_nc_oc=Adn7Ezbjj54_RgTrhovC3amIgM9yEPMswYI3cKg26mQ49s43ktnIgkRT6ODYRffbORA&_nc_ad=z-m&_nc_cid=0&_nc_zt=24&_nc_ht=scontent-iad3-1.cdninstagram.com&oh=00_Afr1VL0nz2lbyKnrORzbhb0_Ex1FLLjJt8Mk6ZzABAXodA&oe=6965D1D3,Ntr rame pasti salling gontok gontokan😂😂😂 kita mau nya masyarakat milih kayak Indonesia idol,2025-12-22T13:42:34.000Z,4,0,https://www.instagram.com/p/DSkTwY2ERZx/c/18064602563540353
https://www.instagram.com/p/DSkTwY2ERZx/,massaifularifin,massaifularifin,Saiful Arifin,True,https://scontent-iad3-1.cdninstagram.com/v/t51.2885-19/448083522_928000316036123_4365946125961927805_n.jpg?stp=dst-jpg_e0_s150x150_tt6&_nc_cat=101&ig_cache_key=GEI2tRobVDDpAkwDAH0cdKre9JY8bkULAAAB1501500j-ccb7-5&ccb=7-5&_nc_sid=669407&efg=eyJ2ZW5jb2RlX3RhZyI6InByb2ZpbGVfcGljLnd3dy4xMDgwLkMzIn0%3D&_nc_ohc=W_m_vU8doVUQ7kNvwFMlpX7&_nc_oc=AdkbquQoFRFY52bWdc8KfHB3mJ-712oKVgY5Eeo3JkxCT2SLo_rl0krePmblL7rAB5Y&_nc_ad=z-m&_nc_cid=0&_nc_zt=24&_nc_ht=scontent-iad3-1.cdninstagram.com&oh=00_AfplDDkPcyXcKne11tuXy3QRCGs5wPKFef3Ti3OrFIxVGw&oe=6965E761,"Presiden pilihan langsung Rakyat , Gubernur ditunjuk presiden Bupati /walikota pilihan Dprd udah benerr ituuu 👏👏",2025-12-22T13:32:35.000Z,32,20,https://www.instagram.com/p/DSkTwY2ERZx/c/18106403842709121
https://www.instagram.com/p/DSkTwY2ERZx/,rodirod20,rodirod20,rorodidi,False,https://scontent-iad3-2.cdninstagram.com/v/t51.2885-19/472773220_1598892127662447_6408070605261171250_n.jpg?stp=dst-jpg_e0_s150x150_tt6&_nc_cat=111&ig_cache_key=GGTyLRxvsU0VL64FADLqNppDCu5YbkULAAAB1501500j-ccb7-5&ccb=7-5&_nc_sid=669407&efg=eyJ2ZW5jb2RlX3RhZyI6InByb2ZpbGVfcGljLnd3dy4zMjAuQzMifQ%3D%3D&_nc_ohc=G-yhu3wPpuUQ7kNvwG7MxfL&_nc_oc=AdlXdXio1BF1cnBpMGyGvYN1Ka0OMVwjPASUyDvMzd7JFHfN9gXpYO-A591Ua5qT5ZI&_nc_ad=z-m&_nc_cid=0&_nc_zt=24&_nc_ht=scontent-iad3-2.cdninstagram.com&oh=00_AfqRPMlhuBCCWipy0kp0NjLThSF0wU5fxRrdsuOf92t-eA&oe=6965E09F,"Konyol. Yg bikin mahal gara2 lu lu juga, skrg jaman digitalisasi.",2025-12-22T13:32:33.000Z,10,1,https://www.instagram.com/p/DSkTwY2ERZx/c/17963734427865475
https://www.instagram.com/p/DSkTwY2ERZx/,fandiazizfananii,fandiazizfananii,Fandi Aziz Fanani,False,https://scontent-iad3-2.cdninstagram.com/v/t51.2885-19/486641006_2121601958270214_7582912038988751374_n.jpg?stp=dst-jpg_e0_s150x150_tt6&_nc_cat=100&ig_cache_key=GG6NAR0G1RPzlYkHAA4i9c5S6jtpbkULAAAB1501500j-ccb7-5&ccb=7-5&_nc_sid=669407&efg=eyJ2ZW5jb2RlX3RhZyI6InByb2ZpbGVfcGljLnd3dy4xMDgwLkMzIn0%3D&_nc_ohc=I2fRUEZ9bNkQ7kNvwELx2Yn&_nc_oc=AdlxUU_4n-O3nukZ9YcvgWNAx11dgvvWQMw8wIW4JVyAAQW9tdH6ZK-GVfxzvoPZz6M&_nc_ad=z-m&_nc_cid=0&_nc_zt=24&_nc_ht=scontent-iad3-2.cdninstagram.com&oh=00_Afq_ooIwn9R_rGTcVqQmSO5T67wF6xyfXlkUiAgtqRavpw&oe=6965F44A,Yo anggota mu kabeh seng mbok pilih pakk,2025-12-22T13:30:30.000Z,1,0,https://www.instagram.com/p/DSkTwY2ERZx/c/18028484714583753
https://www.instagram.com/p/DSgygMOD4cZ/,untukeks,untukeks,x ai,False,https://scontent-det1-1.cdninstagram.com/v/t51.89012-19/573323465_1219825463302212_7278921664109726296_n.png?stp=dst-webp_s150x150&_nc_cat=1&ig_cache_key=YW5vbnltb3VzX3Byb2ZpbGVfcGlj.3-ccb7-5&ccb=7-5&_nc_sid=669407&efg=eyJ2ZW5jb2RlX3RhZyI6InByb2ZpbGVfcGljLnd3dy5DMyJ9&_nc_ohc=RNOcSyqJy9IQ7kNvwHYeccL&_nc_oc=AdlPJ3tfVJSJnTC9xBDGH0fTWlna-Hw8HAH5dhYdV5fMICVXK6sd_-elYYEVul_uFMU&_nc_ad=z-m&_nc_cid=0&_nc_zt=24&_nc_ht=scontent-det1-1.cdninstagram.com&_nc_gid=3Q_Dyt1IdjJ10veNC8mY9A&oh=00_AfqttojgDDuIsum0DeggYjliduV9Qki7w840o163FTjXNw&oe=6965DD19,Dekil,2025-12-22T10:11:15.000Z,0,0,https://www.instagram.com/p/DSgygMOD4cZ/c/18100569562808508
https://www.instagram.com/p/DSe-Kf6gbBu/,dimsdjorgi,dimsdjorgi,Dimas Djorgi,False,https://scontent-lga3-3.cdninstagram.com/v/t51.2885-19/15802581_205868996542452_271798235004141568_a.jpg?stp=dst-jpg_e0_s150x150_tt6&_nc_cat=110&ig_cache_key=GNUg8QD0v2icPLsAAAAAAAAOn8UDYUULAAAB1501500j-ccb7-5&ccb=7-5&_nc_sid=669407&efg=eyJ2ZW5jb2RlX3RhZyI6InByb2ZpbGVfcGljLnd3dy4xMDI0LkMzIn0%3D&_nc_ohc=mfLgvTa5hzwQ7kNvwFeyhfA&_nc_oc=AdkrZa85Hu1L16A9PFvkJwEXOjefWJhll9aFUxPNsiXz7_uGNyb_6e82psv73WunprY&_nc_ad=z-m&_nc_cid=0&_nc_zt=24&_nc_ht=scontent-lga3-3.cdninstagram.com&oh=00_AfokYExqhtZM2wdumuC6p9o4HBSumtAvCtdfL7BJPeakAw&oe=6965C4E1,"Udah di titik bodo amat jadi rakyat indo, serah lu SERAH, CAPEK",2025-12-22T09:51:24.000Z,0,0,https://www.instagram.com/p/DSe-Kf6gbBu/c/18051621833389857
https://www.instagram.com/p/DSgygMOD4cZ/,gerakparlemenindonesia,gerakparlemenindonesia,Gerak Parlemen Indonesia🇮🇩,False,https://scontent-det1-1.cdninstagram.com/v/t51.2885-19/484375318_1285365872541055_2229084647730320065_n.jpg?stp=dst-jpg_e0_s150x150_tt6&_nc_cat=102&ig_cache_key=GBb73hx-PT2QCJEEAMESPkqtTO8ebkULAAAB1501500j-ccb7-5&ccb=7-5&_nc_sid=669407&efg=eyJ2ZW5jb2RlX3RhZyI6InByb2ZpbGVfcGljLnd3dy40MDYuQzMifQ%3D%3D&_nc_ohc=gWm51oCnbMgQ7kNvwH3xWSN&_nc_oc=AdkQOJoquvIv5sXttEWJDLTHoRx3zYSCHwxTDYL3Nb-3qV5fRn97o-vUW6FUgGm40SE&_nc_ad=z-m&_nc_cid=0&_nc_zt=24&_nc_ht=scontent-det1-1.cdninstagram.com&oh=00_AfpU5cTFFHGKzM7hLNnLdHQ7qWt--Hax3Tn_CvBftwyLRg&oe=6965E280,🔥🔥,2025-12-21T16:11:09.000Z,0,0,https://www.instagram.com/p/DSgygMOD4cZ/c/18102099742832455
https://www.instagram.com/p/DSedhqAEic4/,esty_aningtyas,esty_aningtyas,Esty Aning Tyas,False,https://scontent-lax3-1.cdninstagram.com/v/t51.82787-19/605887494_18512735236068796_8329822720652096663_n.jpg?stp=dst-jpg_e0_s150x150_tt6&_nc_cat=109&ig_cache_key=GAYcHSS8FZEPPMVBAJc0cpKheZlzbmNDAQAB1501500j-ccb7-5&ccb=7-5&_nc_sid=669407&efg=eyJ2ZW5jb2RlX3RhZyI6InByb2ZpbGVfcGljLnd3dy4xMDgwLkMzIn0%3D&_nc_ohc=-qA8yyyqo6QQ7kNvwF91N-1&_nc_oc=AdmWwanRJc1bxv4PCWZzcyWXaiP8b8yyTvOr51PxSqvFd0t6rCV-bb7F9A30NXnNW6M&_nc_ad=z-m&_nc_cid=0&_nc_zt=24&_nc_ht=scontent-lax3-1.cdninstagram.com&_nc_gid=a_bHZrlMAtPBH6IXEzWCEw&oh=00_AfrgaQnb40nzYKH_GkC515ZRixcA7evpnWMD2q5oUyv7kA&oe=6965E0D3,Kaya nyambud gaweMu genah²o ae...,2025-12-21T14:36:35.000Z,0,0,https://www.instagram.com/p/DSedhqAEic4/c/18068583557423266
https://www.instagram.com/p/DSedhqAEic4/,fake_______accountt,fake_______accountt,"LANGKO, SE",False,https://scontent-lax3-1.cdninstagram.com/v/t51.82787-19/601675874_17930742606141652_2638440930138321751_n.jpg?stp=dst-jpg_e0_s150x150_tt6&_nc_cat=110&ig_cache_key=GGLY3CPUGJlX6rM-AFfzvgEMoJ0kbmNDAQAB1501500j-ccb7-5&ccb=7-5&_nc_sid=669407&efg=eyJ2ZW5jb2RlX3RhZyI6InByb2ZpbGVfcGljLnd3dy4xMDgwLkMzIn0%3D&_nc_ohc=uxoO6L9bY8sQ7kNvwG7UieW&_nc_oc=AdnTRiq1T1nVvORjE8Aj3iJuW-WvICRmaeGi6Eb6DEcPt69heXA7crIeAXsr6eU5c4M&_nc_ad=z-m&_nc_cid=0&_nc_zt=24&_nc_ht=scontent-lax3-1.cdninstagram.com&_nc_gid=a_bHZrlMAtPBH6IXEzWCEw&oh=00_AfqQ2wI3YbOsagzRGEivOKwWcrtf6tqwyyDTeT_LATdjWQ&oe=6965E655,Bubarkan partai yg paling bener !!.,2025-12-21T13:05:42.000Z,0,0,https://www.instagram.com/p/DSedhqAEic4/c/17983956797927809
https://www.instagram.com/p/DSgygMOD4cZ/,jimmrm93,jimmrm93,JimRM93,False,https://scontent-det1-1.cdninstagram.com/v/t51.82787-19/605288539_17892995814388072_7440633841138040612_n.jpg?stp=dst-jpg_e0_s150x150_tt6&_nc_cat=104&ig_cache_key=GFv4EyRo8Xu7lZE-ACR-yGwOcUJnbmNDAQAB1501500j-ccb7-5&ccb=7-5&_nc_sid=669407&efg=eyJ2ZW5jb2RlX3RhZyI6InByb2ZpbGVfcGljLnd3dy4xMDgwLkMzIn0%3D&_nc_ohc=GvhZwxRYOYIQ7kNvwFurYRC&_nc_oc=Adk46Ytx3sqTWHRbubAdU7SxbNgliBFIyfAJ5Y28iR0NJrwzjj1GkK_7_ZL7Tg75hxg&_nc_ad=z-m&_nc_cid=0&_nc_zt=24&_nc_ht=scontent-det1-1.cdninstagram.com&_nc_gid=3Q_Dyt1IdjJ10veNC8mY9A&oh=00_AfrFUkddGilJef3fubSBBcdDUPGzDmouLiaSlsDlli7-1Q&oe=6965CD03,👍🆗,2025-12-21T13:02:37.000Z,0,0,https://www.instagram.com/p/DSgygMOD4cZ/c/18075673406022694
https://www.instagram.com/wow.info/p/DSeN8IlE_ws/?hl=he,arkkpop,arkkpop,arkpop,False,https://scontent-sjc6-1.cdninstagram.com/v/t51.75761-19/496461209_17847185028467211_8904084851744369259_n.jpg?stp=dst-jpg_e0_s150x150_tt6&_nc_cat=111&ig_cache_key=GJlllx0LytyT62c-AGvqKC7-qZF7bvEnAQAB1501500j-ccb7-5&ccb=7-5&_nc_sid=669407&efg=eyJ2ZW5jb2RlX3RhZyI6InByb2ZpbGVfcGljLnd3dy4xMDgwLkMzIn0%3D&_nc_ohc=0g94JaOC-5sQ7kNvwH-OaG8&_nc_oc=AdknNbUpTCnCb_DK0vTSLFOrv75JxyqHGSYAMJqjqdrKx2I__jUjdCnnL2aKwpaWvaQ&_nc_ad=z-m&_nc_cid=0&_nc_zt=24&_nc_ht=scontent-sjc6-1.cdninstagram.com&_nc_gid=bTcqPe3pYskwm48l8IP0LQ&oh=00_AfrRMizNQcb7rts2g7OMTAsAuSUAzMd0mDRofAUW69Ho9Q&oe=6965E972,Yang bener rakyat bisa memecat anggota legislatif,2025-12-21T12:31:52.000Z,13,0,https://www.instagram.com/p/DSeN8IlE_ws/c/18198327376326054
https://www.instagram.com/p/DSgygMOD4cZ/,himawan77425,himawan77425,Himawan Chandra,False,https://scontent-det1-1.cdninstagram.com/v/t51.82787-19/612040657_17883309378430943_308868306718064473_n.jpg?stp=dst-jpg_e0_s150x150_tt6&_nc_cat=108&ig_cache_key=GNH-eiTf5_huxog-AFl-TqgWUkkEbmNDAQAB1501500j-ccb7-5&ccb=7-5&_nc_sid=669407&efg=eyJ2ZW5jb2RlX3RhZyI6InByb2ZpbGVfcGljLnd3dy4yMjkuQzMifQ%3D%3D&_nc_ohc=_nDcuosQy6AQ7kNvwHChbvs&_nc_oc=Adm3Zz0U-myURtBfy7jUL0E73Obc-NcWnV7cf6a4rNW2HEjD6YcWcjQyVrqyx7MRhIU&_nc_ad=z-m&_nc_cid=0&_nc_zt=24&_nc_ht=scontent-det1-1.cdninstagram.com&_nc_gid=3Q_Dyt1IdjJ10veNC8mY9A&oh=00_AfrWXEV850Z1Nv3K7FYPd2wJY14iGbjp1VSoxVByaZFDjQ&oe=6965C98A,Istimewa 😍😍😍😍,2025-12-21T08:39:40.000Z,0,0,https://www.instagram.com/p/DSgygMOD4cZ/c/18087207185076358
https://www.instagram.com/p/DSgygMOD4cZ/,mangimam.id,mangimam.id,Imam Syafe'i,False,https://scontent-det1-1.cdninstagram.com/v/t51.2885-19/343777426_6104783329585901_3488240319145258402_n.jpg?stp=dst-jpg_e0_s150x150_tt6&_nc_cat=110&ig_cache_key=GJKgfRTtasqhRLAVAKIt2bkWuGgwbkULAAAB1501500j-ccb7-5&ccb=7-5&_nc_sid=669407&efg=eyJ2ZW5jb2RlX3RhZyI6InByb2ZpbGVfcGljLnd3dy42NDAuQzMifQ%3D%3D&_nc_ohc=nY-zxB9fGCUQ7kNvwHE8xmK&_nc_oc=Admait1dGVl8xok6g9NoYK_UVXKeT034icyZO7WcckRXUVeEx_DmXiXWYbCoRCL2lbc&_nc_ad=z-m&_nc_cid=0&_nc_zt=24&_nc_ht=scontent-det1-1.cdninstagram.com&oh=00_AfpEEmBneVX9FjOxwuGnX1qz5utsFI5XrYR-mje8jNGtJQ&oe=6965D57B,🔥🔥🔥🔥,2025-12-21T08:32:54.000Z,0,0,https://www.instagram.com/p/DSgygMOD4cZ/c/17992147700898592
https://www.instagram.com/p/DSgygMOD4cZ/,rangkaiananggrekbulan,rangkaiananggrekbulan,ANGGREK BULAN | ACAFLORIST_,False,https://scontent-det1-1.cdninstagram.com/v/t51.2885-19/485089437_1434851734555780_1354262346258195308_n.jpg?stp=dst-jpg_e0_s150x150_tt6&_nc_cat=105&ig_cache_key=GJ3g6RyEjPFz-RgFAGwjaMFtTssSbkULAAAB1501500j-ccb7-5&ccb=7-5&_nc_sid=669407&efg=eyJ2ZW5jb2RlX3RhZyI6InByb2ZpbGVfcGljLnd3dy40ODUuQzMifQ%3D%3D&_nc_ohc=XyK-_e82oz0Q7kNvwG05o7Z&_nc_oc=AdlnbjEJ8zA3yOl8rfrMDL8-kpsZCO0innpaSREK06gKMpAvlE8FykaOvL19zOdN_CI&_nc_ad=z-m&_nc_cid=0&_nc_zt=24&_nc_ht=scontent-det1-1.cdninstagram.com&oh=00_Afr4qm0TuCwNBwqSyLFeFZ_SyNnziWrAXnd3Rawzn1WjNA&oe=6965F35F,❤️❤️❤️❤️,2025-12-21T07:21:51.000Z,0,0,https://www.instagram.com/p/DSgygMOD4cZ/c/18100466521837889
https://www.instagram.com/wow.info/p/DSeN8IlE_ws/?hl=he,ridwanradwan184,ridwanradwan184,ridwan ntong,False,https://scontent-sjc3-1.cdninstagram.com/v/t51.2885-19/21909254_770009386537836_4209736461739622400_n.jpg?stp=dst-jpg_e0_s150x150_tt6&_nc_cat=105&ig_cache_key=GAZPTgFsU-XHUbwCAAAAAAAC-Ws6bkULAAAB1501500j-ccb7-5&ccb=7-5&_nc_sid=669407&efg=eyJ2ZW5jb2RlX3RhZyI6InByb2ZpbGVfcGljLnd3dy41OTIuQzMifQ%3D%3D&_nc_ohc=Gkt783esGs4Q7kNvwGnrA8u&_nc_oc=AdmXsCdQCpR-KepI9C4KKodzuRzInVGRJB2Vum1LDBOzXAuIsgweqJlQOkukRrOVABU&_nc_ad=z-m&_nc_cid=0&_nc_zt=24&_nc_ht=scontent-sjc3-1.cdninstagram.com&oh=00_AfoTYyA_qIHlpVpfKXTm9cn9HVoVvKdwwXqxq340_pVgpw&oe=6965CC77,Abis minum apa ini dia?,2025-12-21T06:36:59.000Z,0,3,https://www.instagram.com/p/DSeN8IlE_ws/c/18117226201565819
https://www.instagram.com/p/DSgygMOD4cZ/,urudisia,urudisia,rudisia usman,False,https://scontent-det1-1.cdninstagram.com/v/t51.82787-19/543717455_17898100398279885_4793858920672600321_n.jpg?stp=dst-jpg_e0_s150x150_tt6&_nc_cat=111&ig_cache_key=GE94aCDNzGQ8OpY-AAEhBxZKNYdCbmNDAQAB1501500j-ccb7-5&ccb=7-5&_nc_sid=669407&efg=eyJ2ZW5jb2RlX3RhZyI6InByb2ZpbGVfcGljLnd3dy43MjAuQzMifQ%3D%3D&_nc_ohc=id-CxrpnnvoQ7kNvwH7O9bL&_nc_oc=AdmoSLK_AYcPBSda44wT-KTtXftzybkQu8E_AuZ5wbnqpIjqTbPE6QV6vtq8jHMKmTE&_nc_ad=z-m&_nc_cid=0&_nc_zt=24&_nc_ht=scontent-det1-1.cdninstagram.com&_nc_gid=3Q_Dyt1IdjJ10veNC8mY9A&oh=00_AfrRVh_wvidu2UzFvErv1rdD9owmEq6zf8dS8yovENIEHg&oe=6965E581,Bravo BPJ dan Bang Ijeck yang dicopot Bahlil jadi Ketua DPD🔥❤️,2025-12-21T05:38:11.000Z,1,0,https://www.instagram.com/p/DSgygMOD4cZ/c/17852385780600951
https://www.instagram.com/p/DSgygMOD4cZ/,sukses.karya.ygen,sukses.karya.ygen,PT Sukses Karya Ygen,False,https://scontent-det1-1.cdninstagram.com/v/t51.75761-19/497874297_18079997722784286_1094614655434754405_n.jpg?stp=dst-jpg_e0_s150x150_tt6&_nc_cat=103&ig_cache_key=GHn1rB0ecs6BqTtAAGUJIMc62jAPbvEnAQAB1501500j-ccb7-5&ccb=7-5&_nc_sid=669407&efg=eyJ2ZW5jb2RlX3RhZyI6InByb2ZpbGVfcGljLnd3dy4zNjAuQzMifQ%3D%3D&_nc_ohc=IeoeoSwmiqEQ7kNvwGPv0fR&_nc_oc=AdlHyiH8116ZA14UfdS5z7ZkDbUwD7l1mTz1Qx3junCF68ha4hjOD9g1-tkio8yMsMg&_nc_ad=z-m&_nc_cid=0&_nc_zt=24&_nc_ht=scontent-det1-1.cdninstagram.com&_nc_gid=3Q_Dyt1IdjJ10veNC8mY9A&oh=00_AfoPFYnOWwIb3cnUi9lkpda8mSRlRfmvH2MuZDEZA7CB_A&oe=6965E649,❤️,2025-12-21T05:21:44.000Z,0,0,https://www.instagram.com/p/DSgygMOD4cZ/c/18001085837837818
https://www.instagram.com/wow.info/p/DSeN8IlE_ws/?hl=he,anjarsaputra19,anjarsaputra19,Anjar saputra,False,https://scontent-sjc6-1.cdninstagram.com/v/t51.2885-19/22427487_144298412854546_8561591578827685888_n.jpg?stp=dst-jpg_e0_s150x150_tt6&_nc_cat=104&ig_cache_key=GF83VgESzaMXPYMAAAAAAAAu4tB2bkULAAAB1501500j-ccb7-5&ccb=7-5&_nc_sid=669407&efg=eyJ2ZW5jb2RlX3RhZyI6InByb2ZpbGVfcGljLnd3dy4xMDgwLkMzIn0%3D&_nc_ohc=Lc_0Cy4o_A4Q7kNvwGjUOrv&_nc_oc=AdkkIdYkFP8hcD1jowsz-q18UKFdzAiYqOB_bWrXlFlBldHpm5XwCRGGFyhq9Oy-FkM&_nc_ad=z-m&_nc_cid=0&_nc_zt=24&_nc_ht=scontent-sjc6-1.cdninstagram.com&oh=00_Afrqj1qbgwb9O3p6iotjm6OEOmoljZNxP2lXSs2Hu_mgjg&oe=6965EBBB,Pdahal dpR ga dipercaya rakyat,2025-12-21T05:08:55.000Z,19,0,https://www.instagram.com/p/DSeN8IlE_ws/c/17891046417390750
https://www.instagram.com/p/DSgygMOD4cZ/,rizky_creativeprenuer,rizky_creativeprenuer,Mohammad Rizky,False,https://scontent-det1-1.cdninstagram.com/v/t51.82787-19/589519684_18375298648159432_1817694373042827280_n.jpg?stp=dst-jpg_e0_s150x150_tt6&_nc_cat=110&ig_cache_key=GERbIyPItJCcPEhBABCwcddmvzkZbmNDAQAB1501500j-ccb7-5&ccb=7-5&_nc_sid=669407&efg=eyJ2ZW5jb2RlX3RhZyI6InByb2ZpbGVfcGljLnd3dy4xMDgwLkMzIn0%3D&_nc_ohc=PSPGiN33FGcQ7kNvwHdXXpi&_nc_oc=AdlNwS9Rk6Ug4cryUY11trFdat4WqOry7_IwdQIbxfBtMOfAWU1y4lxSEFG0iwZGCDM&_nc_ad=z-m&_nc_cid=0&_nc_zt=24&_nc_ht=scontent-det1-1.cdninstagram.com&_nc_gid=3Q_Dyt1IdjJ10veNC8mY9A&oh=00_AfowXguvUjP4lTFp0IWFz-l9E1-ULeLDZDRWRguAimLzvQ&oe=6965D14A,Terbaik Teh Ketemu Di Lift 😂,2025-12-21T04:53:13.000Z,0,0,https://www.instagram.com/p/DSgygMOD4cZ/c/18067804685148207
https://www.instagram.com/p/DSgygMOD4cZ/,iman_khadafi_mk,iman_khadafi_mk,,False,https://scontent-det1-1.cdninstagram.com/v/t51.2885-19/317627882_715538536248654_8087950153505560577_n.jpg?stp=dst-jpg_e0_s150x150_tt6&_nc_cat=110&ig_cache_key=GOqd7hJOtUZMx4oCAAHYwxTQKz5wbkULAAAB1501500j-ccb7-5&ccb=7-5&_nc_sid=669407&efg=eyJ2ZW5jb2RlX3RhZyI6InByb2ZpbGVfcGljLnd3dy42MDYuQzMifQ%3D%3D&_nc_ohc=D9CPcSKpHfAQ7kNvwHVGPvq&_nc_oc=AdlExmPUGXHV89zeczQYWEP5kV4MoYhWQmaPSR8rCI3O6H63KF7Noi_dkz-sB2tfNs8&_nc_ad=z-m&_nc_cid=0&_nc_zt=24&_nc_ht=scontent-det1-1.cdninstagram.com&oh=00_Afp9AwsqtbYHP63AuHe3ZYo7L-cBDKygRJ3maGxnnMgThA&oe=6965F000,golkar solid Indonesia maju🔥,2025-12-21T04:43:44.000Z,0,0,https://www.instagram.com/p/DSgygMOD4cZ/c/17992472507856239
https://www.instagram.com/p/DSgygMOD4cZ/,udin_attorik,udin_attorik,Udin Attorik Sedunia,False,https://scontent-det1-1.cdninstagram.com/v/t51.82787-19/556400751_17921757357152035_4582115246251513384_n.jpg?stp=dst-jpg_e0_s150x150_tt6&_nc_cat=108&ig_cache_key=GG8AKiEjFwZNvqs-ACgWuRSK8ZY-bmNDAQAB1501500j-ccb7-5&ccb=7-5&_nc_sid=669407&efg=eyJ2ZW5jb2RlX3RhZyI6InByb2ZpbGVfcGljLnd3dy40MDEuQzMifQ%3D%3D&_nc_ohc=nM5jACwxt8cQ7kNvwHQjwZi&_nc_oc=Adlx91o-ssPaTpI-9K1n5lhU4GNQHSwcCak99PjYnLyOo0Y6_JDG6MohbhEsqYyjPQ4&_nc_ad=z-m&_nc_cid=0&_nc_zt=24&_nc_ht=scontent-det1-1.cdninstagram.com&_nc_gid=3Q_Dyt1IdjJ10veNC8mY9A&oh=00_AfqJNDmSBIg2ppiFCgYb1Wgkw5WmreUNl2Grk2H1T863Aw&oe=6965E662,❤️❤️❤️,2025-12-21T04:37:17.000Z,0,0,https://www.instagram.com/p/DSgygMOD4cZ/c/18119880148484543
https://www.instagram.com/p/DSe-Kf6gbBu/,fandy_perkasa,fandy_perkasa,Fandy Al'fernandy,False,https://scontent-lga3-1.cdninstagram.com/v/t51.82787-19/549273053_18525316261030962_730220952652334876_n.jpg?stp=dst-jpg_e0_s150x150_tt6&_nc_cat=111&ig_cache_key=GN09vSAyLBdPrdBBABzHY2oWRCIKbmNDAQAB1501500j-ccb7-5&ccb=7-5&_nc_sid=669407&efg=eyJ2ZW5jb2RlX3RhZyI6InByb2ZpbGVfcGljLnd3dy4xMDgwLkMzIn0%3D&_nc_ohc=fETSyMVZkWwQ7kNvwHlhMhG&_nc_oc=AdlX-XDy7cjCm8hwfqkFiPM8pw4rSe6AKpCrvWvjAs56qL6v6g_Wfo0uWf2G82UZKfE&_nc_ad=z-m&_nc_cid=0&_nc_zt=24&_nc_ht=scontent-lga3-1.cdninstagram.com&_nc_gid=s7x7o8OKLDs5o2nJaOvVHA&oh=00_AfrrfyTJD0tw-QLulpLmsZ-USOEFghBLI7GGgsOMibz_5w&oe=6965E6ED,Rakyat ga di akui.. ok gpp.. jd enak ga usah bayar pajak sekalian..😂😂,2025-12-21T02:57:56.000Z,0,0,https://www.instagram.com/p/DSe-Kf6gbBu/c/18081001220179457
https://www.instagram.com/wow.info/p/DSeN8IlE_ws/?hl=he,sarwogiyanto,sarwogiyanto,Sarwo Giyanto,False,https://scontent-sjc6-1.cdninstagram.com/v/t51.2885-19/69577316_962866224093771_7140901527857659904_n.jpg?stp=dst-jpg_e0_s150x150_tt6&_nc_cat=109&ig_cache_key=GGSqJQRL2kDDuGsDAAAAAAAblBljbkULAAAB1501500j-ccb7-5&ccb=7-5&_nc_sid=669407&efg=eyJ2ZW5jb2RlX3RhZyI6InByb2ZpbGVfcGljLnd3dy4xMDgwLkMzIn0%3D&_nc_ohc=pVe9iz9GT1cQ7kNvwFzPCtH&_nc_oc=AdnbATMKNYVGhVzYe0z0Mc8ap9dhPwDsTM3HF73bOmbziA79Jfj0gEmTLGPfWxh7xSg&_nc_ad=z-m&_nc_cid=0&_nc_zt=24&_nc_ht=scontent-sjc6-1.cdninstagram.com&oh=00_AfrMoXR6IJSFuBBMol_33w_-FJYcTELiXb9H7hXsN7vFWg&oe=6965E467,Sekarang nggak usah diadakan pilihan olih rakyat . Berati nggak usah ada pajak dan lain lainya karena rakyat nggak merasa memillih cocok,2025-12-21T01:34:36.000Z,46,1,https://www.instagram.com/p/DSeN8IlE_ws/c/18115582444571758
https://www.instagram.com/p/DSe-Kf6gbBu/,san_ps_petshopklinikhewan,san_ps_petshopklinikhewan,Klinik Hewan Gresik San,False,https://scontent-lga3-1.cdninstagram.com/v/t51.2885-19/234144276_418867962862988_5057926244495092751_n.jpg?stp=dst-jpg_e0_s150x150_tt6&_nc_cat=102&ig_cache_key=GBTC9A2MXSJM9XwBAA9sQQ8fXTFGbkULAAAB1501500j-ccb7-5&ccb=7-5&_nc_sid=669407&efg=eyJ2ZW5jb2RlX3RhZyI6InByb2ZpbGVfcGljLnd3dy41MzkuQzMifQ%3D%3D&_nc_ohc=cEl55UjsyKoQ7kNvwHSTUrC&_nc_oc=AdmNWLA_Tsm8GgfR1S0h3GHnhEXA-H80Im9QCyY2-Wd-5F6uVu-33LZv4WnVBmbULDs&_nc_ad=z-m&_nc_cid=0&_nc_zt=24&_nc_ht=scontent-lga3-1.cdninstagram.com&oh=00_AfoH0MwZ1k6sKcOX-NB3vBuIH7QdKrSZfE5p2EJyzX9UUw&oe=6965FA88,Yg perlu dirubah itu org org macam cak Imin,2025-12-21T01:08:12.000Z,0,0,https://www.instagram.com/p/DSe-Kf6gbBu/c/18063556766221479
https://www.instagram.com/reel/DSD5MW7kjgI/,the.lastthird,the.lastthird,TLT,False,https://scontent-iad3-2.cdninstagram.com/v/t51.75761-19/504559075_17842713117520465_3990736081900197249_n.jpg?stp=dst-webp_s150x150&_nc_cat=105&cb=8438d1d6-aa1c7732&ig_cache_key=GOP1Eh5R8jJh2mM-AIHV-plS8WE3bvEnAQAB1501500w-ccb7-5-cb8438d1d6-aa1c7732&ccb=7-5&_nc_sid=669407&efg=eyJ2ZW5jb2RlX3RhZyI6InByb2ZpbGVfcGljLnd3dy44NzUuQzMifQ%3D%3D&_nc_ohc=VukKHAdDhHoQ7kNvwGs8T45&_nc_oc=AdkLN3yk-jB_POrHQLu2V68BMFPOUQAHAS47F3mIX_MUb3d7_BX78N0i9dtYerPDgyk&_nc_ad=z-m&_nc_cid=0&_nc_zt=24&_nc_ht=scontent-iad3-2.cdninstagram.com&_nc_gid=YJ1HCgHcIxx1c-DJt0807w&oh=00_Afp7tLioG61AAOnhiq1COLn7_nytoEWJVarcl67fvKEV8g&oe=6965F3F4,"MEREKA SEDANG MENIKMATI KEKUASAAN, kawal terus netijen!!!",2025-12-21T00:47:28.000Z,1,0,https://www.instagram.com/p/DSD5MW7kjgI/c/17861614011485464
https://www.instagram.com/p/DSe-Kf6gbBu/,c3_borneo,c3_borneo,Linda Murjani,False,https://scontent-lga3-3.cdninstagram.com/v/t51.2885-19/241807488_585845865772746_6014483646849800893_n.jpg?stp=dst-jpg_e0_s150x150_tt6&_nc_cat=110&ig_cache_key=GICwaQ7K9rje0hQCAL3a4L0CvXdTbkULAAAB1501500j-ccb7-5&ccb=7-5&_nc_sid=669407&efg=eyJ2ZW5jb2RlX3RhZyI6InByb2ZpbGVfcGljLnd3dy4xMDgwLkMzIn0%3D&_nc_ohc=kaid-Lv3olYQ7kNvwHibStF&_nc_oc=Adl4Uu567qrixyEYA4SmU-T-T73QysQiZyTXf3qZ39Zsta0agcZwH8pTCyqE7KvZShk&_nc_ad=z-m&_nc_cid=0&_nc_zt=24&_nc_ht=scontent-lga3-3.cdninstagram.com&oh=00_Afo1TO6qohLCn1OohtYev_Xt9afVbFylDLKvbQksNVabBA&oe=6965E8A1,Amit”,2025-12-20T16:03:50.000Z,2,0,https://www.instagram.com/p/DSe-Kf6gbBu/c/18086270225054264
https://www.instagram.com/p/DSe-Kf6gbBu/,yoonathan.e,yoonathan.e,Yona,False,https://scontent-lga3-2.cdninstagram.com/v/t51.2885-19/224798377_244604170814225_5626786000269694384_n.jpg?stp=dst-jpg_e0_s150x150_tt6&_nc_cat=101&ig_cache_key=GKkmZg0RQ7ZYd94AALBVNyUOXBZObkULAAAB1501500j-ccb7-5&ccb=7-5&_nc_sid=669407&efg=eyJ2ZW5jb2RlX3RhZyI6InByb2ZpbGVfcGljLnd3dy4xMDgwLkMzIn0%3D&_nc_ohc=JOkWUSlkzoEQ7kNvwGUHLCL&_nc_oc=AdloIGPUAEEOgf9pBqsvo3rPxXAZjoObykDagxPfukCmhi4Y3nT9nZ-Ks_wYmBUozpE&_nc_ad=z-m&_nc_cid=0&_nc_zt=24&_nc_ht=scontent-lga3-2.cdninstagram.com&oh=00_AfohLBVaodOvH6XARbTsmSc4DF_g_a5OPEdVoo5J9Qv3fA&oe=6965FA49,"Mantap kek jmn dulu. Dan emg mending gitu. Toh pemilu pun dibelakangnya terlalu banyak kebusukan. Penyebab pemda punglinya gila""an sbnernya kan karna mereka banyak keluar duit buat dapetin suara dan bayar ormas. Udh gitu ormas jd semena"" pula karna jd timsesnya pemda ybs. Kalo ditunjuk langsung presiden kan seenggaknya skenario terburuk ""cukup"" nyogok sedikit orang aja. Kalo modal mereka gk keluar gila""an, otomatis korupsi/pungli berkurang",2025-12-20T15:02:08.000Z,2,0,https://www.instagram.com/p/DSe-Kf6gbBu/c/18050169818417370
https://www.instagram.com/p/DSe-Kf6gbBu/,robert192846,robert192846,Robert Chaniago,False,https://scontent-lga3-3.cdninstagram.com/v/t51.89012-19/573323465_1219825463302212_7278921664109726296_n.png?stp=dst-webp_s150x150&_nc_cat=1&ig_cache_key=YW5vbnltb3VzX3Byb2ZpbGVfcGlj.3-ccb7-5&ccb=7-5&_nc_sid=669407&efg=eyJ2ZW5jb2RlX3RhZyI6InByb2ZpbGVfcGljLnd3dy5DMyJ9&_nc_ohc=RNOcSyqJy9IQ7kNvwEga8j4&_nc_oc=AdnQq-_0M-Ziu0J27lYNAJREv6Js30pFFO8i75O9sEi20FWIhmUfCl5RcoV2PI5-VHM&_nc_ad=z-m&_nc_cid=0&_nc_zt=24&_nc_ht=scontent-lga3-3.cdninstagram.com&_nc_gid=s7x7o8OKLDs5o2nJaOvVHA&oh=00_AfoSlQk8PxiiwNzwlczXMKnqLxRPF1Q1Y1LtezOcehvgZg&oe=6965DD19,😂😂😂,2025-12-20T14:54:11.000Z,0,0,https://www.instagram.com/p/DSe-Kf6gbBu/c/18095410744905636
https://www.instagram.com/p/DSedhqAEic4/,illaa_klop,illaa_klop,Iella Kurniawan,False,https://scontent-lax7-1.cdninstagram.com/v/t51.2885-19/385583757_653576876906601_7919393500290049407_n.jpg?stp=dst-jpg_e0_s150x150_tt6&_nc_cat=101&ig_cache_key=GI2K_xZp2JS5bFICAH9lUwVuVudtbkULAAAB1501500j-ccb7-5&ccb=7-5&_nc_sid=669407&efg=eyJ2ZW5jb2RlX3RhZyI6InByb2ZpbGVfcGljLnd3dy4xMDgwLkMzIn0%3D&_nc_ohc=d2QVDYl4eMEQ7kNvwGfMHfB&_nc_oc=AdnNgogW0gqLiSt2kMfTD7-_ge6kVX67HvpBZw6kzrfFCPBa9kcHvjnjNrJ8GJVHQPM&_nc_ad=z-m&_nc_cid=0&_nc_zt=24&_nc_ht=scontent-lax7-1.cdninstagram.com&oh=00_AfrYxfHFQeiTnr5PODyG7yBXiCaqdHiZ8aY6E6BWSouw4A&oe=6965D770,Hiii kok ngatur,2025-12-20T13:44:16.000Z,0,0,https://www.instagram.com/p/DSedhqAEic4/c/18069933833575466
https://www.instagram.com/p/DSedhqAEic4/,oledansa,oledansa,Ole,False,https://scontent-lax3-2.cdninstagram.com/v/t51.2885-19/102811768_256278095481488_3217525445184788130_n.jpg?stp=dst-jpg_e0_s150x150_tt6&_nc_cat=103&ig_cache_key=GHjIIAaQSthkFekAAKIWBWBY8qYsbkULAAAB1501500j-ccb7-5&ccb=7-5&_nc_sid=669407&efg=eyJ2ZW5jb2RlX3RhZyI6InByb2ZpbGVfcGljLnd3dy42NDAuQzMifQ%3D%3D&_nc_ohc=V06eBv9bkAsQ7kNvwHCaWqd&_nc_oc=AdlSAggjoHKfpncX4uxGB8TqlMcPcYr8kAbrfG3zwRbqGLsnTbxvCIvmNRPnIaV_99Y&_nc_ad=z-m&_nc_cid=0&_nc_zt=24&_nc_ht=scontent-lax3-2.cdninstagram.com&oh=00_AfoZbSTYm6ORJ8wiew0CcJnI8V-EUWSvFAgnObUKr9y1xw&oe=6965EA20,TIDAK EFEKTIF.... WACANA DOANK,2025-12-20T11:54:20.000Z,0,0,https://www.instagram.com/p/DSedhqAEic4/c/17884293432303955
https://www.instagram.com/p/DSedhqAEic4/,briliantakarai,briliantakarai,Brilian Putra Pamungkas,False,https://scontent-lax3-2.cdninstagram.com/v/t51.82787-19/591165158_18409239349140489_90134512739753391_n.jpg?stp=dst-jpg_e0_s150x150_tt6&_nc_cat=107&ig_cache_key=GOZ2PCMJnP0LG2dBAK8d253cOEABbmNDAQAB1501500j-ccb7-5&ccb=7-5&_nc_sid=669407&efg=eyJ2ZW5jb2RlX3RhZyI6InByb2ZpbGVfcGljLnd3dy4xMDgwLkMzIn0%3D&_nc_ohc=_eW-jWhMcVgQ7kNvwGWvw3A&_nc_oc=AdmDLNL22GdIuZYKroXEW4eBYzg98LDoNFoQj5l5TtPCaMvxSzA2rOVht6GYKkAAWvE&_nc_ad=z-m&_nc_cid=0&_nc_zt=24&_nc_ht=scontent-lax3-2.cdninstagram.com&_nc_gid=a_bHZrlMAtPBH6IXEzWCEw&oh=00_Afrta19482S25ISKfR8DRwsjzhO_edlaJdA5bbNmaRR96w&oe=6965CAD7,"Semakin yakin, pilpres kemaren ga ada satupun pilihan benar. 1. Caimin paloh dkk dibelakang anis, 2. Lu tau sendiri 3. Ada tsunade dbelakang ganjar, bini sama anaknya juga ganggu 😢",2025-12-20T11:24:00.000Z,1,0,https://www.instagram.com/p/DSedhqAEic4/c/18116648353584211
https://www.instagram.com/p/DSedhqAEic4/,willy_chenz,willy_chenz,Willy ChenZ,False,https://scontent-lax3-1.cdninstagram.com/v/t51.2885-19/475230258_919201853703106_4963311043585363833_n.jpg?stp=dst-jpg_e0_s150x150_tt6&_nc_cat=104&ig_cache_key=GDJwUxzCg-dbAkQDAHnPre4YOeFEbkULAAAB1501500j-ccb7-5&ccb=7-5&_nc_sid=669407&efg=eyJ2ZW5jb2RlX3RhZyI6InByb2ZpbGVfcGljLnd3dy4xMDgwLkMzIn0%3D&_nc_ohc=9R78gPvNtTUQ7kNvwFZ9AW2&_nc_oc=AdnVqcMQHXf6-A9hv96-VXrCPUM99ztCMnSOMs-aC0sjnYTSkyoBnCXmHo-d6008OXY&_nc_ad=z-m&_nc_cid=0&_nc_zt=24&_nc_ht=scontent-lax3-1.cdninstagram.com&oh=00_AfpsK0wKnQu0e2sYWUJHB0UCgQSatoqvi2sL7qNX8L7-ow&oe=6965DBB7,di pilih rakyat aja bs di akalin. apa lg kalian yg milih. kalian jual la tuh jabatan2nya,2025-12-20T09:39:22.000Z,0,0,https://www.instagram.com/p/DSedhqAEic4/c/18406330501193879
https://www.instagram.com/p/DSedhqAEic4/,krisnads64,krisnads64,Krisna Dwi,False,https://scontent-lax3-2.cdninstagram.com/v/t51.2885-19/331015935_131127642952642_3635256608899385362_n.jpg?stp=dst-jpg_e0_s150x150_tt6&_nc_cat=100&ig_cache_key=GP-muhPCE5SIQncAABLI1higBnMybkULAAAB1501500j-ccb7-5&ccb=7-5&_nc_sid=669407&efg=eyJ2ZW5jb2RlX3RhZyI6InByb2ZpbGVfcGljLnd3dy4xMDgwLkMzIn0%3D&_nc_ohc=jRZta6dWK0MQ7kNvwFejH0H&_nc_oc=AdndeXEE3u8pi2MzlqsLeKMUDpSkGJEHkK-WNfmq9GNWaQ17Vfn1h7eUOaxpUp86keU&_nc_ad=z-m&_nc_cid=0&_nc_zt=24&_nc_ht=scontent-lax3-2.cdninstagram.com&oh=00_AfqSZgrOlEkpaJFWL_p9AlZovWMt_YRa_gPvCSiHSTKeQQ&oe=6965EA2F,"Bubarkan DPR dan partai, biar rakyat langsung yang mengawasi pemerintah.",2025-12-20T09:32:20.000Z,2,0,https://www.instagram.com/p/DSedhqAEic4/c/17856003912535389
https://www.instagram.com/p/DSedhqAEic4/,pestademokrasi2024,pestademokrasi2024,Pesta Demokrasi,False,https://scontent-lax3-1.cdninstagram.com/v/t51.2885-19/310244781_202207182238678_2156396538640814060_n.jpg?stp=dst-jpg_e0_s150x150_tt6&_nc_cat=109&ig_cache_key=GK31fRLWs0QH6LcAAOxPkRA6D_0dbkULAAAB1501500j-ccb7-5&ccb=7-5&_nc_sid=669407&efg=eyJ2ZW5jb2RlX3RhZyI6InByb2ZpbGVfcGljLnd3dy43NTAuQzMifQ%3D%3D&_nc_ohc=m0pXTn39M00Q7kNvwEHsgAe&_nc_oc=AdkEX3QqUMld7HxDpau33Ftj1vJuD4tXBddjzz82ENvvs5TVgveyJOjooACacW6JqLs&_nc_ad=z-m&_nc_cid=0&_nc_zt=24&_nc_ht=scontent-lax3-1.cdninstagram.com&oh=00_Afo-MZ5fkEM0uaxBJu22uXZA9W1hUKYnGGDR5mIxHsPLBw&oe=6965E7F6,wis dipikir tenan thaaa???? Takut kehilangan jabatan kabinet dan takut digoyang di partaimu yaaa.. istighfar bro istighfar......,2025-12-20T09:05:37.000Z,0,0,https://www.instagram.com/p/DSedhqAEic4/c/17952101210917373
https://www.instagram.com/p/DSedhqAEic4/,indrak1318,indrak1318,Indra Kurniawan,False,https://scontent-lax7-1.cdninstagram.com/v/t51.82787-19/542232861_18355110829081265_8419268963165510184_n.jpg?stp=dst-jpg_e0_s150x150_tt6&_nc_cat=105&ig_cache_key=GB3RUSCxwsdE4DVBACia88mDQNd0bmNDAQAB1501500j-ccb7-5&ccb=7-5&_nc_sid=669407&efg=eyJ2ZW5jb2RlX3RhZyI6InByb2ZpbGVfcGljLnd3dy4xMDgwLkMzIn0%3D&_nc_ohc=oSKqY0mi_mMQ7kNvwGYVbzV&_nc_oc=Adm9dcK_PlDkAMh75pCXb73oS5_Rpo6343EnwSmT8YiyN29QFiqNOlJGR7M4qVlxDOs&_nc_ad=z-m&_nc_cid=0&_nc_zt=24&_nc_ht=scontent-lax7-1.cdninstagram.com&_nc_gid=a_bHZrlMAtPBH6IXEzWCEw&oh=00_AfpvxGxybjyly73BQDtqizC0elXajHfM0PEZMH-c0h-9Dw&oe=6965E0CF,"Sesuka kalian ajaaa ,, emang mau di buat yg kaya semakin kaya , yg miskin yaa miskin ajaaa , begitu kann😂😂😂😂😂",2025-12-20T09:02:51.000Z,0,0,https://www.instagram.com/p/DSedhqAEic4/c/18558551611048129
https://www.instagram.com/p/DSedhqAEic4/,4dityanwr,4dityanwr,Aditya,False,https://scontent-lax3-1.cdninstagram.com/v/t51.2885-19/475381009_492763813516626_4047415805020260471_n.jpg?stp=dst-jpg_e0_s150x150_tt6&_nc_cat=108&ig_cache_key=GBG9VRxSFRCEKsABAHfIiAQ7Tys4bkULAAAB1501500j-ccb7-5&ccb=7-5&_nc_sid=669407&efg=eyJ2ZW5jb2RlX3RhZyI6InByb2ZpbGVfcGljLnd3dy41MjYuQzMifQ%3D%3D&_nc_ohc=9XdVcssV8RYQ7kNvwFOQ9WB&_nc_oc=AdlshozP7Gb5kMiwsB1T7MOwAsm_B6iyR_AJWoqJkxjp1yoKqEKGY4BkTmgu4bHCe8g&_nc_ad=z-m&_nc_cid=0&_nc_zt=24&_nc_ht=scontent-lax3-1.cdninstagram.com&oh=00_AfrR-5iqXRMBS8kPtUle6q8o2PaXZBu3dBV5ft7dtQzy0g&oe=6965F925,hidup feodalisme,2025-12-20T07:27:29.000Z,0,0,https://www.instagram.com/p/DSedhqAEic4/c/17911036854267039
https://www.instagram.com/p/DSedhqAEic4/,ilham_rmaulana,ilham_rmaulana,Ilham R Maulana,False,https://scontent-lax7-1.cdninstagram.com/v/t51.2885-19/457254573_1559610698099989_702163460119481664_n.jpg?stp=dst-jpg_e0_s150x150_tt6&_nc_cat=101&ig_cache_key=GK0mQRsV7aUpdYoFAEBNrl7ylb4JbkULAAAB1501500j-ccb7-5&ccb=7-5&_nc_sid=669407&efg=eyJ2ZW5jb2RlX3RhZyI6InByb2ZpbGVfcGljLnd3dy4xMDgwLkMzIn0%3D&_nc_ohc=nVzdhzFXbbEQ7kNvwHjnfCq&_nc_oc=AdnAoq-O03_ywW6WW6P12yv-fGYbqu9stVfs2Mec_EqWEcV9hu2GA7Rye3ydB2YN1_k&_nc_ad=z-m&_nc_cid=0&_nc_zt=24&_nc_ht=scontent-lax7-1.cdninstagram.com&oh=00_AfqSNmoor_MowsZvIJLuWi9-ZlDKE453_ywd4GaHhy5e7Q&oe=6965E83D,ada2 aja nih gebrakan nya😂,2025-12-20T07:04:10.000Z,0,0,https://www.instagram.com/p/DSedhqAEic4/c/17972527373983935
https://www.instagram.com/p/DSedhqAEic4/,w0w.mr,w0w.mr,Setiadi Sunarta,False,https://scontent-lax7-1.cdninstagram.com/v/t51.2885-19/311664862_653995096376348_8523250916125608033_n.jpg?stp=dst-jpg_e0_s150x150_tt6&_nc_cat=101&ig_cache_key=GN6gkxIchGcZzlICAGGIMNOMq0h2bkULAAAB1501500j-ccb7-5&ccb=7-5&_nc_sid=669407&efg=eyJ2ZW5jb2RlX3RhZyI6InByb2ZpbGVfcGljLnd3dy43NjguQzMifQ%3D%3D&_nc_ohc=36gMPY8LU5wQ7kNvwEy5gp6&_nc_oc=AdnqyAXrwonlD1uypf2e-aVZFhjdMpRpBPzfExbwsg1XvmsxDcA2g-Iwm8ncAyka01Q&_nc_ad=z-m&_nc_cid=0&_nc_zt=24&_nc_ht=scontent-lax7-1.cdninstagram.com&oh=00_AfpjIrvaEMfbCw40ZWRhP-ZgNq6J4P2bAe2uuNMEkPXr_g&oe=6965D234,ORDE BARU BANGKIT 😂😂😂🔥🔥🔥🔥🔥,2025-12-20T07:03:41.000Z,0,0,https://www.instagram.com/p/DSedhqAEic4/c/18063388688230766
https://www.instagram.com/p/DSedhqAEic4/,dmedia.id_official,dmedia.id_official,DMedia ID,True,https://scontent-lax3-2.cdninstagram.com/v/t51.82787-19/534323609_17846298744544655_7791957643923736827_n.jpg?stp=dst-jpg_e0_s150x150_tt6&_nc_cat=103&ig_cache_key=GJkh2R_PXTk5HWc-APvI9o4xmCJsbmNDAQAB1501500j-ccb7-5&ccb=7-5&_nc_sid=669407&efg=eyJ2ZW5jb2RlX3RhZyI6InByb2ZpbGVfcGljLnd3dy4xMDgwLkMzIn0%3D&_nc_ohc=6vTqqPxqTmoQ7kNvwFaMioi&_nc_oc=Adne88jQGtQvd8vTyJI4KZlAXwQ6IJ_I4rAW6_wtr7SYbd5OYrYeHKvKECM2ExQqnLs&_nc_ad=z-m&_nc_cid=0&_nc_zt=24&_nc_ht=scontent-lax3-2.cdninstagram.com&_nc_gid=a_bHZrlMAtPBH6IXEzWCEw&oh=00_Afo_N42x4mVbaAz9mqWpVM9820A2nGT8lc9P5hLkA8uBeQ&oe=6965F820,😂😂,2025-12-20T06:59:31.000Z,0,0,https://www.instagram.com/p/DSedhqAEic4/c/18105803206656119
https://www.instagram.com/wow.info/p/DSeN8IlE_ws/?hl=he,iayann_,iayann_,Arif Budiman Hardiansyah,False,https://scontent-sjc6-1.cdninstagram.com/v/t51.2885-19/408811688_343572558290496_120286749203688956_n.jpg?stp=dst-jpg_e0_s150x150_tt6&_nc_cat=107&ig_cache_key=GKj4XRhAnko4ejgBAPzteD0pWKsBbkULAAAB1501500j-ccb7-5&ccb=7-5&_nc_sid=669407&efg=eyJ2ZW5jb2RlX3RhZyI6InByb2ZpbGVfcGljLnd3dy4xMDYxLkMzIn0%3D&_nc_ohc=YeZq1YeucFcQ7kNvwHFvKWR&_nc_oc=Adm_PBf4xCoGpIfsM5pA4EMEL1ARJU4C4yjySWQflHXUw1iU2lqRAOPh3qrtztlOs8Y&_nc_ad=z-m&_nc_cid=0&_nc_zt=24&_nc_ht=scontent-sjc6-1.cdninstagram.com&oh=00_AfovrbKkWmaF_VCRazeKCAaDfphhLodRvSHH5okBqJ_Cdg&oe=6965F382,Karepmu wes kono min imin,2025-12-20T04:51:34.000Z,19,2,https://www.instagram.com/p/DSeN8IlE_ws/c/17993447654883344
https://www.instagram.com/wow.info/p/DSeN8IlE_ws/?hl=he,adyary_vt,adyary_vt,Ady Ary,True,https://scontent-sjc6-1.cdninstagram.com/v/t51.82787-19/554331514_17988772790846998_5104417625825965402_n.jpg?stp=dst-jpg_e0_s150x150_tt6&_nc_cat=111&ig_cache_key=GHptCiEWxiSMseg-AFp1mUzJiNZGbmNDAQAB1501500j-ccb7-5&ccb=7-5&_nc_sid=669407&efg=eyJ2ZW5jb2RlX3RhZyI6InByb2ZpbGVfcGljLnd3dy4xMDgwLkMzIn0%3D&_nc_ohc=QS-tyPRiVQ4Q7kNvwFjp25W&_nc_oc=Adm36IbkV2k3oO4b8VJrd3Db2wffegiSncUzZWjyDij5z9BxrGaHSH4fIDuXBJ8XArs&_nc_ad=z-m&_nc_cid=0&_nc_zt=24&_nc_ht=scontent-sjc6-1.cdninstagram.com&_nc_gid=bTcqPe3pYskwm48l8IP0LQ&oh=00_Afq7YGdTdfkVbFAkEq6eC6MM8aky0HfHjCGvQ3c78M2dLA&oe=6965DF38,"Salah, yang benar, Gubenur ditunjuk presiden, bupati dituntuk gubenur, DPR dibubarkan karena gak guna,",2025-12-20T04:51:30.000Z,1609,116,https://www.instagram.com/p/DSeN8IlE_ws/c/18030922133561729
https://www.instagram.com/wow.info/p/DSeN8IlE_ws/?hl=he,m_besarrr,m_besarrr,Muammar Kadafi,False,https://scontent-sjc3-1.cdninstagram.com/v/t51.82787-19/576608737_18553745962043284_6933858818797824572_n.jpg?stp=dst-jpg_e0_s150x150_tt6&_nc_cat=105&ig_cache_key=GOFZXiKUB1KdiOpBADxqJ8nbAzpgbmNDAQAB1501500j-ccb7-5&ccb=7-5&_nc_sid=669407&efg=eyJ2ZW5jb2RlX3RhZyI6InByb2ZpbGVfcGljLnd3dy4xMDgwLkMzIn0%3D&_nc_ohc=Xmhzgm-cUFAQ7kNvwFYHFWf&_nc_oc=Adk2VVF1vTPdJzyeNm2bRNUwugR2wUV_YE_BqnJwHaz22q6CedDHm5OiXHkBW8uKBkU&_nc_ad=z-m&_nc_cid=0&_nc_zt=24&_nc_ht=scontent-sjc3-1.cdninstagram.com&_nc_gid=bTcqPe3pYskwm48l8IP0LQ&oh=00_AfqALcGyyEIbwDXKDYbMBI_p-X6SmHRcQA8GzWfTEAZVzg&oe=6965CC89,"Makin gak ada akal kalo seperti ini min, lalu di mana istilah demokrasi nya, punya demokrasi aja masih kalah sama oligarki",2025-12-20T04:50:38.000Z,13,0,https://www.instagram.com/p/DSeN8IlE_ws/c/18106340926640743
https://www.instagram.com/wow.info/p/DSeN8IlE_ws/?hl=he,rebaaps,rebaaps,Renaldi Bayu,False,https://scontent-sjc3-1.cdninstagram.com/v/t51.82787-19/610181485_18438853702097310_6218298422046830542_n.jpg?stp=dst-jpg_e0_s150x150_tt6&_nc_cat=110&ig_cache_key=GG2hXiSemfosCoJBAM4veQl41UtWbmNDAQAB1501500j-ccb7-5&ccb=7-5&_nc_sid=669407&efg=eyJ2ZW5jb2RlX3RhZyI6InByb2ZpbGVfcGljLnd3dy4xMDgwLkMzIn0%3D&_nc_ohc=2cNMDe7xO1kQ7kNvwFKI1rR&_nc_oc=AdkOLNl2qq5iJ_KlsV6XPdiQF_fYgx4G6bwGEFDNtX6338W2vwf3YjSg8eYTTAo2WQU&_nc_ad=z-m&_nc_cid=0&_nc_zt=24&_nc_ht=scontent-sjc3-1.cdninstagram.com&_nc_gid=bTcqPe3pYskwm48l8IP0LQ&oh=00_AfpfYdZ3_TMOPXhhuV0rpH4KDe8nM0iz-RV_KpLLA3cyhg&oe=6965DFB2,Usul juga apa-apa gausah pake pajak pak,2025-12-20T04:50:25.000Z,78,1,https://www.instagram.com/p/DSeN8IlE_ws/c/18204319045317213
https://www.instagram.com/reel/DScvYYtEjvY/,dins_692,dins_692,Dins_69,False,https://scontent-sjc6-1.cdninstagram.com/v/t51.89012-19/573323465_1219825463302212_7278921664109726296_n.png?stp=dst-webp_s150x150&_nc_cat=1&ig_cache_key=YW5vbnltb3VzX3Byb2ZpbGVfcGlj.3-ccb7-5&ccb=7-5&_nc_sid=669407&efg=eyJ2ZW5jb2RlX3RhZyI6InByb2ZpbGVfcGljLnd3dy5DMyJ9&_nc_ohc=RNOcSyqJy9IQ7kNvwGJRs-H&_nc_oc=AdkkIAX_5Hx8AZT423wQjMKifLT91xlnhVvdXG2Z9bZyIpfc85PLaBjphqNY5icdXxs&_nc_ad=z-m&_nc_cid=0&_nc_zt=24&_nc_ht=scontent-sjc6-1.cdninstagram.com&_nc_gid=1qnPGOi2PtehEHPVUwmSeA&oh=00_Afo2H4_K-nmpbl8LqtfbephkGyfsxduQUJzpTxEGOlWeew&oe=6965DD19,Yang namaknya demokrasi ya dipilih langsung. Lo sekola dimana kagak ngarti,2025-12-19T15:09:27.000Z,0,0,https://www.instagram.com/p/DScvYYtEjvY/c/18056148083654895
https://www.instagram.com/reel/DSWjDOHEgap/,bennyiskndr,bennyiskndr,Benny Iskandar,False,https://scontent-lax3-1.cdninstagram.com/v/t51.82787-19/572832906_18535247758048563_7711380214245264531_n.jpg?stp=dst-jpg_e0_s150x150_tt6&_nc_cat=109&ig_cache_key=GIq8JCIzPXGqtdlBAJOMEL5yUwRrbmNDAQAB1501500j-ccb7-5&ccb=7-5&_nc_sid=669407&efg=eyJ2ZW5jb2RlX3RhZyI6InByb2ZpbGVfcGljLnd3dy4xMDgwLkMzIn0%3D&_nc_ohc=H3gCRZOyW0sQ7kNvwEAaM_3&_nc_oc=AdnKr-M63Qe7g3j_sCxAhGxlt4iBMP2lChTxQ0n36ZarS0Hwam85sckDxY3gwfRLm78&_nc_ad=z-m&_nc_cid=0&_nc_zt=24&_nc_ht=scontent-lax3-1.cdninstagram.com&_nc_gid=Gga2Wm-9eWBMPW4jRex0tQ&oh=00_AfoNzZgpXdRZgmbi9VaX7vapAfs6iPrvDq3yfOWpO34G7g&oe=6965D254,Hamdan Zoelva ni boss,2025-12-18T06:44:43.000Z,0,0,https://www.instagram.com/p/DSWjDOHEgap/c/18106653613641599
https://www.instagram.com/reel/DSWjDOHEgap/,bangbazz,bangbazz,Bangbazz🇮🇩,False,https://scontent-lax3-1.cdninstagram.com/v/t51.2885-19/118651444_199290611555945_1046464408792070780_n.jpg?stp=dst-jpg_e0_s150x150_tt6&_nc_cat=104&ig_cache_key=GDR6Egdp3hv2QLUAAHz6I9zVyYUObkULAAAB1501500j-ccb7-5&ccb=7-5&_nc_sid=669407&efg=eyJ2ZW5jb2RlX3RhZyI6InByb2ZpbGVfcGljLnd3dy4xMDgwLkMzIn0%3D&_nc_ohc=CfiHsyddXPwQ7kNvwF1zlXC&_nc_oc=Adl5P8iptrM6uXhUUmzNNAFpw9NEOyxWKjdXTrl5P2FvChPPNb8tMPFiY5hxPQpp2Ig&_nc_ad=z-m&_nc_cid=0&_nc_zt=24&_nc_ht=scontent-lax3-1.cdninstagram.com&oh=00_AfrdQFYXdTuP17RUxM0ypu89otaK9B2ldtz-giyzkiaKxg&oe=6965C874,"Jumlah anggota DPR dan DPRD harus dikurangi 50 persen, agar yg terpilih lebih pintar dan fokus thd apa yg diwakilinya",2025-12-18T03:18:20.000Z,1,0,https://www.instagram.com/p/DSWjDOHEgap/c/17859907770501813
https://www.instagram.com/reel/DSWjDOHEgap/,taryonoasa,taryonoasa,Taryono Asa,False,https://scontent-lax3-2.cdninstagram.com/v/t51.2885-19/219971260_541206510351035_1407762164557471533_n.jpg?stp=dst-jpg_e0_s150x150_tt6&_nc_cat=103&ig_cache_key=GLx_HA27ssx1OewBAC3fruI6YIkTbkULAAAB1501500j-ccb7-5&ccb=7-5&_nc_sid=669407&efg=eyJ2ZW5jb2RlX3RhZyI6InByb2ZpbGVfcGljLnd3dy43MjAuQzMifQ%3D%3D&_nc_ohc=o8FTrUyg7r0Q7kNvwGMGNU4&_nc_oc=Adm5uiBtU31E7b7eP-MalOpte3lsK14C80nw64jGuiKJ1L1uzF7dsOrlbFrP41fig0w&_nc_ad=z-m&_nc_cid=0&_nc_zt=24&_nc_ht=scontent-lax3-2.cdninstagram.com&oh=00_AfqdDF1Dzp0FQUr2zMgghvnD4lxCEUDc5MO6c1I97IxUGg&oe=6965C4C8,"Kasus terpilihnya Parmono Anung di Jakarta harus jadi pertimbangan. Andai kata kemarin pilkada dipilih oleh DPRD yang menang Ridwan Kamil. Karena mayoritas partai sudah mendukung RK. Namun pada akhirnya yang menang calon dari PDIP, karena rakyat justru tidak setuju dengan RK memimpin Jakarta",2025-12-18T01:05:04.000Z,2,0,https://www.instagram.com/p/DSWjDOHEgap/c/17848472187593741
https://www.instagram.com/reel/DSWjDOHEgap/,burhan.bahar,burhan.bahar,Burhanudin Bahar,False,https://scontent-lax3-1.cdninstagram.com/v/t51.2885-19/10471813_297613823765021_1159582305_a.jpg?stp=dst-jpg_e0_tt6&_nc_cat=110&ig_cache_key=GIXJnwAd6j6erQ4BAGHSHUUAAAAAYUULAAAB1501500j-ccb7-5&ccb=7-5&_nc_sid=669407&efg=eyJ2ZW5jb2RlX3RhZyI6InByb2ZpbGVfcGljLnd3dy4xNTAuQzMifQ%3D%3D&_nc_ohc=7DRnIaN6BSsQ7kNvwHZ0Aul&_nc_oc=AdkaL6JymrZ_U-kv24w6wmgtBmfDOGzBOVMGrofCmTrNYJvFhRgJBfw52fg8ThkEuFk&_nc_ad=z-m&_nc_cid=0&_nc_zt=24&_nc_ht=scontent-lax3-1.cdninstagram.com&oh=00_AfpYf3dvxGM3x_6fBNIKd4ygo6lIb252THTWAvy5caV2LQ&oe=6965E3CC,Saatnya Kepala Daerah di pilih kembali oleh DPRD tinggal pengawasan nya kita kawal semua nya,2025-12-17T15:30:58.000Z,0,0,https://www.instagram.com/p/DSWjDOHEgap/c/17961640731005678
https://www.instagram.com/reel/DSWjDOHEgap/,effieralph,effieralph,Effie Ralph,False,https://scontent-lax3-2.cdninstagram.com/v/t51.2885-19/471571908_832164835623198_5056797741456238902_n.jpg?stp=dst-jpg_e0_s150x150_tt6&_nc_cat=107&ig_cache_key=GMSdGxweAWx52fQCADYpf-jAWi1GbkULAAAB1501500j-ccb7-5&ccb=7-5&_nc_sid=669407&efg=eyJ2ZW5jb2RlX3RhZyI6InByb2ZpbGVfcGljLnd3dy45OTIuQzMifQ%3D%3D&_nc_ohc=BqRKA_DRoW4Q7kNvwG-HM2-&_nc_oc=AdnbaowhN9zAbz2J5vObdwTHqx30g7sJycbknorPmuCa5vZaHebQR6Iau8Wm1oehQ6g&_nc_ad=z-m&_nc_cid=0&_nc_zt=24&_nc_ht=scontent-lax3-2.cdninstagram.com&oh=00_AfoE69vGpioX31T1Mz5Wiv3XSsVxPxFa5cZJ6TJnNeVd8Q&oe=6965FB63,"Assalammualaikum Bapak, kalau di UK, baik daerah dan pusat, semua di pilih oleh rakyat dalam Pemilu. Memang, tidak ada pemilu sembako dsb, krn tanpa Bawalsu, masyarakat bisa me report semua kegiatan calon calon MP's. Mata semua ada pada masyarakat. Begitu ada kecurangan, langsung masuk social media, maka calon calon MP,'s pun akan takut. Bagaimana kita melihat kinerja mereka? Mereka selalu memberi kan informasi kepada masyarakat, baik dari leaflet, kegiatan yg masuk berita, social media, dll. Jadi rakyat bisa menilai. Saya yakin, di Indonesia bisa dilaksanakan seperti itu, selama rakyat nya pun mau pemilu bersih. Dan mereka menjadi mata untuk kejujuran. Kalau di pilih langsung, saya yakin, korupsi dan transaksi teman, ordal akan lebih byk.",2025-12-17T15:19:19.000Z,0,0,https://www.instagram.com/p/DSWjDOHEgap/c/17955844346905962
https://www.instagram.com/reel/DSWjDOHEgap/,somantri8534,somantri8534,Maman Somantri,False,https://scontent-lax3-1.cdninstagram.com/v/t51.82787-19/538992339_17936617038073825_8797235121840038799_n.jpg?stp=dst-jpg_e0_s150x150_tt6&_nc_cat=102&ig_cache_key=GNNeICDhzwYXQrk-AI_j3cq7DhZ6bmNDAQAB1501500j-ccb7-5&ccb=7-5&_nc_sid=669407&efg=eyJ2ZW5jb2RlX3RhZyI6InByb2ZpbGVfcGljLnd3dy4xMDgwLkMzIn0%3D&_nc_ohc=0Lr3HpgX64oQ7kNvwGlHL6e&_nc_oc=AdmRYOqcEW90XIKQ8icSDbt8daEs34koXpTUBaGI7Mypiq2oqz3VtesO8Kolt-Y4XcM&_nc_ad=z-m&_nc_cid=0&_nc_zt=24&_nc_ht=scontent-lax3-1.cdninstagram.com&_nc_gid=Gga2Wm-9eWBMPW4jRex0tQ&oh=00_AfpZKuKGVGAxBU-ALAaIF1u9GLmNHgCn13X92IxPB0eEOA&oe=6965EE4F,"Di pilih rakyat langsung aja masih pada korupsi dan apalagi d pilih DPR atau DPRD bisa JD ajang transaksi jabatan. Tambah gila lagi nan yg Inya , yg hrs gak ada itu DPR dan DPRD Krn mereka semualah yg paling banyak ngabisin anggaran negara",2025-12-17T10:56:35.000Z,0,0,https://www.instagram.com/p/DSWjDOHEgap/c/17877837258446401
https://www.instagram.com/reel/DSWjDOHEgap/,agus.yahya46,agus.yahya46,Agus Yahya,False,https://scontent-lax3-1.cdninstagram.com/v/t51.2885-19/291441228_505612447921271_2841396281587989255_n.jpg?stp=dst-jpg_e0_s150x150_tt6&_nc_cat=108&ig_cache_key=GEwKXxF3NFoS2ssBAAf7Kh7dqm4nbkULAAAB1501500j-ccb7-5&ccb=7-5&_nc_sid=669407&efg=eyJ2ZW5jb2RlX3RhZyI6InByb2ZpbGVfcGljLnd3dy45NTguQzMifQ%3D%3D&_nc_ohc=w5mKj-0fz-wQ7kNvwFBvK1K&_nc_oc=AdlUvl5eZNVLL6vDaRa-pU5xUzWXP3yezj0FFjmAxp68oesVNIC1GcL3EKPYwYWp0tU&_nc_ad=z-m&_nc_cid=0&_nc_zt=24&_nc_ht=scontent-lax3-1.cdninstagram.com&oh=00_AfofJdNGIuF_BcNMJViYrXktec5AzdnEFSBwGcTmfO_vGg&oe=6965DCA8,Sebauknya kepala daerah sampai kepala desa diisi oleh PNS yang ditunjuk oleh presiden atas ajuan mentri dalam negeri,2025-12-17T06:51:19.000Z,0,1,https://www.instagram.com/p/DSWjDOHEgap/c/18086731670050628
https://www.instagram.com/reel/DSD5MW7kjgI/,didol26,didol26,Hardiansyah Husen,False,https://scontent-iad3-1.cdninstagram.com/v/t51.82787-19/572303564_18490585735077184_207557720939402504_n.jpg?stp=dst-webp_s150x150&_nc_cat=108&cb=8438d1d6-aa1c7732&ig_cache_key=GMyoHCJAnW36FrFBAAiV_8KlZOECbmNDAQAB1501500w-ccb7-5-cb8438d1d6-aa1c7732&ccb=7-5&_nc_sid=669407&efg=eyJ2ZW5jb2RlX3RhZyI6InByb2ZpbGVfcGljLnd3dy4xMDgwLkMzIn0%3D&_nc_ohc=wcOunnh4J8UQ7kNvwEk3AIW&_nc_oc=Adljl2swWev2R1_h9bx-B8DEx1HsxtnlPpZ2KbrbvtHXPGYxSY9rB9PgCet6_LWEl6c&_nc_ad=z-m&_nc_cid=0&_nc_zt=24&_nc_ht=scontent-iad3-1.cdninstagram.com&_nc_gid=YJ1HCgHcIxx1c-DJt0807w&oh=00_AfqYj82mzlERVveUbncBxNY6YKU4-JKv7EGUOmC1X-5Siw&oe=6965E0AB,efek dari lemah nya oposisi.,2025-12-17T06:17:21.000Z,1,0,https://www.instagram.com/p/DSD5MW7kjgI/c/18082694828334906
https://www.instagram.com/reel/DSWjDOHEgap/,alisobirinjuraganmuda,alisobirinjuraganmuda,Ali Sobirin,False,https://scontent-lax3-1.cdninstagram.com/v/t51.82787-19/504042204_18373038583132561_2508270647629137192_n.jpg?stp=dst-jpg_e0_s150x150_tt6&_nc_cat=102&ig_cache_key=GNwSCx6RMTFmLkZBAChFeVjdKs8ibmNDAQAB1501500j-ccb7-5&ccb=7-5&_nc_sid=669407&efg=eyJ2ZW5jb2RlX3RhZyI6InByb2ZpbGVfcGljLnd3dy4xMDA4LkMzIn0%3D&_nc_ohc=lpVp8qYyKkAQ7kNvwEoHJTy&_nc_oc=AdnX_Luv-uodjHKwvNHEwDrvroQ59KTHhA6zTnHSZDtAo_8EBkQLaU3IX3zTwL-2YVc&_nc_ad=z-m&_nc_cid=0&_nc_zt=24&_nc_ht=scontent-lax3-1.cdninstagram.com&_nc_gid=Gga2Wm-9eWBMPW4jRex0tQ&oh=00_Afqbyu8jrHJqcaNIqEtwZobe9pz0sBpkl9Xw03tQQO-SQg&oe=6965E3A3,Tinggal bagaimana cara mengawasi saja proses nya Prof.,2025-12-17T05:57:42.000Z,0,0,https://www.instagram.com/p/DSWjDOHEgap/c/18053349260360016
https://www.instagram.com/reel/DSWjDOHEgap/,muchsin_dhil09,muchsin_dhil09,اضل موخسين,False,https://scontent-lax3-1.cdninstagram.com/v/t51.2885-19/453584363_859075906080822_2240459258141702519_n.jpg?stp=dst-jpg_e0_s150x150_tt6&_nc_cat=108&ig_cache_key=GOslCRs2kDcyUw0DAHd5RSfTtRcfbkULAAAB1501500j-ccb7-5&ccb=7-5&_nc_sid=669407&efg=eyJ2ZW5jb2RlX3RhZyI6InByb2ZpbGVfcGljLnd3dy4xMDgwLkMzIn0%3D&_nc_ohc=Vt0F9nh3JhsQ7kNvwHnHdiN&_nc_oc=Adl8J9Nc-Gv90PY8JQh2s4X1NeMrCw2LvQ4yQcwbyvf3iLvLNPVI8-zbkq7ZYnLmdkA&_nc_ad=z-m&_nc_cid=0&_nc_zt=24&_nc_ht=scontent-lax3-1.cdninstagram.com&oh=00_Afrxw-QLVODE-ni3Cyllm7_CqWAqJFmz5y_kRWME8hAC4A&oe=6965F756,Tapi pak akankah akan objektif sedangkan DPRD sulit sekali ber komunikasi dengan rakyat😃,2025-12-17T05:56:36.000Z,1,0,https://www.instagram.com/p/DSWjDOHEgap/c/18090168290297119
https://www.instagram.com/reel/DSWjDOHEgap/,koalisi.indonesia.maju,koalisi.indonesia.maju,ADNIN SALEH,False,https://scontent-lax3-1.cdninstagram.com/v/t51.2885-19/438742909_460191663110963_4931997506395262541_n.jpg?stp=dst-jpg_e0_s150x150_tt6&_nc_cat=109&ig_cache_key=GH2vJhozu5u4iqIBAE1OzemZ_XFEbkULAAAB1501500j-ccb7-5&ccb=7-5&_nc_sid=669407&efg=eyJ2ZW5jb2RlX3RhZyI6InByb2ZpbGVfcGljLnd3dy4zMjAuQzMifQ%3D%3D&_nc_ohc=mFgbfRT8cOMQ7kNvwFbLi42&_nc_oc=Adn34lmBstO1u_JqhVQM9ml-yFwR6hFAFyYC6jKH53CI2NQKrjwJ6revLhcBzvMSod0&_nc_ad=z-m&_nc_cid=0&_nc_zt=24&_nc_ht=scontent-lax3-1.cdninstagram.com&oh=00_AfpBhrLVFgvoC2SkxYLS9AW3wJfOLccN10ivgXbJYLdkww&oe=6965FA2C,🔥🔥🔥,2025-12-17T05:47:35.000Z,0,0,https://www.instagram.com/p/DSWjDOHEgap/c/18399262861135297
https://www.instagram.com/p/DSSPVhFmIkD/,_yw22_,_yw22_,"Yutika Wiguna, S.Kep., Ners",False,https://scontent-iad3-2.cdninstagram.com/v/t51.2885-19/362374288_656283626421348_4325091345397404527_n.jpg?stp=dst-jpg_e0_s150x150_tt6&_nc_cat=103&ig_cache_key=GJBkmRVkvGzw4lQCAG9Th8_pzwU8bkULAAAB1501500j-ccb7-5&ccb=7-5&_nc_sid=669407&efg=eyJ2ZW5jb2RlX3RhZyI6InByb2ZpbGVfcGljLnd3dy4xMDgwLkMzIn0%3D&_nc_ohc=8-QK6IeQveYQ7kNvwFpxwEp&_nc_oc=Adl2p63FcbQiTPMHsN3kULbXIo2r9pVRMEJY8WL9s03F10uToDsJoSpZ2PFFmNMwxr4&_nc_ad=z-m&_nc_cid=0&_nc_zt=24&_nc_ht=scontent-iad3-2.cdninstagram.com&oh=00_Afrr7vVoVlSGtimAFmr1KSM0NRsekmDI6a3odY0eOINs_w&oe=6965E0AD,"Sebenernya ada bagusnya karna nanti masyarakat akan lebih selektif memilih DPR, jadi bisa aja nyegah money politics",2025-12-17T05:26:18.000Z,0,0,https://www.instagram.com/p/DSSPVhFmIkD/c/18546657439023066
https://www.instagram.com/reel/DSWjDOHEgap/,zaenal.alzafir,zaenal.alzafir,Muhammad Zaenal AL Zafir,False,https://scontent-lax3-2.cdninstagram.com/v/t51.2885-19/359793052_820805195942077_1759647691096371374_n.jpg?stp=dst-jpg_e0_s150x150_tt6&_nc_cat=103&ig_cache_key=GJwBchW9SCKahOoCAK6wooVAhmsYbkULAAAB1501500j-ccb7-5&ccb=7-5&_nc_sid=669407&efg=eyJ2ZW5jb2RlX3RhZyI6InByb2ZpbGVfcGljLnd3dy44NTkuQzMifQ%3D%3D&_nc_ohc=sIVBJZ9CTPUQ7kNvwF7pJpg&_nc_oc=Adk_f7bB0JsK12XFXZWDa4MnocCCAwXOrvBsrf27dpkm0YQ116QhJtQY1wP5L4rPM0g&_nc_ad=z-m&_nc_cid=0&_nc_zt=24&_nc_ht=scontent-lax3-2.cdninstagram.com&oh=00_AfpwA8Oa1tl5Rkn51MQAFKJjrmixY6vgIxBDVII6gTJzww&oe=6965E940,,2025-12-17T05:20:13.000Z,0,0,https://www.instagram.com/p/DSWjDOHEgap/c/17843290653657157
https://www.instagram.com/reel/DSWjDOHEgap/,zaenal.alzafir,zaenal.alzafir,Muhammad Zaenal AL Zafir,False,https://scontent-lax3-2.cdninstagram.com/v/t51.2885-19/359793052_820805195942077_1759647691096371374_n.jpg?stp=dst-jpg_e0_s150x150_tt6&_nc_cat=103&ig_cache_key=GJwBchW9SCKahOoCAK6wooVAhmsYbkULAAAB1501500j-ccb7-5&ccb=7-5&_nc_sid=669407&efg=eyJ2ZW5jb2RlX3RhZyI6InByb2ZpbGVfcGljLnd3dy44NTkuQzMifQ%3D%3D&_nc_ohc=sIVBJZ9CTPUQ7kNvwF7pJpg&_nc_oc=Adk_f7bB0JsK12XFXZWDa4MnocCCAwXOrvBsrf27dpkm0YQ116QhJtQY1wP5L4rPM0g&_nc_ad=z-m&_nc_cid=0&_nc_zt=24&_nc_ht=scontent-lax3-2.cdninstagram.com&oh=00_AfpwA8Oa1tl5Rkn51MQAFKJjrmixY6vgIxBDVII6gTJzww&oe=6965E940,sehat selalu bapak Ketua LT SI Pusat . saLam dari kami Pemuda Muslim PAC Ciparay Kabupaten Bandung,2025-12-17T05:20:04.000Z,0,0,https://www.instagram.com/p/DSWjDOHEgap/c/18103429306676463
https://www.instagram.com/p/DSSPVhFmIkD/,abcdiazzzz_,abcdiazzzz_,Agan,False,https://scontent-iad3-2.cdninstagram.com/v/t51.82787-19/600821984_18099708640835314_2930549653174025331_n.jpg?stp=dst-jpg_e0_s150x150_tt6&_nc_cat=100&ig_cache_key=GODQzyPyNhPQlk1AAHP8FAJiZ6sobmNDAQAB1501500j-ccb7-5&ccb=7-5&_nc_sid=669407&efg=eyJ2ZW5jb2RlX3RhZyI6InByb2ZpbGVfcGljLnd3dy4xMDgwLkMzIn0%3D&_nc_ohc=6xrfga207A8Q7kNvwHg5gVQ&_nc_oc=AdkmMvf3-YNuBLMM3sn4rejqJR3y6FyL0Er__g9hlQOL8xczd_9r8h9vm00FE4ltw00&_nc_ad=z-m&_nc_cid=0&_nc_zt=24&_nc_ht=scontent-iad3-2.cdninstagram.com&_nc_gid=FisiUMlQkALaj_ss61bghg&oh=00_AfqwPOkiiaZrpgdS3Kos0B8L63fy2wqbq0QasH_5ledDNA&oe=6965C499,"saya lebih setuju kepala daerah yang berasal dari pejabat karir bukan jabatan politik, karena jabatan politik seperti ini bisa membuat siapa saja dapat mencalonkan diri menjadi kepala daerah yang terkadang orang itu tidak tau bagaimana situasi atau kondisi daerah tersebut.",2025-12-16T11:26:40.000Z,0,0,https://www.instagram.com/p/DSSPVhFmIkD/c/18072589112074177
https://www.instagram.com/p/DSSPVhFmIkD/,panchamadaps,panchamadaps,Pancha Mada Priambodo Surbakti,False,https://scontent-iad3-2.cdninstagram.com/v/t51.82787-19/604749573_18546042997007903_4632542512223957978_n.jpg?stp=dst-jpg_e0_s150x150_tt6&_nc_cat=100&ig_cache_key=GAW-CyQfZtMgh_NBANozAeDeGEpAbmNDAQAB1501500j-ccb7-5&ccb=7-5&_nc_sid=669407&efg=eyJ2ZW5jb2RlX3RhZyI6InByb2ZpbGVfcGljLnd3dy4zMjAuQzMifQ%3D%3D&_nc_ohc=AkMci_HDQCsQ7kNvwH2L6tK&_nc_oc=AdmRsBlTFn854EpFtcHlkIZ4JtdPQ_4yl_E_lNboo3GdVUFb89PSFvocskzj379Ukm0&_nc_ad=z-m&_nc_cid=0&_nc_zt=24&_nc_ht=scontent-iad3-2.cdninstagram.com&_nc_gid=FisiUMlQkALaj_ss61bghg&oh=00_AfpbkI3nPOUdDaaogUJVQ__yOOU3xYwQjSH17mWdglHK7w&oe=6965FAAA,Keoercayaan publik thdp anggota deean itu udah jeblok melampaui kepercayaan publik kepada aph,2025-12-16T03:20:42.000Z,0,0,https://www.instagram.com/p/DSSPVhFmIkD/c/18059264027290072
https://www.instagram.com/p/DSSPVhFmIkD/,meggan.wijayanti,meggan.wijayanti,Megga Nurma W,False,https://scontent-iad3-2.cdninstagram.com/v/t51.82787-19/541526517_18335273068203965_6213433953185383991_n.jpg?stp=dst-jpg_e0_s150x150_tt6&_nc_cat=105&ig_cache_key=GPUJRyC9Dxdu1SNBADdG955CjTpWbmNDAQAB1501500j-ccb7-5&ccb=7-5&_nc_sid=669407&efg=eyJ2ZW5jb2RlX3RhZyI6InByb2ZpbGVfcGljLnd3dy4xMDgwLkMzIn0%3D&_nc_ohc=fHFdK3z4QaYQ7kNvwHMqXM-&_nc_oc=Adn0SwyJ-DNdmIPAmLsN5k1r3j6fW2VwXyGI3LGR62buDTLyDoNtXX71gujtnESksHI&_nc_ad=z-m&_nc_cid=0&_nc_zt=24&_nc_ht=scontent-iad3-2.cdninstagram.com&_nc_gid=FisiUMlQkALaj_ss61bghg&oh=00_Afrq-Fsi0UmpLu03ENmP2maaU1AQHHnFq0LPEzYAX4giAg&oe=6965D058,"Kadang bingung jg klo dipilih rakyat tapi rakyatnya masih gampang disuap, 😢😢",2025-12-15T17:28:49.000Z,0,0,https://www.instagram.com/p/DSSPVhFmIkD/c/18546186712039498
https://www.instagram.com/p/DSSPVhFmIkD/,gus_taman,gus_taman,GusMan (adv),False,https://scontent-iad3-1.cdninstagram.com/v/t51.82787-19/605168734_18424295428113720_753702808659361025_n.jpg?stp=dst-jpg_e0_s150x150_tt6&_nc_cat=107&ig_cache_key=GF4kEiQ4xTqQzHRBAAH9WhC2sHUKbmNDAQAB1501500j-ccb7-5&ccb=7-5&_nc_sid=669407&efg=eyJ2ZW5jb2RlX3RhZyI6InByb2ZpbGVfcGljLnd3dy4xMDgwLkMzIn0%3D&_nc_ohc=2KlAf-EEbN4Q7kNvwEgATrP&_nc_oc=AdnOHP0rA6uoTMTT8Fdr0PJmXK_wVvCsPJyuHfwXxrn6jvnCA26juvVLlvDvV9FUaSY&_nc_ad=z-m&_nc_cid=0&_nc_zt=24&_nc_ht=scontent-iad3-1.cdninstagram.com&_nc_gid=FisiUMlQkALaj_ss61bghg&oh=00_Afp5epf6Tf82Z7U3L1Se9CY22aEiwcerPDgRAZK1Zcm5pQ&oe=6965EC61,"Kepala daerah di pilih secara demokratis, beda dengan Presiden dan wapres yg d pilih melalui pemilu secara langsung.. jadi kata demokrasi yg menyebabkan ada celah pemilihan melalui DPRD...",2025-12-15T13:21:06.000Z,0,1,https://www.instagram.com/p/DSSPVhFmIkD/c/17975342513958644
https://www.instagram.com/reel/DSD5MW7kjgI/,dqsyafrullah,dqsyafrullah,Muhammad Dq Syafrullah,False,https://scontent-iad3-1.cdninstagram.com/v/t51.82787-19/587558810_18538179076051319_4793202464798599609_n.jpg?stp=dst-webp_s150x150&_nc_cat=110&cb=8438d1d6-aa1c7732&ig_cache_key=GJpvBSN3UZwqYNxBALnp2Ao-4IRCbmNDAQAB1501500w-ccb7-5-cb8438d1d6-aa1c7732&ccb=7-5&_nc_sid=669407&efg=eyJ2ZW5jb2RlX3RhZyI6InByb2ZpbGVfcGljLnd3dy4xMDgwLkMzIn0%3D&_nc_ohc=6IAEoAaEE4AQ7kNvwFCn8-7&_nc_oc=AdnlN5pMNlbqg5-I_gL9LJaXtJu98lBi9V2eEnhgdQtJ-TdwG2k7-DFUtbibHvR_DBs&_nc_ad=z-m&_nc_cid=0&_nc_zt=24&_nc_ht=scontent-iad3-1.cdninstagram.com&_nc_gid=YJ1HCgHcIxx1c-DJt0807w&oh=00_AfrebDqBrbgwFOm5OmOM0Skaf9WkkJX18QurgPMKG_L9cA&oe=6965C790,Nepotisme terselubung. Semenjak zaman sampai sekarang & indonesia jadi sekacau ini,2025-12-14T06:50:19.000Z,2,0,https://www.instagram.com/p/DSD5MW7kjgI/c/18335576983238473
https://www.instagram.com/reel/DSD5MW7kjgI/,syahidahanum68,syahidahanum68,syahida...,False,https://scontent-iad3-2.cdninstagram.com/v/t51.89012-19/573323465_1219825463302212_7278921664109726296_n.png?stp=dst-webp_s150x150&_nc_cat=1&cb=8438d1d6-aa1c7732&ig_cache_key=YW5vbnltb3VzX3Byb2ZpbGVfcGlj.3-ccb7-5-cb8438d1d6-aa1c7732&ccb=7-5&_nc_sid=669407&efg=eyJ2ZW5jb2RlX3RhZyI6InByb2ZpbGVfcGljLnd3dy5DMyJ9&_nc_ohc=RNOcSyqJy9IQ7kNvwGOC-nh&_nc_oc=AdmqEStRLL9TFDa7zGxcxeKgeDOvGDgsInp5nNLhPlCZU7ywDm3DELsWZcnYvwLiabo&_nc_ad=z-m&_nc_cid=0&_nc_zt=24&_nc_ht=scontent-iad3-2.cdninstagram.com&_nc_gid=YJ1HCgHcIxx1c-DJt0807w&oh=00_AfqXg-mnkEgpHC0SIbCRWGVNicaYRTV32lW-0VhqLNTuBw&oe=6965DD19,kecintaanmu neng?,2025-12-13T22:06:59.000Z,0,1,https://www.instagram.com/p/DSD5MW7kjgI/c/18121846192538847
https://www.instagram.com/p/DSFIfoJkXhB/,tinkertap,tinkertap,Tinkertap,False,https://scontent-vie1-1.cdninstagram.com/v/t51.75761-19/491264958_17842091751476197_7479706133889077649_n.jpg?stp=dst-jpg_e0_s150x150_tt6&_nc_cat=105&ig_cache_key=GL4bSB3li_W0SWM-AJHRxH4ZQc1nbvEnAQAB1501500j-ccb7-5&ccb=7-5&_nc_sid=669407&efg=eyJ2ZW5jb2RlX3RhZyI6InByb2ZpbGVfcGljLnd3dy41NTQuQzMifQ%3D%3D&_nc_ohc=2SNBEgBcdAYQ7kNvwHrL6RY&_nc_oc=AdlnyuezZDZ88qUMm_fH3-4cdv8J5huNV5VFKqCEddTIj0E0FaQTddDfHXOdb_HxJ_4&_nc_ad=z-m&_nc_cid=0&_nc_zt=24&_nc_ht=scontent-vie1-1.cdninstagram.com&_nc_gid=Lm_il6vZVU8F-n68B6BVMw&oh=00_AfrU96oX5j09LD6O8Kq1JRQtNyRJCJWnDiUAWGu0Pm049Q&oe=6965EC8F,GAMPANG DISETIR,2025-12-12T07:08:40.000Z,0,0,https://www.instagram.com/p/DSFIfoJkXhB/c/17895584298221080
https://www.instagram.com/p/DSFIfoJkXhB/,ibnumal,ibnumal,Ibnu,False,https://scontent-vie1-1.cdninstagram.com/v/t51.82787-19/527186357_18488799343068193_1071939244869366222_n.jpg?stp=dst-jpg_e0_s150x150_tt6&_nc_cat=103&ig_cache_key=GLU5bB8hxCoNd69BAM4xPVcQS_AObmNDAQAB1501500j-ccb7-5&ccb=7-5&_nc_sid=669407&efg=eyJ2ZW5jb2RlX3RhZyI6InByb2ZpbGVfcGljLnd3dy4xMDgwLkMzIn0%3D&_nc_ohc=zEkQ4bP_naMQ7kNvwHjPu2V&_nc_oc=AdmMAxK4PIsEtpbqqOOoXXMWLElynSzolVeSFgmhH0BmqfpAKuN8vFU6_W5WPcFMyHQ&_nc_ad=z-m&_nc_cid=0&_nc_zt=24&_nc_ht=scontent-vie1-1.cdninstagram.com&_nc_gid=Lm_il6vZVU8F-n68B6BVMw&oh=00_AfqQguUeaccfpJcZSGEVMG8LvFtm97zNiHrGy85WQPqYpw&oe=6965D4D5,Bagus itu.. Yg penting bukan dari partai.. Calon harus dari PNS setempat aja..,2025-12-12T00:10:39.000Z,0,0,https://www.instagram.com/p/DSFIfoJkXhB/c/18092832407508758
https://www.instagram.com/p/DSFIfoJkXhB/,betta_fisi,betta_fisi,Alif,False,https://scontent-vie1-1.cdninstagram.com/v/t51.82787-19/598643320_18084870509090484_2621623231292169464_n.jpg?stp=dst-jpg_e0_s150x150_tt6&_nc_cat=108&ig_cache_key=GHiSriO01oAKGEBAAPjcFFxw4GEkbmNDAQAB1501500j-ccb7-5&ccb=7-5&_nc_sid=669407&efg=eyJ2ZW5jb2RlX3RhZyI6InByb2ZpbGVfcGljLnd3dy4xMDgwLkMzIn0%3D&_nc_ohc=V9Kask2t_dgQ7kNvwHj6mWF&_nc_oc=AdkDaXmWvOjX0YgvwuVlQ1FelAOrUxJCU_xO2k-2yADk2dU_gnSNe4GaYxn00TVVwkk&_nc_ad=z-m&_nc_cid=0&_nc_zt=24&_nc_ht=scontent-vie1-1.cdninstagram.com&_nc_gid=Lm_il6vZVU8F-n68B6BVMw&oh=00_AfoYlakvDGTDNDqYj-vauM-yfXadNK4uL5gd_fG4gtQ9fw&oe=6965E076,Ngk aneh...karena kita mau dikembalikan ke orde baru...mau dijadikan sistem pemerintahannya sprti mertuanya..dg begitu dia bisa berkuasa...trus menerus...karena kalo sdah bupati dan gub...nantinya jga presiden di pilih mpr...😢,2025-12-11T22:29:21.000Z,0,0,https://www.instagram.com/p/DSFIfoJkXhB/c/18061873781239472
https://www.instagram.com/p/DSFIfoJkXhB/,bila_risk90,bila_risk90,Bila Risky,False,https://scontent-vie1-1.cdninstagram.com/v/t51.2885-19/170439585_305836104232431_7063499738524062775_n.jpg?stp=dst-jpg_e0_s150x150_tt6&_nc_cat=102&ig_cache_key=GKGzKArvLVoEKBYBADeUypGWlwZibkULAAAB1501500j-ccb7-5&ccb=7-5&_nc_sid=669407&efg=eyJ2ZW5jb2RlX3RhZyI6InByb2ZpbGVfcGljLnd3dy42NDAuQzMifQ%3D%3D&_nc_ohc=qFCJKHuxbdAQ7kNvwEWVYVV&_nc_oc=AdnHHTzAbJ4R9gb_6iszUiUlF9urQQpqdoj8R0YwqxskBmvzWYPL0SPMLXNo2_jSK4A&_nc_ad=z-m&_nc_cid=0&_nc_zt=24&_nc_ht=scontent-vie1-1.cdninstagram.com&oh=00_AfqHhjDtcA8r0oT2Sn8-zOsTCHx0S9DDbGbyjLV5jn8hTA&oe=6965E9BA,"Karena kalau pilkada lewat DPR.. partai politik berkuasa penuh baik atas jabatan maupun uang.. contoh paling gampang aja.. untuk nyalon bupati menurut KPK butuh modal 30M dan biasanya di kabupaten atau kota dukungan dari parpol berharga 500jt hingga 2M perpartai itu butuh 1 hingga r partai untuk ambang batas.. anggaplah habis 10M untuk partai dan 20M lagi untuk kampanye dan money politik.. namun jika pilkada lewat DPRD. 30M tadi bersih masuk parpol untuk beli dukungan partai politik.. jadi ya biaya politik calon kepala daerah tak akan berkurang sementara dampaknya kemasyarakat nihil.. sebab kalau pilkada dipilih ekonomi bergerak mulai dari percetakan dan sablon untuk baliho dan kaos, EO untuk kampanye, hingga rumah makan untuk konsumsi kampanye..",2025-12-11T07:26:02.000Z,0,0,https://www.instagram.com/p/DSFIfoJkXhB/c/18061805144536632
https://www.instagram.com/p/DSFIfoJkXhB/,kristalalifsaputra,kristalalifsaputra,Kristal Alif Saputra,False,https://scontent-vie1-1.cdninstagram.com/v/t51.2885-19/118046295_319434706167344_239799119686648232_n.jpg?stp=dst-jpg_e0_s150x150_tt6&_nc_cat=110&ig_cache_key=GFc_CQcwpjAwhiIBAKjBX2IH8FMDbkULAAAB1501500j-ccb7-5&ccb=7-5&_nc_sid=669407&efg=eyJ2ZW5jb2RlX3RhZyI6InByb2ZpbGVfcGljLnd3dy42MTMuQzMifQ%3D%3D&_nc_ohc=C-l1QiQsgroQ7kNvwEeII1I&_nc_oc=AdlEfZyY1rlg5XGoHbiXfilzqGzGBP2rB7ZWx_QLRlSuDqifuVPBjT2LiRiMiEirDqk&_nc_ad=z-m&_nc_cid=0&_nc_zt=24&_nc_ht=scontent-vie1-1.cdninstagram.com&oh=00_AfpUheJhUgGbjlBhDDLsgaONwFwdSiD0P4slMIUaQXVC7g&oe=6965C46F,Pilkada online saja tidak banyak biaya,2025-12-10T12:45:41.000Z,0,0,https://www.instagram.com/p/DSFIfoJkXhB/c/18062729618214754
https://www.instagram.com/reel/DSD5MW7kjgI/,fandydarisman,fandydarisman,SWARNARIA.COM,False,https://scontent-iad3-1.cdninstagram.com/v/t51.2885-19/25010282_308478356319527_8354998772807237632_n.jpg?stp=dst-webp_s150x150&_nc_cat=109&cb=8438d1d6-aa1c7732&ig_cache_key=GGqgfQEnbdk2jxgBAAAAAAAe6-JzbkULAAAB1501500w-ccb7-5-cb8438d1d6-aa1c7732&ccb=7-5&_nc_sid=669407&efg=eyJ2ZW5jb2RlX3RhZyI6InByb2ZpbGVfcGljLnd3dy4xMDgwLkMzIn0%3D&_nc_ohc=zwASjwQwwdwQ7kNvwHkOtJs&_nc_oc=AdkuFpYPve-psMbWxubpSTEh2MPWxhtpk3Pgbe0clhdmg6RYyeQcShVR1Qv9coTXkKs&_nc_ad=z-m&_nc_cid=0&_nc_zt=24&_nc_ht=scontent-iad3-1.cdninstagram.com&oh=00_AfrGsz5GSAMjmmA_YVS8C_wtKZx0IMQM4wx-DxBStzoY1A&oe=6965EB0E,Youtube Tempo ilang😮😮😮,2025-12-10T02:28:11.000Z,6,0,https://www.instagram.com/p/DSD5MW7kjgI/c/18063697445447145
https://www.instagram.com/reel/DSD5MW7kjgI/,riyadiasr,riyadiasr,.,False,https://scontent-iad3-2.cdninstagram.com/v/t51.82787-19/610528045_18083190665329147_5955946189017686467_n.jpg?stp=dst-webp_s150x150&_nc_cat=103&cb=8438d1d6-aa1c7732&ig_cache_key=GC3rYyT7OQPskD5AAMOhvcGAxadSbmNDAQAB1501500w-ccb7-5-cb8438d1d6-aa1c7732&ccb=7-5&_nc_sid=669407&efg=eyJ2ZW5jb2RlX3RhZyI6InByb2ZpbGVfcGljLnd3dy4xMDgwLkMzIn0%3D&_nc_ohc=uERFOeEo_-UQ7kNvwFgpbNK&_nc_oc=Admp6DS_Z8hzvy4PzjBaGhoHTCUispxi6M0LKNemiXH_rnr0tpd-9wnz2VTQBpHf8uk&_nc_ad=z-m&_nc_cid=0&_nc_zt=24&_nc_ht=scontent-iad3-2.cdninstagram.com&_nc_gid=YJ1HCgHcIxx1c-DJt0807w&oh=00_AfqAAMZ1L_a_Tn5ubgGmIEKmsIYu7jmaxsCpyEkxL37GNA&oe=6965CA9B,YouTube nya komga adaaaaa kmn ih,2025-12-10T02:10:47.000Z,1,0,https://www.instagram.com/p/DSD5MW7kjgI/c/18098676547773488
https://www.instagram.com/reel/DSD5MW7kjgI/,emaapriliana,emaapriliana,,False,https://scontent-iad3-1.cdninstagram.com/v/t51.82787-19/526675640_18516594172050637_8249168652914656135_n.jpg?stp=dst-webp_s150x150&_nc_cat=101&cb=8438d1d6-aa1c7732&ig_cache_key=GLhuZB-NPBOKvshBAIcDRBEv73pybmNDAQAB1501500w-ccb7-5-cb8438d1d6-aa1c7732&ccb=7-5&_nc_sid=669407&efg=eyJ2ZW5jb2RlX3RhZyI6InByb2ZpbGVfcGljLnd3dy4xMDgwLkMzIn0%3D&_nc_ohc=JXS1i9OZh0kQ7kNvwFqbs2y&_nc_oc=AdlcVoUp8ppA0qRGEx28mBHPva4Q2bw1SGhbK7FvQtQe0AyJev-1rR5x0EmbvAjlN5A&_nc_ad=z-m&_nc_cid=0&_nc_zt=24&_nc_ht=scontent-iad3-1.cdninstagram.com&_nc_gid=YJ1HCgHcIxx1c-DJt0807w&oh=00_AfrrNFM8k3n-EUMtU3_f0_I9yqzrztxFeHRNcKaMB0tw9w&oe=6965EA34,Kok channel youtube tempo menghilang ya?,2025-12-10T02:07:16.000Z,4,2,https://www.instagram.com/p/DSD5MW7kjgI/c/18112419580595506
https://www.instagram.com/reel/DSD5MW7kjgI/,saaany___,saaany___,Sany Syahrul,False,https://scontent-iad3-1.cdninstagram.com/v/t51.82787-19/570983360_18292193293260743_163888926518655107_n.jpg?stp=dst-webp_s150x150&_nc_cat=109&cb=8438d1d6-aa1c7732&ig_cache_key=GMCDCCLHV2gjp-xAAIO4wz8cQEYCbmNDAQAB1501500w-ccb7-5-cb8438d1d6-aa1c7732&ccb=7-5&_nc_sid=669407&efg=eyJ2ZW5jb2RlX3RhZyI6InByb2ZpbGVfcGljLnd3dy4xMDgwLkMzIn0%3D&_nc_ohc=CSpOroEnJfIQ7kNvwE0LMNQ&_nc_oc=AdmBAGMv1c2tCcGKmCaiG1hwaD9KYXCpNpoQkSZyeaarl_hbh_jxROIVMSzmyRaT2jM&_nc_ad=z-m&_nc_cid=0&_nc_zt=24&_nc_ht=scontent-iad3-1.cdninstagram.com&_nc_gid=YJ1HCgHcIxx1c-DJt0807w&oh=00_AfrPnZxHVBApSm5DJtBDYnYSWPoXnlqQ5yAtZAripToTJw&oe=6965D7D7,kok chanel tempo di youtube hilang,2025-12-10T01:22:31.000Z,32,3,https://www.instagram.com/p/DSD5MW7kjgI/c/18099956227825511
https://www.instagram.com/reel/DSD5MW7kjgI/,wings_float,wings_float,Fanny,False,https://scontent-iad3-1.cdninstagram.com/v/t51.2885-19/472467305_575968965241632_6577102294547333314_n.jpg?stp=dst-webp_s150x150&_nc_cat=110&cb=8438d1d6-aa1c7732&ig_cache_key=GGlHKRwgK5M51wsCAMKA5p2wj0ZbbkULAAAB1501500w-ccb7-5-cb8438d1d6-aa1c7732&ccb=7-5&_nc_sid=669407&efg=eyJ2ZW5jb2RlX3RhZyI6InByb2ZpbGVfcGljLnd3dy4xMDgwLkMzIn0%3D&_nc_ohc=Ir65TcHKXxgQ7kNvwEk3nFF&_nc_oc=AdnViPoC2dnvjLd3LBzcJrcvjuzvKIpvZoJ-nzhc8vfVAKwXxQJLavidqnNvgyDYOT0&_nc_ad=z-m&_nc_cid=0&_nc_zt=24&_nc_ht=scontent-iad3-1.cdninstagram.com&oh=00_AfqY1eQDR5L8T90dzBKubLsudauGy3-5FpFsKAkQsgd0TA&oe=6965E2C0,"Kadang bingung, kenapa yah se serakah itu mereka? Bukannya mereka hanya ingin uang dan kekuasaan, bukannya itu sudah semua mereka dapatkan? Kenapa masih mau lebih dan lebih?",2025-12-09T23:51:14.000Z,10,1,https://www.instagram.com/p/DSD5MW7kjgI/c/17889410451263513
https://www.instagram.com/reel/DSD5MW7kjgI/,papioboi,papioboi,Arief Hartono Boyke,False,https://scontent-iad3-1.cdninstagram.com/v/t51.2885-19/369851951_371965208737313_58875860038355443_n.jpg?stp=dst-webp_s150x150&_nc_cat=107&cb=8438d1d6-aa1c7732&ig_cache_key=GC9_CxYhtiLmTFIBAPOJbmNIK9EAbkULAAAB1501500w-ccb7-5-cb8438d1d6-aa1c7732&ccb=7-5&_nc_sid=669407&efg=eyJ2ZW5jb2RlX3RhZyI6InByb2ZpbGVfcGljLnd3dy4zMzcuQzMifQ%3D%3D&_nc_ohc=0emqw-8MA5sQ7kNvwFJIHMW&_nc_oc=AdkCxs_TlFECbjMik_T4WWrB9o7j86r-upZHxcUh5x7KVfdqE_xbNHzn3d14heRbiEU&_nc_ad=z-m&_nc_cid=0&_nc_zt=24&_nc_ht=scontent-iad3-1.cdninstagram.com&oh=00_AfqC3ERBHGr5rSkfZcv_waik5SBTTc2QvcMd-ItvUcSdqw&oe=6965C87E,kepala daerah jd tunduk sama dprd dong 🤔,2025-12-09T23:40:23.000Z,9,1,https://www.instagram.com/p/DSD5MW7kjgI/c/17902205127337940
https://www.instagram.com/reel/DSD5MW7kjgI/,moyogigi,moyogigi,Rain Yo,False,https://scontent-iad3-1.cdninstagram.com/v/t51.2885-19/275766364_486193426385647_1079088168080923938_n.jpg?stp=dst-webp_s150x150&_nc_cat=109&cb=8438d1d6-aa1c7732&ig_cache_key=GFzcbxDvyni6MLoBACJdyrv4sPkObkULAAAB1501500w-ccb7-5-cb8438d1d6-aa1c7732&ccb=7-5&_nc_sid=669407&efg=eyJ2ZW5jb2RlX3RhZyI6InByb2ZpbGVfcGljLnd3dy45NTQuQzMifQ%3D%3D&_nc_ohc=TZlTAqu_M4oQ7kNvwGouY3q&_nc_oc=AdkGvgW48V-4KW--dbipY1grXswaoYa-9mMYOSgb8P7QVGpp5ew0EgXfgEtG_uFOp6U&_nc_ad=z-m&_nc_cid=0&_nc_zt=24&_nc_ht=scontent-iad3-1.cdninstagram.com&oh=00_Afoo3PSmD535oqQYzTqFtHLUDcjZPjLAAKZ95EyCnIVqTg&oe=6965FBF5,"Pembagiannya enak menurut mereka, emang dasar 😢",2025-12-09T23:33:15.000Z,3,0,https://www.instagram.com/p/DSD5MW7kjgI/c/17933586540134113
https://www.instagram.com/reel/DSD5MW7kjgI/,r_dee.j_ree,r_dee.j_ree,ファジェリ,False,https://scontent-iad3-1.cdninstagram.com/v/t51.82787-19/611629783_18340822966234439_7003619614280083925_n.jpg?stp=dst-webp_s150x150&_nc_cat=109&cb=8438d1d6-aa1c7732&ig_cache_key=GNe6dCRHbcqd4ShBANVpH7Pu2jFhbmNDAQAB1501500w-ccb7-5-cb8438d1d6-aa1c7732&ccb=7-5&_nc_sid=669407&efg=eyJ2ZW5jb2RlX3RhZyI6InByb2ZpbGVfcGljLnd3dy4xMDgwLkMzIn0%3D&_nc_ohc=YCpI0gQgwkIQ7kNvwEZuTFk&_nc_oc=AdmUafse8mv77Wrw6idW2KGKMyxzkHbKcovoQwLHnv4h-8sPykjtM2b7CJn7oErWXNo&_nc_ad=z-m&_nc_cid=0&_nc_zt=24&_nc_ht=scontent-iad3-1.cdninstagram.com&_nc_gid=YJ1HCgHcIxx1c-DJt0807w&oh=00_AfrVO4_4TW7bSuZuMRY_XI2w_EkUm4A0UtGiLVP4NxBzMQ&oe=6965F760,"Mereka mengusulkan ini karena MPR, DPR dan DPD memang bukan murni wakil rakyat, tapi murni wakil partai yang notabene menguasai lembaga eksekutif.",2025-12-09T23:21:01.000Z,160,1,https://www.instagram.com/p/DSD5MW7kjgI/c/18374081347159541
https://www.instagram.com/p/DR8dfmOkhoM/,tj_budi,tj_budi,Tj Budi,False,https://scontent-dfw5-2.cdninstagram.com/v/t51.2885-19/414719288_7481875535156344_352475328316868399_n.jpg?stp=dst-jpg_e0_s150x150_tt6&_nc_cat=102&ig_cache_key=GDgduBh41IbluZQaAC_HapBxPuQEbkULAAAB1501500j-ccb7-5&ccb=7-5&_nc_sid=669407&efg=eyJ2ZW5jb2RlX3RhZyI6InByb2ZpbGVfcGljLnd3dy4xMDgwLkMzIn0%3D&_nc_ohc=mlDgsiFnX4UQ7kNvwEjjwqg&_nc_oc=AdmheIBIBAVcguci426dJ28IYbuf14gJ3V-0OXUIRSjLQEh7v9qmSyeiV10EGVUum1Q&_nc_ad=z-m&_nc_cid=0&_nc_zt=24&_nc_ht=scontent-dfw5-2.cdninstagram.com&oh=00_AfoZd-HsLQdICOOLBLaS7jLdSAseguJGyuUMjcsYAzh7Bw&oe=6965DAF7,😮😮😮,2025-12-09T10:11:04.000Z,0,0,https://www.instagram.com/p/DR8dfmOkhoM/c/17853809946590836
https://www.instagram.com/p/DR-q0u2Ew-b/,ilhamcahul,ilhamcahul,Ilham Ilank,False,https://scontent-dfw5-2.cdninstagram.com/v/t51.2885-19/278715083_3215933048678808_5405860034912296153_n.jpg?stp=dst-jpg_e0_s150x150_tt6&_nc_cat=104&ig_cache_key=GMvanBCY6fzC32wLANmcbW4PeQVLbkULAAAB1501500j-ccb7-5&ccb=7-5&_nc_sid=669407&efg=eyJ2ZW5jb2RlX3RhZyI6InByb2ZpbGVfcGljLnd3dy4xMDgwLkMzIn0%3D&_nc_ohc=sjFqqZGX6mYQ7kNvwF_SyE5&_nc_oc=AdnR0oGvr0r1yDctltafmC6wTkcaH5W08d4ZIUpCVh3PcIIsAnL6YMEbLidhKPwnwwQ&_nc_ad=z-m&_nc_cid=0&_nc_zt=24&_nc_ht=scontent-dfw5-2.cdninstagram.com&oh=00_AfrflxBQQO2mCMaS_HdGzWVb-12pRpC29er8sOrDrFHEmQ&oe=6965EB22,Terus DPRD siapa yg milih?,2025-12-08T18:21:15.000Z,0,0,https://www.instagram.com/p/DR-q0u2Ew-b/c/17874662940378475
https://www.instagram.com/naramakna.id/p/DR_yfVDk-Xl/?hl=bn,nadapramitha4,nadapramitha4,nada pramitha,False,https://scontent-sjc6-1.cdninstagram.com/v/t51.82787-19/514965773_17850660714492980_7122369650453737372_n.jpg?stp=dst-jpg_e0_s150x150_tt6&_nc_cat=101&ig_cache_key=GA3BsR40tOTSFGs-AJxvUQ52vddibmNDAQAB1501500j-ccb7-5&ccb=7-5&_nc_sid=669407&efg=eyJ2ZW5jb2RlX3RhZyI6InByb2ZpbGVfcGljLnd3dy4xNzEuQzMifQ%3D%3D&_nc_ohc=zmRAf8kDYU4Q7kNvwEOCP2F&_nc_oc=Adka3fYN4-8mt4MqO_fSrCQwb6DDzoy38AzizMx3K6bwrA78hfha5UlSOi0He39jt5k&_nc_ad=z-m&_nc_cid=0&_nc_zt=24&_nc_ht=scontent-sjc6-1.cdninstagram.com&_nc_gid=qI0Eq1saQXPz9R5snmChAw&oh=00_AfrgB5Kt55IqcPJNvCkKvnbBALGW3D0RStkVl6fool7Zcw&oe=6965DCCB,tolol seperti biasanya,2025-12-08T13:14:22.000Z,0,0,https://www.instagram.com/p/DR_yfVDk-Xl/c/18096440224889500
https://www.instagram.com/p/DR_JHp0jfSs/,alfyogi,alfyogi,Alf Yogi S Prastawa,False,https://scontent-sea5-1.cdninstagram.com/v/t51.2885-19/412311997_899479741807461_3663732022432365768_n.jpg?stp=dst-jpg_e0_s150x150_tt6&_nc_cat=102&ig_cache_key=GL1hkxhlO35yEjIDAMj8TfXcMNgybkULAAAB1501500j-ccb7-5&ccb=7-5&_nc_sid=669407&efg=eyJ2ZW5jb2RlX3RhZyI6InByb2ZpbGVfcGljLnd3dy4xMDgwLkMzIn0%3D&_nc_ohc=YRrQUJREhYcQ7kNvwEBRrEJ&_nc_oc=AdnU8enxWq5dkdJ5MazNVjP6LLP-6wXoNMIJEr50EkW7RA_5mZD_UwJXCP450z312aA&_nc_ad=z-m&_nc_cid=0&_nc_zt=24&_nc_ht=scontent-sea5-1.cdninstagram.com&oh=00_AfpowytbUzr-2uv612xFVccJxZkPeGMozs0FfF7Ejfgmsw&oe=6965E79D,"Apapun sistemnya, uang tetap penentunya.",2025-12-08T09:39:54.000Z,1,0,https://www.instagram.com/p/DR_JHp0jfSs/c/17842445733644931
https://www.instagram.com/p/DR_JHp0jfSs/,ra._syah,ra._syah,Rachman Syah,False,https://scontent-sea5-1.cdninstagram.com/v/t51.82787-19/565153450_18535844176030973_2797823629335549798_n.jpg?stp=dst-jpg_e0_s150x150_tt6&_nc_cat=110&ig_cache_key=GKqOryH9bLmHQNpBAGZXvXLE3dMmbmNDAQAB1501500j-ccb7-5&ccb=7-5&_nc_sid=669407&efg=eyJ2ZW5jb2RlX3RhZyI6InByb2ZpbGVfcGljLnd3dy4xMDgwLkMzIn0%3D&_nc_ohc=fMCxmsjlDOgQ7kNvwGWviWk&_nc_oc=AdlptQuD3o4ti4Qkoh62m8MUl5d-NKsvym9DDeYCLU382sbB1vQACNC-YgGQqH6_WAo&_nc_ad=z-m&_nc_cid=0&_nc_zt=24&_nc_ht=scontent-sea5-1.cdninstagram.com&_nc_gid=XLA0by8CukiKOFfsZkwmgg&oh=00_Afo9NDnG3op0qRcqulexmoYSYwrMG0Dw9LUfr-57RcwSoQ&oe=6965D25A,"Boleh tapi partai yg paling banyak kursinya yg pilih bupati, jadi pertarungan di pemilu legislatif",2025-12-08T09:25:02.000Z,0,1,https://www.instagram.com/p/DR_JHp0jfSs/c/18085176215317220
https://www.instagram.com/p/DR8dfmOkhoM/,bintang_kr,bintang_kr,ビンタング,False,https://scontent-dfw6-1.cdninstagram.com/v/t51.82787-19/532305922_18526065262009001_5718961376774884948_n.jpg?stp=dst-jpg_e0_s150x150_tt6&_nc_cat=103&ig_cache_key=GAJYuh_pGgezW9FBAFSO2GIS1V1PbmNDAQAB1501500j-ccb7-5&ccb=7-5&_nc_sid=669407&efg=eyJ2ZW5jb2RlX3RhZyI6InByb2ZpbGVfcGljLnd3dy4xMDgwLkMzIn0%3D&_nc_ohc=say5lF5K_FMQ7kNvwH0-_7C&_nc_oc=Adny8j4iyclsGFoBzKFU3LfZAcRTPsRgY8IAToYP9cYDmj70ANedrY803CJRBWzQbpo&_nc_ad=z-m&_nc_cid=0&_nc_zt=24&_nc_ht=scontent-dfw6-1.cdninstagram.com&_nc_gid=gzbXIQtkrFfhnoEfraHaaA&oh=00_Afqvzj8UWg6U90ERgVmXcM-iN6CIJ4r9KkqFH_ZgVs6pIA&oe=6965D6D8,Partai pohon sawit kangen masa 32 tahun,2025-12-08T08:40:31.000Z,0,0,https://www.instagram.com/p/DR8dfmOkhoM/c/17913251931252992
https://www.instagram.com/p/DR_JHp0jfSs/,son__of.adam,son__of.adam,EᖇIᑕ Eᗰᕼᗩ ᖇYᗩᑎᗪᖇᗩ,False,https://scontent-sea5-1.cdninstagram.com/v/t51.82787-19/566567642_18159394453381620_1272152340808176927_n.jpg?stp=dst-jpg_e0_s150x150_tt6&_nc_cat=110&ig_cache_key=GNoixSH04bp-34NAAB_VDVbQl6cRbmNDAQAB1501500j-ccb7-5&ccb=7-5&_nc_sid=669407&efg=eyJ2ZW5jb2RlX3RhZyI6InByb2ZpbGVfcGljLnd3dy4xMDgwLkMzIn0%3D&_nc_ohc=h_DzK2MO2YsQ7kNvwGL2yWb&_nc_oc=Adn1E-Z4MJZq6xc4Idox3uxtVI0USXJ1e2kFUty6ev2W40UrgrC3lo3bLnZF4aMqbFU&_nc_ad=z-m&_nc_cid=0&_nc_zt=24&_nc_ht=scontent-sea5-1.cdninstagram.com&_nc_gid=XLA0by8CukiKOFfsZkwmgg&oh=00_AfrLA4J_kgnYU4b5y5_aNvm4M5gsFeVJTzBYzhla8342lA&oe=6965F21A,Di 🇮🇩 mau dipilih DPRD atau langsung rakyat ya 11 : 12 aja. Serangan fajar nya cma pindah tempat aja.,2025-12-08T08:03:59.000Z,1,0,https://www.instagram.com/p/DR_JHp0jfSs/c/18367053565095394
https://www.instagram.com/p/DR_JHp0jfSs/,baturternaktani,baturternaktani,Batur Ternak Tani,False,https://scontent-sea5-1.cdninstagram.com/v/t51.2885-19/465805402_554006823891753_3237847092158127187_n.jpg?stp=dst-jpg_e0_s150x150_tt6&_nc_cat=110&ig_cache_key=GFqgwxsp8-DD3fcBAFPcHYXGJO8sbkULAAAB1501500j-ccb7-5&ccb=7-5&_nc_sid=669407&efg=eyJ2ZW5jb2RlX3RhZyI6InByb2ZpbGVfcGljLnd3dy4zNTguQzMifQ%3D%3D&_nc_ohc=ayTYQrLO_I0Q7kNvwGuvRqG&_nc_oc=Adkq8BQoSP6z5lPa4zb3C__pUtBSrF2Yuf2P8eFE0X3UV--5PjQCg9lMIX-QQ0lUWvY&_nc_ad=z-m&_nc_cid=0&_nc_zt=24&_nc_ht=scontent-sea5-1.cdninstagram.com&oh=00_AfoiJNUpW8LHjOH77qH784Myunm18fW462qR76tCkteD6Q&oe=6965DA1F,"Dipilih langsung juga sama, transaksi politik antar parpol, antar tokoh, antar pejabat di tingkat pusat daerah prov/kab/kota hingga pejabat desa untuk mendapatkan suara bahkan transaksi langsung ke rakyat.",2025-12-08T07:58:11.000Z,1,0,https://www.instagram.com/p/DR_JHp0jfSs/c/17884761765410475
https://www.instagram.com/p/DR_JHp0jfSs/,lypheum,lypheum,Lypheum,False,https://scontent-sea5-1.cdninstagram.com/v/t51.2885-19/486618556_1236238378102540_6786026926470332575_n.jpg?stp=dst-jpg_e0_s150x150_tt6&_nc_cat=102&ig_cache_key=GLw1AR0Mb2ItWmQEAJ8AgCSJzyxebkULAAAB1501500j-ccb7-5&ccb=7-5&_nc_sid=669407&efg=eyJ2ZW5jb2RlX3RhZyI6InByb2ZpbGVfcGljLnd3dy4xMDgwLkMzIn0%3D&_nc_ohc=XSLRXI5KU-IQ7kNvwH8r7wS&_nc_oc=AdnOzXSXb4nDmCidIAHdR_kKFfEkMCJxynDeB08Vh5m-9iPcVc_smSQsT0gFh_HMbAk&_nc_ad=z-m&_nc_cid=0&_nc_zt=24&_nc_ht=scontent-sea5-1.cdninstagram.com&oh=00_AfoXBFtyL9MolezzzT1pgGDsoD19Fh98Lsr7sGmYvRNAGg&oe=6965CF31,"Asik, dr atas ampe bawah total parpol! Mantab korupsinya!",2025-12-08T07:42:23.000Z,1,0,https://www.instagram.com/p/DR_JHp0jfSs/c/17906335200294404
https://www.instagram.com/p/DR_JHp0jfSs/,ivan.hilmansah,ivan.hilmansah,Ivan,False,https://scontent-sea5-1.cdninstagram.com/v/t51.2885-19/107507116_724315868394040_1244627788330233890_n.jpg?stp=dst-jpg_e0_s150x150_tt6&_nc_cat=110&ig_cache_key=GKxtaAY4cgruwpICACLwABFhzkURbkULAAAB1501500j-ccb7-5&ccb=7-5&_nc_sid=669407&efg=eyJ2ZW5jb2RlX3RhZyI6InByb2ZpbGVfcGljLnd3dy4xMDgwLkMzIn0%3D&_nc_ohc=cvPF0OnTzr8Q7kNvwExNb9g&_nc_oc=AdkKaTMHR4T2vbTAOllDOfYoptMva0BZT-sbYZuLMxRa2aQ5vxQjq9ppPbwlTSFab_0&_nc_ad=z-m&_nc_cid=0&_nc_zt=24&_nc_ht=scontent-sea5-1.cdninstagram.com&oh=00_AfoGYxQ3S-1nMntRCNKVXWl0X7F5rxr8r0G1p5BiKInbzA&oe=6965FA2C,"Sama aja sih, mau langsung atau tdk, transaksi tetap ada, tapi mungkin kalau lewat DPRD biaya lebih hemat",2025-12-08T06:47:02.000Z,1,0,https://www.instagram.com/p/DR_JHp0jfSs/c/18100778845744238
https://www.instagram.com/p/DR_JHp0jfSs/,saylendraputra01,saylendraputra01,Saylendra Putra,False,https://scontent-sea5-1.cdninstagram.com/v/t51.82787-19/542685409_17933540853089434_7590475205640918311_n.jpg?stp=dst-jpg_e0_s150x150_tt6&_nc_cat=109&ig_cache_key=GOG4WCCaBB3cdbY-ACcVo8T7yFZpbmNDAQAB1501500j-ccb7-5&ccb=7-5&_nc_sid=669407&efg=eyJ2ZW5jb2RlX3RhZyI6InByb2ZpbGVfcGljLnd3dy4xMDI0LkMzIn0%3D&_nc_ohc=KY4gPN6w8soQ7kNvwG5Gy8q&_nc_oc=Admzruc2sPsCNs42uvkHQhnxBb1DOzQxYDxCfAvpvg8kDp2idhfylWvWlQLhVHmVwBk&_nc_ad=z-m&_nc_cid=0&_nc_zt=24&_nc_ht=scontent-sea5-1.cdninstagram.com&_nc_gid=XLA0by8CukiKOFfsZkwmgg&oh=00_Afr0CjcHwC24_TuCRL0xI5xjtCJwQ6fO6D4ysgMknRnPbA&oe=6965E74E,"Niatnya menghemat uang negara, justru jadi money politik besar-besaran lewat DPRD",2025-12-08T06:13:09.000Z,1,0,https://www.instagram.com/p/DR_JHp0jfSs/c/18096424723856474
https://www.instagram.com/p/DR8dfmOkhoM/,flo_with_the_go,flo_with_the_go,Florence Nathania,False,https://scontent-dfw5-2.cdninstagram.com/v/t51.82787-19/541365773_18529504192018759_2593459527773182152_n.jpg?stp=dst-jpg_e0_s150x150_tt6&_nc_cat=102&ig_cache_key=GA2WRCBHuTpjfNRBAMjYRSSz0f0jbmNDAQAB1501500j-ccb7-5&ccb=7-5&_nc_sid=669407&efg=eyJ2ZW5jb2RlX3RhZyI6InByb2ZpbGVfcGljLnd3dy4xMDIzLkMzIn0%3D&_nc_ohc=z2slBQitEfQQ7kNvwFTW8mV&_nc_oc=Adm3GB_mmDG6Y7p7fXKlID8c5LYO9X-BpOwhsGVKHeiCe8Qyz0pLWMkcItXTsx5lS_o&_nc_ad=z-m&_nc_cid=0&_nc_zt=24&_nc_ht=scontent-dfw5-2.cdninstagram.com&_nc_gid=gzbXIQtkrFfhnoEfraHaaA&oh=00_AfoRFgOTMq-P_KwyWfutfvIyxN5K3KfN4U4A_Tkul_6q5Q&oe=6965EE0A,Kalau gagasannya Ketum Partai tidak boleh menjabat eksekutif bagaimana? Biar fokus ngurus kerjaannya di ESDM,2025-12-08T05:01:54.000Z,1,0,https://www.instagram.com/p/DR8dfmOkhoM/c/17931084411115684
https://www.instagram.com/p/DR_JHp0jfSs/,prihartono68,prihartono68,prihartono,False,https://scontent-sea1-1.cdninstagram.com/v/t51.2885-19/116560520_712557302658953_3286747895240744959_n.jpg?stp=dst-jpg_e0_s150x150_tt6&_nc_cat=100&ig_cache_key=GIiS8gaJN_gsEYgCAP9fFvrL35wtbkULAAAB1501500j-ccb7-5&ccb=7-5&_nc_sid=669407&efg=eyJ2ZW5jb2RlX3RhZyI6InByb2ZpbGVfcGljLnd3dy45NjAuQzMifQ%3D%3D&_nc_ohc=23Q037ue4X4Q7kNvwFadEJq&_nc_oc=AdlFIWaXlCEsk39fKv9WNSCxG4wf8hzIMx_gpdeguWoi5RvKy7xDJtDLRospC_N1YfI&_nc_ad=z-m&_nc_cid=0&_nc_zt=24&_nc_ht=scontent-sea1-1.cdninstagram.com&oh=00_Afp_zYAkc3mBzivaOiKC-YT0pnCEcYLZ8U4K8BTbhbx2Rw&oe=6965EAAC,"mau langsung atau melalui dprd sama"" transaksional pilih saja biaya pemilu yg murah tdk menghabiskan anggaran",2025-12-08T04:04:02.000Z,1,0,https://www.instagram.com/p/DR_JHp0jfSs/c/18136407430482345
https://www.instagram.com/p/DR_JHp0jfSs/,gatot8900,gatot8900,Gatot Suprapto,False,https://scontent-sea1-1.cdninstagram.com/v/t51.2885-19/280333735_1047027729232925_5137317376836985343_n.jpg?stp=dst-jpg_e0_s150x150_tt6&_nc_cat=101&ig_cache_key=GKeNtRAd9N4jRLgDAP9hz4DvaktHbkULAAAB1501500j-ccb7-5&ccb=7-5&_nc_sid=669407&efg=eyJ2ZW5jb2RlX3RhZyI6InByb2ZpbGVfcGljLnd3dy45NDcuQzMifQ%3D%3D&_nc_ohc=3KnO9Vg4uYEQ7kNvwGKh9ll&_nc_oc=AdnuuHu3u9JYvyEvDmnPvJsvyI2QDlXE09G6TMtMaeBBWNWzO6GVweZxMQcbAL8yD0s&_nc_ad=z-m&_nc_cid=0&_nc_zt=24&_nc_ht=scontent-sea1-1.cdninstagram.com&oh=00_AfpGjgOU212HwUIEgNf7PUaUmbrW27J__9HF4xemGY8k1g&oe=6965ECDE,Di pilih rakyatpun ada transaksi politik.,2025-12-08T03:50:06.000Z,1,0,https://www.instagram.com/p/DR_JHp0jfSs/c/18115339780602290
https://www.instagram.com/p/DR_JHp0jfSs/,hendardo_redondo,hendardo_redondo,Hendardo _ Redondo,False,https://scontent-sea5-1.cdninstagram.com/v/t51.2885-19/482142070_1000932941911512_4734540948939922086_n.jpg?stp=dst-jpg_e0_s150x150_tt6&_nc_cat=109&ig_cache_key=GHbnvBzYVXLcV44DAKbaGozod7RBbkULAAAB1501500j-ccb7-5&ccb=7-5&_nc_sid=669407&efg=eyJ2ZW5jb2RlX3RhZyI6InByb2ZpbGVfcGljLnd3dy4xMDgwLkMzIn0%3D&_nc_ohc=adhwwYkA_kUQ7kNvwGVZbK9&_nc_oc=AdntUD1yZDG6G8dsl_XnEh88O3nwy0vsx00_vegxFe-twhYifNEhKNBZZuN4lxI59Qk&_nc_ad=z-m&_nc_cid=0&_nc_zt=24&_nc_ht=scontent-sea5-1.cdninstagram.com&oh=00_AfobeI4vfIzBLC5bT_cRuw3-k5VyR_KcjocAyTUUFJ_auw&oe=6965F478,betul..dan ingat kedaulatan itu ada di tangan rakyat..pemilihan harus langsung,2025-12-08T03:19:03.000Z,0,1,https://www.instagram.com/p/DR_JHp0jfSs/c/17890834284253660
https://www.instagram.com/p/DR8dfmOkhoM/,al_faqir_a_andhika,al_faqir_a_andhika,A. Andhika,False,https://scontent-dfw6-1.cdninstagram.com/v/t51.2885-19/364230456_857812865972949_7851493013316733981_n.jpg?stp=dst-jpg_e0_s150x150_tt6&_nc_cat=101&ig_cache_key=GDi3tRXV_igfLQwDAB2MNO9LG-ZsbkULAAAB1501500j-ccb7-5&ccb=7-5&_nc_sid=669407&efg=eyJ2ZW5jb2RlX3RhZyI6InByb2ZpbGVfcGljLnd3dy45NjAuQzMifQ%3D%3D&_nc_ohc=zkVbZfvRMm0Q7kNvwFRe86e&_nc_oc=AdkForL9K_gfErWIMPF572d8P3ji-VlRvjOL-qxj4S7adhozih9qH4cFalP0p8CR76o&_nc_ad=z-m&_nc_cid=0&_nc_zt=24&_nc_ht=scontent-dfw6-1.cdninstagram.com&oh=00_Afow7J9Wf9uOlB-POZFsLCVdbSTfU-qKBzvGnxtmXaNAvg&oe=6965FC2A,"Kalo saya malah setuju kalo gubenur dan wali kota/bupati dipilih langsung oleh presiden sesuai sistem presidensial kita yaitu ""The winner take all"". Untuk anggota DPR dan DPRD dipilih oleh parpol supaya parpol dapat memilih, menyeleksi dan menempatkan anggotanya yg punya kompetensi sesuai bidang penempatannya di DPR atau DPRD. Biar rakyat yg akan menilai pemilihan dan penempatan anggota DPR/DPRD oleh parpol.",2025-12-08T03:01:55.000Z,0,0,https://www.instagram.com/p/DR8dfmOkhoM/c/17949837612057472
https://www.instagram.com/p/DR-q0u2Ew-b/,arman.frd1,arman.frd1,Arman Namaku,False,https://scontent-dfw6-1.cdninstagram.com/v/t51.82787-19/586852987_17928619545119598_4713876983221832209_n.jpg?stp=dst-jpg_e0_s150x150_tt6&_nc_cat=101&ig_cache_key=GHuq_iJuy0wH-LE-ABHK0xskDmtBbmNDAQAB1501500j-ccb7-5&ccb=7-5&_nc_sid=669407&efg=eyJ2ZW5jb2RlX3RhZyI6InByb2ZpbGVfcGljLnd3dy4xMDgwLkMzIn0%3D&_nc_ohc=NngziI8mW0gQ7kNvwE2U4DQ&_nc_oc=AdnGDKII8Vr28f0VbYxf4oztpO_qfLPTV6QeDjKemzWjVha6dgAhZ6qEAdDLVHsrzac&_nc_ad=z-m&_nc_cid=0&_nc_zt=24&_nc_ht=scontent-dfw6-1.cdninstagram.com&_nc_gid=G1znyrByuflMuxUQNO7DUg&oh=00_AfpHod7y3A-cpVt2ByiBHUSjTzYtWmae9hEZ2NfBDDH7Tg&oe=6965D619,"SDM khusus pejabatnya baik, indonesia'?!",2025-12-08T01:16:03.000Z,0,0,https://www.instagram.com/p/DR-q0u2Ew-b/c/18495884344075875
https://www.instagram.com/p/DR8dfmOkhoM/,cahyowhy,cahyowhy,Cahyo Wibowo,False,https://scontent-dfw6-1.cdninstagram.com/v/t51.82787-19/557161825_18550575370023945_5611634738633269802_n.jpg?stp=dst-jpg_e0_s150x150_tt6&_nc_cat=103&ig_cache_key=GGGdNSEJNE9npudBACpieiUQiOBNbmNDAQAB1501500j-ccb7-5&ccb=7-5&_nc_sid=669407&efg=eyJ2ZW5jb2RlX3RhZyI6InByb2ZpbGVfcGljLnd3dy4xMDgwLkMzIn0%3D&_nc_ohc=MkQJz3Q-VYMQ7kNvwEUOiX3&_nc_oc=AdlrDolF7A2hN9X6lFJTY-cjU48V3A5v92v7mKMSiaDkE_fgtsVsldNMpTsgkdbl2Bk&_nc_ad=z-m&_nc_cid=0&_nc_zt=24&_nc_ht=scontent-dfw6-1.cdninstagram.com&_nc_gid=gzbXIQtkrFfhnoEfraHaaA&oh=00_AfpAIFAqTA4_yFj6dns2NCtwz9qAsSkuqDkzNkdrJUg3MQ&oe=6965EFD3,siasat kotor ditengah bencana,2025-12-07T12:39:36.000Z,0,0,https://www.instagram.com/p/DR8dfmOkhoM/c/17970434879825817
https://www.instagram.com/p/DR8dfmOkhoM/,fitriyadi_fit,fitriyadi_fit,Fitriyadi,False,https://scontent-dfw5-2.cdninstagram.com/v/t51.2885-19/305669440_191442249992026_7658977578414765412_n.jpg?stp=dst-jpg_e0_s150x150_tt6&_nc_cat=104&ig_cache_key=GEAlOBJaR06fHa4AAGT1F1CHJ0pqbkULAAAB1501500j-ccb7-5&ccb=7-5&_nc_sid=669407&efg=eyJ2ZW5jb2RlX3RhZyI6InByb2ZpbGVfcGljLnd3dy4xMDgwLkMzIn0%3D&_nc_ohc=LoW4_q1gmFwQ7kNvwE8HXc6&_nc_oc=Adn2cxEbOOV2XvlWch5Ovv6zD18Iuork7D8aGRQ91j8f1gi5dVEjKoZfm1ccj8KRw7o&_nc_ad=z-m&_nc_cid=0&_nc_zt=24&_nc_ht=scontent-dfw5-2.cdninstagram.com&oh=00_AfqE24pvLm4TkZ16NbPehUUopDuYhnY_vwbXhQDyD0JneQ&oe=6965ECB2,"Hanya saja Pilkada sebaiknya memilih 1 orang, bukan dg wakilnya, karena sama² punya kepentingan politik kadang bermusuhan selama periode jabatannya, ketika 1 orang terpilih cukup dia yg memgangkat wakil atau hanya sekretaris Daerah selaku wakil sehingga didaerah tdak gaduh, kemudian efektiv mana dipilih langsung atau melalui DPRD kalau saya menilai saat ini sama² memiliki kelemahan politikus kita suka mengajak pemilih melakukan transaksi politik, aplg kalau melalui DPR jelas transaksinya didalam ruangan tambah kotor lagi, nah regulasi terkait pelanggar ini tolong ditegasin dan lebih rinci sehingga tdak ada celah yg bisa diakali untuk lolos dari jeratan hukum.",2025-12-07T12:33:03.000Z,1,0,https://www.instagram.com/p/DR8dfmOkhoM/c/17877528612441713
https://www.instagram.com/p/DR8dfmOkhoM/,tandstickor,tandstickor,,False,https://scontent-dfw5-1.cdninstagram.com/v/t51.2885-19/10362213_1423400411262981_1381382801_a.jpg?stp=dst-jpg_e0_tt6&_nc_cat=110&ig_cache_key=GGUdngAF8OI7kw4FAJE6VlIAAAAAYUULAAAB1501500j-ccb7-5&ccb=7-5&_nc_sid=669407&efg=eyJ2ZW5jb2RlX3RhZyI6InByb2ZpbGVfcGljLnd3dy4xNTAuQzMifQ%3D%3D&_nc_ohc=1XifflktCvEQ7kNvwHbl9Ta&_nc_oc=AdkXU9gHArvJBV6hteXQO0EyVKfjYsRfhVD3oQ-FL3U2HumNW92V2cMjSRSZmZnITV8&_nc_ad=z-m&_nc_cid=0&_nc_zt=24&_nc_ht=scontent-dfw5-1.cdninstagram.com&oh=00_AfooPqc9L5mMiZ8i-73lW8YpOS-WA91uHpQMD29GRu3e-g&oe=6965D5CD,Astagfirullahhaladzim Nauzubillamindzalik terkutuk lah kalian dari seluruh yang terburuk di dunia dan akhirat siapa pun yang terlibat tindakan dzolim ini!!!!,2025-12-07T10:51:56.000Z,0,0,https://www.instagram.com/p/DR8dfmOkhoM/c/18294644014277273
https://www.instagram.com/p/DR8dfmOkhoM/,mubarakmuhammadzaki65,mubarakmuhammadzaki65,محمد زكي مبارك,False,https://scontent-dfw5-2.cdninstagram.com/v/t51.82787-19/541578118_18066953759330042_2717354899735714904_n.jpg?stp=dst-jpg_e0_s150x150_tt6&_nc_cat=100&ig_cache_key=GIbTRyD6jv94zC9AAFgcalfi_7UlbmNDAQAB1501500j-ccb7-5&ccb=7-5&_nc_sid=669407&efg=eyJ2ZW5jb2RlX3RhZyI6InByb2ZpbGVfcGljLnd3dy4xMDgwLkMzIn0%3D&_nc_ohc=4xkZGTM7cp8Q7kNvwHm_6_D&_nc_oc=AdlZ1XI5LnrHNwdBUN95olRWOX75N6ONbZtdaawDXHl-XqdJlGriPHGAnnm8sGiKXDw&_nc_ad=z-m&_nc_cid=0&_nc_zt=24&_nc_ht=scontent-dfw5-2.cdninstagram.com&_nc_gid=gzbXIQtkrFfhnoEfraHaaA&oh=00_Afrb1vwD7903ZOdwsoRvcZnT3ZtyIQsysH1QmJPEya2AkA&oe=6965F95A,Pemikiran asal jadi yang terbesit di perayaan beringin yang dulu melegalkan pilkada dan pilpres tidak langsung,2025-12-07T09:33:26.000Z,2,0,https://www.instagram.com/p/DR8dfmOkhoM/c/18095266708882807
https://www.instagram.com/p/DR8dfmOkhoM/,junaedi.salat.68,junaedi.salat.68,Junaedi Salat,False,https://scontent-dfw5-1.cdninstagram.com/v/t51.2885-19/470309207_1138248377816743_223510279606823850_n.jpg?stp=dst-jpg_e0_s150x150_tt6&_nc_cat=105&ig_cache_key=GFdZCByn1jkaOwsEAKrrnENqERoDbkULAAAB1501500j-ccb7-5&ccb=7-5&_nc_sid=669407&efg=eyJ2ZW5jb2RlX3RhZyI6InByb2ZpbGVfcGljLnd3dy4xMDgwLkMzIn0%3D&_nc_ohc=28OZu_gkW-gQ7kNvwGemQKQ&_nc_oc=AdlJOQIwldK58yakYfEsmLcHAbXsLi_-vMCKs5izIyFy_BGOx_GkmPs_3R8r25HlNts&_nc_ad=z-m&_nc_cid=0&_nc_zt=24&_nc_ht=scontent-dfw5-1.cdninstagram.com&oh=00_Afq7qpEOR7DK7FTe8wxX-gj_KCV3bIdjfx5COEgJqJZnTg&oe=6965E4A1,Jangan sampai terjadi pilkada tidak langsung dan itu langkah mundur dalam membangun kedaulatan rakyat .,2025-12-07T08:34:34.000Z,4,0,https://www.instagram.com/p/DR8dfmOkhoM/c/18232332616306001
https://www.instagram.com/p/DR8dfmOkhoM/,ani_formosa86,ani_formosa86,Ani Mukherji,False,https://scontent-dfw6-1.cdninstagram.com/v/t51.75761-19/499258228_17968652123860011_8270095050893153820_n.jpg?stp=dst-jpg_e0_s150x150_tt6&_nc_cat=103&ig_cache_key=GHQTwh0rbO-WZNY-ABzWM8ehR8VybvEnAQAB1501500j-ccb7-5&ccb=7-5&_nc_sid=669407&efg=eyJ2ZW5jb2RlX3RhZyI6InByb2ZpbGVfcGljLnd3dy4xMDgwLkMzIn0%3D&_nc_ohc=T3uZ1gyx4uoQ7kNvwGU8xJk&_nc_oc=AdljcMErWTTqOEDdrniJsXwpnO4fTvl2NtMvbht2BcuQwvdHAZq-PKgl482ZQ3HsJBs&_nc_ad=z-m&_nc_cid=0&_nc_zt=24&_nc_ht=scontent-dfw6-1.cdninstagram.com&_nc_gid=gzbXIQtkrFfhnoEfraHaaA&oh=00_AfqL6LpJLHdGlMYVpdzQcIym-MNf0ydrDVHiI0TEI1ePIA&oe=6965C59E,ingt Golkar lah partai otoriter 32 thn skg ingin kmbli k orba spy berkuasa lgi n cara menyingkirkan PDIP,2025-12-07T05:16:21.000Z,2,0,https://www.instagram.com/p/DR8dfmOkhoM/c/18108228109615758
https://www.instagram.com/p/DR8dfmOkhoM/,shohibus_tsani,shohibus_tsani,Tsani ID,False,https://scontent-dfw6-1.cdninstagram.com/v/t51.2885-19/287390590_2623641554436962_8297938280249124249_n.jpg?stp=dst-jpg_e0_s150x150_tt6&_nc_cat=103&ig_cache_key=GH47IRFiw94mMFIJAJllXcrmMihzbkULAAAB1501500j-ccb7-5&ccb=7-5&_nc_sid=669407&efg=eyJ2ZW5jb2RlX3RhZyI6InByb2ZpbGVfcGljLnd3dy4xMDgwLkMzIn0%3D&_nc_ohc=4sCZzib_4asQ7kNvwERSMOH&_nc_oc=AdnhlM89ljByD2S1iNXWoOyiLRiD2GXD3cvU-2nCmK5S-WcdhTrurgdmFSn_-GQXp3M&_nc_ad=z-m&_nc_cid=0&_nc_zt=24&_nc_ht=scontent-dfw6-1.cdninstagram.com&oh=00_Afr_VUtGb50KHVJXE-UExzLJftJE0ZyyUufdaH7wo_zl1w&oe=6965D5B4,"Ongkos politik mahal ya dibuat2 sendiri kok. Parta jarang punya kader militan, yang ada kader ongkosan. Bisa dilihat, kader yang memiliki jiwa nasionalisme terhadap negara dan rakyat bisa dihitung jari.",2025-12-07T03:38:29.000Z,8,0,https://www.instagram.com/p/DR8dfmOkhoM/c/18054868475336000
https://www.instagram.com/p/DR8dfmOkhoM/,benget.silitonga,benget.silitonga,Benget Silitonga,False,https://scontent-dfw5-2.cdninstagram.com/v/t51.2885-19/262300049_359822332569912_1192972502663648872_n.jpg?stp=dst-jpg_e0_s150x150_tt6&_nc_cat=102&ig_cache_key=GJFhog84qVCqQUcBAGhWE6grSo4QbkULAAAB1501500j-ccb7-5&ccb=7-5&_nc_sid=669407&efg=eyJ2ZW5jb2RlX3RhZyI6InByb2ZpbGVfcGljLnd3dy4xMDgwLkMzIn0%3D&_nc_ohc=teub58hnGuMQ7kNvwGl51PK&_nc_oc=AdmXK8qzqPLMNxQ6i-IFqPUga1ZyfIYRHwxia2ZfND06kUeefaFgX4jZjqkG3RQwunY&_nc_ad=z-m&_nc_cid=0&_nc_zt=24&_nc_ht=scontent-dfw5-2.cdninstagram.com&oh=00_AfpqT5w7BD8f0rgpSs9c2ZOzU4cnUTiyHyFF71FsZuB7-g&oe=6965C627,"belum selesai bencana Sumatra, da dtg bencana gagasan..🤭",2025-12-07T02:40:44.000Z,6,0,https://www.instagram.com/p/DR8dfmOkhoM/c/18085719170020907
https://www.instagram.com/p/DQB90jLEkdi/,ichen.ars,ichen.ars,ichen,False,https://scontent-lga3-3.cdninstagram.com/v/t51.82787-19/605775602_18336957943229708_974941135251038393_n.jpg?stp=dst-jpg_e0_s150x150_tt6&_nc_cat=106&ig_cache_key=GPJmGyQMrXe4XSVBALngjQvMr4cNbmNDAQAB1501500j-ccb7-5&ccb=7-5&_nc_sid=669407&efg=eyJ2ZW5jb2RlX3RhZyI6InByb2ZpbGVfcGljLnd3dy4xMDgwLkMzIn0%3D&_nc_ohc=dyb9HJIsxNMQ7kNvwEAVjs3&_nc_oc=AdnZRym7vUwXmUAe16a44vuJRlwSkjU4pqOPFiJPrdamdb80UdohBRo2Qa1fDUqyoII&_nc_ad=z-m&_nc_cid=0&_nc_zt=24&_nc_ht=scontent-lga3-3.cdninstagram.com&_nc_gid=dZCAQ1VYCzNyq3XdKd9Gdw&oh=00_AfrmfX17Tw3IwT4NlqDRIkmYTY-KP7wXLlBbXQjm2dZQEQ&oe=6965F241,Biur langan mbe? Lebay,2025-10-24T23:48:56.000Z,0,0,https://www.instagram.com/p/DQB90jLEkdi/c/18082273724291046
https://www.instagram.com/p/DQB90jLEkdi/,ojix_11,ojix_11,Ojix_11,False,https://scontent-lga3-2.cdninstagram.com/v/t51.89012-19/573323465_1219825463302212_7278921664109726296_n.png?stp=dst-webp_s150x150&_nc_cat=1&ig_cache_key=YW5vbnltb3VzX3Byb2ZpbGVfcGlj.3-ccb7-5&ccb=7-5&_nc_sid=669407&efg=eyJ2ZW5jb2RlX3RhZyI6InByb2ZpbGVfcGljLnd3dy5DMyJ9&_nc_ohc=RNOcSyqJy9IQ7kNvwEgINkR&_nc_oc=AdmCgkL58MMxPP70NWYsBaGLlDHS4fWOGR_p9c5c2Hmqx7he3rnvkCga8Z3VkxoZq8M&_nc_ad=z-m&_nc_cid=0&_nc_zt=24&_nc_ht=scontent-lga3-2.cdninstagram.com&_nc_gid=dZCAQ1VYCzNyq3XdKd9Gdw&oh=00_AfoHfYzoJY4vXULcD-pplkBt-iLT8tR4U0YVBllWA2LVQg&oe=6965DD19,Peretas tau jika pejabat Publik sering minta2 Uang wkwkwkw😂,2025-10-23T05:27:20.000Z,0,0,https://www.instagram.com/p/DQB90jLEkdi/c/18083235902063698
https://www.instagram.com/p/DQB90jLEkdi/,lalu._krisna,lalu._krisna,Lalu.Krisna,False,https://scontent-lga3-3.cdninstagram.com/v/t51.2885-19/362284640_653152940082687_4571180435303327511_n.jpg?stp=dst-jpg_e0_s150x150_tt6&_nc_cat=110&ig_cache_key=GGAGmBX-RfoEClICABdneAJjGHA-bkULAAAB1501500j-ccb7-5&ccb=7-5&_nc_sid=669407&efg=eyJ2ZW5jb2RlX3RhZyI6InByb2ZpbGVfcGljLnd3dy43NjguQzMifQ%3D%3D&_nc_ohc=vgUDajWI12gQ7kNvwFkFukt&_nc_oc=Adn8jpIqFSvGKbSRDgZnzpPC0xnZar5aFUA93b8tQ5gFGxlrs-BRJPjpm56lHERSOaA&_nc_ad=z-m&_nc_cid=0&_nc_zt=24&_nc_ht=scontent-lga3-3.cdninstagram.com&oh=00_AfqHdHro2cresuh-k7g8JPNczGwdpymFFOU5hdsjkIIARQ&oe=6965E017,Nyalah jamak😂,2025-10-22T12:22:23.000Z,0,0,https://www.instagram.com/p/DQB90jLEkdi/c/17873948703350409
https://www.instagram.com/p/DQB90jLEkdi/,echibaiq,echibaiq,Chi Binti Sukarja ParLan,False,https://scontent-lga3-3.cdninstagram.com/v/t51.75761-19/503041910_18512818213056217_8126753866545391825_n.jpg?stp=dst-jpg_e0_s150x150_tt6&_nc_cat=104&ig_cache_key=GHbP_x3ZbmFhT8VBANFoeJCVB8hwbvEnAQAB1501500j-ccb7-5&ccb=7-5&_nc_sid=669407&efg=eyJ2ZW5jb2RlX3RhZyI6InByb2ZpbGVfcGljLnd3dy45NjAuQzMifQ%3D%3D&_nc_ohc=gdJ_KQl1SQUQ7kNvwFT-RKU&_nc_oc=AdnlKuJ41jmrl4ZiR0PHb1HmShduR53luzBtiqvbyS0AB3QwinPSJlYO24Kv0oh8D54&_nc_ad=z-m&_nc_cid=0&_nc_zt=24&_nc_ht=scontent-lga3-3.cdninstagram.com&_nc_gid=dZCAQ1VYCzNyq3XdKd9Gdw&oh=00_Afr895n_XvN_4SsLQPRZo81LTS2BNfbTomd-u1seKnWSMA&oe=6965EB33,Nomor bupati loteng juga kemarin2 kena hack,2025-10-21T07:00:07.000Z,0,0,https://www.instagram.com/p/DQB90jLEkdi/c/18070531652244854
https://www.instagram.com/p/DQB90jLEkdi/,cabinaaaaa._,cabinaaaaa._,sabinaaa,False,https://scontent-lga3-2.cdninstagram.com/v/t51.82787-19/604129980_18102167902757083_5801914177987649213_n.jpg?stp=dst-jpg_e0_s150x150_tt6&_nc_cat=109&ig_cache_key=GLxKAiTbIIJn009AAL2eQXw0ioRQbmNDAQAB1501500j-ccb7-5&ccb=7-5&_nc_sid=669407&efg=eyJ2ZW5jb2RlX3RhZyI6InByb2ZpbGVfcGljLnd3dy4xMDgwLkMzIn0%3D&_nc_ohc=FPSFYZcVEPIQ7kNvwEAqmQT&_nc_oc=Adnv5Iaz3j-uz097q71MkTrCc782EgObAmbg1b0_ifXTYvWteZ3oi0iGt3HECy4-_sE&_nc_ad=z-m&_nc_cid=0&_nc_zt=24&_nc_ht=scontent-lga3-2.cdninstagram.com&_nc_gid=dZCAQ1VYCzNyq3XdKd9Gdw&oh=00_Afo9X1K2wd9JfgGKTg5RLJG1inJf4LYfyB6Z6gKby7XL_g&oe=6965D00E,biur😂,2025-10-20T13:24:27.000Z,1,0,https://www.instagram.com/p/DQB90jLEkdi/c/18084268621790236
https://www.instagram.com/reel/DP6Gul2E1W1/,kahfi_adlan,kahfi_adlan,Kahfi Adlan,False,https://scontent-iad3-1.cdninstagram.com/v/t51.82787-19/590416088_18548590756011897_9218532101733626909_n.jpg?stp=dst-jpg_e0_s150x150_tt6&_nc_cat=109&ig_cache_key=GNgIMSN5nxhT2OVBAB00Xsoazu5-bmNDAQAB1501500j-ccb7-5&ccb=7-5&_nc_sid=669407&efg=eyJ2ZW5jb2RlX3RhZyI6InByb2ZpbGVfcGljLnd3dy4xMDgwLkMzIn0%3D&_nc_ohc=h-nUsvCkUkIQ7kNvwEdm6pr&_nc_oc=AdmobK8s7bvn2AvOtw78zwx8u8hZnPRZ-9kpJwvoMg4Yxnncq0urLvH1b9E5bUI-6KM&_nc_ad=z-m&_nc_cid=0&_nc_zt=24&_nc_ht=scontent-iad3-1.cdninstagram.com&_nc_gid=dUNlxuRied_Fh4fRFPP4cQ&oh=00_AfqFf2L9YICWkZm9t9eG-WihfYITTtWHs73lH8bL38z1Nw&oe=6965E96E,Bung udh bisa main FTV sih ini,2025-10-17T11:58:46.000Z,0,1,https://www.instagram.com/p/DP6Gul2E1W1/c/18178453483355132
https://www.instagram.com/reel/DNxy6kvWLjd/,prilentcoko,prilentcoko,prilent coko,False,https://scontent-dfw5-1.cdninstagram.com/v/t51.82787-19/567944826_17924539908150920_1145260041372605776_n.jpg?stp=dst-jpg_e0_s150x150_tt6&_nc_cat=107&ig_cache_key=GHom2iGI1vwpRq4-AFCddpXwx_QPbmNDAQAB1501500j-ccb7-5&ccb=7-5&_nc_sid=669407&efg=eyJ2ZW5jb2RlX3RhZyI6InByb2ZpbGVfcGljLnd3dy4xMDgwLkMzIn0%3D&_nc_ohc=1Q-3ix-WSVcQ7kNvwGZsLlJ&_nc_oc=Admw4ns45m2JFOgbMtpL2CUdrTr_L_TEW6qLmZUXeMw4_yU_juT-LsItHXx99XkJYIY&_nc_ad=z-m&_nc_cid=0&_nc_zt=24&_nc_ht=scontent-dfw5-1.cdninstagram.com&_nc_gid=8wJZ-WdyRCZMzO8e-UTewA&oh=00_AfpvtKDlxxHCDSEaVbMpShnELKHOcTApg40Y1WslLt6wpA&oe=6965CBD5,"Yth bpk ahmad..Ijin saya ingin menyampaikan pendapat. To the poin saja. Minta tolong utk kedepannya setiap ada rapat d ruangan DPR atau ada acara Pertanggung Jawaban Presiden/wakil presiden atau acara upacara kemerdekaan RI yg seharusnya dilaksanakan dgn khidmat jgn ada lagi acara joget""..kurang bijaksana dan tdk terlihat wibawanya. Jaman pk harto tdk ada acara demikian joget"". Kalo mau acara joget"" setelah pelaksaan selesai semua silahkan diluar panggung. Yg namanya upacara kemerdekaan itu diadakan secara khusuk dan sungguh"" utk menghormati jasa"" pahlawan kemerdekaan. Dinegara lain tdk ada acara joget"" ditengah pelaksaan upacara atau rapat..setelah semua selesai silahkan dilain tempat. Dan kedua rakyat butuh pekerjaan, bnyk yg menganggur krn PHK,sbgian besar juga lulusan sekolah sulit mencari pekerjaan. Usaha bnyk yg mengalami bangkrut, blm lagi ditodong dgn pajak, hrga sembako naik dll..melihat pejabat menari"" mereka sedih krn kehidupan rakyat tdk spt bpk"" pejabat yg sdh bnyk diberikan fasilitas oleh negara. Hny itu saran dan pendapat saya..terimakasih..",2025-08-30T10:44:51.000Z,4,0,https://www.instagram.com/p/DNxy6kvWLjd/c/18173811064344879
https://www.instagram.com/reel/DNxy6kvWLjd/,endri8110,endri8110,Apa Salma,False,https://scontent-dfw5-1.cdninstagram.com/v/t51.82787-19/560419245_17948532414022567_7445941910074631827_n.jpg?stp=dst-jpg_e0_s150x150_tt6&_nc_cat=105&ig_cache_key=GK1RZyGnA8daGMQ-AJMmMYi3TFVnbmNDAQAB1501500j-ccb7-5&ccb=7-5&_nc_sid=669407&efg=eyJ2ZW5jb2RlX3RhZyI6InByb2ZpbGVfcGljLnd3dy42MTIuQzMifQ%3D%3D&_nc_ohc=fK64p9DIJxoQ7kNvwHVnVNC&_nc_oc=AdlhIsXqRw8FsplBf61Cl2no6XyyNyhnlPoszDJn4J9dErePQYTJ_kamEvlPei1lSLg&_nc_ad=z-m&_nc_cid=0&_nc_zt=24&_nc_ht=scontent-dfw5-1.cdninstagram.com&_nc_gid=8wJZ-WdyRCZMzO8e-UTewA&oh=00_AfphDmHnOzpQeZmZtEIs0Rdu2maceMbaJOFwsNn-PaI3cg&oe=6965D107,🙌🙌🔥,2025-08-26T03:40:38.000Z,0,0,https://www.instagram.com/p/DNxy6kvWLjd/c/18072345206119358
https://www.instagram.com/p/DNp34cczxSP/,keluardimana,keluardimana,~ADy,False,https://scontent-lga3-3.cdninstagram.com/v/t51.82787-19/612102351_18375217030080816_1369368629560549164_n.jpg?stp=dst-jpg_e0_s150x150_tt6&_nc_cat=108&ig_cache_key=GM-weyQwqb_bKUhBACwfhWuD_QATbmNDAQAB1501500j-ccb7-5&ccb=7-5&_nc_sid=669407&efg=eyJ2ZW5jb2RlX3RhZyI6InByb2ZpbGVfcGljLnd3dy4xMDgwLkMzIn0%3D&_nc_ohc=XdETVQ-b9VcQ7kNvwHXz8nl&_nc_oc=Adlt_Hasi0xqYzCyTzc_kv6YZNzQcjMykYLTc8ayi4J3qKm36sePIfvbkBhYhWWPmis&_nc_ad=z-m&_nc_cid=0&_nc_zt=24&_nc_ht=scontent-lga3-3.cdninstagram.com&_nc_gid=6G8BQSwTtyT_tEDdwp7gdQ&oh=00_Afolhc6b08BnDXJ4idj8fUJXRpIWXRhjwrkr9vFtoMFEJw&oe=6965D5F7,Semoga gaji pensiunan asn naik,2025-08-22T18:30:00.000Z,0,0,https://www.instagram.com/p/DNp34cczxSP/c/17888552247205462
https://www.instagram.com/reel/DM0XSSyhwbY/,qaranpitra,qaranpitra,qaranpitra,False,https://scontent-yyz1-1.cdninstagram.com/v/t51.2885-19/285514276_1025493081505657_3783274019772881987_n.jpg?stp=dst-jpg_e0_s150x150_tt6&_nc_cat=105&ig_cache_key=GCSaBBF5v9c2rqQDAEPchiSt44A0bkULAAAB1501500j-ccb7-5&ccb=7-5&_nc_sid=669407&efg=eyJ2ZW5jb2RlX3RhZyI6InByb2ZpbGVfcGljLnd3dy4xMDgwLkMzIn0%3D&_nc_ohc=KPaLNhhJrc0Q7kNvwHcapEv&_nc_oc=AdnU3NlCkyTwyWPqObC9LrPPukOiv2JxzdZYrPJAL1QGlxT9P-Ivohn-X7Ts7KWOcMA&_nc_ad=z-m&_nc_cid=0&_nc_zt=24&_nc_ht=scontent-yyz1-1.cdninstagram.com&oh=00_Afr6PNkVy1XIcwWkd8f4EMtj9QnuhgWzhiOpeSBaXU5fdg&oe=6965EF7E,🚀🚀🚀🚀,2025-08-01T16:11:37.000Z,0,0,https://www.instagram.com/p/DM0XSSyhwbY/c/17979092612736073
https://www.instagram.com/p/DMxnDaSMOV8/,itsmematar_06,itsmematar_06,ekkah,False,https://scontent-dfw5-3.cdninstagram.com/v/t51.2885-19/165527275_2935988516727264_6895707282108121975_n.jpg?stp=dst-jpg_e0_s150x150_tt6&_nc_cat=108&ig_cache_key=GOu_3QngqZoYRG4KAHcDIfE8ebJfbkULAAAB1501500j-ccb7-5&ccb=7-5&_nc_sid=669407&efg=eyJ2ZW5jb2RlX3RhZyI6InByb2ZpbGVfcGljLnd3dy4xMDgwLkMzIn0%3D&_nc_ohc=MSlCb9zs2_AQ7kNvwEPWFgw&_nc_oc=Adltbfz4gKUVE-GSNBO1n3SYjEvd0nG7jtbEDPmDEHEeXyQ7f-B0566A7qaf9ZmhPhY&_nc_ad=z-m&_nc_cid=0&_nc_zt=24&_nc_ht=scontent-dfw5-3.cdninstagram.com&oh=00_AfqWfiECTQEtQAZNPPV3Z_d7_AoCwmrL2lZK8nW5_FIyAw&oe=6965E56D,"Njyyy , negri mereka aja ngk bisa dipercaya apalagi hasil yg keluar dari mereka. DIATAS PRESIDEN MASIH ADA DPR 😍",2025-08-01T04:45:30.000Z,2,0,https://www.instagram.com/p/DMxnDaSMOV8/c/17896983213256396
https://www.instagram.com/p/DMxnDaSMOV8/,dr_reza_a_digambiro_sppa,dr_reza_a_digambiro_sppa,Reza A Digambiro,False,https://scontent-dfw6-1.cdninstagram.com/v/t51.82787-19/588618384_18401871289132189_3183838531741591852_n.jpg?stp=dst-jpg_e0_s150x150_tt6&_nc_cat=101&ig_cache_key=GJCaFSOdJGSJZ2BBACypqKJGRC8sbmNDAQAB1501500j-ccb7-5&ccb=7-5&_nc_sid=669407&efg=eyJ2ZW5jb2RlX3RhZyI6InByb2ZpbGVfcGljLnd3dy4xMDgwLkMzIn0%3D&_nc_ohc=FBRsC1nPqXEQ7kNvwGx5_zj&_nc_oc=AdkuAySPVTBb5yAa0Klm12FpFXZhu0ut45JR6JcO8XAd3RNiTwjgx8JQQFFLDMZK2_o&_nc_ad=z-m&_nc_cid=0&_nc_zt=24&_nc_ht=scontent-dfw6-1.cdninstagram.com&_nc_gid=h_ZXGaRvnJ3NKP4oKEZurA&oh=00_Afo3dDsptBN80r3fNkyJKXDH4nHeqw0xNGF6ehUuZSmUlw&oe=6965D83A,Kembali ke jaman Orba,2025-07-31T23:53:44.000Z,0,1,https://www.instagram.com/p/DMxnDaSMOV8/c/17914355757151547
https://www.instagram.com/p/DMxnDaSMOV8/,markuda_reborn,markuda_reborn,Markudasubeta100419,False,https://scontent-dfw5-2.cdninstagram.com/v/t51.82787-19/548887597_17870627472430791_7889876797856259217_n.jpg?stp=dst-jpg_e0_s150x150_tt6&_nc_cat=106&ig_cache_key=GC1ctyDHVmiyPX0-AJGc0TEleX5tbmNDAQAB1501500j-ccb7-5&ccb=7-5&_nc_sid=669407&efg=eyJ2ZW5jb2RlX3RhZyI6InByb2ZpbGVfcGljLnd3dy43MjAuQzMifQ%3D%3D&_nc_ohc=yCE4v2SlNaUQ7kNvwG66IY2&_nc_oc=Admlf8ZL8SH5ql53xqY61OlLnhZUMqrMoYmHadFY5F-oFwelXeg8AhdxmCvyoMWpv3M&_nc_ad=z-m&_nc_cid=0&_nc_zt=24&_nc_ht=scontent-dfw5-2.cdninstagram.com&_nc_gid=h_ZXGaRvnJ3NKP4oKEZurA&oh=00_AfpEcy5IgEpwEeS1AODNdlkuKu3pAEIK3iQkUBU9fD1ZYw&oe=6965E130,wani piro?? 😂😂😂😂,2025-07-31T20:44:59.000Z,0,0,https://www.instagram.com/p/DMxnDaSMOV8/c/17906195400216543
https://www.instagram.com/p/DMxnDaSMOV8/,igunsabilla,igunsabilla,Igun sabilla,False,https://scontent-dfw6-1.cdninstagram.com/v/t51.2885-19/476313227_607340515230892_3756294438559978013_n.jpg?stp=dst-jpg_e0_s150x150_tt6&_nc_cat=101&ig_cache_key=GIv2YxysBKt7XygCAB2SJOLjCSE0bkULAAAB1501500j-ccb7-5&ccb=7-5&_nc_sid=669407&efg=eyJ2ZW5jb2RlX3RhZyI6InByb2ZpbGVfcGljLnd3dy4xMDgwLkMzIn0%3D&_nc_ohc=3ncjWfDRVoMQ7kNvwF1uUuT&_nc_oc=Adnf1WqD3JQx1uPQQrehaMCr6xJJyoSVIlbx9rlRKbRaeoOYOGeSkfPhVx_wxslD0zU&_nc_ad=z-m&_nc_cid=0&_nc_zt=24&_nc_ht=scontent-dfw6-1.cdninstagram.com&oh=00_AfrSEAtHw4rU4kr--ly0yxdUEIx45ijLUZ3ivqJ_s354fA&oe=6965E862,Kembali ke Orba 👏👏,2025-07-31T16:26:08.000Z,1,0,https://www.instagram.com/p/DMxnDaSMOV8/c/18007367915788237
https://www.instagram.com/p/DMxnDaSMOV8/,firdausrusli.wijaya,firdausrusli.wijaya,Firdaus Rusli Wijaya,True,https://scontent-dfw5-3.cdninstagram.com/v/t51.2885-19/328241375_580640970251435_6038603695414246146_n.jpg?stp=dst-jpg_e0_s150x150_tt6&_nc_cat=109&ig_cache_key=GN_QkBOrHMYCFxACAAL7hiwRbs1TbkULAAAB1501500j-ccb7-5&ccb=7-5&_nc_sid=669407&efg=eyJ2ZW5jb2RlX3RhZyI6InByb2ZpbGVfcGljLnd3dy4xMDA5LkMzIn0%3D&_nc_ohc=m38mQNReClYQ7kNvwEzlKMy&_nc_oc=Adni0dTeoFr40idyRrTC9nSB4f2JacuPAPcQyCjOxWH2b9cU-RHWU98dzFbCf8KyXFw&_nc_ad=z-m&_nc_cid=0&_nc_zt=24&_nc_ht=scontent-dfw5-3.cdninstagram.com&oh=00_Afo7NrC_etdz8ksiNkbKsBm09bELmrOa3BU_XgU4FVEe5A&oe=6965E481,Maharnya jadi Banyak😂,2025-07-31T15:56:47.000Z,1,0,https://www.instagram.com/p/DMxnDaSMOV8/c/18071919092492213
https://www.instagram.com/p/DMxnDaSMOV8/,lgungadel,lgungadel,Lim Gunawan Lukman,False,https://scontent-dfw5-1.cdninstagram.com/v/t51.2885-19/481600077_1851468155656781_219057299820404680_n.jpg?stp=dst-jpg_e0_s150x150_tt6&_nc_cat=107&ig_cache_key=GE2itBxNGruF5pMGAMhfQB10PwoDbkULAAAB1501500j-ccb7-5&ccb=7-5&_nc_sid=669407&efg=eyJ2ZW5jb2RlX3RhZyI6InByb2ZpbGVfcGljLnd3dy4xMDgwLkMzIn0%3D&_nc_ohc=d-kHA--Kik8Q7kNvwErYLTA&_nc_oc=AdmgR0WoxWRWmfryGiAjs3xlDDBGfKMvW_GObS4Ca0VUtdqklj7l0oxdd_pXLjQNT4M&_nc_ad=z-m&_nc_cid=0&_nc_zt=24&_nc_ht=scontent-dfw5-1.cdninstagram.com&oh=00_AfpeK-2eh595Mr5qMF2t-RVQOGqCt2s2oajZqprOVka-fw&oe=6965FB79,Yg pasti bukan rakyat,2025-07-31T15:54:27.000Z,2,0,https://www.instagram.com/p/DMxnDaSMOV8/c/18073577885069776
https://www.instagram.com/p/DMxnDaSMOV8/,sugengnugroho17,sugengnugroho17,Sugeng Nugroho,False,https://scontent-dfw6-1.cdninstagram.com/v/t51.2885-19/362925473_1342896353300249_8594997187670737573_n.jpg?stp=dst-jpg_e0_s150x150_tt6&_nc_cat=103&ig_cache_key=GKHNoRUZzxtsW8UEAKWCmGhnkEd3bkULAAAB1501500j-ccb7-5&ccb=7-5&_nc_sid=669407&efg=eyJ2ZW5jb2RlX3RhZyI6InByb2ZpbGVfcGljLnd3dy4xMDgwLkMzIn0%3D&_nc_ohc=fsWtwJ1cFocQ7kNvwFmW2wN&_nc_oc=Adk46Y4EpaoJSnDa2eSJlNsj1D7Yeb7CfF0BSOVbnPpA-ssstYfdclNGO-qi09cIKUs&_nc_ad=z-m&_nc_cid=0&_nc_zt=24&_nc_ht=scontent-dfw6-1.cdninstagram.com&oh=00_AfqQHvaq5iEWe6j7YPaFEhsSKJYR16ZekDQ7ggmqf9c-VA&oe=6965C48D,Mungkin Pemodal dong 😂,2025-07-31T15:41:37.000Z,1,0,https://www.instagram.com/p/DMxnDaSMOV8/c/18028157102703737
https://www.instagram.com/p/DMxnDaSMOV8/,muhammadharunsrg,muhammadharunsrg,Muhammad Harun srg,False,https://scontent-dfw5-1.cdninstagram.com/v/t51.2885-19/482777483_9235250786523890_6320559432183122035_n.jpg?stp=dst-jpg_e0_s150x150_tt6&_nc_cat=107&ig_cache_key=GIuZxhzy2opiac8gAHMIBdlQI7dXbkULAAAB1501500j-ccb7-5&ccb=7-5&_nc_sid=669407&efg=eyJ2ZW5jb2RlX3RhZyI6InByb2ZpbGVfcGljLnd3dy4xMDgwLkMzIn0%3D&_nc_ohc=hyco2P_sqp8Q7kNvwEG4nAJ&_nc_oc=Admyd9NwjIoPPUdcOTWisrv1lw8f0iGZHcC6jQbrvrRaRi_DMDpJaJTkVXdSibopcDw&_nc_ad=z-m&_nc_cid=0&_nc_zt=24&_nc_ht=scontent-dfw5-1.cdninstagram.com&oh=00_AfpB98wFx9L_zeRueQ77CqLkjD3rhF-11gm7Do9Dxj4-Wg&oe=6965F256,intnya yang rugi rakyat karena gax dapat serangan Pajar lagi😂😂,2025-07-31T15:31:17.000Z,7,0,https://www.instagram.com/p/DMxnDaSMOV8/c/18053222105529936
https://www.instagram.com/p/DMxnDaSMOV8/,rizky_gawa,rizky_gawa,,False,https://scontent-dfw5-2.cdninstagram.com/v/t51.89012-19/573323465_1219825463302212_7278921664109726296_n.png?stp=dst-webp_s150x150&_nc_cat=1&ig_cache_key=YW5vbnltb3VzX3Byb2ZpbGVfcGlj.3-ccb7-5&ccb=7-5&_nc_sid=669407&efg=eyJ2ZW5jb2RlX3RhZyI6InByb2ZpbGVfcGljLnd3dy5DMyJ9&_nc_ohc=RNOcSyqJy9IQ7kNvwGfWH7W&_nc_oc=AdkOlUuKPh16s5kLyxYU5BZ7ZB067gICb3oKxV7ZZAyMso9RCOz6s7hJjZdazMXDC0c&_nc_ad=z-m&_nc_cid=0&_nc_zt=24&_nc_ht=scontent-dfw5-2.cdninstagram.com&_nc_gid=h_ZXGaRvnJ3NKP4oKEZurA&oh=00_Afotl002HQTfonMJjh1qpYpFL2NXxSzhuBxDtDJ_xCnTRw&oe=6965DD19,Yg diuntungkan kim plus 😜,2025-07-31T15:12:16.000Z,1,0,https://www.instagram.com/p/DMxnDaSMOV8/c/18259525555304834
https://www.instagram.com/p/DMxnDaSMOV8/,nando_in_here,nando_in_here,nando,False,https://scontent-dfw5-1.cdninstagram.com/v/t51.82787-19/607665301_18424274899114852_1844619754808475923_n.jpg?stp=dst-jpg_e0_s150x150_tt6&_nc_cat=111&ig_cache_key=GJU8OCRkG5vIx3RBABMBB8-kZ5kZbmNDAQAB1501500j-ccb7-5&ccb=7-5&_nc_sid=669407&efg=eyJ2ZW5jb2RlX3RhZyI6InByb2ZpbGVfcGljLnd3dy4xMDgwLkMzIn0%3D&_nc_ohc=klHY4-dA0zsQ7kNvwHCw_fL&_nc_oc=AdmruNcz1rurYtDBhVPRg49uOJ_vh_xzRXRESLbMi60vdJpfYw5nPAPR0_LGcqk4WqY&_nc_ad=z-m&_nc_cid=0&_nc_zt=24&_nc_ht=scontent-dfw5-1.cdninstagram.com&_nc_gid=h_ZXGaRvnJ3NKP4oKEZurA&oh=00_AfpmpCOhGOyQDmcrFczoDrA6Sd9VERxBOMjode2oEtwWNA&oe=6965F354,bebas aja Rakyat cuma diem doang kok...jgn lupa bikin peraturan baru buat jarah milik rakyat yg lainnya,2025-07-31T15:08:12.000Z,1,0,https://www.instagram.com/p/DMxnDaSMOV8/c/18052315463173052
https://www.instagram.com/p/DMxnDaSMOV8/,cici_oci,cici_oci,Oci Eka Setianis 🇲🇨🍉,False,https://scontent-dfw5-3.cdninstagram.com/v/t51.2885-19/466728371_970461684917360_350243918941667748_n.jpg?stp=dst-jpg_e0_s150x150_tt6&_nc_cat=109&ig_cache_key=GLO10RtwZP83oXIDAKRBQhX9UNwEbkULAAAB1501500j-ccb7-5&ccb=7-5&_nc_sid=669407&efg=eyJ2ZW5jb2RlX3RhZyI6InByb2ZpbGVfcGljLnd3dy4xMDgwLkMzIn0%3D&_nc_ohc=VLBXO_eHmQcQ7kNvwGblXlv&_nc_oc=AdmoOFKelFVN1WWKbjXVJNN1ChHM976E9biWlkG4HbG9OI6YR119EXX5YjqclBnjtr0&_nc_ad=z-m&_nc_cid=0&_nc_zt=24&_nc_ht=scontent-dfw5-3.cdninstagram.com&oh=00_AfpQMIl2SPuIKSuJv2729rT_xcId9YHxAFM8oxiVOGeN8g&oe=6965F5C3,Mega korupsi di lingkup DPRD. Gw pikir gda gunanya DPRD tuh😂,2025-07-31T14:39:04.000Z,1,0,https://www.instagram.com/p/DMxnDaSMOV8/c/18107071720481730
https://www.instagram.com/p/DMxnDaSMOV8/,rina286_,rina286_,Rinaa,False,https://scontent-dfw5-2.cdninstagram.com/v/t51.82787-19/518459994_18314168707215038_7865174037715815024_n.jpg?stp=dst-jpg_e0_s150x150_tt6&_nc_cat=104&ig_cache_key=GFoS5x6_biawoxBBAHAKraYdtiZtbmNDAQAB1501500j-ccb7-5&ccb=7-5&_nc_sid=669407&efg=eyJ2ZW5jb2RlX3RhZyI6InByb2ZpbGVfcGljLnd3dy4xMDgwLkMzIn0%3D&_nc_ohc=rCAkR2gKm9sQ7kNvwH12qFo&_nc_oc=AdmqtTviU9AYU1CrN3d73DrKhkygAMUqN5riTu1eBddp5cbLGeT9SMB3yqL3bcloB7o&_nc_ad=z-m&_nc_cid=0&_nc_zt=24&_nc_ht=scontent-dfw5-2.cdninstagram.com&_nc_gid=h_ZXGaRvnJ3NKP4oKEZurA&oh=00_AfrUQA1UbricyzjBUJqn9CQ2AMTT8v3Jk69Qcoby71n5rQ&oe=6965E080,siapa yg berani ngasih duit ke DPRD paling gede itu yg di pilih 😂😂,2025-07-31T14:37:00.000Z,5,0,https://www.instagram.com/p/DMxnDaSMOV8/c/17845238160526079
https://www.instagram.com/p/DMxnDaSMOV8/,dem_alhafiz,dem_alhafiz,alhafiz,False,https://scontent-dfw5-1.cdninstagram.com/v/t51.2885-19/397927911_1054437025735767_7597411976944050147_n.jpg?stp=dst-jpg_e0_s150x150_tt6&_nc_cat=107&ig_cache_key=GOfltxdXZFtAAb8DAONfDLLwbW9pbkULAAAB1501500j-ccb7-5&ccb=7-5&_nc_sid=669407&efg=eyJ2ZW5jb2RlX3RhZyI6InByb2ZpbGVfcGljLnd3dy45ODUuQzMifQ%3D%3D&_nc_ohc=uN3U6R8JQd0Q7kNvwEP6SWI&_nc_oc=Admq6cFJ8U1BCTvgVnXmvl-8zfUX6XVRsei10B8tamZP5oJkE55RVlx7mwnQkrwqA8I&_nc_ad=z-m&_nc_cid=0&_nc_zt=24&_nc_ht=scontent-dfw5-1.cdninstagram.com&oh=00_Afqral7ORgQsVMk-MIHQAur5ow_wwF4uB0jvYjXl9hmbfw&oe=6965EED9,"Yg di untungkan Mereke partai penguasa siapapun calon nya tinggal deal-deal politik selesai, siapa pemenang nya pasti partai penguasa 😂😂 ini menurunkan semangat demokrasi yang lahir dari masyarakat yg di pilih langsung oleh mayoritas rakyat di daerah tersebut seperti BPK Anies Baswedan di DKI yg di pilih langsung oleh mayoritas masyarakat DKI Jakarta waktu itu, sepeti pak Ganjar Pranowo terpilih dua periode di Jateng 🔥🔥🔥",2025-07-31T14:28:19.000Z,7,0,https://www.instagram.com/p/DMxnDaSMOV8/c/17962004975800552
https://www.instagram.com/p/DMxnDaSMOV8/,khabullkiiswanto,khabullkiiswanto,Khabull0892,False,https://scontent-dfw5-1.cdninstagram.com/v/t51.2885-19/168482306_282426760019163_6610075384254062479_n.jpg?stp=dst-jpg_e0_s150x150_tt6&_nc_cat=110&ig_cache_key=GALWCgrbvLSa3QABAI9fBFGKtLtbbkULAAAB1501500j-ccb7-5&ccb=7-5&_nc_sid=669407&efg=eyJ2ZW5jb2RlX3RhZyI6InByb2ZpbGVfcGljLnd3dy4xMDgwLkMzIn0%3D&_nc_ohc=oOKd0Bj7QQMQ7kNvwFEa4Wj&_nc_oc=Adn4W7zHhSfSyuze93Y2hWh9wmIgUvVB9EZnP-xAV_7ZzsfovAmZUNx9mHJqD3Oa1WU&_nc_ad=z-m&_nc_cid=0&_nc_zt=24&_nc_ht=scontent-dfw5-1.cdninstagram.com&oh=00_Afpm-a5AyGhBvfZyjFTUmjn6lkvpDsaroUmZaY4D8TRLsA&oe=6965FB08,Wahhhh peluang cuan sudah tercium dari sini...!!😂,2025-07-31T14:20:51.000Z,1,0,https://www.instagram.com/p/DMxnDaSMOV8/c/18081898219715415
https://www.instagram.com/p/DMxnDaSMOV8/,triningsih3161,triningsih3161,Triningsih,False,https://scontent-dfw5-2.cdninstagram.com/v/t51.75761-19/514292748_18519014587002891_7238743631242351958_n.jpg?stp=dst-jpg_e0_s150x150_tt6&_nc_cat=106&ig_cache_key=GAx8px4LcAwW8spBAFZVUuj6LnVkbvEnAQAB1501500j-ccb7-5&ccb=7-5&_nc_sid=669407&efg=eyJ2ZW5jb2RlX3RhZyI6InByb2ZpbGVfcGljLnd3dy4xMDgwLkMzIn0%3D&_nc_ohc=MsMFGL0xF_wQ7kNvwE3_FhJ&_nc_oc=AdniaoEe217oUhJ-2H9gnPeUTfWYg42ey6Rv9djnDsFhkmmQ577hbMzxnClR5CQOAwA&_nc_ad=z-m&_nc_cid=0&_nc_zt=24&_nc_ht=scontent-dfw5-2.cdninstagram.com&_nc_gid=h_ZXGaRvnJ3NKP4oKEZurA&oh=00_AfoQ1A-6KOlyTCE-IZR5V2acvVv7QUBwNexYwilrzmsFvA&oe=6965DB1A,Ya DPRD lah,2025-07-31T14:17:19.000Z,6,1,https://www.instagram.com/p/DMxnDaSMOV8/c/18064041785227696
https://www.instagram.com/reel/DMXrINGpX72/,squidy_emlt,squidy_emlt,Nurussalam Ahmad,False,https://scontent-lax3-2.cdninstagram.com/v/t51.82787-19/574784295_18393247738127463_3625561342164789894_n.jpg?stp=dst-jpg_e0_s150x150_tt6&_nc_cat=106&ig_cache_key=GCeDQiJnZLK1j1hBAIbqHufUlFAybmNDAQAB1501500j-ccb7-5&ccb=7-5&_nc_sid=669407&efg=eyJ2ZW5jb2RlX3RhZyI6InByb2ZpbGVfcGljLnd3dy41OTQuQzMifQ%3D%3D&_nc_ohc=vNPDmkvijV4Q7kNvwG9zhPu&_nc_oc=AdmE1NaJjR1oksGX6U60irMkgCrjmHuqgidhuuwRMvH6ciyLNe4ePR22PIgU678Idek&_nc_ad=z-m&_nc_cid=0&_nc_zt=24&_nc_ht=scontent-lax3-2.cdninstagram.com&_nc_gid=Y6G9ii2Q4CQjMR1BTGakvA&oh=00_AfpHZEJIzNRoCOUr2I5oXS59NVVjsL8nbq4ViinZ3WjR6Q&oe=6965ECA4,"inilah pemimpin sejati berbicara dengan gagasan yang lahir dari lubuk hati, semangat membangun jabar pak ! 👏",2025-07-27T01:42:38.000Z,3,0,https://www.instagram.com/p/DMXrINGpX72/c/18142973089407567
https://www.instagram.com/reel/DMXrINGpX72/,saifulzainal_sz,saifulzainal_sz,Saiful Zainal,False,https://scontent-lax3-1.cdninstagram.com/v/t51.2885-19/231097960_315257930288333_6321109206913898408_n.jpg?stp=dst-jpg_e0_s150x150_tt6&_nc_cat=110&ig_cache_key=GGhGxg3NjPK0uR4BAKjXjUBVF7lXbkULAAAB1501500j-ccb7-5&ccb=7-5&_nc_sid=669407&efg=eyJ2ZW5jb2RlX3RhZyI6InByb2ZpbGVfcGljLnd3dy4xMDgwLkMzIn0%3D&_nc_ohc=DjQSA-chLb4Q7kNvwF6YFsk&_nc_oc=AdlTumCFWELEHujXEZPiJggNU-icu8cGvD1jmtruVh0-dwlR_A54ERgtoHLQOor9HU0&_nc_ad=z-m&_nc_cid=0&_nc_zt=24&_nc_ht=scontent-lax3-1.cdninstagram.com&oh=00_AfpQnR0rdy0005gbaQX3kWMWAlAb_-Hx58p7PB-UKsNR5Q&oe=6965D147,"1000 mdpl, kota cipanas kalau hujan deras ikutan banjir",2025-07-26T02:10:53.000Z,1,0,https://www.instagram.com/p/DMXrINGpX72/c/17996160635658304
https://www.instagram.com/reel/DMXrINGpX72/,andri_3537_yuna,andri_3537_yuna,Andriyuna,False,https://scontent-lax7-1.cdninstagram.com/v/t51.82787-19/542302874_18375003406176407_5394389764042593675_n.jpg?stp=dst-jpg_e0_s150x150_tt6&_nc_cat=101&ig_cache_key=GJriUiCXkMXe90dBAIsVw_HouNxKbmNDAQAB1501500j-ccb7-5&ccb=7-5&_nc_sid=669407&efg=eyJ2ZW5jb2RlX3RhZyI6InByb2ZpbGVfcGljLnd3dy4xMDgwLkMzIn0%3D&_nc_ohc=UPL0TsXfP4IQ7kNvwH_L4qV&_nc_oc=AdnyNM3RS76VN0pfYmYjAwaC-J8jEDhTTz0xKnOS8VVvxNbRnTDSy5hw70hKk38fsYA&_nc_ad=z-m&_nc_cid=0&_nc_zt=24&_nc_ht=scontent-lax7-1.cdninstagram.com&_nc_gid=Y6G9ii2Q4CQjMR1BTGakvA&oh=00_Afrr0wL_Qc6KSD-feTkc91DfBzGsv5AZEs25RtlgA3X30A&oe=6965C89D,"Taah nu kieu Paa, abi mah bangga pny gubernur teh, masing gubernur tatangga ge...hehehe...",2025-07-26T00:43:30.000Z,3,0,https://www.instagram.com/p/DMXrINGpX72/c/18156825565372520
https://www.instagram.com/reel/DMXrINGpX72/,vello.drone,vello.drone,vello.drone,False,https://scontent-lax3-1.cdninstagram.com/v/t51.82787-19/567883676_17894943612340560_3340192348878333625_n.jpg?stp=dst-jpg_e0_s150x150_tt6&_nc_cat=102&ig_cache_key=GJw32SFQCUo9W5M-ALnmXoQ_v1oubmNDAQAB1501500j-ccb7-5&ccb=7-5&_nc_sid=669407&efg=eyJ2ZW5jb2RlX3RhZyI6InByb2ZpbGVfcGljLnd3dy4zMjAuQzMifQ%3D%3D&_nc_ohc=zwpj21KFy2wQ7kNvwGNfJha&_nc_oc=AdkJB8cMiZctXNFAdr_LGGohPB3c8o8k1g79WBVtOezMh2Wh6YJS19-hR4Hz4Ex0WkI&_nc_ad=z-m&_nc_cid=0&_nc_zt=24&_nc_ht=scontent-lax3-1.cdninstagram.com&_nc_gid=Y6G9ii2Q4CQjMR1BTGakvA&oh=00_AfqUeF5aaCYaVUaIU8P9fELogxQSK51x4gbdV8MAlfpb1A&oe=6965CD88,"kawasan tonggoh ciater banjir, kan lucu jadinya 😂",2025-07-25T05:52:03.000Z,1,0,https://www.instagram.com/p/DMXrINGpX72/c/18150208729387179
https://www.instagram.com/reel/DMXrINGpX72/,idealist_frontier,idealist_frontier,Idealist Frontier,False,https://scontent-lax3-1.cdninstagram.com/v/t51.82787-19/523355495_18289627708267710_2645598466032599327_n.jpg?stp=dst-jpg_e0_s150x150_tt6&_nc_cat=109&ig_cache_key=GGfFMR__HKDKUfpAAB8BMbLJDbckbmNDAQAB1501500j-ccb7-5&ccb=7-5&_nc_sid=669407&efg=eyJ2ZW5jb2RlX3RhZyI6InByb2ZpbGVfcGljLnd3dy4xMDgwLkMzIn0%3D&_nc_ohc=uH0x_7R2eV8Q7kNvwFeoDOz&_nc_oc=Adkv7E27nFf9PK3XumJZjz7gh3Nu66MdX-2A6ekxx-hzP9_gIFGHh81RvAlsD7xp7x8&_nc_ad=z-m&_nc_cid=0&_nc_zt=24&_nc_ht=scontent-lax3-1.cdninstagram.com&_nc_gid=Y6G9ii2Q4CQjMR1BTGakvA&oh=00_Afq9CKLk53miRW8_I5Yt52W9Yo2NMS8t1MzyectcgYQ1pg&oe=6965DFF4,🔥🔥🔥,2025-07-23T15:43:16.000Z,1,0,https://www.instagram.com/p/DMXrINGpX72/c/18012743006767488
https://www.instagram.com/reel/DMXrINGpX72/,agungnurdianpermana,agungnurdianpermana,Agung Permana,False,https://scontent-lax3-2.cdninstagram.com/v/t51.2885-19/460441378_501700719337311_4202641552088378350_n.jpg?stp=dst-jpg_e0_s150x150_tt6&_nc_cat=100&ig_cache_key=GCLHcRtf3yhNS8gBAO4rhp45yFI6bkULAAAB1501500j-ccb7-5&ccb=7-5&_nc_sid=669407&efg=eyJ2ZW5jb2RlX3RhZyI6InByb2ZpbGVfcGljLnd3dy45NjAuQzMifQ%3D%3D&_nc_ohc=pMHjwDO-EawQ7kNvwFLmcpj&_nc_oc=AdkjRED9xRC2s6vAYtd73hsaXUaqewmJlT_b786MAU6FYRSRt-OyDcPB58pGmx997ao&_nc_ad=z-m&_nc_cid=0&_nc_zt=24&_nc_ht=scontent-lax3-2.cdninstagram.com&oh=00_AfrCGGxr159hq2b5pQxh6WB9Kqofh2B-eEPX5ozaQjTtGQ&oe=6965DD5E,Matak sok aneh ningal dina berita bogor banjir 😂,2025-07-23T00:10:14.000Z,0,0,https://www.instagram.com/p/DMXrINGpX72/c/18046301807286810
https://www.instagram.com/reel/DMXrINGpX72/,aasuhaya_tjm,aasuhaya_tjm,AEY'Suhaya,False,https://scontent-lax3-1.cdninstagram.com/v/t51.2885-19/18644817_638538549690702_5604476195753164800_a.jpg?stp=dst-jpg_e0_s150x150_tt6&_nc_cat=102&ig_cache_key=GFF-HAFOAW5Xv0QCAAAAAABoGcdNYUULAAAB1501500j-ccb7-5&ccb=7-5&_nc_sid=669407&efg=eyJ2ZW5jb2RlX3RhZyI6InByb2ZpbGVfcGljLnd3dy4xMDgwLkMzIn0%3D&_nc_ohc=xuYvVbNgbHIQ7kNvwHD7-2e&_nc_oc=AdnX7J53gHNgoC-QkMUsic_10OnGBaKgaly8M2qaYZEEbTxi8hqHrrazp7H9kgrz6aI&_nc_ad=z-m&_nc_cid=0&_nc_zt=24&_nc_ht=scontent-lax3-1.cdninstagram.com&oh=00_AfpjyITs0p8auPmqufW2KLsFu0UGEG818CucWDCQ8h2HcA&oe=6965D415,"Barakallah pa Gubernur, Semoga selalu diberikan kesehatan dan istiqamah dalam memimpin Jawa Barat",2025-07-22T23:32:54.000Z,17,0,https://www.instagram.com/p/DMXrINGpX72/c/18085721338773081
https://www.instagram.com/reel/DMXrINGpX72/,iyus_syahid,iyus_syahid,Iyuz Hbac Kosong Sembilan,False,https://scontent-lax3-2.cdninstagram.com/v/t51.2885-19/12357886_211255072540332_1956447610_a.jpg?stp=dst-jpg_e0_s150x150_tt6&_nc_cat=106&ig_cache_key=GP6QvACsRo6nIsAAAHoFnXQAAAAAYUULAAAB1501500j-ccb7-5&ccb=7-5&_nc_sid=669407&efg=eyJ2ZW5jb2RlX3RhZyI6InByb2ZpbGVfcGljLnd3dy4yMDAuQzMifQ%3D%3D&_nc_ohc=U1T4WD0hmzAQ7kNvwF5mMwa&_nc_oc=Adkx7_L5QOfV_tb3g8-LPHzfdAqVhBk9RtkpntugRt3ckZ-Y06yUyJKjghGWcg_rTDI&_nc_ad=z-m&_nc_cid=0&_nc_zt=24&_nc_ht=scontent-lax3-2.cdninstagram.com&oh=00_AfpreZXKf_2VNzDc2WalK5dt9rtIszzuJc1SPUl6mKixdw&oe=6965E0DD,"Lancar Bener,,,!!! Sehat Selalu Pak Gub...!!!",2025-07-22T08:45:24.000Z,0,0,https://www.instagram.com/p/DMXrINGpX72/c/17964042344930796
https://www.instagram.com/reel/DMX5A49SQxa/,hidayatzakaria303,hidayatzakaria303,Opini Onar,False,https://scontent-sea5-1.cdninstagram.com/v/t51.2885-19/432862761_620700003577974_8034815638611541930_n.jpg?stp=dst-jpg_e0_s150x150_tt6&_nc_cat=110&ig_cache_key=GCn2zBl2sDn7hTQCAKq-McdAZoFvbkULAAAB1501500j-ccb7-5&ccb=7-5&_nc_sid=669407&efg=eyJ2ZW5jb2RlX3RhZyI6InByb2ZpbGVfcGljLnd3dy42NjkuQzMifQ%3D%3D&_nc_ohc=jDnWeAnv-_gQ7kNvwG9wuFA&_nc_oc=AdkK0PTGtApvw45DzKgj_0qXLbHQEx3hXF39oLjCYZcVgUUbV9hFFjAGhxv-KOfGrHE&_nc_ad=z-m&_nc_cid=0&_nc_zt=24&_nc_ht=scontent-sea5-1.cdninstagram.com&oh=00_AfpXFxDUeQ1Q7jzCCtDth7DfRNa0Had5F9jyKGPCKB-AsA&oe=6965E3E4,Kenapa cuma Bekasi dan Bogor ????? Jawa barat luas Lo.... Masih banyak yg perlu di perhatikan.,2025-07-22T01:55:00.000Z,0,0,https://www.instagram.com/p/DMX5A49SQxa/c/18080096458919003
https://www.instagram.com/reel/DMXrINGpX72/,lustr_anna,lustr_anna,ꪶꪊડ𝕥𝕣ⅈꪀ ꪖꪀꪀꪖ,False,https://scontent-lax3-1.cdninstagram.com/v/t51.75761-19/496303313_17965256723871079_8836972745773277169_n.jpg?stp=dst-jpg_e0_s150x150_tt6&_nc_cat=110&ig_cache_key=GNH8lB1nNVNJTtM-APHfn1nkO6N6bvEnAQAB1501500j-ccb7-5&ccb=7-5&_nc_sid=669407&efg=eyJ2ZW5jb2RlX3RhZyI6InByb2ZpbGVfcGljLnd3dy4xMDgwLkMzIn0%3D&_nc_ohc=tSuWZ2Z4-TcQ7kNvwElw6Nf&_nc_oc=AdkTYMx17NmfE4SClkyiwlCOcGGfBDce8rfxrXwMY6Vwv-oHB6lIm4fwhRtElW4arfk&_nc_ad=z-m&_nc_cid=0&_nc_zt=24&_nc_ht=scontent-lax3-1.cdninstagram.com&_nc_gid=Y6G9ii2Q4CQjMR1BTGakvA&oh=00_Afp4rgK_qGjYh9b04WHlvq5H8GVeEBUhbt9T6-3l5J_kfg&oe=6965C6B7,Bapak kok pinter. Saya cicil engineering aja gak terlalu begitu bicaranya. Mantabb pak. Sukses berkah selalu,2025-07-22T01:47:19.000Z,8,0,https://www.instagram.com/p/DMXrINGpX72/c/18085260280838794
https://www.instagram.com/reel/DMXrINGpX72/,jemmyif,jemmyif,JEMMY,False,https://scontent-lax3-2.cdninstagram.com/v/t51.82787-19/569120721_18537016633027527_1041544449663225696_n.jpg?stp=dst-jpg_e0_s150x150_tt6&_nc_cat=100&ig_cache_key=GNEX7CHHa5uDUdtBAGDP9JsoT3QObmNDAQAB1501500j-ccb7-5&ccb=7-5&_nc_sid=669407&efg=eyJ2ZW5jb2RlX3RhZyI6InByb2ZpbGVfcGljLnd3dy4xMDgwLkMzIn0%3D&_nc_ohc=Mr2gjr1efYAQ7kNvwEBltUr&_nc_oc=AdkQToZyj_TSpReh2yevzDg1lsM5wVfueF5MIIG4wlwxcoIXvKnHmhQIErzRbbm6hak&_nc_ad=z-m&_nc_cid=0&_nc_zt=24&_nc_ht=scontent-lax3-2.cdninstagram.com&_nc_gid=Y6G9ii2Q4CQjMR1BTGakvA&oh=00_AfpIjePbsLo16Gn8RQuu-rkqk5HMimMgGLfqaJuGw2F_GQ&oe=6965DCD0,Keren pak tidak ada kata eu nya.👏,2025-07-22T00:51:18.000Z,3,0,https://www.instagram.com/p/DMXrINGpX72/c/18050460842397771
https://www.instagram.com/reel/DMXrINGpX72/,nara_deri,nara_deri,Nara Deri,False,https://scontent-lax3-1.cdninstagram.com/v/t51.82787-19/534556409_18008392412792163_3042303700470186915_n.jpg?stp=dst-jpg_e0_s150x150_tt6&_nc_cat=109&ig_cache_key=GPmu3B9jhb2Yifo-AKPDYcUYbzgqbmNDAQAB1501500j-ccb7-5&ccb=7-5&_nc_sid=669407&efg=eyJ2ZW5jb2RlX3RhZyI6InByb2ZpbGVfcGljLnd3dy4xMDgwLkMzIn0%3D&_nc_ohc=jgrqMah4T88Q7kNvwE6YjqI&_nc_oc=AdkFt9zPxQVFO7UGHMiqxFgG1Q4HlUIc_yD8twxyVjFmBqQKINRpVCixKFc6nurRcK4&_nc_ad=z-m&_nc_cid=0&_nc_zt=24&_nc_ht=scontent-lax3-1.cdninstagram.com&_nc_gid=Y6G9ii2Q4CQjMR1BTGakvA&oh=00_AfqN1yjYc5aYKG6J1MQMX2jpmLdAhX23dBLdHOlRHDPIGw&oe=6965E2ED,Pa gubernur yng merakyat jujur adil dan tegas sehat2 pa ❤️❤️🙏🙏🇮🇩🇮🇩,2025-07-21T23:13:23.000Z,24,0,https://www.instagram.com/p/DMXrINGpX72/c/18177541018330986
https://www.instagram.com/reel/DMXrINGpX72/,oskhos_breee,oskhos_breee,Oskhos Bree,False,https://scontent-lax7-1.cdninstagram.com/v/t51.82787-19/591603150_18061218326635346_4503742711051524417_n.jpg?stp=dst-jpg_e0_s150x150_tt6&_nc_cat=101&ig_cache_key=GM4lQyNS45EWlSpAAEEZ_0MigoA_bmNDAQAB1501500j-ccb7-5&ccb=7-5&_nc_sid=669407&efg=eyJ2ZW5jb2RlX3RhZyI6InByb2ZpbGVfcGljLnd3dy4xMDgwLkMzIn0%3D&_nc_ohc=J6Uhdy1PT-kQ7kNvwFCbyKK&_nc_oc=AdmGAojkuWbtqUshWRD-maWdfjAwcESZyzwFdtXyV3lTiz2VprVSKz4cMbz9ZF_bxe8&_nc_ad=z-m&_nc_cid=0&_nc_zt=24&_nc_ht=scontent-lax7-1.cdninstagram.com&_nc_gid=Y6G9ii2Q4CQjMR1BTGakvA&oh=00_Afqp4x1P0SEMQGJP7gtiL1d_atZYgh3uJCNCDD8SlNHqlw&oe=6965DDF7,"sareng eta nu demo nembe pak masalah studytour , omat pa ULAH DI ACC PA , saya selaku orang tua murid sangat memberatkan adanya studytour pa . hatur nuhun",2025-07-21T13:14:24.000Z,148,47,https://www.instagram.com/p/DMXrINGpX72/c/18082500940675447
https://www.instagram.com/reel/DMXrINGpX72/,ciwastra_fighting_camp,ciwastra_fighting_camp,Ciwastra Fighting Camp,False,https://scontent-lax7-1.cdninstagram.com/v/t51.82787-19/572940907_18435854227103723_8226073848817282366_n.jpg?stp=dst-jpg_e0_s150x150_tt6&_nc_cat=105&ig_cache_key=GGtiJiLrX1bOT39BAD5t4vaU4ihybmNDAQAB1501500j-ccb7-5&ccb=7-5&_nc_sid=669407&efg=eyJ2ZW5jb2RlX3RhZyI6InByb2ZpbGVfcGljLnd3dy4xMDgwLkMzIn0%3D&_nc_ohc=c0MlzJfanXgQ7kNvwGkKUtF&_nc_oc=Adm03BAAT2_hKbHhjjyBAyH74e8NLS1DU8slPBgLe4d8NrDaGmOetHkcl46asEPUqwg&_nc_ad=z-m&_nc_cid=0&_nc_zt=24&_nc_ht=scontent-lax7-1.cdninstagram.com&_nc_gid=Y6G9ii2Q4CQjMR1BTGakvA&oh=00_AfqOm1-8q_-T-JXySZNHaH4y06RLVKOqHAwTaKSbZt251A&oe=6965F4F7,Hebat tanpa teks👏,2025-07-21T13:07:38.000Z,117,5,https://www.instagram.com/p/DMXrINGpX72/c/18070434491014954
https://www.instagram.com/reel/DMXrINGpX72/,ekaaa.kurniati,ekaaa.kurniati,Eka Kurniati,False,https://scontent-lax3-2.cdninstagram.com/v/t51.75761-19/508386032_18095567902588081_1433334347520513831_n.jpg?stp=dst-jpg_e0_s150x150_tt6&_nc_cat=103&ig_cache_key=GPBaTR6xvNe40klAACeXU7T_OeQTbvEnAQAB1501500j-ccb7-5&ccb=7-5&_nc_sid=669407&efg=eyJ2ZW5jb2RlX3RhZyI6InByb2ZpbGVfcGljLnd3dy4xMDgwLkMzIn0%3D&_nc_ohc=U-RVaHVarDMQ7kNvwEFTrCj&_nc_oc=AdmWy0dZurB_rg-2_JJvLLGGQjpZw9cIyThh5yg3AGIusIjCH0IBTdPxpgFnGoWGUX8&_nc_ad=z-m&_nc_cid=0&_nc_zt=24&_nc_ht=scontent-lax3-2.cdninstagram.com&_nc_gid=Y6G9ii2Q4CQjMR1BTGakvA&oh=00_AfrVhixbkHymYaqaJ8z_NBrFwDQHmwO_Qv-ir_GndlTBDA&oe=6965D62B,Pak Dedi memang gubernur terkeren👍👍👍,2025-07-21T12:57:26.000Z,60,0,https://www.instagram.com/p/DMXrINGpX72/c/17868579951331037
https://www.instagram.com/reel/DMXrINGpX72/,hendraseger,hendraseger,HeNdra SeGer,False,https://scontent-lax3-2.cdninstagram.com/v/t51.2885-19/281725054_1146175432842515_6638748257982589688_n.jpg?stp=dst-jpg_e0_s150x150_tt6&_nc_cat=103&ig_cache_key=GH7IyhATXYbDcBIEAPiqS-ZdkiFcbkULAAAB1501500j-ccb7-5&ccb=7-5&_nc_sid=669407&efg=eyJ2ZW5jb2RlX3RhZyI6InByb2ZpbGVfcGljLnd3dy4xMDgwLkMzIn0%3D&_nc_ohc=EHudQSa9NqoQ7kNvwEuCh1l&_nc_oc=AdkXZ7OjrFg1UvFBGbY5N61rcMA4sNo9NgbhQ3u_N36kAbUzjQjsDbyOr0RY15w3Wzk&_nc_ad=z-m&_nc_cid=0&_nc_zt=24&_nc_ht=scontent-lax3-2.cdninstagram.com&oh=00_AfopzUcoOSS1B0tCUkleDnVdVq79iYRLPiJTFuBdSiPnWg&oe=6965ED30,Setuju pak gub🔥🔥🔥,2025-07-21T12:53:44.000Z,3,0,https://www.instagram.com/p/DMXrINGpX72/c/17851987161457380
https://www.instagram.com/reel/DLxNrTLzU4q/,sriwahyuni.herman,sriwahyuni.herman,Sri Wahyuni Herman,True,https://scontent-dub4-1.cdninstagram.com/v/t51.2885-19/458465388_1070673031297152_1386715538597902407_n.jpg?stp=dst-jpg_e0_s150x150_tt6&_nc_cat=104&ig_cache_key=GGygUxuAeLN9xc0DAEd4pGpvmj4TbkULAAAB1501500j-ccb7-5&ccb=7-5&_nc_sid=669407&efg=eyJ2ZW5jb2RlX3RhZyI6InByb2ZpbGVfcGljLnd3dy4xMDgwLkMzIn0%3D&_nc_ohc=Vf3W_aUxi6wQ7kNvwHIHBhj&_nc_oc=AdntUUQi-PKoR3QS42B6LkN4k9J9HZypEwJ6evpPrkf3gmwES2ntu3L4vQ3ub6bLVgs&_nc_ad=z-m&_nc_cid=0&_nc_zt=24&_nc_ht=scontent-dub4-1.cdninstagram.com&oh=00_Afqn6Ld9Vb_GPe3iTi2zllCbnCK5KUSPZO-VpuV90LWHDQ&oe=6965F0B5,❤️❤️❤️❤️❤️,2025-07-12T07:42:35.000Z,0,0,https://www.instagram.com/p/DLxNrTLzU4q/c/18048258758562648
https://www.instagram.com/reel/DLkLv3Go824/,nengahpariasa,nengahpariasa,,False,https://scontent-dfw6-1.cdninstagram.com/v/t51.2885-19/331587605_2326453960857112_2346644960946555710_n.jpg?stp=dst-jpg_e0_s150x150_tt6&_nc_cat=101&ig_cache_key=GBWgwxMYVuzF5UMIAD4LLq8o9ZAgbkULAAAB1501500j-ccb7-5&ccb=7-5&_nc_sid=669407&efg=eyJ2ZW5jb2RlX3RhZyI6InByb2ZpbGVfcGljLnd3dy4xMDgwLkMzIn0%3D&_nc_ohc=CoIkF1PNhCMQ7kNvwGn2Uz_&_nc_oc=Adkoe2YYi4FhhYFLIl0ihI_GMInME1T6GK6YE42KKXik-s3K_cfPfP8XPYJsisPsrvE&_nc_ad=z-m&_nc_cid=0&_nc_zt=24&_nc_ht=scontent-dfw6-1.cdninstagram.com&oh=00_AfqXbCyHc10RLoAiepVWGmM8OYDvqQ4jVp560GUtXbUO1g&oe=6965DD3D,gak capek ya tiap pemuli aturan diubah2 teruss? mk kadang2,2025-07-11T13:11:58.000Z,0,0,https://www.instagram.com/p/DLkLv3Go824/c/17938736559023858
https://www.instagram.com/reel/DLxNrTLzU4q/,anwar_munandar,anwar_munandar,A M,False,https://scontent-dub4-1.cdninstagram.com/v/t51.2885-19/347440616_257985053468554_8392074567987176603_n.jpg?stp=dst-jpg_e0_s150x150_tt6&_nc_cat=109&ig_cache_key=GOiFtRSKJ3jTouoAAJskd0Fbo3Z0bkULAAAB1501500j-ccb7-5&ccb=7-5&_nc_sid=669407&efg=eyJ2ZW5jb2RlX3RhZyI6InByb2ZpbGVfcGljLnd3dy43MjAuQzMifQ%3D%3D&_nc_ohc=Lb3R53DcEsgQ7kNvwGsR-3M&_nc_oc=AdkIyGd--txTrjlZMr6qC2rvLTTnB5_OqG2HlEAQ_ooCOxXFrQ3c9MoNsfncff5HflQ&_nc_ad=z-m&_nc_cid=0&_nc_zt=24&_nc_ht=scontent-dub4-1.cdninstagram.com&oh=00_Afp4Kln51-igsQxVTa1lvHkvVAHlC0QrtS_-KXH35ljxeA&oe=6965D942,❤️❤️❤️,2025-07-08T12:10:55.000Z,0,0,https://www.instagram.com/p/DLxNrTLzU4q/c/18413720713103103
https://www.instagram.com/reel/DLxNrTLzU4q/,karangan_bunga.___tangerang,karangan_bunga.___tangerang,KARANGAN BUNGA TANGERANG,False,https://scontent-dub4-1.cdninstagram.com/v/t51.2885-19/472987036_941891761374759_6094443834925620872_n.jpg?stp=dst-jpg_e0_s150x150_tt6&_nc_cat=101&ig_cache_key=GJw1MRwnhtpDpVgDAIieT8xg0JNUbkULAAAB1501500j-ccb7-5&ccb=7-5&_nc_sid=669407&efg=eyJ2ZW5jb2RlX3RhZyI6InByb2ZpbGVfcGljLnd3dy4xMDgwLkMzIn0%3D&_nc_ohc=gJmS9dhDrcYQ7kNvwFC48TT&_nc_oc=Adl0ZgUJ-F0faojQ6e2uTH1cu-hDNJiXHLjpdxM-1r7zKQ6nViu16V3SMMc_f-Nb0Vg&_nc_ad=z-m&_nc_cid=0&_nc_zt=24&_nc_ht=scontent-dub4-1.cdninstagram.com&oh=00_AfqUXgx3C1wTgKVVyFcCOquKpwq0DP2MxXXYhUfd2-3OLw&oe=6965FBB3,❤️❤️❤️❤️,2025-07-08T11:37:55.000Z,0,0,https://www.instagram.com/p/DLxNrTLzU4q/c/18033351317454294
https://www.instagram.com/reel/DLzdn6hzJ0o/,ghifari.ae,ghifari.ae,GHIFARI ANGRADIPA EFENDI,False,https://scontent-hou1-1.cdninstagram.com/v/t51.82787-19/542901032_18382742365130220_1123435709947184591_n.jpg?stp=dst-jpg_e0_s150x150_tt6&_nc_cat=101&ig_cache_key=GCgDXCDszau8AU9BAM8FZHPTPpcPbmNDAQAB1501500j-ccb7-5&ccb=7-5&_nc_sid=669407&efg=eyJ2ZW5jb2RlX3RhZyI6InByb2ZpbGVfcGljLnd3dy4xMDY2LkMzIn0%3D&_nc_ohc=vMn_Q1lIV5MQ7kNvwHNpcOX&_nc_oc=Adm1MPWNzaR9mGbWBs9bIu172k08DITM66UMH-RYWr9BE_zjnYx0g6AsWbsasuUM7QA&_nc_ad=z-m&_nc_cid=0&_nc_zt=24&_nc_ht=scontent-hou1-1.cdninstagram.com&_nc_gid=DETRwpHI3BZV6bxKn1I19A&oh=00_Afpna2CcCvkocbNcG643Cr7NDjO6Assq6ZiIO3XMZBh8FA&oe=6965ECC5,"Terfokus pada teknis namun luput pada esensi. Hakikatnya segala bentuk aturan di negeri ini tidak boleh bertentangan dengan konstitusi kita. Kalau berkaca pada putusan kemarin dan kita kaitkan dengan konstitusi. maka bisa terlihat ada kecacatan materil dalam putusan kemarin, Jika berminat mari kita berdiskusi senior 😁",2025-07-08T10:24:54.000Z,0,0,https://www.instagram.com/p/DLzdn6hzJ0o/c/18415192519100647
https://www.instagram.com/reel/DLxNrTLzU4q/,m_irfan8005,m_irfan8005,Muhammad Irfan,False,https://scontent-dub4-1.cdninstagram.com/v/t51.82787-19/608400724_18014240114805178_8813778778365346465_n.jpg?stp=dst-jpg_e0_s150x150_tt6&_nc_cat=109&ig_cache_key=GFR1QyS6CfEe2-8-AKHCV-0Z1VB6bmNDAQAB1501500j-ccb7-5&ccb=7-5&_nc_sid=669407&efg=eyJ2ZW5jb2RlX3RhZyI6InByb2ZpbGVfcGljLnd3dy4xMDgwLkMzIn0%3D&_nc_ohc=C6IUFW-8IggQ7kNvwFNH030&_nc_oc=Adl4qi4fK6PO1mrWw84n5tSU3XRvjXiXT_FIgMANzsWWEMDz62JCx5x4uyvTV_-it1E&_nc_ad=z-m&_nc_cid=0&_nc_zt=24&_nc_ht=scontent-dub4-1.cdninstagram.com&_nc_gid=gIh3atnUulYZEXH_SdMG2Q&oh=00_AfomqoM-zBCdmc7kORvdj03gbiImYqIN_9essQDNBDl9zw&oe=6965CA22,Mantap Pak SP,2025-07-08T03:31:42.000Z,0,0,https://www.instagram.com/p/DLxNrTLzU4q/c/18105770053531686
https://www.instagram.com/reel/DLxNrTLzU4q/,tauhid_thaib,tauhid_thaib,Ahmad Tauhid,False,https://scontent-dub4-1.cdninstagram.com/v/t51.89012-19/573323465_1219825463302212_7278921664109726296_n.png?stp=dst-webp_s150x150&_nc_cat=1&ig_cache_key=YW5vbnltb3VzX3Byb2ZpbGVfcGlj.3-ccb7-5&ccb=7-5&_nc_sid=669407&efg=eyJ2ZW5jb2RlX3RhZyI6InByb2ZpbGVfcGljLnd3dy5DMyJ9&_nc_ohc=RNOcSyqJy9IQ7kNvwGfGc_N&_nc_oc=Adlxxlv8vKCaDDauQ2K7vrv8fiUVJJmqO-_SzD4Md8rXd0diixNlhS20ZUAxtbhgUjs&_nc_ad=z-m&_nc_cid=0&_nc_zt=24&_nc_ht=scontent-dub4-1.cdninstagram.com&_nc_gid=gIh3atnUulYZEXH_SdMG2Q&oh=00_AfrsuXDK5MZhELIGGNBigtKHhqzABrMJ3o6YTzVjLeDzLQ&oe=6965DD19,Orator terbaik harus memberikan contoh yang baik..,2025-07-07T20:26:53.000Z,0,0,https://www.instagram.com/p/DLxNrTLzU4q/c/18043446410289038
https://www.instagram.com/reel/DLxNrTLzU4q/,khafid_2709,khafid_2709,Khafid Al Jawi,False,https://scontent-dub4-1.cdninstagram.com/v/t51.2885-19/461989420_1096839705343438_3286255090115141548_n.jpg?stp=dst-jpg_e0_s150x150_tt6&_nc_cat=107&ig_cache_key=GCxmiRvONQPlkeUDAKzfodeXH5stbkULAAAB1501500j-ccb7-5&ccb=7-5&_nc_sid=669407&efg=eyJ2ZW5jb2RlX3RhZyI6InByb2ZpbGVfcGljLnd3dy45NDUuQzMifQ%3D%3D&_nc_ohc=oqfo5EyIprIQ7kNvwGca0Mi&_nc_oc=Adk5QU1wZIJR1nLzqkrgLAuCjYpspnyu2s79dS4mrYkOSjEp170lSjAi9SwffNCnmz8&_nc_ad=z-m&_nc_cid=0&_nc_zt=24&_nc_ht=scontent-dub4-1.cdninstagram.com&oh=00_AfpEMlFH5DsA8LiuzTAS55oHyhFkL3aGh5BvpekEE2t_xQ&oe=6965E80A,Sepakat Pak ketum👍👍👍,2025-07-07T01:51:16.000Z,0,0,https://www.instagram.com/p/DLxNrTLzU4q/c/18232034365293494
https://www.instagram.com/reel/DLxNrTLzU4q/,sulaimanjusuf,sulaimanjusuf,Sulaiman Jusuf,False,https://scontent-dub4-1.cdninstagram.com/v/t51.2885-19/324223066_124482437183654_5342227687861438536_n.jpg?stp=dst-jpg_e0_s150x150_tt6&_nc_cat=108&ig_cache_key=GFpAUxOm_HJTN3EAAEjIPBzHZyNKbkULAAAB1501500j-ccb7-5&ccb=7-5&_nc_sid=669407&efg=eyJ2ZW5jb2RlX3RhZyI6InByb2ZpbGVfcGljLnd3dy43MzYuQzMifQ%3D%3D&_nc_ohc=kXyLw6vQy1UQ7kNvwFGAmwC&_nc_oc=AdkC5mWoV_7ANGizgXgU8xEau8-kzdUYGkb8ym53ZBhMbZ3HSBsKh8Rzs7lrQ16-lRo&_nc_ad=z-m&_nc_cid=0&_nc_zt=24&_nc_ht=scontent-dub4-1.cdninstagram.com&oh=00_Afpq0Udc8ocs2ypF3FyAtuhmRUh-v2nP2td3claQj2mvkg&oe=6965CC28,Berarti dalam pencalonan pak Joko Nasdem terlibat,2025-07-06T17:31:57.000Z,0,0,https://www.instagram.com/p/DLxNrTLzU4q/c/18080881147858466
https://www.instagram.com/reel/DLxNrTLzU4q/,handh778,handh778,Dharmawansidik,False,https://scontent-dub4-1.cdninstagram.com/v/t51.82787-19/558259227_18075292652133665_484825200662564457_n.jpg?stp=dst-jpg_e0_s150x150_tt6&_nc_cat=101&ig_cache_key=GBtcRiEh3b0FYjdAAGlOpofzcboGbmNDAQAB1501500j-ccb7-5&ccb=7-5&_nc_sid=669407&efg=eyJ2ZW5jb2RlX3RhZyI6InByb2ZpbGVfcGljLnd3dy4xMDgwLkMzIn0%3D&_nc_ohc=lI-rCTf9BOIQ7kNvwFAF5th&_nc_oc=Adn5OgIqwDSOnFlwZHf4TbhJZqSVmo7vd8Ywkt4xv1rTcL-okzqSg8pcg4OGtxzfebg&_nc_ad=z-m&_nc_cid=0&_nc_zt=24&_nc_ht=scontent-dub4-1.cdninstagram.com&_nc_gid=gIh3atnUulYZEXH_SdMG2Q&oh=00_Afr1H72yTYd4VWvHYnxouF6MApKOr4bXwSN_hLMV_JPiJQ&oe=6965FA6D,Ini yg bener bang surya,2025-07-06T17:17:48.000Z,1,0,https://www.instagram.com/p/DLxNrTLzU4q/c/18036869147373804
https://www.instagram.com/reel/DLkLv3Go824/,al_stieb,al_stieb,Mr.Do,False,https://scontent-dfw5-2.cdninstagram.com/v/t51.82787-19/525765580_17907856332194916_5958165739061745272_n.jpg?stp=dst-jpg_e0_s150x150_tt6&_nc_cat=106&ig_cache_key=GMyLVh9khF63GZ8-AHiWrQUsqK9SbmNDAQAB1501500j-ccb7-5&ccb=7-5&_nc_sid=669407&efg=eyJ2ZW5jb2RlX3RhZyI6InByb2ZpbGVfcGljLnd3dy44MjguQzMifQ%3D%3D&_nc_ohc=kdBtPmVphe8Q7kNvwETgVqM&_nc_oc=Adkmmy_wVIfrCRkgcPmFJrM9LeN3hCwIZOp90yzBKOADfmd-NjE3pWFUDt_kQTXec2k&_nc_ad=z-m&_nc_cid=0&_nc_zt=24&_nc_ht=scontent-dfw5-2.cdninstagram.com&_nc_gid=yLmX8ZKiIcQJBp8kP6m1oA&oh=00_AfoM6YnrGCldShp1xCb0zP7vTFt-719WFTn8Iy9qhzSbaw&oe=6965D533,Hahahha puncak komedi😂,2025-07-05T14:46:04.000Z,0,0,https://www.instagram.com/p/DLkLv3Go824/c/18118503136487208
https://www.instagram.com/reel/DLkLv3Go824/,gerigit_manis,gerigit_manis,M.Wardiman ( Edward Gm ),False,https://scontent-dfw5-2.cdninstagram.com/v/t51.75761-19/497539590_18471979189069002_3920299010250124452_n.jpg?stp=dst-jpg_e0_s150x150_tt6&_nc_cat=106&ig_cache_key=GAbapx3K5NzNKqBBAKQsRt8ts2c2bvEnAQAB1501500j-ccb7-5&ccb=7-5&_nc_sid=669407&efg=eyJ2ZW5jb2RlX3RhZyI6InByb2ZpbGVfcGljLnd3dy4xMDgwLkMzIn0%3D&_nc_ohc=gWkcyftn0JsQ7kNvwG6WQbo&_nc_oc=Adm7EXiWNPfjwutEwTS8rOCHBLTocNORjFR_u6xtjcEVTKz3ePJ-sgzfFqm34vMklXQ&_nc_ad=z-m&_nc_cid=0&_nc_zt=24&_nc_ht=scontent-dfw5-2.cdninstagram.com&_nc_gid=yLmX8ZKiIcQJBp8kP6m1oA&oh=00_Afq_EGQoILTIAYvBByzCX0SsXsr8f1Q5N1lhJdHu-VObHA&oe=6965E4F5,Atas dasar apa dibuat putusan seperti ini Dprd diperpanjang nantinya atas dasar apa juga ? Apakah tidak bertentangan dengan konstitusi karna tidak adanya mandat dari rakyat atas tambahan masa jabatan,2025-07-03T01:03:11.000Z,3,1,https://www.instagram.com/p/DLkLv3Go824/c/17929794354078490
https://www.instagram.com/reel/DLkLv3Go824/,balane_rudi,balane_rudi,Rudiyanto kabumian,False,https://scontent-dfw5-1.cdninstagram.com/v/t51.82787-19/610773814_17978233487960497_6161080496738417679_n.jpg?stp=dst-jpg_e0_s150x150_tt6&_nc_cat=111&ig_cache_key=GDarZySxKb2sG98-AA88rqgRjoBVbmNDAQAB1501500j-ccb7-5&ccb=7-5&_nc_sid=669407&efg=eyJ2ZW5jb2RlX3RhZyI6InByb2ZpbGVfcGljLnd3dy4xMDgwLkMzIn0%3D&_nc_ohc=h6vaFfQTgAkQ7kNvwHJ1WAm&_nc_oc=Adm9_mqcN-AkqrB-87d57AveBQOyyng30ySZDp92He-Jp_y3YMtNHrtZJavsmptza_Q&_nc_ad=z-m&_nc_cid=0&_nc_zt=24&_nc_ht=scontent-dfw5-1.cdninstagram.com&_nc_gid=yLmX8ZKiIcQJBp8kP6m1oA&oh=00_Afq_mXKyiNqjmikDCBxes9mMlEci4oKmynxumr9A7rUIlg&oe=6965C73E,🔥🔥,2025-07-02T12:17:49.000Z,0,0,https://www.instagram.com/p/DLkLv3Go824/c/17988205463818921
https://www.instagram.com/p/DLmcDF-pXqH/,arinallhqq,arinallhqq,aariiqq,False,https://scontent-iad3-2.cdninstagram.com/v/t51.2885-19/491460348_671590178915393_5105140251393147747_n.jpg?stp=dst-jpg_e0_s150x150_tt6&_nc_cat=105&ig_cache_key=GPwWSx1BhAzGzmICAGND1qwCGtlGbkULAAAB1501500j-ccb7-5&ccb=7-5&_nc_sid=669407&efg=eyJ2ZW5jb2RlX3RhZyI6InByb2ZpbGVfcGljLnd3dy4xMDgwLkMzIn0%3D&_nc_ohc=7QQYdri2Ho8Q7kNvwF4cF05&_nc_oc=Adk-OtEbvGzw_IkGRnTEXMVfCreggVcidTGJDxKDM1Dz4Xfc4KM6RrjpYK_PijhyCzk&_nc_ad=z-m&_nc_cid=0&_nc_zt=24&_nc_ht=scontent-iad3-2.cdninstagram.com&oh=00_Afp7QW89Qa7WxPOVUL_uEVaiv1W6Neq8a26oXfxph_no6g&oe=6965F146,Terbuka untuk Umum ga?,2025-07-02T09:48:08.000Z,1,0,https://www.instagram.com/p/DLmcDF-pXqH/c/18034306481418719
https://www.instagram.com/reel/DLkLv3Go824/,amarmarufz,amarmarufz,Amar Ma'ruf Zarkawi,False,https://scontent-dfw6-1.cdninstagram.com/v/t51.2885-19/238899976_4791502057545773_6296048463701577476_n.jpg?stp=dst-jpg_e0_s150x150_tt6&_nc_cat=103&ig_cache_key=GAhTPQ4toBSC2AURAASPk0e4DmBXbkULAAAB1501500j-ccb7-5&ccb=7-5&_nc_sid=669407&efg=eyJ2ZW5jb2RlX3RhZyI6InByb2ZpbGVfcGljLnd3dy4xMDgwLkMzIn0%3D&_nc_ohc=jWnRfEPVj0gQ7kNvwH46aO7&_nc_oc=AdkFUbSdMPPoA9LTqYKRQnRvcoTXwk62lqavAYGBoYv4uu_3jrWd1m54d-UTmxalD70&_nc_ad=z-m&_nc_cid=0&_nc_zt=24&_nc_ht=scontent-dfw6-1.cdninstagram.com&oh=00_Afq5iRoPsKcsZ0-edRuBU75BPtgL4Ql05IS4z3j1fkrrKg&oe=6965DB64,"jadi anggota DPRD sekarang menjabat 7'5 tahun gitu? kan pileg/pilkada di daerah 2,5 tahun setelah pemilu/peileg nasional",2025-07-02T07:57:31.000Z,0,3,https://www.instagram.com/p/DLkLv3Go824/c/18070340891051842
https://www.instagram.com/reel/DLkLv3Go824/,faizal_a_s,faizal_a_s,faizal.a.s,False,https://scontent-dfw5-1.cdninstagram.com/v/t51.82787-19/590422856_18088189862022551_8686928166678376416_n.jpg?stp=dst-jpg_e0_s150x150_tt6&_nc_cat=110&ig_cache_key=GEgjMSOXDVvjHENAAOAvM2wkK454bmNDAQAB1501500j-ccb7-5&ccb=7-5&_nc_sid=669407&efg=eyJ2ZW5jb2RlX3RhZyI6InByb2ZpbGVfcGljLnd3dy40NDYuQzMifQ%3D%3D&_nc_ohc=YDY6xiucrboQ7kNvwGmOGB_&_nc_oc=AdmmSvaMQpCuVmfeoZ9-zMJws6HwJIP33OARIxnK_BOMkfqJ-oYMJQmr67FNKXsXBZA&_nc_ad=z-m&_nc_cid=0&_nc_zt=24&_nc_ht=scontent-dfw5-1.cdninstagram.com&_nc_gid=yLmX8ZKiIcQJBp8kP6m1oA&oh=00_Afr-GSbRNFhc1bIKZ-Ze1sbmsJU59zpkAE52aGgoxOKzlA&oe=6965EA6F,Welll,2025-07-02T00:17:10.000Z,0,0,https://www.instagram.com/p/DLkLv3Go824/c/18400844863115533
https://www.instagram.com/reel/DLkLv3Go824/,haura_insiyah17,haura_insiyah17,Anggara Angga,False,https://scontent-dfw6-1.cdninstagram.com/v/t51.2885-19/468906970_1599746228088535_942187151107713774_n.jpg?stp=dst-jpg_e0_s150x150_tt6&_nc_cat=103&ig_cache_key=GNrz8hvX7qfx9a4FAO5qttU4UhMNbkULAAAB1501500j-ccb7-5&ccb=7-5&_nc_sid=669407&efg=eyJ2ZW5jb2RlX3RhZyI6InByb2ZpbGVfcGljLnd3dy4xMDgwLkMzIn0%3D&_nc_ohc=mcY66wVJfv4Q7kNvwG-_gF3&_nc_oc=AdmNHCCNiHmGYjiK7bA2FZJZTf_ZlTAAIF6z4y4Rz9wNoMUgamC8-8YCkMPfGI7snKI&_nc_ad=z-m&_nc_cid=0&_nc_zt=24&_nc_ht=scontent-dfw6-1.cdninstagram.com&oh=00_AfpGw9CoXvYNYbGkjZISG5EtVHg00MrrSlACC_VuTrDTvQ&oe=6965F3D8,❤️,2025-07-01T23:58:49.000Z,0,0,https://www.instagram.com/p/DLkLv3Go824/c/18351796075085165
https://www.instagram.com/reel/DLkLv3Go824/,indratapo,indratapo,Indra Tapo,False,https://scontent-dfw5-3.cdninstagram.com/v/t51.82787-19/525531778_18381639733135115_1840194063843704832_n.jpg?stp=dst-jpg_e0_s150x150_tt6&_nc_cat=108&ig_cache_key=GIL6Uh8Lx64CAU5BAADAL1XArokZbmNDAQAB1501500j-ccb7-5&ccb=7-5&_nc_sid=669407&efg=eyJ2ZW5jb2RlX3RhZyI6InByb2ZpbGVfcGljLnd3dy4xMDY5LkMzIn0%3D&_nc_ohc=Cx_sPsWUD2IQ7kNvwG-efpZ&_nc_oc=AdlGkgdcXBAiObCH7nwi2K07I4tc_k-xrnGHkk7Q7b-nMTVZ3HYkujyFtsgPYtOdWwM&_nc_ad=z-m&_nc_cid=0&_nc_zt=24&_nc_ht=scontent-dfw5-3.cdninstagram.com&_nc_gid=yLmX8ZKiIcQJBp8kP6m1oA&oh=00_AfrDFL2YVhvFb8Xkd5ItmINA7w9lZLY_VouknyAHueJk0w&oe=6965FACC,Aneh MK skrg 😂,2025-07-01T18:13:01.000Z,0,0,https://www.instagram.com/p/DLkLv3Go824/c/17971827227913615
https://www.instagram.com/reel/DLkLv3Go824/,badthingsss96,badthingsss96,DIAZ,False,https://scontent-dfw5-1.cdninstagram.com/v/t51.82787-19/609404451_18086441951472578_408034109262064855_n.jpg?stp=dst-jpg_e0_s150x150_tt6&_nc_cat=110&ig_cache_key=GCPGUiTCq8TrhUFAANfszkrcoKkFbmNDAQAB1501500j-ccb7-5&ccb=7-5&_nc_sid=669407&efg=eyJ2ZW5jb2RlX3RhZyI6InByb2ZpbGVfcGljLnd3dy4xMDgwLkMzIn0%3D&_nc_ohc=iEsdi1jlKHoQ7kNvwE6-0Ra&_nc_oc=Adnxcrs3u5r3YSKHk5CKn5L0QLC6Q9ToHUEVVpjp9JcivQdGP6U817KO2b0sditOrZo&_nc_ad=z-m&_nc_cid=0&_nc_zt=24&_nc_ht=scontent-dfw5-1.cdninstagram.com&_nc_gid=yLmX8ZKiIcQJBp8kP6m1oA&oh=00_AfqvPRKEQ3hEqXDhRK6yODGs3tM5DkPDKnT4dLSnaXszIQ&oe=6965EA3E,👏👏,2025-07-01T17:53:25.000Z,0,0,https://www.instagram.com/p/DLkLv3Go824/c/18088513834669974
https://www.instagram.com/reel/DLkLv3Go824/,fajrinhmn,fajrinhmn,Fajrin Hilmawan,False,https://scontent-dfw5-2.cdninstagram.com/v/t51.89012-19/573323465_1219825463302212_7278921664109726296_n.png?stp=dst-webp_s150x150&_nc_cat=1&ig_cache_key=YW5vbnltb3VzX3Byb2ZpbGVfcGlj.3-ccb7-5&ccb=7-5&_nc_sid=669407&efg=eyJ2ZW5jb2RlX3RhZyI6InByb2ZpbGVfcGljLnd3dy5DMyJ9&_nc_ohc=RNOcSyqJy9IQ7kNvwE2pGxA&_nc_oc=Adn9qMChpG2pc83Ec8niLuF_ECggorNhTCVOGBTWAxNnlzbjFxUSoLQOA2bfTUPRjNg&_nc_ad=z-m&_nc_cid=0&_nc_zt=24&_nc_ht=scontent-dfw5-2.cdninstagram.com&_nc_gid=yLmX8ZKiIcQJBp8kP6m1oA&oh=00_AfoKd62mB6TyaJVrKBnG0GmmXgVeyTb0AY7fvMqwp-wATw&oe=6965DD19,Ini MK yudikatif atau udah jadi lembaga legislatif ko tiap hari bikin norma baru terus,2025-07-01T15:53:39.000Z,4,3,https://www.instagram.com/p/DLkLv3Go824/c/17948651450858571
https://www.instagram.com/reel/DLkLv3Go824/,gajahmadaanalitika,gajahmadaanalitika,Gajah Mada Analitika,False,https://scontent-dfw5-1.cdninstagram.com/v/t51.75761-19/496943695_18082710658735476_3459624231674518781_n.jpg?stp=dst-jpg_e0_s150x150_tt6&_nc_cat=110&ig_cache_key=GE-Cnh103WMpIT5AAP0cS6noDQMwbvEnAQAB1501500j-ccb7-5&ccb=7-5&_nc_sid=669407&efg=eyJ2ZW5jb2RlX3RhZyI6InByb2ZpbGVfcGljLnd3dy4xMDgwLkMzIn0%3D&_nc_ohc=wJpPTQXxhK0Q7kNvwHQZvtK&_nc_oc=AdlNqw4Li5ydtPaLZQRm4O4scGu_TKTlW63OspYzy2SSiE5vlfrNbRNDBCThSfZYnlA&_nc_ad=z-m&_nc_cid=0&_nc_zt=24&_nc_ht=scontent-dfw5-1.cdninstagram.com&_nc_gid=yLmX8ZKiIcQJBp8kP6m1oA&oh=00_AfoiC0QMaSXHyOeleVUyEg-NvXhImpS3t2krU75gVj2qwA&oe=6965E07C,Putusan penting untuk mereformasi regulasi kepemiluan secara komprehensif 🔥,2025-07-01T15:07:30.000Z,0,0,https://www.instagram.com/p/DLkLv3Go824/c/18508912042015096
https://www.instagram.com/reel/DLkLv3Go824/,abdullah.mansur.real,abdullah.mansur.real,Abdullah Mansur New,False,https://scontent-dfw5-2.cdninstagram.com/v/t51.82787-19/521068097_18381959317133767_2399481144462562138_n.jpg?stp=dst-jpg_e0_s150x150_tt6&_nc_cat=104&ig_cache_key=GEHeDh-HmV9rS05BAFpT8Exjq0whbmNDAQAB1501500j-ccb7-5&ccb=7-5&_nc_sid=669407&efg=eyJ2ZW5jb2RlX3RhZyI6InByb2ZpbGVfcGljLnd3dy4xMDgwLkMzIn0%3D&_nc_ohc=kcfzBTzbGvsQ7kNvwGLMUsx&_nc_oc=AdlkIwtuGUDPrcTu-tJ3SFmw7r1ybQMk_8ngvGRxRjpT1LRTMqtK39qFsYLIaYvECiA&_nc_ad=z-m&_nc_cid=0&_nc_zt=24&_nc_ht=scontent-dfw5-2.cdninstagram.com&_nc_gid=yLmX8ZKiIcQJBp8kP6m1oA&oh=00_AfpoogIzbPlydlOx1mDtMKwz5FFmlOSjLXEGusaBo_eUWQ&oe=6965D535,putusan MK soal pemisahan Pemilu nasional dan pemilu lokal bertentangan dg UUD 1945. Kmh tah,2025-07-01T14:52:10.000Z,0,0,https://www.instagram.com/p/DLkLv3Go824/c/17965194008922721
https://www.instagram.com/reel/DLkLv3Go824/,syafnuhaikal,syafnuhaikal,Syafnu Haikal,False,https://scontent-dfw5-1.cdninstagram.com/v/t51.2885-19/10919187_1530529540541161_1678066760_a.jpg?stp=dst-jpg_e0_tt6&_nc_cat=111&ig_cache_key=GBOdpgDpCpUtAnAFAEhEBWQAAAAAYUULAAAB1501500j-ccb7-5&ccb=7-5&_nc_sid=669407&efg=eyJ2ZW5jb2RlX3RhZyI6InByb2ZpbGVfcGljLnd3dy4xNTAuQzMifQ%3D%3D&_nc_ohc=WA13kdO-4GQQ7kNvwFUmwEZ&_nc_oc=AdkPt-l7Vr0dOz9jCjBKwhL9W-r6bB9VSLKQ4wkUlEP6cx3LW5Mx6e_CrI2pDMkxdYI&_nc_ad=z-m&_nc_cid=0&_nc_zt=24&_nc_ht=scontent-dfw5-1.cdninstagram.com&oh=00_Afpy-RKtsOiH59aQe8AvlE_iRChY9vRsGpLRLSNyDJwzzg&oe=6965E84C,Apakah masa jabatan dprd diperpanjang?,2025-07-01T14:11:18.000Z,0,0,https://www.instagram.com/p/DLkLv3Go824/c/18058194914461351
https://www.instagram.com/reel/DLkLv3Go824/,pesona.sungayang,pesona.sungayang,PESONA SUNGAYANG | KEC. SUNGAYANG | KAB. TANAH DATAR,True,https://scontent-dfw5-2.cdninstagram.com/v/t51.2885-19/481744953_479722428548980_4577122526443652418_n.jpg?stp=dst-jpg_e0_s150x150_tt6&_nc_cat=106&ig_cache_key=GDnYthx0x-EUTrQBAELFHOqvNIU-bkULAAAB1501500j-ccb7-5&ccb=7-5&_nc_sid=669407&efg=eyJ2ZW5jb2RlX3RhZyI6InByb2ZpbGVfcGljLnd3dy4xMDgwLkMzIn0%3D&_nc_ohc=uoRPknkNkw8Q7kNvwFJ-2l2&_nc_oc=AdkzZVLxQFe2D7xJ3D-Dr9KltpzGAuSaI0Bw4gs6LAQ1lfJFkHhG1iTh56yCWIZ7j8w&_nc_ad=z-m&_nc_cid=0&_nc_zt=24&_nc_ht=scontent-dfw5-2.cdninstagram.com&oh=00_AfrFUu-eCxDzLhmn31_39c3mYGWA-A30AaTlKImI0tf-1w&oe=6965CF15,👏👏,2025-07-01T13:35:06.000Z,0,0,https://www.instagram.com/p/DLkLv3Go824/c/18229534147293883
https://www.instagram.com/reel/DLkLv3Go824/,anggi_ir4w4n,anggi_ir4w4n,Anggi irawan,False,https://scontent-dfw6-1.cdninstagram.com/v/t51.2885-19/471342556_938905174474359_8030303739099937463_n.jpg?stp=dst-jpg_e0_s150x150_tt6&_nc_cat=103&ig_cache_key=GNwdGBx3-mbl7VUDALf6ik_0XnFvbkULAAAB1501500j-ccb7-5&ccb=7-5&_nc_sid=669407&efg=eyJ2ZW5jb2RlX3RhZyI6InByb2ZpbGVfcGljLnd3dy4xMDgwLkMzIn0%3D&_nc_ohc=kPGH9auYCKQQ7kNvwHcJ4p1&_nc_oc=AdljzJ3F3xrkthG2SF5DsZYT68CntC0-K895uEsCT7DXpi0S2aimEHvND9y7QicRoSo&_nc_ad=z-m&_nc_cid=0&_nc_zt=24&_nc_ht=scontent-dfw6-1.cdninstagram.com&oh=00_AfrtYQt8VwmBoH7-TDGJsqnZkh13YVIHNOn1L4NO5U4S6A&oe=6965C674,Sehat selalu bung senior,2025-07-01T12:58:11.000Z,1,0,https://www.instagram.com/p/DLkLv3Go824/c/18038816177339414
https://www.instagram.com/p/DLhRnBGRgVh/,prilentcoko,prilentcoko,prilent coko,False,https://scontent-dfw5-1.cdninstagram.com/v/t51.82787-19/567944826_17924539908150920_1145260041372605776_n.jpg?stp=dst-jpg_e0_s150x150_tt6&_nc_cat=107&ig_cache_key=GHom2iGI1vwpRq4-AFCddpXwx_QPbmNDAQAB1501500j-ccb7-5&ccb=7-5&_nc_sid=669407&efg=eyJ2ZW5jb2RlX3RhZyI6InByb2ZpbGVfcGljLnd3dy4xMDgwLkMzIn0%3D&_nc_ohc=1Q-3ix-WSVcQ7kNvwGMP0VV&_nc_oc=AdlcoT777306iyNY2YZyTbPRe5hBPCe5cLM_bnzVdpmSwfCD6fJWUzeC3VEQNys1cEw&_nc_ad=z-m&_nc_cid=0&_nc_zt=24&_nc_ht=scontent-dfw5-1.cdninstagram.com&_nc_gid=7eQn8WrIrgsmE_7WCFpuPA&oh=00_AfogDd9sddMtNrFNcPdslwlFBItFDQBIunQDk4KAvgysyw&oe=6965CBD5,"𝖧𝖺𝖺𝖺𝗅𝗅𝖺𝗁..𝗉𝗂𝗅𝗂𝗁 𝗌𝗂𝖺𝗉𝖺𝗉𝗎𝗇 𝗍𝖾𝗍𝖺𝗉 𝗀𝗄 𝖺𝖽𝖺 𝗉𝖾𝗋𝗎𝖻𝖺𝗁𝖺𝗇 𝗎𝗍𝗄 𝗇𝖾𝗀𝖾𝗋𝗂 𝗂𝗇𝗂, 𝗄𝖺𝗅𝗈 𝗄𝗈𝗇𝗌𝖾𝗉 𝗉𝗂𝗄𝗂𝗋𝖺𝗇𝗇𝗒𝖺 𝖼𝗎𝗆𝖺 𝖽𝗎𝖾𝗍..𝗄𝗋𝗇 𝗃𝖺𝖻𝖺𝗍𝖺𝗇 𝖺𝗍𝖺𝗎 𝗄𝖾𝗄𝗎𝖺𝗌𝖺𝖺𝗇 𝗉𝖺𝗌𝗍𝗂 𝗄𝖺𝗂𝗍𝖺𝗇𝗇𝗒𝖺 𝖽𝗀𝗇 𝗎𝖺𝗇𝗀 𝖻𝗎𝗄𝖺𝗇 𝗆𝗂𝗄𝗂𝗋𝗂𝗇 𝖽𝗈𝗌𝖺..",2025-06-30T23:11:11.000Z,0,1,https://www.instagram.com/p/DLhRnBGRgVh/c/17842604868526506
https://www.instagram.com/p/DLhRnBGRgVh/,neo_classic1431,neo_classic1431,,False,https://scontent-dfw5-3.cdninstagram.com/v/t51.2885-19/300157228_778611186609461_6611955664527936019_n.jpg?stp=dst-jpg_e0_s150x150_tt6&_nc_cat=108&ig_cache_key=GCwJ5BE1LTKLJMQCABPK0S6lYsJbbkULAAAB1501500j-ccb7-5&ccb=7-5&_nc_sid=669407&efg=eyJ2ZW5jb2RlX3RhZyI6InByb2ZpbGVfcGljLnd3dy40NDUuQzMifQ%3D%3D&_nc_ohc=lhoU7X2TTa0Q7kNvwGH1Is2&_nc_oc=Adnfj-SB5h2n77-6YNNnOtaVN5dOnrpKqBiK3eq1c-JJioKHUlo2Kw8Op1FFP148lzw&_nc_ad=z-m&_nc_cid=0&_nc_zt=24&_nc_ht=scontent-dfw5-3.cdninstagram.com&oh=00_AfoWwSap6y2wG04FW4RT-LEu8mv83Un05VlKI0lrSJRncA&oe=6965C6C7,Mohon izin menyampaikan.. Sudah banyak buruh swasta yg di phk/dirumahkan tp knp honorer administrasi pemda blm jg dirumahkan khususnya honorer administrasi pemkab majalengka karena bnyak titipan pejabat.Mohon realisasikan untuk segera merumahkan honorer demi keadilan sosial bagi seluruh rakyat indonesia,2025-06-30T22:59:16.000Z,1,1,https://www.instagram.com/p/DLhRnBGRgVh/c/17875107720368111
https://www.instagram.com/p/DLhRnBGRgVh/,babulaskitchen,babulaskitchen,Catering Anak Sekolah,False,https://scontent-dfw5-1.cdninstagram.com/v/t51.2885-19/457871726_360258793808262_202082726772909960_n.jpg?stp=dst-jpg_e0_s150x150_tt6&_nc_cat=105&ig_cache_key=GG6RShuGoW5Jp0cBAIinilgr8c0CbkULAAAB1501500j-ccb7-5&ccb=7-5&_nc_sid=669407&efg=eyJ2ZW5jb2RlX3RhZyI6InByb2ZpbGVfcGljLnd3dy4xMDgwLkMzIn0%3D&_nc_ohc=2fmdA0qG6uwQ7kNvwEl_UdS&_nc_oc=Adm-RoqVMkAJaYvE9RVP_mxAyFyqL7QWVRTnav0HNnaxYbefgeqpwQfgbNp3Rejq8vE&_nc_ad=z-m&_nc_cid=0&_nc_zt=24&_nc_ht=scontent-dfw5-1.cdninstagram.com&oh=00_AfrInQFxRjpGrY86DRZ1zUgHbkVXvE3IbJI-TpUYjEU47g&oe=6965FA77,Serendah rendahnya orang adalah,2025-06-30T13:42:56.000Z,1,1,https://www.instagram.com/p/DLhRnBGRgVh/c/18467371945078962
https://www.instagram.com/p/DLhRnBGRgVh/,rahmatahmd_,rahmatahmd_,rahmatullah,False,https://scontent-dfw5-1.cdninstagram.com/v/t51.2885-19/471851959_1447966799450843_8442757608786332110_n.jpg?stp=dst-jpg_e0_s150x150_tt6&_nc_cat=105&ig_cache_key=GLfjHxzbUroK6yQFAM6Jb0RQsyp1bkULAAAB1501500j-ccb7-5&ccb=7-5&_nc_sid=669407&efg=eyJ2ZW5jb2RlX3RhZyI6InByb2ZpbGVfcGljLnd3dy44NjQuQzMifQ%3D%3D&_nc_ohc=TVFNdcSLM10Q7kNvwHVXJ8H&_nc_oc=AdmxhXFAIR_SvYxXHCw3Ai9yqGJW_sfhE7NKPc4HwI66oTD5Tjgq2fDJ_jcxFywPhJE&_nc_ad=z-m&_nc_cid=0&_nc_zt=24&_nc_ht=scontent-dfw5-1.cdninstagram.com&oh=00_AfrKseONeJKliqrUpgjSYeO9fV0iGNEgTuTxIpKwph6Sig&oe=6965F37C,"Tolong pak, jangan mau sahkan pemindahan status dari P3k ke PNS. Itu sama hal nya tidak menghargai yg honorer pak. Kami sama sama pekerja juga, kami ga nuntut gini gitu. Jika disahkan, kami juga bakal menuntut menuntut pengangkatan ke P3K, terimakasih. harusselalubersyukur",2025-06-30T12:09:10.000Z,3,9,https://www.instagram.com/p/DLhRnBGRgVh/c/18088840324580954
https://www.instagram.com/p/DLhRnBGRgVh/,pengrajinvideo,pengrajinvideo,Robby Ali Hasan,False,https://scontent-dfw5-2.cdninstagram.com/v/t51.82787-19/538164066_18501471349070295_1071993714496255247_n.jpg?stp=dst-jpg_e0_s150x150_tt6&_nc_cat=100&ig_cache_key=GGK7EyDXWZV7-bpBAA81AIqafOAObmNDAQAB1501500j-ccb7-5&ccb=7-5&_nc_sid=669407&efg=eyJ2ZW5jb2RlX3RhZyI6InByb2ZpbGVfcGljLnd3dy4xMDI0LkMzIn0%3D&_nc_ohc=Cv9XZ2sfGDoQ7kNvwGqGv0E&_nc_oc=Adk2nVa5ps5ZCQakl13cHqUEzayf4i5gYe03MuZg0oVutXun5cxQVSnJgoWQB6Z7VVQ&_nc_ad=z-m&_nc_cid=0&_nc_zt=24&_nc_ht=scontent-dfw5-2.cdninstagram.com&_nc_gid=7eQn8WrIrgsmE_7WCFpuPA&oh=00_Afp6qeqeSz7TRX6huq7BzIiy6mmzzP9yEVgD8KIw69wstQ&oe=6965E5E3,Yang diurusi cuma yang berkaitan kepentingan golongannya sendiri miris,2025-06-30T10:40:52.000Z,0,2,https://www.instagram.com/p/DLhRnBGRgVh/c/17964540347926069
https://www.instagram.com/p/DLhRnBGRgVh/,_aalifmuhraflii,_aalifmuhraflii,𝖆𝖑𝖎𝖋,False,https://scontent-dfw5-2.cdninstagram.com/v/t51.82787-19/586830033_18080142494329390_7521435913505355711_n.jpg?stp=dst-jpg_e0_s150x150_tt6&_nc_cat=100&ig_cache_key=GNFQ_iIu6tw2yztAAL83WvEcgmFobmNDAQAB1501500j-ccb7-5&ccb=7-5&_nc_sid=669407&efg=eyJ2ZW5jb2RlX3RhZyI6InByb2ZpbGVfcGljLnd3dy4xMDgwLkMzIn0%3D&_nc_ohc=dGadPIElI_kQ7kNvwFsCG6Z&_nc_oc=Adli0XGgG8Ih9C-gkwXwC8PHOcAfklU3JJZuC3hedPwrzTjuv3hHj9i67yb1s9VPBEU&_nc_ad=z-m&_nc_cid=0&_nc_zt=24&_nc_ht=scontent-dfw5-2.cdninstagram.com&_nc_gid=7eQn8WrIrgsmE_7WCFpuPA&oh=00_AfpAQSerJU8yopl47-ZWVMzd5RXeDNLpV8k5bVjskykn5g&oe=6965D35E,"berarti putusan MK ini melampaui ketetapan pasal 22E ayat 1 UUD 1945 bahwa pemilu di adakan 5 tahun sekali, lantas di pertanyakan lagi terkait anggota DPRD dan kepala daerah yang masa jabatannya jadi di perpanjang sampai 2031",2025-06-30T10:25:47.000Z,5,1,https://www.instagram.com/p/DLhRnBGRgVh/c/17869516080396365
https://www.instagram.com/p/DLZv2TxSILQ/,sham_bani,sham_bani,SHAM BANI,False,https://scontent-sjc3-1.cdninstagram.com/v/t51.2885-19/472493262_1297428561393686_3446837639681645462_n.jpg?stp=dst-jpg_e0_s150x150_tt6&_nc_cat=102&ig_cache_key=GM6sKRwW_IUgAZwEAJabqzeSoNUvbkULAAAB1501500j-ccb7-5&ccb=7-5&_nc_sid=669407&efg=eyJ2ZW5jb2RlX3RhZyI6InByb2ZpbGVfcGljLnd3dy45NzkuQzMifQ%3D%3D&_nc_ohc=fhsVVGaMe9UQ7kNvwGYSCt0&_nc_oc=AdnqFy43No2GhNWfdQP4W6SNSPOeFK-yg1zBX3uWMiweeD0csPmmhvgeQEQ7LOVshgs&_nc_ad=z-m&_nc_cid=0&_nc_zt=24&_nc_ht=scontent-sjc3-1.cdninstagram.com&oh=00_AfrZy-lylw3IMcHWjVWCGG5Je6ZQfMhEdPY7Rkpg8ftnPA&oe=6965D7A9,Rombak terus sesuka hati,2025-06-28T13:09:04.000Z,0,0,https://www.instagram.com/p/DLZv2TxSILQ/c/18096812275592913
https://www.instagram.com/p/DLZv2TxSILQ/,desviyantorendra,desviyantorendra,,False,https://scontent-sjc6-1.cdninstagram.com/v/t51.2885-19/20905143_142542139675782_6855824525284605952_a.jpg?stp=dst-jpg_e0_s150x150_tt6&_nc_cat=111&ig_cache_key=GLf8PgGG1JktpIEAAAAAAAAVyCRfYUULAAAB1501500j-ccb7-5&ccb=7-5&_nc_sid=669407&efg=eyJ2ZW5jb2RlX3RhZyI6InByb2ZpbGVfcGljLnd3dy45NjAuQzMifQ%3D%3D&_nc_ohc=jRG6herWuPkQ7kNvwH8rGpl&_nc_oc=AdlQJT2ZB_sp9ngsI-s4Im7p1i_FmupmkSfhwnU5Z2O_S0wSkIy2ieywEAXnJJaSVQM&_nc_ad=z-m&_nc_cid=0&_nc_zt=24&_nc_ht=scontent-sjc6-1.cdninstagram.com&oh=00_AfoLlLEhjUij8kUAaGgVptsx41ZZGuVfEwJIfKlUhp1PcQ&oe=6965D8C9,Lalu masa jabatan hasil 2024 gmana ya ?,2025-06-28T06:31:49.000Z,0,0,https://www.instagram.com/p/DLZv2TxSILQ/c/17963993993938239
https://www.instagram.com/p/DLW6lovSykn/,dhidikprasetyo,dhidikprasetyo,Dhidik Prasetyo,False,https://scontent-lax3-1.cdninstagram.com/v/t51.2885-19/423558930_1313194819368637_4456830378743483432_n.jpg?stp=dst-jpg_e0_s150x150_tt6&_nc_cat=110&ig_cache_key=GBL-Phm9trr_V6oEACjMLL2d19k9bkULAAAB1501500j-ccb7-5&ccb=7-5&_nc_sid=669407&efg=eyJ2ZW5jb2RlX3RhZyI6InByb2ZpbGVfcGljLnd3dy4xMDgwLkMzIn0%3D&_nc_ohc=OqXKh9D9_QwQ7kNvwEYax17&_nc_oc=Adl9Mx4RBUawKNybZ4MLYg-Sz76mIIBUeRctgYIUu5Ppi8ojmd0U8tjmaeeapJfmaJs&_nc_ad=z-m&_nc_cid=0&_nc_zt=24&_nc_ht=scontent-lax3-1.cdninstagram.com&oh=00_Afrk8KVgPbt38flIuUhDr8uBCHyiOw03ZhZNrtB5EPaoKQ&oe=6965C7C6,gimana pendapatnya abangku? 😂,2025-06-27T12:56:12.000Z,0,1,https://www.instagram.com/p/DLW6lovSykn/c/18067302620017428
https://www.instagram.com/p/DLZv2TxSILQ/,murays851,murays851,muslih,False,https://scontent-sjc6-1.cdninstagram.com/v/t51.82787-19/518382733_17867618337409871_3668461804097116273_n.jpg?stp=dst-jpg_e0_s150x150_tt6&_nc_cat=111&ig_cache_key=GI3k5R5Py-sTgXo-AHEYTBGT-ugybmNDAQAB1501500j-ccb7-5&ccb=7-5&_nc_sid=669407&efg=eyJ2ZW5jb2RlX3RhZyI6InByb2ZpbGVfcGljLnd3dy4xMDgwLkMzIn0%3D&_nc_ohc=B20s-WCtpmcQ7kNvwEWQXGn&_nc_oc=AdljPuvWtxWASagCJVQ2T58tTijRcmTOoCe3x-UkKQPq0o0gzWX9XwF_U52mHyYQwSQ&_nc_ad=z-m&_nc_cid=0&_nc_zt=24&_nc_ht=scontent-sjc6-1.cdninstagram.com&_nc_gid=WevRXoniGUY9xrSnnSCdyQ&oh=00_AfqesfxOGnw3-cX7Nde_UeyuQysQYi2fguuiFcVs0SHz7A&oe=6965E80A,"Harusnya juga ada uji materil thd partai peserta pemilu yg makin tahun makin bertambah, ini sangat membebani APBN dan terbukanya praktek inkonstitusional.",2025-06-27T12:37:46.000Z,0,0,https://www.instagram.com/p/DLZv2TxSILQ/c/18106019431521231
https://www.instagram.com/p/DLZv2TxSILQ/,tseptians,tseptians,Teddy Septiansa,False,https://scontent-sjc3-1.cdninstagram.com/v/t51.82787-19/541848682_17943787797045082_7152681363225085434_n.jpg?stp=dst-jpg_e0_s150x150_tt6&_nc_cat=103&ig_cache_key=GGr0SyBaX5Gpx78-APqFlqbNbUNjbmNDAQAB1501500j-ccb7-5&ccb=7-5&_nc_sid=669407&efg=eyJ2ZW5jb2RlX3RhZyI6InByb2ZpbGVfcGljLnd3dy4xMDgwLkMzIn0%3D&_nc_ohc=ohcpnxo5OlUQ7kNvwGav7k5&_nc_oc=Adk1kkHAbO4oGNEUwae02MyNEPbHO-ZIEf2qheAQOXt-9N8jh-5pUz9mSCxj-feYp_Q&_nc_ad=z-m&_nc_cid=0&_nc_zt=24&_nc_ht=scontent-sjc3-1.cdninstagram.com&_nc_gid=WevRXoniGUY9xrSnnSCdyQ&oh=00_Afp58f2sx90P99Zo3oBu-5UO2CudfNSE_nqudYFHSPoYDw&oe=6965C751,Dua kali dapat amplop,2025-06-27T11:23:20.000Z,0,0,https://www.instagram.com/p/DLZv2TxSILQ/c/18184797271321131
https://www.instagram.com/p/DLW6lovSykn/,evinovidaginting,evinovidaginting,Evi Novida Ginting Manik,False,https://scontent-lax7-1.cdninstagram.com/v/t51.82787-19/534433740_18352387156091030_4672373127308355676_n.jpg?stp=dst-jpg_e0_s150x150_tt6&_nc_cat=101&ig_cache_key=GMzP2h_WIDgdZjNBAFyoS5_amtdAbmNDAQAB1501500j-ccb7-5&ccb=7-5&_nc_sid=669407&efg=eyJ2ZW5jb2RlX3RhZyI6InByb2ZpbGVfcGljLnd3dy45MDAuQzMifQ%3D%3D&_nc_ohc=_VpkTWiQoJoQ7kNvwHIlzVO&_nc_oc=AdkXc7IvJTyX-3-DCi5ZgVUCym-9ZTVYjWLDoLWyzEe3pbuK6ApFdNokNMs5EGz0PbU&_nc_ad=z-m&_nc_cid=0&_nc_zt=24&_nc_ht=scontent-lax7-1.cdninstagram.com&_nc_gid=zGc2a9OhcgkD9J2jotLhBA&oh=00_AfqcrqcCbwigYB2bGwiUzc4ZAj4DfbP2166Sb5YK81QIAg&oe=6965ED96,Bravo teman-teman Perludem💪🙏👍🌹🌹🌷🌷,2025-06-27T00:32:03.000Z,4,0,https://www.instagram.com/p/DLW6lovSykn/c/17904213816195556
https://www.instagram.com/p/DLW6lovSykn/,smoyipmar,smoyipmar,Otniel R. Bessie,False,https://scontent-lax3-2.cdninstagram.com/v/t51.75761-19/496640496_18060731579324061_7480912309753433892_n.jpg?stp=dst-jpg_e0_s150x150_tt6&_nc_cat=100&ig_cache_key=GPAhmh2dVivCIypAACRPszIcitFnbvEnAQAB1501500j-ccb7-5&ccb=7-5&_nc_sid=669407&efg=eyJ2ZW5jb2RlX3RhZyI6InByb2ZpbGVfcGljLnd3dy4xMDgwLkMzIn0%3D&_nc_ohc=XEFtPRYHpXkQ7kNvwG7IcOA&_nc_oc=AdnpFOLfiqI4DunpUdc2uHmxBpQocHfDp2kZuLdBIRyswHawtoSRhIDEyAsutR-7Pxg&_nc_ad=z-m&_nc_cid=0&_nc_zt=24&_nc_ht=scontent-lax3-2.cdninstagram.com&_nc_gid=zGc2a9OhcgkD9J2jotLhBA&oh=00_AfrWGF4pJXqSK5JafmUMoSjNZSsMF1qG54ey3yuWehcOKQ&oe=6965DA63,"Nah iya, keren nih, jd ga puyeng pas liatin surat suara 😭",2025-06-26T18:14:37.000Z,1,0,https://www.instagram.com/p/DLW6lovSykn/c/18070090507962193
https://www.instagram.com/p/DLW6lovSykn/,itzzmepuha,itzzmepuha,Puha,False,https://scontent-lax3-1.cdninstagram.com/v/t51.2885-19/433059480_1074758153804099_7320838992537903381_n.jpg?stp=dst-jpg_e0_s150x150_tt6&_nc_cat=109&ig_cache_key=GJj2zxlDGfqhfNEDABXhDLhG2JhlbkULAAAB1501500j-ccb7-5&ccb=7-5&_nc_sid=669407&efg=eyJ2ZW5jb2RlX3RhZyI6InByb2ZpbGVfcGljLnd3dy4xMDgwLkMzIn0%3D&_nc_ohc=EvwHzb_Q4qIQ7kNvwE5moEI&_nc_oc=AdnjEm8N0j1UUoSAU0x9oPb6zUL9fJ04zwau4KTHqqD445gO1APcIfqxIZ4NW3fc8Ng&_nc_ad=z-m&_nc_cid=0&_nc_zt=24&_nc_ht=scontent-lax3-1.cdninstagram.com&oh=00_Afr_ZyQHBqbQSbsXwG07vhNBTunoE8zYqIOjoX3DvBYHLg&oe=6965D158,proud of u 🤍,2025-06-26T15:26:28.000Z,1,0,https://www.instagram.com/p/DLW6lovSykn/c/18465808522078828
https://www.instagram.com/p/DLW6lovSykn/,emanzuratman,emanzuratman,"K.R.T. Eman Suratman Pawirodipuro, A.Md., S.Tr., Akun",False,https://scontent-lax3-2.cdninstagram.com/v/t51.2885-19/314922676_193432393193258_769447024489721844_n.jpg?stp=dst-jpg_e0_s150x150_tt6&_nc_cat=107&ig_cache_key=GLRWxRIqlxX97K8AAPTvMPj9n60KbkULAAAB1501500j-ccb7-5&ccb=7-5&_nc_sid=669407&efg=eyJ2ZW5jb2RlX3RhZyI6InByb2ZpbGVfcGljLnd3dy4xMDgwLkMzIn0%3D&_nc_ohc=U1lz4VMjFqwQ7kNvwFtdhBf&_nc_oc=AdkplZzAt0mBT2-CyxGZmpLDGhdk2C0biCIcTJdocug7wOm-wE1kiI4Wz2TIpV3ZuLs&_nc_ad=z-m&_nc_cid=0&_nc_zt=24&_nc_ht=scontent-lax3-2.cdninstagram.com&oh=00_Afr0YM-9GlZ-iexe6e0SVlDZdiGsIga0HComkC8XFriHoA&oe=6965D815,"Waaah berita hangat nih, bakal cepat viral",2025-06-26T15:01:02.000Z,1,0,https://www.instagram.com/p/DLW6lovSykn/c/18053182787374173
https://www.instagram.com/p/DLW6lovSykn/,tanggraini,tanggraini,Titi Anggraini 🍉,True,https://scontent-lax3-2.cdninstagram.com/v/t51.82787-19/559220582_18530630089019821_3352095786601584476_n.jpg?stp=dst-jpg_e0_s150x150_tt6&_nc_cat=100&ig_cache_key=GGYHVSGtkeuHgtVBAFyXeJVbCYUubmNDAQAB1501500j-ccb7-5&ccb=7-5&_nc_sid=669407&efg=eyJ2ZW5jb2RlX3RhZyI6InByb2ZpbGVfcGljLnd3dy4xMDgwLkMzIn0%3D&_nc_ohc=Vgrq5a6iWwUQ7kNvwEtANKi&_nc_oc=AdmCvQcusrDI0aFi7TrFs13Ht9PUCS1mxnDCbiaGB0_qxW6ph8GGvk2VGVtq9RsGN_0&_nc_ad=z-m&_nc_cid=0&_nc_zt=24&_nc_ht=scontent-lax3-2.cdninstagram.com&_nc_gid=zGc2a9OhcgkD9J2jotLhBA&oh=00_AfrrfG6Nm2h9V5vl6fAh_voU46wgNE4CR4gbUnec48fF8w&oe=6965D18C,Bravo 👏🔥,2025-06-26T13:51:19.000Z,13,0,https://www.instagram.com/p/DLW6lovSykn/c/18048017099422975
https://www.instagram.com/p/DLW6lovSykn/,delamo_mario80,delamo_mario80,Mario Suma Delamo,False,https://scontent-lax3-1.cdninstagram.com/v/t51.2885-19/464666569_1023407799559592_3123040733452351935_n.jpg?stp=dst-jpg_e0_s150x150_tt6&_nc_cat=102&ig_cache_key=GMk-shuoZVqyyKIDAL_5gCAARVcrbkULAAAB1501500j-ccb7-5&ccb=7-5&_nc_sid=669407&efg=eyJ2ZW5jb2RlX3RhZyI6InByb2ZpbGVfcGljLnd3dy4xMDgwLkMzIn0%3D&_nc_ohc=4MeR3QH1SlMQ7kNvwFoYmhD&_nc_oc=Adkjb5jBlpTk7XoIhOLg1d8ejYOKWdNgBObJzHJ6aOAbM9nThkvYTjXBI-wmo2SpIzw&_nc_ad=z-m&_nc_cid=0&_nc_zt=24&_nc_ht=scontent-lax3-1.cdninstagram.com&oh=00_Afqxnc_g7iQ84gP3YCE_GIHtyBX1MR6GhjbzatL8oofiIQ&oe=6965DB45,SANGATSETUJU,2025-06-26T13:31:44.000Z,1,0,https://www.instagram.com/p/DLW6lovSykn/c/18045669971535992
https://www.instagram.com/p/DLW6lovSykn/,ultimatesolar_,ultimatesolar_,NdupilJezz | Alfillah SP,False,https://scontent-lax7-1.cdninstagram.com/v/t51.82787-19/547874898_18284160406286515_437809386167825716_n.jpg?stp=dst-jpg_e0_s150x150_tt6&_nc_cat=105&ig_cache_key=GFLopyCzcAjWWPVAADR13S1RaRMGbmNDAQAB1501500j-ccb7-5&ccb=7-5&_nc_sid=669407&efg=eyJ2ZW5jb2RlX3RhZyI6InByb2ZpbGVfcGljLnd3dy4xMDgwLkMzIn0%3D&_nc_ohc=axMHbymSKmAQ7kNvwG8BQrw&_nc_oc=AdlQqERVQpEy_LePsqO4rNJqgebWM9gpycqXFTBi2jY52cMoRuPNCvcL_Sxanb-gj6s&_nc_ad=z-m&_nc_cid=0&_nc_zt=24&_nc_ht=scontent-lax7-1.cdninstagram.com&_nc_gid=zGc2a9OhcgkD9J2jotLhBA&oh=00_AfqMbl6eJivIVfNQm4u5eck8n074-Zu5ILvqQk0pBnU6YQ&oe=6965C4BD,Toooppp!,2025-06-26T13:07:10.000Z,1,0,https://www.instagram.com/p/DLW6lovSykn/c/18058517522205580
https://www.instagram.com/p/DLW6lovSykn/,_amhd9,_amhd9,hud,False,https://scontent-lax7-1.cdninstagram.com/v/t51.2885-19/466488000_863795945962734_7639502320549362505_n.jpg?stp=dst-jpg_e0_s150x150_tt6&_nc_cat=101&ig_cache_key=GMAKzhvufIQqnhEDAEn7HX3i9gRqbkULAAAB1501500j-ccb7-5&ccb=7-5&_nc_sid=669407&efg=eyJ2ZW5jb2RlX3RhZyI6InByb2ZpbGVfcGljLnd3dy4xMDgwLkMzIn0%3D&_nc_ohc=lPnXUeMkiXkQ7kNvwHNrH_8&_nc_oc=AdnVuCK6BROAdot7dZ0ChIcyEbZ1LUIkzrbzd9it5X4d5x2UsGTFQ0mJ2UMT-fInU0o&_nc_ad=z-m&_nc_cid=0&_nc_zt=24&_nc_ht=scontent-lax7-1.cdninstagram.com&oh=00_Afq99ETSXdopk-8un-lz34XreVPSJD_xH3-HsMx08E8jYQ&oe=6965E79C,Mantap MK👏🔥,2025-06-26T12:41:19.000Z,1,0,https://www.instagram.com/p/DLW6lovSykn/c/17974733237890926
https://www.instagram.com/p/DLW6lovSykn/,febemanurung,febemanurung,Mentari Pricillia Febe Manurung,False,https://scontent-lax7-1.cdninstagram.com/v/t51.82787-19/542864370_18529172917054725_7866753520852400354_n.jpg?stp=dst-jpg_e0_s150x150_tt6&_nc_cat=105&ig_cache_key=GPJzWyAF7bNBL9RBAOL49bmlUixtbmNDAQAB1501500j-ccb7-5&ccb=7-5&_nc_sid=669407&efg=eyJ2ZW5jb2RlX3RhZyI6InByb2ZpbGVfcGljLnd3dy4xMDgwLkMzIn0%3D&_nc_ohc=gF9_If7inqIQ7kNvwEYrSk-&_nc_oc=AdnC703bxm0215wtl7cDikqv2bZUoePiOSglpih9FpsfmSX4birfDQnlJjsxTwlnkRg&_nc_ad=z-m&_nc_cid=0&_nc_zt=24&_nc_ht=scontent-lax7-1.cdninstagram.com&_nc_gid=zGc2a9OhcgkD9J2jotLhBA&oh=00_AfquAQHzxf9oq1brE-fOZXlDgu4Y6q-HLvyPievv5O4Cqw&oe=6965D620,🔥🔥 top,2025-06-26T12:11:48.000Z,1,0,https://www.instagram.com/p/DLW6lovSykn/c/17854991688417519
https://www.instagram.com/p/DLW6lovSykn/,dindatriwulandr,dindatriwulandr,Dinda Tri Wulandari,False,https://scontent-lax7-1.cdninstagram.com/v/t51.82787-19/550909571_18529733245014691_4681344856454362714_n.jpg?stp=dst-jpg_e0_s150x150_tt6&_nc_cat=101&ig_cache_key=GIM21iCjEtq3sdRBAFp2EBhYevdAbmNDAQAB1501500j-ccb7-5&ccb=7-5&_nc_sid=669407&efg=eyJ2ZW5jb2RlX3RhZyI6InByb2ZpbGVfcGljLnd3dy4xMDgwLkMzIn0%3D&_nc_ohc=xWHOsf02oAAQ7kNvwFlXiF8&_nc_oc=Adm3zc1fs1d8AKj55YvkJvxK0YC63pZpNVKouQ4znMIDDtx02ZQnDUxlojPvtWByVvc&_nc_ad=z-m&_nc_cid=0&_nc_zt=24&_nc_ht=scontent-lax7-1.cdninstagram.com&_nc_gid=zGc2a9OhcgkD9J2jotLhBA&oh=00_AfoAcqktIGCxqilHqoWIGGda0w86GQiUCG6t4UNGlidMVQ&oe=6965DC46,🔥,2025-06-26T10:26:50.000Z,1,0,https://www.instagram.com/p/DLW6lovSykn/c/17952893978980190
https://www.instagram.com/p/DLW6lovSykn/,ezhafr,ezhafr,Ezha Fachriza,False,https://scontent-lax3-1.cdninstagram.com/v/t51.82787-19/610551393_18548501023013616_3317549881131460361_n.jpg?stp=dst-jpg_e0_s150x150_tt6&_nc_cat=104&ig_cache_key=GGFGZCTwupduw_VBAAnnei0KTgoubmNDAQAB1501500j-ccb7-5&ccb=7-5&_nc_sid=669407&efg=eyJ2ZW5jb2RlX3RhZyI6InByb2ZpbGVfcGljLnd3dy4xMDgwLkMzIn0%3D&_nc_ohc=1kTyTy1WVpEQ7kNvwFcq14j&_nc_oc=AdmWDsHDD0lDDeU94-thdd8f9VLNjV7MEAmzLVboUZgVo7tlhBHoKavyH_ah-S3HbMc&_nc_ad=z-m&_nc_cid=0&_nc_zt=24&_nc_ht=scontent-lax3-1.cdninstagram.com&_nc_gid=zGc2a9OhcgkD9J2jotLhBA&oh=00_AfpfqBgPOujwGVhqZPOz4k9Teo_pgyYkSCT2COWvZ0H8dQ&oe=6965EF8D,"Penting bgt untuk meningkatkan awareness warga sama Politik, kalau edukasi politik biasanya cuma pemilu, kalau ada pemilu 5 tahun sekali dan serentak di tahun yg sama, maka kesadaran politik warga cuma ajang 5 tahunan. Dan politisi jg turun ke rakyat lima tahun sekali...🙌 Top MK!",2025-06-26T10:05:34.000Z,30,0,https://www.instagram.com/p/DLW6lovSykn/c/18069506081003575
https://www.instagram.com/p/DLW6lovSykn/,iamhasan_96,iamhasan_96,哈山,False,https://scontent-lax7-1.cdninstagram.com/v/t51.82787-19/590421735_18496298929073822_4812345729361196400_n.jpg?stp=dst-jpg_e0_s150x150_tt6&_nc_cat=105&ig_cache_key=GOceMSOerlMvSbZBAHA18abx4shCbmNDAQAB1501500j-ccb7-5&ccb=7-5&_nc_sid=669407&efg=eyJ2ZW5jb2RlX3RhZyI6InByb2ZpbGVfcGljLnd3dy4xMDgwLkMzIn0%3D&_nc_ohc=RAmCy9EPdvcQ7kNvwHC3J0M&_nc_oc=AdmNB6pzo6H2uzVkrOhnGmFxD9rQoRVwQ7rBY6QB008bMxewuUg_sXTdg9SidvXiAYE&_nc_ad=z-m&_nc_cid=0&_nc_zt=24&_nc_ht=scontent-lax7-1.cdninstagram.com&_nc_gid=zGc2a9OhcgkD9J2jotLhBA&oh=00_AfrR2nATShC0rTuZd3WRvBAlhmO4eeyU3caEebkkJuWrig&oe=6965E75C,Alhamdulillah,2025-06-26T09:26:56.000Z,1,0,https://www.instagram.com/p/DLW6lovSykn/c/17958400232958870
https://www.instagram.com/p/DLW6lovSykn/,roy.hann,roy.hann,Akhmad Royhan Fannani,False,https://scontent-lax7-1.cdninstagram.com/v/t51.2885-19/362365606_210599764936800_1630807308110451352_n.jpg?stp=dst-jpg_e0_s150x150_tt6&_nc_cat=101&ig_cache_key=GKZCmRVgyC0Uir8AAJjSCDmbyqEWbkULAAAB1501500j-ccb7-5&ccb=7-5&_nc_sid=669407&efg=eyJ2ZW5jb2RlX3RhZyI6InByb2ZpbGVfcGljLnd3dy4xMDgwLkMzIn0%3D&_nc_ohc=1CAzS__mq74Q7kNvwFlXtU8&_nc_oc=AdkClrXMdHTiQIUpzhHRwYMuHWjO1r1x_D9XyxX3aS1KjIdZH7RsXGySZx66xsIG0Is&_nc_ad=z-m&_nc_cid=0&_nc_zt=24&_nc_ht=scontent-lax7-1.cdninstagram.com&oh=00_AfparY2wu422TvIwahhmuHh3pEdPf67qCDXaALTU86wq3A&oe=6965F6C9,Game changer,2025-06-26T09:14:24.000Z,1,0,https://www.instagram.com/p/DLW6lovSykn/c/18096221923592303
https://www.instagram.com/p/DLW6lovSykn/,fakih_nafiddin,fakih_nafiddin,Abdul Fakih,False,https://scontent-lax3-2.cdninstagram.com/v/t51.82787-19/567402912_18486432472073429_4979695030052921821_n.jpg?stp=dst-jpg_e0_s150x150_tt6&_nc_cat=103&ig_cache_key=GKDh0SHVhKn4T61BAN0hFQw-bhtFbmNDAQAB1501500j-ccb7-5&ccb=7-5&_nc_sid=669407&efg=eyJ2ZW5jb2RlX3RhZyI6InByb2ZpbGVfcGljLnd3dy4xMDgwLkMzIn0%3D&_nc_ohc=QDrxOIh13JUQ7kNvwFDzgFl&_nc_oc=AdmBGW-O33eAWaiI-O_VYmKjdBJcOAFTvvUEO7W7Oef2rIYBGYtpDiiysjDUTIUdtjQ&_nc_ad=z-m&_nc_cid=0&_nc_zt=24&_nc_ht=scontent-lax3-2.cdninstagram.com&_nc_gid=zGc2a9OhcgkD9J2jotLhBA&oh=00_AfoQrfp--vMtYRG0KjgqfP4rRql6ISyoe0-BUgruGs1g9Q&oe=6965E3BC,👏mantap,2025-06-26T09:03:51.000Z,1,0,https://www.instagram.com/p/DLW6lovSykn/c/18035948168377832
https://www.instagram.com/reel/DGUPrUVhn2j/,roup2085,roup2085,roup,False,https://scontent-iad3-1.cdninstagram.com/v/t51.2885-19/491443482_1750479738848958_6850032459633055766_n.jpg?stp=dst-jpg_e0_s150x150_tt6&_nc_cat=109&ig_cache_key=GBrVSh2_RgVTDTgGABbYUqA6NBBfbkULAAAB1501500j-ccb7-5&ccb=7-5&_nc_sid=669407&efg=eyJ2ZW5jb2RlX3RhZyI6InByb2ZpbGVfcGljLnd3dy43MjAuQzMifQ%3D%3D&_nc_ohc=IVeRts4qX2QQ7kNvwHWyroT&_nc_oc=Adm9_XyTcOnH49O4HJJhX7V_62FxiEXoBHQyMHzwTlDxyFsQ4oGIvnPZj1zVkubmwHI&_nc_ad=z-m&_nc_cid=0&_nc_zt=24&_nc_ht=scontent-iad3-1.cdninstagram.com&oh=00_AfoUeGYRD4LiTx289GqZ0V-u-kWKp9Vh0IkMWynXEjbS4Q&oe=6965F078,Kreeennn🔥🔥,2025-02-25T15:41:52.000Z,0,0,https://www.instagram.com/p/DGUPrUVhn2j/c/18023189039424290
https://www.instagram.com/reel/DGUPrUVhn2j/,her.smilez,her.smilez,aprodite,False,https://scontent-iad3-1.cdninstagram.com/v/t51.89012-19/573323465_1219825463302212_7278921664109726296_n.png?stp=dst-webp_s150x150&_nc_cat=1&ig_cache_key=YW5vbnltb3VzX3Byb2ZpbGVfcGlj.3-ccb7-5&ccb=7-5&_nc_sid=669407&efg=eyJ2ZW5jb2RlX3RhZyI6InByb2ZpbGVfcGljLnd3dy5DMyJ9&_nc_ohc=RNOcSyqJy9IQ7kNvwGfOwjq&_nc_oc=AdnSxk67SRpIw44sLAf82bv7qS_tquixoAJox-fsdbVJcB8JXEZCKdLxafUk1LMf_1w&_nc_ad=z-m&_nc_cid=0&_nc_zt=24&_nc_ht=scontent-iad3-1.cdninstagram.com&_nc_gid=E4fi7LBWJbQgy_L3a-dunw&oh=00_AfoYhoGUWzbKejeHQ-APk5meRR2sj9SKYkkEI61I1F5RXw&oe=6965DD19,ADK ORANG PINTAR SUMUT PUNYA.🔥🔥,2025-02-21T09:36:20.000Z,0,0,https://www.instagram.com/p/DGUPrUVhn2j/c/18048567413206845
https://www.instagram.com/reel/DGUPrUVhn2j/,yanti_ahmadolikurnia,yanti_ahmadolikurnia,Yanti Adk,False,https://scontent-iad3-1.cdninstagram.com/v/t51.82787-19/516062943_18417690973101778_4938527147762386393_n.jpg?stp=dst-jpg_e0_s150x150_tt6&_nc_cat=109&ig_cache_key=GN9_wh7S3gjYym5BANkFAIRGLIlEbmNDAQAB1501500j-ccb7-5&ccb=7-5&_nc_sid=669407&efg=eyJ2ZW5jb2RlX3RhZyI6InByb2ZpbGVfcGljLnd3dy4xMDgwLkMzIn0%3D&_nc_ohc=4NoUVmKAVfAQ7kNvwEm2flY&_nc_oc=AdnddO5zAw07YnF7rBuAIRMhOTghDQyq08_eC9lrufpCOMoG6lgsbbDkEx5yzeZTcj0&_nc_ad=z-m&_nc_cid=0&_nc_zt=24&_nc_ht=scontent-iad3-1.cdninstagram.com&_nc_gid=E4fi7LBWJbQgy_L3a-dunw&oh=00_AfrXYNcGE6RJiewg09v7T5iaY6P4YH7kKDyZEivUUs5xYg&oe=6965E446,Bismillah tetap produktif cinta😍😍,2025-02-21T02:07:04.000Z,0,0,https://www.instagram.com/p/DGUPrUVhn2j/c/17943828755831018
https://www.instagram.com/reel/DGUPrUVhn2j/,fahiraidris,fahiraidris,Fahira Fahmi Idris,True,https://scontent-iad3-1.cdninstagram.com/v/t51.2885-19/456055659_848257830601532_4743891628086082849_n.jpg?stp=dst-jpg_e0_s150x150_tt6&_nc_cat=110&ig_cache_key=GGvbLhs8w6tqfAMDACE9BTFNsNVBbkULAAAB1501500j-ccb7-5&ccb=7-5&_nc_sid=669407&efg=eyJ2ZW5jb2RlX3RhZyI6InByb2ZpbGVfcGljLnd3dy4xMDc2LkMzIn0%3D&_nc_ohc=r_C_DIiTSB4Q7kNvwGdnNnV&_nc_oc=AdnBt-PGDIfbFMVyqBfieB0dGwPLUDxgNs3VyPYogcgQzZsu8NfP3_cqchC91dloZu0&_nc_ad=z-m&_nc_cid=0&_nc_zt=24&_nc_ht=scontent-iad3-1.cdninstagram.com&oh=00_AfqdUG50nIDns67C6csG4j3Ki-bceVeotRg64kOa94pEKA&oe=6965DC3F,Mantaaaaaaaaaaaaaaappppppppp 👏,2025-02-21T01:49:39.000Z,0,0,https://www.instagram.com/p/DGUPrUVhn2j/c/18040801817594694
https://www.instagram.com/reel/DGUPrUVhn2j/,radiansyah527,radiansyah527,Fery Radiansyah,False,https://scontent-iad3-1.cdninstagram.com/v/t51.2885-19/428083450_1126935708657412_7962932635107440014_n.jpg?stp=dst-jpg_e0_s150x150_tt6&_nc_cat=110&ig_cache_key=GPoIhBkEZ5kq8QAEAI618c0KBYJubkULAAAB1501500j-ccb7-5&ccb=7-5&_nc_sid=669407&efg=eyJ2ZW5jb2RlX3RhZyI6InByb2ZpbGVfcGljLnd3dy4xMDgwLkMzIn0%3D&_nc_ohc=xCzmgtdXNPsQ7kNvwG0lYW8&_nc_oc=AdmmsO1mDAeiWFESKfJUoHdXRMhwH3C1Awaih6Kas95H7WBK8ZryDMqZlusbHItcJjA&_nc_ad=z-m&_nc_cid=0&_nc_zt=24&_nc_ht=scontent-iad3-1.cdninstagram.com&oh=00_AfoC-n-sz_oGWRST-X3vlBT9XUkd3Sgh5fm8w1ZHmhYFkA&oe=6965ED68,Gassssss 🔥,2025-02-21T01:34:53.000Z,0,0,https://www.instagram.com/p/DGUPrUVhn2j/c/18486221980058810
https://www.instagram.com/p/DE4DisAyCUS/,moh.habibi93,moh.habibi93,Moh Habibi,False,https://scontent-iad3-1.cdninstagram.com/v/t51.2885-19/118063389_302999064269685_4185314257939956670_n.jpg?stp=dst-jpg_e0_s150x150_tt6&_nc_cat=101&ig_cache_key=GB2BCQd105d3kxMBAL6D45EkORU6bkULAAAB1501500j-ccb7-5&ccb=7-5&_nc_sid=669407&efg=eyJ2ZW5jb2RlX3RhZyI6InByb2ZpbGVfcGljLnd3dy44NTMuQzMifQ%3D%3D&_nc_ohc=TetWfMyJdd8Q7kNvwFZoa_g&_nc_oc=AdnLu1_0DPvhHXPp5EBm7mfKiUlrKG9pjJjbzhtY4Ff8LV7Gm91S2Wd-G9Hb6lqAMeU&_nc_ad=z-m&_nc_cid=0&_nc_zt=24&_nc_ht=scontent-iad3-1.cdninstagram.com&oh=00_Afr6IRKed45v5OeH02Xeww2ouKG3vTQo3HhYSQGVZdmClw&oe=6965E962,Rapat mulu ngabisin anggaran. Nelayan tuh sejahtera in,2025-01-24T10:22:12.000Z,3,0,https://www.instagram.com/p/DE4DisAyCUS/c/18056690350974475
https://www.instagram.com/p/DEU-uttzjL2/,lee_hoohyung,lee_hoohyung,이후형,False,https://scontent-lax3-1.cdninstagram.com/v/t51.82787-19/549185878_18524875297011828_4103347822716315492_n.jpg?stp=dst-jpg_e0_s150x150_tt6&_nc_cat=108&ig_cache_key=GFbpuyB0OJajRtBBAGTn4LIaBfI4bmNDAQAB1501500j-ccb7-5&ccb=7-5&_nc_sid=669407&efg=eyJ2ZW5jb2RlX3RhZyI6InByb2ZpbGVfcGljLnd3dy4xMDgwLkMzIn0%3D&_nc_ohc=j1dQ19GHG2IQ7kNvwGEbQcf&_nc_oc=AdmXMKdDUrZKatOiwsm2-qrq8hcp3M1-frfkriNx2EUHZRUcOiwGUiaQxgLTO8TCxMA&_nc_ad=z-m&_nc_cid=0&_nc_zt=24&_nc_ht=scontent-lax3-1.cdninstagram.com&_nc_gid=eqLqA6KKjc_MvNWeHLmxUQ&oh=00_Afo-yqk0esjaYzk2_zjZIwdXDVNgH6SpfzlhgKud2hCLtA&oe=6965C50C,"Berdasarkan kepemimpinan Pak Sarman, saya yakin APKASI akan sangat dimanfaatkan untuk pembangunan daerah di Indonesia dan kemakmuran nasional .",2025-01-02T21:34:14.000Z,0,0,https://www.instagram.com/p/DEU-uttzjL2/c/17862634893314253
https://www.instagram.com/reel/DD_nS1pTPbK/,amiruddinnur77,amiruddinnur77,amiruddin nur,False,https://scontent-det1-1.cdninstagram.com/v/t51.2885-19/271447877_950852645847943_28363718262376769_n.jpg?stp=dst-jpg_e0_s150x150_tt6&_nc_cat=106&ig_cache_key=GEX3LRCHgzCiy2ADAEHJicemxGQAbkULAAAB1501500j-ccb7-5&ccb=7-5&_nc_sid=669407&efg=eyJ2ZW5jb2RlX3RhZyI6InByb2ZpbGVfcGljLnd3dy4xMDgwLkMzIn0%3D&_nc_ohc=34lKQt-dqzcQ7kNvwHXPpaU&_nc_oc=AdmTlNt0OMh1HrnfVd2PQhaiaBizhNPdAkaok1X0NDOH0n4nehjc8ZTCYc1CI1GEdD4&_nc_ad=z-m&_nc_cid=0&_nc_zt=24&_nc_ht=scontent-det1-1.cdninstagram.com&oh=00_Afr-uJB_vQ0crUxW9bz2StH-A4KPjexSjoAaxVIQQS5vQQ&oe=6965F574,Pengawasan pemilu yg mestinya diperkuat terutama money politic yg terlalu merajalela...bawaslu panwas seakan tdk punya taring...,2024-12-26T00:36:29.000Z,0,0,https://www.instagram.com/p/DD_nS1pTPbK/c/17861950059243466
https://www.instagram.com/p/DD6WuHAyOUH/,wak_bend,wak_bend,Hendri Pebriyan,False,https://scontent-lax3-1.cdninstagram.com/v/t51.2885-19/13328968_239743746400089_602384126_a.jpg?stp=dst-jpg_e0_s150x150_tt6&_nc_cat=110&ig_cache_key=GEhiywBZX9ewC9oAAP6m5yMAAAAAYUULAAAB1501500j-ccb7-5&ccb=7-5&_nc_sid=669407&efg=eyJ2ZW5jb2RlX3RhZyI6InByb2ZpbGVfcGljLnd3dy40ODAuQzMifQ%3D%3D&_nc_ohc=YNpRJ4B4nSAQ7kNvwF_cMgq&_nc_oc=AdlEn6JIS9yL35Wwwcl3fMWtQd0ghh77FfhatvCN3-V3nbEz6ySIBXPxcs3saexzKho&_nc_ad=z-m&_nc_cid=0&_nc_zt=24&_nc_ht=scontent-lax3-1.cdninstagram.com&oh=00_AfrsPUauoxMDDhU0CJ_0C33cqt-HzeAsGwG-b1oQmgOseg&oe=6965C461,Saya setuju dgn gubernur dipilih oleh dprd.,2024-12-24T03:15:02.000Z,0,0,https://www.instagram.com/p/DD6WuHAyOUH/c/18028754567407124
https://www.instagram.com/p/DD6WuHAyOUH/,delfianthanta,delfianthanta,Deltha,False,https://scontent-lax3-2.cdninstagram.com/v/t51.82787-19/591181544_18549782722010735_3011402774605938515_n.jpg?stp=dst-jpg_e0_s150x150_tt6&_nc_cat=103&ig_cache_key=GOi2PCNvXs7Z7eZBAFM-A1DepsopbmNDAQAB1501500j-ccb7-5&ccb=7-5&_nc_sid=669407&efg=eyJ2ZW5jb2RlX3RhZyI6InByb2ZpbGVfcGljLnd3dy4xMDgwLkMzIn0%3D&_nc_ohc=Wxqb_Milq50Q7kNvwEX18hg&_nc_oc=Adl6Io-sE3s7MnjyW1P7IppyacS0d8deeVwHadtPrl6IdHZSsDmCJ2-icM6O6SH3l88&_nc_ad=z-m&_nc_cid=0&_nc_zt=24&_nc_ht=scontent-lax3-2.cdninstagram.com&_nc_gid=FLe-hHl4-a8yN1OPlwk-BA&oh=00_AfpwFkWTBYeJ3jU32Y1ZsXqkGyN_k-gdrOQWuq7CA5bwgQ&oe=6965ED89,"Gubernur di tunjuk Presiden, Bupati/Walikota pilih rakyat",2024-12-23T15:22:18.000Z,1,0,https://www.instagram.com/p/DD6WuHAyOUH/c/17860291968320864
https://www.instagram.com/p/DDqFrq2T3YF/,just_trefoil,just_trefoil,ICIKIWIR,False,https://scontent-sjc3-1.cdninstagram.com/v/t51.2885-19/464007607_1325862205459291_202634624893855915_n.jpg?stp=dst-jpg_e0_s150x150_tt6&_nc_cat=110&ig_cache_key=GLcxqBtbC8dZ3bUEAKso-iMe588CbkULAAAB1501500j-ccb7-5&ccb=7-5&_nc_sid=669407&efg=eyJ2ZW5jb2RlX3RhZyI6InByb2ZpbGVfcGljLnd3dy4xMDgwLkMzIn0%3D&_nc_ohc=TB894vqxttIQ7kNvwH99sYo&_nc_oc=AdlkQqR-kSswOogcC4lPeH_ltHIcODW5VhKfQwQ8Vjc1MWCBmSEKooPuvLNOcOCE8mk&_nc_ad=z-m&_nc_cid=0&_nc_zt=24&_nc_ht=scontent-sjc3-1.cdninstagram.com&oh=00_AfrZuJsHxULRtHzko54MewLUJqOisyGIp6YI_rwQFx8_XA&oe=6965C956,SI OMON-OMON KALO UDAH 100 HARI MENDING DITAHLILIN AJA DEH,2024-12-23T12:39:02.000Z,0,0,https://www.instagram.com/p/DDqFrq2T3YF/c/18102025279474851
https://www.instagram.com/p/DDqFrq2T3YF/,knightwalker789,knightwalker789,mandrake,False,https://scontent-sjc3-1.cdninstagram.com/v/t51.2885-19/456569416_942121147958717_8623435624380205814_n.jpg?stp=dst-jpg_e0_s150x150_tt6&_nc_cat=110&ig_cache_key=GEiyNhu9BVys2lgDAPaKoe4Cmax3bkULAAAB1501500j-ccb7-5&ccb=7-5&_nc_sid=669407&efg=eyJ2ZW5jb2RlX3RhZyI6InByb2ZpbGVfcGljLnd3dy45NjAuQzMifQ%3D%3D&_nc_ohc=wkxNeO3hLawQ7kNvwHBNOEb&_nc_oc=AdkM27Gd6EAe7-vgMYf-H5LBUAIL_S6kj4vI-7bfsbQ34OSQmZIyvKEjW4hoVC84tKo&_nc_ad=z-m&_nc_cid=0&_nc_zt=24&_nc_ht=scontent-sjc3-1.cdninstagram.com&oh=00_AfqXVsj1B7dSnpMfLINYdTkxK21_hK-Fnxh_NPwMELcUKA&oe=6965C62B,Makin ngaco ...😂😂😂,2024-12-22T18:03:10.000Z,0,0,https://www.instagram.com/p/DDqFrq2T3YF/c/18355599460132306
https://www.instagram.com/reel/DDyQwNrPzhy/,imral_martunus,imral_martunus,Imral Martunus,False,https://scontent-dub4-1.cdninstagram.com/v/t51.82787-19/562652756_18412112272113328_712026078442666647_n.jpg?stp=dst-jpg_e0_s150x150_tt6&_nc_cat=102&ig_cache_key=GFRmiSGwPovzt2lBAJe6YyTyn_EJbmNDAQAB1501500j-ccb7-5&ccb=7-5&_nc_sid=669407&efg=eyJ2ZW5jb2RlX3RhZyI6InByb2ZpbGVfcGljLnd3dy4xMDgwLkMzIn0%3D&_nc_ohc=4lpNvtP5IuwQ7kNvwEtwLmJ&_nc_oc=Adn8vtemzD8k3g4flHvk2M3p-Tsa5Cfre1f8IS2XZbkhq93fA9UrIbZfWBZ-uLEr-Js&_nc_ad=z-m&_nc_cid=0&_nc_zt=24&_nc_ht=scontent-dub4-1.cdninstagram.com&_nc_gid=ZNpsS85Kd6-_0p1WpNa88Q&oh=00_Afqk-BMLIOEX5HGj5tz-suvRFdhSfy0G1CIRomPkUJuPpg&oe=6965C4B4,Sekalian aj DPR ny jgn dipilih rakyat tp di tunjuk oleh presiden 😂,2024-12-21T12:54:56.000Z,0,0,https://www.instagram.com/p/DDyQwNrPzhy/c/17872595058247482
https://www.instagram.com/reel/DDyQwNrPzhy/,imamdanakurnia,imamdanakurnia,Imam Dana Kurnia,False,https://scontent-dub4-1.cdninstagram.com/v/t51.2885-19/491447145_921563403314125_478217695941171942_n.jpg?stp=dst-jpg_e0_s150x150_tt6&_nc_cat=105&ig_cache_key=GGnjSh3N40ozKEYDAOYa4fN1_KIGbkULAAAB1501500j-ccb7-5&ccb=7-5&_nc_sid=669407&efg=eyJ2ZW5jb2RlX3RhZyI6InByb2ZpbGVfcGljLnd3dy4xMDgwLkMzIn0%3D&_nc_ohc=TeSGDhpGBiEQ7kNvwFmRIye&_nc_oc=Adl7R1vI5HxgfaUfFCh_QBCgxoZZHBj-3U_RZsfWn9SI9xp31fEaue3AvaMI6l9YC5w&_nc_ad=z-m&_nc_cid=0&_nc_zt=24&_nc_ht=scontent-dub4-1.cdninstagram.com&oh=00_AfqPVmY3t_8g0To2MCthFAgrCZNlBkYZgPSrTShK0GKOnA&oe=6965F86D,Keren p.ketua..,2024-12-21T12:06:16.000Z,0,0,https://www.instagram.com/p/DDyQwNrPzhy/c/17890141626137812
https://www.instagram.com/reel/DDyQwNrPzhy/,didisugali,didisugali,Didi Sugali,False,https://scontent-dub4-1.cdninstagram.com/v/t51.2885-19/395334815_2409020685924989_892389563926283584_n.jpg?stp=dst-jpg_e0_s150x150_tt6&_nc_cat=105&ig_cache_key=GJ9UkBd9uj3W-Y4IAECFF4_UZ2IMbkULAAAB1501500j-ccb7-5&ccb=7-5&_nc_sid=669407&efg=eyJ2ZW5jb2RlX3RhZyI6InByb2ZpbGVfcGljLnd3dy4zMjAuQzMifQ%3D%3D&_nc_ohc=plnnVYI9SXsQ7kNvwGS-bwa&_nc_oc=AdlVTrHrB8eCbz8ZoqimUfH08W_VeOGh5Rn-Lmy27YfQtkGdPwi4pX_6m_jRj39340A&_nc_ad=z-m&_nc_cid=0&_nc_zt=24&_nc_ht=scontent-dub4-1.cdninstagram.com&oh=00_AfpgD1j4juZDI3zfxXgVzEWY0ws5zcs2ZfoTTzOvomAq8Q&oe=6965D487,"PKB di daerah juga gitu, gak tahan kalau jadi oposisi 😂",2024-12-20T04:45:48.000Z,0,0,https://www.instagram.com/p/DDyQwNrPzhy/c/18068178595689116
https://www.instagram.com/reel/DDyQwNrPzhy/,rhasanbasori,rhasanbasori,R Hasan Basori,False,https://scontent-dub4-1.cdninstagram.com/v/t51.2885-19/294444814_574468417538033_6332429265652383489_n.jpg?stp=dst-jpg_e0_s150x150_tt6&_nc_cat=102&ig_cache_key=GA7fjBHxR-bZeQoCAAF-f9DdTuFXbkULAAAB1501500j-ccb7-5&ccb=7-5&_nc_sid=669407&efg=eyJ2ZW5jb2RlX3RhZyI6InByb2ZpbGVfcGljLnd3dy45NTMuQzMifQ%3D%3D&_nc_ohc=67d9d_0uVeoQ7kNvwGrT1tZ&_nc_oc=Adn6or3jv2-s9sHlzFEi2DBJH8xVm3PI0JM-_j1clbFftCoyjAyc1O33kPYaM-kqHfc&_nc_ad=z-m&_nc_cid=0&_nc_zt=24&_nc_ht=scontent-dub4-1.cdninstagram.com&oh=00_AfqoEFpweXzELX1wflr0aKkWTjD5yxcXYdEUH_v5CC1qLA&oe=6965CBD7,Mantap ketua.. sangat logis dan realistis.. setuju.,2024-12-20T04:45:04.000Z,0,0,https://www.instagram.com/p/DDyQwNrPzhy/c/17852386473357931
https://www.instagram.com/reel/DDyQwNrPzhy/,tantan.taufik.756,tantan.taufik.756,Tantan Taufik,False,https://scontent-dub4-1.cdninstagram.com/v/t51.82787-19/529879683_18050669399543415_7265847626596062931_n.jpg?stp=dst-jpg_e0_s150x150_tt6&_nc_cat=110&ig_cache_key=GINSlR93joT5-CBAANOWX5fredVkbmNDAQAB1501500j-ccb7-5&ccb=7-5&_nc_sid=669407&efg=eyJ2ZW5jb2RlX3RhZyI6InByb2ZpbGVfcGljLnd3dy4xMDgwLkMzIn0%3D&_nc_ohc=F_5xUHbG46oQ7kNvwHNXRF2&_nc_oc=Adn4tiAWErUXo8mNE-alpnzpqH-W1xYRPYOwVXy_RW_CzWKn0b2CD1XFc8zSvIdhJjk&_nc_ad=z-m&_nc_cid=0&_nc_zt=24&_nc_ht=scontent-dub4-1.cdninstagram.com&_nc_gid=ZNpsS85Kd6-_0p1WpNa88Q&oh=00_AfplYvOIuztcEEn9HGR51SLdTtzVT6NjbiiIVGAumNU6nw&oe=6965DFF1,"Sekalian Aja Dengan Walikota dan Bupati nyak Gus dipilih oleh oleh para Wakil Rakyat selain dari Gubernur di 2029 Kasian Gus di bawah gemuruh akibat komplit politik karena beda pilihan tidak sekuat mentalnya dibanding dengan Para wakil Rakyat biarlah puting beliung efek politik di caper di oleh Meja meja para Dewan wakil Rakyat, dengan begitu Wakil Rakyat ikut meminimalisir deruhnya arus politik yang beberapa saat ini telah mengganggu kegiatan perekonomian masyarakat yang sempat terkendala Pak KetuM 🙏🏻☺🙏🏻",2024-12-20T04:39:23.000Z,0,0,https://www.instagram.com/p/DDyQwNrPzhy/c/18125031253401034
https://www.instagram.com/reel/DDyQwNrPzhy/,ronald_ellyza_eka_putra,ronald_ellyza_eka_putra,Ronald Ellyza Eka Putra,False,https://scontent-dub4-1.cdninstagram.com/v/t51.2885-19/273419492_525746032486751_3416346368041934923_n.jpg?stp=dst-jpg_e0_s150x150_tt6&_nc_cat=110&ig_cache_key=GOQMTBBfKYLJKd4BAEvg1dDrTGkvbkULAAAB1501500j-ccb7-5&ccb=7-5&_nc_sid=669407&efg=eyJ2ZW5jb2RlX3RhZyI6InByb2ZpbGVfcGljLnd3dy43MDEuQzMifQ%3D%3D&_nc_ohc=yK5vFj9qXbEQ7kNvwHhXqjq&_nc_oc=AdnK7crakUqzcsG2TPWqvoJBc2oPkYCVLrC5qxTIfrhnxYBQ2tSSVeMlwldfqRXD9Ns&_nc_ad=z-m&_nc_cid=0&_nc_zt=24&_nc_ht=scontent-dub4-1.cdninstagram.com&oh=00_AfplJNxTBGD2IIUS8CdyQXPu0OJnF2Cd-DrDnddZqvnREA&oe=6965F562,Agar bisa sejalan Pemerintah Pusat dengan Pemerintah Daerah. Salut🙌 pada Bapak 🙏,2024-12-20T03:46:26.000Z,0,0,https://www.instagram.com/p/DDyQwNrPzhy/c/18030597794403815
https://www.instagram.com/p/DDqFrq2T3YF/,vendetta_0611,vendetta_0611,JudgeBao,False,https://scontent-sjc3-1.cdninstagram.com/v/t51.2885-19/468264112_552024387742353_5871998254895488287_n.jpg?stp=dst-jpg_e0_s150x150_tt6&_nc_cat=106&ig_cache_key=GLAk6RuR6okxEPYBAB9dwjhNh31RbkULAAAB1501500j-ccb7-5&ccb=7-5&_nc_sid=669407&efg=eyJ2ZW5jb2RlX3RhZyI6InByb2ZpbGVfcGljLnd3dy40NzcuQzMifQ%3D%3D&_nc_ohc=j2RJKnrDEb0Q7kNvwFJv09I&_nc_oc=AdmclvF82uIWec1fzWpAAl3-w4grbFm-a7vmVtEoju7ENfm_XFmGX9pcJHH7V8hW-EU&_nc_ad=z-m&_nc_cid=0&_nc_zt=24&_nc_ht=scontent-sjc3-1.cdninstagram.com&oh=00_AfpFlPhLTvumv8mkEMR5sEp6t0-Tdeqmxi2gS6pmuwAw6A&oe=6965EB81,PESTA DEMOKRASI RAKYAT DIHANCURKAN dimulai dr kel rendah adab pinokowi nitiputro FFFF nipunegoro kmdian virus ini menular ke mana mana,2024-12-20T01:44:43.000Z,0,0,https://www.instagram.com/p/DDqFrq2T3YF/c/18072205726726723
https://www.instagram.com/p/DDqFrq2T3YF/,vendetta_0611,vendetta_0611,JudgeBao,False,https://scontent-sjc3-1.cdninstagram.com/v/t51.2885-19/468264112_552024387742353_5871998254895488287_n.jpg?stp=dst-jpg_e0_s150x150_tt6&_nc_cat=106&ig_cache_key=GLAk6RuR6okxEPYBAB9dwjhNh31RbkULAAAB1501500j-ccb7-5&ccb=7-5&_nc_sid=669407&efg=eyJ2ZW5jb2RlX3RhZyI6InByb2ZpbGVfcGljLnd3dy40NzcuQzMifQ%3D%3D&_nc_ohc=j2RJKnrDEb0Q7kNvwFJv09I&_nc_oc=AdmclvF82uIWec1fzWpAAl3-w4grbFm-a7vmVtEoju7ENfm_XFmGX9pcJHH7V8hW-EU&_nc_ad=z-m&_nc_cid=0&_nc_zt=24&_nc_ht=scontent-sjc3-1.cdninstagram.com&oh=00_AfpFlPhLTvumv8mkEMR5sEp6t0-Tdeqmxi2gS6pmuwAw6A&oe=6965EB81,Uang yg di korupsi JAUH LBH BESAR omon omon saja ; hasil kekayaan alam contoh blok medan apa kabar ? Pemilu malah dptnya fufufafa NKRI RUGI BESAR ditipu oleh kel rendah adab moral obok obok uu konstitusi pinokowi nitiputro ffff nipunegoro,2024-12-20T01:43:31.000Z,0,0,https://www.instagram.com/p/DDqFrq2T3YF/c/17940388472937185
https://www.instagram.com/p/DDhOVk1Tbg2/,regarpn,regarpn,rega PN,False,https://scontent-lax7-1.cdninstagram.com/v/t51.2885-19/453898354_489719920428414_2032448861446190918_n.jpg?stp=dst-jpg_e0_s150x150_tt6&_nc_cat=101&ig_cache_key=GHLwDRt_heXNZb0BAEa3pZp4tTQcbkULAAAB1501500j-ccb7-5&ccb=7-5&_nc_sid=669407&efg=eyJ2ZW5jb2RlX3RhZyI6InByb2ZpbGVfcGljLnd3dy4xMDY1LkMzIn0%3D&_nc_ohc=bcWfIzOqVLQQ7kNvwE-cg7p&_nc_oc=AdlTf1qGFJy-3Lz-nO1-NAg6Wkkdz3yH0_txKTIIje5a2Cd9hBqwW5pLtcvaFKlMtAs&_nc_ad=z-m&_nc_cid=0&_nc_zt=24&_nc_ht=scontent-lax7-1.cdninstagram.com&oh=00_AfokIlWmxtuKRYxAepF7dy3yBXGktfRrIDbiuC-ZSS9YgQ&oe=6965CBC2,"Merasa jadi korban, padahal pelaku utama",2024-12-19T03:38:28.000Z,0,0,https://www.instagram.com/p/DDhOVk1Tbg2/c/18252934762274226
https://www.instagram.com/p/DDqFrq2T3YF/,putrisetyopertiwii,putrisetyopertiwii,Putri Setyo,False,https://scontent-sjc6-1.cdninstagram.com/v/t51.82787-19/610902964_18434009317106351_2675056968324294911_n.jpg?stp=dst-jpg_e0_s150x150_tt6&_nc_cat=108&ig_cache_key=GLSjaSSv4iFBon1BAP8o574jth8lbmNDAQAB1501500j-ccb7-5&ccb=7-5&_nc_sid=669407&efg=eyJ2ZW5jb2RlX3RhZyI6InByb2ZpbGVfcGljLnd3dy4xMDc4LkMzIn0%3D&_nc_ohc=tJH_qaQvSlEQ7kNvwG6Z58s&_nc_oc=AdlH7TUWScIUIdQjwyXVhVMXqeidmWVFPRsT8n6AYQ3cBegru_XWo6xUzbkGApFaYJE&_nc_ad=z-m&_nc_cid=0&_nc_zt=24&_nc_ht=scontent-sjc6-1.cdninstagram.com&_nc_gid=nzgRWd2062SSKCFnxseTxw&oh=00_AfrGfYHUzGCxDwlekXWZUIsB598hHBTQZfWx1Q6V6I_IUA&oe=6965E03B,mudeng pora to pak,2024-12-19T01:42:11.000Z,0,0,https://www.instagram.com/p/DDqFrq2T3YF/c/18041668478211032
https://www.instagram.com/p/DDqFrq2T3YF/,ovvovv_,ovvovv_,VVo VVo,False,https://scontent-sjc3-1.cdninstagram.com/v/t51.82787-19/608857676_18552377464019982_3578509860176034292_n.jpg?stp=dst-jpg_e0_s150x150_tt6&_nc_cat=105&ig_cache_key=GExuSiQOXHv8SelBAPR5BhHCa6kxbmNDAQAB1501500j-ccb7-5&ccb=7-5&_nc_sid=669407&efg=eyJ2ZW5jb2RlX3RhZyI6InByb2ZpbGVfcGljLnd3dy4xMDgwLkMzIn0%3D&_nc_ohc=3h9V53P_o0IQ7kNvwEYPtAI&_nc_oc=Adltw43iFG-EgUCOkipOWS9HDrDRwDAxzswpWAiEM6WJ6mLpl5T6xWfaeDvJV37RdbQ&_nc_ad=z-m&_nc_cid=0&_nc_zt=24&_nc_ht=scontent-sjc3-1.cdninstagram.com&_nc_gid=nzgRWd2062SSKCFnxseTxw&oh=00_AfoRhoSKcErZbX4kV92F6KTZzNc8CewDqFB-GL7GAVLdTQ&oe=6965C6FF,"Wkwks 🤣 kan jadi ga butuh rakyat lagi, selamat kalian terhadap pemimpin kalian.",2024-12-18T09:33:36.000Z,0,0,https://www.instagram.com/p/DDqFrq2T3YF/c/17861995266298202
https://www.instagram.com/p/DDqFrq2T3YF/,devinobuyung,devinobuyung,buyung devino,False,https://scontent-sjc3-1.cdninstagram.com/v/t51.2885-19/360056377_1322609225020858_1917039637799767293_n.jpg?stp=dst-jpg_e0_s150x150_tt6&_nc_cat=103&ig_cache_key=GDkGdhW6tQj157IEAP0MZsdksZoabkULAAAB1501500j-ccb7-5&ccb=7-5&_nc_sid=669407&efg=eyJ2ZW5jb2RlX3RhZyI6InByb2ZpbGVfcGljLnd3dy43NjguQzMifQ%3D%3D&_nc_ohc=c25yJmrFgh0Q7kNvwEeFxko&_nc_oc=Adn2yBes84ZczQ2lqnNthW8TuJni4iMkcsl1UjmeXwFFL5Oyrg_qFiB9XoCF5RtaXpA&_nc_ad=z-m&_nc_cid=0&_nc_zt=24&_nc_ht=scontent-sjc3-1.cdninstagram.com&oh=00_AfojZC2rKi3yDYABZQWR1zvPptlOnr2jDUC87XsVAlklPw&oe=6965EBB6,Cuan lagi... Cuan lagi 😂😂😂😂,2024-12-18T01:35:51.000Z,0,0,https://www.instagram.com/p/DDqFrq2T3YF/c/18119215507418376
https://www.instagram.com/p/DDoD11uyNMo/,wahyu_123411,wahyu_123411,lion,False,https://scontent-sea1-1.cdninstagram.com/v/t51.2885-19/457610732_1737057263778354_2227977573383048252_n.jpg?stp=dst-jpg_e0_s150x150_tt6&_nc_cat=108&ig_cache_key=GOyVRhsyeikp2CsGADyMCHXMXesebkULAAAB1501500j-ccb7-5&ccb=7-5&_nc_sid=669407&efg=eyJ2ZW5jb2RlX3RhZyI6InByb2ZpbGVfcGljLnd3dy42MzMuQzMifQ%3D%3D&_nc_ohc=kZ6PEpk2km4Q7kNvwH9GW1-&_nc_oc=Adl41jI8jGVDB-A0oKns1oA_UA-4uD3EbjQQEjT-Ap3Zr6rVj3Vm3-elGv_qH-eg9nk&_nc_ad=z-m&_nc_cid=0&_nc_zt=24&_nc_ht=scontent-sea1-1.cdninstagram.com&oh=00_AfrPOSAkMkWfAZeJpbKDHWB3veTcewVoTWKUKOqoRqefrw&oe=6965D919,Suruh dia berantas aja korupsi makan sistem itu akan dipatuhi dengn sendirinya karena semua akan takut bermain2,2024-12-18T01:25:22.000Z,0,0,https://www.instagram.com/p/DDoD11uyNMo/c/17872255542162627
https://www.instagram.com/p/DDhOVk1Tbg2/,liahigtlight,liahigtlight,,False,https://scontent-lax3-1.cdninstagram.com/v/t51.2885-19/166333706_442716153506539_8490741198591944915_n.jpg?stp=dst-jpg_e0_s150x150_tt6&_nc_cat=110&ig_cache_key=GAoN6gnr6hDjpZIBANPo2F0iLNV1bkULAAAB1501500j-ccb7-5&ccb=7-5&_nc_sid=669407&efg=eyJ2ZW5jb2RlX3RhZyI6InByb2ZpbGVfcGljLnd3dy4zMjAuQzMifQ%3D%3D&_nc_ohc=q9wunPH38kUQ7kNvwH4ixYa&_nc_oc=AdkyDDHyXo5dwtSeuYu9brktu5MdjUVZPl2p0BUme8QqO-6JecP6tWkRpgKb4nAPwcU&_nc_ad=z-m&_nc_cid=0&_nc_zt=24&_nc_ht=scontent-lax3-1.cdninstagram.com&oh=00_AfoWTKb1-jzpqnLUbfeLEZW0PBl-bapt-TaNhzk8dNamjg&oe=6965E352,wes podo wae siapapun pemimpin nya wong cikik seng sengsara,2024-12-18T01:15:38.000Z,0,0,https://www.instagram.com/p/DDhOVk1Tbg2/c/18034076015377216
https://www.instagram.com/p/DDqFrq2T3YF/,cukom_adizero_sales_wifi,cukom_adizero_sales_wifi,Sales ION Tasikmalaya,False,https://scontent-sjc6-1.cdninstagram.com/v/t51.75761-19/495347319_17931755139039990_4373754301794304538_n.jpg?stp=dst-jpg_e0_s150x150_tt6&_nc_cat=101&ig_cache_key=GHdmhh32AkMX1rQ-ABpCSUVdsrI8bvEnAQAB1501500j-ccb7-5&ccb=7-5&_nc_sid=669407&efg=eyJ2ZW5jb2RlX3RhZyI6InByb2ZpbGVfcGljLnd3dy4xMDgwLkMzIn0%3D&_nc_ohc=j2lWFIlE6qoQ7kNvwGkd4pO&_nc_oc=AdlyzLxtQuRfoChH7vOBGFrbLCO00Z99gmQNpLWRPraKQX8oQ_F-8k7xnaq30W0evl4&_nc_ad=z-m&_nc_cid=0&_nc_zt=24&_nc_ht=scontent-sjc6-1.cdninstagram.com&_nc_gid=nzgRWd2062SSKCFnxseTxw&oh=00_Afp8y59ax8GpHJ9SNZYq7lHv0XBJMfLwVd9OdShVfis-gw&oe=6965DBAB,Hadeuh,2024-12-18T00:39:31.000Z,0,0,https://www.instagram.com/p/DDqFrq2T3YF/c/17996863406678961
https://www.instagram.com/p/DDhOVk1Tbg2/,marsudim220,marsudim220,Marsudi,False,https://scontent-lax3-1.cdninstagram.com/v/t51.82787-19/583445893_18218914360308423_6889707612414869886_n.jpg?stp=dst-jpg_e0_s150x150_tt6&_nc_cat=108&ig_cache_key=GIWtxiLHsqOOAbpAAH4BS-yRKJ1fbmNDAQAB1501500j-ccb7-5&ccb=7-5&_nc_sid=669407&efg=eyJ2ZW5jb2RlX3RhZyI6InByb2ZpbGVfcGljLnd3dy40MTkuQzMifQ%3D%3D&_nc_ohc=kIUBlbHumO0Q7kNvwHZGd9b&_nc_oc=AdnV77j97549j6U5afTaxz686q8ndOS8HI3XBA7Ww4T42BzInQ_tkj1AuQeKkzNvTpE&_nc_ad=z-m&_nc_cid=0&_nc_zt=24&_nc_ht=scontent-lax3-1.cdninstagram.com&_nc_gid=yNZgDv0LgU7Wd-ti9_TFhQ&oh=00_AfrfD4q4nycw-BTKwfqEB2CUZDLeqHDBsp4WNU1OCWc04g&oe=6965CF26,"Tombol Diktaktor mulai kelihatan, suara rakyat di exploitasi demi kepentingan golongan ini saya gak setuju yang notabene semua bisa di kendalikan satu orang atau kelompok.. ini matinya Demokrasi di Indonesia....",2024-12-17T12:50:52.000Z,0,0,https://www.instagram.com/p/DDhOVk1Tbg2/c/18387225160096320
https://www.instagram.com/p/DDqFrq2T3YF/,sahidibnu,sahidibnu,greenland artic,False,https://scontent-sjc6-1.cdninstagram.com/v/t51.2885-19/220818315_428173761612920_4937956106041983908_n.jpg?stp=dst-jpg_e0_s150x150_tt6&_nc_cat=104&ig_cache_key=GItrKQ14jPb4a4UBAKSDGoHqJIdEbkULAAAB1501500j-ccb7-5&ccb=7-5&_nc_sid=669407&efg=eyJ2ZW5jb2RlX3RhZyI6InByb2ZpbGVfcGljLnd3dy43MjAuQzMifQ%3D%3D&_nc_ohc=fpmYaZwz3J8Q7kNvwGbZZdx&_nc_oc=Adnb39RwJosVCIwMBRwvCAInUHl1sYHhfSWC40Zg_1GKeDh00_fu8wGOY-kRRt3sRtw&_nc_ad=z-m&_nc_cid=0&_nc_zt=24&_nc_ht=scontent-sjc6-1.cdninstagram.com&oh=00_AfoMElNVergA4-MtqSOnxk-hVSdHzRBlhOnLD5NZGEISeA&oe=6965E8AA,Kalau parpolnya sehat boleh,2024-12-17T10:09:10.000Z,0,0,https://www.instagram.com/p/DDqFrq2T3YF/c/18065776423773061
https://www.instagram.com/p/DDhOVk1Tbg2/,bobvahn,bobvahn,Bobby Aswad,False,https://scontent-lax3-1.cdninstagram.com/v/t51.2885-19/56367455_2103808769910631_6943990200892653568_n.jpg?stp=dst-jpg_e0_s150x150_tt6&_nc_cat=109&ig_cache_key=GF8ZXANn52cmZ3kHAAAAAABMAl5gbkULAAAB1501500j-ccb7-5&ccb=7-5&_nc_sid=669407&efg=eyJ2ZW5jb2RlX3RhZyI6InByb2ZpbGVfcGljLnd3dy4zMDAuQzMifQ%3D%3D&_nc_ohc=tQYnzp7OSPIQ7kNvwH22xOh&_nc_oc=AdlEilbj1QlZorVwupxqgWxzgb3pMwE3gH7XAmQX06fdjE6YV3UkZyjlbVx5AXRTNiQ&_nc_ad=z-m&_nc_cid=0&_nc_zt=24&_nc_ht=scontent-lax3-1.cdninstagram.com&oh=00_Afp5pF1sMBxaY5KaF2U7ZdTdB5D-CKvhPC4ncZxWbJj5jQ&oe=6965F72D,Bahaya kalo semua partai dibawah kekuasaan dinasti. kpk dan Mk saja sudah lemah.,2024-12-17T07:07:42.000Z,0,0,https://www.instagram.com/p/DDhOVk1Tbg2/c/18386330965103867
https://www.instagram.com/p/DDqFrq2T3YF/,hucinfaraquin,hucinfaraquin,Hucin faraquin,False,https://scontent-sjc3-1.cdninstagram.com/v/t51.2885-19/448792156_1017287303346135_4143341787597069426_n.jpg?stp=dst-jpg_e0_s150x150_tt6&_nc_cat=100&ig_cache_key=GFwGwBrXt1moN50DAHJcwUhnG4A5bkULAAAB1501500j-ccb7-5&ccb=7-5&_nc_sid=669407&efg=eyJ2ZW5jb2RlX3RhZyI6InByb2ZpbGVfcGljLnd3dy4zMjAuQzMifQ%3D%3D&_nc_ohc=RshBcDOn6agQ7kNvwFWJe5l&_nc_oc=Adka_dpPC-eAXB5nYktfpftioZET1zKkQIPQnmMmX5_ToxP7dehIHx--y8dTuwPYzqw&_nc_ad=z-m&_nc_cid=0&_nc_zt=24&_nc_ht=scontent-sjc3-1.cdninstagram.com&oh=00_Afpx-4rH5lzLUE-TE1JumAsWUApDkvuGgg3zQNmpooKDtw&oe=6965C719,Wah sayang pak ga ada dinasti lagi 😂,2024-12-17T06:39:11.000Z,0,0,https://www.instagram.com/p/DDqFrq2T3YF/c/17948965565777960
https://www.instagram.com/p/DDqFrq2T3YF/,indrakevin78,indrakevin78,Indra Kevin,False,https://scontent-sjc3-1.cdninstagram.com/v/t51.2885-19/454410916_1240564433977730_6229572904572326520_n.jpg?stp=dst-jpg_e0_s150x150_tt6&_nc_cat=103&ig_cache_key=GKTCFRuCgWhqSWgEAHiSbg_N43NWbkULAAAB1501500j-ccb7-5&ccb=7-5&_nc_sid=669407&efg=eyJ2ZW5jb2RlX3RhZyI6InByb2ZpbGVfcGljLnd3dy42MDAuQzMifQ%3D%3D&_nc_ohc=IUgSgut2dyYQ7kNvwHdYE98&_nc_oc=Adkqfzes4qXnxk5TfPK7e111UxWMrBqZ5HlP7fu1ZqdnVkDUfHS0qVOWek5ZQhDQkms&_nc_ad=z-m&_nc_cid=0&_nc_zt=24&_nc_ht=scontent-sjc3-1.cdninstagram.com&oh=00_AfpdI4UIkmtQMNsX3QbLoUFtzcs62vvakn184CUu4O89JA&oe=6965DB82,kepercayaan kepada lembaga DPR begitu rendah dan sistem partai politik yg beruang yang punya keistimewaan koq pake alasan anggaran untuk kangkangin kedaulatan rakyat.,2024-12-17T06:24:32.000Z,0,0,https://www.instagram.com/p/DDqFrq2T3YF/c/18263147176266478
https://www.instagram.com/p/DDqFrq2T3YF/,fitme_gallery,fitme_gallery,Fitme Gallery,False,https://scontent-sjc3-1.cdninstagram.com/v/t51.2885-19/323935264_719363139707343_4727001128415903327_n.jpg?stp=dst-jpg_e0_s150x150_tt6&_nc_cat=106&ig_cache_key=GCDcThPPIWjIQY4CAF__GUh7rplBbkULAAAB1501500j-ccb7-5&ccb=7-5&_nc_sid=669407&efg=eyJ2ZW5jb2RlX3RhZyI6InByb2ZpbGVfcGljLnd3dy4xMDYzLkMzIn0%3D&_nc_ohc=T9BiWrUXvd0Q7kNvwFvzImX&_nc_oc=AdldRnZ8RDQNu0njA-eNoeLlx-rwgcqShxvHUMZx6QY-NrT0__h70mJC8sE25NQMhu4&_nc_ad=z-m&_nc_cid=0&_nc_zt=24&_nc_ht=scontent-sjc3-1.cdninstagram.com&oh=00_AfoxP2hkPOLobOllRw0NrMCgSTqc-PvfmkM_e01M2CBSNw&oe=6965CF12,"sekalian aja ganti sistem pemerintahan kerajaan, asal jangan yg onoh jadi rajanya 😂🙌",2024-12-17T05:38:29.000Z,1,0,https://www.instagram.com/p/DDqFrq2T3YF/c/18267465073301626
https://www.instagram.com/p/DDqFrq2T3YF/,fitme_gallery,fitme_gallery,Fitme Gallery,False,https://scontent-sjc3-1.cdninstagram.com/v/t51.2885-19/323935264_719363139707343_4727001128415903327_n.jpg?stp=dst-jpg_e0_s150x150_tt6&_nc_cat=106&ig_cache_key=GCDcThPPIWjIQY4CAF__GUh7rplBbkULAAAB1501500j-ccb7-5&ccb=7-5&_nc_sid=669407&efg=eyJ2ZW5jb2RlX3RhZyI6InByb2ZpbGVfcGljLnd3dy4xMDYzLkMzIn0%3D&_nc_ohc=T9BiWrUXvd0Q7kNvwFvzImX&_nc_oc=AdldRnZ8RDQNu0njA-eNoeLlx-rwgcqShxvHUMZx6QY-NrT0__h70mJC8sE25NQMhu4&_nc_ad=z-m&_nc_cid=0&_nc_zt=24&_nc_ht=scontent-sjc3-1.cdninstagram.com&oh=00_AfoxP2hkPOLobOllRw0NrMCgSTqc-PvfmkM_e01M2CBSNw&oe=6965CF12,gara kalah pilkada dki 😂 muncullah ide kemunduran demokrasi 😂,2024-12-17T05:37:43.000Z,1,0,https://www.instagram.com/p/DDqFrq2T3YF/c/18036922952369159
https://www.instagram.com/p/DDqFrq2T3YF/,medasari_kece,medasari_kece,MEDASARI kece,False,https://scontent-sjc6-1.cdninstagram.com/v/t51.82787-19/522394079_17930631222074613_3763584553359214082_n.jpg?stp=dst-jpg_e0_s150x150_tt6&_nc_cat=107&ig_cache_key=GN8ZIx-1HJdo0LM-AAKGHwE28Do0bmNDAQAB1501500j-ccb7-5&ccb=7-5&_nc_sid=669407&efg=eyJ2ZW5jb2RlX3RhZyI6InByb2ZpbGVfcGljLnd3dy4xMDgwLkMzIn0%3D&_nc_ohc=1Lm8ZA4FGY0Q7kNvwEOAdlv&_nc_oc=AdmMR-dQNqIanmGW_zu--740fM4OUWjUTv8uNAWHyxBx0VZQ1rO__Jwwijt_jHoVzew&_nc_ad=z-m&_nc_cid=0&_nc_zt=24&_nc_ht=scontent-sjc6-1.cdninstagram.com&_nc_gid=nzgRWd2062SSKCFnxseTxw&oh=00_AfrZUbTqjNMKU7h6U1OccDt-D220rZ4j1chTWNVRrThoNg&oe=6965F097,"Hancur sdh demokrasi, semenjak Mulyono berkuasa sampai cawe cawe saat ini",2024-12-17T05:16:04.000Z,0,0,https://www.instagram.com/p/DDqFrq2T3YF/c/18005130998651325
https://www.instagram.com/p/DDoD11uyNMo/,henkyuni,henkyuni,Henky Yuniardhani,False,https://scontent-sea1-1.cdninstagram.com/v/t51.82787-19/525142956_18066677579184188_9090539352555287456_n.jpg?stp=dst-jpg_e0_s150x150_tt6&_nc_cat=100&ig_cache_key=GKwLTR88_GArjC9AAKBzxJ1gFSh_bmNDAQAB1501500j-ccb7-5&ccb=7-5&_nc_sid=669407&efg=eyJ2ZW5jb2RlX3RhZyI6InByb2ZpbGVfcGljLnd3dy43MjAuQzMifQ%3D%3D&_nc_ohc=p6TgO75_1KkQ7kNvwE1GMik&_nc_oc=AdkN7GqU8Q7kblb0UWj_ZmTFlSm_Ul263DEv8VdXfO8XZHid-bQQJw2ipJU5YIZ61Wk&_nc_ad=z-m&_nc_cid=0&_nc_zt=24&_nc_ht=scontent-sea1-1.cdninstagram.com&_nc_gid=PGWtlGTcPTCbv1UKvw9_DQ&oh=00_AfrL-LkYV0IMPrRJ9mlSZg4uwMns0Qi_j4WCcfSD5n2MhA&oe=6965EC5A,Suara 58% mna y...,2024-12-17T03:19:25.000Z,0,0,https://www.instagram.com/p/DDoD11uyNMo/c/18051040975861515
https://www.instagram.com/p/DDhOVk1Tbg2/,harsiman3i,harsiman3i,Harsiman,False,https://scontent-lax3-2.cdninstagram.com/v/t51.82787-19/584740467_18072182345594075_7420397946730692289_n.jpg?stp=dst-jpg_e0_s150x150_tt6&_nc_cat=106&ig_cache_key=GHNu2iLbdAbZjTRAAMG_6xqejPpmbmNDAQAB1501500j-ccb7-5&ccb=7-5&_nc_sid=669407&efg=eyJ2ZW5jb2RlX3RhZyI6InByb2ZpbGVfcGljLnd3dy40NjguQzMifQ%3D%3D&_nc_ohc=HLyfZbyAqocQ7kNvwGPvOcl&_nc_oc=AdmFuC5o853s59tBS6SLnUB4x_aNmrvQ3saTSS60A58AJoj8iF0P_MdhuuShCRYuXUc&_nc_ad=z-m&_nc_cid=0&_nc_zt=24&_nc_ht=scontent-lax3-2.cdninstagram.com&_nc_gid=yNZgDv0LgU7Wd-ti9_TFhQ&oh=00_AfrOeliySPrhf323vvcZQ695NwQstosdLLHP7aV2mrGVTg&oe=6965FB34,Udahlaaaah....pdip udah lewat tinggal nyate sapi ajaaa,2024-12-16T22:02:10.000Z,0,0,https://www.instagram.com/p/DDhOVk1Tbg2/c/18037342322360102
https://www.instagram.com/p/DDhOVk1Tbg2/,f.32.l,f.32.l,Fadillah Bin AL Iyasa,False,https://scontent-lax3-1.cdninstagram.com/v/t51.82787-19/550781948_18525780199051308_824474728728628538_n.jpg?stp=dst-jpg_e0_s150x150_tt6&_nc_cat=102&ig_cache_key=GPxD1CAskPNTGdFBADoNKMRlH3ELbmNDAQAB1501500j-ccb7-5&ccb=7-5&_nc_sid=669407&efg=eyJ2ZW5jb2RlX3RhZyI6InByb2ZpbGVfcGljLnd3dy4xMDgwLkMzIn0%3D&_nc_ohc=EQCMFejAxq4Q7kNvwH3YmYT&_nc_oc=Adk4s1qjr8kue-DHFKpDpUZ227YNTdfJRLwzw82r-0jAVaNk88hgqWTD4F9j3Zsc3zA&_nc_ad=z-m&_nc_cid=0&_nc_zt=24&_nc_ht=scontent-lax3-1.cdninstagram.com&_nc_gid=yNZgDv0LgU7Wd-ti9_TFhQ&oh=00_Afqm1iHjw-LrQBcGE3phIxHWx3YeNmC9sZslSQcj4vieYg&oe=6965F193,POKOKNYA HARAM MEMILIH PASANGAN YG DI CALONKAN DARI PARTAI PDIP,2024-12-16T19:10:37.000Z,0,0,https://www.instagram.com/p/DDhOVk1Tbg2/c/18092192560508689
https://www.instagram.com/p/DDhOVk1Tbg2/,sriwiji845,sriwiji845,sriwiji,False,https://scontent-lax3-1.cdninstagram.com/v/t51.2885-19/468230211_1300960180902212_4225880194978932811_n.jpg?stp=dst-jpg_e0_s150x150_tt6&_nc_cat=102&ig_cache_key=GEOg6BtEGXNlN58EAEvoE82lV6U6bkULAAAB1501500j-ccb7-5&ccb=7-5&_nc_sid=669407&efg=eyJ2ZW5jb2RlX3RhZyI6InByb2ZpbGVfcGljLnd3dy41MzMuQzMifQ%3D%3D&_nc_ohc=SAyICawhI7gQ7kNvwHwgvWr&_nc_oc=AdlEaeNgJn0Y8N8LouRDZn9xmLG0KcjQn0geMaucPpp6uksViCYRD9KARpd5of1RukA&_nc_ad=z-m&_nc_cid=0&_nc_zt=24&_nc_ht=scontent-lax3-1.cdninstagram.com&oh=00_Afp_nez-oiJo_MqfB11bWMRNesCwX59Za8O_PUlkdolDcQ&oe=6965D58A,🔥🔥🔥❤️❤️❤️,2024-12-16T13:35:20.000Z,0,0,https://www.instagram.com/p/DDhOVk1Tbg2/c/18079024591584629
https://www.instagram.com/p/DDhOVk1Tbg2/,hum_puss,hum_puss,Humala Pontas,False,https://scontent-lax3-2.cdninstagram.com/v/t51.2885-19/31855204_1774121802631542_765368308928086016_n.jpg?stp=dst-jpg_e0_s150x150_tt6&_nc_cat=106&ig_cache_key=GGQS5gF2idXrjU0GAAAAAABsIp8KbkULAAAB1501500j-ccb7-5&ccb=7-5&_nc_sid=669407&efg=eyJ2ZW5jb2RlX3RhZyI6InByb2ZpbGVfcGljLnd3dy43NjguQzMifQ%3D%3D&_nc_ohc=Uh9aEzZC22EQ7kNvwFmGQlz&_nc_oc=AdkRhYWwa2tz-1EGDE9zoJ6i31XFqj1j_lgyBvxkDGhYgIIu_H5kzyJyAVlbvpQeNOc&_nc_ad=z-m&_nc_cid=0&_nc_zt=24&_nc_ht=scontent-lax3-2.cdninstagram.com&oh=00_AfrMazvcg9lo22ehF7C01p-Ziw5TuboH9lMKpzXlsjO5cw&oe=6965D80D,TOLAK !!! Harus dipilih langsung oleh RAKYAT,2024-12-16T12:44:23.000Z,0,0,https://www.instagram.com/p/DDhOVk1Tbg2/c/18309720439205974
https://www.instagram.com/p/DDoD11uyNMo/,sanadfaried,sanadfaried,Faried Sanad,False,https://scontent-sea5-1.cdninstagram.com/v/t51.2885-19/20066662_1213395555437688_7325139179426283520_a.jpg?stp=dst-jpg_e0_s150x150_tt6&_nc_cat=103&ig_cache_key=GGYxMgF4zA2rk08EAAAAAABGH6hlYUULAAAB1501500j-ccb7-5&ccb=7-5&_nc_sid=669407&efg=eyJ2ZW5jb2RlX3RhZyI6InByb2ZpbGVfcGljLnd3dy4xMDgwLkMzIn0%3D&_nc_ohc=eh3oJrh3lDUQ7kNvwE3-bTJ&_nc_oc=AdkcG1vdfm24L-Y9m62sR0GzzMdqpAu8mfs2USjopWoB92sluwmF06QyGh8c04wu3k8&_nc_ad=z-m&_nc_cid=0&_nc_zt=24&_nc_ht=scontent-sea5-1.cdninstagram.com&oh=00_Afrde9EPjdtmSjCh8S6lvKhNZE-pIFHfV3mxRYsLrVWRhQ&oe=6965D44D,Waktu zaman Pak SBY ini sdh d rumuskan.. Akhirnya terjadi demo. Keluarlah perpu no. 1/2014...apa mau terulang lagi nanti d demo lg.. Cuma gara2 keinginan urusanPilkada balik lg ke WORD.. Karena sdh pasti akan menguntungkan partai2 besar.. Jgn bikin gaduh.. indonesia msh sakit.. Se baik nya urus saja Negara ini dgn baik.. Rakyat menunggu kebijakan yg berpihak kepada rakyat demi kesejahteraan.. Dr pd sibuk ngurusin soal kekuasaan saja.. Kapan Indonesia mau maju..,2024-12-16T07:16:42.000Z,0,1,https://www.instagram.com/p/DDoD11uyNMo/c/18031088486600780
https://www.instagram.com/p/DDoD11uyNMo/,irulrifiii,irulrifiii,Irul Rifi,False,https://scontent-sea5-1.cdninstagram.com/v/t51.2885-19/130410477_2797134827224229_1367134725299794154_n.jpg?stp=dst-jpg_e0_s150x150_tt6&_nc_cat=107&ig_cache_key=GO3nxQel-MOz_u8JAOpwmA3KCfkSbkULAAAB1501500j-ccb7-5&ccb=7-5&_nc_sid=669407&efg=eyJ2ZW5jb2RlX3RhZyI6InByb2ZpbGVfcGljLnd3dy4xMDgwLkMzIn0%3D&_nc_ohc=wUZLZbwZSm4Q7kNvwH2lutr&_nc_oc=AdmvmQHd2uMkznI-OjCXg5kSIm5osY64m4vVC2jdqe_cxRxr5Fl6JnLr25nKhC-U6WA&_nc_ad=z-m&_nc_cid=0&_nc_zt=24&_nc_ht=scontent-sea5-1.cdninstagram.com&oh=00_AfpkWxn3o4dn0Rqu6CNSxkB8qUAYL8A7FIqfwvOxHRmnuw&oe=6965D68F,"Saya setuju pak prabowo , biaya pemilu mahal , itu salah satu penyebab utama korupsi , karena utk balik modal ya harus korupsi",2024-12-16T07:02:07.000Z,0,0,https://www.instagram.com/p/DDoD11uyNMo/c/17867732973266333
https://www.instagram.com/p/DDhOVk1Tbg2/,adebunawan,adebunawan,Ade Bunawan,False,https://scontent-lax7-1.cdninstagram.com/v/t51.2885-19/465676573_446678148458402_8808172634727983376_n.jpg?stp=dst-jpg_e0_s150x150_tt6&_nc_cat=101&ig_cache_key=GB2pwRuiJ15cQJYBABApR-VX6jx6bkULAAAB1501500j-ccb7-5&ccb=7-5&_nc_sid=669407&efg=eyJ2ZW5jb2RlX3RhZyI6InByb2ZpbGVfcGljLnd3dy4xMDgwLkMzIn0%3D&_nc_ohc=FOHbLSplU7EQ7kNvwFPeSE4&_nc_oc=AdkdcvTZlN7jH1qclK_vdgZGY0XIBsX1JFjWnRx-R0eeFKtLQ9-8uS-hpt59HsaWOY0&_nc_ad=z-m&_nc_cid=0&_nc_zt=24&_nc_ht=scontent-lax7-1.cdninstagram.com&oh=00_AfqHMwSThsPh3_gdStD_RxRLRvCy_CFrsJkfa3PlDrED3g&oe=6965EC8E,Banyak orang marah sekarang 😂,2024-12-16T01:46:48.000Z,0,0,https://www.instagram.com/p/DDhOVk1Tbg2/c/18065213047637515
https://www.instagram.com/p/DDhOVk1Tbg2/,jackast,jackast,'Jökö Sùsilö',False,https://scontent-lax7-1.cdninstagram.com/v/t51.2885-19/11326156_721971154613603_120890335_a.jpg?stp=dst-jpg_e0_tt6&_nc_cat=105&ig_cache_key=GMzSrABjdTUCoZACAN_jNAcAAAAAYUULAAAB1501500j-ccb7-5&ccb=7-5&_nc_sid=669407&efg=eyJ2ZW5jb2RlX3RhZyI6InByb2ZpbGVfcGljLnd3dy4xNTAuQzMifQ%3D%3D&_nc_ohc=ilF3J0SzcioQ7kNvwEkb-s-&_nc_oc=Adl3l9m-bGFrek4-Vcn2JIbglFpPx88n6KjmnXYTuGsYyM7xiehrJpN96i-sz5ianS4&_nc_ad=z-m&_nc_cid=0&_nc_zt=24&_nc_ht=scontent-lax7-1.cdninstagram.com&oh=00_Afpt2mOTOlbxjhIGLGWH5WjhXoF1a90eC-Mzm1xLtjuPfg&oe=6965EF4F,Palingan cuma OMON Omon kayak biasanya ...,2024-12-16T01:46:34.000Z,0,0,https://www.instagram.com/p/DDhOVk1Tbg2/c/18057291907740193
https://www.instagram.com/p/DDhOVk1Tbg2/,ru.na5443,ru.na5443,runa,False,https://scontent-lax3-2.cdninstagram.com/v/t51.89012-19/573323465_1219825463302212_7278921664109726296_n.png?stp=dst-webp_s150x150&_nc_cat=1&ig_cache_key=YW5vbnltb3VzX3Byb2ZpbGVfcGlj.3-ccb7-5&ccb=7-5&_nc_sid=669407&efg=eyJ2ZW5jb2RlX3RhZyI6InByb2ZpbGVfcGljLnd3dy5DMyJ9&_nc_ohc=RNOcSyqJy9IQ7kNvwGMKcXi&_nc_oc=Adn8J4aNL8DlMOkjAzfi9xQyTYMcbeM9y00YjlU4Dggz1gJuSmgk2lfjx_yftEL2htA&_nc_ad=z-m&_nc_cid=0&_nc_zt=24&_nc_ht=scontent-lax3-2.cdninstagram.com&_nc_gid=yNZgDv0LgU7Wd-ti9_TFhQ&oh=00_Afpxb2Klpf3UhNN3CzOwrX7ErCShgriHPbBSyZh-E9OXBw&oe=6965DD19,Alah wong iki omongane Ora kna di cekel,2024-12-15T08:06:57.000Z,0,0,https://www.instagram.com/p/DDhOVk1Tbg2/c/18307367803207916
https://www.instagram.com/p/DDhOVk1Tbg2/,asensuyitno,asensuyitno,Asen Suyitno,False,https://scontent-lax3-1.cdninstagram.com/v/t51.2885-19/308468939_652399806194953_9036247887414249204_n.jpg?stp=dst-jpg_e0_s150x150_tt6&_nc_cat=108&ig_cache_key=GMvcYhIJJbOqWlECAPRGs9eTM2d9bkULAAAB1501500j-ccb7-5&ccb=7-5&_nc_sid=669407&efg=eyJ2ZW5jb2RlX3RhZyI6InByb2ZpbGVfcGljLnd3dy45NDMuQzMifQ%3D%3D&_nc_ohc=uh29AAFpmXQQ7kNvwEzo0rB&_nc_oc=AdlGz3dyF4Hpu4o3oP1PCbnODUVqJYNN3TXOQ868HpM0YW29ewK3KzvoMaSQ1B4snlQ&_nc_ad=z-m&_nc_cid=0&_nc_zt=24&_nc_ht=scontent-lax3-1.cdninstagram.com&oh=00_AfohiTrPZEw4Da8-3UK6ZyRmeULMwoK4GhXsNRKBDo5PVg&oe=6965E23C,Pejabat harus di Pilih Langsung oleh Rakyat bukan Wakil Rakyat🙌,2024-12-15T05:27:44.000Z,0,0,https://www.instagram.com/p/DDhOVk1Tbg2/c/18152700712340341
https://www.instagram.com/p/DDhOVk1Tbg2/,bangjuntaq,bangjuntaq,Bang Juntaq Simanjuntak,False,https://scontent-lax3-2.cdninstagram.com/v/t51.2885-19/325677116_132497786364923_2169290043687609475_n.jpg?stp=dst-jpg_e0_s150x150_tt6&_nc_cat=107&ig_cache_key=GDxwaRP7Y32LgXgAAIOkyiTN3RoebkULAAAB1501500j-ccb7-5&ccb=7-5&_nc_sid=669407&efg=eyJ2ZW5jb2RlX3RhZyI6InByb2ZpbGVfcGljLnd3dy45NjAuQzMifQ%3D%3D&_nc_ohc=0PMbbFssoi8Q7kNvwF9E0pp&_nc_oc=AdnVOBC0-NtRJnWjimIjdf6tVDegYCVIS0E3uQkni2GGIME5O7R67oBvrCN5SPI5PJg&_nc_ad=z-m&_nc_cid=0&_nc_zt=24&_nc_ht=scontent-lax3-2.cdninstagram.com&oh=00_AfowWQYNq_EhFr_-GHXhw8hyLvD3heiMW1oynl_XvlF4Mw&oe=6965D9FD,"Kalau memang partaimu setuju, dukung dong supaya cepat diputuskan, jangan lempar bola pula 😂",2024-12-15T04:31:30.000Z,0,0,https://www.instagram.com/p/DDhOVk1Tbg2/c/18072685615573957
https://www.instagram.com/p/DDhOVk1Tbg2/,nf_seconbrand,nf_seconbrand,Erigoo,False,https://scontent-lax3-2.cdninstagram.com/v/t51.89012-19/573323465_1219825463302212_7278921664109726296_n.png?stp=dst-webp_s150x150&_nc_cat=1&ig_cache_key=YW5vbnltb3VzX3Byb2ZpbGVfcGlj.3-ccb7-5&ccb=7-5&_nc_sid=669407&efg=eyJ2ZW5jb2RlX3RhZyI6InByb2ZpbGVfcGljLnd3dy5DMyJ9&_nc_ohc=RNOcSyqJy9IQ7kNvwGMKcXi&_nc_oc=Adn8J4aNL8DlMOkjAzfi9xQyTYMcbeM9y00YjlU4Dggz1gJuSmgk2lfjx_yftEL2htA&_nc_ad=z-m&_nc_cid=0&_nc_zt=24&_nc_ht=scontent-lax3-2.cdninstagram.com&_nc_gid=yNZgDv0LgU7Wd-ti9_TFhQ&oh=00_Afpxb2Klpf3UhNN3CzOwrX7ErCShgriHPbBSyZh-E9OXBw&oe=6965DD19,Pdi = Hama,2024-12-15T04:25:44.000Z,0,0,https://www.instagram.com/p/DDhOVk1Tbg2/c/18030710834412867
https://www.instagram.com/reel/DDEj07mMeT5/,sipayoung,sipayoung,Medro Sipayoung,False,https://scontent-dfw6-1.cdninstagram.com/v/t51.2885-19/13734453_221865191540707_1017578372_a.jpg?stp=dst-jpg_e0_s150x150_tt6&_nc_cat=101&ig_cache_key=GDWS0QDjB_4DyckAAIQDpzwAAAAAYUULAAAB1501500j-ccb7-5&ccb=7-5&_nc_sid=669407&efg=eyJ2ZW5jb2RlX3RhZyI6InByb2ZpbGVfcGljLnd3dy4yMDAuQzMifQ%3D%3D&_nc_ohc=MO6hAnuidBcQ7kNvwFEdkHx&_nc_oc=Adm7F6OZ3-87kMo2449Y8p0odpYFo_ce1kimbjD6Kl8NGAyEiA5f4P0FeewaR4DRnZ0&_nc_ad=z-m&_nc_cid=0&_nc_zt=24&_nc_ht=scontent-dfw6-1.cdninstagram.com&oh=00_Afp9UI3WKNzATvoLpZ9kM3EN1ePa3Lwk47l7jS8mFyA7Lg&oe=6965F91D,Dulu ini sempat berjalan zaman pak harto trus klian demo krna kalian bilang tdk demokrasi karna tdk melibatkan suara rakyat 😂😂😂 sekrg klian godok lagi 😂😂😂😂slepet,2024-12-03T08:08:14.000Z,1,0,https://www.instagram.com/p/DDEj07mMeT5/c/18025723589616291
https://www.instagram.com/reel/DDEj07mMeT5/,slamet_nugroho83,slamet_nugroho83,Slamet Nugroho,False,https://scontent-dfw5-3.cdninstagram.com/v/t51.2885-19/449803909_502087145603574_1324409903936658487_n.jpg?stp=dst-jpg_e0_s150x150_tt6&_nc_cat=109&ig_cache_key=GIV2zxr2wfVFpcgBADdcJ2XKP2ESbkULAAAB1501500j-ccb7-5&ccb=7-5&_nc_sid=669407&efg=eyJ2ZW5jb2RlX3RhZyI6InByb2ZpbGVfcGljLnd3dy43MjAuQzMifQ%3D%3D&_nc_ohc=i0ZMRz5bGHwQ7kNvwH7fsiF&_nc_oc=AdkqyBjrQGSB5m_nVNsrfuvH59q4qn7iR7Mk4DEX43caquEaDmyTrce3-SokyNo140g&_nc_ad=z-m&_nc_cid=0&_nc_zt=24&_nc_ht=scontent-dfw5-3.cdninstagram.com&oh=00_Afpgqqty0ftnWoaqP6aSEFpnHSDYcE_Ayo96MWnoDIrwqg&oe=6965D0CB,temen dan kerabat mulyono semua yg jadi pejabat...jgn harap rakyat biasa bisa jadi pejabat,2024-12-03T03:29:10.000Z,1,0,https://www.instagram.com/p/DDEj07mMeT5/c/18063156664749403
https://www.instagram.com/reel/DDEj07mMeT5/,hahahihistickymilky,hahahihistickymilky,HAHAHIHI,False,https://scontent-dfw5-2.cdninstagram.com/v/t51.2885-19/466994682_453463700742161_3611133757245903892_n.jpg?stp=dst-jpg_e0_s150x150_tt6&_nc_cat=100&ig_cache_key=GPrF1RsRIM0_bJwBABRUEAUFUx0ybkULAAAB1501500j-ccb7-5&ccb=7-5&_nc_sid=669407&efg=eyJ2ZW5jb2RlX3RhZyI6InByb2ZpbGVfcGljLnd3dy4xMDgwLkMzIn0%3D&_nc_ohc=zOlu1yayrlwQ7kNvwGUl7gF&_nc_oc=AdnpHh5E3MyPkhygepRkYDtVkpqo5mWq6-c_eVL-_VHEiKnA5StEn4Hv1HzMBDgqCdQ&_nc_ad=z-m&_nc_cid=0&_nc_zt=24&_nc_ht=scontent-dfw5-2.cdninstagram.com&oh=00_Afpps4G8gO3HaE6XOrmgsFwcM5fzbcLE3AV1n-dTQIvsUg&oe=6965DF72,Yah .... Kalo begitu enak yang banyak kursi dong😂,2024-12-03T03:04:14.000Z,0,0,https://www.instagram.com/p/DDEj07mMeT5/c/18021013667556571
https://www.instagram.com/reel/DDEj07mMeT5/,gendhut_gagal_diet,gendhut_gagal_diet,Calon Mayat,False,https://scontent-dfw6-1.cdninstagram.com/v/t51.2885-19/462395675_550502987355430_4988240110236113746_n.jpg?stp=dst-jpg_e0_s150x150_tt6&_nc_cat=103&ig_cache_key=GBuZjxsmVQL3rfQBAFKb_pDzyTlFbkULAAAB1501500j-ccb7-5&ccb=7-5&_nc_sid=669407&efg=eyJ2ZW5jb2RlX3RhZyI6InByb2ZpbGVfcGljLnd3dy4xMDgwLkMzIn0%3D&_nc_ohc=Ct6q0AMup1oQ7kNvwHqWpaf&_nc_oc=Adln2BvZaytJFq4FgrCWFqf2_kAHlZFejBPeZ9BXe6G15N9OqLeNaJkfS0RTjQO6AbI&_nc_ad=z-m&_nc_cid=0&_nc_zt=24&_nc_ht=scontent-dfw6-1.cdninstagram.com&oh=00_AfrKH8lTFzF2t597x7uINGM3AxfXh9rulkJzU5mR53qD_A&oe=6965D351,La ngono opo gunane masarakat,2024-12-02T10:16:56.000Z,0,0,https://www.instagram.com/p/DDEj07mMeT5/c/18068974891594372
https://www.instagram.com/p/DDEUJZKyESl/,fam7_2,fam7_2,,False,https://scontent-lax3-1.cdninstagram.com/v/t51.82787-19/562390819_18088133731907911_258724097388496601_n.jpg?stp=dst-jpg_e0_s150x150_tt6&_nc_cat=110&ig_cache_key=GCNnhSFHeb3RD0NAANnGrB8yLJcDbmNDAQAB1501500j-ccb7-5&ccb=7-5&_nc_sid=669407&efg=eyJ2ZW5jb2RlX3RhZyI6InByb2ZpbGVfcGljLnd3dy4xMDgwLkMzIn0%3D&_nc_ohc=1Ed-zw3fTlcQ7kNvwEy5C1X&_nc_oc=AdkgaDAXVojOiho2_1Nvma-wV1Vqi5K6oDV3M2bLXsxYHeEesTXP1IfgqKjChOucBvs&_nc_ad=z-m&_nc_cid=0&_nc_zt=24&_nc_ht=scontent-lax3-1.cdninstagram.com&_nc_gid=f_WuouKZcom6vMtDsC3OmQ&oh=00_AfpCE_u-15LBq82zTUknvw5SkOFZipr9_uWzi73mJZCpjA&oe=6965F8C8,Dipilih DPRD...,2024-12-02T07:24:46.000Z,0,0,https://www.instagram.com/p/DDEUJZKyESl/c/18083672191550687
https://www.instagram.com/reel/DC-dJlTBmcg/,lastriana.saragih,lastriana.saragih,Lastriana Saragih,False,https://scontent-sea5-1.cdninstagram.com/v/t51.2885-19/482178257_2738769976511081_2912630935240552343_n.jpg?stp=dst-jpg_e0_s150x150_tt6&_nc_cat=102&ig_cache_key=GNF0vRxpSpKT5boJAJev02BnvmsobkULAAAB1501500j-ccb7-5&ccb=7-5&_nc_sid=669407&efg=eyJ2ZW5jb2RlX3RhZyI6InByb2ZpbGVfcGljLnd3dy44MDAuQzMifQ%3D%3D&_nc_ohc=oUWH_4paSuQQ7kNvwFM7Jrd&_nc_oc=Adn7cEflH1ZVdt-CncUoQCaU2WBEPS4xeUrjMUEl48Jxl8DZIBZjSgdUQLBhV7GsGcw&_nc_ad=z-m&_nc_cid=0&_nc_zt=24&_nc_ht=scontent-sea5-1.cdninstagram.com&oh=00_AfrjTakfYHWItOoz6rsMccs4hT8oNmO1Mcn6pMoMDrpduw&oe=6965C89B,❤️🔥👏BravoTNIDanPOLRI,2024-12-01T06:58:42.000Z,2,0,https://www.instagram.com/p/DC-dJlTBmcg/c/18155916907331332
https://www.instagram.com/reel/DC-dJlTBmcg/,_siipull,_siipull,syaiful anwar.,False,https://scontent-sea5-1.cdninstagram.com/v/t51.82787-19/552099995_18059601827616584_5156731428589110663_n.jpg?stp=dst-jpg_e0_s150x150_tt6&_nc_cat=107&ig_cache_key=GJtg6CBIV7i3HClAAIeFJavpY5BHbmNDAQAB1501500j-ccb7-5&ccb=7-5&_nc_sid=669407&efg=eyJ2ZW5jb2RlX3RhZyI6InByb2ZpbGVfcGljLnd3dy4xMDgwLkMzIn0%3D&_nc_ohc=dDFxUMr11xgQ7kNvwGB9DuI&_nc_oc=Adl9_ZM3JUTjHHeOHBhW-PXEXRIRv3JRxbIjQ2rTcN1OLK77duAz6O8SXj-U7tRxOwE&_nc_ad=z-m&_nc_cid=0&_nc_zt=24&_nc_ht=scontent-sea5-1.cdninstagram.com&_nc_gid=qDQVSI55K0p1K4XDBZknEA&oh=00_AfrfmVzp9x_NOkzWIW9goBz59tB0jWDrGcNnTJ8PsVRuAA&oe=6965DBB1,Kabar Polisi yang menembak Gama Ank SMK 4 Semarang Gimana pak?,2024-11-30T02:15:06.000Z,0,0,https://www.instagram.com/p/DC-dJlTBmcg/c/17990324168731039
https://www.instagram.com/reel/DC-dJlTBmcg/,ddkrkha,ddkrkha,,False,https://scontent-sea1-1.cdninstagram.com/v/t51.82787-19/549441849_17997427460821914_3616113601689934712_n.jpg?stp=dst-jpg_e0_s150x150_tt6&_nc_cat=101&ig_cache_key=GDnRvyCaU6yekPA-AHjbL2gpBC8ybmNDAQAB1501500j-ccb7-5&ccb=7-5&_nc_sid=669407&efg=eyJ2ZW5jb2RlX3RhZyI6InByb2ZpbGVfcGljLnd3dy4xMDgwLkMzIn0%3D&_nc_ohc=tteiaWyQ5XsQ7kNvwFmZK5c&_nc_oc=AdlFYwPU6zTaAV3D6Y--ZRwzc_75EYLtDVvPBV8BvHsUKrknR316SU6NtqSY1-hvj7c&_nc_ad=z-m&_nc_cid=0&_nc_zt=24&_nc_ht=scontent-sea1-1.cdninstagram.com&_nc_gid=qDQVSI55K0p1K4XDBZknEA&oh=00_Afo9ZbnW9m6AqQLQVUYCWEgv1yszhC41Cwz1WljBWQjtTg&oe=6965EFFD,Semangat pak polisi🔥🔥🔥🔥🔥🔥🔥🔥🔥🔥,2024-11-30T01:43:11.000Z,1,0,https://www.instagram.com/p/DC-dJlTBmcg/c/17889370656056315
https://www.instagram.com/p/DCwFO-splcs/,pojok_kotaku,pojok_kotaku,𝗣𝗢𝗝𝗢𝗞 𝗞𝗢𝗧𝗔𝗞𝗨,False,https://scontent-dub4-1.cdninstagram.com/v/t51.75761-19/500347716_17959449653943933_4533720669805393446_n.jpg?stp=dst-jpg_e0_s150x150_tt6&_nc_cat=104&ig_cache_key=GESz0h19Hvw4Bs4-ACa2mLLtAus_bvEnAQAB1501500j-ccb7-5&ccb=7-5&_nc_sid=669407&efg=eyJ2ZW5jb2RlX3RhZyI6InByb2ZpbGVfcGljLnd3dy4xMDgwLkMzIn0%3D&_nc_ohc=LR4ZWG2_6bcQ7kNvwGElVeO&_nc_oc=AdkBmoC9kloHs9sZ40HcdLZqyK3XRuoHjEidKoPWUptn22zZ-W4Zv027kIXjINDDNgo&_nc_ad=z-m&_nc_cid=0&_nc_zt=24&_nc_ht=scontent-dub4-1.cdninstagram.com&_nc_gid=2Sr-EQPFLICghJeK8R1GHg&oh=00_Afp8JTzjTclUTcbViR3BVprXq8S3ayTQc8DRHB40rW0pjQ&oe=6965CAD8,Cerita kosong,2024-11-26T08:22:16.000Z,0,0,https://www.instagram.com/p/DCwFO-splcs/c/17868662013248439
https://www.instagram.com/reel/DCvVB8BSlf1/,polsek_ngunut,polsek_ngunut,Pid Polsek Ngunut,False,https://scontent-dfw6-1.cdninstagram.com/v/t51.82787-19/533960509_18370095199183091_912439280827292613_n.jpg?stp=dst-jpg_e0_s150x150_tt6&_nc_cat=103&ig_cache_key=GD2X0x-zYNYWgUNBAMXb0gyxoqkMbmNDAQAB1501500j-ccb7-5&ccb=7-5&_nc_sid=669407&efg=eyJ2ZW5jb2RlX3RhZyI6InByb2ZpbGVfcGljLnd3dy40MzMuQzMifQ%3D%3D&_nc_ohc=ysDfayqeEF0Q7kNvwFOZBFl&_nc_oc=AdmXA44r4won9EpKybCc0WBFqGwvHzFHt63VJ4gmycvVHL7XalMZ397i64wG5fFRo5I&_nc_ad=z-m&_nc_cid=0&_nc_zt=24&_nc_ht=scontent-dfw6-1.cdninstagram.com&_nc_gid=2g-gbGpOB7H1dJTudSfyAA&oh=00_AfqqENHjdAxRKTnaZ7M3Nc3V2wDXu6BJeUzOl122KzSD8A&oe=6965CFA3,🔥,2024-11-25T05:53:23.000Z,0,0,https://www.instagram.com/p/DCvVB8BSlf1/c/18017134007353729
https://www.instagram.com/p/DCwFO-splcs/,owl_citys,owl_citys,,False,https://scontent-dub4-1.cdninstagram.com/v/t51.2885-19/279136825_1288733204983269_8492113157191452540_n.jpg?stp=dst-jpg_e0_s150x150_tt6&_nc_cat=111&ig_cache_key=GDlKoxDlreSUGJQEAHxH0V7sC9p1bkULAAAB1501500j-ccb7-5&ccb=7-5&_nc_sid=669407&efg=eyJ2ZW5jb2RlX3RhZyI6InByb2ZpbGVfcGljLnd3dy43NTAuQzMifQ%3D%3D&_nc_ohc=BQrAALqYyHUQ7kNvwEzu-TY&_nc_oc=Adkyc-INS5_JjIDjGFN_2aUirzW8NS6h1KrGghbraEu05CR7Iy_Upu0nX7o-t1FD1L8&_nc_ad=z-m&_nc_cid=0&_nc_zt=24&_nc_ht=scontent-dub4-1.cdninstagram.com&oh=00_Afo3SKDcSOCO69tDZfcdOOjYMwEi0JMvsg2SPqaWjFU3xA&oe=6965F9B8,Alat perata buang2 duit 🎭,2024-11-24T18:14:44.000Z,0,0,https://www.instagram.com/p/DCwFO-splcs/c/18128386369377056
https://www.instagram.com/p/DCwFO-splcs/,haqim_monika17,haqim_monika17,Sofi Haqim,False,https://scontent-dub4-1.cdninstagram.com/v/t51.2885-19/455738885_1693081778154582_8544872973247006647_n.jpg?stp=dst-jpg_e0_s150x150_tt6&_nc_cat=106&ig_cache_key=GAUGKhtWbPZR2QMGALdHOU2yfJV2bkULAAAB1501500j-ccb7-5&ccb=7-5&_nc_sid=669407&efg=eyJ2ZW5jb2RlX3RhZyI6InByb2ZpbGVfcGljLnd3dy4xMDgwLkMzIn0%3D&_nc_ohc=KDuI3w1zQaMQ7kNvwHgMc2O&_nc_oc=AdlUel475w9lTdTvKAMYEWtz2GGV9YeQOydDEGm5EPG2BtXwpRp5T3iGC2-byqkkC4o&_nc_ad=z-m&_nc_cid=0&_nc_zt=24&_nc_ht=scontent-dub4-1.cdninstagram.com&oh=00_AfqszVB76qicnDnmty0__BgirMHkYhjkpPEYJVFtoPxCAg&oe=6965DAC0,Gedabrus gak ya?,2024-11-24T18:04:28.000Z,0,0,https://www.instagram.com/p/DCwFO-splcs/c/17896056285073975
https://www.instagram.com/p/DCwFO-splcs/,afrizalfernandez_,afrizalfernandez_,Afrizalfernandez,False,https://scontent-dub4-1.cdninstagram.com/v/t51.2885-19/91375199_507173976621834_1888069478747471872_n.jpg?stp=dst-jpg_e0_s150x150_tt6&_nc_cat=103&ig_cache_key=GF9GcgUKQ7ekRc0BAAAAAAAwxTMabkULAAAB1501500j-ccb7-5&ccb=7-5&_nc_sid=669407&efg=eyJ2ZW5jb2RlX3RhZyI6InByb2ZpbGVfcGljLnd3dy42OTYuQzMifQ%3D%3D&_nc_ohc=MM8RHYavkh8Q7kNvwHokg_N&_nc_oc=Adk3_dTjtRILcBgeXhbU_gXRnuZx2rgpeztiMgsmCNLkYiUwiwcycm-cWVNBMJjtd2I&_nc_ad=z-m&_nc_cid=0&_nc_zt=24&_nc_ht=scontent-dub4-1.cdninstagram.com&oh=00_AfqzaqHCAzVRq3H1DBmTSx04G4UmRa3FT1Z2i8OaXUunSA&oe=6965DDAB,Preeeeeeeet!!!😂😂😂,2024-11-24T13:42:41.000Z,0,0,https://www.instagram.com/p/DCwFO-splcs/c/17947481231911507
https://www.instagram.com/p/DCwFO-splcs/,donto_jb,donto_jb,Donto Lim,False,https://scontent-dub4-1.cdninstagram.com/v/t51.2885-19/463990300_1097311178422717_6325413439310816997_n.jpg?stp=dst-jpg_e0_s150x150_tt6&_nc_cat=103&ig_cache_key=GBzupxu9ef_q-_UDAOVmmnMCYshXbkULAAAB1501500j-ccb7-5&ccb=7-5&_nc_sid=669407&efg=eyJ2ZW5jb2RlX3RhZyI6InByb2ZpbGVfcGljLnd3dy40OTEuQzMifQ%3D%3D&_nc_ohc=PsiQHxX0kw0Q7kNvwHwzeHt&_nc_oc=AdndAW0OLR2wpJM5luTZiGLJdiCU9nOjTitwkG6a2iEKLT0_3GrOkFJP0Ky0JHQTBDs&_nc_ad=z-m&_nc_cid=0&_nc_zt=24&_nc_ht=scontent-dub4-1.cdninstagram.com&oh=00_Afo-mHqueK-XNcZ2iZXXaQxMbVI1fp8p31WuJiZQLNg1zQ&oe=6965F7B4,Omdo neh bawaslu anteknya mulyono .. 😂,2024-11-24T11:08:02.000Z,0,0,https://www.instagram.com/p/DCwFO-splcs/c/17888639583133241
https://www.instagram.com/reel/DCVhDHVqYoL/,sandisanjaya947,sandisanjaya947,Sandi Sanjaya,False,https://scontent-sea5-1.cdninstagram.com/v/t51.75761-19/502736460_17948419427987674_8611959140235994267_n.jpg?stp=dst-jpg_e0_s150x150_tt6&_nc_cat=110&ig_cache_key=GEwm9x3a8EgM-sM-AJvk8b0104N3bvEnAQAB1501500j-ccb7-5&ccb=7-5&_nc_sid=669407&efg=eyJ2ZW5jb2RlX3RhZyI6InByb2ZpbGVfcGljLnd3dy43MjAuQzMifQ%3D%3D&_nc_ohc=aZjeiwzM4FIQ7kNvwE6xWzB&_nc_oc=Adk-5i-IYLy29BWW3TpDjh9j4Xe5qdzjolYSdggT1hUGU8z05phuKZ3bxtAbRLos0W4&_nc_ad=z-m&_nc_cid=0&_nc_zt=24&_nc_ht=scontent-sea5-1.cdninstagram.com&_nc_gid=3SBBZFWGiL8W3pgPBRBq1g&oh=00_Afopof-RwjD28ulEvt6Izv96NN6_vC4dnm6yIfEfI3rT4g&oe=6965D2E6,Antirogo sumbersari hadir bolo.. Lanjutkan jih hendy gus firjaun 01 1.niat 1 tujuan 1 istri setia 1.partai pengusung 1 perjuangan Wes ojok talah toleh we lanjutkan pilih yg sdah nyata n terbukti.. Ibarat rumah lama macet di lanjutkan..di banding masih buat rumah baru masih mengulang n biaya baru..rakyat Jember dah cerdas jgn mdh di intimidasi n di iming2i.. Salam waras 01,2024-11-14T05:17:26.000Z,2,0,https://www.instagram.com/p/DCVhDHVqYoL/c/18030856961381397
https://www.instagram.com/reel/DBv5Dpdqwas/,elull_88,elull_88,KHAIRUL ANWAR,False,https://scontent-lax3-2.cdninstagram.com/v/t51.2885-19/366445639_601645208825818_2045536067574566830_n.jpg?stp=dst-jpg_e0_s150x150_tt6&_nc_cat=100&ig_cache_key=GEeE1xXa7-NwMSMCAK4PCDs3NGMcbkULAAAB1501500j-ccb7-5&ccb=7-5&_nc_sid=669407&efg=eyJ2ZW5jb2RlX3RhZyI6InByb2ZpbGVfcGljLnd3dy4xMDUxLkMzIn0%3D&_nc_ohc=BA5v4gmdsNUQ7kNvwHS50Pj&_nc_oc=AdmvqgIxQHdKevP4bGGlOBJj4sYd8X33Zlhe2ZPCFkrT8ve9CB2JWSzpWk2b2CeoPe8&_nc_ad=z-m&_nc_cid=0&_nc_zt=24&_nc_ht=scontent-lax3-2.cdninstagram.com&oh=00_AfopdV2_A_UHoZPS13sBpdUKhL8Ksr2G5Dvy5ZHv7zycsQ&oe=6965D849,Hadehh.cape,2024-11-07T10:42:27.000Z,0,0,https://www.instagram.com/p/DBv5Dpdqwas/c/17908439451043907
https://www.instagram.com/reel/DBv5Dpdqwas/,imamoktavian_,imamoktavian_,Imamoktavian,False,https://scontent-lax3-2.cdninstagram.com/v/t51.2885-19/446960565_1005788864250533_1076111390827150995_n.jpg?stp=dst-jpg_e0_s150x150_tt6&_nc_cat=111&ig_cache_key=GLUTpBqlAvl3wpIDAJP_AMWbHe8ObkULAAAB1501500j-ccb7-5&ccb=7-5&_nc_sid=669407&efg=eyJ2ZW5jb2RlX3RhZyI6InByb2ZpbGVfcGljLnd3dy4xMDgwLkMzIn0%3D&_nc_ohc=9VkN0egpcYcQ7kNvwGjJkRb&_nc_oc=AdniRF60dm__swwUypdwWLlh8AzdPtuL-k39dKcJb9siQ_XobpizhpXlcQ1Z6eEONR8&_nc_ad=z-m&_nc_cid=0&_nc_zt=24&_nc_ht=scontent-lax3-2.cdninstagram.com&oh=00_AfrFSUikWB_regTNZGNZY7fX2CPMMRmMLWjebbdaRbuqcQ&oe=6965E237,"daun katu kalok buat domba biar air susunya keluar bemer , lha ini manusia anjirr yg bener aja bos bos",2024-11-02T00:31:17.000Z,0,0,https://www.instagram.com/p/DBv5Dpdqwas/c/18346983100131940
https://www.instagram.com/reel/DBv5Dpdqwas/,fariz_hafidz_kurniawan,fariz_hafidz_kurniawan,Fariz Hafidz Kurniawan,False,https://scontent-lax7-1.cdninstagram.com/v/t51.2885-19/321861092_151609717630245_2206223907137516717_n.jpg?stp=dst-jpg_e0_s150x150_tt6&_nc_cat=101&ig_cache_key=GOQ1LxMlJV1j44kAAK3051f0FJ4ebkULAAAB1501500j-ccb7-5&ccb=7-5&_nc_sid=669407&efg=eyJ2ZW5jb2RlX3RhZyI6InByb2ZpbGVfcGljLnd3dy43MjAuQzMifQ%3D%3D&_nc_ohc=msZzPPq8IMcQ7kNvwHLD6tG&_nc_oc=Adm6YZ2wTnLVBcMvWlGXYJgHkXebeP28Oc4TRDtCfMgn37jqsbM6PckDhTYmch2_K9c&_nc_ad=z-m&_nc_cid=0&_nc_zt=24&_nc_ht=scontent-lax7-1.cdninstagram.com&oh=00_AfqBhNhhk5aVpHJw-SvAO97di6MHj37JsvTjYPM1pehi-w&oe=6965DDF9,Dapet darimana kandidat2 seperti ini ya? Apa ini yg dinamakan beli gelar itu nyata,2024-10-31T07:16:24.000Z,0,0,https://www.instagram.com/p/DBv5Dpdqwas/c/18035616080245403
https://www.instagram.com/reel/DBv5Dpdqwas/,syam.oca,syam.oca,syam.oca,False,https://scontent-lax3-2.cdninstagram.com/v/t51.2885-19/429977591_1553847598800103_7408104410111396082_n.jpg?stp=dst-jpg_e0_s150x150_tt6&_nc_cat=111&ig_cache_key=GPfvoBnnXClWN4UFAPLIsQ_2385mbkULAAAB1501500j-ccb7-5&ccb=7-5&_nc_sid=669407&efg=eyJ2ZW5jb2RlX3RhZyI6InByb2ZpbGVfcGljLnd3dy42MTIuQzMifQ%3D%3D&_nc_ohc=msUl7JXXV1kQ7kNvwE23GuR&_nc_oc=AdkUWb6y804QPub15rZn4CksbojfG3UCOBf7jHs8MjQlaii5DU51kpMbptDRO3O-QAg&_nc_ad=z-m&_nc_cid=0&_nc_zt=24&_nc_ht=scontent-lax3-2.cdninstagram.com&oh=00_AfpGM9PFDtxHFhOyEU_gOikD4rMycmxErWSI_tySDPh1rA&oe=6965C9D9,Calon lawak,2024-10-31T05:53:28.000Z,0,0,https://www.instagram.com/p/DBv5Dpdqwas/c/17844773043343670
https://www.instagram.com/reel/DBv5Dpdqwas/,jamilfath.ahmad,jamilfath.ahmad,𝓐𝓱𝓶𝓪𝓭 𝓙𝓪𝓶𝓲𝓵,False,https://scontent-lax3-2.cdninstagram.com/v/t51.82787-19/572528545_18538567312035889_8169070802148251665_n.jpg?stp=dst-jpg_e0_s150x150_tt6&_nc_cat=103&ig_cache_key=GKEXICIxUEePutxBABHYD_ucXl5xbmNDAQAB1501500j-ccb7-5&ccb=7-5&_nc_sid=669407&efg=eyJ2ZW5jb2RlX3RhZyI6InByb2ZpbGVfcGljLnd3dy4xMDgwLkMzIn0%3D&_nc_ohc=kUcMEuV0n0IQ7kNvwFRKNah&_nc_oc=Adn3_hhGHIXEWe9XE800b1p7i2vQP3lRjJU3sWcoh-HJ6iRnYRzlEnmFMOsrBp11GXw&_nc_ad=z-m&_nc_cid=0&_nc_zt=24&_nc_ht=scontent-lax3-2.cdninstagram.com&_nc_gid=hBSKCeo4oTq_pt9KwCAjSg&oh=00_AfrKOXw4AZXZa3o0J4TiIJhbmaPcjwo8grHtVjWUdqsUFQ&oe=6965E10C,Kocak sebenernya yg pertama itu.. kan acara debat wakil eeh ketuanya yg naik..pake bilang peraturan mana yg saya langgar..wong anda naik panggung buat ngomong aja udah melanggar.. Klo debat wakil yaa g bisa diwakili buat jawab..kocak anda,2024-10-31T02:23:14.000Z,0,0,https://www.instagram.com/p/DBv5Dpdqwas/c/17864712042249928
https://www.instagram.com/reel/DBv5Dpdqwas/,okydelahoya,okydelahoya,Oky Ghautama,False,https://scontent-lax7-1.cdninstagram.com/v/t51.2885-19/266857601_270019505189498_1023743735407426960_n.jpg?stp=dst-jpg_e0_s150x150_tt6&_nc_cat=105&ig_cache_key=GIHs5w96crDQlPUAAJC9-dmAETUObkULAAAB1501500j-ccb7-5&ccb=7-5&_nc_sid=669407&efg=eyJ2ZW5jb2RlX3RhZyI6InByb2ZpbGVfcGljLnd3dy4xMDY2LkMzIn0%3D&_nc_ohc=7_9ItBNQBlAQ7kNvwHhVUAl&_nc_oc=AdlTidlTmVRrXJ4dB7mi1y76p2jEa-tCXPxQ1aplAvjDTqwFWxG1xSTZ2PesLYLE5OE&_nc_ad=z-m&_nc_cid=0&_nc_zt=24&_nc_ht=scontent-lax7-1.cdninstagram.com&oh=00_AfojORGrz2YbPBzYtGxXE4Ss5yp18m-704y2l5YHgoc9Wg&oe=6965F733,Udh tau kualitas nya seperti ini masih mau memilih mereka😂😂,2024-10-31T01:33:22.000Z,0,0,https://www.instagram.com/p/DBv5Dpdqwas/c/18003230882669722
https://www.instagram.com/reel/DBv5Dpdqwas/,bebenwildan,bebenwildan,Ben,False,https://scontent-lax3-1.cdninstagram.com/v/t51.2885-19/481098562_640927161960253_5418905510063631720_n.jpg?stp=dst-jpg_e0_s150x150_tt6&_nc_cat=110&ig_cache_key=GEL7rBw9x9B760YCAGjtv87Z0TNLbkULAAAB1501500j-ccb7-5&ccb=7-5&_nc_sid=669407&efg=eyJ2ZW5jb2RlX3RhZyI6InByb2ZpbGVfcGljLnd3dy44MTUuQzMifQ%3D%3D&_nc_ohc=DqpU1s-ksOAQ7kNvwGX7dnC&_nc_oc=AdmvWziO3bZz9lpL6hv8zjO_EZIrCVA_OgMW7TJT1th7sTg8bL5S6Rjgyw9WvUqItd0&_nc_ad=z-m&_nc_cid=0&_nc_zt=24&_nc_ht=scontent-lax3-1.cdninstagram.com&oh=00_Afrem0EugexgzxVLOznXUEj1GYS32dNxgobJdyKf0ONdnA&oe=6965F9B4,Permadi ikut pilkada?,2024-10-31T01:17:14.000Z,0,0,https://www.instagram.com/p/DBv5Dpdqwas/c/18044135948506967
https://www.instagram.com/reel/DBv5Dpdqwas/,miftahhurrohmanphysical,miftahhurrohmanphysical,Miftah Hurrohman,False,https://scontent-lax7-1.cdninstagram.com/v/t51.2885-19/448257886_430118369903832_1646160789701236381_n.jpg?stp=dst-jpg_e0_s150x150_tt6&_nc_cat=101&ig_cache_key=GF7ftxrYRKa8MIcBAJ2WUTmEVtgWbkULAAAB1501500j-ccb7-5&ccb=7-5&_nc_sid=669407&efg=eyJ2ZW5jb2RlX3RhZyI6InByb2ZpbGVfcGljLnd3dy43MTguQzMifQ%3D%3D&_nc_ohc=7GzZeHnM_OgQ7kNvwHKS-bi&_nc_oc=AdlhJVCCOoIHTwOwO_jZxlGsEc56g3FwMAkpk21Stlj56zNPjyEl8RkxlKetZrHHmi8&_nc_ad=z-m&_nc_cid=0&_nc_zt=24&_nc_ht=scontent-lax7-1.cdninstagram.com&oh=00_Afpskg62HQOm8fmaK1zzDz-6igSk6aSgfsy9JVKwl7wTVg&oe=6965E138,coba tmbhin yg debat kmrin tgl 30 oktober di cilacap pasti.. Tmbh kren,2024-10-31T00:54:19.000Z,0,0,https://www.instagram.com/p/DBv5Dpdqwas/c/17930412413840263
https://www.instagram.com/reel/DBv5Dpdqwas/,cetta195,cetta195,Wiwik Widiastuti,False,https://scontent-lax3-2.cdninstagram.com/v/t51.2885-19/459264047_1938467943258577_6076184316199226716_n.jpg?stp=dst-jpg_e0_s150x150_tt6&_nc_cat=107&ig_cache_key=GC-QXxvRmSq9BuMGAFzN2kxx8VJUbkULAAAB1501500j-ccb7-5&ccb=7-5&_nc_sid=669407&efg=eyJ2ZW5jb2RlX3RhZyI6InByb2ZpbGVfcGljLnd3dy43ODcuQzMifQ%3D%3D&_nc_ohc=tO_O0vMUSWwQ7kNvwFulKVy&_nc_oc=AdnE-dEBQOycuAdLwUVAB5Lv70KLrQH1nrJ4vxE6-NExjV28u4WAE8ksChKQi7iCQoE&_nc_ad=z-m&_nc_cid=0&_nc_zt=24&_nc_ht=scontent-lax3-2.cdninstagram.com&oh=00_AfqMa1P_TAif--FL0ICCIk5uc_Lq-2ljfXsz8ewQmBY42w&oe=6965EED4,"Wus wus yes apa ituu 🙄padi menjadi beras,.mohon doa sedang hamil anak kedua 🤣🤣🫣🫣🫣😵‍💫😵‍💫😵‍💫😵‍💫",2024-10-31T00:33:32.000Z,0,0,https://www.instagram.com/p/DBv5Dpdqwas/c/18124968451378177
https://www.instagram.com/reel/DBv5Dpdqwas/,fatah_we,fatah_we,Fatah We,False,https://scontent-lax3-1.cdninstagram.com/v/t51.2885-19/146655757_4344611115568242_3112392798944728383_n.jpg?stp=dst-jpg_e0_s150x150_tt6&_nc_cat=108&ig_cache_key=GA3KvQhyDDuaZm8PAD_Vla7CcDErbkULAAAB1501500j-ccb7-5&ccb=7-5&_nc_sid=669407&efg=eyJ2ZW5jb2RlX3RhZyI6InByb2ZpbGVfcGljLnd3dy4xMDgwLkMzIn0%3D&_nc_ohc=lvI2oHKFOuoQ7kNvwHfzSzQ&_nc_oc=AdlbmN_CT2CZbB_ouCNbNQ__WNecCxDtjtqewu2-ffhCtPqpDJZlYOLumOrnPdvByIU&_nc_ad=z-m&_nc_cid=0&_nc_zt=24&_nc_ht=scontent-lax3-1.cdninstagram.com&oh=00_AfodLCCNn18rdqgR6eGAIhL_YRUbOBdfSOGlbFS11XM7CA&oe=6965E498,🗿🗿🗿🗿🗿,2024-10-31T00:29:48.000Z,0,0,https://www.instagram.com/p/DBv5Dpdqwas/c/17906789328048238
https://www.instagram.com/reel/DBv5Dpdqwas/,exaniell,exaniell,𝓔𝔁𝓪𝓷𝓲𝓮𝓵𝓵 𝓐𝓶𝓾𝓷𝓶𝓪𝓶𝓪,False,https://scontent-lax3-2.cdninstagram.com/v/t51.82787-19/589118053_18099520771825103_70243883051601662_n.jpg?stp=dst-jpg_e0_s150x150_tt6&_nc_cat=107&ig_cache_key=GGU6HSPPnTUSa01AAP5O74BwjvkAbmNDAQAB1501500j-ccb7-5&ccb=7-5&_nc_sid=669407&efg=eyJ2ZW5jb2RlX3RhZyI6InByb2ZpbGVfcGljLnd3dy4xMDgwLkMzIn0%3D&_nc_ohc=3BGfNHgLDfAQ7kNvwHJOGWc&_nc_oc=AdkLhII9LWsekA6MzERwMB03h9ZxBt97YjxGYyHTfAEGRivhriHUym12Mxx4KNslRwc&_nc_ad=z-m&_nc_cid=0&_nc_zt=24&_nc_ht=scontent-lax3-2.cdninstagram.com&_nc_gid=hBSKCeo4oTq_pt9KwCAjSg&oh=00_AfpCsz4mUsSzCjihLxjFqck1wErA7JoSjG38Gd85EqJzKg&oe=6965F416,Oh Tuhan apakah panggung politik sudah menjadi panggung komedi 😂😂,2024-10-31T00:29:46.000Z,0,0,https://www.instagram.com/p/DBv5Dpdqwas/c/18061512346701069
https://www.instagram.com/reel/DBv5Dpdqwas/,dsintan.kusuma,dsintan.kusuma,Dessy Intan Martayuda,False,https://scontent-lax3-2.cdninstagram.com/v/t51.82787-19/612119549_18307737358270500_846126283809878405_n.jpg?stp=dst-jpg_e0_s150x150_tt6&_nc_cat=100&ig_cache_key=GP0zfCQkgOFFygpBAIXxm0VfC74LbmNDAQAB1501500j-ccb7-5&ccb=7-5&_nc_sid=669407&efg=eyJ2ZW5jb2RlX3RhZyI6InByb2ZpbGVfcGljLnd3dy45MDAuQzMifQ%3D%3D&_nc_ohc=FMgfvOf06_sQ7kNvwF7jx6h&_nc_oc=Adk1uTzpCnhF4qL-7_FkoNQo86FSRXJU5nihkuiqh4Kmu9TZaACCLIIt04Hs43SgFps&_nc_ad=z-m&_nc_cid=0&_nc_zt=24&_nc_ht=scontent-lax3-2.cdninstagram.com&_nc_gid=hBSKCeo4oTq_pt9KwCAjSg&oh=00_Afph6w0j-83oMLuEY2EtZbSyLLLaFJsGgAqwWaVZYs59wA&oe=6965DC43,😢,2024-10-31T00:26:14.000Z,0,0,https://www.instagram.com/p/DBv5Dpdqwas/c/18044011589483728
https://www.instagram.com/reel/DBv5Dpdqwas/,radenaryawangsa_kara,radenaryawangsa_kara,raden arya wangsa kara,False,https://scontent-lax3-2.cdninstagram.com/v/t51.2885-19/344850937_985178945981750_2596398651285476474_n.jpg?stp=dst-jpg_e0_s150x150_tt6&_nc_cat=106&ig_cache_key=GPkBjhQ2jR3ZA4ADAHqULCnRQggkbkULAAAB1501500j-ccb7-5&ccb=7-5&_nc_sid=669407&efg=eyJ2ZW5jb2RlX3RhZyI6InByb2ZpbGVfcGljLnd3dy42MTIuQzMifQ%3D%3D&_nc_ohc=vDKlhMMo9KQQ7kNvwGGnHJM&_nc_oc=AdmQTHxBfgG81recfdi8QgJZL67CiLGgThk9TJvZYkpka5Db6ZxFKihIlFgHJRlHjYQ&_nc_ad=z-m&_nc_cid=0&_nc_zt=24&_nc_ht=scontent-lax3-2.cdninstagram.com&oh=00_AfqE4ynjZThDrUIiJ0X1gIPt3wzzKb6XiGR97hqOWd-tsQ&oe=6965EB80,Itulah kenapa Rocky Gerung terus menggaungkan presiden Threshold 0% Supaya org2 yg cerdas pandai bisa mencalonkan diri JD pemimpin negeri ini tanpa harus terikat dgn parTAI,2024-10-31T00:07:59.000Z,0,0,https://www.instagram.com/p/DBv5Dpdqwas/c/18073621108597998
https://www.instagram.com/reel/DBv5Dpdqwas/,iber_14,iber_14,Mom_adzkira,False,https://scontent-lax3-1.cdninstagram.com/v/t51.2885-19/491464193_701328062411101_7985245587076740088_n.jpg?stp=dst-jpg_e0_s150x150_tt6&_nc_cat=108&ig_cache_key=GAEmSx1d8Qeq2n0CAPjz9sWNStFubkULAAAB1501500j-ccb7-5&ccb=7-5&_nc_sid=669407&efg=eyJ2ZW5jb2RlX3RhZyI6InByb2ZpbGVfcGljLnd3dy4xMDI0LkMzIn0%3D&_nc_ohc=bPFbJWFAxYwQ7kNvwGG5zv5&_nc_oc=AdnwCjcjc1paoVY_DgsDGcNNkFk4TeF5Ckx_1hmox1u5Mw8n-p6BirsIfkyQ79LJQSE&_nc_ad=z-m&_nc_cid=0&_nc_zt=24&_nc_ht=scontent-lax3-1.cdninstagram.com&oh=00_AfoT-ViVzzW-KVsxbNHCgO0gETAuM_YSsU-mLPjgs8qmVw&oe=6965E4AD,Minimal calon2 pemimpin kelak hrus melewati prosedur SKD dan SKB 🔥🔥 . Tunngu aku jd presiden dlu kali ya😂,2024-10-30T23:50:54.000Z,0,0,https://www.instagram.com/p/DBv5Dpdqwas/c/18362507002139168
https://www.instagram.com/p/C_AicgNyECM/,isnan._,isnan._,Muhammad Isnaini,False,https://scontent-sjc3-1.cdninstagram.com/v/t51.82787-19/608232833_18550111423043633_8984755293853578675_n.jpg?stp=dst-jpg_e0_s150x150_tt6&_nc_cat=100&ig_cache_key=GIHlQCQxGOphOudBALP18yNWQ7B8bmNDAQAB1501500j-ccb7-5&ccb=7-5&_nc_sid=669407&efg=eyJ2ZW5jb2RlX3RhZyI6InByb2ZpbGVfcGljLnd3dy44ODIuQzMifQ%3D%3D&_nc_ohc=aU5TP1afzMsQ7kNvwGyeaUu&_nc_oc=Adn9_25R2DaszpI-no99UcQBKYtNw8ZmjzoFBfKWnKwlt9RhpApXecQSkYOO4UVzJJU&_nc_ad=z-m&_nc_cid=0&_nc_zt=24&_nc_ht=scontent-sjc3-1.cdninstagram.com&_nc_gid=kE4iSgyUhKiW2eVAo1uj5g&oh=00_AfrB1E61SHaXlYPugpU_sCl2PX0KpUyv2ViFN7GoRHM7uQ&oe=6965EEB3,"Bagus nih kontennya, request dong min kalo bisa dari periode 1992.",2024-08-26T08:09:52.000Z,0,0,https://www.instagram.com/p/C_AicgNyECM/c/18014361176308216
https://www.instagram.com/reel/C-7g176SJ8Z/,azzam5186,azzam5186,Aziizul Hakiim,False,https://scontent-sjc6-1.cdninstagram.com/v/t51.2885-19/472638323_575833868658108_596653258177943141_n.jpg?stp=dst-jpg_e0_s150x150_tt6&_nc_cat=111&ig_cache_key=GHPjKxy85TDFtwsCAGWWxiP6vEcIbkULAAAB1501500j-ccb7-5&ccb=7-5&_nc_sid=669407&efg=eyJ2ZW5jb2RlX3RhZyI6InByb2ZpbGVfcGljLnd3dy4xMDc5LkMzIn0%3D&_nc_ohc=ymBlVqWlIGYQ7kNvwGpuvDR&_nc_oc=AdnTYbrgOf6eA6gJneQIPLaknNgsP1nKYon2jHZkqahs39oa6kYjHdWBh1PMpMKY8Xo&_nc_ad=z-m&_nc_cid=0&_nc_zt=24&_nc_ht=scontent-sjc6-1.cdninstagram.com&oh=00_AfqfqizyBrT34dfA1JnoRe_OmyKcQOc526TByDiU_QS0VA&oe=6965F0A6,Bapak ini sangat cerdas dalam urusan licik dan ngeles saya kagum dan acungkan seluruh jempol saya. ....,2024-08-25T22:14:59.000Z,0,0,https://www.instagram.com/p/C-7g176SJ8Z/c/18027026792196721
https://www.instagram.com/p/C--PQAztTLO/,rist_yanto,rist_yanto,Ristyanto Arie,False,https://scontent.cdninstagram.com/v/t51.2885-19/361810861_1012734339748224_7947391247772352089_n.jpg?stp=dst-jpg_e0_s150x150_tt6&_nc_cat=101&ig_cache_key=GK3LkBWAkZKWE5kDAFn_hJY7zkpubkULAAAB1501500j-ccb7-5&ccb=7-5&_nc_sid=669407&efg=eyJ2ZW5jb2RlX3RhZyI6InByb2ZpbGVfcGljLnd3dy4xMDgwLkMzIn0%3D&_nc_ohc=kD6LrATWtcIQ7kNvwH0jtIr&_nc_oc=AdmzvEIflI7J1Rt6nJG6z0MZ7xYiVrJOkKe_l5ayXVIHi7zc-ar6A2JuY7MjH02MIgE&_nc_ad=z-m&_nc_cid=0&_nc_zt=24&_nc_ht=scontent.cdninstagram.com&oh=00_Afry0vYOqn03uqCPORFxvK1KW9-6Oa08FSBSJQg39NRrPQ&oe=6965F24B,Legislatif dikangkangi RI-1...,2024-08-25T06:23:28.000Z,0,0,https://www.instagram.com/p/C--PQAztTLO/c/18295466152207320
https://www.instagram.com/p/C_AicgNyECM/,safrudin_k,safrudin_k,Safrudin kurniawan,False,https://scontent-sjc6-1.cdninstagram.com/v/t51.2885-19/274159333_667640414363323_7529549698476362765_n.jpg?stp=dst-jpg_e0_s150x150_tt6&_nc_cat=108&ig_cache_key=GOVWVxC7XrwlN18CAA1MVbiOVX5obkULAAAB1501500j-ccb7-5&ccb=7-5&_nc_sid=669407&efg=eyJ2ZW5jb2RlX3RhZyI6InByb2ZpbGVfcGljLnd3dy4xMDgwLkMzIn0%3D&_nc_ohc=v_Dr9dlJTCAQ7kNvwHJamG4&_nc_oc=AdmlrUVxid7dqPWaXa8Z3uYINqtmMFQDmVl7wobz1mUk5sdq84KLoZh7xgG-bWD-vwY&_nc_ad=z-m&_nc_cid=0&_nc_zt=24&_nc_ht=scontent-sjc6-1.cdninstagram.com&oh=00_AfqIuYnbzK7kuzpPrk--BKirNQUNdFBKkkqJSRnu-krTWA&oe=6965CFA1,Baru sadar kalau selama ini dikuasai Golkar,2024-08-24T12:36:15.000Z,0,0,https://www.instagram.com/p/C_AicgNyECM/c/18036257975121257
https://www.instagram.com/reel/C-7g176SJ8Z/,christinea1151,christinea1151,christine A,False,https://scontent-sjc3-1.cdninstagram.com/v/t51.2885-19/346349242_765599734970666_6351165761678352025_n.jpg?stp=dst-jpg_e0_s150x150_tt6&_nc_cat=102&ig_cache_key=GLrepBQqOT4UT7gCAJkedj6c3yNYbkULAAAB1501500j-ccb7-5&ccb=7-5&_nc_sid=669407&efg=eyJ2ZW5jb2RlX3RhZyI6InByb2ZpbGVfcGljLnd3dy4xMDgwLkMzIn0%3D&_nc_ohc=abM1Uu__m-kQ7kNvwHb9l0I&_nc_oc=AdndRi2jLvJQs_7GSqe_QrdJ9Dm6cyEAX6oszEMzLzf1Xfvju4wPR8KVdICnyhW-Yj0&_nc_ad=z-m&_nc_cid=0&_nc_zt=24&_nc_ht=scontent-sjc3-1.cdninstagram.com&oh=00_AfpxZC7b1zAuQm9HOK3agw-23XN23rs1kcEYebFYY6pzjQ&oe=6965F013,Manis tapi busuk dlm nya,2024-08-24T10:39:56.000Z,0,0,https://www.instagram.com/p/C-7g176SJ8Z/c/18165062272309223
https://www.instagram.com/reel/C-7g176SJ8Z/,meiby.28,meiby.28,Bayu Mandala Prakassa,False,https://scontent-sjc3-1.cdninstagram.com/v/t51.2885-19/472937840_579485831633589_3727291370521104608_n.jpg?stp=dst-jpg_e0_s150x150_tt6&_nc_cat=106&ig_cache_key=GHB1MBy1miUPCg8CAOAQSuLA-7kzbkULAAAB1501500j-ccb7-5&ccb=7-5&_nc_sid=669407&efg=eyJ2ZW5jb2RlX3RhZyI6InByb2ZpbGVfcGljLnd3dy4xMDgwLkMzIn0%3D&_nc_ohc=0bcRHavUiVoQ7kNvwHjJbVj&_nc_oc=AdkmQMazHuFFr8l2_IIFen7qXhAcEwEPPMwrF6aBHk1hcMTdHc2JBu8jwA2JHXkU7ag&_nc_ad=z-m&_nc_cid=0&_nc_zt=24&_nc_ht=scontent-sjc3-1.cdninstagram.com&oh=00_AfrmBM_W8sBqZtbCnb_FA3JKn74Z0PknHYaJAzZAFLqNmQ&oe=6965EABB,TUKANG NGIBUL....,2024-08-24T10:39:06.000Z,0,0,https://www.instagram.com/p/C-7g176SJ8Z/c/17858599716182958
https://www.instagram.com/reel/C-7g176SJ8Z/,muhammad_tegarsujadi,muhammad_tegarsujadi,Muhammad sujadi,False,https://scontent-sjc6-1.cdninstagram.com/v/t51.82787-19/572384065_18531422977013112_8479157323286044313_n.jpg?stp=dst-jpg_e0_s150x150_tt6&_nc_cat=107&ig_cache_key=GEHjHSJ4NbojO9ZBAJneHTmpBKx1bmNDAQAB1501500j-ccb7-5&ccb=7-5&_nc_sid=669407&efg=eyJ2ZW5jb2RlX3RhZyI6InByb2ZpbGVfcGljLnd3dy4xMDgwLkMzIn0%3D&_nc_ohc=0sIh7kclEAQQ7kNvwG3teYN&_nc_oc=AdkQm67l5YHCJPWXEugdiNak1OI4ozEIjz3LjJ47HAmyTCQxNBoM5BSW3Fa1YdP65hQ&_nc_ad=z-m&_nc_cid=0&_nc_zt=24&_nc_ht=scontent-sjc6-1.cdninstagram.com&_nc_gid=sPNN8CAXVjYpJoI4aVHRPw&oh=00_Afp2tRw86jE7-l3yFXz-9SlVeQ4z4YQ-eSOiaSjKRAg--w&oe=6965EF86,Yaa saya tidak tau jgn tanya saya 😂,2024-08-24T09:55:30.000Z,0,0,https://www.instagram.com/p/C-7g176SJ8Z/c/18035625749473501
https://www.instagram.com/reel/C-7g176SJ8Z/,lusianamulya,lusianamulya,Lusiana Mulyawati,False,https://scontent-sjc6-1.cdninstagram.com/v/t51.2885-19/449837294_3151494801649730_3072238647733465640_n.jpg?stp=dst-jpg_e0_s150x150_tt6&_nc_cat=104&ig_cache_key=GO74zxpC8CmQRDILACgyYc-FyKIqbkULAAAB1501500j-ccb7-5&ccb=7-5&_nc_sid=669407&efg=eyJ2ZW5jb2RlX3RhZyI6InByb2ZpbGVfcGljLnd3dy4xMDgwLkMzIn0%3D&_nc_ohc=F0DoW00MYdoQ7kNvwFL3KMx&_nc_oc=Admpr0UmhPHxZEF2GRN5_rkMh-GNlKm1s9gSk7i8ynT0OW6ljBhpGEmDweIRXZxm8lU&_nc_ad=z-m&_nc_cid=0&_nc_zt=24&_nc_ht=scontent-sjc6-1.cdninstagram.com&oh=00_Afq-en56MkxmMuNnXYbbABuIJvDjqAVknV8-j8DA6wKZpw&oe=6965F2E2,udah 2 bulan lagi .. mending diem pak,2024-08-24T08:01:06.000Z,0,0,https://www.instagram.com/p/C-7g176SJ8Z/c/18051054523829774
https://www.instagram.com/reel/C-7g176SJ8Z/,peri_nyasarr,peri_nyasarr,Peri_nyasarr,False,https://scontent-sjc3-1.cdninstagram.com/v/t51.2885-19/75580717_409751116615180_6238615386724499456_n.jpg?stp=dst-jpg_e0_s150x150_tt6&_nc_cat=106&ig_cache_key=GC1FgQQMjsCdqnQBAAAAAACkA5RWbkULAAAB1501500j-ccb7-5&ccb=7-5&_nc_sid=669407&efg=eyJ2ZW5jb2RlX3RhZyI6InByb2ZpbGVfcGljLnd3dy4xMDgwLkMzIn0%3D&_nc_ohc=MscvB2qXPzAQ7kNvwFXkEfA&_nc_oc=AdkyFEnxbr9fvwSx-KOZ58k2jHCqr7bJGHeaO7KYm6L7k4BBKwz2u_wv2R_xGAx3wok&_nc_ad=z-m&_nc_cid=0&_nc_zt=24&_nc_ht=scontent-sjc3-1.cdninstagram.com&oh=00_AfqGKfy1cHwymi4UJcZgGn_xRLXGqZEp5i1QERLoTiWSQQ&oe=6965D7C2,"Masalah revisi UU pilkada oleh DPR hanya karena didorong untuk kepentingan anak bapak maju di pilkada. Serakah amat dari bapak, anak 1, anak 2, menantu semuanya mau jadi pemimpin, anehnya dengan mengubah UU yg telah ditetapkan.",2024-08-24T07:26:28.000Z,0,0,https://www.instagram.com/p/C-7g176SJ8Z/c/18165413464309822
https://www.instagram.com/reel/C-7g176SJ8Z/,yahya_che_n,yahya_che_n,Aceng Yahya,False,https://scontent-sjc6-1.cdninstagram.com/v/t51.2885-19/449195694_1668813297266332_4058684421780104676_n.jpg?stp=dst-jpg_e0_s150x150_tt6&_nc_cat=109&ig_cache_key=GK4uxhqcrsffxu0FAORlnU-6V1M4bkULAAAB1501500j-ccb7-5&ccb=7-5&_nc_sid=669407&efg=eyJ2ZW5jb2RlX3RhZyI6InByb2ZpbGVfcGljLnd3dy41OTAuQzMifQ%3D%3D&_nc_ohc=8WNOr1q8xCIQ7kNvwEIJNa-&_nc_oc=AdkAB1T6OdMiflTEzm2KbDAnrjDPVyxQas346J62dHTBQGMxc-NJecRxC8GM73D3Ipw&_nc_ad=z-m&_nc_cid=0&_nc_zt=24&_nc_ht=scontent-sjc6-1.cdninstagram.com&oh=00_AfonR98ugUXM4KYqUUn4M8l5sX1-nUH27_tnPlNPWa0vRA&oe=6965DD2E,Kenapa baru skrg setelah rakyat PD demo...MUL..MULYONO BIN MIHARJO,2024-08-24T06:13:57.000Z,0,0,https://www.instagram.com/p/C-7g176SJ8Z/c/18064118497618346
https://www.instagram.com/reel/C-7g176SJ8Z/,dirham_angello,dirham_angello,Dirhamsyah Young's Bussinesman,False,https://scontent-sjc6-1.cdninstagram.com/v/t51.82787-19/575659651_18537549655002432_6785567982490313525_n.jpg?stp=dst-jpg_e0_s150x150_tt6&_nc_cat=101&ig_cache_key=GIPeTyJATTGezdtBADVjmesgLitebmNDAQAB1501500j-ccb7-5&ccb=7-5&_nc_sid=669407&efg=eyJ2ZW5jb2RlX3RhZyI6InByb2ZpbGVfcGljLnd3dy42NzEuQzMifQ%3D%3D&_nc_ohc=8J_RaP0JgRgQ7kNvwEiuEFB&_nc_oc=AdkI5-3dG4WMuz2NjNZJbQMpXnYbZNn30TcRZLP-18RKPkUkrbYIAGrDvabfuT6NqVo&_nc_ad=z-m&_nc_cid=0&_nc_zt=24&_nc_ht=scontent-sjc6-1.cdninstagram.com&_nc_gid=sPNN8CAXVjYpJoI4aVHRPw&oh=00_Afqr_uOI-HYkWRxHlVgrEfjtQNagixZurlEoUdS8DFu8Rg&oe=6965D73F,"Aku pengen berubah menjadi cucu owi, biar ketika usia 30th lgsg jadi pejabat negara 😍😍. Please adopsi saya 👏",2024-08-24T05:43:30.000Z,0,0,https://www.instagram.com/p/C-7g176SJ8Z/c/18297005686162973
https://www.instagram.com/reel/C-7g176SJ8Z/,apriliaaaayuuuu,apriliaaaayuuuu,M.Fandra Al Ghifari,False,https://scontent-sjc3-1.cdninstagram.com/v/t51.82787-19/608607058_18517365418071886_6000090452897055621_n.jpg?stp=dst-jpg_e0_s150x150_tt6&_nc_cat=106&ig_cache_key=GFKbRiROl_sbcslBAIVDJCF6mkRTbmNDAQAB1501500j-ccb7-5&ccb=7-5&_nc_sid=669407&efg=eyJ2ZW5jb2RlX3RhZyI6InByb2ZpbGVfcGljLnd3dy4xMDgwLkMzIn0%3D&_nc_ohc=0WFqiwQUbsQQ7kNvwFHj4V0&_nc_oc=AdmrMKemPD1R72zurWirw5_8wFEqupoWbYVChkUDNStjAgbHnMLI2ESj54u4i6jO1vc&_nc_ad=z-m&_nc_cid=0&_nc_zt=24&_nc_ht=scontent-sjc3-1.cdninstagram.com&_nc_gid=sPNN8CAXVjYpJoI4aVHRPw&oh=00_AfoJ0qX7JBanIvegCMv4BWM-lIdmTfhemacinggLegBzpQ&oe=6965F799,Orang kek gini kok idup ya.,2024-08-24T02:05:53.000Z,1,0,https://www.instagram.com/p/C-7g176SJ8Z/c/17981729432727975
https://www.instagram.com/reel/C-7jvpiSP5s/,deean.rocknroll,deean.rocknroll,deeaNrockNroll,False,https://scontent-dfw5-1.cdninstagram.com/v/t51.2885-19/461997521_1081029196721223_1538140055691056636_n.jpg?stp=dst-jpg_e0_s150x150_tt6&_nc_cat=107&ig_cache_key=GNGFiRtHLEO5MNcDAPzVQzI7klgVbkULAAAB1501500j-ccb7-5&ccb=7-5&_nc_sid=669407&efg=eyJ2ZW5jb2RlX3RhZyI6InByb2ZpbGVfcGljLnd3dy4xMDgwLkMzIn0%3D&_nc_ohc=LmFgu5R4Xe0Q7kNvwEUbf3Z&_nc_oc=AdmWDotqeWu626JK0vlcarcwtGEFsLoN0ni8rnADCrsQWemAl7JnpCmB1qxAcXDqxIY&_nc_ad=z-m&_nc_cid=0&_nc_zt=24&_nc_ht=scontent-dfw5-1.cdninstagram.com&oh=00_AfqA784XAsvm-Qk7k3yJkBz6E6wLRKSVxBAdsfJ17LfvrQ&oe=6965F5F6,"Wis ta laa, rakyat itu sudah tau.. Karena Fraksimu sedang di sebrang.... Drama bosok, diulang ulang ya ttp bosok",2024-08-24T01:56:31.000Z,0,0,https://www.instagram.com/p/C-7jvpiSP5s/c/17968370882782634
https://www.instagram.com/reel/C-7g176SJ8Z/,theonlyvindy_,theonlyvindy_,Vindyy,False,https://scontent-sjc3-1.cdninstagram.com/v/t51.2885-19/461339936_858245649729894_1034556957468916858_n.jpg?stp=dst-jpg_e0_s150x150_tt6&_nc_cat=110&ig_cache_key=GCB9fxtmCRXjkQwDAHr8100SfFsObkULAAAB1501500j-ccb7-5&ccb=7-5&_nc_sid=669407&efg=eyJ2ZW5jb2RlX3RhZyI6InByb2ZpbGVfcGljLnd3dy44MjguQzMifQ%3D%3D&_nc_ohc=Rykuibhd1t0Q7kNvwEtdjYK&_nc_oc=AdnraAdzKM29xZaSUu3PW2sRqD8hGgQ4_YtJW5U5ICy6ap8cI4l7c1usLqna6oSjHNk&_nc_ad=z-m&_nc_cid=0&_nc_zt=24&_nc_ht=scontent-sjc3-1.cdninstagram.com&oh=00_AfqB3uBEfcdcMGLTFfcRR4ibsEyLL1mP4bB9OMPB5L_oJg&oe=6965ECFB,Hormati pala lu mlduk,2024-08-24T01:49:17.000Z,0,0,https://www.instagram.com/p/C-7g176SJ8Z/c/17993322119689283
https://www.instagram.com/reel/C-7g176SJ8Z/,wongso_sentiko,wongso_sentiko,pio_olip,False,https://scontent-sjc3-1.cdninstagram.com/v/t51.82787-19/536161087_18519895126009930_2010581155647490930_n.jpg?stp=dst-jpg_e0_s150x150_tt6&_nc_cat=100&ig_cache_key=GD8r9R9KaEMav8tBAHKLdpboBOcbbmNDAQAB1501500j-ccb7-5&ccb=7-5&_nc_sid=669407&efg=eyJ2ZW5jb2RlX3RhZyI6InByb2ZpbGVfcGljLnd3dy4xMDgwLkMzIn0%3D&_nc_ohc=5oknrNCFT2IQ7kNvwEJm-C8&_nc_oc=AdmV_Y_JWSSor_-lQoe6OvGdpxeWPhOLX4KgOlJgY7BehfMMIQGiqpQsssV74YtIyPI&_nc_ad=z-m&_nc_cid=0&_nc_zt=24&_nc_ht=scontent-sjc3-1.cdninstagram.com&_nc_gid=sPNN8CAXVjYpJoI4aVHRPw&oh=00_AfoOwHVQjHF38jLvwlPFRPDDnY1EyBB9oWl7XFxIcTeGjw&oe=6965C4D3,"2x periode yg ALHAMDULILLAH ga pernah memilih dia, jd nnti d akhirat ga masuk dalam daftar andil mnyuarakan dia sebagai pemimpin..",2024-08-24T01:32:20.000Z,0,0,https://www.instagram.com/p/C-7g176SJ8Z/c/18059393338643176
https://www.instagram.com/reel/C-7g176SJ8Z/,alkattonsiena,alkattonsiena,Alkatton Siena,False,https://scontent-sjc3-1.cdninstagram.com/v/t51.82787-19/569049352_18530342980005178_9054150295358619128_n.jpg?stp=dst-jpg_e0_s150x150_tt6&_nc_cat=106&ig_cache_key=GAgB6yE6reOuP9VBAPg92QG5zaZ9bmNDAQAB1501500j-ccb7-5&ccb=7-5&_nc_sid=669407&efg=eyJ2ZW5jb2RlX3RhZyI6InByb2ZpbGVfcGljLnd3dy4xMDgwLkMzIn0%3D&_nc_ohc=8dBumLOeEGUQ7kNvwHjgodW&_nc_oc=AdmR7Qkfp09ajpsoEPQY5a49QP3CS9HsCEW72QbVcthWxhbZ7AjNKED3xPtjOgf2-w0&_nc_ad=z-m&_nc_cid=0&_nc_zt=24&_nc_ht=scontent-sjc3-1.cdninstagram.com&_nc_gid=sPNN8CAXVjYpJoI4aVHRPw&oh=00_AfrLAKFL9ttTqC6uLnqZFg4QqwV4PWA2uXNND5izBZGE4w&oe=6965E1FA,🐍,2024-08-24T01:23:17.000Z,0,0,https://www.instagram.com/p/C-7g176SJ8Z/c/18243506632284433
https://www.instagram.com/reel/C-7g176SJ8Z/,candra__72,candra__72,C A N D R A,False,https://scontent-sjc6-1.cdninstagram.com/v/t51.82787-19/566931014_18483859333079678_4148966913658371400_n.jpg?stp=dst-jpg_e0_s150x150_tt6&_nc_cat=101&ig_cache_key=GEauyiF_YqDd_KpBAEi9dAFtF5Q5bmNDAQAB1501500j-ccb7-5&ccb=7-5&_nc_sid=669407&efg=eyJ2ZW5jb2RlX3RhZyI6InByb2ZpbGVfcGljLnd3dy4xMDgwLkMzIn0%3D&_nc_ohc=JyJ5uz5zlKoQ7kNvwENsKCu&_nc_oc=AdkTHEZm2zL6avt7T_6oLVY2OUVnjpSwrFYVV801ZdY7X0zm879WaSuhFbG-eBrhQyM&_nc_ad=z-m&_nc_cid=0&_nc_zt=24&_nc_ht=scontent-sjc6-1.cdninstagram.com&_nc_gid=sPNN8CAXVjYpJoI4aVHRPw&oh=00_AfpUohUn6cSPxdMe5_XQuycg9noW8Vv1uYEJ7RgKW7wsRg&oe=6965F513,Tiba tiba ada sniper nyasar seru kayanya😂😂😂😂,2024-08-24T01:14:13.000Z,0,0,https://www.instagram.com/p/C-7g176SJ8Z/c/17894872016983964
https://www.instagram.com/reel/C-7g176SJ8Z/,anasya_frozen,anasya_frozen,Frozen Anasya Kalisari,False,https://scontent-sjc3-1.cdninstagram.com/v/t51.75761-19/506030418_18006772421780342_3942871298391948297_n.jpg?stp=dst-jpg_e0_s150x150_tt6&_nc_cat=106&ig_cache_key=GFJpKR52Y8BpEPk-AAk8vD_O5Lc2bvEnAQAB1501500j-ccb7-5&ccb=7-5&_nc_sid=669407&efg=eyJ2ZW5jb2RlX3RhZyI6InByb2ZpbGVfcGljLnd3dy43MjAuQzMifQ%3D%3D&_nc_ohc=WLX3akJng_UQ7kNvwF4RB55&_nc_oc=Adm6WBeJqYP5r5LYbSN_lk9f4Dp0EVUispHrvyqybFQSN9c2OcYAFSTELGSiTbHbgeo&_nc_ad=z-m&_nc_cid=0&_nc_zt=24&_nc_ht=scontent-sjc3-1.cdninstagram.com&_nc_gid=sPNN8CAXVjYpJoI4aVHRPw&oh=00_AfqVVCJkyqBbu_S_9zXSLyh14l7pQFYAZtr66Il2EQvbKA&oe=6965FAC2,Red Flag,2024-08-24T00:53:09.000Z,0,0,https://www.instagram.com/p/C-7g176SJ8Z/c/17915428181886114
https://www.instagram.com/reel/C-7g176SJ8Z/,qonitaaars,qonitaaars,Qonita Ramadanti,False,https://scontent-sjc6-1.cdninstagram.com/v/t51.82787-19/557142726_18200721289314263_5575461423878148908_n.jpg?stp=dst-jpg_e0_s150x150_tt6&_nc_cat=101&ig_cache_key=GMZSNSHX-xqndalAACyTJv2fBGBNbmNDAQAB1501500j-ccb7-5&ccb=7-5&_nc_sid=669407&efg=eyJ2ZW5jb2RlX3RhZyI6InByb2ZpbGVfcGljLnd3dy4xMDgwLkMzIn0%3D&_nc_ohc=BAIPNFGlXTQQ7kNvwHB3PB8&_nc_oc=Adl8K6SeMc4PLVpfT-rC1YzpRihr0eTx2eb1EqYDtfpoyQ0MKR1VQxJzeIrdiEfP9Hg&_nc_ad=z-m&_nc_cid=0&_nc_zt=24&_nc_ht=scontent-sjc6-1.cdninstagram.com&_nc_gid=sPNN8CAXVjYpJoI4aVHRPw&oh=00_AfrhI5-wmYADa4LZmYAJLExhWAbj3Pi2sMoFQQUh0YlsHQ&oe=6965EA16,🔥🔥🔥🔥🔥🔥,2024-08-24T00:43:39.000Z,0,0,https://www.instagram.com/p/C-7g176SJ8Z/c/18053749267758862
https://www.instagram.com/reel/C-7jvpiSP5s/,salimsady19,salimsady19,Salim Abdul Rahman Sa'dy,False,https://scontent-dfw5-2.cdninstagram.com/v/t51.2885-19/156260764_231686612002750_6835865444611789260_n.jpg?stp=dst-jpg_e0_s150x150_tt6&_nc_cat=100&ig_cache_key=GJxZUAm_JzW_t9IAAMwRdGZn391ebkULAAAB1501500j-ccb7-5&ccb=7-5&_nc_sid=669407&efg=eyJ2ZW5jb2RlX3RhZyI6InByb2ZpbGVfcGljLnd3dy4xMDgwLkMzIn0%3D&_nc_ohc=k_Pzz2e_jtQQ7kNvwHJeJyV&_nc_oc=AdkU4DtcNKtiZTDur374-YeAuzA3XLHj03jqqzOH95FZfl7jOi8RXxm1M2C8zQ-QT-A&_nc_ad=z-m&_nc_cid=0&_nc_zt=24&_nc_ht=scontent-dfw5-2.cdninstagram.com&oh=00_Afo8koyMiW6DPDYhcVBluSB1tlkSqH3lwO1gIseLD1g2Iw&oe=6965F0F1,"Sama aja, antara koalisi dan oposisi sama² menggiring opini dengan embel² atas nama rakyat dan demokrasi. padahal mereka juga punya kepentingan golongannya.",2024-08-23T18:11:47.000Z,0,0,https://www.instagram.com/p/C-7jvpiSP5s/c/18018997070453798
https://www.instagram.com/reel/C-7jvpiSP5s/,johnlennon_junnior,johnlennon_junnior,junnior,False,https://scontent-dfw5-1.cdninstagram.com/v/t51.2885-19/49857081_1948296748810734_2798112781788774400_n.jpg?stp=dst-jpg_e0_s150x150_tt6&_nc_cat=111&ig_cache_key=GDnC_ALuQaEv9_sGAAAAAADA5NQmbkULAAAB1501500j-ccb7-5&ccb=7-5&_nc_sid=669407&efg=eyJ2ZW5jb2RlX3RhZyI6InByb2ZpbGVfcGljLnd3dy4xMDgwLkMzIn0%3D&_nc_ohc=Ux81QE6HA1UQ7kNvwGZwaqN&_nc_oc=Adl5JsJVwRSiwMsWXt-F9wXrnwL9a_z9pDx_XNFuIDHck1h9Tz6Ltq4K52oF80ODN20&_nc_ad=z-m&_nc_cid=0&_nc_zt=24&_nc_ht=scontent-dfw5-1.cdninstagram.com&oh=00_AfpcFmzkug42ngi1LskL9hpnMjp9u745qlKTuTzQM4-MJA&oe=6965FA03,Satu gerbong sbenarnya ... Cuma lagi pecah kongsi aja,2024-08-23T14:14:12.000Z,0,0,https://www.instagram.com/p/C-7jvpiSP5s/c/18015619556611440
https://www.instagram.com/reel/C-7jvpiSP5s/,r10_marheino99,r10_marheino99,Kampas Ajaa,False,https://scontent-dfw5-3.cdninstagram.com/v/t51.2885-19/469619057_1092549825881092_645783926504018594_n.jpg?stp=dst-jpg_e0_s150x150_tt6&_nc_cat=109&ig_cache_key=GHHR-RsEZEUUq_EDAKLS7UQPSfYIbkULAAAB1501500j-ccb7-5&ccb=7-5&_nc_sid=669407&efg=eyJ2ZW5jb2RlX3RhZyI6InByb2ZpbGVfcGljLnd3dy4xMDgwLkMzIn0%3D&_nc_ohc=ZyikPDOhfGoQ7kNvwEtGf07&_nc_oc=AdnEhRtjgHpwrjjzXQWDmaBVsqw8wXVqcDKfZRDBpZzcbCADbF9TxwEPGsk_El-CX1A&_nc_ad=z-m&_nc_cid=0&_nc_zt=24&_nc_ht=scontent-dfw5-3.cdninstagram.com&oh=00_AfqtTpdjbiO4oKwwLtBogQBczzhj_nMWbn6KwhJ3pXLQKQ&oe=6965DA30,Lawak😂 kmrn gini sekarang gini bsok gitu...semua kepentingankah,2024-08-23T13:46:10.000Z,0,0,https://www.instagram.com/p/C-7jvpiSP5s/c/18277424215239017
https://www.instagram.com/p/C_AicgNyECM/,hast_horan,hast_horan,Has't Tarihoran,False,https://scontent-sjc6-1.cdninstagram.com/v/t51.82787-19/587036143_18411440455185728_8013147055552754277_n.jpg?stp=dst-jpg_e0_s150x150_tt6&_nc_cat=101&ig_cache_key=GO91-SJAdSKIG2lBAGVyMKPKajRvbmNDAQAB1501500j-ccb7-5&ccb=7-5&_nc_sid=669407&efg=eyJ2ZW5jb2RlX3RhZyI6InByb2ZpbGVfcGljLnd3dy44MTAuQzMifQ%3D%3D&_nc_ohc=9Oihk2a6b2cQ7kNvwEcJpbh&_nc_oc=Adn3fpn_8IXrQiVPzFdOMqTNHyUjOjbjhpjsxpxUnRWmOepxadjBd-nO7VMbLcg6mm4&_nc_ad=z-m&_nc_cid=0&_nc_zt=24&_nc_ht=scontent-sjc6-1.cdninstagram.com&_nc_gid=kE4iSgyUhKiW2eVAo1uj5g&oh=00_Afq1hT-nzmmS7J9fCrgCh_5J4bw61Dwy90zmfCB0cgHIbw&oe=6965F84E,Golkar rajanya Parlemen tetapi dalam proses politik selalu main dua kaki ngga pernah konsisten pantes di gergaji.,2024-08-23T11:22:22.000Z,2,0,https://www.instagram.com/p/C_AicgNyECM/c/18119299015381045
https://www.instagram.com/reel/C-7jvpiSP5s/,ficaratna,ficaratna,,False,https://scontent-dfw5-2.cdninstagram.com/v/t51.82787-19/598544093_18543590689024401_2594107768438191086_n.jpg?stp=dst-jpg_e0_s150x150_tt6&_nc_cat=100&ig_cache_key=GN0OrSORKeEnTOFBAO7z1m5FHwAkbmNDAQAB1501500j-ccb7-5&ccb=7-5&_nc_sid=669407&efg=eyJ2ZW5jb2RlX3RhZyI6InByb2ZpbGVfcGljLnd3dy4xMDgwLkMzIn0%3D&_nc_ohc=TusnxqYI-zoQ7kNvwHPlHAs&_nc_oc=AdkmzIFr4Q6-8D09WLm8sDwPPdr0kap0Kev_Quhj068iMRwNXpVvbi1qeUqIUvwNRNg&_nc_ad=z-m&_nc_cid=0&_nc_zt=24&_nc_ht=scontent-dfw5-2.cdninstagram.com&_nc_gid=_I6HUDxlAIXzWgsA02JAGg&oh=00_AfoT7YKcmZMBPtK1jF8fW2_ExohQtQA3IbFSgjloajtK9g&oe=6965EEFC,kalo lagi butuh suara aja kerakyat.. tapi kalo lagi berkuasa pura pura mode gak denger gak liat gak open sama rakyat teamnetral semuapartaisamaaja 😂,2024-08-23T10:35:27.000Z,0,0,https://www.instagram.com/p/C-7jvpiSP5s/c/17935518410898285
https://www.instagram.com/p/C_AicgNyECM/,rahayuefs,rahayuefs,Rahayu Efendi,False,https://scontent-sjc3-1.cdninstagram.com/v/t51.82787-19/586721569_18512697808069820_5939570337327197994_n.jpg?stp=dst-jpg_e0_s150x150_tt6&_nc_cat=102&ig_cache_key=GCGp_CK8JK9YM8VBACqv1arAl21SbmNDAQAB1501500j-ccb7-5&ccb=7-5&_nc_sid=669407&efg=eyJ2ZW5jb2RlX3RhZyI6InByb2ZpbGVfcGljLnd3dy44ODUuQzMifQ%3D%3D&_nc_ohc=LkyqnVNb-OYQ7kNvwFtoGY_&_nc_oc=AdkmKwosisUMiu-ZHbSqnDamInThoZVumOMTc0SLGIyMA8XeWDZJBlX9XIDQp1llyco&_nc_ad=z-m&_nc_cid=0&_nc_zt=24&_nc_ht=scontent-sjc3-1.cdninstagram.com&_nc_gid=kE4iSgyUhKiW2eVAo1uj5g&oh=00_Afpv4OhHXrL97SR7zu2XNZjeAjflksN8gaJrp-hAhV2WKw&oe=6965E7C1,Dari 2014-2019 sudah 5 kali ganti 😅,2024-08-23T10:24:44.000Z,2,0,https://www.instagram.com/p/C_AicgNyECM/c/18011273198331698
https://www.instagram.com/p/C_AicgNyECM/,rustanto_rst,rustanto_rst,an,False,https://scontent-sjc6-1.cdninstagram.com/v/t51.82787-19/561841819_18080945129492362_7281326143386813148_n.jpg?stp=dst-jpg_e0_s150x150_tt6&_nc_cat=101&ig_cache_key=GJsGfSGKj6UXhjxAANwCVp6MdwxlbmNDAQAB1501500j-ccb7-5&ccb=7-5&_nc_sid=669407&efg=eyJ2ZW5jb2RlX3RhZyI6InByb2ZpbGVfcGljLnd3dy4xMDgwLkMzIn0%3D&_nc_ohc=aifJJcQVzWsQ7kNvwGxreJg&_nc_oc=Adk-R_eawmlBZErAW42crbaJCXPX6UtbFf6Po9YrjLvXAD111zvmiDTxXQ_ZtpntFFI&_nc_ad=z-m&_nc_cid=0&_nc_zt=24&_nc_ht=scontent-sjc6-1.cdninstagram.com&_nc_gid=kE4iSgyUhKiW2eVAo1uj5g&oh=00_AfrgfVCIUWfJRqCKIdx0T1zKH3U1sAjw7cnRIBHA5elwSQ&oe=6965CA53,Golkar cetak hattrick😮,2024-08-23T10:15:18.000Z,0,0,https://www.instagram.com/p/C_AicgNyECM/c/18037973903292589
https://www.instagram.com/p/C_AicgNyECM/,kurniawanaziz58,kurniawanaziz58,Aziz Kurniawan,False,https://scontent-sjc3-1.cdninstagram.com/v/t51.82787-19/527882827_18470498542079982_2453512576021561158_n.jpg?stp=dst-jpg_e0_s150x150_tt6&_nc_cat=103&ig_cache_key=GEvadh-uz2wQ0p5BAEb-t0mwoAwibmNDAQAB1501500j-ccb7-5&ccb=7-5&_nc_sid=669407&efg=eyJ2ZW5jb2RlX3RhZyI6InByb2ZpbGVfcGljLnd3dy4xMDgwLkMzIn0%3D&_nc_ohc=Q3MFDVdEBWUQ7kNvwGNbWva&_nc_oc=Adm5QORxJVAKjceclXtP_NAissQt7OJM6MES8BVB5lYwFw1n8BKNLV1vhLHTrwoIcGw&_nc_ad=z-m&_nc_cid=0&_nc_zt=24&_nc_ht=scontent-sjc3-1.cdninstagram.com&_nc_gid=kE4iSgyUhKiW2eVAo1uj5g&oh=00_Afp_ETM6FaEI4C-lapNPrIXulltDKVXv0H4o3TQ6Fu5rBg&oe=6965CF22,anak e tsunade sopo??,2024-08-23T10:13:29.000Z,0,0,https://www.instagram.com/p/C_AicgNyECM/c/18006033917640463
https://www.instagram.com/p/C_AicgNyECM/,kurniawanaziz58,kurniawanaziz58,Aziz Kurniawan,False,https://scontent-sjc3-1.cdninstagram.com/v/t51.82787-19/527882827_18470498542079982_2453512576021561158_n.jpg?stp=dst-jpg_e0_s150x150_tt6&_nc_cat=103&ig_cache_key=GEvadh-uz2wQ0p5BAEb-t0mwoAwibmNDAQAB1501500j-ccb7-5&ccb=7-5&_nc_sid=669407&efg=eyJ2ZW5jb2RlX3RhZyI6InByb2ZpbGVfcGljLnd3dy4xMDgwLkMzIn0%3D&_nc_ohc=Q3MFDVdEBWUQ7kNvwGNbWva&_nc_oc=Adm5QORxJVAKjceclXtP_NAissQt7OJM6MES8BVB5lYwFw1n8BKNLV1vhLHTrwoIcGw&_nc_ad=z-m&_nc_cid=0&_nc_zt=24&_nc_ht=scontent-sjc3-1.cdninstagram.com&_nc_gid=kE4iSgyUhKiW2eVAo1uj5g&oh=00_Afp_ETM6FaEI4C-lapNPrIXulltDKVXv0H4o3TQ6Fu5rBg&oe=6965CF22,Menariqq wkwkq,2024-08-23T10:13:10.000Z,0,0,https://www.instagram.com/p/C_AicgNyECM/c/18059830639730585
https://www.instagram.com/p/C_AicgNyECM/,umarahmad___,umarahmad___,Umar Ahmad Alamery,False,https://scontent-sjc6-1.cdninstagram.com/v/t51.82787-19/597919513_18294173758277868_6952417608214331315_n.jpg?stp=dst-jpg_e0_s150x150_tt6&_nc_cat=104&ig_cache_key=GBmHoyPsSFJAdP5AALM-yav68ntgbmNDAQAB1501500j-ccb7-5&ccb=7-5&_nc_sid=669407&efg=eyJ2ZW5jb2RlX3RhZyI6InByb2ZpbGVfcGljLnd3dy4xMDgwLkMzIn0%3D&_nc_ohc=OVzFI0EUXwsQ7kNvwHymNUr&_nc_oc=AdnnRSlKNHgL5i5WGS1I1G0VXdJtSI-TRs39WxMpuogFZSrai0SVyDO2AnqmQTFZ9iw&_nc_ad=z-m&_nc_cid=0&_nc_zt=24&_nc_ht=scontent-sjc6-1.cdninstagram.com&_nc_gid=kE4iSgyUhKiW2eVAo1uj5g&oh=00_Afp7QGKGeTlxVkLwnZ4GTan3QzdtWnG8No-wXWS5e4PbIg&oe=6965C4DC,Setya Novanto paling canggih mekaniknya😭😂,2024-08-23T10:06:44.000Z,13,2,https://www.instagram.com/p/C_AicgNyECM/c/17991374600695383
https://www.instagram.com/reel/C-7jvpiSP5s/,khal_khusairimn,khal_khusairimn,"Khalil Khusairi MN, dr",False,https://scontent-dfw5-3.cdninstagram.com/v/t51.75761-19/509857309_17950122791989332_5492145320507975173_n.jpg?stp=dst-jpg_e0_s150x150_tt6&_nc_cat=108&ig_cache_key=GB3OYx5U8LCkisU-AAWmswMSBThMbvEnAQAB1501500j-ccb7-5&ccb=7-5&_nc_sid=669407&efg=eyJ2ZW5jb2RlX3RhZyI6InByb2ZpbGVfcGljLnd3dy4xMDgwLkMzIn0%3D&_nc_ohc=TV0fNP1zpRAQ7kNvwEwsXsJ&_nc_oc=AdkTV7knIT4ZJh1KA9518mIDrviAqYwSpjtQXNxx2BClOj86z5Uw1PFq4aaFVNAGiqU&_nc_ad=z-m&_nc_cid=0&_nc_zt=24&_nc_ht=scontent-dfw5-3.cdninstagram.com&_nc_gid=_I6HUDxlAIXzWgsA02JAGg&oh=00_Afq1VpNQe7JHtuDnq5NYKi4wZ5dDCkv1LanWeJd2S_dIWQ&oe=6965E9AF,Apakah PDIP telah memulai perannya sebagai oposisi yg tunggal ?,2024-08-23T06:53:37.000Z,0,0,https://www.instagram.com/p/C-7jvpiSP5s/c/18055736242705133
https://www.instagram.com/reel/C-7jvpiSP5s/,dahliawati36,dahliawati36,dahliawati,False,https://scontent-dfw5-2.cdninstagram.com/v/t51.89012-19/573323465_1219825463302212_7278921664109726296_n.png?stp=dst-webp_s150x150&_nc_cat=1&ig_cache_key=YW5vbnltb3VzX3Byb2ZpbGVfcGlj.3-ccb7-5&ccb=7-5&_nc_sid=669407&efg=eyJ2ZW5jb2RlX3RhZyI6InByb2ZpbGVfcGljLnd3dy5DMyJ9&_nc_ohc=RNOcSyqJy9IQ7kNvwGQLrUj&_nc_oc=AdkPF-qpa-eIqUI2rcToWJonrfH3HO-4mP1M9dNayZt2g5HYdmenktefvt2zKsm-ys0&_nc_ad=z-m&_nc_cid=0&_nc_zt=24&_nc_ht=scontent-dfw5-2.cdninstagram.com&_nc_gid=_I6HUDxlAIXzWgsA02JAGg&oh=00_Afp9XcujuQtzRA5zZmmGoP1HJF8syn7PPdtxdAMsdH_-UA&oe=6965DD19,"Hanya satu tolong jgn di pilih , klu SDH berbau dinasti, cukup di pilpres",2024-08-23T06:32:45.000Z,0,0,https://www.instagram.com/p/C-7jvpiSP5s/c/18016668116431920
https://www.instagram.com/reel/C-7jvpiSP5s/,prasetio_nugroho,prasetio_nugroho,Nugroho Prasetio,False,https://scontent-dfw5-1.cdninstagram.com/v/t51.2885-19/385872768_1507121533396401_3700277523534715285_n.jpg?stp=dst-jpg_e0_s150x150_tt6&_nc_cat=107&ig_cache_key=GIDz-xaxpaETuFoFAJUZpoDNBlozbkULAAAB1501500j-ccb7-5&ccb=7-5&_nc_sid=669407&efg=eyJ2ZW5jb2RlX3RhZyI6InByb2ZpbGVfcGljLnd3dy4xMDgwLkMzIn0%3D&_nc_ohc=ZSJjW5KWxC8Q7kNvwGeKuUF&_nc_oc=AdkBxVRc6VIS5mUP0gAsGxPYMZtP6cV-5L4ePNC6dgMor9LiwkSMdlkTsM2hFnhcOjU&_nc_ad=z-m&_nc_cid=0&_nc_zt=24&_nc_ht=scontent-dfw5-1.cdninstagram.com&oh=00_AfrMJ42X8AVTE-cIWHaJjRujx2WJhHG5HOTM6HsewZrpOw&oe=6965D41F,Ini yg gw suka klo pdip jd oposisi 🔥🔥,2024-08-23T02:57:16.000Z,0,0,https://www.instagram.com/p/C-7jvpiSP5s/c/18052947991796583
https://www.instagram.com/p/C--PQAztTLO/,hersos67,hersos67,boosi,False,https://scontent.cdninstagram.com/v/t51.2885-19/66416450_760260751112301_7288400690601263104_n.jpg?stp=dst-jpg_e0_s150x150_tt6&_nc_cat=103&ig_cache_key=GEJv9QNtuAEAdLMCAAAAAADQmSVlbkULAAAB1501500j-ccb7-5&ccb=7-5&_nc_sid=669407&efg=eyJ2ZW5jb2RlX3RhZyI6InByb2ZpbGVfcGljLnd3dy4xMDgwLkMzIn0%3D&_nc_ohc=BphknRTLYMIQ7kNvwH3Gzz4&_nc_oc=AdlV7bLcXXxSSC4S8D4IgLwNp6JGY2Nv9XaknX0Df4JkdMFKOMtsJVp6mG_ax0TkHvc&_nc_ad=z-m&_nc_cid=0&_nc_zt=24&_nc_ht=scontent.cdninstagram.com&oh=00_Afoy3Eo-sidjBqGth2htl0Atn4lcXgyW1Ktess93HaVVUg&oe=6965EE5D,Budaya tidak tahu malu,2024-08-22T23:11:25.000Z,0,0,https://www.instagram.com/p/C--PQAztTLO/c/17869231293171477
https://www.instagram.com/p/C--PQAztTLO/,thamrin_78,thamrin_78,Husni Thamrin,False,https://scontent.cdninstagram.com/v/t51.89012-19/573323465_1219825463302212_7278921664109726296_n.png?stp=dst-webp_s150x150&_nc_cat=1&ig_cache_key=YW5vbnltb3VzX3Byb2ZpbGVfcGlj.3-ccb7-5&ccb=7-5&_nc_sid=669407&efg=eyJ2ZW5jb2RlX3RhZyI6InByb2ZpbGVfcGljLnd3dy5DMyJ9&_nc_ohc=RNOcSyqJy9IQ7kNvwHvad68&_nc_oc=Adk2Ok_VO6F2Av6ffIPUVbWG0VKEH6RpXe_JChEKGqZuNYymWtDxxTDA2U8sqAHnhv0&_nc_ad=z-m&_nc_cid=0&_nc_zt=24&_nc_ht=scontent.cdninstagram.com&_nc_gid=tQ7v0vrknQhOW9yxy5t7vQ&oh=00_AfpA7rzMjPzprS3NeKVLovPGqy-XLrWqzWQkiTrF_0R6OA&oe=6965DD19,jangan percaya ferguso......!!!!!!,2024-08-22T20:08:12.000Z,0,0,https://www.instagram.com/p/C--PQAztTLO/c/18336017737126671
https://www.instagram.com/p/C--PQAztTLO/,s.dazizi,s.dazizi,Sisi🍒,False,https://scontent.cdninstagram.com/v/t51.2885-19/460907102_1163486464752225_6818576212912747751_n.jpg?stp=dst-jpg_e0_s150x150_tt6&_nc_cat=104&ig_cache_key=GF7ieBthum5NLyIEAOe0l3TwcqBebkULAAAB1501500j-ccb7-5&ccb=7-5&_nc_sid=669407&efg=eyJ2ZW5jb2RlX3RhZyI6InByb2ZpbGVfcGljLnd3dy45NjAuQzMifQ%3D%3D&_nc_ohc=j6iZEEY16_IQ7kNvwFsdLR5&_nc_oc=AdlDCVJACJiBFIKfCC-G2Ue0F9jBRZkuxAKc8FTYw5nnpnkpvQbXPeomnQ1eVU1L6Bg&_nc_ad=z-m&_nc_cid=0&_nc_zt=24&_nc_ht=scontent.cdninstagram.com&oh=00_Afrflz40Kams3_RknZqdRHAji-EFnbje12qb3mYxitt_ZQ&oe=6965E010,Jangan tunggu alam murka ya pak ga cuma manusia aja yg sudah muak,2024-08-22T19:30:30.000Z,0,0,https://www.instagram.com/p/C--PQAztTLO/c/18027009254351628
https://www.instagram.com/p/C--PQAztTLO/,axer_0412,axer_0412,Axer,False,https://scontent.cdninstagram.com/v/t51.2885-19/376249302_1000898374286407_8004073329969254524_n.jpg?stp=dst-jpg_e0_s150x150_tt6&_nc_cat=109&ig_cache_key=GNYbbRZHPA7QT44DAHzQ-kRJLhRvbkULAAAB1501500j-ccb7-5&ccb=7-5&_nc_sid=669407&efg=eyJ2ZW5jb2RlX3RhZyI6InByb2ZpbGVfcGljLnd3dy4xMDAwLkMzIn0%3D&_nc_ohc=0uaDFV8WN10Q7kNvwGqIedV&_nc_oc=AdnNmRFK21z93wq1T4_bhByald2iLypGmHpCvdl4ezdZ7OuUFzMKpavsscEOVGjRyk8&_nc_ad=z-m&_nc_cid=0&_nc_zt=24&_nc_ht=scontent.cdninstagram.com&oh=00_AfrLxNcGDk2XV_vQUTuPM1IqQtHkiBz8zMf7HFQdKM_iWQ&oe=6965DB2D,Tetap jgn percaya si dasco cs... pengalaman yg sudah2 tiba2 tengah mlm bisa sah,2024-08-22T15:50:27.000Z,0,0,https://www.instagram.com/p/C--PQAztTLO/c/18060391114646194
https://www.instagram.com/p/C--PQAztTLO/,harjossss8,harjossss8,Jojo,False,https://scontent.cdninstagram.com/v/t51.2885-19/334758735_983906742581941_8022362277930895223_n.jpg?stp=dst-jpg_e0_s150x150_tt6&_nc_cat=101&ig_cache_key=GE8D9BO1OuKj234DAHeHkMv8J1VvbkULAAAB1501500j-ccb7-5&ccb=7-5&_nc_sid=669407&efg=eyJ2ZW5jb2RlX3RhZyI6InByb2ZpbGVfcGljLnd3dy42MDEuQzMifQ%3D%3D&_nc_ohc=w6AnJsdzLb8Q7kNvwFuooFL&_nc_oc=Adme9B168oXR7noLZ_kQ6Fr384CdRbyhBujsFxD7Z7JB3VXLtQA8Vs3CM7DeBNCDTt4&_nc_ad=z-m&_nc_cid=0&_nc_zt=24&_nc_ht=scontent.cdninstagram.com&oh=00_Afr5vwp8YaFxkRouyzs_dGVngr_2mAHLNE50ud_s5MDnwg&oe=6965FC7A,Malu gak tuh jkw...,2024-08-22T15:44:29.000Z,0,1,https://www.instagram.com/p/C--PQAztTLO/c/18015819728448203
https://www.instagram.com/p/C--PQAztTLO/,dhilaanandaa,dhilaanandaa,fadhilaananda hrp,False,https://scontent.cdninstagram.com/v/t51.2885-19/345048754_921293838924666_3272924243487081795_n.jpg?stp=dst-jpg_e0_s150x150_tt6&_nc_cat=101&ig_cache_key=GLIGkRR6uwBw6UUDAEPFzz1Cw2stbkULAAAB1501500j-ccb7-5&ccb=7-5&_nc_sid=669407&efg=eyJ2ZW5jb2RlX3RhZyI6InByb2ZpbGVfcGljLnd3dy45NjAuQzMifQ%3D%3D&_nc_ohc=Qvzqkj5UFagQ7kNvwH_cQX0&_nc_oc=AdnI3iyQwPkgW5i1BEnO3naqfL_WcOJhZfeasjUoqSin6Yskl9wGe54xh-KTZNvFkmA&_nc_ad=z-m&_nc_cid=0&_nc_zt=24&_nc_ht=scontent.cdninstagram.com&oh=00_AfpgO4GmdOdmhwZRJJpsbY00gxyt00H4rLfAbh7hRKmQkg&oe=6965F726,Kegocek lagi ga nih?,2024-08-22T14:53:18.000Z,0,0,https://www.instagram.com/p/C--PQAztTLO/c/17961706274672177
https://www.instagram.com/p/C--PQAztTLO/,n0_0van,n0_0van,novan akmalazaki 🐓,False,https://scontent.cdninstagram.com/v/t51.82787-19/543584879_18419833378107790_4011276205602510679_n.jpg?stp=dst-jpg_e0_s150x150_tt6&_nc_cat=110&ig_cache_key=GG9yZiCO8VKpvXBBAFcX6tJ06qo3bmNDAQAB1501500j-ccb7-5&ccb=7-5&_nc_sid=669407&efg=eyJ2ZW5jb2RlX3RhZyI6InByb2ZpbGVfcGljLnd3dy4xMDgwLkMzIn0%3D&_nc_ohc=bq5ljWmNz-MQ7kNvwFR72lu&_nc_oc=AdmWrWOhb5V6ZeFhqBFbVx0J4p0wPGZXNFLIea8qU5B0t74GfEJs1AEFfY9Jxl9Oiow&_nc_ad=z-m&_nc_cid=0&_nc_zt=24&_nc_ht=scontent.cdninstagram.com&_nc_gid=tQ7v0vrknQhOW9yxy5t7vQ&oh=00_AfojA7hWIeEcOAEAT4yezhez7YU-JBQTN0w6morqWr8TAg&oe=6965E0F8,"Iyalah, daripada raja jawa dikudeta 🗿",2024-08-22T13:47:02.000Z,0,0,https://www.instagram.com/p/C--PQAztTLO/c/18042788212825244
https://www.instagram.com/p/C--PQAztTLO/,aswar_caprux86,aswar_caprux86,Aswar Mazda,False,https://scontent.cdninstagram.com/v/t51.82787-19/583122104_18074238566214326_2489135071850095981_n.jpg?stp=dst-jpg_e0_s150x150_tt6&_nc_cat=100&ig_cache_key=GLi8wSK2KlOZbDZAAG1ll_soL4sibmNDAQAB1501500j-ccb7-5&ccb=7-5&_nc_sid=669407&efg=eyJ2ZW5jb2RlX3RhZyI6InByb2ZpbGVfcGljLnd3dy4xMDgwLkMzIn0%3D&_nc_ohc=kcSQRhYLTDMQ7kNvwGBbGUS&_nc_oc=Adk7HG0z9jQeJEizwaBY2WIG9OijPLxoV-Wl2fZmjeo2nSTWjj53zN0mQlwYhVS8Gbs&_nc_ad=z-m&_nc_cid=0&_nc_zt=24&_nc_ht=scontent.cdninstagram.com&_nc_gid=tQ7v0vrknQhOW9yxy5t7vQ&oh=00_AfolPh6splFLmYwncdD34t6awf2SyfWRIMNnMUvzjq-5hw&oe=6965C876,"Hati hati banyak rencana busuk, para elit politik busuk",2024-08-22T13:32:01.000Z,0,0,https://www.instagram.com/p/C--PQAztTLO/c/18036950879031870
https://www.instagram.com/p/C--PQAztTLO/,arifgianpratama,arifgianpratama,Arif Gian Pratama,False,https://scontent.cdninstagram.com/v/t51.82787-19/584406829_18511677775071948_6543129293369757696_n.jpg?stp=dst-jpg_e0_s150x150_tt6&_nc_cat=111&ig_cache_key=GC1X1SLMyvrZRcRBAADQweJs3c1abmNDAQAB1501500j-ccb7-5&ccb=7-5&_nc_sid=669407&efg=eyJ2ZW5jb2RlX3RhZyI6InByb2ZpbGVfcGljLnd3dy4xMDgwLkMzIn0%3D&_nc_ohc=OtAQCUBK-S0Q7kNvwEurlxj&_nc_oc=AdmcJyZLIZmm2Jd3RByGNpNPnzmWH_8L3Khau2mzkxW287xqZrkyLmXPaOCG_d0bUcw&_nc_ad=z-m&_nc_cid=0&_nc_zt=24&_nc_ht=scontent.cdninstagram.com&_nc_gid=tQ7v0vrknQhOW9yxy5t7vQ&oh=00_Afr3pX6nFcl_vDnbvJCK2y-oDwscz-WDfg_37HkLETtCnQ&oe=6965E811,Ati ati bau bau ada sekema baru,2024-08-22T13:30:29.000Z,5,1,https://www.instagram.com/p/C--PQAztTLO/c/17979012488725964
https://www.instagram.com/p/C--PQAztTLO/,rafiif_804,rafiif_804,Aditya RA,False,https://scontent.cdninstagram.com/v/t51.82787-19/611255180_18547829140036116_6165355311812876543_n.jpg?stp=dst-jpg_e0_s150x150_tt6&_nc_cat=108&ig_cache_key=GIwDbyQUGj--JuVBAP_YrJr9vY9VbmNDAQAB1501500j-ccb7-5&ccb=7-5&_nc_sid=669407&efg=eyJ2ZW5jb2RlX3RhZyI6InByb2ZpbGVfcGljLnd3dy4xMDgwLkMzIn0%3D&_nc_ohc=twOaURphi_IQ7kNvwFrKyxB&_nc_oc=AdnY1mnAXIUNhdWfAnjCQSEPt17cfy3Yl1VNLm2gS3LJrvpsq62t-W19fFZ5xUWPpRM&_nc_ad=z-m&_nc_cid=0&_nc_zt=24&_nc_ht=scontent.cdninstagram.com&_nc_gid=tQ7v0vrknQhOW9yxy5t7vQ&oh=00_AfpSYX12yomCZezmdNQBHBgDa3f01RUz912JGY0jjDlyCQ&oe=6965E788,Jangan mudah percaya 🔥,2024-08-22T13:24:38.000Z,1,1,https://www.instagram.com/p/C--PQAztTLO/c/18040096955045095
https://www.instagram.com/p/C--PQAztTLO/,iskandarroesid,iskandarroesid,Iskandar Roesid,False,https://scontent.cdninstagram.com/v/t51.2885-19/358170093_1722592214879295_5775279766122777111_n.jpg?stp=dst-jpg_e0_s150x150_tt6&_nc_cat=103&ig_cache_key=GO09WRU-jA9BsB4GABfKPzpZ6iVQbkULAAAB1501500j-ccb7-5&ccb=7-5&_nc_sid=669407&efg=eyJ2ZW5jb2RlX3RhZyI6InByb2ZpbGVfcGljLnd3dy4xMDgwLkMzIn0%3D&_nc_ohc=-K9aTvzDMpYQ7kNvwGiehx-&_nc_oc=AdlMiXoD4JVVdi5FJUTE8fez8VAZxDw9Sqd_cojjzbT05bwD2lfjBO05a13noiEkWeA&_nc_ad=z-m&_nc_cid=0&_nc_zt=24&_nc_ht=scontent.cdninstagram.com&oh=00_AfqABD024H58AtxiE5FJf4d4BqMEDiBfUQPlXrR713y9iQ&oe=6965E1D1,Kawal terus.. jgn sampe kecolongan,2024-08-22T13:09:08.000Z,1,0,https://www.instagram.com/p/C--PQAztTLO/c/18008267207355454
https://www.instagram.com/p/C--PQAztTLO/,vrylada,vrylada,vryl,False,https://scontent.cdninstagram.com/v/t51.2885-19/19533774_1921912681427244_196136566404415488_a.jpg?stp=dst-jpg_e0_s150x150_tt6&_nc_cat=102&ig_cache_key=GM4PKgEscaoq_NMGAAAAAAAr0bgCYUULAAAB1501500j-ccb7-5&ccb=7-5&_nc_sid=669407&efg=eyJ2ZW5jb2RlX3RhZyI6InByb2ZpbGVfcGljLnd3dy4xMDgwLkMzIn0%3D&_nc_ohc=sePKA8dnW_8Q7kNvwFM-vFK&_nc_oc=AdlLu1XuRjLP-pCTl9noVRy1mAURV1XHubcL3HIxymi-2wLMeBOLx9zNEuhx2vBk_9M&_nc_ad=z-m&_nc_cid=0&_nc_zt=24&_nc_ht=scontent.cdninstagram.com&oh=00_Afo4_XNKXg3d3z__PjDxv_uQFKJh9zsGlY3iWOCJo4M7Ug&oe=6965CA7B,Sudah tau kan akibat klo dinasti dan kroni Jkw berkuasa...? Utk pilkada le depan BOIKOT Smua calon dukungan Kroni JKW 🔥,2024-08-22T12:54:39.000Z,8,0,https://www.instagram.com/p/C--PQAztTLO/c/18115602112385652
https://www.instagram.com/p/C--PQAztTLO/,calll_me_nda,calll_me_nda,Lembayung Senja,False,https://scontent.cdninstagram.com/v/t51.82787-19/532320944_18517339576032867_6306335826860981930_n.jpg?stp=dst-jpg_e0_s150x150_tt6&_nc_cat=103&ig_cache_key=GLCSuh9jXp0XbMlBAKo_XqoFm4RXbmNDAQAB1501500j-ccb7-5&ccb=7-5&_nc_sid=669407&efg=eyJ2ZW5jb2RlX3RhZyI6InByb2ZpbGVfcGljLnd3dy4xMDgwLkMzIn0%3D&_nc_ohc=_n-Q8nMG5yIQ7kNvwHpnpBC&_nc_oc=Adnqh4cGgFVwpSdJkgOQs57emA2vVOAAJ6xcWiYZ7aheT27CtT3abQmVQ7Wfnx8kzg0&_nc_ad=z-m&_nc_cid=0&_nc_zt=24&_nc_ht=scontent.cdninstagram.com&_nc_gid=tQ7v0vrknQhOW9yxy5t7vQ&oh=00_AfrzXjeVHfzDg6iCVEx_e4KuusDTL-Q4aaLAbTD6b822ZA&oe=6965E727,tetapkawal,2024-08-22T12:39:35.000Z,1,0,https://www.instagram.com/p/C--PQAztTLO/c/17896359888050322
https://www.instagram.com/reel/C-Ht30ki_V6/,rizaldy32001,rizaldy32001,Muhammad Rizaldy,False,https://scontent-arn2-1.cdninstagram.com/v/t51.2885-19/435093151_1320271506032674_6691303637162607083_n.jpg?stp=dst-jpg_e0_s150x150_tt6&_nc_cat=108&ig_cache_key=GJ-_7hkiyB_qx7AEAOtBW7k0SdxcbkULAAAB1501500j-ccb7-5&ccb=7-5&_nc_sid=669407&efg=eyJ2ZW5jb2RlX3RhZyI6InByb2ZpbGVfcGljLnd3dy41MDAuQzMifQ%3D%3D&_nc_ohc=KjGTkvIgRQcQ7kNvwGaxtq_&_nc_oc=AdlJfgDcswQMMX_BMquGHMMFnVcHyIxIf8q0Xb1sj3Yye-R8k9bfkbe_2YE2T_0KolM&_nc_ad=z-m&_nc_cid=0&_nc_zt=24&_nc_ht=scontent-arn2-1.cdninstagram.com&oh=00_AfrhYLdJ4eCo7q_z0sbAQErEY8zQrcJEYF76uaglUpMShQ&oe=6965CAC3,Tuk wilayah Provinsi kalimantan Timur,2024-08-03T08:03:18.000Z,0,0,https://www.instagram.com/p/C-Ht30ki_V6/c/18047810620855248
https://www.instagram.com/reel/C-Ht30ki_V6/,olshop.aqilah,olshop.aqilah,Ahmad Yusuf Hsb.SH,False,https://scontent-arn2-1.cdninstagram.com/v/t51.2885-19/468251783_1490040548299729_2828932760686222403_n.jpg?stp=dst-jpg_e0_s150x150_tt6&_nc_cat=105&ig_cache_key=GIf06BvRE5UZL0sFAEPcKoZbY0InbkULAAAB1501500j-ccb7-5&ccb=7-5&_nc_sid=669407&efg=eyJ2ZW5jb2RlX3RhZyI6InByb2ZpbGVfcGljLnd3dy4xMDgwLkMzIn0%3D&_nc_ohc=B41hw3XzaFUQ7kNvwENjpy7&_nc_oc=Adn2FlSa1CfexX58WSNoyPmJF1Dfq8_5ZY8sx88tA3MombAWCtidZ5fw43zPxJmFsw0&_nc_ad=z-m&_nc_cid=0&_nc_zt=24&_nc_ht=scontent-arn2-1.cdninstagram.com&oh=00_AfpTEBqKVnds78y2TUIvDrN2lf8ZfwfRWgXXmDxh1gfQlA&oe=6965DCC2,UP rekomendasi cakada labuhanbatu,2024-08-02T02:45:10.000Z,0,0,https://www.instagram.com/p/C-Ht30ki_V6/c/18324200542180420
https://www.instagram.com/reel/C-Ht30ki_V6/,wulanssr4,wulanssr4,Wulan Sari,False,https://scontent-arn2-1.cdninstagram.com/v/t51.2885-19/468732205_1000588368501130_1200139909774313054_n.jpg?stp=dst-jpg_e0_s150x150_tt6&_nc_cat=107&ig_cache_key=GC1J8BuKWUWiB44DAF4G3qrjwKcQbkULAAAB1501500j-ccb7-5&ccb=7-5&_nc_sid=669407&efg=eyJ2ZW5jb2RlX3RhZyI6InByb2ZpbGVfcGljLnd3dy4xMDgwLkMzIn0%3D&_nc_ohc=ti3ucvhgwYcQ7kNvwFo_k3Z&_nc_oc=AdlW2wx9_Y8y1hNqdHrsJek8-Jl99gx0o1YiUaq1GInAObQhDlNpgDtn8cTE-PurJ2c&_nc_ad=z-m&_nc_cid=0&_nc_zt=24&_nc_ht=scontent-arn2-1.cdninstagram.com&oh=00_AfpS1R6h3IqFazxaaoT7LZ_HWIkJAarAuebG96Mc7TcFhw&oe=6965C788,👏🙏,2024-08-01T13:08:40.000Z,1,0,https://www.instagram.com/p/C-Ht30ki_V6/c/18443064790030056
https://www.instagram.com/reel/C-Ht30ki_V6/,welson_80,welson_80,Bintang Motor Saranani,False,https://scontent-arn2-1.cdninstagram.com/v/t51.2885-19/360047976_946306759786794_4799935245236948761_n.jpg?stp=dst-jpg_e0_s150x150_tt6&_nc_cat=102&ig_cache_key=GGjldRUqAUQ2qVwDABnPOaWsy5xCbkULAAAB1501500j-ccb7-5&ccb=7-5&_nc_sid=669407&efg=eyJ2ZW5jb2RlX3RhZyI6InByb2ZpbGVfcGljLnd3dy41MjAuQzMifQ%3D%3D&_nc_ohc=DQnj96L6hWMQ7kNvwHiLFUi&_nc_oc=AdmdEgPg_5jDsFOQ76vqoTLj_WsavqV2NMQEV0KpaFwB5rk9HJzQBocKk_2t86LSpiQ&_nc_ad=z-m&_nc_cid=0&_nc_zt=24&_nc_ht=scontent-arn2-1.cdninstagram.com&oh=00_AfqPMxmcxN45-XGCQVFTDr6noARuzVWmUYopmTp3j_WvXw&oe=6965FA73,"Pak Mohon bantu brantas Mafia tanah di kota kendari sy welson korban nya pak,mafia tanah memakai sertifikat lain dan membangun di lahan ibu saya yg sangat jelas objek masing2 sertifikat berbeda memohon keadilan",2024-08-01T10:02:59.000Z,1,0,https://www.instagram.com/p/C-Ht30ki_V6/c/17939302358763713
https://www.instagram.com/reel/C-Ht30ki_V6/,ar.lan5822,ar.lan5822,arlan,False,https://scontent-arn2-1.cdninstagram.com/v/t51.2885-19/447624138_1182541249609531_1388772752477531044_n.jpg?stp=dst-jpg_e0_s150x150_tt6&_nc_cat=103&ig_cache_key=GMozrho7fx3XgzMEAKQrKtl16UUTbkULAAAB1501500j-ccb7-5&ccb=7-5&_nc_sid=669407&efg=eyJ2ZW5jb2RlX3RhZyI6InByb2ZpbGVfcGljLnd3dy4xMDgwLkMzIn0%3D&_nc_ohc=MYgw5j3WZqUQ7kNvwGh735p&_nc_oc=AdnMEkk41nH1278dOKmsL40O637KR2Pm3wLnJ7J4iMdPgjeLobedR5OBUZiB0WMvk-I&_nc_ad=z-m&_nc_cid=0&_nc_zt=24&_nc_ht=scontent-arn2-1.cdninstagram.com&oh=00_Afr8yNl4ZE1u_wSw9hqCjTYoTdbAm6QPofD3-a4_oYGYmQ&oe=6965D2C1,Kabupaten kolaka Sulawesi Tenggara kapan ya?? B1KWK nya,2024-08-01T08:35:41.000Z,1,0,https://www.instagram.com/p/C-Ht30ki_V6/c/17986448633535902
https://www.instagram.com/reel/C9Ob4wlyBe4/,pks_pangandaran,pks_pangandaran,PksPangandaran,False,https://scontent-lax3-1.cdninstagram.com/v/t51.82787-19/551070055_18052658063540844_4256345602088365591_n.jpg?stp=dst-jpg_e0_s150x150_tt6&_nc_cat=102&ig_cache_key=GGep2CBsAiH-yyJAABfuxSXGkxE7bmNDAQAB1501500j-ccb7-5&ccb=7-5&_nc_sid=669407&efg=eyJ2ZW5jb2RlX3RhZyI6InByb2ZpbGVfcGljLnd3dy44MjguQzMifQ%3D%3D&_nc_ohc=7ddL9Z13FLsQ7kNvwF5RgGw&_nc_oc=AdnA-tJ3bColENCIk8eicMYilNXRiFlD_nNPP3ZXkECkQTQDjFlTNf16ZcdJE0g0cuk&_nc_ad=z-m&_nc_cid=0&_nc_zt=24&_nc_ht=scontent-lax3-1.cdninstagram.com&_nc_gid=K-5_2zkuzJxlKt9YZT-cvw&oh=00_AfoN6sk4uil8YOXei6vYmT7CeZCAPHwLHi83OkZrQlIY8Q&oe=6965FAEF,Clear pak ketua 👏,2024-07-10T12:13:55.000Z,0,0,https://www.instagram.com/p/C9Ob4wlyBe4/c/18023844185213519
https://www.instagram.com/reel/C71XZYtp9Gq/,maryustiawan,maryustiawan,Beny Maryustiawan,False,https://scontent-lax3-2.cdninstagram.com/v/t51.2885-19/30591231_236604563556092_1996573460884619264_n.jpg?stp=dst-jpg_e0_s150x150_tt6&_nc_cat=107&ig_cache_key=GP-I0gH8hvbKMNcAAAAAAAD8QLUbbkULAAAB1501500j-ccb7-5&ccb=7-5&_nc_sid=669407&efg=eyJ2ZW5jb2RlX3RhZyI6InByb2ZpbGVfcGljLnd3dy4xMDgwLkMzIn0%3D&_nc_ohc=reg4Ulgbr1QQ7kNvwFTgxBX&_nc_oc=AdlRtw-yKxILnvDs7kbYecrzVtwsVoX2GcCrFbXWzozbSlHP8eKsiKQI_ri5Gzs97yY&_nc_ad=z-m&_nc_cid=0&_nc_zt=24&_nc_ht=scontent-lax3-2.cdninstagram.com&oh=00_AfpyfRQyqW5Ns85UYjy4ndXjLHaaBN9QUW_jshIjzTRhxg&oe=6965F48E,Ikon pilkada jatim apa ya?,2024-06-06T02:00:57.000Z,0,0,https://www.instagram.com/p/C71XZYtp9Gq/c/17865688965119163
https://www.instagram.com/reel/C71XZYtp9Gq/,maryustiawan,maryustiawan,Beny Maryustiawan,False,https://scontent-lax3-2.cdninstagram.com/v/t51.2885-19/30591231_236604563556092_1996573460884619264_n.jpg?stp=dst-jpg_e0_s150x150_tt6&_nc_cat=107&ig_cache_key=GP-I0gH8hvbKMNcAAAAAAAD8QLUbbkULAAAB1501500j-ccb7-5&ccb=7-5&_nc_sid=669407&efg=eyJ2ZW5jb2RlX3RhZyI6InByb2ZpbGVfcGljLnd3dy4xMDgwLkMzIn0%3D&_nc_ohc=reg4Ulgbr1QQ7kNvwFTgxBX&_nc_oc=AdlRtw-yKxILnvDs7kbYecrzVtwsVoX2GcCrFbXWzozbSlHP8eKsiKQI_ri5Gzs97yY&_nc_ad=z-m&_nc_cid=0&_nc_zt=24&_nc_ht=scontent-lax3-2.cdninstagram.com&oh=00_AfpyfRQyqW5Ns85UYjy4ndXjLHaaBN9QUW_jshIjzTRhxg&oe=6965F48E,Kpn ini jinggel.nya keluar😁😁,2024-06-06T02:00:41.000Z,0,0,https://www.instagram.com/p/C71XZYtp9Gq/c/17955456668665074
https://www.instagram.com/reel/C71XZYtp9Gq/,aiyu_junia,aiyu_junia,Aiyu JuNia,False,https://scontent-lax3-2.cdninstagram.com/v/t51.2885-19/324556178_668870371652142_5068877544214977082_n.jpg?stp=dst-jpg_e0_s150x150_tt6&_nc_cat=106&ig_cache_key=GJJVWBMuMueEVWACADpa4zhFRVhGbkULAAAB1501500j-ccb7-5&ccb=7-5&_nc_sid=669407&efg=eyJ2ZW5jb2RlX3RhZyI6InByb2ZpbGVfcGljLnd3dy43MjAuQzMifQ%3D%3D&_nc_ohc=EDJa-tkorgUQ7kNvwHfAtER&_nc_oc=AdnXdEFzbWeDEbB6SlXi4q0Yce-CX4yqk0GEYPswyMTiIK1orZlSE-XcqXYxCNDXPdc&_nc_ad=z-m&_nc_cid=0&_nc_zt=24&_nc_ht=scontent-lax3-2.cdninstagram.com&oh=00_AfqLdEAnhtBKmVtVyrFqT1IlNR0Nab6KGgnfGnd2mD9lLg&oe=6965E8B0,4 juni...? saiki 5 juni wisan,2024-06-05T14:43:01.000Z,0,1,https://www.instagram.com/p/C71XZYtp9Gq/c/17896161708002635
https://www.instagram.com/reel/C71XZYtp9Gq/,shintaratry9,shintaratry9,shintaratry,False,https://scontent-lax3-2.cdninstagram.com/v/t51.2885-19/245539320_478534646538613_1233418843520609184_n.jpg?stp=dst-jpg_e0_s150x150_tt6&_nc_cat=111&ig_cache_key=GPihog51oZ6HObMBAKCrUTvn_x0RbkULAAAB1501500j-ccb7-5&ccb=7-5&_nc_sid=669407&efg=eyJ2ZW5jb2RlX3RhZyI6InByb2ZpbGVfcGljLnd3dy45NjAuQzMifQ%3D%3D&_nc_ohc=7qsRd0EfiJYQ7kNvwEWlgV5&_nc_oc=Admv0U_oHxBy7Xn58wcwu48LaytvzDV9KxYATRT55r0FelksUOnvmHB4g7eTVti26U4&_nc_ad=z-m&_nc_cid=0&_nc_zt=24&_nc_ht=scontent-lax3-2.cdninstagram.com&oh=00_AfrRlpf4vP7fo_pO8m1WVmxYk2yrGsoRmLAwbC-NvbSbeA&oe=6965D92E,Siap minnn🔥❤️,2024-06-05T13:26:07.000Z,0,0,https://www.instagram.com/p/C71XZYtp9Gq/c/18045591097763641
